genome,score,completeness,contamination,strain_heterogeneity,size,N50,cluster,taxonomy,tax_confidence,cluster_members,closest_cluster_member,furthest_cluster_member,completeness_metric,contamination_metric
sample17_SemiBin_471.fa,38.60053012181591,NA,NA,NA,NA,NA,1_0,NA,NA,1,NA,NA,NA,NA
sample19_SemiBin_538.fa,68.41201548635972,NA,NA,NA,NA,NA,2_0,NA,NA,1,NA,NA,NA,NA
sample29_SemiBin_441.fa,78.20521736125316,NA,NA,NA,NA,NA,3_0,NA,NA,1,NA,NA,NA,NA
snj13_SemiBin_114.fa,60.82949614943131,NA,NA,NA,NA,NA,4_0,NA,NA,1,NA,NA,NA,NA
sample27_SemiBin_107.fa,56.226529587844745,NA,NA,NA,NA,NA,5_0,NA,NA,1,NA,NA,NA,NA
snj02_SemiBin_72.fa,55.29700563299097,NA,NA,NA,NA,NA,6_0,NA,NA,1,NA,NA,NA,NA
snj01_SemiBin_57.fa,66.81613809289142,NA,NA,NA,NA,NA,7_0,NA,NA,1,NA,NA,NA,NA
sample17_SemiBin_91.fa,67.42422665513737,NA,NA,NA,NA,NA,8_0,NA,NA,1,NA,NA,NA,NA
snj09_SemiBin_226.fa,51.18710136689186,NA,NA,NA,NA,NA,9_0,NA,NA,1,NA,NA,NA,NA
sample20_SemiBin_46.fa,97.4657163516336,NA,NA,NA,NA,NA,10_0,NA,NA,1,NA,NA,NA,NA
sample29_SemiBin_232.fa,52.6213187572527,NA,NA,NA,NA,NA,11_0,NA,NA,1,NA,NA,NA,NA
sample29_SemiBin_325.fa,61.262341147824834,NA,NA,NA,NA,NA,12_0,NA,NA,1,NA,NA,NA,NA
sample24_SemiBin_212.fa,80.6932095241858,NA,NA,NA,NA,NA,13_1,NA,NA,9,98.26,95.96,NA,NA
sample17_SemiBin_399.fa,50.42732308503418,NA,NA,NA,NA,NA,13_2,NA,NA,1,NA,NA,NA,NA
sample13_SemiBin_453.fa,36.0824261420381,NA,NA,NA,NA,NA,13_3,NA,NA,1,NA,NA,NA,NA
sample15_SemiBin_384.fa,71.26150020118254,NA,NA,NA,NA,NA,13_4,NA,NA,1,NA,NA,NA,NA
sample16_SemiBin_455.fa,50.55708237081812,NA,NA,NA,NA,NA,13_5,NA,NA,1,NA,NA,NA,NA
snj19_SemiBin_436.fa,50.0061933915931,NA,NA,NA,NA,NA,14_0,NA,NA,1,NA,NA,NA,NA
sample13_SemiBin_319.fa,99.3852362198036,NA,NA,NA,NA,NA,15_1,NA,NA,14,98.54,95.43,NA,NA
sample26_SemiBin_873.fa,12.457362540954152,NA,NA,NA,NA,NA,15_2,NA,NA,1,NA,NA,NA,NA
snj20_SemiBin_326.fa,52.10518755716608,NA,NA,NA,NA,NA,16_1,NA,NA,2,96.55,96.55,NA,NA
snj02_SemiBin_252.fa,49.90170864913551,NA,NA,NA,NA,NA,16_2,NA,NA,1,NA,NA,NA,NA
cpsnj01_SemiBin_275.fa,38.316050085266376,NA,NA,NA,NA,NA,16_3,NA,NA,1,NA,NA,NA,NA
cpsnj08_SemiBin_342.fa,27.70007757922573,NA,NA,NA,NA,NA,16_4,NA,NA,1,NA,NA,NA,NA
sample14_SemiBin_231.fa,71.02291072218678,NA,NA,NA,NA,NA,17_1,NA,NA,3,96.02,94.26,NA,NA
sample17_SemiBin_412.fa,57.27794353453056,NA,NA,NA,NA,NA,17_2,NA,NA,1,NA,NA,NA,NA
sample15_SemiBin_475.fa,41.32976331789366,NA,NA,NA,NA,NA,17_3,NA,NA,1,NA,NA,NA,NA
snj20_SemiBin_400.fa,34.88236959390519,NA,NA,NA,NA,NA,17_4,NA,NA,1,NA,NA,NA,NA
cpsnj11_SemiBin_345.fa,85.48013266257914,NA,NA,NA,NA,NA,18_1,NA,NA,2,98.68,98.68,NA,NA
sample24_SemiBin_240.fa,38.289193786134526,NA,NA,NA,NA,NA,19_0,NA,NA,1,NA,NA,NA,NA
snj03_SemiBin_301.fa,65.01353431323884,NA,NA,NA,NA,NA,20_0,NA,NA,1,NA,NA,NA,NA
sample19_SemiBin_382.fa,97.8505605966798,NA,NA,NA,NA,NA,21_1,NA,NA,3,98.24,97.94,NA,NA
sample17_SemiBin_602.fa,36.03693994173396,NA,NA,NA,NA,NA,22_0,NA,NA,1,NA,NA,NA,NA
sample17_SemiBin_607.fa,22.968742099202423,NA,NA,NA,NA,NA,23_0,NA,NA,1,NA,NA,NA,NA
sample17_SemiBin_955.fa,30.98156155251576,NA,NA,NA,NA,NA,24_0,NA,NA,1,NA,NA,NA,NA
sample29_SemiBin_540.fa,60.02889875254565,NA,NA,NA,NA,NA,25_0,NA,NA,1,NA,NA,NA,NA
sample17_SemiBin_328.fa,82.52514051933795,NA,NA,NA,NA,NA,26_1,NA,NA,3,97.92,97.36,NA,NA
sample17_SemiBin_436.fa,57.61115216128306,NA,NA,NA,NA,NA,27_0,NA,NA,1,NA,NA,NA,NA
sample17_SemiBin_714.fa,48.14829941390722,NA,NA,NA,NA,NA,28_0,NA,NA,1,NA,NA,NA,NA
snj20_SemiBin_274.fa,100.251694584153,NA,NA,NA,NA,NA,29_1,NA,NA,52,98.71,96.28,NA,NA
snj10_SemiBin_450.fa,18.61016600813048,NA,NA,NA,NA,NA,30_1,NA,NA,1,NA,NA,NA,NA
snj11_SemiBin_449.fa,46.229326575410354,NA,NA,NA,NA,NA,30_2,NA,NA,1,NA,NA,NA,NA
sample24_SemiBin_256.fa,68.25184170514295,NA,NA,NA,NA,NA,31_1,NA,NA,2,97.11,97.11,NA,NA
sample28_SemiBin_429.fa,30.04686787011047,NA,NA,NA,NA,NA,32_0,NA,NA,1,NA,NA,NA,NA
sample29_SemiBin_110.fa,52.58213414218221,NA,NA,NA,NA,NA,33_0,NA,NA,1,NA,NA,NA,NA
cpsnj01_SemiBin_0.fa,100.85709242099314,NA,NA,NA,NA,NA,34_0,NA,NA,1,NA,NA,NA,NA
cpsnj20_SemiBin_13.fa,88.78223053513886,NA,NA,NA,NA,NA,35_0,NA,NA,1,NA,NA,NA,NA
cpsnj02_SemiBin_17.fa,90.1589143735438,NA,NA,NA,NA,NA,36_1,NA,NA,3,97.40,96.19,NA,NA
snj04_SemiBin_118.fa,62.12984674660319,NA,NA,NA,NA,NA,37_0,NA,NA,1,NA,NA,NA,NA
snj08_SemiBin_188.fa,62.526222616793575,NA,NA,NA,NA,NA,38_0,NA,NA,1,NA,NA,NA,NA
cpsnj04_SemiBin_2.fa,100.8667819838872,NA,NA,NA,NA,NA,39_0,NA,NA,1,NA,NA,NA,NA
sample1_SemiBin_4.fa,101.3947959575768,NA,NA,NA,NA,NA,40_0,NA,NA,1,NA,NA,NA,NA
sample29_SemiBin_17.fa,94.0632869890119,NA,NA,NA,NA,NA,41_0,NA,NA,1,NA,NA,NA,NA
cpsnj10_SemiBin_174.fa,43.01600956035536,NA,NA,NA,NA,NA,42_0,NA,NA,1,NA,NA,NA,NA
sample18_SemiBin_164.fa,61.41852289184684,NA,NA,NA,NA,NA,43_0,NA,NA,1,NA,NA,NA,NA
snj15_SemiBin_67.fa,13.082634858326944,NA,NA,NA,NA,NA,44_0,NA,NA,1,NA,NA,NA,NA
snj01_SemiBin_28.fa,77.9170546674682,NA,NA,NA,NA,NA,45_0,NA,NA,1,NA,NA,NA,NA
sample6_SemiBin_114.fa,82.13205888175513,NA,NA,NA,NA,NA,46_1,NA,NA,7,98.35,96.25,NA,NA
sample22_SemiBin_118.fa,27.57947925922932,NA,NA,NA,NA,NA,46_2,NA,NA,1,NA,NA,NA,NA
sample15_SemiBin_69.fa,47.30734000698151,NA,NA,NA,NA,NA,46_3,NA,NA,1,NA,NA,NA,NA
snj20_SemiBin_14.fa,84.28889063946959,NA,NA,NA,NA,NA,47_1,NA,NA,7,96.24,95.12,NA,NA
snj08_SemiBin_247.fa,50.8325593825323,NA,NA,NA,NA,NA,47_2,NA,NA,1,NA,NA,NA,NA
cpsnj01_SemiBin_95.fa,43.35053461557565,NA,NA,NA,NA,NA,47_3,NA,NA,1,NA,NA,NA,NA
cpsnj03_SemiBin_75.fa,45.55956185924223,NA,NA,NA,NA,NA,47_4,NA,NA,1,NA,NA,NA,NA
cpsnj14_SemiBin_88.fa,45.2330570982799,NA,NA,NA,NA,NA,48_1,NA,NA,1,NA,NA,NA,NA
sample8_SemiBin_99.fa,41.59307173145972,NA,NA,NA,NA,NA,48_2,NA,NA,1,NA,NA,NA,NA
sample26_SemiBin_95.fa,63.05437671256209,NA,NA,NA,NA,NA,48_3,NA,NA,1,NA,NA,NA,NA
sample27_SemiBin_113.fa,62.89382714545318,NA,NA,NA,NA,NA,48_4,NA,NA,1,NA,NA,NA,NA
sample14_SemiBin_59.fa,22.861571589488594,NA,NA,NA,NA,NA,49_0,NA,NA,1,NA,NA,NA,NA
sample28_SemiBin_19.fa,52.31050588205746,NA,NA,NA,NA,NA,50_0,NA,NA,1,NA,NA,NA,NA
cpsnj11_SemiBin_78.fa,47.26289900453542,NA,NA,NA,NA,NA,51_1,NA,NA,2,95.19,95.19,NA,NA
snj13_SemiBin_63.fa,45.61930506789616,NA,NA,NA,NA,NA,51_2,NA,NA,1,NA,NA,NA,NA
cpsnj14_SemiBin_83.fa,38.90443779084692,NA,NA,NA,NA,NA,51_3,NA,NA,1,NA,NA,NA,NA
snj10_SemiBin_44.fa,46.25196117632929,NA,NA,NA,NA,NA,51_4,NA,NA,1,NA,NA,NA,NA
cpsnj10_SemiBin_238.fa,14.837366306022949,NA,NA,NA,NA,NA,51_5,NA,NA,1,NA,NA,NA,NA
snj08_SemiBin_55.fa,58.13456102373818,NA,NA,NA,NA,NA,51_6,NA,NA,1,NA,NA,NA,NA
snj15_SemiBin_39.fa,55.073105528268464,NA,NA,NA,NA,NA,51_7,NA,NA,1,NA,NA,NA,NA
sample21_SemiBin_29.fa,55.955250006798586,NA,NA,NA,NA,NA,51_8,NA,NA,1,NA,NA,NA,NA
sample25_SemiBin_33.fa,61.88659049893917,NA,NA,NA,NA,NA,51_9,NA,NA,1,NA,NA,NA,NA
sample1_SemiBin_57.fa,81.20922515923122,NA,NA,NA,NA,NA,51_10,NA,NA,1,NA,NA,NA,NA
sample22_SemiBin_51.fa,61.30316296335503,NA,NA,NA,NA,NA,51_11,NA,NA,1,NA,NA,NA,NA
sample27_SemiBin_59.fa,65.42673277976151,NA,NA,NA,NA,NA,51_12,NA,NA,1,NA,NA,NA,NA
sample5_SemiBin_37.fa,83.00309453933366,NA,NA,NA,NA,NA,51_13,NA,NA,5,96.33,95.09,NA,NA
sample16_SemiBin_52.fa,69.41297919203588,NA,NA,NA,NA,NA,51_14,NA,NA,1,NA,NA,NA,NA
sample15_SemiBin_22.fa,73.43376536714042,NA,NA,NA,NA,NA,51_15,NA,NA,1,NA,NA,NA,NA
sample23_SemiBin_56.fa,54.98926559340574,NA,NA,NA,NA,NA,51_16,NA,NA,1,NA,NA,NA,NA
sample12_SemiBin_19.fa,63.73204661086975,NA,NA,NA,NA,NA,51_17,NA,NA,1,NA,NA,NA,NA
sample14_SemiBin_63.fa,49.7252154903663,NA,NA,NA,NA,NA,51_18,NA,NA,1,NA,NA,NA,NA
sample8_SemiBin_49.fa,44.56176272893453,NA,NA,NA,NA,NA,51_19,NA,NA,1,NA,NA,NA,NA
sample26_SemiBin_32.fa,48.74367240442792,NA,NA,NA,NA,NA,51_20,NA,NA,1,NA,NA,NA,NA
sample4_SemiBin_60.fa,44.74932149823311,NA,NA,NA,NA,NA,51_21,NA,NA,1,NA,NA,NA,NA
sample3_SemiBin_44.fa,52.01220147331559,NA,NA,NA,NA,NA,51_22,NA,NA,1,NA,NA,NA,NA
sample28_SemiBin_8.fa,74.7154666275924,NA,NA,NA,NA,NA,51_23,NA,NA,3,96.05,95.79,NA,NA
cpsnj04_SemiBin_96.fa,60.159766062943056,NA,NA,NA,NA,NA,51_24,NA,NA,1,NA,NA,NA,NA
cpsnj13_SemiBin_16.fa,59.52693777974998,NA,NA,NA,NA,NA,51_25,NA,NA,1,NA,NA,NA,NA
sample18_SemiBin_123.fa,53.5322742204497,NA,NA,NA,NA,NA,51_26,NA,NA,1,NA,NA,NA,NA
cpsnj08_SemiBin_146.fa,48.74368423545763,NA,NA,NA,NA,NA,51_27,NA,NA,1,NA,NA,NA,NA
snj16_SemiBin_17.fa,52.89144371324092,NA,NA,NA,NA,NA,51_28,NA,NA,1,NA,NA,NA,NA
snj19_SemiBin_41.fa,65.55256556179107,NA,NA,NA,NA,NA,51_29,NA,NA,1,NA,NA,NA,NA
cpsnj16_SemiBin_41.fa,69.60240204589387,NA,NA,NA,NA,NA,51_30,NA,NA,1,NA,NA,NA,NA
sample13_SemiBin_100.fa,48.26886716294712,NA,NA,NA,NA,NA,51_31,NA,NA,1,NA,NA,NA,NA
sample30_SemiBin_6.fa,56.72242056444428,NA,NA,NA,NA,NA,51_32,NA,NA,1,NA,NA,NA,NA
cpsnj15_SemiBin_81.fa,46.56357415439771,NA,NA,NA,NA,NA,51_33,NA,NA,1,NA,NA,NA,NA
cpsnj09_SemiBin_139.fa,42.24433137446032,NA,NA,NA,NA,NA,51_34,NA,NA,1,NA,NA,NA,NA
cpsnj03_SemiBin_114.fa,42.26515901223514,NA,NA,NA,NA,NA,51_35,NA,NA,1,NA,NA,NA,NA
sample19_SemiBin_131.fa,43.33920936707513,NA,NA,NA,NA,NA,51_36,NA,NA,1,NA,NA,NA,NA
sample8_SemiBin_1898.fa,14.553258718707324,NA,NA,NA,NA,NA,52_0,NA,NA,1,NA,NA,NA,NA
sample8_SemiBin_259.fa,50.80081405199376,NA,NA,NA,NA,NA,53_0,NA,NA,1,NA,NA,NA,NA
cpsnj20_SemiBin_89.fa,48.784428153008726,NA,NA,NA,NA,NA,54_0,NA,NA,1,NA,NA,NA,NA
sample30_SemiBin_54.fa,56.64707996076955,NA,NA,NA,NA,NA,55_0,NA,NA,1,NA,NA,NA,NA
cpsnj01_SemiBin_1.fa,100.5258278668835,NA,NA,NA,NA,NA,56_1,NA,NA,2,98.19,98.19,NA,NA
snj01_SemiBin_48.fa,68.50348711596797,NA,NA,NA,NA,NA,57_1,NA,NA,2,96.68,96.68,NA,NA
sample29_SemiBin_123.fa,70.9439694183486,NA,NA,NA,NA,NA,58_0,NA,NA,1,NA,NA,NA,NA
sample29_SemiBin_49.fa,69.42391178972497,NA,NA,NA,NA,NA,59_0,NA,NA,1,NA,NA,NA,NA
sample19_SemiBin_129.fa,41.419845243245504,NA,NA,NA,NA,NA,60_0,NA,NA,1,NA,NA,NA,NA
snj13_SemiBin_50.fa,56.352324475454736,NA,NA,NA,NA,NA,61_0,NA,NA,1,NA,NA,NA,NA
snj09_SemiBin_38.fa,77.18123852646347,NA,NA,NA,NA,NA,62_1,NA,NA,3,97.38,97.17,NA,NA
sample17_SemiBin_88.fa,47.25956223552747,NA,NA,NA,NA,NA,63_0,NA,NA,1,NA,NA,NA,NA
sample13_SemiBin_140.fa,48.75950399188414,NA,NA,NA,NA,NA,64_0,NA,NA,1,NA,NA,NA,NA
sample19_SemiBin_198.fa,43.27264913162343,NA,NA,NA,NA,NA,65_0,NA,NA,1,NA,NA,NA,NA
cpsnj10_SemiBin_33.fa,72.54183172460527,NA,NA,NA,NA,NA,66_0,NA,NA,1,NA,NA,NA,NA
snj01_SemiBin_13.fa,70.85095666660868,NA,NA,NA,NA,NA,67_1,NA,NA,1,NA,NA,NA,NA
snj16_SemiBin_36.fa,72.10588643017103,NA,NA,NA,NA,NA,67_2,NA,NA,1,NA,NA,NA,NA
snj20_SemiBin_42.fa,64.43568364246741,NA,NA,NA,NA,NA,67_3,NA,NA,1,NA,NA,NA,NA
snj01_SemiBin_17.fa,95.220378095621,NA,NA,NA,NA,NA,68_1,NA,NA,3,98.26,97.88,NA,NA
sample23_SemiBin_61.fa,46.594455720660925,NA,NA,NA,NA,NA,68_2,NA,NA,1,NA,NA,NA,NA
snj16_SemiBin_1.fa,90.20242589007788,NA,NA,NA,NA,NA,69_1,NA,NA,2,97.24,97.24,NA,NA
snj01_SemiBin_72.fa,66.72004346064996,NA,NA,NA,NA,NA,70_0,NA,NA,1,NA,NA,NA,NA
cpsnj02_SemiBin_159.fa,42.31259460205165,NA,NA,NA,NA,NA,71_1,NA,NA,1,NA,NA,NA,NA
snj02_SemiBin_61.fa,42.01171476215619,NA,NA,NA,NA,NA,71_2,NA,NA,1,NA,NA,NA,NA
snj01_SemiBin_66.fa,53.77936864984645,NA,NA,NA,NA,NA,72_0,NA,NA,1,NA,NA,NA,NA
sample27_SemiBin_0.fa,96.87299458897878,NA,NA,NA,NA,NA,73_0,NA,NA,1,NA,NA,NA,NA
sample27_SemiBin_33.fa,67.55443786520144,NA,NA,NA,NA,NA,74_0,NA,NA,1,NA,NA,NA,NA
snj03_SemiBin_61.fa,79.54919613250908,NA,NA,NA,NA,NA,75_1,NA,NA,3,97.21,96.42,NA,NA
snj01_SemiBin_109.fa,36.56792720402135,NA,NA,NA,NA,NA,76_0,NA,NA,1,NA,NA,NA,NA
snj04_SemiBin_0.fa,102.35554768571951,NA,NA,NA,NA,NA,77_0,NA,NA,1,NA,NA,NA,NA
sample18_SemiBin_319.fa,48.66707299441477,NA,NA,NA,NA,NA,78_0,NA,NA,1,NA,NA,NA,NA
snj19_SemiBin_93.fa,59.48078791866346,NA,NA,NA,NA,NA,79_1,NA,NA,4,96.00,95.70,NA,NA
sample23_SemiBin_54.fa,78.76435520856616,NA,NA,NA,NA,NA,80_0,NA,NA,1,NA,NA,NA,NA
snj20_SemiBin_155.fa,48.07216514339824,NA,NA,NA,NA,NA,81_0,NA,NA,1,NA,NA,NA,NA
snj09_SemiBin_179.fa,48.04382720618779,NA,NA,NA,NA,NA,82_1,NA,NA,1,NA,NA,NA,NA
snj13_SemiBin_18.fa,89.12585789143874,NA,NA,NA,NA,NA,82_2,NA,NA,1,NA,NA,NA,NA
snj10_SemiBin_80.fa,47.96344671074556,NA,NA,NA,NA,NA,82_3,NA,NA,1,NA,NA,NA,NA
sample23_SemiBin_85.fa,70.92796436659171,NA,NA,NA,NA,NA,82_4,NA,NA,1,NA,NA,NA,NA
snj09_SemiBin_189.fa,54.24558587301987,NA,NA,NA,NA,NA,83_0,NA,NA,1,NA,NA,NA,NA
snj19_SemiBin_137.fa,53.85782776261577,NA,NA,NA,NA,NA,84_0,NA,NA,1,NA,NA,NA,NA
cpsnj10_SemiBin_43.fa,92.88121898535655,NA,NA,NA,NA,NA,85_1,NA,NA,3,97.63,97.42,NA,NA
snj08_SemiBin_146.fa,39.27327721235538,NA,NA,NA,NA,NA,86_0,NA,NA,1,NA,NA,NA,NA
cpsnj02_SemiBin_61.fa,51.63719349503187,NA,NA,NA,NA,NA,87_0,NA,NA,1,NA,NA,NA,NA
snj20_SemiBin_26.fa,81.4637479821409,NA,NA,NA,NA,NA,88_0,NA,NA,1,NA,NA,NA,NA
sample21_SemiBin_50.fa,80.93171980699549,NA,NA,NA,NA,NA,89_1,NA,NA,2,95.20,95.20,NA,NA
cpsnj04_SemiBin_63.fa,65.55857684901808,NA,NA,NA,NA,NA,90_1,NA,NA,1,NA,NA,NA,NA
snj01_SemiBin_71.fa,69.45269140680392,NA,NA,NA,NA,NA,90_2,NA,NA,1,NA,NA,NA,NA
sample19_SemiBin_313.fa,26.515197462905554,NA,NA,NA,NA,NA,91_0,NA,NA,1,NA,NA,NA,NA
sample30_SemiBin_29.fa,28.140377673412907,NA,NA,NA,NA,NA,92_0,NA,NA,1,NA,NA,NA,NA
sample6_SemiBin_95.fa,48.05730695682012,NA,NA,NA,NA,NA,93_0,NA,NA,1,NA,NA,NA,NA
snj01_SemiBin_51.fa,78.00501540202085,NA,NA,NA,NA,NA,94_1,NA,NA,1,NA,NA,NA,NA
snj13_SemiBin_95.fa,73.11347409191674,NA,NA,NA,NA,NA,94_2,NA,NA,1,NA,NA,NA,NA
snj08_SemiBin_14.fa,86.3865604406561,NA,NA,NA,NA,NA,94_3,NA,NA,3,96.07,95.83,NA,NA
snj10_SemiBin_96.fa,41.40534225366261,NA,NA,NA,NA,NA,94_4,NA,NA,1,NA,NA,NA,NA
sample23_SemiBin_90.fa,22.842537316387467,NA,NA,NA,NA,NA,95_0,NA,NA,1,NA,NA,NA,NA
snj01_SemiBin_25.fa,63.10684306950462,NA,NA,NA,NA,NA,96_0,NA,NA,1,NA,NA,NA,NA
snj11_SemiBin_56.fa,77.28022187521981,NA,NA,NA,NA,NA,97_1,NA,NA,7,97.58,95.65,NA,NA
snj01_SemiBin_148.fa,55.495473081223466,NA,NA,NA,NA,NA,98_0,NA,NA,1,NA,NA,NA,NA
cpsnj04_SemiBin_110.fa,35.72970828851415,NA,NA,NA,NA,NA,99_0,NA,NA,1,NA,NA,NA,NA
snj09_SemiBin_86.fa,62.6270126537064,NA,NA,NA,NA,NA,100_0,NA,NA,1,NA,NA,NA,NA
snj09_SemiBin_57.fa,68.27252146703175,NA,NA,NA,NA,NA,101_0,NA,NA,1,NA,NA,NA,NA
snj09_SemiBin_78.fa,48.86242768623663,NA,NA,NA,NA,NA,102_0,NA,NA,1,NA,NA,NA,NA
sample4_SemiBin_73.fa,72.08616919977881,NA,NA,NA,NA,NA,103_1,NA,NA,3,97.32,96.68,NA,NA
snj20_SemiBin_4.fa,100.26052548472968,NA,NA,NA,NA,NA,104_1,NA,NA,9,98.44,96.85,NA,NA
snj08_SemiBin_70.fa,61.76586654897691,NA,NA,NA,NA,NA,104_2,NA,NA,1,NA,NA,NA,NA
snj01_SemiBin_2.fa,101.5298146438694,NA,NA,NA,NA,NA,105_0,NA,NA,1,NA,NA,NA,NA
snj01_SemiBin_3.fa,97.80677364782254,NA,NA,NA,NA,NA,106_0,NA,NA,1,NA,NA,NA,NA
sample4_SemiBin_17.fa,89.80417969955793,NA,NA,NA,NA,NA,107_1,NA,NA,4,97.33,96.97,NA,NA
sample10_SemiBin_309.fa,15.5522331940101,NA,NA,NA,NA,NA,107_2,NA,NA,1,NA,NA,NA,NA
cpsnj11_SemiBin_35.fa,94.0102295773505,NA,NA,NA,NA,NA,108_1,NA,NA,2,98.99,98.99,NA,NA
sample14_SemiBin_57.fa,71.87870748499708,NA,NA,NA,NA,NA,108_2,NA,NA,1,NA,NA,NA,NA
sample28_SemiBin_32.fa,60.73794724536882,NA,NA,NA,NA,NA,109_0,NA,NA,1,NA,NA,NA,NA
sample11_SemiBin_5.fa,98.1231733982969,NA,NA,NA,NA,NA,110_1,NA,NA,7,98.76,96.49,NA,NA
sample5_SemiBin_16.fa,99.57103755258106,NA,NA,NA,NA,NA,111_1,NA,NA,10,99.19,96.18,NA,NA
sample14_SemiBin_73.fa,25.771279337258925,NA,NA,NA,NA,NA,111_2,NA,NA,1,NA,NA,NA,NA
cpsnj09_SemiBin_126.fa,67.07768928776592,NA,NA,NA,NA,NA,112_0,NA,NA,1,NA,NA,NA,NA
snj20_SemiBin_2.fa,102.83538004237752,NA,NA,NA,NA,NA,113_1,NA,NA,6,98.13,96.77,NA,NA
cpsnj01_SemiBin_399.fa,34.479125957491874,NA,NA,NA,NA,NA,113_2,NA,NA,1,NA,NA,NA,NA
snj16_SemiBin_42.fa,67.34224735957044,NA,NA,NA,NA,NA,114_0,NA,NA,1,NA,NA,NA,NA
cpsnj01_SemiBin_6.fa,68.74413714831361,NA,NA,NA,NA,NA,115_1,NA,NA,2,97.60,97.60,NA,NA
snj20_SemiBin_108.fa,35.841604634824925,NA,NA,NA,NA,NA,116_0,NA,NA,1,NA,NA,NA,NA
cpsnj04_SemiBin_189.fa,56.63874796229963,NA,NA,NA,NA,NA,117_1,NA,NA,2,98.14,98.14,NA,NA
snj19_SemiBin_69.fa,65.71404820914304,NA,NA,NA,NA,NA,118_1,NA,NA,3,98.44,97.02,NA,NA
snj11_SemiBin_106.fa,46.45832404408287,NA,NA,NA,NA,NA,118_2,NA,NA,1,NA,NA,NA,NA
cpsnj09_SemiBin_59.fa,72.52976762752819,NA,NA,NA,NA,NA,119_1,NA,NA,3,99.08,98.38,NA,NA
snj08_SemiBin_15.fa,75.7614996506788,NA,NA,NA,NA,NA,119_2,NA,NA,3,97.80,96.83,NA,NA
sample4_SemiBin_14.fa,97.85853669085154,NA,NA,NA,NA,NA,119_3,NA,NA,6,97.90,95.11,NA,NA
sample18_SemiBin_355.fa,52.28225785844253,NA,NA,NA,NA,NA,119_4,NA,NA,1,NA,NA,NA,NA
sample22_SemiBin_33.fa,79.09487080040621,NA,NA,NA,NA,NA,120_1,NA,NA,2,95.95,95.95,NA,NA
sample25_SemiBin_90.fa,47.32042521542889,NA,NA,NA,NA,NA,120_2,NA,NA,1,NA,NA,NA,NA
cpsnj03_SemiBin_135.fa,65.41166041759186,NA,NA,NA,NA,NA,120_3,NA,NA,3,96.60,96.44,NA,NA
sample6_SemiBin_46.fa,55.35962277076591,NA,NA,NA,NA,NA,120_4,NA,NA,1,NA,NA,NA,NA
sample15_SemiBin_132.fa,39.25857960723141,NA,NA,NA,NA,NA,120_5,NA,NA,1,NA,NA,NA,NA
sample24_SemiBin_70.fa,34.18566587220053,NA,NA,NA,NA,NA,120_6,NA,NA,1,NA,NA,NA,NA
sample10_SemiBin_230.fa,10.56656814413932,NA,NA,NA,NA,NA,121_0,NA,NA,1,NA,NA,NA,NA
sample4_SemiBin_125.fa,36.36574536291968,NA,NA,NA,NA,NA,122_1,NA,NA,1,NA,NA,NA,NA
sample8_SemiBin_186.fa,37.52496176754221,NA,NA,NA,NA,NA,122_2,NA,NA,1,NA,NA,NA,NA
snj11_SemiBin_100.fa,46.11705354578651,NA,NA,NA,NA,NA,123_0,NA,NA,1,NA,NA,NA,NA
snj14_SemiBin_92.fa,57.75868307963351,NA,NA,NA,NA,NA,124_1,NA,NA,3,96.75,95.72,NA,NA
sample13_SemiBin_20.fa,95.26319364706326,NA,NA,NA,NA,NA,125_0,NA,NA,1,NA,NA,NA,NA
snj02_SemiBin_84.fa,27.545395346857585,NA,NA,NA,NA,NA,126_0,NA,NA,1,NA,NA,NA,NA
sample18_SemiBin_21.fa,102.35538117071198,NA,NA,NA,NA,NA,127_1,NA,NA,4,97.49,95.95,NA,NA
sample23_SemiBin_140.fa,50.8852452131425,NA,NA,NA,NA,NA,128_0,NA,NA,1,NA,NA,NA,NA
sample19_SemiBin_157.fa,52.02720859690232,NA,NA,NA,NA,NA,129_0,NA,NA,1,NA,NA,NA,NA
snj13_SemiBin_56.fa,75.28267248790112,NA,NA,NA,NA,NA,130_0,NA,NA,1,NA,NA,NA,NA
cpsnj01_SemiBin_43.fa,49.38606848908506,NA,NA,NA,NA,NA,131_0,NA,NA,1,NA,NA,NA,NA
snj04_SemiBin_8.fa,84.04017500926776,NA,NA,NA,NA,NA,132_1,NA,NA,3,95.97,95.77,NA,NA
cpsnj09_SemiBin_15.fa,96.98965014078809,NA,NA,NA,NA,NA,132_2,NA,NA,5,98.16,97.02,NA,NA
snj20_SemiBin_178.fa,52.782913808499856,NA,NA,NA,NA,NA,132_3,NA,NA,2,95.38,95.38,NA,NA
snj02_SemiBin_34.fa,54.47196242571594,NA,NA,NA,NA,NA,132_4,NA,NA,1,NA,NA,NA,NA
cpsnj13_SemiBin_156.fa,40.41579884122015,NA,NA,NA,NA,NA,132_5,NA,NA,1,NA,NA,NA,NA
cpsnj15_SemiBin_44.fa,48.49664018857109,NA,NA,NA,NA,NA,132_6,NA,NA,1,NA,NA,NA,NA
snj19_SemiBin_103.fa,46.11520466816688,NA,NA,NA,NA,NA,132_7,NA,NA,1,NA,NA,NA,NA
sample6_SemiBin_123.fa,41.57591773169033,NA,NA,NA,NA,NA,133_0,NA,NA,1,NA,NA,NA,NA
snj08_SemiBin_4.fa,102.8122885042649,NA,NA,NA,NA,NA,134_1,NA,NA,6,98.22,95.59,NA,NA
cpsnj14_SemiBin_1136.fa,15.038528932975602,NA,NA,NA,NA,NA,134_2,NA,NA,1,NA,NA,NA,NA
sample1_SemiBin_40.fa,93.355337340354,NA,NA,NA,NA,NA,135_1,NA,NA,6,99.12,97.01,NA,NA
sample7_SemiBin_138.fa,48.296146387262304,NA,NA,NA,NA,NA,135_2,NA,NA,1,NA,NA,NA,NA
sample18_SemiBin_296.fa,38.11918687009802,NA,NA,NA,NA,NA,136_1,NA,NA,1,NA,NA,NA,NA
sample8_SemiBin_557.fa,10.466925802504097,NA,NA,NA,NA,NA,136_2,NA,NA,1,NA,NA,NA,NA
sample14_SemiBin_35.fa,36.3848585114293,NA,NA,NA,NA,NA,137_1,NA,NA,1,NA,NA,NA,NA
sample21_SemiBin_79.fa,49.93439600512917,NA,NA,NA,NA,NA,137_2,NA,NA,1,NA,NA,NA,NA
snj13_SemiBin_75.fa,52.92438535069415,NA,NA,NA,NA,NA,138_1,NA,NA,1,NA,NA,NA,NA
snj14_SemiBin_87.fa,50.11040364322362,NA,NA,NA,NA,NA,138_2,NA,NA,1,NA,NA,NA,NA
snj08_SemiBin_186.fa,31.26157527431345,NA,NA,NA,NA,NA,138_3,NA,NA,1,NA,NA,NA,NA
sample27_SemiBin_70.fa,40.53085472886571,NA,NA,NA,NA,NA,139_0,NA,NA,1,NA,NA,NA,NA
sample23_SemiBin_200.fa,46.2806449310554,NA,NA,NA,NA,NA,140_0,NA,NA,1,NA,NA,NA,NA
sample29_SemiBin_416.fa,65.26224416653652,NA,NA,NA,NA,NA,141_0,NA,NA,1,NA,NA,NA,NA
sample30_SemiBin_16.fa,98.92357947933752,NA,NA,NA,NA,NA,142_0,NA,NA,1,NA,NA,NA,NA
sample29_SemiBin_90.fa,84.82389043410268,NA,NA,NA,NA,NA,143_0,NA,NA,1,NA,NA,NA,NA
cpsnj10_SemiBin_21.fa,89.31362495142811,NA,NA,NA,NA,NA,144_0,NA,NA,1,NA,NA,NA,NA
snj13_SemiBin_24.fa,74.96243956431965,NA,NA,NA,NA,NA,145_0,NA,NA,1,NA,NA,NA,NA
cpsnj09_SemiBin_264.fa,54.74546191543943,NA,NA,NA,NA,NA,146_0,NA,NA,1,NA,NA,NA,NA
sample27_SemiBin_19.fa,67.63663689249758,NA,NA,NA,NA,NA,147_0,NA,NA,1,NA,NA,NA,NA
snj02_SemiBin_9.fa,97.96912813461203,NA,NA,NA,NA,NA,148_1,NA,NA,2,97.70,97.70,NA,NA
cpsnj08_SemiBin_30.fa,70.99367023269699,NA,NA,NA,NA,NA,149_1,NA,NA,4,98.20,97.37,NA,NA
cpsnj14_SemiBin_104.fa,31.116441343569992,NA,NA,NA,NA,NA,149_2,NA,NA,1,NA,NA,NA,NA
sample20_SemiBin_205.fa,70.72569285881956,NA,NA,NA,NA,NA,149_3,NA,NA,1,NA,NA,NA,NA
cpsnj10_SemiBin_105.fa,74.30647713713263,NA,NA,NA,NA,NA,150_0,NA,NA,1,NA,NA,NA,NA
sample13_SemiBin_13.fa,86.7129916998099,NA,NA,NA,NA,NA,151_1,NA,NA,6,97.45,96.38,NA,NA
sample16_SemiBin_173.fa,44.17703437844687,NA,NA,NA,NA,NA,151_2,NA,NA,1,NA,NA,NA,NA
snj19_SemiBin_20.fa,95.01332655290946,NA,NA,NA,NA,NA,151_3,NA,NA,3,97.94,97.64,NA,NA
sample8_SemiBin_29.fa,88.48259000220463,NA,NA,NA,NA,NA,151_4,NA,NA,3,96.55,96.52,NA,NA
sample20_SemiBin_83.fa,73.89739975641066,NA,NA,NA,NA,NA,151_5,NA,NA,1,NA,NA,NA,NA
sample18_SemiBin_113.fa,65.23992535498509,NA,NA,NA,NA,NA,151_6,NA,NA,1,NA,NA,NA,NA
sample27_SemiBin_51.fa,53.90781878171752,NA,NA,NA,NA,NA,152_0,NA,NA,1,NA,NA,NA,NA
snj13_SemiBin_2093.fa,11.39716784718605,NA,NA,NA,NA,NA,153_0,NA,NA,1,NA,NA,NA,NA
snj15_SemiBin_41.fa,29.145318772669874,NA,NA,NA,NA,NA,154_0,NA,NA,1,NA,NA,NA,NA
snj08_SemiBin_67.fa,60.0068885703974,NA,NA,NA,NA,NA,155_0,NA,NA,1,NA,NA,NA,NA
snj02_SemiBin_11.fa,102.00979657551107,NA,NA,NA,NA,NA,156_0,NA,NA,1,NA,NA,NA,NA
sample19_SemiBin_186.fa,63.468681555417376,NA,NA,NA,NA,NA,157_0,NA,NA,1,NA,NA,NA,NA
snj01_SemiBin_410.fa,53.23548673967822,NA,NA,NA,NA,NA,158_0,NA,NA,1,NA,NA,NA,NA
snj20_SemiBin_68.fa,53.86511400774954,NA,NA,NA,NA,NA,159_0,NA,NA,1,NA,NA,NA,NA
snj01_SemiBin_1368.fa,19.835794447764,NA,NA,NA,NA,NA,160_0,NA,NA,1,NA,NA,NA,NA
snj04_SemiBin_47.fa,85.1336891437739,NA,NA,NA,NA,NA,161_0,NA,NA,1,NA,NA,NA,NA
snj16_SemiBin_79.fa,34.1417969988691,NA,NA,NA,NA,NA,162_0,NA,NA,1,NA,NA,NA,NA
snj04_SemiBin_120.fa,29.154774196501734,NA,NA,NA,NA,NA,163_0,NA,NA,1,NA,NA,NA,NA
snj02_SemiBin_18.fa,95.82525471642148,NA,NA,NA,NA,NA,164_0,NA,NA,1,NA,NA,NA,NA
sample24_SemiBin_22.fa,82.35218355411256,NA,NA,NA,NA,NA,165_0,NA,NA,1,NA,NA,NA,NA
sample25_SemiBin_42.fa,97.24490270433388,NA,NA,NA,NA,NA,166_0,NA,NA,1,NA,NA,NA,NA
sample9_SemiBin_66.fa,93.47385470133784,NA,NA,NA,NA,NA,167_0,NA,NA,1,NA,NA,NA,NA
cpsnj20_SemiBin_73.fa,81.73598808179393,NA,NA,NA,NA,NA,168_0,NA,NA,1,NA,NA,NA,NA
sample19_SemiBin_70.fa,93.91486567745946,NA,NA,NA,NA,NA,169_0,NA,NA,1,NA,NA,NA,NA
snj20_SemiBin_94.fa,64.22126311775766,NA,NA,NA,NA,NA,170_1,NA,NA,2,97.29,97.29,NA,NA
sample2_SemiBin_26.fa,88.1127649222997,NA,NA,NA,NA,NA,171_1,NA,NA,2,96.73,96.73,NA,NA
sample1_SemiBin_237.fa,53.59377062851428,NA,NA,NA,NA,NA,172_0,NA,NA,1,NA,NA,NA,NA
sample1_SemiBin_86.fa,96.57392734784834,NA,NA,NA,NA,NA,173_0,NA,NA,1,NA,NA,NA,NA
snj08_SemiBin_65.fa,92.73234453515698,NA,NA,NA,NA,NA,174_0,NA,NA,1,NA,NA,NA,NA
cpsnj20_SemiBin_75.fa,84.90544771939834,NA,NA,NA,NA,NA,175_0,NA,NA,1,NA,NA,NA,NA
cpsnj20_SemiBin_92.fa,65.72424280772137,NA,NA,NA,NA,NA,176_0,NA,NA,1,NA,NA,NA,NA
cpsnj20_SemiBin_38.fa,92.79144469504004,NA,NA,NA,NA,NA,177_0,NA,NA,1,NA,NA,NA,NA
sample24_SemiBin_40.fa,70.49102474998628,NA,NA,NA,NA,NA,178_0,NA,NA,1,NA,NA,NA,NA
sample11_SemiBin_15.fa,97.9240476549558,NA,NA,NA,NA,NA,179_1,NA,NA,2,99.71,99.71,NA,NA
sample28_SemiBin_29.fa,86.74872927180257,NA,NA,NA,NA,NA,180_0,NA,NA,1,NA,NA,NA,NA
snj02_SemiBin_44.fa,75.43624647259482,NA,NA,NA,NA,NA,181_0,NA,NA,1,NA,NA,NA,NA
snj15_SemiBin_19.fa,82.96773322546768,NA,NA,NA,NA,NA,182_1,NA,NA,2,98.08,98.08,NA,NA
sample14_SemiBin_0.fa,79.24478250939687,NA,NA,NA,NA,NA,183_0,NA,NA,1,NA,NA,NA,NA
sample4_SemiBin_79.fa,60.7473237740279,NA,NA,NA,NA,NA,184_1,NA,NA,3,98.03,97.36,NA,NA
sample17_SemiBin_165.fa,26.41841052570316,NA,NA,NA,NA,NA,184_2,NA,NA,1,NA,NA,NA,NA
sample1_SemiBin_2.fa,100.5530324774078,NA,NA,NA,NA,NA,185_1,NA,NA,2,99.28,99.28,NA,NA
sample13_SemiBin_54.fa,60.68328706514465,NA,NA,NA,NA,NA,186_0,NA,NA,1,NA,NA,NA,NA
cpsnj16_SemiBin_3.fa,98.9641782132206,NA,NA,NA,NA,NA,187_1,NA,NA,2,98.98,98.98,NA,NA
sample29_SemiBin_122.fa,93.0845745570508,NA,NA,NA,NA,NA,188_0,NA,NA,1,NA,NA,NA,NA
sample29_SemiBin_182.fa,60.84203396017265,NA,NA,NA,NA,NA,189_0,NA,NA,1,NA,NA,NA,NA
sample29_SemiBin_165.fa,66.06658554614742,NA,NA,NA,NA,NA,190_0,NA,NA,1,NA,NA,NA,NA
cpsnj02_SemiBin_24.fa,70.86526912767022,NA,NA,NA,NA,NA,191_0,NA,NA,1,NA,NA,NA,NA
sample28_SemiBin_135.fa,59.0677595117027,NA,NA,NA,NA,NA,192_0,NA,NA,1,NA,NA,NA,NA
sample1_SemiBin_183.fa,42.54623399641699,NA,NA,NA,NA,NA,193_0,NA,NA,1,NA,NA,NA,NA
sample23_SemiBin_104.fa,22.01401125330367,NA,NA,NA,NA,NA,194_0,NA,NA,1,NA,NA,NA,NA
sample29_SemiBin_248.fa,43.991501198663336,NA,NA,NA,NA,NA,195_0,NA,NA,1,NA,NA,NA,NA
sample22_SemiBin_180.fa,67.91079081105343,NA,NA,NA,NA,NA,196_0,NA,NA,1,NA,NA,NA,NA
sample2_SemiBin_56.fa,77.87481545057292,NA,NA,NA,NA,NA,197_0,NA,NA,1,NA,NA,NA,NA
sample27_SemiBin_26.fa,57.867893566143344,NA,NA,NA,NA,NA,198_0,NA,NA,1,NA,NA,NA,NA
snj01_SemiBin_55.fa,50.62016199238215,NA,NA,NA,NA,NA,199_0,NA,NA,1,NA,NA,NA,NA
cpsnj20_SemiBin_200.fa,56.22650468479947,NA,NA,NA,NA,NA,200_0,NA,NA,1,NA,NA,NA,NA
sample29_SemiBin_260.fa,50.92842385178295,NA,NA,NA,NA,NA,201_0,NA,NA,1,NA,NA,NA,NA
sample11_SemiBin_106.fa,51.36906808152828,NA,NA,NA,NA,NA,202_0,NA,NA,1,NA,NA,NA,NA
sample29_SemiBin_100.fa,85.554736431137,NA,NA,NA,NA,NA,203_0,NA,NA,1,NA,NA,NA,NA
sample8_SemiBin_2.fa,87.61666328227292,NA,NA,NA,NA,NA,204_1,NA,NA,5,98.44,97.00,NA,NA
sample1_SemiBin_149.fa,15.543237288819224,NA,NA,NA,NA,NA,205_0,NA,NA,1,NA,NA,NA,NA
sample19_SemiBin_3.fa,95.011226969348,NA,NA,NA,NA,NA,206_1,NA,NA,5,98.53,98.01,NA,NA
cpsnj16_SemiBin_22.fa,80.94075703736272,NA,NA,NA,NA,NA,207_1,NA,NA,3,97.67,96.22,NA,NA
sample12_SemiBin_26.fa,60.7576334622762,NA,NA,NA,NA,NA,208_0,NA,NA,1,NA,NA,NA,NA
sample17_SemiBin_1.fa,89.5575446988212,NA,NA,NA,NA,NA,209_1,NA,NA,3,99.72,99.12,NA,NA
sample19_SemiBin_141.fa,53.26733692290866,NA,NA,NA,NA,NA,210_0,NA,NA,1,NA,NA,NA,NA
sample10_SemiBin_43.fa,65.64678614273568,NA,NA,NA,NA,NA,211_0,NA,NA,1,NA,NA,NA,NA
sample29_SemiBin_175.fa,43.65694074109789,NA,NA,NA,NA,NA,212_0,NA,NA,1,NA,NA,NA,NA
sample7_SemiBin_144.fa,16.13774689796483,NA,NA,NA,NA,NA,213_1,NA,NA,1,NA,NA,NA,NA
snj08_SemiBin_131.fa,42.755705545975104,NA,NA,NA,NA,NA,213_2,NA,NA,1,NA,NA,NA,NA
sample25_SemiBin_120.fa,53.27343240236544,NA,NA,NA,NA,NA,213_3,NA,NA,1,NA,NA,NA,NA
snj20_SemiBin_59.fa,59.15855673671412,NA,NA,NA,NA,NA,214_0,NA,NA,1,NA,NA,NA,NA
sample11_SemiBin_87.fa,63.291175909630645,NA,NA,NA,NA,NA,215_1,NA,NA,3,97.69,97.66,NA,NA
sample24_SemiBin_25.fa,57.980682634683454,NA,NA,NA,NA,NA,216_1,NA,NA,1,NA,NA,NA,NA
sample6_SemiBin_50.fa,72.96318649040477,NA,NA,NA,NA,NA,216_2,NA,NA,1,NA,NA,NA,NA
cpsnj09_SemiBin_174.fa,68.2445786105607,NA,NA,NA,NA,NA,217_0,NA,NA,1,NA,NA,NA,NA
cpsnj13_SemiBin_42.fa,65.72046137506682,NA,NA,NA,NA,NA,218_0,NA,NA,1,NA,NA,NA,NA
sample29_SemiBin_101.fa,66.6481533679715,NA,NA,NA,NA,NA,219_0,NA,NA,1,NA,NA,NA,NA
sample29_SemiBin_73.fa,77.79735921260709,NA,NA,NA,NA,NA,220_0,NA,NA,1,NA,NA,NA,NA
sample7_SemiBin_63.fa,77.5411443606291,NA,NA,NA,NA,NA,221_1,NA,NA,3,95.90,95.35,NA,NA
sample19_SemiBin_143.fa,36.154493888143605,NA,NA,NA,NA,NA,222_0,NA,NA,1,NA,NA,NA,NA
cpsnj04_SemiBin_37.fa,77.1500550086769,NA,NA,NA,NA,NA,223_0,NA,NA,1,NA,NA,NA,NA
cpsnj20_SemiBin_39.fa,80.60788555051876,NA,NA,NA,NA,NA,224_0,NA,NA,1,NA,NA,NA,NA
cpsnj20_SemiBin_8.fa,101.1715278638223,NA,NA,NA,NA,NA,225_0,NA,NA,1,NA,NA,NA,NA
sample1_SemiBin_90.fa,60.57961720449797,NA,NA,NA,NA,NA,226_1,NA,NA,4,97.97,96.15,NA,NA
cpsnj16_SemiBin_94.fa,48.541879864826335,NA,NA,NA,NA,NA,227_0,NA,NA,1,NA,NA,NA,NA
sample18_SemiBin_285.fa,37.42728816105898,NA,NA,NA,NA,NA,228_0,NA,NA,1,NA,NA,NA,NA
snj19_SemiBin_102.fa,60.87594447612386,NA,NA,NA,NA,NA,229_0,NA,NA,1,NA,NA,NA,NA
sample27_SemiBin_12.fa,50.7758266967339,NA,NA,NA,NA,NA,230_0,NA,NA,1,NA,NA,NA,NA
sample27_SemiBin_176.fa,49.16212676672323,NA,NA,NA,NA,NA,231_0,NA,NA,1,NA,NA,NA,NA
sample17_SemiBin_223.fa,19.319761006564452,NA,NA,NA,NA,NA,232_0,NA,NA,1,NA,NA,NA,NA
sample17_SemiBin_224.fa,9.712388485689504,NA,NA,NA,NA,NA,233_0,NA,NA,1,NA,NA,NA,NA
sample25_SemiBin_125.fa,34.664827035544626,NA,NA,NA,NA,NA,234_0,NA,NA,1,NA,NA,NA,NA
sample13_SemiBin_34.fa,72.28790822888779,NA,NA,NA,NA,NA,235_0,NA,NA,1,NA,NA,NA,NA
sample21_SemiBin_30.fa,75.48237634834392,NA,NA,NA,NA,NA,236_1,NA,NA,2,95.71,95.71,NA,NA
sample1_SemiBin_63.fa,70.63635257108069,NA,NA,NA,NA,NA,237_1,NA,NA,1,NA,NA,NA,NA
sample21_SemiBin_82.fa,48.91142798013359,NA,NA,NA,NA,NA,237_2,NA,NA,1,NA,NA,NA,NA
sample4_SemiBin_98.fa,63.707553278664335,NA,NA,NA,NA,NA,237_3,NA,NA,1,NA,NA,NA,NA
sample20_SemiBin_148.fa,39.91891256706189,NA,NA,NA,NA,NA,237_4,NA,NA,1,NA,NA,NA,NA
sample13_SemiBin_70.fa,64.70249708306983,NA,NA,NA,NA,NA,238_0,NA,NA,1,NA,NA,NA,NA
cpsnj04_SemiBin_17.fa,92.3183190661343,NA,NA,NA,NA,NA,239_1,NA,NA,2,96.58,96.58,NA,NA
cpsnj19_SemiBin_406.fa,10.393147186762214,NA,NA,NA,NA,NA,240_1,NA,NA,1,NA,NA,NA,NA
snj19_SemiBin_131.fa,45.193157341942445,NA,NA,NA,NA,NA,240_2,NA,NA,1,NA,NA,NA,NA
sample17_SemiBin_206.fa,57.33941821099151,NA,NA,NA,NA,NA,241_1,NA,NA,2,95.34,95.34,NA,NA
sample19_SemiBin_111.fa,34.6221362668121,NA,NA,NA,NA,NA,241_2,NA,NA,1,NA,NA,NA,NA
sample16_SemiBin_1749.fa,16.335399210071294,NA,NA,NA,NA,NA,242_0,NA,NA,1,NA,NA,NA,NA
cpsnj19_SemiBin_99.fa,54.58231892295888,NA,NA,NA,NA,NA,243_0,NA,NA,1,NA,NA,NA,NA
sample25_SemiBin_119.fa,49.55268317676231,NA,NA,NA,NA,NA,244_0,NA,NA,1,NA,NA,NA,NA
sample1_SemiBin_71.fa,69.18736506893046,NA,NA,NA,NA,NA,245_0,NA,NA,1,NA,NA,NA,NA
snj14_SemiBin_122.fa,17.46123964131879,NA,NA,NA,NA,NA,246_0,NA,NA,1,NA,NA,NA,NA
sample29_SemiBin_125.fa,58.46798324235405,NA,NA,NA,NA,NA,247_0,NA,NA,1,NA,NA,NA,NA
sample29_SemiBin_148.fa,48.70464236517931,NA,NA,NA,NA,NA,248_0,NA,NA,1,NA,NA,NA,NA
sample15_SemiBin_72.fa,71.34204534387777,NA,NA,NA,NA,NA,249_1,NA,NA,2,95.35,95.35,NA,NA
sample11_SemiBin_55.fa,49.88381124834637,NA,NA,NA,NA,NA,249_2,NA,NA,1,NA,NA,NA,NA
sample12_SemiBin_27.fa,45.45692108496648,NA,NA,NA,NA,NA,249_3,NA,NA,1,NA,NA,NA,NA
sample18_SemiBin_67.fa,62.08735066835056,NA,NA,NA,NA,NA,250_1,NA,NA,5,97.78,96.05,NA,NA
sample20_SemiBin_171.fa,38.27643021533024,NA,NA,NA,NA,NA,250_2,NA,NA,1,NA,NA,NA,NA
sample21_SemiBin_378.fa,29.878257597323543,NA,NA,NA,NA,NA,250_3,NA,NA,1,NA,NA,NA,NA
snj04_SemiBin_785.fa,11.057282141694968,NA,NA,NA,NA,NA,251_0,NA,NA,1,NA,NA,NA,NA
sample2_SemiBin_948.fa,14.60241885846433,NA,NA,NA,NA,NA,252_0,NA,NA,1,NA,NA,NA,NA
sample6_SemiBin_431.fa,27.68482716772592,NA,NA,NA,NA,NA,253_0,NA,NA,1,NA,NA,NA,NA
sample19_SemiBin_881.fa,36.43326058047754,NA,NA,NA,NA,NA,254_0,NA,NA,1,NA,NA,NA,NA
sample30_SemiBin_95.fa,50.30342033110495,NA,NA,NA,NA,NA,255_0,NA,NA,1,NA,NA,NA,NA
cpsnj20_SemiBin_87.fa,33.3720015306009,NA,NA,NA,NA,NA,256_0,NA,NA,1,NA,NA,NA,NA
snj20_SemiBin_1696.fa,17.547416256216668,NA,NA,NA,NA,NA,257_0,NA,NA,1,NA,NA,NA,NA
snj01_SemiBin_56.fa,35.26444943967127,NA,NA,NA,NA,NA,258_0,NA,NA,1,NA,NA,NA,NA
cpsnj19_SemiBin_1181.fa,4.8117215436627,NA,NA,NA,NA,NA,259_0,NA,NA,1,NA,NA,NA,NA
snj04_SemiBin_1050.fa,20.031101764307937,NA,NA,NA,NA,NA,260_0,NA,NA,1,NA,NA,NA,NA
sample29_SemiBin_38.fa,82.31119057495975,NA,NA,NA,NA,NA,261_0,NA,NA,1,NA,NA,NA,NA
sample8_SemiBin_69.fa,74.85212622908645,NA,NA,NA,NA,NA,262_1,NA,NA,2,96.89,96.89,NA,NA
sample20_SemiBin_137.fa,52.31681170926343,NA,NA,NA,NA,NA,262_2,NA,NA,1,NA,NA,NA,NA
sample3_SemiBin_915.fa,21.231086081251537,NA,NA,NA,NA,NA,262_3,NA,NA,1,NA,NA,NA,NA
snj19_SemiBin_56.fa,60.691518325755375,NA,NA,NA,NA,NA,263_1,NA,NA,2,97.90,97.90,NA,NA
snj03_SemiBin_139.fa,10.13483874485528,NA,NA,NA,NA,NA,264_0,NA,NA,1,NA,NA,NA,NA
sample1_SemiBin_80.fa,67.32148122012954,NA,NA,NA,NA,NA,265_1,NA,NA,4,98.62,97.53,NA,NA
sample21_SemiBin_1862.fa,24.51080230081939,NA,NA,NA,NA,NA,266_0,NA,NA,1,NA,NA,NA,NA
sample26_SemiBin_90.fa,73.74144537601309,NA,NA,NA,NA,NA,267_1,NA,NA,5,98.23,96.06,NA,NA
sample27_SemiBin_144.fa,13.405751219967785,NA,NA,NA,NA,NA,267_2,NA,NA,1,NA,NA,NA,NA
cpsnj14_SemiBin_178.fa,24.561418072538387,NA,NA,NA,NA,NA,267_3,NA,NA,1,NA,NA,NA,NA
sample13_SemiBin_191.fa,43.8531863667116,NA,NA,NA,NA,NA,268_0,NA,NA,1,NA,NA,NA,NA
cpsnj16_SemiBin_56.fa,52.051712906895006,NA,NA,NA,NA,NA,269_0,NA,NA,1,NA,NA,NA,NA
snj09_SemiBin_217.fa,43.410747828962045,NA,NA,NA,NA,NA,270_0,NA,NA,1,NA,NA,NA,NA
sample18_SemiBin_358.fa,52.09852979410583,NA,NA,NA,NA,NA,271_0,NA,NA,1,NA,NA,NA,NA
cpsnj02_SemiBin_138.fa,45.595937747018944,NA,NA,NA,NA,NA,272_0,NA,NA,1,NA,NA,NA,NA
snj02_SemiBin_16.fa,77.10014205308833,NA,NA,NA,NA,NA,273_0,NA,NA,1,NA,NA,NA,NA
sample29_SemiBin_74.fa,64.41459190515408,NA,NA,NA,NA,NA,274_0,NA,NA,1,NA,NA,NA,NA
cpsnj20_SemiBin_105.fa,21.10500528185402,NA,NA,NA,NA,NA,275_1,NA,NA,1,NA,NA,NA,NA
snj20_SemiBin_6.fa,90.61882336558944,NA,NA,NA,NA,NA,275_2,NA,NA,1,NA,NA,NA,NA
snj20_SemiBin_9.fa,64.55950450899132,NA,NA,NA,NA,NA,276_0,NA,NA,1,NA,NA,NA,NA
sample19_SemiBin_55.fa,65.40988530253006,NA,NA,NA,NA,NA,277_0,NA,NA,1,NA,NA,NA,NA
cpsnj20_SemiBin_85.fa,45.96000798622355,NA,NA,NA,NA,NA,278_0,NA,NA,1,NA,NA,NA,NA
sample19_SemiBin_41.fa,70.54308874844324,NA,NA,NA,NA,NA,279_0,NA,NA,1,NA,NA,NA,NA
cpsnj08_SemiBin_36.fa,70.24440189881598,NA,NA,NA,NA,NA,280_1,NA,NA,1,NA,NA,NA,NA
snj02_SemiBin_45.fa,32.89508936603312,NA,NA,NA,NA,NA,280_2,NA,NA,1,NA,NA,NA,NA
sample25_SemiBin_126.fa,55.12223320715732,NA,NA,NA,NA,NA,281_1,NA,NA,2,97.36,97.36,NA,NA
sample22_SemiBin_103.fa,73.35197145978401,NA,NA,NA,NA,NA,282_0,NA,NA,1,NA,NA,NA,NA
sample5_SemiBin_43.fa,46.21256048412947,NA,NA,NA,NA,NA,283_0,NA,NA,1,NA,NA,NA,NA
cpsnj08_SemiBin_1311.fa,24.234661059147147,NA,NA,NA,NA,NA,284_0,NA,NA,1,NA,NA,NA,NA
sample18_SemiBin_176.fa,62.65876249251192,NA,NA,NA,NA,NA,285_0,NA,NA,1,NA,NA,NA,NA
sample18_SemiBin_76.fa,79.48209522823777,NA,NA,NA,NA,NA,286_1,NA,NA,4,98.58,97.67,NA,NA
sample16_SemiBin_1826.fa,12.035418406660565,NA,NA,NA,NA,NA,286_2,NA,NA,1,NA,NA,NA,NA
sample17_SemiBin_189.fa,41.0069711646775,NA,NA,NA,NA,NA,287_1,NA,NA,1,NA,NA,NA,NA
sample3_SemiBin_1229.fa,10.357533629453954,NA,NA,NA,NA,NA,287_2,NA,NA,1,NA,NA,NA,NA
sample1_SemiBin_22.fa,75.43975643048243,NA,NA,NA,NA,NA,288_1,NA,NA,3,97.97,95.52,NA,NA
sample23_SemiBin_233.fa,7.419660222735774,NA,NA,NA,NA,NA,288_2,NA,NA,1,NA,NA,NA,NA
sample27_SemiBin_1530.fa,11.966286873801458,NA,NA,NA,NA,NA,288_3,NA,NA,1,NA,NA,NA,NA
cpsnj20_SemiBin_79.fa,39.97232866661742,NA,NA,NA,NA,NA,289_1,NA,NA,1,NA,NA,NA,NA
sample28_SemiBin_33.fa,37.31071054703322,NA,NA,NA,NA,NA,289_2,NA,NA,1,NA,NA,NA,NA
cpsnj02_SemiBin_76.fa,36.46972284923055,NA,NA,NA,NA,NA,290_0,NA,NA,1,NA,NA,NA,NA
sample6_SemiBin_29.fa,42.14265464086293,NA,NA,NA,NA,NA,291_1,NA,NA,1,NA,NA,NA,NA
snj16_SemiBin_45.fa,39.82768375826636,NA,NA,NA,NA,NA,291_2,NA,NA,1,NA,NA,NA,NA
sample2_SemiBin_951.fa,7.091922235378919,NA,NA,NA,NA,NA,291_3,NA,NA,1,NA,NA,NA,NA
sample23_SemiBin_1969.fa,11.863252786380512,NA,NA,NA,NA,NA,292_0,NA,NA,1,NA,NA,NA,NA
snj19_SemiBin_1531.fa,18.144841520462997,NA,NA,NA,NA,NA,293_0,NA,NA,1,NA,NA,NA,NA
sample12_SemiBin_1163.fa,14.640151631166898,NA,NA,NA,NA,NA,294_0,NA,NA,1,NA,NA,NA,NA
snj14_SemiBin_1830.fa,21.8738625537198,NA,NA,NA,NA,NA,295_0,NA,NA,1,NA,NA,NA,NA
cpsnj11_SemiBin_107.fa,72.86054184072272,NA,NA,NA,NA,NA,296_1,NA,NA,6,96.64,95.67,NA,NA
cpsnj19_SemiBin_36.fa,63.51602180368703,NA,NA,NA,NA,NA,297_1,NA,NA,4,96.54,96.23,NA,NA
sample7_SemiBin_101.fa,61.854995578492,NA,NA,NA,NA,NA,297_2,NA,NA,1,NA,NA,NA,NA
sample16_SemiBin_132.fa,23.855138340696605,NA,NA,NA,NA,NA,297_3,NA,NA,1,NA,NA,NA,NA
cpsnj20_SemiBin_121.fa,43.04618892822866,NA,NA,NA,NA,NA,298_0,NA,NA,1,NA,NA,NA,NA
cpsnj20_SemiBin_46.fa,77.27838543503071,NA,NA,NA,NA,NA,299_0,NA,NA,1,NA,NA,NA,NA
sample27_SemiBin_183.fa,36.33279630747801,NA,NA,NA,NA,NA,300_1,NA,NA,1,NA,NA,NA,NA
sample5_SemiBin_153.fa,17.660446863205124,NA,NA,NA,NA,NA,300_2,NA,NA,1,NA,NA,NA,NA
sample14_SemiBin_86.fa,33.21568917325162,NA,NA,NA,NA,NA,300_3,NA,NA,1,NA,NA,NA,NA
sample20_SemiBin_178.fa,39.6085449238425,NA,NA,NA,NA,NA,300_4,NA,NA,1,NA,NA,NA,NA
sample30_SemiBin_40.fa,51.46681880622677,NA,NA,NA,NA,NA,300_5,NA,NA,1,NA,NA,NA,NA
cpsnj08_SemiBin_195.fa,25.46452562629711,NA,NA,NA,NA,NA,300_6,NA,NA,1,NA,NA,NA,NA
snj11_SemiBin_149.fa,22.884702828400027,NA,NA,NA,NA,NA,301_0,NA,NA,1,NA,NA,NA,NA
cpsnj10_SemiBin_1846.fa,11.883465530252524,NA,NA,NA,NA,NA,302_0,NA,NA,1,NA,NA,NA,NA
cpsnj13_SemiBin_1479.fa,9.347074075156224,NA,NA,NA,NA,NA,303_0,NA,NA,1,NA,NA,NA,NA
sample24_SemiBin_67.fa,26.64373269160562,NA,NA,NA,NA,NA,304_0,NA,NA,1,NA,NA,NA,NA
sample24_SemiBin_278.fa,35.822386040433074,NA,NA,NA,NA,NA,305_0,NA,NA,1,NA,NA,NA,NA
sample1_SemiBin_51.fa,48.97926005617073,NA,NA,NA,NA,NA,306_1,NA,NA,2,99.02,99.02,NA,NA
sample4_SemiBin_1409.fa,9.05496953951462,NA,NA,NA,NA,NA,307_0,NA,NA,1,NA,NA,NA,NA
cpsnj10_SemiBin_97.fa,43.745131299061086,NA,NA,NA,NA,NA,308_0,NA,NA,1,NA,NA,NA,NA
cpsnj14_SemiBin_15.fa,98.78833441460728,NA,NA,NA,NA,NA,309_1,NA,NA,16,99.03,96.37,NA,NA
snj08_SemiBin_1011.fa,24.62973798696273,NA,NA,NA,NA,NA,309_2,NA,NA,1,NA,NA,NA,NA
sample16_SemiBin_43.fa,89.71254755547297,NA,NA,NA,NA,NA,310_1,NA,NA,4,98.32,97.22,NA,NA
cpsnj03_SemiBin_127.fa,12.802812526144413,NA,NA,NA,NA,NA,310_2,NA,NA,1,NA,NA,NA,NA
cpsnj08_SemiBin_33.fa,76.60694606239055,NA,NA,NA,NA,NA,310_3,NA,NA,1,NA,NA,NA,NA
cpsnj08_SemiBin_34.fa,73.48320908591707,NA,NA,NA,NA,NA,311_1,NA,NA,2,97.31,97.31,NA,NA
snj13_SemiBin_46.fa,57.29376683137619,NA,NA,NA,NA,NA,311_2,NA,NA,1,NA,NA,NA,NA
sample20_SemiBin_135.fa,54.38521847697712,NA,NA,NA,NA,NA,312_1,NA,NA,1,NA,NA,NA,NA
sample7_SemiBin_76.fa,73.72817153841753,NA,NA,NA,NA,NA,312_2,NA,NA,1,NA,NA,NA,NA
sample21_SemiBin_105.fa,62.36929082203508,NA,NA,NA,NA,NA,312_3,NA,NA,1,NA,NA,NA,NA
sample13_SemiBin_133.fa,51.71938194150295,NA,NA,NA,NA,NA,312_4,NA,NA,1,NA,NA,NA,NA
sample6_SemiBin_88.fa,59.58414926740368,NA,NA,NA,NA,NA,312_5,NA,NA,1,NA,NA,NA,NA
sample13_SemiBin_334.fa,35.7087503163577,NA,NA,NA,NA,NA,313_0,NA,NA,1,NA,NA,NA,NA
sample29_SemiBin_169.fa,74.74225999428778,NA,NA,NA,NA,NA,314_0,NA,NA,1,NA,NA,NA,NA
snj13_SemiBin_147.fa,44.92555579231033,NA,NA,NA,NA,NA,315_1,NA,NA,1,NA,NA,NA,NA
snj20_SemiBin_88.fa,55.39272306929532,NA,NA,NA,NA,NA,315_2,NA,NA,1,NA,NA,NA,NA
sample20_SemiBin_189.fa,22.39795412202012,NA,NA,NA,NA,NA,316_0,NA,NA,1,NA,NA,NA,NA
cpsnj11_SemiBin_23.fa,93.18904718276988,NA,NA,NA,NA,NA,317_0,NA,NA,1,NA,NA,NA,NA
sample27_SemiBin_6.fa,65.06542153058557,NA,NA,NA,NA,NA,318_0,NA,NA,1,NA,NA,NA,NA
snj20_SemiBin_35.fa,69.83951902859289,NA,NA,NA,NA,NA,319_1,NA,NA,2,97.00,97.00,NA,NA
snj08_SemiBin_33.fa,56.08490309702463,NA,NA,NA,NA,NA,319_2,NA,NA,2,95.29,95.29,NA,NA
cpsnj16_SemiBin_132.fa,21.440189512698247,NA,NA,NA,NA,NA,319_3,NA,NA,1,NA,NA,NA,NA
sample15_SemiBin_190.fa,12.59739347363477,NA,NA,NA,NA,NA,320_1,NA,NA,1,NA,NA,NA,NA
sample7_SemiBin_74.fa,76.81690303876087,NA,NA,NA,NA,NA,320_2,NA,NA,1,NA,NA,NA,NA
sample21_SemiBin_101.fa,49.21026925400118,NA,NA,NA,NA,NA,321_0,NA,NA,1,NA,NA,NA,NA
snj19_SemiBin_2.fa,95.30021728704097,NA,NA,NA,NA,NA,322_1,NA,NA,2,98.24,98.24,NA,NA
sample21_SemiBin_100.fa,61.94832438849961,NA,NA,NA,NA,NA,323_0,NA,NA,1,NA,NA,NA,NA
snj19_SemiBin_139.fa,31.087486981088187,NA,NA,NA,NA,NA,324_0,NA,NA,1,NA,NA,NA,NA
cpsnj09_SemiBin_13.fa,95.98938278233494,NA,NA,NA,NA,NA,325_1,NA,NA,1,NA,NA,NA,NA
snj10_SemiBin_76.fa,14.483468707716648,NA,NA,NA,NA,NA,325_2,NA,NA,1,NA,NA,NA,NA
cpsnj14_SemiBin_42.fa,89.26664603792935,NA,NA,NA,NA,NA,326_1,NA,NA,3,95.89,95.81,NA,NA
cpsnj09_SemiBin_70.fa,80.28424869181072,NA,NA,NA,NA,NA,326_2,NA,NA,1,NA,NA,NA,NA
sample8_SemiBin_296.fa,53.044158955820905,NA,NA,NA,NA,NA,327_0,NA,NA,1,NA,NA,NA,NA
sample14_SemiBin_52.fa,44.60633193307532,NA,NA,NA,NA,NA,328_0,NA,NA,1,NA,NA,NA,NA
cpsnj10_SemiBin_58.fa,65.82366101684,NA,NA,NA,NA,NA,329_0,NA,NA,1,NA,NA,NA,NA
sample1_SemiBin_138.fa,48.46544426671396,NA,NA,NA,NA,NA,330_0,NA,NA,1,NA,NA,NA,NA
snj08_SemiBin_17.fa,99.52924743425388,NA,NA,NA,NA,NA,331_1,NA,NA,8,98.80,96.32,NA,NA
cpsnj03_SemiBin_69.fa,27.56812674433466,NA,NA,NA,NA,NA,331_2,NA,NA,1,NA,NA,NA,NA
snj03_SemiBin_1348.fa,12.469830942427688,NA,NA,NA,NA,NA,331_3,NA,NA,1,NA,NA,NA,NA
cpsnj15_SemiBin_129.fa,36.08843793549388,NA,NA,NA,NA,NA,332_0,NA,NA,1,NA,NA,NA,NA
sample9_SemiBin_98.fa,46.665753890855626,NA,NA,NA,NA,NA,333_0,NA,NA,1,NA,NA,NA,NA
snj02_SemiBin_62.fa,25.93677615563913,NA,NA,NA,NA,NA,334_0,NA,NA,1,NA,NA,NA,NA
sample27_SemiBin_61.fa,18.401266574781413,NA,NA,NA,NA,NA,335_0,NA,NA,1,NA,NA,NA,NA
snj02_SemiBin_2.fa,97.52505298441336,NA,NA,NA,NA,NA,336_1,NA,NA,2,99.31,99.31,NA,NA
cpsnj20_SemiBin_5.fa,93.81969222953224,NA,NA,NA,NA,NA,337_0,NA,NA,1,NA,NA,NA,NA
sample29_SemiBin_28.fa,87.34429808779988,NA,NA,NA,NA,NA,338_0,NA,NA,1,NA,NA,NA,NA
sample22_SemiBin_88.fa,71.34318662151172,NA,NA,NA,NA,NA,339_0,NA,NA,1,NA,NA,NA,NA
snj19_SemiBin_96.fa,58.85945051454241,NA,NA,NA,NA,NA,340_0,NA,NA,1,NA,NA,NA,NA
snj03_SemiBin_36.fa,85.7901725067906,NA,NA,NA,NA,NA,341_1,NA,NA,5,98.28,97.55,NA,NA
sample6_SemiBin_27.fa,80.23018607488025,NA,NA,NA,NA,NA,342_0,NA,NA,1,NA,NA,NA,NA
snj09_SemiBin_77.fa,73.09119269925009,NA,NA,NA,NA,NA,343_0,NA,NA,1,NA,NA,NA,NA
cpsnj01_SemiBin_208.fa,61.51395086322815,NA,NA,NA,NA,NA,344_0,NA,NA,1,NA,NA,NA,NA
sample28_SemiBin_1348.fa,13.493773398175376,NA,NA,NA,NA,NA,345_0,NA,NA,1,NA,NA,NA,NA
snj11_SemiBin_59.fa,67.9100776730909,NA,NA,NA,NA,NA,346_1,NA,NA,2,95.83,95.83,NA,NA
snj14_SemiBin_38.fa,72.16743897764331,NA,NA,NA,NA,NA,347_0,NA,NA,1,NA,NA,NA,NA
cpsnj19_SemiBin_24.fa,94.88154242032633,NA,NA,NA,NA,NA,348_1,NA,NA,2,98.75,98.75,NA,NA
sample6_SemiBin_55.fa,38.07073666427358,NA,NA,NA,NA,NA,349_0,NA,NA,1,NA,NA,NA,NA
snj19_SemiBin_118.fa,44.0298010761648,NA,NA,NA,NA,NA,350_0,NA,NA,1,NA,NA,NA,NA
snj20_SemiBin_10.fa,84.95103446864601,NA,NA,NA,NA,NA,351_1,NA,NA,4,97.18,96.03,NA,NA
snj01_SemiBin_37.fa,43.20168424302406,NA,NA,NA,NA,NA,352_1,NA,NA,2,95.23,95.23,NA,NA
cpsnj01_SemiBin_87.fa,47.449298032535154,NA,NA,NA,NA,NA,353_1,NA,NA,2,97.91,97.91,NA,NA
cpsnj01_SemiBin_64.fa,69.63030006151227,NA,NA,NA,NA,NA,354_0,NA,NA,1,NA,NA,NA,NA
cpsnj01_SemiBin_77.fa,65.38126184493503,NA,NA,NA,NA,NA,355_0,NA,NA,1,NA,NA,NA,NA
sample23_SemiBin_23.fa,93.87181234683416,NA,NA,NA,NA,NA,356_0,NA,NA,1,NA,NA,NA,NA
sample27_SemiBin_94.fa,37.61687787022283,NA,NA,NA,NA,NA,357_0,NA,NA,1,NA,NA,NA,NA
cpsnj09_SemiBin_216.fa,61.90024108953402,NA,NA,NA,NA,NA,358_0,NA,NA,1,NA,NA,NA,NA
sample11_SemiBin_45.fa,54.400699188496034,NA,NA,NA,NA,NA,359_0,NA,NA,1,NA,NA,NA,NA
cpsnj16_SemiBin_55.fa,71.75657905078376,NA,NA,NA,NA,NA,360_0,NA,NA,1,NA,NA,NA,NA
sample27_SemiBin_27.fa,70.44390070634775,NA,NA,NA,NA,NA,361_0,NA,NA,1,NA,NA,NA,NA
sample29_SemiBin_126.fa,46.92735954175533,NA,NA,NA,NA,NA,362_0,NA,NA,1,NA,NA,NA,NA
sample29_SemiBin_1791.fa,20.275147779677013,NA,NA,NA,NA,NA,363_0,NA,NA,1,NA,NA,NA,NA
sample29_SemiBin_54.fa,91.59482623443944,NA,NA,NA,NA,NA,364_0,NA,NA,1,NA,NA,NA,NA
sample10_SemiBin_127.fa,56.38136050905481,NA,NA,NA,NA,NA,365_1,NA,NA,3,97.73,96.12,NA,NA
cpsnj02_SemiBin_99.fa,68.34054772180716,NA,NA,NA,NA,NA,366_0,NA,NA,1,NA,NA,NA,NA
snj02_SemiBin_89.fa,50.63364159659019,NA,NA,NA,NA,NA,367_0,NA,NA,1,NA,NA,NA,NA
cpsnj02_SemiBin_44.fa,39.59813218700725,NA,NA,NA,NA,NA,368_0,NA,NA,1,NA,NA,NA,NA
cpsnj04_SemiBin_118.fa,52.82730476781205,NA,NA,NA,NA,NA,369_0,NA,NA,1,NA,NA,NA,NA
sample29_SemiBin_77.fa,61.188357702742415,NA,NA,NA,NA,NA,370_0,NA,NA,1,NA,NA,NA,NA
snj19_SemiBin_84.fa,46.39797127562356,NA,NA,NA,NA,NA,371_0,NA,NA,1,NA,NA,NA,NA
snj15_SemiBin_12.fa,93.1174091945891,NA,NA,NA,NA,NA,372_0,NA,NA,1,NA,NA,NA,NA
sample17_SemiBin_50.fa,72.01741891778501,NA,NA,NA,NA,NA,373_1,NA,NA,1,NA,NA,NA,NA
sample18_SemiBin_223.fa,20.0186566939554,NA,NA,NA,NA,NA,373_2,NA,NA,1,NA,NA,NA,NA
sample15_SemiBin_79.fa,63.47158806001748,NA,NA,NA,NA,NA,374_0,NA,NA,1,NA,NA,NA,NA
sample3_SemiBin_55.fa,49.75649028019633,NA,NA,NA,NA,NA,375_1,NA,NA,1,NA,NA,NA,NA
snj13_SemiBin_80.fa,47.18111517852801,NA,NA,NA,NA,NA,375_2,NA,NA,1,NA,NA,NA,NA
sample8_SemiBin_154.fa,36.38463383660407,NA,NA,NA,NA,NA,376_0,NA,NA,1,NA,NA,NA,NA
sample19_SemiBin_170.fa,41.978332110547626,NA,NA,NA,NA,NA,377_1,NA,NA,1,NA,NA,NA,NA
sample21_SemiBin_206.fa,44.89231736948467,NA,NA,NA,NA,NA,377_2,NA,NA,1,NA,NA,NA,NA
snj09_SemiBin_119.fa,47.40668013525059,NA,NA,NA,NA,NA,378_0,NA,NA,1,NA,NA,NA,NA
cpsnj09_SemiBin_73.fa,86.9951156281081,NA,NA,NA,NA,NA,379_1,NA,NA,2,95.56,95.56,NA,NA
cpsnj09_SemiBin_66.fa,83.6068763347098,NA,NA,NA,NA,NA,380_1,NA,NA,2,96.84,96.84,NA,NA
sample28_SemiBin_60.fa,89.93211918048497,NA,NA,NA,NA,NA,381_0,NA,NA,1,NA,NA,NA,NA
sample19_SemiBin_135.fa,53.73631317547702,NA,NA,NA,NA,NA,382_0,NA,NA,1,NA,NA,NA,NA
cpsnj02_SemiBin_28.fa,80.92782525022918,NA,NA,NA,NA,NA,383_1,NA,NA,4,96.27,95.88,NA,NA
sample24_SemiBin_38.fa,61.34201975588611,NA,NA,NA,NA,NA,383_2,NA,NA,1,NA,NA,NA,NA
sample25_SemiBin_140.fa,29.611946960901157,NA,NA,NA,NA,NA,383_3,NA,NA,1,NA,NA,NA,NA
sample29_SemiBin_161.fa,23.966080706043552,NA,NA,NA,NA,NA,384_0,NA,NA,1,NA,NA,NA,NA
cpsnj04_SemiBin_44.fa,88.20470443076228,NA,NA,NA,NA,NA,385_1,NA,NA,2,96.99,96.99,NA,NA
sample29_SemiBin_103.fa,30.69216012139123,NA,NA,NA,NA,NA,386_0,NA,NA,1,NA,NA,NA,NA
sample27_SemiBin_29.fa,73.74702164366559,NA,NA,NA,NA,NA,387_1,NA,NA,2,95.26,95.26,NA,NA
cpsnj16_SemiBin_205.fa,50.6569814122504,NA,NA,NA,NA,NA,387_2,NA,NA,1,NA,NA,NA,NA
sample28_SemiBin_86.fa,36.8295914003638,NA,NA,NA,NA,NA,387_3,NA,NA,1,NA,NA,NA,NA
snj20_SemiBin_50.fa,72.98994293043583,NA,NA,NA,NA,NA,388_0,NA,NA,1,NA,NA,NA,NA
sample25_SemiBin_67.fa,66.92012877830105,NA,NA,NA,NA,NA,389_1,NA,NA,2,95.04,95.04,NA,NA
sample16_SemiBin_59.fa,58.52876249251193,NA,NA,NA,NA,NA,389_2,NA,NA,1,NA,NA,NA,NA
sample22_SemiBin_319.fa,36.85493780314657,NA,NA,NA,NA,NA,389_3,NA,NA,1,NA,NA,NA,NA
sample24_SemiBin_59.fa,44.461924473724,NA,NA,NA,NA,NA,389_4,NA,NA,1,NA,NA,NA,NA
sample5_SemiBin_9.fa,88.65099013729443,NA,NA,NA,NA,NA,389_5,NA,NA,13,98.14,95.63,NA,NA
sample6_SemiBin_40.fa,91.73639200827888,NA,NA,NA,NA,NA,389_6,NA,NA,1,NA,NA,NA,NA
cpsnj04_SemiBin_138.fa,40.95524942919753,NA,NA,NA,NA,NA,389_7,NA,NA,1,NA,NA,NA,NA
cpsnj02_SemiBin_47.fa,41.47300624652992,NA,NA,NA,NA,NA,389_8,NA,NA,1,NA,NA,NA,NA
snj09_SemiBin_3.fa,98.4209495935116,NA,NA,NA,NA,NA,389_9,NA,NA,1,NA,NA,NA,NA
cpsnj14_SemiBin_1449.fa,19.982956584486725,NA,NA,NA,NA,NA,389_10,NA,NA,1,NA,NA,NA,NA
snj14_SemiBin_154.fa,39.73755394005894,NA,NA,NA,NA,NA,390_0,NA,NA,1,NA,NA,NA,NA
snj10_SemiBin_22.fa,81.08751953685308,NA,NA,NA,NA,NA,391_1,NA,NA,6,98.68,96.53,NA,NA
sample4_SemiBin_173.fa,65.52043592985493,NA,NA,NA,NA,NA,392_1,NA,NA,4,96.96,95.31,NA,NA
sample25_SemiBin_174.fa,86.59953851356627,NA,NA,NA,NA,NA,392_2,NA,NA,6,97.39,95.32,NA,NA
cpsnj19_SemiBin_30.fa,95.37671640532004,NA,NA,NA,NA,NA,393_1,NA,NA,2,98.23,98.23,NA,NA
snj01_SemiBin_7.fa,100.16227289844296,NA,NA,NA,NA,NA,393_2,NA,NA,19,98.11,95.45,NA,NA
sample22_SemiBin_1595.fa,13.349639851392553,NA,NA,NA,NA,NA,394_0,NA,NA,1,NA,NA,NA,NA
cpsnj14_SemiBin_142.fa,66.87825034589115,NA,NA,NA,NA,NA,395_1,NA,NA,1,NA,NA,NA,NA
snj14_SemiBin_1756.fa,10.263474895656206,NA,NA,NA,NA,NA,395_2,NA,NA,1,NA,NA,NA,NA
snj01_SemiBin_70.fa,63.56941902149219,NA,NA,NA,NA,NA,396_1,NA,NA,2,97.04,97.04,NA,NA
snj20_SemiBin_172.fa,61.35311899622564,NA,NA,NA,NA,NA,396_2,NA,NA,1,NA,NA,NA,NA
sample5_SemiBin_106.fa,57.208092311534045,NA,NA,NA,NA,NA,396_3,NA,NA,1,NA,NA,NA,NA
sample22_SemiBin_87.fa,36.509928784860456,NA,NA,NA,NA,NA,396_4,NA,NA,1,NA,NA,NA,NA
cpsnj19_SemiBin_96.fa,27.70499064650767,NA,NA,NA,NA,NA,396_5,NA,NA,1,NA,NA,NA,NA
sample15_SemiBin_129.fa,48.15988383649229,NA,NA,NA,NA,NA,396_6,NA,NA,1,NA,NA,NA,NA
snj16_SemiBin_56.fa,54.4687499695636,NA,NA,NA,NA,NA,397_0,NA,NA,1,NA,NA,NA,NA
sample7_SemiBin_23.fa,94.21008151086876,NA,NA,NA,NA,NA,398_0,NA,NA,1,NA,NA,NA,NA
sample24_SemiBin_245.fa,30.79043741938469,NA,NA,NA,NA,NA,399_0,NA,NA,1,NA,NA,NA,NA
snj09_SemiBin_101.fa,74.70911914093908,NA,NA,NA,NA,NA,400_1,NA,NA,2,95.39,95.39,NA,NA
cpsnj14_SemiBin_106.fa,17.288415944204854,NA,NA,NA,NA,NA,401_0,NA,NA,1,NA,NA,NA,NA
snj08_SemiBin_64.fa,79.18931618383948,NA,NA,NA,NA,NA,402_0,NA,NA,1,NA,NA,NA,NA
sample29_SemiBin_245.fa,60.35538270770401,NA,NA,NA,NA,NA,403_0,NA,NA,1,NA,NA,NA,NA
snj01_SemiBin_145.fa,48.62681782609359,NA,NA,NA,NA,NA,404_0,NA,NA,1,NA,NA,NA,NA
sample1_SemiBin_5.fa,79.93647646638551,NA,NA,NA,NA,NA,405_0,NA,NA,1,NA,NA,NA,NA
sample15_SemiBin_54.fa,89.53197689261697,NA,NA,NA,NA,NA,406_1,NA,NA,2,97.16,97.16,NA,NA
cpsnj19_SemiBin_46.fa,84.31803139777308,NA,NA,NA,NA,NA,407_1,NA,NA,3,97.61,96.89,NA,NA
snj11_SemiBin_51.fa,87.13996402612898,NA,NA,NA,NA,NA,408_1,NA,NA,3,96.69,96.63,NA,NA
snj16_SemiBin_88.fa,15.303983770944384,NA,NA,NA,NA,NA,408_2,NA,NA,1,NA,NA,NA,NA
snj01_SemiBin_140.fa,35.66300947176702,NA,NA,NA,NA,NA,409_0,NA,NA,1,NA,NA,NA,NA
snj08_SemiBin_115.fa,52.80356479711653,NA,NA,NA,NA,NA,410_0,NA,NA,1,NA,NA,NA,NA
sample29_SemiBin_128.fa,61.19394615178958,NA,NA,NA,NA,NA,411_1,NA,NA,2,98.42,98.42,NA,NA
sample13_SemiBin_17.fa,92.46321401270156,NA,NA,NA,NA,NA,412_1,NA,NA,3,98.18,96.79,NA,NA
sample12_SemiBin_41.fa,54.64322232395271,NA,NA,NA,NA,NA,413_0,NA,NA,1,NA,NA,NA,NA
sample18_SemiBin_61.fa,100.23961100357612,NA,NA,NA,NA,NA,414_1,NA,NA,19,98.88,97.61,NA,NA
snj08_SemiBin_28.fa,98.522928266951,NA,NA,NA,NA,NA,414_2,NA,NA,10,98.02,95.52,NA,NA
cpsnj09_SemiBin_319.fa,62.14698053566876,NA,NA,NA,NA,NA,415_0,NA,NA,1,NA,NA,NA,NA
snj01_SemiBin_50.fa,65.64349412001796,NA,NA,NA,NA,NA,416_0,NA,NA,1,NA,NA,NA,NA
sample4_SemiBin_59.fa,68.71043576428156,NA,NA,NA,NA,NA,417_1,NA,NA,2,96.62,96.62,NA,NA
sample5_SemiBin_118.fa,45.01008495123986,NA,NA,NA,NA,NA,417_2,NA,NA,1,NA,NA,NA,NA
sample20_SemiBin_295.fa,84.99646905939764,NA,NA,NA,NA,NA,418_0,NA,NA,1,NA,NA,NA,NA
snj11_SemiBin_146.fa,35.95876633525418,NA,NA,NA,NA,NA,419_0,NA,NA,1,NA,NA,NA,NA
snj09_SemiBin_27.fa,76.93139470449533,NA,NA,NA,NA,NA,420_1,NA,NA,3,97.11,96.96,NA,NA
cpsnj10_SemiBin_1505.fa,12.002649559307985,NA,NA,NA,NA,NA,421_0,NA,NA,1,NA,NA,NA,NA
sample20_SemiBin_207.fa,65.85358309735086,NA,NA,NA,NA,NA,422_1,NA,NA,1,NA,NA,NA,NA
sample5_SemiBin_158.fa,25.74627288332859,NA,NA,NA,NA,NA,422_2,NA,NA,1,NA,NA,NA,NA
sample13_SemiBin_123.fa,44.3833449412778,NA,NA,NA,NA,NA,422_3,NA,NA,1,NA,NA,NA,NA
snj04_SemiBin_32.fa,67.78099524806116,NA,NA,NA,NA,NA,423_1,NA,NA,2,96.33,96.33,NA,NA
sample24_SemiBin_29.fa,65.70289964267833,NA,NA,NA,NA,NA,423_2,NA,NA,1,NA,NA,NA,NA
cpsnj14_SemiBin_13.fa,95.23224304753673,NA,NA,NA,NA,NA,424_0,NA,NA,1,NA,NA,NA,NA
sample19_SemiBin_49.fa,93.91162463938038,NA,NA,NA,NA,NA,425_0,NA,NA,1,NA,NA,NA,NA
cpsnj04_SemiBin_24.fa,86.34418171135982,NA,NA,NA,NA,NA,426_1,NA,NA,2,98.53,98.53,NA,NA
cpsnj09_SemiBin_47.fa,68.18600626659898,NA,NA,NA,NA,NA,426_2,NA,NA,2,97.20,97.20,NA,NA
cpsnj13_SemiBin_33.fa,66.0512233046383,NA,NA,NA,NA,NA,426_3,NA,NA,2,95.48,95.48,NA,NA
snj15_SemiBin_242.fa,54.34616901256127,NA,NA,NA,NA,NA,427_1,NA,NA,2,96.05,96.05,NA,NA
snj09_SemiBin_15.fa,89.62752879871893,NA,NA,NA,NA,NA,428_1,NA,NA,2,98.38,98.38,NA,NA
sample18_SemiBin_22.fa,91.85446282398838,NA,NA,NA,NA,NA,429_1,NA,NA,4,98.55,97.55,NA,NA
sample25_SemiBin_164.fa,14.385988390199136,NA,NA,NA,NA,NA,429_2,NA,NA,1,NA,NA,NA,NA
sample4_SemiBin_730.fa,13.189431994097143,NA,NA,NA,NA,NA,429_3,NA,NA,1,NA,NA,NA,NA
sample13_SemiBin_26.fa,95.46189025044517,NA,NA,NA,NA,NA,430_1,NA,NA,6,98.18,96.40,NA,NA
sample12_SemiBin_28.fa,47.38179082883247,NA,NA,NA,NA,NA,430_2,NA,NA,1,NA,NA,NA,NA
sample6_SemiBin_9.fa,86.42635434855032,NA,NA,NA,NA,NA,431_1,NA,NA,2,96.45,96.45,NA,NA
sample16_SemiBin_225.fa,63.114448000338754,NA,NA,NA,NA,NA,432_1,NA,NA,1,NA,NA,NA,NA
sample26_SemiBin_71.fa,56.56304388326086,NA,NA,NA,NA,NA,432_2,NA,NA,1,NA,NA,NA,NA
sample22_SemiBin_7.fa,99.0121571302593,NA,NA,NA,NA,NA,433_1,NA,NA,11,99.52,98.53,NA,NA
sample16_SemiBin_981.fa,26.43651747991532,NA,NA,NA,NA,NA,433_2,NA,NA,1,NA,NA,NA,NA
snj02_SemiBin_5.fa,93.828364574103,NA,NA,NA,NA,NA,434_0,NA,NA,1,NA,NA,NA,NA
snj09_SemiBin_159.fa,36.72598893116027,NA,NA,NA,NA,NA,435_0,NA,NA,1,NA,NA,NA,NA
sample24_SemiBin_33.fa,66.58773677455429,NA,NA,NA,NA,NA,436_1,NA,NA,3,97.73,96.59,NA,NA
sample28_SemiBin_122.fa,26.036405962630308,NA,NA,NA,NA,NA,437_0,NA,NA,1,NA,NA,NA,NA
sample17_SemiBin_106.fa,54.33716957642301,NA,NA,NA,NA,NA,438_0,NA,NA,1,NA,NA,NA,NA
sample19_SemiBin_149.fa,48.56877209336263,NA,NA,NA,NA,NA,439_0,NA,NA,1,NA,NA,NA,NA
sample29_SemiBin_32.fa,63.668649358328935,NA,NA,NA,NA,NA,440_0,NA,NA,1,NA,NA,NA,NA
snj02_SemiBin_43.fa,62.18397332792118,NA,NA,NA,NA,NA,441_0,NA,NA,1,NA,NA,NA,NA
sample29_SemiBin_31.fa,80.40267849068015,NA,NA,NA,NA,NA,442_0,NA,NA,1,NA,NA,NA,NA
sample6_SemiBin_3.fa,99.31902833228908,NA,NA,NA,NA,NA,443_0,NA,NA,1,NA,NA,NA,NA
sample29_SemiBin_200.fa,68.3751776794323,NA,NA,NA,NA,NA,444_0,NA,NA,1,NA,NA,NA,NA
snj02_SemiBin_47.fa,44.85476554961279,NA,NA,NA,NA,NA,445_0,NA,NA,1,NA,NA,NA,NA
cpsnj13_SemiBin_67.fa,41.18526657882797,NA,NA,NA,NA,NA,446_1,NA,NA,1,NA,NA,NA,NA
snj09_SemiBin_71.fa,54.16995377134724,NA,NA,NA,NA,NA,446_2,NA,NA,1,NA,NA,NA,NA
sample24_SemiBin_7.fa,74.04646644791498,NA,NA,NA,NA,NA,447_1,NA,NA,6,97.94,95.53,NA,NA
cpsnj11_SemiBin_41.fa,68.83061018209415,NA,NA,NA,NA,NA,447_2,NA,NA,5,97.07,94.65,NA,NA
sample5_SemiBin_74.fa,48.23507916126783,NA,NA,NA,NA,NA,447_3,NA,NA,1,NA,NA,NA,NA
sample16_SemiBin_84.fa,50.98652357466293,NA,NA,NA,NA,NA,447_4,NA,NA,1,NA,NA,NA,NA
sample18_SemiBin_220.fa,53.15846899143189,NA,NA,NA,NA,NA,448_0,NA,NA,1,NA,NA,NA,NA
cpsnj04_SemiBin_111.fa,36.680336864049565,NA,NA,NA,NA,NA,449_0,NA,NA,1,NA,NA,NA,NA
snj02_SemiBin_109.fa,53.74869921243666,NA,NA,NA,NA,NA,450_0,NA,NA,1,NA,NA,NA,NA
cpsnj03_SemiBin_71.fa,67.58883248924732,NA,NA,NA,NA,NA,451_1,NA,NA,2,98.02,98.02,NA,NA
snj02_SemiBin_111.fa,65.29729152477475,NA,NA,NA,NA,NA,452_1,NA,NA,2,95.57,95.57,NA,NA
sample19_SemiBin_354.fa,33.91556098134751,NA,NA,NA,NA,NA,453_0,NA,NA,1,NA,NA,NA,NA
sample17_SemiBin_110.fa,38.30804105074528,NA,NA,NA,NA,NA,454_0,NA,NA,1,NA,NA,NA,NA
sample9_SemiBin_43.fa,85.69568212020022,NA,NA,NA,NA,NA,455_1,NA,NA,2,98.00,98.00,NA,NA
snj15_SemiBin_25.fa,71.58942995830952,NA,NA,NA,NA,NA,456_1,NA,NA,2,95.21,95.21,NA,NA
cpsnj19_SemiBin_109.fa,54.52194343733157,NA,NA,NA,NA,NA,457_0,NA,NA,1,NA,NA,NA,NA
sample25_SemiBin_68.fa,71.91966897407372,NA,NA,NA,NA,NA,458_1,NA,NA,3,98.14,96.99,NA,NA
sample1_SemiBin_173.fa,43.87070536399556,NA,NA,NA,NA,NA,459_0,NA,NA,1,NA,NA,NA,NA
sample8_SemiBin_28.fa,88.59974008404741,NA,NA,NA,NA,NA,460_1,NA,NA,3,98.68,98.67,NA,NA
sample1_SemiBin_144.fa,52.33271330598608,NA,NA,NA,NA,NA,461_0,NA,NA,1,NA,NA,NA,NA
cpsnj08_SemiBin_78.fa,51.00912779566691,NA,NA,NA,NA,NA,462_1,NA,NA,1,NA,NA,NA,NA
cpsnj19_SemiBin_117.fa,45.87900663594341,NA,NA,NA,NA,NA,462_2,NA,NA,1,NA,NA,NA,NA
sample24_SemiBin_15.fa,85.4346984788819,NA,NA,NA,NA,NA,462_3,NA,NA,1,NA,NA,NA,NA
sample2_SemiBin_97.fa,37.54634279455038,NA,NA,NA,NA,NA,462_4,NA,NA,1,NA,NA,NA,NA
sample26_SemiBin_28.fa,86.6482273865775,NA,NA,NA,NA,NA,462_5,NA,NA,6,96.46,95.42,NA,NA
snj14_SemiBin_129.fa,10.217957045024502,NA,NA,NA,NA,NA,462_6,NA,NA,1,NA,NA,NA,NA
sample28_SemiBin_0.fa,98.1251701539665,NA,NA,NA,NA,NA,463_1,NA,NA,16,99.74,96.44,NA,NA
sample14_SemiBin_203.fa,69.21171384008349,NA,NA,NA,NA,NA,463_2,NA,NA,1,NA,NA,NA,NA
sample15_SemiBin_34.fa,63.242395406426326,NA,NA,NA,NA,NA,464_1,NA,NA,1,NA,NA,NA,NA
sample22_SemiBin_223.fa,43.872053396074335,NA,NA,NA,NA,NA,464_2,NA,NA,1,NA,NA,NA,NA
sample23_SemiBin_28.fa,89.24765655739424,NA,NA,NA,NA,NA,465_0,NA,NA,1,NA,NA,NA,NA
sample28_SemiBin_77.fa,14.841754653232517,NA,NA,NA,NA,NA,466_0,NA,NA,1,NA,NA,NA,NA
sample14_SemiBin_47.fa,53.03438362462908,NA,NA,NA,NA,NA,467_0,NA,NA,1,NA,NA,NA,NA
sample18_SemiBin_274.fa,51.61541991109819,NA,NA,NA,NA,NA,468_0,NA,NA,1,NA,NA,NA,NA
sample19_SemiBin_207.fa,33.66798113385437,NA,NA,NA,NA,NA,469_0,NA,NA,1,NA,NA,NA,NA
cpsnj20_SemiBin_135.fa,58.79256072470411,NA,NA,NA,NA,NA,470_0,NA,NA,1,NA,NA,NA,NA
sample14_SemiBin_27.fa,27.792591450356685,NA,NA,NA,NA,NA,471_0,NA,NA,1,NA,NA,NA,NA
cpsnj20_SemiBin_18.fa,88.899369543702,NA,NA,NA,NA,NA,472_0,NA,NA,1,NA,NA,NA,NA
cpsnj09_SemiBin_109.fa,57.71956224648436,NA,NA,NA,NA,NA,473_0,NA,NA,1,NA,NA,NA,NA
snj09_SemiBin_108.fa,55.72733351674784,NA,NA,NA,NA,NA,474_0,NA,NA,1,NA,NA,NA,NA
cpsnj10_SemiBin_30.fa,88.85437620812289,NA,NA,NA,NA,NA,475_1,NA,NA,3,99.52,98.54,NA,NA
sample15_SemiBin_160.fa,32.072286229772665,NA,NA,NA,NA,NA,475_2,NA,NA,1,NA,NA,NA,NA
sample13_SemiBin_3.fa,79.49767124778083,NA,NA,NA,NA,NA,476_1,NA,NA,1,NA,NA,NA,NA
sample18_SemiBin_38.fa,86.721165454635,NA,NA,NA,NA,NA,476_2,NA,NA,1,NA,NA,NA,NA
snj14_SemiBin_45.fa,78.08809100301187,NA,NA,NA,NA,NA,477_1,NA,NA,4,97.78,96.03,NA,NA
cpsnj15_SemiBin_61.fa,34.21591339843562,NA,NA,NA,NA,NA,477_2,NA,NA,1,NA,NA,NA,NA
snj19_SemiBin_67.fa,35.58972071220205,NA,NA,NA,NA,NA,477_3,NA,NA,1,NA,NA,NA,NA
sample1_SemiBin_93.fa,71.6208576258332,NA,NA,NA,NA,NA,478_0,NA,NA,1,NA,NA,NA,NA
sample21_SemiBin_5.fa,87.86743067255634,NA,NA,NA,NA,NA,479_1,NA,NA,7,96.99,94.89,NA,NA
sample22_SemiBin_63.fa,76.26205865106822,NA,NA,NA,NA,NA,479_2,NA,NA,1,NA,NA,NA,NA
sample20_SemiBin_106.fa,74.02372728236419,NA,NA,NA,NA,NA,479_3,NA,NA,1,NA,NA,NA,NA
cpsnj03_SemiBin_13.fa,85.79348944816374,NA,NA,NA,NA,NA,479_4,NA,NA,8,98.79,96.22,NA,NA
snj08_SemiBin_116.fa,41.08247141733565,NA,NA,NA,NA,NA,479_5,NA,NA,1,NA,NA,NA,NA
snj20_SemiBin_53.fa,55.68360001966199,NA,NA,NA,NA,NA,479_6,NA,NA,1,NA,NA,NA,NA
sample24_SemiBin_19.fa,63.92160230778114,NA,NA,NA,NA,NA,479_7,NA,NA,1,NA,NA,NA,NA
cpsnj16_SemiBin_1487.fa,16.334067291213113,NA,NA,NA,NA,NA,480_0,NA,NA,1,NA,NA,NA,NA
sample6_SemiBin_1766.fa,9.795718257632773,NA,NA,NA,NA,NA,481_0,NA,NA,1,NA,NA,NA,NA
sample18_SemiBin_139.fa,50.48319976562656,NA,NA,NA,NA,NA,482_0,NA,NA,1,NA,NA,NA,NA
sample28_SemiBin_46.fa,63.62205076604758,NA,NA,NA,NA,NA,483_0,NA,NA,1,NA,NA,NA,NA
cpsnj09_SemiBin_6.fa,87.04567683827575,NA,NA,NA,NA,NA,484_1,NA,NA,4,98.51,95.21,NA,NA
snj19_SemiBin_32.fa,70.60995663481543,NA,NA,NA,NA,NA,484_2,NA,NA,3,98.59,95.63,NA,NA
sample17_SemiBin_291.fa,39.94326401312848,NA,NA,NA,NA,NA,484_3,NA,NA,1,NA,NA,NA,NA
sample16_SemiBin_263.fa,8.817602311266578,NA,NA,NA,NA,NA,485_1,NA,NA,1,NA,NA,NA,NA
sample7_SemiBin_86.fa,50.75070349478243,NA,NA,NA,NA,NA,485_2,NA,NA,1,NA,NA,NA,NA
snj08_SemiBin_71.fa,67.9680073645472,NA,NA,NA,NA,NA,486_1,NA,NA,2,96.80,96.80,NA,NA
sample25_SemiBin_206.fa,24.028717036327016,NA,NA,NA,NA,NA,486_2,NA,NA,1,NA,NA,NA,NA
sample7_SemiBin_211.fa,49.158845801731886,NA,NA,NA,NA,NA,487_0,NA,NA,1,NA,NA,NA,NA
sample18_SemiBin_266.fa,41.86497824001558,NA,NA,NA,NA,NA,488_0,NA,NA,1,NA,NA,NA,NA
cpsnj13_SemiBin_77.fa,48.27724624386228,NA,NA,NA,NA,NA,489_1,NA,NA,1,NA,NA,NA,NA
snj09_SemiBin_81.fa,72.4266025820317,NA,NA,NA,NA,NA,489_2,NA,NA,1,NA,NA,NA,NA
cpsnj10_SemiBin_1872.fa,9.006622507603876,NA,NA,NA,NA,NA,490_0,NA,NA,1,NA,NA,NA,NA
cpsnj10_SemiBin_968.fa,23.377353458986587,NA,NA,NA,NA,NA,491_0,NA,NA,1,NA,NA,NA,NA
sample16_SemiBin_67.fa,73.97926586476173,NA,NA,NA,NA,NA,492_1,NA,NA,2,95.16,95.16,NA,NA
sample16_SemiBin_68.fa,43.77956239968815,NA,NA,NA,NA,NA,493_1,NA,NA,1,NA,NA,NA,NA
sample17_SemiBin_41.fa,44.45446272679344,NA,NA,NA,NA,NA,493_2,NA,NA,1,NA,NA,NA,NA
snj02_SemiBin_28.fa,70.59677100138596,NA,NA,NA,NA,NA,494_1,NA,NA,2,97.25,97.25,NA,NA
snj03_SemiBin_59.fa,58.45376496539587,NA,NA,NA,NA,NA,495_1,NA,NA,2,97.62,97.62,NA,NA
sample6_SemiBin_16.fa,75.44715210586345,NA,NA,NA,NA,NA,495_2,NA,NA,5,97.16,96.48,NA,NA
sample20_SemiBin_201.fa,26.09704194112833,NA,NA,NA,NA,NA,496_0,NA,NA,1,NA,NA,NA,NA
snj11_SemiBin_47.fa,80.05743822804325,NA,NA,NA,NA,NA,497_0,NA,NA,1,NA,NA,NA,NA
snj19_SemiBin_110.fa,46.9871397185975,NA,NA,NA,NA,NA,498_0,NA,NA,1,NA,NA,NA,NA
sample16_SemiBin_73.fa,81.74020089535847,NA,NA,NA,NA,NA,499_1,NA,NA,3,98.40,97.44,NA,NA
sample28_SemiBin_48.fa,85.5895568208226,NA,NA,NA,NA,NA,500_0,NA,NA,1,NA,NA,NA,NA
cpsnj15_SemiBin_49.fa,54.35631945195622,NA,NA,NA,NA,NA,501_0,NA,NA,1,NA,NA,NA,NA
sample16_SemiBin_71.fa,61.94853790004061,NA,NA,NA,NA,NA,502_0,NA,NA,1,NA,NA,NA,NA
sample17_SemiBin_76.fa,60.125957876118974,NA,NA,NA,NA,NA,503_0,NA,NA,1,NA,NA,NA,NA
sample19_SemiBin_89.fa,70.83053237111986,NA,NA,NA,NA,NA,504_0,NA,NA,1,NA,NA,NA,NA
cpsnj15_SemiBin_5.fa,90.62778243410996,NA,NA,NA,NA,NA,505_1,NA,NA,2,97.20,97.20,NA,NA
sample20_SemiBin_158.fa,90.14186540018206,NA,NA,NA,NA,NA,506_1,NA,NA,16,98.08,97.03,NA,NA
sample4_SemiBin_69.fa,71.33155397416664,NA,NA,NA,NA,NA,507_1,NA,NA,3,98.73,95.27,NA,NA
sample1_SemiBin_89.fa,57.40908459582776,NA,NA,NA,NA,NA,508_1,NA,NA,3,97.33,97.20,NA,NA
sample16_SemiBin_163.fa,21.948607295282123,NA,NA,NA,NA,NA,508_2,NA,NA,1,NA,NA,NA,NA
sample20_SemiBin_113.fa,34.50746958526045,NA,NA,NA,NA,NA,509_0,NA,NA,1,NA,NA,NA,NA
sample21_SemiBin_1433.fa,15.237428676799038,NA,NA,NA,NA,NA,510_0,NA,NA,1,NA,NA,NA,NA
sample19_SemiBin_104.fa,41.60826034271802,NA,NA,NA,NA,NA,511_0,NA,NA,1,NA,NA,NA,NA
sample29_SemiBin_350.fa,27.831555823248912,NA,NA,NA,NA,NA,512_0,NA,NA,1,NA,NA,NA,NA
snj19_SemiBin_108.fa,38.04169374554156,NA,NA,NA,NA,NA,513_0,NA,NA,1,NA,NA,NA,NA
cpsnj19_SemiBin_50.fa,75.25969531552178,NA,NA,NA,NA,NA,514_1,NA,NA,4,98.21,97.58,NA,NA
sample1_SemiBin_103.fa,73.27529214898398,NA,NA,NA,NA,NA,514_2,NA,NA,1,NA,NA,NA,NA
cpsnj14_SemiBin_64.fa,75.16719826784896,NA,NA,NA,NA,NA,515_0,NA,NA,1,NA,NA,NA,NA
sample26_SemiBin_83.fa,50.57885494525486,NA,NA,NA,NA,NA,516_0,NA,NA,1,NA,NA,NA,NA
sample11_SemiBin_26.fa,71.04153860142983,NA,NA,NA,NA,NA,517_1,NA,NA,2,95.70,95.70,NA,NA
sample18_SemiBin_58.fa,89.04999019602475,NA,NA,NA,NA,NA,518_1,NA,NA,6,98.39,96.72,NA,NA
sample22_SemiBin_136.fa,10.308566774770018,NA,NA,NA,NA,NA,518_2,NA,NA,1,NA,NA,NA,NA
sample17_SemiBin_66.fa,65.40861842878942,NA,NA,NA,NA,NA,519_0,NA,NA,1,NA,NA,NA,NA
sample18_SemiBin_97.fa,71.90452427984722,NA,NA,NA,NA,NA,520_0,NA,NA,1,NA,NA,NA,NA
sample18_SemiBin_167.fa,55.45382660711484,NA,NA,NA,NA,NA,521_0,NA,NA,1,NA,NA,NA,NA
snj13_SemiBin_10.fa,90.35909341368928,NA,NA,NA,NA,NA,522_1,NA,NA,4,98.20,97.73,NA,NA
sample20_SemiBin_49.fa,82.11972847088323,NA,NA,NA,NA,NA,523_1,NA,NA,4,97.21,95.53,NA,NA
sample13_SemiBin_0.fa,93.4311077317336,NA,NA,NA,NA,NA,524_1,NA,NA,3,95.91,95.14,NA,NA
sample13_SemiBin_122.fa,27.835833847186866,NA,NA,NA,NA,NA,525_0,NA,NA,1,NA,NA,NA,NA
cpsnj11_SemiBin_43.fa,78.84693518438054,NA,NA,NA,NA,NA,526_1,NA,NA,4,98.49,97.24,NA,NA
sample11_SemiBin_9.fa,47.29938397753975,NA,NA,NA,NA,NA,527_0,NA,NA,1,NA,NA,NA,NA
sample17_SemiBin_3.fa,92.65299878499864,NA,NA,NA,NA,NA,528_0,NA,NA,1,NA,NA,NA,NA
snj19_SemiBin_63.fa,69.71234935044833,NA,NA,NA,NA,NA,529_1,NA,NA,3,97.95,97.92,NA,NA
snj11_SemiBin_184.fa,56.88328333910693,NA,NA,NA,NA,NA,530_0,NA,NA,1,NA,NA,NA,NA
sample19_SemiBin_95.fa,70.04703125481501,NA,NA,NA,NA,NA,531_1,NA,NA,2,98.20,98.20,NA,NA
sample26_SemiBin_38.fa,84.11171114437556,NA,NA,NA,NA,NA,532_0,NA,NA,1,NA,NA,NA,NA
cpsnj08_SemiBin_80.fa,67.52679983323158,NA,NA,NA,NA,NA,533_0,NA,NA,1,NA,NA,NA,NA
sample20_SemiBin_703.fa,29.98210714822062,NA,NA,NA,NA,NA,534_0,NA,NA,1,NA,NA,NA,NA
sample27_SemiBin_18.fa,79.20721090473934,NA,NA,NA,NA,NA,535_1,NA,NA,5,98.24,96.02,NA,NA
snj20_SemiBin_41.fa,62.58602497707613,NA,NA,NA,NA,NA,536_0,NA,NA,1,NA,NA,NA,NA
snj20_SemiBin_51.fa,53.3408166987163,NA,NA,NA,NA,NA,537_0,NA,NA,1,NA,NA,NA,NA
sample18_SemiBin_14.fa,91.02314573865596,NA,NA,NA,NA,NA,538_0,NA,NA,1,NA,NA,NA,NA
sample1_SemiBin_84.fa,67.18276015538969,NA,NA,NA,NA,NA,539_0,NA,NA,1,NA,NA,NA,NA
cpsnj11_SemiBin_85.fa,60.79303009669351,NA,NA,NA,NA,NA,540_0,NA,NA,1,NA,NA,NA,NA
snj20_SemiBin_84.fa,51.42761624217764,NA,NA,NA,NA,NA,541_0,NA,NA,1,NA,NA,NA,NA
sample18_SemiBin_132.fa,77.87996008551136,NA,NA,NA,NA,NA,542_0,NA,NA,1,NA,NA,NA,NA
sample7_SemiBin_385.fa,10.320743662917817,NA,NA,NA,NA,NA,543_0,NA,NA,1,NA,NA,NA,NA
sample29_SemiBin_313.fa,52.92737442372905,NA,NA,NA,NA,NA,544_0,NA,NA,1,NA,NA,NA,NA
snj01_SemiBin_33.fa,71.29224749467122,NA,NA,NA,NA,NA,545_0,NA,NA,1,NA,NA,NA,NA
sample11_SemiBin_25.fa,76.81834724877264,NA,NA,NA,NA,NA,546_0,NA,NA,1,NA,NA,NA,NA
sample29_SemiBin_109.fa,59.31300334736459,NA,NA,NA,NA,NA,547_0,NA,NA,1,NA,NA,NA,NA
snj13_SemiBin_69.fa,35.48016268959986,NA,NA,NA,NA,NA,548_0,NA,NA,1,NA,NA,NA,NA
sample27_SemiBin_81.fa,38.52892356889724,NA,NA,NA,NA,NA,549_0,NA,NA,1,NA,NA,NA,NA
sample29_SemiBin_92.fa,71.62227688906194,NA,NA,NA,NA,NA,550_0,NA,NA,1,NA,NA,NA,NA
cpsnj14_SemiBin_180.fa,69.91340860070791,NA,NA,NA,NA,NA,551_1,NA,NA,2,96.47,96.47,NA,NA
sample19_SemiBin_122.fa,52.30396242435834,NA,NA,NA,NA,NA,552_0,NA,NA,1,NA,NA,NA,NA
sample29_SemiBin_138.fa,48.01626887671828,NA,NA,NA,NA,NA,553_0,NA,NA,1,NA,NA,NA,NA
cpsnj03_SemiBin_778.fa,17.814025887890814,NA,NA,NA,NA,NA,554_1,NA,NA,1,NA,NA,NA,NA
sample1_SemiBin_223.fa,61.14823829164403,NA,NA,NA,NA,NA,554_2,NA,NA,1,NA,NA,NA,NA
snj14_SemiBin_71.fa,80.20144855561122,NA,NA,NA,NA,NA,555_1,NA,NA,3,96.87,96.53,NA,NA
snj09_SemiBin_169.fa,52.43983598225469,NA,NA,NA,NA,NA,555_2,NA,NA,1,NA,NA,NA,NA
sample18_SemiBin_88.fa,84.16861878238626,NA,NA,NA,NA,NA,556_0,NA,NA,1,NA,NA,NA,NA
sample29_SemiBin_93.fa,67.67992191027399,NA,NA,NA,NA,NA,557_0,NA,NA,1,NA,NA,NA,NA
sample5_SemiBin_61.fa,54.09035881163765,NA,NA,NA,NA,NA,558_0,NA,NA,1,NA,NA,NA,NA
sample18_SemiBin_75.fa,94.45935625047149,NA,NA,NA,NA,NA,559_0,NA,NA,1,NA,NA,NA,NA
sample21_SemiBin_72.fa,58.92931288207074,NA,NA,NA,NA,NA,560_0,NA,NA,1,NA,NA,NA,NA
sample18_SemiBin_126.fa,72.74739636598068,NA,NA,NA,NA,NA,561_1,NA,NA,2,96.51,96.51,NA,NA
sample18_SemiBin_178.fa,55.25898701598041,NA,NA,NA,NA,NA,562_0,NA,NA,1,NA,NA,NA,NA
sample7_SemiBin_52.fa,75.73022989055924,NA,NA,NA,NA,NA,563_1,NA,NA,7,98.38,96.49,NA,NA
sample13_SemiBin_87.fa,36.46499309693053,NA,NA,NA,NA,NA,564_0,NA,NA,1,NA,NA,NA,NA
sample5_SemiBin_18.fa,70.69741188068735,NA,NA,NA,NA,NA,565_0,NA,NA,1,NA,NA,NA,NA
sample7_SemiBin_394.fa,47.28342761763798,NA,NA,NA,NA,NA,566_0,NA,NA,1,NA,NA,NA,NA
sample23_SemiBin_100.fa,54.83555376374096,NA,NA,NA,NA,NA,567_0,NA,NA,1,NA,NA,NA,NA
cpsnj11_SemiBin_101.fa,57.4646533829267,NA,NA,NA,NA,NA,568_1,NA,NA,2,97.80,97.80,NA,NA
cpsnj19_SemiBin_42.fa,64.23046639491467,NA,NA,NA,NA,NA,569_1,NA,NA,2,97.91,97.91,NA,NA
cpsnj20_SemiBin_114.fa,19.51045171470067,NA,NA,NA,NA,NA,569_2,NA,NA,1,NA,NA,NA,NA
snj01_SemiBin_96.fa,36.70492077574926,NA,NA,NA,NA,NA,569_3,NA,NA,1,NA,NA,NA,NA
sample24_SemiBin_31.fa,54.65210430655575,NA,NA,NA,NA,NA,570_1,NA,NA,1,NA,NA,NA,NA
sample26_SemiBin_62.fa,55.38036780172465,NA,NA,NA,NA,NA,570_2,NA,NA,1,NA,NA,NA,NA
sample23_SemiBin_444.fa,14.68095231685808,NA,NA,NA,NA,NA,570_3,NA,NA,1,NA,NA,NA,NA
sample16_SemiBin_109.fa,36.22280909933786,NA,NA,NA,NA,NA,570_4,NA,NA,1,NA,NA,NA,NA
sample28_SemiBin_61.fa,59.67540051123524,NA,NA,NA,NA,NA,570_5,NA,NA,1,NA,NA,NA,NA
sample6_SemiBin_145.fa,43.82544149942879,NA,NA,NA,NA,NA,571_0,NA,NA,1,NA,NA,NA,NA
sample22_SemiBin_1598.fa,18.67502040519699,NA,NA,NA,NA,NA,572_0,NA,NA,1,NA,NA,NA,NA
sample4_SemiBin_104.fa,22.647511768396416,NA,NA,NA,NA,NA,573_0,NA,NA,1,NA,NA,NA,NA
snj04_SemiBin_1776.fa,17.74331063531167,NA,NA,NA,NA,NA,574_0,NA,NA,1,NA,NA,NA,NA
cpsnj13_SemiBin_26.fa,70.31771171197383,NA,NA,NA,NA,NA,575_0,NA,NA,1,NA,NA,NA,NA
sample15_SemiBin_55.fa,75.37420015289317,NA,NA,NA,NA,NA,576_1,NA,NA,2,97.47,97.47,NA,NA
sample13_SemiBin_115.fa,58.47797335983952,NA,NA,NA,NA,NA,576_2,NA,NA,1,NA,NA,NA,NA
cpsnj09_SemiBin_107.fa,49.05031422222353,NA,NA,NA,NA,NA,577_0,NA,NA,1,NA,NA,NA,NA
sample20_SemiBin_39.fa,86.12921777769105,NA,NA,NA,NA,NA,578_0,NA,NA,1,NA,NA,NA,NA
sample6_SemiBin_13.fa,87.31116457343497,NA,NA,NA,NA,NA,579_0,NA,NA,1,NA,NA,NA,NA
sample22_SemiBin_82.fa,66.15970990476863,NA,NA,NA,NA,NA,580_1,NA,NA,2,97.72,97.72,NA,NA
sample18_SemiBin_310.fa,57.25195917970007,NA,NA,NA,NA,NA,581_0,NA,NA,1,NA,NA,NA,NA
sample25_SemiBin_21.fa,81.04317921176529,NA,NA,NA,NA,NA,582_0,NA,NA,1,NA,NA,NA,NA
sample1_SemiBin_76.fa,79.2142573943358,NA,NA,NA,NA,NA,583_0,NA,NA,1,NA,NA,NA,NA
sample29_SemiBin_99.fa,66.59910754755991,NA,NA,NA,NA,NA,584_0,NA,NA,1,NA,NA,NA,NA
snj20_SemiBin_49.fa,65.55814931292944,NA,NA,NA,NA,NA,585_0,NA,NA,1,NA,NA,NA,NA
sample29_SemiBin_115.fa,68.53223052395421,NA,NA,NA,NA,NA,586_0,NA,NA,1,NA,NA,NA,NA
sample5_SemiBin_86.fa,47.15656639362808,NA,NA,NA,NA,NA,587_0,NA,NA,1,NA,NA,NA,NA
cpsnj13_SemiBin_23.fa,75.77702594159814,NA,NA,NA,NA,NA,588_1,NA,NA,2,97.04,97.04,NA,NA
sample20_SemiBin_173.fa,50.05662094781199,NA,NA,NA,NA,NA,588_2,NA,NA,1,NA,NA,NA,NA
cpsnj13_SemiBin_90.fa,69.21852370919072,NA,NA,NA,NA,NA,589_0,NA,NA,1,NA,NA,NA,NA
snj13_SemiBin_31.fa,65.10868530256572,NA,NA,NA,NA,NA,590_0,NA,NA,1,NA,NA,NA,NA
snj11_SemiBin_1057.fa,14.487909591668544,NA,NA,NA,NA,NA,591_1,NA,NA,1,NA,NA,NA,NA
snj20_SemiBin_20.fa,82.14585385135608,NA,NA,NA,NA,NA,591_2,NA,NA,1,NA,NA,NA,NA
cpsnj20_SemiBin_40.fa,63.325710563804535,NA,NA,NA,NA,NA,592_0,NA,NA,1,NA,NA,NA,NA
sample29_SemiBin_151.fa,60.38311705524369,NA,NA,NA,NA,NA,593_0,NA,NA,1,NA,NA,NA,NA
sample11_SemiBin_64.fa,90.14570340481004,NA,NA,NA,NA,NA,594_1,NA,NA,3,98.60,98.08,NA,NA
sample22_SemiBin_492.fa,21.797006331790747,NA,NA,NA,NA,NA,594_2,NA,NA,1,NA,NA,NA,NA
sample13_SemiBin_25.fa,91.40503415560184,NA,NA,NA,NA,NA,595_1,NA,NA,2,95.57,95.57,NA,NA
sample22_SemiBin_493.fa,16.17504131669619,NA,NA,NA,NA,NA,596_0,NA,NA,1,NA,NA,NA,NA
sample27_SemiBin_398.fa,21.41136261160054,NA,NA,NA,NA,NA,597_0,NA,NA,1,NA,NA,NA,NA
sample29_SemiBin_45.fa,86.92329921841262,NA,NA,NA,NA,NA,598_0,NA,NA,1,NA,NA,NA,NA
sample29_SemiBin_5.fa,98.09874365789882,NA,NA,NA,NA,NA,599_0,NA,NA,1,NA,NA,NA,NA
sample29_SemiBin_136.fa,57.84087688483573,NA,NA,NA,NA,NA,600_0,NA,NA,1,NA,NA,NA,NA
cpsnj01_SemiBin_112.fa,26.475017085234388,NA,NA,NA,NA,NA,601_0,NA,NA,1,NA,NA,NA,NA
snj09_SemiBin_110.fa,45.23192236261227,NA,NA,NA,NA,NA,602_0,NA,NA,1,NA,NA,NA,NA
cpsnj02_SemiBin_7.fa,72.39259573173484,NA,NA,NA,NA,NA,603_0,NA,NA,1,NA,NA,NA,NA
cpsnj09_SemiBin_40.fa,76.98102477202028,NA,NA,NA,NA,NA,604_0,NA,NA,1,NA,NA,NA,NA
snj11_SemiBin_186.fa,62.18081340232563,NA,NA,NA,NA,NA,605_0,NA,NA,1,NA,NA,NA,NA
snj02_SemiBin_36.fa,59.12460802009896,NA,NA,NA,NA,NA,606_0,NA,NA,1,NA,NA,NA,NA
sample29_SemiBin_111.fa,69.40737376535456,NA,NA,NA,NA,NA,607_0,NA,NA,1,NA,NA,NA,NA
sample29_SemiBin_604.fa,14.337385531100256,NA,NA,NA,NA,NA,608_0,NA,NA,1,NA,NA,NA,NA
sample19_SemiBin_343.fa,41.90090681585578,NA,NA,NA,NA,NA,609_0,NA,NA,1,NA,NA,NA,NA
cpsnj02_SemiBin_638.fa,21.237841256129467,NA,NA,NA,NA,NA,610_0,NA,NA,1,NA,NA,NA,NA
cpsnj15_SemiBin_1.fa,96.38751406189124,NA,NA,NA,NA,NA,611_0,NA,NA,1,NA,NA,NA,NA
sample22_SemiBin_21.fa,91.96638301745502,NA,NA,NA,NA,NA,612_1,NA,NA,1,NA,NA,NA,NA
sample2_SemiBin_54.fa,50.5352628665616,NA,NA,NA,NA,NA,612_2,NA,NA,1,NA,NA,NA,NA
sample19_SemiBin_113.fa,75.60569155311057,NA,NA,NA,NA,NA,613_0,NA,NA,1,NA,NA,NA,NA
sample29_SemiBin_278.fa,60.875982869339616,NA,NA,NA,NA,NA,614_0,NA,NA,1,NA,NA,NA,NA
snj04_SemiBin_79.fa,43.85681179451512,NA,NA,NA,NA,NA,615_0,NA,NA,1,NA,NA,NA,NA
cpsnj02_SemiBin_59.fa,49.85506635885108,NA,NA,NA,NA,NA,616_0,NA,NA,1,NA,NA,NA,NA
snj08_SemiBin_42.fa,49.39168906410471,NA,NA,NA,NA,NA,617_0,NA,NA,1,NA,NA,NA,NA
sample2_SemiBin_916.fa,15.78651004550508,NA,NA,NA,NA,NA,618_0,NA,NA,1,NA,NA,NA,NA
snj11_SemiBin_187.fa,40.47992310379832,NA,NA,NA,NA,NA,619_0,NA,NA,1,NA,NA,NA,NA
cpsnj15_SemiBin_55.fa,54.04758730800138,NA,NA,NA,NA,NA,620_0,NA,NA,1,NA,NA,NA,NA
sample6_SemiBin_75.fa,49.31907899006872,NA,NA,NA,NA,NA,621_0,NA,NA,1,NA,NA,NA,NA
snj02_SemiBin_56.fa,44.50864351028861,NA,NA,NA,NA,NA,622_0,NA,NA,1,NA,NA,NA,NA
sample29_SemiBin_408.fa,58.15819455312234,NA,NA,NA,NA,NA,623_0,NA,NA,1,NA,NA,NA,NA
sample29_SemiBin_409.fa,33.21214591833253,NA,NA,NA,NA,NA,624_0,NA,NA,1,NA,NA,NA,NA
cpsnj19_SemiBin_224.fa,59.6589403029122,NA,NA,NA,NA,NA,625_0,NA,NA,1,NA,NA,NA,NA
cpsnj15_SemiBin_0.fa,83.9079738498793,NA,NA,NA,NA,NA,626_0,NA,NA,1,NA,NA,NA,NA
sample20_SemiBin_58.fa,81.54784557676146,NA,NA,NA,NA,NA,627_1,NA,NA,2,97.50,97.50,NA,NA
sample29_SemiBin_149.fa,71.65895885172942,NA,NA,NA,NA,NA,628_0,NA,NA,1,NA,NA,NA,NA
sample29_SemiBin_85.fa,75.67031600131008,NA,NA,NA,NA,NA,629_0,NA,NA,1,NA,NA,NA,NA
sample19_SemiBin_17.fa,94.96365182705452,NA,NA,NA,NA,NA,630_0,NA,NA,1,NA,NA,NA,NA
sample16_SemiBin_64.fa,47.07349649599465,NA,NA,NA,NA,NA,631_1,NA,NA,1,NA,NA,NA,NA
sample6_SemiBin_59.fa,58.8059889524812,NA,NA,NA,NA,NA,631_2,NA,NA,1,NA,NA,NA,NA
sample22_SemiBin_147.fa,28.028326480036757,NA,NA,NA,NA,NA,632_0,NA,NA,1,NA,NA,NA,NA
sample13_SemiBin_487.fa,27.89632539396676,NA,NA,NA,NA,NA,633_0,NA,NA,1,NA,NA,NA,NA
sample15_SemiBin_108.fa,58.22290449728582,NA,NA,NA,NA,NA,634_1,NA,NA,1,NA,NA,NA,NA
sample25_SemiBin_1529.fa,24.03346265039595,NA,NA,NA,NA,NA,634_2,NA,NA,1,NA,NA,NA,NA
cpsnj16_SemiBin_80.fa,48.38651879591739,NA,NA,NA,NA,NA,635_0,NA,NA,1,NA,NA,NA,NA
sample30_SemiBin_25.fa,63.37968497770746,NA,NA,NA,NA,NA,636_1,NA,NA,4,95.67,95.26,NA,NA
sample16_SemiBin_185.fa,51.1394726543972,NA,NA,NA,NA,NA,636_2,NA,NA,1,NA,NA,NA,NA
sample27_SemiBin_77.fa,32.075731902657935,NA,NA,NA,NA,NA,636_3,NA,NA,1,NA,NA,NA,NA
cpsnj03_SemiBin_91.fa,48.2014616418875,NA,NA,NA,NA,NA,636_4,NA,NA,1,NA,NA,NA,NA
cpsnj01_SemiBin_85.fa,38.21639982536202,NA,NA,NA,NA,NA,636_5,NA,NA,1,NA,NA,NA,NA
sample24_SemiBin_1183.fa,47.90157588435143,NA,NA,NA,NA,NA,636_6,NA,NA,1,NA,NA,NA,NA
sample6_SemiBin_66.fa,45.21623848905718,NA,NA,NA,NA,NA,636_7,NA,NA,1,NA,NA,NA,NA
cpsnj02_SemiBin_132.fa,43.66065696134551,NA,NA,NA,NA,NA,636_8,NA,NA,1,NA,NA,NA,NA
sample26_SemiBin_157.fa,41.747535670417655,NA,NA,NA,NA,NA,636_9,NA,NA,1,NA,NA,NA,NA
cpsnj09_SemiBin_243.fa,50.07454995394098,NA,NA,NA,NA,NA,636_10,NA,NA,1,NA,NA,NA,NA
cpsnj15_SemiBin_90.fa,31.848569405008902,NA,NA,NA,NA,NA,636_11,NA,NA,1,NA,NA,NA,NA
cpsnj10_SemiBin_361.fa,13.925495357805342,NA,NA,NA,NA,NA,637_0,NA,NA,1,NA,NA,NA,NA
cpsnj16_SemiBin_47.fa,81.98688374702328,NA,NA,NA,NA,NA,638_1,NA,NA,2,98.26,98.26,NA,NA
sample17_SemiBin_10.fa,91.744014582141,NA,NA,NA,NA,NA,639_1,NA,NA,7,98.97,98.00,NA,NA
sample5_SemiBin_39.fa,70.36447279689774,NA,NA,NA,NA,NA,640_1,NA,NA,8,98.70,97.82,NA,NA
cpsnj13_SemiBin_6.fa,80.63740224241964,NA,NA,NA,NA,NA,641_1,NA,NA,6,99.19,98.59,NA,NA
sample22_SemiBin_162.fa,68.8609688004739,NA,NA,NA,NA,NA,642_1,NA,NA,5,98.18,96.11,NA,NA
sample17_SemiBin_289.fa,48.29891660486612,NA,NA,NA,NA,NA,643_0,NA,NA,1,NA,NA,NA,NA
sample19_SemiBin_105.fa,45.66907103491887,NA,NA,NA,NA,NA,644_0,NA,NA,1,NA,NA,NA,NA
sample19_SemiBin_101.fa,43.23589651046899,NA,NA,NA,NA,NA,645_0,NA,NA,1,NA,NA,NA,NA
cpsnj04_SemiBin_32.fa,80.59933177889228,NA,NA,NA,NA,NA,646_1,NA,NA,12,97.27,95.49,NA,NA
snj20_SemiBin_34.fa,52.133646891606325,NA,NA,NA,NA,NA,646_2,NA,NA,1,NA,NA,NA,NA
sample16_SemiBin_32.fa,75.06316253308351,NA,NA,NA,NA,NA,647_1,NA,NA,2,98.75,98.75,NA,NA
cpsnj14_SemiBin_72.fa,63.15004821477928,NA,NA,NA,NA,NA,648_1,NA,NA,1,NA,NA,NA,NA
sample14_SemiBin_50.fa,39.71996533462372,NA,NA,NA,NA,NA,648_2,NA,NA,1,NA,NA,NA,NA
snj19_SemiBin_99.fa,43.60006797195949,NA,NA,NA,NA,NA,649_1,NA,NA,2,97.26,97.26,NA,NA
sample18_SemiBin_143.fa,61.21700567365252,NA,NA,NA,NA,NA,650_1,NA,NA,7,98.57,97.61,NA,NA
cpsnj14_SemiBin_52.fa,61.155740223593554,NA,NA,NA,NA,NA,651_1,NA,NA,3,97.36,97.25,NA,NA
cpsnj08_SemiBin_7.fa,51.76122904345869,NA,NA,NA,NA,NA,651_2,NA,NA,5,98.04,96.61,NA,NA
cpsnj11_SemiBin_348.fa,16.462309595235062,NA,NA,NA,NA,NA,652_0,NA,NA,1,NA,NA,NA,NA
sample7_SemiBin_192.fa,68.97002605663106,NA,NA,NA,NA,NA,653_1,NA,NA,2,99.03,99.03,NA,NA
sample3_SemiBin_13.fa,68.93360252719513,NA,NA,NA,NA,NA,654_1,NA,NA,2,98.61,98.61,NA,NA
sample15_SemiBin_43.fa,74.12449660216939,NA,NA,NA,NA,NA,655_1,NA,NA,6,98.80,97.87,NA,NA
sample13_SemiBin_233.fa,59.30296886021551,NA,NA,NA,NA,NA,656_1,NA,NA,2,96.57,96.57,NA,NA
sample22_SemiBin_31.fa,84.67853546421173,NA,NA,NA,NA,NA,657_1,NA,NA,10,97.25,95.71,NA,NA
sample13_SemiBin_9.fa,66.50988016359503,NA,NA,NA,NA,NA,658_0,NA,NA,1,NA,NA,NA,NA
sample18_SemiBin_162.fa,57.62521867656311,NA,NA,NA,NA,NA,659_1,NA,NA,2,97.17,97.17,NA,NA
cpsnj11_SemiBin_73.fa,67.9227304735744,NA,NA,NA,NA,NA,660_1,NA,NA,3,98.79,97.83,NA,NA
cpsnj15_SemiBin_27.fa,43.87145981042473,NA,NA,NA,NA,NA,660_2,NA,NA,1,NA,NA,NA,NA
sample5_SemiBin_80.fa,44.03556738059992,NA,NA,NA,NA,NA,660_3,NA,NA,1,NA,NA,NA,NA
snj20_SemiBin_31.fa,65.67905349104969,NA,NA,NA,NA,NA,661_1,NA,NA,3,97.97,95.91,NA,NA
cpsnj04_SemiBin_68.fa,38.90969060920906,NA,NA,NA,NA,NA,661_2,NA,NA,1,NA,NA,NA,NA
sample17_SemiBin_220.fa,50.30043648261363,NA,NA,NA,NA,NA,662_0,NA,NA,1,NA,NA,NA,NA
sample19_SemiBin_196.fa,53.25103567961578,NA,NA,NA,NA,NA,663_0,NA,NA,1,NA,NA,NA,NA
snj09_SemiBin_45.fa,66.71258042851734,NA,NA,NA,NA,NA,664_1,NA,NA,2,96.71,96.71,NA,NA
snj15_SemiBin_59.fa,30.01236996312641,NA,NA,NA,NA,NA,664_2,NA,NA,1,NA,NA,NA,NA
sample16_SemiBin_116.fa,16.760417811400913,NA,NA,NA,NA,NA,665_0,NA,NA,1,NA,NA,NA,NA
cpsnj13_SemiBin_37.fa,66.8628726305016,NA,NA,NA,NA,NA,666_1,NA,NA,6,97.93,95.69,NA,NA
snj09_SemiBin_1.fa,82.22316388846312,NA,NA,NA,NA,NA,667_1,NA,NA,6,99.12,96.09,NA,NA
cpsnj10_SemiBin_736.fa,15.019018051636705,NA,NA,NA,NA,NA,668_1,NA,NA,1,NA,NA,NA,NA
cpsnj13_SemiBin_429.fa,25.151427505704078,NA,NA,NA,NA,NA,668_2,NA,NA,1,NA,NA,NA,NA
cpsnj19_SemiBin_41.fa,86.21981989347105,NA,NA,NA,NA,NA,669_1,NA,NA,2,98.95,98.95,NA,NA
sample20_SemiBin_187.fa,42.382132874691415,NA,NA,NA,NA,NA,670_0,NA,NA,1,NA,NA,NA,NA
sample17_SemiBin_35.fa,82.31305927233394,NA,NA,NA,NA,NA,671_1,NA,NA,2,99.57,99.57,NA,NA
sample29_SemiBin_21.fa,85.16279578776242,NA,NA,NA,NA,NA,672_1,NA,NA,5,97.62,96.24,NA,NA
sample19_SemiBin_124.fa,55.01324467257848,NA,NA,NA,NA,NA,672_2,NA,NA,1,NA,NA,NA,NA
sample18_SemiBin_187.fa,22.49892265607744,NA,NA,NA,NA,NA,673_0,NA,NA,1,NA,NA,NA,NA
sample6_SemiBin_64.fa,52.612297361297,NA,NA,NA,NA,NA,674_1,NA,NA,1,NA,NA,NA,NA
sample7_SemiBin_128.fa,16.030027191766965,NA,NA,NA,NA,NA,674_2,NA,NA,1,NA,NA,NA,NA
snj13_SemiBin_11.fa,84.1971526401596,NA,NA,NA,NA,NA,675_1,NA,NA,2,97.60,97.60,NA,NA
sample18_SemiBin_8.fa,66.41553514208641,NA,NA,NA,NA,NA,675_2,NA,NA,1,NA,NA,NA,NA
snj14_SemiBin_88.fa,60.828078005111095,NA,NA,NA,NA,NA,676_1,NA,NA,2,97.73,97.73,NA,NA
cpsnj14_SemiBin_6.fa,75.10724226055456,NA,NA,NA,NA,NA,677_1,NA,NA,8,99.22,96.18,NA,NA
snj08_SemiBin_88.fa,47.01813508858321,NA,NA,NA,NA,NA,678_1,NA,NA,4,98.76,97.17,NA,NA
snj20_SemiBin_266.fa,9.873115964182492,NA,NA,NA,NA,NA,678_2,NA,NA,1,NA,NA,NA,NA
snj19_SemiBin_13.fa,81.3287832228549,NA,NA,NA,NA,NA,679_1,NA,NA,18,98.56,97.31,NA,NA
sample15_SemiBin_104.fa,30.358637269431792,NA,NA,NA,NA,NA,679_2,NA,NA,1,NA,NA,NA,NA
snj13_SemiBin_412.fa,39.86826583092077,NA,NA,NA,NA,NA,679_3,NA,NA,1,NA,NA,NA,NA
sample1_SemiBin_307.fa,34.34864674947284,NA,NA,NA,NA,NA,680_0,NA,NA,1,NA,NA,NA,NA
sample15_SemiBin_110.fa,58.20953246970532,NA,NA,NA,NA,NA,681_0,NA,NA,1,NA,NA,NA,NA
sample25_SemiBin_15.fa,88.5124952308793,NA,NA,NA,NA,NA,682_1,NA,NA,2,97.68,97.68,NA,NA
sample20_SemiBin_34.fa,94.32715508822498,NA,NA,NA,NA,NA,682_2,NA,NA,4,98.31,96.10,NA,NA
cpsnj08_SemiBin_91.fa,36.91208143782752,NA,NA,NA,NA,NA,683_0,NA,NA,1,NA,NA,NA,NA
sample14_SemiBin_97.fa,21.842722559272083,NA,NA,NA,NA,NA,684_0,NA,NA,1,NA,NA,NA,NA
sample16_SemiBin_138.fa,58.22594590431056,NA,NA,NA,NA,NA,685_1,NA,NA,2,95.90,95.90,NA,NA
snj09_SemiBin_4.fa,97.00791946525491,NA,NA,NA,NA,NA,686_1,NA,NA,2,98.52,98.52,NA,NA
sample13_SemiBin_6.fa,97.2363619096711,NA,NA,NA,NA,NA,687_1,NA,NA,5,99.18,95.68,NA,NA
sample8_SemiBin_1351.fa,18.53001206856911,NA,NA,NA,NA,NA,687_2,NA,NA,1,NA,NA,NA,NA
sample3_SemiBin_66.fa,41.50987410946593,NA,NA,NA,NA,NA,687_3,NA,NA,1,NA,NA,NA,NA
cpsnj10_SemiBin_109.fa,50.435508559327296,NA,NA,NA,NA,NA,688_0,NA,NA,1,NA,NA,NA,NA
cpsnj13_SemiBin_71.fa,63.19595506848624,NA,NA,NA,NA,NA,689_0,NA,NA,1,NA,NA,NA,NA
snj09_SemiBin_104.fa,63.99543899202825,NA,NA,NA,NA,NA,690_1,NA,NA,2,97.56,97.56,NA,NA
sample18_SemiBin_175.fa,40.82533485237063,NA,NA,NA,NA,NA,690_2,NA,NA,1,NA,NA,NA,NA
sample7_SemiBin_21.fa,95.67579027548167,NA,NA,NA,NA,NA,691_1,NA,NA,6,99.32,97.78,NA,NA
sample15_SemiBin_82.fa,62.51130978269816,NA,NA,NA,NA,NA,692_0,NA,NA,1,NA,NA,NA,NA
cpsnj09_SemiBin_663.fa,29.930556344741344,NA,NA,NA,NA,NA,693_0,NA,NA,1,NA,NA,NA,NA
cpsnj19_SemiBin_13.fa,88.26469186252277,NA,NA,NA,NA,NA,694_1,NA,NA,3,99.41,98.50,NA,NA
snj08_SemiBin_109.fa,39.94698069589671,NA,NA,NA,NA,NA,694_2,NA,NA,1,NA,NA,NA,NA
cpsnj08_SemiBin_89.fa,26.97548135880919,NA,NA,NA,NA,NA,694_3,NA,NA,1,NA,NA,NA,NA
sample26_SemiBin_21.fa,86.46578034041866,NA,NA,NA,NA,NA,695_1,NA,NA,4,96.77,96.32,NA,NA
sample15_SemiBin_13.fa,92.96143764339652,NA,NA,NA,NA,NA,695_2,NA,NA,11,98.79,95.48,NA,NA
cpsnj01_SemiBin_23.fa,48.6845490995283,NA,NA,NA,NA,NA,695_3,NA,NA,1,NA,NA,NA,NA
snj02_SemiBin_96.fa,21.64007796923213,NA,NA,NA,NA,NA,695_4,NA,NA,1,NA,NA,NA,NA
snj09_SemiBin_1929.fa,23.98302912102128,NA,NA,NA,NA,NA,696_0,NA,NA,1,NA,NA,NA,NA
sample20_SemiBin_179.fa,64.74382268370496,NA,NA,NA,NA,NA,697_1,NA,NA,2,95.13,95.13,NA,NA
sample24_SemiBin_51.fa,33.3170874358813,NA,NA,NA,NA,NA,697_2,NA,NA,1,NA,NA,NA,NA
sample22_SemiBin_150.fa,26.348202786737737,NA,NA,NA,NA,NA,697_3,NA,NA,1,NA,NA,NA,NA
cpsnj10_SemiBin_59.fa,83.01589096052517,NA,NA,NA,NA,NA,698_1,NA,NA,8,97.32,95.31,NA,NA
sample28_SemiBin_14.fa,67.0790470798384,NA,NA,NA,NA,NA,698_2,NA,NA,1,NA,NA,NA,NA
snj01_SemiBin_45.fa,22.93448485408913,NA,NA,NA,NA,NA,699_0,NA,NA,1,NA,NA,NA,NA
snj11_SemiBin_89.fa,47.78711286987982,NA,NA,NA,NA,NA,700_0,NA,NA,1,NA,NA,NA,NA
sample18_SemiBin_55.fa,87.49667790651331,NA,NA,NA,NA,NA,701_1,NA,NA,3,98.88,98.63,NA,NA
sample29_SemiBin_211.fa,47.13459039445378,NA,NA,NA,NA,NA,702_0,NA,NA,1,NA,NA,NA,NA
sample20_SemiBin_151.fa,42.75879455526585,NA,NA,NA,NA,NA,703_0,NA,NA,1,NA,NA,NA,NA
sample25_SemiBin_28.fa,82.32669223863378,NA,NA,NA,NA,NA,704_1,NA,NA,4,97.44,96.08,NA,NA
sample20_SemiBin_75.fa,80.35408011211955,NA,NA,NA,NA,NA,705_0,NA,NA,1,NA,NA,NA,NA
sample18_SemiBin_186.fa,66.63203416246566,NA,NA,NA,NA,NA,706_0,NA,NA,1,NA,NA,NA,NA
sample4_SemiBin_6.fa,95.85931980511992,NA,NA,NA,NA,NA,707_1,NA,NA,6,99.03,97.41,NA,NA
sample4_SemiBin_227.fa,45.6454357589327,NA,NA,NA,NA,NA,708_1,NA,NA,2,97.06,97.06,NA,NA
sample5_SemiBin_5.fa,96.40161063692668,NA,NA,NA,NA,NA,709_1,NA,NA,13,99.22,96.53,NA,NA
sample18_SemiBin_72.fa,86.02938590868592,NA,NA,NA,NA,NA,710_0,NA,NA,1,NA,NA,NA,NA
sample19_SemiBin_1.fa,101.71725680661449,NA,NA,NA,NA,NA,711_1,NA,NA,5,99.86,98.07,NA,NA
cpsnj19_SemiBin_68.fa,55.05680831027119,NA,NA,NA,NA,NA,712_0,NA,NA,1,NA,NA,NA,NA
sample29_SemiBin_2.fa,102.92452635536876,NA,NA,NA,NA,NA,713_1,NA,NA,24,98.52,96.62,NA,NA
snj08_SemiBin_87.fa,37.49247766677018,NA,NA,NA,NA,NA,713_2,NA,NA,1,NA,NA,NA,NA
snj04_SemiBin_2.fa,102.62836098611112,NA,NA,NA,NA,NA,714_1,NA,NA,23,97.86,94.41,NA,NA
sample20_SemiBin_210.fa,48.28393705364462,NA,NA,NA,NA,NA,714_2,NA,NA,1,NA,NA,NA,NA
sample29_SemiBin_105.fa,53.85065118519005,NA,NA,NA,NA,NA,715_0,NA,NA,1,NA,NA,NA,NA
sample29_SemiBin_134.fa,48.20954285685717,NA,NA,NA,NA,NA,716_0,NA,NA,1,NA,NA,NA,NA
sample18_SemiBin_17.fa,95.93127957398244,NA,NA,NA,NA,NA,717_1,NA,NA,7,98.37,96.99,NA,NA
sample17_SemiBin_158.fa,50.54645345839127,NA,NA,NA,NA,NA,718_0,NA,NA,1,NA,NA,NA,NA
sample27_SemiBin_38.fa,56.33185908557903,NA,NA,NA,NA,NA,719_0,NA,NA,1,NA,NA,NA,NA
cpsnj11_SemiBin_88.fa,67.37662615439334,NA,NA,NA,NA,NA,720_1,NA,NA,2,96.71,96.71,NA,NA
sample5_SemiBin_50.fa,57.35280976142167,NA,NA,NA,NA,NA,721_0,NA,NA,1,NA,NA,NA,NA
cpsnj03_SemiBin_35.fa,82.70526044103258,NA,NA,NA,NA,NA,722_0,NA,NA,1,NA,NA,NA,NA
cpsnj19_SemiBin_105.fa,58.33939284040824,NA,NA,NA,NA,NA,723_0,NA,NA,1,NA,NA,NA,NA
sample23_SemiBin_25.fa,75.98045635530347,NA,NA,NA,NA,NA,724_0,NA,NA,1,NA,NA,NA,NA
sample29_SemiBin_16.fa,87.17439437605206,NA,NA,NA,NA,NA,725_0,NA,NA,1,NA,NA,NA,NA
sample27_SemiBin_3.fa,85.97880355195507,NA,NA,NA,NA,NA,726_0,NA,NA,1,NA,NA,NA,NA
sample19_SemiBin_12.fa,94.40589967966692,NA,NA,NA,NA,NA,727_1,NA,NA,2,96.90,96.90,NA,NA
sample11_SemiBin_22.fa,65.6179989185939,NA,NA,NA,NA,NA,727_2,NA,NA,1,NA,NA,NA,NA
sample19_SemiBin_163.fa,61.522441526988935,NA,NA,NA,NA,NA,728_0,NA,NA,1,NA,NA,NA,NA
sample21_SemiBin_76.fa,57.3076749790537,NA,NA,NA,NA,NA,729_0,NA,NA,1,NA,NA,NA,NA
cpsnj08_SemiBin_211.fa,20.952897657033144,NA,NA,NA,NA,NA,730_0,NA,NA,1,NA,NA,NA,NA
cpsnj10_SemiBin_140.fa,38.461620564992096,NA,NA,NA,NA,NA,731_0,NA,NA,1,NA,NA,NA,NA
sample9_SemiBin_53.fa,68.22200543518865,NA,NA,NA,NA,NA,732_0,NA,NA,1,NA,NA,NA,NA
cpsnj10_SemiBin_71.fa,64.41526123210002,NA,NA,NA,NA,NA,733_1,NA,NA,1,NA,NA,NA,NA
cpsnj13_SemiBin_34.fa,72.51392526679652,NA,NA,NA,NA,NA,733_2,NA,NA,1,NA,NA,NA,NA
sample6_SemiBin_62.fa,71.6857111262002,NA,NA,NA,NA,NA,733_3,NA,NA,1,NA,NA,NA,NA
cpsnj13_SemiBin_9.fa,99.09650405577298,NA,NA,NA,NA,NA,734_1,NA,NA,4,98.40,97.74,NA,NA
snj09_SemiBin_115.fa,48.875007844651016,NA,NA,NA,NA,NA,735_0,NA,NA,1,NA,NA,NA,NA
sample16_SemiBin_65.fa,76.4420185650964,NA,NA,NA,NA,NA,736_1,NA,NA,3,98.37,96.83,NA,NA
cpsnj04_SemiBin_67.fa,60.76227063373175,NA,NA,NA,NA,NA,737_0,NA,NA,1,NA,NA,NA,NA
sample6_SemiBin_78.fa,62.11512642908775,NA,NA,NA,NA,NA,738_0,NA,NA,1,NA,NA,NA,NA
sample15_SemiBin_37.fa,76.81964049581751,NA,NA,NA,NA,NA,739_0,NA,NA,1,NA,NA,NA,NA
sample29_SemiBin_78.fa,52.67873984562107,NA,NA,NA,NA,NA,740_0,NA,NA,1,NA,NA,NA,NA
cpsnj16_SemiBin_121.fa,75.62754439363086,NA,NA,NA,NA,NA,741_0,NA,NA,1,NA,NA,NA,NA
cpsnj20_SemiBin_29.fa,67.92065800258769,NA,NA,NA,NA,NA,742_0,NA,NA,1,NA,NA,NA,NA
sample19_SemiBin_82.fa,54.47722587026183,NA,NA,NA,NA,NA,743_0,NA,NA,1,NA,NA,NA,NA
sample29_SemiBin_218.fa,55.45194108062432,NA,NA,NA,NA,NA,744_0,NA,NA,1,NA,NA,NA,NA
cpsnj14_SemiBin_0.fa,99.5068750622864,NA,NA,NA,NA,NA,745_1,NA,NA,3,99.38,97.40,NA,NA
sample7_SemiBin_0.fa,101.51548929456013,NA,NA,NA,NA,NA,746_1,NA,NA,4,99.65,99.12,NA,NA
sample19_SemiBin_57.fa,76.2164252823614,NA,NA,NA,NA,NA,746_2,NA,NA,1,NA,NA,NA,NA
cpsnj13_SemiBin_113.fa,25.182836826550236,NA,NA,NA,NA,NA,747_0,NA,NA,1,NA,NA,NA,NA
cpsnj09_SemiBin_25.fa,52.47014394976778,NA,NA,NA,NA,NA,748_0,NA,NA,1,NA,NA,NA,NA
cpsnj19_SemiBin_74.fa,53.6649963853619,NA,NA,NA,NA,NA,749_0,NA,NA,1,NA,NA,NA,NA
sample17_SemiBin_2.fa,82.57253467885876,NA,NA,NA,NA,NA,750_0,NA,NA,1,NA,NA,NA,NA
sample16_SemiBin_134.fa,60.111742351510834,NA,NA,NA,NA,NA,751_0,NA,NA,1,NA,NA,NA,NA
sample19_SemiBin_45.fa,82.45846383597774,NA,NA,NA,NA,NA,752_0,NA,NA,1,NA,NA,NA,NA
sample17_SemiBin_86.fa,52.467496421655255,NA,NA,NA,NA,NA,753_0,NA,NA,1,NA,NA,NA,NA
cpsnj02_SemiBin_3.fa,101.63656249141532,NA,NA,NA,NA,NA,754_1,NA,NA,2,98.21,98.21,NA,NA
snj01_SemiBin_73.fa,24.246226867824923,NA,NA,NA,NA,NA,754_2,NA,NA,1,NA,NA,NA,NA
sample19_SemiBin_52.fa,95.36639985271646,NA,NA,NA,NA,NA,755_0,NA,NA,1,NA,NA,NA,NA
sample19_SemiBin_50.fa,70.95449914202086,NA,NA,NA,NA,NA,756_0,NA,NA,1,NA,NA,NA,NA
cpsnj14_SemiBin_1.fa,98.72503625189292,NA,NA,NA,NA,NA,757_0,NA,NA,1,NA,NA,NA,NA
cpsnj09_SemiBin_97.fa,85.69510833092302,NA,NA,NA,NA,NA,758_1,NA,NA,9,99.27,98.23,NA,NA
snj08_SemiBin_536.fa,17.32053673588189,NA,NA,NA,NA,NA,758_2,NA,NA,1,NA,NA,NA,NA
cpsnj16_SemiBin_1499.fa,42.63661705207247,NA,NA,NA,NA,NA,759_0,NA,NA,1,NA,NA,NA,NA
sample18_SemiBin_100.fa,74.26701661288072,NA,NA,NA,NA,NA,760_1,NA,NA,2,97.56,97.56,NA,NA
cpsnj09_SemiBin_26.fa,88.07261268216142,NA,NA,NA,NA,NA,761_1,NA,NA,3,98.92,96.90,NA,NA
sample23_SemiBin_0.fa,101.41363023741457,NA,NA,NA,NA,NA,762_1,NA,NA,12,99.49,95.00,NA,NA
cpsnj01_SemiBin_409.fa,10.280575984140976,NA,NA,NA,NA,NA,762_2,NA,NA,1,NA,NA,NA,NA
snj13_SemiBin_13.fa,78.64878470934617,NA,NA,NA,NA,NA,762_3,NA,NA,2,98.14,98.14,NA,NA
sample8_SemiBin_138.fa,51.437850415417714,NA,NA,NA,NA,NA,762_4,NA,NA,1,NA,NA,NA,NA
snj09_SemiBin_12.fa,82.11784672981013,NA,NA,NA,NA,NA,763_1,NA,NA,9,99.36,97.05,NA,NA
sample28_SemiBin_10.fa,71.17079652941554,NA,NA,NA,NA,NA,763_2,NA,NA,1,NA,NA,NA,NA
snj11_SemiBin_151.fa,50.17492894756265,NA,NA,NA,NA,NA,763_3,NA,NA,1,NA,NA,NA,NA
cpsnj09_SemiBin_681.fa,24.53052313123389,NA,NA,NA,NA,NA,763_4,NA,NA,1,NA,NA,NA,NA
sample13_SemiBin_1.fa,101.84909741780154,NA,NA,NA,NA,NA,764_1,NA,NA,24,99.35,97.89,NA,NA
sample20_SemiBin_218.fa,66.99683058716604,NA,NA,NA,NA,NA,765_1,NA,NA,3,97.20,96.38,NA,NA
sample23_SemiBin_358.fa,38.11915768542288,NA,NA,NA,NA,NA,765_2,NA,NA,1,NA,NA,NA,NA
cpsnj13_SemiBin_29.fa,76.66986289267892,NA,NA,NA,NA,NA,766_1,NA,NA,2,99.39,99.39,NA,NA
cpsnj09_SemiBin_197.fa,77.581769876195,NA,NA,NA,NA,NA,767_1,NA,NA,8,99.00,96.19,NA,NA
cpsnj13_SemiBin_185.fa,32.39944863840012,NA,NA,NA,NA,NA,767_2,NA,NA,1,NA,NA,NA,NA
cpsnj15_SemiBin_607.fa,29.489931531091973,NA,NA,NA,NA,NA,767_3,NA,NA,1,NA,NA,NA,NA
sample17_SemiBin_7.fa,91.70634045876724,NA,NA,NA,NA,NA,768_1,NA,NA,4,99.45,98.95,NA,NA
sample17_SemiBin_149.fa,57.55495783405299,NA,NA,NA,NA,NA,769_1,NA,NA,2,94.97,94.97,NA,NA
sample20_SemiBin_69.fa,82.57798575677137,NA,NA,NA,NA,NA,770_1,NA,NA,2,98.26,98.26,NA,NA
cpsnj02_SemiBin_33.fa,42.22964863546851,NA,NA,NA,NA,NA,771_0,NA,NA,1,NA,NA,NA,NA
sample7_SemiBin_2.fa,92.90556921434276,NA,NA,NA,NA,NA,772_1,NA,NA,8,98.86,97.96,NA,NA
cpsnj10_SemiBin_57.fa,60.4514467049812,NA,NA,NA,NA,NA,773_0,NA,NA,1,NA,NA,NA,NA
sample16_SemiBin_1755.fa,13.40188810874644,NA,NA,NA,NA,NA,774_0,NA,NA,1,NA,NA,NA,NA
sample1_SemiBin_1789.fa,11.812347280326104,NA,NA,NA,NA,NA,775_0,NA,NA,1,NA,NA,NA,NA
sample20_SemiBin_84.fa,77.89977584675579,NA,NA,NA,NA,NA,776_0,NA,NA,1,NA,NA,NA,NA
sample18_SemiBin_114.fa,47.24586426703209,NA,NA,NA,NA,NA,777_1,NA,NA,2,97.15,97.15,NA,NA
sample16_SemiBin_136.fa,79.83207306899095,NA,NA,NA,NA,NA,777_2,NA,NA,2,97.64,97.64,NA,NA
sample13_SemiBin_69.fa,56.83056799132768,NA,NA,NA,NA,NA,777_3,NA,NA,1,NA,NA,NA,NA
sample18_SemiBin_2059.fa,19.47171951791205,NA,NA,NA,NA,NA,778_0,NA,NA,1,NA,NA,NA,NA
cpsnj09_SemiBin_223.fa,35.22094571481311,NA,NA,NA,NA,NA,779_0,NA,NA,1,NA,NA,NA,NA
sample16_SemiBin_112.fa,53.44825617701404,NA,NA,NA,NA,NA,780_1,NA,NA,1,NA,NA,NA,NA
sample5_SemiBin_92.fa,52.54871511178981,NA,NA,NA,NA,NA,780_2,NA,NA,1,NA,NA,NA,NA
sample18_SemiBin_188.fa,57.21132669529276,NA,NA,NA,NA,NA,780_3,NA,NA,1,NA,NA,NA,NA
sample7_SemiBin_226.fa,64.649766426848,NA,NA,NA,NA,NA,780_4,NA,NA,1,NA,NA,NA,NA
sample23_SemiBin_2003.fa,11.750631054465693,NA,NA,NA,NA,NA,781_0,NA,NA,1,NA,NA,NA,NA
sample1_SemiBin_73.fa,83.23964519772694,NA,NA,NA,NA,NA,782_0,NA,NA,1,NA,NA,NA,NA
sample14_SemiBin_74.fa,62.42087750284735,NA,NA,NA,NA,NA,783_1,NA,NA,1,NA,NA,NA,NA
sample5_SemiBin_71.fa,52.7165071326999,NA,NA,NA,NA,NA,783_2,NA,NA,1,NA,NA,NA,NA
snj13_SemiBin_87.fa,51.58475825113933,NA,NA,NA,NA,NA,784_0,NA,NA,1,NA,NA,NA,NA
sample27_SemiBin_73.fa,57.42897181451442,NA,NA,NA,NA,NA,785_0,NA,NA,1,NA,NA,NA,NA
sample7_SemiBin_170.fa,73.40057019241263,NA,NA,NA,NA,NA,786_0,NA,NA,1,NA,NA,NA,NA
snj09_SemiBin_89.fa,74.26104244675973,NA,NA,NA,NA,NA,787_0,NA,NA,1,NA,NA,NA,NA
sample1_SemiBin_46.fa,90.6876398855106,NA,NA,NA,NA,NA,788_1,NA,NA,2,97.09,97.09,NA,NA
sample16_SemiBin_14.fa,64.73839278386681,NA,NA,NA,NA,NA,788_2,NA,NA,3,95.46,95.10,NA,NA
cpsnj04_SemiBin_48.fa,45.84196878317233,NA,NA,NA,NA,NA,788_3,NA,NA,1,NA,NA,NA,NA
cpsnj14_SemiBin_290.fa,33.848471244084145,NA,NA,NA,NA,NA,789_1,NA,NA,1,NA,NA,NA,NA
sample18_SemiBin_111.fa,80.37554499350642,NA,NA,NA,NA,NA,789_2,NA,NA,1,NA,NA,NA,NA
cpsnj10_SemiBin_35.fa,82.78066651700115,NA,NA,NA,NA,NA,790_1,NA,NA,3,97.15,96.62,NA,NA
cpsnj09_SemiBin_49.fa,73.81758341306829,NA,NA,NA,NA,NA,790_2,NA,NA,1,NA,NA,NA,NA
cpsnj14_SemiBin_14.fa,89.53585829247312,NA,NA,NA,NA,NA,791_1,NA,NA,4,98.09,95.95,NA,NA
snj09_SemiBin_53.fa,38.09732876724488,NA,NA,NA,NA,NA,791_2,NA,NA,1,NA,NA,NA,NA
snj15_SemiBin_61.fa,51.4508220716564,NA,NA,NA,NA,NA,791_3,NA,NA,1,NA,NA,NA,NA
cpsnj14_SemiBin_26.fa,90.82774288410832,NA,NA,NA,NA,NA,792_1,NA,NA,2,95.17,95.17,NA,NA
cpsnj09_SemiBin_147.fa,16.54015972583506,NA,NA,NA,NA,NA,792_2,NA,NA,1,NA,NA,NA,NA
snj15_SemiBin_22.fa,73.16345408179274,NA,NA,NA,NA,NA,792_3,NA,NA,1,NA,NA,NA,NA
cpsnj13_SemiBin_44.fa,74.41292132850096,NA,NA,NA,NA,NA,793_0,NA,NA,1,NA,NA,NA,NA
cpsnj14_SemiBin_10.fa,87.0783532541694,NA,NA,NA,NA,NA,794_0,NA,NA,1,NA,NA,NA,NA
snj02_SemiBin_26.fa,40.98004945852952,NA,NA,NA,NA,NA,795_0,NA,NA,1,NA,NA,NA,NA
cpsnj14_SemiBin_36.fa,53.949928211490345,NA,NA,NA,NA,NA,796_0,NA,NA,1,NA,NA,NA,NA
cpsnj14_SemiBin_90.fa,50.98313421942223,NA,NA,NA,NA,NA,797_0,NA,NA,1,NA,NA,NA,NA
snj15_SemiBin_227.fa,47.73824129867623,NA,NA,NA,NA,NA,798_0,NA,NA,1,NA,NA,NA,NA
cpsnj14_SemiBin_192.fa,46.408969659037,NA,NA,NA,NA,NA,799_1,NA,NA,1,NA,NA,NA,NA
snj14_SemiBin_113.fa,39.986468248134855,NA,NA,NA,NA,NA,799_2,NA,NA,1,NA,NA,NA,NA
snj13_SemiBin_49.fa,46.13829063808379,NA,NA,NA,NA,NA,799_3,NA,NA,1,NA,NA,NA,NA
cpsnj10_SemiBin_13.fa,85.63695420988384,NA,NA,NA,NA,NA,800_0,NA,NA,1,NA,NA,NA,NA
cpsnj14_SemiBin_103.fa,48.06055915562223,NA,NA,NA,NA,NA,801_1,NA,NA,1,NA,NA,NA,NA
snj13_SemiBin_110.fa,42.35622238141317,NA,NA,NA,NA,NA,801_2,NA,NA,1,NA,NA,NA,NA
cpsnj14_SemiBin_307.fa,10.771280344533531,NA,NA,NA,NA,NA,802_0,NA,NA,1,NA,NA,NA,NA
snj13_SemiBin_60.fa,36.39962668610311,NA,NA,NA,NA,NA,803_0,NA,NA,1,NA,NA,NA,NA
snj13_SemiBin_85.fa,51.13922440077116,NA,NA,NA,NA,NA,804_0,NA,NA,1,NA,NA,NA,NA
sample27_SemiBin_30.fa,70.9919576058332,NA,NA,NA,NA,NA,805_0,NA,NA,1,NA,NA,NA,NA
sample30_SemiBin_28.fa,40.14058743746425,NA,NA,NA,NA,NA,806_0,NA,NA,1,NA,NA,NA,NA
cpsnj20_SemiBin_23.fa,72.67243500023801,NA,NA,NA,NA,NA,807_0,NA,NA,1,NA,NA,NA,NA
sample29_SemiBin_71.fa,70.25079878726805,NA,NA,NA,NA,NA,808_0,NA,NA,1,NA,NA,NA,NA
sample7_SemiBin_95.fa,66.99161858497374,NA,NA,NA,NA,NA,809_1,NA,NA,2,97.05,97.05,NA,NA
sample28_SemiBin_99.fa,37.3889610886576,NA,NA,NA,NA,NA,810_0,NA,NA,1,NA,NA,NA,NA
sample18_SemiBin_118.fa,77.04176542091797,NA,NA,NA,NA,NA,811_0,NA,NA,1,NA,NA,NA,NA
sample18_SemiBin_124.fa,73.81628242133537,NA,NA,NA,NA,NA,812_0,NA,NA,1,NA,NA,NA,NA
sample18_SemiBin_181.fa,53.47232516252748,NA,NA,NA,NA,NA,813_1,NA,NA,2,97.68,97.68,NA,NA
sample18_SemiBin_110.fa,80.09648848406981,NA,NA,NA,NA,NA,814_0,NA,NA,1,NA,NA,NA,NA
sample17_SemiBin_94.fa,47.278904413746176,NA,NA,NA,NA,NA,815_1,NA,NA,1,NA,NA,NA,NA
sample18_SemiBin_99.fa,89.02678148799056,NA,NA,NA,NA,NA,815_2,NA,NA,1,NA,NA,NA,NA
cpsnj20_SemiBin_26.fa,63.09263096892482,NA,NA,NA,NA,NA,816_0,NA,NA,1,NA,NA,NA,NA
sample29_SemiBin_80.fa,73.28343306372541,NA,NA,NA,NA,NA,817_0,NA,NA,1,NA,NA,NA,NA
sample19_SemiBin_155.fa,51.2857697947067,NA,NA,NA,NA,NA,818_0,NA,NA,1,NA,NA,NA,NA
sample29_SemiBin_25.fa,90.84698970396042,NA,NA,NA,NA,NA,819_0,NA,NA,1,NA,NA,NA,NA
snj03_SemiBin_62.fa,78.34400485148522,NA,NA,NA,NA,NA,820_1,NA,NA,2,96.29,96.29,NA,NA
cpsnj11_SemiBin_603.fa,25.386791313918533,NA,NA,NA,NA,NA,820_2,NA,NA,1,NA,NA,NA,NA
sample6_SemiBin_72.fa,70.53182579005555,NA,NA,NA,NA,NA,821_0,NA,NA,1,NA,NA,NA,NA
sample13_SemiBin_97.fa,50.6068173279078,NA,NA,NA,NA,NA,822_0,NA,NA,1,NA,NA,NA,NA
sample7_SemiBin_161.fa,51.34003204137488,NA,NA,NA,NA,NA,823_0,NA,NA,1,NA,NA,NA,NA
sample13_SemiBin_27.fa,96.74918349642566,NA,NA,NA,NA,NA,824_1,NA,NA,3,98.51,97.69,NA,NA
sample15_SemiBin_78.fa,75.27812985477539,NA,NA,NA,NA,NA,825_0,NA,NA,1,NA,NA,NA,NA
sample4_SemiBin_42.fa,78.73173904314561,NA,NA,NA,NA,NA,826_1,NA,NA,5,97.11,95.80,NA,NA
sample16_SemiBin_142.fa,21.88729169636636,NA,NA,NA,NA,NA,826_2,NA,NA,1,NA,NA,NA,NA
sample13_SemiBin_237.fa,22.564592003382312,NA,NA,NA,NA,NA,827_1,NA,NA,1,NA,NA,NA,NA
sample7_SemiBin_91.fa,50.25816403433269,NA,NA,NA,NA,NA,827_2,NA,NA,1,NA,NA,NA,NA
snj14_SemiBin_91.fa,53.13340867956828,NA,NA,NA,NA,NA,828_1,NA,NA,4,95.44,94.85,NA,NA
snj08_SemiBin_237.fa,38.39805934946004,NA,NA,NA,NA,NA,828_2,NA,NA,1,NA,NA,NA,NA
cpsnj14_SemiBin_158.fa,43.32982676959539,NA,NA,NA,NA,NA,828_3,NA,NA,1,NA,NA,NA,NA
snj09_SemiBin_259.fa,22.40632763209548,NA,NA,NA,NA,NA,828_4,NA,NA,1,NA,NA,NA,NA
cpsnj13_SemiBin_143.fa,21.736677210290107,NA,NA,NA,NA,NA,829_0,NA,NA,1,NA,NA,NA,NA
cpsnj16_SemiBin_1492.fa,46.89411954869109,NA,NA,NA,NA,NA,830_0,NA,NA,1,NA,NA,NA,NA
snj08_SemiBin_1987.fa,9.173351387869689,NA,NA,NA,NA,NA,831_0,NA,NA,1,NA,NA,NA,NA
sample15_SemiBin_115.fa,49.57662141571687,NA,NA,NA,NA,NA,832_1,NA,NA,1,NA,NA,NA,NA
snj20_SemiBin_74.fa,24.34864992983683,NA,NA,NA,NA,NA,832_2,NA,NA,1,NA,NA,NA,NA
sample16_SemiBin_226.fa,56.76597162628467,NA,NA,NA,NA,NA,833_1,NA,NA,2,96.58,96.58,NA,NA
sample25_SemiBin_133.fa,49.94907537263002,NA,NA,NA,NA,NA,834_1,NA,NA,2,95.56,95.56,NA,NA
sample13_SemiBin_67.fa,70.08960136336707,NA,NA,NA,NA,NA,835_0,NA,NA,1,NA,NA,NA,NA
snj19_SemiBin_89.fa,47.04758269864578,NA,NA,NA,NA,NA,836_0,NA,NA,1,NA,NA,NA,NA
sample1_SemiBin_117.fa,55.80392423520377,NA,NA,NA,NA,NA,837_1,NA,NA,3,96.02,95.53,NA,NA
sample25_SemiBin_145.fa,40.3534360637075,NA,NA,NA,NA,NA,837_2,NA,NA,1,NA,NA,NA,NA
sample13_SemiBin_92.fa,63.53115000174259,NA,NA,NA,NA,NA,837_3,NA,NA,1,NA,NA,NA,NA
sample7_SemiBin_118.fa,58.20221214056737,NA,NA,NA,NA,NA,838_0,NA,NA,1,NA,NA,NA,NA
sample18_SemiBin_103.fa,88.22557913620074,NA,NA,NA,NA,NA,839_1,NA,NA,2,96.38,96.38,NA,NA
sample4_SemiBin_1389.fa,42.53846950364373,NA,NA,NA,NA,NA,840_0,NA,NA,1,NA,NA,NA,NA
sample8_SemiBin_142.fa,54.04463010602508,NA,NA,NA,NA,NA,841_0,NA,NA,1,NA,NA,NA,NA
sample25_SemiBin_95.fa,45.7468433419574,NA,NA,NA,NA,NA,842_1,NA,NA,2,95.77,95.77,NA,NA
sample16_SemiBin_99.fa,50.550371516006535,NA,NA,NA,NA,NA,842_2,NA,NA,1,NA,NA,NA,NA
sample5_SemiBin_21.fa,88.24095342515226,NA,NA,NA,NA,NA,843_1,NA,NA,3,96.72,96.22,NA,NA
snj03_SemiBin_73.fa,61.23855484414861,NA,NA,NA,NA,NA,843_2,NA,NA,1,NA,NA,NA,NA
sample28_SemiBin_74.fa,49.99938604636861,NA,NA,NA,NA,NA,843_3,NA,NA,1,NA,NA,NA,NA
snj09_SemiBin_120.fa,35.978082231301904,NA,NA,NA,NA,NA,844_0,NA,NA,1,NA,NA,NA,NA
sample26_SemiBin_81.fa,43.4107582008252,NA,NA,NA,NA,NA,845_0,NA,NA,1,NA,NA,NA,NA
snj09_SemiBin_67.fa,70.46086466554038,NA,NA,NA,NA,NA,846_1,NA,NA,3,98.33,98.31,NA,NA
sample25_SemiBin_63.fa,80.13886982361394,NA,NA,NA,NA,NA,847_1,NA,NA,4,98.45,98.08,NA,NA
sample17_SemiBin_99.fa,65.05496144569977,NA,NA,NA,NA,NA,848_0,NA,NA,1,NA,NA,NA,NA
sample18_SemiBin_255.fa,36.28012751648321,NA,NA,NA,NA,NA,849_0,NA,NA,1,NA,NA,NA,NA
cpsnj14_SemiBin_114.fa,70.71734890201674,NA,NA,NA,NA,NA,850_1,NA,NA,1,NA,NA,NA,NA
sample18_SemiBin_171.fa,61.738501670201934,NA,NA,NA,NA,NA,850_2,NA,NA,1,NA,NA,NA,NA
cpsnj19_SemiBin_140.fa,31.488847254230475,NA,NA,NA,NA,NA,851_0,NA,NA,1,NA,NA,NA,NA
sample20_SemiBin_191.fa,62.57122038841443,NA,NA,NA,NA,NA,852_0,NA,NA,1,NA,NA,NA,NA
sample17_SemiBin_108.fa,35.51285167292661,NA,NA,NA,NA,NA,853_0,NA,NA,1,NA,NA,NA,NA
sample29_SemiBin_13.fa,101.19734387377366,NA,NA,NA,NA,NA,854_0,NA,NA,1,NA,NA,NA,NA
cpsnj10_SemiBin_162.fa,31.645753320102735,NA,NA,NA,NA,NA,855_0,NA,NA,1,NA,NA,NA,NA
cpsnj20_SemiBin_93.fa,39.06981040516155,NA,NA,NA,NA,NA,856_0,NA,NA,1,NA,NA,NA,NA
sample19_SemiBin_65.fa,45.8458358693502,NA,NA,NA,NA,NA,857_0,NA,NA,1,NA,NA,NA,NA
sample22_SemiBin_93.fa,46.02746104098797,NA,NA,NA,NA,NA,858_0,NA,NA,1,NA,NA,NA,NA
sample19_SemiBin_85.fa,49.28686391876757,NA,NA,NA,NA,NA,859_0,NA,NA,1,NA,NA,NA,NA
snj16_SemiBin_3.fa,94.88594227582657,NA,NA,NA,NA,NA,860_0,NA,NA,1,NA,NA,NA,NA
sample18_SemiBin_156.fa,72.22143274743969,NA,NA,NA,NA,NA,861_0,NA,NA,1,NA,NA,NA,NA
sample29_SemiBin_130.fa,67.84056666651097,NA,NA,NA,NA,NA,862_0,NA,NA,1,NA,NA,NA,NA
sample1_SemiBin_59.fa,90.14018720918082,NA,NA,NA,NA,NA,863_1,NA,NA,2,96.85,96.85,NA,NA
sample26_SemiBin_20.fa,68.23433561931584,NA,NA,NA,NA,NA,863_2,NA,NA,1,NA,NA,NA,NA
sample17_SemiBin_52.fa,77.60761372824362,NA,NA,NA,NA,NA,864_0,NA,NA,1,NA,NA,NA,NA
sample19_SemiBin_38.fa,97.09945951594564,NA,NA,NA,NA,NA,865_1,NA,NA,2,98.52,98.52,NA,NA
sample19_SemiBin_169.fa,57.92418495624492,NA,NA,NA,NA,NA,866_0,NA,NA,1,NA,NA,NA,NA
sample21_SemiBin_68.fa,43.278643059383135,NA,NA,NA,NA,NA,867_1,NA,NA,1,NA,NA,NA,NA
snj15_SemiBin_27.fa,39.72869866338493,NA,NA,NA,NA,NA,867_2,NA,NA,1,NA,NA,NA,NA
snj10_SemiBin_65.fa,31.600271264546148,NA,NA,NA,NA,NA,868_0,NA,NA,1,NA,NA,NA,NA
snj04_SemiBin_31.fa,44.97712809301071,NA,NA,NA,NA,NA,869_0,NA,NA,1,NA,NA,NA,NA
sample23_SemiBin_60.fa,45.00332120381911,NA,NA,NA,NA,NA,870_0,NA,NA,1,NA,NA,NA,NA
snj13_SemiBin_27.fa,84.35698439343412,NA,NA,NA,NA,NA,871_1,NA,NA,4,97.66,97.04,NA,NA
cpsnj14_SemiBin_124.fa,68.53928153071601,NA,NA,NA,NA,NA,872_1,NA,NA,2,97.37,97.37,NA,NA
sample15_SemiBin_73.fa,61.97924798133998,NA,NA,NA,NA,NA,873_1,NA,NA,4,96.89,96.17,NA,NA
sample7_SemiBin_119.fa,52.57857356960622,NA,NA,NA,NA,NA,873_2,NA,NA,2,95.81,95.81,NA,NA
sample1_SemiBin_1820.fa,2.65345169111779,NA,NA,NA,NA,NA,873_3,NA,NA,1,NA,NA,NA,NA
sample11_SemiBin_125.fa,39.84190387539993,NA,NA,NA,NA,NA,874_0,NA,NA,1,NA,NA,NA,NA
sample21_SemiBin_66.fa,32.2898439943324,NA,NA,NA,NA,NA,875_0,NA,NA,1,NA,NA,NA,NA
sample29_SemiBin_30.fa,95.3784562658597,NA,NA,NA,NA,NA,876_0,NA,NA,1,NA,NA,NA,NA
sample29_SemiBin_89.fa,27.48467134522187,NA,NA,NA,NA,NA,877_0,NA,NA,1,NA,NA,NA,NA
sample29_SemiBin_4.fa,86.19431517446434,NA,NA,NA,NA,NA,878_0,NA,NA,1,NA,NA,NA,NA
sample18_SemiBin_168.fa,79.40669084024259,NA,NA,NA,NA,NA,879_1,NA,NA,2,97.12,97.12,NA,NA
sample13_SemiBin_50.fa,75.31618335301565,NA,NA,NA,NA,NA,880_0,NA,NA,1,NA,NA,NA,NA
sample29_SemiBin_183.fa,28.230510577888868,NA,NA,NA,NA,NA,881_0,NA,NA,1,NA,NA,NA,NA
cpsnj09_SemiBin_43.fa,78.74223692184435,NA,NA,NA,NA,NA,882_0,NA,NA,1,NA,NA,NA,NA
cpsnj11_SemiBin_115.fa,67.12026917228037,NA,NA,NA,NA,NA,883_0,NA,NA,1,NA,NA,NA,NA
cpsnj14_SemiBin_160.fa,43.18374014224292,NA,NA,NA,NA,NA,884_0,NA,NA,1,NA,NA,NA,NA
sample5_SemiBin_63.fa,54.69555238569562,NA,NA,NA,NA,NA,885_1,NA,NA,1,NA,NA,NA,NA
sample7_SemiBin_1648.fa,5.966900936393914,NA,NA,NA,NA,NA,885_2,NA,NA,1,NA,NA,NA,NA
sample18_SemiBin_177.fa,67.11097092915182,NA,NA,NA,NA,NA,886_1,NA,NA,2,97.58,97.58,NA,NA
cpsnj03_SemiBin_68.fa,51.044254690791824,NA,NA,NA,NA,NA,887_1,NA,NA,2,95.02,95.02,NA,NA
snj19_SemiBin_1568.fa,17.258343008637038,NA,NA,NA,NA,NA,887_2,NA,NA,1,NA,NA,NA,NA
cpsnj13_SemiBin_107.fa,46.127354795577645,NA,NA,NA,NA,NA,888_0,NA,NA,1,NA,NA,NA,NA
cpsnj14_SemiBin_80.fa,70.07814837721864,NA,NA,NA,NA,NA,889_0,NA,NA,1,NA,NA,NA,NA
sample18_SemiBin_200.fa,38.262818610859455,NA,NA,NA,NA,NA,890_0,NA,NA,1,NA,NA,NA,NA
cpsnj04_SemiBin_1.fa,87.60622197274385,NA,NA,NA,NA,NA,891_1,NA,NA,2,99.56,99.56,NA,NA
snj04_SemiBin_1706.fa,17.627827308059057,NA,NA,NA,NA,NA,892_0,NA,NA,1,NA,NA,NA,NA
snj01_SemiBin_6.fa,74.74209972801094,NA,NA,NA,NA,NA,893_1,NA,NA,2,96.44,96.44,NA,NA
snj08_SemiBin_141.fa,36.80189676451453,NA,NA,NA,NA,NA,894_0,NA,NA,1,NA,NA,NA,NA
snj01_SemiBin_52.fa,32.07763041656802,NA,NA,NA,NA,NA,895_0,NA,NA,1,NA,NA,NA,NA
sample27_SemiBin_7.fa,75.57964149994012,NA,NA,NA,NA,NA,896_1,NA,NA,2,96.40,96.40,NA,NA
sample27_SemiBin_67.fa,51.12076036361513,NA,NA,NA,NA,NA,897_0,NA,NA,1,NA,NA,NA,NA
sample19_SemiBin_108.fa,53.584605295433086,NA,NA,NA,NA,NA,898_0,NA,NA,1,NA,NA,NA,NA
sample5_SemiBin_70.fa,48.60085206259663,NA,NA,NA,NA,NA,899_0,NA,NA,1,NA,NA,NA,NA
snj04_SemiBin_22.fa,85.78789618549119,NA,NA,NA,NA,NA,900_1,NA,NA,2,98.70,98.70,NA,NA
sample16_SemiBin_41.fa,65.46306963889485,NA,NA,NA,NA,NA,901_0,NA,NA,1,NA,NA,NA,NA
sample4_SemiBin_28.fa,80.91739874449827,NA,NA,NA,NA,NA,902_1,NA,NA,2,98.97,98.97,NA,NA
sample13_SemiBin_12.fa,95.88257436957493,NA,NA,NA,NA,NA,903_1,NA,NA,2,98.12,98.12,NA,NA
sample19_SemiBin_33.fa,87.63600115479122,NA,NA,NA,NA,NA,904_0,NA,NA,1,NA,NA,NA,NA
sample19_SemiBin_44.fa,69.22046357683277,NA,NA,NA,NA,NA,905_0,NA,NA,1,NA,NA,NA,NA
sample23_SemiBin_19.fa,93.03358481340642,NA,NA,NA,NA,NA,906_1,NA,NA,10,97.56,95.69,NA,NA
snj04_SemiBin_45.fa,55.136623537199206,NA,NA,NA,NA,NA,906_2,NA,NA,1,NA,NA,NA,NA
sample12_SemiBin_47.fa,30.56934585457561,NA,NA,NA,NA,NA,906_3,NA,NA,1,NA,NA,NA,NA
sample4_SemiBin_63.fa,62.43249083158354,NA,NA,NA,NA,NA,907_1,NA,NA,2,98.86,98.86,NA,NA
sample21_SemiBin_145.fa,39.66031162637277,NA,NA,NA,NA,NA,907_2,NA,NA,1,NA,NA,NA,NA
sample8_SemiBin_1118.fa,26.671782958667755,NA,NA,NA,NA,NA,907_3,NA,NA,1,NA,NA,NA,NA
sample19_SemiBin_1716.fa,15.534639018049576,NA,NA,NA,NA,NA,908_0,NA,NA,1,NA,NA,NA,NA
sample24_SemiBin_10.fa,71.80277049215154,NA,NA,NA,NA,NA,909_1,NA,NA,5,98.38,96.96,NA,NA
sample10_SemiBin_54.fa,86.57796388684241,NA,NA,NA,NA,NA,910_1,NA,NA,5,99.11,97.98,NA,NA
sample18_SemiBin_191.fa,34.9371600114473,NA,NA,NA,NA,NA,911_0,NA,NA,1,NA,NA,NA,NA
cpsnj13_SemiBin_41.fa,79.57739801273355,NA,NA,NA,NA,NA,912_1,NA,NA,2,95.32,95.32,NA,NA
cpsnj09_SemiBin_39.fa,86.76194375175321,NA,NA,NA,NA,NA,912_2,NA,NA,1,NA,NA,NA,NA
sample18_SemiBin_227.fa,72.36506478124376,NA,NA,NA,NA,NA,913_0,NA,NA,1,NA,NA,NA,NA
sample1_SemiBin_58.fa,91.99991749772768,NA,NA,NA,NA,NA,914_1,NA,NA,5,97.68,97.15,NA,NA
cpsnj08_SemiBin_17.fa,86.42160829717456,NA,NA,NA,NA,NA,915_1,NA,NA,3,97.78,95.68,NA,NA
snj14_SemiBin_14.fa,87.06216716798828,NA,NA,NA,NA,NA,915_2,NA,NA,2,97.20,97.20,NA,NA
cpsnj11_SemiBin_38.fa,86.27544558543782,NA,NA,NA,NA,NA,915_3,NA,NA,2,95.25,95.25,NA,NA
snj13_SemiBin_34.fa,64.50350765556784,NA,NA,NA,NA,NA,915_4,NA,NA,1,NA,NA,NA,NA
sample17_SemiBin_32.fa,88.21430512390998,NA,NA,NA,NA,NA,916_1,NA,NA,2,95.69,95.69,NA,NA
sample17_SemiBin_36.fa,78.78949251125863,NA,NA,NA,NA,NA,917_0,NA,NA,1,NA,NA,NA,NA
sample19_SemiBin_100.fa,59.383737680096594,NA,NA,NA,NA,NA,918_0,NA,NA,1,NA,NA,NA,NA
sample18_SemiBin_160.fa,90.17932467687062,NA,NA,NA,NA,NA,919_1,NA,NA,6,98.54,97.38,NA,NA
sample18_SemiBin_45.fa,96.11475979003797,NA,NA,NA,NA,NA,920_1,NA,NA,10,99.29,95.40,NA,NA
sample13_SemiBin_108.fa,46.966909825622295,NA,NA,NA,NA,NA,920_2,NA,NA,1,NA,NA,NA,NA
sample21_SemiBin_90.fa,30.731686108215147,NA,NA,NA,NA,NA,920_3,NA,NA,1,NA,NA,NA,NA
sample18_SemiBin_119.fa,82.98051991809092,NA,NA,NA,NA,NA,921_1,NA,NA,2,98.00,98.00,NA,NA
sample11_SemiBin_20.fa,94.2180977288742,NA,NA,NA,NA,NA,922_1,NA,NA,7,98.93,95.39,NA,NA
sample19_SemiBin_183.fa,38.44562068114258,NA,NA,NA,NA,NA,923_0,NA,NA,1,NA,NA,NA,NA
sample12_SemiBin_18.fa,55.51701102859602,NA,NA,NA,NA,NA,924_0,NA,NA,1,NA,NA,NA,NA
sample7_SemiBin_15.fa,86.7518045189242,NA,NA,NA,NA,NA,925_1,NA,NA,8,97.63,96.18,NA,NA
cpsnj03_SemiBin_27.fa,65.84550105955725,NA,NA,NA,NA,NA,925_2,NA,NA,4,98.42,96.12,NA,NA
sample13_SemiBin_63.fa,67.51197270329627,NA,NA,NA,NA,NA,925_3,NA,NA,1,NA,NA,NA,NA
sample21_SemiBin_108.fa,48.2723024362572,NA,NA,NA,NA,NA,926_0,NA,NA,1,NA,NA,NA,NA
snj14_SemiBin_36.fa,71.73760393592181,NA,NA,NA,NA,NA,927_1,NA,NA,4,96.17,94.42,NA,NA
sample28_SemiBin_5.fa,90.77623211416643,NA,NA,NA,NA,NA,927_2,NA,NA,3,95.77,95.01,NA,NA
sample14_SemiBin_1582.fa,17.774561241223125,NA,NA,NA,NA,NA,927_3,NA,NA,1,NA,NA,NA,NA
cpsnj11_SemiBin_39.fa,94.92680233507528,NA,NA,NA,NA,NA,928_1,NA,NA,6,98.12,95.79,NA,NA
sample6_SemiBin_113.fa,27.55817700150931,NA,NA,NA,NA,NA,929_0,NA,NA,1,NA,NA,NA,NA
cpsnj09_SemiBin_64.fa,82.86545348482684,NA,NA,NA,NA,NA,930_1,NA,NA,2,98.00,98.00,NA,NA
sample29_SemiBin_12.fa,90.87473570122091,NA,NA,NA,NA,NA,931_1,NA,NA,2,95.50,95.50,NA,NA
sample30_SemiBin_1138.fa,8.991242921177212,NA,NA,NA,NA,NA,931_2,NA,NA,1,NA,NA,NA,NA
sample13_SemiBin_114.fa,19.602486351968285,NA,NA,NA,NA,NA,932_1,NA,NA,1,NA,NA,NA,NA
sample17_SemiBin_272.fa,51.581761696847344,NA,NA,NA,NA,NA,932_2,NA,NA,1,NA,NA,NA,NA
sample21_SemiBin_3.fa,92.73717730483492,NA,NA,NA,NA,NA,933_1,NA,NA,6,98.04,95.54,NA,NA
sample26_SemiBin_23.fa,71.24719419097802,NA,NA,NA,NA,NA,933_2,NA,NA,1,NA,NA,NA,NA
sample3_SemiBin_50.fa,76.15732045490275,NA,NA,NA,NA,NA,933_3,NA,NA,2,95.96,95.96,NA,NA
sample6_SemiBin_5.fa,74.84194314543116,NA,NA,NA,NA,NA,933_4,NA,NA,2,96.75,96.75,NA,NA
cpsnj03_SemiBin_1.fa,95.13393448997256,NA,NA,NA,NA,NA,933_5,NA,NA,6,99.19,95.32,NA,NA
sample7_SemiBin_32.fa,82.38053084029444,NA,NA,NA,NA,NA,933_6,NA,NA,2,95.22,95.22,NA,NA
sample18_SemiBin_11.fa,89.46421136790333,NA,NA,NA,NA,NA,933_7,NA,NA,5,97.27,94.85,NA,NA
sample27_SemiBin_39.fa,68.14275410310967,NA,NA,NA,NA,NA,933_8,NA,NA,1,NA,NA,NA,NA
sample25_SemiBin_108.fa,19.328180276836665,NA,NA,NA,NA,NA,933_9,NA,NA,1,NA,NA,NA,NA
sample19_SemiBin_162.fa,33.00906425356413,NA,NA,NA,NA,NA,933_10,NA,NA,1,NA,NA,NA,NA
cpsnj02_SemiBin_1617.fa,9.456136694156475,NA,NA,NA,NA,NA,934_0,NA,NA,1,NA,NA,NA,NA
snj20_SemiBin_21.fa,78.3028108422998,NA,NA,NA,NA,NA,935_0,NA,NA,1,NA,NA,NA,NA
cpsnj15_SemiBin_13.fa,63.90543140196429,NA,NA,NA,NA,NA,936_0,NA,NA,1,NA,NA,NA,NA
sample19_SemiBin_92.fa,58.5370805820106,NA,NA,NA,NA,NA,937_0,NA,NA,1,NA,NA,NA,NA
cpsnj13_SemiBin_47.fa,83.53236390509105,NA,NA,NA,NA,NA,938_1,NA,NA,5,97.13,95.74,NA,NA
sample14_SemiBin_15.fa,69.03633288952602,NA,NA,NA,NA,NA,939_1,NA,NA,1,NA,NA,NA,NA
sample18_SemiBin_125.fa,67.84926685875946,NA,NA,NA,NA,NA,939_2,NA,NA,1,NA,NA,NA,NA
snj15_SemiBin_9.fa,88.67403570211434,NA,NA,NA,NA,NA,939_3,NA,NA,10,98.69,95.45,NA,NA
cpsnj09_SemiBin_99.fa,53.5670716812114,NA,NA,NA,NA,NA,939_4,NA,NA,1,NA,NA,NA,NA
snj14_SemiBin_34.fa,59.98441772631862,NA,NA,NA,NA,NA,939_5,NA,NA,1,NA,NA,NA,NA
snj08_SemiBin_97.fa,86.28581139102566,NA,NA,NA,NA,NA,940_1,NA,NA,7,99.20,95.51,NA,NA
sample28_SemiBin_1337.fa,7.010172153345539,NA,NA,NA,NA,NA,940_2,NA,NA,1,NA,NA,NA,NA
snj16_SemiBin_77.fa,42.82745682404037,NA,NA,NA,NA,NA,941_0,NA,NA,1,NA,NA,NA,NA
sample11_SemiBin_32.fa,59.73489391620757,NA,NA,NA,NA,NA,942_0,NA,NA,1,NA,NA,NA,NA
sample18_SemiBin_193.fa,71.2124289078204,NA,NA,NA,NA,NA,943_1,NA,NA,2,97.80,97.80,NA,NA
sample20_SemiBin_65.fa,79.76288603985343,NA,NA,NA,NA,NA,944_1,NA,NA,5,98.06,97.14,NA,NA
sample29_SemiBin_135.fa,31.511177524572933,NA,NA,NA,NA,NA,945_0,NA,NA,1,NA,NA,NA,NA
sample29_SemiBin_43.fa,73.54929342077097,NA,NA,NA,NA,NA,946_0,NA,NA,1,NA,NA,NA,NA
sample19_SemiBin_4.fa,99.22790818731325,NA,NA,NA,NA,NA,947_1,NA,NA,2,98.67,98.67,NA,NA
sample19_SemiBin_20.fa,82.11582620703678,NA,NA,NA,NA,NA,948_1,NA,NA,1,NA,NA,NA,NA
snj15_SemiBin_24.fa,63.35656260070596,NA,NA,NA,NA,NA,948_2,NA,NA,1,NA,NA,NA,NA
sample19_SemiBin_10.fa,74.47221199607115,NA,NA,NA,NA,NA,949_1,NA,NA,1,NA,NA,NA,NA
snj15_SemiBin_52.fa,72.69725107797737,NA,NA,NA,NA,NA,949_2,NA,NA,1,NA,NA,NA,NA
cpsnj20_SemiBin_35.fa,71.56084379511633,NA,NA,NA,NA,NA,950_1,NA,NA,2,95.18,95.18,NA,NA
snj19_SemiBin_81.fa,74.05915113281952,NA,NA,NA,NA,NA,950_2,NA,NA,3,98.70,97.72,NA,NA
sample19_SemiBin_8.fa,90.5235081088988,NA,NA,NA,NA,NA,950_3,NA,NA,1,NA,NA,NA,NA
sample30_SemiBin_80.fa,51.33503027636616,NA,NA,NA,NA,NA,950_4,NA,NA,1,NA,NA,NA,NA
sample26_SemiBin_78.fa,54.749612919384376,NA,NA,NA,NA,NA,951_0,NA,NA,1,NA,NA,NA,NA
snj14_SemiBin_74.fa,55.94592685982679,NA,NA,NA,NA,NA,952_0,NA,NA,1,NA,NA,NA,NA
sample19_SemiBin_96.fa,54.01019213993192,NA,NA,NA,NA,NA,953_0,NA,NA,1,NA,NA,NA,NA
snj15_SemiBin_73.fa,66.97215993106482,NA,NA,NA,NA,NA,954_0,NA,NA,1,NA,NA,NA,NA
sample17_SemiBin_171.fa,59.18012865541613,NA,NA,NA,NA,NA,955_0,NA,NA,1,NA,NA,NA,NA
sample30_SemiBin_31.fa,62.84247214494531,NA,NA,NA,NA,NA,956_1,NA,NA,2,95.56,95.56,NA,NA
sample19_SemiBin_18.fa,94.91774779174392,NA,NA,NA,NA,NA,957_0,NA,NA,1,NA,NA,NA,NA
snj02_SemiBin_23.fa,79.67151352885112,NA,NA,NA,NA,NA,958_1,NA,NA,2,95.40,95.40,NA,NA
cpsnj10_SemiBin_93.fa,66.37578650646496,NA,NA,NA,NA,NA,959_1,NA,NA,3,96.20,95.75,NA,NA
cpsnj20_SemiBin_221.fa,34.19379908183991,NA,NA,NA,NA,NA,959_2,NA,NA,1,NA,NA,NA,NA
sample28_SemiBin_65.fa,34.469444385158646,NA,NA,NA,NA,NA,959_3,NA,NA,1,NA,NA,NA,NA
cpsnj01_SemiBin_61.fa,52.09833855649662,NA,NA,NA,NA,NA,960_1,NA,NA,1,NA,NA,NA,NA
sample28_SemiBin_22.fa,51.7612715223342,NA,NA,NA,NA,NA,960_2,NA,NA,1,NA,NA,NA,NA
sample16_SemiBin_42.fa,72.37744320237653,NA,NA,NA,NA,NA,960_3,NA,NA,1,NA,NA,NA,NA
sample6_SemiBin_18.fa,64.8084575833218,NA,NA,NA,NA,NA,960_4,NA,NA,1,NA,NA,NA,NA
sample18_SemiBin_4.fa,98.93310211368215,NA,NA,NA,NA,NA,960_5,NA,NA,6,96.92,96.33,NA,NA
sample26_SemiBin_82.fa,66.97061322170987,NA,NA,NA,NA,NA,960_6,NA,NA,1,NA,NA,NA,NA
sample1_SemiBin_135.fa,58.93579573780795,NA,NA,NA,NA,NA,960_7,NA,NA,1,NA,NA,NA,NA
sample9_SemiBin_36.fa,66.8161048906681,NA,NA,NA,NA,NA,960_8,NA,NA,1,NA,NA,NA,NA
sample2_SemiBin_34.fa,60.60206980129049,NA,NA,NA,NA,NA,960_9,NA,NA,1,NA,NA,NA,NA
sample7_SemiBin_160.fa,27.038198551695512,NA,NA,NA,NA,NA,960_10,NA,NA,1,NA,NA,NA,NA
sample24_SemiBin_11.fa,59.89462446401152,NA,NA,NA,NA,NA,960_11,NA,NA,1,NA,NA,NA,NA
snj04_SemiBin_49.fa,37.9350721054794,NA,NA,NA,NA,NA,960_12,NA,NA,1,NA,NA,NA,NA
sample15_SemiBin_113.fa,51.959950966178575,NA,NA,NA,NA,NA,960_13,NA,NA,1,NA,NA,NA,NA
sample11_SemiBin_54.fa,62.65499391933447,NA,NA,NA,NA,NA,960_14,NA,NA,1,NA,NA,NA,NA
sample19_SemiBin_121.fa,33.84668329820898,NA,NA,NA,NA,NA,960_15,NA,NA,1,NA,NA,NA,NA
cpsnj03_SemiBin_85.fa,40.887991848997885,NA,NA,NA,NA,NA,960_16,NA,NA,1,NA,NA,NA,NA
cpsnj04_SemiBin_70.fa,64.2321244473479,NA,NA,NA,NA,NA,960_17,NA,NA,1,NA,NA,NA,NA
cpsnj15_SemiBin_52.fa,39.807582587783216,NA,NA,NA,NA,NA,960_18,NA,NA,1,NA,NA,NA,NA
sample29_SemiBin_141.fa,51.62995786791668,NA,NA,NA,NA,NA,961_0,NA,NA,1,NA,NA,NA,NA
sample19_SemiBin_187.fa,55.68515341263412,NA,NA,NA,NA,NA,962_0,NA,NA,1,NA,NA,NA,NA
sample29_SemiBin_15.fa,92.64694342771716,NA,NA,NA,NA,NA,963_0,NA,NA,1,NA,NA,NA,NA
sample19_SemiBin_74.fa,53.69027682752893,NA,NA,NA,NA,NA,964_0,NA,NA,1,NA,NA,NA,NA
cpsnj09_SemiBin_3.fa,99.93515317799576,NA,NA,NA,NA,NA,965_1,NA,NA,3,99.34,99.28,NA,NA
cpsnj04_SemiBin_6.fa,99.09279632630938,NA,NA,NA,NA,NA,966_1,NA,NA,15,98.45,94.50,NA,NA
cpsnj13_SemiBin_17.fa,86.62121347079642,NA,NA,NA,NA,NA,967_1,NA,NA,5,96.24,95.70,NA,NA
sample16_SemiBin_2.fa,98.37200720436546,NA,NA,NA,NA,NA,968_1,NA,NA,18,98.72,95.22,NA,NA
cpsnj03_SemiBin_2.fa,95.654587391733,NA,NA,NA,NA,NA,968_2,NA,NA,2,96.08,96.08,NA,NA
cpsnj16_SemiBin_11.fa,97.1657166553856,NA,NA,NA,NA,NA,968_3,NA,NA,3,96.69,95.72,NA,NA
cpsnj14_SemiBin_137.fa,58.67337019492146,NA,NA,NA,NA,NA,968_4,NA,NA,1,NA,NA,NA,NA
sample22_SemiBin_143.fa,18.224482332972222,NA,NA,NA,NA,NA,968_5,NA,NA,1,NA,NA,NA,NA
sample14_SemiBin_1577.fa,14.13052873197332,NA,NA,NA,NA,NA,968_6,NA,NA,1,NA,NA,NA,NA
sample13_SemiBin_106.fa,57.64020714194963,NA,NA,NA,NA,NA,969_1,NA,NA,1,NA,NA,NA,NA
sample1_SemiBin_244.fa,6.397263513896558,NA,NA,NA,NA,NA,969_2,NA,NA,1,NA,NA,NA,NA
sample19_SemiBin_103.fa,48.53108534539696,NA,NA,NA,NA,NA,970_0,NA,NA,1,NA,NA,NA,NA
sample11_SemiBin_99.fa,59.26081019830758,NA,NA,NA,NA,NA,971_0,NA,NA,1,NA,NA,NA,NA
sample19_SemiBin_46.fa,69.81257312212104,NA,NA,NA,NA,NA,972_0,NA,NA,1,NA,NA,NA,NA
cpsnj20_SemiBin_10.fa,92.12407092234145,NA,NA,NA,NA,NA,973_0,NA,NA,1,NA,NA,NA,NA
cpsnj20_SemiBin_41.fa,91.43384652957168,NA,NA,NA,NA,NA,974_0,NA,NA,1,NA,NA,NA,NA
cpsnj20_SemiBin_72.fa,53.80207741197434,NA,NA,NA,NA,NA,975_0,NA,NA,1,NA,NA,NA,NA
cpsnj03_SemiBin_61.fa,64.9196200881666,NA,NA,NA,NA,NA,976_1,NA,NA,2,97.34,97.34,NA,NA
snj19_SemiBin_121.fa,24.876454365420443,NA,NA,NA,NA,NA,976_2,NA,NA,1,NA,NA,NA,NA
sample29_SemiBin_14.fa,84.22932414666755,NA,NA,NA,NA,NA,977_0,NA,NA,1,NA,NA,NA,NA
snj20_SemiBin_85.fa,65.97748010809222,NA,NA,NA,NA,NA,978_0,NA,NA,1,NA,NA,NA,NA
cpsnj01_SemiBin_8.fa,92.91305400163958,NA,NA,NA,NA,NA,979_1,NA,NA,2,96.26,96.26,NA,NA
sample19_SemiBin_86.fa,60.61483452309048,NA,NA,NA,NA,NA,980_0,NA,NA,1,NA,NA,NA,NA
sample6_SemiBin_264.fa,33.28805476703424,NA,NA,NA,NA,NA,981_0,NA,NA,1,NA,NA,NA,NA
sample19_SemiBin_22.fa,70.11123445253732,NA,NA,NA,NA,NA,982_0,NA,NA,1,NA,NA,NA,NA
sample18_SemiBin_3.fa,97.94036539163976,NA,NA,NA,NA,NA,983_1,NA,NA,2,99.14,99.14,NA,NA
sample18_SemiBin_218.fa,89.50336363411115,NA,NA,NA,NA,NA,984_1,NA,NA,3,99.08,98.51,NA,NA
sample29_SemiBin_46.fa,89.71433175929629,NA,NA,NA,NA,NA,985_1,NA,NA,2,95.86,95.86,NA,NA
sample16_SemiBin_17.fa,87.77239128983558,NA,NA,NA,NA,NA,986_1,NA,NA,1,NA,NA,NA,NA
sample6_SemiBin_20.fa,86.58600868697708,NA,NA,NA,NA,NA,986_2,NA,NA,1,NA,NA,NA,NA
sample7_SemiBin_44.fa,75.12228575508726,NA,NA,NA,NA,NA,986_3,NA,NA,1,NA,NA,NA,NA
sample30_SemiBin_19.fa,47.313148156130026,NA,NA,NA,NA,NA,986_4,NA,NA,1,NA,NA,NA,NA
sample21_SemiBin_10.fa,93.8931089015384,NA,NA,NA,NA,NA,986_5,NA,NA,5,96.81,94.68,NA,NA
sample4_SemiBin_11.fa,90.38922613676192,NA,NA,NA,NA,NA,986_6,NA,NA,3,97.20,97.14,NA,NA
snj19_SemiBin_40.fa,80.63415192025002,NA,NA,NA,NA,NA,986_7,NA,NA,3,95.77,95.76,NA,NA
snj13_SemiBin_3.fa,88.02728638724908,NA,NA,NA,NA,NA,987_1,NA,NA,7,98.78,97.30,NA,NA
sample18_SemiBin_65.fa,76.6943039709035,NA,NA,NA,NA,NA,987_2,NA,NA,1,NA,NA,NA,NA
cpsnj04_SemiBin_76.fa,37.20885981974629,NA,NA,NA,NA,NA,988_1,NA,NA,1,NA,NA,NA,NA
sample13_SemiBin_74.fa,52.59647100534625,NA,NA,NA,NA,NA,988_2,NA,NA,1,NA,NA,NA,NA
sample15_SemiBin_62.fa,77.85385258581384,NA,NA,NA,NA,NA,989_1,NA,NA,2,96.94,96.94,NA,NA
cpsnj13_SemiBin_31.fa,78.10069091259558,NA,NA,NA,NA,NA,989_2,NA,NA,3,97.56,96.26,NA,NA
snj14_SemiBin_77.fa,45.47575212339292,NA,NA,NA,NA,NA,989_3,NA,NA,1,NA,NA,NA,NA
sample22_SemiBin_95.fa,63.90477865268349,NA,NA,NA,NA,NA,990_0,NA,NA,1,NA,NA,NA,NA
snj09_SemiBin_109.fa,31.169742601196983,NA,NA,NA,NA,NA,991_0,NA,NA,1,NA,NA,NA,NA
cpsnj14_SemiBin_244.fa,38.14832739053119,NA,NA,NA,NA,NA,992_0,NA,NA,1,NA,NA,NA,NA
cpsnj19_SemiBin_5.fa,93.89590971815036,NA,NA,NA,NA,NA,993_1,NA,NA,2,96.06,96.06,NA,NA
sample16_SemiBin_135.fa,57.54040450753963,NA,NA,NA,NA,NA,993_2,NA,NA,1,NA,NA,NA,NA
snj04_SemiBin_71.fa,52.54973356436918,NA,NA,NA,NA,NA,994_1,NA,NA,1,NA,NA,NA,NA
snj16_SemiBin_63.fa,52.42671468345195,NA,NA,NA,NA,NA,994_2,NA,NA,1,NA,NA,NA,NA
cpsnj04_SemiBin_113.fa,38.15244194572615,NA,NA,NA,NA,NA,994_3,NA,NA,1,NA,NA,NA,NA
sample20_SemiBin_192.fa,49.01147302877887,NA,NA,NA,NA,NA,995_0,NA,NA,1,NA,NA,NA,NA
snj15_SemiBin_49.fa,62.2009686833846,NA,NA,NA,NA,NA,996_0,NA,NA,1,NA,NA,NA,NA
cpsnj20_SemiBin_1612.fa,4.884353154452419,NA,NA,NA,NA,NA,997_0,NA,NA,1,NA,NA,NA,NA
cpsnj20_SemiBin_37.fa,69.95130761611993,NA,NA,NA,NA,NA,998_0,NA,NA,1,NA,NA,NA,NA
snj20_SemiBin_115.fa,40.75857310248391,NA,NA,NA,NA,NA,999_0,NA,NA,1,NA,NA,NA,NA
snj09_SemiBin_190.fa,48.45805771147852,NA,NA,NA,NA,NA,1000_0,NA,NA,1,NA,NA,NA,NA
snj02_SemiBin_14.fa,52.550641758515056,NA,NA,NA,NA,NA,1001_1,NA,NA,2,97.16,97.16,NA,NA
cpsnj09_SemiBin_137.fa,35.99292664095668,NA,NA,NA,NA,NA,1002_1,NA,NA,1,NA,NA,NA,NA
snj09_SemiBin_76.fa,62.92854694516514,NA,NA,NA,NA,NA,1002_2,NA,NA,1,NA,NA,NA,NA
snj14_SemiBin_106.fa,52.70974635989349,NA,NA,NA,NA,NA,1003_1,NA,NA,2,96.09,96.09,NA,NA
snj11_SemiBin_12.fa,97.78353912015724,NA,NA,NA,NA,NA,1003_2,NA,NA,5,96.57,95.18,NA,NA
cpsnj16_SemiBin_256.fa,29.507472123735354,NA,NA,NA,NA,NA,1003_3,NA,NA,1,NA,NA,NA,NA
snj10_SemiBin_40.fa,47.55259398871232,NA,NA,NA,NA,NA,1003_4,NA,NA,1,NA,NA,NA,NA
cpsnj03_SemiBin_189.fa,40.55215217034277,NA,NA,NA,NA,NA,1004_0,NA,NA,1,NA,NA,NA,NA
snj10_SemiBin_298.fa,8.392424564793778,NA,NA,NA,NA,NA,1005_0,NA,NA,1,NA,NA,NA,NA
cpsnj20_SemiBin_47.fa,46.59445114819604,NA,NA,NA,NA,NA,1006_0,NA,NA,1,NA,NA,NA,NA
sample18_SemiBin_150.fa,57.89197507420929,NA,NA,NA,NA,NA,1007_0,NA,NA,1,NA,NA,NA,NA
cpsnj09_SemiBin_50.fa,78.91891916954805,NA,NA,NA,NA,NA,1008_1,NA,NA,4,98.92,96.68,NA,NA
snj11_SemiBin_2054.fa,11.390219208031928,NA,NA,NA,NA,NA,1008_2,NA,NA,1,NA,NA,NA,NA
cpsnj10_SemiBin_1817.fa,15.86600500648938,NA,NA,NA,NA,NA,1009_0,NA,NA,1,NA,NA,NA,NA
cpsnj03_SemiBin_17.fa,72.88130096555248,NA,NA,NA,NA,NA,1010_1,NA,NA,4,99.32,99.00,NA,NA
cpsnj04_SemiBin_222.fa,19.853305274542954,NA,NA,NA,NA,NA,1010_2,NA,NA,1,NA,NA,NA,NA
cpsnj08_SemiBin_1244.fa,13.789084829194266,NA,NA,NA,NA,NA,1011_0,NA,NA,1,NA,NA,NA,NA
snj19_SemiBin_33.fa,84.39874071503944,NA,NA,NA,NA,NA,1012_0,NA,NA,1,NA,NA,NA,NA
sample15_SemiBin_119.fa,50.16325315140981,NA,NA,NA,NA,NA,1013_1,NA,NA,1,NA,NA,NA,NA
sample20_SemiBin_56.fa,75.12037432261026,NA,NA,NA,NA,NA,1013_2,NA,NA,1,NA,NA,NA,NA
cpsnj08_SemiBin_92.fa,31.927651411380847,NA,NA,NA,NA,NA,1013_3,NA,NA,1,NA,NA,NA,NA
snj08_SemiBin_92.fa,52.822698127469096,NA,NA,NA,NA,NA,1013_4,NA,NA,1,NA,NA,NA,NA
snj10_SemiBin_70.fa,39.58951823160815,NA,NA,NA,NA,NA,1013_5,NA,NA,1,NA,NA,NA,NA
snj19_SemiBin_1534.fa,9.414860429987208,NA,NA,NA,NA,NA,1014_0,NA,NA,1,NA,NA,NA,NA
sample29_SemiBin_24.fa,85.26295378030431,NA,NA,NA,NA,NA,1015_0,NA,NA,1,NA,NA,NA,NA
cpsnj20_SemiBin_36.fa,48.496160004696456,NA,NA,NA,NA,NA,1016_0,NA,NA,1,NA,NA,NA,NA
cpsnj20_SemiBin_64.fa,72.96649957448895,NA,NA,NA,NA,NA,1017_0,NA,NA,1,NA,NA,NA,NA
cpsnj20_SemiBin_77.fa,51.49723270077839,NA,NA,NA,NA,NA,1018_0,NA,NA,1,NA,NA,NA,NA
snj09_SemiBin_151.fa,52.14606868969991,NA,NA,NA,NA,NA,1019_0,NA,NA,1,NA,NA,NA,NA
cpsnj20_SemiBin_7.fa,99.7469707320172,NA,NA,NA,NA,NA,1020_0,NA,NA,1,NA,NA,NA,NA
sample29_SemiBin_116.fa,72.92141297391494,NA,NA,NA,NA,NA,1021_0,NA,NA,1,NA,NA,NA,NA
sample29_SemiBin_82.fa,47.98635697013657,NA,NA,NA,NA,NA,1022_0,NA,NA,1,NA,NA,NA,NA
sample18_SemiBin_112.fa,74.71524834727607,NA,NA,NA,NA,NA,1023_1,NA,NA,2,95.18,95.18,NA,NA
snj20_SemiBin_154.fa,60.77469620612284,NA,NA,NA,NA,NA,1023_2,NA,NA,1,NA,NA,NA,NA
snj03_SemiBin_28.fa,60.076148580029816,NA,NA,NA,NA,NA,1023_3,NA,NA,1,NA,NA,NA,NA
cpsnj03_SemiBin_88.fa,57.27896426969955,NA,NA,NA,NA,NA,1023_4,NA,NA,1,NA,NA,NA,NA
cpsnj19_SemiBin_114.fa,37.87104070851519,NA,NA,NA,NA,NA,1023_5,NA,NA,1,NA,NA,NA,NA
cpsnj02_SemiBin_56.fa,19.46761936266497,NA,NA,NA,NA,NA,1024_1,NA,NA,1,NA,NA,NA,NA
cpsnj04_SemiBin_72.fa,49.26388366177459,NA,NA,NA,NA,NA,1024_2,NA,NA,1,NA,NA,NA,NA
snj20_SemiBin_1699.fa,17.111519577402472,NA,NA,NA,NA,NA,1025_0,NA,NA,1,NA,NA,NA,NA
sample24_SemiBin_49.fa,50.04726002039632,NA,NA,NA,NA,NA,1026_0,NA,NA,1,NA,NA,NA,NA
sample23_SemiBin_43.fa,55.08800474333887,NA,NA,NA,NA,NA,1027_1,NA,NA,1,NA,NA,NA,NA
sample29_SemiBin_108.fa,66.65132577492476,NA,NA,NA,NA,NA,1027_2,NA,NA,1,NA,NA,NA,NA
sample29_SemiBin_120.fa,56.866721789468514,NA,NA,NA,NA,NA,1028_0,NA,NA,1,NA,NA,NA,NA
sample29_SemiBin_181.fa,56.55106392639628,NA,NA,NA,NA,NA,1029_0,NA,NA,1,NA,NA,NA,NA
sample29_SemiBin_3.fa,96.408822521807,NA,NA,NA,NA,NA,1030_0,NA,NA,1,NA,NA,NA,NA
snj09_SemiBin_94.fa,51.43964863546851,NA,NA,NA,NA,NA,1031_1,NA,NA,1,NA,NA,NA,NA
snj10_SemiBin_103.fa,14.753808350689544,NA,NA,NA,NA,NA,1031_2,NA,NA,1,NA,NA,NA,NA
snj08_SemiBin_91.fa,58.83943895541159,NA,NA,NA,NA,NA,1032_1,NA,NA,1,NA,NA,NA,NA
snj16_SemiBin_120.fa,48.94428686349567,NA,NA,NA,NA,NA,1032_2,NA,NA,1,NA,NA,NA,NA
cpsnj10_SemiBin_73.fa,48.38876082298494,NA,NA,NA,NA,NA,1032_3,NA,NA,1,NA,NA,NA,NA
cpsnj14_SemiBin_78.fa,58.40229647031284,NA,NA,NA,NA,NA,1032_4,NA,NA,1,NA,NA,NA,NA
sample20_SemiBin_188.fa,50.41136758890296,NA,NA,NA,NA,NA,1033_0,NA,NA,1,NA,NA,NA,NA
sample21_SemiBin_65.fa,28.56776489725536,NA,NA,NA,NA,NA,1034_0,NA,NA,1,NA,NA,NA,NA
sample23_SemiBin_128.fa,43.95419504578632,NA,NA,NA,NA,NA,1035_0,NA,NA,1,NA,NA,NA,NA
snj20_SemiBin_5.fa,98.35764584458995,NA,NA,NA,NA,NA,1036_1,NA,NA,2,97.90,97.90,NA,NA
cpsnj20_SemiBin_102.fa,55.79499871597904,NA,NA,NA,NA,NA,1037_0,NA,NA,1,NA,NA,NA,NA
snj20_SemiBin_106.fa,72.66083642062392,NA,NA,NA,NA,NA,1038_1,NA,NA,2,97.18,97.18,NA,NA
snj20_SemiBin_107.fa,49.24110992764043,NA,NA,NA,NA,NA,1039_0,NA,NA,1,NA,NA,NA,NA
cpsnj02_SemiBin_5.fa,88.5880273983834,NA,NA,NA,NA,NA,1040_1,NA,NA,2,98.63,98.63,NA,NA
cpsnj20_SemiBin_25.fa,84.54160907044073,NA,NA,NA,NA,NA,1041_0,NA,NA,1,NA,NA,NA,NA
cpsnj19_SemiBin_89.fa,60.50334857178823,NA,NA,NA,NA,NA,1042_1,NA,NA,1,NA,NA,NA,NA
sample19_SemiBin_56.fa,72.4700236588307,NA,NA,NA,NA,NA,1042_2,NA,NA,1,NA,NA,NA,NA
cpsnj20_SemiBin_15.fa,94.11135309029908,NA,NA,NA,NA,NA,1043_0,NA,NA,1,NA,NA,NA,NA
sample17_SemiBin_167.fa,44.76817766599199,NA,NA,NA,NA,NA,1044_0,NA,NA,1,NA,NA,NA,NA
sample18_SemiBin_364.fa,47.16981209098965,NA,NA,NA,NA,NA,1045_0,NA,NA,1,NA,NA,NA,NA
sample19_SemiBin_179.fa,63.63752011404684,NA,NA,NA,NA,NA,1046_0,NA,NA,1,NA,NA,NA,NA
cpsnj14_SemiBin_120.fa,68.95154504129728,NA,NA,NA,NA,NA,1047_1,NA,NA,2,97.80,97.80,NA,NA
cpsnj20_SemiBin_51.fa,77.02478953547585,NA,NA,NA,NA,NA,1048_0,NA,NA,1,NA,NA,NA,NA
sample13_SemiBin_7.fa,94.15662172532603,NA,NA,NA,NA,NA,1049_1,NA,NA,9,98.99,94.51,NA,NA
snj08_SemiBin_18.fa,99.42518643933168,NA,NA,NA,NA,NA,1049_2,NA,NA,26,98.12,94.80,NA,NA
sample17_SemiBin_114.fa,51.439240590460365,NA,NA,NA,NA,NA,1050_0,NA,NA,1,NA,NA,NA,NA
cpsnj11_SemiBin_74.fa,76.46952688300576,NA,NA,NA,NA,NA,1051_1,NA,NA,2,96.96,96.96,NA,NA
sample2_SemiBin_67.fa,72.36249095931663,NA,NA,NA,NA,NA,1051_2,NA,NA,3,99.10,98.67,NA,NA
sample21_SemiBin_1804.fa,29.280981740043327,NA,NA,NA,NA,NA,1051_3,NA,NA,1,NA,NA,NA,NA
cpsnj14_SemiBin_242.fa,50.354847884804514,NA,NA,NA,NA,NA,1052_0,NA,NA,1,NA,NA,NA,NA
cpsnj14_SemiBin_87.fa,76.8798032239134,NA,NA,NA,NA,NA,1053_1,NA,NA,1,NA,NA,NA,NA
sample20_SemiBin_100.fa,86.48188333401568,NA,NA,NA,NA,NA,1053_2,NA,NA,1,NA,NA,NA,NA
sample14_SemiBin_4.fa,69.2793733671368,NA,NA,NA,NA,NA,1054_0,NA,NA,1,NA,NA,NA,NA
sample20_SemiBin_61.fa,88.26531922513381,NA,NA,NA,NA,NA,1055_1,NA,NA,2,98.23,98.23,NA,NA
sample20_SemiBin_43.fa,76.49854694516513,NA,NA,NA,NA,NA,1056_0,NA,NA,1,NA,NA,NA,NA
cpsnj04_SemiBin_143.fa,59.99096128670171,NA,NA,NA,NA,NA,1057_0,NA,NA,1,NA,NA,NA,NA
cpsnj20_SemiBin_74.fa,52.20947444915589,NA,NA,NA,NA,NA,1058_0,NA,NA,1,NA,NA,NA,NA
snj08_SemiBin_38.fa,91.9890313297446,NA,NA,NA,NA,NA,1059_1,NA,NA,17,98.12,95.05,NA,NA
snj09_SemiBin_1316.fa,10.106493486074406,NA,NA,NA,NA,NA,1059_2,NA,NA,1,NA,NA,NA,NA
sample18_SemiBin_252.fa,82.50877626847546,NA,NA,NA,NA,NA,1060_1,NA,NA,2,96.12,96.12,NA,NA
sample24_SemiBin_36.fa,58.06422989286733,NA,NA,NA,NA,NA,1061_1,NA,NA,3,95.97,95.64,NA,NA
sample23_SemiBin_69.fa,61.17562048137846,NA,NA,NA,NA,NA,1061_2,NA,NA,1,NA,NA,NA,NA
sample25_SemiBin_100.fa,44.74841188397367,NA,NA,NA,NA,NA,1061_3,NA,NA,1,NA,NA,NA,NA
cpsnj04_SemiBin_149.fa,65.2006539276134,NA,NA,NA,NA,NA,1061_4,NA,NA,1,NA,NA,NA,NA
cpsnj20_SemiBin_90.fa,66.19423488510493,NA,NA,NA,NA,NA,1061_5,NA,NA,1,NA,NA,NA,NA
cpsnj03_SemiBin_48.fa,65.79102767463773,NA,NA,NA,NA,NA,1061_6,NA,NA,1,NA,NA,NA,NA
snj15_SemiBin_169.fa,38.70432534899679,NA,NA,NA,NA,NA,1061_7,NA,NA,1,NA,NA,NA,NA
sample17_SemiBin_222.fa,28.02706550333153,NA,NA,NA,NA,NA,1062_0,NA,NA,1,NA,NA,NA,NA
cpsnj11_SemiBin_7.fa,100.29578131546192,NA,NA,NA,NA,NA,1063_1,NA,NA,7,99.02,97.85,NA,NA
sample18_SemiBin_130.fa,81.53346412805098,NA,NA,NA,NA,NA,1064_1,NA,NA,2,96.64,96.64,NA,NA
sample17_SemiBin_117.fa,50.33896075659662,NA,NA,NA,NA,NA,1064_2,NA,NA,1,NA,NA,NA,NA
sample1_SemiBin_285.fa,59.064694165767605,NA,NA,NA,NA,NA,1065_1,NA,NA,2,98.45,98.45,NA,NA
sample14_SemiBin_103.fa,75.36791836063433,NA,NA,NA,NA,NA,1066_0,NA,NA,1,NA,NA,NA,NA
sample1_SemiBin_188.fa,66.65658992153328,NA,NA,NA,NA,NA,1067_1,NA,NA,2,96.14,96.14,NA,NA
sample30_SemiBin_109.fa,50.61219233564394,NA,NA,NA,NA,NA,1068_0,NA,NA,1,NA,NA,NA,NA
sample6_SemiBin_94.fa,49.55023235704156,NA,NA,NA,NA,NA,1069_0,NA,NA,1,NA,NA,NA,NA
snj11_SemiBin_120.fa,70.22034977800479,NA,NA,NA,NA,NA,1070_1,NA,NA,5,97.87,95.04,NA,NA
sample18_SemiBin_204.fa,57.6486246243387,NA,NA,NA,NA,NA,1071_0,NA,NA,1,NA,NA,NA,NA
cpsnj09_SemiBin_45.fa,89.71026063397075,NA,NA,NA,NA,NA,1072_1,NA,NA,3,98.93,95.43,NA,NA
sample17_SemiBin_5.fa,98.00666050968034,NA,NA,NA,NA,NA,1073_0,NA,NA,1,NA,NA,NA,NA
cpsnj10_SemiBin_103.fa,53.124341718596725,NA,NA,NA,NA,NA,1074_0,NA,NA,1,NA,NA,NA,NA
snj14_SemiBin_100.fa,70.96438574089493,NA,NA,NA,NA,NA,1075_0,NA,NA,1,NA,NA,NA,NA
snj08_SemiBin_25.fa,77.66934708325034,NA,NA,NA,NA,NA,1076_0,NA,NA,1,NA,NA,NA,NA
sample20_SemiBin_26.fa,97.6915001465359,NA,NA,NA,NA,NA,1077_1,NA,NA,9,98.16,95.24,NA,NA
sample18_SemiBin_1090.fa,24.30861296149023,NA,NA,NA,NA,NA,1078_0,NA,NA,1,NA,NA,NA,NA
sample17_SemiBin_146.fa,61.62580928829311,NA,NA,NA,NA,NA,1079_0,NA,NA,1,NA,NA,NA,NA
cpsnj09_SemiBin_207.fa,50.51074045401541,NA,NA,NA,NA,NA,1080_1,NA,NA,1,NA,NA,NA,NA
cpsnj10_SemiBin_83.fa,72.15693615652359,NA,NA,NA,NA,NA,1080_2,NA,NA,1,NA,NA,NA,NA
cpsnj13_SemiBin_310.fa,50.21690967241606,NA,NA,NA,NA,NA,1081_0,NA,NA,1,NA,NA,NA,NA
cpsnj09_SemiBin_108.fa,62.93873405450029,NA,NA,NA,NA,NA,1082_0,NA,NA,1,NA,NA,NA,NA
cpsnj13_SemiBin_222.fa,19.81214607635324,NA,NA,NA,NA,NA,1083_0,NA,NA,1,NA,NA,NA,NA
cpsnj20_SemiBin_9.fa,101.71934943851592,NA,NA,NA,NA,NA,1084_0,NA,NA,1,NA,NA,NA,NA
sample18_SemiBin_247.fa,47.091295918955055,NA,NA,NA,NA,NA,1085_0,NA,NA,1,NA,NA,NA,NA
sample27_SemiBin_764.fa,20.109117219056905,NA,NA,NA,NA,NA,1086_0,NA,NA,1,NA,NA,NA,NA
sample18_SemiBin_141.fa,85.90661665204203,NA,NA,NA,NA,NA,1087_1,NA,NA,2,98.87,98.87,NA,NA
cpsnj13_SemiBin_4.fa,101.77674964479031,NA,NA,NA,NA,NA,1088_1,NA,NA,3,99.15,99.10,NA,NA
sample22_SemiBin_79.fa,85.4245573775102,NA,NA,NA,NA,NA,1089_1,NA,NA,5,97.83,96.73,NA,NA
cpsnj14_SemiBin_35.fa,71.31097819485719,NA,NA,NA,NA,NA,1090_0,NA,NA,1,NA,NA,NA,NA
sample18_SemiBin_151.fa,70.77444019249464,NA,NA,NA,NA,NA,1091_1,NA,NA,3,97.99,97.71,NA,NA
snj14_SemiBin_73.fa,61.889181273437536,NA,NA,NA,NA,NA,1092_1,NA,NA,2,95.05,95.05,NA,NA
sample5_SemiBin_48.fa,72.97588420121265,NA,NA,NA,NA,NA,1093_1,NA,NA,3,98.22,96.48,NA,NA
sample15_SemiBin_87.fa,80.67465886521732,NA,NA,NA,NA,NA,1093_2,NA,NA,3,96.95,96.67,NA,NA
sample16_SemiBin_487.fa,47.93834002274848,NA,NA,NA,NA,NA,1093_3,NA,NA,1,NA,NA,NA,NA
cpsnj09_SemiBin_98.fa,64.20146711071594,NA,NA,NA,NA,NA,1093_4,NA,NA,1,NA,NA,NA,NA
snj14_SemiBin_2.fa,98.49503204335268,NA,NA,NA,NA,NA,1094_1,NA,NA,12,99.60,98.61,NA,NA
cpsnj01_SemiBin_65.fa,62.95527065914296,NA,NA,NA,NA,NA,1095_1,NA,NA,1,NA,NA,NA,NA
cpsnj04_SemiBin_260.fa,48.439598320447416,NA,NA,NA,NA,NA,1095_2,NA,NA,1,NA,NA,NA,NA
snj08_SemiBin_106.fa,60.21334154544558,NA,NA,NA,NA,NA,1096_1,NA,NA,2,96.99,96.99,NA,NA
snj11_SemiBin_8.fa,99.90914361417757,NA,NA,NA,NA,NA,1096_2,NA,NA,3,98.63,96.82,NA,NA
sample20_SemiBin_174.fa,56.22056445636151,NA,NA,NA,NA,NA,1097_0,NA,NA,1,NA,NA,NA,NA
sample18_SemiBin_7.fa,96.6119285974724,NA,NA,NA,NA,NA,1098_0,NA,NA,1,NA,NA,NA,NA
snj09_SemiBin_31.fa,88.23324246002603,NA,NA,NA,NA,NA,1099_0,NA,NA,1,NA,NA,NA,NA
sample3_SemiBin_39.fa,68.29999670003623,NA,NA,NA,NA,NA,1100_1,NA,NA,4,98.17,97.82,NA,NA
sample15_SemiBin_94.fa,62.455116399752974,NA,NA,NA,NA,NA,1100_2,NA,NA,3,96.68,95.71,NA,NA
cpsnj14_SemiBin_59.fa,78.10548766005489,NA,NA,NA,NA,NA,1101_0,NA,NA,1,NA,NA,NA,NA
snj11_SemiBin_69.fa,53.00894299584352,NA,NA,NA,NA,NA,1102_0,NA,NA,1,NA,NA,NA,NA
cpsnj10_SemiBin_12.fa,92.17220735782897,NA,NA,NA,NA,NA,1103_1,NA,NA,3,99.32,99.00,NA,NA
sample28_SemiBin_172.fa,53.36655033607081,NA,NA,NA,NA,NA,1104_0,NA,NA,1,NA,NA,NA,NA
snj02_SemiBin_13.fa,87.15750675514829,NA,NA,NA,NA,NA,1105_1,NA,NA,2,99.01,99.01,NA,NA
cpsnj19_SemiBin_190.fa,46.14650055284033,NA,NA,NA,NA,NA,1106_0,NA,NA,1,NA,NA,NA,NA
cpsnj09_SemiBin_52.fa,88.9591836554568,NA,NA,NA,NA,NA,1107_1,NA,NA,2,98.49,98.49,NA,NA
cpsnj13_SemiBin_83.fa,52.80517715628605,NA,NA,NA,NA,NA,1108_0,NA,NA,1,NA,NA,NA,NA
snj09_SemiBin_138.fa,48.08948329776115,NA,NA,NA,NA,NA,1109_0,NA,NA,1,NA,NA,NA,NA
sample7_SemiBin_56.fa,79.50412818356071,NA,NA,NA,NA,NA,1110_1,NA,NA,4,97.80,97.45,NA,NA
cpsnj14_SemiBin_12.fa,100.58288398360058,NA,NA,NA,NA,NA,1111_1,NA,NA,12,97.87,95.82,NA,NA
sample20_SemiBin_38.fa,93.27410475467322,NA,NA,NA,NA,NA,1111_2,NA,NA,2,96.73,96.73,NA,NA
sample13_SemiBin_10.fa,98.32820431676694,NA,NA,NA,NA,NA,1111_3,NA,NA,1,NA,NA,NA,NA
cpsnj09_SemiBin_173.fa,41.261288620137776,NA,NA,NA,NA,NA,1112_1,NA,NA,1,NA,NA,NA,NA
snj09_SemiBin_41.fa,52.9434490629878,NA,NA,NA,NA,NA,1112_2,NA,NA,1,NA,NA,NA,NA
cpsnj10_SemiBin_90.fa,74.64874346988144,NA,NA,NA,NA,NA,1112_3,NA,NA,1,NA,NA,NA,NA
cpsnj09_SemiBin_125.fa,53.66527921785958,NA,NA,NA,NA,NA,1113_0,NA,NA,1,NA,NA,NA,NA
cpsnj08_SemiBin_130.fa,73.37046023925085,NA,NA,NA,NA,NA,1114_0,NA,NA,1,NA,NA,NA,NA
cpsnj09_SemiBin_4.fa,101.57983381577024,NA,NA,NA,NA,NA,1115_1,NA,NA,3,98.94,97.73,NA,NA
cpsnj20_SemiBin_205.fa,50.42211216180305,NA,NA,NA,NA,NA,1116_0,NA,NA,1,NA,NA,NA,NA
sample18_SemiBin_207.fa,83.64207107636655,NA,NA,NA,NA,NA,1117_1,NA,NA,4,98.14,97.37,NA,NA
sample15_SemiBin_163.fa,29.484634309431293,NA,NA,NA,NA,NA,1118_0,NA,NA,1,NA,NA,NA,NA
sample19_SemiBin_7.fa,98.3695860253492,NA,NA,NA,NA,NA,1119_0,NA,NA,1,NA,NA,NA,NA
sample4_SemiBin_91.fa,37.51683969634215,NA,NA,NA,NA,NA,1120_0,NA,NA,1,NA,NA,NA,NA
cpsnj09_SemiBin_246.fa,63.75130495432669,NA,NA,NA,NA,NA,1121_1,NA,NA,4,97.05,96.44,NA,NA
cpsnj04_SemiBin_125.fa,76.41729328846624,NA,NA,NA,NA,NA,1122_1,NA,NA,3,97.31,96.18,NA,NA
sample14_SemiBin_89.fa,83.06591440844113,NA,NA,NA,NA,NA,1123_1,NA,NA,3,95.68,95.21,NA,NA
snj03_SemiBin_63.fa,50.55905395253565,NA,NA,NA,NA,NA,1123_2,NA,NA,1,NA,NA,NA,NA
snj19_SemiBin_678.fa,11.661500549259063,NA,NA,NA,NA,NA,1123_3,NA,NA,1,NA,NA,NA,NA
snj14_SemiBin_706.fa,35.50874610333307,NA,NA,NA,NA,NA,1123_4,NA,NA,1,NA,NA,NA,NA
sample18_SemiBin_57.fa,86.24373824731792,NA,NA,NA,NA,NA,1124_0,NA,NA,1,NA,NA,NA,NA
sample6_SemiBin_89.fa,66.36993766385692,NA,NA,NA,NA,NA,1125_0,NA,NA,1,NA,NA,NA,NA
snj11_SemiBin_2.fa,95.62906070813855,NA,NA,NA,NA,NA,1126_1,NA,NA,11,99.59,97.29,NA,NA
snj10_SemiBin_37.fa,69.71623896090188,NA,NA,NA,NA,NA,1126_2,NA,NA,1,NA,NA,NA,NA
sample18_SemiBin_249.fa,74.4096398795947,NA,NA,NA,NA,NA,1127_0,NA,NA,1,NA,NA,NA,NA
cpsnj09_SemiBin_321.fa,6.955297818233924,NA,NA,NA,NA,NA,1128_1,NA,NA,1,NA,NA,NA,NA
snj09_SemiBin_50.fa,78.70885348451908,NA,NA,NA,NA,NA,1128_2,NA,NA,1,NA,NA,NA,NA
sample29_SemiBin_247.fa,58.296920937020566,NA,NA,NA,NA,NA,1129_0,NA,NA,1,NA,NA,NA,NA
sample15_SemiBin_100.fa,51.564808312666784,NA,NA,NA,NA,NA,1130_0,NA,NA,1,NA,NA,NA,NA
sample22_SemiBin_215.fa,60.87546783610036,NA,NA,NA,NA,NA,1131_0,NA,NA,1,NA,NA,NA,NA
cpsnj14_SemiBin_89.fa,39.77475184971548,NA,NA,NA,NA,NA,1132_0,NA,NA,1,NA,NA,NA,NA
sample29_SemiBin_157.fa,52.12156648217695,NA,NA,NA,NA,NA,1133_0,NA,NA,1,NA,NA,NA,NA
sample18_SemiBin_180.fa,63.48107900523749,NA,NA,NA,NA,NA,1134_1,NA,NA,2,95.39,95.39,NA,NA
cpsnj14_SemiBin_24.fa,94.79520129317945,NA,NA,NA,NA,NA,1134_2,NA,NA,10,97.55,95.97,NA,NA
sample14_SemiBin_77.fa,33.079035916618324,NA,NA,NA,NA,NA,1134_3,NA,NA,1,NA,NA,NA,NA
cpsnj09_SemiBin_275.fa,53.07538880981621,NA,NA,NA,NA,NA,1134_4,NA,NA,1,NA,NA,NA,NA
snj09_SemiBin_93.fa,70.44505948187692,NA,NA,NA,NA,NA,1134_5,NA,NA,1,NA,NA,NA,NA
sample28_SemiBin_41.fa,75.6386774881189,NA,NA,NA,NA,NA,1134_6,NA,NA,1,NA,NA,NA,NA
cpsnj04_SemiBin_750.fa,31.800650828103027,NA,NA,NA,NA,NA,1134_7,NA,NA,1,NA,NA,NA,NA
snj09_SemiBin_200.fa,58.44169761259111,NA,NA,NA,NA,NA,1135_1,NA,NA,1,NA,NA,NA,NA
snj19_SemiBin_132.fa,51.41859592364644,NA,NA,NA,NA,NA,1135_2,NA,NA,1,NA,NA,NA,NA
cpsnj15_SemiBin_98.fa,41.26208051229031,NA,NA,NA,NA,NA,1135_3,NA,NA,1,NA,NA,NA,NA
cpsnj13_SemiBin_128.fa,54.35331902823936,NA,NA,NA,NA,NA,1135_4,NA,NA,1,NA,NA,NA,NA
sample20_SemiBin_331.fa,56.54294872475784,NA,NA,NA,NA,NA,1136_1,NA,NA,2,96.04,96.04,NA,NA
cpsnj16_SemiBin_112.fa,29.30599110912681,NA,NA,NA,NA,NA,1137_1,NA,NA,1,NA,NA,NA,NA
sample8_SemiBin_1250.fa,11.763487444180324,NA,NA,NA,NA,NA,1137_2,NA,NA,1,NA,NA,NA,NA
snj19_SemiBin_101.fa,52.188091253794745,NA,NA,NA,NA,NA,1138_0,NA,NA,1,NA,NA,NA,NA
cpsnj09_SemiBin_113.fa,74.14101421194187,NA,NA,NA,NA,NA,1139_1,NA,NA,3,99.00,96.35,NA,NA
cpsnj14_SemiBin_96.fa,64.95709389693722,NA,NA,NA,NA,NA,1140_1,NA,NA,2,95.58,95.58,NA,NA
cpsnj14_SemiBin_127.fa,87.46353536967989,NA,NA,NA,NA,NA,1141_1,NA,NA,6,98.41,96.10,NA,NA
sample18_SemiBin_300.fa,54.73981492226597,NA,NA,NA,NA,NA,1142_1,NA,NA,2,98.66,98.66,NA,NA
cpsnj10_SemiBin_22.fa,88.88590512973013,NA,NA,NA,NA,NA,1143_1,NA,NA,3,99.13,99.06,NA,NA
sample18_SemiBin_59.fa,97.68271249252254,NA,NA,NA,NA,NA,1144_0,NA,NA,1,NA,NA,NA,NA
cpsnj03_SemiBin_26.fa,90.04257185411541,NA,NA,NA,NA,NA,1145_1,NA,NA,5,99.49,98.48,NA,NA
sample23_SemiBin_174.fa,80.19358593632073,NA,NA,NA,NA,NA,1145_2,NA,NA,12,99.13,95.21,NA,NA
cpsnj14_SemiBin_11.fa,89.35075017772297,NA,NA,NA,NA,NA,1146_1,NA,NA,7,99.44,96.47,NA,NA
cpsnj15_SemiBin_611.fa,16.844645146883046,NA,NA,NA,NA,NA,1146_2,NA,NA,1,NA,NA,NA,NA
cpsnj16_SemiBin_841.fa,42.20223553503935,NA,NA,NA,NA,NA,1146_3,NA,NA,1,NA,NA,NA,NA
sample4_SemiBin_252.fa,36.25210576595561,NA,NA,NA,NA,NA,1147_0,NA,NA,1,NA,NA,NA,NA
cpsnj13_SemiBin_28.fa,91.28900211546048,NA,NA,NA,NA,NA,1148_1,NA,NA,4,98.73,98.31,NA,NA
sample20_SemiBin_315.fa,47.40676147042681,NA,NA,NA,NA,NA,1149_0,NA,NA,1,NA,NA,NA,NA
sample20_SemiBin_307.fa,61.32566589665417,NA,NA,NA,NA,NA,1150_1,NA,NA,3,97.10,96.96,NA,NA
cpsnj03_SemiBin_166.fa,27.90396310126657,NA,NA,NA,NA,NA,1151_0,NA,NA,1,NA,NA,NA,NA
sample20_SemiBin_131.fa,63.07710178261365,NA,NA,NA,NA,NA,1152_0,NA,NA,1,NA,NA,NA,NA
cpsnj09_SemiBin_315.fa,32.85701666379752,NA,NA,NA,NA,NA,1153_0,NA,NA,1,NA,NA,NA,NA
sample20_SemiBin_163.fa,49.431141871783566,NA,NA,NA,NA,NA,1154_1,NA,NA,1,NA,NA,NA,NA
sample6_SemiBin_87.fa,49.33089135640793,NA,NA,NA,NA,NA,1154_2,NA,NA,1,NA,NA,NA,NA
sample18_SemiBin_35.fa,75.31877486960855,NA,NA,NA,NA,NA,1155_1,NA,NA,2,95.69,95.69,NA,NA
sample6_SemiBin_218.fa,57.368863845818126,NA,NA,NA,NA,NA,1156_1,NA,NA,1,NA,NA,NA,NA
sample7_SemiBin_70.fa,56.87785886203437,NA,NA,NA,NA,NA,1156_2,NA,NA,1,NA,NA,NA,NA
cpsnj03_SemiBin_4.fa,100.00418848911288,NA,NA,NA,NA,NA,1156_3,NA,NA,6,99.16,97.93,NA,NA
cpsnj04_SemiBin_2289.fa,36.99309495134863,NA,NA,NA,NA,NA,1156_4,NA,NA,1,NA,NA,NA,NA
cpsnj01_SemiBin_127.fa,50.998102401560224,NA,NA,NA,NA,NA,1156_5,NA,NA,1,NA,NA,NA,NA
sample29_SemiBin_155.fa,49.10128951650086,NA,NA,NA,NA,NA,1156_6,NA,NA,1,NA,NA,NA,NA
snj01_SemiBin_122.fa,44.93471065616213,NA,NA,NA,NA,NA,1157_0,NA,NA,1,NA,NA,NA,NA
sample9_SemiBin_195.fa,34.34456726145669,NA,NA,NA,NA,NA,1158_0,NA,NA,1,NA,NA,NA,NA
sample22_SemiBin_80.fa,88.9785909500509,NA,NA,NA,NA,NA,1159_1,NA,NA,2,95.36,95.36,NA,NA
sample13_SemiBin_137.fa,54.26814823442879,NA,NA,NA,NA,NA,1159_2,NA,NA,1,NA,NA,NA,NA
sample17_SemiBin_285.fa,24.187169603172663,NA,NA,NA,NA,NA,1160_0,NA,NA,1,NA,NA,NA,NA
cpsnj09_SemiBin_1515.fa,9.45761090017152,NA,NA,NA,NA,NA,1161_0,NA,NA,1,NA,NA,NA,NA
sample28_SemiBin_143.fa,54.65154241891323,NA,NA,NA,NA,NA,1162_0,NA,NA,1,NA,NA,NA,NA
snj15_SemiBin_143.fa,51.119660918408414,NA,NA,NA,NA,NA,1163_0,NA,NA,1,NA,NA,NA,NA
sample20_SemiBin_435.fa,48.89811955853081,NA,NA,NA,NA,NA,1164_0,NA,NA,1,NA,NA,NA,NA
cpsnj09_SemiBin_110.fa,64.00958952627703,NA,NA,NA,NA,NA,1165_1,NA,NA,2,96.89,96.89,NA,NA
sample21_SemiBin_37.fa,90.4950364850378,NA,NA,NA,NA,NA,1166_1,NA,NA,12,98.10,96.21,NA,NA
sample22_SemiBin_713.fa,9.888104226347972,NA,NA,NA,NA,NA,1166_2,NA,NA,1,NA,NA,NA,NA
sample1_SemiBin_110.fa,86.4447940432831,NA,NA,NA,NA,NA,1167_1,NA,NA,2,96.16,96.16,NA,NA
sample17_SemiBin_145.fa,47.85186460414708,NA,NA,NA,NA,NA,1168_0,NA,NA,1,NA,NA,NA,NA
sample1_SemiBin_236.fa,81.29202133217457,NA,NA,NA,NA,NA,1169_1,NA,NA,2,95.62,95.62,NA,NA
sample20_SemiBin_278.fa,39.39533091046725,NA,NA,NA,NA,NA,1169_2,NA,NA,1,NA,NA,NA,NA
snj03_SemiBin_106.fa,85.27369793977047,NA,NA,NA,NA,NA,1170_1,NA,NA,3,99.43,98.89,NA,NA
snj01_SemiBin_174.fa,13.494668895079757,NA,NA,NA,NA,NA,1170_2,NA,NA,1,NA,NA,NA,NA
cpsnj11_SemiBin_20.fa,84.142647152069,NA,NA,NA,NA,NA,1171_1,NA,NA,7,99.26,95.86,NA,NA
cpsnj13_SemiBin_72.fa,60.63707595674947,NA,NA,NA,NA,NA,1172_0,NA,NA,1,NA,NA,NA,NA
sample9_SemiBin_136.fa,43.56474893582149,NA,NA,NA,NA,NA,1173_0,NA,NA,1,NA,NA,NA,NA
cpsnj04_SemiBin_481.fa,32.693964916816135,NA,NA,NA,NA,NA,1174_0,NA,NA,1,NA,NA,NA,NA
snj09_SemiBin_2.fa,92.5347525454366,NA,NA,NA,NA,NA,1175_1,NA,NA,2,99.51,99.51,NA,NA
cpsnj11_SemiBin_67.fa,78.68249328692917,NA,NA,NA,NA,NA,1176_1,NA,NA,5,98.73,97.02,NA,NA
snj08_SemiBin_75.fa,78.97337368103344,NA,NA,NA,NA,NA,1177_1,NA,NA,2,96.09,96.09,NA,NA
sample8_SemiBin_24.fa,77.94196404276684,NA,NA,NA,NA,NA,1177_2,NA,NA,3,98.78,98.76,NA,NA
cpsnj14_SemiBin_138.fa,50.42169647209226,NA,NA,NA,NA,NA,1177_3,NA,NA,1,NA,NA,NA,NA
sample20_SemiBin_140.fa,66.83051488465712,NA,NA,NA,NA,NA,1177_4,NA,NA,1,NA,NA,NA,NA
sample19_SemiBin_273.fa,42.22638438380884,NA,NA,NA,NA,NA,1178_0,NA,NA,1,NA,NA,NA,NA
cpsnj04_SemiBin_144.fa,68.1875793096435,NA,NA,NA,NA,NA,1179_0,NA,NA,1,NA,NA,NA,NA
sample2_SemiBin_23.fa,88.6950007631181,NA,NA,NA,NA,NA,1180_1,NA,NA,3,99.79,96.04,NA,NA
sample28_SemiBin_28.fa,50.34371737864802,NA,NA,NA,NA,NA,1181_0,NA,NA,1,NA,NA,NA,NA
sample11_SemiBin_103.fa,44.97821998687476,NA,NA,NA,NA,NA,1182_1,NA,NA,1,NA,NA,NA,NA
sample18_SemiBin_95.fa,91.70364171816937,NA,NA,NA,NA,NA,1182_2,NA,NA,1,NA,NA,NA,NA
sample18_SemiBin_44.fa,96.30331699391088,NA,NA,NA,NA,NA,1183_0,NA,NA,1,NA,NA,NA,NA
cpsnj09_SemiBin_217.fa,70.88396665803178,NA,NA,NA,NA,NA,1184_0,NA,NA,1,NA,NA,NA,NA
sample29_SemiBin_195.fa,69.95705242746075,NA,NA,NA,NA,NA,1185_0,NA,NA,1,NA,NA,NA,NA
sample29_SemiBin_7.fa,96.18736437804624,NA,NA,NA,NA,NA,1186_0,NA,NA,1,NA,NA,NA,NA
cpsnj01_SemiBin_10.fa,80.1742858135487,NA,NA,NA,NA,NA,1187_1,NA,NA,3,96.82,95.52,NA,NA
snj20_SemiBin_235.fa,80.81022668355695,NA,NA,NA,NA,NA,1187_2,NA,NA,1,NA,NA,NA,NA
sample23_SemiBin_75.fa,64.79582658576453,NA,NA,NA,NA,NA,1187_3,NA,NA,1,NA,NA,NA,NA
snj13_SemiBin_98.fa,59.13888706157509,NA,NA,NA,NA,NA,1188_1,NA,NA,5,96.68,95.38,NA,NA
cpsnj11_SemiBin_76.fa,62.25903334698861,NA,NA,NA,NA,NA,1188_2,NA,NA,3,96.85,94.09,NA,NA
sample20_SemiBin_177.fa,15.728112389758376,NA,NA,NA,NA,NA,1188_3,NA,NA,1,NA,NA,NA,NA
snj13_SemiBin_244.fa,41.40552300693131,NA,NA,NA,NA,NA,1188_4,NA,NA,1,NA,NA,NA,NA
cpsnj11_SemiBin_1865.fa,3.705606044772968,NA,NA,NA,NA,NA,1189_1,NA,NA,1,NA,NA,NA,NA
snj11_SemiBin_830.fa,18.775106282480984,NA,NA,NA,NA,NA,1189_2,NA,NA,1,NA,NA,NA,NA
cpsnj09_SemiBin_69.fa,79.93575646928878,NA,NA,NA,NA,NA,1189_3,NA,NA,4,95.79,95.46,NA,NA
sample28_SemiBin_70.fa,52.93160408940881,NA,NA,NA,NA,NA,1189_4,NA,NA,1,NA,NA,NA,NA
snj09_SemiBin_168.fa,57.72348829014964,NA,NA,NA,NA,NA,1189_5,NA,NA,1,NA,NA,NA,NA
snj16_SemiBin_115.fa,35.70760059974684,NA,NA,NA,NA,NA,1189_6,NA,NA,1,NA,NA,NA,NA
cpsnj04_SemiBin_625.fa,20.15793833213422,NA,NA,NA,NA,NA,1190_0,NA,NA,1,NA,NA,NA,NA
sample6_SemiBin_122.fa,43.08395177162664,NA,NA,NA,NA,NA,1191_0,NA,NA,1,NA,NA,NA,NA
sample23_SemiBin_5.fa,90.43678208757878,NA,NA,NA,NA,NA,1192_1,NA,NA,3,99.92,99.67,NA,NA
sample23_SemiBin_58.fa,58.88324599262213,NA,NA,NA,NA,NA,1193_1,NA,NA,3,97.12,95.18,NA,NA
sample3_SemiBin_6.fa,88.30758064891084,NA,NA,NA,NA,NA,1194_1,NA,NA,2,98.72,98.72,NA,NA
cpsnj19_SemiBin_90.fa,82.82397506386677,NA,NA,NA,NA,NA,1194_2,NA,NA,1,NA,NA,NA,NA
sample5_SemiBin_33.fa,59.12672808319825,NA,NA,NA,NA,NA,1195_1,NA,NA,2,95.11,95.11,NA,NA
snj08_SemiBin_120.fa,30.43113579775002,NA,NA,NA,NA,NA,1196_0,NA,NA,1,NA,NA,NA,NA
sample23_SemiBin_9.fa,96.44845295686738,NA,NA,NA,NA,NA,1197_1,NA,NA,2,98.68,98.68,NA,NA
sample20_SemiBin_41.fa,96.31713592492812,NA,NA,NA,NA,NA,1198_1,NA,NA,3,98.79,96.57,NA,NA
sample29_SemiBin_72.fa,48.974732505196734,NA,NA,NA,NA,NA,1199_0,NA,NA,1,NA,NA,NA,NA
snj01_SemiBin_67.fa,57.51476315590645,NA,NA,NA,NA,NA,1200_1,NA,NA,2,97.29,97.29,NA,NA
sample20_SemiBin_98.fa,74.55166340019478,NA,NA,NA,NA,NA,1200_2,NA,NA,1,NA,NA,NA,NA
sample20_SemiBin_45.fa,91.322009079308,NA,NA,NA,NA,NA,1201_0,NA,NA,1,NA,NA,NA,NA
sample29_SemiBin_119.fa,72.05237268334811,NA,NA,NA,NA,NA,1202_0,NA,NA,1,NA,NA,NA,NA
sample29_SemiBin_20.fa,53.89671218091456,NA,NA,NA,NA,NA,1203_0,NA,NA,1,NA,NA,NA,NA
sample21_SemiBin_157.fa,45.34802914771553,NA,NA,NA,NA,NA,1204_1,NA,NA,1,NA,NA,NA,NA
snj13_SemiBin_5.fa,97.83215645120066,NA,NA,NA,NA,NA,1204_2,NA,NA,1,NA,NA,NA,NA
sample27_SemiBin_140.fa,60.81146510688853,NA,NA,NA,NA,NA,1205_0,NA,NA,1,NA,NA,NA,NA
sample6_SemiBin_195.fa,56.51869137797052,NA,NA,NA,NA,NA,1206_0,NA,NA,1,NA,NA,NA,NA
snj11_SemiBin_128.fa,56.92219027087664,NA,NA,NA,NA,NA,1207_0,NA,NA,1,NA,NA,NA,NA
cpsnj03_SemiBin_110.fa,68.79776077804493,NA,NA,NA,NA,NA,1208_0,NA,NA,1,NA,NA,NA,NA
snj02_SemiBin_39.fa,60.31450779378801,NA,NA,NA,NA,NA,1209_0,NA,NA,1,NA,NA,NA,NA
sample3_SemiBin_94.fa,75.2297683403436,NA,NA,NA,NA,NA,1210_1,NA,NA,2,95.63,95.63,NA,NA
snj19_SemiBin_10.fa,98.36277857483168,NA,NA,NA,NA,NA,1210_2,NA,NA,16,99.32,95.60,NA,NA
cpsnj04_SemiBin_2241.fa,18.114528211945565,NA,NA,NA,NA,NA,1210_3,NA,NA,1,NA,NA,NA,NA
sample1_SemiBin_182.fa,44.5775305222888,NA,NA,NA,NA,NA,1211_0,NA,NA,1,NA,NA,NA,NA
sample19_SemiBin_1724.fa,27.35959233354873,NA,NA,NA,NA,NA,1212_0,NA,NA,1,NA,NA,NA,NA
sample29_SemiBin_121.fa,58.899050826407866,NA,NA,NA,NA,NA,1213_0,NA,NA,1,NA,NA,NA,NA
snj16_SemiBin_5.fa,99.26185362483491,NA,NA,NA,NA,NA,1214_1,NA,NA,9,99.50,95.38,NA,NA
snj10_SemiBin_73.fa,84.30316475385796,NA,NA,NA,NA,NA,1214_2,NA,NA,5,99.14,97.61,NA,NA
sample13_SemiBin_173.fa,70.2083751428916,NA,NA,NA,NA,NA,1214_3,NA,NA,4,97.50,96.27,NA,NA
sample1_SemiBin_497.fa,14.224624078971384,NA,NA,NA,NA,NA,1214_4,NA,NA,1,NA,NA,NA,NA
snj11_SemiBin_92.fa,57.11354932020716,NA,NA,NA,NA,NA,1215_0,NA,NA,1,NA,NA,NA,NA
sample18_SemiBin_105.fa,85.3916034325763,NA,NA,NA,NA,NA,1216_1,NA,NA,4,98.33,98.08,NA,NA
sample20_SemiBin_110.fa,42.914267181764565,NA,NA,NA,NA,NA,1217_0,NA,NA,1,NA,NA,NA,NA
sample13_SemiBin_296.fa,51.80011563264233,NA,NA,NA,NA,NA,1218_1,NA,NA,2,95.35,95.35,NA,NA
cpsnj10_SemiBin_39.fa,76.42152810192383,NA,NA,NA,NA,NA,1219_1,NA,NA,4,98.37,95.06,NA,NA
cpsnj09_SemiBin_718.fa,8.95548473848039,NA,NA,NA,NA,NA,1219_2,NA,NA,1,NA,NA,NA,NA
cpsnj14_SemiBin_19.fa,92.92814088095012,NA,NA,NA,NA,NA,1220_1,NA,NA,5,98.03,97.01,NA,NA
snj09_SemiBin_1041.fa,14.428937641255343,NA,NA,NA,NA,NA,1220_2,NA,NA,1,NA,NA,NA,NA
cpsnj10_SemiBin_87.fa,63.271130937858544,NA,NA,NA,NA,NA,1221_0,NA,NA,1,NA,NA,NA,NA
sample20_SemiBin_391.fa,47.84633344516192,NA,NA,NA,NA,NA,1222_0,NA,NA,1,NA,NA,NA,NA
snj08_SemiBin_37.fa,82.45900356560014,NA,NA,NA,NA,NA,1223_1,NA,NA,4,97.07,95.46,NA,NA
sample21_SemiBin_195.fa,49.13680423379414,NA,NA,NA,NA,NA,1223_2,NA,NA,1,NA,NA,NA,NA
snj01_SemiBin_10.fa,74.4747869549608,NA,NA,NA,NA,NA,1223_3,NA,NA,1,NA,NA,NA,NA
sample20_SemiBin_273.fa,58.437365015203824,NA,NA,NA,NA,NA,1224_0,NA,NA,1,NA,NA,NA,NA
snj11_SemiBin_207.fa,75.03850454108208,NA,NA,NA,NA,NA,1225_1,NA,NA,2,98.65,98.65,NA,NA
snj11_SemiBin_792.fa,37.162133286577,NA,NA,NA,NA,NA,1226_0,NA,NA,1,NA,NA,NA,NA
snj09_SemiBin_292.fa,40.537756029374464,NA,NA,NA,NA,NA,1227_0,NA,NA,1,NA,NA,NA,NA
snj13_SemiBin_35.fa,79.80755820808614,NA,NA,NA,NA,NA,1228_0,NA,NA,1,NA,NA,NA,NA
sample29_SemiBin_107.fa,63.79914765256041,NA,NA,NA,NA,NA,1229_0,NA,NA,1,NA,NA,NA,NA
cpsnj02_SemiBin_81.fa,47.79397160649995,NA,NA,NA,NA,NA,1230_0,NA,NA,1,NA,NA,NA,NA
sample4_SemiBin_100.fa,95.88559645205687,NA,NA,NA,NA,NA,1231_1,NA,NA,3,98.15,95.27,NA,NA
snj08_SemiBin_168.fa,61.5800887527604,NA,NA,NA,NA,NA,1231_2,NA,NA,1,NA,NA,NA,NA
sample19_SemiBin_34.fa,95.30090540840904,NA,NA,NA,NA,NA,1232_0,NA,NA,1,NA,NA,NA,NA
sample19_SemiBin_206.fa,68.18137709865908,NA,NA,NA,NA,NA,1233_1,NA,NA,1,NA,NA,NA,NA
sample25_SemiBin_906.fa,7.565102077582661,NA,NA,NA,NA,NA,1233_2,NA,NA,1,NA,NA,NA,NA
cpsnj01_SemiBin_90.fa,50.95122079842556,NA,NA,NA,NA,NA,1234_0,NA,NA,1,NA,NA,NA,NA
cpsnj03_SemiBin_1486.fa,22.60321476099689,NA,NA,NA,NA,NA,1235_0,NA,NA,1,NA,NA,NA,NA
snj08_SemiBin_66.fa,48.03729301285165,NA,NA,NA,NA,NA,1236_1,NA,NA,2,95.70,95.70,NA,NA
cpsnj19_SemiBin_75.fa,54.96319283251733,NA,NA,NA,NA,NA,1236_2,NA,NA,1,NA,NA,NA,NA
snj19_SemiBin_87.fa,64.61197246341719,NA,NA,NA,NA,NA,1236_3,NA,NA,1,NA,NA,NA,NA
cpsnj01_SemiBin_59.fa,38.263511329123126,NA,NA,NA,NA,NA,1237_1,NA,NA,1,NA,NA,NA,NA
cpsnj11_SemiBin_361.fa,42.39703306652382,NA,NA,NA,NA,NA,1237_2,NA,NA,1,NA,NA,NA,NA
snj16_SemiBin_104.fa,61.42729271014544,NA,NA,NA,NA,NA,1238_1,NA,NA,2,96.27,96.27,NA,NA
cpsnj09_SemiBin_27.fa,73.52686584089342,NA,NA,NA,NA,NA,1239_1,NA,NA,2,98.33,98.33,NA,NA
sample20_SemiBin_66.fa,85.21692808704417,NA,NA,NA,NA,NA,1240_1,NA,NA,4,98.91,97.68,NA,NA
sample16_SemiBin_198.fa,75.05441834568937,NA,NA,NA,NA,NA,1241_1,NA,NA,3,96.36,95.84,NA,NA
snj04_SemiBin_146.fa,61.7605327019035,NA,NA,NA,NA,NA,1241_2,NA,NA,1,NA,NA,NA,NA
sample4_SemiBin_129.fa,67.24676731368788,NA,NA,NA,NA,NA,1241_3,NA,NA,1,NA,NA,NA,NA
cpsnj11_SemiBin_34.fa,96.1299608181968,NA,NA,NA,NA,NA,1242_1,NA,NA,8,99.30,95.99,NA,NA
snj16_SemiBin_93.fa,30.040395567232054,NA,NA,NA,NA,NA,1242_2,NA,NA,1,NA,NA,NA,NA
cpsnj13_SemiBin_116.fa,57.65729500130151,NA,NA,NA,NA,NA,1242_3,NA,NA,1,NA,NA,NA,NA
cpsnj01_SemiBin_1263.fa,25.12968071050469,NA,NA,NA,NA,NA,1242_4,NA,NA,1,NA,NA,NA,NA
cpsnj01_SemiBin_156.fa,30.013601341347837,NA,NA,NA,NA,NA,1243_0,NA,NA,1,NA,NA,NA,NA
snj08_SemiBin_174.fa,77.36369188807551,NA,NA,NA,NA,NA,1244_0,NA,NA,1,NA,NA,NA,NA
snj15_SemiBin_72.fa,48.2789715704408,NA,NA,NA,NA,NA,1245_1,NA,NA,2,96.24,96.24,NA,NA
sample18_SemiBin_121.fa,91.90300535712517,NA,NA,NA,NA,NA,1246_1,NA,NA,4,99.16,96.52,NA,NA
sample18_SemiBin_41.fa,98.6900757507878,NA,NA,NA,NA,NA,1247_1,NA,NA,5,99.55,97.18,NA,NA
sample15_SemiBin_136.fa,62.39582203753806,NA,NA,NA,NA,NA,1247_2,NA,NA,1,NA,NA,NA,NA
cpsnj16_SemiBin_7.fa,98.12353186690618,NA,NA,NA,NA,NA,1248_1,NA,NA,3,99.32,98.83,NA,NA
sample17_SemiBin_68.fa,74.46589088621457,NA,NA,NA,NA,NA,1249_0,NA,NA,1,NA,NA,NA,NA
cpsnj14_SemiBin_41.fa,85.33920705457399,NA,NA,NA,NA,NA,1250_1,NA,NA,2,97.99,97.99,NA,NA
cpsnj10_SemiBin_38.fa,87.15024734510874,NA,NA,NA,NA,NA,1251_1,NA,NA,3,96.64,94.94,NA,NA
cpsnj15_SemiBin_170.fa,38.61492908743213,NA,NA,NA,NA,NA,1251_2,NA,NA,1,NA,NA,NA,NA
snj11_SemiBin_346.fa,41.81698130433675,NA,NA,NA,NA,NA,1251_3,NA,NA,1,NA,NA,NA,NA
cpsnj10_SemiBin_119.fa,75.30800744181508,NA,NA,NA,NA,NA,1252_1,NA,NA,2,98.94,98.94,NA,NA
cpsnj04_SemiBin_12.fa,99.85358740833112,NA,NA,NA,NA,NA,1253_1,NA,NA,6,99.55,98.72,NA,NA
sample2_SemiBin_230.fa,7.958048181179305,NA,NA,NA,NA,NA,1253_2,NA,NA,1,NA,NA,NA,NA
sample4_SemiBin_122.fa,83.58794371973073,NA,NA,NA,NA,NA,1254_1,NA,NA,2,96.09,96.09,NA,NA
sample18_SemiBin_336.fa,59.605399905315394,NA,NA,NA,NA,NA,1254_2,NA,NA,1,NA,NA,NA,NA
sample27_SemiBin_119.fa,73.68868739962039,NA,NA,NA,NA,NA,1255_1,NA,NA,2,95.46,95.46,NA,NA
sample13_SemiBin_121.fa,52.15120443044042,NA,NA,NA,NA,NA,1255_2,NA,NA,1,NA,NA,NA,NA
sample22_SemiBin_89.fa,66.78605738144356,NA,NA,NA,NA,NA,1255_3,NA,NA,1,NA,NA,NA,NA
snj11_SemiBin_90.fa,97.07930056954817,NA,NA,NA,NA,NA,1255_4,NA,NA,9,98.48,97.32,NA,NA
cpsnj15_SemiBin_280.fa,52.54503165687684,NA,NA,NA,NA,NA,1255_5,NA,NA,1,NA,NA,NA,NA
cpsnj19_SemiBin_307.fa,29.96885784472875,NA,NA,NA,NA,NA,1255_6,NA,NA,1,NA,NA,NA,NA
sample18_SemiBin_9.fa,101.56020163350384,NA,NA,NA,NA,NA,1256_0,NA,NA,1,NA,NA,NA,NA
sample29_SemiBin_29.fa,94.84009666747905,NA,NA,NA,NA,NA,1257_1,NA,NA,2,99.02,99.02,NA,NA
cpsnj13_SemiBin_141.fa,80.68685189205554,NA,NA,NA,NA,NA,1258_1,NA,NA,3,97.83,97.59,NA,NA
cpsnj09_SemiBin_28.fa,96.97197037165338,NA,NA,NA,NA,NA,1259_1,NA,NA,7,99.60,97.44,NA,NA
sample23_SemiBin_97.fa,62.77126425992943,NA,NA,NA,NA,NA,1259_2,NA,NA,1,NA,NA,NA,NA
sample20_SemiBin_162.fa,27.400123966684635,NA,NA,NA,NA,NA,1260_0,NA,NA,1,NA,NA,NA,NA
cpsnj14_SemiBin_58.fa,76.633726748503,NA,NA,NA,NA,NA,1261_0,NA,NA,1,NA,NA,NA,NA
cpsnj14_SemiBin_123.fa,92.838322558662,NA,NA,NA,NA,NA,1262_1,NA,NA,7,99.01,97.21,NA,NA
cpsnj11_SemiBin_137.fa,59.96643772360037,NA,NA,NA,NA,NA,1262_2,NA,NA,1,NA,NA,NA,NA
snj01_SemiBin_34.fa,67.09410873509906,NA,NA,NA,NA,NA,1263_0,NA,NA,1,NA,NA,NA,NA
snj13_SemiBin_36.fa,82.80596686615516,NA,NA,NA,NA,NA,1264_0,NA,NA,1,NA,NA,NA,NA
snj20_SemiBin_36.fa,67.9399341586757,NA,NA,NA,NA,NA,1265_1,NA,NA,3,97.16,96.47,NA,NA
sample23_SemiBin_81.fa,50.584835164784,NA,NA,NA,NA,NA,1265_2,NA,NA,1,NA,NA,NA,NA
cpsnj01_SemiBin_37.fa,57.7560340414423,NA,NA,NA,NA,NA,1265_3,NA,NA,1,NA,NA,NA,NA
snj01_SemiBin_46.fa,39.93352215853429,NA,NA,NA,NA,NA,1265_4,NA,NA,1,NA,NA,NA,NA
snj10_SemiBin_15.fa,74.17385598868277,NA,NA,NA,NA,NA,1266_1,NA,NA,5,97.70,97.28,NA,NA
snj16_SemiBin_65.fa,11.29592631569782,NA,NA,NA,NA,NA,1266_2,NA,NA,1,NA,NA,NA,NA
cpsnj14_SemiBin_2008.fa,17.159994079795645,NA,NA,NA,NA,NA,1266_3,NA,NA,1,NA,NA,NA,NA
snj13_SemiBin_129.fa,67.54123107602626,NA,NA,NA,NA,NA,1267_0,NA,NA,1,NA,NA,NA,NA
sample21_SemiBin_88.fa,46.5949537895382,NA,NA,NA,NA,NA,1268_0,NA,NA,1,NA,NA,NA,NA
sample27_SemiBin_138.fa,66.15970378358348,NA,NA,NA,NA,NA,1269_0,NA,NA,1,NA,NA,NA,NA
sample17_SemiBin_61.fa,64.87333586566011,NA,NA,NA,NA,NA,1270_0,NA,NA,1,NA,NA,NA,NA
sample25_SemiBin_75.fa,73.17992805436938,NA,NA,NA,NA,NA,1271_1,NA,NA,6,97.00,96.25,NA,NA
cpsnj08_SemiBin_3.fa,97.87397688548673,NA,NA,NA,NA,NA,1271_2,NA,NA,8,99.52,97.73,NA,NA
cpsnj09_SemiBin_17.fa,91.42312450867897,NA,NA,NA,NA,NA,1271_3,NA,NA,5,98.66,95.62,NA,NA
cpsnj03_SemiBin_22.fa,67.21873080070395,NA,NA,NA,NA,NA,1272_1,NA,NA,4,98.75,97.29,NA,NA
cpsnj03_SemiBin_5.fa,96.70302975394776,NA,NA,NA,NA,NA,1273_1,NA,NA,20,99.71,96.56,NA,NA
sample19_SemiBin_246.fa,58.37372648334291,NA,NA,NA,NA,NA,1274_0,NA,NA,1,NA,NA,NA,NA
sample13_SemiBin_126.fa,58.397868944576906,NA,NA,NA,NA,NA,1275_0,NA,NA,1,NA,NA,NA,NA
snj04_SemiBin_64.fa,48.12261801340866,NA,NA,NA,NA,NA,1276_0,NA,NA,1,NA,NA,NA,NA
sample28_SemiBin_24.fa,87.07109664547397,NA,NA,NA,NA,NA,1277_1,NA,NA,3,97.70,95.77,NA,NA
cpsnj03_SemiBin_641.fa,27.7732185133812,NA,NA,NA,NA,NA,1277_2,NA,NA,1,NA,NA,NA,NA
sample24_SemiBin_1187.fa,9.196439444680816,NA,NA,NA,NA,NA,1278_0,NA,NA,1,NA,NA,NA,NA
sample5_SemiBin_12.fa,88.13964683534688,NA,NA,NA,NA,NA,1279_0,NA,NA,1,NA,NA,NA,NA
sample6_SemiBin_91.fa,89.72473640084084,NA,NA,NA,NA,NA,1280_0,NA,NA,1,NA,NA,NA,NA
sample22_SemiBin_8.fa,102.37530744104428,NA,NA,NA,NA,NA,1281_1,NA,NA,10,99.49,96.39,NA,NA
sample10_SemiBin_142.fa,49.12207694524552,NA,NA,NA,NA,NA,1281_2,NA,NA,1,NA,NA,NA,NA
sample1_SemiBin_45.fa,86.84691748257144,NA,NA,NA,NA,NA,1282_1,NA,NA,2,95.94,95.94,NA,NA
sample4_SemiBin_36.fa,89.70141276457538,NA,NA,NA,NA,NA,1282_2,NA,NA,1,NA,NA,NA,NA
snj15_SemiBin_3.fa,100.16484627819122,NA,NA,NA,NA,NA,1282_3,NA,NA,16,98.77,95.37,NA,NA
sample30_SemiBin_22.fa,64.32971598377581,NA,NA,NA,NA,NA,1282_4,NA,NA,1,NA,NA,NA,NA
sample5_SemiBin_32.fa,87.36890751239316,NA,NA,NA,NA,NA,1283_1,NA,NA,8,97.27,95.60,NA,NA
sample5_SemiBin_103.fa,8.582265648152712,NA,NA,NA,NA,NA,1284_0,NA,NA,1,NA,NA,NA,NA
snj08_SemiBin_7.fa,101.98956358175153,NA,NA,NA,NA,NA,1285_1,NA,NA,38,98.63,97.32,NA,NA
cpsnj03_SemiBin_132.fa,70.12193338194147,NA,NA,NA,NA,NA,1286_1,NA,NA,2,97.84,97.84,NA,NA
snj02_SemiBin_37.fa,57.19185728761443,NA,NA,NA,NA,NA,1287_0,NA,NA,1,NA,NA,NA,NA
cpsnj11_SemiBin_13.fa,97.67992052245384,NA,NA,NA,NA,NA,1288_1,NA,NA,2,99.48,99.48,NA,NA
sample21_SemiBin_91.fa,44.48534164761861,NA,NA,NA,NA,NA,1288_2,NA,NA,1,NA,NA,NA,NA
cpsnj16_SemiBin_186.fa,42.07344373855965,NA,NA,NA,NA,NA,1289_0,NA,NA,1,NA,NA,NA,NA
sample21_SemiBin_118.fa,54.40901797650339,NA,NA,NA,NA,NA,1290_0,NA,NA,1,NA,NA,NA,NA
snj08_SemiBin_130.fa,58.15810020632208,NA,NA,NA,NA,NA,1291_1,NA,NA,4,97.15,96.79,NA,NA
snj15_SemiBin_56.fa,50.71431756416982,NA,NA,NA,NA,NA,1292_0,NA,NA,1,NA,NA,NA,NA
sample20_SemiBin_114.fa,71.2691423320974,NA,NA,NA,NA,NA,1293_1,NA,NA,2,97.14,97.14,NA,NA
sample1_SemiBin_732.fa,26.9687836783962,NA,NA,NA,NA,NA,1294_0,NA,NA,1,NA,NA,NA,NA
cpsnj10_SemiBin_5.fa,99.91279530814452,NA,NA,NA,NA,NA,1295_1,NA,NA,7,99.54,97.82,NA,NA
cpsnj08_SemiBin_38.fa,84.73841128421728,NA,NA,NA,NA,NA,1296_1,NA,NA,5,97.99,94.55,NA,NA
cpsnj04_SemiBin_1080.fa,25.84310620605499,NA,NA,NA,NA,NA,1296_2,NA,NA,1,NA,NA,NA,NA
sample18_SemiBin_16.fa,98.48364478212308,NA,NA,NA,NA,NA,1297_1,NA,NA,5,98.69,95.04,NA,NA
sample17_SemiBin_390.fa,36.51941602939398,NA,NA,NA,NA,NA,1297_2,NA,NA,1,NA,NA,NA,NA
sample13_SemiBin_184.fa,37.03759578828531,NA,NA,NA,NA,NA,1298_1,NA,NA,1,NA,NA,NA,NA
sample18_SemiBin_595.fa,23.31029338953218,NA,NA,NA,NA,NA,1298_2,NA,NA,1,NA,NA,NA,NA
sample10_SemiBin_80.fa,77.5005779056342,NA,NA,NA,NA,NA,1299_1,NA,NA,2,98.06,98.06,NA,NA
sample4_SemiBin_558.fa,16.98870777101664,NA,NA,NA,NA,NA,1299_2,NA,NA,1,NA,NA,NA,NA
snj11_SemiBin_0.fa,99.72808513364808,NA,NA,NA,NA,NA,1300_1,NA,NA,14,99.59,97.52,NA,NA
sample20_SemiBin_117.fa,79.6909717506662,NA,NA,NA,NA,NA,1300_2,NA,NA,4,97.93,95.39,NA,NA
sample1_SemiBin_255.fa,48.0237145204814,NA,NA,NA,NA,NA,1300_3,NA,NA,1,NA,NA,NA,NA
snj11_SemiBin_77.fa,71.37279987977232,NA,NA,NA,NA,NA,1301_1,NA,NA,3,98.63,98.52,NA,NA
sample15_SemiBin_186.fa,60.88238047168406,NA,NA,NA,NA,NA,1302_0,NA,NA,1,NA,NA,NA,NA
cpsnj11_SemiBin_14.fa,91.95293771333438,NA,NA,NA,NA,NA,1303_1,NA,NA,2,99.48,99.48,NA,NA
cpsnj14_SemiBin_48.fa,56.16329301640758,NA,NA,NA,NA,NA,1303_2,NA,NA,1,NA,NA,NA,NA
sample1_SemiBin_207.fa,55.9935442085215,NA,NA,NA,NA,NA,1304_1,NA,NA,1,NA,NA,NA,NA
sample7_SemiBin_145.fa,24.00168231973831,NA,NA,NA,NA,NA,1304_2,NA,NA,1,NA,NA,NA,NA
cpsnj09_SemiBin_192.fa,64.31310896822039,NA,NA,NA,NA,NA,1305_0,NA,NA,1,NA,NA,NA,NA
snj09_SemiBin_10.fa,97.51681521937604,NA,NA,NA,NA,NA,1306_1,NA,NA,7,97.98,96.89,NA,NA
sample28_SemiBin_201.fa,47.16627409202117,NA,NA,NA,NA,NA,1306_2,NA,NA,1,NA,NA,NA,NA
snj09_SemiBin_8.fa,92.92002202894372,NA,NA,NA,NA,NA,1307_1,NA,NA,2,99.47,99.47,NA,NA
sample26_SemiBin_48.fa,85.76859649415934,NA,NA,NA,NA,NA,1308_1,NA,NA,3,97.46,97.04,NA,NA
sample10_SemiBin_44.fa,89.59309842739331,NA,NA,NA,NA,NA,1308_2,NA,NA,11,98.33,95.60,NA,NA
cpsnj11_SemiBin_47.fa,87.76088460598642,NA,NA,NA,NA,NA,1308_3,NA,NA,9,96.35,94.76,NA,NA
cpsnj03_SemiBin_216.fa,42.78439117567581,NA,NA,NA,NA,NA,1308_4,NA,NA,1,NA,NA,NA,NA
cpsnj09_SemiBin_158.fa,50.26475487204669,NA,NA,NA,NA,NA,1308_5,NA,NA,1,NA,NA,NA,NA
sample12_SemiBin_44.fa,54.30491171273774,NA,NA,NA,NA,NA,1308_6,NA,NA,1,NA,NA,NA,NA
snj09_SemiBin_1927.fa,31.40935182160354,NA,NA,NA,NA,NA,1309_0,NA,NA,1,NA,NA,NA,NA
sample24_SemiBin_207.fa,42.47352806612325,NA,NA,NA,NA,NA,1310_1,NA,NA,2,96.54,96.54,NA,NA
sample15_SemiBin_284.fa,56.46063537675138,NA,NA,NA,NA,NA,1310_2,NA,NA,1,NA,NA,NA,NA
cpsnj14_SemiBin_147.fa,79.09046165225097,NA,NA,NA,NA,NA,1311_1,NA,NA,9,98.36,95.06,NA,NA
snj11_SemiBin_276.fa,61.21441814716286,NA,NA,NA,NA,NA,1311_2,NA,NA,1,NA,NA,NA,NA
sample18_SemiBin_208.fa,53.285267383798505,NA,NA,NA,NA,NA,1312_0,NA,NA,1,NA,NA,NA,NA
sample9_SemiBin_152.fa,53.902607949160696,NA,NA,NA,NA,NA,1313_0,NA,NA,1,NA,NA,NA,NA
cpsnj10_SemiBin_23.fa,97.10099733355273,NA,NA,NA,NA,NA,1314_1,NA,NA,6,99.13,97.65,NA,NA
cpsnj14_SemiBin_117.fa,84.07227939897248,NA,NA,NA,NA,NA,1314_2,NA,NA,4,98.51,95.10,NA,NA
sample13_SemiBin_14.fa,97.75916234817583,NA,NA,NA,NA,NA,1315_0,NA,NA,1,NA,NA,NA,NA
sample18_SemiBin_73.fa,81.70550480716567,NA,NA,NA,NA,NA,1316_0,NA,NA,1,NA,NA,NA,NA
sample29_SemiBin_114.fa,60.530121179356726,NA,NA,NA,NA,NA,1317_0,NA,NA,1,NA,NA,NA,NA
snj11_SemiBin_165.fa,74.21548627975483,NA,NA,NA,NA,NA,1318_1,NA,NA,2,98.57,98.57,NA,NA
cpsnj08_SemiBin_153.fa,31.10486349913774,NA,NA,NA,NA,NA,1318_2,NA,NA,1,NA,NA,NA,NA
snj08_SemiBin_57.fa,75.3750213235561,NA,NA,NA,NA,NA,1318_3,NA,NA,1,NA,NA,NA,NA
cpsnj09_SemiBin_53.fa,89.26801322236884,NA,NA,NA,NA,NA,1319_0,NA,NA,1,NA,NA,NA,NA
sample19_SemiBin_116.fa,68.10925296930094,NA,NA,NA,NA,NA,1320_0,NA,NA,1,NA,NA,NA,NA
sample19_SemiBin_416.fa,55.844682316208846,NA,NA,NA,NA,NA,1321_0,NA,NA,1,NA,NA,NA,NA
cpsnj14_SemiBin_56.fa,92.15971088163732,NA,NA,NA,NA,NA,1322_1,NA,NA,2,98.84,98.84,NA,NA
sample28_SemiBin_58.fa,69.18847426942614,NA,NA,NA,NA,NA,1322_2,NA,NA,1,NA,NA,NA,NA
snj08_SemiBin_39.fa,82.5394939645789,NA,NA,NA,NA,NA,1323_1,NA,NA,3,97.93,97.89,NA,NA
sample20_SemiBin_289.fa,52.7184872673018,NA,NA,NA,NA,NA,1323_2,NA,NA,1,NA,NA,NA,NA
sample13_SemiBin_40.fa,90.89288832992364,NA,NA,NA,NA,NA,1324_0,NA,NA,1,NA,NA,NA,NA
snj14_SemiBin_108.fa,74.18842521723062,NA,NA,NA,NA,NA,1325_1,NA,NA,3,97.82,97.30,NA,NA
sample1_SemiBin_105.fa,77.4160294151603,NA,NA,NA,NA,NA,1326_1,NA,NA,4,98.69,96.42,NA,NA
sample20_SemiBin_298.fa,67.52505356005777,NA,NA,NA,NA,NA,1327_1,NA,NA,1,NA,NA,NA,NA
sample27_SemiBin_136.fa,51.01677668447675,NA,NA,NA,NA,NA,1327_2,NA,NA,1,NA,NA,NA,NA
snj09_SemiBin_7.fa,98.51180891939326,NA,NA,NA,NA,NA,1328_1,NA,NA,6,99.18,96.65,NA,NA
snj20_SemiBin_13.fa,86.08954701778606,NA,NA,NA,NA,NA,1328_2,NA,NA,3,97.68,96.94,NA,NA
sample23_SemiBin_32.fa,76.50524040825228,NA,NA,NA,NA,NA,1328_3,NA,NA,1,NA,NA,NA,NA
cpsnj11_SemiBin_6.fa,101.7414356917741,NA,NA,NA,NA,NA,1329_1,NA,NA,4,99.01,98.65,NA,NA
cpsnj14_SemiBin_830.fa,5.325897578417678,NA,NA,NA,NA,NA,1329_2,NA,NA,1,NA,NA,NA,NA
snj11_SemiBin_65.fa,55.95022771971938,NA,NA,NA,NA,NA,1330_0,NA,NA,1,NA,NA,NA,NA
snj11_SemiBin_16.fa,98.07932250957282,NA,NA,NA,NA,NA,1331_1,NA,NA,2,98.85,98.85,NA,NA
sample20_SemiBin_80.fa,72.42845702170216,NA,NA,NA,NA,NA,1332_0,NA,NA,1,NA,NA,NA,NA
sample20_SemiBin_50.fa,93.72041302147632,NA,NA,NA,NA,NA,1333_1,NA,NA,3,97.50,96.27,NA,NA
sample18_SemiBin_20.fa,94.4353821751348,NA,NA,NA,NA,NA,1333_2,NA,NA,1,NA,NA,NA,NA
cpsnj10_SemiBin_148.fa,43.31512521773572,NA,NA,NA,NA,NA,1334_0,NA,NA,1,NA,NA,NA,NA
snj08_SemiBin_199.fa,68.04081698995363,NA,NA,NA,NA,NA,1335_1,NA,NA,4,96.59,95.28,NA,NA
sample21_SemiBin_56.fa,68.42263812553385,NA,NA,NA,NA,NA,1335_2,NA,NA,1,NA,NA,NA,NA
snj01_SemiBin_36.fa,84.29560588570706,NA,NA,NA,NA,NA,1335_3,NA,NA,1,NA,NA,NA,NA
sample20_SemiBin_203.fa,33.792385244261624,NA,NA,NA,NA,NA,1336_0,NA,NA,1,NA,NA,NA,NA
snj11_SemiBin_593.fa,19.662857912164547,NA,NA,NA,NA,NA,1337_0,NA,NA,1,NA,NA,NA,NA
cpsnj15_SemiBin_78.fa,82.2682345328581,NA,NA,NA,NA,NA,1338_0,NA,NA,1,NA,NA,NA,NA
sample29_SemiBin_60.fa,88.32309555857417,NA,NA,NA,NA,NA,1339_0,NA,NA,1,NA,NA,NA,NA
sample20_SemiBin_71.fa,73.62097036129961,NA,NA,NA,NA,NA,1340_0,NA,NA,1,NA,NA,NA,NA
sample29_SemiBin_106.fa,42.510726281546205,NA,NA,NA,NA,NA,1341_0,NA,NA,1,NA,NA,NA,NA
sample29_SemiBin_27.fa,84.92281625681608,NA,NA,NA,NA,NA,1342_0,NA,NA,1,NA,NA,NA,NA
sample19_SemiBin_75.fa,73.93702532048009,NA,NA,NA,NA,NA,1343_1,NA,NA,1,NA,NA,NA,NA
sample29_SemiBin_459.fa,68.51000008345305,NA,NA,NA,NA,NA,1343_2,NA,NA,1,NA,NA,NA,NA
sample29_SemiBin_37.fa,77.19358409824684,NA,NA,NA,NA,NA,1344_1,NA,NA,2,95.95,95.95,NA,NA
sample30_SemiBin_88.fa,26.060689731040277,NA,NA,NA,NA,NA,1345_0,NA,NA,1,NA,NA,NA,NA
sample20_SemiBin_29.fa,95.74889504607964,NA,NA,NA,NA,NA,1346_1,NA,NA,7,99.62,99.04,NA,NA
snj19_SemiBin_210.fa,89.52046304054612,NA,NA,NA,NA,NA,1347_1,NA,NA,7,98.36,96.55,NA,NA
cpsnj10_SemiBin_141.fa,19.636429945572573,NA,NA,NA,NA,NA,1348_0,NA,NA,1,NA,NA,NA,NA
sample19_SemiBin_31.fa,80.83236721698638,NA,NA,NA,NA,NA,1349_1,NA,NA,3,98.35,98.34,NA,NA
sample19_SemiBin_60.fa,79.49073102930048,NA,NA,NA,NA,NA,1350_0,NA,NA,1,NA,NA,NA,NA
sample19_SemiBin_168.fa,53.65067440217895,NA,NA,NA,NA,NA,1351_0,NA,NA,1,NA,NA,NA,NA
cpsnj09_SemiBin_10.fa,93.36193781318536,NA,NA,NA,NA,NA,1352_1,NA,NA,4,99.60,98.45,NA,NA
cpsnj19_SemiBin_91.fa,56.2827258525569,NA,NA,NA,NA,NA,1353_0,NA,NA,1,NA,NA,NA,NA
sample12_SemiBin_9.fa,54.40322962510864,NA,NA,NA,NA,NA,1354_0,NA,NA,1,NA,NA,NA,NA
sample16_SemiBin_69.fa,81.21611715578405,NA,NA,NA,NA,NA,1355_1,NA,NA,3,98.12,97.28,NA,NA
cpsnj16_SemiBin_650.fa,64.53979039036793,NA,NA,NA,NA,NA,1356_1,NA,NA,3,97.45,96.01,NA,NA
cpsnj19_SemiBin_142.fa,53.74905537774835,NA,NA,NA,NA,NA,1357_1,NA,NA,1,NA,NA,NA,NA
snj20_SemiBin_71.fa,41.93808066172459,NA,NA,NA,NA,NA,1357_2,NA,NA,1,NA,NA,NA,NA
sample15_SemiBin_58.fa,78.76732336402004,NA,NA,NA,NA,NA,1358_1,NA,NA,1,NA,NA,NA,NA
sample19_SemiBin_189.fa,61.821630754730485,NA,NA,NA,NA,NA,1358_2,NA,NA,1,NA,NA,NA,NA
sample5_SemiBin_303.fa,26.50856058967033,NA,NA,NA,NA,NA,1359_0,NA,NA,1,NA,NA,NA,NA
sample6_SemiBin_24.fa,69.01353305121424,NA,NA,NA,NA,NA,1360_0,NA,NA,1,NA,NA,NA,NA
snj19_SemiBin_105.fa,91.1130856006382,NA,NA,NA,NA,NA,1361_1,NA,NA,6,98.07,96.77,NA,NA
cpsnj10_SemiBin_209.fa,41.2776941572396,NA,NA,NA,NA,NA,1361_2,NA,NA,1,NA,NA,NA,NA
snj15_SemiBin_289.fa,41.267607361307896,NA,NA,NA,NA,NA,1361_3,NA,NA,1,NA,NA,NA,NA
cpsnj13_SemiBin_169.fa,66.43587438880631,NA,NA,NA,NA,NA,1361_4,NA,NA,1,NA,NA,NA,NA
cpsnj10_SemiBin_56.fa,68.91996644346071,NA,NA,NA,NA,NA,1362_1,NA,NA,2,97.39,97.39,NA,NA
sample22_SemiBin_64.fa,64.17940385044986,NA,NA,NA,NA,NA,1363_1,NA,NA,6,98.22,96.15,NA,NA
sample30_SemiBin_33.fa,39.85914354608986,NA,NA,NA,NA,NA,1363_2,NA,NA,1,NA,NA,NA,NA
sample9_SemiBin_71.fa,40.44863739870507,NA,NA,NA,NA,NA,1363_3,NA,NA,1,NA,NA,NA,NA
cpsnj13_SemiBin_46.fa,64.22761570442796,NA,NA,NA,NA,NA,1364_1,NA,NA,5,98.59,96.71,NA,NA
snj08_SemiBin_665.fa,14.038993597681335,NA,NA,NA,NA,NA,1364_2,NA,NA,1,NA,NA,NA,NA
sample3_SemiBin_239.fa,52.307061258130766,NA,NA,NA,NA,NA,1365_1,NA,NA,1,NA,NA,NA,NA
sample8_SemiBin_292.fa,49.29586342313027,NA,NA,NA,NA,NA,1365_2,NA,NA,1,NA,NA,NA,NA
cpsnj03_SemiBin_49.fa,68.44245048559121,NA,NA,NA,NA,NA,1365_3,NA,NA,4,97.18,94.90,NA,NA
sample17_SemiBin_248.fa,51.5344653849504,NA,NA,NA,NA,NA,1365_4,NA,NA,1,NA,NA,NA,NA
sample19_SemiBin_154.fa,37.112184345722014,NA,NA,NA,NA,NA,1365_5,NA,NA,1,NA,NA,NA,NA
sample18_SemiBin_135.fa,46.00233734073828,NA,NA,NA,NA,NA,1365_6,NA,NA,1,NA,NA,NA,NA
cpsnj11_SemiBin_111.fa,85.32146446408159,NA,NA,NA,NA,NA,1366_1,NA,NA,2,99.27,99.27,NA,NA
sample7_SemiBin_104.fa,94.10675164507774,NA,NA,NA,NA,NA,1367_1,NA,NA,12,99.57,96.22,NA,NA
sample21_SemiBin_1792.fa,7.747828652846807,NA,NA,NA,NA,NA,1367_2,NA,NA,1,NA,NA,NA,NA
sample29_SemiBin_189.fa,57.119915397979824,NA,NA,NA,NA,NA,1368_0,NA,NA,1,NA,NA,NA,NA
cpsnj16_SemiBin_18.fa,91.7122844538826,NA,NA,NA,NA,NA,1369_1,NA,NA,11,99.83,99.46,NA,NA
sample7_SemiBin_37.fa,92.3499645564278,NA,NA,NA,NA,NA,1370_1,NA,NA,8,99.85,98.32,NA,NA
cpsnj15_SemiBin_47.fa,89.8953520291374,NA,NA,NA,NA,NA,1371_1,NA,NA,7,98.50,97.00,NA,NA
sample3_SemiBin_32.fa,77.62640579607913,NA,NA,NA,NA,NA,1372_1,NA,NA,2,96.83,96.83,NA,NA
snj08_SemiBin_3.fa,95.41712224173403,NA,NA,NA,NA,NA,1372_2,NA,NA,23,99.55,95.53,NA,NA
sample26_SemiBin_74.fa,20.009452683874706,NA,NA,NA,NA,NA,1372_3,NA,NA,1,NA,NA,NA,NA
cpsnj14_SemiBin_121.fa,61.73760203836091,NA,NA,NA,NA,NA,1373_1,NA,NA,3,96.64,96.31,NA,NA
cpsnj14_SemiBin_122.fa,63.35686027999459,NA,NA,NA,NA,NA,1374_0,NA,NA,1,NA,NA,NA,NA
snj14_SemiBin_18.fa,98.79017638332016,NA,NA,NA,NA,NA,1375_1,NA,NA,6,98.90,96.85,NA,NA
sample25_SemiBin_160.fa,83.63535706960931,NA,NA,NA,NA,NA,1376_1,NA,NA,9,97.96,96.20,NA,NA
sample13_SemiBin_1085.fa,26.0718115607796,NA,NA,NA,NA,NA,1376_2,NA,NA,1,NA,NA,NA,NA
sample29_SemiBin_283.fa,77.79281268356516,NA,NA,NA,NA,NA,1377_0,NA,NA,1,NA,NA,NA,NA
sample5_SemiBin_94.fa,86.68309720201971,NA,NA,NA,NA,NA,1378_1,NA,NA,5,99.52,97.53,NA,NA
cpsnj02_SemiBin_39.fa,59.18101995500083,NA,NA,NA,NA,NA,1379_0,NA,NA,1,NA,NA,NA,NA
cpsnj13_SemiBin_231.fa,50.01886422785006,NA,NA,NA,NA,NA,1380_0,NA,NA,1,NA,NA,NA,NA
cpsnj19_SemiBin_66.fa,74.44530822521948,NA,NA,NA,NA,NA,1381_0,NA,NA,1,NA,NA,NA,NA
sample16_SemiBin_237.fa,40.43322286638398,NA,NA,NA,NA,NA,1382_1,NA,NA,1,NA,NA,NA,NA
sample23_SemiBin_80.fa,15.010983700179404,NA,NA,NA,NA,NA,1382_2,NA,NA,1,NA,NA,NA,NA
cpsnj15_SemiBin_72.fa,87.39391599251837,NA,NA,NA,NA,NA,1382_3,NA,NA,4,96.30,95.90,NA,NA
snj16_SemiBin_37.fa,63.42261291050585,NA,NA,NA,NA,NA,1382_4,NA,NA,1,NA,NA,NA,NA
sample22_SemiBin_159.fa,84.78967497817999,NA,NA,NA,NA,NA,1382_5,NA,NA,1,NA,NA,NA,NA
sample29_SemiBin_91.fa,61.96650186476338,NA,NA,NA,NA,NA,1382_6,NA,NA,1,NA,NA,NA,NA
cpsnj11_SemiBin_42.fa,95.94311349630593,NA,NA,NA,NA,NA,1382_7,NA,NA,7,97.01,95.30,NA,NA
cpsnj20_SemiBin_95.fa,43.83158725989671,NA,NA,NA,NA,NA,1382_8,NA,NA,1,NA,NA,NA,NA
snj19_SemiBin_163.fa,17.73842747703212,NA,NA,NA,NA,NA,1382_9,NA,NA,1,NA,NA,NA,NA
sample26_SemiBin_73.fa,76.51874913477461,NA,NA,NA,NA,NA,1383_1,NA,NA,2,97.21,97.21,NA,NA
sample23_SemiBin_356.fa,19.84766813721745,NA,NA,NA,NA,NA,1383_2,NA,NA,1,NA,NA,NA,NA
cpsnj19_SemiBin_123.fa,38.30310132272528,NA,NA,NA,NA,NA,1383_3,NA,NA,1,NA,NA,NA,NA
cpsnj01_SemiBin_110.fa,47.03857700259714,NA,NA,NA,NA,NA,1384_0,NA,NA,1,NA,NA,NA,NA
cpsnj20_SemiBin_109.fa,72.58505333732646,NA,NA,NA,NA,NA,1385_0,NA,NA,1,NA,NA,NA,NA
cpsnj19_SemiBin_310.fa,84.88519761590501,NA,NA,NA,NA,NA,1386_0,NA,NA,1,NA,NA,NA,NA
snj14_SemiBin_6.fa,101.45554955408424,NA,NA,NA,NA,NA,1387_1,NA,NA,12,99.52,95.68,NA,NA
cpsnj19_SemiBin_169.fa,49.98823565635621,NA,NA,NA,NA,NA,1387_2,NA,NA,1,NA,NA,NA,NA
cpsnj01_SemiBin_14.fa,48.94073443057912,NA,NA,NA,NA,NA,1387_3,NA,NA,1,NA,NA,NA,NA
sample28_SemiBin_76.fa,47.57527068192686,NA,NA,NA,NA,NA,1387_4,NA,NA,1,NA,NA,NA,NA
sample16_SemiBin_199.fa,43.26212815069897,NA,NA,NA,NA,NA,1388_1,NA,NA,1,NA,NA,NA,NA
sample22_SemiBin_267.fa,27.8156772861976,NA,NA,NA,NA,NA,1388_2,NA,NA,1,NA,NA,NA,NA
sample4_SemiBin_296.fa,49.33643178690641,NA,NA,NA,NA,NA,1389_1,NA,NA,1,NA,NA,NA,NA
sample8_SemiBin_179.fa,61.93961715291172,NA,NA,NA,NA,NA,1389_2,NA,NA,1,NA,NA,NA,NA
sample15_SemiBin_135.fa,65.45462139821345,NA,NA,NA,NA,NA,1390_1,NA,NA,2,95.32,95.32,NA,NA
sample25_SemiBin_130.fa,40.044768296623126,NA,NA,NA,NA,NA,1390_2,NA,NA,1,NA,NA,NA,NA
snj04_SemiBin_634.fa,47.41113572333312,NA,NA,NA,NA,NA,1391_0,NA,NA,1,NA,NA,NA,NA
sample23_SemiBin_72.fa,96.22470296498764,NA,NA,NA,NA,NA,1392_1,NA,NA,4,98.95,98.23,NA,NA
snj13_SemiBin_94.fa,68.1508691155004,NA,NA,NA,NA,NA,1393_1,NA,NA,4,96.56,95.09,NA,NA
sample29_SemiBin_131.fa,75.92307878807601,NA,NA,NA,NA,NA,1394_0,NA,NA,1,NA,NA,NA,NA
sample29_SemiBin_36.fa,85.52142855220987,NA,NA,NA,NA,NA,1395_0,NA,NA,1,NA,NA,NA,NA
sample6_SemiBin_194.fa,53.29864016965577,NA,NA,NA,NA,NA,1396_0,NA,NA,1,NA,NA,NA,NA
sample6_SemiBin_202.fa,50.56979312880675,NA,NA,NA,NA,NA,1397_0,NA,NA,1,NA,NA,NA,NA
sample6_SemiBin_31.fa,75.59207049316149,NA,NA,NA,NA,NA,1398_1,NA,NA,4,97.60,96.93,NA,NA
sample22_SemiBin_110.fa,53.92258273454868,NA,NA,NA,NA,NA,1398_2,NA,NA,1,NA,NA,NA,NA
sample14_SemiBin_46.fa,21.38666039761616,NA,NA,NA,NA,NA,1398_3,NA,NA,1,NA,NA,NA,NA
sample13_SemiBin_148.fa,54.64692115238773,NA,NA,NA,NA,NA,1399_1,NA,NA,2,96.24,96.24,NA,NA
sample26_SemiBin_132.fa,69.32258499561154,NA,NA,NA,NA,NA,1399_2,NA,NA,4,95.41,95.21,NA,NA
sample18_SemiBin_671.fa,20.32243771382362,NA,NA,NA,NA,NA,1399_3,NA,NA,1,NA,NA,NA,NA
snj09_SemiBin_154.fa,49.31638919141404,NA,NA,NA,NA,NA,1400_0,NA,NA,1,NA,NA,NA,NA
snj11_SemiBin_27.fa,70.78486949021512,NA,NA,NA,NA,NA,1401_1,NA,NA,2,98.21,98.21,NA,NA
sample7_SemiBin_112.fa,98.60513454213246,NA,NA,NA,NA,NA,1402_1,NA,NA,2,96.73,96.73,NA,NA
sample5_SemiBin_126.fa,66.63870789065395,NA,NA,NA,NA,NA,1402_2,NA,NA,2,95.38,95.38,NA,NA
sample23_SemiBin_45.fa,47.81523213030835,NA,NA,NA,NA,NA,1402_3,NA,NA,1,NA,NA,NA,NA
snj19_SemiBin_152.fa,41.65643395100221,NA,NA,NA,NA,NA,1402_4,NA,NA,1,NA,NA,NA,NA
snj03_SemiBin_9.fa,96.19429426978267,NA,NA,NA,NA,NA,1403_1,NA,NA,8,99.58,96.14,NA,NA
snj08_SemiBin_93.fa,45.75484847219093,NA,NA,NA,NA,NA,1404_0,NA,NA,1,NA,NA,NA,NA
snj11_SemiBin_44.fa,73.72823325929862,NA,NA,NA,NA,NA,1405_1,NA,NA,2,95.78,95.78,NA,NA
snj01_SemiBin_38.fa,42.59733481212763,NA,NA,NA,NA,NA,1406_0,NA,NA,1,NA,NA,NA,NA
cpsnj10_SemiBin_117.fa,47.26764821358522,NA,NA,NA,NA,NA,1407_0,NA,NA,1,NA,NA,NA,NA
snj19_SemiBin_60.fa,48.33176783271203,NA,NA,NA,NA,NA,1408_0,NA,NA,1,NA,NA,NA,NA
sample20_SemiBin_35.fa,81.6670805535741,NA,NA,NA,NA,NA,1409_1,NA,NA,1,NA,NA,NA,NA
sample21_SemiBin_599.fa,33.846037169354055,NA,NA,NA,NA,NA,1409_2,NA,NA,1,NA,NA,NA,NA
sample29_SemiBin_210.fa,76.4972477775935,NA,NA,NA,NA,NA,1410_0,NA,NA,1,NA,NA,NA,NA
sample6_SemiBin_51.fa,72.84216572381304,NA,NA,NA,NA,NA,1411_0,NA,NA,1,NA,NA,NA,NA
sample29_SemiBin_51.fa,79.04708613013929,NA,NA,NA,NA,NA,1412_1,NA,NA,3,98.87,98.61,NA,NA
sample13_SemiBin_157.fa,41.12686096996142,NA,NA,NA,NA,NA,1413_0,NA,NA,1,NA,NA,NA,NA
cpsnj01_SemiBin_49.fa,52.351049063667794,NA,NA,NA,NA,NA,1414_1,NA,NA,1,NA,NA,NA,NA
snj01_SemiBin_149.fa,49.45898560256816,NA,NA,NA,NA,NA,1414_2,NA,NA,1,NA,NA,NA,NA
sample6_SemiBin_117.fa,46.866674017171846,NA,NA,NA,NA,NA,1414_3,NA,NA,1,NA,NA,NA,NA
sample30_SemiBin_167.fa,49.56233520302532,NA,NA,NA,NA,NA,1414_4,NA,NA,1,NA,NA,NA,NA
sample24_SemiBin_74.fa,49.13674279502453,NA,NA,NA,NA,NA,1414_5,NA,NA,1,NA,NA,NA,NA
sample19_SemiBin_119.fa,51.63362762871034,NA,NA,NA,NA,NA,1414_6,NA,NA,1,NA,NA,NA,NA
cpsnj10_SemiBin_244.fa,50.095457843498615,NA,NA,NA,NA,NA,1415_1,NA,NA,1,NA,NA,NA,NA
cpsnj14_SemiBin_77.fa,63.97275276717584,NA,NA,NA,NA,NA,1415_2,NA,NA,1,NA,NA,NA,NA
cpsnj09_SemiBin_90.fa,70.1586826827553,NA,NA,NA,NA,NA,1416_1,NA,NA,1,NA,NA,NA,NA
cpsnj10_SemiBin_77.fa,29.414652929717946,NA,NA,NA,NA,NA,1416_2,NA,NA,1,NA,NA,NA,NA
cpsnj11_SemiBin_141.fa,69.78277660432146,NA,NA,NA,NA,NA,1417_1,NA,NA,2,98.53,98.53,NA,NA
cpsnj01_SemiBin_66.fa,35.29730882768556,NA,NA,NA,NA,NA,1417_2,NA,NA,1,NA,NA,NA,NA
snj01_SemiBin_49.fa,43.12444830646462,NA,NA,NA,NA,NA,1417_3,NA,NA,1,NA,NA,NA,NA
cpsnj14_SemiBin_202.fa,64.74651823173129,NA,NA,NA,NA,NA,1418_1,NA,NA,1,NA,NA,NA,NA
snj14_SemiBin_275.fa,13.587435881288052,NA,NA,NA,NA,NA,1418_2,NA,NA,1,NA,NA,NA,NA
sample1_SemiBin_106.fa,44.53436374653141,NA,NA,NA,NA,NA,1419_1,NA,NA,1,NA,NA,NA,NA
sample7_SemiBin_80.fa,65.72279634221596,NA,NA,NA,NA,NA,1419_2,NA,NA,1,NA,NA,NA,NA
sample25_SemiBin_163.fa,60.83609415433292,NA,NA,NA,NA,NA,1419_3,NA,NA,1,NA,NA,NA,NA
snj04_SemiBin_18.fa,68.7978026943002,NA,NA,NA,NA,NA,1419_4,NA,NA,5,98.23,95.10,NA,NA
sample15_SemiBin_59.fa,45.12626998963598,NA,NA,NA,NA,NA,1419_5,NA,NA,1,NA,NA,NA,NA
sample16_SemiBin_120.fa,35.51412161512241,NA,NA,NA,NA,NA,1419_6,NA,NA,1,NA,NA,NA,NA
sample11_SemiBin_61.fa,29.0599445243198,NA,NA,NA,NA,NA,1419_7,NA,NA,1,NA,NA,NA,NA
cpsnj10_SemiBin_6.fa,68.76812148732934,NA,NA,NA,NA,NA,1419_8,NA,NA,1,NA,NA,NA,NA
cpsnj11_SemiBin_92.fa,78.94519306921998,NA,NA,NA,NA,NA,1419_9,NA,NA,1,NA,NA,NA,NA
cpsnj03_SemiBin_72.fa,33.478864601626995,NA,NA,NA,NA,NA,1419_10,NA,NA,1,NA,NA,NA,NA
snj08_SemiBin_1059.fa,32.168852497075385,NA,NA,NA,NA,NA,1419_11,NA,NA,1,NA,NA,NA,NA
sample30_SemiBin_217.fa,14.79336513538582,NA,NA,NA,NA,NA,1419_12,NA,NA,1,NA,NA,NA,NA
sample27_SemiBin_11.fa,59.79931643055406,NA,NA,NA,NA,NA,1420_0,NA,NA,1,NA,NA,NA,NA
cpsnj03_SemiBin_101.fa,44.59729703534638,NA,NA,NA,NA,NA,1421_1,NA,NA,1,NA,NA,NA,NA
snj08_SemiBin_102.fa,60.23453283611524,NA,NA,NA,NA,NA,1421_2,NA,NA,1,NA,NA,NA,NA
cpsnj14_SemiBin_279.fa,39.5432017826237,NA,NA,NA,NA,NA,1422_0,NA,NA,1,NA,NA,NA,NA
cpsnj04_SemiBin_23.fa,97.4823257589217,NA,NA,NA,NA,NA,1423_1,NA,NA,2,99.71,99.71,NA,NA
sample29_SemiBin_33.fa,82.20443776819452,NA,NA,NA,NA,NA,1424_1,NA,NA,7,98.87,98.00,NA,NA
snj04_SemiBin_5.fa,92.05673276996288,NA,NA,NA,NA,NA,1425_1,NA,NA,6,97.80,96.09,NA,NA
sample15_SemiBin_33.fa,64.6034040186563,NA,NA,NA,NA,NA,1425_2,NA,NA,1,NA,NA,NA,NA
snj09_SemiBin_241.fa,70.44847851543766,NA,NA,NA,NA,NA,1426_1,NA,NA,3,98.67,98.20,NA,NA
sample12_SemiBin_73.fa,59.505704232125815,NA,NA,NA,NA,NA,1427_0,NA,NA,1,NA,NA,NA,NA
snj11_SemiBin_18.fa,86.67246228049135,NA,NA,NA,NA,NA,1428_1,NA,NA,1,NA,NA,NA,NA
snj20_SemiBin_963.fa,19.354113327958785,NA,NA,NA,NA,NA,1428_2,NA,NA,1,NA,NA,NA,NA
snj08_SemiBin_340.fa,42.69884408621562,NA,NA,NA,NA,NA,1428_3,NA,NA,1,NA,NA,NA,NA
sample13_SemiBin_43.fa,78.37007369437397,NA,NA,NA,NA,NA,1429_1,NA,NA,1,NA,NA,NA,NA
sample20_SemiBin_22.fa,62.80062183077225,NA,NA,NA,NA,NA,1429_2,NA,NA,1,NA,NA,NA,NA
sample3_SemiBin_95.fa,39.90475482642463,NA,NA,NA,NA,NA,1430_1,NA,NA,1,NA,NA,NA,NA
sample4_SemiBin_139.fa,58.65214266589403,NA,NA,NA,NA,NA,1430_2,NA,NA,1,NA,NA,NA,NA
snj08_SemiBin_46.fa,60.38050971425415,NA,NA,NA,NA,NA,1431_1,NA,NA,3,95.78,95.74,NA,NA
cpsnj19_SemiBin_29.fa,93.39639554404454,NA,NA,NA,NA,NA,1431_2,NA,NA,10,96.71,95.46,NA,NA
snj16_SemiBin_81.fa,21.916399377643305,NA,NA,NA,NA,NA,1431_3,NA,NA,1,NA,NA,NA,NA
snj04_SemiBin_92.fa,73.54492289171442,NA,NA,NA,NA,NA,1431_4,NA,NA,1,NA,NA,NA,NA
snj13_SemiBin_308.fa,50.30038427130393,NA,NA,NA,NA,NA,1431_5,NA,NA,1,NA,NA,NA,NA
snj11_SemiBin_6.fa,103.13069326097865,NA,NA,NA,NA,NA,1432_1,NA,NA,5,98.31,95.64,NA,NA
sample9_SemiBin_28.fa,92.35194659039338,NA,NA,NA,NA,NA,1433_1,NA,NA,7,99.10,97.71,NA,NA
cpsnj20_SemiBin_320.fa,43.1714317458676,NA,NA,NA,NA,NA,1434_1,NA,NA,1,NA,NA,NA,NA
snj20_SemiBin_607.fa,43.07475015155367,NA,NA,NA,NA,NA,1434_2,NA,NA,1,NA,NA,NA,NA
cpsnj11_SemiBin_675.fa,39.51550891783135,NA,NA,NA,NA,NA,1435_0,NA,NA,1,NA,NA,NA,NA
sample24_SemiBin_5.fa,99.8439691039692,NA,NA,NA,NA,NA,1436_1,NA,NA,12,99.64,96.59,NA,NA
sample18_SemiBin_348.fa,40.36472425402099,NA,NA,NA,NA,NA,1437_0,NA,NA,1,NA,NA,NA,NA
sample8_SemiBin_23.fa,86.5126968293171,NA,NA,NA,NA,NA,1438_1,NA,NA,10,99.01,96.21,NA,NA
sample18_SemiBin_275.fa,41.48130460381592,NA,NA,NA,NA,NA,1439_0,NA,NA,1,NA,NA,NA,NA
cpsnj20_SemiBin_21.fa,97.99532190684722,NA,NA,NA,NA,NA,1440_1,NA,NA,7,98.83,98.18,NA,NA
cpsnj09_SemiBin_120.fa,52.5497516520351,NA,NA,NA,NA,NA,1441_0,NA,NA,1,NA,NA,NA,NA
snj04_SemiBin_58.fa,64.7857732936883,NA,NA,NA,NA,NA,1442_1,NA,NA,3,95.39,94.62,NA,NA
cpsnj09_SemiBin_133.fa,58.366930260796366,NA,NA,NA,NA,NA,1442_2,NA,NA,1,NA,NA,NA,NA
sample6_SemiBin_69.fa,68.36247555938486,NA,NA,NA,NA,NA,1442_3,NA,NA,6,96.65,95.43,NA,NA
snj19_SemiBin_71.fa,53.25622110429369,NA,NA,NA,NA,NA,1442_4,NA,NA,1,NA,NA,NA,NA
cpsnj20_SemiBin_81.fa,90.77639361415174,NA,NA,NA,NA,NA,1443_0,NA,NA,1,NA,NA,NA,NA
snj09_SemiBin_47.fa,75.53900919707976,NA,NA,NA,NA,NA,1444_1,NA,NA,2,95.60,95.60,NA,NA
snj10_SemiBin_66.fa,35.26015978029388,NA,NA,NA,NA,NA,1444_2,NA,NA,1,NA,NA,NA,NA
cpsnj10_SemiBin_126.fa,47.665447638984446,NA,NA,NA,NA,NA,1444_3,NA,NA,1,NA,NA,NA,NA
sample18_SemiBin_416.fa,41.89155516788245,NA,NA,NA,NA,NA,1444_4,NA,NA,1,NA,NA,NA,NA
snj20_SemiBin_65.fa,49.945390041441,NA,NA,NA,NA,NA,1445_0,NA,NA,1,NA,NA,NA,NA
sample20_SemiBin_200.fa,24.67803869009059,NA,NA,NA,NA,NA,1446_0,NA,NA,1,NA,NA,NA,NA
sample23_SemiBin_70.fa,52.65164584187123,NA,NA,NA,NA,NA,1447_0,NA,NA,1,NA,NA,NA,NA
snj01_SemiBin_58.fa,52.58257241590214,NA,NA,NA,NA,NA,1448_1,NA,NA,2,97.62,97.62,NA,NA
sample29_SemiBin_69.fa,71.39096825204693,NA,NA,NA,NA,NA,1449_0,NA,NA,1,NA,NA,NA,NA
cpsnj14_SemiBin_253.fa,52.13454680626938,NA,NA,NA,NA,NA,1450_1,NA,NA,1,NA,NA,NA,NA
snj14_SemiBin_175.fa,54.2396526114484,NA,NA,NA,NA,NA,1450_2,NA,NA,1,NA,NA,NA,NA
snj16_SemiBin_11.fa,93.16756672785544,NA,NA,NA,NA,NA,1451_1,NA,NA,3,96.93,95.95,NA,NA
snj13_SemiBin_611.fa,24.06739726549281,NA,NA,NA,NA,NA,1451_2,NA,NA,1,NA,NA,NA,NA
sample23_SemiBin_162.fa,62.62613172596561,NA,NA,NA,NA,NA,1452_0,NA,NA,1,NA,NA,NA,NA
cpsnj14_SemiBin_101.fa,40.5080877240604,NA,NA,NA,NA,NA,1453_0,NA,NA,1,NA,NA,NA,NA
cpsnj13_SemiBin_40.fa,82.78628180488387,NA,NA,NA,NA,NA,1454_1,NA,NA,3,97.95,96.83,NA,NA
cpsnj14_SemiBin_107.fa,59.48763344217404,NA,NA,NA,NA,NA,1455_1,NA,NA,3,95.84,95.63,NA,NA
cpsnj11_SemiBin_601.fa,7.8345706334139615,NA,NA,NA,NA,NA,1455_2,NA,NA,1,NA,NA,NA,NA
sample13_SemiBin_2.fa,96.67205225393909,NA,NA,NA,NA,NA,1456_1,NA,NA,12,98.93,94.74,NA,NA
sample6_SemiBin_6.fa,97.52952680765394,NA,NA,NA,NA,NA,1457_1,NA,NA,3,99.19,98.63,NA,NA
cpsnj03_SemiBin_1483.fa,12.429446765866652,NA,NA,NA,NA,NA,1457_2,NA,NA,1,NA,NA,NA,NA
cpsnj04_SemiBin_141.fa,61.34573445658326,NA,NA,NA,NA,NA,1458_0,NA,NA,1,NA,NA,NA,NA
snj09_SemiBin_14.fa,85.45705542230725,NA,NA,NA,NA,NA,1459_0,NA,NA,1,NA,NA,NA,NA
sample20_SemiBin_92.fa,79.23500192971711,NA,NA,NA,NA,NA,1460_0,NA,NA,1,NA,NA,NA,NA
snj10_SemiBin_108.fa,56.83898778842081,NA,NA,NA,NA,NA,1461_0,NA,NA,1,NA,NA,NA,NA
cpsnj19_SemiBin_160.fa,84.80961190547875,NA,NA,NA,NA,NA,1462_1,NA,NA,3,96.97,95.85,NA,NA
snj08_SemiBin_6.fa,90.534950169383,NA,NA,NA,NA,NA,1462_2,NA,NA,14,98.19,95.57,NA,NA
cpsnj02_SemiBin_36.fa,62.5673762945713,NA,NA,NA,NA,NA,1462_3,NA,NA,1,NA,NA,NA,NA
sample1_SemiBin_460.fa,64.30040937764528,NA,NA,NA,NA,NA,1462_4,NA,NA,1,NA,NA,NA,NA
cpsnj09_SemiBin_390.fa,52.73814866954785,NA,NA,NA,NA,NA,1462_5,NA,NA,1,NA,NA,NA,NA
sample24_SemiBin_56.fa,69.97052254360086,NA,NA,NA,NA,NA,1462_6,NA,NA,1,NA,NA,NA,NA
sample22_SemiBin_36.fa,77.56495950208868,NA,NA,NA,NA,NA,1462_7,NA,NA,1,NA,NA,NA,NA
sample17_SemiBin_126.fa,51.939447853731714,NA,NA,NA,NA,NA,1463_0,NA,NA,1,NA,NA,NA,NA
sample20_SemiBin_76.fa,90.30270194427126,NA,NA,NA,NA,NA,1464_1,NA,NA,4,95.81,94.48,NA,NA
snj08_SemiBin_143.fa,80.5236400395799,NA,NA,NA,NA,NA,1465_1,NA,NA,5,99.18,97.80,NA,NA
cpsnj09_SemiBin_104.fa,80.08783868178642,NA,NA,NA,NA,NA,1465_2,NA,NA,4,97.80,96.34,NA,NA
snj14_SemiBin_104.fa,53.05636140696042,NA,NA,NA,NA,NA,1466_0,NA,NA,1,NA,NA,NA,NA
sample18_SemiBin_127.fa,83.0465468967958,NA,NA,NA,NA,NA,1467_0,NA,NA,1,NA,NA,NA,NA
cpsnj11_SemiBin_133.fa,54.58651853816215,NA,NA,NA,NA,NA,1468_0,NA,NA,1,NA,NA,NA,NA
sample13_SemiBin_521.fa,29.52016521707128,NA,NA,NA,NA,NA,1469_0,NA,NA,1,NA,NA,NA,NA
cpsnj11_SemiBin_89.fa,71.59047754107625,NA,NA,NA,NA,NA,1470_1,NA,NA,7,98.71,94.78,NA,NA
sample27_SemiBin_63.fa,27.06439893569061,NA,NA,NA,NA,NA,1470_2,NA,NA,1,NA,NA,NA,NA
cpsnj13_SemiBin_199.fa,59.177615064697584,NA,NA,NA,NA,NA,1471_1,NA,NA,1,NA,NA,NA,NA
cpsnj14_SemiBin_1645.fa,22.70637456895038,NA,NA,NA,NA,NA,1471_2,NA,NA,1,NA,NA,NA,NA
sample12_SemiBin_546.fa,19.92571893510592,NA,NA,NA,NA,NA,1472_0,NA,NA,1,NA,NA,NA,NA
sample21_SemiBin_89.fa,42.500344961355474,NA,NA,NA,NA,NA,1473_0,NA,NA,1,NA,NA,NA,NA
cpsnj13_SemiBin_102.fa,54.290166148228025,NA,NA,NA,NA,NA,1474_0,NA,NA,1,NA,NA,NA,NA
cpsnj19_SemiBin_257.fa,53.42971288031069,NA,NA,NA,NA,NA,1475_1,NA,NA,1,NA,NA,NA,NA
sample5_SemiBin_40.fa,45.98065675054728,NA,NA,NA,NA,NA,1475_2,NA,NA,1,NA,NA,NA,NA
sample19_SemiBin_40.fa,69.22182345826327,NA,NA,NA,NA,NA,1476_0,NA,NA,1,NA,NA,NA,NA
snj08_SemiBin_23.fa,80.59775723499425,NA,NA,NA,NA,NA,1477_1,NA,NA,2,96.67,96.67,NA,NA
sample7_SemiBin_282.fa,28.81534742396173,NA,NA,NA,NA,NA,1477_2,NA,NA,2,95.22,95.22,NA,NA
cpsnj03_SemiBin_200.fa,46.11728624797626,NA,NA,NA,NA,NA,1477_3,NA,NA,1,NA,NA,NA,NA
cpsnj01_SemiBin_1234.fa,18.600703468618143,NA,NA,NA,NA,NA,1478_0,NA,NA,1,NA,NA,NA,NA
snj01_SemiBin_184.fa,50.63294656046364,NA,NA,NA,NA,NA,1479_0,NA,NA,1,NA,NA,NA,NA
snj02_SemiBin_27.fa,78.39899559584867,NA,NA,NA,NA,NA,1480_1,NA,NA,2,97.04,97.04,NA,NA
cpsnj11_SemiBin_1862.fa,36.53370677201967,NA,NA,NA,NA,NA,1481_0,NA,NA,1,NA,NA,NA,NA
sample6_SemiBin_245.fa,26.82317510048249,NA,NA,NA,NA,NA,1482_0,NA,NA,1,NA,NA,NA,NA
cpsnj20_SemiBin_119.fa,39.640347730050095,NA,NA,NA,NA,NA,1483_0,NA,NA,1,NA,NA,NA,NA
sample1_SemiBin_14.fa,94.03628669737252,NA,NA,NA,NA,NA,1484_1,NA,NA,3,97.71,95.94,NA,NA
snj11_SemiBin_71.fa,77.49167410288699,NA,NA,NA,NA,NA,1485_1,NA,NA,4,97.40,95.94,NA,NA
sample18_SemiBin_56.fa,94.90618846614628,NA,NA,NA,NA,NA,1485_2,NA,NA,12,98.03,96.00,NA,NA
sample7_SemiBin_276.fa,46.787899387459305,NA,NA,NA,NA,NA,1485_3,NA,NA,1,NA,NA,NA,NA
sample16_SemiBin_145.fa,77.79946914899439,NA,NA,NA,NA,NA,1486_1,NA,NA,3,98.44,98.06,NA,NA
cpsnj03_SemiBin_20.fa,94.17463871515116,NA,NA,NA,NA,NA,1487_1,NA,NA,7,99.14,96.06,NA,NA
sample7_SemiBin_89.fa,71.45609806317746,NA,NA,NA,NA,NA,1488_1,NA,NA,4,99.14,98.98,NA,NA
sample1_SemiBin_332.fa,43.5910496447284,NA,NA,NA,NA,NA,1489_0,NA,NA,1,NA,NA,NA,NA
cpsnj01_SemiBin_38.fa,49.43713190126127,NA,NA,NA,NA,NA,1490_0,NA,NA,1,NA,NA,NA,NA
sample14_SemiBin_25.fa,47.876411182863365,NA,NA,NA,NA,NA,1491_0,NA,NA,1,NA,NA,NA,NA
sample2_SemiBin_69.fa,26.936919830540635,NA,NA,NA,NA,NA,1492_1,NA,NA,1,NA,NA,NA,NA
sample6_SemiBin_68.fa,41.67918055433579,NA,NA,NA,NA,NA,1492_2,NA,NA,1,NA,NA,NA,NA
cpsnj11_SemiBin_100.fa,58.21515576694546,NA,NA,NA,NA,NA,1493_0,NA,NA,1,NA,NA,NA,NA
sample14_SemiBin_9.fa,56.69404796974531,NA,NA,NA,NA,NA,1494_0,NA,NA,1,NA,NA,NA,NA
cpsnj19_SemiBin_11.fa,72.52383145765027,NA,NA,NA,NA,NA,1495_0,NA,NA,1,NA,NA,NA,NA
cpsnj01_SemiBin_73.fa,29.51323044028883,NA,NA,NA,NA,NA,1496_0,NA,NA,1,NA,NA,NA,NA
sample18_SemiBin_209.fa,48.059702861845786,NA,NA,NA,NA,NA,1497_0,NA,NA,1,NA,NA,NA,NA
sample1_SemiBin_27.fa,78.8052705976009,NA,NA,NA,NA,NA,1498_0,NA,NA,1,NA,NA,NA,NA
cpsnj09_SemiBin_369.fa,26.860744937069164,NA,NA,NA,NA,NA,1499_0,NA,NA,1,NA,NA,NA,NA
snj14_SemiBin_26.fa,69.0432948894267,NA,NA,NA,NA,NA,1500_0,NA,NA,1,NA,NA,NA,NA
sample15_SemiBin_130.fa,40.3162726038028,NA,NA,NA,NA,NA,1501_0,NA,NA,1,NA,NA,NA,NA
snj15_SemiBin_62.fa,58.944347750523285,NA,NA,NA,NA,NA,1502_0,NA,NA,1,NA,NA,NA,NA
snj11_SemiBin_138.fa,52.48748074255257,NA,NA,NA,NA,NA,1503_0,NA,NA,1,NA,NA,NA,NA
snj01_SemiBin_26.fa,44.269081831834285,NA,NA,NA,NA,NA,1504_0,NA,NA,1,NA,NA,NA,NA
snj13_SemiBin_64.fa,65.84700685311947,NA,NA,NA,NA,NA,1505_0,NA,NA,1,NA,NA,NA,NA
snj01_SemiBin_39.fa,71.39125233226058,NA,NA,NA,NA,NA,1506_0,NA,NA,1,NA,NA,NA,NA
sample22_SemiBin_57.fa,85.33327069718075,NA,NA,NA,NA,NA,1507_1,NA,NA,3,96.90,96.81,NA,NA
sample2_SemiBin_61.fa,52.62409604800334,NA,NA,NA,NA,NA,1508_1,NA,NA,2,95.41,95.41,NA,NA
cpsnj19_SemiBin_69.fa,37.91255251595273,NA,NA,NA,NA,NA,1509_0,NA,NA,1,NA,NA,NA,NA
sample18_SemiBin_134.fa,70.1755563627619,NA,NA,NA,NA,NA,1510_0,NA,NA,1,NA,NA,NA,NA
sample1_SemiBin_133.fa,35.769589835665414,NA,NA,NA,NA,NA,1511_0,NA,NA,1,NA,NA,NA,NA
sample20_SemiBin_97.fa,71.99834508793592,NA,NA,NA,NA,NA,1512_0,NA,NA,1,NA,NA,NA,NA
sample13_SemiBin_127.fa,66.59623953776152,NA,NA,NA,NA,NA,1513_1,NA,NA,2,95.16,95.16,NA,NA
sample16_SemiBin_49.fa,78.62324682839707,NA,NA,NA,NA,NA,1513_2,NA,NA,1,NA,NA,NA,NA
sample1_SemiBin_127.fa,59.81336316467099,NA,NA,NA,NA,NA,1513_3,NA,NA,1,NA,NA,NA,NA
sample18_SemiBin_133.fa,80.76579952404241,NA,NA,NA,NA,NA,1514_1,NA,NA,2,98.21,98.21,NA,NA
cpsnj08_SemiBin_95.fa,50.0797522800024,NA,NA,NA,NA,NA,1515_0,NA,NA,1,NA,NA,NA,NA
sample18_SemiBin_241.fa,69.22270450849516,NA,NA,NA,NA,NA,1516_0,NA,NA,1,NA,NA,NA,NA
cpsnj09_SemiBin_51.fa,79.36214883391138,NA,NA,NA,NA,NA,1517_1,NA,NA,2,98.66,98.66,NA,NA
sample26_SemiBin_70.fa,70.98181608253927,NA,NA,NA,NA,NA,1518_1,NA,NA,2,98.29,98.29,NA,NA
sample4_SemiBin_53.fa,72.10438595388057,NA,NA,NA,NA,NA,1518_2,NA,NA,2,96.50,96.50,NA,NA
cpsnj09_SemiBin_44.fa,83.39488306350209,NA,NA,NA,NA,NA,1519_0,NA,NA,1,NA,NA,NA,NA
sample7_SemiBin_78.fa,72.2139231366774,NA,NA,NA,NA,NA,1520_0,NA,NA,1,NA,NA,NA,NA
snj14_SemiBin_29.fa,75.74695284378733,NA,NA,NA,NA,NA,1521_1,NA,NA,2,97.13,97.13,NA,NA
sample20_SemiBin_37.fa,77.31724000304733,NA,NA,NA,NA,NA,1522_1,NA,NA,4,96.69,95.12,NA,NA
cpsnj16_SemiBin_5.fa,97.09155825675438,NA,NA,NA,NA,NA,1522_2,NA,NA,1,NA,NA,NA,NA
sample17_SemiBin_30.fa,86.20819223050867,NA,NA,NA,NA,NA,1523_1,NA,NA,6,98.83,96.84,NA,NA
sample20_SemiBin_181.fa,54.70353680099343,NA,NA,NA,NA,NA,1523_2,NA,NA,1,NA,NA,NA,NA
sample7_SemiBin_64.fa,74.46260165803476,NA,NA,NA,NA,NA,1524_1,NA,NA,6,98.70,96.75,NA,NA
sample9_SemiBin_56.fa,15.492565763879565,NA,NA,NA,NA,NA,1524_2,NA,NA,1,NA,NA,NA,NA
cpsnj19_SemiBin_65.fa,71.94097709113842,NA,NA,NA,NA,NA,1525_0,NA,NA,1,NA,NA,NA,NA
sample15_SemiBin_105.fa,91.3913131819443,NA,NA,NA,NA,NA,1526_1,NA,NA,5,98.31,96.63,NA,NA
cpsnj08_SemiBin_4.fa,98.31322287130412,NA,NA,NA,NA,NA,1527_1,NA,NA,7,99.34,97.87,NA,NA
sample20_SemiBin_8.fa,102.37800592834677,NA,NA,NA,NA,NA,1527_2,NA,NA,21,99.57,95.93,NA,NA
cpsnj03_SemiBin_63.fa,51.27637072142063,NA,NA,NA,NA,NA,1527_3,NA,NA,1,NA,NA,NA,NA
cpsnj16_SemiBin_24.fa,77.42481390047959,NA,NA,NA,NA,NA,1528_1,NA,NA,2,97.89,97.89,NA,NA
cpsnj13_SemiBin_18.fa,74.3032739619265,NA,NA,NA,NA,NA,1529_0,NA,NA,1,NA,NA,NA,NA
snj09_SemiBin_117.fa,58.91307367630319,NA,NA,NA,NA,NA,1530_0,NA,NA,1,NA,NA,NA,NA
snj09_SemiBin_35.fa,76.09049838894077,NA,NA,NA,NA,NA,1531_0,NA,NA,1,NA,NA,NA,NA
cpsnj16_SemiBin_158.fa,69.22825303902265,NA,NA,NA,NA,NA,1532_0,NA,NA,1,NA,NA,NA,NA
sample18_SemiBin_182.fa,67.0655717486246,NA,NA,NA,NA,NA,1533_1,NA,NA,3,98.08,96.48,NA,NA
cpsnj19_SemiBin_9.fa,99.81096521124972,NA,NA,NA,NA,NA,1534_1,NA,NA,2,97.77,97.77,NA,NA
sample8_SemiBin_16.fa,91.04200915490031,NA,NA,NA,NA,NA,1535_1,NA,NA,3,96.54,96.34,NA,NA
sample5_SemiBin_3.fa,101.08173753998734,NA,NA,NA,NA,NA,1535_2,NA,NA,15,99.69,96.29,NA,NA
sample22_SemiBin_104.fa,60.693190434386445,NA,NA,NA,NA,NA,1535_3,NA,NA,1,NA,NA,NA,NA
sample20_SemiBin_7.fa,98.70169880840244,NA,NA,NA,NA,NA,1535_4,NA,NA,1,NA,NA,NA,NA
sample11_SemiBin_130.fa,50.5132199824021,NA,NA,NA,NA,NA,1535_5,NA,NA,1,NA,NA,NA,NA
sample17_SemiBin_55.fa,67.93591197658675,NA,NA,NA,NA,NA,1535_6,NA,NA,1,NA,NA,NA,NA
sample18_SemiBin_81.fa,50.36570443709781,NA,NA,NA,NA,NA,1536_1,NA,NA,2,98.23,98.23,NA,NA
cpsnj14_SemiBin_183.fa,59.93271623291309,NA,NA,NA,NA,NA,1537_0,NA,NA,1,NA,NA,NA,NA
sample22_SemiBin_85.fa,60.127548455878895,NA,NA,NA,NA,NA,1538_1,NA,NA,3,97.72,95.31,NA,NA
sample20_SemiBin_12.fa,100.5324034301227,NA,NA,NA,NA,NA,1539_1,NA,NA,5,99.21,96.69,NA,NA
sample14_SemiBin_21.fa,52.775813612236746,NA,NA,NA,NA,NA,1539_2,NA,NA,1,NA,NA,NA,NA
cpsnj09_SemiBin_77.fa,56.99499115357277,NA,NA,NA,NA,NA,1540_0,NA,NA,1,NA,NA,NA,NA
sample18_SemiBin_422.fa,53.81077436147953,NA,NA,NA,NA,NA,1541_0,NA,NA,1,NA,NA,NA,NA
sample15_SemiBin_50.fa,83.26499886904435,NA,NA,NA,NA,NA,1542_1,NA,NA,2,97.96,97.96,NA,NA
snj19_SemiBin_12.fa,91.8395305939783,NA,NA,NA,NA,NA,1543_1,NA,NA,2,97.86,97.86,NA,NA
sample20_SemiBin_223.fa,54.016984220748114,NA,NA,NA,NA,NA,1543_2,NA,NA,1,NA,NA,NA,NA
snj14_SemiBin_112.fa,38.45895285095849,NA,NA,NA,NA,NA,1543_3,NA,NA,1,NA,NA,NA,NA
sample28_SemiBin_81.fa,67.11153807393676,NA,NA,NA,NA,NA,1544_0,NA,NA,1,NA,NA,NA,NA
sample13_SemiBin_48.fa,80.78306547835538,NA,NA,NA,NA,NA,1545_0,NA,NA,1,NA,NA,NA,NA
sample18_SemiBin_25.fa,101.47936334062464,NA,NA,NA,NA,NA,1546_1,NA,NA,2,99.14,99.14,NA,NA
snj09_SemiBin_85.fa,72.32192046221346,NA,NA,NA,NA,NA,1547_1,NA,NA,3,98.40,97.94,NA,NA
sample5_SemiBin_10.fa,95.05263243588692,NA,NA,NA,NA,NA,1548_1,NA,NA,11,98.24,96.65,NA,NA
sample18_SemiBin_235.fa,56.25080137162764,NA,NA,NA,NA,NA,1548_2,NA,NA,1,NA,NA,NA,NA
snj19_SemiBin_52.fa,54.72591905639219,NA,NA,NA,NA,NA,1549_0,NA,NA,1,NA,NA,NA,NA
sample11_SemiBin_75.fa,16.598114772043143,NA,NA,NA,NA,NA,1550_1,NA,NA,1,NA,NA,NA,NA
sample17_SemiBin_150.fa,36.20398625994802,NA,NA,NA,NA,NA,1550_2,NA,NA,1,NA,NA,NA,NA
cpsnj16_SemiBin_83.fa,84.04050576749344,NA,NA,NA,NA,NA,1551_1,NA,NA,2,96.90,96.90,NA,NA
sample4_SemiBin_27.fa,87.080442599356,NA,NA,NA,NA,NA,1551_2,NA,NA,3,97.69,95.73,NA,NA
sample18_SemiBin_19.fa,95.07441918248752,NA,NA,NA,NA,NA,1551_3,NA,NA,12,98.51,93.64,NA,NA
sample15_SemiBin_167.fa,57.03775364493098,NA,NA,NA,NA,NA,1551_4,NA,NA,1,NA,NA,NA,NA
sample14_SemiBin_153.fa,48.25764668962109,NA,NA,NA,NA,NA,1552_1,NA,NA,1,NA,NA,NA,NA
sample18_SemiBin_173.fa,56.34517130101591,NA,NA,NA,NA,NA,1552_2,NA,NA,1,NA,NA,NA,NA
snj09_SemiBin_48.fa,76.08683495753262,NA,NA,NA,NA,NA,1552_3,NA,NA,1,NA,NA,NA,NA
snj08_SemiBin_16.fa,98.11740790173576,NA,NA,NA,NA,NA,1553_1,NA,NA,3,99.25,98.61,NA,NA
sample16_SemiBin_20.fa,89.21967056333551,NA,NA,NA,NA,NA,1553_2,NA,NA,5,98.96,97.61,NA,NA
cpsnj09_SemiBin_72.fa,72.62016524384813,NA,NA,NA,NA,NA,1553_3,NA,NA,1,NA,NA,NA,NA
cpsnj13_SemiBin_52.fa,61.879609237200505,NA,NA,NA,NA,NA,1554_1,NA,NA,1,NA,NA,NA,NA
snj14_SemiBin_114.fa,40.943016178445205,NA,NA,NA,NA,NA,1554_2,NA,NA,1,NA,NA,NA,NA
cpsnj09_SemiBin_735.fa,52.888976947293166,NA,NA,NA,NA,NA,1555_0,NA,NA,1,NA,NA,NA,NA
sample20_SemiBin_25.fa,89.76026167391,NA,NA,NA,NA,NA,1556_1,NA,NA,7,99.38,98.59,NA,NA
cpsnj11_SemiBin_122.fa,53.1866375447924,NA,NA,NA,NA,NA,1557_0,NA,NA,1,NA,NA,NA,NA
sample18_SemiBin_27.fa,89.02992298669488,NA,NA,NA,NA,NA,1558_1,NA,NA,3,99.09,95.96,NA,NA
sample17_SemiBin_6.fa,87.91464187208564,NA,NA,NA,NA,NA,1558_2,NA,NA,5,98.33,95.92,NA,NA
sample1_SemiBin_67.fa,76.99040627171844,NA,NA,NA,NA,NA,1558_3,NA,NA,1,NA,NA,NA,NA
sample18_SemiBin_2111.fa,10.585871880127591,NA,NA,NA,NA,NA,1559_0,NA,NA,1,NA,NA,NA,NA
snj16_SemiBin_6.fa,92.0400849953546,NA,NA,NA,NA,NA,1560_1,NA,NA,3,96.12,95.63,NA,NA
sample10_SemiBin_34.fa,86.11867145789944,NA,NA,NA,NA,NA,1561_1,NA,NA,7,98.05,95.59,NA,NA
sample18_SemiBin_159.fa,37.82422386818973,NA,NA,NA,NA,NA,1561_2,NA,NA,1,NA,NA,NA,NA
sample21_SemiBin_98.fa,41.42785725119282,NA,NA,NA,NA,NA,1561_3,NA,NA,1,NA,NA,NA,NA
cpsnj08_SemiBin_8.fa,95.66709241603508,NA,NA,NA,NA,NA,1562_1,NA,NA,3,99.27,99.11,NA,NA
snj19_SemiBin_3.fa,97.39327999441257,NA,NA,NA,NA,NA,1562_2,NA,NA,3,98.17,97.47,NA,NA
sample20_SemiBin_6.fa,97.80340010134614,NA,NA,NA,NA,NA,1562_3,NA,NA,1,NA,NA,NA,NA
cpsnj04_SemiBin_99.fa,18.1269942737015,NA,NA,NA,NA,NA,1563_0,NA,NA,1,NA,NA,NA,NA
cpsnj10_SemiBin_4.fa,100.7485874758569,NA,NA,NA,NA,NA,1564_1,NA,NA,2,99.10,99.10,NA,NA
cpsnj14_SemiBin_50.fa,43.66126283965274,NA,NA,NA,NA,NA,1565_1,NA,NA,2,96.31,96.31,NA,NA
sample6_SemiBin_44.fa,79.66492811318092,NA,NA,NA,NA,NA,1565_2,NA,NA,1,NA,NA,NA,NA
sample17_SemiBin_14.fa,69.79037670176008,NA,NA,NA,NA,NA,1566_0,NA,NA,1,NA,NA,NA,NA
sample28_SemiBin_18.fa,77.92074053682133,NA,NA,NA,NA,NA,1567_1,NA,NA,1,NA,NA,NA,NA
snj09_SemiBin_98.fa,56.36505323089861,NA,NA,NA,NA,NA,1567_2,NA,NA,1,NA,NA,NA,NA
sample18_SemiBin_42.fa,95.26508334733214,NA,NA,NA,NA,NA,1568_1,NA,NA,4,98.37,96.76,NA,NA
cpsnj13_SemiBin_68.fa,69.75778964057942,NA,NA,NA,NA,NA,1568_2,NA,NA,1,NA,NA,NA,NA
cpsnj19_SemiBin_62.fa,70.47660693210247,NA,NA,NA,NA,NA,1569_0,NA,NA,1,NA,NA,NA,NA
sample26_SemiBin_116.fa,58.73933066504346,NA,NA,NA,NA,NA,1570_0,NA,NA,1,NA,NA,NA,NA
sample19_SemiBin_81.fa,75.37685168449211,NA,NA,NA,NA,NA,1571_0,NA,NA,1,NA,NA,NA,NA
sample29_SemiBin_9.fa,87.81082511940565,NA,NA,NA,NA,NA,1572_0,NA,NA,1,NA,NA,NA,NA
sample19_SemiBin_127.fa,46.59286599146734,NA,NA,NA,NA,NA,1573_0,NA,NA,1,NA,NA,NA,NA
sample7_SemiBin_10.fa,100.11205715114872,NA,NA,NA,NA,NA,1574_1,NA,NA,3,98.84,98.40,NA,NA
snj08_SemiBin_59.fa,75.55311422127772,NA,NA,NA,NA,NA,1574_2,NA,NA,1,NA,NA,NA,NA
sample22_SemiBin_137.fa,81.82850951086294,NA,NA,NA,NA,NA,1575_1,NA,NA,2,96.19,96.19,NA,NA
cpsnj14_SemiBin_3.fa,95.33682812265748,NA,NA,NA,NA,NA,1576_1,NA,NA,3,98.92,97.37,NA,NA
sample28_SemiBin_1.fa,97.5440408362342,NA,NA,NA,NA,NA,1577_1,NA,NA,8,99.29,98.04,NA,NA
cpsnj09_SemiBin_100.fa,48.89251552239357,NA,NA,NA,NA,NA,1577_2,NA,NA,1,NA,NA,NA,NA
sample21_SemiBin_21.fa,84.22222009398946,NA,NA,NA,NA,NA,1578_1,NA,NA,4,98.44,97.48,NA,NA
cpsnj19_SemiBin_23.fa,90.1776612386374,NA,NA,NA,NA,NA,1579_1,NA,NA,3,98.96,98.21,NA,NA
sample30_SemiBin_4.fa,88.97685913205414,NA,NA,NA,NA,NA,1580_1,NA,NA,2,98.68,98.68,NA,NA
sample15_SemiBin_70.fa,61.961435623370384,NA,NA,NA,NA,NA,1580_2,NA,NA,2,97.56,97.56,NA,NA
cpsnj09_SemiBin_148.fa,50.60898791039333,NA,NA,NA,NA,NA,1581_0,NA,NA,1,NA,NA,NA,NA
sample18_SemiBin_24.fa,100.51160435306728,NA,NA,NA,NA,NA,1582_1,NA,NA,3,98.79,97.28,NA,NA
sample16_SemiBin_70.fa,71.75692515923788,NA,NA,NA,NA,NA,1583_0,NA,NA,1,NA,NA,NA,NA
cpsnj03_SemiBin_108.fa,65.1437601425699,NA,NA,NA,NA,NA,1584_1,NA,NA,2,97.72,97.72,NA,NA
cpsnj11_SemiBin_96.fa,57.71746392013946,NA,NA,NA,NA,NA,1584_2,NA,NA,1,NA,NA,NA,NA
sample21_SemiBin_57.fa,61.82978712614826,NA,NA,NA,NA,NA,1584_3,NA,NA,1,NA,NA,NA,NA
sample23_SemiBin_16.fa,97.58558534254392,NA,NA,NA,NA,NA,1585_1,NA,NA,6,98.89,95.87,NA,NA
sample20_SemiBin_987.fa,10.157750890531478,NA,NA,NA,NA,NA,1585_2,NA,NA,1,NA,NA,NA,NA
snj11_SemiBin_162.fa,60.28936075782771,NA,NA,NA,NA,NA,1586_0,NA,NA,1,NA,NA,NA,NA
cpsnj09_SemiBin_78.fa,79.44789590633856,NA,NA,NA,NA,NA,1587_1,NA,NA,3,97.76,97.16,NA,NA
snj19_SemiBin_151.fa,53.81559932032143,NA,NA,NA,NA,NA,1588_0,NA,NA,1,NA,NA,NA,NA
sample16_SemiBin_105.fa,64.31171387330956,NA,NA,NA,NA,NA,1589_0,NA,NA,1,NA,NA,NA,NA
snj09_SemiBin_63.fa,73.02513280044613,NA,NA,NA,NA,NA,1590_0,NA,NA,1,NA,NA,NA,NA
sample20_SemiBin_154.fa,57.38401008385007,NA,NA,NA,NA,NA,1591_1,NA,NA,2,96.58,96.58,NA,NA
cpsnj14_SemiBin_7.fa,95.45420486428216,NA,NA,NA,NA,NA,1592_1,NA,NA,2,98.44,98.44,NA,NA
sample13_SemiBin_37.fa,82.39843783077535,NA,NA,NA,NA,NA,1593_1,NA,NA,2,97.92,97.92,NA,NA
sample18_SemiBin_115.fa,77.09288792013945,NA,NA,NA,NA,NA,1594_1,NA,NA,2,97.54,97.54,NA,NA
cpsnj14_SemiBin_45.fa,81.00204031350397,NA,NA,NA,NA,NA,1595_1,NA,NA,2,95.28,95.28,NA,NA
cpsnj14_SemiBin_76.fa,70.46010032255704,NA,NA,NA,NA,NA,1596_1,NA,NA,2,95.16,95.16,NA,NA
sample13_SemiBin_216.fa,44.484153113950505,NA,NA,NA,NA,NA,1597_0,NA,NA,1,NA,NA,NA,NA
cpsnj09_SemiBin_30.fa,80.03799708264081,NA,NA,NA,NA,NA,1598_1,NA,NA,2,98.04,98.04,NA,NA
sample28_SemiBin_168.fa,50.61089860703619,NA,NA,NA,NA,NA,1599_0,NA,NA,1,NA,NA,NA,NA
snj19_SemiBin_197.fa,46.15445979351445,NA,NA,NA,NA,NA,1600_0,NA,NA,1,NA,NA,NA,NA
cpsnj01_SemiBin_15.fa,58.74867011475408,NA,NA,NA,NA,NA,1601_1,NA,NA,1,NA,NA,NA,NA
snj01_SemiBin_43.fa,39.74938724297913,NA,NA,NA,NA,NA,1601_2,NA,NA,1,NA,NA,NA,NA
sample24_SemiBin_55.fa,57.75565476229225,NA,NA,NA,NA,NA,1601_3,NA,NA,1,NA,NA,NA,NA
sample9_SemiBin_40.fa,51.83890731492147,NA,NA,NA,NA,NA,1601_4,NA,NA,1,NA,NA,NA,NA
snj04_SemiBin_41.fa,39.734220971192826,NA,NA,NA,NA,NA,1601_5,NA,NA,1,NA,NA,NA,NA
snj19_SemiBin_74.fa,44.62472195098399,NA,NA,NA,NA,NA,1601_6,NA,NA,1,NA,NA,NA,NA
cpsnj20_SemiBin_774.fa,8.326655573011564,NA,NA,NA,NA,NA,1602_0,NA,NA,1,NA,NA,NA,NA
sample6_SemiBin_97.fa,59.87944130513281,NA,NA,NA,NA,NA,1603_0,NA,NA,1,NA,NA,NA,NA
sample13_SemiBin_217.fa,38.63021160353891,NA,NA,NA,NA,NA,1604_1,NA,NA,1,NA,NA,NA,NA
sample20_SemiBin_118.fa,46.82388297792255,NA,NA,NA,NA,NA,1604_2,NA,NA,1,NA,NA,NA,NA
sample28_SemiBin_7.fa,94.84057448972,NA,NA,NA,NA,NA,1605_1,NA,NA,6,99.24,96.97,NA,NA
cpsnj09_SemiBin_5.fa,98.14320458249426,NA,NA,NA,NA,NA,1605_2,NA,NA,10,99.72,96.00,NA,NA
snj09_SemiBin_18.fa,98.06978065154908,NA,NA,NA,NA,NA,1606_0,NA,NA,1,NA,NA,NA,NA
cpsnj14_SemiBin_21.fa,93.2618804849674,NA,NA,NA,NA,NA,1607_1,NA,NA,4,99.20,95.88,NA,NA
cpsnj03_SemiBin_70.fa,49.91312378917605,NA,NA,NA,NA,NA,1607_2,NA,NA,1,NA,NA,NA,NA
snj02_SemiBin_29.fa,82.85358487621411,NA,NA,NA,NA,NA,1608_0,NA,NA,1,NA,NA,NA,NA
sample29_SemiBin_118.fa,44.510243469288014,NA,NA,NA,NA,NA,1609_0,NA,NA,1,NA,NA,NA,NA
sample29_SemiBin_418.fa,28.71241798020784,NA,NA,NA,NA,NA,1610_0,NA,NA,1,NA,NA,NA,NA
sample19_SemiBin_193.fa,71.11924189871608,NA,NA,NA,NA,NA,1611_0,NA,NA,1,NA,NA,NA,NA
sample25_SemiBin_35.fa,72.14477442097825,NA,NA,NA,NA,NA,1612_1,NA,NA,2,97.26,97.26,NA,NA
sample19_SemiBin_174.fa,35.83861307293809,NA,NA,NA,NA,NA,1612_2,NA,NA,1,NA,NA,NA,NA
snj03_SemiBin_183.fa,34.444184920235955,NA,NA,NA,NA,NA,1613_0,NA,NA,1,NA,NA,NA,NA
sample18_SemiBin_66.fa,54.05484738306247,NA,NA,NA,NA,NA,1614_0,NA,NA,1,NA,NA,NA,NA
sample21_SemiBin_47.fa,69.70890651812799,NA,NA,NA,NA,NA,1615_1,NA,NA,2,95.43,95.43,NA,NA
sample24_SemiBin_17.fa,66.61590930359519,NA,NA,NA,NA,NA,1616_1,NA,NA,2,97.57,97.57,NA,NA
sample6_SemiBin_299.fa,56.428847260214,NA,NA,NA,NA,NA,1617_0,NA,NA,1,NA,NA,NA,NA
sample29_SemiBin_137.fa,89.91593931551516,NA,NA,NA,NA,NA,1618_0,NA,NA,1,NA,NA,NA,NA
sample29_SemiBin_221.fa,69.347586279843,NA,NA,NA,NA,NA,1619_0,NA,NA,1,NA,NA,NA,NA
sample29_SemiBin_158.fa,86.82380931846073,NA,NA,NA,NA,NA,1620_0,NA,NA,1,NA,NA,NA,NA
sample29_SemiBin_6.fa,90.49471663838035,NA,NA,NA,NA,NA,1621_0,NA,NA,1,NA,NA,NA,NA
sample15_SemiBin_1.fa,82.94943479177428,NA,NA,NA,NA,NA,1622_1,NA,NA,6,98.60,95.38,NA,NA
cpsnj09_SemiBin_71.fa,48.382492403457135,NA,NA,NA,NA,NA,1623_0,NA,NA,1,NA,NA,NA,NA
sample18_SemiBin_36.fa,98.3585529839572,NA,NA,NA,NA,NA,1624_1,NA,NA,2,96.89,96.89,NA,NA
sample18_SemiBin_153.fa,65.59350725628545,NA,NA,NA,NA,NA,1625_1,NA,NA,2,95.90,95.90,NA,NA
sample20_SemiBin_164.fa,54.39846306361347,NA,NA,NA,NA,NA,1626_0,NA,NA,1,NA,NA,NA,NA
sample4_SemiBin_76.fa,84.65214223646292,NA,NA,NA,NA,NA,1627_1,NA,NA,5,97.82,95.02,NA,NA
sample18_SemiBin_49.fa,91.48452291515756,NA,NA,NA,NA,NA,1628_1,NA,NA,4,99.14,95.64,NA,NA
sample5_SemiBin_8.fa,101.42947106880855,NA,NA,NA,NA,NA,1629_1,NA,NA,16,99.36,94.58,NA,NA
sample22_SemiBin_47.fa,82.85779277594659,NA,NA,NA,NA,NA,1629_2,NA,NA,1,NA,NA,NA,NA
sample16_SemiBin_6.fa,97.8808550189268,NA,NA,NA,NA,NA,1630_1,NA,NA,4,99.27,98.49,NA,NA
sample3_SemiBin_123.fa,57.56080672851922,NA,NA,NA,NA,NA,1630_2,NA,NA,2,97.01,97.01,NA,NA
sample18_SemiBin_226.fa,54.03605290735591,NA,NA,NA,NA,NA,1631_0,NA,NA,1,NA,NA,NA,NA
sample13_SemiBin_163.fa,78.41521942984505,NA,NA,NA,NA,NA,1632_0,NA,NA,1,NA,NA,NA,NA
cpsnj19_SemiBin_70.fa,51.08045128373973,NA,NA,NA,NA,NA,1633_1,NA,NA,1,NA,NA,NA,NA
sample22_SemiBin_81.fa,51.65172858902698,NA,NA,NA,NA,NA,1633_2,NA,NA,1,NA,NA,NA,NA
sample18_SemiBin_86.fa,70.25737149916696,NA,NA,NA,NA,NA,1634_0,NA,NA,1,NA,NA,NA,NA
sample29_SemiBin_55.fa,74.94534127795403,NA,NA,NA,NA,NA,1635_0,NA,NA,1,NA,NA,NA,NA
sample8_SemiBin_8.fa,95.88172656183738,NA,NA,NA,NA,NA,1636_1,NA,NA,4,99.12,98.86,NA,NA
snj13_SemiBin_16.fa,88.29802593581853,NA,NA,NA,NA,NA,1637_1,NA,NA,5,98.32,95.62,NA,NA
sample20_SemiBin_81.fa,60.73026822720156,NA,NA,NA,NA,NA,1637_2,NA,NA,1,NA,NA,NA,NA
snj10_SemiBin_61.fa,12.56764080625213,NA,NA,NA,NA,NA,1637_3,NA,NA,1,NA,NA,NA,NA
sample18_SemiBin_158.fa,72.45082259667595,NA,NA,NA,NA,NA,1637_4,NA,NA,1,NA,NA,NA,NA
snj04_SemiBin_1.fa,85.4740784059565,NA,NA,NA,NA,NA,1638_1,NA,NA,3,98.33,96.08,NA,NA
cpsnj03_SemiBin_1491.fa,2.5697169747608264,NA,NA,NA,NA,NA,1638_2,NA,NA,1,NA,NA,NA,NA
cpsnj02_SemiBin_69.fa,27.83700180700733,NA,NA,NA,NA,NA,1638_3,NA,NA,1,NA,NA,NA,NA
sample28_SemiBin_30.fa,54.03779066209055,NA,NA,NA,NA,NA,1638_4,NA,NA,1,NA,NA,NA,NA
cpsnj16_SemiBin_75.fa,73.97915321924225,NA,NA,NA,NA,NA,1639_1,NA,NA,4,97.94,96.74,NA,NA
snj03_SemiBin_452.fa,20.008058014924988,NA,NA,NA,NA,NA,1639_2,NA,NA,1,NA,NA,NA,NA
sample30_SemiBin_18.fa,58.48838628598674,NA,NA,NA,NA,NA,1639_3,NA,NA,1,NA,NA,NA,NA
snj09_SemiBin_88.fa,58.96382105004199,NA,NA,NA,NA,NA,1640_0,NA,NA,1,NA,NA,NA,NA
sample25_SemiBin_196.fa,48.48769200200958,NA,NA,NA,NA,NA,1641_0,NA,NA,1,NA,NA,NA,NA
sample1_SemiBin_131.fa,58.6669024692477,NA,NA,NA,NA,NA,1642_1,NA,NA,2,96.53,96.53,NA,NA
cpsnj16_SemiBin_48.fa,70.20463651824913,NA,NA,NA,NA,NA,1643_1,NA,NA,2,96.82,96.82,NA,NA
sample20_SemiBin_257.fa,55.92836023457855,NA,NA,NA,NA,NA,1644_1,NA,NA,2,95.74,95.74,NA,NA
sample17_SemiBin_34.fa,87.41811885670381,NA,NA,NA,NA,NA,1645_1,NA,NA,4,98.52,97.16,NA,NA
sample3_SemiBin_57.fa,23.83673974501096,NA,NA,NA,NA,NA,1646_1,NA,NA,1,NA,NA,NA,NA
sample4_SemiBin_113.fa,44.550169769126896,NA,NA,NA,NA,NA,1646_2,NA,NA,1,NA,NA,NA,NA
sample18_SemiBin_34.fa,91.58807588240217,NA,NA,NA,NA,NA,1647_0,NA,NA,1,NA,NA,NA,NA
sample18_SemiBin_373.fa,59.61813070791442,NA,NA,NA,NA,NA,1648_0,NA,NA,1,NA,NA,NA,NA
sample25_SemiBin_30.fa,68.78349327024809,NA,NA,NA,NA,NA,1649_1,NA,NA,6,97.45,96.62,NA,NA
sample18_SemiBin_245.fa,31.54756531320692,NA,NA,NA,NA,NA,1650_0,NA,NA,1,NA,NA,NA,NA
sample4_SemiBin_108.fa,29.05982434799889,NA,NA,NA,NA,NA,1651_0,NA,NA,1,NA,NA,NA,NA
cpsnj16_SemiBin_4.fa,98.32305557808536,NA,NA,NA,NA,NA,1652_1,NA,NA,9,99.17,96.51,NA,NA
cpsnj09_SemiBin_129.fa,34.00278876611035,NA,NA,NA,NA,NA,1652_2,NA,NA,1,NA,NA,NA,NA
sample7_SemiBin_61.fa,86.7864215539604,NA,NA,NA,NA,NA,1653_1,NA,NA,2,98.47,98.47,NA,NA
sample4_SemiBin_67.fa,56.14078410358412,NA,NA,NA,NA,NA,1653_2,NA,NA,1,NA,NA,NA,NA
sample20_SemiBin_24.fa,92.3800552139112,NA,NA,NA,NA,NA,1654_1,NA,NA,16,99.11,95.50,NA,NA
sample18_SemiBin_39.fa,95.20008574752237,NA,NA,NA,NA,NA,1655_1,NA,NA,3,98.97,98.22,NA,NA
sample13_SemiBin_46.fa,69.8858294167907,NA,NA,NA,NA,NA,1656_0,NA,NA,1,NA,NA,NA,NA
cpsnj09_SemiBin_149.fa,52.58065730348243,NA,NA,NA,NA,NA,1657_0,NA,NA,1,NA,NA,NA,NA
sample25_SemiBin_3.fa,100.16146116121304,NA,NA,NA,NA,NA,1658_1,NA,NA,5,99.33,98.66,NA,NA
snj08_SemiBin_52.fa,84.58586857576488,NA,NA,NA,NA,NA,1659_1,NA,NA,2,95.18,95.18,NA,NA
sample11_SemiBin_117.fa,51.14880804817713,NA,NA,NA,NA,NA,1659_2,NA,NA,1,NA,NA,NA,NA
sample4_SemiBin_43.fa,65.19451567177197,NA,NA,NA,NA,NA,1659_3,NA,NA,1,NA,NA,NA,NA
sample18_SemiBin_71.fa,71.15284320463712,NA,NA,NA,NA,NA,1659_4,NA,NA,2,95.44,95.44,NA,NA
sample6_SemiBin_22.fa,75.04235515389921,NA,NA,NA,NA,NA,1659_5,NA,NA,1,NA,NA,NA,NA
sample7_SemiBin_65.fa,35.50029343656089,NA,NA,NA,NA,NA,1659_6,NA,NA,1,NA,NA,NA,NA
sample16_SemiBin_127.fa,41.50916460238222,NA,NA,NA,NA,NA,1659_7,NA,NA,1,NA,NA,NA,NA
sample13_SemiBin_109.fa,55.37232631466861,NA,NA,NA,NA,NA,1659_8,NA,NA,1,NA,NA,NA,NA
sample15_SemiBin_88.fa,60.49454790921416,NA,NA,NA,NA,NA,1659_9,NA,NA,1,NA,NA,NA,NA
snj04_SemiBin_56.fa,36.90674724674648,NA,NA,NA,NA,NA,1659_10,NA,NA,1,NA,NA,NA,NA
cpsnj09_SemiBin_135.fa,49.26972395840959,NA,NA,NA,NA,NA,1659_11,NA,NA,1,NA,NA,NA,NA
sample12_SemiBin_13.fa,47.99508065825965,NA,NA,NA,NA,NA,1660_0,NA,NA,1,NA,NA,NA,NA
sample27_SemiBin_32.fa,75.32179628688583,NA,NA,NA,NA,NA,1661_0,NA,NA,1,NA,NA,NA,NA
sample6_SemiBin_86.fa,57.20541845678053,NA,NA,NA,NA,NA,1662_1,NA,NA,2,95.87,95.87,NA,NA
sample29_SemiBin_147.fa,35.30471446228437,NA,NA,NA,NA,NA,1663_0,NA,NA,1,NA,NA,NA,NA
sample29_SemiBin_22.fa,83.56474951653762,NA,NA,NA,NA,NA,1664_0,NA,NA,1,NA,NA,NA,NA
sample22_SemiBin_77.fa,79.00502274624762,NA,NA,NA,NA,NA,1665_1,NA,NA,3,97.58,95.86,NA,NA
sample29_SemiBin_56.fa,59.15958435726886,NA,NA,NA,NA,NA,1666_0,NA,NA,1,NA,NA,NA,NA
sample19_SemiBin_142.fa,34.41738449328259,NA,NA,NA,NA,NA,1667_0,NA,NA,1,NA,NA,NA,NA
sample22_SemiBin_78.fa,74.09211879885036,NA,NA,NA,NA,NA,1668_0,NA,NA,1,NA,NA,NA,NA
sample29_SemiBin_62.fa,74.20472946802106,NA,NA,NA,NA,NA,1669_0,NA,NA,1,NA,NA,NA,NA
sample27_SemiBin_74.fa,61.934003301278985,NA,NA,NA,NA,NA,1670_1,NA,NA,3,96.86,95.71,NA,NA
sample25_SemiBin_24.fa,72.72988904840079,NA,NA,NA,NA,NA,1671_1,NA,NA,4,98.46,97.34,NA,NA
sample30_SemiBin_75.fa,42.47925826186678,NA,NA,NA,NA,NA,1671_2,NA,NA,1,NA,NA,NA,NA
sample27_SemiBin_47.fa,78.44177515250506,NA,NA,NA,NA,NA,1672_0,NA,NA,1,NA,NA,NA,NA
sample16_SemiBin_171.fa,45.30488565902733,NA,NA,NA,NA,NA,1673_0,NA,NA,1,NA,NA,NA,NA
sample6_SemiBin_76.fa,44.96458944845978,NA,NA,NA,NA,NA,1674_0,NA,NA,1,NA,NA,NA,NA
cpsnj01_SemiBin_22.fa,53.161650046682176,NA,NA,NA,NA,NA,1675_0,NA,NA,1,NA,NA,NA,NA
sample30_SemiBin_36.fa,34.201383392394874,NA,NA,NA,NA,NA,1676_0,NA,NA,1,NA,NA,NA,NA
sample10_SemiBin_58.fa,72.85308000985286,NA,NA,NA,NA,NA,1677_1,NA,NA,1,NA,NA,NA,NA
sample17_SemiBin_57.fa,65.53868581284377,NA,NA,NA,NA,NA,1677_2,NA,NA,1,NA,NA,NA,NA
sample13_SemiBin_117.fa,55.1427353183484,NA,NA,NA,NA,NA,1677_3,NA,NA,1,NA,NA,NA,NA
cpsnj13_SemiBin_92.fa,61.29653531111733,NA,NA,NA,NA,NA,1678_1,NA,NA,5,98.29,96.83,NA,NA
sample26_SemiBin_199.fa,16.974693976290876,NA,NA,NA,NA,NA,1678_2,NA,NA,1,NA,NA,NA,NA
sample16_SemiBin_29.fa,79.28151062043365,NA,NA,NA,NA,NA,1678_3,NA,NA,4,97.44,95.41,NA,NA
sample9_SemiBin_62.fa,36.2030215624801,NA,NA,NA,NA,NA,1678_4,NA,NA,1,NA,NA,NA,NA
cpsnj03_SemiBin_205.fa,48.616933637342726,NA,NA,NA,NA,NA,1678_5,NA,NA,1,NA,NA,NA,NA
sample25_SemiBin_209.fa,28.219222456808204,NA,NA,NA,NA,NA,1678_6,NA,NA,1,NA,NA,NA,NA
sample27_SemiBin_66.fa,34.11404527948523,NA,NA,NA,NA,NA,1678_7,NA,NA,1,NA,NA,NA,NA
sample17_SemiBin_273.fa,39.58956031984755,NA,NA,NA,NA,NA,1679_0,NA,NA,1,NA,NA,NA,NA
sample19_SemiBin_289.fa,56.04800059054203,NA,NA,NA,NA,NA,1680_0,NA,NA,1,NA,NA,NA,NA
sample22_SemiBin_43.fa,70.40515511930069,NA,NA,NA,NA,NA,1681_1,NA,NA,5,97.82,96.34,NA,NA
sample3_SemiBin_88.fa,36.79239798314039,NA,NA,NA,NA,NA,1681_2,NA,NA,1,NA,NA,NA,NA
sample15_SemiBin_1856.fa,11.367526956839876,NA,NA,NA,NA,NA,1681_3,NA,NA,1,NA,NA,NA,NA
sample22_SemiBin_105.fa,38.71239485083164,NA,NA,NA,NA,NA,1682_0,NA,NA,1,NA,NA,NA,NA
sample18_SemiBin_37.fa,90.9750730551412,NA,NA,NA,NA,NA,1683_0,NA,NA,1,NA,NA,NA,NA
cpsnj10_SemiBin_44.fa,83.82282950169522,NA,NA,NA,NA,NA,1684_0,NA,NA,1,NA,NA,NA,NA
sample22_SemiBin_84.fa,77.24169291580453,NA,NA,NA,NA,NA,1685_1,NA,NA,5,98.11,95.43,NA,NA
sample28_SemiBin_49.fa,31.880006755704983,NA,NA,NA,NA,NA,1685_2,NA,NA,1,NA,NA,NA,NA
snj04_SemiBin_187.fa,49.230830085332194,NA,NA,NA,NA,NA,1685_3,NA,NA,1,NA,NA,NA,NA
cpsnj02_SemiBin_213.fa,39.28379720200657,NA,NA,NA,NA,NA,1686_0,NA,NA,1,NA,NA,NA,NA
sample20_SemiBin_120.fa,44.33308010974386,NA,NA,NA,NA,NA,1687_0,NA,NA,1,NA,NA,NA,NA
sample5_SemiBin_150.fa,57.25084579181219,NA,NA,NA,NA,NA,1688_1,NA,NA,2,95.66,95.66,NA,NA
sample18_SemiBin_129.fa,61.27033283878119,NA,NA,NA,NA,NA,1689_0,NA,NA,1,NA,NA,NA,NA
sample18_SemiBin_213.fa,61.640084670914206,NA,NA,NA,NA,NA,1690_0,NA,NA,1,NA,NA,NA,NA
cpsnj13_SemiBin_53.fa,60.39753327924638,NA,NA,NA,NA,NA,1691_0,NA,NA,1,NA,NA,NA,NA
snj13_SemiBin_62.fa,54.98250792206608,NA,NA,NA,NA,NA,1692_0,NA,NA,1,NA,NA,NA,NA
sample1_SemiBin_113.fa,54.06931902851988,NA,NA,NA,NA,NA,1693_1,NA,NA,2,97.26,97.26,NA,NA
cpsnj14_SemiBin_60.fa,52.06099185619999,NA,NA,NA,NA,NA,1694_0,NA,NA,1,NA,NA,NA,NA
sample27_SemiBin_86.fa,43.91883676164069,NA,NA,NA,NA,NA,1695_0,NA,NA,1,NA,NA,NA,NA
sample29_SemiBin_139.fa,59.746067156734,NA,NA,NA,NA,NA,1696_0,NA,NA,1,NA,NA,NA,NA
sample4_SemiBin_94.fa,53.2844258728036,NA,NA,NA,NA,NA,1697_0,NA,NA,1,NA,NA,NA,NA
sample10_SemiBin_57.fa,79.67138311552522,NA,NA,NA,NA,NA,1698_1,NA,NA,1,NA,NA,NA,NA
sample13_SemiBin_107.fa,51.46051009723486,NA,NA,NA,NA,NA,1698_2,NA,NA,1,NA,NA,NA,NA
sample4_SemiBin_81.fa,47.35304203169288,NA,NA,NA,NA,NA,1699_0,NA,NA,1,NA,NA,NA,NA
sample18_SemiBin_107.fa,74.14786368887358,NA,NA,NA,NA,NA,1700_1,NA,NA,2,97.69,97.69,NA,NA
sample29_SemiBin_102.fa,71.94836480473396,NA,NA,NA,NA,NA,1701_0,NA,NA,1,NA,NA,NA,NA
sample18_SemiBin_170.fa,29.184092124864133,NA,NA,NA,NA,NA,1702_1,NA,NA,1,NA,NA,NA,NA
sample1_SemiBin_95.fa,67.3573326812178,NA,NA,NA,NA,NA,1702_2,NA,NA,1,NA,NA,NA,NA
cpsnj04_SemiBin_88.fa,39.494733105801664,NA,NA,NA,NA,NA,1703_1,NA,NA,1,NA,NA,NA,NA
snj04_SemiBin_63.fa,44.10873668032489,NA,NA,NA,NA,NA,1703_2,NA,NA,1,NA,NA,NA,NA
snj08_SemiBin_62.fa,75.16433621204565,NA,NA,NA,NA,NA,1703_3,NA,NA,1,NA,NA,NA,NA
snj16_SemiBin_58.fa,34.37070112421899,NA,NA,NA,NA,NA,1703_4,NA,NA,1,NA,NA,NA,NA
snj11_SemiBin_76.fa,70.86217508747868,NA,NA,NA,NA,NA,1703_5,NA,NA,5,97.68,95.74,NA,NA
sample20_SemiBin_167.fa,43.1131746947914,NA,NA,NA,NA,NA,1703_6,NA,NA,1,NA,NA,NA,NA
cpsnj08_SemiBin_93.fa,44.4751713802462,NA,NA,NA,NA,NA,1703_7,NA,NA,1,NA,NA,NA,NA
cpsnj19_SemiBin_113.fa,29.40540651833721,NA,NA,NA,NA,NA,1703_8,NA,NA,1,NA,NA,NA,NA
snj20_SemiBin_122.fa,42.410257760556114,NA,NA,NA,NA,NA,1703_9,NA,NA,1,NA,NA,NA,NA
sample4_SemiBin_75.fa,58.63656385230223,NA,NA,NA,NA,NA,1704_1,NA,NA,2,95.93,95.93,NA,NA
sample7_SemiBin_94.fa,51.584304971351855,NA,NA,NA,NA,NA,1705_0,NA,NA,1,NA,NA,NA,NA
cpsnj14_SemiBin_118.fa,57.72289694558801,NA,NA,NA,NA,NA,1706_0,NA,NA,1,NA,NA,NA,NA
cpsnj09_SemiBin_131.fa,66.84509697918247,NA,NA,NA,NA,NA,1707_0,NA,NA,1,NA,NA,NA,NA
sample1_SemiBin_78.fa,55.09623142213917,NA,NA,NA,NA,NA,1708_0,NA,NA,1,NA,NA,NA,NA
sample16_SemiBin_4.fa,101.66662026102216,NA,NA,NA,NA,NA,1709_1,NA,NA,8,99.09,94.99,NA,NA
cpsnj09_SemiBin_114.fa,44.47525963575024,NA,NA,NA,NA,NA,1710_0,NA,NA,1,NA,NA,NA,NA
sample18_SemiBin_109.fa,75.0963400359815,NA,NA,NA,NA,NA,1711_0,NA,NA,1,NA,NA,NA,NA
sample18_SemiBin_74.fa,77.84686076659737,NA,NA,NA,NA,NA,1712_1,NA,NA,2,97.24,97.24,NA,NA
sample15_SemiBin_288.fa,53.92941510397899,NA,NA,NA,NA,NA,1713_0,NA,NA,1,NA,NA,NA,NA
sample16_SemiBin_148.fa,33.869851043491906,NA,NA,NA,NA,NA,1714_1,NA,NA,1,NA,NA,NA,NA
sample7_SemiBin_238.fa,29.649698393243007,NA,NA,NA,NA,NA,1714_2,NA,NA,1,NA,NA,NA,NA
sample18_SemiBin_69.fa,69.83918290480494,NA,NA,NA,NA,NA,1714_3,NA,NA,1,NA,NA,NA,NA
cpsnj09_SemiBin_127.fa,21.63012595597425,NA,NA,NA,NA,NA,1715_0,NA,NA,1,NA,NA,NA,NA
cpsnj04_SemiBin_82.fa,61.268617836100354,NA,NA,NA,NA,NA,1716_1,NA,NA,2,97.31,97.31,NA,NA
sample7_SemiBin_115.fa,59.33594532165983,NA,NA,NA,NA,NA,1717_0,NA,NA,1,NA,NA,NA,NA
cpsnj16_SemiBin_130.fa,49.59692704991592,NA,NA,NA,NA,NA,1718_1,NA,NA,1,NA,NA,NA,NA
sample15_SemiBin_101.fa,40.00458788924117,NA,NA,NA,NA,NA,1718_2,NA,NA,1,NA,NA,NA,NA
sample18_SemiBin_94.fa,73.90063626617442,NA,NA,NA,NA,NA,1719_0,NA,NA,1,NA,NA,NA,NA
sample18_SemiBin_6.fa,100.78999881832152,NA,NA,NA,NA,NA,1720_1,NA,NA,3,99.44,98.45,NA,NA
sample4_SemiBin_7.fa,95.34441639236184,NA,NA,NA,NA,NA,1721_1,NA,NA,4,98.69,98.11,NA,NA
sample17_SemiBin_152.fa,26.105664266852784,NA,NA,NA,NA,NA,1721_2,NA,NA,1,NA,NA,NA,NA
sample19_SemiBin_112.fa,67.48510303407728,NA,NA,NA,NA,NA,1722_0,NA,NA,1,NA,NA,NA,NA
sample19_SemiBin_24.fa,89.38438217059262,NA,NA,NA,NA,NA,1723_0,NA,NA,1,NA,NA,NA,NA
sample17_SemiBin_67.fa,69.74344849140508,NA,NA,NA,NA,NA,1724_0,NA,NA,1,NA,NA,NA,NA
sample1_SemiBin_184.fa,57.15954436705867,NA,NA,NA,NA,NA,1725_1,NA,NA,2,97.18,97.18,NA,NA
sample14_SemiBin_121.fa,47.32037417466441,NA,NA,NA,NA,NA,1726_1,NA,NA,1,NA,NA,NA,NA
sample6_SemiBin_100.fa,60.29831475757901,NA,NA,NA,NA,NA,1726_2,NA,NA,1,NA,NA,NA,NA
sample2_SemiBin_57.fa,35.26805483353029,NA,NA,NA,NA,NA,1726_3,NA,NA,1,NA,NA,NA,NA
sample7_SemiBin_213.fa,32.96903598548815,NA,NA,NA,NA,NA,1726_4,NA,NA,1,NA,NA,NA,NA
sample18_SemiBin_413.fa,28.95507879545788,NA,NA,NA,NA,NA,1726_5,NA,NA,1,NA,NA,NA,NA
cpsnj09_SemiBin_19.fa,70.13839911668263,NA,NA,NA,NA,NA,1726_6,NA,NA,1,NA,NA,NA,NA
cpsnj14_SemiBin_22.fa,85.60947385397024,NA,NA,NA,NA,NA,1727_1,NA,NA,2,97.03,97.03,NA,NA
cpsnj16_SemiBin_71.fa,69.07156182393189,NA,NA,NA,NA,NA,1727_2,NA,NA,1,NA,NA,NA,NA
sample18_SemiBin_87.fa,85.22699837660886,NA,NA,NA,NA,NA,1727_3,NA,NA,1,NA,NA,NA,NA
snj15_SemiBin_165.fa,24.7825453476185,NA,NA,NA,NA,NA,1727_4,NA,NA,1,NA,NA,NA,NA
sample12_SemiBin_72.fa,38.05197593146436,NA,NA,NA,NA,NA,1728_0,NA,NA,1,NA,NA,NA,NA
sample2_SemiBin_39.fa,70.65349844176036,NA,NA,NA,NA,NA,1729_1,NA,NA,4,95.86,94.82,NA,NA
sample15_SemiBin_120.fa,54.36458367514924,NA,NA,NA,NA,NA,1729_2,NA,NA,1,NA,NA,NA,NA
sample16_SemiBin_118.fa,23.57212919598211,NA,NA,NA,NA,NA,1729_3,NA,NA,1,NA,NA,NA,NA
sample18_SemiBin_311.fa,85.91905581408487,NA,NA,NA,NA,NA,1729_4,NA,NA,2,96.12,96.12,NA,NA
sample25_SemiBin_190.fa,44.20978491774816,NA,NA,NA,NA,NA,1729_5,NA,NA,1,NA,NA,NA,NA
sample1_SemiBin_94.fa,69.50591900603011,NA,NA,NA,NA,NA,1729_6,NA,NA,1,NA,NA,NA,NA
sample6_SemiBin_179.fa,23.25828560960808,NA,NA,NA,NA,NA,1729_7,NA,NA,1,NA,NA,NA,NA
sample19_SemiBin_303.fa,49.82550074247021,NA,NA,NA,NA,NA,1730_0,NA,NA,1,NA,NA,NA,NA
sample13_SemiBin_153.fa,19.26805187918298,NA,NA,NA,NA,NA,1731_0,NA,NA,1,NA,NA,NA,NA
sample11_SemiBin_67.fa,71.49414092678053,NA,NA,NA,NA,NA,1732_1,NA,NA,2,95.44,95.44,NA,NA
sample13_SemiBin_76.fa,57.651668566933886,NA,NA,NA,NA,NA,1732_2,NA,NA,1,NA,NA,NA,NA
sample16_SemiBin_274.fa,60.78513149440602,NA,NA,NA,NA,NA,1733_0,NA,NA,1,NA,NA,NA,NA
sample25_SemiBin_264.fa,58.56673877368128,NA,NA,NA,NA,NA,1734_1,NA,NA,1,NA,NA,NA,NA
sample4_SemiBin_83.fa,50.39574081519353,NA,NA,NA,NA,NA,1734_2,NA,NA,1,NA,NA,NA,NA
sample17_SemiBin_459.fa,33.72965946045571,NA,NA,NA,NA,NA,1734_3,NA,NA,1,NA,NA,NA,NA
sample18_SemiBin_270.fa,55.96482292420667,NA,NA,NA,NA,NA,1735_1,NA,NA,4,98.74,96.40,NA,NA
cpsnj04_SemiBin_9.fa,94.02299158688972,NA,NA,NA,NA,NA,1736_1,NA,NA,17,98.09,95.59,NA,NA
cpsnj09_SemiBin_68.fa,84.45362101070502,NA,NA,NA,NA,NA,1736_2,NA,NA,1,NA,NA,NA,NA
sample12_SemiBin_504.fa,21.320053590005703,NA,NA,NA,NA,NA,1736_3,NA,NA,1,NA,NA,NA,NA
cpsnj13_SemiBin_49.fa,76.68020504176931,NA,NA,NA,NA,NA,1737_0,NA,NA,1,NA,NA,NA,NA
sample12_SemiBin_1168.fa,11.451996142351684,NA,NA,NA,NA,NA,1738_0,NA,NA,1,NA,NA,NA,NA
sample1_SemiBin_64.fa,81.07602768286476,NA,NA,NA,NA,NA,1739_0,NA,NA,1,NA,NA,NA,NA
snj09_SemiBin_248.fa,51.03316769395278,NA,NA,NA,NA,NA,1740_1,NA,NA,2,95.24,95.24,NA,NA
sample11_SemiBin_911.fa,3.5477208730804524,NA,NA,NA,NA,NA,1741_1,NA,NA,1,NA,NA,NA,NA
sample17_SemiBin_590.fa,16.280200980194433,NA,NA,NA,NA,NA,1741_2,NA,NA,1,NA,NA,NA,NA
cpsnj14_SemiBin_189.fa,57.62489625302373,NA,NA,NA,NA,NA,1741_3,NA,NA,1,NA,NA,NA,NA
sample26_SemiBin_143.fa,40.71337283071503,NA,NA,NA,NA,NA,1742_0,NA,NA,1,NA,NA,NA,NA
sample8_SemiBin_1849.fa,18.64432278126453,NA,NA,NA,NA,NA,1743_0,NA,NA,1,NA,NA,NA,NA
sample22_SemiBin_142.fa,81.68401436080757,NA,NA,NA,NA,NA,1744_1,NA,NA,4,96.08,96.05,NA,NA
sample16_SemiBin_111.fa,57.72028846337742,NA,NA,NA,NA,NA,1744_2,NA,NA,1,NA,NA,NA,NA
sample15_SemiBin_175.fa,53.21725128639982,NA,NA,NA,NA,NA,1744_3,NA,NA,1,NA,NA,NA,NA
sample16_SemiBin_1786.fa,14.06067140679917,NA,NA,NA,NA,NA,1745_0,NA,NA,1,NA,NA,NA,NA
sample17_SemiBin_80.fa,66.45742240872983,NA,NA,NA,NA,NA,1746_0,NA,NA,1,NA,NA,NA,NA
sample14_SemiBin_26.fa,43.51405323057035,NA,NA,NA,NA,NA,1747_0,NA,NA,1,NA,NA,NA,NA
snj14_SemiBin_52.fa,78.52694646924171,NA,NA,NA,NA,NA,1748_1,NA,NA,4,98.12,95.76,NA,NA
sample14_SemiBin_60.fa,43.54081110690603,NA,NA,NA,NA,NA,1748_2,NA,NA,1,NA,NA,NA,NA
sample1_SemiBin_191.fa,34.746074804154865,NA,NA,NA,NA,NA,1749_0,NA,NA,1,NA,NA,NA,NA
sample14_SemiBin_91.fa,30.65125445656385,NA,NA,NA,NA,NA,1750_1,NA,NA,1,NA,NA,NA,NA
sample7_SemiBin_338.fa,51.51239910731625,NA,NA,NA,NA,NA,1750_2,NA,NA,1,NA,NA,NA,NA
sample9_SemiBin_68.fa,57.75648572735607,NA,NA,NA,NA,NA,1751_0,NA,NA,1,NA,NA,NA,NA
sample28_SemiBin_47.fa,55.54518246463463,NA,NA,NA,NA,NA,1752_0,NA,NA,1,NA,NA,NA,NA
sample26_SemiBin_129.fa,56.87518158066516,NA,NA,NA,NA,NA,1753_1,NA,NA,3,95.87,95.08,NA,NA
sample6_SemiBin_52.fa,55.19947228023227,NA,NA,NA,NA,NA,1753_2,NA,NA,1,NA,NA,NA,NA
cpsnj10_SemiBin_52.fa,73.27437743560296,NA,NA,NA,NA,NA,1754_1,NA,NA,1,NA,NA,NA,NA
cpsnj16_SemiBin_178.fa,42.506350700649406,NA,NA,NA,NA,NA,1754_2,NA,NA,1,NA,NA,NA,NA
cpsnj19_SemiBin_38.fa,73.95929936266639,NA,NA,NA,NA,NA,1755_1,NA,NA,3,96.89,96.70,NA,NA
snj14_SemiBin_107.fa,33.54042263921602,NA,NA,NA,NA,NA,1755_2,NA,NA,1,NA,NA,NA,NA
sample27_SemiBin_130.fa,58.13809367419467,NA,NA,NA,NA,NA,1756_0,NA,NA,1,NA,NA,NA,NA
sample18_SemiBin_50.fa,94.51927024478796,NA,NA,NA,NA,NA,1757_1,NA,NA,2,99.14,99.14,NA,NA
sample8_SemiBin_9.fa,96.76328455339468,NA,NA,NA,NA,NA,1758_1,NA,NA,3,98.85,98.76,NA,NA
sample10_SemiBin_135.fa,63.7985846170057,NA,NA,NA,NA,NA,1758_2,NA,NA,1,NA,NA,NA,NA
cpsnj19_SemiBin_167.fa,60.48609799766232,NA,NA,NA,NA,NA,1759_1,NA,NA,1,NA,NA,NA,NA
sample1_SemiBin_161.fa,61.74035415998835,NA,NA,NA,NA,NA,1759_2,NA,NA,1,NA,NA,NA,NA
cpsnj16_SemiBin_49.fa,77.7181949054937,NA,NA,NA,NA,NA,1760_1,NA,NA,2,99.11,99.11,NA,NA
cpsnj16_SemiBin_140.fa,66.6524330641558,NA,NA,NA,NA,NA,1761_1,NA,NA,2,97.95,97.95,NA,NA
cpsnj11_SemiBin_123.fa,15.02683504009759,NA,NA,NA,NA,NA,1761_2,NA,NA,1,NA,NA,NA,NA
sample28_SemiBin_2.fa,67.0379902310198,NA,NA,NA,NA,NA,1762_0,NA,NA,1,NA,NA,NA,NA
snj02_SemiBin_7.fa,89.54958513821789,NA,NA,NA,NA,NA,1763_1,NA,NA,2,98.67,98.67,NA,NA
cpsnj11_SemiBin_143.fa,97.55465128215286,NA,NA,NA,NA,NA,1764_1,NA,NA,3,98.16,97.69,NA,NA
cpsnj14_SemiBin_47.fa,57.0547548058989,NA,NA,NA,NA,NA,1764_2,NA,NA,1,NA,NA,NA,NA
sample28_SemiBin_66.fa,41.25448671723127,NA,NA,NA,NA,NA,1765_0,NA,NA,1,NA,NA,NA,NA
sample22_SemiBin_68.fa,79.97782147397272,NA,NA,NA,NA,NA,1766_1,NA,NA,6,98.01,96.12,NA,NA
sample13_SemiBin_94.fa,59.84094098887599,NA,NA,NA,NA,NA,1766_2,NA,NA,1,NA,NA,NA,NA
sample21_SemiBin_99.fa,45.91115896931263,NA,NA,NA,NA,NA,1766_3,NA,NA,1,NA,NA,NA,NA
snj11_SemiBin_121.fa,44.4210551801806,NA,NA,NA,NA,NA,1767_1,NA,NA,1,NA,NA,NA,NA
snj20_SemiBin_44.fa,39.80059423621813,NA,NA,NA,NA,NA,1767_2,NA,NA,1,NA,NA,NA,NA
sample15_SemiBin_157.fa,58.46655838690238,NA,NA,NA,NA,NA,1768_1,NA,NA,2,95.20,95.20,NA,NA
cpsnj03_SemiBin_80.fa,63.50990164331701,NA,NA,NA,NA,NA,1768_2,NA,NA,1,NA,NA,NA,NA
sample5_SemiBin_14.fa,95.68739268180852,NA,NA,NA,NA,NA,1768_3,NA,NA,2,97.89,97.89,NA,NA
sample2_SemiBin_45.fa,51.05234704258602,NA,NA,NA,NA,NA,1768_4,NA,NA,1,NA,NA,NA,NA
sample16_SemiBin_90.fa,29.081531124132976,NA,NA,NA,NA,NA,1768_5,NA,NA,1,NA,NA,NA,NA
sample1_SemiBin_221.fa,37.8265750474054,NA,NA,NA,NA,NA,1768_6,NA,NA,1,NA,NA,NA,NA
sample16_SemiBin_169.fa,55.178536387594086,NA,NA,NA,NA,NA,1769_1,NA,NA,1,NA,NA,NA,NA
sample19_SemiBin_245.fa,34.865129260199815,NA,NA,NA,NA,NA,1769_2,NA,NA,1,NA,NA,NA,NA
sample18_SemiBin_48.fa,92.5506269983174,NA,NA,NA,NA,NA,1770_1,NA,NA,5,99.09,98.29,NA,NA
sample19_SemiBin_94.fa,42.583932419110354,NA,NA,NA,NA,NA,1771_0,NA,NA,1,NA,NA,NA,NA
cpsnj19_SemiBin_685.fa,43.716137113182064,NA,NA,NA,NA,NA,1772_0,NA,NA,1,NA,NA,NA,NA
sample18_SemiBin_137.fa,45.03697432747707,NA,NA,NA,NA,NA,1773_0,NA,NA,1,NA,NA,NA,NA
sample18_SemiBin_91.fa,64.79362134708163,NA,NA,NA,NA,NA,1774_0,NA,NA,1,NA,NA,NA,NA
sample20_SemiBin_31.fa,86.38379141907079,NA,NA,NA,NA,NA,1775_0,NA,NA,1,NA,NA,NA,NA
snj03_SemiBin_21.fa,72.65470947759567,NA,NA,NA,NA,NA,1776_0,NA,NA,1,NA,NA,NA,NA
sample14_SemiBin_38.fa,17.677815486380872,NA,NA,NA,NA,NA,1777_0,NA,NA,1,NA,NA,NA,NA
sample20_SemiBin_30.fa,92.08465629357175,NA,NA,NA,NA,NA,1778_1,NA,NA,3,99.05,98.85,NA,NA
cpsnj10_SemiBin_16.fa,91.9932781342136,NA,NA,NA,NA,NA,1779_1,NA,NA,6,98.51,95.09,NA,NA
cpsnj03_SemiBin_142.fa,48.892665296536606,NA,NA,NA,NA,NA,1779_2,NA,NA,1,NA,NA,NA,NA
snj09_SemiBin_13.fa,89.26211639498246,NA,NA,NA,NA,NA,1780_0,NA,NA,1,NA,NA,NA,NA
sample7_SemiBin_14.fa,88.30276190103093,NA,NA,NA,NA,NA,1781_1,NA,NA,3,98.11,95.74,NA,NA
cpsnj09_SemiBin_93.fa,58.19641512459253,NA,NA,NA,NA,NA,1782_0,NA,NA,1,NA,NA,NA,NA
cpsnj13_SemiBin_36.fa,62.37079802975576,NA,NA,NA,NA,NA,1783_0,NA,NA,1,NA,NA,NA,NA
sample5_SemiBin_180.fa,25.996725673017405,NA,NA,NA,NA,NA,1784_0,NA,NA,1,NA,NA,NA,NA
sample14_SemiBin_43.fa,55.34259049569485,NA,NA,NA,NA,NA,1785_0,NA,NA,1,NA,NA,NA,NA
sample15_SemiBin_102.fa,50.13983263343551,NA,NA,NA,NA,NA,1786_1,NA,NA,1,NA,NA,NA,NA
sample20_SemiBin_104.fa,52.427965553111925,NA,NA,NA,NA,NA,1786_2,NA,NA,1,NA,NA,NA,NA
sample3_SemiBin_23.fa,78.85320147794955,NA,NA,NA,NA,NA,1787_1,NA,NA,2,99.07,99.07,NA,NA
sample3_SemiBin_40.fa,46.500386704542464,NA,NA,NA,NA,NA,1788_1,NA,NA,2,97.49,97.49,NA,NA
cpsnj13_SemiBin_63.fa,63.09061983132939,NA,NA,NA,NA,NA,1789_1,NA,NA,1,NA,NA,NA,NA
sample18_SemiBin_203.fa,59.213996071878526,NA,NA,NA,NA,NA,1789_2,NA,NA,1,NA,NA,NA,NA
snj13_SemiBin_21.fa,72.38643083659372,NA,NA,NA,NA,NA,1790_1,NA,NA,2,98.14,98.14,NA,NA
sample18_SemiBin_28.fa,88.5172995340348,NA,NA,NA,NA,NA,1791_0,NA,NA,1,NA,NA,NA,NA
cpsnj14_SemiBin_82.fa,64.85833627631226,NA,NA,NA,NA,NA,1792_0,NA,NA,1,NA,NA,NA,NA
sample21_SemiBin_63.fa,53.55397834031201,NA,NA,NA,NA,NA,1793_0,NA,NA,1,NA,NA,NA,NA
snj20_SemiBin_15.fa,83.93245385624317,NA,NA,NA,NA,NA,1794_1,NA,NA,2,97.91,97.91,NA,NA
sample18_SemiBin_30.fa,91.70725225633625,NA,NA,NA,NA,NA,1795_1,NA,NA,2,98.80,98.80,NA,NA
sample7_SemiBin_77.fa,57.667423400541935,NA,NA,NA,NA,NA,1796_0,NA,NA,1,NA,NA,NA,NA
sample18_SemiBin_284.fa,64.46352269019467,NA,NA,NA,NA,NA,1797_0,NA,NA,1,NA,NA,NA,NA
sample18_SemiBin_321.fa,72.83319415290308,NA,NA,NA,NA,NA,1798_0,NA,NA,1,NA,NA,NA,NA
sample18_SemiBin_85.fa,86.8744802138597,NA,NA,NA,NA,NA,1799_1,NA,NA,3,99.01,98.80,NA,NA
sample17_SemiBin_98.fa,54.06106888996732,NA,NA,NA,NA,NA,1800_0,NA,NA,1,NA,NA,NA,NA
sample12_SemiBin_92.fa,65.97079305502746,NA,NA,NA,NA,NA,1801_1,NA,NA,2,97.07,97.07,NA,NA
cpsnj13_SemiBin_99.fa,82.75678589362043,NA,NA,NA,NA,NA,1802_1,NA,NA,9,97.02,94.91,NA,NA
sample11_SemiBin_12.fa,67.8833209258834,NA,NA,NA,NA,NA,1802_2,NA,NA,3,97.81,96.52,NA,NA
sample15_SemiBin_103.fa,47.25288648587325,NA,NA,NA,NA,NA,1802_3,NA,NA,1,NA,NA,NA,NA
sample14_SemiBin_55.fa,16.80491065575463,NA,NA,NA,NA,NA,1802_4,NA,NA,1,NA,NA,NA,NA
sample22_SemiBin_109.fa,40.69160380101837,NA,NA,NA,NA,NA,1802_5,NA,NA,1,NA,NA,NA,NA
snj08_SemiBin_49.fa,67.86927619051221,NA,NA,NA,NA,NA,1803_1,NA,NA,3,96.00,95.54,NA,NA
cpsnj03_SemiBin_52.fa,37.90182972601642,NA,NA,NA,NA,NA,1803_2,NA,NA,1,NA,NA,NA,NA
sample6_SemiBin_57.fa,41.69477312396546,NA,NA,NA,NA,NA,1803_3,NA,NA,1,NA,NA,NA,NA
sample26_SemiBin_40.fa,51.03146356575933,NA,NA,NA,NA,NA,1803_4,NA,NA,1,NA,NA,NA,NA
sample9_SemiBin_86.fa,30.23832471915156,NA,NA,NA,NA,NA,1803_5,NA,NA,1,NA,NA,NA,NA
cpsnj14_SemiBin_105.fa,42.27623758383908,NA,NA,NA,NA,NA,1804_0,NA,NA,1,NA,NA,NA,NA
snj14_SemiBin_43.fa,76.75849604026274,NA,NA,NA,NA,NA,1805_1,NA,NA,3,98.15,97.67,NA,NA
sample1_SemiBin_60.fa,77.61466971564242,NA,NA,NA,NA,NA,1805_2,NA,NA,2,95.28,95.28,NA,NA
sample7_SemiBin_204.fa,49.27213026647142,NA,NA,NA,NA,NA,1805_3,NA,NA,1,NA,NA,NA,NA
sample20_SemiBin_67.fa,74.51819178430785,NA,NA,NA,NA,NA,1806_1,NA,NA,1,NA,NA,NA,NA
snj14_SemiBin_54.fa,63.68509344348372,NA,NA,NA,NA,NA,1806_2,NA,NA,1,NA,NA,NA,NA
sample7_SemiBin_146.fa,51.57480930050173,NA,NA,NA,NA,NA,1807_0,NA,NA,1,NA,NA,NA,NA
sample17_SemiBin_20.fa,65.87941256087052,NA,NA,NA,NA,NA,1808_1,NA,NA,1,NA,NA,NA,NA
snj09_SemiBin_114.fa,34.66978958985159,NA,NA,NA,NA,NA,1808_2,NA,NA,1,NA,NA,NA,NA
sample2_SemiBin_35.fa,49.93599205849881,NA,NA,NA,NA,NA,1809_1,NA,NA,1,NA,NA,NA,NA
snj08_SemiBin_95.fa,23.61678507770575,NA,NA,NA,NA,NA,1809_2,NA,NA,1,NA,NA,NA,NA
sample18_SemiBin_189.fa,44.85677837406245,NA,NA,NA,NA,NA,1810_0,NA,NA,1,NA,NA,NA,NA
snj01_SemiBin_53.fa,41.988048004351405,NA,NA,NA,NA,NA,1811_0,NA,NA,1,NA,NA,NA,NA
snj02_SemiBin_33.fa,59.554458163513615,NA,NA,NA,NA,NA,1812_0,NA,NA,1,NA,NA,NA,NA
sample6_SemiBin_203.fa,72.9896718593447,NA,NA,NA,NA,NA,1813_0,NA,NA,1,NA,NA,NA,NA
sample15_SemiBin_139.fa,53.47033956518262,NA,NA,NA,NA,NA,1814_1,NA,NA,2,95.22,95.22,NA,NA
sample19_SemiBin_102.fa,48.77057589116269,NA,NA,NA,NA,NA,1815_0,NA,NA,1,NA,NA,NA,NA
sample6_SemiBin_36.fa,52.0235356740441,NA,NA,NA,NA,NA,1816_0,NA,NA,1,NA,NA,NA,NA
sample21_SemiBin_62.fa,43.15124239118648,NA,NA,NA,NA,NA,1817_0,NA,NA,1,NA,NA,NA,NA
cpsnj11_SemiBin_63.fa,83.26233147291116,NA,NA,NA,NA,NA,1818_1,NA,NA,2,95.34,95.34,NA,NA
cpsnj15_SemiBin_34.fa,35.212152187625634,NA,NA,NA,NA,NA,1818_2,NA,NA,1,NA,NA,NA,NA
cpsnj16_SemiBin_46.fa,76.43226395213745,NA,NA,NA,NA,NA,1818_3,NA,NA,2,95.62,95.62,NA,NA
snj14_SemiBin_66.fa,60.19745816540756,NA,NA,NA,NA,NA,1818_4,NA,NA,2,95.17,95.17,NA,NA
snj03_SemiBin_41.fa,64.95974353572845,NA,NA,NA,NA,NA,1818_5,NA,NA,1,NA,NA,NA,NA
snj08_SemiBin_54.fa,48.0857703314577,NA,NA,NA,NA,NA,1818_6,NA,NA,1,NA,NA,NA,NA
cpsnj14_SemiBin_31.fa,51.65305638477936,NA,NA,NA,NA,NA,1818_7,NA,NA,1,NA,NA,NA,NA
sample13_SemiBin_55.fa,78.93491914180282,NA,NA,NA,NA,NA,1819_0,NA,NA,1,NA,NA,NA,NA
sample18_SemiBin_161.fa,66.89297714156632,NA,NA,NA,NA,NA,1820_0,NA,NA,1,NA,NA,NA,NA
sample29_SemiBin_288.fa,13.63636909224738,NA,NA,NA,NA,NA,1821_0,NA,NA,1,NA,NA,NA,NA
sample29_SemiBin_97.fa,67.01086945681023,NA,NA,NA,NA,NA,1822_0,NA,NA,1,NA,NA,NA,NA
sample17_SemiBin_21.fa,91.78780539604602,NA,NA,NA,NA,NA,1823_0,NA,NA,1,NA,NA,NA,NA
sample17_SemiBin_62.fa,40.632610955534005,NA,NA,NA,NA,NA,1824_0,NA,NA,1,NA,NA,NA,NA
sample1_SemiBin_112.fa,56.91600601802579,NA,NA,NA,NA,NA,1825_1,NA,NA,1,NA,NA,NA,NA
sample6_SemiBin_109.fa,60.38955335973442,NA,NA,NA,NA,NA,1825_2,NA,NA,1,NA,NA,NA,NA
sample24_SemiBin_104.fa,36.44309771551092,NA,NA,NA,NA,NA,1825_3,NA,NA,1,NA,NA,NA,NA
sample30_SemiBin_39.fa,55.05084503481899,NA,NA,NA,NA,NA,1825_4,NA,NA,1,NA,NA,NA,NA
sample4_SemiBin_70.fa,42.15781864579628,NA,NA,NA,NA,NA,1825_5,NA,NA,1,NA,NA,NA,NA
sample19_SemiBin_1712.fa,9.325359926847394,NA,NA,NA,NA,NA,1825_6,NA,NA,1,NA,NA,NA,NA
cpsnj10_SemiBin_36.fa,78.45107742090384,NA,NA,NA,NA,NA,1826_1,NA,NA,6,97.34,95.40,NA,NA
snj10_SemiBin_48.fa,45.60965554597893,NA,NA,NA,NA,NA,1826_2,NA,NA,1,NA,NA,NA,NA
sample28_SemiBin_40.fa,65.67967865873736,NA,NA,NA,NA,NA,1826_3,NA,NA,1,NA,NA,NA,NA
cpsnj14_SemiBin_53.fa,78.73294395310054,NA,NA,NA,NA,NA,1827_1,NA,NA,2,98.63,98.63,NA,NA
snj15_SemiBin_47.fa,41.67501574742847,NA,NA,NA,NA,NA,1828_0,NA,NA,1,NA,NA,NA,NA
sample7_SemiBin_16.fa,87.85737449112067,NA,NA,NA,NA,NA,1829_1,NA,NA,2,97.36,97.36,NA,NA
sample22_SemiBin_175.fa,43.03209446878738,NA,NA,NA,NA,NA,1830_0,NA,NA,1,NA,NA,NA,NA
cpsnj14_SemiBin_63.fa,63.0199350566256,NA,NA,NA,NA,NA,1831_1,NA,NA,4,98.96,98.47,NA,NA
cpsnj20_SemiBin_19.fa,84.3413546319422,NA,NA,NA,NA,NA,1832_1,NA,NA,2,95.06,95.06,NA,NA
cpsnj09_SemiBin_37.fa,82.72712337479264,NA,NA,NA,NA,NA,1832_2,NA,NA,1,NA,NA,NA,NA
sample18_SemiBin_183.fa,64.40104083174812,NA,NA,NA,NA,NA,1833_1,NA,NA,3,98.67,97.75,NA,NA
sample2_SemiBin_152.fa,49.19766021325036,NA,NA,NA,NA,NA,1833_2,NA,NA,1,NA,NA,NA,NA
sample14_SemiBin_2.fa,81.93599031877149,NA,NA,NA,NA,NA,1834_1,NA,NA,4,99.47,98.19,NA,NA
sample15_SemiBin_193.fa,71.62009623433745,NA,NA,NA,NA,NA,1835_1,NA,NA,5,98.44,96.74,NA,NA
snj02_SemiBin_48.fa,34.92592297848257,NA,NA,NA,NA,NA,1836_0,NA,NA,1,NA,NA,NA,NA
sample8_SemiBin_42.fa,72.86615698472544,NA,NA,NA,NA,NA,1837_1,NA,NA,5,98.62,98.07,NA,NA
sample27_SemiBin_72.fa,57.61100551361173,NA,NA,NA,NA,NA,1838_0,NA,NA,1,NA,NA,NA,NA
sample6_SemiBin_110.fa,39.17668960596176,NA,NA,NA,NA,NA,1839_0,NA,NA,1,NA,NA,NA,NA
sample12_SemiBin_65.fa,61.35280847295188,NA,NA,NA,NA,NA,1840_1,NA,NA,2,97.15,97.15,NA,NA
sample13_SemiBin_259.fa,63.11712114531262,NA,NA,NA,NA,NA,1840_2,NA,NA,1,NA,NA,NA,NA
cpsnj14_SemiBin_97.fa,58.42311767038653,NA,NA,NA,NA,NA,1841_0,NA,NA,1,NA,NA,NA,NA
snj08_SemiBin_94.fa,61.82505989789325,NA,NA,NA,NA,NA,1842_1,NA,NA,4,98.32,96.81,NA,NA
snj03_SemiBin_170.fa,15.95277498805414,NA,NA,NA,NA,NA,1842_2,NA,NA,1,NA,NA,NA,NA
sample21_SemiBin_46.fa,62.63099700334221,NA,NA,NA,NA,NA,1842_3,NA,NA,1,NA,NA,NA,NA
sample1_SemiBin_50.fa,88.21137226185142,NA,NA,NA,NA,NA,1843_1,NA,NA,2,97.23,97.23,NA,NA
sample18_SemiBin_140.fa,77.25889594817227,NA,NA,NA,NA,NA,1844_1,NA,NA,4,97.90,96.72,NA,NA
sample5_SemiBin_65.fa,67.56920841193842,NA,NA,NA,NA,NA,1845_1,NA,NA,2,96.32,96.32,NA,NA
cpsnj19_SemiBin_67.fa,55.98023487598876,NA,NA,NA,NA,NA,1845_2,NA,NA,1,NA,NA,NA,NA
snj15_SemiBin_141.fa,18.59608368347314,NA,NA,NA,NA,NA,1845_3,NA,NA,1,NA,NA,NA,NA
snj16_SemiBin_145.fa,46.64313116232796,NA,NA,NA,NA,NA,1845_4,NA,NA,1,NA,NA,NA,NA
snj03_SemiBin_117.fa,42.676094915725216,NA,NA,NA,NA,NA,1845_5,NA,NA,1,NA,NA,NA,NA
sample16_SemiBin_129.fa,41.97765539346689,NA,NA,NA,NA,NA,1845_6,NA,NA,1,NA,NA,NA,NA
cpsnj13_SemiBin_12.fa,56.57949931247,NA,NA,NA,NA,NA,1846_1,NA,NA,2,97.70,97.70,NA,NA
sample16_SemiBin_36.fa,83.37304902649491,NA,NA,NA,NA,NA,1847_1,NA,NA,34,98.20,95.53,NA,NA
sample6_SemiBin_323.fa,51.265258497308864,NA,NA,NA,NA,NA,1847_2,NA,NA,1,NA,NA,NA,NA
cpsnj04_SemiBin_94.fa,11.726991054414846,NA,NA,NA,NA,NA,1847_3,NA,NA,1,NA,NA,NA,NA
sample21_SemiBin_75.fa,41.77479705258877,NA,NA,NA,NA,NA,1847_4,NA,NA,1,NA,NA,NA,NA
cpsnj15_SemiBin_113.fa,46.59509781828458,NA,NA,NA,NA,NA,1847_5,NA,NA,1,NA,NA,NA,NA
sample6_SemiBin_236.fa,29.647296101066186,NA,NA,NA,NA,NA,1848_0,NA,NA,1,NA,NA,NA,NA
snj11_SemiBin_11.fa,93.36483197962336,NA,NA,NA,NA,NA,1849_1,NA,NA,8,99.07,95.79,NA,NA
sample20_SemiBin_13.fa,92.13773274488406,NA,NA,NA,NA,NA,1850_1,NA,NA,30,99.32,97.77,NA,NA
snj04_SemiBin_1716.fa,20.29267901590982,NA,NA,NA,NA,NA,1850_2,NA,NA,1,NA,NA,NA,NA
sample7_SemiBin_322.fa,53.26731305978949,NA,NA,NA,NA,NA,1851_1,NA,NA,2,98.96,98.96,NA,NA
snj15_SemiBin_177.fa,56.16205030850084,NA,NA,NA,NA,NA,1851_2,NA,NA,1,NA,NA,NA,NA
cpsnj15_SemiBin_1258.fa,13.976905549334123,NA,NA,NA,NA,NA,1851_3,NA,NA,1,NA,NA,NA,NA
cpsnj13_SemiBin_27.fa,81.67772886265354,NA,NA,NA,NA,NA,1852_1,NA,NA,7,98.93,98.55,NA,NA
snj09_SemiBin_84.fa,85.52032037694192,NA,NA,NA,NA,NA,1853_1,NA,NA,3,99.69,97.78,NA,NA
cpsnj09_SemiBin_116.fa,48.00324575138551,NA,NA,NA,NA,NA,1854_0,NA,NA,1,NA,NA,NA,NA
sample18_SemiBin_82.fa,90.15107019354538,NA,NA,NA,NA,NA,1855_1,NA,NA,7,99.19,95.69,NA,NA
sample13_SemiBin_49.fa,80.63463342487945,NA,NA,NA,NA,NA,1855_2,NA,NA,1,NA,NA,NA,NA
sample13_SemiBin_89.fa,93.79770211840724,NA,NA,NA,NA,NA,1856_1,NA,NA,8,98.25,97.87,NA,NA
cpsnj19_SemiBin_81.fa,84.77740573710076,NA,NA,NA,NA,NA,1857_1,NA,NA,6,99.43,97.86,NA,NA
snj19_SemiBin_64.fa,55.250362210140814,NA,NA,NA,NA,NA,1858_1,NA,NA,2,95.01,95.01,NA,NA
cpsnj14_SemiBin_32.fa,91.5887365061904,NA,NA,NA,NA,NA,1859_1,NA,NA,5,98.35,97.45,NA,NA
snj15_SemiBin_87.fa,39.746477101614445,NA,NA,NA,NA,NA,1859_2,NA,NA,1,NA,NA,NA,NA
snj19_SemiBin_9.fa,90.6725349248533,NA,NA,NA,NA,NA,1860_1,NA,NA,7,99.69,99.12,NA,NA
sample20_SemiBin_168.fa,90.87774839875544,NA,NA,NA,NA,NA,1860_2,NA,NA,17,99.52,96.25,NA,NA
sample12_SemiBin_1225.fa,7.152025001142346,NA,NA,NA,NA,NA,1860_3,NA,NA,1,NA,NA,NA,NA
sample7_SemiBin_285.fa,49.85665831123774,NA,NA,NA,NA,NA,1860_4,NA,NA,1,NA,NA,NA,NA
sample11_SemiBin_1625.fa,18.78571090853251,NA,NA,NA,NA,NA,1860_5,NA,NA,1,NA,NA,NA,NA
sample17_SemiBin_181.fa,67.80154092302115,NA,NA,NA,NA,NA,1861_0,NA,NA,1,NA,NA,NA,NA
cpsnj10_SemiBin_95.fa,66.16289869371955,NA,NA,NA,NA,NA,1862_1,NA,NA,5,97.58,96.34,NA,NA
sample18_SemiBin_414.fa,50.65917998364319,NA,NA,NA,NA,NA,1863_1,NA,NA,3,97.99,95.70,NA,NA
snj09_SemiBin_111.fa,48.56379998221203,NA,NA,NA,NA,NA,1864_1,NA,NA,2,97.15,97.15,NA,NA
sample7_SemiBin_108.fa,68.89900181415405,NA,NA,NA,NA,NA,1865_1,NA,NA,2,96.02,96.02,NA,NA
sample27_SemiBin_95.fa,35.776517228625174,NA,NA,NA,NA,NA,1866_0,NA,NA,1,NA,NA,NA,NA
cpsnj10_SemiBin_224.fa,49.03961594456777,NA,NA,NA,NA,NA,1867_1,NA,NA,1,NA,NA,NA,NA
snj09_SemiBin_163.fa,62.766080391006,NA,NA,NA,NA,NA,1867_2,NA,NA,1,NA,NA,NA,NA
cpsnj19_SemiBin_80.fa,68.60122745086181,NA,NA,NA,NA,NA,1868_0,NA,NA,1,NA,NA,NA,NA
sample14_SemiBin_44.fa,50.81690029306914,NA,NA,NA,NA,NA,1869_1,NA,NA,1,NA,NA,NA,NA
sample18_SemiBin_292.fa,12.335737435094028,NA,NA,NA,NA,NA,1869_2,NA,NA,1,NA,NA,NA,NA
sample21_SemiBin_32.fa,80.88508161515806,NA,NA,NA,NA,NA,1869_3,NA,NA,1,NA,NA,NA,NA
cpsnj13_SemiBin_54.fa,73.7464967543763,NA,NA,NA,NA,NA,1870_1,NA,NA,19,99.44,95.14,NA,NA
sample7_SemiBin_122.fa,62.4959352680218,NA,NA,NA,NA,NA,1870_2,NA,NA,4,95.31,95.06,NA,NA
cpsnj09_SemiBin_128.fa,33.12243102197842,NA,NA,NA,NA,NA,1871_0,NA,NA,1,NA,NA,NA,NA
snj11_SemiBin_95.fa,81.48438911534119,NA,NA,NA,NA,NA,1872_1,NA,NA,2,98.96,98.96,NA,NA
sample18_SemiBin_54.fa,83.63925381307905,NA,NA,NA,NA,NA,1873_1,NA,NA,3,98.45,98.05,NA,NA
cpsnj01_SemiBin_12.fa,79.8094757908754,NA,NA,NA,NA,NA,1874_1,NA,NA,2,97.86,97.86,NA,NA
snj13_SemiBin_99.fa,52.56156760547529,NA,NA,NA,NA,NA,1875_1,NA,NA,2,95.82,95.82,NA,NA
sample20_SemiBin_268.fa,37.880553765352325,NA,NA,NA,NA,NA,1875_2,NA,NA,1,NA,NA,NA,NA
snj11_SemiBin_278.fa,10.77021316508338,NA,NA,NA,NA,NA,1875_3,NA,NA,1,NA,NA,NA,NA
sample29_SemiBin_35.fa,90.02842699692529,NA,NA,NA,NA,NA,1876_1,NA,NA,2,98.35,98.35,NA,NA
sample19_SemiBin_120.fa,64.0268493510212,NA,NA,NA,NA,NA,1877_0,NA,NA,1,NA,NA,NA,NA
cpsnj03_SemiBin_50.fa,61.29239608697748,NA,NA,NA,NA,NA,1878_1,NA,NA,3,99.29,96.08,NA,NA
snj10_SemiBin_31.fa,70.03116248312624,NA,NA,NA,NA,NA,1879_1,NA,NA,10,98.54,95.67,NA,NA
snj09_SemiBin_232.fa,18.09479277719233,NA,NA,NA,NA,NA,1879_2,NA,NA,1,NA,NA,NA,NA
sample3_SemiBin_29.fa,66.44035469323477,NA,NA,NA,NA,NA,1880_1,NA,NA,2,96.68,96.68,NA,NA
cpsnj04_SemiBin_175.fa,73.59166116343583,NA,NA,NA,NA,NA,1881_1,NA,NA,6,99.30,95.74,NA,NA
cpsnj13_SemiBin_118.fa,66.33687458760461,NA,NA,NA,NA,NA,1882_1,NA,NA,4,99.53,96.98,NA,NA
cpsnj01_SemiBin_71.fa,57.53146167786071,NA,NA,NA,NA,NA,1883_1,NA,NA,1,NA,NA,NA,NA
cpsnj03_SemiBin_107.fa,37.31540289622535,NA,NA,NA,NA,NA,1883_2,NA,NA,1,NA,NA,NA,NA
cpsnj11_SemiBin_501.fa,15.061736267518691,NA,NA,NA,NA,NA,1884_0,NA,NA,1,NA,NA,NA,NA
sample29_SemiBin_88.fa,66.02307762397334,NA,NA,NA,NA,NA,1885_1,NA,NA,6,96.91,95.34,NA,NA
snj02_SemiBin_19.fa,72.30041218618233,NA,NA,NA,NA,NA,1886_0,NA,NA,1,NA,NA,NA,NA
sample17_SemiBin_56.fa,76.67939847630508,NA,NA,NA,NA,NA,1887_1,NA,NA,2,96.79,96.79,NA,NA
sample25_SemiBin_52.fa,77.76070602074014,NA,NA,NA,NA,NA,1888_1,NA,NA,2,97.13,97.13,NA,NA
sample7_SemiBin_87.fa,50.2812663890223,NA,NA,NA,NA,NA,1889_1,NA,NA,3,96.90,95.91,NA,NA
sample18_SemiBin_52.fa,75.4176048067567,NA,NA,NA,NA,NA,1890_1,NA,NA,1,NA,NA,NA,NA
sample26_SemiBin_126.fa,6.420243868737349,NA,NA,NA,NA,NA,1890_2,NA,NA,1,NA,NA,NA,NA
sample22_SemiBin_20.fa,79.87500429864124,NA,NA,NA,NA,NA,1891_1,NA,NA,7,99.11,98.30,NA,NA
sample29_SemiBin_1697.fa,22.968498062257638,NA,NA,NA,NA,NA,1891_2,NA,NA,1,NA,NA,NA,NA
sample4_SemiBin_54.fa,79.89037111524482,NA,NA,NA,NA,NA,1892_1,NA,NA,2,99.15,99.15,NA,NA
sample6_SemiBin_199.fa,49.51068232821621,NA,NA,NA,NA,NA,1893_1,NA,NA,1,NA,NA,NA,NA
sample7_SemiBin_154.fa,44.47417083258988,NA,NA,NA,NA,NA,1893_2,NA,NA,1,NA,NA,NA,NA
sample9_SemiBin_161.fa,64.01600069774308,NA,NA,NA,NA,NA,1894_1,NA,NA,1,NA,NA,NA,NA
snj01_SemiBin_86.fa,26.719385605679637,NA,NA,NA,NA,NA,1894_2,NA,NA,1,NA,NA,NA,NA
snj01_SemiBin_76.fa,40.27737899621254,NA,NA,NA,NA,NA,1895_1,NA,NA,1,NA,NA,NA,NA
snj02_SemiBin_6.fa,90.98859261803008,NA,NA,NA,NA,NA,1895_2,NA,NA,1,NA,NA,NA,NA
snj03_SemiBin_174.fa,21.17480210115945,NA,NA,NA,NA,NA,1895_3,NA,NA,1,NA,NA,NA,NA
cpsnj04_SemiBin_50.fa,77.39218106717499,NA,NA,NA,NA,NA,1896_0,NA,NA,1,NA,NA,NA,NA
snj02_SemiBin_120.fa,60.29632685545452,NA,NA,NA,NA,NA,1897_0,NA,NA,1,NA,NA,NA,NA
snj01_SemiBin_24.fa,64.65269738693314,NA,NA,NA,NA,NA,1898_0,NA,NA,1,NA,NA,NA,NA
sample24_SemiBin_57.fa,9.347032670216326,NA,NA,NA,NA,NA,1899_1,NA,NA,1,NA,NA,NA,NA
sample28_SemiBin_36.fa,30.751539765361933,NA,NA,NA,NA,NA,1899_2,NA,NA,1,NA,NA,NA,NA
snj11_SemiBin_111.fa,37.71210021025179,NA,NA,NA,NA,NA,1900_0,NA,NA,1,NA,NA,NA,NA
snj16_SemiBin_47.fa,54.93366632378218,NA,NA,NA,NA,NA,1901_0,NA,NA,1,NA,NA,NA,NA
snj02_SemiBin_30.fa,64.5433194343728,NA,NA,NA,NA,NA,1902_0,NA,NA,1,NA,NA,NA,NA
cpsnj02_SemiBin_1731.fa,8.73394621434711,NA,NA,NA,NA,NA,1903_0,NA,NA,1,NA,NA,NA,NA
cpsnj01_SemiBin_17.fa,76.73341868655233,NA,NA,NA,NA,NA,1904_1,NA,NA,3,97.59,97.33,NA,NA
sample16_SemiBin_275.fa,43.76678542109703,NA,NA,NA,NA,NA,1905_0,NA,NA,1,NA,NA,NA,NA
sample21_SemiBin_125.fa,36.48150063917627,NA,NA,NA,NA,NA,1906_0,NA,NA,1,NA,NA,NA,NA
sample29_SemiBin_26.fa,82.9770191932812,NA,NA,NA,NA,NA,1907_0,NA,NA,1,NA,NA,NA,NA
sample29_SemiBin_315.fa,34.79159415834523,NA,NA,NA,NA,NA,1908_0,NA,NA,1,NA,NA,NA,NA
cpsnj14_SemiBin_62.fa,66.92615497340475,NA,NA,NA,NA,NA,1909_1,NA,NA,3,95.52,94.95,NA,NA
snj11_SemiBin_19.fa,81.8188781272635,NA,NA,NA,NA,NA,1910_1,NA,NA,9,99.50,95.60,NA,NA
sample20_SemiBin_1087.fa,24.87536837377853,NA,NA,NA,NA,NA,1910_2,NA,NA,1,NA,NA,NA,NA
sample13_SemiBin_197.fa,32.35099908727544,NA,NA,NA,NA,NA,1911_0,NA,NA,1,NA,NA,NA,NA
sample21_SemiBin_38.fa,71.20069252884852,NA,NA,NA,NA,NA,1912_0,NA,NA,1,NA,NA,NA,NA
sample20_SemiBin_141.fa,64.83321141133382,NA,NA,NA,NA,NA,1913_1,NA,NA,3,95.52,95.31,NA,NA
sample22_SemiBin_102.fa,37.100617924663766,NA,NA,NA,NA,NA,1913_2,NA,NA,1,NA,NA,NA,NA
sample19_SemiBin_63.fa,71.74233038788806,NA,NA,NA,NA,NA,1913_3,NA,NA,1,NA,NA,NA,NA
sample29_SemiBin_86.fa,70.81017550972868,NA,NA,NA,NA,NA,1914_0,NA,NA,1,NA,NA,NA,NA
sample5_SemiBin_6.fa,95.5012128989776,NA,NA,NA,NA,NA,1915_1,NA,NA,6,99.73,98.97,NA,NA
sample17_SemiBin_192.fa,50.996312210609936,NA,NA,NA,NA,NA,1916_1,NA,NA,2,96.13,96.13,NA,NA
cpsnj11_SemiBin_52.fa,85.13088223881093,NA,NA,NA,NA,NA,1917_1,NA,NA,2,98.51,98.51,NA,NA
sample29_SemiBin_50.fa,57.75886119312829,NA,NA,NA,NA,NA,1918_0,NA,NA,1,NA,NA,NA,NA
cpsnj10_SemiBin_110.fa,58.71983300547819,NA,NA,NA,NA,NA,1919_1,NA,NA,1,NA,NA,NA,NA
snj09_SemiBin_90.fa,57.59711681506009,NA,NA,NA,NA,NA,1919_2,NA,NA,1,NA,NA,NA,NA
sample23_SemiBin_44.fa,51.569587286396825,NA,NA,NA,NA,NA,1920_1,NA,NA,2,95.82,95.82,NA,NA
sample16_SemiBin_91.fa,23.163809584242134,NA,NA,NA,NA,NA,1920_2,NA,NA,1,NA,NA,NA,NA
snj15_SemiBin_254.fa,10.666854719224748,NA,NA,NA,NA,NA,1920_3,NA,NA,1,NA,NA,NA,NA
sample13_SemiBin_244.fa,32.01381519331056,NA,NA,NA,NA,NA,1921_1,NA,NA,1,NA,NA,NA,NA
sample17_SemiBin_47.fa,48.45878452336835,NA,NA,NA,NA,NA,1921_2,NA,NA,1,NA,NA,NA,NA
cpsnj13_SemiBin_97.fa,64.05922458888027,NA,NA,NA,NA,NA,1922_0,NA,NA,1,NA,NA,NA,NA
sample25_SemiBin_153.fa,69.86353508350447,NA,NA,NA,NA,NA,1923_1,NA,NA,4,97.83,96.42,NA,NA
sample19_SemiBin_78.fa,51.21758687266793,NA,NA,NA,NA,NA,1923_2,NA,NA,1,NA,NA,NA,NA
sample10_SemiBin_180.fa,37.13142543356891,NA,NA,NA,NA,NA,1924_0,NA,NA,1,NA,NA,NA,NA
sample17_SemiBin_51.fa,66.77584074779844,NA,NA,NA,NA,NA,1925_0,NA,NA,1,NA,NA,NA,NA
cpsnj09_SemiBin_63.fa,85.34659968973176,NA,NA,NA,NA,NA,1926_1,NA,NA,2,96.04,96.04,NA,NA
snj08_SemiBin_136.fa,79.53589643451076,NA,NA,NA,NA,NA,1927_1,NA,NA,3,97.22,95.89,NA,NA
cpsnj03_SemiBin_84.fa,56.13132427435703,NA,NA,NA,NA,NA,1928_1,NA,NA,4,97.97,95.77,NA,NA
cpsnj16_SemiBin_195.fa,35.94630965433569,NA,NA,NA,NA,NA,1928_2,NA,NA,1,NA,NA,NA,NA
cpsnj09_SemiBin_123.fa,55.64405786864884,NA,NA,NA,NA,NA,1928_3,NA,NA,1,NA,NA,NA,NA
cpsnj10_SemiBin_88.fa,55.302330706774335,NA,NA,NA,NA,NA,1928_4,NA,NA,1,NA,NA,NA,NA
cpsnj13_SemiBin_56.fa,66.95287556464712,NA,NA,NA,NA,NA,1928_5,NA,NA,1,NA,NA,NA,NA
sample17_SemiBin_148.fa,44.107795783259206,NA,NA,NA,NA,NA,1929_0,NA,NA,1,NA,NA,NA,NA
sample16_SemiBin_250.fa,66.75419061474528,NA,NA,NA,NA,NA,1930_1,NA,NA,3,98.13,97.15,NA,NA
sample3_SemiBin_24.fa,65.71069400270738,NA,NA,NA,NA,NA,1931_1,NA,NA,2,96.36,96.36,NA,NA
sample17_SemiBin_205.fa,48.70076877125145,NA,NA,NA,NA,NA,1931_2,NA,NA,1,NA,NA,NA,NA
cpsnj09_SemiBin_292.fa,43.39518022751402,NA,NA,NA,NA,NA,1932_0,NA,NA,1,NA,NA,NA,NA
cpsnj16_SemiBin_70.fa,56.04343286017863,NA,NA,NA,NA,NA,1933_0,NA,NA,1,NA,NA,NA,NA
sample16_SemiBin_7.fa,90.57417947031207,NA,NA,NA,NA,NA,1934_1,NA,NA,3,97.24,96.48,NA,NA
sample20_SemiBin_157.fa,63.83812342819053,NA,NA,NA,NA,NA,1935_1,NA,NA,3,97.32,95.10,NA,NA
sample22_SemiBin_261.fa,50.5247600585911,NA,NA,NA,NA,NA,1935_2,NA,NA,1,NA,NA,NA,NA
sample20_SemiBin_42.fa,76.39962457966143,NA,NA,NA,NA,NA,1936_1,NA,NA,5,98.83,97.54,NA,NA
snj15_SemiBin_78.fa,9.757010977986036,NA,NA,NA,NA,NA,1936_2,NA,NA,1,NA,NA,NA,NA
snj15_SemiBin_79.fa,20.033587868392555,NA,NA,NA,NA,NA,1937_0,NA,NA,1,NA,NA,NA,NA
sample29_SemiBin_66.fa,67.34743529505818,NA,NA,NA,NA,NA,1938_0,NA,NA,1,NA,NA,NA,NA
sample17_SemiBin_191.fa,68.76603576065146,NA,NA,NA,NA,NA,1939_0,NA,NA,1,NA,NA,NA,NA
cpsnj10_SemiBin_165.fa,71.5824029027958,NA,NA,NA,NA,NA,1940_1,NA,NA,1,NA,NA,NA,NA
sample16_SemiBin_81.fa,28.478254717719405,NA,NA,NA,NA,NA,1940_2,NA,NA,1,NA,NA,NA,NA
sample3_SemiBin_1180.fa,12.509212335392128,NA,NA,NA,NA,NA,1941_0,NA,NA,1,NA,NA,NA,NA
sample5_SemiBin_55.fa,64.02533164513633,NA,NA,NA,NA,NA,1942_0,NA,NA,1,NA,NA,NA,NA
sample6_SemiBin_99.fa,25.513289642697643,NA,NA,NA,NA,NA,1943_0,NA,NA,1,NA,NA,NA,NA
cpsnj14_SemiBin_116.fa,40.34919717387,NA,NA,NA,NA,NA,1944_0,NA,NA,1,NA,NA,NA,NA
sample17_SemiBin_37.fa,68.41243769120597,NA,NA,NA,NA,NA,1945_0,NA,NA,1,NA,NA,NA,NA
sample18_SemiBin_43.fa,96.38961497921018,NA,NA,NA,NA,NA,1946_1,NA,NA,3,98.60,98.21,NA,NA
sample17_SemiBin_1553.fa,28.66629220358924,NA,NA,NA,NA,NA,1946_2,NA,NA,1,NA,NA,NA,NA
sample17_SemiBin_16.fa,88.91684713573655,NA,NA,NA,NA,NA,1947_0,NA,NA,1,NA,NA,NA,NA
sample17_SemiBin_69.fa,72.74173471214769,NA,NA,NA,NA,NA,1948_0,NA,NA,1,NA,NA,NA,NA
sample17_SemiBin_49.fa,49.95069418559931,NA,NA,NA,NA,NA,1949_0,NA,NA,1,NA,NA,NA,NA
sample18_SemiBin_98.fa,73.1565164255279,NA,NA,NA,NA,NA,1950_0,NA,NA,1,NA,NA,NA,NA
sample4_SemiBin_142.fa,45.07308772127959,NA,NA,NA,NA,NA,1951_0,NA,NA,1,NA,NA,NA,NA
sample10_SemiBin_133.fa,69.16963415553374,NA,NA,NA,NA,NA,1952_1,NA,NA,2,97.39,97.39,NA,NA
cpsnj09_SemiBin_136.fa,69.10962785635529,NA,NA,NA,NA,NA,1952_2,NA,NA,3,95.82,95.39,NA,NA
sample3_SemiBin_636.fa,26.28670935276656,NA,NA,NA,NA,NA,1952_3,NA,NA,1,NA,NA,NA,NA
sample25_SemiBin_181.fa,30.66486364061187,NA,NA,NA,NA,NA,1953_0,NA,NA,1,NA,NA,NA,NA
cpsnj14_SemiBin_169.fa,41.800895226839735,NA,NA,NA,NA,NA,1954_0,NA,NA,1,NA,NA,NA,NA
cpsnj14_SemiBin_149.fa,52.34594692245218,NA,NA,NA,NA,NA,1955_0,NA,NA,1,NA,NA,NA,NA
sample19_SemiBin_67.fa,55.61290641605793,NA,NA,NA,NA,NA,1956_1,NA,NA,2,97.33,97.33,NA,NA
sample18_SemiBin_117.fa,78.07352162234493,NA,NA,NA,NA,NA,1957_1,NA,NA,2,94.99,94.99,NA,NA
sample13_SemiBin_232.fa,53.63189599651298,NA,NA,NA,NA,NA,1957_2,NA,NA,1,NA,NA,NA,NA
cpsnj15_SemiBin_73.fa,53.32523647855328,NA,NA,NA,NA,NA,1958_1,NA,NA,1,NA,NA,NA,NA
sample20_SemiBin_72.fa,65.86008039412647,NA,NA,NA,NA,NA,1958_2,NA,NA,1,NA,NA,NA,NA
snj09_SemiBin_66.fa,63.10440029589047,NA,NA,NA,NA,NA,1959_0,NA,NA,1,NA,NA,NA,NA
cpsnj13_SemiBin_95.fa,58.01474375403246,NA,NA,NA,NA,NA,1960_0,NA,NA,1,NA,NA,NA,NA
sample18_SemiBin_194.fa,58.67308536350922,NA,NA,NA,NA,NA,1961_0,NA,NA,1,NA,NA,NA,NA
sample25_SemiBin_269.fa,67.91184561175027,NA,NA,NA,NA,NA,1962_0,NA,NA,1,NA,NA,NA,NA
snj14_SemiBin_57.fa,66.77225065780415,NA,NA,NA,NA,NA,1963_1,NA,NA,2,96.04,96.04,NA,NA
snj08_SemiBin_423.fa,43.0044618216174,NA,NA,NA,NA,NA,1963_2,NA,NA,1,NA,NA,NA,NA
cpsnj10_SemiBin_112.fa,55.31559521818912,NA,NA,NA,NA,NA,1964_1,NA,NA,1,NA,NA,NA,NA
snj10_SemiBin_58.fa,53.072800367601545,NA,NA,NA,NA,NA,1964_2,NA,NA,1,NA,NA,NA,NA
cpsnj15_SemiBin_45.fa,39.20883189190598,NA,NA,NA,NA,NA,1965_1,NA,NA,1,NA,NA,NA,NA
sample28_SemiBin_54.fa,60.36900192260092,NA,NA,NA,NA,NA,1965_2,NA,NA,1,NA,NA,NA,NA
sample29_SemiBin_191.fa,43.31109735456477,NA,NA,NA,NA,NA,1966_0,NA,NA,1,NA,NA,NA,NA
cpsnj09_SemiBin_257.fa,44.883651863997535,NA,NA,NA,NA,NA,1967_0,NA,NA,1,NA,NA,NA,NA
cpsnj13_SemiBin_60.fa,62.00710295705655,NA,NA,NA,NA,NA,1968_0,NA,NA,1,NA,NA,NA,NA
sample16_SemiBin_107.fa,43.18280195447341,NA,NA,NA,NA,NA,1969_0,NA,NA,1,NA,NA,NA,NA
sample18_SemiBin_106.fa,80.08190194355087,NA,NA,NA,NA,NA,1970_0,NA,NA,1,NA,NA,NA,NA
cpsnj13_SemiBin_43.fa,60.474993262928784,NA,NA,NA,NA,NA,1971_1,NA,NA,1,NA,NA,NA,NA
sample28_SemiBin_140.fa,38.19209669261732,NA,NA,NA,NA,NA,1971_2,NA,NA,1,NA,NA,NA,NA
snj09_SemiBin_317.fa,5.410834483237801,NA,NA,NA,NA,NA,1971_3,NA,NA,1,NA,NA,NA,NA
cpsnj11_SemiBin_50.fa,83.42610860624708,NA,NA,NA,NA,NA,1972_1,NA,NA,7,97.68,95.53,NA,NA
cpsnj03_SemiBin_47.fa,62.12873508564753,NA,NA,NA,NA,NA,1972_2,NA,NA,1,NA,NA,NA,NA
cpsnj08_SemiBin_29.fa,54.39335290405661,NA,NA,NA,NA,NA,1972_3,NA,NA,1,NA,NA,NA,NA
snj10_SemiBin_34.fa,36.041731632246346,NA,NA,NA,NA,NA,1972_4,NA,NA,1,NA,NA,NA,NA
snj03_SemiBin_67.fa,45.57280287994093,NA,NA,NA,NA,NA,1972_5,NA,NA,1,NA,NA,NA,NA
snj15_SemiBin_939.fa,15.749741486420769,NA,NA,NA,NA,NA,1972_6,NA,NA,1,NA,NA,NA,NA
sample18_SemiBin_569.fa,43.20832019708382,NA,NA,NA,NA,NA,1972_7,NA,NA,1,NA,NA,NA,NA
sample26_SemiBin_75.fa,56.97151374626237,NA,NA,NA,NA,NA,1972_8,NA,NA,1,NA,NA,NA,NA
cpsnj14_SemiBin_39.fa,81.33424203045702,NA,NA,NA,NA,NA,1972_9,NA,NA,3,97.50,96.66,NA,NA
sample5_SemiBin_69.fa,49.20323164035359,NA,NA,NA,NA,NA,1972_10,NA,NA,1,NA,NA,NA,NA
sample27_SemiBin_125.fa,64.42230281244467,NA,NA,NA,NA,NA,1972_11,NA,NA,1,NA,NA,NA,NA
sample15_SemiBin_106.fa,49.83031368245406,NA,NA,NA,NA,NA,1972_12,NA,NA,1,NA,NA,NA,NA
sample29_SemiBin_113.fa,24.80378083238473,NA,NA,NA,NA,NA,1972_13,NA,NA,1,NA,NA,NA,NA
sample23_SemiBin_506.fa,36.98498504785181,NA,NA,NA,NA,NA,1972_14,NA,NA,1,NA,NA,NA,NA
snj04_SemiBin_1554.fa,25.20645673350264,NA,NA,NA,NA,NA,1973_1,NA,NA,1,NA,NA,NA,NA
snj15_SemiBin_65.fa,45.61496139801292,NA,NA,NA,NA,NA,1973_2,NA,NA,1,NA,NA,NA,NA
cpsnj03_SemiBin_192.fa,2.529288208812864,NA,NA,NA,NA,NA,1974_0,NA,NA,1,NA,NA,NA,NA
sample20_SemiBin_144.fa,44.497363546978654,NA,NA,NA,NA,NA,1975_0,NA,NA,1,NA,NA,NA,NA
sample13_SemiBin_51.fa,88.75546407068245,NA,NA,NA,NA,NA,1976_1,NA,NA,2,95.62,95.62,NA,NA
sample18_SemiBin_60.fa,81.68176134619196,NA,NA,NA,NA,NA,1976_2,NA,NA,3,96.49,95.55,NA,NA
cpsnj09_SemiBin_151.fa,54.12890972726353,NA,NA,NA,NA,NA,1976_3,NA,NA,1,NA,NA,NA,NA
sample13_SemiBin_179.fa,64.19170190844356,NA,NA,NA,NA,NA,1977_0,NA,NA,1,NA,NA,NA,NA
sample7_SemiBin_151.fa,38.35169825723888,NA,NA,NA,NA,NA,1978_0,NA,NA,1,NA,NA,NA,NA
sample19_SemiBin_16.fa,93.6460937924008,NA,NA,NA,NA,NA,1979_1,NA,NA,2,97.23,97.23,NA,NA
cpsnj11_SemiBin_71.fa,56.247298963847264,NA,NA,NA,NA,NA,1980_1,NA,NA,1,NA,NA,NA,NA
snj08_SemiBin_170.fa,30.0545295170644,NA,NA,NA,NA,NA,1980_2,NA,NA,1,NA,NA,NA,NA
cpsnj03_SemiBin_65.fa,49.30479901456045,NA,NA,NA,NA,NA,1980_3,NA,NA,1,NA,NA,NA,NA
cpsnj08_SemiBin_77.fa,41.71166720694507,NA,NA,NA,NA,NA,1980_4,NA,NA,1,NA,NA,NA,NA
snj14_SemiBin_172.fa,26.692682533387533,NA,NA,NA,NA,NA,1981_0,NA,NA,1,NA,NA,NA,NA
cpsnj10_SemiBin_45.fa,71.6457005556407,NA,NA,NA,NA,NA,1982_0,NA,NA,1,NA,NA,NA,NA
cpsnj09_SemiBin_119.fa,59.26326529272284,NA,NA,NA,NA,NA,1983_0,NA,NA,1,NA,NA,NA,NA
sample17_SemiBin_151.fa,58.5522183342357,NA,NA,NA,NA,NA,1984_0,NA,NA,1,NA,NA,NA,NA
sample12_SemiBin_76.fa,48.7970185412354,NA,NA,NA,NA,NA,1985_0,NA,NA,1,NA,NA,NA,NA
cpsnj13_SemiBin_13.fa,73.10456249986233,NA,NA,NA,NA,NA,1986_1,NA,NA,3,99.27,95.87,NA,NA
cpsnj16_SemiBin_15.fa,72.03575223989615,NA,NA,NA,NA,NA,1987_1,NA,NA,12,99.78,96.53,NA,NA
snj02_SemiBin_46.fa,43.044571143029785,NA,NA,NA,NA,NA,1987_2,NA,NA,1,NA,NA,NA,NA
cpsnj16_SemiBin_44.fa,68.81932548059282,NA,NA,NA,NA,NA,1988_1,NA,NA,2,97.97,97.97,NA,NA
sample15_SemiBin_144.fa,41.34175105276844,NA,NA,NA,NA,NA,1988_2,NA,NA,1,NA,NA,NA,NA
cpsnj03_SemiBin_33.fa,53.70535808399544,NA,NA,NA,NA,NA,1989_1,NA,NA,2,96.91,96.91,NA,NA
snj03_SemiBin_60.fa,29.698650148019063,NA,NA,NA,NA,NA,1989_2,NA,NA,1,NA,NA,NA,NA
sample22_SemiBin_83.fa,58.669992590429,NA,NA,NA,NA,NA,1989_3,NA,NA,1,NA,NA,NA,NA
cpsnj03_SemiBin_51.fa,34.775900732806626,NA,NA,NA,NA,NA,1990_0,NA,NA,1,NA,NA,NA,NA
cpsnj11_SemiBin_110.fa,47.46696866548682,NA,NA,NA,NA,NA,1991_0,NA,NA,1,NA,NA,NA,NA
sample22_SemiBin_119.fa,33.44940741335402,NA,NA,NA,NA,NA,1992_0,NA,NA,1,NA,NA,NA,NA
sample14_SemiBin_1521.fa,10.058869525919787,NA,NA,NA,NA,NA,1993_0,NA,NA,1,NA,NA,NA,NA
sample2_SemiBin_15.fa,64.84674486406115,NA,NA,NA,NA,NA,1994_0,NA,NA,1,NA,NA,NA,NA
cpsnj20_SemiBin_195.fa,46.53821248145479,NA,NA,NA,NA,NA,1995_0,NA,NA,1,NA,NA,NA,NA
snj13_SemiBin_150.fa,41.88287620811323,NA,NA,NA,NA,NA,1996_0,NA,NA,1,NA,NA,NA,NA
sample10_SemiBin_9.fa,68.9416551310903,NA,NA,NA,NA,NA,1997_0,NA,NA,1,NA,NA,NA,NA
cpsnj04_SemiBin_150.fa,36.22053857864531,NA,NA,NA,NA,NA,1998_0,NA,NA,1,NA,NA,NA,NA
cpsnj20_SemiBin_45.fa,70.33010059863041,NA,NA,NA,NA,NA,1999_0,NA,NA,1,NA,NA,NA,NA
sample18_SemiBin_305.fa,35.97872452108712,NA,NA,NA,NA,NA,2000_0,NA,NA,1,NA,NA,NA,NA
sample13_SemiBin_79.fa,58.2241998500411,NA,NA,NA,NA,NA,2001_0,NA,NA,1,NA,NA,NA,NA
snj13_SemiBin_53.fa,49.04653512605392,NA,NA,NA,NA,NA,2002_0,NA,NA,1,NA,NA,NA,NA
sample30_SemiBin_24.fa,38.13460541610552,NA,NA,NA,NA,NA,2003_0,NA,NA,1,NA,NA,NA,NA
sample16_SemiBin_104.fa,54.43147750616218,NA,NA,NA,NA,NA,2004_1,NA,NA,1,NA,NA,NA,NA
sample25_SemiBin_1571.fa,28.57733811169884,NA,NA,NA,NA,NA,2004_2,NA,NA,1,NA,NA,NA,NA
sample24_SemiBin_379.fa,14.283418609112717,NA,NA,NA,NA,NA,2005_0,NA,NA,1,NA,NA,NA,NA
sample18_SemiBin_131.fa,62.94947622825971,NA,NA,NA,NA,NA,2006_0,NA,NA,1,NA,NA,NA,NA
cpsnj08_SemiBin_58.fa,53.34601681486598,NA,NA,NA,NA,NA,2007_1,NA,NA,1,NA,NA,NA,NA
sample14_SemiBin_20.fa,67.97228780640968,NA,NA,NA,NA,NA,2007_2,NA,NA,1,NA,NA,NA,NA
cpsnj09_SemiBin_103.fa,40.52284753713128,NA,NA,NA,NA,NA,2007_3,NA,NA,1,NA,NA,NA,NA
cpsnj14_SemiBin_245.fa,29.859073439037697,NA,NA,NA,NA,NA,2008_0,NA,NA,1,NA,NA,NA,NA
snj13_SemiBin_48.fa,45.90240587719772,NA,NA,NA,NA,NA,2009_0,NA,NA,1,NA,NA,NA,NA
sample15_SemiBin_45.fa,66.85901472403023,NA,NA,NA,NA,NA,2010_1,NA,NA,3,97.66,96.62,NA,NA
sample7_SemiBin_940.fa,18.72492349975067,NA,NA,NA,NA,NA,2010_2,NA,NA,1,NA,NA,NA,NA
sample21_SemiBin_60.fa,29.55147983955011,NA,NA,NA,NA,NA,2011_0,NA,NA,1,NA,NA,NA,NA
sample19_SemiBin_15.fa,95.66110143760608,NA,NA,NA,NA,NA,2012_0,NA,NA,1,NA,NA,NA,NA
sample19_SemiBin_58.fa,74.78510527488969,NA,NA,NA,NA,NA,2013_0,NA,NA,1,NA,NA,NA,NA
sample29_SemiBin_112.fa,71.888074843986,NA,NA,NA,NA,NA,2014_0,NA,NA,1,NA,NA,NA,NA
sample29_SemiBin_64.fa,76.66927491045121,NA,NA,NA,NA,NA,2015_0,NA,NA,1,NA,NA,NA,NA
sample18_SemiBin_18.fa,96.91154694148604,NA,NA,NA,NA,NA,2016_0,NA,NA,1,NA,NA,NA,NA
sample19_SemiBin_37.fa,84.55627416960947,NA,NA,NA,NA,NA,2017_0,NA,NA,1,NA,NA,NA,NA
sample18_SemiBin_392.fa,37.5855806142934,NA,NA,NA,NA,NA,2018_1,NA,NA,1,NA,NA,NA,NA
sample1_SemiBin_81.fa,46.53574891653559,NA,NA,NA,NA,NA,2018_2,NA,NA,1,NA,NA,NA,NA
sample1_SemiBin_209.fa,63.10214429122978,NA,NA,NA,NA,NA,2019_0,NA,NA,1,NA,NA,NA,NA
sample16_SemiBin_63.fa,75.87692588433495,NA,NA,NA,NA,NA,2020_0,NA,NA,1,NA,NA,NA,NA
cpsnj20_SemiBin_44.fa,87.79753029040762,NA,NA,NA,NA,NA,2021_0,NA,NA,1,NA,NA,NA,NA
sample29_SemiBin_52.fa,84.07283386781768,NA,NA,NA,NA,NA,2022_0,NA,NA,1,NA,NA,NA,NA
sample19_SemiBin_251.fa,53.83134863067506,NA,NA,NA,NA,NA,2023_0,NA,NA,1,NA,NA,NA,NA
snj11_SemiBin_21.fa,89.02385509056329,NA,NA,NA,NA,NA,2024_1,NA,NA,4,98.51,96.38,NA,NA
snj13_SemiBin_19.fa,74.20241802704881,NA,NA,NA,NA,NA,2025_0,NA,NA,1,NA,NA,NA,NA
sample17_SemiBin_904.fa,8.765148027455552,NA,NA,NA,NA,NA,2026_0,NA,NA,1,NA,NA,NA,NA
sample19_SemiBin_115.fa,49.97424775629483,NA,NA,NA,NA,NA,2027_0,NA,NA,1,NA,NA,NA,NA
sample29_SemiBin_156.fa,26.23316326246651,NA,NA,NA,NA,NA,2028_0,NA,NA,1,NA,NA,NA,NA
sample17_SemiBin_125.fa,82.13572319779549,NA,NA,NA,NA,NA,2029_0,NA,NA,1,NA,NA,NA,NA
sample28_SemiBin_72.fa,25.03446663315772,NA,NA,NA,NA,NA,2030_0,NA,NA,1,NA,NA,NA,NA
sample29_SemiBin_160.fa,45.57539805610491,NA,NA,NA,NA,NA,2031_0,NA,NA,1,NA,NA,NA,NA
sample29_SemiBin_96.fa,68.7846895081438,NA,NA,NA,NA,NA,2032_0,NA,NA,1,NA,NA,NA,NA
sample20_SemiBin_2.fa,85.82981235230851,NA,NA,NA,NA,NA,2033_1,NA,NA,5,97.99,97.01,NA,NA
cpsnj11_SemiBin_0.fa,97.33413484272116,NA,NA,NA,NA,NA,2034_1,NA,NA,11,99.11,97.68,NA,NA
snj10_SemiBin_5.fa,73.0230642306942,NA,NA,NA,NA,NA,2035_1,NA,NA,4,97.42,96.43,NA,NA
sample25_SemiBin_71.fa,44.16298685274958,NA,NA,NA,NA,NA,2035_2,NA,NA,1,NA,NA,NA,NA
cpsnj15_SemiBin_32.fa,45.4742877393632,NA,NA,NA,NA,NA,2035_3,NA,NA,1,NA,NA,NA,NA
snj15_SemiBin_37.fa,29.887404388105796,NA,NA,NA,NA,NA,2035_4,NA,NA,1,NA,NA,NA,NA
sample18_SemiBin_172.fa,36.93793947100996,NA,NA,NA,NA,NA,2035_5,NA,NA,1,NA,NA,NA,NA
cpsnj16_SemiBin_0.fa,94.89129555380605,NA,NA,NA,NA,NA,2035_6,NA,NA,3,97.06,96.62,NA,NA
snj20_SemiBin_56.fa,54.07157323038104,NA,NA,NA,NA,NA,2035_7,NA,NA,1,NA,NA,NA,NA
cpsnj20_SemiBin_66.fa,44.2549926909147,NA,NA,NA,NA,NA,2035_8,NA,NA,1,NA,NA,NA,NA
snj19_SemiBin_165.fa,39.0774139749501,NA,NA,NA,NA,NA,2035_9,NA,NA,1,NA,NA,NA,NA
cpsnj09_SemiBin_279.fa,25.678355913021942,NA,NA,NA,NA,NA,2035_10,NA,NA,1,NA,NA,NA,NA
cpsnj13_SemiBin_111.fa,31.00123987758155,NA,NA,NA,NA,NA,2035_11,NA,NA,1,NA,NA,NA,NA
cpsnj04_SemiBin_13.fa,77.26300312448154,NA,NA,NA,NA,NA,2036_1,NA,NA,5,97.86,96.75,NA,NA
cpsnj14_SemiBin_209.fa,29.528025893230836,NA,NA,NA,NA,NA,2036_2,NA,NA,1,NA,NA,NA,NA
sample1_SemiBin_160.fa,48.44636721855019,NA,NA,NA,NA,NA,2036_3,NA,NA,1,NA,NA,NA,NA
sample21_SemiBin_153.fa,29.967396225275568,NA,NA,NA,NA,NA,2036_4,NA,NA,1,NA,NA,NA,NA
sample17_SemiBin_193.fa,65.86568369700662,NA,NA,NA,NA,NA,2037_0,NA,NA,1,NA,NA,NA,NA
sample7_SemiBin_232.fa,44.9110553256645,NA,NA,NA,NA,NA,2038_0,NA,NA,1,NA,NA,NA,NA
sample17_SemiBin_12.fa,83.43808730996179,NA,NA,NA,NA,NA,2039_0,NA,NA,1,NA,NA,NA,NA
sample19_SemiBin_217.fa,23.420842176761894,NA,NA,NA,NA,NA,2040_0,NA,NA,1,NA,NA,NA,NA
cpsnj20_SemiBin_52.fa,42.562484292080015,NA,NA,NA,NA,NA,2041_0,NA,NA,1,NA,NA,NA,NA
sample19_SemiBin_144.fa,42.61595511849488,NA,NA,NA,NA,NA,2042_0,NA,NA,1,NA,NA,NA,NA
sample9_SemiBin_33.fa,80.00243227738747,NA,NA,NA,NA,NA,2043_0,NA,NA,1,NA,NA,NA,NA
sample9_SemiBin_100.fa,88.15427181819598,NA,NA,NA,NA,NA,2044_1,NA,NA,2,98.37,98.37,NA,NA
cpsnj15_SemiBin_59.fa,54.98280322547976,NA,NA,NA,NA,NA,2044_2,NA,NA,1,NA,NA,NA,NA
sample19_SemiBin_73.fa,47.84813247015805,NA,NA,NA,NA,NA,2045_0,NA,NA,1,NA,NA,NA,NA
sample1_SemiBin_20.fa,89.86099000083463,NA,NA,NA,NA,NA,2046_1,NA,NA,4,98.23,96.74,NA,NA
sample13_SemiBin_36.fa,78.61865214951266,NA,NA,NA,NA,NA,2046_2,NA,NA,1,NA,NA,NA,NA
sample18_SemiBin_660.fa,31.628303871994124,NA,NA,NA,NA,NA,2047_0,NA,NA,1,NA,NA,NA,NA
sample18_SemiBin_136.fa,85.31147321805238,NA,NA,NA,NA,NA,2048_1,NA,NA,2,97.93,97.93,NA,NA
sample7_SemiBin_4.fa,87.87262336594462,NA,NA,NA,NA,NA,2049_1,NA,NA,13,98.41,95.92,NA,NA
sample20_SemiBin_124.fa,59.37641194473852,NA,NA,NA,NA,NA,2049_2,NA,NA,1,NA,NA,NA,NA
sample24_SemiBin_365.fa,20.89321869001015,NA,NA,NA,NA,NA,2049_3,NA,NA,1,NA,NA,NA,NA
sample18_SemiBin_185.fa,40.42374411682573,NA,NA,NA,NA,NA,2050_0,NA,NA,1,NA,NA,NA,NA
sample27_SemiBin_84.fa,52.87839845685453,NA,NA,NA,NA,NA,2051_0,NA,NA,1,NA,NA,NA,NA
cpsnj16_SemiBin_13.fa,86.00778269822399,NA,NA,NA,NA,NA,2052_1,NA,NA,4,96.39,95.65,NA,NA
snj13_SemiBin_43.fa,54.26704037210501,NA,NA,NA,NA,NA,2052_2,NA,NA,1,NA,NA,NA,NA
sample20_SemiBin_102.fa,28.863586792556447,NA,NA,NA,NA,NA,2052_3,NA,NA,1,NA,NA,NA,NA
cpsnj04_SemiBin_65.fa,47.76152850347832,NA,NA,NA,NA,NA,2053_0,NA,NA,1,NA,NA,NA,NA
snj01_SemiBin_16.fa,71.92461654031797,NA,NA,NA,NA,NA,2054_0,NA,NA,1,NA,NA,NA,NA
snj02_SemiBin_57.fa,15.020018205487649,NA,NA,NA,NA,NA,2055_0,NA,NA,1,NA,NA,NA,NA
cpsnj13_SemiBin_19.fa,80.75000452483982,NA,NA,NA,NA,NA,2056_1,NA,NA,5,97.57,95.92,NA,NA
cpsnj08_SemiBin_45.fa,48.03450225259208,NA,NA,NA,NA,NA,2057_1,NA,NA,1,NA,NA,NA,NA
snj19_SemiBin_57.fa,32.39100492535559,NA,NA,NA,NA,NA,2057_2,NA,NA,1,NA,NA,NA,NA
cpsnj16_SemiBin_1187.fa,19.812217033713832,NA,NA,NA,NA,NA,2057_3,NA,NA,1,NA,NA,NA,NA
snj20_SemiBin_891.fa,16.50466347519519,NA,NA,NA,NA,NA,2058_0,NA,NA,1,NA,NA,NA,NA
sample5_SemiBin_11.fa,88.57721067874019,NA,NA,NA,NA,NA,2059_1,NA,NA,2,98.20,98.20,NA,NA
sample13_SemiBin_1590.fa,23.346814689228506,NA,NA,NA,NA,NA,2060_0,NA,NA,1,NA,NA,NA,NA
sample30_SemiBin_48.fa,9.535186837186846,NA,NA,NA,NA,NA,2061_0,NA,NA,1,NA,NA,NA,NA
cpsnj11_SemiBin_60.fa,69.34972143447176,NA,NA,NA,NA,NA,2062_1,NA,NA,3,98.28,97.19,NA,NA
cpsnj14_SemiBin_30.fa,77.8988757545222,NA,NA,NA,NA,NA,2063_1,NA,NA,1,NA,NA,NA,NA
sample8_SemiBin_199.fa,48.22019213993192,NA,NA,NA,NA,NA,2063_2,NA,NA,1,NA,NA,NA,NA
cpsnj09_SemiBin_36.fa,62.144956448033184,NA,NA,NA,NA,NA,2064_1,NA,NA,3,97.10,97.01,NA,NA
sample1_SemiBin_162.fa,81.52963569442488,NA,NA,NA,NA,NA,2065_1,NA,NA,4,97.69,97.12,NA,NA
cpsnj14_SemiBin_43.fa,76.31933711083298,NA,NA,NA,NA,NA,2065_2,NA,NA,2,95.64,95.64,NA,NA
cpsnj04_SemiBin_139.fa,53.80115618368923,NA,NA,NA,NA,NA,2065_3,NA,NA,1,NA,NA,NA,NA
cpsnj03_SemiBin_1482.fa,38.35693088633794,NA,NA,NA,NA,NA,2065_4,NA,NA,1,NA,NA,NA,NA
snj13_SemiBin_12.fa,77.08097949445146,NA,NA,NA,NA,NA,2066_0,NA,NA,1,NA,NA,NA,NA
snj15_SemiBin_58.fa,29.725583158092903,NA,NA,NA,NA,NA,2067_0,NA,NA,1,NA,NA,NA,NA
cpsnj04_SemiBin_15.fa,91.2125215026898,NA,NA,NA,NA,NA,2068_1,NA,NA,5,96.84,95.61,NA,NA
snj19_SemiBin_27.fa,72.7408792341964,NA,NA,NA,NA,NA,2068_2,NA,NA,7,96.20,94.79,NA,NA
snj15_SemiBin_30.fa,44.18484636667203,NA,NA,NA,NA,NA,2068_3,NA,NA,1,NA,NA,NA,NA
snj10_SemiBin_21.fa,71.6049589571544,NA,NA,NA,NA,NA,2068_4,NA,NA,1,NA,NA,NA,NA
snj02_SemiBin_49.fa,40.50002853517428,NA,NA,NA,NA,NA,2068_5,NA,NA,1,NA,NA,NA,NA
sample6_SemiBin_39.fa,56.816111416631,NA,NA,NA,NA,NA,2068_6,NA,NA,1,NA,NA,NA,NA
sample23_SemiBin_161.fa,42.0470781596347,NA,NA,NA,NA,NA,2068_7,NA,NA,1,NA,NA,NA,NA
sample24_SemiBin_114.fa,49.26079337241549,NA,NA,NA,NA,NA,2068_8,NA,NA,1,NA,NA,NA,NA
cpsnj09_SemiBin_165.fa,31.66138208453613,NA,NA,NA,NA,NA,2069_0,NA,NA,1,NA,NA,NA,NA
sample1_SemiBin_276.fa,51.57490478955305,NA,NA,NA,NA,NA,2070_0,NA,NA,1,NA,NA,NA,NA
cpsnj13_SemiBin_211.fa,30.14860844458204,NA,NA,NA,NA,NA,2071_0,NA,NA,1,NA,NA,NA,NA
cpsnj03_SemiBin_210.fa,66.95820355789833,NA,NA,NA,NA,NA,2072_0,NA,NA,1,NA,NA,NA,NA
sample29_SemiBin_0.fa,98.2505476886796,NA,NA,NA,NA,NA,2073_0,NA,NA,1,NA,NA,NA,NA
cpsnj14_SemiBin_174.fa,67.74889781727984,NA,NA,NA,NA,NA,2074_0,NA,NA,1,NA,NA,NA,NA
sample17_SemiBin_160.fa,71.04225955107377,NA,NA,NA,NA,NA,2075_0,NA,NA,1,NA,NA,NA,NA
sample19_SemiBin_172.fa,60.55907723082464,NA,NA,NA,NA,NA,2076_0,NA,NA,1,NA,NA,NA,NA
sample19_SemiBin_117.fa,52.50809900515381,NA,NA,NA,NA,NA,2077_0,NA,NA,1,NA,NA,NA,NA
cpsnj13_SemiBin_200.fa,49.6747958226302,NA,NA,NA,NA,NA,2078_0,NA,NA,1,NA,NA,NA,NA
snj20_SemiBin_136.fa,52.54623308844635,NA,NA,NA,NA,NA,2079_1,NA,NA,2,95.28,95.28,NA,NA
snj09_SemiBin_20.fa,64.35745897284272,NA,NA,NA,NA,NA,2080_0,NA,NA,1,NA,NA,NA,NA
sample13_SemiBin_65.fa,85.82019763610904,NA,NA,NA,NA,NA,2081_1,NA,NA,3,98.37,97.90,NA,NA
snj14_SemiBin_9.fa,93.91892315386428,NA,NA,NA,NA,NA,2082_1,NA,NA,7,99.03,96.75,NA,NA
cpsnj04_SemiBin_278.fa,58.66201420185908,NA,NA,NA,NA,NA,2083_1,NA,NA,2,96.69,96.69,NA,NA
sample22_SemiBin_126.fa,87.22701111348312,NA,NA,NA,NA,NA,2084_1,NA,NA,4,97.69,96.40,NA,NA
sample18_SemiBin_47.fa,94.92178999219676,NA,NA,NA,NA,NA,2085_1,NA,NA,5,97.79,95.99,NA,NA
cpsnj02_SemiBin_35.fa,69.0338549390958,NA,NA,NA,NA,NA,2085_2,NA,NA,1,NA,NA,NA,NA
cpsnj11_SemiBin_209.fa,63.28716151171143,NA,NA,NA,NA,NA,2086_1,NA,NA,2,95.13,95.13,NA,NA
sample20_SemiBin_2265.fa,6.737165067968514,NA,NA,NA,NA,NA,2087_1,NA,NA,1,NA,NA,NA,NA
sample22_SemiBin_174.fa,67.80963189475374,NA,NA,NA,NA,NA,2087_2,NA,NA,1,NA,NA,NA,NA
sample5_SemiBin_23.fa,88.80061821610919,NA,NA,NA,NA,NA,2088_1,NA,NA,13,98.52,95.69,NA,NA
cpsnj15_SemiBin_22.fa,73.09403649450782,NA,NA,NA,NA,NA,2088_2,NA,NA,1,NA,NA,NA,NA
snj19_SemiBin_224.fa,43.67228359845138,NA,NA,NA,NA,NA,2089_0,NA,NA,1,NA,NA,NA,NA
sample20_SemiBin_186.fa,58.680519234642986,NA,NA,NA,NA,NA,2090_1,NA,NA,1,NA,NA,NA,NA
snj10_SemiBin_118.fa,60.96877012546409,NA,NA,NA,NA,NA,2090_2,NA,NA,1,NA,NA,NA,NA
sample21_SemiBin_136.fa,68.84990490573759,NA,NA,NA,NA,NA,2090_3,NA,NA,2,95.28,95.28,NA,NA
sample1_SemiBin_222.fa,39.37884633920789,NA,NA,NA,NA,NA,2090_4,NA,NA,1,NA,NA,NA,NA
sample23_SemiBin_63.fa,63.7250231458019,NA,NA,NA,NA,NA,2090_5,NA,NA,1,NA,NA,NA,NA
sample27_SemiBin_149.fa,53.44672464488984,NA,NA,NA,NA,NA,2090_6,NA,NA,1,NA,NA,NA,NA
sample16_SemiBin_305.fa,45.17056973158475,NA,NA,NA,NA,NA,2090_7,NA,NA,1,NA,NA,NA,NA
sample11_SemiBin_73.fa,45.87373089400311,NA,NA,NA,NA,NA,2090_8,NA,NA,1,NA,NA,NA,NA
sample29_SemiBin_65.fa,49.30290863301335,NA,NA,NA,NA,NA,2090_9,NA,NA,1,NA,NA,NA,NA
sample20_SemiBin_214.fa,93.25344045112654,NA,NA,NA,NA,NA,2091_1,NA,NA,5,98.53,97.67,NA,NA
sample13_SemiBin_1592.fa,32.117925047626954,NA,NA,NA,NA,NA,2091_2,NA,NA,1,NA,NA,NA,NA
snj14_SemiBin_11.fa,96.26463290787176,NA,NA,NA,NA,NA,2092_1,NA,NA,11,98.79,96.53,NA,NA
snj08_SemiBin_274.fa,32.16644269686706,NA,NA,NA,NA,NA,2092_2,NA,NA,1,NA,NA,NA,NA
snj09_SemiBin_205.fa,27.09771086634126,NA,NA,NA,NA,NA,2093_0,NA,NA,1,NA,NA,NA,NA
sample27_SemiBin_197.fa,53.10885786984858,NA,NA,NA,NA,NA,2094_0,NA,NA,1,NA,NA,NA,NA
snj13_SemiBin_20.fa,74.82966199415361,NA,NA,NA,NA,NA,2095_0,NA,NA,1,NA,NA,NA,NA
snj02_SemiBin_24.fa,60.0618249164285,NA,NA,NA,NA,NA,2096_1,NA,NA,2,97.07,97.07,NA,NA
cpsnj02_SemiBin_1.fa,98.69956953948927,NA,NA,NA,NA,NA,2097_1,NA,NA,3,96.92,96.90,NA,NA
cpsnj03_SemiBin_237.fa,47.25972087229751,NA,NA,NA,NA,NA,2097_2,NA,NA,1,NA,NA,NA,NA
sample21_SemiBin_84.fa,33.788022859557216,NA,NA,NA,NA,NA,2097_3,NA,NA,1,NA,NA,NA,NA
sample29_SemiBin_275.fa,18.92874231469729,NA,NA,NA,NA,NA,2097_4,NA,NA,1,NA,NA,NA,NA
cpsnj19_SemiBin_1817.fa,21.66478769808741,NA,NA,NA,NA,NA,2098_1,NA,NA,1,NA,NA,NA,NA
snj19_SemiBin_66.fa,36.18319279847697,NA,NA,NA,NA,NA,2098_2,NA,NA,1,NA,NA,NA,NA
sample28_SemiBin_16.fa,64.15085010262707,NA,NA,NA,NA,NA,2098_3,NA,NA,1,NA,NA,NA,NA
sample29_SemiBin_274.fa,79.57007618079372,NA,NA,NA,NA,NA,2099_0,NA,NA,1,NA,NA,NA,NA
snj01_SemiBin_21.fa,43.05820395239969,NA,NA,NA,NA,NA,2100_0,NA,NA,1,NA,NA,NA,NA
sample15_SemiBin_143.fa,19.15909482513449,NA,NA,NA,NA,NA,2101_0,NA,NA,1,NA,NA,NA,NA
snj13_SemiBin_33.fa,63.899566838833984,NA,NA,NA,NA,NA,2102_1,NA,NA,3,96.56,96.11,NA,NA
cpsnj16_SemiBin_35.fa,68.27628128432588,NA,NA,NA,NA,NA,2102_2,NA,NA,2,96.12,96.12,NA,NA
snj15_SemiBin_34.fa,56.17952163377541,NA,NA,NA,NA,NA,2102_3,NA,NA,1,NA,NA,NA,NA
cpsnj11_SemiBin_121.fa,51.57126479808096,NA,NA,NA,NA,NA,2103_0,NA,NA,1,NA,NA,NA,NA
sample18_SemiBin_240.fa,69.53043731614483,NA,NA,NA,NA,NA,2104_0,NA,NA,1,NA,NA,NA,NA
sample20_SemiBin_3.fa,97.37900056742927,NA,NA,NA,NA,NA,2105_0,NA,NA,1,NA,NA,NA,NA
sample5_SemiBin_195.fa,38.87259361401108,NA,NA,NA,NA,NA,2106_1,NA,NA,2,95.09,95.09,NA,NA
sample29_SemiBin_222.fa,65.69231019858671,NA,NA,NA,NA,NA,2107_0,NA,NA,1,NA,NA,NA,NA
sample29_SemiBin_81.fa,51.05929981754768,NA,NA,NA,NA,NA,2108_0,NA,NA,1,NA,NA,NA,NA
sample19_SemiBin_5.fa,92.41233140959513,NA,NA,NA,NA,NA,2109_0,NA,NA,1,NA,NA,NA,NA
cpsnj20_SemiBin_104.fa,44.682416666966674,NA,NA,NA,NA,NA,2110_0,NA,NA,1,NA,NA,NA,NA
sample29_SemiBin_163.fa,65.55962917295379,NA,NA,NA,NA,NA,2111_0,NA,NA,1,NA,NA,NA,NA
cpsnj08_SemiBin_73.fa,39.95153861892936,NA,NA,NA,NA,NA,2112_0,NA,NA,1,NA,NA,NA,NA
cpsnj16_SemiBin_270.fa,33.47181079909696,NA,NA,NA,NA,NA,2113_0,NA,NA,1,NA,NA,NA,NA
cpsnj19_SemiBin_77.fa,34.85966626932477,NA,NA,NA,NA,NA,2114_1,NA,NA,1,NA,NA,NA,NA
snj19_SemiBin_100.fa,43.31892697932888,NA,NA,NA,NA,NA,2114_2,NA,NA,1,NA,NA,NA,NA
cpsnj11_SemiBin_1855.fa,8.749889026042663,NA,NA,NA,NA,NA,2115_0,NA,NA,1,NA,NA,NA,NA
sample27_SemiBin_23.fa,52.50467611222638,NA,NA,NA,NA,NA,2116_0,NA,NA,1,NA,NA,NA,NA
sample6_SemiBin_101.fa,45.37430047234444,NA,NA,NA,NA,NA,2117_0,NA,NA,1,NA,NA,NA,NA
snj16_SemiBin_0.fa,98.16250816601692,NA,NA,NA,NA,NA,2118_1,NA,NA,7,98.24,96.09,NA,NA
sample20_SemiBin_159.fa,32.8893793171451,NA,NA,NA,NA,NA,2118_2,NA,NA,1,NA,NA,NA,NA
cpsnj14_SemiBin_126.fa,50.42232377605919,NA,NA,NA,NA,NA,2119_0,NA,NA,1,NA,NA,NA,NA
sample23_SemiBin_462.fa,43.224558046311,NA,NA,NA,NA,NA,2120_0,NA,NA,1,NA,NA,NA,NA
sample30_SemiBin_1140.fa,19.031685904473115,NA,NA,NA,NA,NA,2121_0,NA,NA,1,NA,NA,NA,NA
cpsnj10_SemiBin_169.fa,63.174499987427296,NA,NA,NA,NA,NA,2122_1,NA,NA,3,95.63,95.14,NA,NA
snj13_SemiBin_70.fa,90.32788819579696,NA,NA,NA,NA,NA,2122_2,NA,NA,1,NA,NA,NA,NA
cpsnj08_SemiBin_15.fa,53.818480657145926,NA,NA,NA,NA,NA,2123_1,NA,NA,2,96.04,96.04,NA,NA
sample2_SemiBin_47.fa,49.4663129397192,NA,NA,NA,NA,NA,2123_2,NA,NA,1,NA,NA,NA,NA
sample24_SemiBin_53.fa,71.15836467227591,NA,NA,NA,NA,NA,2123_3,NA,NA,1,NA,NA,NA,NA
sample7_SemiBin_177.fa,54.184078971924926,NA,NA,NA,NA,NA,2123_4,NA,NA,1,NA,NA,NA,NA
sample16_SemiBin_223.fa,45.08791652117236,NA,NA,NA,NA,NA,2123_5,NA,NA,1,NA,NA,NA,NA
snj04_SemiBin_4.fa,85.8343010971302,NA,NA,NA,NA,NA,2123_6,NA,NA,2,96.28,96.28,NA,NA
cpsnj11_SemiBin_221.fa,61.14277498298135,NA,NA,NA,NA,NA,2123_7,NA,NA,2,95.23,95.23,NA,NA
sample30_SemiBin_56.fa,60.010820173160496,NA,NA,NA,NA,NA,2123_8,NA,NA,1,NA,NA,NA,NA
sample5_SemiBin_178.fa,49.83541463679149,NA,NA,NA,NA,NA,2123_9,NA,NA,1,NA,NA,NA,NA
sample26_SemiBin_135.fa,60.78711516361697,NA,NA,NA,NA,NA,2123_10,NA,NA,1,NA,NA,NA,NA
snj20_SemiBin_194.fa,57.4412014742592,NA,NA,NA,NA,NA,2123_11,NA,NA,1,NA,NA,NA,NA
cpsnj15_SemiBin_103.fa,35.56589870878206,NA,NA,NA,NA,NA,2123_12,NA,NA,1,NA,NA,NA,NA
snj15_SemiBin_119.fa,29.36233572124359,NA,NA,NA,NA,NA,2123_13,NA,NA,1,NA,NA,NA,NA
snj09_SemiBin_126.fa,46.649251149495,NA,NA,NA,NA,NA,2123_14,NA,NA,1,NA,NA,NA,NA
snj02_SemiBin_32.fa,56.88856837651531,NA,NA,NA,NA,NA,2124_0,NA,NA,1,NA,NA,NA,NA
sample3_SemiBin_194.fa,39.91768991778533,NA,NA,NA,NA,NA,2125_0,NA,NA,1,NA,NA,NA,NA
sample29_SemiBin_207.fa,43.67675013379594,NA,NA,NA,NA,NA,2126_0,NA,NA,1,NA,NA,NA,NA
sample17_SemiBin_84.fa,63.80181622757826,NA,NA,NA,NA,NA,2127_1,NA,NA,2,96.36,96.36,NA,NA
sample12_SemiBin_12.fa,89.36055512875733,NA,NA,NA,NA,NA,2128_1,NA,NA,4,98.86,98.47,NA,NA
sample3_SemiBin_0.fa,101.64940955651184,NA,NA,NA,NA,NA,2129_1,NA,NA,11,99.71,97.43,NA,NA
sample17_SemiBin_1562.fa,10.431716774714989,NA,NA,NA,NA,NA,2129_2,NA,NA,1,NA,NA,NA,NA
sample19_SemiBin_0.fa,96.79676001643251,NA,NA,NA,NA,NA,2130_0,NA,NA,1,NA,NA,NA,NA
sample4_SemiBin_90.fa,24.043487458421275,NA,NA,NA,NA,NA,2131_1,NA,NA,1,NA,NA,NA,NA
snj15_SemiBin_33.fa,42.12036246891297,NA,NA,NA,NA,NA,2131_2,NA,NA,1,NA,NA,NA,NA
sample18_SemiBin_0.fa,98.23954789678378,NA,NA,NA,NA,NA,2132_0,NA,NA,1,NA,NA,NA,NA
sample29_SemiBin_242.fa,62.35484044124146,NA,NA,NA,NA,NA,2133_0,NA,NA,1,NA,NA,NA,NA
sample1_SemiBin_83.fa,61.68135271349309,NA,NA,NA,NA,NA,2134_0,NA,NA,1,NA,NA,NA,NA
sample6_SemiBin_37.fa,72.03801676294735,NA,NA,NA,NA,NA,2135_1,NA,NA,2,96.01,96.01,NA,NA
sample13_SemiBin_131.fa,53.9970150678874,NA,NA,NA,NA,NA,2136_0,NA,NA,1,NA,NA,NA,NA
sample21_SemiBin_25.fa,91.06008992834542,NA,NA,NA,NA,NA,2137_0,NA,NA,1,NA,NA,NA,NA
sample29_SemiBin_75.fa,58.65331355001593,NA,NA,NA,NA,NA,2138_0,NA,NA,1,NA,NA,NA,NA
sample5_SemiBin_15.fa,91.32128753773782,NA,NA,NA,NA,NA,2139_1,NA,NA,2,98.76,98.76,NA,NA
sample21_SemiBin_44.fa,65.03388419707582,NA,NA,NA,NA,NA,2140_1,NA,NA,2,96.08,96.08,NA,NA
sample16_SemiBin_89.fa,32.54108358566969,NA,NA,NA,NA,NA,2140_2,NA,NA,1,NA,NA,NA,NA
cpsnj20_SemiBin_65.fa,66.08350381519206,NA,NA,NA,NA,NA,2141_0,NA,NA,1,NA,NA,NA,NA
cpsnj20_SemiBin_69.fa,59.86449432421647,NA,NA,NA,NA,NA,2142_0,NA,NA,1,NA,NA,NA,NA
cpsnj20_SemiBin_67.fa,75.2966424552178,NA,NA,NA,NA,NA,2143_0,NA,NA,1,NA,NA,NA,NA
cpsnj20_SemiBin_118.fa,50.39477006261189,NA,NA,NA,NA,NA,2144_0,NA,NA,1,NA,NA,NA,NA
cpsnj20_SemiBin_106.fa,48.633933168184335,NA,NA,NA,NA,NA,2145_0,NA,NA,1,NA,NA,NA,NA
cpsnj20_SemiBin_148.fa,43.41919351403364,NA,NA,NA,NA,NA,2146_0,NA,NA,1,NA,NA,NA,NA
cpsnj20_SemiBin_3.fa,80.95366216225324,NA,NA,NA,NA,NA,2147_1,NA,NA,1,NA,NA,NA,NA
snj20_SemiBin_47.fa,43.595463597357394,NA,NA,NA,NA,NA,2147_2,NA,NA,1,NA,NA,NA,NA
cpsnj20_SemiBin_34.fa,62.198306386333805,NA,NA,NA,NA,NA,2148_0,NA,NA,1,NA,NA,NA,NA
cpsnj20_SemiBin_0.fa,93.14252402143586,NA,NA,NA,NA,NA,2149_0,NA,NA,1,NA,NA,NA,NA
snj04_SemiBin_106.fa,82.58730257424219,NA,NA,NA,NA,NA,2150_1,NA,NA,3,98.50,98.13,NA,NA
snj20_SemiBin_25.fa,94.70941569108706,NA,NA,NA,NA,NA,2151_1,NA,NA,6,98.70,97.41,NA,NA
snj11_SemiBin_103.fa,57.94694511438394,NA,NA,NA,NA,NA,2152_1,NA,NA,2,95.96,95.96,NA,NA
cpsnj19_SemiBin_0.fa,100.63719184614256,NA,NA,NA,NA,NA,2153_1,NA,NA,20,99.12,95.01,NA,NA
sample14_SemiBin_114.fa,27.14785143536008,NA,NA,NA,NA,NA,2153_2,NA,NA,1,NA,NA,NA,NA
sample21_SemiBin_656.fa,32.86584424078821,NA,NA,NA,NA,NA,2153_3,NA,NA,1,NA,NA,NA,NA
snj10_SemiBin_59.fa,93.43484340397244,NA,NA,NA,NA,NA,2154_1,NA,NA,8,99.00,96.84,NA,NA
snj15_SemiBin_1046.fa,23.63432023959941,NA,NA,NA,NA,NA,2155_0,NA,NA,1,NA,NA,NA,NA
sample8_SemiBin_33.fa,86.35873800348244,NA,NA,NA,NA,NA,2156_1,NA,NA,4,99.17,98.91,NA,NA
cpsnj13_SemiBin_2.fa,102.330971627844,NA,NA,NA,NA,NA,2157_1,NA,NA,9,99.27,97.97,NA,NA
snj09_SemiBin_5.fa,98.70501800819402,NA,NA,NA,NA,NA,2158_1,NA,NA,3,99.00,98.84,NA,NA
sample21_SemiBin_41.fa,77.34386089971909,NA,NA,NA,NA,NA,2159_0,NA,NA,1,NA,NA,NA,NA
sample14_SemiBin_5.fa,76.75856092845613,NA,NA,NA,NA,NA,2160_0,NA,NA,1,NA,NA,NA,NA
snj09_SemiBin_16.fa,93.89330330123016,NA,NA,NA,NA,NA,2161_1,NA,NA,2,99.06,99.06,NA,NA
cpsnj13_SemiBin_0.fa,101.9098273901943,NA,NA,NA,NA,NA,2162_1,NA,NA,4,99.02,98.55,NA,NA
sample30_SemiBin_14.fa,69.93176614103817,NA,NA,NA,NA,NA,2162_2,NA,NA,1,NA,NA,NA,NA
sample15_SemiBin_121.fa,63.14013759710443,NA,NA,NA,NA,NA,2163_1,NA,NA,4,95.60,94.92,NA,NA
sample22_SemiBin_279.fa,23.463478167732703,NA,NA,NA,NA,NA,2163_2,NA,NA,1,NA,NA,NA,NA
snj11_SemiBin_3.fa,94.2315545961776,NA,NA,NA,NA,NA,2164_1,NA,NA,14,97.09,95.26,NA,NA
cpsnj15_SemiBin_11.fa,73.30268884488842,NA,NA,NA,NA,NA,2164_2,NA,NA,1,NA,NA,NA,NA
snj13_SemiBin_45.fa,48.5703781811742,NA,NA,NA,NA,NA,2164_3,NA,NA,1,NA,NA,NA,NA
snj10_SemiBin_52.fa,39.25121200636983,NA,NA,NA,NA,NA,2164_4,NA,NA,1,NA,NA,NA,NA
snj15_SemiBin_45.fa,42.48791011456756,NA,NA,NA,NA,NA,2164_5,NA,NA,1,NA,NA,NA,NA
sample4_SemiBin_47.fa,45.41509636774822,NA,NA,NA,NA,NA,2164_6,NA,NA,1,NA,NA,NA,NA
sample14_SemiBin_68.fa,49.19473875854664,NA,NA,NA,NA,NA,2164_7,NA,NA,1,NA,NA,NA,NA
cpsnj14_SemiBin_93.fa,31.89420287008788,NA,NA,NA,NA,NA,2164_8,NA,NA,1,NA,NA,NA,NA
cpsnj01_SemiBin_26.fa,71.50531624792784,NA,NA,NA,NA,NA,2164_9,NA,NA,1,NA,NA,NA,NA
snj08_SemiBin_192.fa,51.26492349975067,NA,NA,NA,NA,NA,2165_0,NA,NA,1,NA,NA,NA,NA
sample22_SemiBin_54.fa,91.13246856890852,NA,NA,NA,NA,NA,2166_1,NA,NA,5,99.11,97.71,NA,NA
sample20_SemiBin_156.fa,85.10764577459501,NA,NA,NA,NA,NA,2167_0,NA,NA,1,NA,NA,NA,NA
sample20_SemiBin_1.fa,97.79478003522428,NA,NA,NA,NA,NA,2168_1,NA,NA,4,97.84,97.65,NA,NA
sample6_SemiBin_121.fa,67.96353175368941,NA,NA,NA,NA,NA,2169_1,NA,NA,4,98.19,96.80,NA,NA
sample10_SemiBin_13.fa,90.90271554512104,NA,NA,NA,NA,NA,2170_1,NA,NA,12,98.69,96.93,NA,NA
sample27_SemiBin_131.fa,40.703552399182406,NA,NA,NA,NA,NA,2170_2,NA,NA,1,NA,NA,NA,NA
sample16_SemiBin_219.fa,46.24327626684755,NA,NA,NA,NA,NA,2170_3,NA,NA,1,NA,NA,NA,NA
sample22_SemiBin_158.fa,56.2286726808974,NA,NA,NA,NA,NA,2171_1,NA,NA,3,97.76,95.34,NA,NA
sample29_SemiBin_10.fa,93.86135614732368,NA,NA,NA,NA,NA,2171_2,NA,NA,1,NA,NA,NA,NA
sample23_SemiBin_226.fa,52.883791176661816,NA,NA,NA,NA,NA,2172_0,NA,NA,1,NA,NA,NA,NA
sample23_SemiBin_4.fa,91.10645334431344,NA,NA,NA,NA,NA,2173_1,NA,NA,16,98.92,97.81,NA,NA
sample20_SemiBin_123.fa,73.64957984275964,NA,NA,NA,NA,NA,2174_1,NA,NA,2,97.39,97.39,NA,NA
sample29_SemiBin_173.fa,75.59279995842185,NA,NA,NA,NA,NA,2175_0,NA,NA,1,NA,NA,NA,NA
sample14_SemiBin_23.fa,72.52247108161059,NA,NA,NA,NA,NA,2176_1,NA,NA,6,97.87,97.39,NA,NA
sample27_SemiBin_161.fa,40.24780840589718,NA,NA,NA,NA,NA,2176_2,NA,NA,1,NA,NA,NA,NA
cpsnj14_SemiBin_287.fa,49.437836198587945,NA,NA,NA,NA,NA,2177_0,NA,NA,1,NA,NA,NA,NA
sample1_SemiBin_129.fa,45.9084575833218,NA,NA,NA,NA,NA,2178_1,NA,NA,1,NA,NA,NA,NA
sample27_SemiBin_1528.fa,28.256644602234488,NA,NA,NA,NA,NA,2178_2,NA,NA,1,NA,NA,NA,NA
sample23_SemiBin_21.fa,69.94736382985174,NA,NA,NA,NA,NA,2179_1,NA,NA,2,96.16,96.16,NA,NA
cpsnj04_SemiBin_250.fa,47.58509936591231,NA,NA,NA,NA,NA,2179_2,NA,NA,1,NA,NA,NA,NA
sample4_SemiBin_23.fa,69.8995499373432,NA,NA,NA,NA,NA,2180_1,NA,NA,3,96.23,95.83,NA,NA
sample30_SemiBin_13.fa,34.79577908878205,NA,NA,NA,NA,NA,2180_2,NA,NA,1,NA,NA,NA,NA
sample26_SemiBin_167.fa,39.31837995102859,NA,NA,NA,NA,NA,2180_3,NA,NA,1,NA,NA,NA,NA
sample2_SemiBin_29.fa,60.0523460212678,NA,NA,NA,NA,NA,2180_4,NA,NA,1,NA,NA,NA,NA
sample21_SemiBin_150.fa,40.6634840257562,NA,NA,NA,NA,NA,2180_5,NA,NA,1,NA,NA,NA,NA
sample17_SemiBin_70.fa,61.44940513331768,NA,NA,NA,NA,NA,2180_6,NA,NA,1,NA,NA,NA,NA
cpsnj13_SemiBin_11.fa,78.96404141314316,NA,NA,NA,NA,NA,2181_1,NA,NA,3,97.31,97.07,NA,NA
snj13_SemiBin_89.fa,43.6171617486843,NA,NA,NA,NA,NA,2181_2,NA,NA,1,NA,NA,NA,NA
snj14_SemiBin_28.fa,53.83930835012883,NA,NA,NA,NA,NA,2181_3,NA,NA,1,NA,NA,NA,NA
snj15_SemiBin_699.fa,29.667125315387853,NA,NA,NA,NA,NA,2181_4,NA,NA,1,NA,NA,NA,NA
snj08_SemiBin_1726.fa,14.086797279242456,NA,NA,NA,NA,NA,2182_1,NA,NA,1,NA,NA,NA,NA
snj20_SemiBin_173.fa,30.889710813008268,NA,NA,NA,NA,NA,2182_2,NA,NA,1,NA,NA,NA,NA
sample20_SemiBin_180.fa,44.63574120331383,NA,NA,NA,NA,NA,2183_0,NA,NA,1,NA,NA,NA,NA
cpsnj14_SemiBin_141.fa,44.88928001455491,NA,NA,NA,NA,NA,2184_0,NA,NA,1,NA,NA,NA,NA
cpsnj10_SemiBin_34.fa,74.86083827861624,NA,NA,NA,NA,NA,2185_0,NA,NA,1,NA,NA,NA,NA
sample29_SemiBin_95.fa,67.32467452759425,NA,NA,NA,NA,NA,2186_0,NA,NA,1,NA,NA,NA,NA
sample29_SemiBin_150.fa,32.03007839603193,NA,NA,NA,NA,NA,2187_0,NA,NA,1,NA,NA,NA,NA
cpsnj14_SemiBin_150.fa,50.44445929146448,NA,NA,NA,NA,NA,2188_0,NA,NA,1,NA,NA,NA,NA
snj13_SemiBin_55.fa,73.12053951439225,NA,NA,NA,NA,NA,2189_1,NA,NA,2,98.04,98.04,NA,NA
sample18_SemiBin_256.fa,51.87337763848351,NA,NA,NA,NA,NA,2190_0,NA,NA,1,NA,NA,NA,NA
cpsnj10_SemiBin_94.fa,44.93005728328963,NA,NA,NA,NA,NA,2191_0,NA,NA,1,NA,NA,NA,NA
cpsnj11_SemiBin_176.fa,54.67173777734202,NA,NA,NA,NA,NA,2192_0,NA,NA,1,NA,NA,NA,NA
cpsnj20_SemiBin_126.fa,50.30053819691108,NA,NA,NA,NA,NA,2193_0,NA,NA,1,NA,NA,NA,NA
sample21_SemiBin_80.fa,76.96404425017883,NA,NA,NA,NA,NA,2194_1,NA,NA,4,98.94,98.85,NA,NA
sample1_SemiBin_1058.fa,15.708376640024827,NA,NA,NA,NA,NA,2194_2,NA,NA,1,NA,NA,NA,NA
sample25_SemiBin_565.fa,35.369690865306715,NA,NA,NA,NA,NA,2194_3,NA,NA,1,NA,NA,NA,NA
sample13_SemiBin_388.fa,8.01525423369294,NA,NA,NA,NA,NA,2194_4,NA,NA,1,NA,NA,NA,NA
cpsnj14_SemiBin_99.fa,62.0039213512252,NA,NA,NA,NA,NA,2195_1,NA,NA,2,95.85,95.85,NA,NA
cpsnj09_SemiBin_161.fa,62.3427040674901,NA,NA,NA,NA,NA,2195_2,NA,NA,1,NA,NA,NA,NA
sample15_SemiBin_25.fa,58.147968803414486,NA,NA,NA,NA,NA,2196_1,NA,NA,2,96.39,96.39,NA,NA
sample23_SemiBin_71.fa,27.84525367872106,NA,NA,NA,NA,NA,2196_2,NA,NA,1,NA,NA,NA,NA
sample16_SemiBin_124.fa,46.6617742060741,NA,NA,NA,NA,NA,2196_3,NA,NA,1,NA,NA,NA,NA
sample2_SemiBin_30.fa,31.33723117439774,NA,NA,NA,NA,NA,2196_4,NA,NA,1,NA,NA,NA,NA
cpsnj19_SemiBin_153.fa,42.83341497617022,NA,NA,NA,NA,NA,2196_5,NA,NA,1,NA,NA,NA,NA
sample20_SemiBin_1630.fa,24.48342848097626,NA,NA,NA,NA,NA,2197_0,NA,NA,1,NA,NA,NA,NA
snj08_SemiBin_149.fa,63.88404600290575,NA,NA,NA,NA,NA,2198_0,NA,NA,1,NA,NA,NA,NA
cpsnj13_SemiBin_66.fa,67.77491909966038,NA,NA,NA,NA,NA,2199_1,NA,NA,2,97.80,97.80,NA,NA
snj14_SemiBin_60.fa,75.21273769687495,NA,NA,NA,NA,NA,2199_2,NA,NA,1,NA,NA,NA,NA
sample3_SemiBin_319.fa,42.33213312022856,NA,NA,NA,NA,NA,2199_3,NA,NA,1,NA,NA,NA,NA
sample4_SemiBin_15.fa,63.46494490746264,NA,NA,NA,NA,NA,2199_4,NA,NA,1,NA,NA,NA,NA
snj13_SemiBin_7.fa,65.95998113604263,NA,NA,NA,NA,NA,2199_5,NA,NA,2,95.42,95.42,NA,NA
sample25_SemiBin_107.fa,46.081078411315005,NA,NA,NA,NA,NA,2199_6,NA,NA,1,NA,NA,NA,NA
sample20_SemiBin_1442.fa,14.550643204321831,NA,NA,NA,NA,NA,2199_7,NA,NA,1,NA,NA,NA,NA
sample17_SemiBin_556.fa,46.371964205700095,NA,NA,NA,NA,NA,2200_0,NA,NA,1,NA,NA,NA,NA
sample4_SemiBin_101.fa,42.70611140756221,NA,NA,NA,NA,NA,2201_0,NA,NA,1,NA,NA,NA,NA
sample13_SemiBin_267.fa,54.20919138163854,NA,NA,NA,NA,NA,2202_0,NA,NA,1,NA,NA,NA,NA
snj14_SemiBin_16.fa,87.77368168542488,NA,NA,NA,NA,NA,2203_1,NA,NA,9,99.46,98.74,NA,NA
cpsnj09_SemiBin_167.fa,51.87539803692837,NA,NA,NA,NA,NA,2204_1,NA,NA,2,95.42,95.42,NA,NA
snj19_SemiBin_29.fa,83.2646470144629,NA,NA,NA,NA,NA,2205_1,NA,NA,6,98.68,97.28,NA,NA
sample20_SemiBin_190.fa,17.098794219510545,NA,NA,NA,NA,NA,2205_2,NA,NA,1,NA,NA,NA,NA
cpsnj14_SemiBin_494.fa,7.123536116811619,NA,NA,NA,NA,NA,2206_0,NA,NA,1,NA,NA,NA,NA
sample6_SemiBin_680.fa,17.626463291030802,NA,NA,NA,NA,NA,2207_0,NA,NA,1,NA,NA,NA,NA
cpsnj09_SemiBin_41.fa,60.67086742667297,NA,NA,NA,NA,NA,2208_1,NA,NA,2,98.78,98.78,NA,NA
sample7_SemiBin_3.fa,78.57163249857453,NA,NA,NA,NA,NA,2209_1,NA,NA,8,99.93,98.39,NA,NA
cpsnj10_SemiBin_2.fa,80.73411065880188,NA,NA,NA,NA,NA,2210_1,NA,NA,2,98.83,98.83,NA,NA
cpsnj04_SemiBin_36.fa,64.82831653599659,NA,NA,NA,NA,NA,2211_1,NA,NA,9,99.34,97.07,NA,NA
snj19_SemiBin_130.fa,49.89650444259016,NA,NA,NA,NA,NA,2212_0,NA,NA,1,NA,NA,NA,NA
cpsnj08_SemiBin_101.fa,80.64000783924159,NA,NA,NA,NA,NA,2213_1,NA,NA,4,98.55,97.90,NA,NA
sample20_SemiBin_51.fa,74.85723329695867,NA,NA,NA,NA,NA,2214_1,NA,NA,3,96.35,96.30,NA,NA
sample7_SemiBin_62.fa,44.22201127370752,NA,NA,NA,NA,NA,2214_2,NA,NA,1,NA,NA,NA,NA
cpsnj19_SemiBin_31.fa,70.87626915131405,NA,NA,NA,NA,NA,2214_3,NA,NA,2,96.55,96.55,NA,NA
snj13_SemiBin_88.fa,16.36252302208631,NA,NA,NA,NA,NA,2214_4,NA,NA,1,NA,NA,NA,NA
sample29_SemiBin_61.fa,77.84433563550932,NA,NA,NA,NA,NA,2215_0,NA,NA,1,NA,NA,NA,NA
snj04_SemiBin_181.fa,48.57748644298764,NA,NA,NA,NA,NA,2216_0,NA,NA,1,NA,NA,NA,NA
snj20_SemiBin_109.fa,44.90422377105678,NA,NA,NA,NA,NA,2217_0,NA,NA,1,NA,NA,NA,NA
sample19_SemiBin_167.fa,58.0228155805985,NA,NA,NA,NA,NA,2218_0,NA,NA,1,NA,NA,NA,NA
sample29_SemiBin_23.fa,82.78584811998654,NA,NA,NA,NA,NA,2219_0,NA,NA,1,NA,NA,NA,NA
sample29_SemiBin_18.fa,79.85012287684815,NA,NA,NA,NA,NA,2220_0,NA,NA,1,NA,NA,NA,NA
sample29_SemiBin_1.fa,92.620996678136,NA,NA,NA,NA,NA,2221_0,NA,NA,1,NA,NA,NA,NA
cpsnj20_SemiBin_57.fa,55.497060048555184,NA,NA,NA,NA,NA,2222_0,NA,NA,1,NA,NA,NA,NA
snj09_SemiBin_59.fa,45.831972569686265,NA,NA,NA,NA,NA,2223_0,NA,NA,1,NA,NA,NA,NA
sample13_SemiBin_78.fa,39.74428436211213,NA,NA,NA,NA,NA,2224_0,NA,NA,1,NA,NA,NA,NA
sample29_SemiBin_256.fa,64.52633886351232,NA,NA,NA,NA,NA,2225_0,NA,NA,1,NA,NA,NA,NA
sample19_SemiBin_68.fa,57.44708628217472,NA,NA,NA,NA,NA,2226_0,NA,NA,1,NA,NA,NA,NA
sample19_SemiBin_83.fa,47.93333052076903,NA,NA,NA,NA,NA,2227_0,NA,NA,1,NA,NA,NA,NA
sample19_SemiBin_35.fa,38.51556684400021,NA,NA,NA,NA,NA,2228_0,NA,NA,1,NA,NA,NA,NA
sample4_SemiBin_57.fa,58.00954735485219,NA,NA,NA,NA,NA,2229_1,NA,NA,2,97.58,97.58,NA,NA
cpsnj11_SemiBin_24.fa,88.0795396118233,NA,NA,NA,NA,NA,2229_2,NA,NA,6,97.61,95.04,NA,NA
sample20_SemiBin_403.fa,27.88478965265894,NA,NA,NA,NA,NA,2230_0,NA,NA,1,NA,NA,NA,NA
sample21_SemiBin_164.fa,47.63271642867323,NA,NA,NA,NA,NA,2231_0,NA,NA,1,NA,NA,NA,NA
cpsnj08_SemiBin_2.fa,90.98948457051196,NA,NA,NA,NA,NA,2232_1,NA,NA,8,98.00,96.39,NA,NA
sample8_SemiBin_82.fa,57.06979590165659,NA,NA,NA,NA,NA,2232_2,NA,NA,2,95.57,95.57,NA,NA
sample27_SemiBin_68.fa,40.08780267500136,NA,NA,NA,NA,NA,2232_3,NA,NA,1,NA,NA,NA,NA
cpsnj09_SemiBin_1949.fa,29.647829822733367,NA,NA,NA,NA,NA,2232_4,NA,NA,1,NA,NA,NA,NA
sample22_SemiBin_0.fa,98.6619429375025,NA,NA,NA,NA,NA,2233_1,NA,NA,21,98.38,96.12,NA,NA
sample4_SemiBin_261.fa,28.7970651184254,NA,NA,NA,NA,NA,2233_2,NA,NA,1,NA,NA,NA,NA
sample18_SemiBin_2022.fa,12.88957734581784,NA,NA,NA,NA,NA,2233_3,NA,NA,1,NA,NA,NA,NA
sample17_SemiBin_175.fa,70.69979395894488,NA,NA,NA,NA,NA,2233_4,NA,NA,1,NA,NA,NA,NA
cpsnj04_SemiBin_66.fa,67.91313108286045,NA,NA,NA,NA,NA,2234_0,NA,NA,1,NA,NA,NA,NA
sample23_SemiBin_159.fa,48.70355166936583,NA,NA,NA,NA,NA,2235_1,NA,NA,1,NA,NA,NA,NA
snj19_SemiBin_80.fa,35.21172381431404,NA,NA,NA,NA,NA,2235_2,NA,NA,1,NA,NA,NA,NA
sample18_SemiBin_163.fa,60.99221072709812,NA,NA,NA,NA,NA,2235_3,NA,NA,1,NA,NA,NA,NA
sample24_SemiBin_30.fa,24.309096853055244,NA,NA,NA,NA,NA,2236_1,NA,NA,1,NA,NA,NA,NA
sample25_SemiBin_193.fa,43.275563673302855,NA,NA,NA,NA,NA,2236_2,NA,NA,1,NA,NA,NA,NA
snj03_SemiBin_1390.fa,18.823425341367933,NA,NA,NA,NA,NA,2237_0,NA,NA,1,NA,NA,NA,NA
snj09_SemiBin_87.fa,52.655153813164105,NA,NA,NA,NA,NA,2238_0,NA,NA,1,NA,NA,NA,NA
sample29_SemiBin_142.fa,81.44591043200529,NA,NA,NA,NA,NA,2239_0,NA,NA,1,NA,NA,NA,NA
sample19_SemiBin_77.fa,67.14132922749548,NA,NA,NA,NA,NA,2240_0,NA,NA,1,NA,NA,NA,NA
snj09_SemiBin_91.fa,73.3665036342214,NA,NA,NA,NA,NA,2241_1,NA,NA,2,97.54,97.54,NA,NA
snj01_SemiBin_60.fa,27.131907127016863,NA,NA,NA,NA,NA,2241_2,NA,NA,1,NA,NA,NA,NA
cpsnj09_SemiBin_142.fa,48.3664612559981,NA,NA,NA,NA,NA,2242_0,NA,NA,1,NA,NA,NA,NA
cpsnj01_SemiBin_25.fa,27.3146532274226,NA,NA,NA,NA,NA,2243_1,NA,NA,1,NA,NA,NA,NA
snj01_SemiBin_241.fa,45.819013675326,NA,NA,NA,NA,NA,2243_2,NA,NA,1,NA,NA,NA,NA
cpsnj14_SemiBin_17.fa,88.13306783654168,NA,NA,NA,NA,NA,2243_3,NA,NA,13,97.61,95.05,NA,NA
cpsnj13_SemiBin_86.fa,47.185328938864174,NA,NA,NA,NA,NA,2243_4,NA,NA,1,NA,NA,NA,NA
snj08_SemiBin_108.fa,50.58030352829034,NA,NA,NA,NA,NA,2243_5,NA,NA,1,NA,NA,NA,NA
sample27_SemiBin_462.fa,31.44571113566082,NA,NA,NA,NA,NA,2243_6,NA,NA,1,NA,NA,NA,NA
snj11_SemiBin_119.fa,47.06462162760396,NA,NA,NA,NA,NA,2244_0,NA,NA,1,NA,NA,NA,NA
snj01_SemiBin_31.fa,65.39336618949505,NA,NA,NA,NA,NA,2245_1,NA,NA,2,97.23,97.23,NA,NA
cpsnj20_SemiBin_76.fa,40.08590409799575,NA,NA,NA,NA,NA,2246_0,NA,NA,1,NA,NA,NA,NA
sample25_SemiBin_148.fa,58.069432870224645,NA,NA,NA,NA,NA,2247_1,NA,NA,2,95.14,95.14,NA,NA
sample17_SemiBin_44.fa,73.26027565929539,NA,NA,NA,NA,NA,2247_2,NA,NA,2,94.93,94.93,NA,NA
sample3_SemiBin_30.fa,34.443188814632094,NA,NA,NA,NA,NA,2247_3,NA,NA,1,NA,NA,NA,NA
sample8_SemiBin_176.fa,48.92666250685797,NA,NA,NA,NA,NA,2247_4,NA,NA,1,NA,NA,NA,NA
sample4_SemiBin_150.fa,42.72442742370749,NA,NA,NA,NA,NA,2247_5,NA,NA,1,NA,NA,NA,NA
cpsnj09_SemiBin_626.fa,45.382095230367554,NA,NA,NA,NA,NA,2248_0,NA,NA,1,NA,NA,NA,NA
cpsnj11_SemiBin_301.fa,50.933349338625376,NA,NA,NA,NA,NA,2249_0,NA,NA,1,NA,NA,NA,NA
snj03_SemiBin_116.fa,10.899715568525403,NA,NA,NA,NA,NA,2250_1,NA,NA,1,NA,NA,NA,NA
snj11_SemiBin_195.fa,28.573506463256773,NA,NA,NA,NA,NA,2250_2,NA,NA,1,NA,NA,NA,NA
cpsnj10_SemiBin_125.fa,68.57847357004674,NA,NA,NA,NA,NA,2251_1,NA,NA,2,95.29,95.29,NA,NA
cpsnj15_SemiBin_37.fa,60.59437189174284,NA,NA,NA,NA,NA,2251_2,NA,NA,1,NA,NA,NA,NA
snj20_SemiBin_19.fa,49.46368790357701,NA,NA,NA,NA,NA,2251_3,NA,NA,2,95.46,95.46,NA,NA
snj19_SemiBin_36.fa,70.12768842302674,NA,NA,NA,NA,NA,2251_4,NA,NA,1,NA,NA,NA,NA
sample24_SemiBin_363.fa,18.70756795331101,NA,NA,NA,NA,NA,2251_5,NA,NA,1,NA,NA,NA,NA
snj09_SemiBin_1577.fa,27.65256555857007,NA,NA,NA,NA,NA,2251_6,NA,NA,1,NA,NA,NA,NA
cpsnj19_SemiBin_198.fa,51.805440051302206,NA,NA,NA,NA,NA,2252_0,NA,NA,1,NA,NA,NA,NA
sample15_SemiBin_20.fa,59.69884713850978,NA,NA,NA,NA,NA,2253_0,NA,NA,1,NA,NA,NA,NA
sample16_SemiBin_1836.fa,8.768697502920588,NA,NA,NA,NA,NA,2254_0,NA,NA,1,NA,NA,NA,NA
cpsnj10_SemiBin_167.fa,52.90503211864577,NA,NA,NA,NA,NA,2255_1,NA,NA,1,NA,NA,NA,NA
cpsnj14_SemiBin_232.fa,33.58936094575208,NA,NA,NA,NA,NA,2255_2,NA,NA,1,NA,NA,NA,NA
sample21_SemiBin_130.fa,56.59728152738138,NA,NA,NA,NA,NA,2256_0,NA,NA,1,NA,NA,NA,NA
cpsnj15_SemiBin_99.fa,47.576581504677776,NA,NA,NA,NA,NA,2257_0,NA,NA,1,NA,NA,NA,NA
sample1_SemiBin_251.fa,37.59627728814682,NA,NA,NA,NA,NA,2258_0,NA,NA,1,NA,NA,NA,NA
cpsnj14_SemiBin_168.fa,63.86851461005291,NA,NA,NA,NA,NA,2259_0,NA,NA,1,NA,NA,NA,NA
sample20_SemiBin_119.fa,84.91058408778336,NA,NA,NA,NA,NA,2260_0,NA,NA,1,NA,NA,NA,NA
snj20_SemiBin_162.fa,61.07807097733531,NA,NA,NA,NA,NA,2261_1,NA,NA,6,98.22,96.65,NA,NA
snj19_SemiBin_329.fa,24.303209182616406,NA,NA,NA,NA,NA,2262_0,NA,NA,1,NA,NA,NA,NA
sample16_SemiBin_98.fa,48.57903594886576,NA,NA,NA,NA,NA,2263_1,NA,NA,1,NA,NA,NA,NA
sample18_SemiBin_347.fa,16.665873915409467,NA,NA,NA,NA,NA,2263_2,NA,NA,1,NA,NA,NA,NA
cpsnj03_SemiBin_81.fa,74.67077795865474,NA,NA,NA,NA,NA,2264_0,NA,NA,1,NA,NA,NA,NA
cpsnj14_SemiBin_25.fa,84.27700513457445,NA,NA,NA,NA,NA,2265_0,NA,NA,1,NA,NA,NA,NA
sample13_SemiBin_66.fa,102.02495502728635,NA,NA,NA,NA,NA,2266_1,NA,NA,14,98.19,95.09,NA,NA
sample16_SemiBin_16.fa,73.54171188593911,NA,NA,NA,NA,NA,2267_1,NA,NA,3,96.89,96.64,NA,NA
cpsnj19_SemiBin_84.fa,38.97354431231408,NA,NA,NA,NA,NA,2268_0,NA,NA,1,NA,NA,NA,NA
sample19_SemiBin_147.fa,48.96261179364046,NA,NA,NA,NA,NA,2269_0,NA,NA,1,NA,NA,NA,NA
sample19_SemiBin_148.fa,62.02373891655243,NA,NA,NA,NA,NA,2270_0,NA,NA,1,NA,NA,NA,NA
cpsnj19_SemiBin_126.fa,51.14477006261189,NA,NA,NA,NA,NA,2271_0,NA,NA,1,NA,NA,NA,NA
cpsnj11_SemiBin_167.fa,47.2631523188455,NA,NA,NA,NA,NA,2272_1,NA,NA,1,NA,NA,NA,NA
snj08_SemiBin_135.fa,47.19257736045653,NA,NA,NA,NA,NA,2272_2,NA,NA,1,NA,NA,NA,NA
cpsnj02_SemiBin_66.fa,40.72773985001315,NA,NA,NA,NA,NA,2273_0,NA,NA,1,NA,NA,NA,NA
snj16_SemiBin_28.fa,76.22672391528079,NA,NA,NA,NA,NA,2274_1,NA,NA,10,97.21,95.60,NA,NA
cpsnj15_SemiBin_33.fa,36.904058378585205,NA,NA,NA,NA,NA,2274_2,NA,NA,1,NA,NA,NA,NA
snj15_SemiBin_66.fa,32.090954265005884,NA,NA,NA,NA,NA,2274_3,NA,NA,1,NA,NA,NA,NA
snj10_SemiBin_1730.fa,12.582598313142054,NA,NA,NA,NA,NA,2275_0,NA,NA,1,NA,NA,NA,NA
cpsnj16_SemiBin_516.fa,22.71926697796095,NA,NA,NA,NA,NA,2276_0,NA,NA,1,NA,NA,NA,NA
cpsnj01_SemiBin_45.fa,57.83410059194407,NA,NA,NA,NA,NA,2277_1,NA,NA,2,95.78,95.78,NA,NA
cpsnj16_SemiBin_54.fa,64.73066017562087,NA,NA,NA,NA,NA,2278_1,NA,NA,5,97.58,96.07,NA,NA
cpsnj19_SemiBin_98.fa,35.09179279786568,NA,NA,NA,NA,NA,2278_2,NA,NA,1,NA,NA,NA,NA
cpsnj11_SemiBin_984.fa,13.600756261824545,NA,NA,NA,NA,NA,2278_3,NA,NA,1,NA,NA,NA,NA
snj01_SemiBin_1410.fa,11.40424019422753,NA,NA,NA,NA,NA,2279_0,NA,NA,1,NA,NA,NA,NA
sample1_SemiBin_145.fa,65.84279516911555,NA,NA,NA,NA,NA,2280_1,NA,NA,3,95.75,95.71,NA,NA
sample15_SemiBin_151.fa,59.33323347445549,NA,NA,NA,NA,NA,2281_0,NA,NA,1,NA,NA,NA,NA
cpsnj09_SemiBin_0.fa,94.95982426818632,NA,NA,NA,NA,NA,2282_1,NA,NA,4,99.45,98.86,NA,NA
sample21_SemiBin_513.fa,22.289079932254293,NA,NA,NA,NA,NA,2283_0,NA,NA,1,NA,NA,NA,NA
cpsnj10_SemiBin_130.fa,77.17389765068219,NA,NA,NA,NA,NA,2284_1,NA,NA,1,NA,NA,NA,NA
cpsnj11_SemiBin_128.fa,44.42659014201035,NA,NA,NA,NA,NA,2284_2,NA,NA,1,NA,NA,NA,NA
cpsnj14_SemiBin_212.fa,66.60794580862132,NA,NA,NA,NA,NA,2285_1,NA,NA,3,96.68,94.92,NA,NA
snj10_SemiBin_50.fa,39.00205500517791,NA,NA,NA,NA,NA,2286_1,NA,NA,2,95.68,95.68,NA,NA
cpsnj14_SemiBin_1157.fa,18.992446033353115,NA,NA,NA,NA,NA,2286_2,NA,NA,1,NA,NA,NA,NA
snj20_SemiBin_54.fa,35.11655459445353,NA,NA,NA,NA,NA,2287_0,NA,NA,1,NA,NA,NA,NA
cpsnj13_SemiBin_91.fa,51.502008472320064,NA,NA,NA,NA,NA,2288_0,NA,NA,1,NA,NA,NA,NA
sample23_SemiBin_67.fa,54.91726361284849,NA,NA,NA,NA,NA,2289_0,NA,NA,1,NA,NA,NA,NA
snj09_SemiBin_69.fa,74.6053645050244,NA,NA,NA,NA,NA,2290_0,NA,NA,1,NA,NA,NA,NA
snj14_SemiBin_17.fa,85.14949242065542,NA,NA,NA,NA,NA,2291_1,NA,NA,2,97.07,97.07,NA,NA
cpsnj10_SemiBin_115.fa,43.8640304394536,NA,NA,NA,NA,NA,2291_2,NA,NA,1,NA,NA,NA,NA
snj20_SemiBin_217.fa,56.58162177412335,NA,NA,NA,NA,NA,2291_3,NA,NA,2,96.32,96.32,NA,NA
snj16_SemiBin_33.fa,33.74135447508635,NA,NA,NA,NA,NA,2291_4,NA,NA,1,NA,NA,NA,NA
sample6_SemiBin_54.fa,51.88321008191485,NA,NA,NA,NA,NA,2292_0,NA,NA,1,NA,NA,NA,NA
sample20_SemiBin_152.fa,37.30295110215088,NA,NA,NA,NA,NA,2293_0,NA,NA,1,NA,NA,NA,NA
sample22_SemiBin_177.fa,63.33011646569095,NA,NA,NA,NA,NA,2294_1,NA,NA,3,98.00,96.85,NA,NA
snj14_SemiBin_13.fa,89.40446171109693,NA,NA,NA,NA,NA,2295_1,NA,NA,5,97.51,94.96,NA,NA
snj13_SemiBin_39.fa,55.923401190536175,NA,NA,NA,NA,NA,2295_2,NA,NA,1,NA,NA,NA,NA
snj16_SemiBin_40.fa,51.31791675059368,NA,NA,NA,NA,NA,2295_3,NA,NA,1,NA,NA,NA,NA
snj08_SemiBin_322.fa,35.52672425737215,NA,NA,NA,NA,NA,2295_4,NA,NA,1,NA,NA,NA,NA
sample23_SemiBin_232.fa,59.87683234251736,NA,NA,NA,NA,NA,2295_5,NA,NA,1,NA,NA,NA,NA
cpsnj04_SemiBin_80.fa,38.413773144451696,NA,NA,NA,NA,NA,2296_0,NA,NA,1,NA,NA,NA,NA
cpsnj20_SemiBin_24.fa,83.06208413395234,NA,NA,NA,NA,NA,2297_0,NA,NA,1,NA,NA,NA,NA
sample15_SemiBin_47.fa,77.23651516980397,NA,NA,NA,NA,NA,2298_1,NA,NA,3,99.31,98.90,NA,NA
snj03_SemiBin_0.fa,97.84032041532832,NA,NA,NA,NA,NA,2298_2,NA,NA,30,99.54,95.03,NA,NA
sample21_SemiBin_1786.fa,24.558765669129137,NA,NA,NA,NA,NA,2298_3,NA,NA,1,NA,NA,NA,NA
cpsnj13_SemiBin_269.fa,30.150363801355528,NA,NA,NA,NA,NA,2298_4,NA,NA,1,NA,NA,NA,NA
sample20_SemiBin_10.fa,87.34269409024985,NA,NA,NA,NA,NA,2299_1,NA,NA,4,99.21,97.50,NA,NA
sample22_SemiBin_2.fa,99.42220560354306,NA,NA,NA,NA,NA,2300_1,NA,NA,7,99.81,98.99,NA,NA
sample17_SemiBin_127.fa,59.10556573995348,NA,NA,NA,NA,NA,2301_0,NA,NA,1,NA,NA,NA,NA
sample19_SemiBin_190.fa,37.06037556504924,NA,NA,NA,NA,NA,2302_0,NA,NA,1,NA,NA,NA,NA
sample29_SemiBin_79.fa,52.04934215198666,NA,NA,NA,NA,NA,2303_0,NA,NA,1,NA,NA,NA,NA
cpsnj08_SemiBin_47.fa,31.527487872025564,NA,NA,NA,NA,NA,2304_1,NA,NA,1,NA,NA,NA,NA
sample7_SemiBin_155.fa,38.72064740858278,NA,NA,NA,NA,NA,2304_2,NA,NA,1,NA,NA,NA,NA
cpsnj03_SemiBin_283.fa,4.322584582155892,NA,NA,NA,NA,NA,2304_3,NA,NA,1,NA,NA,NA,NA
snj13_SemiBin_1337.fa,23.586897150302256,NA,NA,NA,NA,NA,2305_0,NA,NA,1,NA,NA,NA,NA
cpsnj01_SemiBin_16.fa,55.11908994952216,NA,NA,NA,NA,NA,2306_0,NA,NA,1,NA,NA,NA,NA
snj04_SemiBin_1833.fa,7.743329271060149,NA,NA,NA,NA,NA,2307_0,NA,NA,1,NA,NA,NA,NA
cpsnj20_SemiBin_1646.fa,18.59903386598668,NA,NA,NA,NA,NA,2308_0,NA,NA,1,NA,NA,NA,NA
sample19_SemiBin_30.fa,75.63626844628153,NA,NA,NA,NA,NA,2309_0,NA,NA,1,NA,NA,NA,NA
sample19_SemiBin_66.fa,68.3420564456396,NA,NA,NA,NA,NA,2310_0,NA,NA,1,NA,NA,NA,NA
cpsnj20_SemiBin_2.fa,97.5425316207524,NA,NA,NA,NA,NA,2311_0,NA,NA,1,NA,NA,NA,NA
snj08_SemiBin_123.fa,46.14718701721711,NA,NA,NA,NA,NA,2312_0,NA,NA,1,NA,NA,NA,NA
sample13_SemiBin_8.fa,89.44736935474928,NA,NA,NA,NA,NA,2313_1,NA,NA,3,98.03,97.15,NA,NA
sample17_SemiBin_941.fa,14.311597173847831,NA,NA,NA,NA,NA,2313_2,NA,NA,1,NA,NA,NA,NA
sample11_SemiBin_10.fa,80.4229857357537,NA,NA,NA,NA,NA,2314_1,NA,NA,2,97.44,97.44,NA,NA
sample13_SemiBin_1619.fa,42.2523159325117,NA,NA,NA,NA,NA,2315_1,NA,NA,1,NA,NA,NA,NA
sample18_SemiBin_13.fa,82.71269810706418,NA,NA,NA,NA,NA,2315_2,NA,NA,1,NA,NA,NA,NA
sample5_SemiBin_72.fa,61.15779514837061,NA,NA,NA,NA,NA,2316_0,NA,NA,1,NA,NA,NA,NA
cpsnj19_SemiBin_14.fa,92.31584784589536,NA,NA,NA,NA,NA,2317_1,NA,NA,3,96.14,94.97,NA,NA
sample5_SemiBin_47.fa,73.7020903595316,NA,NA,NA,NA,NA,2317_2,NA,NA,1,NA,NA,NA,NA
sample1_SemiBin_92.fa,72.71286748376819,NA,NA,NA,NA,NA,2318_1,NA,NA,3,97.63,95.75,NA,NA
sample12_SemiBin_50.fa,37.15095937879296,NA,NA,NA,NA,NA,2318_2,NA,NA,1,NA,NA,NA,NA
sample10_SemiBin_99.fa,47.58422871463137,NA,NA,NA,NA,NA,2318_3,NA,NA,1,NA,NA,NA,NA
sample12_SemiBin_101.fa,20.46885991230491,NA,NA,NA,NA,NA,2319_1,NA,NA,1,NA,NA,NA,NA
sample13_SemiBin_154.fa,15.13719290143922,NA,NA,NA,NA,NA,2319_2,NA,NA,1,NA,NA,NA,NA
sample3_SemiBin_113.fa,40.24337565786295,NA,NA,NA,NA,NA,2320_1,NA,NA,1,NA,NA,NA,NA
sample4_SemiBin_166.fa,48.84865795679421,NA,NA,NA,NA,NA,2320_2,NA,NA,1,NA,NA,NA,NA
sample22_SemiBin_107.fa,55.95647794068653,NA,NA,NA,NA,NA,2320_3,NA,NA,1,NA,NA,NA,NA
sample7_SemiBin_178.fa,41.52169712405276,NA,NA,NA,NA,NA,2320_4,NA,NA,1,NA,NA,NA,NA
sample14_SemiBin_149.fa,25.83663798614317,NA,NA,NA,NA,NA,2320_5,NA,NA,1,NA,NA,NA,NA
cpsnj09_SemiBin_124.fa,27.510400444731232,NA,NA,NA,NA,NA,2321_1,NA,NA,1,NA,NA,NA,NA
snj09_SemiBin_44.fa,66.19237527192031,NA,NA,NA,NA,NA,2321_2,NA,NA,1,NA,NA,NA,NA
sample28_SemiBin_95.fa,39.70270964642513,NA,NA,NA,NA,NA,2322_0,NA,NA,1,NA,NA,NA,NA
cpsnj16_SemiBin_1.fa,80.05979471410802,NA,NA,NA,NA,NA,2323_1,NA,NA,3,97.60,95.57,NA,NA
snj13_SemiBin_78.fa,45.35304385323052,NA,NA,NA,NA,NA,2323_2,NA,NA,1,NA,NA,NA,NA
cpsnj10_SemiBin_8.fa,94.03541059148172,NA,NA,NA,NA,NA,2324_0,NA,NA,1,NA,NA,NA,NA
cpsnj13_SemiBin_541.fa,11.329921433545785,NA,NA,NA,NA,NA,2325_0,NA,NA,1,NA,NA,NA,NA
sample18_SemiBin_230.fa,22.744169060791,NA,NA,NA,NA,NA,2326_0,NA,NA,1,NA,NA,NA,NA
cpsnj16_SemiBin_96.fa,93.42606541463084,NA,NA,NA,NA,NA,2327_1,NA,NA,6,99.78,95.63,NA,NA
snj03_SemiBin_46.fa,76.8670028219102,NA,NA,NA,NA,NA,2328_1,NA,NA,3,97.70,97.03,NA,NA
cpsnj11_SemiBin_91.fa,65.07873498848808,NA,NA,NA,NA,NA,2329_1,NA,NA,2,96.48,96.48,NA,NA
sample18_SemiBin_327.fa,55.62863884362867,NA,NA,NA,NA,NA,2329_2,NA,NA,1,NA,NA,NA,NA
snj11_SemiBin_2095.fa,23.737077459887026,NA,NA,NA,NA,NA,2330_0,NA,NA,1,NA,NA,NA,NA
sample23_SemiBin_78.fa,34.49592630527945,NA,NA,NA,NA,NA,2331_0,NA,NA,1,NA,NA,NA,NA
sample21_SemiBin_2.fa,95.86706684955506,NA,NA,NA,NA,NA,2332_1,NA,NA,31,99.51,95.84,NA,NA
sample20_SemiBin_176.fa,41.42692599445688,NA,NA,NA,NA,NA,2332_2,NA,NA,1,NA,NA,NA,NA
sample21_SemiBin_15.fa,94.8309130865974,NA,NA,NA,NA,NA,2333_1,NA,NA,28,99.59,94.32,NA,NA
sample18_SemiBin_149.fa,47.00012992976172,NA,NA,NA,NA,NA,2334_0,NA,NA,1,NA,NA,NA,NA
sample29_SemiBin_251.fa,93.69544673341876,NA,NA,NA,NA,NA,2335_1,NA,NA,2,95.75,95.75,NA,NA
sample20_SemiBin_499.fa,38.79483850029003,NA,NA,NA,NA,NA,2336_0,NA,NA,1,NA,NA,NA,NA
cpsnj09_SemiBin_9.fa,68.45022551306934,NA,NA,NA,NA,NA,2337_1,NA,NA,1,NA,NA,NA,NA
cpsnj11_SemiBin_120.fa,28.43226792037472,NA,NA,NA,NA,NA,2337_2,NA,NA,1,NA,NA,NA,NA
sample21_SemiBin_283.fa,52.052853352098005,NA,NA,NA,NA,NA,2337_3,NA,NA,2,95.47,95.47,NA,NA
sample20_SemiBin_283.fa,23.63749052110928,NA,NA,NA,NA,NA,2337_4,NA,NA,1,NA,NA,NA,NA
sample2_SemiBin_209.fa,48.60806322620036,NA,NA,NA,NA,NA,2337_5,NA,NA,1,NA,NA,NA,NA
sample26_SemiBin_16.fa,65.61164169923384,NA,NA,NA,NA,NA,2337_6,NA,NA,1,NA,NA,NA,NA
snj10_SemiBin_1812.fa,19.15474348955546,NA,NA,NA,NA,NA,2338_0,NA,NA,1,NA,NA,NA,NA
sample29_SemiBin_145.fa,59.830405131596926,NA,NA,NA,NA,NA,2339_0,NA,NA,1,NA,NA,NA,NA
sample29_SemiBin_358.fa,52.92040759184592,NA,NA,NA,NA,NA,2340_0,NA,NA,1,NA,NA,NA,NA
sample19_SemiBin_140.fa,56.77103089965822,NA,NA,NA,NA,NA,2341_0,NA,NA,1,NA,NA,NA,NA
snj16_SemiBin_71.fa,62.35144134506518,NA,NA,NA,NA,NA,2342_0,NA,NA,1,NA,NA,NA,NA
snj01_SemiBin_4.fa,87.77012567228938,NA,NA,NA,NA,NA,2343_1,NA,NA,1,NA,NA,NA,NA
snj09_SemiBin_171.fa,21.87932361976336,NA,NA,NA,NA,NA,2343_2,NA,NA,1,NA,NA,NA,NA
snj04_SemiBin_94.fa,33.45012216339825,NA,NA,NA,NA,NA,2343_3,NA,NA,1,NA,NA,NA,NA
cpsnj10_SemiBin_217.fa,60.462456708156274,NA,NA,NA,NA,NA,2344_0,NA,NA,1,NA,NA,NA,NA
snj11_SemiBin_94.fa,64.75783928852131,NA,NA,NA,NA,NA,2345_1,NA,NA,2,96.07,96.07,NA,NA
sample29_SemiBin_129.fa,64.30604125710254,NA,NA,NA,NA,NA,2346_0,NA,NA,1,NA,NA,NA,NA
snj02_SemiBin_104.fa,56.31187045330532,NA,NA,NA,NA,NA,2347_0,NA,NA,1,NA,NA,NA,NA
sample18_SemiBin_104.fa,75.21669856563427,NA,NA,NA,NA,NA,2348_0,NA,NA,1,NA,NA,NA,NA
snj16_SemiBin_61.fa,27.226216700417243,NA,NA,NA,NA,NA,2349_0,NA,NA,1,NA,NA,NA,NA
sample16_SemiBin_101.fa,35.852177169456084,NA,NA,NA,NA,NA,2350_1,NA,NA,1,NA,NA,NA,NA
sample19_SemiBin_61.fa,44.42591983291091,NA,NA,NA,NA,NA,2350_2,NA,NA,1,NA,NA,NA,NA
snj01_SemiBin_1430.fa,7.753442564866487,NA,NA,NA,NA,NA,2351_0,NA,NA,1,NA,NA,NA,NA
snj09_SemiBin_64.fa,74.39782614845188,NA,NA,NA,NA,NA,2352_0,NA,NA,1,NA,NA,NA,NA
cpsnj02_SemiBin_165.fa,21.878685771814222,NA,NA,NA,NA,NA,2353_0,NA,NA,1,NA,NA,NA,NA
snj08_SemiBin_129.fa,34.23632753747534,NA,NA,NA,NA,NA,2354_1,NA,NA,1,NA,NA,NA,NA
snj10_SemiBin_67.fa,45.05536576853513,NA,NA,NA,NA,NA,2354_2,NA,NA,1,NA,NA,NA,NA
snj01_SemiBin_18.fa,52.17588668968286,NA,NA,NA,NA,NA,2355_0,NA,NA,1,NA,NA,NA,NA
snj08_SemiBin_48.fa,65.65063923167818,NA,NA,NA,NA,NA,2356_1,NA,NA,1,NA,NA,NA,NA
snj16_SemiBin_62.fa,53.13134965111484,NA,NA,NA,NA,NA,2356_2,NA,NA,1,NA,NA,NA,NA
snj08_SemiBin_127.fa,89.93481130810564,NA,NA,NA,NA,NA,2357_0,NA,NA,1,NA,NA,NA,NA
snj11_SemiBin_622.fa,8.755637180881203,NA,NA,NA,NA,NA,2358_1,NA,NA,1,NA,NA,NA,NA
snj20_SemiBin_86.fa,42.8188245133889,NA,NA,NA,NA,NA,2358_2,NA,NA,1,NA,NA,NA,NA
snj04_SemiBin_60.fa,17.883948117769386,NA,NA,NA,NA,NA,2358_3,NA,NA,1,NA,NA,NA,NA
cpsnj15_SemiBin_1728.fa,21.01498675145118,NA,NA,NA,NA,NA,2358_4,NA,NA,1,NA,NA,NA,NA
snj13_SemiBin_65.fa,45.07001665828519,NA,NA,NA,NA,NA,2359_0,NA,NA,1,NA,NA,NA,NA
snj11_SemiBin_99.fa,66.36075223802641,NA,NA,NA,NA,NA,2360_0,NA,NA,1,NA,NA,NA,NA
snj16_SemiBin_235.fa,40.27065555276364,NA,NA,NA,NA,NA,2361_0,NA,NA,1,NA,NA,NA,NA
sample27_SemiBin_126.fa,25.325654279157284,NA,NA,NA,NA,NA,2362_0,NA,NA,1,NA,NA,NA,NA
sample30_SemiBin_53.fa,45.01257763069603,NA,NA,NA,NA,NA,2363_0,NA,NA,1,NA,NA,NA,NA
cpsnj10_SemiBin_122.fa,22.62102099758777,NA,NA,NA,NA,NA,2364_1,NA,NA,1,NA,NA,NA,NA
cpsnj14_SemiBin_112.fa,37.081856354343806,NA,NA,NA,NA,NA,2364_2,NA,NA,1,NA,NA,NA,NA
sample21_SemiBin_132.fa,35.500066961798936,NA,NA,NA,NA,NA,2364_3,NA,NA,1,NA,NA,NA,NA
cpsnj01_SemiBin_1216.fa,9.6706501229522,NA,NA,NA,NA,NA,2365_1,NA,NA,1,NA,NA,NA,NA
cpsnj19_SemiBin_94.fa,22.711235337995628,NA,NA,NA,NA,NA,2365_2,NA,NA,1,NA,NA,NA,NA
cpsnj13_SemiBin_30.fa,60.2059511385039,NA,NA,NA,NA,NA,2366_0,NA,NA,1,NA,NA,NA,NA
snj11_SemiBin_30.fa,80.41068524289786,NA,NA,NA,NA,NA,2367_1,NA,NA,5,97.59,95.47,NA,NA
snj16_SemiBin_170.fa,31.57172380324308,NA,NA,NA,NA,NA,2368_0,NA,NA,1,NA,NA,NA,NA
cpsnj19_SemiBin_64.fa,84.74522494430016,NA,NA,NA,NA,NA,2369_1,NA,NA,3,97.35,97.08,NA,NA
sample4_SemiBin_19.fa,70.23416792856521,NA,NA,NA,NA,NA,2370_1,NA,NA,2,96.07,96.07,NA,NA
sample3_SemiBin_274.fa,39.440537234734535,NA,NA,NA,NA,NA,2370_2,NA,NA,1,NA,NA,NA,NA
snj08_SemiBin_248.fa,25.91922659643777,NA,NA,NA,NA,NA,2371_0,NA,NA,1,NA,NA,NA,NA
cpsnj02_SemiBin_88.fa,47.438836689862335,NA,NA,NA,NA,NA,2372_0,NA,NA,1,NA,NA,NA,NA
snj20_SemiBin_62.fa,75.50480894625905,NA,NA,NA,NA,NA,2373_0,NA,NA,1,NA,NA,NA,NA
cpsnj20_SemiBin_1.fa,102.31420705570142,NA,NA,NA,NA,NA,2374_0,NA,NA,1,NA,NA,NA,NA
cpsnj20_SemiBin_82.fa,49.00584110107149,NA,NA,NA,NA,NA,2375_0,NA,NA,1,NA,NA,NA,NA
cpsnj20_SemiBin_790.fa,42.561283162943006,NA,NA,NA,NA,NA,2376_0,NA,NA,1,NA,NA,NA,NA
sample30_SemiBin_34.fa,45.18147376023357,NA,NA,NA,NA,NA,2377_0,NA,NA,1,NA,NA,NA,NA
sample23_SemiBin_193.fa,46.54778480698889,NA,NA,NA,NA,NA,2378_0,NA,NA,1,NA,NA,NA,NA
snj01_SemiBin_62.fa,44.04141125182212,NA,NA,NA,NA,NA,2379_0,NA,NA,1,NA,NA,NA,NA
snj08_SemiBin_124.fa,34.807803339714056,NA,NA,NA,NA,NA,2380_1,NA,NA,1,NA,NA,NA,NA
snj10_SemiBin_156.fa,57.20959466353851,NA,NA,NA,NA,NA,2380_2,NA,NA,1,NA,NA,NA,NA
cpsnj10_SemiBin_65.fa,58.47642984805744,NA,NA,NA,NA,NA,2381_1,NA,NA,1,NA,NA,NA,NA
snj14_SemiBin_109.fa,43.44886617886463,NA,NA,NA,NA,NA,2381_2,NA,NA,1,NA,NA,NA,NA
cpsnj20_SemiBin_163.fa,21.691485984587302,NA,NA,NA,NA,NA,2382_0,NA,NA,1,NA,NA,NA,NA
snj19_SemiBin_113.fa,29.45649534242356,NA,NA,NA,NA,NA,2383_0,NA,NA,1,NA,NA,NA,NA
snj02_SemiBin_53.fa,51.045727955938325,NA,NA,NA,NA,NA,2384_0,NA,NA,1,NA,NA,NA,NA
snj20_SemiBin_18.fa,75.63513758044553,NA,NA,NA,NA,NA,2385_0,NA,NA,1,NA,NA,NA,NA
sample14_SemiBin_10.fa,77.70146825359667,NA,NA,NA,NA,NA,2386_1,NA,NA,1,NA,NA,NA,NA
sample26_SemiBin_36.fa,75.09427216015355,NA,NA,NA,NA,NA,2386_2,NA,NA,1,NA,NA,NA,NA
cpsnj14_SemiBin_115.fa,38.968204938557335,NA,NA,NA,NA,NA,2387_0,NA,NA,1,NA,NA,NA,NA
sample26_SemiBin_11.fa,77.89814975195276,NA,NA,NA,NA,NA,2388_0,NA,NA,1,NA,NA,NA,NA
snj16_SemiBin_32.fa,73.45622827130958,NA,NA,NA,NA,NA,2389_0,NA,NA,1,NA,NA,NA,NA
cpsnj02_SemiBin_102.fa,44.170474609365016,NA,NA,NA,NA,NA,2390_0,NA,NA,1,NA,NA,NA,NA
sample19_SemiBin_98.fa,68.53974975080057,NA,NA,NA,NA,NA,2391_0,NA,NA,1,NA,NA,NA,NA
cpsnj11_SemiBin_286.fa,46.43540530095337,NA,NA,NA,NA,NA,2392_1,NA,NA,1,NA,NA,NA,NA
snj19_SemiBin_68.fa,59.53410871587892,NA,NA,NA,NA,NA,2392_2,NA,NA,1,NA,NA,NA,NA
cpsnj04_SemiBin_163.fa,55.60830480091819,NA,NA,NA,NA,NA,2393_0,NA,NA,1,NA,NA,NA,NA
cpsnj09_SemiBin_150.fa,33.39804174899066,NA,NA,NA,NA,NA,2394_0,NA,NA,1,NA,NA,NA,NA
cpsnj02_SemiBin_55.fa,31.718761453468108,NA,NA,NA,NA,NA,2395_1,NA,NA,1,NA,NA,NA,NA
snj02_SemiBin_0.fa,93.97818809624955,NA,NA,NA,NA,NA,2395_2,NA,NA,1,NA,NA,NA,NA
sample19_SemiBin_165.fa,58.971672465948245,NA,NA,NA,NA,NA,2396_1,NA,NA,2,96.67,96.67,NA,NA
snj09_SemiBin_130.fa,57.307949635160334,NA,NA,NA,NA,NA,2397_1,NA,NA,2,96.56,96.56,NA,NA
sample1_SemiBin_85.fa,66.24290856687013,NA,NA,NA,NA,NA,2398_1,NA,NA,1,NA,NA,NA,NA
sample7_SemiBin_98.fa,48.69978777557444,NA,NA,NA,NA,NA,2398_2,NA,NA,1,NA,NA,NA,NA
sample2_SemiBin_84.fa,38.17904230267886,NA,NA,NA,NA,NA,2398_3,NA,NA,1,NA,NA,NA,NA
sample25_SemiBin_254.fa,48.26110168461239,NA,NA,NA,NA,NA,2398_4,NA,NA,1,NA,NA,NA,NA
sample4_SemiBin_115.fa,41.92695975151204,NA,NA,NA,NA,NA,2398_5,NA,NA,1,NA,NA,NA,NA
sample8_SemiBin_107.fa,30.32774650333892,NA,NA,NA,NA,NA,2398_6,NA,NA,1,NA,NA,NA,NA
sample18_SemiBin_199.fa,47.07037199813112,NA,NA,NA,NA,NA,2398_7,NA,NA,1,NA,NA,NA,NA
cpsnj14_SemiBin_20.fa,46.863192798476966,NA,NA,NA,NA,NA,2398_8,NA,NA,1,NA,NA,NA,NA
cpsnj11_SemiBin_1859.fa,4.2667542622939365,NA,NA,NA,NA,NA,2399_0,NA,NA,1,NA,NA,NA,NA
snj11_SemiBin_2162.fa,4.928724613691171,NA,NA,NA,NA,NA,2400_0,NA,NA,1,NA,NA,NA,NA
snj20_SemiBin_121.fa,52.99794567685464,NA,NA,NA,NA,NA,2401_0,NA,NA,1,NA,NA,NA,NA
sample19_SemiBin_54.fa,70.48446283639211,NA,NA,NA,NA,NA,2402_0,NA,NA,1,NA,NA,NA,NA
sample19_SemiBin_80.fa,62.91281184741186,NA,NA,NA,NA,NA,2403_0,NA,NA,1,NA,NA,NA,NA
snj01_SemiBin_9.fa,85.06693474138557,NA,NA,NA,NA,NA,2404_0,NA,NA,1,NA,NA,NA,NA
snj20_SemiBin_67.fa,47.80238464484634,NA,NA,NA,NA,NA,2405_0,NA,NA,1,NA,NA,NA,NA
snj01_SemiBin_54.fa,48.821683858182425,NA,NA,NA,NA,NA,2406_0,NA,NA,1,NA,NA,NA,NA
sample20_SemiBin_122.fa,64.49779468968615,NA,NA,NA,NA,NA,2407_0,NA,NA,1,NA,NA,NA,NA
cpsnj03_SemiBin_46.fa,67.43943264847361,NA,NA,NA,NA,NA,2408_1,NA,NA,1,NA,NA,NA,NA
snj03_SemiBin_84.fa,33.08106446196988,NA,NA,NA,NA,NA,2408_2,NA,NA,1,NA,NA,NA,NA
sample26_SemiBin_30.fa,70.94199750715008,NA,NA,NA,NA,NA,2408_3,NA,NA,1,NA,NA,NA,NA
cpsnj04_SemiBin_100.fa,46.53763046934043,NA,NA,NA,NA,NA,2409_0,NA,NA,1,NA,NA,NA,NA
cpsnj04_SemiBin_71.fa,58.09307223235526,NA,NA,NA,NA,NA,2410_0,NA,NA,1,NA,NA,NA,NA
sample23_SemiBin_124.fa,54.53047482362727,NA,NA,NA,NA,NA,2411_0,NA,NA,1,NA,NA,NA,NA
sample29_SemiBin_47.fa,90.40380839671944,NA,NA,NA,NA,NA,2412_0,NA,NA,1,NA,NA,NA,NA
sample22_SemiBin_35.fa,88.41385892689374,NA,NA,NA,NA,NA,2413_1,NA,NA,2,97.50,97.50,NA,NA
sample21_SemiBin_244.fa,29.02129395942752,NA,NA,NA,NA,NA,2413_2,NA,NA,1,NA,NA,NA,NA
snj10_SemiBin_63.fa,67.86720676841855,NA,NA,NA,NA,NA,2414_0,NA,NA,1,NA,NA,NA,NA
snj11_SemiBin_132.fa,32.964194899012604,NA,NA,NA,NA,NA,2415_0,NA,NA,1,NA,NA,NA,NA
sample23_SemiBin_133.fa,49.95149431775224,NA,NA,NA,NA,NA,2416_0,NA,NA,1,NA,NA,NA,NA
cpsnj11_SemiBin_112.fa,83.91409810347221,NA,NA,NA,NA,NA,2417_1,NA,NA,2,97.92,97.92,NA,NA
cpsnj14_SemiBin_46.fa,59.34918652679334,NA,NA,NA,NA,NA,2418_0,NA,NA,1,NA,NA,NA,NA
cpsnj13_SemiBin_24.fa,90.19223061957815,NA,NA,NA,NA,NA,2419_0,NA,NA,1,NA,NA,NA,NA
sample22_SemiBin_73.fa,72.14115497043915,NA,NA,NA,NA,NA,2420_0,NA,NA,1,NA,NA,NA,NA
cpsnj04_SemiBin_55.fa,88.89676430331352,NA,NA,NA,NA,NA,2421_1,NA,NA,4,99.26,98.28,NA,NA
sample6_SemiBin_553.fa,42.4737811770226,NA,NA,NA,NA,NA,2422_1,NA,NA,2,95.15,95.15,NA,NA
sample22_SemiBin_1596.fa,33.84767492092882,NA,NA,NA,NA,NA,2423_0,NA,NA,1,NA,NA,NA,NA
sample6_SemiBin_471.fa,26.674529292422037,NA,NA,NA,NA,NA,2424_0,NA,NA,1,NA,NA,NA,NA
snj08_SemiBin_61.fa,64.57365033521407,NA,NA,NA,NA,NA,2425_1,NA,NA,1,NA,NA,NA,NA
snj14_SemiBin_211.fa,56.910895418322674,NA,NA,NA,NA,NA,2425_2,NA,NA,1,NA,NA,NA,NA
snj08_SemiBin_195.fa,18.212219879025845,NA,NA,NA,NA,NA,2426_0,NA,NA,1,NA,NA,NA,NA
sample13_SemiBin_68.fa,97.82952515387596,NA,NA,NA,NA,NA,2427_1,NA,NA,6,99.18,97.07,NA,NA
cpsnj09_SemiBin_2.fa,102.02757895952362,NA,NA,NA,NA,NA,2428_1,NA,NA,3,99.35,97.78,NA,NA
cpsnj04_SemiBin_79.fa,66.54668173914443,NA,NA,NA,NA,NA,2429_0,NA,NA,1,NA,NA,NA,NA
cpsnj02_SemiBin_94.fa,46.366272587510736,NA,NA,NA,NA,NA,2430_0,NA,NA,1,NA,NA,NA,NA
sample19_SemiBin_97.fa,68.68424283225482,NA,NA,NA,NA,NA,2431_0,NA,NA,1,NA,NA,NA,NA
cpsnj13_SemiBin_1.fa,101.62273036475425,NA,NA,NA,NA,NA,2432_0,NA,NA,1,NA,NA,NA,NA
cpsnj11_SemiBin_230.fa,55.33654700563628,NA,NA,NA,NA,NA,2433_0,NA,NA,1,NA,NA,NA,NA
sample23_SemiBin_76.fa,44.13204780187996,NA,NA,NA,NA,NA,2434_0,NA,NA,1,NA,NA,NA,NA
cpsnj02_SemiBin_21.fa,66.99964714016566,NA,NA,NA,NA,NA,2435_1,NA,NA,2,98.93,98.93,NA,NA
cpsnj04_SemiBin_128.fa,65.37355741779977,NA,NA,NA,NA,NA,2436_0,NA,NA,1,NA,NA,NA,NA
cpsnj04_SemiBin_25.fa,70.55692830910071,NA,NA,NA,NA,NA,2437_1,NA,NA,3,97.57,97.32,NA,NA
snj01_SemiBin_85.fa,48.11637531211894,NA,NA,NA,NA,NA,2437_2,NA,NA,1,NA,NA,NA,NA
snj20_SemiBin_95.fa,23.258866445606447,NA,NA,NA,NA,NA,2438_0,NA,NA,1,NA,NA,NA,NA
sample23_SemiBin_37.fa,82.61322441083217,NA,NA,NA,NA,NA,2439_0,NA,NA,1,NA,NA,NA,NA
cpsnj15_SemiBin_40.fa,59.9978023754794,NA,NA,NA,NA,NA,2440_0,NA,NA,1,NA,NA,NA,NA
cpsnj02_SemiBin_60.fa,51.54168274665005,NA,NA,NA,NA,NA,2441_0,NA,NA,1,NA,NA,NA,NA
cpsnj02_SemiBin_12.fa,78.22852005044935,NA,NA,NA,NA,NA,2442_0,NA,NA,1,NA,NA,NA,NA
snj16_SemiBin_4.fa,99.80690746317632,NA,NA,NA,NA,NA,2443_1,NA,NA,8,99.57,96.81,NA,NA
snj11_SemiBin_14.fa,96.70213546936962,NA,NA,NA,NA,NA,2444_1,NA,NA,5,98.44,96.96,NA,NA
cpsnj15_SemiBin_60.fa,35.68090226012823,NA,NA,NA,NA,NA,2445_0,NA,NA,1,NA,NA,NA,NA
cpsnj04_SemiBin_22.fa,62.609216549250206,NA,NA,NA,NA,NA,2446_0,NA,NA,1,NA,NA,NA,NA
snj08_SemiBin_43.fa,67.11945683612512,NA,NA,NA,NA,NA,2447_0,NA,NA,1,NA,NA,NA,NA
cpsnj02_SemiBin_0.fa,102.201719707691,NA,NA,NA,NA,NA,2448_1,NA,NA,4,99.18,98.37,NA,NA
cpsnj20_SemiBin_4.fa,96.514426320768,NA,NA,NA,NA,NA,2449_0,NA,NA,1,NA,NA,NA,NA
cpsnj04_SemiBin_20.fa,83.81740750888031,NA,NA,NA,NA,NA,2450_1,NA,NA,2,97.03,97.03,NA,NA
snj16_SemiBin_14.fa,62.37820292498636,NA,NA,NA,NA,NA,2451_1,NA,NA,3,98.34,94.28,NA,NA
snj08_SemiBin_191.fa,24.57480054121569,NA,NA,NA,NA,NA,2451_2,NA,NA,1,NA,NA,NA,NA
sample20_SemiBin_361.fa,47.38230661599356,NA,NA,NA,NA,NA,2452_0,NA,NA,1,NA,NA,NA,NA
snj09_SemiBin_131.fa,51.40264701242802,NA,NA,NA,NA,NA,2453_0,NA,NA,1,NA,NA,NA,NA
snj08_SemiBin_44.fa,81.70664146032577,NA,NA,NA,NA,NA,2454_1,NA,NA,3,96.94,96.56,NA,NA
sample20_SemiBin_138.fa,61.725159664777095,NA,NA,NA,NA,NA,2455_0,NA,NA,1,NA,NA,NA,NA
sample29_SemiBin_39.fa,87.95166012829928,NA,NA,NA,NA,NA,2456_0,NA,NA,1,NA,NA,NA,NA
snj01_SemiBin_35.fa,56.03780130942918,NA,NA,NA,NA,NA,2457_1,NA,NA,1,NA,NA,NA,NA
snj02_SemiBin_66.fa,43.06107152502086,NA,NA,NA,NA,NA,2457_2,NA,NA,1,NA,NA,NA,NA
cpsnj11_SemiBin_103.fa,72.49355886583919,NA,NA,NA,NA,NA,2458_0,NA,NA,1,NA,NA,NA,NA
cpsnj02_SemiBin_109.fa,56.08354722472031,NA,NA,NA,NA,NA,2459_1,NA,NA,1,NA,NA,NA,NA
cpsnj04_SemiBin_145.fa,29.39797470644669,NA,NA,NA,NA,NA,2459_2,NA,NA,1,NA,NA,NA,NA
snj16_SemiBin_54.fa,29.980306118088546,NA,NA,NA,NA,NA,2460_0,NA,NA,1,NA,NA,NA,NA
cpsnj02_SemiBin_54.fa,37.28656420184582,NA,NA,NA,NA,NA,2461_1,NA,NA,1,NA,NA,NA,NA
snj02_SemiBin_67.fa,30.562058711259464,NA,NA,NA,NA,NA,2461_2,NA,NA,1,NA,NA,NA,NA
cpsnj02_SemiBin_46.fa,76.34712159951418,NA,NA,NA,NA,NA,2462_0,NA,NA,1,NA,NA,NA,NA
snj10_SemiBin_54.fa,51.15529903766557,NA,NA,NA,NA,NA,2463_1,NA,NA,1,NA,NA,NA,NA
snj20_SemiBin_92.fa,51.74648686555163,NA,NA,NA,NA,NA,2463_2,NA,NA,1,NA,NA,NA,NA
snj11_SemiBin_20.fa,79.2564771365969,NA,NA,NA,NA,NA,2463_3,NA,NA,1,NA,NA,NA,NA
cpsnj19_SemiBin_112.fa,44.67172599951082,NA,NA,NA,NA,NA,2463_4,NA,NA,1,NA,NA,NA,NA
snj19_SemiBin_109.fa,49.93979693944298,NA,NA,NA,NA,NA,2463_5,NA,NA,1,NA,NA,NA,NA
cpsnj15_SemiBin_58.fa,43.33325723815594,NA,NA,NA,NA,NA,2464_1,NA,NA,1,NA,NA,NA,NA
sample19_SemiBin_195.fa,47.35282660565869,NA,NA,NA,NA,NA,2464_2,NA,NA,1,NA,NA,NA,NA
snj16_SemiBin_76.fa,63.5331305303211,NA,NA,NA,NA,NA,2465_0,NA,NA,1,NA,NA,NA,NA
snj20_SemiBin_97.fa,31.697988882051444,NA,NA,NA,NA,NA,2466_0,NA,NA,1,NA,NA,NA,NA
sample29_SemiBin_19.fa,66.50291427636014,NA,NA,NA,NA,NA,2467_0,NA,NA,1,NA,NA,NA,NA
cpsnj02_SemiBin_78.fa,63.66678022815363,NA,NA,NA,NA,NA,2468_0,NA,NA,1,NA,NA,NA,NA
cpsnj14_SemiBin_108.fa,64.19693088079933,NA,NA,NA,NA,NA,2469_0,NA,NA,1,NA,NA,NA,NA
cpsnj19_SemiBin_83.fa,60.39587234100591,NA,NA,NA,NA,NA,2470_0,NA,NA,1,NA,NA,NA,NA
sample21_SemiBin_6.fa,94.93515805481732,NA,NA,NA,NA,NA,2471_1,NA,NA,2,97.41,97.41,NA,NA
sample22_SemiBin_111.fa,17.00203595265752,NA,NA,NA,NA,NA,2471_2,NA,NA,1,NA,NA,NA,NA
sample27_SemiBin_13.fa,62.96734511373939,NA,NA,NA,NA,NA,2472_1,NA,NA,2,95.17,95.17,NA,NA
sample13_SemiBin_253.fa,50.29530531990541,NA,NA,NA,NA,NA,2472_2,NA,NA,1,NA,NA,NA,NA
sample7_SemiBin_96.fa,36.83729991606323,NA,NA,NA,NA,NA,2472_3,NA,NA,1,NA,NA,NA,NA
sample2_SemiBin_51.fa,50.083236167716365,NA,NA,NA,NA,NA,2472_4,NA,NA,1,NA,NA,NA,NA
sample19_SemiBin_1291.fa,18.71755258112882,NA,NA,NA,NA,NA,2473_0,NA,NA,1,NA,NA,NA,NA
sample4_SemiBin_37.fa,65.1296814465243,NA,NA,NA,NA,NA,2474_1,NA,NA,3,97.12,95.37,NA,NA
sample15_SemiBin_133.fa,53.15393550881085,NA,NA,NA,NA,NA,2475_0,NA,NA,1,NA,NA,NA,NA
cpsnj14_SemiBin_102.fa,58.60992013957963,NA,NA,NA,NA,NA,2476_1,NA,NA,3,97.84,97.00,NA,NA
cpsnj19_SemiBin_92.fa,71.59000741599357,NA,NA,NA,NA,NA,2477_0,NA,NA,1,NA,NA,NA,NA
sample5_SemiBin_1.fa,100.75315212798314,NA,NA,NA,NA,NA,2478_1,NA,NA,4,99.27,97.80,NA,NA
sample18_SemiBin_15.fa,74.1463124806177,NA,NA,NA,NA,NA,2479_1,NA,NA,6,97.38,95.29,NA,NA
sample21_SemiBin_207.fa,25.13007117180048,NA,NA,NA,NA,NA,2479_2,NA,NA,1,NA,NA,NA,NA
cpsnj09_SemiBin_88.fa,59.18532407476893,NA,NA,NA,NA,NA,2479_3,NA,NA,1,NA,NA,NA,NA
sample13_SemiBin_1597.fa,19.939835657248832,NA,NA,NA,NA,NA,2480_0,NA,NA,1,NA,NA,NA,NA
cpsnj14_SemiBin_804.fa,16.273180818655586,NA,NA,NA,NA,NA,2481_0,NA,NA,1,NA,NA,NA,NA
cpsnj08_SemiBin_10.fa,71.16372292332872,NA,NA,NA,NA,NA,2482_1,NA,NA,3,97.22,96.37,NA,NA
cpsnj16_SemiBin_79.fa,43.51137974770306,NA,NA,NA,NA,NA,2482_2,NA,NA,1,NA,NA,NA,NA
sample27_SemiBin_50.fa,49.676025637777,NA,NA,NA,NA,NA,2482_3,NA,NA,1,NA,NA,NA,NA
cpsnj03_SemiBin_165.fa,48.03700556602671,NA,NA,NA,NA,NA,2482_4,NA,NA,1,NA,NA,NA,NA
snj03_SemiBin_10.fa,73.80726855959892,NA,NA,NA,NA,NA,2482_5,NA,NA,1,NA,NA,NA,NA
sample28_SemiBin_351.fa,46.66461383016895,NA,NA,NA,NA,NA,2482_6,NA,NA,1,NA,NA,NA,NA
sample20_SemiBin_105.fa,51.54641191440968,NA,NA,NA,NA,NA,2482_7,NA,NA,1,NA,NA,NA,NA
sample29_SemiBin_58.fa,64.00385958417627,NA,NA,NA,NA,NA,2482_8,NA,NA,2,95.12,95.12,NA,NA
cpsnj01_SemiBin_24.fa,69.17247355881213,NA,NA,NA,NA,NA,2482_9,NA,NA,1,NA,NA,NA,NA
snj01_SemiBin_41.fa,48.76834121062523,NA,NA,NA,NA,NA,2482_10,NA,NA,1,NA,NA,NA,NA
sample11_SemiBin_23.fa,62.01971621643672,NA,NA,NA,NA,NA,2482_11,NA,NA,1,NA,NA,NA,NA
sample12_SemiBin_54.fa,47.272348876346015,NA,NA,NA,NA,NA,2482_12,NA,NA,1,NA,NA,NA,NA
snj02_SemiBin_59.fa,51.20202788826822,NA,NA,NA,NA,NA,2483_0,NA,NA,1,NA,NA,NA,NA
sample8_SemiBin_114.fa,41.57208867673428,NA,NA,NA,NA,NA,2484_0,NA,NA,1,NA,NA,NA,NA
cpsnj08_SemiBin_148.fa,44.79256094160867,NA,NA,NA,NA,NA,2485_1,NA,NA,2,95.42,95.42,NA,NA
sample26_SemiBin_86.fa,30.705525964558163,NA,NA,NA,NA,NA,2486_0,NA,NA,1,NA,NA,NA,NA
sample7_SemiBin_191.fa,64.26820081095524,NA,NA,NA,NA,NA,2487_0,NA,NA,1,NA,NA,NA,NA
cpsnj13_SemiBin_94.fa,32.618343604724245,NA,NA,NA,NA,NA,2488_0,NA,NA,1,NA,NA,NA,NA
sample21_SemiBin_52.fa,79.70372024043718,NA,NA,NA,NA,NA,2489_1,NA,NA,3,97.58,97.34,NA,NA
snj16_SemiBin_87.fa,47.080244861640594,NA,NA,NA,NA,NA,2489_2,NA,NA,1,NA,NA,NA,NA
snj08_SemiBin_107.fa,37.33686346923427,NA,NA,NA,NA,NA,2489_3,NA,NA,1,NA,NA,NA,NA
cpsnj15_SemiBin_41.fa,53.33094288601711,NA,NA,NA,NA,NA,2489_4,NA,NA,1,NA,NA,NA,NA
cpsnj20_SemiBin_63.fa,65.84068475204174,NA,NA,NA,NA,NA,2490_0,NA,NA,1,NA,NA,NA,NA
sample20_SemiBin_208.fa,45.66928601223739,NA,NA,NA,NA,NA,2491_1,NA,NA,1,NA,NA,NA,NA
snj13_SemiBin_61.fa,51.53104616866226,NA,NA,NA,NA,NA,2491_2,NA,NA,1,NA,NA,NA,NA
cpsnj20_SemiBin_55.fa,48.04766441423642,NA,NA,NA,NA,NA,2492_0,NA,NA,1,NA,NA,NA,NA
cpsnj16_SemiBin_106.fa,13.874670468996818,NA,NA,NA,NA,NA,2493_1,NA,NA,1,NA,NA,NA,NA
sample28_SemiBin_116.fa,50.07463338638197,NA,NA,NA,NA,NA,2493_2,NA,NA,1,NA,NA,NA,NA
cpsnj08_SemiBin_1239.fa,28.25388257098413,NA,NA,NA,NA,NA,2494_0,NA,NA,1,NA,NA,NA,NA
snj11_SemiBin_389.fa,48.26009614844353,NA,NA,NA,NA,NA,2495_1,NA,NA,3,95.60,95.58,NA,NA
sample21_SemiBin_77.fa,55.77626715966093,NA,NA,NA,NA,NA,2495_2,NA,NA,2,95.76,95.76,NA,NA
cpsnj15_SemiBin_62.fa,57.39905173768148,NA,NA,NA,NA,NA,2495_3,NA,NA,1,NA,NA,NA,NA
cpsnj13_SemiBin_187.fa,43.89061925355051,NA,NA,NA,NA,NA,2496_0,NA,NA,1,NA,NA,NA,NA
sample29_SemiBin_227.fa,33.201808562729745,NA,NA,NA,NA,NA,2497_0,NA,NA,1,NA,NA,NA,NA
sample29_SemiBin_67.fa,67.56784710820814,NA,NA,NA,NA,NA,2498_0,NA,NA,1,NA,NA,NA,NA
sample19_SemiBin_19.fa,90.86998725121715,NA,NA,NA,NA,NA,2499_1,NA,NA,2,96.69,96.69,NA,NA
sample16_SemiBin_182.fa,45.97177358603832,NA,NA,NA,NA,NA,2499_2,NA,NA,1,NA,NA,NA,NA
sample26_SemiBin_80.fa,35.03174305000379,NA,NA,NA,NA,NA,2499_3,NA,NA,1,NA,NA,NA,NA
sample29_SemiBin_143.fa,62.92953860567366,NA,NA,NA,NA,NA,2500_0,NA,NA,1,NA,NA,NA,NA
sample19_SemiBin_178.fa,59.91473306471551,NA,NA,NA,NA,NA,2501_1,NA,NA,2,96.29,96.29,NA,NA
sample18_SemiBin_317.fa,48.69800074779343,NA,NA,NA,NA,NA,2502_0,NA,NA,1,NA,NA,NA,NA
sample22_SemiBin_124.fa,59.190192482418766,NA,NA,NA,NA,NA,2503_1,NA,NA,2,95.73,95.73,NA,NA
sample15_SemiBin_334.fa,41.956756106936034,NA,NA,NA,NA,NA,2503_2,NA,NA,1,NA,NA,NA,NA
sample1_SemiBin_1843.fa,18.19411549531038,NA,NA,NA,NA,NA,2503_3,NA,NA,1,NA,NA,NA,NA
cpsnj19_SemiBin_35.fa,50.516311656731965,NA,NA,NA,NA,NA,2504_0,NA,NA,1,NA,NA,NA,NA
sample7_SemiBin_1723.fa,25.66340557345948,NA,NA,NA,NA,NA,2505_0,NA,NA,1,NA,NA,NA,NA
sample11_SemiBin_52.fa,55.67314586232214,NA,NA,NA,NA,NA,2506_1,NA,NA,1,NA,NA,NA,NA
sample12_SemiBin_61.fa,52.06510867259709,NA,NA,NA,NA,NA,2506_2,NA,NA,1,NA,NA,NA,NA
sample27_SemiBin_118.fa,51.98302813875356,NA,NA,NA,NA,NA,2506_3,NA,NA,1,NA,NA,NA,NA
snj13_SemiBin_180.fa,7.532758245466876,NA,NA,NA,NA,NA,2506_4,NA,NA,1,NA,NA,NA,NA
sample20_SemiBin_112.fa,41.88378554483455,NA,NA,NA,NA,NA,2506_5,NA,NA,1,NA,NA,NA,NA
sample3_SemiBin_53.fa,48.82897482029722,NA,NA,NA,NA,NA,2506_6,NA,NA,1,NA,NA,NA,NA
sample4_SemiBin_46.fa,44.69870777101664,NA,NA,NA,NA,NA,2506_7,NA,NA,1,NA,NA,NA,NA
cpsnj02_SemiBin_31.fa,55.83794720558238,NA,NA,NA,NA,NA,2506_8,NA,NA,1,NA,NA,NA,NA
snj02_SemiBin_69.fa,50.72580572267523,NA,NA,NA,NA,NA,2506_9,NA,NA,1,NA,NA,NA,NA
cpsnj09_SemiBin_60.fa,67.96133629087642,NA,NA,NA,NA,NA,2506_10,NA,NA,2,95.29,95.29,NA,NA
snj01_SemiBin_12.fa,74.93535466854514,NA,NA,NA,NA,NA,2506_11,NA,NA,2,95.59,95.59,NA,NA
snj03_SemiBin_43.fa,28.38385709601988,NA,NA,NA,NA,NA,2506_12,NA,NA,1,NA,NA,NA,NA
cpsnj08_SemiBin_102.fa,52.98370954799381,NA,NA,NA,NA,NA,2506_13,NA,NA,2,95.22,95.22,NA,NA
snj20_SemiBin_110.fa,55.43705503247786,NA,NA,NA,NA,NA,2506_14,NA,NA,1,NA,NA,NA,NA
cpsnj03_SemiBin_59.fa,60.00302591080992,NA,NA,NA,NA,NA,2506_15,NA,NA,2,95.29,95.29,NA,NA
cpsnj04_SemiBin_47.fa,56.43782663317022,NA,NA,NA,NA,NA,2506_16,NA,NA,1,NA,NA,NA,NA
snj04_SemiBin_26.fa,63.07526246353787,NA,NA,NA,NA,NA,2506_17,NA,NA,1,NA,NA,NA,NA
sample22_SemiBin_45.fa,61.93517450331523,NA,NA,NA,NA,NA,2506_18,NA,NA,5,95.56,94.83,NA,NA
sample6_SemiBin_30.fa,69.45863660532677,NA,NA,NA,NA,NA,2506_19,NA,NA,1,NA,NA,NA,NA
sample15_SemiBin_155.fa,47.13143922539541,NA,NA,NA,NA,NA,2506_20,NA,NA,1,NA,NA,NA,NA
cpsnj19_SemiBin_45.fa,62.02904100532674,NA,NA,NA,NA,NA,2506_21,NA,NA,1,NA,NA,NA,NA
sample30_SemiBin_12.fa,65.15006513462394,NA,NA,NA,NA,NA,2506_22,NA,NA,1,NA,NA,NA,NA
sample5_SemiBin_19.fa,41.19990020136865,NA,NA,NA,NA,NA,2506_23,NA,NA,1,NA,NA,NA,NA
cpsnj16_SemiBin_104.fa,43.05842853530877,NA,NA,NA,NA,NA,2506_24,NA,NA,1,NA,NA,NA,NA
sample21_SemiBin_61.fa,31.70812540933566,NA,NA,NA,NA,NA,2506_25,NA,NA,1,NA,NA,NA,NA
snj11_SemiBin_84.fa,50.72305625089829,NA,NA,NA,NA,NA,2506_26,NA,NA,1,NA,NA,NA,NA
sample14_SemiBin_1525.fa,12.784442680920217,NA,NA,NA,NA,NA,2506_27,NA,NA,1,NA,NA,NA,NA
sample1_SemiBin_121.fa,39.69395841447432,NA,NA,NA,NA,NA,2506_28,NA,NA,1,NA,NA,NA,NA
snj10_SemiBin_42.fa,24.54350317319078,NA,NA,NA,NA,NA,2506_29,NA,NA,1,NA,NA,NA,NA
sample19_SemiBin_139.fa,57.81682611717702,NA,NA,NA,NA,NA,2506_30,NA,NA,1,NA,NA,NA,NA
cpsnj13_SemiBin_181.fa,34.90894603524982,NA,NA,NA,NA,NA,2506_31,NA,NA,1,NA,NA,NA,NA
snj16_SemiBin_1480.fa,6.825169033610899,NA,NA,NA,NA,NA,2506_32,NA,NA,1,NA,NA,NA,NA
sample13_SemiBin_1162.fa,34.00629472437903,NA,NA,NA,NA,NA,2506_33,NA,NA,1,NA,NA,NA,NA
cpsnj02_SemiBin_1629.fa,11.189039103026865,NA,NA,NA,NA,NA,2507_0,NA,NA,1,NA,NA,NA,NA
cpsnj20_SemiBin_86.fa,55.34164291794039,NA,NA,NA,NA,NA,2508_0,NA,NA,1,NA,NA,NA,NA
snj13_SemiBin_191.fa,56.00567710869886,NA,NA,NA,NA,NA,2509_0,NA,NA,1,NA,NA,NA,NA
cpsnj10_SemiBin_3.fa,82.41571534093262,NA,NA,NA,NA,NA,2510_1,NA,NA,3,98.77,98.53,NA,NA
snj09_SemiBin_770.fa,23.260535692377072,NA,NA,NA,NA,NA,2510_2,NA,NA,1,NA,NA,NA,NA
sample23_SemiBin_10.fa,87.19806615148448,NA,NA,NA,NA,NA,2511_1,NA,NA,3,97.33,96.34,NA,NA
sample13_SemiBin_102.fa,34.808843176239904,NA,NA,NA,NA,NA,2512_1,NA,NA,1,NA,NA,NA,NA
sample27_SemiBin_434.fa,5.31965927393816,NA,NA,NA,NA,NA,2512_2,NA,NA,1,NA,NA,NA,NA
snj10_SemiBin_1731.fa,18.169869765728585,NA,NA,NA,NA,NA,2512_3,NA,NA,1,NA,NA,NA,NA
sample17_SemiBin_96.fa,62.72193118279015,NA,NA,NA,NA,NA,2512_4,NA,NA,1,NA,NA,NA,NA
snj08_SemiBin_47.fa,53.5193342846061,NA,NA,NA,NA,NA,2512_5,NA,NA,1,NA,NA,NA,NA
sample18_SemiBin_205.fa,39.44341627262863,NA,NA,NA,NA,NA,2512_6,NA,NA,1,NA,NA,NA,NA
cpsnj16_SemiBin_167.fa,33.57438052124333,NA,NA,NA,NA,NA,2512_7,NA,NA,1,NA,NA,NA,NA
sample2_SemiBin_22.fa,60.57732163135305,NA,NA,NA,NA,NA,2512_8,NA,NA,3,96.31,95.65,NA,NA
sample10_SemiBin_70.fa,64.23680831027119,NA,NA,NA,NA,NA,2512_9,NA,NA,1,NA,NA,NA,NA
cpsnj03_SemiBin_1493.fa,16.302427497406644,NA,NA,NA,NA,NA,2512_10,NA,NA,1,NA,NA,NA,NA
snj03_SemiBin_909.fa,29.119434342620355,NA,NA,NA,NA,NA,2512_11,NA,NA,1,NA,NA,NA,NA
cpsnj09_SemiBin_117.fa,31.294052667042667,NA,NA,NA,NA,NA,2512_12,NA,NA,1,NA,NA,NA,NA
snj10_SemiBin_119.fa,19.886927934293983,NA,NA,NA,NA,NA,2512_13,NA,NA,1,NA,NA,NA,NA
sample4_SemiBin_117.fa,20.633319456286305,NA,NA,NA,NA,NA,2513_0,NA,NA,1,NA,NA,NA,NA
sample29_SemiBin_1683.fa,13.921782318007976,NA,NA,NA,NA,NA,2514_0,NA,NA,1,NA,NA,NA,NA
cpsnj20_SemiBin_16.fa,88.51841321667237,NA,NA,NA,NA,NA,2515_0,NA,NA,1,NA,NA,NA,NA
cpsnj11_SemiBin_2.fa,98.28067372345812,NA,NA,NA,NA,NA,2516_1,NA,NA,7,98.63,96.96,NA,NA
sample26_SemiBin_1.fa,100.56930383020033,NA,NA,NA,NA,NA,2516_2,NA,NA,20,98.98,96.79,NA,NA
cpsnj13_SemiBin_115.fa,60.57611960582186,NA,NA,NA,NA,NA,2517_0,NA,NA,1,NA,NA,NA,NA
sample12_SemiBin_48.fa,76.31585003295599,NA,NA,NA,NA,NA,2518_1,NA,NA,3,95.95,95.64,NA,NA
sample8_SemiBin_14.fa,75.43061337123495,NA,NA,NA,NA,NA,2519_1,NA,NA,3,97.81,97.17,NA,NA
sample3_SemiBin_374.fa,52.52436705430118,NA,NA,NA,NA,NA,2519_2,NA,NA,1,NA,NA,NA,NA
sample4_SemiBin_320.fa,18.69036755833327,NA,NA,NA,NA,NA,2519_3,NA,NA,1,NA,NA,NA,NA
cpsnj09_SemiBin_85.fa,27.884173596404636,NA,NA,NA,NA,NA,2520_0,NA,NA,1,NA,NA,NA,NA
sample17_SemiBin_60.fa,68.72191470008784,NA,NA,NA,NA,NA,2521_0,NA,NA,1,NA,NA,NA,NA
sample18_SemiBin_10.fa,89.00116553623053,NA,NA,NA,NA,NA,2522_1,NA,NA,2,96.63,96.63,NA,NA
sample22_SemiBin_30.fa,93.07896205902522,NA,NA,NA,NA,NA,2522_2,NA,NA,7,98.76,95.32,NA,NA
sample21_SemiBin_534.fa,38.927419343188056,NA,NA,NA,NA,NA,2522_3,NA,NA,1,NA,NA,NA,NA
sample7_SemiBin_8.fa,99.28926215055286,NA,NA,NA,NA,NA,2523_1,NA,NA,28,98.45,96.76,NA,NA
sample19_SemiBin_411.fa,16.301318605197743,NA,NA,NA,NA,NA,2523_2,NA,NA,1,NA,NA,NA,NA
sample19_SemiBin_211.fa,60.74728755500609,NA,NA,NA,NA,NA,2524_1,NA,NA,2,99.03,99.03,NA,NA
sample22_SemiBin_1.fa,101.49186891887234,NA,NA,NA,NA,NA,2525_1,NA,NA,13,99.45,98.44,NA,NA
sample17_SemiBin_132.fa,40.75381062292423,NA,NA,NA,NA,NA,2526_0,NA,NA,1,NA,NA,NA,NA
sample29_SemiBin_290.fa,32.23541433741998,NA,NA,NA,NA,NA,2527_0,NA,NA,1,NA,NA,NA,NA
sample12_SemiBin_33.fa,46.225770420605926,NA,NA,NA,NA,NA,2528_0,NA,NA,1,NA,NA,NA,NA
sample27_SemiBin_41.fa,64.19715550517027,NA,NA,NA,NA,NA,2529_0,NA,NA,1,NA,NA,NA,NA
cpsnj16_SemiBin_68.fa,62.92034684216051,NA,NA,NA,NA,NA,2530_1,NA,NA,5,97.28,95.58,NA,NA
sample10_SemiBin_90.fa,51.61999713815805,NA,NA,NA,NA,NA,2530_2,NA,NA,1,NA,NA,NA,NA
cpsnj20_SemiBin_32.fa,71.58011748086267,NA,NA,NA,NA,NA,2531_0,NA,NA,1,NA,NA,NA,NA
cpsnj20_SemiBin_172.fa,50.54489977454433,NA,NA,NA,NA,NA,2532_0,NA,NA,1,NA,NA,NA,NA
sample29_SemiBin_8.fa,100.72216433637004,NA,NA,NA,NA,NA,2533_0,NA,NA,1,NA,NA,NA,NA
cpsnj20_SemiBin_209.fa,32.22004830154041,NA,NA,NA,NA,NA,2534_0,NA,NA,1,NA,NA,NA,NA
snj09_SemiBin_105.fa,55.510159657826215,NA,NA,NA,NA,NA,2535_1,NA,NA,1,NA,NA,NA,NA
snj10_SemiBin_57.fa,53.189639521812296,NA,NA,NA,NA,NA,2535_2,NA,NA,1,NA,NA,NA,NA
snj08_SemiBin_56.fa,50.31095478216855,NA,NA,NA,NA,NA,2535_3,NA,NA,1,NA,NA,NA,NA
snj20_SemiBin_143.fa,51.13500551200357,NA,NA,NA,NA,NA,2535_4,NA,NA,1,NA,NA,NA,NA
sample19_SemiBin_492.fa,43.42712826366216,NA,NA,NA,NA,NA,2536_0,NA,NA,1,NA,NA,NA,NA
snj04_SemiBin_1805.fa,5.3915393566893455,NA,NA,NA,NA,NA,2537_0,NA,NA,1,NA,NA,NA,NA
cpsnj20_SemiBin_78.fa,55.29253184175802,NA,NA,NA,NA,NA,2538_0,NA,NA,1,NA,NA,NA,NA
cpsnj20_SemiBin_431.fa,37.37581733579313,NA,NA,NA,NA,NA,2539_0,NA,NA,1,NA,NA,NA,NA
sample10_SemiBin_0.fa,102.76488112479257,NA,NA,NA,NA,NA,2540_1,NA,NA,16,99.82,96.34,NA,NA
cpsnj20_SemiBin_129.fa,45.6023273809776,NA,NA,NA,NA,NA,2541_0,NA,NA,1,NA,NA,NA,NA
sample15_SemiBin_266.fa,84.36121197617035,NA,NA,NA,NA,NA,2542_1,NA,NA,5,97.00,96.34,NA,NA
sample27_SemiBin_80.fa,39.29093725235768,NA,NA,NA,NA,NA,2542_2,NA,NA,1,NA,NA,NA,NA
sample11_SemiBin_24.fa,66.26749388367516,NA,NA,NA,NA,NA,2542_3,NA,NA,1,NA,NA,NA,NA
sample24_SemiBin_26.fa,50.64791172339836,NA,NA,NA,NA,NA,2542_4,NA,NA,1,NA,NA,NA,NA
sample12_SemiBin_57.fa,47.55663986329043,NA,NA,NA,NA,NA,2542_5,NA,NA,1,NA,NA,NA,NA
cpsnj01_SemiBin_40.fa,57.697474749344025,NA,NA,NA,NA,NA,2543_0,NA,NA,1,NA,NA,NA,NA
snj13_SemiBin_136.fa,52.90989732946946,NA,NA,NA,NA,NA,2544_1,NA,NA,1,NA,NA,NA,NA
snj15_SemiBin_75.fa,26.706756429528504,NA,NA,NA,NA,NA,2544_2,NA,NA,1,NA,NA,NA,NA
sample19_SemiBin_2.fa,98.57863299427656,NA,NA,NA,NA,NA,2545_0,NA,NA,1,NA,NA,NA,NA
cpsnj02_SemiBin_10.fa,91.40412158189004,NA,NA,NA,NA,NA,2546_1,NA,NA,2,96.13,96.13,NA,NA
cpsnj20_SemiBin_554.fa,32.43426115293866,NA,NA,NA,NA,NA,2547_0,NA,NA,1,NA,NA,NA,NA
sample26_SemiBin_42.fa,59.13015392199823,NA,NA,NA,NA,NA,2548_1,NA,NA,2,97.71,97.71,NA,NA
sample15_SemiBin_317.fa,63.37765318149541,NA,NA,NA,NA,NA,2549_1,NA,NA,2,96.61,96.61,NA,NA
sample30_SemiBin_83.fa,48.1917693624918,NA,NA,NA,NA,NA,2550_0,NA,NA,1,NA,NA,NA,NA
sample14_SemiBin_53.fa,55.24179673270248,NA,NA,NA,NA,NA,2551_0,NA,NA,1,NA,NA,NA,NA
cpsnj15_SemiBin_110.fa,61.55638775218105,NA,NA,NA,NA,NA,2552_1,NA,NA,4,96.14,95.47,NA,NA
cpsnj20_SemiBin_149.fa,30.30033567639296,NA,NA,NA,NA,NA,2553_0,NA,NA,1,NA,NA,NA,NA
cpsnj20_SemiBin_164.fa,57.02778299436471,NA,NA,NA,NA,NA,2554_0,NA,NA,1,NA,NA,NA,NA
cpsnj08_SemiBin_106.fa,55.56136602599764,NA,NA,NA,NA,NA,2555_1,NA,NA,1,NA,NA,NA,NA
cpsnj11_SemiBin_192.fa,57.1855169798184,NA,NA,NA,NA,NA,2555_2,NA,NA,1,NA,NA,NA,NA
cpsnj04_SemiBin_102.fa,47.67059545880754,NA,NA,NA,NA,NA,2555_3,NA,NA,1,NA,NA,NA,NA
cpsnj11_SemiBin_16.fa,92.2425452558261,NA,NA,NA,NA,NA,2556_1,NA,NA,15,98.64,96.12,NA,NA
sample8_SemiBin_50.fa,70.43034238752094,NA,NA,NA,NA,NA,2556_2,NA,NA,1,NA,NA,NA,NA
sample16_SemiBin_3.fa,100.22895525594264,NA,NA,NA,NA,NA,2557_1,NA,NA,20,97.90,94.99,NA,NA
sample28_SemiBin_101.fa,75.71940826226871,NA,NA,NA,NA,NA,2557_2,NA,NA,1,NA,NA,NA,NA
cpsnj02_SemiBin_74.fa,46.67920075822499,NA,NA,NA,NA,NA,2557_3,NA,NA,1,NA,NA,NA,NA
sample25_SemiBin_48.fa,60.5195387740774,NA,NA,NA,NA,NA,2558_1,NA,NA,3,95.73,95.62,NA,NA
sample6_SemiBin_193.fa,42.12714055583882,NA,NA,NA,NA,NA,2558_2,NA,NA,1,NA,NA,NA,NA
snj02_SemiBin_540.fa,35.07468461194465,NA,NA,NA,NA,NA,2559_0,NA,NA,1,NA,NA,NA,NA
sample19_SemiBin_107.fa,55.52856317901129,NA,NA,NA,NA,NA,2560_0,NA,NA,1,NA,NA,NA,NA
cpsnj20_SemiBin_207.fa,33.10676357888722,NA,NA,NA,NA,NA,2561_0,NA,NA,1,NA,NA,NA,NA
sample5_SemiBin_46.fa,51.85841432759823,NA,NA,NA,NA,NA,2562_1,NA,NA,1,NA,NA,NA,NA
sample8_SemiBin_68.fa,47.38749141918126,NA,NA,NA,NA,NA,2562_2,NA,NA,1,NA,NA,NA,NA
sample24_SemiBin_1185.fa,17.360584386914844,NA,NA,NA,NA,NA,2563_1,NA,NA,1,NA,NA,NA,NA
sample6_SemiBin_256.fa,59.29044469278505,NA,NA,NA,NA,NA,2563_2,NA,NA,1,NA,NA,NA,NA
cpsnj02_SemiBin_1670.fa,28.868889814970963,NA,NA,NA,NA,NA,2563_3,NA,NA,1,NA,NA,NA,NA
cpsnj09_SemiBin_2176.fa,7.914757996228071,NA,NA,NA,NA,NA,2564_0,NA,NA,1,NA,NA,NA,NA
snj14_SemiBin_1834.fa,18.136502925007868,NA,NA,NA,NA,NA,2565_0,NA,NA,1,NA,NA,NA,NA
cpsnj20_SemiBin_48.fa,27.59835279040145,NA,NA,NA,NA,NA,2566_0,NA,NA,1,NA,NA,NA,NA
cpsnj14_SemiBin_8.fa,96.5783454493888,NA,NA,NA,NA,NA,2567_1,NA,NA,15,98.91,95.45,NA,NA
sample27_SemiBin_235.fa,40.19706560839164,NA,NA,NA,NA,NA,2567_2,NA,NA,1,NA,NA,NA,NA
cpsnj13_SemiBin_87.fa,30.43376550996578,NA,NA,NA,NA,NA,2567_3,NA,NA,1,NA,NA,NA,NA
cpsnj16_SemiBin_1193.fa,17.89865546816439,NA,NA,NA,NA,NA,2568_1,NA,NA,1,NA,NA,NA,NA
snj09_SemiBin_816.fa,22.43762873653065,NA,NA,NA,NA,NA,2568_2,NA,NA,1,NA,NA,NA,NA
cpsnj08_SemiBin_366.fa,35.732540513412914,NA,NA,NA,NA,NA,2569_1,NA,NA,1,NA,NA,NA,NA
sample26_SemiBin_87.fa,67.5392317819677,NA,NA,NA,NA,NA,2569_2,NA,NA,1,NA,NA,NA,NA
cpsnj08_SemiBin_42.fa,85.14066077344823,NA,NA,NA,NA,NA,2570_1,NA,NA,16,98.22,95.45,NA,NA
cpsnj09_SemiBin_92.fa,48.81847160979007,NA,NA,NA,NA,NA,2570_2,NA,NA,1,NA,NA,NA,NA
sample9_SemiBin_279.fa,42.02646236219057,NA,NA,NA,NA,NA,2570_3,NA,NA,1,NA,NA,NA,NA
sample23_SemiBin_1197.fa,9.284634373202248,NA,NA,NA,NA,NA,2570_4,NA,NA,1,NA,NA,NA,NA
sample21_SemiBin_1864.fa,27.322662336669595,NA,NA,NA,NA,NA,2571_0,NA,NA,1,NA,NA,NA,NA
cpsnj16_SemiBin_100.fa,46.98993497283232,NA,NA,NA,NA,NA,2572_0,NA,NA,1,NA,NA,NA,NA
cpsnj20_SemiBin_99.fa,57.4777520335413,NA,NA,NA,NA,NA,2573_0,NA,NA,1,NA,NA,NA,NA
sample1_SemiBin_29.fa,79.11424568409497,NA,NA,NA,NA,NA,2574_1,NA,NA,2,96.92,96.92,NA,NA
sample28_SemiBin_85.fa,49.46761076028675,NA,NA,NA,NA,NA,2575_0,NA,NA,1,NA,NA,NA,NA
sample7_SemiBin_105.fa,50.8501318656334,NA,NA,NA,NA,NA,2576_0,NA,NA,1,NA,NA,NA,NA
sample28_SemiBin_83.fa,36.83963293904614,NA,NA,NA,NA,NA,2577_1,NA,NA,1,NA,NA,NA,NA
snj09_SemiBin_693.fa,33.05631299357946,NA,NA,NA,NA,NA,2577_2,NA,NA,1,NA,NA,NA,NA
cpsnj10_SemiBin_179.fa,33.51969850581826,NA,NA,NA,NA,NA,2578_0,NA,NA,1,NA,NA,NA,NA
sample1_SemiBin_218.fa,58.82284041667268,NA,NA,NA,NA,NA,2579_0,NA,NA,1,NA,NA,NA,NA
sample12_SemiBin_64.fa,40.09033728133864,NA,NA,NA,NA,NA,2580_0,NA,NA,1,NA,NA,NA,NA
sample28_SemiBin_1357.fa,6.751936583565743,NA,NA,NA,NA,NA,2581_0,NA,NA,1,NA,NA,NA,NA
sample28_SemiBin_107.fa,60.91743803862261,NA,NA,NA,NA,NA,2582_0,NA,NA,1,NA,NA,NA,NA
snj19_SemiBin_17.fa,78.54192708158105,NA,NA,NA,NA,NA,2583_1,NA,NA,2,96.08,96.08,NA,NA
cpsnj20_SemiBin_94.fa,83.10319582047708,NA,NA,NA,NA,NA,2584_0,NA,NA,1,NA,NA,NA,NA
cpsnj01_SemiBin_146.fa,52.093829325617605,NA,NA,NA,NA,NA,2585_1,NA,NA,1,NA,NA,NA,NA
sample28_SemiBin_98.fa,48.804270834874224,NA,NA,NA,NA,NA,2585_2,NA,NA,1,NA,NA,NA,NA
snj01_SemiBin_123.fa,45.0724552006251,NA,NA,NA,NA,NA,2585_3,NA,NA,1,NA,NA,NA,NA
snj02_SemiBin_60.fa,63.182075511228646,NA,NA,NA,NA,NA,2585_4,NA,NA,1,NA,NA,NA,NA
cpsnj20_SemiBin_1607.fa,15.997039552088635,NA,NA,NA,NA,NA,2586_0,NA,NA,1,NA,NA,NA,NA
cpsnj20_SemiBin_436.fa,48.08296608506906,NA,NA,NA,NA,NA,2587_0,NA,NA,1,NA,NA,NA,NA
sample1_SemiBin_269.fa,46.924932057031086,NA,NA,NA,NA,NA,2588_0,NA,NA,1,NA,NA,NA,NA
snj02_SemiBin_80.fa,48.19610283993304,NA,NA,NA,NA,NA,2589_0,NA,NA,1,NA,NA,NA,NA
sample25_SemiBin_204.fa,50.091060557462015,NA,NA,NA,NA,NA,2590_1,NA,NA,5,95.85,95.03,NA,NA
snj15_SemiBin_42.fa,20.76949205947137,NA,NA,NA,NA,NA,2590_2,NA,NA,1,NA,NA,NA,NA
cpsnj16_SemiBin_89.fa,27.70070621268393,NA,NA,NA,NA,NA,2590_3,NA,NA,1,NA,NA,NA,NA
sample5_SemiBin_75.fa,25.2563394840905,NA,NA,NA,NA,NA,2591_0,NA,NA,1,NA,NA,NA,NA
sample18_SemiBin_257.fa,50.468741425426565,NA,NA,NA,NA,NA,2592_0,NA,NA,1,NA,NA,NA,NA
sample26_SemiBin_57.fa,75.18573403793589,NA,NA,NA,NA,NA,2593_1,NA,NA,8,98.32,97.31,NA,NA
snj02_SemiBin_25.fa,62.60233725822642,NA,NA,NA,NA,NA,2594_1,NA,NA,2,95.44,95.44,NA,NA
sample5_SemiBin_117.fa,21.890948655998542,NA,NA,NA,NA,NA,2595_0,NA,NA,1,NA,NA,NA,NA
cpsnj20_SemiBin_158.fa,54.327611304035024,NA,NA,NA,NA,NA,2596_0,NA,NA,1,NA,NA,NA,NA
sample18_SemiBin_196.fa,50.97894546207971,NA,NA,NA,NA,NA,2597_0,NA,NA,1,NA,NA,NA,NA
sample1_SemiBin_109.fa,82.73895264526591,NA,NA,NA,NA,NA,2598_1,NA,NA,2,98.54,98.54,NA,NA
sample10_SemiBin_86.fa,65.22171359472742,NA,NA,NA,NA,NA,2599_0,NA,NA,1,NA,NA,NA,NA
sample13_SemiBin_124.fa,43.71277113889606,NA,NA,NA,NA,NA,2600_0,NA,NA,1,NA,NA,NA,NA
sample19_SemiBin_43.fa,79.53277663461142,NA,NA,NA,NA,NA,2601_0,NA,NA,1,NA,NA,NA,NA
sample20_SemiBin_196.fa,50.255108848415816,NA,NA,NA,NA,NA,2602_0,NA,NA,1,NA,NA,NA,NA
sample18_SemiBin_219.fa,26.30028295140909,NA,NA,NA,NA,NA,2603_0,NA,NA,1,NA,NA,NA,NA
sample29_SemiBin_124.fa,35.070566991215614,NA,NA,NA,NA,NA,2604_0,NA,NA,1,NA,NA,NA,NA
cpsnj08_SemiBin_6.fa,91.57143330103014,NA,NA,NA,NA,NA,2605_1,NA,NA,25,98.03,95.86,NA,NA
cpsnj15_SemiBin_38.fa,52.990900414950985,NA,NA,NA,NA,NA,2605_2,NA,NA,1,NA,NA,NA,NA
sample25_SemiBin_83.fa,46.88143883815111,NA,NA,NA,NA,NA,2605_3,NA,NA,1,NA,NA,NA,NA
cpsnj04_SemiBin_89.fa,50.805620354071095,NA,NA,NA,NA,NA,2605_4,NA,NA,1,NA,NA,NA,NA
cpsnj13_SemiBin_79.fa,48.69176405856817,NA,NA,NA,NA,NA,2605_5,NA,NA,1,NA,NA,NA,NA
sample1_SemiBin_1801.fa,16.80107808087486,NA,NA,NA,NA,NA,2605_6,NA,NA,1,NA,NA,NA,NA
sample27_SemiBin_1479.fa,4.052943460675466,NA,NA,NA,NA,NA,2606_1,NA,NA,1,NA,NA,NA,NA
sample28_SemiBin_120.fa,55.83919051782253,NA,NA,NA,NA,NA,2606_2,NA,NA,1,NA,NA,NA,NA
sample16_SemiBin_1839.fa,14.019459173750814,NA,NA,NA,NA,NA,2607_0,NA,NA,1,NA,NA,NA,NA
snj02_SemiBin_17.fa,86.8753744905045,NA,NA,NA,NA,NA,2608_1,NA,NA,2,97.28,97.28,NA,NA
sample6_SemiBin_33.fa,83.73800936739329,NA,NA,NA,NA,NA,2609_1,NA,NA,4,95.96,95.78,NA,NA
sample24_SemiBin_43.fa,56.1630139916557,NA,NA,NA,NA,NA,2609_2,NA,NA,1,NA,NA,NA,NA
snj01_SemiBin_8.fa,94.47333971505452,NA,NA,NA,NA,NA,2610_1,NA,NA,3,98.00,96.75,NA,NA
sample1_SemiBin_33.fa,77.58219618806675,NA,NA,NA,NA,NA,2611_1,NA,NA,4,98.25,95.33,NA,NA
sample18_SemiBin_120.fa,63.977993953092096,NA,NA,NA,NA,NA,2611_2,NA,NA,1,NA,NA,NA,NA
sample17_SemiBin_136.fa,48.94901408821849,NA,NA,NA,NA,NA,2612_0,NA,NA,1,NA,NA,NA,NA
sample29_SemiBin_63.fa,74.9113353476126,NA,NA,NA,NA,NA,2613_0,NA,NA,1,NA,NA,NA,NA
cpsnj04_SemiBin_45.fa,63.26443228402739,NA,NA,NA,NA,NA,2614_1,NA,NA,1,NA,NA,NA,NA
sample8_SemiBin_79.fa,52.75987445474572,NA,NA,NA,NA,NA,2614_2,NA,NA,1,NA,NA,NA,NA
sample17_SemiBin_31.fa,85.5033379403948,NA,NA,NA,NA,NA,2615_0,NA,NA,1,NA,NA,NA,NA
sample7_SemiBin_51.fa,55.95334057390305,NA,NA,NA,NA,NA,2616_1,NA,NA,9,96.80,94.80,NA,NA
cpsnj01_SemiBin_30.fa,18.44475306761175,NA,NA,NA,NA,NA,2617_0,NA,NA,1,NA,NA,NA,NA
sample29_SemiBin_41.fa,63.51526680005759,NA,NA,NA,NA,NA,2618_0,NA,NA,1,NA,NA,NA,NA
sample17_SemiBin_58.fa,77.613160809127,NA,NA,NA,NA,NA,2619_1,NA,NA,2,98.06,98.06,NA,NA
cpsnj20_SemiBin_31.fa,62.81575546382655,NA,NA,NA,NA,NA,2620_0,NA,NA,1,NA,NA,NA,NA
sample11_SemiBin_29.fa,78.45526412323856,NA,NA,NA,NA,NA,2621_1,NA,NA,2,97.33,97.33,NA,NA
sample18_SemiBin_122.fa,73.53667526495815,NA,NA,NA,NA,NA,2621_2,NA,NA,1,NA,NA,NA,NA
sample17_SemiBin_147.fa,44.33246708494266,NA,NA,NA,NA,NA,2622_0,NA,NA,1,NA,NA,NA,NA
sample11_SemiBin_79.fa,55.89390214576117,NA,NA,NA,NA,NA,2623_1,NA,NA,1,NA,NA,NA,NA
sample13_SemiBin_15.fa,88.64103703630151,NA,NA,NA,NA,NA,2623_2,NA,NA,1,NA,NA,NA,NA
sample17_SemiBin_256.fa,55.48494199663176,NA,NA,NA,NA,NA,2624_1,NA,NA,3,98.12,97.98,NA,NA
snj19_SemiBin_15.fa,98.05912960295974,NA,NA,NA,NA,NA,2625_1,NA,NA,2,99.34,99.34,NA,NA
cpsnj04_SemiBin_4.fa,99.92282997292428,NA,NA,NA,NA,NA,2625_2,NA,NA,23,99.41,95.19,NA,NA
cpsnj15_SemiBin_53.fa,51.11661680072707,NA,NA,NA,NA,NA,2625_3,NA,NA,1,NA,NA,NA,NA
sample14_SemiBin_19.fa,71.45798700530845,NA,NA,NA,NA,NA,2625_4,NA,NA,1,NA,NA,NA,NA
cpsnj08_SemiBin_97.fa,45.18721771431425,NA,NA,NA,NA,NA,2626_0,NA,NA,1,NA,NA,NA,NA
sample23_SemiBin_35.fa,81.13814581596114,NA,NA,NA,NA,NA,2627_1,NA,NA,8,98.35,96.98,NA,NA
sample18_SemiBin_116.fa,86.74280786910411,NA,NA,NA,NA,NA,2628_1,NA,NA,3,98.16,96.85,NA,NA
cpsnj19_SemiBin_61.fa,72.81083447514968,NA,NA,NA,NA,NA,2629_0,NA,NA,1,NA,NA,NA,NA
sample13_SemiBin_182.fa,58.63072439652167,NA,NA,NA,NA,NA,2630_0,NA,NA,1,NA,NA,NA,NA
cpsnj19_SemiBin_15.fa,92.26678753872164,NA,NA,NA,NA,NA,2631_1,NA,NA,2,98.79,98.79,NA,NA
snj15_SemiBin_29.fa,62.80215335170958,NA,NA,NA,NA,NA,2632_1,NA,NA,2,95.19,95.19,NA,NA
cpsnj20_SemiBin_28.fa,84.05395199231299,NA,NA,NA,NA,NA,2633_1,NA,NA,2,95.22,95.22,NA,NA
cpsnj08_SemiBin_67.fa,54.96522948934136,NA,NA,NA,NA,NA,2633_2,NA,NA,1,NA,NA,NA,NA
sample19_SemiBin_39.fa,94.8388073903764,NA,NA,NA,NA,NA,2634_0,NA,NA,1,NA,NA,NA,NA
sample15_SemiBin_64.fa,58.14536248536578,NA,NA,NA,NA,NA,2635_1,NA,NA,1,NA,NA,NA,NA
sample25_SemiBin_215.fa,51.48911704778059,NA,NA,NA,NA,NA,2635_2,NA,NA,1,NA,NA,NA,NA
sample6_SemiBin_32.fa,48.94750400956368,NA,NA,NA,NA,NA,2635_3,NA,NA,1,NA,NA,NA,NA
sample28_SemiBin_25.fa,50.58217581087524,NA,NA,NA,NA,NA,2635_4,NA,NA,1,NA,NA,NA,NA
cpsnj08_SemiBin_21.fa,70.7024895695975,NA,NA,NA,NA,NA,2636_1,NA,NA,2,95.16,95.16,NA,NA
sample14_SemiBin_16.fa,58.9767052098096,NA,NA,NA,NA,NA,2636_2,NA,NA,1,NA,NA,NA,NA
snj19_SemiBin_140.fa,50.322319376647215,NA,NA,NA,NA,NA,2637_0,NA,NA,1,NA,NA,NA,NA
cpsnj20_SemiBin_68.fa,57.76456886067488,NA,NA,NA,NA,NA,2638_0,NA,NA,1,NA,NA,NA,NA
sample28_SemiBin_31.fa,59.17208471378079,NA,NA,NA,NA,NA,2639_0,NA,NA,1,NA,NA,NA,NA
sample1_SemiBin_53.fa,65.93169372953038,NA,NA,NA,NA,NA,2640_1,NA,NA,1,NA,NA,NA,NA
sample22_SemiBin_106.fa,56.46500984068705,NA,NA,NA,NA,NA,2640_2,NA,NA,1,NA,NA,NA,NA
sample15_SemiBin_1988.fa,4.312687880176821,NA,NA,NA,NA,NA,2640_3,NA,NA,1,NA,NA,NA,NA
cpsnj19_SemiBin_58.fa,73.96819073896137,NA,NA,NA,NA,NA,2641_0,NA,NA,1,NA,NA,NA,NA
sample6_SemiBin_71.fa,65.75259827190956,NA,NA,NA,NA,NA,2642_0,NA,NA,1,NA,NA,NA,NA
cpsnj01_SemiBin_42.fa,53.112874745565534,NA,NA,NA,NA,NA,2643_0,NA,NA,1,NA,NA,NA,NA
cpsnj01_SemiBin_48.fa,56.96874584732282,NA,NA,NA,NA,NA,2644_0,NA,NA,1,NA,NA,NA,NA
sample28_SemiBin_42.fa,76.75831361948109,NA,NA,NA,NA,NA,2645_1,NA,NA,3,96.11,95.87,NA,NA
snj19_SemiBin_61.fa,59.07801187800375,NA,NA,NA,NA,NA,2646_1,NA,NA,2,95.10,95.10,NA,NA
cpsnj13_SemiBin_65.fa,61.93157534049985,NA,NA,NA,NA,NA,2647_0,NA,NA,1,NA,NA,NA,NA
sample14_SemiBin_70.fa,26.50912966921185,NA,NA,NA,NA,NA,2648_1,NA,NA,1,NA,NA,NA,NA
sample26_SemiBin_54.fa,56.77538659023508,NA,NA,NA,NA,NA,2648_2,NA,NA,1,NA,NA,NA,NA
cpsnj01_SemiBin_118.fa,54.17980581986707,NA,NA,NA,NA,NA,2649_1,NA,NA,1,NA,NA,NA,NA
sample6_SemiBin_176.fa,50.173430063630775,NA,NA,NA,NA,NA,2649_2,NA,NA,1,NA,NA,NA,NA
sample29_SemiBin_152.fa,52.38343973567111,NA,NA,NA,NA,NA,2650_0,NA,NA,1,NA,NA,NA,NA
sample19_SemiBin_79.fa,51.892801349571705,NA,NA,NA,NA,NA,2651_0,NA,NA,1,NA,NA,NA,NA
sample6_SemiBin_1743.fa,26.4266191219416,NA,NA,NA,NA,NA,2652_0,NA,NA,1,NA,NA,NA,NA
sample19_SemiBin_69.fa,79.68043273302025,NA,NA,NA,NA,NA,2653_0,NA,NA,1,NA,NA,NA,NA
sample6_SemiBin_73.fa,60.42299642794186,NA,NA,NA,NA,NA,2654_1,NA,NA,2,97.44,97.44,NA,NA
snj02_SemiBin_22.fa,62.36415549498287,NA,NA,NA,NA,NA,2655_0,NA,NA,1,NA,NA,NA,NA
sample18_SemiBin_166.fa,56.18281112117351,NA,NA,NA,NA,NA,2656_0,NA,NA,1,NA,NA,NA,NA
sample19_SemiBin_42.fa,76.36077177230513,NA,NA,NA,NA,NA,2657_0,NA,NA,1,NA,NA,NA,NA
sample26_SemiBin_1297.fa,10.66719366922124,NA,NA,NA,NA,NA,2658_0,NA,NA,1,NA,NA,NA,NA
sample7_SemiBin_221.fa,34.812883058036,NA,NA,NA,NA,NA,2659_0,NA,NA,1,NA,NA,NA,NA
sample21_SemiBin_1889.fa,12.611861141225717,NA,NA,NA,NA,NA,2660_0,NA,NA,1,NA,NA,NA,NA
sample17_SemiBin_163.fa,49.91054109878309,NA,NA,NA,NA,NA,2661_0,NA,NA,1,NA,NA,NA,NA
cpsnj20_SemiBin_20.fa,78.76441820680388,NA,NA,NA,NA,NA,2662_0,NA,NA,1,NA,NA,NA,NA
snj14_SemiBin_80.fa,63.19193523248785,NA,NA,NA,NA,NA,2663_0,NA,NA,1,NA,NA,NA,NA
snj15_SemiBin_36.fa,58.706094575867695,NA,NA,NA,NA,NA,2664_0,NA,NA,1,NA,NA,NA,NA
cpsnj15_SemiBin_69.fa,59.38900195965239,NA,NA,NA,NA,NA,2665_0,NA,NA,1,NA,NA,NA,NA
snj10_SemiBin_47.fa,54.85412803335549,NA,NA,NA,NA,NA,2666_0,NA,NA,1,NA,NA,NA,NA
sample17_SemiBin_53.fa,74.65713971647672,NA,NA,NA,NA,NA,2667_0,NA,NA,1,NA,NA,NA,NA
sample29_SemiBin_289.fa,53.536905491788616,NA,NA,NA,NA,NA,2668_0,NA,NA,1,NA,NA,NA,NA
sample19_SemiBin_26.fa,92.5834560934274,NA,NA,NA,NA,NA,2669_0,NA,NA,1,NA,NA,NA,NA
sample28_SemiBin_52.fa,50.68718880113239,NA,NA,NA,NA,NA,2670_0,NA,NA,1,NA,NA,NA,NA
sample23_SemiBin_41.fa,76.69471036324666,NA,NA,NA,NA,NA,2671_0,NA,NA,1,NA,NA,NA,NA
sample1_SemiBin_165.fa,45.27348271838181,NA,NA,NA,NA,NA,2672_1,NA,NA,1,NA,NA,NA,NA
sample6_SemiBin_106.fa,50.36127476819043,NA,NA,NA,NA,NA,2672_2,NA,NA,1,NA,NA,NA,NA
sample28_SemiBin_71.fa,49.45139857438069,NA,NA,NA,NA,NA,2672_3,NA,NA,1,NA,NA,NA,NA
snj09_SemiBin_1924.fa,7.548051160688899,NA,NA,NA,NA,NA,2673_0,NA,NA,1,NA,NA,NA,NA
sample15_SemiBin_52.fa,61.018570369338256,NA,NA,NA,NA,NA,2674_1,NA,NA,6,97.88,96.54,NA,NA
sample24_SemiBin_447.fa,50.04361335908391,NA,NA,NA,NA,NA,2675_0,NA,NA,1,NA,NA,NA,NA
sample1_SemiBin_125.fa,73.84175238748408,NA,NA,NA,NA,NA,2676_1,NA,NA,2,97.70,97.70,NA,NA
cpsnj19_SemiBin_128.fa,84.59294433758052,NA,NA,NA,NA,NA,2677_1,NA,NA,5,96.91,95.66,NA,NA
sample1_SemiBin_134.fa,87.2157271346914,NA,NA,NA,NA,NA,2678_1,NA,NA,9,98.96,96.12,NA,NA
sample19_SemiBin_263.fa,65.36142892917887,NA,NA,NA,NA,NA,2679_0,NA,NA,1,NA,NA,NA,NA
snj11_SemiBin_25.fa,83.58900406179754,NA,NA,NA,NA,NA,2680_1,NA,NA,3,97.69,95.43,NA,NA
sample26_SemiBin_165.fa,24.063961813434016,NA,NA,NA,NA,NA,2680_2,NA,NA,1,NA,NA,NA,NA
sample17_SemiBin_101.fa,42.27967211506788,NA,NA,NA,NA,NA,2681_1,NA,NA,1,NA,NA,NA,NA
sample8_SemiBin_106.fa,40.1679262362433,NA,NA,NA,NA,NA,2681_2,NA,NA,1,NA,NA,NA,NA
sample15_SemiBin_109.fa,78.01989361983104,NA,NA,NA,NA,NA,2682_1,NA,NA,5,97.87,94.80,NA,NA
sample13_SemiBin_85.fa,31.963255180118825,NA,NA,NA,NA,NA,2682_2,NA,NA,1,NA,NA,NA,NA
sample29_SemiBin_104.fa,60.11842613192213,NA,NA,NA,NA,NA,2682_3,NA,NA,1,NA,NA,NA,NA
sample28_SemiBin_79.fa,79.28950535928134,NA,NA,NA,NA,NA,2682_4,NA,NA,2,96.99,96.99,NA,NA
sample7_SemiBin_206.fa,44.81495980030674,NA,NA,NA,NA,NA,2682_5,NA,NA,1,NA,NA,NA,NA
cpsnj19_SemiBin_97.fa,52.21939882977989,NA,NA,NA,NA,NA,2683_0,NA,NA,1,NA,NA,NA,NA
sample28_SemiBin_578.fa,26.096363935015127,NA,NA,NA,NA,NA,2684_0,NA,NA,1,NA,NA,NA,NA
snj19_SemiBin_48.fa,49.42299562507374,NA,NA,NA,NA,NA,2685_0,NA,NA,1,NA,NA,NA,NA
snj03_SemiBin_82.fa,57.79764830613526,NA,NA,NA,NA,NA,2686_1,NA,NA,3,97.48,96.60,NA,NA
snj02_SemiBin_41.fa,33.661720454718896,NA,NA,NA,NA,NA,2687_1,NA,NA,1,NA,NA,NA,NA
snj20_SemiBin_138.fa,48.29612242037803,NA,NA,NA,NA,NA,2687_2,NA,NA,1,NA,NA,NA,NA
sample28_SemiBin_110.fa,66.95612253869726,NA,NA,NA,NA,NA,2688_1,NA,NA,1,NA,NA,NA,NA
snj09_SemiBin_140.fa,23.707887572373817,NA,NA,NA,NA,NA,2688_2,NA,NA,1,NA,NA,NA,NA
sample15_SemiBin_81.fa,59.34358262640281,NA,NA,NA,NA,NA,2689_0,NA,NA,1,NA,NA,NA,NA
cpsnj19_SemiBin_49.fa,64.15225989716362,NA,NA,NA,NA,NA,2690_0,NA,NA,1,NA,NA,NA,NA
snj02_SemiBin_125.fa,59.09251222529212,NA,NA,NA,NA,NA,2691_0,NA,NA,1,NA,NA,NA,NA
sample24_SemiBin_72.fa,78.9557991958774,NA,NA,NA,NA,NA,2692_1,NA,NA,4,96.34,95.83,NA,NA
cpsnj01_SemiBin_62.fa,38.12550727197528,NA,NA,NA,NA,NA,2692_2,NA,NA,1,NA,NA,NA,NA
cpsnj01_SemiBin_83.fa,50.96781706057823,NA,NA,NA,NA,NA,2693_1,NA,NA,1,NA,NA,NA,NA
sample28_SemiBin_39.fa,78.39976323013887,NA,NA,NA,NA,NA,2693_2,NA,NA,1,NA,NA,NA,NA
sample24_SemiBin_50.fa,70.35265313244402,NA,NA,NA,NA,NA,2694_0,NA,NA,1,NA,NA,NA,NA
sample7_SemiBin_189.fa,50.45440526873076,NA,NA,NA,NA,NA,2695_1,NA,NA,2,95.30,95.30,NA,NA
sample28_SemiBin_34.fa,70.98149992017436,NA,NA,NA,NA,NA,2696_0,NA,NA,1,NA,NA,NA,NA
sample26_SemiBin_12.fa,95.72010643717528,NA,NA,NA,NA,NA,2697_1,NA,NA,5,98.91,96.66,NA,NA
cpsnj08_SemiBin_24.fa,77.42272120580697,NA,NA,NA,NA,NA,2697_2,NA,NA,4,97.46,95.58,NA,NA
sample28_SemiBin_96.fa,63.74532222491254,NA,NA,NA,NA,NA,2698_0,NA,NA,1,NA,NA,NA,NA
cpsnj08_SemiBin_514.fa,46.34765487273793,NA,NA,NA,NA,NA,2699_1,NA,NA,1,NA,NA,NA,NA
snj03_SemiBin_54.fa,29.914680745165704,NA,NA,NA,NA,NA,2699_2,NA,NA,1,NA,NA,NA,NA
sample7_SemiBin_167.fa,32.729329878684815,NA,NA,NA,NA,NA,2700_0,NA,NA,1,NA,NA,NA,NA
snj11_SemiBin_35.fa,79.19502444968249,NA,NA,NA,NA,NA,2701_1,NA,NA,2,99.34,99.34,NA,NA
sample12_SemiBin_10.fa,54.36947898799261,NA,NA,NA,NA,NA,2702_0,NA,NA,1,NA,NA,NA,NA
sample6_SemiBin_61.fa,58.42578735336548,NA,NA,NA,NA,NA,2703_0,NA,NA,1,NA,NA,NA,NA
sample28_SemiBin_102.fa,50.33892065569566,NA,NA,NA,NA,NA,2704_0,NA,NA,1,NA,NA,NA,NA
sample24_SemiBin_24.fa,60.1621653941566,NA,NA,NA,NA,NA,2705_0,NA,NA,1,NA,NA,NA,NA
sample24_SemiBin_32.fa,54.23674479673741,NA,NA,NA,NA,NA,2706_1,NA,NA,1,NA,NA,NA,NA
sample26_SemiBin_68.fa,40.51832984692852,NA,NA,NA,NA,NA,2706_2,NA,NA,1,NA,NA,NA,NA
sample28_SemiBin_53.fa,55.79818034340442,NA,NA,NA,NA,NA,2707_0,NA,NA,1,NA,NA,NA,NA
snj01_SemiBin_61.fa,42.18754464870048,NA,NA,NA,NA,NA,2708_0,NA,NA,1,NA,NA,NA,NA
cpsnj01_SemiBin_7.fa,88.47384098497089,NA,NA,NA,NA,NA,2709_1,NA,NA,2,97.46,97.46,NA,NA
sample26_SemiBin_49.fa,63.505135564951146,NA,NA,NA,NA,NA,2710_0,NA,NA,1,NA,NA,NA,NA
sample25_SemiBin_62.fa,52.04515868374828,NA,NA,NA,NA,NA,2711_0,NA,NA,1,NA,NA,NA,NA
sample5_SemiBin_77.fa,44.17218386431424,NA,NA,NA,NA,NA,2712_0,NA,NA,1,NA,NA,NA,NA
snj02_SemiBin_55.fa,51.88163504629653,NA,NA,NA,NA,NA,2713_0,NA,NA,1,NA,NA,NA,NA
sample1_SemiBin_82.fa,72.61583148385834,NA,NA,NA,NA,NA,2714_1,NA,NA,6,98.03,96.34,NA,NA
sample24_SemiBin_46.fa,19.478207673081997,NA,NA,NA,NA,NA,2715_0,NA,NA,1,NA,NA,NA,NA
snj02_SemiBin_54.fa,48.626361269026944,NA,NA,NA,NA,NA,2716_0,NA,NA,1,NA,NA,NA,NA
cpsnj19_SemiBin_78.fa,63.1068084772739,NA,NA,NA,NA,NA,2717_0,NA,NA,1,NA,NA,NA,NA
sample15_SemiBin_41.fa,82.61548031940636,NA,NA,NA,NA,NA,2718_0,NA,NA,1,NA,NA,NA,NA
cpsnj19_SemiBin_124.fa,87.40288863748069,NA,NA,NA,NA,NA,2719_1,NA,NA,2,99.15,99.15,NA,NA
cpsnj19_SemiBin_22.fa,80.19099479034588,NA,NA,NA,NA,NA,2720_0,NA,NA,1,NA,NA,NA,NA
snj02_SemiBin_4.fa,90.67758175729575,NA,NA,NA,NA,NA,2721_1,NA,NA,2,96.93,96.93,NA,NA
cpsnj15_SemiBin_14.fa,44.77920604948004,NA,NA,NA,NA,NA,2721_2,NA,NA,1,NA,NA,NA,NA
cpsnj13_SemiBin_61.fa,63.49042053255886,NA,NA,NA,NA,NA,2722_1,NA,NA,1,NA,NA,NA,NA
snj09_SemiBin_72.fa,52.71839706689925,NA,NA,NA,NA,NA,2722_2,NA,NA,1,NA,NA,NA,NA
sample28_SemiBin_13.fa,61.95016445736305,NA,NA,NA,NA,NA,2722_3,NA,NA,1,NA,NA,NA,NA
sample7_SemiBin_45.fa,73.63743834434706,NA,NA,NA,NA,NA,2723_1,NA,NA,2,95.14,95.14,NA,NA
sample5_SemiBin_64.fa,58.20512724095502,NA,NA,NA,NA,NA,2723_2,NA,NA,1,NA,NA,NA,NA
sample15_SemiBin_158.fa,40.39866666330536,NA,NA,NA,NA,NA,2723_3,NA,NA,1,NA,NA,NA,NA
sample16_SemiBin_192.fa,40.83450148586392,NA,NA,NA,NA,NA,2723_4,NA,NA,1,NA,NA,NA,NA
sample1_SemiBin_119.fa,47.59615761199903,NA,NA,NA,NA,NA,2723_5,NA,NA,1,NA,NA,NA,NA
sample14_SemiBin_79.fa,61.24785172832586,NA,NA,NA,NA,NA,2723_6,NA,NA,1,NA,NA,NA,NA
cpsnj11_SemiBin_397.fa,37.73562208253916,NA,NA,NA,NA,NA,2723_7,NA,NA,1,NA,NA,NA,NA
snj11_SemiBin_36.fa,65.68148114451968,NA,NA,NA,NA,NA,2723_8,NA,NA,1,NA,NA,NA,NA
cpsnj01_SemiBin_29.fa,48.97308130151875,NA,NA,NA,NA,NA,2723_9,NA,NA,1,NA,NA,NA,NA
sample17_SemiBin_75.fa,60.109319473027234,NA,NA,NA,NA,NA,2723_10,NA,NA,1,NA,NA,NA,NA
sample22_SemiBin_17.fa,94.41147204753015,NA,NA,NA,NA,NA,2724_1,NA,NA,4,96.51,95.66,NA,NA
sample24_SemiBin_58.fa,69.67926953387884,NA,NA,NA,NA,NA,2724_2,NA,NA,2,95.43,95.43,NA,NA
sample18_SemiBin_312.fa,40.92939828478728,NA,NA,NA,NA,NA,2724_3,NA,NA,1,NA,NA,NA,NA
sample20_SemiBin_160.fa,58.76161442012869,NA,NA,NA,NA,NA,2724_4,NA,NA,1,NA,NA,NA,NA
cpsnj03_SemiBin_14.fa,87.31373818464697,NA,NA,NA,NA,NA,2724_5,NA,NA,4,98.18,97.46,NA,NA
sample26_SemiBin_45.fa,74.98071120467216,NA,NA,NA,NA,NA,2724_6,NA,NA,2,95.90,95.90,NA,NA
sample16_SemiBin_144.fa,56.09263470144096,NA,NA,NA,NA,NA,2724_7,NA,NA,1,NA,NA,NA,NA
snj04_SemiBin_138.fa,36.43514825909888,NA,NA,NA,NA,NA,2724_8,NA,NA,1,NA,NA,NA,NA
sample15_SemiBin_92.fa,29.494353513295938,NA,NA,NA,NA,NA,2724_9,NA,NA,1,NA,NA,NA,NA
snj11_SemiBin_74.fa,67.31010292019059,NA,NA,NA,NA,NA,2724_10,NA,NA,1,NA,NA,NA,NA
snj03_SemiBin_127.fa,65.93371093163728,NA,NA,NA,NA,NA,2724_11,NA,NA,1,NA,NA,NA,NA
sample17_SemiBin_112.fa,64.56012269290026,NA,NA,NA,NA,NA,2725_1,NA,NA,1,NA,NA,NA,NA
sample6_SemiBin_41.fa,54.58471229940431,NA,NA,NA,NA,NA,2725_2,NA,NA,1,NA,NA,NA,NA
cpsnj11_SemiBin_53.fa,78.22157690131979,NA,NA,NA,NA,NA,2726_1,NA,NA,10,97.59,95.29,NA,NA
cpsnj19_SemiBin_25.fa,86.73675496301901,NA,NA,NA,NA,NA,2726_2,NA,NA,7,97.45,95.51,NA,NA
snj20_SemiBin_559.fa,38.28661252423321,NA,NA,NA,NA,NA,2726_3,NA,NA,1,NA,NA,NA,NA
cpsnj02_SemiBin_38.fa,39.27628289106611,NA,NA,NA,NA,NA,2726_4,NA,NA,1,NA,NA,NA,NA
sample26_SemiBin_53.fa,89.46978582454642,NA,NA,NA,NA,NA,2726_5,NA,NA,3,98.17,97.72,NA,NA
sample2_SemiBin_103.fa,61.4158037443945,NA,NA,NA,NA,NA,2726_6,NA,NA,1,NA,NA,NA,NA
sample30_SemiBin_104.fa,48.54576631181291,NA,NA,NA,NA,NA,2726_7,NA,NA,1,NA,NA,NA,NA
cpsnj13_SemiBin_122.fa,52.006797330739424,NA,NA,NA,NA,NA,2726_8,NA,NA,1,NA,NA,NA,NA
snj04_SemiBin_77.fa,64.15042235509665,NA,NA,NA,NA,NA,2726_9,NA,NA,1,NA,NA,NA,NA
sample6_SemiBin_201.fa,23.899406400841677,NA,NA,NA,NA,NA,2727_0,NA,NA,1,NA,NA,NA,NA
sample22_SemiBin_72.fa,87.64132521917561,NA,NA,NA,NA,NA,2728_1,NA,NA,2,98.07,98.07,NA,NA
sample13_SemiBin_1023.fa,20.41592317166209,NA,NA,NA,NA,NA,2728_2,NA,NA,1,NA,NA,NA,NA
sample11_SemiBin_47.fa,52.321442404785074,NA,NA,NA,NA,NA,2729_1,NA,NA,1,NA,NA,NA,NA
sample22_SemiBin_91.fa,58.87994096315766,NA,NA,NA,NA,NA,2729_2,NA,NA,1,NA,NA,NA,NA
sample29_SemiBin_53.fa,71.81331904522388,NA,NA,NA,NA,NA,2730_0,NA,NA,1,NA,NA,NA,NA
cpsnj15_SemiBin_10.fa,72.51352284374401,NA,NA,NA,NA,NA,2731_1,NA,NA,3,96.82,95.81,NA,NA
snj10_SemiBin_55.fa,55.80793824592034,NA,NA,NA,NA,NA,2731_2,NA,NA,1,NA,NA,NA,NA
cpsnj14_SemiBin_109.fa,41.84599292679523,NA,NA,NA,NA,NA,2731_3,NA,NA,1,NA,NA,NA,NA
snj20_SemiBin_58.fa,36.6797328380956,NA,NA,NA,NA,NA,2732_0,NA,NA,1,NA,NA,NA,NA
snj01_SemiBin_5.fa,80.01245278895121,NA,NA,NA,NA,NA,2733_0,NA,NA,1,NA,NA,NA,NA
sample29_SemiBin_186.fa,72.49367875376491,NA,NA,NA,NA,NA,2734_1,NA,NA,2,96.01,96.01,NA,NA
sample5_SemiBin_26.fa,83.6541830405335,NA,NA,NA,NA,NA,2735_1,NA,NA,4,96.97,96.26,NA,NA
cpsnj03_SemiBin_36.fa,78.81847204764549,NA,NA,NA,NA,NA,2735_2,NA,NA,6,96.48,94.67,NA,NA
snj08_SemiBin_53.fa,56.16631750042677,NA,NA,NA,NA,NA,2735_3,NA,NA,1,NA,NA,NA,NA
sample26_SemiBin_1194.fa,11.245061620628356,NA,NA,NA,NA,NA,2735_4,NA,NA,1,NA,NA,NA,NA
snj14_SemiBin_89.fa,53.79390273084915,NA,NA,NA,NA,NA,2736_0,NA,NA,1,NA,NA,NA,NA
sample14_SemiBin_93.fa,53.40055533466649,NA,NA,NA,NA,NA,2737_0,NA,NA,1,NA,NA,NA,NA
sample28_SemiBin_17.fa,74.26212243183276,NA,NA,NA,NA,NA,2738_0,NA,NA,1,NA,NA,NA,NA
snj01_SemiBin_42.fa,43.46188649208767,NA,NA,NA,NA,NA,2739_0,NA,NA,1,NA,NA,NA,NA
snj08_SemiBin_84.fa,51.71004643189277,NA,NA,NA,NA,NA,2740_0,NA,NA,1,NA,NA,NA,NA
sample27_SemiBin_4.fa,66.62543921720827,NA,NA,NA,NA,NA,2741_0,NA,NA,1,NA,NA,NA,NA
sample6_SemiBin_19.fa,78.11166790140835,NA,NA,NA,NA,NA,2742_1,NA,NA,2,97.81,97.81,NA,NA
sample20_SemiBin_132.fa,58.58327364635544,NA,NA,NA,NA,NA,2743_1,NA,NA,2,96.58,96.58,NA,NA
sample26_SemiBin_17.fa,76.84328877511686,NA,NA,NA,NA,NA,2744_0,NA,NA,1,NA,NA,NA,NA
sample14_SemiBin_31.fa,49.50919311703943,NA,NA,NA,NA,NA,2745_0,NA,NA,1,NA,NA,NA,NA
sample21_SemiBin_74.fa,54.10786685276695,NA,NA,NA,NA,NA,2746_0,NA,NA,1,NA,NA,NA,NA
sample30_SemiBin_1.fa,98.07427796682154,NA,NA,NA,NA,NA,2747_0,NA,NA,1,NA,NA,NA,NA
snj09_SemiBin_70.fa,70.73583411147236,NA,NA,NA,NA,NA,2748_1,NA,NA,2,97.11,97.11,NA,NA
cpsnj09_SemiBin_885.fa,7.612669567719453,NA,NA,NA,NA,NA,2748_2,NA,NA,1,NA,NA,NA,NA
sample26_SemiBin_55.fa,63.268448833296006,NA,NA,NA,NA,NA,2749_1,NA,NA,2,95.10,95.10,NA,NA
sample28_SemiBin_84.fa,53.28012098261975,NA,NA,NA,NA,NA,2749_2,NA,NA,1,NA,NA,NA,NA
sample27_SemiBin_56.fa,36.39391863044272,NA,NA,NA,NA,NA,2749_3,NA,NA,1,NA,NA,NA,NA
sample22_SemiBin_28.fa,78.34198238369707,NA,NA,NA,NA,NA,2750_0,NA,NA,1,NA,NA,NA,NA
cpsnj04_SemiBin_105.fa,13.584259192957196,NA,NA,NA,NA,NA,2751_1,NA,NA,1,NA,NA,NA,NA
snj04_SemiBin_1774.fa,17.761013953015276,NA,NA,NA,NA,NA,2751_2,NA,NA,1,NA,NA,NA,NA
sample19_SemiBin_130.fa,28.89729849721763,NA,NA,NA,NA,NA,2751_3,NA,NA,1,NA,NA,NA,NA
cpsnj15_SemiBin_19.fa,55.667016431220674,NA,NA,NA,NA,NA,2752_0,NA,NA,1,NA,NA,NA,NA
sample17_SemiBin_89.fa,54.69478211251128,NA,NA,NA,NA,NA,2753_0,NA,NA,1,NA,NA,NA,NA
cpsnj19_SemiBin_57.fa,74.05048393799186,NA,NA,NA,NA,NA,2754_1,NA,NA,1,NA,NA,NA,NA
sample24_SemiBin_1204.fa,16.521982018493333,NA,NA,NA,NA,NA,2754_2,NA,NA,1,NA,NA,NA,NA
cpsnj08_SemiBin_40.fa,72.50852782144176,NA,NA,NA,NA,NA,2755_1,NA,NA,3,96.52,96.48,NA,NA
sample28_SemiBin_51.fa,43.4064329973809,NA,NA,NA,NA,NA,2755_2,NA,NA,1,NA,NA,NA,NA
cpsnj01_SemiBin_51.fa,44.92179188901805,NA,NA,NA,NA,NA,2755_3,NA,NA,1,NA,NA,NA,NA
snj09_SemiBin_113.fa,51.31237887080483,NA,NA,NA,NA,NA,2756_0,NA,NA,1,NA,NA,NA,NA
sample4_SemiBin_52.fa,62.14116651278486,NA,NA,NA,NA,NA,2757_1,NA,NA,3,95.44,95.36,NA,NA
sample21_SemiBin_40.fa,66.69644127737153,NA,NA,NA,NA,NA,2757_2,NA,NA,2,95.52,95.52,NA,NA
sample6_SemiBin_42.fa,59.43197297957386,NA,NA,NA,NA,NA,2757_3,NA,NA,1,NA,NA,NA,NA
sample22_SemiBin_86.fa,47.09729484816077,NA,NA,NA,NA,NA,2757_4,NA,NA,1,NA,NA,NA,NA
sample7_SemiBin_66.fa,70.1459349591673,NA,NA,NA,NA,NA,2757_5,NA,NA,1,NA,NA,NA,NA
sample25_SemiBin_487.fa,47.24111160166913,NA,NA,NA,NA,NA,2757_6,NA,NA,1,NA,NA,NA,NA
sample29_SemiBin_42.fa,76.787343225163,NA,NA,NA,NA,NA,2758_0,NA,NA,1,NA,NA,NA,NA
cpsnj10_SemiBin_99.fa,12.63720597743474,NA,NA,NA,NA,NA,2759_0,NA,NA,1,NA,NA,NA,NA
sample13_SemiBin_139.fa,57.864643907194754,NA,NA,NA,NA,NA,2760_0,NA,NA,1,NA,NA,NA,NA
cpsnj19_SemiBin_110.fa,24.61961424300553,NA,NA,NA,NA,NA,2761_0,NA,NA,1,NA,NA,NA,NA
snj02_SemiBin_941.fa,15.207433267060022,NA,NA,NA,NA,NA,2762_0,NA,NA,1,NA,NA,NA,NA
cpsnj15_SemiBin_21.fa,65.29479740614192,NA,NA,NA,NA,NA,2763_0,NA,NA,1,NA,NA,NA,NA
snj02_SemiBin_210.fa,49.29987171364894,NA,NA,NA,NA,NA,2764_0,NA,NA,1,NA,NA,NA,NA
cpsnj20_SemiBin_12.fa,89.90364031350595,NA,NA,NA,NA,NA,2765_0,NA,NA,1,NA,NA,NA,NA
snj02_SemiBin_12.fa,81.0937650652617,NA,NA,NA,NA,NA,2766_0,NA,NA,1,NA,NA,NA,NA
cpsnj16_SemiBin_62.fa,67.69802169659133,NA,NA,NA,NA,NA,2767_0,NA,NA,1,NA,NA,NA,NA
sample19_SemiBin_88.fa,59.47619997830997,NA,NA,NA,NA,NA,2768_0,NA,NA,1,NA,NA,NA,NA
snj13_SemiBin_6.fa,95.6536085710782,NA,NA,NA,NA,NA,2769_0,NA,NA,1,NA,NA,NA,NA
cpsnj20_SemiBin_62.fa,63.659037426652304,NA,NA,NA,NA,NA,2770_0,NA,NA,1,NA,NA,NA,NA
snj02_SemiBin_8.fa,92.86938145157468,NA,NA,NA,NA,NA,2771_0,NA,NA,1,NA,NA,NA,NA
snj13_SemiBin_139.fa,52.007322679702426,NA,NA,NA,NA,NA,2772_0,NA,NA,1,NA,NA,NA,NA
snj13_SemiBin_195.fa,55.71265275222397,NA,NA,NA,NA,NA,2773_0,NA,NA,1,NA,NA,NA,NA
snj01_SemiBin_64.fa,57.89764689909325,NA,NA,NA,NA,NA,2774_0,NA,NA,1,NA,NA,NA,NA
snj01_SemiBin_68.fa,37.28233695540538,NA,NA,NA,NA,NA,2775_0,NA,NA,1,NA,NA,NA,NA
snj11_SemiBin_68.fa,65.57215231836341,NA,NA,NA,NA,NA,2776_0,NA,NA,1,NA,NA,NA,NA
sample24_SemiBin_44.fa,50.35836030966074,NA,NA,NA,NA,NA,2777_0,NA,NA,1,NA,NA,NA,NA
cpsnj20_SemiBin_96.fa,26.9155473866418,NA,NA,NA,NA,NA,2778_1,NA,NA,1,NA,NA,NA,NA
snj16_SemiBin_44.fa,43.09763565227504,NA,NA,NA,NA,NA,2778_2,NA,NA,1,NA,NA,NA,NA
sample26_SemiBin_64.fa,41.143015136170106,NA,NA,NA,NA,NA,2779_0,NA,NA,1,NA,NA,NA,NA
sample11_SemiBin_46.fa,48.42091036486946,NA,NA,NA,NA,NA,2780_0,NA,NA,1,NA,NA,NA,NA
sample13_SemiBin_95.fa,49.06945957376813,NA,NA,NA,NA,NA,2781_0,NA,NA,1,NA,NA,NA,NA
sample1_SemiBin_68.fa,67.76914830044495,NA,NA,NA,NA,NA,2782_0,NA,NA,1,NA,NA,NA,NA
cpsnj20_SemiBin_56.fa,63.80623131943943,NA,NA,NA,NA,NA,2783_0,NA,NA,1,NA,NA,NA,NA
cpsnj20_SemiBin_6.fa,92.95741584550537,NA,NA,NA,NA,NA,2784_0,NA,NA,1,NA,NA,NA,NA
cpsnj04_SemiBin_73.fa,47.5760701304771,NA,NA,NA,NA,NA,2785_1,NA,NA,1,NA,NA,NA,NA
sample28_SemiBin_69.fa,25.989010619289186,NA,NA,NA,NA,NA,2785_2,NA,NA,1,NA,NA,NA,NA
cpsnj01_SemiBin_34.fa,50.32965134349654,NA,NA,NA,NA,NA,2785_3,NA,NA,1,NA,NA,NA,NA
snj03_SemiBin_1393.fa,14.289042105860558,NA,NA,NA,NA,NA,2786_0,NA,NA,1,NA,NA,NA,NA
cpsnj20_SemiBin_101.fa,63.35469794510732,NA,NA,NA,NA,NA,2787_0,NA,NA,1,NA,NA,NA,NA
snj01_SemiBin_110.fa,42.39346212106588,NA,NA,NA,NA,NA,2788_0,NA,NA,1,NA,NA,NA,NA
snj01_SemiBin_204.fa,35.12702947862391,NA,NA,NA,NA,NA,2789_0,NA,NA,1,NA,NA,NA,NA
snj01_SemiBin_200.fa,70.0551762253938,NA,NA,NA,NA,NA,2790_0,NA,NA,1,NA,NA,NA,NA
snj08_SemiBin_100.fa,52.21624207020031,NA,NA,NA,NA,NA,2791_1,NA,NA,2,96.35,96.35,NA,NA
sample28_SemiBin_37.fa,59.000610587583296,NA,NA,NA,NA,NA,2792_0,NA,NA,1,NA,NA,NA,NA
snj02_SemiBin_15.fa,56.629116859579625,NA,NA,NA,NA,NA,2793_0,NA,NA,1,NA,NA,NA,NA
cpsnj10_SemiBin_302.fa,50.87992807509958,NA,NA,NA,NA,NA,2794_0,NA,NA,1,NA,NA,NA,NA
sample19_SemiBin_132.fa,51.17038474539866,NA,NA,NA,NA,NA,2795_0,NA,NA,1,NA,NA,NA,NA
sample2_SemiBin_414.fa,42.94475786592235,NA,NA,NA,NA,NA,2796_0,NA,NA,1,NA,NA,NA,NA
sample30_SemiBin_27.fa,70.8557654003209,NA,NA,NA,NA,NA,2797_0,NA,NA,1,NA,NA,NA,NA
snj20_SemiBin_60.fa,61.72259718127157,NA,NA,NA,NA,NA,2798_0,NA,NA,1,NA,NA,NA,NA
snj01_SemiBin_40.fa,63.73843852469172,NA,NA,NA,NA,NA,2799_0,NA,NA,1,NA,NA,NA,NA
cpsnj19_SemiBin_189.fa,61.45780869548175,NA,NA,NA,NA,NA,2800_0,NA,NA,1,NA,NA,NA,NA
cpsnj19_SemiBin_51.fa,53.339582852115264,NA,NA,NA,NA,NA,2801_0,NA,NA,1,NA,NA,NA,NA
sample2_SemiBin_136.fa,51.62066152277303,NA,NA,NA,NA,NA,2802_0,NA,NA,1,NA,NA,NA,NA
sample6_SemiBin_156.fa,59.26398294141011,NA,NA,NA,NA,NA,2803_0,NA,NA,1,NA,NA,NA,NA
sample24_SemiBin_1237.fa,28.26879491284989,NA,NA,NA,NA,NA,2804_0,NA,NA,1,NA,NA,NA,NA
snj02_SemiBin_10.fa,82.21748772884233,NA,NA,NA,NA,NA,2805_1,NA,NA,1,NA,NA,NA,NA
snj04_SemiBin_42.fa,67.34326048657014,NA,NA,NA,NA,NA,2805_2,NA,NA,1,NA,NA,NA,NA
snj01_SemiBin_15.fa,89.94950020194288,NA,NA,NA,NA,NA,2805_3,NA,NA,1,NA,NA,NA,NA
sample11_SemiBin_3.fa,89.75972311050461,NA,NA,NA,NA,NA,2806_0,NA,NA,1,NA,NA,NA,NA
sample6_SemiBin_10.fa,72.00176085370315,NA,NA,NA,NA,NA,2807_0,NA,NA,1,NA,NA,NA,NA
snj01_SemiBin_1.fa,95.69702464896432,NA,NA,NA,NA,NA,2808_1,NA,NA,2,98.24,98.24,NA,NA
snj20_SemiBin_8.fa,83.28884605276785,NA,NA,NA,NA,NA,2809_1,NA,NA,3,97.78,97.75,NA,NA
sample1_SemiBin_102.fa,72.48719431675136,NA,NA,NA,NA,NA,2810_0,NA,NA,1,NA,NA,NA,NA
sample29_SemiBin_214.fa,84.62588108906904,NA,NA,NA,NA,NA,2811_0,NA,NA,1,NA,NA,NA,NA
snj02_SemiBin_50.fa,79.51060203137988,NA,NA,NA,NA,NA,2812_0,NA,NA,1,NA,NA,NA,NA
snj01_SemiBin_32.fa,63.39109079503439,NA,NA,NA,NA,NA,2813_0,NA,NA,1,NA,NA,NA,NA
cpsnj19_SemiBin_215.fa,52.71774475665171,NA,NA,NA,NA,NA,2814_0,NA,NA,1,NA,NA,NA,NA
cpsnj01_SemiBin_52.fa,33.198636351251146,NA,NA,NA,NA,NA,2815_0,NA,NA,1,NA,NA,NA,NA
cpsnj20_SemiBin_60.fa,60.417415290901126,NA,NA,NA,NA,NA,2816_0,NA,NA,1,NA,NA,NA,NA
sample29_SemiBin_421.fa,75.48468929600504,NA,NA,NA,NA,NA,2817_0,NA,NA,1,NA,NA,NA,NA
sample1_SemiBin_136.fa,46.58518831691751,NA,NA,NA,NA,NA,2818_0,NA,NA,1,NA,NA,NA,NA
sample19_SemiBin_109.fa,69.95756039098592,NA,NA,NA,NA,NA,2819_0,NA,NA,1,NA,NA,NA,NA
snj11_SemiBin_58.fa,66.83228799809748,NA,NA,NA,NA,NA,2820_0,NA,NA,1,NA,NA,NA,NA
sample19_SemiBin_221.fa,41.28230638676433,NA,NA,NA,NA,NA,2821_0,NA,NA,1,NA,NA,NA,NA
sample9_SemiBin_90.fa,69.04321566446447,NA,NA,NA,NA,NA,2822_0,NA,NA,1,NA,NA,NA,NA
sample29_SemiBin_538.fa,49.83745636785432,NA,NA,NA,NA,NA,2823_0,NA,NA,1,NA,NA,NA,NA
snj02_SemiBin_90.fa,53.68178455850413,NA,NA,NA,NA,NA,2824_0,NA,NA,1,NA,NA,NA,NA
sample29_SemiBin_261.fa,59.421649514755934,NA,NA,NA,NA,NA,2825_0,NA,NA,1,NA,NA,NA,NA
sample29_SemiBin_415.fa,77.76640508056974,NA,NA,NA,NA,NA,2826_0,NA,NA,1,NA,NA,NA,NA
sample17_SemiBin_184.fa,61.694611400183646,NA,NA,NA,NA,NA,2827_0,NA,NA,1,NA,NA,NA,NA
