genome,score,completeness,contamination,strain_heterogeneity,size,N50,cluster,taxonomy,tax_confidence,cluster_members,closest_cluster_member,furthest_cluster_member,completeness_metric,contamination_metric
sample17_SemiBin_471.fa,38.56053012181591,NA,NA,NA,NA,NA,1_0,NA,NA,1,NA,NA,NA,NA
sample19_SemiBin_538.fa,68.37201548635973,NA,NA,NA,NA,NA,2_0,NA,NA,1,NA,NA,NA,NA
sample29_SemiBin_441.fa,78.16521736125317,NA,NA,NA,NA,NA,3_0,NA,NA,1,NA,NA,NA,NA
snj13_SemiBin_114.fa,60.78949614943131,NA,NA,NA,NA,NA,4_0,NA,NA,1,NA,NA,NA,NA
sample27_SemiBin_107.fa,56.186529587844745,NA,NA,NA,NA,NA,5_0,NA,NA,1,NA,NA,NA,NA
snj02_SemiBin_72.fa,55.25700563299097,NA,NA,NA,NA,NA,6_0,NA,NA,1,NA,NA,NA,NA
snj01_SemiBin_57.fa,66.77613809289143,NA,NA,NA,NA,NA,7_0,NA,NA,1,NA,NA,NA,NA
sample17_SemiBin_91.fa,67.38422665513738,NA,NA,NA,NA,NA,8_0,NA,NA,1,NA,NA,NA,NA
snj09_SemiBin_226.fa,51.14710136689186,NA,NA,NA,NA,NA,9_0,NA,NA,1,NA,NA,NA,NA
sample20_SemiBin_46.fa,97.4257163516336,NA,NA,NA,NA,NA,10_0,NA,NA,1,NA,NA,NA,NA
sample29_SemiBin_232.fa,52.5813187572527,NA,NA,NA,NA,NA,11_0,NA,NA,1,NA,NA,NA,NA
sample29_SemiBin_325.fa,61.22234114782484,NA,NA,NA,NA,NA,12_0,NA,NA,1,NA,NA,NA,NA
sample24_SemiBin_212.fa,79.68132427418581,NA,NA,NA,NA,NA,13_1,NA,NA,1,NA,NA,NA,NA
sample6_SemiBin_322.fa,77.01102785401939,NA,NA,NA,NA,NA,13_2,NA,NA,1,NA,NA,NA,NA
sample9_SemiBin_285.fa,66.12859480775332,NA,NA,NA,NA,NA,13_3,NA,NA,1,NA,NA,NA,NA
sample1_SemiBin_606.fa,52.99763574157081,NA,NA,NA,NA,NA,13_4,NA,NA,1,NA,NA,NA,NA
sample7_SemiBin_443.fa,47.580298986572025,NA,NA,NA,NA,NA,13_5,NA,NA,1,NA,NA,NA,NA
sample30_SemiBin_209.fa,47.89923004062179,NA,NA,NA,NA,NA,13_6,NA,NA,1,NA,NA,NA,NA
sample14_SemiBin_250.fa,61.35604746422304,NA,NA,NA,NA,NA,13_7,NA,NA,1,NA,NA,NA,NA
sample27_SemiBin_342.fa,55.76438722603312,NA,NA,NA,NA,NA,13_8,NA,NA,1,NA,NA,NA,NA
cpsnj10_SemiBin_469.fa,38.52800145682319,NA,NA,NA,NA,NA,13_9,NA,NA,1,NA,NA,NA,NA
sample17_SemiBin_399.fa,50.38732308503418,NA,NA,NA,NA,NA,13_10,NA,NA,1,NA,NA,NA,NA
sample13_SemiBin_453.fa,36.0424261420381,NA,NA,NA,NA,NA,13_11,NA,NA,1,NA,NA,NA,NA
sample15_SemiBin_384.fa,71.22150020118255,NA,NA,NA,NA,NA,13_12,NA,NA,1,NA,NA,NA,NA
sample16_SemiBin_455.fa,50.51708237081812,NA,NA,NA,NA,NA,13_13,NA,NA,1,NA,NA,NA,NA
snj19_SemiBin_436.fa,49.9661933915931,NA,NA,NA,NA,NA,14_0,NA,NA,1,NA,NA,NA,NA
sample10_SemiBin_320.fa,73.6274228425401,NA,NA,NA,NA,NA,15_1,NA,NA,1,NA,NA,NA,NA
sample20_SemiBin_484.fa,94.814226067181,NA,NA,NA,NA,NA,15_2,NA,NA,1,NA,NA,NA,NA
sample13_SemiBin_319.fa,98.37165598903438,NA,NA,NA,NA,NA,15_3,NA,NA,1,NA,NA,NA,NA
sample18_SemiBin_494.fa,86.18751273105222,NA,NA,NA,NA,NA,15_4,NA,NA,1,NA,NA,NA,NA
sample1_SemiBin_672.fa,61.04384320944903,NA,NA,NA,NA,NA,15_5,NA,NA,1,NA,NA,NA,NA
sample12_SemiBin_158.fa,92.68211314141035,NA,NA,NA,NA,NA,15_6,NA,NA,1,NA,NA,NA,NA
sample22_SemiBin_394.fa,64.72038317062743,NA,NA,NA,NA,NA,15_7,NA,NA,1,NA,NA,NA,NA
sample11_SemiBin_217.fa,93.936402796207,NA,NA,NA,NA,NA,15_8,NA,NA,1,NA,NA,NA,NA
sample27_SemiBin_310.fa,68.85583354547256,NA,NA,NA,NA,NA,15_9,NA,NA,1,NA,NA,NA,NA
sample29_SemiBin_407.fa,97.3648977584589,NA,NA,NA,NA,NA,15_10,NA,NA,1,NA,NA,NA,NA
sample25_SemiBin_292.fa,92.60271074927309,NA,NA,NA,NA,NA,15_11,NA,NA,1,NA,NA,NA,NA
sample15_SemiBin_451.fa,76.7828623972503,NA,NA,NA,NA,NA,15_12,NA,NA,1,NA,NA,NA,NA
sample19_SemiBin_422.fa,81.09724180437935,NA,NA,NA,NA,NA,15_13,NA,NA,1,NA,NA,NA,NA
sample30_SemiBin_236.fa,55.707236584559375,NA,NA,NA,NA,NA,15_14,NA,NA,1,NA,NA,NA,NA
sample26_SemiBin_873.fa,12.417362540954151,NA,NA,NA,NA,NA,15_15,NA,NA,1,NA,NA,NA,NA
snj01_SemiBin_500.fa,47.66237870237577,NA,NA,NA,NA,NA,16_1,NA,NA,1,NA,NA,NA,NA
snj20_SemiBin_326.fa,51.09969755716608,NA,NA,NA,NA,NA,16_2,NA,NA,1,NA,NA,NA,NA
snj02_SemiBin_252.fa,49.86170864913551,NA,NA,NA,NA,NA,16_3,NA,NA,1,NA,NA,NA,NA
cpsnj01_SemiBin_275.fa,38.27605008526638,NA,NA,NA,NA,NA,16_4,NA,NA,1,NA,NA,NA,NA
cpsnj08_SemiBin_342.fa,27.66007757922573,NA,NA,NA,NA,NA,16_5,NA,NA,1,NA,NA,NA,NA
sample23_SemiBin_431.fa,33.44411315296778,NA,NA,NA,NA,NA,17_1,NA,NA,1,NA,NA,NA,NA
sample25_SemiBin_366.fa,64.14100581819294,NA,NA,NA,NA,NA,17_2,NA,NA,1,NA,NA,NA,NA
sample14_SemiBin_231.fa,70.03148722218678,NA,NA,NA,NA,NA,17_3,NA,NA,1,NA,NA,NA,NA
sample17_SemiBin_412.fa,57.237943534530565,NA,NA,NA,NA,NA,17_4,NA,NA,1,NA,NA,NA,NA
sample15_SemiBin_475.fa,41.28976331789366,NA,NA,NA,NA,NA,17_5,NA,NA,1,NA,NA,NA,NA
snj20_SemiBin_400.fa,34.84236959390519,NA,NA,NA,NA,NA,17_6,NA,NA,1,NA,NA,NA,NA
cpsnj10_SemiBin_827.fa,49.43221282509867,NA,NA,NA,NA,NA,18_1,NA,NA,1,NA,NA,NA,NA
cpsnj11_SemiBin_345.fa,84.45330566257914,NA,NA,NA,NA,NA,18_2,NA,NA,1,NA,NA,NA,NA
sample24_SemiBin_240.fa,38.249193786134526,NA,NA,NA,NA,NA,19_0,NA,NA,1,NA,NA,NA,NA
snj03_SemiBin_301.fa,64.97353431323884,NA,NA,NA,NA,NA,20_0,NA,NA,1,NA,NA,NA,NA
sample19_SemiBin_382.fa,96.82965509667982,NA,NA,NA,NA,NA,21_1,NA,NA,1,NA,NA,NA,NA
sample30_SemiBin_279.fa,45.00499489850593,NA,NA,NA,NA,NA,21_2,NA,NA,1,NA,NA,NA,NA
sample16_SemiBin_458.fa,36.794154168895055,NA,NA,NA,NA,NA,21_3,NA,NA,1,NA,NA,NA,NA
sample17_SemiBin_602.fa,35.99693994173396,NA,NA,NA,NA,NA,22_0,NA,NA,1,NA,NA,NA,NA
sample17_SemiBin_607.fa,22.928742099202427,NA,NA,NA,NA,NA,23_0,NA,NA,1,NA,NA,NA,NA
sample17_SemiBin_955.fa,30.94156155251576,NA,NA,NA,NA,NA,24_0,NA,NA,1,NA,NA,NA,NA
sample29_SemiBin_540.fa,59.98889875254565,NA,NA,NA,NA,NA,25_0,NA,NA,1,NA,NA,NA,NA
sample17_SemiBin_328.fa,81.50873301933795,NA,NA,NA,NA,NA,26_1,NA,NA,1,NA,NA,NA,NA
sample19_SemiBin_406.fa,80.9709526875085,NA,NA,NA,NA,NA,26_2,NA,NA,1,NA,NA,NA,NA
sample16_SemiBin_428.fa,62.30196707052715,NA,NA,NA,NA,NA,26_3,NA,NA,1,NA,NA,NA,NA
sample17_SemiBin_436.fa,57.57115216128306,NA,NA,NA,NA,NA,27_0,NA,NA,1,NA,NA,NA,NA
sample17_SemiBin_714.fa,48.10829941390722,NA,NA,NA,NA,NA,28_0,NA,NA,1,NA,NA,NA,NA
sample22_SemiBin_338.fa,99.30379824860752,NA,NA,NA,NA,NA,29_1,NA,NA,27,99.62,99.06,NA,NA
sample19_SemiBin_458.fa,69.46951482306662,NA,NA,NA,NA,NA,29_2,NA,NA,1,NA,NA,NA,NA
sample30_SemiBin_234.fa,58.56261930438775,NA,NA,NA,NA,NA,29_3,NA,NA,1,NA,NA,NA,NA
cpsnj04_SemiBin_371.fa,27.51294977068977,NA,NA,NA,NA,NA,29_4,NA,NA,1,NA,NA,NA,NA
sample29_SemiBin_535.fa,54.25826186203955,NA,NA,NA,NA,NA,29_5,NA,NA,1,NA,NA,NA,NA
cpsnj16_SemiBin_274.fa,97.52909542988516,NA,NA,NA,NA,NA,29_6,NA,NA,3,99.29,99.24,NA,NA
cpsnj09_SemiBin_394.fa,74.34944671976493,NA,NA,NA,NA,NA,29_7,NA,NA,1,NA,NA,NA,NA
snj10_SemiBin_219.fa,85.88351189275505,NA,NA,NA,NA,NA,29_8,NA,NA,1,NA,NA,NA,NA
snj14_SemiBin_329.fa,81.63286565263572,NA,NA,NA,NA,NA,29_9,NA,NA,1,NA,NA,NA,NA
cpsnj19_SemiBin_363.fa,84.21873062902115,NA,NA,NA,NA,NA,29_10,NA,NA,1,NA,NA,NA,NA
snj19_SemiBin_278.fa,87.10770987234335,NA,NA,NA,NA,NA,29_11,NA,NA,1,NA,NA,NA,NA
snj20_SemiBin_274.fa,99.23807605474124,NA,NA,NA,NA,NA,29_12,NA,NA,1,NA,NA,NA,NA
cpsnj03_SemiBin_264.fa,87.3941184368222,NA,NA,NA,NA,NA,29_13,NA,NA,1,NA,NA,NA,NA
snj03_SemiBin_240.fa,97.5093417711837,NA,NA,NA,NA,NA,29_14,NA,NA,1,NA,NA,NA,NA
snj13_SemiBin_317.fa,94.10752675900676,NA,NA,NA,NA,NA,29_15,NA,NA,1,NA,NA,NA,NA
cpsnj08_SemiBin_212.fa,95.67347080437426,NA,NA,NA,NA,NA,29_16,NA,NA,1,NA,NA,NA,NA
cpsnj20_SemiBin_301.fa,85.94362206193514,NA,NA,NA,NA,NA,29_17,NA,NA,1,NA,NA,NA,NA
snj08_SemiBin_337.fa,94.14528260770209,NA,NA,NA,NA,NA,29_18,NA,NA,1,NA,NA,NA,NA
snj15_SemiBin_287.fa,87.19469908343177,NA,NA,NA,NA,NA,29_19,NA,NA,1,NA,NA,NA,NA
cpsnj14_SemiBin_338.fa,96.97742184757726,NA,NA,NA,NA,NA,29_20,NA,NA,1,NA,NA,NA,NA
snj16_SemiBin_231.fa,96.27843603472884,NA,NA,NA,NA,NA,29_21,NA,NA,1,NA,NA,NA,NA
snj09_SemiBin_497.fa,61.20945750816889,NA,NA,NA,NA,NA,29_22,NA,NA,1,NA,NA,NA,NA
cpsnj02_SemiBin_206.fa,65.04809405526586,NA,NA,NA,NA,NA,29_23,NA,NA,1,NA,NA,NA,NA
cpsnj15_SemiBin_517.fa,68.63709512351168,NA,NA,NA,NA,NA,29_24,NA,NA,1,NA,NA,NA,NA
snj10_SemiBin_450.fa,18.57016600813048,NA,NA,NA,NA,NA,30_1,NA,NA,1,NA,NA,NA,NA
snj11_SemiBin_449.fa,46.18932657541036,NA,NA,NA,NA,NA,30_2,NA,NA,1,NA,NA,NA,NA
sample24_SemiBin_256.fa,67.24077070514295,NA,NA,NA,NA,NA,31_1,NA,NA,1,NA,NA,NA,NA
sample9_SemiBin_521.fa,45.6237996195005,NA,NA,NA,NA,NA,31_2,NA,NA,1,NA,NA,NA,NA
sample28_SemiBin_429.fa,30.006867870110472,NA,NA,NA,NA,NA,32_0,NA,NA,1,NA,NA,NA,NA
sample29_SemiBin_110.fa,52.54213414218221,NA,NA,NA,NA,NA,33_0,NA,NA,1,NA,NA,NA,NA
cpsnj01_SemiBin_0.fa,100.81709242099316,NA,NA,NA,NA,NA,34_0,NA,NA,1,NA,NA,NA,NA
cpsnj20_SemiBin_13.fa,88.74223053513887,NA,NA,NA,NA,NA,35_0,NA,NA,1,NA,NA,NA,NA
cpsnj02_SemiBin_17.fa,89.15092687354381,NA,NA,NA,NA,NA,36_1,NA,NA,1,NA,NA,NA,NA
cpsnj04_SemiBin_11.fa,80.48472748084846,NA,NA,NA,NA,NA,36_2,NA,NA,1,NA,NA,NA,NA
snj02_SemiBin_83.fa,51.12569377646843,NA,NA,NA,NA,NA,36_3,NA,NA,1,NA,NA,NA,NA
snj04_SemiBin_118.fa,62.08984674660319,NA,NA,NA,NA,NA,37_0,NA,NA,1,NA,NA,NA,NA
snj08_SemiBin_188.fa,62.486222616793576,NA,NA,NA,NA,NA,38_0,NA,NA,1,NA,NA,NA,NA
cpsnj04_SemiBin_2.fa,100.8267819838872,NA,NA,NA,NA,NA,39_0,NA,NA,1,NA,NA,NA,NA
sample1_SemiBin_4.fa,101.3547959575768,NA,NA,NA,NA,NA,40_0,NA,NA,1,NA,NA,NA,NA
sample29_SemiBin_17.fa,94.02328698901192,NA,NA,NA,NA,NA,41_0,NA,NA,1,NA,NA,NA,NA
cpsnj10_SemiBin_174.fa,42.97600956035536,NA,NA,NA,NA,NA,42_0,NA,NA,1,NA,NA,NA,NA
sample18_SemiBin_164.fa,61.37852289184684,NA,NA,NA,NA,NA,43_0,NA,NA,1,NA,NA,NA,NA
snj15_SemiBin_67.fa,13.042634858326943,NA,NA,NA,NA,NA,44_0,NA,NA,1,NA,NA,NA,NA
snj01_SemiBin_28.fa,77.8770546674682,NA,NA,NA,NA,NA,45_0,NA,NA,1,NA,NA,NA,NA
sample24_SemiBin_103.fa,55.928280174225456,NA,NA,NA,NA,NA,46_1,NA,NA,1,NA,NA,NA,NA
sample6_SemiBin_114.fa,81.12032888175513,NA,NA,NA,NA,NA,46_2,NA,NA,1,NA,NA,NA,NA
sample7_SemiBin_82.fa,59.89472258731359,NA,NA,NA,NA,NA,46_3,NA,NA,1,NA,NA,NA,NA
sample16_SemiBin_72.fa,54.75923221907987,NA,NA,NA,NA,NA,46_4,NA,NA,1,NA,NA,NA,NA
sample23_SemiBin_65.fa,67.41742402632207,NA,NA,NA,NA,NA,46_5,NA,NA,1,NA,NA,NA,NA
sample25_SemiBin_64.fa,76.12686314246574,NA,NA,NA,NA,NA,46_6,NA,NA,1,NA,NA,NA,NA
sample2_SemiBin_91.fa,70.76819370966321,NA,NA,NA,NA,NA,46_7,NA,NA,1,NA,NA,NA,NA
sample22_SemiBin_118.fa,27.53947925922932,NA,NA,NA,NA,NA,46_8,NA,NA,1,NA,NA,NA,NA
sample15_SemiBin_69.fa,47.26734000698151,NA,NA,NA,NA,NA,46_9,NA,NA,1,NA,NA,NA,NA
snj11_SemiBin_134.fa,65.71530802319765,NA,NA,NA,NA,NA,47_1,NA,NA,1,NA,NA,NA,NA
snj19_SemiBin_34.fa,61.99241993261996,NA,NA,NA,NA,NA,47_2,NA,NA,1,NA,NA,NA,NA
cpsnj11_SemiBin_94.fa,70.32126319477797,NA,NA,NA,NA,NA,47_3,NA,NA,1,NA,NA,NA,NA
snj20_SemiBin_14.fa,83.29233497280292,NA,NA,NA,NA,NA,47_4,NA,NA,1,NA,NA,NA,NA
cpsnj08_SemiBin_152.fa,50.78971757003833,NA,NA,NA,NA,NA,47_5,NA,NA,1,NA,NA,NA,NA
snj16_SemiBin_53.fa,46.68702851141336,NA,NA,NA,NA,NA,47_6,NA,NA,1,NA,NA,NA,NA
cpsnj19_SemiBin_93.fa,57.02522893724323,NA,NA,NA,NA,NA,47_7,NA,NA,1,NA,NA,NA,NA
snj08_SemiBin_247.fa,50.7925593825323,NA,NA,NA,NA,NA,47_8,NA,NA,1,NA,NA,NA,NA
cpsnj01_SemiBin_95.fa,43.310534615575655,NA,NA,NA,NA,NA,47_9,NA,NA,1,NA,NA,NA,NA
cpsnj03_SemiBin_75.fa,45.51956185924223,NA,NA,NA,NA,NA,47_10,NA,NA,1,NA,NA,NA,NA
cpsnj14_SemiBin_88.fa,45.1930570982799,NA,NA,NA,NA,NA,48_1,NA,NA,1,NA,NA,NA,NA
sample8_SemiBin_99.fa,41.55307173145972,NA,NA,NA,NA,NA,48_2,NA,NA,1,NA,NA,NA,NA
sample26_SemiBin_95.fa,63.01437671256209,NA,NA,NA,NA,NA,48_3,NA,NA,1,NA,NA,NA,NA
sample27_SemiBin_113.fa,62.85382714545318,NA,NA,NA,NA,NA,48_4,NA,NA,1,NA,NA,NA,NA
sample14_SemiBin_59.fa,22.821571589488595,NA,NA,NA,NA,NA,49_0,NA,NA,1,NA,NA,NA,NA
sample28_SemiBin_19.fa,52.27050588205746,NA,NA,NA,NA,NA,50_0,NA,NA,1,NA,NA,NA,NA
cpsnj11_SemiBin_78.fa,46.27104700453542,NA,NA,NA,NA,NA,51_1,NA,NA,1,NA,NA,NA,NA
snj11_SemiBin_67.fa,33.08611722140714,NA,NA,NA,NA,NA,51_2,NA,NA,1,NA,NA,NA,NA
snj13_SemiBin_63.fa,45.57930506789616,NA,NA,NA,NA,NA,51_3,NA,NA,1,NA,NA,NA,NA
cpsnj14_SemiBin_83.fa,38.86443779084692,NA,NA,NA,NA,NA,51_4,NA,NA,1,NA,NA,NA,NA
snj10_SemiBin_44.fa,46.21196117632929,NA,NA,NA,NA,NA,51_5,NA,NA,1,NA,NA,NA,NA
cpsnj10_SemiBin_238.fa,14.797366306022946,NA,NA,NA,NA,NA,51_6,NA,NA,1,NA,NA,NA,NA
snj08_SemiBin_55.fa,58.09456102373818,NA,NA,NA,NA,NA,51_7,NA,NA,1,NA,NA,NA,NA
snj15_SemiBin_39.fa,55.033105528268464,NA,NA,NA,NA,NA,51_8,NA,NA,1,NA,NA,NA,NA
sample21_SemiBin_29.fa,55.91525000679859,NA,NA,NA,NA,NA,51_9,NA,NA,1,NA,NA,NA,NA
sample25_SemiBin_33.fa,61.846590498939165,NA,NA,NA,NA,NA,51_10,NA,NA,1,NA,NA,NA,NA
sample1_SemiBin_57.fa,81.16922515923123,NA,NA,NA,NA,NA,51_11,NA,NA,1,NA,NA,NA,NA
sample22_SemiBin_51.fa,61.26316296335503,NA,NA,NA,NA,NA,51_12,NA,NA,1,NA,NA,NA,NA
sample27_SemiBin_59.fa,65.38673277976152,NA,NA,NA,NA,NA,51_13,NA,NA,1,NA,NA,NA,NA
sample5_SemiBin_37.fa,82.00746528933367,NA,NA,NA,NA,NA,51_14,NA,NA,1,NA,NA,NA,NA
sample6_SemiBin_4.fa,79.76302626865373,NA,NA,NA,NA,NA,51_15,NA,NA,1,NA,NA,NA,NA
sample7_SemiBin_136.fa,60.01853497990474,NA,NA,NA,NA,NA,51_16,NA,NA,1,NA,NA,NA,NA
sample2_SemiBin_40.fa,71.1994068958575,NA,NA,NA,NA,NA,51_17,NA,NA,1,NA,NA,NA,NA
sample11_SemiBin_31.fa,39.893703064369696,NA,NA,NA,NA,NA,51_18,NA,NA,1,NA,NA,NA,NA
sample16_SemiBin_52.fa,69.37297919203588,NA,NA,NA,NA,NA,51_19,NA,NA,1,NA,NA,NA,NA
sample15_SemiBin_22.fa,73.39376536714043,NA,NA,NA,NA,NA,51_20,NA,NA,1,NA,NA,NA,NA
sample23_SemiBin_56.fa,54.94926559340574,NA,NA,NA,NA,NA,51_21,NA,NA,1,NA,NA,NA,NA
sample12_SemiBin_19.fa,63.69204661086975,NA,NA,NA,NA,NA,51_22,NA,NA,1,NA,NA,NA,NA
sample14_SemiBin_63.fa,49.6852154903663,NA,NA,NA,NA,NA,51_23,NA,NA,1,NA,NA,NA,NA
sample8_SemiBin_49.fa,44.52176272893453,NA,NA,NA,NA,NA,51_24,NA,NA,1,NA,NA,NA,NA
sample26_SemiBin_32.fa,48.70367240442792,NA,NA,NA,NA,NA,51_25,NA,NA,1,NA,NA,NA,NA
sample4_SemiBin_60.fa,44.70932149823311,NA,NA,NA,NA,NA,51_26,NA,NA,1,NA,NA,NA,NA
sample3_SemiBin_44.fa,51.97220147331559,NA,NA,NA,NA,NA,51_27,NA,NA,1,NA,NA,NA,NA
sample28_SemiBin_8.fa,73.7162546275924,NA,NA,NA,NA,NA,51_28,NA,NA,1,NA,NA,NA,NA
snj20_SemiBin_66.fa,56.08248107300114,NA,NA,NA,NA,NA,51_29,NA,NA,1,NA,NA,NA,NA
snj04_SemiBin_55.fa,48.37623410524398,NA,NA,NA,NA,NA,51_30,NA,NA,1,NA,NA,NA,NA
cpsnj04_SemiBin_96.fa,60.11976606294306,NA,NA,NA,NA,NA,51_31,NA,NA,1,NA,NA,NA,NA
cpsnj13_SemiBin_16.fa,59.48693777974998,NA,NA,NA,NA,NA,51_32,NA,NA,1,NA,NA,NA,NA
sample18_SemiBin_123.fa,53.4922742204497,NA,NA,NA,NA,NA,51_33,NA,NA,1,NA,NA,NA,NA
cpsnj08_SemiBin_146.fa,48.70368423545763,NA,NA,NA,NA,NA,51_34,NA,NA,1,NA,NA,NA,NA
snj16_SemiBin_17.fa,52.85144371324092,NA,NA,NA,NA,NA,51_35,NA,NA,1,NA,NA,NA,NA
snj19_SemiBin_41.fa,65.51256556179108,NA,NA,NA,NA,NA,51_36,NA,NA,1,NA,NA,NA,NA
cpsnj16_SemiBin_41.fa,69.56240204589388,NA,NA,NA,NA,NA,51_37,NA,NA,1,NA,NA,NA,NA
sample13_SemiBin_100.fa,48.22886716294712,NA,NA,NA,NA,NA,51_38,NA,NA,1,NA,NA,NA,NA
sample30_SemiBin_6.fa,56.68242056444428,NA,NA,NA,NA,NA,51_39,NA,NA,1,NA,NA,NA,NA
cpsnj15_SemiBin_81.fa,46.523574154397714,NA,NA,NA,NA,NA,51_40,NA,NA,1,NA,NA,NA,NA
cpsnj09_SemiBin_139.fa,42.20433137446032,NA,NA,NA,NA,NA,51_41,NA,NA,1,NA,NA,NA,NA
cpsnj03_SemiBin_114.fa,42.22515901223514,NA,NA,NA,NA,NA,51_42,NA,NA,1,NA,NA,NA,NA
sample19_SemiBin_131.fa,43.29920936707513,NA,NA,NA,NA,NA,51_43,NA,NA,1,NA,NA,NA,NA
sample8_SemiBin_1898.fa,14.513258718707322,NA,NA,NA,NA,NA,52_0,NA,NA,1,NA,NA,NA,NA
sample8_SemiBin_259.fa,50.76081405199376,NA,NA,NA,NA,NA,53_0,NA,NA,1,NA,NA,NA,NA
cpsnj20_SemiBin_89.fa,48.74442815300873,NA,NA,NA,NA,NA,54_0,NA,NA,1,NA,NA,NA,NA
sample30_SemiBin_54.fa,56.60707996076955,NA,NA,NA,NA,NA,55_0,NA,NA,1,NA,NA,NA,NA
cpsnj01_SemiBin_1.fa,99.5039598668835,NA,NA,NA,NA,NA,56_1,NA,NA,1,NA,NA,NA,NA
snj01_SemiBin_106.fa,22.80433251693492,NA,NA,NA,NA,NA,56_2,NA,NA,1,NA,NA,NA,NA
cpsnj01_SemiBin_115.fa,58.60989334553019,NA,NA,NA,NA,NA,57_1,NA,NA,1,NA,NA,NA,NA
snj01_SemiBin_48.fa,67.49664711596797,NA,NA,NA,NA,NA,57_2,NA,NA,1,NA,NA,NA,NA
sample29_SemiBin_123.fa,70.90396941834861,NA,NA,NA,NA,NA,58_0,NA,NA,1,NA,NA,NA,NA
sample29_SemiBin_49.fa,69.38391178972498,NA,NA,NA,NA,NA,59_0,NA,NA,1,NA,NA,NA,NA
sample19_SemiBin_129.fa,41.37984524324551,NA,NA,NA,NA,NA,60_0,NA,NA,1,NA,NA,NA,NA
snj13_SemiBin_50.fa,56.31232447545474,NA,NA,NA,NA,NA,61_0,NA,NA,1,NA,NA,NA,NA
cpsnj13_SemiBin_73.fa,58.54223248876754,NA,NA,NA,NA,NA,62_1,NA,NA,1,NA,NA,NA,NA
snj09_SemiBin_38.fa,76.16848602646348,NA,NA,NA,NA,NA,62_2,NA,NA,1,NA,NA,NA,NA
cpsnj09_SemiBin_351.fa,22.016965411086385,NA,NA,NA,NA,NA,62_3,NA,NA,1,NA,NA,NA,NA
sample17_SemiBin_88.fa,47.21956223552747,NA,NA,NA,NA,NA,63_0,NA,NA,1,NA,NA,NA,NA
sample13_SemiBin_140.fa,48.71950399188414,NA,NA,NA,NA,NA,64_0,NA,NA,1,NA,NA,NA,NA
sample19_SemiBin_198.fa,43.23264913162343,NA,NA,NA,NA,NA,65_0,NA,NA,1,NA,NA,NA,NA
cpsnj10_SemiBin_33.fa,72.50183172460528,NA,NA,NA,NA,NA,66_0,NA,NA,1,NA,NA,NA,NA
snj01_SemiBin_13.fa,70.81095666660869,NA,NA,NA,NA,NA,67_1,NA,NA,1,NA,NA,NA,NA
snj16_SemiBin_36.fa,72.06588643017103,NA,NA,NA,NA,NA,67_2,NA,NA,1,NA,NA,NA,NA
snj20_SemiBin_42.fa,64.39568364246742,NA,NA,NA,NA,NA,67_3,NA,NA,1,NA,NA,NA,NA
snj01_SemiBin_17.fa,94.199725095621,NA,NA,NA,NA,NA,68_1,NA,NA,1,NA,NA,NA,NA
snj20_SemiBin_22.fa,90.02676631465536,NA,NA,NA,NA,NA,68_2,NA,NA,1,NA,NA,NA,NA
cpsnj01_SemiBin_56.fa,57.81067891132606,NA,NA,NA,NA,NA,68_3,NA,NA,1,NA,NA,NA,NA
sample23_SemiBin_61.fa,46.554455720660926,NA,NA,NA,NA,NA,68_4,NA,NA,1,NA,NA,NA,NA
snj08_SemiBin_161.fa,47.22996410388925,NA,NA,NA,NA,NA,69_1,NA,NA,1,NA,NA,NA,NA
snj16_SemiBin_1.fa,89.18998689007789,NA,NA,NA,NA,NA,69_2,NA,NA,1,NA,NA,NA,NA
snj01_SemiBin_72.fa,66.68004346064997,NA,NA,NA,NA,NA,70_0,NA,NA,1,NA,NA,NA,NA
cpsnj02_SemiBin_159.fa,42.27259460205165,NA,NA,NA,NA,NA,71_1,NA,NA,1,NA,NA,NA,NA
snj02_SemiBin_61.fa,41.97171476215619,NA,NA,NA,NA,NA,71_2,NA,NA,1,NA,NA,NA,NA
snj01_SemiBin_66.fa,53.739368649846455,NA,NA,NA,NA,NA,72_0,NA,NA,1,NA,NA,NA,NA
sample27_SemiBin_0.fa,96.8329945889788,NA,NA,NA,NA,NA,73_0,NA,NA,1,NA,NA,NA,NA
sample27_SemiBin_33.fa,67.51443786520144,NA,NA,NA,NA,NA,74_0,NA,NA,1,NA,NA,NA,NA
snj03_SemiBin_61.fa,78.54102813250908,NA,NA,NA,NA,NA,75_1,NA,NA,1,NA,NA,NA,NA
snj20_SemiBin_37.fa,61.875322646976606,NA,NA,NA,NA,NA,75_2,NA,NA,1,NA,NA,NA,NA
snj16_SemiBin_41.fa,59.83565402192796,NA,NA,NA,NA,NA,75_3,NA,NA,1,NA,NA,NA,NA
snj01_SemiBin_109.fa,36.52792720402135,NA,NA,NA,NA,NA,76_0,NA,NA,1,NA,NA,NA,NA
snj04_SemiBin_0.fa,102.31554768571954,NA,NA,NA,NA,NA,77_0,NA,NA,1,NA,NA,NA,NA
sample18_SemiBin_319.fa,48.627072994414775,NA,NA,NA,NA,NA,78_0,NA,NA,1,NA,NA,NA,NA
cpsnj08_SemiBin_69.fa,44.096177214521695,NA,NA,NA,NA,NA,79_1,NA,NA,1,NA,NA,NA,NA
snj08_SemiBin_105.fa,58.12324520415557,NA,NA,NA,NA,NA,79_2,NA,NA,1,NA,NA,NA,NA
snj03_SemiBin_70.fa,57.63574730611624,NA,NA,NA,NA,NA,79_3,NA,NA,1,NA,NA,NA,NA
snj19_SemiBin_93.fa,58.48182625199679,NA,NA,NA,NA,NA,79_4,NA,NA,1,NA,NA,NA,NA
sample23_SemiBin_54.fa,78.72435520856617,NA,NA,NA,NA,NA,80_0,NA,NA,1,NA,NA,NA,NA
snj20_SemiBin_155.fa,48.03216514339824,NA,NA,NA,NA,NA,81_0,NA,NA,1,NA,NA,NA,NA
snj09_SemiBin_179.fa,48.00382720618779,NA,NA,NA,NA,NA,82_1,NA,NA,1,NA,NA,NA,NA
snj13_SemiBin_18.fa,89.08585789143875,NA,NA,NA,NA,NA,82_2,NA,NA,1,NA,NA,NA,NA
snj10_SemiBin_80.fa,47.92344671074556,NA,NA,NA,NA,NA,82_3,NA,NA,1,NA,NA,NA,NA
sample23_SemiBin_85.fa,70.88796436659172,NA,NA,NA,NA,NA,82_4,NA,NA,1,NA,NA,NA,NA
snj09_SemiBin_189.fa,54.20558587301987,NA,NA,NA,NA,NA,83_0,NA,NA,1,NA,NA,NA,NA
snj19_SemiBin_137.fa,53.81782776261577,NA,NA,NA,NA,NA,84_0,NA,NA,1,NA,NA,NA,NA
cpsnj09_SemiBin_95.fa,66.62788419863726,NA,NA,NA,NA,NA,85_1,NA,NA,1,NA,NA,NA,NA
cpsnj10_SemiBin_43.fa,91.86592898535656,NA,NA,NA,NA,NA,85_2,NA,NA,1,NA,NA,NA,NA
cpsnj13_SemiBin_81.fa,67.90043208606765,NA,NA,NA,NA,NA,85_3,NA,NA,1,NA,NA,NA,NA
snj08_SemiBin_146.fa,39.23327721235538,NA,NA,NA,NA,NA,86_0,NA,NA,1,NA,NA,NA,NA
cpsnj02_SemiBin_61.fa,51.597193495031874,NA,NA,NA,NA,NA,87_0,NA,NA,1,NA,NA,NA,NA
snj20_SemiBin_26.fa,81.42374798214091,NA,NA,NA,NA,NA,88_0,NA,NA,1,NA,NA,NA,NA
sample21_SemiBin_50.fa,79.93967380699549,NA,NA,NA,NA,NA,89_1,NA,NA,1,NA,NA,NA,NA
sample23_SemiBin_88.fa,31.501052232566533,NA,NA,NA,NA,NA,89_2,NA,NA,1,NA,NA,NA,NA
cpsnj04_SemiBin_63.fa,65.51857684901809,NA,NA,NA,NA,NA,90_1,NA,NA,1,NA,NA,NA,NA
snj01_SemiBin_71.fa,69.41269140680393,NA,NA,NA,NA,NA,90_2,NA,NA,1,NA,NA,NA,NA
sample19_SemiBin_313.fa,26.475197462905555,NA,NA,NA,NA,NA,91_0,NA,NA,1,NA,NA,NA,NA
sample30_SemiBin_29.fa,28.100377673412908,NA,NA,NA,NA,NA,92_0,NA,NA,1,NA,NA,NA,NA
sample6_SemiBin_95.fa,48.01730695682012,NA,NA,NA,NA,NA,93_0,NA,NA,1,NA,NA,NA,NA
snj01_SemiBin_51.fa,77.96501540202085,NA,NA,NA,NA,NA,94_1,NA,NA,1,NA,NA,NA,NA
snj13_SemiBin_95.fa,73.07347409191675,NA,NA,NA,NA,NA,94_2,NA,NA,1,NA,NA,NA,NA
snj16_SemiBin_24.fa,69.01347916339849,NA,NA,NA,NA,NA,94_3,NA,NA,1,NA,NA,NA,NA
snj20_SemiBin_24.fa,81.45626918262562,NA,NA,NA,NA,NA,94_4,NA,NA,1,NA,NA,NA,NA
snj08_SemiBin_14.fa,85.3870244406561,NA,NA,NA,NA,NA,94_5,NA,NA,1,NA,NA,NA,NA
snj10_SemiBin_96.fa,41.36534225366261,NA,NA,NA,NA,NA,94_6,NA,NA,1,NA,NA,NA,NA
sample23_SemiBin_90.fa,22.80253731638747,NA,NA,NA,NA,NA,95_0,NA,NA,1,NA,NA,NA,NA
snj01_SemiBin_25.fa,63.06684306950462,NA,NA,NA,NA,NA,96_0,NA,NA,1,NA,NA,NA,NA
snj11_SemiBin_56.fa,76.27443187521982,NA,NA,NA,NA,NA,97_1,NA,NA,1,NA,NA,NA,NA
snj20_SemiBin_105.fa,53.50951372682213,NA,NA,NA,NA,NA,97_2,NA,NA,1,NA,NA,NA,NA
snj13_SemiBin_143.fa,60.54405598516518,NA,NA,NA,NA,NA,97_3,NA,NA,1,NA,NA,NA,NA
snj08_SemiBin_81.fa,70.81444567616634,NA,NA,NA,NA,NA,97_4,NA,NA,1,NA,NA,NA,NA
snj16_SemiBin_69.fa,40.61262686479923,NA,NA,NA,NA,NA,97_5,NA,NA,1,NA,NA,NA,NA
snj01_SemiBin_59.fa,42.51607703746124,NA,NA,NA,NA,NA,97_6,NA,NA,1,NA,NA,NA,NA
snj09_SemiBin_106.fa,43.24929027886456,NA,NA,NA,NA,NA,97_7,NA,NA,1,NA,NA,NA,NA
snj01_SemiBin_148.fa,55.45547308122347,NA,NA,NA,NA,NA,98_0,NA,NA,1,NA,NA,NA,NA
cpsnj04_SemiBin_110.fa,35.689708288514154,NA,NA,NA,NA,NA,99_0,NA,NA,1,NA,NA,NA,NA
snj09_SemiBin_86.fa,62.5870126537064,NA,NA,NA,NA,NA,100_0,NA,NA,1,NA,NA,NA,NA
snj09_SemiBin_57.fa,68.23252146703176,NA,NA,NA,NA,NA,101_0,NA,NA,1,NA,NA,NA,NA
snj09_SemiBin_78.fa,48.82242768623663,NA,NA,NA,NA,NA,102_0,NA,NA,1,NA,NA,NA,NA
sample20_SemiBin_199.fa,53.42165952945023,NA,NA,NA,NA,NA,103_1,NA,NA,1,NA,NA,NA,NA
sample4_SemiBin_73.fa,71.07617069977881,NA,NA,NA,NA,NA,103_2,NA,NA,1,NA,NA,NA,NA
sample21_SemiBin_115.fa,52.65284544736628,NA,NA,NA,NA,NA,103_3,NA,NA,1,NA,NA,NA,NA
snj09_SemiBin_96.fa,75.84583610703937,NA,NA,NA,NA,NA,104_1,NA,NA,1,NA,NA,NA,NA
snj11_SemiBin_41.fa,58.82466225738437,NA,NA,NA,NA,NA,104_2,NA,NA,1,NA,NA,NA,NA
snj03_SemiBin_27.fa,84.53508218528994,NA,NA,NA,NA,NA,104_3,NA,NA,1,NA,NA,NA,NA
snj20_SemiBin_4.fa,99.24260160972968,NA,NA,NA,NA,NA,104_4,NA,NA,1,NA,NA,NA,NA
snj19_SemiBin_62.fa,77.91495873656605,NA,NA,NA,NA,NA,104_5,NA,NA,1,NA,NA,NA,NA
snj10_SemiBin_38.fa,75.40967006022278,NA,NA,NA,NA,NA,104_6,NA,NA,1,NA,NA,NA,NA
cpsnj11_SemiBin_118.fa,25.02478533518892,NA,NA,NA,NA,NA,104_7,NA,NA,1,NA,NA,NA,NA
cpsnj03_SemiBin_99.fa,55.67037251735332,NA,NA,NA,NA,NA,104_8,NA,NA,1,NA,NA,NA,NA
cpsnj19_SemiBin_166.fa,50.61351898437251,NA,NA,NA,NA,NA,104_9,NA,NA,1,NA,NA,NA,NA
snj08_SemiBin_70.fa,61.72586654897691,NA,NA,NA,NA,NA,104_10,NA,NA,1,NA,NA,NA,NA
snj01_SemiBin_2.fa,101.48981464386942,NA,NA,NA,NA,NA,105_0,NA,NA,1,NA,NA,NA,NA
snj01_SemiBin_3.fa,97.76677364782256,NA,NA,NA,NA,NA,106_0,NA,NA,1,NA,NA,NA,NA
sample1_SemiBin_31.fa,79.02369540292237,NA,NA,NA,NA,NA,107_1,NA,NA,2,99.04,99.04,NA,NA
sample3_SemiBin_42.fa,61.0634147937816,NA,NA,NA,NA,NA,107_2,NA,NA,1,NA,NA,NA,NA
sample4_SemiBin_17.fa,88.79230003289128,NA,NA,NA,NA,NA,107_3,NA,NA,1,NA,NA,NA,NA
sample10_SemiBin_309.fa,15.5122331940101,NA,NA,NA,NA,NA,107_4,NA,NA,1,NA,NA,NA,NA
cpsnj11_SemiBin_35.fa,93.9702295773505,NA,NA,NA,NA,NA,108_1,NA,NA,2,98.99,98.99,NA,NA
sample14_SemiBin_57.fa,71.83870748499709,NA,NA,NA,NA,NA,108_2,NA,NA,1,NA,NA,NA,NA
sample28_SemiBin_32.fa,60.69794724536882,NA,NA,NA,NA,NA,109_0,NA,NA,1,NA,NA,NA,NA
sample11_SemiBin_5.fa,97.10808006496356,NA,NA,NA,NA,NA,110_1,NA,NA,1,NA,NA,NA,NA
sample13_SemiBin_90.fa,65.35618791809821,NA,NA,NA,NA,NA,110_2,NA,NA,1,NA,NA,NA,NA
sample12_SemiBin_11.fa,70.39704849927847,NA,NA,NA,NA,NA,110_3,NA,NA,1,NA,NA,NA,NA
sample3_SemiBin_65.fa,68.57907630310794,NA,NA,NA,NA,NA,110_4,NA,NA,1,NA,NA,NA,NA
sample4_SemiBin_31.fa,95.67618185721672,NA,NA,NA,NA,NA,110_5,NA,NA,1,NA,NA,NA,NA
sample17_SemiBin_179.fa,54.50802947790759,NA,NA,NA,NA,NA,110_6,NA,NA,1,NA,NA,NA,NA
sample10_SemiBin_231.fa,24.41179409375526,NA,NA,NA,NA,NA,110_7,NA,NA,1,NA,NA,NA,NA
sample5_SemiBin_16.fa,99.54104877480329,NA,NA,NA,NA,NA,111_1,NA,NA,2,99.19,99.19,NA,NA
sample7_SemiBin_33.fa,82.98667406761575,NA,NA,NA,NA,NA,111_2,NA,NA,1,NA,NA,NA,NA
sample2_SemiBin_46.fa,59.48272198228268,NA,NA,NA,NA,NA,111_3,NA,NA,1,NA,NA,NA,NA
sample16_SemiBin_130.fa,58.689089444276256,NA,NA,NA,NA,NA,111_4,NA,NA,1,NA,NA,NA,NA
sample6_SemiBin_92.fa,41.1061905415984,NA,NA,NA,NA,NA,111_5,NA,NA,1,NA,NA,NA,NA
sample26_SemiBin_29.fa,83.86965326256802,NA,NA,NA,NA,NA,111_6,NA,NA,1,NA,NA,NA,NA
sample25_SemiBin_55.fa,68.15812719719675,NA,NA,NA,NA,NA,111_7,NA,NA,1,NA,NA,NA,NA
snj04_SemiBin_143.fa,52.8423578293664,NA,NA,NA,NA,NA,111_8,NA,NA,1,NA,NA,NA,NA
sample15_SemiBin_228.fa,35.97955639015308,NA,NA,NA,NA,NA,111_9,NA,NA,1,NA,NA,NA,NA
sample14_SemiBin_73.fa,25.731279337258925,NA,NA,NA,NA,NA,111_10,NA,NA,1,NA,NA,NA,NA
cpsnj09_SemiBin_126.fa,67.03768928776593,NA,NA,NA,NA,NA,112_0,NA,NA,1,NA,NA,NA,NA
snj11_SemiBin_45.fa,93.97935237977693,NA,NA,NA,NA,NA,113_1,NA,NA,1,NA,NA,NA,NA
snj20_SemiBin_2.fa,101.82107144237752,NA,NA,NA,NA,NA,113_2,NA,NA,1,NA,NA,NA,NA
snj08_SemiBin_50.fa,90.66528927716122,NA,NA,NA,NA,NA,113_3,NA,NA,1,NA,NA,NA,NA
snj16_SemiBin_30.fa,63.91878351630765,NA,NA,NA,NA,NA,113_4,NA,NA,1,NA,NA,NA,NA
cpsnj04_SemiBin_52.fa,79.82983125822807,NA,NA,NA,NA,NA,113_5,NA,NA,1,NA,NA,NA,NA
snj01_SemiBin_23.fa,62.50732358990713,NA,NA,NA,NA,NA,113_6,NA,NA,1,NA,NA,NA,NA
cpsnj01_SemiBin_399.fa,34.439125957491875,NA,NA,NA,NA,NA,113_7,NA,NA,1,NA,NA,NA,NA
snj16_SemiBin_42.fa,67.30224735957044,NA,NA,NA,NA,NA,114_0,NA,NA,1,NA,NA,NA,NA
cpsnj01_SemiBin_6.fa,67.72816214831361,NA,NA,NA,NA,NA,115_1,NA,NA,1,NA,NA,NA,NA
snj01_SemiBin_11.fa,62.59512950192699,NA,NA,NA,NA,NA,115_2,NA,NA,1,NA,NA,NA,NA
snj20_SemiBin_108.fa,35.801604634824926,NA,NA,NA,NA,NA,116_0,NA,NA,1,NA,NA,NA,NA
cpsnj04_SemiBin_189.fa,55.61732596229963,NA,NA,NA,NA,NA,117_1,NA,NA,1,NA,NA,NA,NA
snj02_SemiBin_20.fa,55.18100405015752,NA,NA,NA,NA,NA,117_2,NA,NA,1,NA,NA,NA,NA
cpsnj03_SemiBin_44.fa,61.89091266620331,NA,NA,NA,NA,NA,118_1,NA,NA,1,NA,NA,NA,NA
snj19_SemiBin_69.fa,64.69674070914304,NA,NA,NA,NA,NA,118_2,NA,NA,1,NA,NA,NA,NA
cpsnj19_SemiBin_810.fa,42.87102883919588,NA,NA,NA,NA,NA,118_3,NA,NA,1,NA,NA,NA,NA
snj11_SemiBin_106.fa,46.41832404408287,NA,NA,NA,NA,NA,118_4,NA,NA,1,NA,NA,NA,NA
cpsnj09_SemiBin_59.fa,72.49327212752819,NA,NA,NA,NA,NA,119_1,NA,NA,2,99.08,99.08,NA,NA
snj15_SemiBin_85.fa,65.08618478922558,NA,NA,NA,NA,NA,119_2,NA,NA,1,NA,NA,NA,NA
snj08_SemiBin_15.fa,74.7483436506788,NA,NA,NA,NA,NA,119_3,NA,NA,1,NA,NA,NA,NA
snj13_SemiBin_537.fa,55.04415373246698,NA,NA,NA,NA,NA,119_4,NA,NA,1,NA,NA,NA,NA
sample26_SemiBin_34.fa,52.53102353207397,NA,NA,NA,NA,NA,119_5,NA,NA,1,NA,NA,NA,NA
sample4_SemiBin_14.fa,96.84741909085156,NA,NA,NA,NA,NA,119_6,NA,NA,1,NA,NA,NA,NA
sample5_SemiBin_20.fa,85.53740378254392,NA,NA,NA,NA,NA,119_7,NA,NA,1,NA,NA,NA,NA
sample9_SemiBin_13.fa,61.96061047785194,NA,NA,NA,NA,NA,119_8,NA,NA,1,NA,NA,NA,NA
sample3_SemiBin_67.fa,82.75696174189711,NA,NA,NA,NA,NA,119_9,NA,NA,1,NA,NA,NA,NA
sample8_SemiBin_41.fa,63.532062669042055,NA,NA,NA,NA,NA,119_10,NA,NA,1,NA,NA,NA,NA
sample7_SemiBin_158.fa,51.87580326543844,NA,NA,NA,NA,NA,119_11,NA,NA,1,NA,NA,NA,NA
sample18_SemiBin_355.fa,52.242257858442535,NA,NA,NA,NA,NA,119_12,NA,NA,1,NA,NA,NA,NA
sample22_SemiBin_33.fa,78.09532080040621,NA,NA,NA,NA,NA,120_1,NA,NA,1,NA,NA,NA,NA
sample30_SemiBin_37.fa,50.879805743405015,NA,NA,NA,NA,NA,120_2,NA,NA,1,NA,NA,NA,NA
sample25_SemiBin_90.fa,47.28042521542889,NA,NA,NA,NA,NA,120_3,NA,NA,1,NA,NA,NA,NA
cpsnj03_SemiBin_135.fa,64.40643391759187,NA,NA,NA,NA,NA,120_4,NA,NA,1,NA,NA,NA,NA
snj03_SemiBin_23.fa,45.109601427058,NA,NA,NA,NA,NA,120_5,NA,NA,1,NA,NA,NA,NA
snj01_SemiBin_27.fa,52.20054591930524,NA,NA,NA,NA,NA,120_6,NA,NA,1,NA,NA,NA,NA
sample6_SemiBin_46.fa,55.31962277076591,NA,NA,NA,NA,NA,120_7,NA,NA,1,NA,NA,NA,NA
sample15_SemiBin_132.fa,39.21857960723141,NA,NA,NA,NA,NA,120_8,NA,NA,1,NA,NA,NA,NA
sample24_SemiBin_70.fa,34.14566587220053,NA,NA,NA,NA,NA,120_9,NA,NA,1,NA,NA,NA,NA
sample10_SemiBin_230.fa,10.52656814413932,NA,NA,NA,NA,NA,121_0,NA,NA,1,NA,NA,NA,NA
sample4_SemiBin_125.fa,36.32574536291968,NA,NA,NA,NA,NA,122_1,NA,NA,1,NA,NA,NA,NA
sample8_SemiBin_186.fa,37.48496176754221,NA,NA,NA,NA,NA,122_2,NA,NA,1,NA,NA,NA,NA
snj11_SemiBin_100.fa,46.07705354578651,NA,NA,NA,NA,NA,123_0,NA,NA,1,NA,NA,NA,NA
snj14_SemiBin_92.fa,56.75632757963351,NA,NA,NA,NA,NA,124_1,NA,NA,1,NA,NA,NA,NA
snj15_SemiBin_69.fa,47.6451601521683,NA,NA,NA,NA,NA,124_2,NA,NA,1,NA,NA,NA,NA
snj08_SemiBin_902.fa,42.470360872910135,NA,NA,NA,NA,NA,124_3,NA,NA,1,NA,NA,NA,NA
sample13_SemiBin_20.fa,95.22319364706328,NA,NA,NA,NA,NA,125_0,NA,NA,1,NA,NA,NA,NA
snj02_SemiBin_84.fa,27.505395346857583,NA,NA,NA,NA,NA,126_0,NA,NA,1,NA,NA,NA,NA
sample17_SemiBin_118.fa,67.04933568916408,NA,NA,NA,NA,NA,127_1,NA,NA,1,NA,NA,NA,NA
sample18_SemiBin_21.fa,101.34635983737866,NA,NA,NA,NA,NA,127_2,NA,NA,1,NA,NA,NA,NA
sample13_SemiBin_60.fa,73.03800245335952,NA,NA,NA,NA,NA,127_3,NA,NA,1,NA,NA,NA,NA
sample11_SemiBin_140.fa,14.30725495044267,NA,NA,NA,NA,NA,127_4,NA,NA,1,NA,NA,NA,NA
sample23_SemiBin_140.fa,50.845245213142505,NA,NA,NA,NA,NA,128_0,NA,NA,1,NA,NA,NA,NA
sample19_SemiBin_157.fa,51.98720859690232,NA,NA,NA,NA,NA,129_0,NA,NA,1,NA,NA,NA,NA
snj13_SemiBin_56.fa,75.24267248790113,NA,NA,NA,NA,NA,130_0,NA,NA,1,NA,NA,NA,NA
cpsnj01_SemiBin_43.fa,49.34606848908506,NA,NA,NA,NA,NA,131_0,NA,NA,1,NA,NA,NA,NA
sample28_SemiBin_27.fa,66.96219837858781,NA,NA,NA,NA,NA,132_1,NA,NA,1,NA,NA,NA,NA
snj04_SemiBin_8.fa,83.04147900926776,NA,NA,NA,NA,NA,132_2,NA,NA,1,NA,NA,NA,NA
cpsnj02_SemiBin_45.fa,66.7636489433748,NA,NA,NA,NA,NA,132_3,NA,NA,1,NA,NA,NA,NA
snj09_SemiBin_134.fa,53.92736259499512,NA,NA,NA,NA,NA,132_4,NA,NA,1,NA,NA,NA,NA
snj11_SemiBin_160.fa,45.68685819956599,NA,NA,NA,NA,NA,132_5,NA,NA,1,NA,NA,NA,NA
cpsnj09_SemiBin_15.fa,95.97295989078808,NA,NA,NA,NA,NA,132_6,NA,NA,1,NA,NA,NA,NA
cpsnj10_SemiBin_26.fa,83.7450857389938,NA,NA,NA,NA,NA,132_7,NA,NA,1,NA,NA,NA,NA
cpsnj11_SemiBin_119.fa,22.421224025188355,NA,NA,NA,NA,NA,132_8,NA,NA,1,NA,NA,NA,NA
cpsnj01_SemiBin_82.fa,51.5942594125721,NA,NA,NA,NA,NA,132_9,NA,NA,1,NA,NA,NA,NA
snj20_SemiBin_178.fa,51.78910680849985,NA,NA,NA,NA,NA,132_10,NA,NA,1,NA,NA,NA,NA
snj02_SemiBin_34.fa,54.431962425715945,NA,NA,NA,NA,NA,132_11,NA,NA,1,NA,NA,NA,NA
cpsnj13_SemiBin_156.fa,40.37579884122015,NA,NA,NA,NA,NA,132_12,NA,NA,1,NA,NA,NA,NA
cpsnj15_SemiBin_44.fa,48.45664018857109,NA,NA,NA,NA,NA,132_13,NA,NA,1,NA,NA,NA,NA
snj19_SemiBin_103.fa,46.07520466816688,NA,NA,NA,NA,NA,132_14,NA,NA,1,NA,NA,NA,NA
sample6_SemiBin_123.fa,41.53591773169033,NA,NA,NA,NA,NA,133_0,NA,NA,1,NA,NA,NA,NA
cpsnj08_SemiBin_18.fa,47.83009407350281,NA,NA,NA,NA,NA,134_1,NA,NA,1,NA,NA,NA,NA
snj08_SemiBin_4.fa,101.7987965042649,NA,NA,NA,NA,NA,134_2,NA,NA,1,NA,NA,NA,NA
cpsnj16_SemiBin_28.fa,97.41186635277352,NA,NA,NA,NA,NA,134_3,NA,NA,1,NA,NA,NA,NA
snj13_SemiBin_107.fa,56.106927283051306,NA,NA,NA,NA,NA,134_4,NA,NA,1,NA,NA,NA,NA
snj16_SemiBin_75.fa,64.75564918114823,NA,NA,NA,NA,NA,134_5,NA,NA,1,NA,NA,NA,NA
snj15_SemiBin_197.fa,23.14904804241204,NA,NA,NA,NA,NA,134_6,NA,NA,1,NA,NA,NA,NA
cpsnj14_SemiBin_1136.fa,14.9985289329756,NA,NA,NA,NA,NA,134_7,NA,NA,1,NA,NA,NA,NA
sample1_SemiBin_40.fa,93.32622334035402,NA,NA,NA,NA,NA,135_1,NA,NA,2,99.12,99.12,NA,NA
sample22_SemiBin_60.fa,66.46285601492029,NA,NA,NA,NA,NA,135_2,NA,NA,1,NA,NA,NA,NA
sample18_SemiBin_236.fa,46.477581970050096,NA,NA,NA,NA,NA,135_3,NA,NA,1,NA,NA,NA,NA
sample16_SemiBin_168.fa,63.81629472437903,NA,NA,NA,NA,NA,135_4,NA,NA,1,NA,NA,NA,NA
sample25_SemiBin_185.fa,48.68519487930357,NA,NA,NA,NA,NA,135_5,NA,NA,1,NA,NA,NA,NA
sample7_SemiBin_138.fa,48.25614638726231,NA,NA,NA,NA,NA,135_6,NA,NA,1,NA,NA,NA,NA
sample18_SemiBin_296.fa,38.07918687009802,NA,NA,NA,NA,NA,136_1,NA,NA,1,NA,NA,NA,NA
sample8_SemiBin_557.fa,10.426925802504094,NA,NA,NA,NA,NA,136_2,NA,NA,1,NA,NA,NA,NA
sample14_SemiBin_35.fa,36.3448585114293,NA,NA,NA,NA,NA,137_1,NA,NA,1,NA,NA,NA,NA
sample21_SemiBin_79.fa,49.89439600512917,NA,NA,NA,NA,NA,137_2,NA,NA,1,NA,NA,NA,NA
snj13_SemiBin_75.fa,52.88438535069415,NA,NA,NA,NA,NA,138_1,NA,NA,1,NA,NA,NA,NA
snj14_SemiBin_87.fa,50.07040364322362,NA,NA,NA,NA,NA,138_2,NA,NA,1,NA,NA,NA,NA
snj08_SemiBin_186.fa,31.22157527431345,NA,NA,NA,NA,NA,138_3,NA,NA,1,NA,NA,NA,NA
sample27_SemiBin_70.fa,40.49085472886571,NA,NA,NA,NA,NA,139_0,NA,NA,1,NA,NA,NA,NA
sample23_SemiBin_200.fa,46.2406449310554,NA,NA,NA,NA,NA,140_0,NA,NA,1,NA,NA,NA,NA
sample29_SemiBin_416.fa,65.22224416653653,NA,NA,NA,NA,NA,141_0,NA,NA,1,NA,NA,NA,NA
sample30_SemiBin_16.fa,98.88357947933751,NA,NA,NA,NA,NA,142_0,NA,NA,1,NA,NA,NA,NA
sample29_SemiBin_90.fa,84.78389043410269,NA,NA,NA,NA,NA,143_0,NA,NA,1,NA,NA,NA,NA
cpsnj10_SemiBin_21.fa,89.27362495142812,NA,NA,NA,NA,NA,144_0,NA,NA,1,NA,NA,NA,NA
snj13_SemiBin_24.fa,74.92243956431966,NA,NA,NA,NA,NA,145_0,NA,NA,1,NA,NA,NA,NA
cpsnj09_SemiBin_264.fa,54.70546191543943,NA,NA,NA,NA,NA,146_0,NA,NA,1,NA,NA,NA,NA
sample27_SemiBin_19.fa,67.59663689249759,NA,NA,NA,NA,NA,147_0,NA,NA,1,NA,NA,NA,NA
cpsnj02_SemiBin_126.fa,45.858189034303024,NA,NA,NA,NA,NA,148_1,NA,NA,1,NA,NA,NA,NA
snj02_SemiBin_9.fa,96.95213813461204,NA,NA,NA,NA,NA,148_2,NA,NA,1,NA,NA,NA,NA
cpsnj08_SemiBin_30.fa,69.97525423269698,NA,NA,NA,NA,NA,149_1,NA,NA,1,NA,NA,NA,NA
snj08_SemiBin_73.fa,69.48940080100553,NA,NA,NA,NA,NA,149_2,NA,NA,1,NA,NA,NA,NA
cpsnj16_SemiBin_108.fa,47.36443556912346,NA,NA,NA,NA,NA,149_3,NA,NA,1,NA,NA,NA,NA
snj15_SemiBin_99.fa,36.59168190599707,NA,NA,NA,NA,NA,149_4,NA,NA,1,NA,NA,NA,NA
cpsnj14_SemiBin_104.fa,31.076441343569996,NA,NA,NA,NA,NA,149_5,NA,NA,1,NA,NA,NA,NA
sample20_SemiBin_205.fa,70.68569285881956,NA,NA,NA,NA,NA,149_6,NA,NA,1,NA,NA,NA,NA
cpsnj10_SemiBin_105.fa,74.26647713713264,NA,NA,NA,NA,NA,150_0,NA,NA,1,NA,NA,NA,NA
sample13_SemiBin_13.fa,85.70181169980991,NA,NA,NA,NA,NA,151_1,NA,NA,1,NA,NA,NA,NA
sample15_SemiBin_83.fa,63.51400945815224,NA,NA,NA,NA,NA,151_2,NA,NA,1,NA,NA,NA,NA
sample22_SemiBin_98.fa,68.30612253869727,NA,NA,NA,NA,NA,151_3,NA,NA,1,NA,NA,NA,NA
sample23_SemiBin_68.fa,43.130033909019936,NA,NA,NA,NA,NA,151_4,NA,NA,1,NA,NA,NA,NA
sample1_SemiBin_65.fa,69.10981445326806,NA,NA,NA,NA,NA,151_5,NA,NA,1,NA,NA,NA,NA
sample21_SemiBin_67.fa,58.8836466315382,NA,NA,NA,NA,NA,151_6,NA,NA,1,NA,NA,NA,NA
sample16_SemiBin_173.fa,44.13703437844687,NA,NA,NA,NA,NA,151_7,NA,NA,1,NA,NA,NA,NA
cpsnj16_SemiBin_66.fa,64.96361973482632,NA,NA,NA,NA,NA,151_8,NA,NA,1,NA,NA,NA,NA
snj19_SemiBin_20.fa,93.99541155290947,NA,NA,NA,NA,NA,151_9,NA,NA,1,NA,NA,NA,NA
snj08_SemiBin_98.fa,46.09593074092936,NA,NA,NA,NA,NA,151_10,NA,NA,1,NA,NA,NA,NA
sample3_SemiBin_19.fa,84.16023704794398,NA,NA,NA,NA,NA,151_11,NA,NA,1,NA,NA,NA,NA
sample4_SemiBin_35.fa,80.11849796764253,NA,NA,NA,NA,NA,151_12,NA,NA,1,NA,NA,NA,NA
sample8_SemiBin_29.fa,87.47724600220464,NA,NA,NA,NA,NA,151_13,NA,NA,1,NA,NA,NA,NA
sample20_SemiBin_83.fa,73.85739975641067,NA,NA,NA,NA,NA,151_14,NA,NA,1,NA,NA,NA,NA
sample18_SemiBin_113.fa,65.1999253549851,NA,NA,NA,NA,NA,151_15,NA,NA,1,NA,NA,NA,NA
sample27_SemiBin_51.fa,53.86781878171752,NA,NA,NA,NA,NA,152_0,NA,NA,1,NA,NA,NA,NA
snj13_SemiBin_2093.fa,11.35716784718605,NA,NA,NA,NA,NA,153_0,NA,NA,1,NA,NA,NA,NA
snj15_SemiBin_41.fa,29.105318772669875,NA,NA,NA,NA,NA,154_0,NA,NA,1,NA,NA,NA,NA
snj08_SemiBin_67.fa,59.9668885703974,NA,NA,NA,NA,NA,155_0,NA,NA,1,NA,NA,NA,NA
snj02_SemiBin_11.fa,101.9697965755111,NA,NA,NA,NA,NA,156_0,NA,NA,1,NA,NA,NA,NA
sample19_SemiBin_186.fa,63.42868155541738,NA,NA,NA,NA,NA,157_0,NA,NA,1,NA,NA,NA,NA
snj01_SemiBin_410.fa,53.19548673967822,NA,NA,NA,NA,NA,158_0,NA,NA,1,NA,NA,NA,NA
snj20_SemiBin_68.fa,53.82511400774954,NA,NA,NA,NA,NA,159_0,NA,NA,1,NA,NA,NA,NA
snj01_SemiBin_1368.fa,19.795794447764,NA,NA,NA,NA,NA,160_0,NA,NA,1,NA,NA,NA,NA
snj04_SemiBin_47.fa,85.09368914377391,NA,NA,NA,NA,NA,161_0,NA,NA,1,NA,NA,NA,NA
snj16_SemiBin_79.fa,34.1017969988691,NA,NA,NA,NA,NA,162_0,NA,NA,1,NA,NA,NA,NA
snj04_SemiBin_120.fa,29.11477419650173,NA,NA,NA,NA,NA,163_0,NA,NA,1,NA,NA,NA,NA
snj02_SemiBin_18.fa,95.78525471642148,NA,NA,NA,NA,NA,164_0,NA,NA,1,NA,NA,NA,NA
sample24_SemiBin_22.fa,82.31218355411256,NA,NA,NA,NA,NA,165_0,NA,NA,1,NA,NA,NA,NA
sample25_SemiBin_42.fa,97.20490270433388,NA,NA,NA,NA,NA,166_0,NA,NA,1,NA,NA,NA,NA
sample9_SemiBin_66.fa,93.43385470133784,NA,NA,NA,NA,NA,167_0,NA,NA,1,NA,NA,NA,NA
cpsnj20_SemiBin_73.fa,81.69598808179394,NA,NA,NA,NA,NA,168_0,NA,NA,1,NA,NA,NA,NA
sample19_SemiBin_70.fa,93.87486567745948,NA,NA,NA,NA,NA,169_0,NA,NA,1,NA,NA,NA,NA
snj01_SemiBin_81.fa,62.10928197579045,NA,NA,NA,NA,NA,170_1,NA,NA,1,NA,NA,NA,NA
snj20_SemiBin_94.fa,63.20831611775765,NA,NA,NA,NA,NA,170_2,NA,NA,1,NA,NA,NA,NA
sample2_SemiBin_26.fa,87.10547792229971,NA,NA,NA,NA,NA,171_1,NA,NA,1,NA,NA,NA,NA
sample7_SemiBin_198.fa,24.210372129735468,NA,NA,NA,NA,NA,171_2,NA,NA,1,NA,NA,NA,NA
sample1_SemiBin_237.fa,53.55377062851428,NA,NA,NA,NA,NA,172_0,NA,NA,1,NA,NA,NA,NA
sample1_SemiBin_86.fa,96.53392734784836,NA,NA,NA,NA,NA,173_0,NA,NA,1,NA,NA,NA,NA
snj08_SemiBin_65.fa,92.692344535157,NA,NA,NA,NA,NA,174_0,NA,NA,1,NA,NA,NA,NA
cpsnj20_SemiBin_75.fa,84.86544771939835,NA,NA,NA,NA,NA,175_0,NA,NA,1,NA,NA,NA,NA
cpsnj20_SemiBin_92.fa,65.68424280772138,NA,NA,NA,NA,NA,176_0,NA,NA,1,NA,NA,NA,NA
cpsnj20_SemiBin_38.fa,92.75144469504004,NA,NA,NA,NA,NA,177_0,NA,NA,1,NA,NA,NA,NA
sample24_SemiBin_40.fa,70.45102474998629,NA,NA,NA,NA,NA,178_0,NA,NA,1,NA,NA,NA,NA
sample11_SemiBin_15.fa,97.8840476549558,NA,NA,NA,NA,NA,179_1,NA,NA,2,99.71,99.71,NA,NA
sample28_SemiBin_29.fa,86.70872927180258,NA,NA,NA,NA,NA,180_0,NA,NA,1,NA,NA,NA,NA
snj02_SemiBin_44.fa,75.39624647259483,NA,NA,NA,NA,NA,181_0,NA,NA,1,NA,NA,NA,NA
snj14_SemiBin_53.fa,78.35752691989389,NA,NA,NA,NA,NA,182_1,NA,NA,1,NA,NA,NA,NA
snj15_SemiBin_19.fa,81.94692222546769,NA,NA,NA,NA,NA,182_2,NA,NA,1,NA,NA,NA,NA
sample14_SemiBin_0.fa,79.20478250939688,NA,NA,NA,NA,NA,183_0,NA,NA,1,NA,NA,NA,NA
sample3_SemiBin_63.fa,57.5637756739013,NA,NA,NA,NA,NA,184_1,NA,NA,1,NA,NA,NA,NA
sample4_SemiBin_79.fa,59.73041477402789,NA,NA,NA,NA,NA,184_2,NA,NA,1,NA,NA,NA,NA
sample8_SemiBin_130.fa,41.30284211305887,NA,NA,NA,NA,NA,184_3,NA,NA,1,NA,NA,NA,NA
sample17_SemiBin_165.fa,26.37841052570316,NA,NA,NA,NA,NA,184_4,NA,NA,1,NA,NA,NA,NA
sample1_SemiBin_2.fa,100.5130324774078,NA,NA,NA,NA,NA,185_1,NA,NA,2,99.28,99.28,NA,NA
sample13_SemiBin_54.fa,60.64328706514465,NA,NA,NA,NA,NA,186_0,NA,NA,1,NA,NA,NA,NA
cpsnj16_SemiBin_3.fa,98.9241782132206,NA,NA,NA,NA,NA,187_1,NA,NA,2,98.98,98.98,NA,NA
sample29_SemiBin_122.fa,93.04457455705082,NA,NA,NA,NA,NA,188_0,NA,NA,1,NA,NA,NA,NA
sample29_SemiBin_182.fa,60.80203396017265,NA,NA,NA,NA,NA,189_0,NA,NA,1,NA,NA,NA,NA
sample29_SemiBin_165.fa,66.02658554614743,NA,NA,NA,NA,NA,190_0,NA,NA,1,NA,NA,NA,NA
cpsnj02_SemiBin_24.fa,70.82526912767023,NA,NA,NA,NA,NA,191_0,NA,NA,1,NA,NA,NA,NA
sample28_SemiBin_135.fa,59.0277595117027,NA,NA,NA,NA,NA,192_0,NA,NA,1,NA,NA,NA,NA
sample1_SemiBin_183.fa,42.50623399641699,NA,NA,NA,NA,NA,193_0,NA,NA,1,NA,NA,NA,NA
sample23_SemiBin_104.fa,21.974011253303672,NA,NA,NA,NA,NA,194_0,NA,NA,1,NA,NA,NA,NA
sample29_SemiBin_248.fa,43.95150119866334,NA,NA,NA,NA,NA,195_0,NA,NA,1,NA,NA,NA,NA
sample22_SemiBin_180.fa,67.87079081105344,NA,NA,NA,NA,NA,196_0,NA,NA,1,NA,NA,NA,NA
sample2_SemiBin_56.fa,77.83481545057293,NA,NA,NA,NA,NA,197_0,NA,NA,1,NA,NA,NA,NA
sample27_SemiBin_26.fa,57.82789356614335,NA,NA,NA,NA,NA,198_0,NA,NA,1,NA,NA,NA,NA
snj01_SemiBin_55.fa,50.58016199238215,NA,NA,NA,NA,NA,199_0,NA,NA,1,NA,NA,NA,NA
cpsnj20_SemiBin_200.fa,56.18650468479947,NA,NA,NA,NA,NA,200_0,NA,NA,1,NA,NA,NA,NA
sample29_SemiBin_260.fa,50.88842385178295,NA,NA,NA,NA,NA,201_0,NA,NA,1,NA,NA,NA,NA
sample11_SemiBin_106.fa,51.32906808152829,NA,NA,NA,NA,NA,202_0,NA,NA,1,NA,NA,NA,NA
sample29_SemiBin_100.fa,85.51473643113701,NA,NA,NA,NA,NA,203_0,NA,NA,1,NA,NA,NA,NA
sample4_SemiBin_33.fa,64.07899005111344,NA,NA,NA,NA,NA,204_1,NA,NA,1,NA,NA,NA,NA
sample8_SemiBin_2.fa,86.59852853227292,NA,NA,NA,NA,NA,204_2,NA,NA,1,NA,NA,NA,NA
sample3_SemiBin_35.fa,65.00343674756881,NA,NA,NA,NA,NA,204_3,NA,NA,1,NA,NA,NA,NA
sample10_SemiBin_84.fa,14.175662814877583,NA,NA,NA,NA,NA,204_4,NA,NA,1,NA,NA,NA,NA
sample16_SemiBin_50.fa,68.84617638089995,NA,NA,NA,NA,NA,204_5,NA,NA,1,NA,NA,NA,NA
sample1_SemiBin_149.fa,15.503237288819223,NA,NA,NA,NA,NA,205_0,NA,NA,1,NA,NA,NA,NA
sample17_SemiBin_64.fa,68.83192411020138,NA,NA,NA,NA,NA,206_1,NA,NA,1,NA,NA,NA,NA
sample19_SemiBin_3.fa,93.988282469348,NA,NA,NA,NA,NA,206_2,NA,NA,1,NA,NA,NA,NA
sample22_SemiBin_24.fa,82.83087254874125,NA,NA,NA,NA,NA,206_3,NA,NA,1,NA,NA,NA,NA
sample10_SemiBin_36.fa,62.439110360032096,NA,NA,NA,NA,NA,206_4,NA,NA,1,NA,NA,NA,NA
sample25_SemiBin_26.fa,66.04681147806554,NA,NA,NA,NA,NA,206_5,NA,NA,1,NA,NA,NA,NA
cpsnj04_SemiBin_42.fa,61.145803315966354,NA,NA,NA,NA,NA,207_1,NA,NA,1,NA,NA,NA,NA
cpsnj16_SemiBin_22.fa,79.93129803736272,NA,NA,NA,NA,NA,207_2,NA,NA,1,NA,NA,NA,NA
cpsnj14_SemiBin_131.fa,53.140803424105535,NA,NA,NA,NA,NA,207_3,NA,NA,1,NA,NA,NA,NA
sample12_SemiBin_26.fa,60.71763346227621,NA,NA,NA,NA,NA,208_0,NA,NA,1,NA,NA,NA,NA
sample17_SemiBin_1.fa,89.51754469882121,NA,NA,NA,NA,NA,209_1,NA,NA,3,99.72,99.12,NA,NA
sample19_SemiBin_141.fa,53.22733692290866,NA,NA,NA,NA,NA,210_0,NA,NA,1,NA,NA,NA,NA
sample10_SemiBin_43.fa,65.60678614273569,NA,NA,NA,NA,NA,211_0,NA,NA,1,NA,NA,NA,NA
sample29_SemiBin_175.fa,43.616940741097885,NA,NA,NA,NA,NA,212_0,NA,NA,1,NA,NA,NA,NA
sample7_SemiBin_144.fa,16.097746897964832,NA,NA,NA,NA,NA,213_1,NA,NA,1,NA,NA,NA,NA
snj08_SemiBin_131.fa,42.71570554597511,NA,NA,NA,NA,NA,213_2,NA,NA,1,NA,NA,NA,NA
sample25_SemiBin_120.fa,53.233432402365445,NA,NA,NA,NA,NA,213_3,NA,NA,1,NA,NA,NA,NA
snj20_SemiBin_59.fa,59.11855673671412,NA,NA,NA,NA,NA,214_0,NA,NA,1,NA,NA,NA,NA
sample11_SemiBin_87.fa,62.27442990963064,NA,NA,NA,NA,NA,215_1,NA,NA,1,NA,NA,NA,NA
sample12_SemiBin_42.fa,46.6552804616816,NA,NA,NA,NA,NA,215_2,NA,NA,1,NA,NA,NA,NA
sample22_SemiBin_130.fa,32.962898794198495,NA,NA,NA,NA,NA,215_3,NA,NA,1,NA,NA,NA,NA
sample24_SemiBin_25.fa,57.940682634683455,NA,NA,NA,NA,NA,216_1,NA,NA,1,NA,NA,NA,NA
sample6_SemiBin_50.fa,72.92318649040477,NA,NA,NA,NA,NA,216_2,NA,NA,1,NA,NA,NA,NA
cpsnj09_SemiBin_174.fa,68.2045786105607,NA,NA,NA,NA,NA,217_0,NA,NA,1,NA,NA,NA,NA
cpsnj13_SemiBin_42.fa,65.68046137506683,NA,NA,NA,NA,NA,218_0,NA,NA,1,NA,NA,NA,NA
sample29_SemiBin_101.fa,66.60815336797151,NA,NA,NA,NA,NA,219_0,NA,NA,1,NA,NA,NA,NA
sample29_SemiBin_73.fa,77.7573592126071,NA,NA,NA,NA,NA,220_0,NA,NA,1,NA,NA,NA,NA
sample25_SemiBin_37.fa,60.13771584298141,NA,NA,NA,NA,NA,221_1,NA,NA,1,NA,NA,NA,NA
sample7_SemiBin_63.fa,76.54493086062911,NA,NA,NA,NA,NA,221_2,NA,NA,1,NA,NA,NA,NA
sample16_SemiBin_121.fa,43.33092333459323,NA,NA,NA,NA,NA,221_3,NA,NA,1,NA,NA,NA,NA
sample19_SemiBin_143.fa,36.114493888143606,NA,NA,NA,NA,NA,222_0,NA,NA,1,NA,NA,NA,NA
cpsnj04_SemiBin_37.fa,77.11005500867691,NA,NA,NA,NA,NA,223_0,NA,NA,1,NA,NA,NA,NA
cpsnj20_SemiBin_39.fa,80.56788555051877,NA,NA,NA,NA,NA,224_0,NA,NA,1,NA,NA,NA,NA
cpsnj20_SemiBin_8.fa,101.13152786382231,NA,NA,NA,NA,NA,225_0,NA,NA,1,NA,NA,NA,NA
sample3_SemiBin_36.fa,57.50979696167385,NA,NA,NA,NA,NA,226_1,NA,NA,1,NA,NA,NA,NA
sample4_SemiBin_62.fa,56.37057514933966,NA,NA,NA,NA,NA,226_2,NA,NA,1,NA,NA,NA,NA
sample10_SemiBin_53.fa,56.30293624389148,NA,NA,NA,NA,NA,226_3,NA,NA,1,NA,NA,NA,NA
sample1_SemiBin_90.fa,59.57198653783129,NA,NA,NA,NA,NA,226_4,NA,NA,1,NA,NA,NA,NA
cpsnj16_SemiBin_94.fa,48.501879864826336,NA,NA,NA,NA,NA,227_0,NA,NA,1,NA,NA,NA,NA
sample18_SemiBin_285.fa,37.38728816105898,NA,NA,NA,NA,NA,228_0,NA,NA,1,NA,NA,NA,NA
snj19_SemiBin_102.fa,60.83594447612386,NA,NA,NA,NA,NA,229_0,NA,NA,1,NA,NA,NA,NA
sample27_SemiBin_12.fa,50.7358266967339,NA,NA,NA,NA,NA,230_0,NA,NA,1,NA,NA,NA,NA
sample27_SemiBin_176.fa,49.122126766723234,NA,NA,NA,NA,NA,231_0,NA,NA,1,NA,NA,NA,NA
sample17_SemiBin_223.fa,19.279761006564456,NA,NA,NA,NA,NA,232_0,NA,NA,1,NA,NA,NA,NA
sample17_SemiBin_224.fa,9.672388485689504,NA,NA,NA,NA,NA,233_0,NA,NA,1,NA,NA,NA,NA
sample25_SemiBin_125.fa,34.62482703554463,NA,NA,NA,NA,NA,234_0,NA,NA,1,NA,NA,NA,NA
sample13_SemiBin_34.fa,72.2479082288878,NA,NA,NA,NA,NA,235_0,NA,NA,1,NA,NA,NA,NA
sample17_SemiBin_100.fa,54.2349690299062,NA,NA,NA,NA,NA,236_1,NA,NA,1,NA,NA,NA,NA
sample21_SemiBin_30.fa,74.48526934834392,NA,NA,NA,NA,NA,236_2,NA,NA,1,NA,NA,NA,NA
sample1_SemiBin_63.fa,70.5963525710807,NA,NA,NA,NA,NA,237_1,NA,NA,1,NA,NA,NA,NA
sample21_SemiBin_82.fa,48.87142798013359,NA,NA,NA,NA,NA,237_2,NA,NA,1,NA,NA,NA,NA
sample4_SemiBin_98.fa,63.667553278664336,NA,NA,NA,NA,NA,237_3,NA,NA,1,NA,NA,NA,NA
sample20_SemiBin_148.fa,39.87891256706189,NA,NA,NA,NA,NA,237_4,NA,NA,1,NA,NA,NA,NA
sample13_SemiBin_70.fa,64.66249708306984,NA,NA,NA,NA,NA,238_0,NA,NA,1,NA,NA,NA,NA
cpsnj04_SemiBin_17.fa,91.3125630661343,NA,NA,NA,NA,NA,239_1,NA,NA,1,NA,NA,NA,NA
snj04_SemiBin_208.fa,37.990896424880056,NA,NA,NA,NA,NA,239_2,NA,NA,1,NA,NA,NA,NA
cpsnj19_SemiBin_406.fa,10.353147186762213,NA,NA,NA,NA,NA,240_1,NA,NA,1,NA,NA,NA,NA
snj19_SemiBin_131.fa,45.153157341942446,NA,NA,NA,NA,NA,240_2,NA,NA,1,NA,NA,NA,NA
sample17_SemiBin_206.fa,56.34601721099151,NA,NA,NA,NA,NA,241_1,NA,NA,1,NA,NA,NA,NA
sample26_SemiBin_76.fa,42.181234225064166,NA,NA,NA,NA,NA,241_2,NA,NA,1,NA,NA,NA,NA
sample19_SemiBin_111.fa,34.5821362668121,NA,NA,NA,NA,NA,241_3,NA,NA,1,NA,NA,NA,NA
sample16_SemiBin_1749.fa,16.295399210071295,NA,NA,NA,NA,NA,242_0,NA,NA,1,NA,NA,NA,NA
cpsnj19_SemiBin_99.fa,54.54231892295888,NA,NA,NA,NA,NA,243_0,NA,NA,1,NA,NA,NA,NA
sample25_SemiBin_119.fa,49.51268317676231,NA,NA,NA,NA,NA,244_0,NA,NA,1,NA,NA,NA,NA
sample1_SemiBin_71.fa,69.14736506893047,NA,NA,NA,NA,NA,245_0,NA,NA,1,NA,NA,NA,NA
snj14_SemiBin_122.fa,17.42123964131879,NA,NA,NA,NA,NA,246_0,NA,NA,1,NA,NA,NA,NA
sample29_SemiBin_125.fa,58.42798324235405,NA,NA,NA,NA,NA,247_0,NA,NA,1,NA,NA,NA,NA
sample29_SemiBin_148.fa,48.66464236517931,NA,NA,NA,NA,NA,248_0,NA,NA,1,NA,NA,NA,NA
sample15_SemiBin_72.fa,70.34851734387777,NA,NA,NA,NA,NA,249_1,NA,NA,1,NA,NA,NA,NA
sample27_SemiBin_24.fa,66.35981246173559,NA,NA,NA,NA,NA,249_2,NA,NA,1,NA,NA,NA,NA
sample11_SemiBin_55.fa,49.84381124834637,NA,NA,NA,NA,NA,249_3,NA,NA,1,NA,NA,NA,NA
sample12_SemiBin_27.fa,45.41692108496648,NA,NA,NA,NA,NA,249_4,NA,NA,1,NA,NA,NA,NA
sample18_SemiBin_67.fa,61.08080341835056,NA,NA,NA,NA,NA,250_1,NA,NA,1,NA,NA,NA,NA
sample26_SemiBin_72.fa,59.97364685051049,NA,NA,NA,NA,NA,250_2,NA,NA,1,NA,NA,NA,NA
sample17_SemiBin_97.fa,35.958720645056346,NA,NA,NA,NA,NA,250_3,NA,NA,1,NA,NA,NA,NA
sample16_SemiBin_126.fa,41.95582016887225,NA,NA,NA,NA,NA,250_4,NA,NA,1,NA,NA,NA,NA
sample25_SemiBin_96.fa,58.26841079667459,NA,NA,NA,NA,NA,250_5,NA,NA,1,NA,NA,NA,NA
sample20_SemiBin_171.fa,38.23643021533024,NA,NA,NA,NA,NA,250_6,NA,NA,1,NA,NA,NA,NA
sample21_SemiBin_378.fa,29.838257597323544,NA,NA,NA,NA,NA,250_7,NA,NA,1,NA,NA,NA,NA
snj04_SemiBin_785.fa,11.017282141694968,NA,NA,NA,NA,NA,251_0,NA,NA,1,NA,NA,NA,NA
sample2_SemiBin_948.fa,14.56241885846433,NA,NA,NA,NA,NA,252_0,NA,NA,1,NA,NA,NA,NA
sample6_SemiBin_431.fa,27.64482716772592,NA,NA,NA,NA,NA,253_0,NA,NA,1,NA,NA,NA,NA
sample19_SemiBin_881.fa,36.393260580477545,NA,NA,NA,NA,NA,254_0,NA,NA,1,NA,NA,NA,NA
sample30_SemiBin_95.fa,50.26342033110495,NA,NA,NA,NA,NA,255_0,NA,NA,1,NA,NA,NA,NA
cpsnj20_SemiBin_87.fa,33.3320015306009,NA,NA,NA,NA,NA,256_0,NA,NA,1,NA,NA,NA,NA
snj20_SemiBin_1696.fa,17.50741625621667,NA,NA,NA,NA,NA,257_0,NA,NA,1,NA,NA,NA,NA
snj01_SemiBin_56.fa,35.22444943967127,NA,NA,NA,NA,NA,258_0,NA,NA,1,NA,NA,NA,NA
cpsnj19_SemiBin_1181.fa,4.7717215436627,NA,NA,NA,NA,NA,259_0,NA,NA,1,NA,NA,NA,NA
snj04_SemiBin_1050.fa,19.99110176430794,NA,NA,NA,NA,NA,260_0,NA,NA,1,NA,NA,NA,NA
sample29_SemiBin_38.fa,82.27119057495976,NA,NA,NA,NA,NA,261_0,NA,NA,1,NA,NA,NA,NA
sample4_SemiBin_85.fa,52.86455282129075,NA,NA,NA,NA,NA,262_1,NA,NA,1,NA,NA,NA,NA
sample8_SemiBin_69.fa,73.84320022908646,NA,NA,NA,NA,NA,262_2,NA,NA,1,NA,NA,NA,NA
sample20_SemiBin_137.fa,52.27681170926343,NA,NA,NA,NA,NA,262_3,NA,NA,1,NA,NA,NA,NA
sample3_SemiBin_915.fa,21.191086081251537,NA,NA,NA,NA,NA,262_4,NA,NA,1,NA,NA,NA,NA
cpsnj19_SemiBin_52.fa,51.38455641408021,NA,NA,NA,NA,NA,263_1,NA,NA,1,NA,NA,NA,NA
snj19_SemiBin_56.fa,59.67247332575537,NA,NA,NA,NA,NA,263_2,NA,NA,1,NA,NA,NA,NA
snj03_SemiBin_139.fa,10.09483874485528,NA,NA,NA,NA,NA,264_0,NA,NA,1,NA,NA,NA,NA
sample1_SemiBin_80.fa,66.29945688679621,NA,NA,NA,NA,NA,265_1,NA,NA,1,NA,NA,NA,NA
sample20_SemiBin_234.fa,59.38030425293866,NA,NA,NA,NA,NA,265_2,NA,NA,1,NA,NA,NA,NA
sample15_SemiBin_65.fa,51.62738227022829,NA,NA,NA,NA,NA,265_3,NA,NA,1,NA,NA,NA,NA
sample13_SemiBin_211.fa,61.041579414890776,NA,NA,NA,NA,NA,265_4,NA,NA,1,NA,NA,NA,NA
sample21_SemiBin_1862.fa,24.47080230081939,NA,NA,NA,NA,NA,266_0,NA,NA,1,NA,NA,NA,NA
sample25_SemiBin_186.fa,57.58470816937921,NA,NA,NA,NA,NA,267_1,NA,NA,1,NA,NA,NA,NA
sample26_SemiBin_90.fa,72.7321391260131,NA,NA,NA,NA,NA,267_2,NA,NA,1,NA,NA,NA,NA
sample17_SemiBin_43.fa,65.45139291393012,NA,NA,NA,NA,NA,267_3,NA,NA,1,NA,NA,NA,NA
sample18_SemiBin_283.fa,69.703986861026,NA,NA,NA,NA,NA,267_4,NA,NA,1,NA,NA,NA,NA
snj04_SemiBin_114.fa,20.38497523625716,NA,NA,NA,NA,NA,267_5,NA,NA,1,NA,NA,NA,NA
sample27_SemiBin_144.fa,13.365751219967782,NA,NA,NA,NA,NA,267_6,NA,NA,1,NA,NA,NA,NA
cpsnj14_SemiBin_178.fa,24.52141807253839,NA,NA,NA,NA,NA,267_7,NA,NA,1,NA,NA,NA,NA
sample13_SemiBin_191.fa,43.813186366711605,NA,NA,NA,NA,NA,268_0,NA,NA,1,NA,NA,NA,NA
cpsnj16_SemiBin_56.fa,52.011712906895006,NA,NA,NA,NA,NA,269_0,NA,NA,1,NA,NA,NA,NA
snj09_SemiBin_217.fa,43.370747828962045,NA,NA,NA,NA,NA,270_0,NA,NA,1,NA,NA,NA,NA
sample18_SemiBin_358.fa,52.05852979410583,NA,NA,NA,NA,NA,271_0,NA,NA,1,NA,NA,NA,NA
cpsnj02_SemiBin_138.fa,45.55593774701895,NA,NA,NA,NA,NA,272_0,NA,NA,1,NA,NA,NA,NA
snj02_SemiBin_16.fa,77.06014205308834,NA,NA,NA,NA,NA,273_0,NA,NA,1,NA,NA,NA,NA
sample29_SemiBin_74.fa,64.37459190515409,NA,NA,NA,NA,NA,274_0,NA,NA,1,NA,NA,NA,NA
cpsnj20_SemiBin_105.fa,21.06500528185402,NA,NA,NA,NA,NA,275_1,NA,NA,1,NA,NA,NA,NA
snj20_SemiBin_6.fa,90.57882336558946,NA,NA,NA,NA,NA,275_2,NA,NA,1,NA,NA,NA,NA
snj20_SemiBin_9.fa,64.51950450899133,NA,NA,NA,NA,NA,276_0,NA,NA,1,NA,NA,NA,NA
sample19_SemiBin_55.fa,65.36988530253007,NA,NA,NA,NA,NA,277_0,NA,NA,1,NA,NA,NA,NA
cpsnj20_SemiBin_85.fa,45.92000798622355,NA,NA,NA,NA,NA,278_0,NA,NA,1,NA,NA,NA,NA
sample19_SemiBin_41.fa,70.50308874844325,NA,NA,NA,NA,NA,279_0,NA,NA,1,NA,NA,NA,NA
cpsnj08_SemiBin_36.fa,70.20440189881599,NA,NA,NA,NA,NA,280_1,NA,NA,1,NA,NA,NA,NA
snj02_SemiBin_45.fa,32.85508936603312,NA,NA,NA,NA,NA,280_2,NA,NA,1,NA,NA,NA,NA
sample1_SemiBin_130.fa,41.58707470325724,NA,NA,NA,NA,NA,281_1,NA,NA,1,NA,NA,NA,NA
sample25_SemiBin_126.fa,54.10859220715732,NA,NA,NA,NA,NA,281_2,NA,NA,1,NA,NA,NA,NA
sample22_SemiBin_103.fa,73.31197145978402,NA,NA,NA,NA,NA,282_0,NA,NA,1,NA,NA,NA,NA
sample5_SemiBin_43.fa,46.17256048412947,NA,NA,NA,NA,NA,283_0,NA,NA,1,NA,NA,NA,NA
cpsnj08_SemiBin_1311.fa,24.194661059147148,NA,NA,NA,NA,NA,284_0,NA,NA,1,NA,NA,NA,NA
sample18_SemiBin_176.fa,62.61876249251192,NA,NA,NA,NA,NA,285_0,NA,NA,1,NA,NA,NA,NA
sample10_SemiBin_63.fa,49.48200829680414,NA,NA,NA,NA,NA,286_1,NA,NA,1,NA,NA,NA,NA
sample18_SemiBin_76.fa,78.46085556157111,NA,NA,NA,NA,NA,286_2,NA,NA,1,NA,NA,NA,NA
sample13_SemiBin_113.fa,31.78765351247981,NA,NA,NA,NA,NA,286_3,NA,NA,1,NA,NA,NA,NA
sample3_SemiBin_58.fa,49.224279129484295,NA,NA,NA,NA,NA,286_4,NA,NA,1,NA,NA,NA,NA
sample16_SemiBin_1826.fa,11.995418406660564,NA,NA,NA,NA,NA,286_5,NA,NA,1,NA,NA,NA,NA
sample17_SemiBin_189.fa,40.9669711646775,NA,NA,NA,NA,NA,287_1,NA,NA,1,NA,NA,NA,NA
sample3_SemiBin_1229.fa,10.317533629453951,NA,NA,NA,NA,NA,287_2,NA,NA,1,NA,NA,NA,NA
sample1_SemiBin_22.fa,74.43229693048244,NA,NA,NA,NA,NA,288_1,NA,NA,1,NA,NA,NA,NA
sample20_SemiBin_94.fa,60.04989108200936,NA,NA,NA,NA,NA,288_2,NA,NA,1,NA,NA,NA,NA
sample7_SemiBin_39.fa,70.19009558813131,NA,NA,NA,NA,NA,288_3,NA,NA,1,NA,NA,NA,NA
sample23_SemiBin_233.fa,7.379660222735774,NA,NA,NA,NA,NA,288_4,NA,NA,1,NA,NA,NA,NA
sample27_SemiBin_1530.fa,11.926286873801455,NA,NA,NA,NA,NA,288_5,NA,NA,1,NA,NA,NA,NA
cpsnj20_SemiBin_79.fa,39.93232866661742,NA,NA,NA,NA,NA,289_1,NA,NA,1,NA,NA,NA,NA
sample28_SemiBin_33.fa,37.27071054703322,NA,NA,NA,NA,NA,289_2,NA,NA,1,NA,NA,NA,NA
cpsnj02_SemiBin_76.fa,36.42972284923055,NA,NA,NA,NA,NA,290_0,NA,NA,1,NA,NA,NA,NA
sample6_SemiBin_29.fa,42.10265464086293,NA,NA,NA,NA,NA,291_1,NA,NA,1,NA,NA,NA,NA
snj16_SemiBin_45.fa,39.78768375826636,NA,NA,NA,NA,NA,291_2,NA,NA,1,NA,NA,NA,NA
sample2_SemiBin_951.fa,7.051922235378919,NA,NA,NA,NA,NA,291_3,NA,NA,1,NA,NA,NA,NA
sample23_SemiBin_1969.fa,11.823252786380513,NA,NA,NA,NA,NA,292_0,NA,NA,1,NA,NA,NA,NA
snj19_SemiBin_1531.fa,18.104841520462998,NA,NA,NA,NA,NA,293_0,NA,NA,1,NA,NA,NA,NA
sample12_SemiBin_1163.fa,14.600151631166897,NA,NA,NA,NA,NA,294_0,NA,NA,1,NA,NA,NA,NA
snj14_SemiBin_1830.fa,21.8338625537198,NA,NA,NA,NA,NA,295_0,NA,NA,1,NA,NA,NA,NA
sample6_SemiBin_85.fa,51.75560685106039,NA,NA,NA,NA,NA,296_1,NA,NA,1,NA,NA,NA,NA
sample7_SemiBin_109.fa,37.70636980260475,NA,NA,NA,NA,NA,296_2,NA,NA,1,NA,NA,NA,NA
cpsnj11_SemiBin_107.fa,71.85835804072272,NA,NA,NA,NA,NA,296_3,NA,NA,1,NA,NA,NA,NA
sample15_SemiBin_140.fa,54.57553445143371,NA,NA,NA,NA,NA,296_4,NA,NA,1,NA,NA,NA,NA
cpsnj08_SemiBin_103.fa,51.60212497562048,NA,NA,NA,NA,NA,296_5,NA,NA,1,NA,NA,NA,NA
snj08_SemiBin_292.fa,30.826474850263303,NA,NA,NA,NA,NA,296_6,NA,NA,1,NA,NA,NA,NA
cpsnj19_SemiBin_36.fa,62.51254980368702,NA,NA,NA,NA,NA,297_1,NA,NA,1,NA,NA,NA,NA
sample25_SemiBin_234.fa,45.06135984863888,NA,NA,NA,NA,NA,297_2,NA,NA,1,NA,NA,NA,NA
cpsnj03_SemiBin_111.fa,48.044513504907776,NA,NA,NA,NA,NA,297_3,NA,NA,1,NA,NA,NA,NA
snj19_SemiBin_45.fa,49.70772420640439,NA,NA,NA,NA,NA,297_4,NA,NA,1,NA,NA,NA,NA
sample7_SemiBin_101.fa,61.814995578492,NA,NA,NA,NA,NA,297_5,NA,NA,1,NA,NA,NA,NA
sample16_SemiBin_132.fa,23.81513834069661,NA,NA,NA,NA,NA,297_6,NA,NA,1,NA,NA,NA,NA
cpsnj20_SemiBin_121.fa,43.00618892822866,NA,NA,NA,NA,NA,298_0,NA,NA,1,NA,NA,NA,NA
cpsnj20_SemiBin_46.fa,77.23838543503072,NA,NA,NA,NA,NA,299_0,NA,NA,1,NA,NA,NA,NA
sample27_SemiBin_183.fa,36.292796307478014,NA,NA,NA,NA,NA,300_1,NA,NA,1,NA,NA,NA,NA
sample5_SemiBin_153.fa,17.620446863205125,NA,NA,NA,NA,NA,300_2,NA,NA,1,NA,NA,NA,NA
sample14_SemiBin_86.fa,33.17568917325162,NA,NA,NA,NA,NA,300_3,NA,NA,1,NA,NA,NA,NA
sample20_SemiBin_178.fa,39.5685449238425,NA,NA,NA,NA,NA,300_4,NA,NA,1,NA,NA,NA,NA
sample30_SemiBin_40.fa,51.42681880622677,NA,NA,NA,NA,NA,300_5,NA,NA,1,NA,NA,NA,NA
cpsnj08_SemiBin_195.fa,25.42452562629711,NA,NA,NA,NA,NA,300_6,NA,NA,1,NA,NA,NA,NA
snj11_SemiBin_149.fa,22.844702828400028,NA,NA,NA,NA,NA,301_0,NA,NA,1,NA,NA,NA,NA
cpsnj10_SemiBin_1846.fa,11.843465530252525,NA,NA,NA,NA,NA,302_0,NA,NA,1,NA,NA,NA,NA
cpsnj13_SemiBin_1479.fa,9.307074075156224,NA,NA,NA,NA,NA,303_0,NA,NA,1,NA,NA,NA,NA
sample24_SemiBin_67.fa,26.60373269160562,NA,NA,NA,NA,NA,304_0,NA,NA,1,NA,NA,NA,NA
sample24_SemiBin_278.fa,35.782386040433074,NA,NA,NA,NA,NA,305_0,NA,NA,1,NA,NA,NA,NA
sample1_SemiBin_51.fa,48.93926005617073,NA,NA,NA,NA,NA,306_1,NA,NA,2,99.02,99.02,NA,NA
sample4_SemiBin_1409.fa,9.01496953951462,NA,NA,NA,NA,NA,307_0,NA,NA,1,NA,NA,NA,NA
cpsnj10_SemiBin_97.fa,43.70513129906109,NA,NA,NA,NA,NA,308_0,NA,NA,1,NA,NA,NA,NA
cpsnj14_SemiBin_15.fa,98.76117548127397,NA,NA,NA,NA,NA,309_1,NA,NA,2,99.03,99.03,NA,NA
cpsnj11_SemiBin_66.fa,80.78597742473968,NA,NA,NA,NA,NA,309_2,NA,NA,1,NA,NA,NA,NA
snj11_SemiBin_40.fa,89.14786491763749,NA,NA,NA,NA,NA,309_3,NA,NA,1,NA,NA,NA,NA
snj13_SemiBin_14.fa,89.48664912983885,NA,NA,NA,NA,NA,309_4,NA,NA,1,NA,NA,NA,NA
sample20_SemiBin_18.fa,96.41211958246164,NA,NA,NA,NA,NA,309_5,NA,NA,1,NA,NA,NA,NA
sample27_SemiBin_8.fa,94.14304335946233,NA,NA,NA,NA,NA,309_6,NA,NA,1,NA,NA,NA,NA
sample13_SemiBin_120.fa,87.86238354378585,NA,NA,NA,NA,NA,309_7,NA,NA,1,NA,NA,NA,NA
cpsnj16_SemiBin_40.fa,85.64164984092511,NA,NA,NA,NA,NA,309_8,NA,NA,1,NA,NA,NA,NA
sample21_SemiBin_48.fa,86.21377421371837,NA,NA,NA,NA,NA,309_9,NA,NA,1,NA,NA,NA,NA
sample3_SemiBin_72.fa,45.49291166312818,NA,NA,NA,NA,NA,309_10,NA,NA,1,NA,NA,NA,NA
sample18_SemiBin_228.fa,50.93399616953262,NA,NA,NA,NA,NA,309_11,NA,NA,1,NA,NA,NA,NA
sample26_SemiBin_100.fa,40.55886219548415,NA,NA,NA,NA,NA,309_12,NA,NA,1,NA,NA,NA,NA
sample1_SemiBin_120.fa,61.8734442330849,NA,NA,NA,NA,NA,309_13,NA,NA,1,NA,NA,NA,NA
sample22_SemiBin_58.fa,75.25053562584007,NA,NA,NA,NA,NA,309_14,NA,NA,1,NA,NA,NA,NA
sample25_SemiBin_139.fa,38.9042719486778,NA,NA,NA,NA,NA,309_15,NA,NA,1,NA,NA,NA,NA
snj08_SemiBin_1011.fa,24.58973798696273,NA,NA,NA,NA,NA,309_16,NA,NA,1,NA,NA,NA,NA
sample23_SemiBin_59.fa,69.92506998994416,NA,NA,NA,NA,NA,310_1,NA,NA,1,NA,NA,NA,NA
sample28_SemiBin_21.fa,84.01138693710304,NA,NA,NA,NA,NA,310_2,NA,NA,1,NA,NA,NA,NA
sample16_SemiBin_43.fa,88.69351222213963,NA,NA,NA,NA,NA,310_3,NA,NA,1,NA,NA,NA,NA
sample7_SemiBin_100.fa,59.10689828609561,NA,NA,NA,NA,NA,310_4,NA,NA,1,NA,NA,NA,NA
cpsnj03_SemiBin_127.fa,12.76281252614441,NA,NA,NA,NA,NA,310_5,NA,NA,1,NA,NA,NA,NA
cpsnj08_SemiBin_33.fa,76.56694606239056,NA,NA,NA,NA,NA,310_6,NA,NA,1,NA,NA,NA,NA
cpsnj08_SemiBin_34.fa,72.47009908591707,NA,NA,NA,NA,NA,311_1,NA,NA,1,NA,NA,NA,NA
snj08_SemiBin_206.fa,70.33445503531223,NA,NA,NA,NA,NA,311_2,NA,NA,1,NA,NA,NA,NA
snj13_SemiBin_46.fa,57.25376683137619,NA,NA,NA,NA,NA,311_3,NA,NA,1,NA,NA,NA,NA
sample20_SemiBin_135.fa,54.34521847697712,NA,NA,NA,NA,NA,312_1,NA,NA,1,NA,NA,NA,NA
sample7_SemiBin_76.fa,73.68817153841754,NA,NA,NA,NA,NA,312_2,NA,NA,1,NA,NA,NA,NA
sample21_SemiBin_105.fa,62.32929082203509,NA,NA,NA,NA,NA,312_3,NA,NA,1,NA,NA,NA,NA
sample13_SemiBin_133.fa,51.67938194150295,NA,NA,NA,NA,NA,312_4,NA,NA,1,NA,NA,NA,NA
sample6_SemiBin_88.fa,59.54414926740368,NA,NA,NA,NA,NA,312_5,NA,NA,1,NA,NA,NA,NA
sample13_SemiBin_334.fa,35.6687503163577,NA,NA,NA,NA,NA,313_0,NA,NA,1,NA,NA,NA,NA
sample29_SemiBin_169.fa,74.70225999428779,NA,NA,NA,NA,NA,314_0,NA,NA,1,NA,NA,NA,NA
snj13_SemiBin_147.fa,44.88555579231033,NA,NA,NA,NA,NA,315_1,NA,NA,1,NA,NA,NA,NA
snj20_SemiBin_88.fa,55.35272306929532,NA,NA,NA,NA,NA,315_2,NA,NA,1,NA,NA,NA,NA
sample20_SemiBin_189.fa,22.35795412202012,NA,NA,NA,NA,NA,316_0,NA,NA,1,NA,NA,NA,NA
cpsnj11_SemiBin_23.fa,93.14904718276988,NA,NA,NA,NA,NA,317_0,NA,NA,1,NA,NA,NA,NA
sample27_SemiBin_6.fa,65.02542153058558,NA,NA,NA,NA,NA,318_0,NA,NA,1,NA,NA,NA,NA
snj03_SemiBin_90.fa,44.77283638416616,NA,NA,NA,NA,NA,319_1,NA,NA,1,NA,NA,NA,NA
snj20_SemiBin_35.fa,68.82953302859289,NA,NA,NA,NA,NA,319_2,NA,NA,1,NA,NA,NA,NA
snj08_SemiBin_33.fa,55.09196309702463,NA,NA,NA,NA,NA,319_3,NA,NA,1,NA,NA,NA,NA
snj16_SemiBin_49.fa,28.049328783825832,NA,NA,NA,NA,NA,319_4,NA,NA,1,NA,NA,NA,NA
cpsnj16_SemiBin_132.fa,21.400189512698248,NA,NA,NA,NA,NA,319_5,NA,NA,1,NA,NA,NA,NA
sample15_SemiBin_190.fa,12.55739347363477,NA,NA,NA,NA,NA,320_1,NA,NA,1,NA,NA,NA,NA
sample7_SemiBin_74.fa,76.77690303876088,NA,NA,NA,NA,NA,320_2,NA,NA,1,NA,NA,NA,NA
sample21_SemiBin_101.fa,49.170269254001184,NA,NA,NA,NA,NA,321_0,NA,NA,1,NA,NA,NA,NA
cpsnj03_SemiBin_104.fa,57.73893565202823,NA,NA,NA,NA,NA,322_1,NA,NA,1,NA,NA,NA,NA
snj19_SemiBin_2.fa,94.27777428704096,NA,NA,NA,NA,NA,322_2,NA,NA,1,NA,NA,NA,NA
sample21_SemiBin_100.fa,61.90832438849961,NA,NA,NA,NA,NA,323_0,NA,NA,1,NA,NA,NA,NA
snj19_SemiBin_139.fa,31.047486981088188,NA,NA,NA,NA,NA,324_0,NA,NA,1,NA,NA,NA,NA
cpsnj09_SemiBin_13.fa,95.94938278233496,NA,NA,NA,NA,NA,325_1,NA,NA,1,NA,NA,NA,NA
snj10_SemiBin_76.fa,14.443468707716647,NA,NA,NA,NA,NA,325_2,NA,NA,1,NA,NA,NA,NA
cpsnj10_SemiBin_210.fa,48.13518200823141,NA,NA,NA,NA,NA,326_1,NA,NA,1,NA,NA,NA,NA
cpsnj14_SemiBin_42.fa,88.26812753792936,NA,NA,NA,NA,NA,326_2,NA,NA,1,NA,NA,NA,NA
snj19_SemiBin_82.fa,60.43645904516743,NA,NA,NA,NA,NA,326_3,NA,NA,1,NA,NA,NA,NA
cpsnj09_SemiBin_70.fa,80.24424869181072,NA,NA,NA,NA,NA,326_4,NA,NA,1,NA,NA,NA,NA
sample8_SemiBin_296.fa,53.004158955820905,NA,NA,NA,NA,NA,327_0,NA,NA,1,NA,NA,NA,NA
sample14_SemiBin_52.fa,44.56633193307532,NA,NA,NA,NA,NA,328_0,NA,NA,1,NA,NA,NA,NA
cpsnj10_SemiBin_58.fa,65.78366101684001,NA,NA,NA,NA,NA,329_0,NA,NA,1,NA,NA,NA,NA
sample1_SemiBin_138.fa,48.42544426671396,NA,NA,NA,NA,NA,330_0,NA,NA,1,NA,NA,NA,NA
snj08_SemiBin_17.fa,98.51140457711102,NA,NA,NA,NA,NA,331_1,NA,NA,1,NA,NA,NA,NA
snj16_SemiBin_96.fa,75.3828037893967,NA,NA,NA,NA,NA,331_2,NA,NA,1,NA,NA,NA,NA
cpsnj08_SemiBin_62.fa,65.32115207479328,NA,NA,NA,NA,NA,331_3,NA,NA,1,NA,NA,NA,NA
cpsnj15_SemiBin_30.fa,65.6441260857676,NA,NA,NA,NA,NA,331_4,NA,NA,1,NA,NA,NA,NA
cpsnj16_SemiBin_51.fa,72.90800945520485,NA,NA,NA,NA,NA,331_5,NA,NA,1,NA,NA,NA,NA
snj10_SemiBin_36.fa,65.93576935315535,NA,NA,NA,NA,NA,331_6,NA,NA,1,NA,NA,NA,NA
snj19_SemiBin_115.fa,52.3285636100199,NA,NA,NA,NA,NA,331_7,NA,NA,1,NA,NA,NA,NA
snj14_SemiBin_149.fa,48.02692557920802,NA,NA,NA,NA,NA,331_8,NA,NA,1,NA,NA,NA,NA
cpsnj03_SemiBin_69.fa,27.52812674433466,NA,NA,NA,NA,NA,331_9,NA,NA,1,NA,NA,NA,NA
snj03_SemiBin_1348.fa,12.429830942427689,NA,NA,NA,NA,NA,331_10,NA,NA,1,NA,NA,NA,NA
cpsnj15_SemiBin_129.fa,36.04843793549388,NA,NA,NA,NA,NA,332_0,NA,NA,1,NA,NA,NA,NA
sample9_SemiBin_98.fa,46.62575389085563,NA,NA,NA,NA,NA,333_0,NA,NA,1,NA,NA,NA,NA
snj02_SemiBin_62.fa,25.89677615563913,NA,NA,NA,NA,NA,334_0,NA,NA,1,NA,NA,NA,NA
sample27_SemiBin_61.fa,18.36126657478141,NA,NA,NA,NA,NA,335_0,NA,NA,1,NA,NA,NA,NA
snj02_SemiBin_2.fa,97.48505298441336,NA,NA,NA,NA,NA,336_1,NA,NA,2,99.31,99.31,NA,NA
cpsnj20_SemiBin_5.fa,93.77969222953226,NA,NA,NA,NA,NA,337_0,NA,NA,1,NA,NA,NA,NA
sample29_SemiBin_28.fa,87.30429808779989,NA,NA,NA,NA,NA,338_0,NA,NA,1,NA,NA,NA,NA
sample22_SemiBin_88.fa,71.30318662151173,NA,NA,NA,NA,NA,339_0,NA,NA,1,NA,NA,NA,NA
snj19_SemiBin_96.fa,58.81945051454241,NA,NA,NA,NA,NA,340_0,NA,NA,1,NA,NA,NA,NA
cpsnj19_SemiBin_255.fa,49.05129459953258,NA,NA,NA,NA,NA,341_1,NA,NA,1,NA,NA,NA,NA
snj03_SemiBin_36.fa,84.7702727567906,NA,NA,NA,NA,NA,341_2,NA,NA,1,NA,NA,NA,NA
snj16_SemiBin_107.fa,35.62315666309824,NA,NA,NA,NA,NA,341_3,NA,NA,1,NA,NA,NA,NA
cpsnj03_SemiBin_180.fa,44.247177033716014,NA,NA,NA,NA,NA,341_4,NA,NA,1,NA,NA,NA,NA
snj19_SemiBin_122.fa,14.21544141910938,NA,NA,NA,NA,NA,341_5,NA,NA,1,NA,NA,NA,NA
sample6_SemiBin_27.fa,80.19018607488026,NA,NA,NA,NA,NA,342_0,NA,NA,1,NA,NA,NA,NA
snj09_SemiBin_77.fa,73.0511926992501,NA,NA,NA,NA,NA,343_0,NA,NA,1,NA,NA,NA,NA
cpsnj01_SemiBin_208.fa,61.47395086322815,NA,NA,NA,NA,NA,344_0,NA,NA,1,NA,NA,NA,NA
sample28_SemiBin_1348.fa,13.453773398175375,NA,NA,NA,NA,NA,345_0,NA,NA,1,NA,NA,NA,NA
cpsnj11_SemiBin_58.fa,51.75782969282532,NA,NA,NA,NA,NA,346_1,NA,NA,1,NA,NA,NA,NA
snj11_SemiBin_59.fa,66.9118136730909,NA,NA,NA,NA,NA,346_2,NA,NA,1,NA,NA,NA,NA
snj14_SemiBin_38.fa,72.12743897764332,NA,NA,NA,NA,NA,347_0,NA,NA,1,NA,NA,NA,NA
cpsnj19_SemiBin_24.fa,93.85407942032631,NA,NA,NA,NA,NA,348_1,NA,NA,1,NA,NA,NA,NA
snj19_SemiBin_28.fa,61.86178212539952,NA,NA,NA,NA,NA,348_2,NA,NA,1,NA,NA,NA,NA
sample6_SemiBin_55.fa,38.03073666427358,NA,NA,NA,NA,NA,349_0,NA,NA,1,NA,NA,NA,NA
snj19_SemiBin_118.fa,43.9898010761648,NA,NA,NA,NA,NA,350_0,NA,NA,1,NA,NA,NA,NA
cpsnj04_SemiBin_49.fa,62.47428129776511,NA,NA,NA,NA,NA,351_1,NA,NA,1,NA,NA,NA,NA
sample23_SemiBin_29.fa,76.87672133773773,NA,NA,NA,NA,NA,351_2,NA,NA,1,NA,NA,NA,NA
snj20_SemiBin_10.fa,83.94357613531268,NA,NA,NA,NA,NA,351_3,NA,NA,1,NA,NA,NA,NA
cpsnj15_SemiBin_64.fa,47.45238805285769,NA,NA,NA,NA,NA,351_4,NA,NA,1,NA,NA,NA,NA
cpsnj01_SemiBin_35.fa,31.163390931099524,NA,NA,NA,NA,NA,352_1,NA,NA,1,NA,NA,NA,NA
snj01_SemiBin_37.fa,42.20941224302406,NA,NA,NA,NA,NA,352_2,NA,NA,1,NA,NA,NA,NA
cpsnj01_SemiBin_87.fa,46.43022403253515,NA,NA,NA,NA,NA,353_1,NA,NA,1,NA,NA,NA,NA
snj01_SemiBin_146.fa,42.01293613409443,NA,NA,NA,NA,NA,353_2,NA,NA,1,NA,NA,NA,NA
cpsnj01_SemiBin_64.fa,69.59030006151228,NA,NA,NA,NA,NA,354_0,NA,NA,1,NA,NA,NA,NA
cpsnj01_SemiBin_77.fa,65.34126184493503,NA,NA,NA,NA,NA,355_0,NA,NA,1,NA,NA,NA,NA
sample23_SemiBin_23.fa,93.83181234683416,NA,NA,NA,NA,NA,356_0,NA,NA,1,NA,NA,NA,NA
sample27_SemiBin_94.fa,37.57687787022283,NA,NA,NA,NA,NA,357_0,NA,NA,1,NA,NA,NA,NA
cpsnj09_SemiBin_216.fa,61.86024108953402,NA,NA,NA,NA,NA,358_0,NA,NA,1,NA,NA,NA,NA
sample11_SemiBin_45.fa,54.36069918849604,NA,NA,NA,NA,NA,359_0,NA,NA,1,NA,NA,NA,NA
cpsnj16_SemiBin_55.fa,71.71657905078376,NA,NA,NA,NA,NA,360_0,NA,NA,1,NA,NA,NA,NA
sample27_SemiBin_27.fa,70.40390070634776,NA,NA,NA,NA,NA,361_0,NA,NA,1,NA,NA,NA,NA
sample29_SemiBin_126.fa,46.88735954175533,NA,NA,NA,NA,NA,362_0,NA,NA,1,NA,NA,NA,NA
sample29_SemiBin_1791.fa,20.23514777967701,NA,NA,NA,NA,NA,363_0,NA,NA,1,NA,NA,NA,NA
sample29_SemiBin_54.fa,91.55482623443946,NA,NA,NA,NA,NA,364_0,NA,NA,1,NA,NA,NA,NA
sample10_SemiBin_127.fa,55.372074509054805,NA,NA,NA,NA,NA,365_1,NA,NA,1,NA,NA,NA,NA
sample18_SemiBin_179.fa,51.18431451821546,NA,NA,NA,NA,NA,365_2,NA,NA,1,NA,NA,NA,NA
sample12_SemiBin_31.fa,55.29962959468772,NA,NA,NA,NA,NA,365_3,NA,NA,1,NA,NA,NA,NA
cpsnj02_SemiBin_99.fa,68.30054772180716,NA,NA,NA,NA,NA,366_0,NA,NA,1,NA,NA,NA,NA
snj02_SemiBin_89.fa,50.59364159659019,NA,NA,NA,NA,NA,367_0,NA,NA,1,NA,NA,NA,NA
cpsnj02_SemiBin_44.fa,39.55813218700725,NA,NA,NA,NA,NA,368_0,NA,NA,1,NA,NA,NA,NA
cpsnj04_SemiBin_118.fa,52.78730476781205,NA,NA,NA,NA,NA,369_0,NA,NA,1,NA,NA,NA,NA
sample29_SemiBin_77.fa,61.148357702742416,NA,NA,NA,NA,NA,370_0,NA,NA,1,NA,NA,NA,NA
snj19_SemiBin_84.fa,46.35797127562356,NA,NA,NA,NA,NA,371_0,NA,NA,1,NA,NA,NA,NA
snj15_SemiBin_12.fa,93.07740919458912,NA,NA,NA,NA,NA,372_0,NA,NA,1,NA,NA,NA,NA
sample17_SemiBin_50.fa,71.97741891778502,NA,NA,NA,NA,NA,373_1,NA,NA,1,NA,NA,NA,NA
sample18_SemiBin_223.fa,19.9786566939554,NA,NA,NA,NA,NA,373_2,NA,NA,1,NA,NA,NA,NA
sample15_SemiBin_79.fa,63.43158806001748,NA,NA,NA,NA,NA,374_0,NA,NA,1,NA,NA,NA,NA
sample3_SemiBin_55.fa,49.71649028019633,NA,NA,NA,NA,NA,375_1,NA,NA,1,NA,NA,NA,NA
snj13_SemiBin_80.fa,47.14111517852801,NA,NA,NA,NA,NA,375_2,NA,NA,1,NA,NA,NA,NA
sample8_SemiBin_154.fa,36.34463383660407,NA,NA,NA,NA,NA,376_0,NA,NA,1,NA,NA,NA,NA
sample19_SemiBin_170.fa,41.93833211054763,NA,NA,NA,NA,NA,377_1,NA,NA,1,NA,NA,NA,NA
sample21_SemiBin_206.fa,44.85231736948467,NA,NA,NA,NA,NA,377_2,NA,NA,1,NA,NA,NA,NA
snj09_SemiBin_119.fa,47.36668013525059,NA,NA,NA,NA,NA,378_0,NA,NA,1,NA,NA,NA,NA
cpsnj09_SemiBin_73.fa,85.9995566281081,NA,NA,NA,NA,NA,379_1,NA,NA,1,NA,NA,NA,NA
snj09_SemiBin_74.fa,68.69879335153607,NA,NA,NA,NA,NA,379_2,NA,NA,1,NA,NA,NA,NA
cpsnj09_SemiBin_66.fa,82.5984263347098,NA,NA,NA,NA,NA,380_1,NA,NA,1,NA,NA,NA,NA
snj09_SemiBin_28.fa,49.72289862744992,NA,NA,NA,NA,NA,380_2,NA,NA,1,NA,NA,NA,NA
sample28_SemiBin_60.fa,89.89211918048498,NA,NA,NA,NA,NA,381_0,NA,NA,1,NA,NA,NA,NA
sample19_SemiBin_135.fa,53.69631317547702,NA,NA,NA,NA,NA,382_0,NA,NA,1,NA,NA,NA,NA
cpsnj02_SemiBin_28.fa,79.92717525022918,NA,NA,NA,NA,NA,383_1,NA,NA,1,NA,NA,NA,NA
cpsnj04_SemiBin_92.fa,68.5705898648636,NA,NA,NA,NA,NA,383_2,NA,NA,1,NA,NA,NA,NA
snj04_SemiBin_40.fa,58.742503187097455,NA,NA,NA,NA,NA,383_3,NA,NA,1,NA,NA,NA,NA
sample23_SemiBin_89.fa,45.00365153397725,NA,NA,NA,NA,NA,383_4,NA,NA,1,NA,NA,NA,NA
sample24_SemiBin_38.fa,61.302019755886114,NA,NA,NA,NA,NA,383_5,NA,NA,1,NA,NA,NA,NA
sample25_SemiBin_140.fa,29.571946960901155,NA,NA,NA,NA,NA,383_6,NA,NA,1,NA,NA,NA,NA
sample29_SemiBin_161.fa,23.926080706043557,NA,NA,NA,NA,NA,384_0,NA,NA,1,NA,NA,NA,NA
cpsnj04_SemiBin_44.fa,87.19476843076228,NA,NA,NA,NA,NA,385_1,NA,NA,1,NA,NA,NA,NA
cpsnj13_SemiBin_1487.fa,28.955664793430174,NA,NA,NA,NA,NA,385_2,NA,NA,1,NA,NA,NA,NA
sample29_SemiBin_103.fa,30.65216012139123,NA,NA,NA,NA,NA,386_0,NA,NA,1,NA,NA,NA,NA
cpsnj08_SemiBin_41.fa,58.07714341870194,NA,NA,NA,NA,NA,387_1,NA,NA,1,NA,NA,NA,NA
sample27_SemiBin_29.fa,72.7544696436656,NA,NA,NA,NA,NA,387_2,NA,NA,1,NA,NA,NA,NA
cpsnj16_SemiBin_205.fa,50.6169814122504,NA,NA,NA,NA,NA,387_3,NA,NA,1,NA,NA,NA,NA
sample28_SemiBin_86.fa,36.78959140036381,NA,NA,NA,NA,NA,387_4,NA,NA,1,NA,NA,NA,NA
snj20_SemiBin_50.fa,72.94994293043584,NA,NA,NA,NA,NA,388_0,NA,NA,1,NA,NA,NA,NA
sample25_SemiBin_67.fa,65.92974677830105,NA,NA,NA,NA,NA,389_1,NA,NA,1,NA,NA,NA,NA
sample27_SemiBin_133.fa,51.58370435068986,NA,NA,NA,NA,NA,389_2,NA,NA,1,NA,NA,NA,NA
sample16_SemiBin_59.fa,58.48876249251193,NA,NA,NA,NA,NA,389_3,NA,NA,1,NA,NA,NA,NA
sample22_SemiBin_319.fa,36.81493780314657,NA,NA,NA,NA,NA,389_4,NA,NA,1,NA,NA,NA,NA
sample24_SemiBin_59.fa,44.421924473724005,NA,NA,NA,NA,NA,389_5,NA,NA,1,NA,NA,NA,NA
sample5_SemiBin_9.fa,87.64032713729443,NA,NA,NA,NA,NA,389_6,NA,NA,1,NA,NA,NA,NA
snj16_SemiBin_19.fa,81.56248700866122,NA,NA,NA,NA,NA,389_7,NA,NA,1,NA,NA,NA,NA
snj03_SemiBin_16.fa,75.24850818531068,NA,NA,NA,NA,NA,389_8,NA,NA,1,NA,NA,NA,NA
snj19_SemiBin_94.fa,72.99689286351274,NA,NA,NA,NA,NA,389_9,NA,NA,1,NA,NA,NA,NA
cpsnj08_SemiBin_70.fa,82.4498552230614,NA,NA,NA,NA,NA,389_10,NA,NA,1,NA,NA,NA,NA
snj08_SemiBin_40.fa,82.9227449918345,NA,NA,NA,NA,NA,389_11,NA,NA,1,NA,NA,NA,NA
cpsnj19_SemiBin_37.fa,62.07033476276841,NA,NA,NA,NA,NA,389_12,NA,NA,1,NA,NA,NA,NA
cpsnj16_SemiBin_204.fa,59.41214140252515,NA,NA,NA,NA,NA,389_13,NA,NA,1,NA,NA,NA,NA
sample2_SemiBin_24.fa,80.86627552154556,NA,NA,NA,NA,NA,389_14,NA,NA,1,NA,NA,NA,NA
snj20_SemiBin_80.fa,55.19083489477733,NA,NA,NA,NA,NA,389_15,NA,NA,1,NA,NA,NA,NA
cpsnj20_SemiBin_222.fa,44.49802555300594,NA,NA,NA,NA,NA,389_16,NA,NA,1,NA,NA,NA,NA
sample15_SemiBin_208.fa,56.2660787477675,NA,NA,NA,NA,NA,389_17,NA,NA,1,NA,NA,NA,NA
sample7_SemiBin_132.fa,22.61082049112336,NA,NA,NA,NA,NA,389_18,NA,NA,1,NA,NA,NA,NA
sample6_SemiBin_40.fa,91.69639200827888,NA,NA,NA,NA,NA,389_19,NA,NA,1,NA,NA,NA,NA
cpsnj04_SemiBin_138.fa,40.91524942919753,NA,NA,NA,NA,NA,389_20,NA,NA,1,NA,NA,NA,NA
cpsnj02_SemiBin_47.fa,41.43300624652992,NA,NA,NA,NA,NA,389_21,NA,NA,1,NA,NA,NA,NA
snj09_SemiBin_3.fa,98.3809495935116,NA,NA,NA,NA,NA,389_22,NA,NA,1,NA,NA,NA,NA
cpsnj14_SemiBin_1449.fa,19.942956584486726,NA,NA,NA,NA,NA,389_23,NA,NA,1,NA,NA,NA,NA
snj14_SemiBin_154.fa,39.69755394005894,NA,NA,NA,NA,NA,390_0,NA,NA,1,NA,NA,NA,NA
snj09_SemiBin_121.fa,64.97722522832747,NA,NA,NA,NA,NA,391_1,NA,NA,1,NA,NA,NA,NA
snj10_SemiBin_22.fa,80.07017393685308,NA,NA,NA,NA,NA,391_2,NA,NA,1,NA,NA,NA,NA
cpsnj09_SemiBin_302.fa,49.88064473946153,NA,NA,NA,NA,NA,391_3,NA,NA,1,NA,NA,NA,NA
snj11_SemiBin_23.fa,76.70669118537086,NA,NA,NA,NA,NA,391_4,NA,NA,1,NA,NA,NA,NA
cpsnj11_SemiBin_271.fa,60.74870847981583,NA,NA,NA,NA,NA,391_5,NA,NA,1,NA,NA,NA,NA
snj20_SemiBin_43.fa,69.21016766124396,NA,NA,NA,NA,NA,391_6,NA,NA,1,NA,NA,NA,NA
sample5_SemiBin_30.fa,55.890899564128254,NA,NA,NA,NA,NA,392_1,NA,NA,1,NA,NA,NA,NA
sample6_SemiBin_274.fa,44.84323048043832,NA,NA,NA,NA,NA,392_2,NA,NA,1,NA,NA,NA,NA
sample4_SemiBin_173.fa,64.52073092985493,NA,NA,NA,NA,NA,392_3,NA,NA,1,NA,NA,NA,NA
sample3_SemiBin_33.fa,46.14509029889784,NA,NA,NA,NA,NA,392_4,NA,NA,1,NA,NA,NA,NA
sample23_SemiBin_48.fa,65.44836248005582,NA,NA,NA,NA,NA,392_5,NA,NA,1,NA,NA,NA,NA
sample27_SemiBin_71.fa,53.12921982240468,NA,NA,NA,NA,NA,392_6,NA,NA,1,NA,NA,NA,NA
sample25_SemiBin_174.fa,85.59433831356628,NA,NA,NA,NA,NA,392_7,NA,NA,1,NA,NA,NA,NA
sample20_SemiBin_85.fa,70.70051882882558,NA,NA,NA,NA,NA,392_8,NA,NA,1,NA,NA,NA,NA
sample24_SemiBin_37.fa,56.18437158629192,NA,NA,NA,NA,NA,392_9,NA,NA,1,NA,NA,NA,NA
sample15_SemiBin_215.fa,50.052319790176576,NA,NA,NA,NA,NA,392_10,NA,NA,1,NA,NA,NA,NA
cpsnj19_SemiBin_30.fa,94.35445840532005,NA,NA,NA,NA,NA,393_1,NA,NA,1,NA,NA,NA,NA
snj19_SemiBin_18.fa,93.0261592433956,NA,NA,NA,NA,NA,393_2,NA,NA,1,NA,NA,NA,NA
sample24_SemiBin_101.fa,65.21008646254388,NA,NA,NA,NA,NA,393_3,NA,NA,1,NA,NA,NA,NA
sample5_SemiBin_29.fa,89.92742322826892,NA,NA,NA,NA,NA,393_4,NA,NA,1,NA,NA,NA,NA
sample23_SemiBin_26.fa,80.07850170799546,NA,NA,NA,NA,NA,393_5,NA,NA,1,NA,NA,NA,NA
sample30_SemiBin_81.fa,53.21587196121357,NA,NA,NA,NA,NA,393_6,NA,NA,1,NA,NA,NA,NA
sample29_SemiBin_76.fa,80.7764698787395,NA,NA,NA,NA,NA,393_7,NA,NA,1,NA,NA,NA,NA
sample6_SemiBin_14.fa,91.61264303577636,NA,NA,NA,NA,NA,393_8,NA,NA,1,NA,NA,NA,NA
sample21_SemiBin_216.fa,53.58531005565079,NA,NA,NA,NA,NA,393_9,NA,NA,1,NA,NA,NA,NA
sample16_SemiBin_82.fa,75.34526760580881,NA,NA,NA,NA,NA,393_10,NA,NA,1,NA,NA,NA,NA
cpsnj01_SemiBin_5.fa,93.92858200347985,NA,NA,NA,NA,NA,393_11,NA,NA,1,NA,NA,NA,NA
snj01_SemiBin_7.fa,99.15572078733184,NA,NA,NA,NA,NA,393_12,NA,NA,1,NA,NA,NA,NA
snj03_SemiBin_17.fa,89.08197394228436,NA,NA,NA,NA,NA,393_13,NA,NA,1,NA,NA,NA,NA
snj08_SemiBin_21.fa,90.18831903561733,NA,NA,NA,NA,NA,393_14,NA,NA,1,NA,NA,NA,NA
cpsnj03_SemiBin_7.fa,99.06993496773282,NA,NA,NA,NA,NA,393_15,NA,NA,1,NA,NA,NA,NA
snj04_SemiBin_57.fa,82.40294675830405,NA,NA,NA,NA,NA,393_16,NA,NA,1,NA,NA,NA,NA
snj20_SemiBin_77.fa,87.0359751929378,NA,NA,NA,NA,NA,393_17,NA,NA,1,NA,NA,NA,NA
cpsnj08_SemiBin_37.fa,79.87974699063312,NA,NA,NA,NA,NA,393_18,NA,NA,1,NA,NA,NA,NA
cpsnj04_SemiBin_53.fa,65.64322920222308,NA,NA,NA,NA,NA,393_19,NA,NA,1,NA,NA,NA,NA
cpsnj20_SemiBin_61.fa,67.99385441703964,NA,NA,NA,NA,NA,393_20,NA,NA,1,NA,NA,NA,NA
cpsnj02_SemiBin_16.fa,81.70564889758975,NA,NA,NA,NA,NA,393_21,NA,NA,1,NA,NA,NA,NA
sample22_SemiBin_1595.fa,13.30963985139255,NA,NA,NA,NA,NA,394_0,NA,NA,1,NA,NA,NA,NA
cpsnj14_SemiBin_142.fa,66.83825034589115,NA,NA,NA,NA,NA,395_1,NA,NA,1,NA,NA,NA,NA
snj14_SemiBin_1756.fa,10.223474895656205,NA,NA,NA,NA,NA,395_2,NA,NA,1,NA,NA,NA,NA
cpsnj01_SemiBin_92.fa,58.23134472299138,NA,NA,NA,NA,NA,396_1,NA,NA,1,NA,NA,NA,NA
snj01_SemiBin_70.fa,62.55900502149218,NA,NA,NA,NA,NA,396_2,NA,NA,1,NA,NA,NA,NA
snj20_SemiBin_172.fa,61.31311899622564,NA,NA,NA,NA,NA,396_3,NA,NA,1,NA,NA,NA,NA
sample5_SemiBin_106.fa,57.168092311534046,NA,NA,NA,NA,NA,396_4,NA,NA,1,NA,NA,NA,NA
sample22_SemiBin_87.fa,36.46992878486046,NA,NA,NA,NA,NA,396_5,NA,NA,1,NA,NA,NA,NA
cpsnj19_SemiBin_96.fa,27.664990646507672,NA,NA,NA,NA,NA,396_6,NA,NA,1,NA,NA,NA,NA
sample15_SemiBin_129.fa,48.11988383649229,NA,NA,NA,NA,NA,396_7,NA,NA,1,NA,NA,NA,NA
snj16_SemiBin_56.fa,54.4287499695636,NA,NA,NA,NA,NA,397_0,NA,NA,1,NA,NA,NA,NA
sample7_SemiBin_23.fa,94.17008151086876,NA,NA,NA,NA,NA,398_0,NA,NA,1,NA,NA,NA,NA
sample24_SemiBin_245.fa,30.75043741938469,NA,NA,NA,NA,NA,399_0,NA,NA,1,NA,NA,NA,NA
cpsnj09_SemiBin_169.fa,28.71267215955084,NA,NA,NA,NA,NA,400_1,NA,NA,1,NA,NA,NA,NA
snj09_SemiBin_101.fa,73.71522914093909,NA,NA,NA,NA,NA,400_2,NA,NA,1,NA,NA,NA,NA
cpsnj14_SemiBin_106.fa,17.248415944204854,NA,NA,NA,NA,NA,401_0,NA,NA,1,NA,NA,NA,NA
snj08_SemiBin_64.fa,79.14931618383949,NA,NA,NA,NA,NA,402_0,NA,NA,1,NA,NA,NA,NA
sample29_SemiBin_245.fa,60.31538270770401,NA,NA,NA,NA,NA,403_0,NA,NA,1,NA,NA,NA,NA
snj01_SemiBin_145.fa,48.58681782609359,NA,NA,NA,NA,NA,404_0,NA,NA,1,NA,NA,NA,NA
sample1_SemiBin_5.fa,79.89647646638552,NA,NA,NA,NA,NA,405_0,NA,NA,1,NA,NA,NA,NA
sample15_SemiBin_54.fa,88.52035489261698,NA,NA,NA,NA,NA,406_1,NA,NA,1,NA,NA,NA,NA
sample29_SemiBin_153.fa,53.15007608142804,NA,NA,NA,NA,NA,406_2,NA,NA,1,NA,NA,NA,NA
cpsnj19_SemiBin_46.fa,83.30550989777309,NA,NA,NA,NA,NA,407_1,NA,NA,1,NA,NA,NA,NA
snj19_SemiBin_51.fa,77.54083023672256,NA,NA,NA,NA,NA,407_2,NA,NA,1,NA,NA,NA,NA
cpsnj08_SemiBin_68.fa,61.1704554334939,NA,NA,NA,NA,NA,407_3,NA,NA,1,NA,NA,NA,NA
snj09_SemiBin_112.fa,83.25293489964385,NA,NA,NA,NA,NA,408_1,NA,NA,1,NA,NA,NA,NA
snj11_SemiBin_51.fa,86.13335152612899,NA,NA,NA,NA,NA,408_2,NA,NA,1,NA,NA,NA,NA
snj10_SemiBin_49.fa,80.29270954913656,NA,NA,NA,NA,NA,408_3,NA,NA,1,NA,NA,NA,NA
snj16_SemiBin_88.fa,15.263983770944384,NA,NA,NA,NA,NA,408_4,NA,NA,1,NA,NA,NA,NA
snj01_SemiBin_140.fa,35.62300947176702,NA,NA,NA,NA,NA,409_0,NA,NA,1,NA,NA,NA,NA
snj08_SemiBin_115.fa,52.76356479711653,NA,NA,NA,NA,NA,410_0,NA,NA,1,NA,NA,NA,NA
sample23_SemiBin_191.fa,50.83963830561294,NA,NA,NA,NA,NA,411_1,NA,NA,1,NA,NA,NA,NA
sample29_SemiBin_128.fa,60.16971115178958,NA,NA,NA,NA,NA,411_2,NA,NA,1,NA,NA,NA,NA
sample13_SemiBin_17.fa,91.44835851270156,NA,NA,NA,NA,NA,412_1,NA,NA,1,NA,NA,NA,NA
sample25_SemiBin_301.fa,49.28981066124203,NA,NA,NA,NA,NA,412_2,NA,NA,1,NA,NA,NA,NA
sample22_SemiBin_145.fa,41.83778516090933,NA,NA,NA,NA,NA,412_3,NA,NA,1,NA,NA,NA,NA
sample12_SemiBin_41.fa,54.60322232395271,NA,NA,NA,NA,NA,413_0,NA,NA,1,NA,NA,NA,NA
sample1_SemiBin_7.fa,99.97920394919916,NA,NA,NA,NA,NA,414_1,NA,NA,12,99.61,98.96,NA,NA
sample16_SemiBin_12.fa,76.55948040017572,NA,NA,NA,NA,NA,414_2,NA,NA,1,NA,NA,NA,NA
sample18_SemiBin_61.fa,99.21404311468724,NA,NA,NA,NA,NA,414_3,NA,NA,1,NA,NA,NA,NA
sample4_SemiBin_24.fa,80.344307005527,NA,NA,NA,NA,NA,414_4,NA,NA,1,NA,NA,NA,NA
sample13_SemiBin_39.fa,83.81435500044819,NA,NA,NA,NA,NA,414_5,NA,NA,1,NA,NA,NA,NA
sample3_SemiBin_15.fa,86.85505470564074,NA,NA,NA,NA,NA,414_6,NA,NA,1,NA,NA,NA,NA
sample26_SemiBin_15.fa,76.10780195457775,NA,NA,NA,NA,NA,414_7,NA,NA,1,NA,NA,NA,NA
sample6_SemiBin_253.fa,55.39446311220738,NA,NA,NA,NA,NA,414_8,NA,NA,1,NA,NA,NA,NA
cpsnj04_SemiBin_3.fa,77.0574975827036,NA,NA,NA,NA,NA,414_9,NA,NA,1,NA,NA,NA,NA
snj04_SemiBin_3.fa,94.64282586129686,NA,NA,NA,NA,NA,414_10,NA,NA,1,NA,NA,NA,NA
sample28_SemiBin_4.fa,86.83167426422699,NA,NA,NA,NA,NA,414_11,NA,NA,1,NA,NA,NA,NA
cpsnj03_SemiBin_25.fa,81.13995120475724,NA,NA,NA,NA,NA,414_12,NA,NA,1,NA,NA,NA,NA
snj03_SemiBin_39.fa,83.75951992683125,NA,NA,NA,NA,NA,414_13,NA,NA,1,NA,NA,NA,NA
cpsnj02_SemiBin_71.fa,58.77443428358573,NA,NA,NA,NA,NA,414_14,NA,NA,1,NA,NA,NA,NA
snj19_SemiBin_388.fa,83.13535015765122,NA,NA,NA,NA,NA,414_15,NA,NA,1,NA,NA,NA,NA
cpsnj19_SemiBin_20.fa,80.6266059346192,NA,NA,NA,NA,NA,414_16,NA,NA,1,NA,NA,NA,NA
snj08_SemiBin_28.fa,97.50860848917324,NA,NA,NA,NA,NA,414_17,NA,NA,1,NA,NA,NA,NA
sample30_SemiBin_8.fa,59.80173842680194,NA,NA,NA,NA,NA,414_18,NA,NA,1,NA,NA,NA,NA
cpsnj09_SemiBin_319.fa,62.10698053566876,NA,NA,NA,NA,NA,415_0,NA,NA,1,NA,NA,NA,NA
snj01_SemiBin_50.fa,65.60349412001797,NA,NA,NA,NA,NA,416_0,NA,NA,1,NA,NA,NA,NA
sample3_SemiBin_92.fa,39.67150271344537,NA,NA,NA,NA,NA,417_1,NA,NA,1,NA,NA,NA,NA
sample4_SemiBin_59.fa,67.70427576428156,NA,NA,NA,NA,NA,417_2,NA,NA,1,NA,NA,NA,NA
sample5_SemiBin_118.fa,44.97008495123986,NA,NA,NA,NA,NA,417_3,NA,NA,1,NA,NA,NA,NA
sample20_SemiBin_295.fa,84.95646905939765,NA,NA,NA,NA,NA,418_0,NA,NA,1,NA,NA,NA,NA
snj11_SemiBin_146.fa,35.91876633525418,NA,NA,NA,NA,NA,419_0,NA,NA,1,NA,NA,NA,NA
cpsnj09_SemiBin_82.fa,68.51600601737086,NA,NA,NA,NA,NA,420_1,NA,NA,1,NA,NA,NA,NA
snj11_SemiBin_136.fa,50.20995967424362,NA,NA,NA,NA,NA,420_2,NA,NA,1,NA,NA,NA,NA
snj09_SemiBin_27.fa,75.92103020449534,NA,NA,NA,NA,NA,420_3,NA,NA,1,NA,NA,NA,NA
cpsnj10_SemiBin_1505.fa,11.962649559307982,NA,NA,NA,NA,NA,421_0,NA,NA,1,NA,NA,NA,NA
sample20_SemiBin_207.fa,65.81358309735087,NA,NA,NA,NA,NA,422_1,NA,NA,1,NA,NA,NA,NA
sample5_SemiBin_158.fa,25.70627288332859,NA,NA,NA,NA,NA,422_2,NA,NA,1,NA,NA,NA,NA
sample13_SemiBin_123.fa,44.3433449412778,NA,NA,NA,NA,NA,422_3,NA,NA,1,NA,NA,NA,NA
cpsnj04_SemiBin_84.fa,53.6124875470634,NA,NA,NA,NA,NA,423_1,NA,NA,1,NA,NA,NA,NA
snj04_SemiBin_32.fa,66.77769024806116,NA,NA,NA,NA,NA,423_2,NA,NA,1,NA,NA,NA,NA
sample24_SemiBin_29.fa,65.66289964267834,NA,NA,NA,NA,NA,423_3,NA,NA,1,NA,NA,NA,NA
cpsnj14_SemiBin_13.fa,95.19224304753672,NA,NA,NA,NA,NA,424_0,NA,NA,1,NA,NA,NA,NA
sample19_SemiBin_49.fa,93.8716246393804,NA,NA,NA,NA,NA,425_0,NA,NA,1,NA,NA,NA,NA
cpsnj04_SemiBin_24.fa,85.31886971135982,NA,NA,NA,NA,NA,426_1,NA,NA,1,NA,NA,NA,NA
snj04_SemiBin_29.fa,66.50515929612936,NA,NA,NA,NA,NA,426_2,NA,NA,1,NA,NA,NA,NA
cpsnj09_SemiBin_47.fa,67.17404726659899,NA,NA,NA,NA,NA,426_3,NA,NA,1,NA,NA,NA,NA
snj09_SemiBin_153.fa,50.75499668685306,NA,NA,NA,NA,NA,426_4,NA,NA,1,NA,NA,NA,NA
cpsnj10_SemiBin_67.fa,61.611205965952855,NA,NA,NA,NA,NA,426_5,NA,NA,1,NA,NA,NA,NA
cpsnj13_SemiBin_33.fa,65.0564343046383,NA,NA,NA,NA,NA,426_6,NA,NA,1,NA,NA,NA,NA
cpsnj19_SemiBin_95.fa,50.72727284621045,NA,NA,NA,NA,NA,427_1,NA,NA,1,NA,NA,NA,NA
snj15_SemiBin_242.fa,53.34569401256127,NA,NA,NA,NA,NA,427_2,NA,NA,1,NA,NA,NA,NA
cpsnj09_SemiBin_21.fa,66.55221547667331,NA,NA,NA,NA,NA,428_1,NA,NA,1,NA,NA,NA,NA
snj09_SemiBin_15.fa,88.60375179871893,NA,NA,NA,NA,NA,428_2,NA,NA,1,NA,NA,NA,NA
sample18_SemiBin_22.fa,90.8329048239884,NA,NA,NA,NA,NA,429_1,NA,NA,1,NA,NA,NA,NA
sample1_SemiBin_70.fa,59.26827092844186,NA,NA,NA,NA,NA,429_2,NA,NA,1,NA,NA,NA,NA
sample20_SemiBin_127.fa,48.75462786958981,NA,NA,NA,NA,NA,429_3,NA,NA,1,NA,NA,NA,NA
sample3_SemiBin_69.fa,29.70377369001935,NA,NA,NA,NA,NA,429_4,NA,NA,1,NA,NA,NA,NA
sample25_SemiBin_164.fa,14.345988390199135,NA,NA,NA,NA,NA,429_5,NA,NA,1,NA,NA,NA,NA
sample4_SemiBin_730.fa,13.149431994097142,NA,NA,NA,NA,NA,429_6,NA,NA,1,NA,NA,NA,NA
sample13_SemiBin_26.fa,94.44796065044515,NA,NA,NA,NA,NA,430_1,NA,NA,1,NA,NA,NA,NA
sample27_SemiBin_5.fa,79.84268398904752,NA,NA,NA,NA,NA,430_2,NA,NA,1,NA,NA,NA,NA
sample16_SemiBin_212.fa,23.80584103477035,NA,NA,NA,NA,NA,430_3,NA,NA,1,NA,NA,NA,NA
sample25_SemiBin_36.fa,76.27031185165926,NA,NA,NA,NA,NA,430_4,NA,NA,1,NA,NA,NA,NA
sample30_SemiBin_41.fa,58.42695933171829,NA,NA,NA,NA,NA,430_5,NA,NA,1,NA,NA,NA,NA
sample15_SemiBin_68.fa,62.06165365144436,NA,NA,NA,NA,NA,430_6,NA,NA,1,NA,NA,NA,NA
sample12_SemiBin_28.fa,47.34179082883247,NA,NA,NA,NA,NA,430_7,NA,NA,1,NA,NA,NA,NA
sample15_SemiBin_264.fa,44.210018470912765,NA,NA,NA,NA,NA,431_1,NA,NA,1,NA,NA,NA,NA
sample6_SemiBin_9.fa,85.42184134855033,NA,NA,NA,NA,NA,431_2,NA,NA,1,NA,NA,NA,NA
sample16_SemiBin_225.fa,63.07444800033876,NA,NA,NA,NA,NA,432_1,NA,NA,1,NA,NA,NA,NA
sample26_SemiBin_71.fa,56.52304388326086,NA,NA,NA,NA,NA,432_2,NA,NA,1,NA,NA,NA,NA
sample22_SemiBin_7.fa,98.9758307802593,NA,NA,NA,NA,NA,433_1,NA,NA,5,99.52,99.23,NA,NA
sample15_SemiBin_21.fa,93.31960252612436,NA,NA,NA,NA,NA,433_2,NA,NA,1,NA,NA,NA,NA
sample19_SemiBin_25.fa,94.43433575088252,NA,NA,NA,NA,NA,433_3,NA,NA,1,NA,NA,NA,NA
sample11_SemiBin_19.fa,77.84708301914104,NA,NA,NA,NA,NA,433_4,NA,NA,1,NA,NA,NA,NA
sample12_SemiBin_4.fa,82.33032245946629,NA,NA,NA,NA,NA,433_5,NA,NA,1,NA,NA,NA,NA
sample16_SemiBin_66.fa,78.1340092006345,NA,NA,NA,NA,NA,433_6,NA,NA,1,NA,NA,NA,NA
sample17_SemiBin_71.fa,79.88964405320125,NA,NA,NA,NA,NA,433_7,NA,NA,1,NA,NA,NA,NA
sample16_SemiBin_981.fa,26.39651747991532,NA,NA,NA,NA,NA,433_8,NA,NA,1,NA,NA,NA,NA
snj02_SemiBin_5.fa,93.788364574103,NA,NA,NA,NA,NA,434_0,NA,NA,1,NA,NA,NA,NA
snj09_SemiBin_159.fa,36.685988931160274,NA,NA,NA,NA,NA,435_0,NA,NA,1,NA,NA,NA,NA
sample24_SemiBin_33.fa,65.5761487745543,NA,NA,NA,NA,NA,436_1,NA,NA,1,NA,NA,NA,NA
sample7_SemiBin_246.fa,51.85166200390313,NA,NA,NA,NA,NA,436_2,NA,NA,1,NA,NA,NA,NA
sample16_SemiBin_177.fa,48.25724893807507,NA,NA,NA,NA,NA,436_3,NA,NA,1,NA,NA,NA,NA
sample28_SemiBin_122.fa,25.99640596263031,NA,NA,NA,NA,NA,437_0,NA,NA,1,NA,NA,NA,NA
sample17_SemiBin_106.fa,54.29716957642301,NA,NA,NA,NA,NA,438_0,NA,NA,1,NA,NA,NA,NA
sample19_SemiBin_149.fa,48.52877209336263,NA,NA,NA,NA,NA,439_0,NA,NA,1,NA,NA,NA,NA
sample29_SemiBin_32.fa,63.628649358328936,NA,NA,NA,NA,NA,440_0,NA,NA,1,NA,NA,NA,NA
snj02_SemiBin_43.fa,62.14397332792118,NA,NA,NA,NA,NA,441_0,NA,NA,1,NA,NA,NA,NA
sample29_SemiBin_31.fa,80.36267849068015,NA,NA,NA,NA,NA,442_0,NA,NA,1,NA,NA,NA,NA
sample6_SemiBin_3.fa,99.27902833228907,NA,NA,NA,NA,NA,443_0,NA,NA,1,NA,NA,NA,NA
sample29_SemiBin_200.fa,68.3351776794323,NA,NA,NA,NA,NA,444_0,NA,NA,1,NA,NA,NA,NA
snj02_SemiBin_47.fa,44.8147655496128,NA,NA,NA,NA,NA,445_0,NA,NA,1,NA,NA,NA,NA
cpsnj13_SemiBin_67.fa,41.145266578827965,NA,NA,NA,NA,NA,446_1,NA,NA,1,NA,NA,NA,NA
snj09_SemiBin_71.fa,54.12995377134724,NA,NA,NA,NA,NA,446_2,NA,NA,1,NA,NA,NA,NA
sample2_SemiBin_4.fa,67.51488979415407,NA,NA,NA,NA,NA,447_1,NA,NA,1,NA,NA,NA,NA
sample7_SemiBin_53.fa,58.00062227051199,NA,NA,NA,NA,NA,447_2,NA,NA,1,NA,NA,NA,NA
sample24_SemiBin_7.fa,73.04050724791499,NA,NA,NA,NA,NA,447_3,NA,NA,1,NA,NA,NA,NA
sample28_SemiBin_12.fa,67.11591903261177,NA,NA,NA,NA,NA,447_4,NA,NA,1,NA,NA,NA,NA
sample14_SemiBin_64.fa,51.32694022324527,NA,NA,NA,NA,NA,447_5,NA,NA,1,NA,NA,NA,NA
sample15_SemiBin_111.fa,63.94675777167856,NA,NA,NA,NA,NA,447_6,NA,NA,1,NA,NA,NA,NA
cpsnj11_SemiBin_41.fa,67.83448018209415,NA,NA,NA,NA,NA,447_7,NA,NA,1,NA,NA,NA,NA
snj11_SemiBin_15.fa,67.76574820053476,NA,NA,NA,NA,NA,447_8,NA,NA,1,NA,NA,NA,NA
snj14_SemiBin_42.fa,67.11438607210643,NA,NA,NA,NA,NA,447_9,NA,NA,1,NA,NA,NA,NA
cpsnj08_SemiBin_57.fa,58.64797521500591,NA,NA,NA,NA,NA,447_10,NA,NA,1,NA,NA,NA,NA
cpsnj16_SemiBin_50.fa,41.79396875434353,NA,NA,NA,NA,NA,447_11,NA,NA,1,NA,NA,NA,NA
sample5_SemiBin_74.fa,48.19507916126783,NA,NA,NA,NA,NA,447_12,NA,NA,1,NA,NA,NA,NA
sample16_SemiBin_84.fa,50.94652357466293,NA,NA,NA,NA,NA,447_13,NA,NA,1,NA,NA,NA,NA
sample18_SemiBin_220.fa,53.11846899143189,NA,NA,NA,NA,NA,448_0,NA,NA,1,NA,NA,NA,NA
cpsnj04_SemiBin_111.fa,36.640336864049566,NA,NA,NA,NA,NA,449_0,NA,NA,1,NA,NA,NA,NA
snj02_SemiBin_109.fa,53.70869921243666,NA,NA,NA,NA,NA,450_0,NA,NA,1,NA,NA,NA,NA
cpsnj03_SemiBin_71.fa,66.56859948924733,NA,NA,NA,NA,NA,451_1,NA,NA,1,NA,NA,NA,NA
snj03_SemiBin_81.fa,57.18507510963538,NA,NA,NA,NA,NA,451_2,NA,NA,1,NA,NA,NA,NA
cpsnj02_SemiBin_15.fa,62.31566519115298,NA,NA,NA,NA,NA,452_1,NA,NA,1,NA,NA,NA,NA
snj02_SemiBin_111.fa,64.30163452477476,NA,NA,NA,NA,NA,452_2,NA,NA,1,NA,NA,NA,NA
sample19_SemiBin_354.fa,33.87556098134751,NA,NA,NA,NA,NA,453_0,NA,NA,1,NA,NA,NA,NA
sample17_SemiBin_110.fa,38.26804105074528,NA,NA,NA,NA,NA,454_0,NA,NA,1,NA,NA,NA,NA
cpsnj19_SemiBin_54.fa,60.27311857723944,NA,NA,NA,NA,NA,455_1,NA,NA,1,NA,NA,NA,NA
sample9_SemiBin_43.fa,84.67568912020022,NA,NA,NA,NA,NA,455_2,NA,NA,1,NA,NA,NA,NA
cpsnj15_SemiBin_20.fa,59.90949507690142,NA,NA,NA,NA,NA,456_1,NA,NA,1,NA,NA,NA,NA
snj15_SemiBin_25.fa,70.59735095830953,NA,NA,NA,NA,NA,456_2,NA,NA,1,NA,NA,NA,NA
cpsnj19_SemiBin_109.fa,54.48194343733157,NA,NA,NA,NA,NA,457_0,NA,NA,1,NA,NA,NA,NA
sample15_SemiBin_116.fa,57.06116240641477,NA,NA,NA,NA,NA,458_1,NA,NA,1,NA,NA,NA,NA
sample25_SemiBin_68.fa,70.90403247407372,NA,NA,NA,NA,NA,458_2,NA,NA,1,NA,NA,NA,NA
sample26_SemiBin_446.fa,25.54190766590484,NA,NA,NA,NA,NA,458_3,NA,NA,1,NA,NA,NA,NA
sample1_SemiBin_173.fa,43.83070536399556,NA,NA,NA,NA,NA,459_0,NA,NA,1,NA,NA,NA,NA
sample26_SemiBin_51.fa,83.02021964584067,NA,NA,NA,NA,NA,460_1,NA,NA,1,NA,NA,NA,NA
sample8_SemiBin_28.fa,87.57302058404741,NA,NA,NA,NA,NA,460_2,NA,NA,1,NA,NA,NA,NA
sample14_SemiBin_145.fa,46.197944486097775,NA,NA,NA,NA,NA,460_3,NA,NA,1,NA,NA,NA,NA
sample1_SemiBin_144.fa,52.29271330598608,NA,NA,NA,NA,NA,461_0,NA,NA,1,NA,NA,NA,NA
cpsnj08_SemiBin_78.fa,50.969127795666914,NA,NA,NA,NA,NA,462_1,NA,NA,1,NA,NA,NA,NA
cpsnj19_SemiBin_117.fa,45.83900663594341,NA,NA,NA,NA,NA,462_2,NA,NA,1,NA,NA,NA,NA
sample24_SemiBin_15.fa,85.3946984788819,NA,NA,NA,NA,NA,462_3,NA,NA,1,NA,NA,NA,NA
sample2_SemiBin_97.fa,37.50634279455038,NA,NA,NA,NA,NA,462_4,NA,NA,1,NA,NA,NA,NA
sample26_SemiBin_28.fa,85.6476377865775,NA,NA,NA,NA,NA,462_5,NA,NA,1,NA,NA,NA,NA
sample6_SemiBin_23.fa,83.28576586273995,NA,NA,NA,NA,NA,462_6,NA,NA,1,NA,NA,NA,NA
snj10_SemiBin_35.fa,42.48622203231794,NA,NA,NA,NA,NA,462_7,NA,NA,1,NA,NA,NA,NA
snj03_SemiBin_30.fa,50.72281174314549,NA,NA,NA,NA,NA,462_8,NA,NA,1,NA,NA,NA,NA
sample9_SemiBin_70.fa,54.17403005150663,NA,NA,NA,NA,NA,462_9,NA,NA,1,NA,NA,NA,NA
snj11_SemiBin_86.fa,49.96018360029274,NA,NA,NA,NA,NA,462_10,NA,NA,1,NA,NA,NA,NA
snj14_SemiBin_129.fa,10.1779570450245,NA,NA,NA,NA,NA,462_11,NA,NA,1,NA,NA,NA,NA
sample28_SemiBin_0.fa,98.08931842063316,NA,NA,NA,NA,NA,463_1,NA,NA,11,99.74,99.33,NA,NA
sample22_SemiBin_52.fa,85.39573235908517,NA,NA,NA,NA,NA,463_2,NA,NA,1,NA,NA,NA,NA
sample23_SemiBin_62.fa,65.92529447296886,NA,NA,NA,NA,NA,463_3,NA,NA,1,NA,NA,NA,NA
sample16_SemiBin_78.fa,70.8639555114136,NA,NA,NA,NA,NA,463_4,NA,NA,1,NA,NA,NA,NA
sample26_SemiBin_175.fa,33.18068726800863,NA,NA,NA,NA,NA,463_5,NA,NA,1,NA,NA,NA,NA
snj08_SemiBin_119.fa,15.871448891342547,NA,NA,NA,NA,NA,463_6,NA,NA,1,NA,NA,NA,NA
sample14_SemiBin_203.fa,69.1717138400835,NA,NA,NA,NA,NA,463_7,NA,NA,1,NA,NA,NA,NA
sample15_SemiBin_34.fa,63.20239540642633,NA,NA,NA,NA,NA,464_1,NA,NA,1,NA,NA,NA,NA
sample22_SemiBin_223.fa,43.832053396074336,NA,NA,NA,NA,NA,464_2,NA,NA,1,NA,NA,NA,NA
sample23_SemiBin_28.fa,89.20765655739424,NA,NA,NA,NA,NA,465_0,NA,NA,1,NA,NA,NA,NA
sample28_SemiBin_77.fa,14.801754653232516,NA,NA,NA,NA,NA,466_0,NA,NA,1,NA,NA,NA,NA
sample14_SemiBin_47.fa,52.99438362462908,NA,NA,NA,NA,NA,467_0,NA,NA,1,NA,NA,NA,NA
sample18_SemiBin_274.fa,51.575419911098194,NA,NA,NA,NA,NA,468_0,NA,NA,1,NA,NA,NA,NA
sample19_SemiBin_207.fa,33.62798113385437,NA,NA,NA,NA,NA,469_0,NA,NA,1,NA,NA,NA,NA
cpsnj20_SemiBin_135.fa,58.75256072470411,NA,NA,NA,NA,NA,470_0,NA,NA,1,NA,NA,NA,NA
sample14_SemiBin_27.fa,27.75259145035669,NA,NA,NA,NA,NA,471_0,NA,NA,1,NA,NA,NA,NA
cpsnj20_SemiBin_18.fa,88.859369543702,NA,NA,NA,NA,NA,472_0,NA,NA,1,NA,NA,NA,NA
cpsnj09_SemiBin_109.fa,57.67956224648436,NA,NA,NA,NA,NA,473_0,NA,NA,1,NA,NA,NA,NA
snj09_SemiBin_108.fa,55.68733351674784,NA,NA,NA,NA,NA,474_0,NA,NA,1,NA,NA,NA,NA
cpsnj10_SemiBin_30.fa,88.81930520812288,NA,NA,NA,NA,NA,475_1,NA,NA,2,99.52,99.52,NA,NA
cpsnj09_SemiBin_118.fa,56.9228136849877,NA,NA,NA,NA,NA,475_2,NA,NA,1,NA,NA,NA,NA
sample15_SemiBin_160.fa,32.032286229772666,NA,NA,NA,NA,NA,475_3,NA,NA,1,NA,NA,NA,NA
sample13_SemiBin_3.fa,79.45767124778084,NA,NA,NA,NA,NA,476_1,NA,NA,1,NA,NA,NA,NA
sample18_SemiBin_38.fa,86.681165454635,NA,NA,NA,NA,NA,476_2,NA,NA,1,NA,NA,NA,NA
cpsnj11_SemiBin_125.fa,66.83128107409495,NA,NA,NA,NA,NA,477_1,NA,NA,1,NA,NA,NA,NA
snj14_SemiBin_45.fa,77.07880666967854,NA,NA,NA,NA,NA,477_2,NA,NA,1,NA,NA,NA,NA
cpsnj14_SemiBin_113.fa,50.67182787589374,NA,NA,NA,NA,NA,477_3,NA,NA,1,NA,NA,NA,NA
snj10_SemiBin_165.fa,22.4215268929851,NA,NA,NA,NA,NA,477_4,NA,NA,1,NA,NA,NA,NA
cpsnj15_SemiBin_61.fa,34.17591339843562,NA,NA,NA,NA,NA,477_5,NA,NA,1,NA,NA,NA,NA
snj19_SemiBin_67.fa,35.54972071220205,NA,NA,NA,NA,NA,477_6,NA,NA,1,NA,NA,NA,NA
sample1_SemiBin_93.fa,71.5808576258332,NA,NA,NA,NA,NA,478_0,NA,NA,1,NA,NA,NA,NA
sample15_SemiBin_97.fa,53.97639824040342,NA,NA,NA,NA,NA,479_1,NA,NA,1,NA,NA,NA,NA
sample23_SemiBin_47.fa,67.64847768909054,NA,NA,NA,NA,NA,479_2,NA,NA,1,NA,NA,NA,NA
sample16_SemiBin_147.fa,73.54606464409373,NA,NA,NA,NA,NA,479_3,NA,NA,1,NA,NA,NA,NA
sample21_SemiBin_5.fa,86.868201839223,NA,NA,NA,NA,NA,479_4,NA,NA,1,NA,NA,NA,NA
sample13_SemiBin_5.fa,63.772877097720006,NA,NA,NA,NA,NA,479_5,NA,NA,1,NA,NA,NA,NA
sample1_SemiBin_91.fa,76.98655677302727,NA,NA,NA,NA,NA,479_6,NA,NA,1,NA,NA,NA,NA
sample27_SemiBin_64.fa,75.44295613515976,NA,NA,NA,NA,NA,479_7,NA,NA,1,NA,NA,NA,NA
sample22_SemiBin_63.fa,76.22205865106822,NA,NA,NA,NA,NA,479_8,NA,NA,1,NA,NA,NA,NA
sample20_SemiBin_106.fa,73.9837272823642,NA,NA,NA,NA,NA,479_9,NA,NA,1,NA,NA,NA,NA
snj19_SemiBin_0.fa,80.38772994135091,NA,NA,NA,NA,NA,479_10,NA,NA,3,99.15,99.00,NA,NA
cpsnj19_SemiBin_139.fa,57.95107747208043,NA,NA,NA,NA,NA,479_11,NA,NA,1,NA,NA,NA,NA
cpsnj03_SemiBin_13.fa,84.77605387673518,NA,NA,NA,NA,NA,479_12,NA,NA,1,NA,NA,NA,NA
snj16_SemiBin_26.fa,71.6549519365247,NA,NA,NA,NA,NA,479_13,NA,NA,1,NA,NA,NA,NA
cpsnj16_SemiBin_150.fa,26.49907137673341,NA,NA,NA,NA,NA,479_14,NA,NA,1,NA,NA,NA,NA
snj11_SemiBin_17.fa,75.25965920995469,NA,NA,NA,NA,NA,479_15,NA,NA,1,NA,NA,NA,NA
snj08_SemiBin_116.fa,41.04247141733565,NA,NA,NA,NA,NA,479_16,NA,NA,1,NA,NA,NA,NA
snj20_SemiBin_53.fa,55.64360001966199,NA,NA,NA,NA,NA,479_17,NA,NA,1,NA,NA,NA,NA
sample24_SemiBin_19.fa,63.88160230778114,NA,NA,NA,NA,NA,479_18,NA,NA,1,NA,NA,NA,NA
cpsnj16_SemiBin_1487.fa,16.294067291213114,NA,NA,NA,NA,NA,480_0,NA,NA,1,NA,NA,NA,NA
sample6_SemiBin_1766.fa,9.75571825763277,NA,NA,NA,NA,NA,481_0,NA,NA,1,NA,NA,NA,NA
sample18_SemiBin_139.fa,50.44319976562656,NA,NA,NA,NA,NA,482_0,NA,NA,1,NA,NA,NA,NA
sample28_SemiBin_46.fa,63.58205076604758,NA,NA,NA,NA,NA,483_0,NA,NA,1,NA,NA,NA,NA
cpsnj09_SemiBin_6.fa,86.03582183827575,NA,NA,NA,NA,NA,484_1,NA,NA,1,NA,NA,NA,NA
snj09_SemiBin_37.fa,72.76013484494894,NA,NA,NA,NA,NA,484_2,NA,NA,1,NA,NA,NA,NA
cpsnj11_SemiBin_46.fa,74.20149107976425,NA,NA,NA,NA,NA,484_3,NA,NA,1,NA,NA,NA,NA
sample14_SemiBin_13.fa,70.30977227297711,NA,NA,NA,NA,NA,484_4,NA,NA,1,NA,NA,NA,NA
cpsnj03_SemiBin_43.fa,62.13215906039664,NA,NA,NA,NA,NA,484_5,NA,NA,1,NA,NA,NA,NA
snj19_SemiBin_32.fa,69.59884663481544,NA,NA,NA,NA,NA,484_6,NA,NA,1,NA,NA,NA,NA
snj08_SemiBin_207.fa,32.16398457934255,NA,NA,NA,NA,NA,484_7,NA,NA,1,NA,NA,NA,NA
sample17_SemiBin_291.fa,39.90326401312848,NA,NA,NA,NA,NA,484_8,NA,NA,1,NA,NA,NA,NA
sample16_SemiBin_263.fa,8.777602311266577,NA,NA,NA,NA,NA,485_1,NA,NA,1,NA,NA,NA,NA
sample7_SemiBin_86.fa,50.71070349478243,NA,NA,NA,NA,NA,485_2,NA,NA,1,NA,NA,NA,NA
cpsnj08_SemiBin_79.fa,63.7063212331393,NA,NA,NA,NA,NA,486_1,NA,NA,1,NA,NA,NA,NA
snj08_SemiBin_71.fa,66.9600263645472,NA,NA,NA,NA,NA,486_2,NA,NA,1,NA,NA,NA,NA
sample25_SemiBin_206.fa,23.988717036327017,NA,NA,NA,NA,NA,486_3,NA,NA,1,NA,NA,NA,NA
sample7_SemiBin_211.fa,49.11884580173189,NA,NA,NA,NA,NA,487_0,NA,NA,1,NA,NA,NA,NA
sample18_SemiBin_266.fa,41.82497824001558,NA,NA,NA,NA,NA,488_0,NA,NA,1,NA,NA,NA,NA
cpsnj13_SemiBin_77.fa,48.23724624386228,NA,NA,NA,NA,NA,489_1,NA,NA,1,NA,NA,NA,NA
snj09_SemiBin_81.fa,72.38660258203171,NA,NA,NA,NA,NA,489_2,NA,NA,1,NA,NA,NA,NA
cpsnj10_SemiBin_1872.fa,8.966622507603875,NA,NA,NA,NA,NA,490_0,NA,NA,1,NA,NA,NA,NA
cpsnj10_SemiBin_968.fa,23.337353458986588,NA,NA,NA,NA,NA,491_0,NA,NA,1,NA,NA,NA,NA
sample16_SemiBin_67.fa,72.98771386476173,NA,NA,NA,NA,NA,492_1,NA,NA,1,NA,NA,NA,NA
sample25_SemiBin_256.fa,63.79265373078536,NA,NA,NA,NA,NA,492_2,NA,NA,1,NA,NA,NA,NA
sample16_SemiBin_68.fa,43.73956239968816,NA,NA,NA,NA,NA,493_1,NA,NA,1,NA,NA,NA,NA
sample17_SemiBin_41.fa,44.41446272679344,NA,NA,NA,NA,NA,493_2,NA,NA,1,NA,NA,NA,NA
cpsnj02_SemiBin_68.fa,43.41502408617117,NA,NA,NA,NA,NA,494_1,NA,NA,1,NA,NA,NA,NA
snj02_SemiBin_28.fa,69.58432100138596,NA,NA,NA,NA,NA,494_2,NA,NA,1,NA,NA,NA,NA
cpsnj03_SemiBin_58.fa,49.46063818525694,NA,NA,NA,NA,NA,495_1,NA,NA,1,NA,NA,NA,NA
snj03_SemiBin_59.fa,57.43758296539587,NA,NA,NA,NA,NA,495_2,NA,NA,1,NA,NA,NA,NA
cpsnj19_SemiBin_101.fa,50.912562918636645,NA,NA,NA,NA,NA,495_3,NA,NA,1,NA,NA,NA,NA
snj19_SemiBin_43.fa,56.12953973518825,NA,NA,NA,NA,NA,495_4,NA,NA,1,NA,NA,NA,NA
sample20_SemiBin_129.fa,51.6426757417783,NA,NA,NA,NA,NA,495_5,NA,NA,1,NA,NA,NA,NA
sample6_SemiBin_16.fa,74.43849160586346,NA,NA,NA,NA,NA,495_6,NA,NA,1,NA,NA,NA,NA
sample15_SemiBin_66.fa,64.81796120053302,NA,NA,NA,NA,NA,495_7,NA,NA,1,NA,NA,NA,NA
sample20_SemiBin_201.fa,26.05704194112833,NA,NA,NA,NA,NA,496_0,NA,NA,1,NA,NA,NA,NA
snj11_SemiBin_47.fa,80.01743822804326,NA,NA,NA,NA,NA,497_0,NA,NA,1,NA,NA,NA,NA
snj19_SemiBin_110.fa,46.9471397185975,NA,NA,NA,NA,NA,498_0,NA,NA,1,NA,NA,NA,NA
sample16_SemiBin_73.fa,80.72103389535847,NA,NA,NA,NA,NA,499_1,NA,NA,1,NA,NA,NA,NA
sample1_SemiBin_79.fa,75.80495569297396,NA,NA,NA,NA,NA,499_2,NA,NA,1,NA,NA,NA,NA
sample25_SemiBin_65.fa,60.15818744803039,NA,NA,NA,NA,NA,499_3,NA,NA,1,NA,NA,NA,NA
sample28_SemiBin_48.fa,85.5495568208226,NA,NA,NA,NA,NA,500_0,NA,NA,1,NA,NA,NA,NA
cpsnj15_SemiBin_49.fa,54.31631945195622,NA,NA,NA,NA,NA,501_0,NA,NA,1,NA,NA,NA,NA
sample16_SemiBin_71.fa,61.90853790004061,NA,NA,NA,NA,NA,502_0,NA,NA,1,NA,NA,NA,NA
sample17_SemiBin_76.fa,60.085957876118975,NA,NA,NA,NA,NA,503_0,NA,NA,1,NA,NA,NA,NA
sample19_SemiBin_89.fa,70.79053237111987,NA,NA,NA,NA,NA,504_0,NA,NA,1,NA,NA,NA,NA
cpsnj15_SemiBin_5.fa,89.61577943410997,NA,NA,NA,NA,NA,505_1,NA,NA,1,NA,NA,NA,NA
snj15_SemiBin_74.fa,52.23338502010108,NA,NA,NA,NA,NA,505_2,NA,NA,1,NA,NA,NA,NA
sample1_SemiBin_19.fa,77.6598128259869,NA,NA,NA,NA,NA,506_1,NA,NA,1,NA,NA,NA,NA
sample6_SemiBin_12.fa,79.1326906901107,NA,NA,NA,NA,NA,506_2,NA,NA,1,NA,NA,NA,NA
sample16_SemiBin_15.fa,82.2386038680528,NA,NA,NA,NA,NA,506_3,NA,NA,1,NA,NA,NA,NA
sample7_SemiBin_183.fa,73.90279445470705,NA,NA,NA,NA,NA,506_4,NA,NA,1,NA,NA,NA,NA
sample24_SemiBin_6.fa,80.02880091482761,NA,NA,NA,NA,NA,506_5,NA,NA,1,NA,NA,NA,NA
sample15_SemiBin_15.fa,74.42203625521203,NA,NA,NA,NA,NA,506_6,NA,NA,1,NA,NA,NA,NA
sample22_SemiBin_49.fa,80.21284395498718,NA,NA,NA,NA,NA,506_7,NA,NA,1,NA,NA,NA,NA
sample21_SemiBin_19.fa,73.64444309432946,NA,NA,NA,NA,NA,506_8,NA,NA,1,NA,NA,NA,NA
sample2_SemiBin_73.fa,74.21521094546361,NA,NA,NA,NA,NA,506_9,NA,NA,1,NA,NA,NA,NA
sample20_SemiBin_158.fa,89.12530260018207,NA,NA,NA,NA,NA,506_10,NA,NA,1,NA,NA,NA,NA
sample25_SemiBin_51.fa,69.58288283376346,NA,NA,NA,NA,NA,506_11,NA,NA,1,NA,NA,NA,NA
sample10_SemiBin_56.fa,71.1522276537104,NA,NA,NA,NA,NA,506_12,NA,NA,1,NA,NA,NA,NA
sample27_SemiBin_28.fa,73.64843896962353,NA,NA,NA,NA,NA,506_13,NA,NA,1,NA,NA,NA,NA
sample14_SemiBin_14.fa,67.95614615651151,NA,NA,NA,NA,NA,506_14,NA,NA,1,NA,NA,NA,NA
sample26_SemiBin_79.fa,74.01577103879445,NA,NA,NA,NA,NA,506_15,NA,NA,1,NA,NA,NA,NA
sample18_SemiBin_128.fa,65.38852134925922,NA,NA,NA,NA,NA,506_16,NA,NA,1,NA,NA,NA,NA
sample3_SemiBin_48.fa,66.07209490888118,NA,NA,NA,NA,NA,507_1,NA,NA,1,NA,NA,NA,NA
sample4_SemiBin_69.fa,70.32155297416665,NA,NA,NA,NA,NA,507_2,NA,NA,1,NA,NA,NA,NA
sample17_SemiBin_585.fa,10.742926242677504,NA,NA,NA,NA,NA,507_3,NA,NA,1,NA,NA,NA,NA
sample17_SemiBin_180.fa,53.46269871521415,NA,NA,NA,NA,NA,508_1,NA,NA,1,NA,NA,NA,NA
sample1_SemiBin_89.fa,56.39641909582775,NA,NA,NA,NA,NA,508_2,NA,NA,1,NA,NA,NA,NA
sample18_SemiBin_197.fa,54.43235158706096,NA,NA,NA,NA,NA,508_3,NA,NA,1,NA,NA,NA,NA
sample16_SemiBin_163.fa,21.908607295282124,NA,NA,NA,NA,NA,508_4,NA,NA,1,NA,NA,NA,NA
sample20_SemiBin_113.fa,34.46746958526045,NA,NA,NA,NA,NA,509_0,NA,NA,1,NA,NA,NA,NA
sample21_SemiBin_1433.fa,15.197428676799037,NA,NA,NA,NA,NA,510_0,NA,NA,1,NA,NA,NA,NA
sample19_SemiBin_104.fa,41.56826034271802,NA,NA,NA,NA,NA,511_0,NA,NA,1,NA,NA,NA,NA
sample29_SemiBin_350.fa,27.791555823248917,NA,NA,NA,NA,NA,512_0,NA,NA,1,NA,NA,NA,NA
snj19_SemiBin_108.fa,38.00169374554156,NA,NA,NA,NA,NA,513_0,NA,NA,1,NA,NA,NA,NA
cpsnj19_SemiBin_50.fa,74.24016831552179,NA,NA,NA,NA,NA,514_1,NA,NA,1,NA,NA,NA,NA
snj19_SemiBin_46.fa,69.4197099086487,NA,NA,NA,NA,NA,514_2,NA,NA,1,NA,NA,NA,NA
cpsnj03_SemiBin_77.fa,63.40854681408282,NA,NA,NA,NA,NA,514_3,NA,NA,1,NA,NA,NA,NA
snj03_SemiBin_154.fa,41.9110673754484,NA,NA,NA,NA,NA,514_4,NA,NA,1,NA,NA,NA,NA
sample1_SemiBin_103.fa,73.23529214898399,NA,NA,NA,NA,NA,514_5,NA,NA,1,NA,NA,NA,NA
cpsnj14_SemiBin_64.fa,75.12719826784897,NA,NA,NA,NA,NA,515_0,NA,NA,1,NA,NA,NA,NA
sample26_SemiBin_83.fa,50.53885494525486,NA,NA,NA,NA,NA,516_0,NA,NA,1,NA,NA,NA,NA
sample11_SemiBin_26.fa,70.04450460142984,NA,NA,NA,NA,NA,517_1,NA,NA,1,NA,NA,NA,NA
sample13_SemiBin_118.fa,18.47644990451071,NA,NA,NA,NA,NA,517_2,NA,NA,1,NA,NA,NA,NA
sample18_SemiBin_58.fa,88.03146439602476,NA,NA,NA,NA,NA,518_1,NA,NA,1,NA,NA,NA,NA
sample25_SemiBin_38.fa,77.60539719203992,NA,NA,NA,NA,NA,518_2,NA,NA,1,NA,NA,NA,NA
sample17_SemiBin_65.fa,72.61904989452637,NA,NA,NA,NA,NA,518_3,NA,NA,1,NA,NA,NA,NA
sample1_SemiBin_38.fa,75.4708772206316,NA,NA,NA,NA,NA,518_4,NA,NA,1,NA,NA,NA,NA
sample21_SemiBin_55.fa,60.15772540467263,NA,NA,NA,NA,NA,518_5,NA,NA,1,NA,NA,NA,NA
sample15_SemiBin_125.fa,30.64173252220878,NA,NA,NA,NA,NA,518_6,NA,NA,1,NA,NA,NA,NA
sample22_SemiBin_136.fa,10.268566774770015,NA,NA,NA,NA,NA,518_7,NA,NA,1,NA,NA,NA,NA
sample17_SemiBin_66.fa,65.36861842878943,NA,NA,NA,NA,NA,519_0,NA,NA,1,NA,NA,NA,NA
sample18_SemiBin_97.fa,71.86452427984723,NA,NA,NA,NA,NA,520_0,NA,NA,1,NA,NA,NA,NA
sample18_SemiBin_167.fa,55.41382660711484,NA,NA,NA,NA,NA,521_0,NA,NA,1,NA,NA,NA,NA
cpsnj16_SemiBin_60.fa,70.1151347119027,NA,NA,NA,NA,NA,522_1,NA,NA,1,NA,NA,NA,NA
snj13_SemiBin_10.fa,89.34003108035596,NA,NA,NA,NA,NA,522_2,NA,NA,1,NA,NA,NA,NA
snj14_SemiBin_30.fa,74.55433432236569,NA,NA,NA,NA,NA,522_3,NA,NA,1,NA,NA,NA,NA
cpsnj14_SemiBin_68.fa,70.98541115405668,NA,NA,NA,NA,NA,522_4,NA,NA,1,NA,NA,NA,NA
sample1_SemiBin_88.fa,60.9184943991316,NA,NA,NA,NA,NA,523_1,NA,NA,1,NA,NA,NA,NA
sample20_SemiBin_49.fa,81.1160681375499,NA,NA,NA,NA,NA,523_2,NA,NA,1,NA,NA,NA,NA
sample4_SemiBin_220.fa,44.57073056084276,NA,NA,NA,NA,NA,523_3,NA,NA,1,NA,NA,NA,NA
sample17_SemiBin_42.fa,55.00076001023145,NA,NA,NA,NA,NA,523_4,NA,NA,1,NA,NA,NA,NA
sample11_SemiBin_2.fa,70.63221979880178,NA,NA,NA,NA,NA,524_1,NA,NA,1,NA,NA,NA,NA
sample13_SemiBin_0.fa,92.4358162317336,NA,NA,NA,NA,NA,524_2,NA,NA,1,NA,NA,NA,NA
sample12_SemiBin_32.fa,46.297282633670775,NA,NA,NA,NA,NA,524_3,NA,NA,1,NA,NA,NA,NA
sample13_SemiBin_122.fa,27.795833847186863,NA,NA,NA,NA,NA,525_0,NA,NA,1,NA,NA,NA,NA
cpsnj11_SemiBin_43.fa,77.82957918438055,NA,NA,NA,NA,NA,526_1,NA,NA,1,NA,NA,NA,NA
snj11_SemiBin_62.fa,41.83849484681015,NA,NA,NA,NA,NA,526_2,NA,NA,1,NA,NA,NA,NA
cpsnj09_SemiBin_144.fa,34.9430941298047,NA,NA,NA,NA,NA,526_3,NA,NA,1,NA,NA,NA,NA
snj08_SemiBin_51.fa,60.01845712286752,NA,NA,NA,NA,NA,526_4,NA,NA,1,NA,NA,NA,NA
sample11_SemiBin_9.fa,47.25938397753975,NA,NA,NA,NA,NA,527_0,NA,NA,1,NA,NA,NA,NA
sample17_SemiBin_3.fa,92.61299878499864,NA,NA,NA,NA,NA,528_0,NA,NA,1,NA,NA,NA,NA
cpsnj19_SemiBin_85.fa,62.50385030514737,NA,NA,NA,NA,NA,529_1,NA,NA,1,NA,NA,NA,NA
snj19_SemiBin_63.fa,68.69302385044834,NA,NA,NA,NA,NA,529_2,NA,NA,1,NA,NA,NA,NA
cpsnj03_SemiBin_62.fa,67.65603971053282,NA,NA,NA,NA,NA,529_3,NA,NA,1,NA,NA,NA,NA
snj11_SemiBin_184.fa,56.843283339106925,NA,NA,NA,NA,NA,530_0,NA,NA,1,NA,NA,NA,NA
sample19_SemiBin_95.fa,69.02506125481501,NA,NA,NA,NA,NA,531_1,NA,NA,1,NA,NA,NA,NA
sample22_SemiBin_182.fa,56.01891633450471,NA,NA,NA,NA,NA,531_2,NA,NA,1,NA,NA,NA,NA
sample26_SemiBin_38.fa,84.07171114437557,NA,NA,NA,NA,NA,532_0,NA,NA,1,NA,NA,NA,NA
cpsnj08_SemiBin_80.fa,67.48679983323159,NA,NA,NA,NA,NA,533_0,NA,NA,1,NA,NA,NA,NA
sample20_SemiBin_703.fa,29.94210714822062,NA,NA,NA,NA,NA,534_0,NA,NA,1,NA,NA,NA,NA
sample11_SemiBin_8.fa,77.94985678300118,NA,NA,NA,NA,NA,535_1,NA,NA,1,NA,NA,NA,NA
sample12_SemiBin_8.fa,63.66970023471213,NA,NA,NA,NA,NA,535_2,NA,NA,1,NA,NA,NA,NA
sample13_SemiBin_64.fa,60.84545864241013,NA,NA,NA,NA,NA,535_3,NA,NA,1,NA,NA,NA,NA
sample27_SemiBin_18.fa,78.19139490473934,NA,NA,NA,NA,NA,535_4,NA,NA,1,NA,NA,NA,NA
sample20_SemiBin_133.fa,35.17384600744264,NA,NA,NA,NA,NA,535_5,NA,NA,1,NA,NA,NA,NA
snj20_SemiBin_41.fa,62.54602497707613,NA,NA,NA,NA,NA,536_0,NA,NA,1,NA,NA,NA,NA
snj20_SemiBin_51.fa,53.300816698716304,NA,NA,NA,NA,NA,537_0,NA,NA,1,NA,NA,NA,NA
sample18_SemiBin_14.fa,90.98314573865598,NA,NA,NA,NA,NA,538_0,NA,NA,1,NA,NA,NA,NA
sample1_SemiBin_84.fa,67.1427601553897,NA,NA,NA,NA,NA,539_0,NA,NA,1,NA,NA,NA,NA
cpsnj11_SemiBin_85.fa,60.75303009669352,NA,NA,NA,NA,NA,540_0,NA,NA,1,NA,NA,NA,NA
snj20_SemiBin_84.fa,51.38761624217764,NA,NA,NA,NA,NA,541_0,NA,NA,1,NA,NA,NA,NA
sample18_SemiBin_132.fa,77.83996008551136,NA,NA,NA,NA,NA,542_0,NA,NA,1,NA,NA,NA,NA
sample7_SemiBin_385.fa,10.280743662917814,NA,NA,NA,NA,NA,543_0,NA,NA,1,NA,NA,NA,NA
sample29_SemiBin_313.fa,52.88737442372905,NA,NA,NA,NA,NA,544_0,NA,NA,1,NA,NA,NA,NA
snj01_SemiBin_33.fa,71.25224749467122,NA,NA,NA,NA,NA,545_0,NA,NA,1,NA,NA,NA,NA
sample11_SemiBin_25.fa,76.77834724877265,NA,NA,NA,NA,NA,546_0,NA,NA,1,NA,NA,NA,NA
sample29_SemiBin_109.fa,59.27300334736459,NA,NA,NA,NA,NA,547_0,NA,NA,1,NA,NA,NA,NA
snj13_SemiBin_69.fa,35.44016268959986,NA,NA,NA,NA,NA,548_0,NA,NA,1,NA,NA,NA,NA
sample27_SemiBin_81.fa,38.48892356889724,NA,NA,NA,NA,NA,549_0,NA,NA,1,NA,NA,NA,NA
sample29_SemiBin_92.fa,71.58227688906194,NA,NA,NA,NA,NA,550_0,NA,NA,1,NA,NA,NA,NA
cpsnj14_SemiBin_180.fa,68.90874760070791,NA,NA,NA,NA,NA,551_1,NA,NA,1,NA,NA,NA,NA
snj13_SemiBin_68.fa,61.67011247928006,NA,NA,NA,NA,NA,551_2,NA,NA,1,NA,NA,NA,NA
sample19_SemiBin_122.fa,52.26396242435834,NA,NA,NA,NA,NA,552_0,NA,NA,1,NA,NA,NA,NA
sample29_SemiBin_138.fa,47.97626887671828,NA,NA,NA,NA,NA,553_0,NA,NA,1,NA,NA,NA,NA
cpsnj03_SemiBin_778.fa,17.774025887890815,NA,NA,NA,NA,NA,554_1,NA,NA,1,NA,NA,NA,NA
sample1_SemiBin_223.fa,61.10823829164403,NA,NA,NA,NA,NA,554_2,NA,NA,1,NA,NA,NA,NA
cpsnj09_SemiBin_94.fa,67.51068119435428,NA,NA,NA,NA,NA,555_1,NA,NA,1,NA,NA,NA,NA
snj14_SemiBin_71.fa,79.19444305561123,NA,NA,NA,NA,NA,555_2,NA,NA,1,NA,NA,NA,NA
cpsnj16_SemiBin_67.fa,65.90616320747094,NA,NA,NA,NA,NA,555_3,NA,NA,1,NA,NA,NA,NA
snj09_SemiBin_169.fa,52.39983598225469,NA,NA,NA,NA,NA,555_4,NA,NA,1,NA,NA,NA,NA
sample18_SemiBin_88.fa,84.12861878238627,NA,NA,NA,NA,NA,556_0,NA,NA,1,NA,NA,NA,NA
sample29_SemiBin_93.fa,67.639921910274,NA,NA,NA,NA,NA,557_0,NA,NA,1,NA,NA,NA,NA
sample5_SemiBin_61.fa,54.05035881163765,NA,NA,NA,NA,NA,558_0,NA,NA,1,NA,NA,NA,NA
sample18_SemiBin_75.fa,94.41935625047148,NA,NA,NA,NA,NA,559_0,NA,NA,1,NA,NA,NA,NA
sample21_SemiBin_72.fa,58.88931288207074,NA,NA,NA,NA,NA,560_0,NA,NA,1,NA,NA,NA,NA
sample18_SemiBin_126.fa,71.74229936598068,NA,NA,NA,NA,NA,561_1,NA,NA,1,NA,NA,NA,NA
sample3_SemiBin_60.fa,44.95446161140524,NA,NA,NA,NA,NA,561_2,NA,NA,1,NA,NA,NA,NA
sample18_SemiBin_178.fa,55.21898701598041,NA,NA,NA,NA,NA,562_0,NA,NA,1,NA,NA,NA,NA
sample2_SemiBin_27.fa,70.70363850204727,NA,NA,NA,NA,NA,563_1,NA,NA,1,NA,NA,NA,NA
sample7_SemiBin_52.fa,74.71673739055925,NA,NA,NA,NA,NA,563_2,NA,NA,1,NA,NA,NA,NA
sample5_SemiBin_227.fa,52.95767779185101,NA,NA,NA,NA,NA,563_3,NA,NA,1,NA,NA,NA,NA
sample25_SemiBin_77.fa,63.1363813651106,NA,NA,NA,NA,NA,563_4,NA,NA,1,NA,NA,NA,NA
sample20_SemiBin_142.fa,48.19697741513669,NA,NA,NA,NA,NA,563_5,NA,NA,1,NA,NA,NA,NA
sample22_SemiBin_238.fa,55.54985613005308,NA,NA,NA,NA,NA,563_6,NA,NA,1,NA,NA,NA,NA
sample16_SemiBin_110.fa,46.818227628021646,NA,NA,NA,NA,NA,563_7,NA,NA,1,NA,NA,NA,NA
sample13_SemiBin_87.fa,36.424993096930535,NA,NA,NA,NA,NA,564_0,NA,NA,1,NA,NA,NA,NA
sample5_SemiBin_18.fa,70.65741188068736,NA,NA,NA,NA,NA,565_0,NA,NA,1,NA,NA,NA,NA
sample7_SemiBin_394.fa,47.243427617637984,NA,NA,NA,NA,NA,566_0,NA,NA,1,NA,NA,NA,NA
sample23_SemiBin_100.fa,54.79555376374096,NA,NA,NA,NA,NA,567_0,NA,NA,1,NA,NA,NA,NA
cpsnj11_SemiBin_101.fa,56.4466133829267,NA,NA,NA,NA,NA,568_1,NA,NA,1,NA,NA,NA,NA
snj11_SemiBin_107.fa,53.86866410955006,NA,NA,NA,NA,NA,568_2,NA,NA,1,NA,NA,NA,NA
cpsnj19_SemiBin_42.fa,63.21137139491467,NA,NA,NA,NA,NA,569_1,NA,NA,1,NA,NA,NA,NA
snj19_SemiBin_76.fa,42.8441478128052,NA,NA,NA,NA,NA,569_2,NA,NA,1,NA,NA,NA,NA
cpsnj20_SemiBin_114.fa,19.470451714700676,NA,NA,NA,NA,NA,569_3,NA,NA,1,NA,NA,NA,NA
snj01_SemiBin_96.fa,36.66492077574926,NA,NA,NA,NA,NA,569_4,NA,NA,1,NA,NA,NA,NA
sample24_SemiBin_31.fa,54.61210430655575,NA,NA,NA,NA,NA,570_1,NA,NA,1,NA,NA,NA,NA
sample26_SemiBin_62.fa,55.34036780172465,NA,NA,NA,NA,NA,570_2,NA,NA,1,NA,NA,NA,NA
sample23_SemiBin_444.fa,14.64095231685808,NA,NA,NA,NA,NA,570_3,NA,NA,1,NA,NA,NA,NA
sample16_SemiBin_109.fa,36.18280909933786,NA,NA,NA,NA,NA,570_4,NA,NA,1,NA,NA,NA,NA
sample28_SemiBin_61.fa,59.63540051123524,NA,NA,NA,NA,NA,570_5,NA,NA,1,NA,NA,NA,NA
sample6_SemiBin_145.fa,43.78544149942879,NA,NA,NA,NA,NA,571_0,NA,NA,1,NA,NA,NA,NA
sample22_SemiBin_1598.fa,18.63502040519699,NA,NA,NA,NA,NA,572_0,NA,NA,1,NA,NA,NA,NA
sample4_SemiBin_104.fa,22.607511768396417,NA,NA,NA,NA,NA,573_0,NA,NA,1,NA,NA,NA,NA
snj04_SemiBin_1776.fa,17.70331063531167,NA,NA,NA,NA,NA,574_0,NA,NA,1,NA,NA,NA,NA
cpsnj13_SemiBin_26.fa,70.27771171197384,NA,NA,NA,NA,NA,575_0,NA,NA,1,NA,NA,NA,NA
sample15_SemiBin_55.fa,74.35949915289318,NA,NA,NA,NA,NA,576_1,NA,NA,1,NA,NA,NA,NA
sample22_SemiBin_112.fa,56.396844325131575,NA,NA,NA,NA,NA,576_2,NA,NA,1,NA,NA,NA,NA
sample13_SemiBin_115.fa,58.437973359839525,NA,NA,NA,NA,NA,576_3,NA,NA,1,NA,NA,NA,NA
cpsnj09_SemiBin_107.fa,49.01031422222353,NA,NA,NA,NA,NA,577_0,NA,NA,1,NA,NA,NA,NA
sample20_SemiBin_39.fa,86.08921777769106,NA,NA,NA,NA,NA,578_0,NA,NA,1,NA,NA,NA,NA
sample6_SemiBin_13.fa,87.27116457343497,NA,NA,NA,NA,NA,579_0,NA,NA,1,NA,NA,NA,NA
sample13_SemiBin_176.fa,50.47845488484674,NA,NA,NA,NA,NA,580_1,NA,NA,1,NA,NA,NA,NA
sample22_SemiBin_82.fa,65.14252190476864,NA,NA,NA,NA,NA,580_2,NA,NA,1,NA,NA,NA,NA
sample18_SemiBin_310.fa,57.21195917970008,NA,NA,NA,NA,NA,581_0,NA,NA,1,NA,NA,NA,NA
sample25_SemiBin_21.fa,81.0031792117653,NA,NA,NA,NA,NA,582_0,NA,NA,1,NA,NA,NA,NA
sample1_SemiBin_76.fa,79.17425739433581,NA,NA,NA,NA,NA,583_0,NA,NA,1,NA,NA,NA,NA
sample29_SemiBin_99.fa,66.55910754755992,NA,NA,NA,NA,NA,584_0,NA,NA,1,NA,NA,NA,NA
snj20_SemiBin_49.fa,65.51814931292945,NA,NA,NA,NA,NA,585_0,NA,NA,1,NA,NA,NA,NA
sample29_SemiBin_115.fa,68.49223052395422,NA,NA,NA,NA,NA,586_0,NA,NA,1,NA,NA,NA,NA
sample5_SemiBin_86.fa,47.11656639362808,NA,NA,NA,NA,NA,587_0,NA,NA,1,NA,NA,NA,NA
cpsnj13_SemiBin_23.fa,74.76665194159814,NA,NA,NA,NA,NA,588_1,NA,NA,1,NA,NA,NA,NA
cpsnj14_SemiBin_155.fa,42.32333150682817,NA,NA,NA,NA,NA,588_2,NA,NA,1,NA,NA,NA,NA
sample20_SemiBin_173.fa,50.016620947812,NA,NA,NA,NA,NA,588_3,NA,NA,1,NA,NA,NA,NA
cpsnj13_SemiBin_90.fa,69.17852370919073,NA,NA,NA,NA,NA,589_0,NA,NA,1,NA,NA,NA,NA
snj13_SemiBin_31.fa,65.06868530256573,NA,NA,NA,NA,NA,590_0,NA,NA,1,NA,NA,NA,NA
snj11_SemiBin_1057.fa,14.447909591668544,NA,NA,NA,NA,NA,591_1,NA,NA,1,NA,NA,NA,NA
snj20_SemiBin_20.fa,82.10585385135609,NA,NA,NA,NA,NA,591_2,NA,NA,1,NA,NA,NA,NA
cpsnj20_SemiBin_40.fa,63.285710563804535,NA,NA,NA,NA,NA,592_0,NA,NA,1,NA,NA,NA,NA
sample29_SemiBin_151.fa,60.34311705524369,NA,NA,NA,NA,NA,593_0,NA,NA,1,NA,NA,NA,NA
sample12_SemiBin_5.fa,77.54259405716378,NA,NA,NA,NA,NA,594_1,NA,NA,1,NA,NA,NA,NA
sample13_SemiBin_23.fa,78.79007448256982,NA,NA,NA,NA,NA,594_2,NA,NA,1,NA,NA,NA,NA
sample11_SemiBin_64.fa,89.12230640481006,NA,NA,NA,NA,NA,594_3,NA,NA,1,NA,NA,NA,NA
sample22_SemiBin_492.fa,21.75700633179075,NA,NA,NA,NA,NA,594_4,NA,NA,1,NA,NA,NA,NA
sample12_SemiBin_127.fa,44.60593136456741,NA,NA,NA,NA,NA,595_1,NA,NA,1,NA,NA,NA,NA
sample13_SemiBin_25.fa,90.40937715560185,NA,NA,NA,NA,NA,595_2,NA,NA,1,NA,NA,NA,NA
sample22_SemiBin_493.fa,16.135041316696192,NA,NA,NA,NA,NA,596_0,NA,NA,1,NA,NA,NA,NA
sample27_SemiBin_398.fa,21.371362611600546,NA,NA,NA,NA,NA,597_0,NA,NA,1,NA,NA,NA,NA
sample29_SemiBin_45.fa,86.88329921841263,NA,NA,NA,NA,NA,598_0,NA,NA,1,NA,NA,NA,NA
sample29_SemiBin_5.fa,98.05874365789884,NA,NA,NA,NA,NA,599_0,NA,NA,1,NA,NA,NA,NA
sample29_SemiBin_136.fa,57.80087688483573,NA,NA,NA,NA,NA,600_0,NA,NA,1,NA,NA,NA,NA
cpsnj01_SemiBin_112.fa,26.43501708523439,NA,NA,NA,NA,NA,601_0,NA,NA,1,NA,NA,NA,NA
snj09_SemiBin_110.fa,45.191922362612274,NA,NA,NA,NA,NA,602_0,NA,NA,1,NA,NA,NA,NA
cpsnj02_SemiBin_7.fa,72.35259573173485,NA,NA,NA,NA,NA,603_0,NA,NA,1,NA,NA,NA,NA
cpsnj09_SemiBin_40.fa,76.94102477202028,NA,NA,NA,NA,NA,604_0,NA,NA,1,NA,NA,NA,NA
snj11_SemiBin_186.fa,62.140813402325634,NA,NA,NA,NA,NA,605_0,NA,NA,1,NA,NA,NA,NA
snj02_SemiBin_36.fa,59.08460802009896,NA,NA,NA,NA,NA,606_0,NA,NA,1,NA,NA,NA,NA
sample29_SemiBin_111.fa,69.36737376535457,NA,NA,NA,NA,NA,607_0,NA,NA,1,NA,NA,NA,NA
sample29_SemiBin_604.fa,14.297385531100256,NA,NA,NA,NA,NA,608_0,NA,NA,1,NA,NA,NA,NA
sample19_SemiBin_343.fa,41.860906815855785,NA,NA,NA,NA,NA,609_0,NA,NA,1,NA,NA,NA,NA
cpsnj02_SemiBin_638.fa,21.19784125612947,NA,NA,NA,NA,NA,610_0,NA,NA,1,NA,NA,NA,NA
cpsnj15_SemiBin_1.fa,96.34751406189125,NA,NA,NA,NA,NA,611_0,NA,NA,1,NA,NA,NA,NA
sample22_SemiBin_21.fa,91.92638301745502,NA,NA,NA,NA,NA,612_1,NA,NA,1,NA,NA,NA,NA
sample2_SemiBin_54.fa,50.4952628665616,NA,NA,NA,NA,NA,612_2,NA,NA,1,NA,NA,NA,NA
sample19_SemiBin_113.fa,75.56569155311058,NA,NA,NA,NA,NA,613_0,NA,NA,1,NA,NA,NA,NA
sample29_SemiBin_278.fa,60.83598286933962,NA,NA,NA,NA,NA,614_0,NA,NA,1,NA,NA,NA,NA
snj04_SemiBin_79.fa,43.81681179451512,NA,NA,NA,NA,NA,615_0,NA,NA,1,NA,NA,NA,NA
cpsnj02_SemiBin_59.fa,49.81506635885108,NA,NA,NA,NA,NA,616_0,NA,NA,1,NA,NA,NA,NA
snj08_SemiBin_42.fa,49.35168906410471,NA,NA,NA,NA,NA,617_0,NA,NA,1,NA,NA,NA,NA
sample2_SemiBin_916.fa,15.746510045505078,NA,NA,NA,NA,NA,618_0,NA,NA,1,NA,NA,NA,NA
snj11_SemiBin_187.fa,40.43992310379832,NA,NA,NA,NA,NA,619_0,NA,NA,1,NA,NA,NA,NA
cpsnj15_SemiBin_55.fa,54.00758730800138,NA,NA,NA,NA,NA,620_0,NA,NA,1,NA,NA,NA,NA
sample6_SemiBin_75.fa,49.27907899006872,NA,NA,NA,NA,NA,621_0,NA,NA,1,NA,NA,NA,NA
snj02_SemiBin_56.fa,44.468643510288615,NA,NA,NA,NA,NA,622_0,NA,NA,1,NA,NA,NA,NA
sample29_SemiBin_408.fa,58.11819455312234,NA,NA,NA,NA,NA,623_0,NA,NA,1,NA,NA,NA,NA
sample29_SemiBin_409.fa,33.17214591833253,NA,NA,NA,NA,NA,624_0,NA,NA,1,NA,NA,NA,NA
cpsnj19_SemiBin_224.fa,59.6189403029122,NA,NA,NA,NA,NA,625_0,NA,NA,1,NA,NA,NA,NA
cpsnj15_SemiBin_0.fa,83.8679738498793,NA,NA,NA,NA,NA,626_0,NA,NA,1,NA,NA,NA,NA
sample20_SemiBin_58.fa,80.53281657676146,NA,NA,NA,NA,NA,627_1,NA,NA,1,NA,NA,NA,NA
sample27_SemiBin_88.fa,62.48504785629441,NA,NA,NA,NA,NA,627_2,NA,NA,1,NA,NA,NA,NA
sample29_SemiBin_149.fa,71.61895885172943,NA,NA,NA,NA,NA,628_0,NA,NA,1,NA,NA,NA,NA
sample29_SemiBin_85.fa,75.63031600131009,NA,NA,NA,NA,NA,629_0,NA,NA,1,NA,NA,NA,NA
sample19_SemiBin_17.fa,94.92365182705451,NA,NA,NA,NA,NA,630_0,NA,NA,1,NA,NA,NA,NA
sample16_SemiBin_64.fa,47.03349649599465,NA,NA,NA,NA,NA,631_1,NA,NA,1,NA,NA,NA,NA
sample6_SemiBin_59.fa,58.7659889524812,NA,NA,NA,NA,NA,631_2,NA,NA,1,NA,NA,NA,NA
sample22_SemiBin_147.fa,27.988326480036758,NA,NA,NA,NA,NA,632_0,NA,NA,1,NA,NA,NA,NA
sample13_SemiBin_487.fa,27.85632539396676,NA,NA,NA,NA,NA,633_0,NA,NA,1,NA,NA,NA,NA
sample15_SemiBin_108.fa,58.18290449728582,NA,NA,NA,NA,NA,634_1,NA,NA,1,NA,NA,NA,NA
sample25_SemiBin_1529.fa,23.99346265039595,NA,NA,NA,NA,NA,634_2,NA,NA,1,NA,NA,NA,NA
cpsnj16_SemiBin_80.fa,48.34651879591739,NA,NA,NA,NA,NA,635_0,NA,NA,1,NA,NA,NA,NA
cpsnj08_SemiBin_5.fa,52.4609300675542,NA,NA,NA,NA,NA,636_1,NA,NA,1,NA,NA,NA,NA
sample30_SemiBin_25.fa,62.38562864437413,NA,NA,NA,NA,NA,636_2,NA,NA,1,NA,NA,NA,NA
cpsnj04_SemiBin_158.fa,40.15377753757018,NA,NA,NA,NA,NA,636_3,NA,NA,1,NA,NA,NA,NA
sample28_SemiBin_23.fa,55.30978843168377,NA,NA,NA,NA,NA,636_4,NA,NA,1,NA,NA,NA,NA
sample16_SemiBin_185.fa,51.0994726543972,NA,NA,NA,NA,NA,636_5,NA,NA,1,NA,NA,NA,NA
sample27_SemiBin_77.fa,32.035731902657936,NA,NA,NA,NA,NA,636_6,NA,NA,1,NA,NA,NA,NA
cpsnj03_SemiBin_91.fa,48.1614616418875,NA,NA,NA,NA,NA,636_7,NA,NA,1,NA,NA,NA,NA
cpsnj01_SemiBin_85.fa,38.17639982536202,NA,NA,NA,NA,NA,636_8,NA,NA,1,NA,NA,NA,NA
sample24_SemiBin_1183.fa,47.86157588435143,NA,NA,NA,NA,NA,636_9,NA,NA,1,NA,NA,NA,NA
sample6_SemiBin_66.fa,45.176238489057184,NA,NA,NA,NA,NA,636_10,NA,NA,1,NA,NA,NA,NA
cpsnj02_SemiBin_132.fa,43.62065696134551,NA,NA,NA,NA,NA,636_11,NA,NA,1,NA,NA,NA,NA
sample26_SemiBin_157.fa,41.707535670417656,NA,NA,NA,NA,NA,636_12,NA,NA,1,NA,NA,NA,NA
cpsnj09_SemiBin_243.fa,50.03454995394098,NA,NA,NA,NA,NA,636_13,NA,NA,1,NA,NA,NA,NA
cpsnj15_SemiBin_90.fa,31.808569405008907,NA,NA,NA,NA,NA,636_14,NA,NA,1,NA,NA,NA,NA
cpsnj10_SemiBin_361.fa,13.88549535780534,NA,NA,NA,NA,NA,637_0,NA,NA,1,NA,NA,NA,NA
cpsnj16_SemiBin_47.fa,80.96432374702329,NA,NA,NA,NA,NA,638_1,NA,NA,1,NA,NA,NA,NA
snj13_SemiBin_76.fa,51.37680138525508,NA,NA,NA,NA,NA,638_2,NA,NA,1,NA,NA,NA,NA
sample11_SemiBin_27.fa,73.15426905968599,NA,NA,NA,NA,NA,639_1,NA,NA,1,NA,NA,NA,NA
sample17_SemiBin_10.fa,90.71948191547432,NA,NA,NA,NA,NA,639_2,NA,NA,1,NA,NA,NA,NA
sample13_SemiBin_99.fa,55.81535366479023,NA,NA,NA,NA,NA,639_3,NA,NA,1,NA,NA,NA,NA
sample25_SemiBin_72.fa,54.654657641043016,NA,NA,NA,NA,NA,639_4,NA,NA,1,NA,NA,NA,NA
sample19_SemiBin_212.fa,69.51063067792788,NA,NA,NA,NA,NA,639_5,NA,NA,1,NA,NA,NA,NA
sample22_SemiBin_249.fa,54.49239690507295,NA,NA,NA,NA,NA,639_6,NA,NA,1,NA,NA,NA,NA
sample20_SemiBin_309.fa,37.046179481897695,NA,NA,NA,NA,NA,639_7,NA,NA,1,NA,NA,NA,NA
sample30_SemiBin_10.fa,50.62579884142924,NA,NA,NA,NA,NA,640_1,NA,NA,1,NA,NA,NA,NA
sample5_SemiBin_39.fa,69.34125351118347,NA,NA,NA,NA,NA,640_2,NA,NA,1,NA,NA,NA,NA
sample15_SemiBin_220.fa,49.21110700879328,NA,NA,NA,NA,NA,640_3,NA,NA,1,NA,NA,NA,NA
sample19_SemiBin_32.fa,51.89350819152467,NA,NA,NA,NA,NA,640_4,NA,NA,1,NA,NA,NA,NA
sample7_SemiBin_263.fa,45.34987176143869,NA,NA,NA,NA,NA,640_5,NA,NA,1,NA,NA,NA,NA
sample29_SemiBin_312.fa,55.70802797043105,NA,NA,NA,NA,NA,640_6,NA,NA,1,NA,NA,NA,NA
sample6_SemiBin_82.fa,44.56484304869521,NA,NA,NA,NA,NA,640_7,NA,NA,1,NA,NA,NA,NA
sample2_SemiBin_58.fa,55.0647518022256,NA,NA,NA,NA,NA,640_8,NA,NA,1,NA,NA,NA,NA
cpsnj13_SemiBin_6.fa,80.59855637575296,NA,NA,NA,NA,NA,641_1,NA,NA,4,99.19,99.04,NA,NA
cpsnj14_SemiBin_16.fa,70.56195573332879,NA,NA,NA,NA,NA,641_2,NA,NA,1,NA,NA,NA,NA
cpsnj11_SemiBin_235.fa,57.72323907738933,NA,NA,NA,NA,NA,641_3,NA,NA,1,NA,NA,NA,NA
sample16_SemiBin_323.fa,19.35194127886884,NA,NA,NA,NA,NA,642_1,NA,NA,1,NA,NA,NA,NA
sample22_SemiBin_162.fa,67.8457378004739,NA,NA,NA,NA,NA,642_2,NA,NA,1,NA,NA,NA,NA
sample13_SemiBin_215.fa,45.43818558714625,NA,NA,NA,NA,NA,642_3,NA,NA,1,NA,NA,NA,NA
sample17_SemiBin_119.fa,30.328490021692858,NA,NA,NA,NA,NA,642_4,NA,NA,1,NA,NA,NA,NA
sample26_SemiBin_205.fa,37.72758226586328,NA,NA,NA,NA,NA,642_5,NA,NA,1,NA,NA,NA,NA
sample17_SemiBin_289.fa,48.25891660486612,NA,NA,NA,NA,NA,643_0,NA,NA,1,NA,NA,NA,NA
sample19_SemiBin_105.fa,45.62907103491887,NA,NA,NA,NA,NA,644_0,NA,NA,1,NA,NA,NA,NA
sample19_SemiBin_101.fa,43.19589651046899,NA,NA,NA,NA,NA,645_0,NA,NA,1,NA,NA,NA,NA
cpsnj15_SemiBin_127.fa,41.48421490947159,NA,NA,NA,NA,NA,646_1,NA,NA,1,NA,NA,NA,NA
sample6_SemiBin_25.fa,49.39624950666969,NA,NA,NA,NA,NA,646_2,NA,NA,1,NA,NA,NA,NA
sample20_SemiBin_221.fa,51.54449527923773,NA,NA,NA,NA,NA,646_3,NA,NA,1,NA,NA,NA,NA
cpsnj03_SemiBin_16.fa,50.948261174927765,NA,NA,NA,NA,NA,646_4,NA,NA,1,NA,NA,NA,NA
cpsnj19_SemiBin_118.fa,53.32525675004877,NA,NA,NA,NA,NA,646_5,NA,NA,1,NA,NA,NA,NA
sample24_SemiBin_2.fa,73.16117737139187,NA,NA,NA,NA,NA,646_6,NA,NA,1,NA,NA,NA,NA
sample25_SemiBin_227.fa,34.3399404130627,NA,NA,NA,NA,NA,646_7,NA,NA,1,NA,NA,NA,NA
cpsnj04_SemiBin_32.fa,79.59240232434684,NA,NA,NA,NA,NA,646_8,NA,NA,1,NA,NA,NA,NA
snj04_SemiBin_46.fa,36.50122956225042,NA,NA,NA,NA,NA,646_9,NA,NA,1,NA,NA,NA,NA
sample16_SemiBin_102.fa,37.85535998636308,NA,NA,NA,NA,NA,646_10,NA,NA,1,NA,NA,NA,NA
snj03_SemiBin_97.fa,36.47364263222267,NA,NA,NA,NA,NA,646_11,NA,NA,1,NA,NA,NA,NA
cpsnj02_SemiBin_37.fa,46.62274124899107,NA,NA,NA,NA,NA,646_12,NA,NA,1,NA,NA,NA,NA
snj20_SemiBin_34.fa,52.093646891606326,NA,NA,NA,NA,NA,646_13,NA,NA,1,NA,NA,NA,NA
sample16_SemiBin_32.fa,74.03567953308352,NA,NA,NA,NA,NA,647_1,NA,NA,1,NA,NA,NA,NA
sample7_SemiBin_103.fa,53.60581205607781,NA,NA,NA,NA,NA,647_2,NA,NA,1,NA,NA,NA,NA
cpsnj14_SemiBin_72.fa,63.11004821477928,NA,NA,NA,NA,NA,648_1,NA,NA,1,NA,NA,NA,NA
sample14_SemiBin_50.fa,39.67996533462372,NA,NA,NA,NA,NA,648_2,NA,NA,1,NA,NA,NA,NA
cpsnj19_SemiBin_162.fa,39.67244362723033,NA,NA,NA,NA,NA,649_1,NA,NA,1,NA,NA,NA,NA
snj19_SemiBin_99.fa,42.587469971959486,NA,NA,NA,NA,NA,649_2,NA,NA,1,NA,NA,NA,NA
sample17_SemiBin_38.fa,40.63867123234745,NA,NA,NA,NA,NA,650_1,NA,NA,1,NA,NA,NA,NA
sample18_SemiBin_143.fa,60.19782484031918,NA,NA,NA,NA,NA,650_2,NA,NA,1,NA,NA,NA,NA
sample25_SemiBin_31.fa,57.43539517093418,NA,NA,NA,NA,NA,650_3,NA,NA,1,NA,NA,NA,NA
sample1_SemiBin_430.fa,31.864975730199173,NA,NA,NA,NA,NA,650_4,NA,NA,1,NA,NA,NA,NA
sample16_SemiBin_184.fa,37.1660155674427,NA,NA,NA,NA,NA,650_5,NA,NA,1,NA,NA,NA,NA
sample26_SemiBin_44.fa,39.183558173366535,NA,NA,NA,NA,NA,650_6,NA,NA,1,NA,NA,NA,NA
sample13_SemiBin_648.fa,27.773004471245944,NA,NA,NA,NA,NA,650_7,NA,NA,1,NA,NA,NA,NA
cpsnj09_SemiBin_320.fa,24.76327771113217,NA,NA,NA,NA,NA,651_1,NA,NA,1,NA,NA,NA,NA
cpsnj10_SemiBin_281.fa,26.356104367596483,NA,NA,NA,NA,NA,651_2,NA,NA,1,NA,NA,NA,NA
cpsnj14_SemiBin_52.fa,60.14266472359356,NA,NA,NA,NA,NA,651_3,NA,NA,1,NA,NA,NA,NA
cpsnj03_SemiBin_37.fa,37.716594864394246,NA,NA,NA,NA,NA,651_4,NA,NA,1,NA,NA,NA,NA
cpsnj08_SemiBin_7.fa,50.74471004345869,NA,NA,NA,NA,NA,651_5,NA,NA,1,NA,NA,NA,NA
cpsnj19_SemiBin_104.fa,33.35010000341824,NA,NA,NA,NA,NA,651_6,NA,NA,1,NA,NA,NA,NA
snj19_SemiBin_35.fa,41.59611881784074,NA,NA,NA,NA,NA,651_7,NA,NA,1,NA,NA,NA,NA
snj03_SemiBin_213.fa,35.22829066375286,NA,NA,NA,NA,NA,651_8,NA,NA,1,NA,NA,NA,NA
cpsnj11_SemiBin_348.fa,16.422309595235063,NA,NA,NA,NA,NA,652_0,NA,NA,1,NA,NA,NA,NA
sample7_SemiBin_192.fa,68.93002605663106,NA,NA,NA,NA,NA,653_1,NA,NA,2,99.03,99.03,NA,NA
sample3_SemiBin_13.fa,67.90746652719514,NA,NA,NA,NA,NA,654_1,NA,NA,1,NA,NA,NA,NA
sample4_SemiBin_41.fa,62.33673762469368,NA,NA,NA,NA,NA,654_2,NA,NA,1,NA,NA,NA,NA
sample15_SemiBin_43.fa,73.1003820021694,NA,NA,NA,NA,NA,655_1,NA,NA,1,NA,NA,NA,NA
sample25_SemiBin_60.fa,30.482296063547444,NA,NA,NA,NA,NA,655_2,NA,NA,1,NA,NA,NA,NA
sample27_SemiBin_143.fa,31.08646612251889,NA,NA,NA,NA,NA,655_3,NA,NA,1,NA,NA,NA,NA
sample22_SemiBin_67.fa,53.17855862228984,NA,NA,NA,NA,NA,655_4,NA,NA,1,NA,NA,NA,NA
sample13_SemiBin_93.fa,58.40395061231058,NA,NA,NA,NA,NA,655_5,NA,NA,1,NA,NA,NA,NA
sample20_SemiBin_304.fa,36.285511250183575,NA,NA,NA,NA,NA,655_6,NA,NA,1,NA,NA,NA,NA
sample11_SemiBin_76.fa,49.56206309823586,NA,NA,NA,NA,NA,656_1,NA,NA,1,NA,NA,NA,NA
sample13_SemiBin_233.fa,58.29731186021551,NA,NA,NA,NA,NA,656_2,NA,NA,1,NA,NA,NA,NA
sample25_SemiBin_9.fa,78.44066651853839,NA,NA,NA,NA,NA,657_1,NA,NA,1,NA,NA,NA,NA
sample7_SemiBin_229.fa,55.20997650115772,NA,NA,NA,NA,NA,657_2,NA,NA,1,NA,NA,NA,NA
sample13_SemiBin_32.fa,51.38493425341889,NA,NA,NA,NA,NA,657_3,NA,NA,1,NA,NA,NA,NA
sample15_SemiBin_35.fa,77.9439338374748,NA,NA,NA,NA,NA,657_4,NA,NA,1,NA,NA,NA,NA
sample19_SemiBin_11.fa,78.62952200036928,NA,NA,NA,NA,NA,657_5,NA,NA,1,NA,NA,NA,NA
sample1_SemiBin_6.fa,77.9281462047452,NA,NA,NA,NA,NA,657_6,NA,NA,1,NA,NA,NA,NA
sample22_SemiBin_31.fa,83.67222679754508,NA,NA,NA,NA,NA,657_7,NA,NA,1,NA,NA,NA,NA
sample20_SemiBin_134.fa,66.45999257841488,NA,NA,NA,NA,NA,657_8,NA,NA,1,NA,NA,NA,NA
sample12_SemiBin_43.fa,77.65457220519653,NA,NA,NA,NA,NA,657_9,NA,NA,1,NA,NA,NA,NA
sample17_SemiBin_54.fa,73.92371845959259,NA,NA,NA,NA,NA,657_10,NA,NA,1,NA,NA,NA,NA
sample13_SemiBin_9.fa,66.46988016359504,NA,NA,NA,NA,NA,658_0,NA,NA,1,NA,NA,NA,NA
sample11_SemiBin_164.fa,45.84173453580876,NA,NA,NA,NA,NA,659_1,NA,NA,1,NA,NA,NA,NA
sample18_SemiBin_162.fa,56.61355867656311,NA,NA,NA,NA,NA,659_2,NA,NA,1,NA,NA,NA,NA
cpsnj11_SemiBin_73.fa,66.89965597357441,NA,NA,NA,NA,NA,660_1,NA,NA,1,NA,NA,NA,NA
snj11_SemiBin_190.fa,66.37498836438199,NA,NA,NA,NA,NA,660_2,NA,NA,1,NA,NA,NA,NA
snj10_SemiBin_75.fa,48.14931282621869,NA,NA,NA,NA,NA,660_3,NA,NA,1,NA,NA,NA,NA
cpsnj15_SemiBin_27.fa,43.83145981042473,NA,NA,NA,NA,NA,660_4,NA,NA,1,NA,NA,NA,NA
sample5_SemiBin_80.fa,43.99556738059992,NA,NA,NA,NA,NA,660_5,NA,NA,1,NA,NA,NA,NA
snj16_SemiBin_111.fa,50.2640007649122,NA,NA,NA,NA,NA,661_1,NA,NA,1,NA,NA,NA,NA
snj20_SemiBin_31.fa,64.6696779910497,NA,NA,NA,NA,NA,661_2,NA,NA,1,NA,NA,NA,NA
snj04_SemiBin_68.fa,24.390292096508528,NA,NA,NA,NA,NA,661_3,NA,NA,1,NA,NA,NA,NA
cpsnj04_SemiBin_68.fa,38.86969060920906,NA,NA,NA,NA,NA,661_4,NA,NA,1,NA,NA,NA,NA
sample17_SemiBin_220.fa,50.26043648261363,NA,NA,NA,NA,NA,662_0,NA,NA,1,NA,NA,NA,NA
sample19_SemiBin_196.fa,53.21103567961578,NA,NA,NA,NA,NA,663_0,NA,NA,1,NA,NA,NA,NA
snj09_SemiBin_45.fa,65.70545642851735,NA,NA,NA,NA,NA,664_1,NA,NA,1,NA,NA,NA,NA
snj14_SemiBin_84.fa,39.29631038479276,NA,NA,NA,NA,NA,664_2,NA,NA,1,NA,NA,NA,NA
snj15_SemiBin_59.fa,29.97236996312641,NA,NA,NA,NA,NA,664_3,NA,NA,1,NA,NA,NA,NA
sample16_SemiBin_116.fa,16.720417811400914,NA,NA,NA,NA,NA,665_0,NA,NA,1,NA,NA,NA,NA
cpsnj13_SemiBin_37.fa,65.8520792305016,NA,NA,NA,NA,NA,666_1,NA,NA,1,NA,NA,NA,NA
snj09_SemiBin_6.fa,60.9930023803356,NA,NA,NA,NA,NA,666_2,NA,NA,1,NA,NA,NA,NA
cpsnj11_SemiBin_217.fa,56.51282176671194,NA,NA,NA,NA,NA,666_3,NA,NA,1,NA,NA,NA,NA
snj10_SemiBin_169.fa,21.913296765217314,NA,NA,NA,NA,NA,666_4,NA,NA,1,NA,NA,NA,NA
cpsnj14_SemiBin_119.fa,27.43324507604364,NA,NA,NA,NA,NA,666_5,NA,NA,1,NA,NA,NA,NA
snj11_SemiBin_75.fa,41.20819283866179,NA,NA,NA,NA,NA,666_6,NA,NA,1,NA,NA,NA,NA
snj09_SemiBin_1.fa,82.19722668846312,NA,NA,NA,NA,NA,667_1,NA,NA,2,99.12,99.12,NA,NA
snj11_SemiBin_64.fa,54.52555271260264,NA,NA,NA,NA,NA,667_2,NA,NA,1,NA,NA,NA,NA
cpsnj04_SemiBin_58.fa,61.97172603174013,NA,NA,NA,NA,NA,667_3,NA,NA,1,NA,NA,NA,NA
snj10_SemiBin_69.fa,16.88996263471194,NA,NA,NA,NA,NA,667_4,NA,NA,1,NA,NA,NA,NA
sample28_SemiBin_164.fa,10.776349355766689,NA,NA,NA,NA,NA,667_5,NA,NA,1,NA,NA,NA,NA
cpsnj10_SemiBin_736.fa,14.979018051636702,NA,NA,NA,NA,NA,668_1,NA,NA,1,NA,NA,NA,NA
cpsnj13_SemiBin_429.fa,25.111427505704075,NA,NA,NA,NA,NA,668_2,NA,NA,1,NA,NA,NA,NA
cpsnj03_SemiBin_42.fa,49.99795785749375,NA,NA,NA,NA,NA,669_1,NA,NA,1,NA,NA,NA,NA
cpsnj19_SemiBin_41.fa,85.19034589347106,NA,NA,NA,NA,NA,669_2,NA,NA,1,NA,NA,NA,NA
sample20_SemiBin_187.fa,42.342132874691416,NA,NA,NA,NA,NA,670_0,NA,NA,1,NA,NA,NA,NA
sample17_SemiBin_35.fa,82.27305927233394,NA,NA,NA,NA,NA,671_1,NA,NA,2,99.57,99.57,NA,NA
sample29_SemiBin_21.fa,84.15018803776242,NA,NA,NA,NA,NA,672_1,NA,NA,1,NA,NA,NA,NA
sample6_SemiBin_67.fa,43.66910734209224,NA,NA,NA,NA,NA,672_2,NA,NA,1,NA,NA,NA,NA
sample27_SemiBin_21.fa,63.92828604359045,NA,NA,NA,NA,NA,672_3,NA,NA,1,NA,NA,NA,NA
sample15_SemiBin_44.fa,49.121157625702175,NA,NA,NA,NA,NA,672_4,NA,NA,1,NA,NA,NA,NA
sample9_SemiBin_1480.fa,20.26014045977425,NA,NA,NA,NA,NA,672_5,NA,NA,1,NA,NA,NA,NA
sample19_SemiBin_124.fa,54.97324467257848,NA,NA,NA,NA,NA,672_6,NA,NA,1,NA,NA,NA,NA
sample18_SemiBin_187.fa,22.45892265607744,NA,NA,NA,NA,NA,673_0,NA,NA,1,NA,NA,NA,NA
sample6_SemiBin_64.fa,52.572297361297,NA,NA,NA,NA,NA,674_1,NA,NA,1,NA,NA,NA,NA
sample7_SemiBin_128.fa,15.990027191766965,NA,NA,NA,NA,NA,674_2,NA,NA,1,NA,NA,NA,NA
snj03_SemiBin_118.fa,43.87071816558159,NA,NA,NA,NA,NA,675_1,NA,NA,1,NA,NA,NA,NA
snj13_SemiBin_11.fa,83.1811496401596,NA,NA,NA,NA,NA,675_2,NA,NA,1,NA,NA,NA,NA
sample18_SemiBin_8.fa,66.37553514208642,NA,NA,NA,NA,NA,675_3,NA,NA,1,NA,NA,NA,NA
cpsnj14_SemiBin_29.fa,40.65296864261101,NA,NA,NA,NA,NA,676_1,NA,NA,1,NA,NA,NA,NA
snj14_SemiBin_88.fa,59.81082700511109,NA,NA,NA,NA,NA,676_2,NA,NA,1,NA,NA,NA,NA
cpsnj14_SemiBin_6.fa,75.07904626055456,NA,NA,NA,NA,NA,677_1,NA,NA,2,99.22,99.22,NA,NA
snj10_SemiBin_214.fa,45.43245699671564,NA,NA,NA,NA,NA,677_2,NA,NA,1,NA,NA,NA,NA
snj03_SemiBin_87.fa,42.80842396177075,NA,NA,NA,NA,NA,677_3,NA,NA,1,NA,NA,NA,NA
snj11_SemiBin_108.fa,50.04843017547673,NA,NA,NA,NA,NA,677_4,NA,NA,1,NA,NA,NA,NA
cpsnj10_SemiBin_293.fa,26.91372175832894,NA,NA,NA,NA,NA,677_5,NA,NA,1,NA,NA,NA,NA
sample14_SemiBin_11.fa,45.184200521289874,NA,NA,NA,NA,NA,677_6,NA,NA,1,NA,NA,NA,NA
snj09_SemiBin_127.fa,31.09078926720149,NA,NA,NA,NA,NA,677_7,NA,NA,1,NA,NA,NA,NA
snj08_SemiBin_88.fa,46.0001670885832,NA,NA,NA,NA,NA,678_1,NA,NA,1,NA,NA,NA,NA
snj11_SemiBin_232.fa,45.80985376927526,NA,NA,NA,NA,NA,678_2,NA,NA,1,NA,NA,NA,NA
snj19_SemiBin_91.fa,25.86970992575571,NA,NA,NA,NA,NA,678_3,NA,NA,1,NA,NA,NA,NA
cpsnj15_SemiBin_206.fa,29.091660077669346,NA,NA,NA,NA,NA,678_4,NA,NA,1,NA,NA,NA,NA
snj20_SemiBin_266.fa,9.833115964182491,NA,NA,NA,NA,NA,678_5,NA,NA,1,NA,NA,NA,NA
sample3_SemiBin_18.fa,52.34924816765374,NA,NA,NA,NA,NA,679_1,NA,NA,1,NA,NA,NA,NA
sample4_SemiBin_49.fa,56.47904860311996,NA,NA,NA,NA,NA,679_2,NA,NA,1,NA,NA,NA,NA
sample2_SemiBin_12.fa,67.25717559864538,NA,NA,NA,NA,NA,679_3,NA,NA,1,NA,NA,NA,NA
sample7_SemiBin_30.fa,68.87872946096607,NA,NA,NA,NA,NA,679_4,NA,NA,1,NA,NA,NA,NA
sample5_SemiBin_36.fa,44.827716719292944,NA,NA,NA,NA,NA,679_5,NA,NA,1,NA,NA,NA,NA
cpsnj04_SemiBin_14.fa,67.72409286756854,NA,NA,NA,NA,NA,679_6,NA,NA,1,NA,NA,NA,NA
snj08_SemiBin_36.fa,58.8914751761994,NA,NA,NA,NA,NA,679_7,NA,NA,1,NA,NA,NA,NA
sample26_SemiBin_84.fa,53.58444355475489,NA,NA,NA,NA,NA,679_8,NA,NA,1,NA,NA,NA,NA
sample16_SemiBin_27.fa,69.25175762113247,NA,NA,NA,NA,NA,679_9,NA,NA,1,NA,NA,NA,NA
snj19_SemiBin_13.fa,80.30842110520784,NA,NA,NA,NA,NA,679_10,NA,NA,1,NA,NA,NA,NA
snj04_SemiBin_69.fa,45.2701618472328,NA,NA,NA,NA,NA,679_11,NA,NA,1,NA,NA,NA,NA
sample28_SemiBin_130.fa,30.878742650023064,NA,NA,NA,NA,NA,679_12,NA,NA,1,NA,NA,NA,NA
snj03_SemiBin_111.fa,54.91886113819534,NA,NA,NA,NA,NA,679_13,NA,NA,1,NA,NA,NA,NA
cpsnj03_SemiBin_93.fa,35.13781632041417,NA,NA,NA,NA,NA,679_14,NA,NA,1,NA,NA,NA,NA
sample23_SemiBin_27.fa,63.53619619498634,NA,NA,NA,NA,NA,679_15,NA,NA,1,NA,NA,NA,NA
snj13_SemiBin_142.fa,55.82109114861896,NA,NA,NA,NA,NA,679_16,NA,NA,1,NA,NA,NA,NA
sample6_SemiBin_74.fa,57.29898368238626,NA,NA,NA,NA,NA,679_17,NA,NA,1,NA,NA,NA,NA
sample18_SemiBin_51.fa,52.48853872385272,NA,NA,NA,NA,NA,679_18,NA,NA,1,NA,NA,NA,NA
sample15_SemiBin_104.fa,30.318637269431797,NA,NA,NA,NA,NA,679_19,NA,NA,1,NA,NA,NA,NA
snj13_SemiBin_412.fa,39.82826583092077,NA,NA,NA,NA,NA,679_20,NA,NA,1,NA,NA,NA,NA
sample1_SemiBin_307.fa,34.30864674947284,NA,NA,NA,NA,NA,680_0,NA,NA,1,NA,NA,NA,NA
sample15_SemiBin_110.fa,58.16953246970533,NA,NA,NA,NA,NA,681_0,NA,NA,1,NA,NA,NA,NA
sample16_SemiBin_55.fa,52.75776207443337,NA,NA,NA,NA,NA,682_1,NA,NA,1,NA,NA,NA,NA
sample25_SemiBin_15.fa,87.4957072308793,NA,NA,NA,NA,NA,682_2,NA,NA,1,NA,NA,NA,NA
sample15_SemiBin_29.fa,84.91593195564138,NA,NA,NA,NA,NA,682_3,NA,NA,1,NA,NA,NA,NA
sample1_SemiBin_54.fa,85.24132056060132,NA,NA,NA,NA,NA,682_4,NA,NA,1,NA,NA,NA,NA
sample20_SemiBin_34.fa,93.31145942155833,NA,NA,NA,NA,NA,682_5,NA,NA,1,NA,NA,NA,NA
sample13_SemiBin_84.fa,67.7872543958789,NA,NA,NA,NA,NA,682_6,NA,NA,1,NA,NA,NA,NA
cpsnj08_SemiBin_91.fa,36.872081437827525,NA,NA,NA,NA,NA,683_0,NA,NA,1,NA,NA,NA,NA
sample14_SemiBin_97.fa,21.802722559272084,NA,NA,NA,NA,NA,684_0,NA,NA,1,NA,NA,NA,NA
sample16_SemiBin_138.fa,57.22692090431055,NA,NA,NA,NA,NA,685_1,NA,NA,1,NA,NA,NA,NA
sample17_SemiBin_109.fa,48.678395885898745,NA,NA,NA,NA,NA,685_2,NA,NA,1,NA,NA,NA,NA
cpsnj10_SemiBin_129.fa,45.00018578497045,NA,NA,NA,NA,NA,686_1,NA,NA,1,NA,NA,NA,NA
snj09_SemiBin_4.fa,95.98272246525492,NA,NA,NA,NA,NA,686_2,NA,NA,1,NA,NA,NA,NA
sample13_SemiBin_6.fa,97.2094454096711,NA,NA,NA,NA,NA,687_1,NA,NA,2,99.18,99.18,NA,NA
sample17_SemiBin_95.fa,45.88215574861655,NA,NA,NA,NA,NA,687_2,NA,NA,1,NA,NA,NA,NA
sample19_SemiBin_76.fa,69.70775126531684,NA,NA,NA,NA,NA,687_3,NA,NA,1,NA,NA,NA,NA
sample16_SemiBin_255.fa,38.40510281293165,NA,NA,NA,NA,NA,687_4,NA,NA,1,NA,NA,NA,NA
sample8_SemiBin_1351.fa,18.49001206856911,NA,NA,NA,NA,NA,687_5,NA,NA,1,NA,NA,NA,NA
sample3_SemiBin_66.fa,41.469874109465934,NA,NA,NA,NA,NA,687_6,NA,NA,1,NA,NA,NA,NA
cpsnj10_SemiBin_109.fa,50.3955085593273,NA,NA,NA,NA,NA,688_0,NA,NA,1,NA,NA,NA,NA
cpsnj13_SemiBin_71.fa,63.15595506848624,NA,NA,NA,NA,NA,689_0,NA,NA,1,NA,NA,NA,NA
snj09_SemiBin_104.fa,62.97983799202824,NA,NA,NA,NA,NA,690_1,NA,NA,1,NA,NA,NA,NA
snj10_SemiBin_51.fa,41.05976434593685,NA,NA,NA,NA,NA,690_2,NA,NA,1,NA,NA,NA,NA
sample18_SemiBin_175.fa,40.78533485237063,NA,NA,NA,NA,NA,690_3,NA,NA,1,NA,NA,NA,NA
sample7_SemiBin_21.fa,95.64197167548168,NA,NA,NA,NA,NA,691_1,NA,NA,2,99.32,99.32,NA,NA
sample16_SemiBin_151.fa,55.143610809903656,NA,NA,NA,NA,NA,691_2,NA,NA,1,NA,NA,NA,NA
sample23_SemiBin_42.fa,61.59767231834007,NA,NA,NA,NA,NA,691_3,NA,NA,1,NA,NA,NA,NA
sample6_SemiBin_43.fa,69.27570015485233,NA,NA,NA,NA,NA,691_4,NA,NA,1,NA,NA,NA,NA
sample5_SemiBin_53.fa,75.95444969423427,NA,NA,NA,NA,NA,691_5,NA,NA,1,NA,NA,NA,NA
sample15_SemiBin_82.fa,62.47130978269816,NA,NA,NA,NA,NA,692_0,NA,NA,1,NA,NA,NA,NA
cpsnj09_SemiBin_663.fa,29.890556344741345,NA,NA,NA,NA,NA,693_0,NA,NA,1,NA,NA,NA,NA
cpsnj19_SemiBin_13.fa,88.22923086252275,NA,NA,NA,NA,NA,694_1,NA,NA,2,99.41,99.41,NA,NA
cpsnj03_SemiBin_40.fa,77.21738324318478,NA,NA,NA,NA,NA,694_2,NA,NA,1,NA,NA,NA,NA
snj08_SemiBin_109.fa,39.90698069589671,NA,NA,NA,NA,NA,694_3,NA,NA,1,NA,NA,NA,NA
cpsnj08_SemiBin_89.fa,26.93548135880919,NA,NA,NA,NA,NA,694_4,NA,NA,1,NA,NA,NA,NA
sample14_SemiBin_29.fa,68.67680920237636,NA,NA,NA,NA,NA,695_1,NA,NA,1,NA,NA,NA,NA
sample16_SemiBin_35.fa,80.61974327782086,NA,NA,NA,NA,NA,695_2,NA,NA,1,NA,NA,NA,NA
sample18_SemiBin_216.fa,56.10101323426908,NA,NA,NA,NA,NA,695_3,NA,NA,1,NA,NA,NA,NA
sample26_SemiBin_21.fa,85.461001673752,NA,NA,NA,NA,NA,695_4,NA,NA,1,NA,NA,NA,NA
sample15_SemiBin_13.fa,91.94766114339652,NA,NA,NA,NA,NA,695_5,NA,NA,1,NA,NA,NA,NA
sample1_SemiBin_16.fa,89.99160649607289,NA,NA,NA,NA,NA,695_6,NA,NA,1,NA,NA,NA,NA
sample6_SemiBin_15.fa,76.90054910148199,NA,NA,NA,NA,NA,695_7,NA,NA,1,NA,NA,NA,NA
sample25_SemiBin_27.fa,58.98100566845968,NA,NA,NA,NA,NA,695_8,NA,NA,1,NA,NA,NA,NA
sample20_SemiBin_48.fa,81.33204350368914,NA,NA,NA,NA,NA,695_9,NA,NA,1,NA,NA,NA,NA
sample24_SemiBin_13.fa,85.0649155948779,NA,NA,NA,NA,NA,695_10,NA,NA,1,NA,NA,NA,NA
sample23_SemiBin_91.fa,53.68530098751984,NA,NA,NA,NA,NA,695_11,NA,NA,1,NA,NA,NA,NA
sample27_SemiBin_43.fa,63.81504919836353,NA,NA,NA,NA,NA,695_12,NA,NA,1,NA,NA,NA,NA
sample2_SemiBin_32.fa,66.18866216800879,NA,NA,NA,NA,NA,695_13,NA,NA,1,NA,NA,NA,NA
sample5_SemiBin_41.fa,58.69742796116532,NA,NA,NA,NA,NA,695_14,NA,NA,1,NA,NA,NA,NA
sample9_SemiBin_58.fa,66.30376160449293,NA,NA,NA,NA,NA,695_15,NA,NA,1,NA,NA,NA,NA
cpsnj01_SemiBin_23.fa,48.6445490995283,NA,NA,NA,NA,NA,695_16,NA,NA,1,NA,NA,NA,NA
snj02_SemiBin_96.fa,21.60007796923213,NA,NA,NA,NA,NA,695_17,NA,NA,1,NA,NA,NA,NA
snj09_SemiBin_1929.fa,23.943029121021283,NA,NA,NA,NA,NA,696_0,NA,NA,1,NA,NA,NA,NA
sample15_SemiBin_91.fa,55.12831195366601,NA,NA,NA,NA,NA,697_1,NA,NA,1,NA,NA,NA,NA
sample20_SemiBin_179.fa,63.75249568370496,NA,NA,NA,NA,NA,697_2,NA,NA,1,NA,NA,NA,NA
sample24_SemiBin_51.fa,33.2770874358813,NA,NA,NA,NA,NA,697_3,NA,NA,1,NA,NA,NA,NA
sample22_SemiBin_150.fa,26.308202786737738,NA,NA,NA,NA,NA,697_4,NA,NA,1,NA,NA,NA,NA
cpsnj10_SemiBin_59.fa,82.01226910338232,NA,NA,NA,NA,NA,698_1,NA,NA,1,NA,NA,NA,NA
snj09_SemiBin_82.fa,77.14963836245191,NA,NA,NA,NA,NA,698_2,NA,NA,1,NA,NA,NA,NA
cpsnj14_SemiBin_81.fa,75.19110131064544,NA,NA,NA,NA,NA,698_3,NA,NA,1,NA,NA,NA,NA
snj14_SemiBin_35.fa,56.08409722364458,NA,NA,NA,NA,NA,698_4,NA,NA,1,NA,NA,NA,NA
cpsnj09_SemiBin_84.fa,76.48416518590798,NA,NA,NA,NA,NA,698_5,NA,NA,1,NA,NA,NA,NA
snj10_SemiBin_27.fa,62.28631074602036,NA,NA,NA,NA,NA,698_6,NA,NA,1,NA,NA,NA,NA
cpsnj13_SemiBin_45.fa,64.98374089809505,NA,NA,NA,NA,NA,698_7,NA,NA,1,NA,NA,NA,NA
sample18_SemiBin_224.fa,51.70086361351699,NA,NA,NA,NA,NA,698_8,NA,NA,1,NA,NA,NA,NA
sample28_SemiBin_14.fa,67.03904707983841,NA,NA,NA,NA,NA,698_9,NA,NA,1,NA,NA,NA,NA
snj01_SemiBin_45.fa,22.89448485408913,NA,NA,NA,NA,NA,699_0,NA,NA,1,NA,NA,NA,NA
snj11_SemiBin_89.fa,47.74711286987982,NA,NA,NA,NA,NA,700_0,NA,NA,1,NA,NA,NA,NA
sample18_SemiBin_55.fa,86.46915890651331,NA,NA,NA,NA,NA,701_1,NA,NA,1,NA,NA,NA,NA
sample21_SemiBin_45.fa,69.91843986266159,NA,NA,NA,NA,NA,701_2,NA,NA,1,NA,NA,NA,NA
sample25_SemiBin_98.fa,62.97161423540841,NA,NA,NA,NA,NA,701_3,NA,NA,1,NA,NA,NA,NA
sample29_SemiBin_211.fa,47.09459039445378,NA,NA,NA,NA,NA,702_0,NA,NA,1,NA,NA,NA,NA
sample20_SemiBin_151.fa,42.71879455526585,NA,NA,NA,NA,NA,703_0,NA,NA,1,NA,NA,NA,NA
sample16_SemiBin_47.fa,63.901596472696575,NA,NA,NA,NA,NA,704_1,NA,NA,1,NA,NA,NA,NA
sample25_SemiBin_28.fa,81.31857257196712,NA,NA,NA,NA,NA,704_2,NA,NA,1,NA,NA,NA,NA
sample10_SemiBin_94.fa,49.93222159451946,NA,NA,NA,NA,NA,704_3,NA,NA,1,NA,NA,NA,NA
sample18_SemiBin_452.fa,72.16678409215609,NA,NA,NA,NA,NA,704_4,NA,NA,1,NA,NA,NA,NA
sample20_SemiBin_75.fa,80.31408011211956,NA,NA,NA,NA,NA,705_0,NA,NA,1,NA,NA,NA,NA
sample18_SemiBin_186.fa,66.59203416246567,NA,NA,NA,NA,NA,706_0,NA,NA,1,NA,NA,NA,NA
sample10_SemiBin_37.fa,87.24421292428835,NA,NA,NA,NA,NA,707_1,NA,NA,1,NA,NA,NA,NA
sample13_SemiBin_73.fa,64.66274827981567,NA,NA,NA,NA,NA,707_2,NA,NA,1,NA,NA,NA,NA
sample4_SemiBin_6.fa,95.8291842051199,NA,NA,NA,NA,NA,707_3,NA,NA,2,99.03,99.03,NA,NA
sample8_SemiBin_122.fa,60.01201975588612,NA,NA,NA,NA,NA,707_4,NA,NA,1,NA,NA,NA,NA
sample17_SemiBin_121.fa,57.84391577566389,NA,NA,NA,NA,NA,707_5,NA,NA,1,NA,NA,NA,NA
sample18_SemiBin_339.fa,34.38314172832374,NA,NA,NA,NA,NA,708_1,NA,NA,1,NA,NA,NA,NA
sample4_SemiBin_227.fa,44.634798758932696,NA,NA,NA,NA,NA,708_2,NA,NA,1,NA,NA,NA,NA
sample2_SemiBin_48.fa,48.926032511455226,NA,NA,NA,NA,NA,709_1,NA,NA,1,NA,NA,NA,NA
sample7_SemiBin_43.fa,80.53933973253649,NA,NA,NA,NA,NA,709_2,NA,NA,1,NA,NA,NA,NA
sample5_SemiBin_5.fa,96.37743897026002,NA,NA,NA,NA,NA,709_3,NA,NA,2,99.22,99.22,NA,NA
sample20_SemiBin_44.fa,92.46131633560871,NA,NA,NA,NA,NA,709_4,NA,NA,1,NA,NA,NA,NA
sample17_SemiBin_161.fa,70.97479160196785,NA,NA,NA,NA,NA,709_5,NA,NA,1,NA,NA,NA,NA
sample18_SemiBin_12.fa,80.60680517390615,NA,NA,NA,NA,NA,709_6,NA,NA,1,NA,NA,NA,NA
sample3_SemiBin_10.fa,53.11683884852977,NA,NA,NA,NA,NA,709_7,NA,NA,1,NA,NA,NA,NA
sample8_SemiBin_45.fa,42.99493489241018,NA,NA,NA,NA,NA,709_8,NA,NA,1,NA,NA,NA,NA
sample4_SemiBin_40.fa,77.08946817147877,NA,NA,NA,NA,NA,709_9,NA,NA,1,NA,NA,NA,NA
sample25_SemiBin_201.fa,62.30147867051082,NA,NA,NA,NA,NA,709_10,NA,NA,1,NA,NA,NA,NA
sample13_SemiBin_225.fa,50.25210800085806,NA,NA,NA,NA,NA,709_11,NA,NA,1,NA,NA,NA,NA
sample16_SemiBin_140.fa,71.70960398399829,NA,NA,NA,NA,NA,709_12,NA,NA,1,NA,NA,NA,NA
sample18_SemiBin_72.fa,85.98938590868593,NA,NA,NA,NA,NA,710_0,NA,NA,1,NA,NA,NA,NA
sample19_SemiBin_1.fa,101.68125022328114,NA,NA,NA,NA,NA,711_1,NA,NA,4,99.86,99.45,NA,NA
sample16_SemiBin_157.fa,67.90259907503459,NA,NA,NA,NA,NA,711_2,NA,NA,1,NA,NA,NA,NA
cpsnj19_SemiBin_68.fa,55.01680831027119,NA,NA,NA,NA,NA,712_0,NA,NA,1,NA,NA,NA,NA
sample15_SemiBin_161.fa,83.40513406200749,NA,NA,NA,NA,NA,713_1,NA,NA,1,NA,NA,NA,NA
sample25_SemiBin_0.fa,100.44472070312928,NA,NA,NA,NA,NA,713_2,NA,NA,1,NA,NA,NA,NA
sample20_SemiBin_47.fa,85.59572010419518,NA,NA,NA,NA,NA,713_3,NA,NA,1,NA,NA,NA,NA
sample21_SemiBin_1.fa,102.84180459959832,NA,NA,NA,NA,NA,713_4,NA,NA,6,99.47,99.18,NA,NA
sample22_SemiBin_5.fa,98.03490172123472,NA,NA,NA,NA,NA,713_5,NA,NA,1,NA,NA,NA,NA
sample3_SemiBin_62.fa,94.83027201292391,NA,NA,NA,NA,NA,713_6,NA,NA,1,NA,NA,NA,NA
sample4_SemiBin_16.fa,75.16364027357277,NA,NA,NA,NA,NA,713_7,NA,NA,1,NA,NA,NA,NA
sample11_SemiBin_4.fa,97.418892937745,NA,NA,NA,NA,NA,713_8,NA,NA,1,NA,NA,NA,NA
sample24_SemiBin_0.fa,69.27107651260067,NA,NA,NA,NA,NA,713_9,NA,NA,1,NA,NA,NA,NA
sample12_SemiBin_2.fa,84.10901953360317,NA,NA,NA,NA,NA,713_10,NA,NA,1,NA,NA,NA,NA
sample29_SemiBin_2.fa,101.9054956597166,NA,NA,NA,NA,NA,713_11,NA,NA,1,NA,NA,NA,NA
sample5_SemiBin_85.fa,72.03978117728067,NA,NA,NA,NA,NA,713_12,NA,NA,1,NA,NA,NA,NA
sample26_SemiBin_14.fa,91.22078711102098,NA,NA,NA,NA,NA,713_13,NA,NA,1,NA,NA,NA,NA
sample30_SemiBin_2.fa,96.260554649754,NA,NA,NA,NA,NA,713_14,NA,NA,1,NA,NA,NA,NA
sample13_SemiBin_24.fa,92.45571315399896,NA,NA,NA,NA,NA,713_15,NA,NA,1,NA,NA,NA,NA
sample19_SemiBin_51.fa,86.29726281762468,NA,NA,NA,NA,NA,713_16,NA,NA,1,NA,NA,NA,NA
sample23_SemiBin_18.fa,82.88372996663928,NA,NA,NA,NA,NA,713_17,NA,NA,1,NA,NA,NA,NA
sample27_SemiBin_40.fa,69.79229394510728,NA,NA,NA,NA,NA,713_18,NA,NA,1,NA,NA,NA,NA
snj04_SemiBin_101.fa,48.91430441185899,NA,NA,NA,NA,NA,713_19,NA,NA,1,NA,NA,NA,NA
snj08_SemiBin_87.fa,37.45247766677018,NA,NA,NA,NA,NA,713_20,NA,NA,1,NA,NA,NA,NA
sample3_SemiBin_17.fa,76.72750241688584,NA,NA,NA,NA,NA,714_1,NA,NA,1,NA,NA,NA,NA
sample8_SemiBin_92.fa,95.19214556560168,NA,NA,NA,NA,NA,714_2,NA,NA,1,NA,NA,NA,NA
sample4_SemiBin_8.fa,91.17587465082256,NA,NA,NA,NA,NA,714_3,NA,NA,1,NA,NA,NA,NA
sample2_SemiBin_71.fa,75.90288717407198,NA,NA,NA,NA,NA,714_4,NA,NA,1,NA,NA,NA,NA
sample7_SemiBin_126.fa,77.89514645740913,NA,NA,NA,NA,NA,714_5,NA,NA,1,NA,NA,NA,NA
sample6_SemiBin_104.fa,81.04869686622915,NA,NA,NA,NA,NA,714_6,NA,NA,1,NA,NA,NA,NA
sample5_SemiBin_84.fa,74.40079727958695,NA,NA,NA,NA,NA,714_7,NA,NA,1,NA,NA,NA,NA
sample1_SemiBin_111.fa,78.92448189238186,NA,NA,NA,NA,NA,714_8,NA,NA,1,NA,NA,NA,NA
sample15_SemiBin_173.fa,76.66850565819514,NA,NA,NA,NA,NA,714_9,NA,NA,1,NA,NA,NA,NA
sample23_SemiBin_31.fa,63.76234287372572,NA,NA,NA,NA,NA,714_10,NA,NA,1,NA,NA,NA,NA
sample16_SemiBin_34.fa,88.69051072292848,NA,NA,NA,NA,NA,714_11,NA,NA,1,NA,NA,NA,NA
cpsnj19_SemiBin_27.fa,87.5981482385203,NA,NA,NA,NA,NA,714_12,NA,NA,1,NA,NA,NA,NA
snj19_SemiBin_6.fa,92.5149589843649,NA,NA,NA,NA,NA,714_13,NA,NA,1,NA,NA,NA,NA
snj04_SemiBin_2.fa,101.62509157702024,NA,NA,NA,NA,NA,714_14,NA,NA,1,NA,NA,NA,NA
snj08_SemiBin_86.fa,82.50075885634536,NA,NA,NA,NA,NA,714_15,NA,NA,1,NA,NA,NA,NA
cpsnj04_SemiBin_5.fa,98.72605307523447,NA,NA,NA,NA,NA,714_16,NA,NA,1,NA,NA,NA,NA
cpsnj08_SemiBin_13.fa,91.2178421138538,NA,NA,NA,NA,NA,714_17,NA,NA,1,NA,NA,NA,NA
snj03_SemiBin_14.fa,85.17269531605683,NA,NA,NA,NA,NA,714_18,NA,NA,1,NA,NA,NA,NA
cpsnj20_SemiBin_17.fa,96.27365253397902,NA,NA,NA,NA,NA,714_19,NA,NA,1,NA,NA,NA,NA
snj20_SemiBin_1.fa,101.1452812554238,NA,NA,NA,NA,NA,714_20,NA,NA,1,NA,NA,NA,NA
cpsnj03_SemiBin_9.fa,96.98437147442216,NA,NA,NA,NA,NA,714_21,NA,NA,1,NA,NA,NA,NA
snj15_SemiBin_15.fa,65.75504272121363,NA,NA,NA,NA,NA,714_22,NA,NA,1,NA,NA,NA,NA
cpsnj15_SemiBin_26.fa,62.33294657331966,NA,NA,NA,NA,NA,714_23,NA,NA,1,NA,NA,NA,NA
sample20_SemiBin_210.fa,48.24393705364462,NA,NA,NA,NA,NA,714_24,NA,NA,1,NA,NA,NA,NA
sample29_SemiBin_105.fa,53.81065118519005,NA,NA,NA,NA,NA,715_0,NA,NA,1,NA,NA,NA,NA
sample29_SemiBin_134.fa,48.16954285685717,NA,NA,NA,NA,NA,716_0,NA,NA,1,NA,NA,NA,NA
sample16_SemiBin_9.fa,94.58788167644812,NA,NA,NA,NA,NA,717_1,NA,NA,1,NA,NA,NA,NA
sample18_SemiBin_17.fa,94.91363174064912,NA,NA,NA,NA,NA,717_2,NA,NA,1,NA,NA,NA,NA
sample25_SemiBin_92.fa,65.29533794818948,NA,NA,NA,NA,NA,717_3,NA,NA,1,NA,NA,NA,NA
sample10_SemiBin_62.fa,77.2073133151406,NA,NA,NA,NA,NA,717_4,NA,NA,1,NA,NA,NA,NA
sample21_SemiBin_14.fa,91.0811868304125,NA,NA,NA,NA,NA,717_5,NA,NA,1,NA,NA,NA,NA
sample22_SemiBin_27.fa,77.6263040778689,NA,NA,NA,NA,NA,717_6,NA,NA,1,NA,NA,NA,NA
sample17_SemiBin_157.fa,71.28529867808014,NA,NA,NA,NA,NA,717_7,NA,NA,1,NA,NA,NA,NA
sample17_SemiBin_158.fa,50.50645345839127,NA,NA,NA,NA,NA,718_0,NA,NA,1,NA,NA,NA,NA
sample27_SemiBin_38.fa,56.29185908557904,NA,NA,NA,NA,NA,719_0,NA,NA,1,NA,NA,NA,NA
cpsnj11_SemiBin_88.fa,66.36950915439334,NA,NA,NA,NA,NA,720_1,NA,NA,1,NA,NA,NA,NA
snj11_SemiBin_113.fa,36.94248678730996,NA,NA,NA,NA,NA,720_2,NA,NA,1,NA,NA,NA,NA
sample5_SemiBin_50.fa,57.31280976142167,NA,NA,NA,NA,NA,721_0,NA,NA,1,NA,NA,NA,NA
cpsnj03_SemiBin_35.fa,82.66526044103259,NA,NA,NA,NA,NA,722_0,NA,NA,1,NA,NA,NA,NA
cpsnj19_SemiBin_105.fa,58.299392840408245,NA,NA,NA,NA,NA,723_0,NA,NA,1,NA,NA,NA,NA
sample23_SemiBin_25.fa,75.94045635530348,NA,NA,NA,NA,NA,724_0,NA,NA,1,NA,NA,NA,NA
sample29_SemiBin_16.fa,87.13439437605207,NA,NA,NA,NA,NA,725_0,NA,NA,1,NA,NA,NA,NA
sample27_SemiBin_3.fa,85.93880355195508,NA,NA,NA,NA,NA,726_0,NA,NA,1,NA,NA,NA,NA
sample19_SemiBin_12.fa,93.39692867966694,NA,NA,NA,NA,NA,727_1,NA,NA,1,NA,NA,NA,NA
sample22_SemiBin_99.fa,59.00215151874342,NA,NA,NA,NA,NA,727_2,NA,NA,1,NA,NA,NA,NA
sample11_SemiBin_22.fa,65.5779989185939,NA,NA,NA,NA,NA,727_3,NA,NA,1,NA,NA,NA,NA
sample19_SemiBin_163.fa,61.482441526988936,NA,NA,NA,NA,NA,728_0,NA,NA,1,NA,NA,NA,NA
sample21_SemiBin_76.fa,57.2676749790537,NA,NA,NA,NA,NA,729_0,NA,NA,1,NA,NA,NA,NA
cpsnj08_SemiBin_211.fa,20.912897657033145,NA,NA,NA,NA,NA,730_0,NA,NA,1,NA,NA,NA,NA
cpsnj10_SemiBin_140.fa,38.4216205649921,NA,NA,NA,NA,NA,731_0,NA,NA,1,NA,NA,NA,NA
sample9_SemiBin_53.fa,68.18200543518866,NA,NA,NA,NA,NA,732_0,NA,NA,1,NA,NA,NA,NA
cpsnj10_SemiBin_71.fa,64.37526123210003,NA,NA,NA,NA,NA,733_1,NA,NA,1,NA,NA,NA,NA
cpsnj13_SemiBin_34.fa,72.47392526679653,NA,NA,NA,NA,NA,733_2,NA,NA,1,NA,NA,NA,NA
sample6_SemiBin_62.fa,71.64571112620021,NA,NA,NA,NA,NA,733_3,NA,NA,1,NA,NA,NA,NA
cpsnj09_SemiBin_38.fa,91.36418878879674,NA,NA,NA,NA,NA,734_1,NA,NA,1,NA,NA,NA,NA
cpsnj13_SemiBin_9.fa,98.07605438910632,NA,NA,NA,NA,NA,734_2,NA,NA,1,NA,NA,NA,NA
snj09_SemiBin_46.fa,86.49630404117251,NA,NA,NA,NA,NA,734_3,NA,NA,1,NA,NA,NA,NA
cpsnj10_SemiBin_53.fa,65.96797667582445,NA,NA,NA,NA,NA,734_4,NA,NA,1,NA,NA,NA,NA
snj09_SemiBin_115.fa,48.83500784465102,NA,NA,NA,NA,NA,735_0,NA,NA,1,NA,NA,NA,NA
sample16_SemiBin_65.fa,75.42598706509641,NA,NA,NA,NA,NA,736_1,NA,NA,1,NA,NA,NA,NA
sample17_SemiBin_81.fa,58.63287020596032,NA,NA,NA,NA,NA,736_2,NA,NA,1,NA,NA,NA,NA
sample9_SemiBin_80.fa,49.95311802326216,NA,NA,NA,NA,NA,736_3,NA,NA,1,NA,NA,NA,NA
cpsnj04_SemiBin_67.fa,60.72227063373175,NA,NA,NA,NA,NA,737_0,NA,NA,1,NA,NA,NA,NA
sample6_SemiBin_78.fa,62.07512642908775,NA,NA,NA,NA,NA,738_0,NA,NA,1,NA,NA,NA,NA
sample15_SemiBin_37.fa,76.77964049581752,NA,NA,NA,NA,NA,739_0,NA,NA,1,NA,NA,NA,NA
sample29_SemiBin_78.fa,52.63873984562107,NA,NA,NA,NA,NA,740_0,NA,NA,1,NA,NA,NA,NA
cpsnj16_SemiBin_121.fa,75.58754439363086,NA,NA,NA,NA,NA,741_0,NA,NA,1,NA,NA,NA,NA
cpsnj20_SemiBin_29.fa,67.8806580025877,NA,NA,NA,NA,NA,742_0,NA,NA,1,NA,NA,NA,NA
sample19_SemiBin_82.fa,54.43722587026184,NA,NA,NA,NA,NA,743_0,NA,NA,1,NA,NA,NA,NA
sample29_SemiBin_218.fa,55.41194108062432,NA,NA,NA,NA,NA,744_0,NA,NA,1,NA,NA,NA,NA
cpsnj14_SemiBin_0.fa,99.4767640622864,NA,NA,NA,NA,NA,745_1,NA,NA,2,99.38,99.38,NA,NA
snj15_SemiBin_1165.fa,34.035088474485406,NA,NA,NA,NA,NA,745_2,NA,NA,1,NA,NA,NA,NA
sample7_SemiBin_0.fa,101.47548929456012,NA,NA,NA,NA,NA,746_1,NA,NA,4,99.65,99.12,NA,NA
sample19_SemiBin_57.fa,76.17642528236141,NA,NA,NA,NA,NA,746_2,NA,NA,1,NA,NA,NA,NA
cpsnj13_SemiBin_113.fa,25.142836826550237,NA,NA,NA,NA,NA,747_0,NA,NA,1,NA,NA,NA,NA
cpsnj09_SemiBin_25.fa,52.43014394976778,NA,NA,NA,NA,NA,748_0,NA,NA,1,NA,NA,NA,NA
cpsnj19_SemiBin_74.fa,53.624996385361904,NA,NA,NA,NA,NA,749_0,NA,NA,1,NA,NA,NA,NA
sample17_SemiBin_2.fa,82.53253467885877,NA,NA,NA,NA,NA,750_0,NA,NA,1,NA,NA,NA,NA
sample16_SemiBin_134.fa,60.07174235151084,NA,NA,NA,NA,NA,751_0,NA,NA,1,NA,NA,NA,NA
sample19_SemiBin_45.fa,82.41846383597775,NA,NA,NA,NA,NA,752_0,NA,NA,1,NA,NA,NA,NA
sample17_SemiBin_86.fa,52.427496421655256,NA,NA,NA,NA,NA,753_0,NA,NA,1,NA,NA,NA,NA
cpsnj02_SemiBin_3.fa,100.61447649141532,NA,NA,NA,NA,NA,754_1,NA,NA,1,NA,NA,NA,NA
snj02_SemiBin_1.fa,79.76316181392578,NA,NA,NA,NA,NA,754_2,NA,NA,1,NA,NA,NA,NA
snj01_SemiBin_73.fa,24.206226867824924,NA,NA,NA,NA,NA,754_3,NA,NA,1,NA,NA,NA,NA
sample19_SemiBin_52.fa,95.32639985271646,NA,NA,NA,NA,NA,755_0,NA,NA,1,NA,NA,NA,NA
sample19_SemiBin_50.fa,70.91449914202087,NA,NA,NA,NA,NA,756_0,NA,NA,1,NA,NA,NA,NA
cpsnj14_SemiBin_1.fa,98.68503625189294,NA,NA,NA,NA,NA,757_0,NA,NA,1,NA,NA,NA,NA
cpsnj09_SemiBin_97.fa,85.65731380592301,NA,NA,NA,NA,NA,758_1,NA,NA,6,99.27,98.69,NA,NA
cpsnj16_SemiBin_209.fa,57.5336645788171,NA,NA,NA,NA,NA,758_2,NA,NA,1,NA,NA,NA,NA
cpsnj03_SemiBin_66.fa,58.1672289196309,NA,NA,NA,NA,NA,758_3,NA,NA,1,NA,NA,NA,NA
cpsnj20_SemiBin_125.fa,34.80761124069341,NA,NA,NA,NA,NA,758_4,NA,NA,1,NA,NA,NA,NA
snj08_SemiBin_536.fa,17.280536735881892,NA,NA,NA,NA,NA,758_5,NA,NA,1,NA,NA,NA,NA
cpsnj16_SemiBin_1499.fa,42.59661705207247,NA,NA,NA,NA,NA,759_0,NA,NA,1,NA,NA,NA,NA
sample18_SemiBin_100.fa,73.25141561288073,NA,NA,NA,NA,NA,760_1,NA,NA,1,NA,NA,NA,NA
sample26_SemiBin_67.fa,52.67016156506023,NA,NA,NA,NA,NA,760_2,NA,NA,1,NA,NA,NA,NA
cpsnj09_SemiBin_26.fa,87.05348568216142,NA,NA,NA,NA,NA,761_1,NA,NA,1,NA,NA,NA,NA
cpsnj10_SemiBin_7.fa,86.06611503452362,NA,NA,NA,NA,NA,761_2,NA,NA,1,NA,NA,NA,NA
cpsnj14_SemiBin_188.fa,48.58493952145959,NA,NA,NA,NA,NA,761_3,NA,NA,1,NA,NA,NA,NA
sample23_SemiBin_0.fa,101.39152551014182,NA,NA,NA,NA,NA,762_1,NA,NA,3,99.49,98.99,NA,NA
sample18_SemiBin_46.fa,89.10482788095017,NA,NA,NA,NA,NA,762_2,NA,NA,1,NA,NA,NA,NA
sample13_SemiBin_72.fa,58.32610335873003,NA,NA,NA,NA,NA,762_3,NA,NA,1,NA,NA,NA,NA
cpsnj03_SemiBin_28.fa,72.84384770792788,NA,NA,NA,NA,NA,762_4,NA,NA,1,NA,NA,NA,NA
cpsnj04_SemiBin_40.fa,76.74564881464322,NA,NA,NA,NA,NA,762_5,NA,NA,1,NA,NA,NA,NA
cpsnj20_SemiBin_116.fa,68.25896286125617,NA,NA,NA,NA,NA,762_6,NA,NA,1,NA,NA,NA,NA
snj20_SemiBin_55.fa,77.94443187979348,NA,NA,NA,NA,NA,762_7,NA,NA,1,NA,NA,NA,NA
cpsnj19_SemiBin_1.fa,88.22098547591615,NA,NA,NA,NA,NA,762_8,NA,NA,1,NA,NA,NA,NA
sample5_SemiBin_96.fa,37.04182441778885,NA,NA,NA,NA,NA,762_9,NA,NA,1,NA,NA,NA,NA
sample30_SemiBin_119.fa,18.421778182910767,NA,NA,NA,NA,NA,762_10,NA,NA,1,NA,NA,NA,NA
cpsnj01_SemiBin_409.fa,10.240575984140976,NA,NA,NA,NA,NA,762_11,NA,NA,1,NA,NA,NA,NA
sample16_SemiBin_11.fa,72.1375077156731,NA,NA,NA,NA,NA,762_12,NA,NA,1,NA,NA,NA,NA
snj13_SemiBin_13.fa,77.62737970934617,NA,NA,NA,NA,NA,762_13,NA,NA,1,NA,NA,NA,NA
sample8_SemiBin_138.fa,51.397850415417714,NA,NA,NA,NA,NA,762_14,NA,NA,1,NA,NA,NA,NA
snj09_SemiBin_12.fa,82.08353092981012,NA,NA,NA,NA,NA,763_1,NA,NA,6,99.36,98.98,NA,NA
snj10_SemiBin_11.fa,70.69731546452073,NA,NA,NA,NA,NA,763_2,NA,NA,1,NA,NA,NA,NA
snj04_SemiBin_580.fa,33.58409442008157,NA,NA,NA,NA,NA,763_3,NA,NA,1,NA,NA,NA,NA
snj19_SemiBin_227.fa,50.367799641477895,NA,NA,NA,NA,NA,763_4,NA,NA,1,NA,NA,NA,NA
sample28_SemiBin_10.fa,71.13079652941555,NA,NA,NA,NA,NA,763_5,NA,NA,1,NA,NA,NA,NA
snj11_SemiBin_151.fa,50.13492894756265,NA,NA,NA,NA,NA,763_6,NA,NA,1,NA,NA,NA,NA
cpsnj09_SemiBin_681.fa,24.49052313123389,NA,NA,NA,NA,NA,763_7,NA,NA,1,NA,NA,NA,NA
sample13_SemiBin_1.fa,101.8106537758578,NA,NA,NA,NA,NA,764_1,NA,NA,18,99.35,98.89,NA,NA
cpsnj04_SemiBin_21.fa,85.23390672315361,NA,NA,NA,NA,NA,764_2,NA,NA,2,99.20,99.20,NA,NA
snj04_SemiBin_48.fa,68.50784638853122,NA,NA,NA,NA,NA,764_3,NA,NA,1,NA,NA,NA,NA
sample5_SemiBin_28.fa,61.26866437184229,NA,NA,NA,NA,NA,764_4,NA,NA,1,NA,NA,NA,NA
sample8_SemiBin_124.fa,40.14701876629355,NA,NA,NA,NA,NA,764_5,NA,NA,1,NA,NA,NA,NA
sample15_SemiBin_131.fa,43.9713759515312,NA,NA,NA,NA,NA,764_6,NA,NA,1,NA,NA,NA,NA
sample15_SemiBin_277.fa,18.435709090629068,NA,NA,NA,NA,NA,765_1,NA,NA,1,NA,NA,NA,NA
sample20_SemiBin_218.fa,65.98895008716605,NA,NA,NA,NA,NA,765_2,NA,NA,1,NA,NA,NA,NA
sample18_SemiBin_273.fa,62.58426159111771,NA,NA,NA,NA,NA,765_3,NA,NA,1,NA,NA,NA,NA
sample23_SemiBin_358.fa,38.079157685422885,NA,NA,NA,NA,NA,765_4,NA,NA,1,NA,NA,NA,NA
cpsnj13_SemiBin_29.fa,76.62986289267891,NA,NA,NA,NA,NA,766_1,NA,NA,2,99.39,99.39,NA,NA
cpsnj20_SemiBin_169.fa,60.59332882728945,NA,NA,NA,NA,NA,767_1,NA,NA,3,99.51,99.09,NA,NA
snj11_SemiBin_296.fa,55.04820731140018,NA,NA,NA,NA,NA,767_2,NA,NA,1,NA,NA,NA,NA
cpsnj09_SemiBin_197.fa,76.56162773333786,NA,NA,NA,NA,NA,767_3,NA,NA,1,NA,NA,NA,NA
snj10_SemiBin_62.fa,46.90553393113586,NA,NA,NA,NA,NA,767_4,NA,NA,1,NA,NA,NA,NA
snj08_SemiBin_76.fa,50.8214780256557,NA,NA,NA,NA,NA,767_5,NA,NA,1,NA,NA,NA,NA
cpsnj03_SemiBin_201.fa,66.90736519840527,NA,NA,NA,NA,NA,767_6,NA,NA,1,NA,NA,NA,NA
cpsnj13_SemiBin_185.fa,32.359448638400124,NA,NA,NA,NA,NA,767_7,NA,NA,1,NA,NA,NA,NA
cpsnj15_SemiBin_607.fa,29.449931531091973,NA,NA,NA,NA,NA,767_8,NA,NA,1,NA,NA,NA,NA
sample17_SemiBin_7.fa,91.66792895876723,NA,NA,NA,NA,NA,768_1,NA,NA,3,99.45,99.41,NA,NA
sample8_SemiBin_65.fa,66.35099661694017,NA,NA,NA,NA,NA,768_2,NA,NA,1,NA,NA,NA,NA
sample13_SemiBin_86.fa,54.64390748582215,NA,NA,NA,NA,NA,769_1,NA,NA,1,NA,NA,NA,NA
sample17_SemiBin_149.fa,56.56530083405299,NA,NA,NA,NA,NA,769_2,NA,NA,1,NA,NA,NA,NA
sample13_SemiBin_53.fa,74.13398856611255,NA,NA,NA,NA,NA,770_1,NA,NA,1,NA,NA,NA,NA
sample20_SemiBin_69.fa,81.55535175677137,NA,NA,NA,NA,NA,770_2,NA,NA,1,NA,NA,NA,NA
cpsnj02_SemiBin_33.fa,42.18964863546851,NA,NA,NA,NA,NA,771_0,NA,NA,1,NA,NA,NA,NA
sample1_SemiBin_12.fa,79.59016598896095,NA,NA,NA,NA,NA,772_1,NA,NA,1,NA,NA,NA,NA
sample7_SemiBin_2.fa,91.88119078577134,NA,NA,NA,NA,NA,772_2,NA,NA,1,NA,NA,NA,NA
sample8_SemiBin_12.fa,83.83290626735705,NA,NA,NA,NA,NA,772_3,NA,NA,1,NA,NA,NA,NA
sample4_SemiBin_29.fa,68.6743508183641,NA,NA,NA,NA,NA,772_4,NA,NA,1,NA,NA,NA,NA
sample17_SemiBin_111.fa,51.89146683157378,NA,NA,NA,NA,NA,772_5,NA,NA,1,NA,NA,NA,NA
sample13_SemiBin_151.fa,48.81067235334454,NA,NA,NA,NA,NA,772_6,NA,NA,1,NA,NA,NA,NA
sample3_SemiBin_38.fa,60.13061782944281,NA,NA,NA,NA,NA,772_7,NA,NA,1,NA,NA,NA,NA
sample2_SemiBin_76.fa,33.06449006373222,NA,NA,NA,NA,NA,772_8,NA,NA,1,NA,NA,NA,NA
cpsnj10_SemiBin_57.fa,60.4114467049812,NA,NA,NA,NA,NA,773_0,NA,NA,1,NA,NA,NA,NA
sample16_SemiBin_1755.fa,13.36188810874644,NA,NA,NA,NA,NA,774_0,NA,NA,1,NA,NA,NA,NA
sample1_SemiBin_1789.fa,11.772347280326104,NA,NA,NA,NA,NA,775_0,NA,NA,1,NA,NA,NA,NA
sample20_SemiBin_84.fa,77.8597758467558,NA,NA,NA,NA,NA,776_0,NA,NA,1,NA,NA,NA,NA
sample10_SemiBin_66.fa,42.51699175673829,NA,NA,NA,NA,NA,777_1,NA,NA,1,NA,NA,NA,NA
sample18_SemiBin_114.fa,46.23434526703209,NA,NA,NA,NA,NA,777_2,NA,NA,1,NA,NA,NA,NA
sample16_SemiBin_136.fa,78.81571406899096,NA,NA,NA,NA,NA,777_3,NA,NA,1,NA,NA,NA,NA
sample23_SemiBin_39.fa,66.80286411610929,NA,NA,NA,NA,NA,777_4,NA,NA,1,NA,NA,NA,NA
sample13_SemiBin_69.fa,56.79056799132768,NA,NA,NA,NA,NA,777_5,NA,NA,1,NA,NA,NA,NA
sample18_SemiBin_2059.fa,19.43171951791205,NA,NA,NA,NA,NA,778_0,NA,NA,1,NA,NA,NA,NA
cpsnj09_SemiBin_223.fa,35.18094571481311,NA,NA,NA,NA,NA,779_0,NA,NA,1,NA,NA,NA,NA
sample16_SemiBin_112.fa,53.40825617701404,NA,NA,NA,NA,NA,780_1,NA,NA,1,NA,NA,NA,NA
sample5_SemiBin_92.fa,52.508715111789805,NA,NA,NA,NA,NA,780_2,NA,NA,1,NA,NA,NA,NA
sample18_SemiBin_188.fa,57.17132669529276,NA,NA,NA,NA,NA,780_3,NA,NA,1,NA,NA,NA,NA
sample7_SemiBin_226.fa,64.60976642684801,NA,NA,NA,NA,NA,780_4,NA,NA,1,NA,NA,NA,NA
sample23_SemiBin_2003.fa,11.710631054465692,NA,NA,NA,NA,NA,781_0,NA,NA,1,NA,NA,NA,NA
sample1_SemiBin_73.fa,83.19964519772695,NA,NA,NA,NA,NA,782_0,NA,NA,1,NA,NA,NA,NA
sample14_SemiBin_74.fa,62.38087750284735,NA,NA,NA,NA,NA,783_1,NA,NA,1,NA,NA,NA,NA
sample5_SemiBin_71.fa,52.6765071326999,NA,NA,NA,NA,NA,783_2,NA,NA,1,NA,NA,NA,NA
snj13_SemiBin_87.fa,51.54475825113933,NA,NA,NA,NA,NA,784_0,NA,NA,1,NA,NA,NA,NA
sample27_SemiBin_73.fa,57.38897181451442,NA,NA,NA,NA,NA,785_0,NA,NA,1,NA,NA,NA,NA
sample7_SemiBin_170.fa,73.36057019241264,NA,NA,NA,NA,NA,786_0,NA,NA,1,NA,NA,NA,NA
snj09_SemiBin_89.fa,74.22104244675974,NA,NA,NA,NA,NA,787_0,NA,NA,1,NA,NA,NA,NA
sample1_SemiBin_46.fa,89.6766998855106,NA,NA,NA,NA,NA,788_1,NA,NA,1,NA,NA,NA,NA
sample25_SemiBin_263.fa,39.50316005448517,NA,NA,NA,NA,NA,788_2,NA,NA,1,NA,NA,NA,NA
sample16_SemiBin_14.fa,63.745592283866806,NA,NA,NA,NA,NA,788_3,NA,NA,1,NA,NA,NA,NA
sample7_SemiBin_222.fa,59.41735633034408,NA,NA,NA,NA,NA,788_4,NA,NA,1,NA,NA,NA,NA
sample2_SemiBin_130.fa,55.01448230504317,NA,NA,NA,NA,NA,788_5,NA,NA,1,NA,NA,NA,NA
cpsnj04_SemiBin_48.fa,45.80196878317233,NA,NA,NA,NA,NA,788_6,NA,NA,1,NA,NA,NA,NA
cpsnj14_SemiBin_290.fa,33.808471244084146,NA,NA,NA,NA,NA,789_1,NA,NA,1,NA,NA,NA,NA
sample18_SemiBin_111.fa,80.33554499350643,NA,NA,NA,NA,NA,789_2,NA,NA,1,NA,NA,NA,NA
cpsnj13_SemiBin_32.fa,71.40733581475504,NA,NA,NA,NA,NA,790_1,NA,NA,1,NA,NA,NA,NA
snj09_SemiBin_33.fa,72.73384067071765,NA,NA,NA,NA,NA,790_2,NA,NA,1,NA,NA,NA,NA
cpsnj10_SemiBin_35.fa,81.77179551700115,NA,NA,NA,NA,NA,790_3,NA,NA,1,NA,NA,NA,NA
cpsnj09_SemiBin_49.fa,73.7775834130683,NA,NA,NA,NA,NA,790_4,NA,NA,1,NA,NA,NA,NA
cpsnj13_SemiBin_88.fa,56.25300693377928,NA,NA,NA,NA,NA,791_1,NA,NA,1,NA,NA,NA,NA
snj14_SemiBin_32.fa,79.40537808356574,NA,NA,NA,NA,NA,791_2,NA,NA,1,NA,NA,NA,NA
cpsnj14_SemiBin_14.fa,88.52247362580646,NA,NA,NA,NA,NA,791_3,NA,NA,1,NA,NA,NA,NA
cpsnj09_SemiBin_111.fa,44.27389055348088,NA,NA,NA,NA,NA,791_4,NA,NA,1,NA,NA,NA,NA
snj09_SemiBin_53.fa,38.05732876724488,NA,NA,NA,NA,NA,791_5,NA,NA,1,NA,NA,NA,NA
snj15_SemiBin_61.fa,51.410822071656405,NA,NA,NA,NA,NA,791_6,NA,NA,1,NA,NA,NA,NA
cpsnj14_SemiBin_26.fa,89.83601088410833,NA,NA,NA,NA,NA,792_1,NA,NA,1,NA,NA,NA,NA
snj14_SemiBin_50.fa,71.59955292908576,NA,NA,NA,NA,NA,792_2,NA,NA,1,NA,NA,NA,NA
cpsnj09_SemiBin_147.fa,16.50015972583506,NA,NA,NA,NA,NA,792_3,NA,NA,1,NA,NA,NA,NA
snj15_SemiBin_22.fa,73.12345408179274,NA,NA,NA,NA,NA,792_4,NA,NA,1,NA,NA,NA,NA
cpsnj13_SemiBin_44.fa,74.37292132850096,NA,NA,NA,NA,NA,793_0,NA,NA,1,NA,NA,NA,NA
cpsnj14_SemiBin_10.fa,87.03835325416941,NA,NA,NA,NA,NA,794_0,NA,NA,1,NA,NA,NA,NA
snj02_SemiBin_26.fa,40.94004945852952,NA,NA,NA,NA,NA,795_0,NA,NA,1,NA,NA,NA,NA
cpsnj14_SemiBin_36.fa,53.909928211490346,NA,NA,NA,NA,NA,796_0,NA,NA,1,NA,NA,NA,NA
cpsnj14_SemiBin_90.fa,50.94313421942224,NA,NA,NA,NA,NA,797_0,NA,NA,1,NA,NA,NA,NA
snj15_SemiBin_227.fa,47.69824129867623,NA,NA,NA,NA,NA,798_0,NA,NA,1,NA,NA,NA,NA
cpsnj14_SemiBin_192.fa,46.368969659037,NA,NA,NA,NA,NA,799_1,NA,NA,1,NA,NA,NA,NA
snj14_SemiBin_113.fa,39.946468248134856,NA,NA,NA,NA,NA,799_2,NA,NA,1,NA,NA,NA,NA
snj13_SemiBin_49.fa,46.09829063808379,NA,NA,NA,NA,NA,799_3,NA,NA,1,NA,NA,NA,NA
cpsnj10_SemiBin_13.fa,85.59695420988385,NA,NA,NA,NA,NA,800_0,NA,NA,1,NA,NA,NA,NA
cpsnj14_SemiBin_103.fa,48.02055915562223,NA,NA,NA,NA,NA,801_1,NA,NA,1,NA,NA,NA,NA
snj13_SemiBin_110.fa,42.31622238141317,NA,NA,NA,NA,NA,801_2,NA,NA,1,NA,NA,NA,NA
cpsnj14_SemiBin_307.fa,10.731280344533532,NA,NA,NA,NA,NA,802_0,NA,NA,1,NA,NA,NA,NA
snj13_SemiBin_60.fa,36.35962668610311,NA,NA,NA,NA,NA,803_0,NA,NA,1,NA,NA,NA,NA
snj13_SemiBin_85.fa,51.09922440077116,NA,NA,NA,NA,NA,804_0,NA,NA,1,NA,NA,NA,NA
sample27_SemiBin_30.fa,70.95195760583321,NA,NA,NA,NA,NA,805_0,NA,NA,1,NA,NA,NA,NA
sample30_SemiBin_28.fa,40.10058743746425,NA,NA,NA,NA,NA,806_0,NA,NA,1,NA,NA,NA,NA
cpsnj20_SemiBin_23.fa,72.63243500023802,NA,NA,NA,NA,NA,807_0,NA,NA,1,NA,NA,NA,NA
sample29_SemiBin_71.fa,70.21079878726806,NA,NA,NA,NA,NA,808_0,NA,NA,1,NA,NA,NA,NA
sample16_SemiBin_141.fa,49.098466005596734,NA,NA,NA,NA,NA,809_1,NA,NA,1,NA,NA,NA,NA
sample7_SemiBin_95.fa,65.98107158497375,NA,NA,NA,NA,NA,809_2,NA,NA,1,NA,NA,NA,NA
sample28_SemiBin_99.fa,37.3489610886576,NA,NA,NA,NA,NA,810_0,NA,NA,1,NA,NA,NA,NA
sample18_SemiBin_118.fa,77.00176542091798,NA,NA,NA,NA,NA,811_0,NA,NA,1,NA,NA,NA,NA
sample18_SemiBin_124.fa,73.77628242133538,NA,NA,NA,NA,NA,812_0,NA,NA,1,NA,NA,NA,NA
sample18_SemiBin_181.fa,52.45550416252748,NA,NA,NA,NA,NA,813_1,NA,NA,1,NA,NA,NA,NA
sample1_SemiBin_142.fa,40.655895634736254,NA,NA,NA,NA,NA,813_2,NA,NA,1,NA,NA,NA,NA
sample18_SemiBin_110.fa,80.05648848406982,NA,NA,NA,NA,NA,814_0,NA,NA,1,NA,NA,NA,NA
sample17_SemiBin_94.fa,47.23890441374618,NA,NA,NA,NA,NA,815_1,NA,NA,1,NA,NA,NA,NA
sample18_SemiBin_99.fa,88.98678148799057,NA,NA,NA,NA,NA,815_2,NA,NA,1,NA,NA,NA,NA
cpsnj20_SemiBin_26.fa,63.05263096892482,NA,NA,NA,NA,NA,816_0,NA,NA,1,NA,NA,NA,NA
sample29_SemiBin_80.fa,73.24343306372542,NA,NA,NA,NA,NA,817_0,NA,NA,1,NA,NA,NA,NA
sample19_SemiBin_155.fa,51.2457697947067,NA,NA,NA,NA,NA,818_0,NA,NA,1,NA,NA,NA,NA
sample29_SemiBin_25.fa,90.80698970396044,NA,NA,NA,NA,NA,819_0,NA,NA,1,NA,NA,NA,NA
snj03_SemiBin_62.fa,77.34111585148523,NA,NA,NA,NA,NA,820_1,NA,NA,1,NA,NA,NA,NA
snj19_SemiBin_167.fa,44.14002238722444,NA,NA,NA,NA,NA,820_2,NA,NA,1,NA,NA,NA,NA
cpsnj11_SemiBin_603.fa,25.346791313918533,NA,NA,NA,NA,NA,820_3,NA,NA,1,NA,NA,NA,NA
sample6_SemiBin_72.fa,70.49182579005556,NA,NA,NA,NA,NA,821_0,NA,NA,1,NA,NA,NA,NA
sample13_SemiBin_97.fa,50.5668173279078,NA,NA,NA,NA,NA,822_0,NA,NA,1,NA,NA,NA,NA
sample7_SemiBin_161.fa,51.30003204137488,NA,NA,NA,NA,NA,823_0,NA,NA,1,NA,NA,NA,NA
sample13_SemiBin_27.fa,95.72818999642568,NA,NA,NA,NA,NA,824_1,NA,NA,1,NA,NA,NA,NA
sample18_SemiBin_96.fa,81.21565922181179,NA,NA,NA,NA,NA,824_2,NA,NA,1,NA,NA,NA,NA
sample25_SemiBin_231.fa,48.17188665854461,NA,NA,NA,NA,NA,824_3,NA,NA,1,NA,NA,NA,NA
sample15_SemiBin_78.fa,75.2381298547754,NA,NA,NA,NA,NA,825_0,NA,NA,1,NA,NA,NA,NA
sample3_SemiBin_31.fa,73.52740613784685,NA,NA,NA,NA,NA,826_1,NA,NA,1,NA,NA,NA,NA
sample4_SemiBin_42.fa,77.72900079314562,NA,NA,NA,NA,NA,826_2,NA,NA,1,NA,NA,NA,NA
sample17_SemiBin_73.fa,56.907173580286354,NA,NA,NA,NA,NA,826_3,NA,NA,1,NA,NA,NA,NA
sample13_SemiBin_61.fa,52.11639692925727,NA,NA,NA,NA,NA,826_4,NA,NA,1,NA,NA,NA,NA
sample26_SemiBin_39.fa,43.98513941289639,NA,NA,NA,NA,NA,826_5,NA,NA,1,NA,NA,NA,NA
sample16_SemiBin_142.fa,21.84729169636636,NA,NA,NA,NA,NA,826_6,NA,NA,1,NA,NA,NA,NA
sample13_SemiBin_237.fa,22.524592003382317,NA,NA,NA,NA,NA,827_1,NA,NA,1,NA,NA,NA,NA
sample7_SemiBin_91.fa,50.21816403433269,NA,NA,NA,NA,NA,827_2,NA,NA,1,NA,NA,NA,NA
cpsnj08_SemiBin_60.fa,51.23080133492061,NA,NA,NA,NA,NA,828_1,NA,NA,1,NA,NA,NA,NA
snj16_SemiBin_146.fa,36.3230929929758,NA,NA,NA,NA,NA,828_2,NA,NA,1,NA,NA,NA,NA
snj13_SemiBin_84.fa,34.26638686710391,NA,NA,NA,NA,NA,828_3,NA,NA,1,NA,NA,NA,NA
snj14_SemiBin_91.fa,52.14261967956828,NA,NA,NA,NA,NA,828_4,NA,NA,1,NA,NA,NA,NA
snj08_SemiBin_237.fa,38.35805934946004,NA,NA,NA,NA,NA,828_5,NA,NA,1,NA,NA,NA,NA
cpsnj14_SemiBin_158.fa,43.28982676959539,NA,NA,NA,NA,NA,828_6,NA,NA,1,NA,NA,NA,NA
snj09_SemiBin_259.fa,22.36632763209548,NA,NA,NA,NA,NA,828_7,NA,NA,1,NA,NA,NA,NA
cpsnj13_SemiBin_143.fa,21.696677210290108,NA,NA,NA,NA,NA,829_0,NA,NA,1,NA,NA,NA,NA
cpsnj16_SemiBin_1492.fa,46.85411954869109,NA,NA,NA,NA,NA,830_0,NA,NA,1,NA,NA,NA,NA
snj08_SemiBin_1987.fa,9.133351387869686,NA,NA,NA,NA,NA,831_0,NA,NA,1,NA,NA,NA,NA
sample15_SemiBin_115.fa,49.53662141571687,NA,NA,NA,NA,NA,832_1,NA,NA,1,NA,NA,NA,NA
snj20_SemiBin_74.fa,24.308649929836832,NA,NA,NA,NA,NA,832_2,NA,NA,1,NA,NA,NA,NA
sample16_SemiBin_226.fa,55.76021662628467,NA,NA,NA,NA,NA,833_1,NA,NA,1,NA,NA,NA,NA
sample18_SemiBin_250.fa,44.64105953363502,NA,NA,NA,NA,NA,833_2,NA,NA,1,NA,NA,NA,NA
sample18_SemiBin_251.fa,43.34516941267971,NA,NA,NA,NA,NA,834_1,NA,NA,1,NA,NA,NA,NA
sample25_SemiBin_133.fa,48.95351737263002,NA,NA,NA,NA,NA,834_2,NA,NA,1,NA,NA,NA,NA
sample13_SemiBin_67.fa,70.04960136336707,NA,NA,NA,NA,NA,835_0,NA,NA,1,NA,NA,NA,NA
snj19_SemiBin_89.fa,47.00758269864578,NA,NA,NA,NA,NA,836_0,NA,NA,1,NA,NA,NA,NA
sample16_SemiBin_146.fa,43.339599671027145,NA,NA,NA,NA,NA,837_1,NA,NA,1,NA,NA,NA,NA
sample1_SemiBin_117.fa,54.80617673520377,NA,NA,NA,NA,NA,837_2,NA,NA,1,NA,NA,NA,NA
sample7_SemiBin_195.fa,47.29481767603805,NA,NA,NA,NA,NA,837_3,NA,NA,1,NA,NA,NA,NA
sample25_SemiBin_145.fa,40.3134360637075,NA,NA,NA,NA,NA,837_4,NA,NA,1,NA,NA,NA,NA
sample13_SemiBin_92.fa,63.49115000174259,NA,NA,NA,NA,NA,837_5,NA,NA,1,NA,NA,NA,NA
sample7_SemiBin_118.fa,58.16221214056737,NA,NA,NA,NA,NA,838_0,NA,NA,1,NA,NA,NA,NA
sample10_SemiBin_83.fa,43.27685916002521,NA,NA,NA,NA,NA,839_1,NA,NA,1,NA,NA,NA,NA
sample18_SemiBin_103.fa,87.22182413620074,NA,NA,NA,NA,NA,839_2,NA,NA,1,NA,NA,NA,NA
sample4_SemiBin_1389.fa,42.49846950364373,NA,NA,NA,NA,NA,840_0,NA,NA,1,NA,NA,NA,NA
sample8_SemiBin_142.fa,54.00463010602508,NA,NA,NA,NA,NA,841_0,NA,NA,1,NA,NA,NA,NA
sample10_SemiBin_165.fa,38.38018911595648,NA,NA,NA,NA,NA,842_1,NA,NA,1,NA,NA,NA,NA
sample25_SemiBin_95.fa,44.7491773419574,NA,NA,NA,NA,NA,842_2,NA,NA,1,NA,NA,NA,NA
sample16_SemiBin_99.fa,50.510371516006536,NA,NA,NA,NA,NA,842_3,NA,NA,1,NA,NA,NA,NA
sample5_SemiBin_21.fa,87.23623042515226,NA,NA,NA,NA,NA,843_1,NA,NA,1,NA,NA,NA,NA
sample6_SemiBin_96.fa,60.48061972076395,NA,NA,NA,NA,NA,843_2,NA,NA,1,NA,NA,NA,NA
sample7_SemiBin_116.fa,53.19760324568973,NA,NA,NA,NA,NA,843_3,NA,NA,1,NA,NA,NA,NA
snj03_SemiBin_73.fa,61.19855484414861,NA,NA,NA,NA,NA,843_4,NA,NA,1,NA,NA,NA,NA
sample28_SemiBin_74.fa,49.95938604636861,NA,NA,NA,NA,NA,843_5,NA,NA,1,NA,NA,NA,NA
snj09_SemiBin_120.fa,35.938082231301905,NA,NA,NA,NA,NA,844_0,NA,NA,1,NA,NA,NA,NA
sample26_SemiBin_81.fa,43.3707582008252,NA,NA,NA,NA,NA,845_0,NA,NA,1,NA,NA,NA,NA
cpsnj09_SemiBin_287.fa,57.28534801936214,NA,NA,NA,NA,NA,846_1,NA,NA,1,NA,NA,NA,NA
snj09_SemiBin_67.fa,69.4376821655404,NA,NA,NA,NA,NA,846_2,NA,NA,1,NA,NA,NA,NA
cpsnj13_SemiBin_69.fa,61.8762930491831,NA,NA,NA,NA,NA,846_3,NA,NA,1,NA,NA,NA,NA
sample22_SemiBin_201.fa,33.27053316070987,NA,NA,NA,NA,NA,847_1,NA,NA,1,NA,NA,NA,NA
sample25_SemiBin_63.fa,79.11643115694729,NA,NA,NA,NA,NA,847_2,NA,NA,1,NA,NA,NA,NA
sample16_SemiBin_178.fa,27.541530350568543,NA,NA,NA,NA,NA,847_3,NA,NA,1,NA,NA,NA,NA
sample1_SemiBin_187.fa,52.53302953019256,NA,NA,NA,NA,NA,847_4,NA,NA,1,NA,NA,NA,NA
sample17_SemiBin_99.fa,65.01496144569978,NA,NA,NA,NA,NA,848_0,NA,NA,1,NA,NA,NA,NA
sample18_SemiBin_255.fa,36.24012751648321,NA,NA,NA,NA,NA,849_0,NA,NA,1,NA,NA,NA,NA
cpsnj14_SemiBin_114.fa,70.67734890201675,NA,NA,NA,NA,NA,850_1,NA,NA,1,NA,NA,NA,NA
sample18_SemiBin_171.fa,61.698501670201935,NA,NA,NA,NA,NA,850_2,NA,NA,1,NA,NA,NA,NA
cpsnj19_SemiBin_140.fa,31.44884725423048,NA,NA,NA,NA,NA,851_0,NA,NA,1,NA,NA,NA,NA
sample20_SemiBin_191.fa,62.53122038841443,NA,NA,NA,NA,NA,852_0,NA,NA,1,NA,NA,NA,NA
sample17_SemiBin_108.fa,35.47285167292661,NA,NA,NA,NA,NA,853_0,NA,NA,1,NA,NA,NA,NA
sample29_SemiBin_13.fa,101.15734387377368,NA,NA,NA,NA,NA,854_0,NA,NA,1,NA,NA,NA,NA
cpsnj10_SemiBin_162.fa,31.60575332010274,NA,NA,NA,NA,NA,855_0,NA,NA,1,NA,NA,NA,NA
cpsnj20_SemiBin_93.fa,39.02981040516155,NA,NA,NA,NA,NA,856_0,NA,NA,1,NA,NA,NA,NA
sample19_SemiBin_65.fa,45.8058358693502,NA,NA,NA,NA,NA,857_0,NA,NA,1,NA,NA,NA,NA
sample22_SemiBin_93.fa,45.98746104098797,NA,NA,NA,NA,NA,858_0,NA,NA,1,NA,NA,NA,NA
sample19_SemiBin_85.fa,49.24686391876757,NA,NA,NA,NA,NA,859_0,NA,NA,1,NA,NA,NA,NA
snj16_SemiBin_3.fa,94.84594227582656,NA,NA,NA,NA,NA,860_0,NA,NA,1,NA,NA,NA,NA
sample18_SemiBin_156.fa,72.1814327474397,NA,NA,NA,NA,NA,861_0,NA,NA,1,NA,NA,NA,NA
sample29_SemiBin_130.fa,67.80056666651097,NA,NA,NA,NA,NA,862_0,NA,NA,1,NA,NA,NA,NA
sample1_SemiBin_59.fa,89.13168520918083,NA,NA,NA,NA,NA,863_1,NA,NA,1,NA,NA,NA,NA
sample20_SemiBin_175.fa,33.21144143773619,NA,NA,NA,NA,NA,863_2,NA,NA,1,NA,NA,NA,NA
sample26_SemiBin_20.fa,68.19433561931585,NA,NA,NA,NA,NA,863_3,NA,NA,1,NA,NA,NA,NA
sample17_SemiBin_52.fa,77.56761372824363,NA,NA,NA,NA,NA,864_0,NA,NA,1,NA,NA,NA,NA
sample17_SemiBin_17.fa,93.03004303068232,NA,NA,NA,NA,NA,865_1,NA,NA,1,NA,NA,NA,NA
sample19_SemiBin_38.fa,96.07425451594564,NA,NA,NA,NA,NA,865_2,NA,NA,1,NA,NA,NA,NA
sample19_SemiBin_169.fa,57.88418495624492,NA,NA,NA,NA,NA,866_0,NA,NA,1,NA,NA,NA,NA
sample21_SemiBin_68.fa,43.238643059383136,NA,NA,NA,NA,NA,867_1,NA,NA,1,NA,NA,NA,NA
snj15_SemiBin_27.fa,39.68869866338493,NA,NA,NA,NA,NA,867_2,NA,NA,1,NA,NA,NA,NA
snj10_SemiBin_65.fa,31.56027126454615,NA,NA,NA,NA,NA,868_0,NA,NA,1,NA,NA,NA,NA
snj04_SemiBin_31.fa,44.93712809301071,NA,NA,NA,NA,NA,869_0,NA,NA,1,NA,NA,NA,NA
sample23_SemiBin_60.fa,44.96332120381911,NA,NA,NA,NA,NA,870_0,NA,NA,1,NA,NA,NA,NA
cpsnj10_SemiBin_70.fa,76.20575164966353,NA,NA,NA,NA,NA,871_1,NA,NA,1,NA,NA,NA,NA
snj13_SemiBin_27.fa,83.3438940601008,NA,NA,NA,NA,NA,871_2,NA,NA,1,NA,NA,NA,NA
snj14_SemiBin_142.fa,48.60852834040333,NA,NA,NA,NA,NA,871_3,NA,NA,1,NA,NA,NA,NA
cpsnj14_SemiBin_201.fa,47.38788050643896,NA,NA,NA,NA,NA,871_4,NA,NA,1,NA,NA,NA,NA
cpsnj14_SemiBin_124.fa,67.52555253071601,NA,NA,NA,NA,NA,872_1,NA,NA,1,NA,NA,NA,NA
cpsnj16_SemiBin_73.fa,62.17028709508552,NA,NA,NA,NA,NA,872_2,NA,NA,1,NA,NA,NA,NA
sample15_SemiBin_73.fa,60.973460981339976,NA,NA,NA,NA,NA,873_1,NA,NA,1,NA,NA,NA,NA
sample1_SemiBin_158.fa,39.60687614618202,NA,NA,NA,NA,NA,873_2,NA,NA,1,NA,NA,NA,NA
sample13_SemiBin_81.fa,51.00656476636148,NA,NA,NA,NA,NA,873_3,NA,NA,1,NA,NA,NA,NA
sample25_SemiBin_116.fa,53.19000079140068,NA,NA,NA,NA,NA,873_4,NA,NA,1,NA,NA,NA,NA
sample16_SemiBin_123.fa,38.78882595584912,NA,NA,NA,NA,NA,873_5,NA,NA,1,NA,NA,NA,NA
sample7_SemiBin_119.fa,51.58048756960622,NA,NA,NA,NA,NA,873_6,NA,NA,1,NA,NA,NA,NA
sample1_SemiBin_1820.fa,2.61345169111779,NA,NA,NA,NA,NA,873_7,NA,NA,1,NA,NA,NA,NA
sample11_SemiBin_125.fa,39.80190387539993,NA,NA,NA,NA,NA,874_0,NA,NA,1,NA,NA,NA,NA
sample21_SemiBin_66.fa,32.2498439943324,NA,NA,NA,NA,NA,875_0,NA,NA,1,NA,NA,NA,NA
sample29_SemiBin_30.fa,95.3384562658597,NA,NA,NA,NA,NA,876_0,NA,NA,1,NA,NA,NA,NA
sample29_SemiBin_89.fa,27.44467134522187,NA,NA,NA,NA,NA,877_0,NA,NA,1,NA,NA,NA,NA
sample29_SemiBin_4.fa,86.15431517446434,NA,NA,NA,NA,NA,878_0,NA,NA,1,NA,NA,NA,NA
sample18_SemiBin_168.fa,78.3954928402426,NA,NA,NA,NA,NA,879_1,NA,NA,1,NA,NA,NA,NA
sample25_SemiBin_89.fa,37.34823593737692,NA,NA,NA,NA,NA,879_2,NA,NA,1,NA,NA,NA,NA
sample13_SemiBin_50.fa,75.27618335301565,NA,NA,NA,NA,NA,880_0,NA,NA,1,NA,NA,NA,NA
sample29_SemiBin_183.fa,28.19051057788887,NA,NA,NA,NA,NA,881_0,NA,NA,1,NA,NA,NA,NA
cpsnj09_SemiBin_43.fa,78.70223692184436,NA,NA,NA,NA,NA,882_0,NA,NA,1,NA,NA,NA,NA
cpsnj11_SemiBin_115.fa,67.08026917228038,NA,NA,NA,NA,NA,883_0,NA,NA,1,NA,NA,NA,NA
cpsnj14_SemiBin_160.fa,43.14374014224292,NA,NA,NA,NA,NA,884_0,NA,NA,1,NA,NA,NA,NA
sample5_SemiBin_63.fa,54.65555238569562,NA,NA,NA,NA,NA,885_1,NA,NA,1,NA,NA,NA,NA
sample7_SemiBin_1648.fa,5.926900936393914,NA,NA,NA,NA,NA,885_2,NA,NA,1,NA,NA,NA,NA
sample16_SemiBin_128.fa,50.52865222332049,NA,NA,NA,NA,NA,886_1,NA,NA,1,NA,NA,NA,NA
sample18_SemiBin_177.fa,66.09513892915183,NA,NA,NA,NA,NA,886_2,NA,NA,1,NA,NA,NA,NA
cpsnj03_SemiBin_68.fa,50.05407169079182,NA,NA,NA,NA,NA,887_1,NA,NA,1,NA,NA,NA,NA
snj03_SemiBin_79.fa,36.6763396938236,NA,NA,NA,NA,NA,887_2,NA,NA,1,NA,NA,NA,NA
snj19_SemiBin_1568.fa,17.21834300863704,NA,NA,NA,NA,NA,887_3,NA,NA,1,NA,NA,NA,NA
cpsnj13_SemiBin_107.fa,46.087354795577646,NA,NA,NA,NA,NA,888_0,NA,NA,1,NA,NA,NA,NA
cpsnj14_SemiBin_80.fa,70.03814837721865,NA,NA,NA,NA,NA,889_0,NA,NA,1,NA,NA,NA,NA
sample18_SemiBin_200.fa,38.222818610859456,NA,NA,NA,NA,NA,890_0,NA,NA,1,NA,NA,NA,NA
cpsnj04_SemiBin_1.fa,87.56622197274385,NA,NA,NA,NA,NA,891_1,NA,NA,2,99.56,99.56,NA,NA
snj04_SemiBin_1706.fa,17.587827308059058,NA,NA,NA,NA,NA,892_0,NA,NA,1,NA,NA,NA,NA
snj01_SemiBin_6.fa,73.73772672801094,NA,NA,NA,NA,NA,893_1,NA,NA,1,NA,NA,NA,NA
snj03_SemiBin_96.fa,44.66257126105283,NA,NA,NA,NA,NA,893_2,NA,NA,1,NA,NA,NA,NA
snj08_SemiBin_141.fa,36.761896764514525,NA,NA,NA,NA,NA,894_0,NA,NA,1,NA,NA,NA,NA
snj01_SemiBin_52.fa,32.03763041656802,NA,NA,NA,NA,NA,895_0,NA,NA,1,NA,NA,NA,NA
sample14_SemiBin_40.fa,51.708395885898746,NA,NA,NA,NA,NA,896_1,NA,NA,1,NA,NA,NA,NA
sample27_SemiBin_7.fa,74.57562149994013,NA,NA,NA,NA,NA,896_2,NA,NA,1,NA,NA,NA,NA
sample27_SemiBin_67.fa,51.080760363615134,NA,NA,NA,NA,NA,897_0,NA,NA,1,NA,NA,NA,NA
sample19_SemiBin_108.fa,53.54460529543309,NA,NA,NA,NA,NA,898_0,NA,NA,1,NA,NA,NA,NA
sample5_SemiBin_70.fa,48.56085206259663,NA,NA,NA,NA,NA,899_0,NA,NA,1,NA,NA,NA,NA
cpsnj04_SemiBin_46.fa,77.28859436373418,NA,NA,NA,NA,NA,900_1,NA,NA,1,NA,NA,NA,NA
snj04_SemiBin_22.fa,84.7608461854912,NA,NA,NA,NA,NA,900_2,NA,NA,1,NA,NA,NA,NA
sample16_SemiBin_41.fa,65.42306963889486,NA,NA,NA,NA,NA,901_0,NA,NA,1,NA,NA,NA,NA
sample3_SemiBin_49.fa,70.18387655636917,NA,NA,NA,NA,NA,902_1,NA,NA,1,NA,NA,NA,NA
sample4_SemiBin_28.fa,79.88771474449828,NA,NA,NA,NA,NA,902_2,NA,NA,1,NA,NA,NA,NA
sample13_SemiBin_12.fa,94.86136036957492,NA,NA,NA,NA,NA,903_1,NA,NA,1,NA,NA,NA,NA
sample18_SemiBin_144.fa,59.49108006318136,NA,NA,NA,NA,NA,903_2,NA,NA,1,NA,NA,NA,NA
sample19_SemiBin_33.fa,87.59600115479122,NA,NA,NA,NA,NA,904_0,NA,NA,1,NA,NA,NA,NA
sample19_SemiBin_44.fa,69.18046357683278,NA,NA,NA,NA,NA,905_0,NA,NA,1,NA,NA,NA,NA
sample2_SemiBin_8.fa,78.60301238046063,NA,NA,NA,NA,NA,906_1,NA,NA,1,NA,NA,NA,NA
sample7_SemiBin_46.fa,85.90676856463854,NA,NA,NA,NA,NA,906_2,NA,NA,1,NA,NA,NA,NA
sample25_SemiBin_16.fa,60.06088458245133,NA,NA,NA,NA,NA,906_3,NA,NA,1,NA,NA,NA,NA
sample26_SemiBin_31.fa,77.98764715048164,NA,NA,NA,NA,NA,906_4,NA,NA,1,NA,NA,NA,NA
sample15_SemiBin_12.fa,88.52179632852878,NA,NA,NA,NA,NA,906_5,NA,NA,1,NA,NA,NA,NA
sample23_SemiBin_19.fa,92.0290925911842,NA,NA,NA,NA,NA,906_6,NA,NA,1,NA,NA,NA,NA
sample17_SemiBin_202.fa,43.75987758726672,NA,NA,NA,NA,NA,906_7,NA,NA,1,NA,NA,NA,NA
sample27_SemiBin_58.fa,59.33543689421876,NA,NA,NA,NA,NA,906_8,NA,NA,1,NA,NA,NA,NA
sample30_SemiBin_7.fa,55.40452719713992,NA,NA,NA,NA,NA,906_9,NA,NA,1,NA,NA,NA,NA
sample14_SemiBin_133.fa,61.13512849434365,NA,NA,NA,NA,NA,906_10,NA,NA,1,NA,NA,NA,NA
snj04_SemiBin_45.fa,55.09662353719921,NA,NA,NA,NA,NA,906_11,NA,NA,1,NA,NA,NA,NA
sample12_SemiBin_47.fa,30.52934585457561,NA,NA,NA,NA,NA,906_12,NA,NA,1,NA,NA,NA,NA
sample18_SemiBin_318.fa,44.32374728081786,NA,NA,NA,NA,NA,907_1,NA,NA,1,NA,NA,NA,NA
sample4_SemiBin_63.fa,61.40393883158354,NA,NA,NA,NA,NA,907_2,NA,NA,1,NA,NA,NA,NA
sample21_SemiBin_145.fa,39.620311626372775,NA,NA,NA,NA,NA,907_3,NA,NA,1,NA,NA,NA,NA
sample8_SemiBin_1118.fa,26.63178295866776,NA,NA,NA,NA,NA,907_4,NA,NA,1,NA,NA,NA,NA
sample19_SemiBin_1716.fa,15.494639018049574,NA,NA,NA,NA,NA,908_0,NA,NA,1,NA,NA,NA,NA
sample15_SemiBin_9.fa,67.34333922393733,NA,NA,NA,NA,NA,909_1,NA,NA,1,NA,NA,NA,NA
sample22_SemiBin_97.fa,70.32616387304957,NA,NA,NA,NA,NA,909_2,NA,NA,1,NA,NA,NA,NA
sample24_SemiBin_10.fa,70.78583149215154,NA,NA,NA,NA,NA,909_3,NA,NA,1,NA,NA,NA,NA
sample6_SemiBin_260.fa,50.012124251797,NA,NA,NA,NA,NA,909_4,NA,NA,1,NA,NA,NA,NA
sample20_SemiBin_145.fa,28.88808272840727,NA,NA,NA,NA,NA,909_5,NA,NA,1,NA,NA,NA,NA
sample10_SemiBin_54.fa,86.54009138684242,NA,NA,NA,NA,NA,910_1,NA,NA,2,99.01,99.01,NA,NA
sample18_SemiBin_298.fa,56.65696708659949,NA,NA,NA,NA,NA,910_2,NA,NA,1,NA,NA,NA,NA
sample11_SemiBin_21.fa,78.51268625571073,NA,NA,NA,NA,NA,910_3,NA,NA,1,NA,NA,NA,NA
sample17_SemiBin_130.fa,47.31729971910904,NA,NA,NA,NA,NA,910_4,NA,NA,1,NA,NA,NA,NA
sample18_SemiBin_191.fa,34.8971600114473,NA,NA,NA,NA,NA,911_0,NA,NA,1,NA,NA,NA,NA
cpsnj13_SemiBin_41.fa,78.58421301273356,NA,NA,NA,NA,NA,912_1,NA,NA,1,NA,NA,NA,NA
snj09_SemiBin_39.fa,74.50895456693065,NA,NA,NA,NA,NA,912_2,NA,NA,1,NA,NA,NA,NA
cpsnj09_SemiBin_39.fa,86.72194375175322,NA,NA,NA,NA,NA,912_3,NA,NA,1,NA,NA,NA,NA
sample18_SemiBin_227.fa,72.32506478124377,NA,NA,NA,NA,NA,913_0,NA,NA,1,NA,NA,NA,NA
sample12_SemiBin_38.fa,43.90486617117135,NA,NA,NA,NA,NA,914_1,NA,NA,1,NA,NA,NA,NA
sample13_SemiBin_16.fa,82.87138799584491,NA,NA,NA,NA,NA,914_2,NA,NA,1,NA,NA,NA,NA
sample1_SemiBin_58.fa,90.98554449772767,NA,NA,NA,NA,NA,914_3,NA,NA,1,NA,NA,NA,NA
sample18_SemiBin_192.fa,74.64979390947364,NA,NA,NA,NA,NA,914_4,NA,NA,1,NA,NA,NA,NA
sample11_SemiBin_88.fa,46.13319652318068,NA,NA,NA,NA,NA,914_5,NA,NA,1,NA,NA,NA,NA
cpsnj08_SemiBin_17.fa,85.41432129717457,NA,NA,NA,NA,NA,915_1,NA,NA,1,NA,NA,NA,NA
snj08_SemiBin_35.fa,78.88721173830177,NA,NA,NA,NA,NA,915_2,NA,NA,1,NA,NA,NA,NA
cpsnj16_SemiBin_149.fa,52.26631506679194,NA,NA,NA,NA,NA,915_3,NA,NA,1,NA,NA,NA,NA
cpsnj14_SemiBin_70.fa,66.83430677061543,NA,NA,NA,NA,NA,915_4,NA,NA,1,NA,NA,NA,NA
snj14_SemiBin_14.fa,86.05016616798828,NA,NA,NA,NA,NA,915_5,NA,NA,1,NA,NA,NA,NA
cpsnj11_SemiBin_38.fa,85.28296358543783,NA,NA,NA,NA,NA,915_6,NA,NA,1,NA,NA,NA,NA
snj11_SemiBin_82.fa,57.27238217302264,NA,NA,NA,NA,NA,915_7,NA,NA,1,NA,NA,NA,NA
snj13_SemiBin_34.fa,64.46350765556785,NA,NA,NA,NA,NA,915_8,NA,NA,1,NA,NA,NA,NA
sample17_SemiBin_32.fa,87.21744812390999,NA,NA,NA,NA,NA,916_1,NA,NA,1,NA,NA,NA,NA
sample19_SemiBin_233.fa,51.77174318882124,NA,NA,NA,NA,NA,916_2,NA,NA,1,NA,NA,NA,NA
sample17_SemiBin_36.fa,78.74949251125864,NA,NA,NA,NA,NA,917_0,NA,NA,1,NA,NA,NA,NA
sample19_SemiBin_100.fa,59.3437376800966,NA,NA,NA,NA,NA,918_0,NA,NA,1,NA,NA,NA,NA
sample17_SemiBin_25.fa,77.95161051335779,NA,NA,NA,NA,NA,919_1,NA,NA,1,NA,NA,NA,NA
sample18_SemiBin_160.fa,89.15891307687063,NA,NA,NA,NA,NA,919_2,NA,NA,1,NA,NA,NA,NA
sample4_SemiBin_82.fa,69.7267392241293,NA,NA,NA,NA,NA,919_3,NA,NA,1,NA,NA,NA,NA
sample10_SemiBin_153.fa,55.15299042751004,NA,NA,NA,NA,NA,919_4,NA,NA,1,NA,NA,NA,NA
sample3_SemiBin_45.fa,62.18092293536194,NA,NA,NA,NA,NA,919_5,NA,NA,1,NA,NA,NA,NA
sample8_SemiBin_165.fa,44.81579763200254,NA,NA,NA,NA,NA,919_6,NA,NA,1,NA,NA,NA,NA
sample18_SemiBin_45.fa,96.08756056781571,NA,NA,NA,NA,NA,920_1,NA,NA,2,99.29,99.29,NA,NA
sample1_SemiBin_43.fa,87.46195871107291,NA,NA,NA,NA,NA,920_2,NA,NA,1,NA,NA,NA,NA
sample4_SemiBin_219.fa,63.50559816765212,NA,NA,NA,NA,NA,920_3,NA,NA,1,NA,NA,NA,NA
sample23_SemiBin_66.fa,67.31341502085614,NA,NA,NA,NA,NA,920_4,NA,NA,1,NA,NA,NA,NA
sample3_SemiBin_116.fa,59.1168917102195,NA,NA,NA,NA,NA,920_5,NA,NA,1,NA,NA,NA,NA
sample16_SemiBin_190.fa,73.19592488997198,NA,NA,NA,NA,NA,920_6,NA,NA,1,NA,NA,NA,NA
sample7_SemiBin_90.fa,66.6349647800423,NA,NA,NA,NA,NA,920_7,NA,NA,1,NA,NA,NA,NA
sample22_SemiBin_144.fa,68.29235423081991,NA,NA,NA,NA,NA,920_8,NA,NA,1,NA,NA,NA,NA
sample15_SemiBin_142.fa,53.17975742924092,NA,NA,NA,NA,NA,920_9,NA,NA,1,NA,NA,NA,NA
sample13_SemiBin_108.fa,46.926909825622296,NA,NA,NA,NA,NA,920_10,NA,NA,1,NA,NA,NA,NA
sample21_SemiBin_90.fa,30.691686108215148,NA,NA,NA,NA,NA,920_11,NA,NA,1,NA,NA,NA,NA
sample18_SemiBin_119.fa,81.96048791809092,NA,NA,NA,NA,NA,921_1,NA,NA,1,NA,NA,NA,NA
sample4_SemiBin_48.fa,58.98907022952398,NA,NA,NA,NA,NA,921_2,NA,NA,1,NA,NA,NA,NA
sample11_SemiBin_20.fa,93.2021582288742,NA,NA,NA,NA,NA,922_1,NA,NA,1,NA,NA,NA,NA
sample12_SemiBin_22.fa,81.32470573677571,NA,NA,NA,NA,NA,922_2,NA,NA,1,NA,NA,NA,NA
sample1_SemiBin_30.fa,91.4145320352872,NA,NA,NA,NA,NA,922_3,NA,NA,1,NA,NA,NA,NA
sample21_SemiBin_13.fa,89.54441678002588,NA,NA,NA,NA,NA,922_4,NA,NA,1,NA,NA,NA,NA
sample13_SemiBin_41.fa,82.40441979986961,NA,NA,NA,NA,NA,922_5,NA,NA,1,NA,NA,NA,NA
sample17_SemiBin_104.fa,84.83339600353699,NA,NA,NA,NA,NA,922_6,NA,NA,1,NA,NA,NA,NA
sample25_SemiBin_127.fa,46.86895820461866,NA,NA,NA,NA,NA,922_7,NA,NA,1,NA,NA,NA,NA
sample19_SemiBin_183.fa,38.40562068114258,NA,NA,NA,NA,NA,923_0,NA,NA,1,NA,NA,NA,NA
sample12_SemiBin_18.fa,55.47701102859602,NA,NA,NA,NA,NA,924_0,NA,NA,1,NA,NA,NA,NA
sample15_SemiBin_39.fa,62.37862727790818,NA,NA,NA,NA,NA,925_1,NA,NA,1,NA,NA,NA,NA
sample20_SemiBin_95.fa,62.61733322251536,NA,NA,NA,NA,NA,925_2,NA,NA,1,NA,NA,NA,NA
sample21_SemiBin_107.fa,80.9105409834321,NA,NA,NA,NA,NA,925_3,NA,NA,1,NA,NA,NA,NA
sample7_SemiBin_15.fa,85.74416451892421,NA,NA,NA,NA,NA,925_4,NA,NA,1,NA,NA,NA,NA
sample25_SemiBin_240.fa,38.74145678632534,NA,NA,NA,NA,NA,925_5,NA,NA,1,NA,NA,NA,NA
sample22_SemiBin_115.fa,62.389597818286376,NA,NA,NA,NA,NA,925_6,NA,NA,1,NA,NA,NA,NA
sample26_SemiBin_113.fa,51.83206281463044,NA,NA,NA,NA,NA,925_7,NA,NA,1,NA,NA,NA,NA
sample1_SemiBin_199.fa,38.18304134019536,NA,NA,NA,NA,NA,925_8,NA,NA,1,NA,NA,NA,NA
cpsnj03_SemiBin_27.fa,64.83078605955725,NA,NA,NA,NA,NA,925_9,NA,NA,1,NA,NA,NA,NA
snj03_SemiBin_98.fa,60.73439411268762,NA,NA,NA,NA,NA,925_10,NA,NA,1,NA,NA,NA,NA
snj08_SemiBin_122.fa,54.401945070036255,NA,NA,NA,NA,NA,925_11,NA,NA,1,NA,NA,NA,NA
sample16_SemiBin_85.fa,42.91435691094675,NA,NA,NA,NA,NA,925_12,NA,NA,1,NA,NA,NA,NA
sample13_SemiBin_63.fa,67.47197270329627,NA,NA,NA,NA,NA,925_13,NA,NA,1,NA,NA,NA,NA
sample21_SemiBin_108.fa,48.2323024362572,NA,NA,NA,NA,NA,926_0,NA,NA,1,NA,NA,NA,NA
cpsnj09_SemiBin_46.fa,65.57130230650671,NA,NA,NA,NA,NA,927_1,NA,NA,1,NA,NA,NA,NA
cpsnj10_SemiBin_28.fa,49.21129854924138,NA,NA,NA,NA,NA,927_2,NA,NA,1,NA,NA,NA,NA
snj14_SemiBin_36.fa,70.74191826925515,NA,NA,NA,NA,NA,927_3,NA,NA,1,NA,NA,NA,NA
cpsnj13_SemiBin_76.fa,28.041584601614574,NA,NA,NA,NA,NA,927_4,NA,NA,1,NA,NA,NA,NA
cpsnj04_SemiBin_7.fa,85.40590187959542,NA,NA,NA,NA,NA,927_5,NA,NA,1,NA,NA,NA,NA
snj20_SemiBin_28.fa,58.89097799536452,NA,NA,NA,NA,NA,927_6,NA,NA,1,NA,NA,NA,NA
sample28_SemiBin_5.fa,89.78235411416644,NA,NA,NA,NA,NA,927_7,NA,NA,1,NA,NA,NA,NA
sample14_SemiBin_1582.fa,17.734561241223126,NA,NA,NA,NA,NA,927_8,NA,NA,1,NA,NA,NA,NA
cpsnj16_SemiBin_23.fa,79.62958105751056,NA,NA,NA,NA,NA,928_1,NA,NA,1,NA,NA,NA,NA
snj11_SemiBin_50.fa,69.61907483783344,NA,NA,NA,NA,NA,928_2,NA,NA,1,NA,NA,NA,NA
snj08_SemiBin_68.fa,59.23006395434401,NA,NA,NA,NA,NA,928_3,NA,NA,1,NA,NA,NA,NA
snj16_SemiBin_64.fa,75.9345290688555,NA,NA,NA,NA,NA,928_4,NA,NA,1,NA,NA,NA,NA
cpsnj11_SemiBin_39.fa,93.91142493507527,NA,NA,NA,NA,NA,928_5,NA,NA,1,NA,NA,NA,NA
cpsnj15_SemiBin_43.fa,47.61289557922016,NA,NA,NA,NA,NA,928_6,NA,NA,1,NA,NA,NA,NA
sample6_SemiBin_113.fa,27.51817700150931,NA,NA,NA,NA,NA,929_0,NA,NA,1,NA,NA,NA,NA
cpsnj04_SemiBin_228.fa,49.40145443739666,NA,NA,NA,NA,NA,930_1,NA,NA,1,NA,NA,NA,NA
cpsnj09_SemiBin_64.fa,81.84548748482685,NA,NA,NA,NA,NA,930_2,NA,NA,1,NA,NA,NA,NA
sample19_SemiBin_161.fa,59.37272042633002,NA,NA,NA,NA,NA,931_1,NA,NA,1,NA,NA,NA,NA
sample29_SemiBin_12.fa,89.87973470122093,NA,NA,NA,NA,NA,931_2,NA,NA,1,NA,NA,NA,NA
sample30_SemiBin_1138.fa,8.951242921177212,NA,NA,NA,NA,NA,931_3,NA,NA,1,NA,NA,NA,NA
sample13_SemiBin_114.fa,19.562486351968285,NA,NA,NA,NA,NA,932_1,NA,NA,1,NA,NA,NA,NA
sample17_SemiBin_272.fa,51.54176169684735,NA,NA,NA,NA,NA,932_2,NA,NA,1,NA,NA,NA,NA
sample21_SemiBin_3.fa,91.73128390483492,NA,NA,NA,NA,NA,933_1,NA,NA,1,NA,NA,NA,NA
sample22_SemiBin_25.fa,87.89471360248103,NA,NA,NA,NA,NA,933_2,NA,NA,1,NA,NA,NA,NA
sample20_SemiBin_20.fa,85.15922695895676,NA,NA,NA,NA,NA,933_3,NA,NA,1,NA,NA,NA,NA
sample15_SemiBin_24.fa,78.37071681345056,NA,NA,NA,NA,NA,933_4,NA,NA,1,NA,NA,NA,NA
sample25_SemiBin_85.fa,62.65322300403613,NA,NA,NA,NA,NA,933_5,NA,NA,1,NA,NA,NA,NA
sample17_SemiBin_29.fa,66.07405524835322,NA,NA,NA,NA,NA,933_6,NA,NA,1,NA,NA,NA,NA
sample26_SemiBin_23.fa,71.20719419097803,NA,NA,NA,NA,NA,933_7,NA,NA,1,NA,NA,NA,NA
sample3_SemiBin_50.fa,75.15767245490275,NA,NA,NA,NA,NA,933_8,NA,NA,1,NA,NA,NA,NA
sample8_SemiBin_54.fa,35.99702133497716,NA,NA,NA,NA,NA,933_9,NA,NA,1,NA,NA,NA,NA
sample5_SemiBin_59.fa,49.09272994845154,NA,NA,NA,NA,NA,933_10,NA,NA,1,NA,NA,NA,NA
sample6_SemiBin_5.fa,73.83447514543117,NA,NA,NA,NA,NA,933_11,NA,NA,1,NA,NA,NA,NA
cpsnj03_SemiBin_1.fa,95.11199348997258,NA,NA,NA,NA,NA,933_12,NA,NA,2,99.19,99.19,NA,NA
snj19_SemiBin_42.fa,82.19489559791072,NA,NA,NA,NA,NA,933_13,NA,NA,1,NA,NA,NA,NA
cpsnj19_SemiBin_47.fa,71.87347705067091,NA,NA,NA,NA,NA,933_14,NA,NA,1,NA,NA,NA,NA
cpsnj04_SemiBin_19.fa,73.03869941778136,NA,NA,NA,NA,NA,933_15,NA,NA,1,NA,NA,NA,NA
snj04_SemiBin_11.fa,74.22909042257093,NA,NA,NA,NA,NA,933_16,NA,NA,1,NA,NA,NA,NA
sample2_SemiBin_55.fa,51.03576716970784,NA,NA,NA,NA,NA,933_17,NA,NA,1,NA,NA,NA,NA
sample7_SemiBin_32.fa,81.38830684029445,NA,NA,NA,NA,NA,933_18,NA,NA,1,NA,NA,NA,NA
sample13_SemiBin_96.fa,78.31106315181296,NA,NA,NA,NA,NA,933_19,NA,NA,1,NA,NA,NA,NA
sample18_SemiBin_11.fa,88.46366936790334,NA,NA,NA,NA,NA,933_20,NA,NA,1,NA,NA,NA,NA
sample1_SemiBin_124.fa,60.53555263496287,NA,NA,NA,NA,NA,933_21,NA,NA,1,NA,NA,NA,NA
sample16_SemiBin_38.fa,79.50520283059156,NA,NA,NA,NA,NA,933_22,NA,NA,1,NA,NA,NA,NA
sample23_SemiBin_95.fa,40.922475438823845,NA,NA,NA,NA,NA,933_23,NA,NA,1,NA,NA,NA,NA
sample27_SemiBin_39.fa,68.10275410310967,NA,NA,NA,NA,NA,933_24,NA,NA,1,NA,NA,NA,NA
sample25_SemiBin_108.fa,19.288180276836663,NA,NA,NA,NA,NA,933_25,NA,NA,1,NA,NA,NA,NA
sample19_SemiBin_162.fa,32.96906425356413,NA,NA,NA,NA,NA,933_26,NA,NA,1,NA,NA,NA,NA
cpsnj02_SemiBin_1617.fa,9.416136694156474,NA,NA,NA,NA,NA,934_0,NA,NA,1,NA,NA,NA,NA
snj20_SemiBin_21.fa,78.26281084229981,NA,NA,NA,NA,NA,935_0,NA,NA,1,NA,NA,NA,NA
cpsnj15_SemiBin_13.fa,63.86543140196429,NA,NA,NA,NA,NA,936_0,NA,NA,1,NA,NA,NA,NA
sample19_SemiBin_92.fa,58.4970805820106,NA,NA,NA,NA,NA,937_0,NA,NA,1,NA,NA,NA,NA
cpsnj09_SemiBin_377.fa,54.65057934626656,NA,NA,NA,NA,NA,938_1,NA,NA,1,NA,NA,NA,NA
cpsnj10_SemiBin_41.fa,58.3336045508591,NA,NA,NA,NA,NA,938_2,NA,NA,1,NA,NA,NA,NA
cpsnj13_SemiBin_47.fa,82.52763740509106,NA,NA,NA,NA,NA,938_3,NA,NA,1,NA,NA,NA,NA
cpsnj14_SemiBin_133.fa,59.43097811299171,NA,NA,NA,NA,NA,938_4,NA,NA,1,NA,NA,NA,NA
snj14_SemiBin_96.fa,56.11024479520484,NA,NA,NA,NA,NA,938_5,NA,NA,1,NA,NA,NA,NA
sample14_SemiBin_15.fa,68.99633288952603,NA,NA,NA,NA,NA,939_1,NA,NA,1,NA,NA,NA,NA
sample18_SemiBin_125.fa,67.80926685875947,NA,NA,NA,NA,NA,939_2,NA,NA,1,NA,NA,NA,NA
cpsnj08_SemiBin_63.fa,78.82538984391482,NA,NA,NA,NA,NA,939_3,NA,NA,2,99.24,99.24,NA,NA
snj16_SemiBin_35.fa,63.165727768647535,NA,NA,NA,NA,NA,939_4,NA,NA,1,NA,NA,NA,NA
snj15_SemiBin_9.fa,87.66360259100323,NA,NA,NA,NA,NA,939_5,NA,NA,1,NA,NA,NA,NA
snj11_SemiBin_49.fa,68.28498104813346,NA,NA,NA,NA,NA,939_6,NA,NA,1,NA,NA,NA,NA
snj10_SemiBin_17.fa,82.25526386102588,NA,NA,NA,NA,NA,939_7,NA,NA,1,NA,NA,NA,NA
cpsnj11_SemiBin_95.fa,69.50552020490558,NA,NA,NA,NA,NA,939_8,NA,NA,1,NA,NA,NA,NA
cpsnj16_SemiBin_239.fa,33.126742548022534,NA,NA,NA,NA,NA,939_9,NA,NA,1,NA,NA,NA,NA
sample26_SemiBin_112.fa,60.32383389730423,NA,NA,NA,NA,NA,939_10,NA,NA,1,NA,NA,NA,NA
snj09_SemiBin_23.fa,75.26492956412078,NA,NA,NA,NA,NA,939_11,NA,NA,1,NA,NA,NA,NA
cpsnj09_SemiBin_99.fa,53.5270716812114,NA,NA,NA,NA,NA,939_12,NA,NA,1,NA,NA,NA,NA
snj14_SemiBin_34.fa,59.94441772631862,NA,NA,NA,NA,NA,939_13,NA,NA,1,NA,NA,NA,NA
snj08_SemiBin_97.fa,86.25728939102567,NA,NA,NA,NA,NA,940_1,NA,NA,3,99.20,99.15,NA,NA
cpsnj03_SemiBin_31.fa,71.57711431316261,NA,NA,NA,NA,NA,940_2,NA,NA,1,NA,NA,NA,NA
cpsnj10_SemiBin_291.fa,69.12959291047032,NA,NA,NA,NA,NA,940_3,NA,NA,1,NA,NA,NA,NA
snj03_SemiBin_69.fa,34.960336733358744,NA,NA,NA,NA,NA,940_4,NA,NA,1,NA,NA,NA,NA
sample20_SemiBin_212.fa,52.96185775117428,NA,NA,NA,NA,NA,940_5,NA,NA,1,NA,NA,NA,NA
sample28_SemiBin_1337.fa,6.970172153345539,NA,NA,NA,NA,NA,940_6,NA,NA,1,NA,NA,NA,NA
snj16_SemiBin_77.fa,42.78745682404037,NA,NA,NA,NA,NA,941_0,NA,NA,1,NA,NA,NA,NA
sample11_SemiBin_32.fa,59.69489391620757,NA,NA,NA,NA,NA,942_0,NA,NA,1,NA,NA,NA,NA
sample17_SemiBin_74.fa,56.513570017754176,NA,NA,NA,NA,NA,943_1,NA,NA,1,NA,NA,NA,NA
sample18_SemiBin_193.fa,70.1944729078204,NA,NA,NA,NA,NA,943_2,NA,NA,1,NA,NA,NA,NA
sample20_SemiBin_65.fa,78.74725203985344,NA,NA,NA,NA,NA,944_1,NA,NA,1,NA,NA,NA,NA
sample21_SemiBin_43.fa,66.36058059075499,NA,NA,NA,NA,NA,944_2,NA,NA,1,NA,NA,NA,NA
sample13_SemiBin_172.fa,51.879807661763465,NA,NA,NA,NA,NA,944_3,NA,NA,1,NA,NA,NA,NA
sample11_SemiBin_122.fa,47.0166841077676,NA,NA,NA,NA,NA,944_4,NA,NA,1,NA,NA,NA,NA
sample27_SemiBin_57.fa,55.44591891975987,NA,NA,NA,NA,NA,944_5,NA,NA,1,NA,NA,NA,NA
sample29_SemiBin_135.fa,31.471177524572933,NA,NA,NA,NA,NA,945_0,NA,NA,1,NA,NA,NA,NA
sample29_SemiBin_43.fa,73.50929342077097,NA,NA,NA,NA,NA,946_0,NA,NA,1,NA,NA,NA,NA
sample19_SemiBin_4.fa,98.20116718731325,NA,NA,NA,NA,NA,947_1,NA,NA,1,NA,NA,NA,NA
sample22_SemiBin_194.fa,55.4006212807956,NA,NA,NA,NA,NA,947_2,NA,NA,1,NA,NA,NA,NA
sample19_SemiBin_20.fa,82.07582620703678,NA,NA,NA,NA,NA,948_1,NA,NA,1,NA,NA,NA,NA
snj15_SemiBin_24.fa,63.31656260070596,NA,NA,NA,NA,NA,948_2,NA,NA,1,NA,NA,NA,NA
sample19_SemiBin_10.fa,74.43221199607116,NA,NA,NA,NA,NA,949_1,NA,NA,1,NA,NA,NA,NA
snj15_SemiBin_52.fa,72.65725107797738,NA,NA,NA,NA,NA,949_2,NA,NA,1,NA,NA,NA,NA
cpsnj02_SemiBin_146.fa,42.72889372886729,NA,NA,NA,NA,NA,950_1,NA,NA,1,NA,NA,NA,NA
cpsnj20_SemiBin_35.fa,70.56907579511633,NA,NA,NA,NA,NA,950_2,NA,NA,1,NA,NA,NA,NA
cpsnj19_SemiBin_4.fa,55.01326567430485,NA,NA,NA,NA,NA,950_3,NA,NA,1,NA,NA,NA,NA
snj19_SemiBin_81.fa,73.03702663281953,NA,NA,NA,NA,NA,950_4,NA,NA,1,NA,NA,NA,NA
cpsnj03_SemiBin_30.fa,61.97143052048204,NA,NA,NA,NA,NA,950_5,NA,NA,1,NA,NA,NA,NA
sample19_SemiBin_8.fa,90.4835081088988,NA,NA,NA,NA,NA,950_6,NA,NA,1,NA,NA,NA,NA
sample30_SemiBin_80.fa,51.29503027636616,NA,NA,NA,NA,NA,950_7,NA,NA,1,NA,NA,NA,NA
sample26_SemiBin_78.fa,54.70961291938438,NA,NA,NA,NA,NA,951_0,NA,NA,1,NA,NA,NA,NA
snj14_SemiBin_74.fa,55.90592685982679,NA,NA,NA,NA,NA,952_0,NA,NA,1,NA,NA,NA,NA
sample19_SemiBin_96.fa,53.97019213993192,NA,NA,NA,NA,NA,953_0,NA,NA,1,NA,NA,NA,NA
snj15_SemiBin_73.fa,66.93215993106483,NA,NA,NA,NA,NA,954_0,NA,NA,1,NA,NA,NA,NA
sample17_SemiBin_171.fa,59.14012865541613,NA,NA,NA,NA,NA,955_0,NA,NA,1,NA,NA,NA,NA
cpsnj02_SemiBin_112.fa,61.14827875557171,NA,NA,NA,NA,NA,956_1,NA,NA,1,NA,NA,NA,NA
sample30_SemiBin_31.fa,61.84691314494531,NA,NA,NA,NA,NA,956_2,NA,NA,1,NA,NA,NA,NA
sample19_SemiBin_18.fa,94.87774779174391,NA,NA,NA,NA,NA,957_0,NA,NA,1,NA,NA,NA,NA
cpsnj02_SemiBin_97.fa,47.49694417980583,NA,NA,NA,NA,NA,958_1,NA,NA,1,NA,NA,NA,NA
snj02_SemiBin_23.fa,78.67751152885113,NA,NA,NA,NA,NA,958_2,NA,NA,1,NA,NA,NA,NA
cpsnj10_SemiBin_93.fa,65.37605400646497,NA,NA,NA,NA,NA,959_1,NA,NA,1,NA,NA,NA,NA
snj09_SemiBin_97.fa,51.5499743726141,NA,NA,NA,NA,NA,959_2,NA,NA,1,NA,NA,NA,NA
cpsnj04_SemiBin_83.fa,52.64114624914102,NA,NA,NA,NA,NA,959_3,NA,NA,1,NA,NA,NA,NA
cpsnj20_SemiBin_221.fa,34.153799081839914,NA,NA,NA,NA,NA,959_4,NA,NA,1,NA,NA,NA,NA
sample28_SemiBin_65.fa,34.42944438515865,NA,NA,NA,NA,NA,959_5,NA,NA,1,NA,NA,NA,NA
cpsnj01_SemiBin_61.fa,52.05833855649662,NA,NA,NA,NA,NA,960_1,NA,NA,1,NA,NA,NA,NA
sample28_SemiBin_22.fa,51.7212715223342,NA,NA,NA,NA,NA,960_2,NA,NA,1,NA,NA,NA,NA
sample16_SemiBin_42.fa,72.33744320237653,NA,NA,NA,NA,NA,960_3,NA,NA,1,NA,NA,NA,NA
sample6_SemiBin_18.fa,64.7684575833218,NA,NA,NA,NA,NA,960_4,NA,NA,1,NA,NA,NA,NA
sample13_SemiBin_188.fa,60.8761980191914,NA,NA,NA,NA,NA,960_5,NA,NA,1,NA,NA,NA,NA
sample18_SemiBin_4.fa,97.92705471368215,NA,NA,NA,NA,NA,960_6,NA,NA,1,NA,NA,NA,NA
sample25_SemiBin_101.fa,29.45526568672973,NA,NA,NA,NA,NA,960_7,NA,NA,1,NA,NA,NA,NA
sample27_SemiBin_9.fa,67.73947506593761,NA,NA,NA,NA,NA,960_8,NA,NA,1,NA,NA,NA,NA
sample8_SemiBin_74.fa,72.73454541991322,NA,NA,NA,NA,NA,960_9,NA,NA,1,NA,NA,NA,NA
sample17_SemiBin_102.fa,32.83255424691081,NA,NA,NA,NA,NA,960_10,NA,NA,1,NA,NA,NA,NA
sample26_SemiBin_82.fa,66.93061322170988,NA,NA,NA,NA,NA,960_11,NA,NA,1,NA,NA,NA,NA
sample1_SemiBin_135.fa,58.89579573780795,NA,NA,NA,NA,NA,960_12,NA,NA,1,NA,NA,NA,NA
sample9_SemiBin_36.fa,66.77610489066811,NA,NA,NA,NA,NA,960_13,NA,NA,1,NA,NA,NA,NA
sample2_SemiBin_34.fa,60.56206980129049,NA,NA,NA,NA,NA,960_14,NA,NA,1,NA,NA,NA,NA
sample7_SemiBin_160.fa,26.998198551695516,NA,NA,NA,NA,NA,960_15,NA,NA,1,NA,NA,NA,NA
sample24_SemiBin_11.fa,59.85462446401152,NA,NA,NA,NA,NA,960_16,NA,NA,1,NA,NA,NA,NA
snj04_SemiBin_49.fa,37.8950721054794,NA,NA,NA,NA,NA,960_17,NA,NA,1,NA,NA,NA,NA
sample15_SemiBin_113.fa,51.919950966178575,NA,NA,NA,NA,NA,960_18,NA,NA,1,NA,NA,NA,NA
sample11_SemiBin_54.fa,62.61499391933448,NA,NA,NA,NA,NA,960_19,NA,NA,1,NA,NA,NA,NA
sample19_SemiBin_121.fa,33.80668329820898,NA,NA,NA,NA,NA,960_20,NA,NA,1,NA,NA,NA,NA
cpsnj03_SemiBin_85.fa,40.847991848997886,NA,NA,NA,NA,NA,960_21,NA,NA,1,NA,NA,NA,NA
cpsnj04_SemiBin_70.fa,64.19212444734791,NA,NA,NA,NA,NA,960_22,NA,NA,1,NA,NA,NA,NA
cpsnj15_SemiBin_52.fa,39.76758258778322,NA,NA,NA,NA,NA,960_23,NA,NA,1,NA,NA,NA,NA
sample29_SemiBin_141.fa,51.58995786791668,NA,NA,NA,NA,NA,961_0,NA,NA,1,NA,NA,NA,NA
sample19_SemiBin_187.fa,55.64515341263412,NA,NA,NA,NA,NA,962_0,NA,NA,1,NA,NA,NA,NA
sample29_SemiBin_15.fa,92.60694342771716,NA,NA,NA,NA,NA,963_0,NA,NA,1,NA,NA,NA,NA
sample19_SemiBin_74.fa,53.65027682752893,NA,NA,NA,NA,NA,964_0,NA,NA,1,NA,NA,NA,NA
cpsnj09_SemiBin_3.fa,99.89515317799577,NA,NA,NA,NA,NA,965_1,NA,NA,3,99.34,99.28,NA,NA
sample19_SemiBin_90.fa,81.28414668311916,NA,NA,NA,NA,NA,966_1,NA,NA,1,NA,NA,NA,NA
sample25_SemiBin_110.fa,68.2856326006429,NA,NA,NA,NA,NA,966_2,NA,NA,1,NA,NA,NA,NA
sample11_SemiBin_6.fa,84.7974243494259,NA,NA,NA,NA,NA,966_3,NA,NA,1,NA,NA,NA,NA
sample13_SemiBin_21.fa,95.50080165805274,NA,NA,NA,NA,NA,966_4,NA,NA,1,NA,NA,NA,NA
sample1_SemiBin_23.fa,94.62146835446988,NA,NA,NA,NA,NA,966_5,NA,NA,1,NA,NA,NA,NA
sample7_SemiBin_281.fa,44.01497126733991,NA,NA,NA,NA,NA,966_6,NA,NA,1,NA,NA,NA,NA
sample15_SemiBin_49.fa,88.38200829100643,NA,NA,NA,NA,NA,966_7,NA,NA,1,NA,NA,NA,NA
sample30_SemiBin_5.fa,91.39017959063582,NA,NA,NA,NA,NA,966_8,NA,NA,1,NA,NA,NA,NA
sample18_SemiBin_31.fa,96.8206640890636,NA,NA,NA,NA,NA,966_9,NA,NA,1,NA,NA,NA,NA
cpsnj04_SemiBin_6.fa,98.08946761202368,NA,NA,NA,NA,NA,966_10,NA,NA,1,NA,NA,NA,NA
snj04_SemiBin_7.fa,76.96046450275975,NA,NA,NA,NA,NA,966_11,NA,NA,1,NA,NA,NA,NA
sample16_SemiBin_122.fa,83.66770513641814,NA,NA,NA,NA,NA,966_12,NA,NA,1,NA,NA,NA,NA
sample21_SemiBin_23.fa,68.37846680394803,NA,NA,NA,NA,NA,966_13,NA,NA,1,NA,NA,NA,NA
sample22_SemiBin_113.fa,87.6854040488064,NA,NA,NA,NA,NA,966_14,NA,NA,1,NA,NA,NA,NA
sample12_SemiBin_49.fa,41.47812099702329,NA,NA,NA,NA,NA,966_15,NA,NA,1,NA,NA,NA,NA
cpsnj09_SemiBin_87.fa,75.22810697270393,NA,NA,NA,NA,NA,967_1,NA,NA,1,NA,NA,NA,NA
cpsnj16_SemiBin_64.fa,77.49291078683783,NA,NA,NA,NA,NA,967_2,NA,NA,1,NA,NA,NA,NA
cpsnj14_SemiBin_164.fa,40.82997441732482,NA,NA,NA,NA,NA,967_3,NA,NA,1,NA,NA,NA,NA
cpsnj13_SemiBin_17.fa,85.62255297079642,NA,NA,NA,NA,NA,967_4,NA,NA,1,NA,NA,NA,NA
sample30_SemiBin_87.fa,62.632481436873256,NA,NA,NA,NA,NA,967_5,NA,NA,1,NA,NA,NA,NA
sample13_SemiBin_77.fa,71.79747711992503,NA,NA,NA,NA,NA,968_1,NA,NA,1,NA,NA,NA,NA
sample18_SemiBin_92.fa,76.04859650054135,NA,NA,NA,NA,NA,968_2,NA,NA,1,NA,NA,NA,NA
sample27_SemiBin_14.fa,77.97782355209426,NA,NA,NA,NA,NA,968_3,NA,NA,1,NA,NA,NA,NA
sample23_SemiBin_12.fa,95.32920273651897,NA,NA,NA,NA,NA,968_4,NA,NA,1,NA,NA,NA,NA
sample26_SemiBin_6.fa,94.84340881304912,NA,NA,NA,NA,NA,968_5,NA,NA,1,NA,NA,NA,NA
sample2_SemiBin_38.fa,78.25593737937136,NA,NA,NA,NA,NA,968_6,NA,NA,1,NA,NA,NA,NA
sample7_SemiBin_88.fa,94.06280300358296,NA,NA,NA,NA,NA,968_7,NA,NA,1,NA,NA,NA,NA
sample15_SemiBin_14.fa,90.27019460590442,NA,NA,NA,NA,NA,968_8,NA,NA,1,NA,NA,NA,NA
sample20_SemiBin_11.fa,96.07997187899478,NA,NA,NA,NA,NA,968_9,NA,NA,1,NA,NA,NA,NA
sample16_SemiBin_2.fa,97.35233743965958,NA,NA,NA,NA,NA,968_10,NA,NA,1,NA,NA,NA,NA
snj08_SemiBin_1.fa,96.45285623316686,NA,NA,NA,NA,NA,968_11,NA,NA,1,NA,NA,NA,NA
sample4_SemiBin_5.fa,95.40534310181104,NA,NA,NA,NA,NA,968_12,NA,NA,1,NA,NA,NA,NA
sample3_SemiBin_2.fa,88.84517530325887,NA,NA,NA,NA,NA,968_13,NA,NA,1,NA,NA,NA,NA
sample19_SemiBin_72.fa,71.69299783347434,NA,NA,NA,NA,NA,968_14,NA,NA,1,NA,NA,NA,NA
sample25_SemiBin_54.fa,77.03157452826957,NA,NA,NA,NA,NA,968_15,NA,NA,1,NA,NA,NA,NA
sample1_SemiBin_99.fa,67.07352634608911,NA,NA,NA,NA,NA,968_16,NA,NA,1,NA,NA,NA,NA
sample17_SemiBin_103.fa,64.29775867107297,NA,NA,NA,NA,NA,968_17,NA,NA,1,NA,NA,NA,NA
snj13_SemiBin_72.fa,53.00834897800284,NA,NA,NA,NA,NA,968_18,NA,NA,1,NA,NA,NA,NA
cpsnj03_SemiBin_2.fa,94.653755391733,NA,NA,NA,NA,NA,968_19,NA,NA,1,NA,NA,NA,NA
snj03_SemiBin_45.fa,72.83467293790518,NA,NA,NA,NA,NA,968_20,NA,NA,1,NA,NA,NA,NA
cpsnj08_SemiBin_22.fa,85.35234915860121,NA,NA,NA,NA,NA,968_21,NA,NA,1,NA,NA,NA,NA
cpsnj16_SemiBin_11.fa,96.1636596553856,NA,NA,NA,NA,NA,968_22,NA,NA,1,NA,NA,NA,NA
cpsnj04_SemiBin_43.fa,66.85244313310146,NA,NA,NA,NA,NA,968_23,NA,NA,1,NA,NA,NA,NA
cpsnj14_SemiBin_137.fa,58.63337019492146,NA,NA,NA,NA,NA,968_24,NA,NA,1,NA,NA,NA,NA
sample22_SemiBin_143.fa,18.184482332972227,NA,NA,NA,NA,NA,968_25,NA,NA,1,NA,NA,NA,NA
sample14_SemiBin_1577.fa,14.090528731973318,NA,NA,NA,NA,NA,968_26,NA,NA,1,NA,NA,NA,NA
sample13_SemiBin_106.fa,57.60020714194963,NA,NA,NA,NA,NA,969_1,NA,NA,1,NA,NA,NA,NA
sample1_SemiBin_244.fa,6.357263513896558,NA,NA,NA,NA,NA,969_2,NA,NA,1,NA,NA,NA,NA
sample19_SemiBin_103.fa,48.49108534539696,NA,NA,NA,NA,NA,970_0,NA,NA,1,NA,NA,NA,NA
sample11_SemiBin_99.fa,59.22081019830758,NA,NA,NA,NA,NA,971_0,NA,NA,1,NA,NA,NA,NA
sample19_SemiBin_46.fa,69.77257312212105,NA,NA,NA,NA,NA,972_0,NA,NA,1,NA,NA,NA,NA
cpsnj20_SemiBin_10.fa,92.08407092234144,NA,NA,NA,NA,NA,973_0,NA,NA,1,NA,NA,NA,NA
cpsnj20_SemiBin_41.fa,91.39384652957168,NA,NA,NA,NA,NA,974_0,NA,NA,1,NA,NA,NA,NA
cpsnj20_SemiBin_72.fa,53.76207741197434,NA,NA,NA,NA,NA,975_0,NA,NA,1,NA,NA,NA,NA
cpsnj03_SemiBin_61.fa,63.90620008816659,NA,NA,NA,NA,NA,976_1,NA,NA,1,NA,NA,NA,NA
cpsnj19_SemiBin_102.fa,55.96528858280889,NA,NA,NA,NA,NA,976_2,NA,NA,1,NA,NA,NA,NA
snj19_SemiBin_121.fa,24.836454365420444,NA,NA,NA,NA,NA,976_3,NA,NA,1,NA,NA,NA,NA
sample29_SemiBin_14.fa,84.18932414666756,NA,NA,NA,NA,NA,977_0,NA,NA,1,NA,NA,NA,NA
snj20_SemiBin_85.fa,65.93748010809223,NA,NA,NA,NA,NA,978_0,NA,NA,1,NA,NA,NA,NA
cpsnj01_SemiBin_8.fa,91.9105010016396,NA,NA,NA,NA,NA,979_1,NA,NA,1,NA,NA,NA,NA
snj01_SemiBin_47.fa,50.93807357157775,NA,NA,NA,NA,NA,979_2,NA,NA,1,NA,NA,NA,NA
sample19_SemiBin_86.fa,60.57483452309048,NA,NA,NA,NA,NA,980_0,NA,NA,1,NA,NA,NA,NA
sample6_SemiBin_264.fa,33.24805476703424,NA,NA,NA,NA,NA,981_0,NA,NA,1,NA,NA,NA,NA
sample19_SemiBin_22.fa,70.07123445253733,NA,NA,NA,NA,NA,982_0,NA,NA,1,NA,NA,NA,NA
sample18_SemiBin_3.fa,97.90036539163978,NA,NA,NA,NA,NA,983_1,NA,NA,2,99.14,99.14,NA,NA
sample18_SemiBin_218.fa,89.46621913411116,NA,NA,NA,NA,NA,984_1,NA,NA,2,99.08,99.08,NA,NA
sample17_SemiBin_90.fa,68.10977787150293,NA,NA,NA,NA,NA,984_2,NA,NA,1,NA,NA,NA,NA
sample19_SemiBin_138.fa,63.78638126770284,NA,NA,NA,NA,NA,985_1,NA,NA,1,NA,NA,NA,NA
sample29_SemiBin_46.fa,88.71576675929629,NA,NA,NA,NA,NA,985_2,NA,NA,1,NA,NA,NA,NA
sample16_SemiBin_17.fa,87.73239128983559,NA,NA,NA,NA,NA,986_1,NA,NA,1,NA,NA,NA,NA
sample6_SemiBin_20.fa,86.54600868697709,NA,NA,NA,NA,NA,986_2,NA,NA,1,NA,NA,NA,NA
sample7_SemiBin_44.fa,75.08228575508727,NA,NA,NA,NA,NA,986_3,NA,NA,1,NA,NA,NA,NA
sample30_SemiBin_19.fa,47.27314815613003,NA,NA,NA,NA,NA,986_4,NA,NA,1,NA,NA,NA,NA
sample17_SemiBin_26.fa,71.57295303797434,NA,NA,NA,NA,NA,986_5,NA,NA,1,NA,NA,NA,NA
sample25_SemiBin_103.fa,73.47172232389573,NA,NA,NA,NA,NA,986_6,NA,NA,1,NA,NA,NA,NA
sample21_SemiBin_10.fa,92.8975276515384,NA,NA,NA,NA,NA,986_7,NA,NA,1,NA,NA,NA,NA
sample22_SemiBin_15.fa,91.55359139428086,NA,NA,NA,NA,NA,986_8,NA,NA,1,NA,NA,NA,NA
sample15_SemiBin_107.fa,53.67957234967765,NA,NA,NA,NA,NA,986_9,NA,NA,1,NA,NA,NA,NA
sample4_SemiBin_11.fa,89.37754663676193,NA,NA,NA,NA,NA,986_10,NA,NA,1,NA,NA,NA,NA
sample8_SemiBin_21.fa,63.22029688834372,NA,NA,NA,NA,NA,986_11,NA,NA,1,NA,NA,NA,NA
sample3_SemiBin_7.fa,88.58050633961943,NA,NA,NA,NA,NA,986_12,NA,NA,1,NA,NA,NA,NA
cpsnj03_SemiBin_56.fa,64.18339408886582,NA,NA,NA,NA,NA,986_13,NA,NA,1,NA,NA,NA,NA
snj19_SemiBin_40.fa,79.63651092025002,NA,NA,NA,NA,NA,986_14,NA,NA,1,NA,NA,NA,NA
cpsnj19_SemiBin_60.fa,69.57321831895314,NA,NA,NA,NA,NA,986_15,NA,NA,1,NA,NA,NA,NA
cpsnj08_SemiBin_11.fa,74.10777027790675,NA,NA,NA,NA,NA,987_1,NA,NA,1,NA,NA,NA,NA
snj08_SemiBin_12.fa,84.20511319199613,NA,NA,NA,NA,NA,987_2,NA,NA,1,NA,NA,NA,NA
cpsnj16_SemiBin_99.fa,59.06173835423899,NA,NA,NA,NA,NA,987_3,NA,NA,1,NA,NA,NA,NA
snj13_SemiBin_3.fa,87.00510422058241,NA,NA,NA,NA,NA,987_4,NA,NA,1,NA,NA,NA,NA
snj19_SemiBin_78.fa,49.00361897782541,NA,NA,NA,NA,NA,987_5,NA,NA,1,NA,NA,NA,NA
snj03_SemiBin_77.fa,65.79944412479522,NA,NA,NA,NA,NA,987_6,NA,NA,1,NA,NA,NA,NA
cpsnj14_SemiBin_27.fa,78.50800972471522,NA,NA,NA,NA,NA,987_7,NA,NA,1,NA,NA,NA,NA
sample18_SemiBin_65.fa,76.65430397090351,NA,NA,NA,NA,NA,987_8,NA,NA,1,NA,NA,NA,NA
cpsnj04_SemiBin_76.fa,37.16885981974629,NA,NA,NA,NA,NA,988_1,NA,NA,1,NA,NA,NA,NA
sample13_SemiBin_74.fa,52.55647100534625,NA,NA,NA,NA,NA,988_2,NA,NA,1,NA,NA,NA,NA
sample15_SemiBin_62.fa,76.84440758581384,NA,NA,NA,NA,NA,989_1,NA,NA,1,NA,NA,NA,NA
sample18_SemiBin_29.fa,74.87740899729852,NA,NA,NA,NA,NA,989_2,NA,NA,1,NA,NA,NA,NA
cpsnj09_SemiBin_74.fa,62.435752341731465,NA,NA,NA,NA,NA,989_3,NA,NA,1,NA,NA,NA,NA
cpsnj13_SemiBin_31.fa,77.09156341259559,NA,NA,NA,NA,NA,989_4,NA,NA,1,NA,NA,NA,NA
cpsnj16_SemiBin_88.fa,50.87691509913362,NA,NA,NA,NA,NA,989_5,NA,NA,1,NA,NA,NA,NA
snj14_SemiBin_77.fa,45.43575212339292,NA,NA,NA,NA,NA,989_6,NA,NA,1,NA,NA,NA,NA
sample22_SemiBin_95.fa,63.86477865268349,NA,NA,NA,NA,NA,990_0,NA,NA,1,NA,NA,NA,NA
snj09_SemiBin_109.fa,31.129742601196984,NA,NA,NA,NA,NA,991_0,NA,NA,1,NA,NA,NA,NA
cpsnj14_SemiBin_244.fa,38.1083273905312,NA,NA,NA,NA,NA,992_0,NA,NA,1,NA,NA,NA,NA
cpsnj19_SemiBin_5.fa,92.89534271815036,NA,NA,NA,NA,NA,993_1,NA,NA,1,NA,NA,NA,NA
snj19_SemiBin_117.fa,40.01611095696264,NA,NA,NA,NA,NA,993_2,NA,NA,1,NA,NA,NA,NA
sample16_SemiBin_135.fa,57.50040450753963,NA,NA,NA,NA,NA,993_3,NA,NA,1,NA,NA,NA,NA
snj04_SemiBin_71.fa,52.50973356436918,NA,NA,NA,NA,NA,994_1,NA,NA,1,NA,NA,NA,NA
snj16_SemiBin_63.fa,52.38671468345195,NA,NA,NA,NA,NA,994_2,NA,NA,1,NA,NA,NA,NA
cpsnj04_SemiBin_113.fa,38.11244194572616,NA,NA,NA,NA,NA,994_3,NA,NA,1,NA,NA,NA,NA
sample20_SemiBin_192.fa,48.97147302877888,NA,NA,NA,NA,NA,995_0,NA,NA,1,NA,NA,NA,NA
snj15_SemiBin_49.fa,62.1609686833846,NA,NA,NA,NA,NA,996_0,NA,NA,1,NA,NA,NA,NA
cpsnj20_SemiBin_1612.fa,4.844353154452419,NA,NA,NA,NA,NA,997_0,NA,NA,1,NA,NA,NA,NA
cpsnj20_SemiBin_37.fa,69.91130761611994,NA,NA,NA,NA,NA,998_0,NA,NA,1,NA,NA,NA,NA
snj20_SemiBin_115.fa,40.71857310248391,NA,NA,NA,NA,NA,999_0,NA,NA,1,NA,NA,NA,NA
snj09_SemiBin_190.fa,48.41805771147852,NA,NA,NA,NA,NA,1000_0,NA,NA,1,NA,NA,NA,NA
cpsnj02_SemiBin_40.fa,46.02625429888825,NA,NA,NA,NA,NA,1001_1,NA,NA,1,NA,NA,NA,NA
snj02_SemiBin_14.fa,51.539030758515054,NA,NA,NA,NA,NA,1001_2,NA,NA,1,NA,NA,NA,NA
cpsnj09_SemiBin_137.fa,35.95292664095668,NA,NA,NA,NA,NA,1002_1,NA,NA,1,NA,NA,NA,NA
snj09_SemiBin_76.fa,62.88854694516514,NA,NA,NA,NA,NA,1002_2,NA,NA,1,NA,NA,NA,NA
snj13_SemiBin_38.fa,42.48947369002556,NA,NA,NA,NA,NA,1003_1,NA,NA,1,NA,NA,NA,NA
snj14_SemiBin_106.fa,51.708888359893486,NA,NA,NA,NA,NA,1003_2,NA,NA,1,NA,NA,NA,NA
snj11_SemiBin_12.fa,96.78528537015724,NA,NA,NA,NA,NA,1003_3,NA,NA,1,NA,NA,NA,NA
snj20_SemiBin_82.fa,51.77165509090586,NA,NA,NA,NA,NA,1003_4,NA,NA,1,NA,NA,NA,NA
snj03_SemiBin_94.fa,40.10161740804607,NA,NA,NA,NA,NA,1003_5,NA,NA,1,NA,NA,NA,NA
cpsnj01_SemiBin_21.fa,35.89256144222542,NA,NA,NA,NA,NA,1003_6,NA,NA,1,NA,NA,NA,NA
cpsnj19_SemiBin_111.fa,16.03432546410093,NA,NA,NA,NA,NA,1003_7,NA,NA,1,NA,NA,NA,NA
cpsnj16_SemiBin_256.fa,29.467472123735355,NA,NA,NA,NA,NA,1003_8,NA,NA,1,NA,NA,NA,NA
snj10_SemiBin_40.fa,47.51259398871232,NA,NA,NA,NA,NA,1003_9,NA,NA,1,NA,NA,NA,NA
cpsnj03_SemiBin_189.fa,40.51215217034277,NA,NA,NA,NA,NA,1004_0,NA,NA,1,NA,NA,NA,NA
snj10_SemiBin_298.fa,8.352424564793777,NA,NA,NA,NA,NA,1005_0,NA,NA,1,NA,NA,NA,NA
cpsnj20_SemiBin_47.fa,46.55445114819605,NA,NA,NA,NA,NA,1006_0,NA,NA,1,NA,NA,NA,NA
sample18_SemiBin_150.fa,57.85197507420929,NA,NA,NA,NA,NA,1007_0,NA,NA,1,NA,NA,NA,NA
cpsnj09_SemiBin_50.fa,77.90441083621472,NA,NA,NA,NA,NA,1008_1,NA,NA,1,NA,NA,NA,NA
snj09_SemiBin_103.fa,33.185890121457284,NA,NA,NA,NA,NA,1008_2,NA,NA,1,NA,NA,NA,NA
cpsnj13_SemiBin_110.fa,51.06333564659621,NA,NA,NA,NA,NA,1008_3,NA,NA,1,NA,NA,NA,NA
cpsnj10_SemiBin_131.fa,45.54502212949561,NA,NA,NA,NA,NA,1008_4,NA,NA,1,NA,NA,NA,NA
snj11_SemiBin_2054.fa,11.350219208031929,NA,NA,NA,NA,NA,1008_5,NA,NA,1,NA,NA,NA,NA
cpsnj10_SemiBin_1817.fa,15.82600500648938,NA,NA,NA,NA,NA,1009_0,NA,NA,1,NA,NA,NA,NA
cpsnj03_SemiBin_17.fa,72.84130096555248,NA,NA,NA,NA,NA,1010_1,NA,NA,4,99.32,99.00,NA,NA
cpsnj04_SemiBin_222.fa,19.813305274542955,NA,NA,NA,NA,NA,1010_2,NA,NA,1,NA,NA,NA,NA
cpsnj08_SemiBin_1244.fa,13.749084829194263,NA,NA,NA,NA,NA,1011_0,NA,NA,1,NA,NA,NA,NA
snj19_SemiBin_33.fa,84.35874071503945,NA,NA,NA,NA,NA,1012_0,NA,NA,1,NA,NA,NA,NA
sample15_SemiBin_119.fa,50.12325315140981,NA,NA,NA,NA,NA,1013_1,NA,NA,1,NA,NA,NA,NA
sample20_SemiBin_56.fa,75.08037432261027,NA,NA,NA,NA,NA,1013_2,NA,NA,1,NA,NA,NA,NA
cpsnj08_SemiBin_92.fa,31.887651411380848,NA,NA,NA,NA,NA,1013_3,NA,NA,1,NA,NA,NA,NA
snj08_SemiBin_92.fa,52.7826981274691,NA,NA,NA,NA,NA,1013_4,NA,NA,1,NA,NA,NA,NA
snj10_SemiBin_70.fa,39.54951823160816,NA,NA,NA,NA,NA,1013_5,NA,NA,1,NA,NA,NA,NA
snj19_SemiBin_1534.fa,9.374860429987208,NA,NA,NA,NA,NA,1014_0,NA,NA,1,NA,NA,NA,NA
sample29_SemiBin_24.fa,85.22295378030432,NA,NA,NA,NA,NA,1015_0,NA,NA,1,NA,NA,NA,NA
cpsnj20_SemiBin_36.fa,48.45616000469646,NA,NA,NA,NA,NA,1016_0,NA,NA,1,NA,NA,NA,NA
cpsnj20_SemiBin_64.fa,72.92649957448896,NA,NA,NA,NA,NA,1017_0,NA,NA,1,NA,NA,NA,NA
cpsnj20_SemiBin_77.fa,51.45723270077839,NA,NA,NA,NA,NA,1018_0,NA,NA,1,NA,NA,NA,NA
snj09_SemiBin_151.fa,52.10606868969991,NA,NA,NA,NA,NA,1019_0,NA,NA,1,NA,NA,NA,NA
cpsnj20_SemiBin_7.fa,99.7069707320172,NA,NA,NA,NA,NA,1020_0,NA,NA,1,NA,NA,NA,NA
sample29_SemiBin_116.fa,72.88141297391495,NA,NA,NA,NA,NA,1021_0,NA,NA,1,NA,NA,NA,NA
sample29_SemiBin_82.fa,47.94635697013657,NA,NA,NA,NA,NA,1022_0,NA,NA,1,NA,NA,NA,NA
sample18_SemiBin_112.fa,73.72340034727608,NA,NA,NA,NA,NA,1023_1,NA,NA,1,NA,NA,NA,NA
snj16_SemiBin_25.fa,62.018377930256406,NA,NA,NA,NA,NA,1023_2,NA,NA,1,NA,NA,NA,NA
snj20_SemiBin_154.fa,60.73469620612284,NA,NA,NA,NA,NA,1023_3,NA,NA,1,NA,NA,NA,NA
snj03_SemiBin_28.fa,60.03614858002982,NA,NA,NA,NA,NA,1023_4,NA,NA,1,NA,NA,NA,NA
cpsnj03_SemiBin_88.fa,57.23896426969955,NA,NA,NA,NA,NA,1023_5,NA,NA,1,NA,NA,NA,NA
cpsnj19_SemiBin_114.fa,37.83104070851519,NA,NA,NA,NA,NA,1023_6,NA,NA,1,NA,NA,NA,NA
cpsnj02_SemiBin_56.fa,19.427619362664966,NA,NA,NA,NA,NA,1024_1,NA,NA,1,NA,NA,NA,NA
cpsnj04_SemiBin_72.fa,49.22388366177459,NA,NA,NA,NA,NA,1024_2,NA,NA,1,NA,NA,NA,NA
snj20_SemiBin_1699.fa,17.071519577402473,NA,NA,NA,NA,NA,1025_0,NA,NA,1,NA,NA,NA,NA
sample24_SemiBin_49.fa,50.00726002039632,NA,NA,NA,NA,NA,1026_0,NA,NA,1,NA,NA,NA,NA
sample23_SemiBin_43.fa,55.04800474333887,NA,NA,NA,NA,NA,1027_1,NA,NA,1,NA,NA,NA,NA
sample29_SemiBin_108.fa,66.61132577492477,NA,NA,NA,NA,NA,1027_2,NA,NA,1,NA,NA,NA,NA
sample29_SemiBin_120.fa,56.82672178946852,NA,NA,NA,NA,NA,1028_0,NA,NA,1,NA,NA,NA,NA
sample29_SemiBin_181.fa,56.51106392639628,NA,NA,NA,NA,NA,1029_0,NA,NA,1,NA,NA,NA,NA
sample29_SemiBin_3.fa,96.368822521807,NA,NA,NA,NA,NA,1030_0,NA,NA,1,NA,NA,NA,NA
snj09_SemiBin_94.fa,51.39964863546851,NA,NA,NA,NA,NA,1031_1,NA,NA,1,NA,NA,NA,NA
snj10_SemiBin_103.fa,14.713808350689542,NA,NA,NA,NA,NA,1031_2,NA,NA,1,NA,NA,NA,NA
snj08_SemiBin_91.fa,58.79943895541159,NA,NA,NA,NA,NA,1032_1,NA,NA,1,NA,NA,NA,NA
snj16_SemiBin_120.fa,48.90428686349567,NA,NA,NA,NA,NA,1032_2,NA,NA,1,NA,NA,NA,NA
cpsnj10_SemiBin_73.fa,48.34876082298494,NA,NA,NA,NA,NA,1032_3,NA,NA,1,NA,NA,NA,NA
cpsnj14_SemiBin_78.fa,58.36229647031284,NA,NA,NA,NA,NA,1032_4,NA,NA,1,NA,NA,NA,NA
sample20_SemiBin_188.fa,50.37136758890296,NA,NA,NA,NA,NA,1033_0,NA,NA,1,NA,NA,NA,NA
sample21_SemiBin_65.fa,28.527764897255363,NA,NA,NA,NA,NA,1034_0,NA,NA,1,NA,NA,NA,NA
sample23_SemiBin_128.fa,43.91419504578632,NA,NA,NA,NA,NA,1035_0,NA,NA,1,NA,NA,NA,NA
cpsnj20_SemiBin_138.fa,25.935517856366136,NA,NA,NA,NA,NA,1036_1,NA,NA,1,NA,NA,NA,NA
snj20_SemiBin_5.fa,97.33861484458996,NA,NA,NA,NA,NA,1036_2,NA,NA,1,NA,NA,NA,NA
cpsnj20_SemiBin_102.fa,55.75499871597904,NA,NA,NA,NA,NA,1037_0,NA,NA,1,NA,NA,NA,NA
cpsnj04_SemiBin_59.fa,59.38881607171868,NA,NA,NA,NA,NA,1038_1,NA,NA,1,NA,NA,NA,NA
snj20_SemiBin_106.fa,71.64900742062393,NA,NA,NA,NA,NA,1038_2,NA,NA,1,NA,NA,NA,NA
snj20_SemiBin_107.fa,49.20110992764043,NA,NA,NA,NA,NA,1039_0,NA,NA,1,NA,NA,NA,NA
cpsnj02_SemiBin_5.fa,87.5617243983834,NA,NA,NA,NA,NA,1040_1,NA,NA,1,NA,NA,NA,NA
snj02_SemiBin_38.fa,72.45942521027082,NA,NA,NA,NA,NA,1040_2,NA,NA,1,NA,NA,NA,NA
cpsnj20_SemiBin_25.fa,84.50160907044074,NA,NA,NA,NA,NA,1041_0,NA,NA,1,NA,NA,NA,NA
cpsnj19_SemiBin_89.fa,60.46334857178823,NA,NA,NA,NA,NA,1042_1,NA,NA,1,NA,NA,NA,NA
sample19_SemiBin_56.fa,72.4300236588307,NA,NA,NA,NA,NA,1042_2,NA,NA,1,NA,NA,NA,NA
cpsnj20_SemiBin_15.fa,94.07135309029908,NA,NA,NA,NA,NA,1043_0,NA,NA,1,NA,NA,NA,NA
sample17_SemiBin_167.fa,44.72817766599199,NA,NA,NA,NA,NA,1044_0,NA,NA,1,NA,NA,NA,NA
sample18_SemiBin_364.fa,47.12981209098965,NA,NA,NA,NA,NA,1045_0,NA,NA,1,NA,NA,NA,NA
sample19_SemiBin_179.fa,63.59752011404684,NA,NA,NA,NA,NA,1046_0,NA,NA,1,NA,NA,NA,NA
cpsnj11_SemiBin_349.fa,58.94974160845383,NA,NA,NA,NA,NA,1047_1,NA,NA,1,NA,NA,NA,NA
cpsnj14_SemiBin_120.fa,67.93355104129728,NA,NA,NA,NA,NA,1047_2,NA,NA,1,NA,NA,NA,NA
cpsnj20_SemiBin_51.fa,76.98478953547585,NA,NA,NA,NA,NA,1048_0,NA,NA,1,NA,NA,NA,NA
sample13_SemiBin_7.fa,93.15687347532604,NA,NA,NA,NA,NA,1049_1,NA,NA,1,NA,NA,NA,NA
sample17_SemiBin_18.fa,90.63849184570098,NA,NA,NA,NA,NA,1049_2,NA,NA,1,NA,NA,NA,NA
sample18_SemiBin_152.fa,78.96785715450008,NA,NA,NA,NA,NA,1049_3,NA,NA,1,NA,NA,NA,NA
cpsnj19_SemiBin_34.fa,88.75207914439456,NA,NA,NA,NA,NA,1049_4,NA,NA,1,NA,NA,NA,NA
snj19_SemiBin_26.fa,80.92135315784164,NA,NA,NA,NA,NA,1049_5,NA,NA,1,NA,NA,NA,NA
snj13_SemiBin_91.fa,84.09295765802159,NA,NA,NA,NA,NA,1049_6,NA,NA,1,NA,NA,NA,NA
snj15_SemiBin_14.fa,83.84130012193476,NA,NA,NA,NA,NA,1049_7,NA,NA,1,NA,NA,NA,NA
cpsnj20_SemiBin_83.fa,55.33739299393805,NA,NA,NA,NA,NA,1049_8,NA,NA,1,NA,NA,NA,NA
cpsnj15_SemiBin_8.fa,92.20462426356296,NA,NA,NA,NA,NA,1049_9,NA,NA,1,NA,NA,NA,NA
sample11_SemiBin_49.fa,57.145257960192914,NA,NA,NA,NA,NA,1049_10,NA,NA,1,NA,NA,NA,NA
sample12_SemiBin_17.fa,59.64474464718311,NA,NA,NA,NA,NA,1049_11,NA,NA,1,NA,NA,NA,NA
sample1_SemiBin_96.fa,76.60116402259969,NA,NA,NA,NA,NA,1049_12,NA,NA,1,NA,NA,NA,NA
sample20_SemiBin_17.fa,82.61287132369523,NA,NA,NA,NA,NA,1049_13,NA,NA,1,NA,NA,NA,NA
sample2_SemiBin_11.fa,92.9695259381233,NA,NA,NA,NA,NA,1049_14,NA,NA,1,NA,NA,NA,NA
sample7_SemiBin_22.fa,97.84892932010511,NA,NA,NA,NA,NA,1049_15,NA,NA,1,NA,NA,NA,NA
sample5_SemiBin_4.fa,97.83238316594228,NA,NA,NA,NA,NA,1049_16,NA,NA,1,NA,NA,NA,NA
sample24_SemiBin_3.fa,91.88012490887388,NA,NA,NA,NA,NA,1049_17,NA,NA,1,NA,NA,NA,NA
sample6_SemiBin_7.fa,96.78991730286246,NA,NA,NA,NA,NA,1049_18,NA,NA,1,NA,NA,NA,NA
sample23_SemiBin_30.fa,90.93292915698694,NA,NA,NA,NA,NA,1049_19,NA,NA,1,NA,NA,NA,NA
sample16_SemiBin_13.fa,94.85389330389174,NA,NA,NA,NA,NA,1049_20,NA,NA,1,NA,NA,NA,NA
cpsnj03_SemiBin_3.fa,98.2296168545537,NA,NA,NA,NA,NA,1049_21,NA,NA,1,NA,NA,NA,NA
snj03_SemiBin_47.fa,69.41173982460573,NA,NA,NA,NA,NA,1049_22,NA,NA,1,NA,NA,NA,NA
snj04_SemiBin_10.fa,92.6110473906574,NA,NA,NA,NA,NA,1049_23,NA,NA,1,NA,NA,NA,NA
snj08_SemiBin_18.fa,98.41601895933168,NA,NA,NA,NA,NA,1049_24,NA,NA,1,NA,NA,NA,NA
sample30_SemiBin_61.fa,81.05469563315638,NA,NA,NA,NA,NA,1049_25,NA,NA,1,NA,NA,NA,NA
cpsnj04_SemiBin_443.fa,46.38735772749166,NA,NA,NA,NA,NA,1049_26,NA,NA,1,NA,NA,NA,NA
sample22_SemiBin_181.fa,59.3442273976744,NA,NA,NA,NA,NA,1049_27,NA,NA,1,NA,NA,NA,NA
sample26_SemiBin_2.fa,91.45251924386037,NA,NA,NA,NA,NA,1049_28,NA,NA,1,NA,NA,NA,NA
sample15_SemiBin_42.fa,81.80699003353604,NA,NA,NA,NA,NA,1049_29,NA,NA,1,NA,NA,NA,NA
sample27_SemiBin_20.fa,86.19796520486983,NA,NA,NA,NA,NA,1049_30,NA,NA,1,NA,NA,NA,NA
sample3_SemiBin_16.fa,87.05234832989376,NA,NA,NA,NA,NA,1049_31,NA,NA,1,NA,NA,NA,NA
sample8_SemiBin_18.fa,87.07801367732729,NA,NA,NA,NA,NA,1049_32,NA,NA,1,NA,NA,NA,NA
sample4_SemiBin_13.fa,86.90843785184437,NA,NA,NA,NA,NA,1049_33,NA,NA,1,NA,NA,NA,NA
sample25_SemiBin_18.fa,82.71770263575128,NA,NA,NA,NA,NA,1049_34,NA,NA,1,NA,NA,NA,NA
cpsnj08_SemiBin_81.fa,50.6738994844161,NA,NA,NA,NA,NA,1049_35,NA,NA,1,NA,NA,NA,NA
sample17_SemiBin_114.fa,51.399240590460366,NA,NA,NA,NA,NA,1050_0,NA,NA,1,NA,NA,NA,NA
cpsnj11_SemiBin_74.fa,75.45993988300576,NA,NA,NA,NA,NA,1051_1,NA,NA,1,NA,NA,NA,NA
snj11_SemiBin_212.fa,35.93831697126719,NA,NA,NA,NA,NA,1051_2,NA,NA,1,NA,NA,NA,NA
sample2_SemiBin_67.fa,72.32462545931662,NA,NA,NA,NA,NA,1051_3,NA,NA,2,99.10,99.10,NA,NA
sample6_SemiBin_28.fa,55.77261912276705,NA,NA,NA,NA,NA,1051_4,NA,NA,1,NA,NA,NA,NA
sample21_SemiBin_1804.fa,29.240981740043328,NA,NA,NA,NA,NA,1051_5,NA,NA,1,NA,NA,NA,NA
cpsnj14_SemiBin_242.fa,50.314847884804514,NA,NA,NA,NA,NA,1052_0,NA,NA,1,NA,NA,NA,NA
cpsnj14_SemiBin_87.fa,76.8398032239134,NA,NA,NA,NA,NA,1053_1,NA,NA,1,NA,NA,NA,NA
sample20_SemiBin_100.fa,86.44188333401569,NA,NA,NA,NA,NA,1053_2,NA,NA,1,NA,NA,NA,NA
sample14_SemiBin_4.fa,69.2393733671368,NA,NA,NA,NA,NA,1054_0,NA,NA,1,NA,NA,NA,NA
sample15_SemiBin_76.fa,69.70701563002761,NA,NA,NA,NA,NA,1055_1,NA,NA,1,NA,NA,NA,NA
sample20_SemiBin_61.fa,87.24305722513381,NA,NA,NA,NA,NA,1055_2,NA,NA,1,NA,NA,NA,NA
sample20_SemiBin_43.fa,76.45854694516514,NA,NA,NA,NA,NA,1056_0,NA,NA,1,NA,NA,NA,NA
cpsnj04_SemiBin_143.fa,59.95096128670171,NA,NA,NA,NA,NA,1057_0,NA,NA,1,NA,NA,NA,NA
cpsnj20_SemiBin_74.fa,52.169474449155885,NA,NA,NA,NA,NA,1058_0,NA,NA,1,NA,NA,NA,NA
cpsnj09_SemiBin_65.fa,85.30155371243161,NA,NA,NA,NA,NA,1059_1,NA,NA,1,NA,NA,NA,NA
cpsnj10_SemiBin_47.fa,83.39152786411854,NA,NA,NA,NA,NA,1059_2,NA,NA,1,NA,NA,NA,NA
snj11_SemiBin_63.fa,75.88384577579687,NA,NA,NA,NA,NA,1059_3,NA,NA,1,NA,NA,NA,NA
snj10_SemiBin_12.fa,73.40929107224518,NA,NA,NA,NA,NA,1059_4,NA,NA,1,NA,NA,NA,NA
snj16_SemiBin_34.fa,72.74685951885553,NA,NA,NA,NA,NA,1059_5,NA,NA,1,NA,NA,NA,NA
cpsnj15_SemiBin_122.fa,45.22735564669516,NA,NA,NA,NA,NA,1059_6,NA,NA,1,NA,NA,NA,NA
cpsnj16_SemiBin_86.fa,65.7035804376955,NA,NA,NA,NA,NA,1059_7,NA,NA,1,NA,NA,NA,NA
snj15_SemiBin_122.fa,72.84756793400867,NA,NA,NA,NA,NA,1059_8,NA,NA,1,NA,NA,NA,NA
cpsnj13_SemiBin_114.fa,50.7249862147152,NA,NA,NA,NA,NA,1059_9,NA,NA,1,NA,NA,NA,NA
cpsnj11_SemiBin_12.fa,87.39170545011613,NA,NA,NA,NA,NA,1059_10,NA,NA,1,NA,NA,NA,NA
snj08_SemiBin_38.fa,90.9848346422446,NA,NA,NA,NA,NA,1059_11,NA,NA,1,NA,NA,NA,NA
snj13_SemiBin_58.fa,72.17621899563386,NA,NA,NA,NA,NA,1059_12,NA,NA,1,NA,NA,NA,NA
snj14_SemiBin_37.fa,89.2775950651105,NA,NA,NA,NA,NA,1059_13,NA,NA,1,NA,NA,NA,NA
cpsnj14_SemiBin_130.fa,69.31183936171956,NA,NA,NA,NA,NA,1059_14,NA,NA,1,NA,NA,NA,NA
sample20_SemiBin_55.fa,84.50114704580525,NA,NA,NA,NA,NA,1059_15,NA,NA,1,NA,NA,NA,NA
snj19_SemiBin_73.fa,69.16236888937823,NA,NA,NA,NA,NA,1059_16,NA,NA,1,NA,NA,NA,NA
sample21_SemiBin_73.fa,65.11568621991398,NA,NA,NA,NA,NA,1059_17,NA,NA,1,NA,NA,NA,NA
snj09_SemiBin_1316.fa,10.066493486074403,NA,NA,NA,NA,NA,1059_18,NA,NA,1,NA,NA,NA,NA
sample18_SemiBin_252.fa,81.50753526847546,NA,NA,NA,NA,NA,1060_1,NA,NA,1,NA,NA,NA,NA
sample26_SemiBin_655.fa,21.237971786911963,NA,NA,NA,NA,NA,1060_2,NA,NA,1,NA,NA,NA,NA
sample24_SemiBin_36.fa,57.06616689286733,NA,NA,NA,NA,NA,1061_1,NA,NA,1,NA,NA,NA,NA
sample30_SemiBin_23.fa,52.64034773005009,NA,NA,NA,NA,NA,1061_2,NA,NA,1,NA,NA,NA,NA
sample29_SemiBin_471.fa,47.75903133636099,NA,NA,NA,NA,NA,1061_3,NA,NA,1,NA,NA,NA,NA
sample23_SemiBin_69.fa,61.13562048137846,NA,NA,NA,NA,NA,1061_4,NA,NA,1,NA,NA,NA,NA
sample25_SemiBin_100.fa,44.70841188397367,NA,NA,NA,NA,NA,1061_5,NA,NA,1,NA,NA,NA,NA
cpsnj04_SemiBin_149.fa,65.16065392761341,NA,NA,NA,NA,NA,1061_6,NA,NA,1,NA,NA,NA,NA
cpsnj20_SemiBin_90.fa,66.15423488510494,NA,NA,NA,NA,NA,1061_7,NA,NA,1,NA,NA,NA,NA
cpsnj03_SemiBin_48.fa,65.75102767463774,NA,NA,NA,NA,NA,1061_8,NA,NA,1,NA,NA,NA,NA
snj15_SemiBin_169.fa,38.66432534899679,NA,NA,NA,NA,NA,1061_9,NA,NA,1,NA,NA,NA,NA
sample17_SemiBin_222.fa,27.987065503331536,NA,NA,NA,NA,NA,1062_0,NA,NA,1,NA,NA,NA,NA
cpsnj11_SemiBin_7.fa,100.26012381546192,NA,NA,NA,NA,NA,1063_1,NA,NA,2,99.02,99.02,NA,NA
cpsnj16_SemiBin_81.fa,62.40081221600242,NA,NA,NA,NA,NA,1063_2,NA,NA,1,NA,NA,NA,NA
snj11_SemiBin_60.fa,56.12549594287083,NA,NA,NA,NA,NA,1063_3,NA,NA,1,NA,NA,NA,NA
cpsnj14_SemiBin_156.fa,96.73229365953584,NA,NA,NA,NA,NA,1063_4,NA,NA,1,NA,NA,NA,NA
snj16_SemiBin_131.fa,54.62882715415466,NA,NA,NA,NA,NA,1063_5,NA,NA,1,NA,NA,NA,NA
snj15_SemiBin_50.fa,41.56216884645345,NA,NA,NA,NA,NA,1063_6,NA,NA,1,NA,NA,NA,NA
sample18_SemiBin_130.fa,80.52709012805099,NA,NA,NA,NA,NA,1064_1,NA,NA,1,NA,NA,NA,NA
sample26_SemiBin_153.fa,50.16727893123773,NA,NA,NA,NA,NA,1064_2,NA,NA,1,NA,NA,NA,NA
sample17_SemiBin_117.fa,50.29896075659662,NA,NA,NA,NA,NA,1064_3,NA,NA,1,NA,NA,NA,NA
sample16_SemiBin_299.fa,52.494631511769946,NA,NA,NA,NA,NA,1065_1,NA,NA,1,NA,NA,NA,NA
sample1_SemiBin_285.fa,58.040159165767605,NA,NA,NA,NA,NA,1065_2,NA,NA,1,NA,NA,NA,NA
sample14_SemiBin_103.fa,75.32791836063434,NA,NA,NA,NA,NA,1066_0,NA,NA,1,NA,NA,NA,NA
sample15_SemiBin_200.fa,29.287802249199768,NA,NA,NA,NA,NA,1067_1,NA,NA,1,NA,NA,NA,NA
sample1_SemiBin_188.fa,65.65520892153329,NA,NA,NA,NA,NA,1067_2,NA,NA,1,NA,NA,NA,NA
sample30_SemiBin_109.fa,50.57219233564394,NA,NA,NA,NA,NA,1068_0,NA,NA,1,NA,NA,NA,NA
sample6_SemiBin_94.fa,49.51023235704156,NA,NA,NA,NA,NA,1069_0,NA,NA,1,NA,NA,NA,NA
cpsnj16_SemiBin_115.fa,46.320240568030016,NA,NA,NA,NA,NA,1070_1,NA,NA,1,NA,NA,NA,NA
snj11_SemiBin_120.fa,69.2141322780048,NA,NA,NA,NA,NA,1070_2,NA,NA,1,NA,NA,NA,NA
sample20_SemiBin_150.fa,56.79140814179883,NA,NA,NA,NA,NA,1070_3,NA,NA,1,NA,NA,NA,NA
snj13_SemiBin_66.fa,54.4052275395232,NA,NA,NA,NA,NA,1070_4,NA,NA,1,NA,NA,NA,NA
snj14_SemiBin_138.fa,49.64190545423055,NA,NA,NA,NA,NA,1070_5,NA,NA,1,NA,NA,NA,NA
sample18_SemiBin_204.fa,57.6086246243387,NA,NA,NA,NA,NA,1071_0,NA,NA,1,NA,NA,NA,NA
cpsnj09_SemiBin_45.fa,88.69847463397075,NA,NA,NA,NA,NA,1072_1,NA,NA,1,NA,NA,NA,NA
cpsnj10_SemiBin_107.fa,61.84613008682811,NA,NA,NA,NA,NA,1072_2,NA,NA,1,NA,NA,NA,NA
sample18_SemiBin_231.fa,72.40599569324364,NA,NA,NA,NA,NA,1072_3,NA,NA,1,NA,NA,NA,NA
sample17_SemiBin_5.fa,97.96666050968037,NA,NA,NA,NA,NA,1073_0,NA,NA,1,NA,NA,NA,NA
cpsnj10_SemiBin_103.fa,53.084341718596725,NA,NA,NA,NA,NA,1074_0,NA,NA,1,NA,NA,NA,NA
snj14_SemiBin_100.fa,70.92438574089493,NA,NA,NA,NA,NA,1075_0,NA,NA,1,NA,NA,NA,NA
snj08_SemiBin_25.fa,77.62934708325035,NA,NA,NA,NA,NA,1076_0,NA,NA,1,NA,NA,NA,NA
sample1_SemiBin_42.fa,80.02222742974102,NA,NA,NA,NA,NA,1077_1,NA,NA,1,NA,NA,NA,NA
sample20_SemiBin_26.fa,96.6824322715359,NA,NA,NA,NA,NA,1077_2,NA,NA,1,NA,NA,NA,NA
sample12_SemiBin_40.fa,74.84140592938986,NA,NA,NA,NA,NA,1077_3,NA,NA,1,NA,NA,NA,NA
sample21_SemiBin_11.fa,91.53166976741836,NA,NA,NA,NA,NA,1077_4,NA,NA,1,NA,NA,NA,NA
sample6_SemiBin_135.fa,64.89556310764583,NA,NA,NA,NA,NA,1077_5,NA,NA,1,NA,NA,NA,NA
sample15_SemiBin_32.fa,82.69679020839561,NA,NA,NA,NA,NA,1077_6,NA,NA,1,NA,NA,NA,NA
sample22_SemiBin_160.fa,70.15963213436397,NA,NA,NA,NA,NA,1077_7,NA,NA,1,NA,NA,NA,NA
sample17_SemiBin_204.fa,55.97922044964924,NA,NA,NA,NA,NA,1077_8,NA,NA,1,NA,NA,NA,NA
sample3_SemiBin_78.fa,41.08891266189619,NA,NA,NA,NA,NA,1077_9,NA,NA,1,NA,NA,NA,NA
sample18_SemiBin_1090.fa,24.26861296149023,NA,NA,NA,NA,NA,1078_0,NA,NA,1,NA,NA,NA,NA
sample17_SemiBin_146.fa,61.58580928829311,NA,NA,NA,NA,NA,1079_0,NA,NA,1,NA,NA,NA,NA
cpsnj09_SemiBin_207.fa,50.47074045401541,NA,NA,NA,NA,NA,1080_1,NA,NA,1,NA,NA,NA,NA
cpsnj10_SemiBin_83.fa,72.1169361565236,NA,NA,NA,NA,NA,1080_2,NA,NA,1,NA,NA,NA,NA
cpsnj13_SemiBin_310.fa,50.17690967241606,NA,NA,NA,NA,NA,1081_0,NA,NA,1,NA,NA,NA,NA
cpsnj09_SemiBin_108.fa,62.898734054500295,NA,NA,NA,NA,NA,1082_0,NA,NA,1,NA,NA,NA,NA
cpsnj13_SemiBin_222.fa,19.77214607635324,NA,NA,NA,NA,NA,1083_0,NA,NA,1,NA,NA,NA,NA
cpsnj20_SemiBin_9.fa,101.67934943851594,NA,NA,NA,NA,NA,1084_0,NA,NA,1,NA,NA,NA,NA
sample18_SemiBin_247.fa,47.051295918955056,NA,NA,NA,NA,NA,1085_0,NA,NA,1,NA,NA,NA,NA
sample27_SemiBin_764.fa,20.069117219056903,NA,NA,NA,NA,NA,1086_0,NA,NA,1,NA,NA,NA,NA
sample18_SemiBin_141.fa,84.87788865204203,NA,NA,NA,NA,NA,1087_1,NA,NA,1,NA,NA,NA,NA
sample25_SemiBin_144.fa,84.78639608690105,NA,NA,NA,NA,NA,1087_2,NA,NA,1,NA,NA,NA,NA
cpsnj13_SemiBin_4.fa,101.73701014479032,NA,NA,NA,NA,NA,1088_1,NA,NA,2,99.15,99.15,NA,NA
snj09_SemiBin_165.fa,63.06544989445489,NA,NA,NA,NA,NA,1088_2,NA,NA,1,NA,NA,NA,NA
sample15_SemiBin_67.fa,81.05550028618076,NA,NA,NA,NA,NA,1089_1,NA,NA,1,NA,NA,NA,NA
sample18_SemiBin_673.fa,56.664922315766354,NA,NA,NA,NA,NA,1089_2,NA,NA,1,NA,NA,NA,NA
sample11_SemiBin_16.fa,74.23567757575677,NA,NA,NA,NA,NA,1089_3,NA,NA,1,NA,NA,NA,NA
sample22_SemiBin_79.fa,84.4106643775102,NA,NA,NA,NA,NA,1089_4,NA,NA,1,NA,NA,NA,NA
sample12_SemiBin_25.fa,50.13669985130265,NA,NA,NA,NA,NA,1089_5,NA,NA,1,NA,NA,NA,NA
cpsnj14_SemiBin_35.fa,71.2709781948572,NA,NA,NA,NA,NA,1090_0,NA,NA,1,NA,NA,NA,NA
sample17_SemiBin_93.fa,43.33242027792462,NA,NA,NA,NA,NA,1091_1,NA,NA,1,NA,NA,NA,NA
sample18_SemiBin_151.fa,69.75590319249464,NA,NA,NA,NA,NA,1091_2,NA,NA,1,NA,NA,NA,NA
sample16_SemiBin_176.fa,59.11489010166262,NA,NA,NA,NA,NA,1091_3,NA,NA,1,NA,NA,NA,NA
snj10_SemiBin_30.fa,56.68619782645512,NA,NA,NA,NA,NA,1092_1,NA,NA,1,NA,NA,NA,NA
snj14_SemiBin_73.fa,60.898722273437535,NA,NA,NA,NA,NA,1092_2,NA,NA,1,NA,NA,NA,NA
sample5_SemiBin_48.fa,71.96237670121266,NA,NA,NA,NA,NA,1093_1,NA,NA,1,NA,NA,NA,NA
sample9_SemiBin_273.fa,48.618986318881866,NA,NA,NA,NA,NA,1093_2,NA,NA,1,NA,NA,NA,NA
sample4_SemiBin_135.fa,56.8022839078774,NA,NA,NA,NA,NA,1093_3,NA,NA,1,NA,NA,NA,NA
sample15_SemiBin_87.fa,79.66655786521733,NA,NA,NA,NA,NA,1093_4,NA,NA,1,NA,NA,NA,NA
sample23_SemiBin_82.fa,78.23625795825726,NA,NA,NA,NA,NA,1093_5,NA,NA,1,NA,NA,NA,NA
sample24_SemiBin_18.fa,35.33221347364342,NA,NA,NA,NA,NA,1093_6,NA,NA,1,NA,NA,NA,NA
sample16_SemiBin_487.fa,47.898340022748485,NA,NA,NA,NA,NA,1093_7,NA,NA,1,NA,NA,NA,NA
cpsnj09_SemiBin_98.fa,64.16146711071595,NA,NA,NA,NA,NA,1093_8,NA,NA,1,NA,NA,NA,NA
snj14_SemiBin_2.fa,98.45874663426176,NA,NA,NA,NA,NA,1094_1,NA,NA,5,99.60,99.25,NA,NA
cpsnj11_SemiBin_65.fa,84.9661337240748,NA,NA,NA,NA,NA,1094_2,NA,NA,1,NA,NA,NA,NA
snj09_SemiBin_73.fa,74.2916029310908,NA,NA,NA,NA,NA,1094_3,NA,NA,1,NA,NA,NA,NA
cpsnj15_SemiBin_17.fa,79.60813776377871,NA,NA,NA,NA,NA,1094_4,NA,NA,1,NA,NA,NA,NA
cpsnj10_SemiBin_55.fa,63.57987852441988,NA,NA,NA,NA,NA,1094_5,NA,NA,1,NA,NA,NA,NA
cpsnj16_SemiBin_37.fa,82.00259203425506,NA,NA,NA,NA,NA,1094_6,NA,NA,1,NA,NA,NA,NA
sample14_SemiBin_22.fa,79.98658068026198,NA,NA,NA,NA,NA,1094_7,NA,NA,1,NA,NA,NA,NA
snj10_SemiBin_253.fa,47.32881308028949,NA,NA,NA,NA,NA,1094_8,NA,NA,1,NA,NA,NA,NA
cpsnj01_SemiBin_65.fa,62.91527065914296,NA,NA,NA,NA,NA,1095_1,NA,NA,1,NA,NA,NA,NA
cpsnj04_SemiBin_260.fa,48.39959832044742,NA,NA,NA,NA,NA,1095_2,NA,NA,1,NA,NA,NA,NA
cpsnj03_SemiBin_74.fa,56.557851286722986,NA,NA,NA,NA,NA,1096_1,NA,NA,1,NA,NA,NA,NA
snj08_SemiBin_106.fa,59.20343654544558,NA,NA,NA,NA,NA,1096_2,NA,NA,1,NA,NA,NA,NA
cpsnj11_SemiBin_129.fa,84.40897674860676,NA,NA,NA,NA,NA,1096_3,NA,NA,1,NA,NA,NA,NA
snj11_SemiBin_8.fa,98.89187361417756,NA,NA,NA,NA,NA,1096_4,NA,NA,1,NA,NA,NA,NA
snj16_SemiBin_59.fa,30.70536112819866,NA,NA,NA,NA,NA,1096_5,NA,NA,1,NA,NA,NA,NA
sample20_SemiBin_174.fa,56.18056445636151,NA,NA,NA,NA,NA,1097_0,NA,NA,1,NA,NA,NA,NA
sample18_SemiBin_7.fa,96.57192859747242,NA,NA,NA,NA,NA,1098_0,NA,NA,1,NA,NA,NA,NA
snj09_SemiBin_31.fa,88.19324246002604,NA,NA,NA,NA,NA,1099_0,NA,NA,1,NA,NA,NA,NA
sample18_SemiBin_315.fa,63.11947678870781,NA,NA,NA,NA,NA,1100_1,NA,NA,1,NA,NA,NA,NA
sample4_SemiBin_66.fa,62.34517462035095,NA,NA,NA,NA,NA,1100_2,NA,NA,1,NA,NA,NA,NA
sample3_SemiBin_39.fa,67.27993803336958,NA,NA,NA,NA,NA,1100_3,NA,NA,1,NA,NA,NA,NA
sample8_SemiBin_73.fa,57.39020949694098,NA,NA,NA,NA,NA,1100_4,NA,NA,1,NA,NA,NA,NA
cpsnj04_SemiBin_137.fa,61.224637561385165,NA,NA,NA,NA,NA,1100_5,NA,NA,1,NA,NA,NA,NA
sample15_SemiBin_94.fa,61.45318039975297,NA,NA,NA,NA,NA,1100_6,NA,NA,1,NA,NA,NA,NA
cpsnj09_SemiBin_172.fa,43.05549081514029,NA,NA,NA,NA,NA,1100_7,NA,NA,1,NA,NA,NA,NA
cpsnj14_SemiBin_59.fa,78.0654876600549,NA,NA,NA,NA,NA,1101_0,NA,NA,1,NA,NA,NA,NA
snj11_SemiBin_69.fa,52.96894299584352,NA,NA,NA,NA,NA,1102_0,NA,NA,1,NA,NA,NA,NA
cpsnj10_SemiBin_12.fa,92.13220735782896,NA,NA,NA,NA,NA,1103_1,NA,NA,3,99.32,99.00,NA,NA
sample28_SemiBin_172.fa,53.32655033607081,NA,NA,NA,NA,NA,1104_0,NA,NA,1,NA,NA,NA,NA
snj02_SemiBin_13.fa,87.1175067551483,NA,NA,NA,NA,NA,1105_1,NA,NA,2,99.01,99.01,NA,NA
cpsnj19_SemiBin_190.fa,46.10650055284033,NA,NA,NA,NA,NA,1106_0,NA,NA,1,NA,NA,NA,NA
cpsnj09_SemiBin_52.fa,87.9342966554568,NA,NA,NA,NA,NA,1107_1,NA,NA,1,NA,NA,NA,NA
snj09_SemiBin_36.fa,49.627575954768034,NA,NA,NA,NA,NA,1107_2,NA,NA,1,NA,NA,NA,NA
cpsnj13_SemiBin_83.fa,52.76517715628605,NA,NA,NA,NA,NA,1108_0,NA,NA,1,NA,NA,NA,NA
snj09_SemiBin_138.fa,48.04948329776115,NA,NA,NA,NA,NA,1109_0,NA,NA,1,NA,NA,NA,NA
sample20_SemiBin_170.fa,52.34848175547955,NA,NA,NA,NA,NA,1110_1,NA,NA,1,NA,NA,NA,NA
sample7_SemiBin_56.fa,78.48748718356072,NA,NA,NA,NA,NA,1110_2,NA,NA,1,NA,NA,NA,NA
sample16_SemiBin_39.fa,78.14555234694889,NA,NA,NA,NA,NA,1110_3,NA,NA,1,NA,NA,NA,NA
sample1_SemiBin_52.fa,78.29680406554762,NA,NA,NA,NA,NA,1110_4,NA,NA,1,NA,NA,NA,NA
cpsnj14_SemiBin_12.fa,99.5724948017824,NA,NA,NA,NA,NA,1111_1,NA,NA,1,NA,NA,NA,NA
snj14_SemiBin_19.fa,91.65961749832056,NA,NA,NA,NA,NA,1111_2,NA,NA,1,NA,NA,NA,NA
cpsnj16_SemiBin_12.fa,91.622363022055,NA,NA,NA,NA,NA,1111_3,NA,NA,1,NA,NA,NA,NA
snj10_SemiBin_77.fa,51.67870186160024,NA,NA,NA,NA,NA,1111_4,NA,NA,1,NA,NA,NA,NA
snj15_SemiBin_44.fa,54.99836729662147,NA,NA,NA,NA,NA,1111_5,NA,NA,1,NA,NA,NA,NA
cpsnj11_SemiBin_79.fa,78.4226349330843,NA,NA,NA,NA,NA,1111_6,NA,NA,1,NA,NA,NA,NA
cpsnj15_SemiBin_35.fa,52.67892021093133,NA,NA,NA,NA,NA,1111_7,NA,NA,1,NA,NA,NA,NA
snj08_SemiBin_58.fa,80.2850463547159,NA,NA,NA,NA,NA,1111_8,NA,NA,1,NA,NA,NA,NA
snj03_SemiBin_56.fa,55.45492907082036,NA,NA,NA,NA,NA,1111_9,NA,NA,1,NA,NA,NA,NA
snj13_SemiBin_30.fa,72.32507525686597,NA,NA,NA,NA,NA,1111_10,NA,NA,1,NA,NA,NA,NA
cpsnj03_SemiBin_34.fa,79.48942756489389,NA,NA,NA,NA,NA,1111_11,NA,NA,1,NA,NA,NA,NA
snj11_SemiBin_189.fa,64.05039473863077,NA,NA,NA,NA,NA,1111_12,NA,NA,1,NA,NA,NA,NA
sample20_SemiBin_38.fa,92.26675475467324,NA,NA,NA,NA,NA,1111_13,NA,NA,1,NA,NA,NA,NA
sample21_SemiBin_49.fa,71.68867134422233,NA,NA,NA,NA,NA,1111_14,NA,NA,1,NA,NA,NA,NA
sample13_SemiBin_10.fa,98.28820431676697,NA,NA,NA,NA,NA,1111_15,NA,NA,1,NA,NA,NA,NA
cpsnj09_SemiBin_173.fa,41.22128862013778,NA,NA,NA,NA,NA,1112_1,NA,NA,1,NA,NA,NA,NA
snj09_SemiBin_41.fa,52.9034490629878,NA,NA,NA,NA,NA,1112_2,NA,NA,1,NA,NA,NA,NA
cpsnj10_SemiBin_90.fa,74.60874346988145,NA,NA,NA,NA,NA,1112_3,NA,NA,1,NA,NA,NA,NA
cpsnj09_SemiBin_125.fa,53.62527921785958,NA,NA,NA,NA,NA,1113_0,NA,NA,1,NA,NA,NA,NA
cpsnj08_SemiBin_130.fa,73.33046023925085,NA,NA,NA,NA,NA,1114_0,NA,NA,1,NA,NA,NA,NA
cpsnj09_SemiBin_4.fa,100.55651331577025,NA,NA,NA,NA,NA,1115_1,NA,NA,1,NA,NA,NA,NA
snj09_SemiBin_92.fa,69.56792664865726,NA,NA,NA,NA,NA,1115_2,NA,NA,1,NA,NA,NA,NA
cpsnj10_SemiBin_149.fa,45.05360109379694,NA,NA,NA,NA,NA,1115_3,NA,NA,1,NA,NA,NA,NA
cpsnj20_SemiBin_205.fa,50.38211216180305,NA,NA,NA,NA,NA,1116_0,NA,NA,1,NA,NA,NA,NA
sample18_SemiBin_207.fa,82.62576540969988,NA,NA,NA,NA,NA,1117_1,NA,NA,1,NA,NA,NA,NA
sample25_SemiBin_216.fa,50.214400565899005,NA,NA,NA,NA,NA,1117_2,NA,NA,1,NA,NA,NA,NA
sample22_SemiBin_90.fa,59.085626209621765,NA,NA,NA,NA,NA,1117_3,NA,NA,1,NA,NA,NA,NA
sample21_SemiBin_59.fa,59.09069079153449,NA,NA,NA,NA,NA,1117_4,NA,NA,1,NA,NA,NA,NA
sample15_SemiBin_163.fa,29.444634309431294,NA,NA,NA,NA,NA,1118_0,NA,NA,1,NA,NA,NA,NA
sample19_SemiBin_7.fa,98.32958602534922,NA,NA,NA,NA,NA,1119_0,NA,NA,1,NA,NA,NA,NA
sample4_SemiBin_91.fa,37.47683969634215,NA,NA,NA,NA,NA,1120_0,NA,NA,1,NA,NA,NA,NA
cpsnj09_SemiBin_246.fa,62.74335328766002,NA,NA,NA,NA,NA,1121_1,NA,NA,1,NA,NA,NA,NA
cpsnj10_SemiBin_208.fa,54.564630349994566,NA,NA,NA,NA,NA,1121_2,NA,NA,1,NA,NA,NA,NA
snj11_SemiBin_83.fa,60.545335482902345,NA,NA,NA,NA,NA,1121_3,NA,NA,1,NA,NA,NA,NA
cpsnj11_SemiBin_284.fa,50.57687248283501,NA,NA,NA,NA,NA,1121_4,NA,NA,1,NA,NA,NA,NA
cpsnj04_SemiBin_125.fa,75.40983778846625,NA,NA,NA,NA,NA,1122_1,NA,NA,1,NA,NA,NA,NA
snj04_SemiBin_37.fa,56.98332566066077,NA,NA,NA,NA,NA,1122_2,NA,NA,1,NA,NA,NA,NA
sample9_SemiBin_189.fa,57.09236325187751,NA,NA,NA,NA,NA,1122_3,NA,NA,1,NA,NA,NA,NA
sample14_SemiBin_89.fa,82.07145190844113,NA,NA,NA,NA,NA,1123_1,NA,NA,1,NA,NA,NA,NA
snj10_SemiBin_43.fa,62.99817946214144,NA,NA,NA,NA,NA,1123_2,NA,NA,1,NA,NA,NA,NA
snj11_SemiBin_125.fa,57.52355514640831,NA,NA,NA,NA,NA,1123_3,NA,NA,1,NA,NA,NA,NA
snj03_SemiBin_63.fa,50.51905395253565,NA,NA,NA,NA,NA,1123_4,NA,NA,1,NA,NA,NA,NA
snj19_SemiBin_678.fa,11.621500549259064,NA,NA,NA,NA,NA,1123_5,NA,NA,1,NA,NA,NA,NA
snj14_SemiBin_706.fa,35.46874610333307,NA,NA,NA,NA,NA,1123_6,NA,NA,1,NA,NA,NA,NA
sample18_SemiBin_57.fa,86.20373824731793,NA,NA,NA,NA,NA,1124_0,NA,NA,1,NA,NA,NA,NA
sample6_SemiBin_89.fa,66.32993766385692,NA,NA,NA,NA,NA,1125_0,NA,NA,1,NA,NA,NA,NA
snj11_SemiBin_2.fa,95.59542025813856,NA,NA,NA,NA,NA,1126_1,NA,NA,5,99.59,99.15,NA,NA
cpsnj16_SemiBin_8.fa,93.38332436695336,NA,NA,NA,NA,NA,1126_2,NA,NA,1,NA,NA,NA,NA
snj13_SemiBin_1.fa,89.83718104917314,NA,NA,NA,NA,NA,1126_3,NA,NA,1,NA,NA,NA,NA
snj19_SemiBin_104.fa,59.310452180723686,NA,NA,NA,NA,NA,1126_4,NA,NA,1,NA,NA,NA,NA
snj16_SemiBin_57.fa,59.25250831797045,NA,NA,NA,NA,NA,1126_5,NA,NA,1,NA,NA,NA,NA
cpsnj15_SemiBin_7.fa,70.16201307259689,NA,NA,NA,NA,NA,1126_6,NA,NA,1,NA,NA,NA,NA
snj08_SemiBin_117.fa,61.5303688000657,NA,NA,NA,NA,NA,1126_7,NA,NA,1,NA,NA,NA,NA
snj10_SemiBin_37.fa,69.67623896090188,NA,NA,NA,NA,NA,1126_8,NA,NA,1,NA,NA,NA,NA
sample18_SemiBin_249.fa,74.36963987959471,NA,NA,NA,NA,NA,1127_0,NA,NA,1,NA,NA,NA,NA
cpsnj09_SemiBin_321.fa,6.915297818233924,NA,NA,NA,NA,NA,1128_1,NA,NA,1,NA,NA,NA,NA
snj09_SemiBin_50.fa,78.66885348451909,NA,NA,NA,NA,NA,1128_2,NA,NA,1,NA,NA,NA,NA
sample29_SemiBin_247.fa,58.25692093702057,NA,NA,NA,NA,NA,1129_0,NA,NA,1,NA,NA,NA,NA
sample15_SemiBin_100.fa,51.52480831266679,NA,NA,NA,NA,NA,1130_0,NA,NA,1,NA,NA,NA,NA
sample22_SemiBin_215.fa,60.83546783610036,NA,NA,NA,NA,NA,1131_0,NA,NA,1,NA,NA,NA,NA
cpsnj14_SemiBin_89.fa,39.73475184971548,NA,NA,NA,NA,NA,1132_0,NA,NA,1,NA,NA,NA,NA
sample29_SemiBin_157.fa,52.08156648217695,NA,NA,NA,NA,NA,1133_0,NA,NA,1,NA,NA,NA,NA
sample18_SemiBin_180.fa,62.48722500523749,NA,NA,NA,NA,NA,1134_1,NA,NA,1,NA,NA,NA,NA
sample21_SemiBin_189.fa,54.39631241601688,NA,NA,NA,NA,NA,1134_2,NA,NA,1,NA,NA,NA,NA
cpsnj11_SemiBin_124.fa,69.54681962983935,NA,NA,NA,NA,NA,1134_3,NA,NA,1,NA,NA,NA,NA
snj11_SemiBin_126.fa,90.16360626043932,NA,NA,NA,NA,NA,1134_4,NA,NA,1,NA,NA,NA,NA
snj10_SemiBin_100.fa,71.27062670043937,NA,NA,NA,NA,NA,1134_5,NA,NA,1,NA,NA,NA,NA
cpsnj14_SemiBin_24.fa,93.78713195984612,NA,NA,NA,NA,NA,1134_6,NA,NA,1,NA,NA,NA,NA
snj14_SemiBin_124.fa,77.7312882445216,NA,NA,NA,NA,NA,1134_7,NA,NA,1,NA,NA,NA,NA
snj13_SemiBin_23.fa,71.42139467620046,NA,NA,NA,NA,NA,1134_8,NA,NA,1,NA,NA,NA,NA
cpsnj10_SemiBin_121.fa,72.15709862891933,NA,NA,NA,NA,NA,1134_9,NA,NA,1,NA,NA,NA,NA
snj16_SemiBin_95.fa,36.667586653874935,NA,NA,NA,NA,NA,1134_10,NA,NA,1,NA,NA,NA,NA
cpsnj15_SemiBin_74.fa,48.21767783626511,NA,NA,NA,NA,NA,1134_11,NA,NA,1,NA,NA,NA,NA
snj08_SemiBin_72.fa,75.5473447479717,NA,NA,NA,NA,NA,1134_12,NA,NA,1,NA,NA,NA,NA
sample14_SemiBin_77.fa,33.039035916618325,NA,NA,NA,NA,NA,1134_13,NA,NA,1,NA,NA,NA,NA
cpsnj09_SemiBin_275.fa,53.035388809816205,NA,NA,NA,NA,NA,1134_14,NA,NA,1,NA,NA,NA,NA
snj09_SemiBin_93.fa,70.40505948187693,NA,NA,NA,NA,NA,1134_15,NA,NA,1,NA,NA,NA,NA
sample28_SemiBin_41.fa,75.59867748811891,NA,NA,NA,NA,NA,1134_16,NA,NA,1,NA,NA,NA,NA
cpsnj04_SemiBin_750.fa,31.760650828103028,NA,NA,NA,NA,NA,1134_17,NA,NA,1,NA,NA,NA,NA
snj09_SemiBin_200.fa,58.40169761259112,NA,NA,NA,NA,NA,1135_1,NA,NA,1,NA,NA,NA,NA
snj19_SemiBin_132.fa,51.37859592364644,NA,NA,NA,NA,NA,1135_2,NA,NA,1,NA,NA,NA,NA
cpsnj15_SemiBin_98.fa,41.22208051229031,NA,NA,NA,NA,NA,1135_3,NA,NA,1,NA,NA,NA,NA
cpsnj13_SemiBin_128.fa,54.31331902823936,NA,NA,NA,NA,NA,1135_4,NA,NA,1,NA,NA,NA,NA
sample20_SemiBin_331.fa,55.54257872475783,NA,NA,NA,NA,NA,1136_1,NA,NA,1,NA,NA,NA,NA
sample6_SemiBin_217.fa,53.19111082640773,NA,NA,NA,NA,NA,1136_2,NA,NA,1,NA,NA,NA,NA
cpsnj16_SemiBin_112.fa,29.26599110912681,NA,NA,NA,NA,NA,1137_1,NA,NA,1,NA,NA,NA,NA
sample8_SemiBin_1250.fa,11.723487444180323,NA,NA,NA,NA,NA,1137_2,NA,NA,1,NA,NA,NA,NA
snj19_SemiBin_101.fa,52.148091253794746,NA,NA,NA,NA,NA,1138_0,NA,NA,1,NA,NA,NA,NA
cpsnj09_SemiBin_113.fa,74.11425121194186,NA,NA,NA,NA,NA,1139_1,NA,NA,2,99.00,99.00,NA,NA
sample14_SemiBin_18.fa,68.45660383813185,NA,NA,NA,NA,NA,1139_2,NA,NA,1,NA,NA,NA,NA
cpsnj11_SemiBin_966.fa,42.45749966067144,NA,NA,NA,NA,NA,1140_1,NA,NA,1,NA,NA,NA,NA
cpsnj14_SemiBin_96.fa,63.96124489693722,NA,NA,NA,NA,NA,1140_2,NA,NA,1,NA,NA,NA,NA
sample1_SemiBin_128.fa,69.0269249798166,NA,NA,NA,NA,NA,1141_1,NA,NA,1,NA,NA,NA,NA
sample20_SemiBin_229.fa,53.40943035863141,NA,NA,NA,NA,NA,1141_2,NA,NA,1,NA,NA,NA,NA
cpsnj11_SemiBin_75.fa,72.21773859526566,NA,NA,NA,NA,NA,1141_3,NA,NA,1,NA,NA,NA,NA
cpsnj14_SemiBin_127.fa,86.45027436967989,NA,NA,NA,NA,NA,1141_4,NA,NA,1,NA,NA,NA,NA
snj08_SemiBin_82.fa,59.724880588670125,NA,NA,NA,NA,NA,1141_5,NA,NA,1,NA,NA,NA,NA
sample3_SemiBin_43.fa,63.710131122357474,NA,NA,NA,NA,NA,1141_6,NA,NA,1,NA,NA,NA,NA
sample14_SemiBin_80.fa,49.51392694788991,NA,NA,NA,NA,NA,1142_1,NA,NA,1,NA,NA,NA,NA
sample18_SemiBin_300.fa,53.71325792226597,NA,NA,NA,NA,NA,1142_2,NA,NA,1,NA,NA,NA,NA
cpsnj10_SemiBin_22.fa,88.84590512973013,NA,NA,NA,NA,NA,1143_1,NA,NA,3,99.13,99.06,NA,NA
sample18_SemiBin_59.fa,97.64271249252256,NA,NA,NA,NA,NA,1144_0,NA,NA,1,NA,NA,NA,NA
cpsnj03_SemiBin_26.fa,90.00443760411541,NA,NA,NA,NA,NA,1145_1,NA,NA,4,99.49,99.09,NA,NA
cpsnj16_SemiBin_32.fa,83.785462564806,NA,NA,NA,NA,NA,1145_2,NA,NA,1,NA,NA,NA,NA
sample1_SemiBin_216.fa,61.46336130345101,NA,NA,NA,NA,NA,1145_3,NA,NA,1,NA,NA,NA,NA
sample7_SemiBin_156.fa,77.35128963085592,NA,NA,NA,NA,NA,1145_4,NA,NA,1,NA,NA,NA,NA
sample23_SemiBin_174.fa,80.17487011813891,NA,NA,NA,NA,NA,1145_5,NA,NA,2,99.13,99.13,NA,NA
sample18_SemiBin_1328.fa,26.748467123900607,NA,NA,NA,NA,NA,1145_6,NA,NA,1,NA,NA,NA,NA
sample16_SemiBin_241.fa,66.24125225551549,NA,NA,NA,NA,NA,1145_7,NA,NA,1,NA,NA,NA,NA
sample25_SemiBin_468.fa,45.17373228775656,NA,NA,NA,NA,NA,1145_8,NA,NA,1,NA,NA,NA,NA
sample22_SemiBin_191.fa,70.82835699020403,NA,NA,NA,NA,NA,1145_9,NA,NA,1,NA,NA,NA,NA
cpsnj19_SemiBin_134.fa,55.55302826835064,NA,NA,NA,NA,NA,1145_10,NA,NA,1,NA,NA,NA,NA
cpsnj20_SemiBin_42.fa,77.84755995282465,NA,NA,NA,NA,NA,1145_11,NA,NA,1,NA,NA,NA,NA
cpsnj04_SemiBin_101.fa,75.84957276317303,NA,NA,NA,NA,NA,1145_12,NA,NA,1,NA,NA,NA,NA
snj04_SemiBin_126.fa,43.968356850171645,NA,NA,NA,NA,NA,1145_13,NA,NA,1,NA,NA,NA,NA
cpsnj14_SemiBin_11.fa,89.32391784438963,NA,NA,NA,NA,NA,1146_1,NA,NA,3,99.44,98.93,NA,NA
cpsnj09_SemiBin_115.fa,55.49807151173254,NA,NA,NA,NA,NA,1146_2,NA,NA,1,NA,NA,NA,NA
cpsnj13_SemiBin_144.fa,74.81600115479121,NA,NA,NA,NA,NA,1146_3,NA,NA,1,NA,NA,NA,NA
cpsnj10_SemiBin_64.fa,76.45039172491757,NA,NA,NA,NA,NA,1146_4,NA,NA,1,NA,NA,NA,NA
sample27_SemiBin_181.fa,59.92848289112065,NA,NA,NA,NA,NA,1146_5,NA,NA,1,NA,NA,NA,NA
cpsnj15_SemiBin_611.fa,16.804645146883047,NA,NA,NA,NA,NA,1146_6,NA,NA,1,NA,NA,NA,NA
cpsnj16_SemiBin_841.fa,42.16223553503935,NA,NA,NA,NA,NA,1146_7,NA,NA,1,NA,NA,NA,NA
sample4_SemiBin_252.fa,36.21210576595561,NA,NA,NA,NA,NA,1147_0,NA,NA,1,NA,NA,NA,NA
cpsnj09_SemiBin_143.fa,54.56108653136782,NA,NA,NA,NA,NA,1148_1,NA,NA,1,NA,NA,NA,NA
snj09_SemiBin_9.fa,89.25512792325547,NA,NA,NA,NA,NA,1148_2,NA,NA,1,NA,NA,NA,NA
cpsnj13_SemiBin_28.fa,90.2637744487938,NA,NA,NA,NA,NA,1148_3,NA,NA,1,NA,NA,NA,NA
snj14_SemiBin_24.fa,79.22605703687869,NA,NA,NA,NA,NA,1148_4,NA,NA,1,NA,NA,NA,NA
sample20_SemiBin_315.fa,47.36676147042681,NA,NA,NA,NA,NA,1149_0,NA,NA,1,NA,NA,NA,NA
sample3_SemiBin_102.fa,51.91854700830406,NA,NA,NA,NA,NA,1150_1,NA,NA,1,NA,NA,NA,NA
sample8_SemiBin_134.fa,39.85026796656842,NA,NA,NA,NA,NA,1150_2,NA,NA,1,NA,NA,NA,NA
sample20_SemiBin_307.fa,60.31536339665417,NA,NA,NA,NA,NA,1150_3,NA,NA,1,NA,NA,NA,NA
cpsnj03_SemiBin_166.fa,27.863963101266567,NA,NA,NA,NA,NA,1151_0,NA,NA,1,NA,NA,NA,NA
sample20_SemiBin_131.fa,63.03710178261365,NA,NA,NA,NA,NA,1152_0,NA,NA,1,NA,NA,NA,NA
cpsnj09_SemiBin_315.fa,32.817016663797524,NA,NA,NA,NA,NA,1153_0,NA,NA,1,NA,NA,NA,NA
sample20_SemiBin_163.fa,49.39114187178357,NA,NA,NA,NA,NA,1154_1,NA,NA,1,NA,NA,NA,NA
sample6_SemiBin_87.fa,49.29089135640793,NA,NA,NA,NA,NA,1154_2,NA,NA,1,NA,NA,NA,NA
cpsnj16_SemiBin_201.fa,51.436150548575775,NA,NA,NA,NA,NA,1155_1,NA,NA,1,NA,NA,NA,NA
sample18_SemiBin_35.fa,74.32192186960854,NA,NA,NA,NA,NA,1155_2,NA,NA,1,NA,NA,NA,NA
sample6_SemiBin_218.fa,57.32886384581813,NA,NA,NA,NA,NA,1156_1,NA,NA,1,NA,NA,NA,NA
sample7_SemiBin_70.fa,56.83785886203437,NA,NA,NA,NA,NA,1156_2,NA,NA,1,NA,NA,NA,NA
cpsnj03_SemiBin_4.fa,99.96883955577955,NA,NA,NA,NA,NA,1156_3,NA,NA,4,99.16,99.01,NA,NA
snj08_SemiBin_139.fa,50.24090569901491,NA,NA,NA,NA,NA,1156_4,NA,NA,1,NA,NA,NA,NA
snj04_SemiBin_43.fa,61.784048910639065,NA,NA,NA,NA,NA,1156_5,NA,NA,1,NA,NA,NA,NA
cpsnj04_SemiBin_2289.fa,36.95309495134863,NA,NA,NA,NA,NA,1156_6,NA,NA,1,NA,NA,NA,NA
cpsnj01_SemiBin_127.fa,50.95810240156023,NA,NA,NA,NA,NA,1156_7,NA,NA,1,NA,NA,NA,NA
sample29_SemiBin_155.fa,49.061289516500864,NA,NA,NA,NA,NA,1156_8,NA,NA,1,NA,NA,NA,NA
snj01_SemiBin_122.fa,44.89471065616213,NA,NA,NA,NA,NA,1157_0,NA,NA,1,NA,NA,NA,NA
sample9_SemiBin_195.fa,34.30456726145669,NA,NA,NA,NA,NA,1158_0,NA,NA,1,NA,NA,NA,NA
sample22_SemiBin_80.fa,87.98495795005091,NA,NA,NA,NA,NA,1159_1,NA,NA,1,NA,NA,NA,NA
sample5_SemiBin_98.fa,43.293428964762654,NA,NA,NA,NA,NA,1159_2,NA,NA,1,NA,NA,NA,NA
sample13_SemiBin_137.fa,54.2281482344288,NA,NA,NA,NA,NA,1159_3,NA,NA,1,NA,NA,NA,NA
sample17_SemiBin_285.fa,24.147169603172664,NA,NA,NA,NA,NA,1160_0,NA,NA,1,NA,NA,NA,NA
cpsnj09_SemiBin_1515.fa,9.41761090017152,NA,NA,NA,NA,NA,1161_0,NA,NA,1,NA,NA,NA,NA
sample28_SemiBin_143.fa,54.61154241891323,NA,NA,NA,NA,NA,1162_0,NA,NA,1,NA,NA,NA,NA
snj15_SemiBin_143.fa,51.079660918408415,NA,NA,NA,NA,NA,1163_0,NA,NA,1,NA,NA,NA,NA
sample20_SemiBin_435.fa,48.85811955853081,NA,NA,NA,NA,NA,1164_0,NA,NA,1,NA,NA,NA,NA
cpsnj09_SemiBin_110.fa,63.00064352627702,NA,NA,NA,NA,NA,1165_1,NA,NA,1,NA,NA,NA,NA
snj08_SemiBin_169.fa,52.48856757031698,NA,NA,NA,NA,NA,1165_2,NA,NA,1,NA,NA,NA,NA
sample4_SemiBin_80.fa,87.0312911366815,NA,NA,NA,NA,NA,1166_1,NA,NA,2,99.09,99.09,NA,NA
sample1_SemiBin_32.fa,81.93906669968997,NA,NA,NA,NA,NA,1166_2,NA,NA,1,NA,NA,NA,NA
sample22_SemiBin_260.fa,51.04534740110744,NA,NA,NA,NA,NA,1166_3,NA,NA,1,NA,NA,NA,NA
sample20_SemiBin_60.fa,56.08075658495037,NA,NA,NA,NA,NA,1166_4,NA,NA,1,NA,NA,NA,NA
sample15_SemiBin_138.fa,57.15550976952756,NA,NA,NA,NA,NA,1166_5,NA,NA,1,NA,NA,NA,NA
sample16_SemiBin_180.fa,71.09703762225442,NA,NA,NA,NA,NA,1166_6,NA,NA,1,NA,NA,NA,NA
sample18_SemiBin_147.fa,59.57122026220704,NA,NA,NA,NA,NA,1166_7,NA,NA,1,NA,NA,NA,NA
sample25_SemiBin_79.fa,70.64139959278478,NA,NA,NA,NA,NA,1166_8,NA,NA,1,NA,NA,NA,NA
sample21_SemiBin_37.fa,89.48065830321963,NA,NA,NA,NA,NA,1166_9,NA,NA,1,NA,NA,NA,NA
sample26_SemiBin_142.fa,54.43773392172464,NA,NA,NA,NA,NA,1166_10,NA,NA,1,NA,NA,NA,NA
sample10_SemiBin_85.fa,74.82662985023299,NA,NA,NA,NA,NA,1166_11,NA,NA,1,NA,NA,NA,NA
sample22_SemiBin_713.fa,9.848104226347973,NA,NA,NA,NA,NA,1166_12,NA,NA,1,NA,NA,NA,NA
sample1_SemiBin_110.fa,85.4431600432831,NA,NA,NA,NA,NA,1167_1,NA,NA,1,NA,NA,NA,NA
sample22_SemiBin_189.fa,14.274266168270024,NA,NA,NA,NA,NA,1167_2,NA,NA,1,NA,NA,NA,NA
sample17_SemiBin_145.fa,47.81186460414708,NA,NA,NA,NA,NA,1168_0,NA,NA,1,NA,NA,NA,NA
sample1_SemiBin_236.fa,80.29580933217457,NA,NA,NA,NA,NA,1169_1,NA,NA,1,NA,NA,NA,NA
sample25_SemiBin_434.fa,24.54500098053295,NA,NA,NA,NA,NA,1169_2,NA,NA,1,NA,NA,NA,NA
sample20_SemiBin_278.fa,39.35533091046725,NA,NA,NA,NA,NA,1169_3,NA,NA,1,NA,NA,NA,NA
snj03_SemiBin_106.fa,85.23369793977047,NA,NA,NA,NA,NA,1170_1,NA,NA,3,99.43,98.89,NA,NA
snj01_SemiBin_174.fa,13.454668895079756,NA,NA,NA,NA,NA,1170_2,NA,NA,1,NA,NA,NA,NA
cpsnj11_SemiBin_20.fa,84.11062848540234,NA,NA,NA,NA,NA,1171_1,NA,NA,4,99.26,98.98,NA,NA
cpsnj10_SemiBin_114.fa,68.78743815185535,NA,NA,NA,NA,NA,1171_2,NA,NA,1,NA,NA,NA,NA
snj14_SemiBin_61.fa,77.13626840651524,NA,NA,NA,NA,NA,1171_3,NA,NA,1,NA,NA,NA,NA
cpsnj09_SemiBin_212.fa,66.70571034933744,NA,NA,NA,NA,NA,1171_4,NA,NA,1,NA,NA,NA,NA
cpsnj13_SemiBin_72.fa,60.59707595674947,NA,NA,NA,NA,NA,1172_0,NA,NA,1,NA,NA,NA,NA
sample9_SemiBin_136.fa,43.52474893582149,NA,NA,NA,NA,NA,1173_0,NA,NA,1,NA,NA,NA,NA
cpsnj04_SemiBin_481.fa,32.653964916816136,NA,NA,NA,NA,NA,1174_0,NA,NA,1,NA,NA,NA,NA
snj09_SemiBin_2.fa,92.4947525454366,NA,NA,NA,NA,NA,1175_1,NA,NA,2,99.51,99.51,NA,NA
cpsnj11_SemiBin_67.fa,77.66696103692918,NA,NA,NA,NA,NA,1176_1,NA,NA,1,NA,NA,NA,NA
snj11_SemiBin_39.fa,66.61852969444043,NA,NA,NA,NA,NA,1176_2,NA,NA,1,NA,NA,NA,NA
cpsnj16_SemiBin_192.fa,44.74967485562921,NA,NA,NA,NA,NA,1176_3,NA,NA,1,NA,NA,NA,NA
snj10_SemiBin_26.fa,60.906234720056105,NA,NA,NA,NA,NA,1176_4,NA,NA,1,NA,NA,NA,NA
snj16_SemiBin_205.fa,51.06147016103343,NA,NA,NA,NA,NA,1176_5,NA,NA,1,NA,NA,NA,NA
cpsnj03_SemiBin_79.fa,56.86950515163791,NA,NA,NA,NA,NA,1177_1,NA,NA,1,NA,NA,NA,NA
snj08_SemiBin_75.fa,77.97247268103344,NA,NA,NA,NA,NA,1177_2,NA,NA,1,NA,NA,NA,NA
sample3_SemiBin_131.fa,61.94091107490144,NA,NA,NA,NA,NA,1177_3,NA,NA,1,NA,NA,NA,NA
sample8_SemiBin_24.fa,76.91430054276685,NA,NA,NA,NA,NA,1177_4,NA,NA,1,NA,NA,NA,NA
sample4_SemiBin_95.fa,64.39529819108242,NA,NA,NA,NA,NA,1177_5,NA,NA,1,NA,NA,NA,NA
cpsnj14_SemiBin_138.fa,50.38169647209226,NA,NA,NA,NA,NA,1177_6,NA,NA,1,NA,NA,NA,NA
sample20_SemiBin_140.fa,66.79051488465713,NA,NA,NA,NA,NA,1177_7,NA,NA,1,NA,NA,NA,NA
sample19_SemiBin_273.fa,42.18638438380884,NA,NA,NA,NA,NA,1178_0,NA,NA,1,NA,NA,NA,NA
cpsnj04_SemiBin_144.fa,68.1475793096435,NA,NA,NA,NA,NA,1179_0,NA,NA,1,NA,NA,NA,NA
sample2_SemiBin_23.fa,88.6737242631181,NA,NA,NA,NA,NA,1180_1,NA,NA,2,99.79,99.79,NA,NA
cpsnj03_SemiBin_105.fa,61.42802383351458,NA,NA,NA,NA,NA,1180_2,NA,NA,1,NA,NA,NA,NA
sample28_SemiBin_28.fa,50.30371737864802,NA,NA,NA,NA,NA,1181_0,NA,NA,1,NA,NA,NA,NA
sample11_SemiBin_103.fa,44.93821998687476,NA,NA,NA,NA,NA,1182_1,NA,NA,1,NA,NA,NA,NA
sample18_SemiBin_95.fa,91.66364171816936,NA,NA,NA,NA,NA,1182_2,NA,NA,1,NA,NA,NA,NA
sample18_SemiBin_44.fa,96.26331699391088,NA,NA,NA,NA,NA,1183_0,NA,NA,1,NA,NA,NA,NA
cpsnj09_SemiBin_217.fa,70.84396665803179,NA,NA,NA,NA,NA,1184_0,NA,NA,1,NA,NA,NA,NA
sample29_SemiBin_195.fa,69.91705242746076,NA,NA,NA,NA,NA,1185_0,NA,NA,1,NA,NA,NA,NA
sample29_SemiBin_7.fa,96.14736437804626,NA,NA,NA,NA,NA,1186_0,NA,NA,1,NA,NA,NA,NA
cpsnj01_SemiBin_10.fa,79.17258131354872,NA,NA,NA,NA,NA,1187_1,NA,NA,1,NA,NA,NA,NA
snj01_SemiBin_22.fa,72.4327889240931,NA,NA,NA,NA,NA,1187_2,NA,NA,1,NA,NA,NA,NA
snj19_SemiBin_254.fa,44.462161055230006,NA,NA,NA,NA,NA,1187_3,NA,NA,1,NA,NA,NA,NA
snj20_SemiBin_235.fa,80.77022668355696,NA,NA,NA,NA,NA,1187_4,NA,NA,1,NA,NA,NA,NA
sample23_SemiBin_75.fa,64.75582658576454,NA,NA,NA,NA,NA,1187_5,NA,NA,1,NA,NA,NA,NA
cpsnj14_SemiBin_145.fa,52.60835431803441,NA,NA,NA,NA,NA,1188_1,NA,NA,1,NA,NA,NA,NA
snj14_SemiBin_65.fa,58.01472499614,NA,NA,NA,NA,NA,1188_2,NA,NA,1,NA,NA,NA,NA
cpsnj10_SemiBin_104.fa,43.18290723874422,NA,NA,NA,NA,NA,1188_3,NA,NA,1,NA,NA,NA,NA
snj13_SemiBin_98.fa,58.13723531157509,NA,NA,NA,NA,NA,1188_4,NA,NA,1,NA,NA,NA,NA
sample20_SemiBin_153.fa,40.91897953207931,NA,NA,NA,NA,NA,1188_5,NA,NA,1,NA,NA,NA,NA
cpsnj11_SemiBin_76.fa,61.26431934698861,NA,NA,NA,NA,NA,1188_6,NA,NA,1,NA,NA,NA,NA
snj11_SemiBin_130.fa,54.915452998979816,NA,NA,NA,NA,NA,1188_7,NA,NA,1,NA,NA,NA,NA
snj20_SemiBin_141.fa,20.84841050824813,NA,NA,NA,NA,NA,1188_8,NA,NA,1,NA,NA,NA,NA
sample20_SemiBin_177.fa,15.688112389758375,NA,NA,NA,NA,NA,1188_9,NA,NA,1,NA,NA,NA,NA
snj13_SemiBin_244.fa,41.36552300693131,NA,NA,NA,NA,NA,1188_10,NA,NA,1,NA,NA,NA,NA
cpsnj11_SemiBin_1865.fa,3.665606044772968,NA,NA,NA,NA,NA,1189_1,NA,NA,1,NA,NA,NA,NA
snj11_SemiBin_830.fa,18.735106282480984,NA,NA,NA,NA,NA,1189_2,NA,NA,1,NA,NA,NA,NA
cpsnj09_SemiBin_69.fa,78.93977413595545,NA,NA,NA,NA,NA,1189_3,NA,NA,1,NA,NA,NA,NA
snj14_SemiBin_69.fa,40.719439587044754,NA,NA,NA,NA,NA,1189_4,NA,NA,1,NA,NA,NA,NA
cpsnj10_SemiBin_49.fa,57.49307997936384,NA,NA,NA,NA,NA,1189_5,NA,NA,1,NA,NA,NA,NA
cpsnj13_SemiBin_105.fa,46.731504447301695,NA,NA,NA,NA,NA,1189_6,NA,NA,1,NA,NA,NA,NA
sample28_SemiBin_70.fa,52.89160408940881,NA,NA,NA,NA,NA,1189_7,NA,NA,1,NA,NA,NA,NA
snj09_SemiBin_168.fa,57.68348829014964,NA,NA,NA,NA,NA,1189_8,NA,NA,1,NA,NA,NA,NA
snj16_SemiBin_115.fa,35.66760059974684,NA,NA,NA,NA,NA,1189_9,NA,NA,1,NA,NA,NA,NA
cpsnj04_SemiBin_625.fa,20.11793833213422,NA,NA,NA,NA,NA,1190_0,NA,NA,1,NA,NA,NA,NA
sample6_SemiBin_122.fa,43.04395177162664,NA,NA,NA,NA,NA,1191_0,NA,NA,1,NA,NA,NA,NA
sample23_SemiBin_5.fa,90.3967820875788,NA,NA,NA,NA,NA,1192_1,NA,NA,3,99.92,99.67,NA,NA
sample16_SemiBin_44.fa,44.44579118904545,NA,NA,NA,NA,NA,1193_1,NA,NA,1,NA,NA,NA,NA
sample23_SemiBin_58.fa,57.88174649262213,NA,NA,NA,NA,NA,1193_2,NA,NA,1,NA,NA,NA,NA
cpsnj03_SemiBin_82.fa,57.05871582928501,NA,NA,NA,NA,NA,1193_3,NA,NA,1,NA,NA,NA,NA
sample3_SemiBin_6.fa,87.28037364891085,NA,NA,NA,NA,NA,1194_1,NA,NA,1,NA,NA,NA,NA
sample4_SemiBin_55.fa,83.07874584732284,NA,NA,NA,NA,NA,1194_2,NA,NA,1,NA,NA,NA,NA
cpsnj19_SemiBin_90.fa,82.78397506386678,NA,NA,NA,NA,NA,1194_3,NA,NA,1,NA,NA,NA,NA
sample5_SemiBin_33.fa,58.13565308319825,NA,NA,NA,NA,NA,1195_1,NA,NA,1,NA,NA,NA,NA
snj03_SemiBin_53.fa,50.96485792133152,NA,NA,NA,NA,NA,1195_2,NA,NA,1,NA,NA,NA,NA
snj08_SemiBin_120.fa,30.39113579775002,NA,NA,NA,NA,NA,1196_0,NA,NA,1,NA,NA,NA,NA
sample23_SemiBin_9.fa,95.4216099568674,NA,NA,NA,NA,NA,1197_1,NA,NA,1,NA,NA,NA,NA
sample29_SemiBin_34.fa,93.58325725180718,NA,NA,NA,NA,NA,1197_2,NA,NA,1,NA,NA,NA,NA
sample1_SemiBin_140.fa,55.74093275544069,NA,NA,NA,NA,NA,1198_1,NA,NA,1,NA,NA,NA,NA
sample20_SemiBin_41.fa,95.30033242492811,NA,NA,NA,NA,NA,1198_2,NA,NA,1,NA,NA,NA,NA
sample29_SemiBin_144.fa,43.779416822837526,NA,NA,NA,NA,NA,1198_3,NA,NA,1,NA,NA,NA,NA
sample29_SemiBin_72.fa,48.934732505196735,NA,NA,NA,NA,NA,1199_0,NA,NA,1,NA,NA,NA,NA
cpsnj01_SemiBin_286.fa,39.23392794866637,NA,NA,NA,NA,NA,1200_1,NA,NA,1,NA,NA,NA,NA
snj01_SemiBin_67.fa,56.50181415590645,NA,NA,NA,NA,NA,1200_2,NA,NA,1,NA,NA,NA,NA
sample20_SemiBin_98.fa,74.51166340019479,NA,NA,NA,NA,NA,1200_3,NA,NA,1,NA,NA,NA,NA
sample20_SemiBin_45.fa,91.282009079308,NA,NA,NA,NA,NA,1201_0,NA,NA,1,NA,NA,NA,NA
sample29_SemiBin_119.fa,72.01237268334812,NA,NA,NA,NA,NA,1202_0,NA,NA,1,NA,NA,NA,NA
sample29_SemiBin_20.fa,53.85671218091456,NA,NA,NA,NA,NA,1203_0,NA,NA,1,NA,NA,NA,NA
sample21_SemiBin_157.fa,45.30802914771553,NA,NA,NA,NA,NA,1204_1,NA,NA,1,NA,NA,NA,NA
snj13_SemiBin_5.fa,97.79215645120068,NA,NA,NA,NA,NA,1204_2,NA,NA,1,NA,NA,NA,NA
sample27_SemiBin_140.fa,60.771465106888535,NA,NA,NA,NA,NA,1205_0,NA,NA,1,NA,NA,NA,NA
sample6_SemiBin_195.fa,56.47869137797052,NA,NA,NA,NA,NA,1206_0,NA,NA,1,NA,NA,NA,NA
snj11_SemiBin_128.fa,56.88219027087664,NA,NA,NA,NA,NA,1207_0,NA,NA,1,NA,NA,NA,NA
cpsnj03_SemiBin_110.fa,68.75776077804494,NA,NA,NA,NA,NA,1208_0,NA,NA,1,NA,NA,NA,NA
snj02_SemiBin_39.fa,60.27450779378801,NA,NA,NA,NA,NA,1209_0,NA,NA,1,NA,NA,NA,NA
sample18_SemiBin_174.fa,60.395101053536806,NA,NA,NA,NA,NA,1210_1,NA,NA,1,NA,NA,NA,NA
sample3_SemiBin_94.fa,74.2334513403436,NA,NA,NA,NA,NA,1210_2,NA,NA,1,NA,NA,NA,NA
snj19_SemiBin_10.fa,98.33818324149834,NA,NA,NA,NA,NA,1210_3,NA,NA,4,99.32,99.03,NA,NA
cpsnj08_SemiBin_561.fa,40.69207143606202,NA,NA,NA,NA,NA,1210_4,NA,NA,1,NA,NA,NA,NA
snj03_SemiBin_57.fa,62.77585488250077,NA,NA,NA,NA,NA,1210_5,NA,NA,1,NA,NA,NA,NA
sample24_SemiBin_71.fa,44.59764703895142,NA,NA,NA,NA,NA,1210_6,NA,NA,1,NA,NA,NA,NA
snj04_SemiBin_14.fa,76.73921731010219,NA,NA,NA,NA,NA,1210_7,NA,NA,1,NA,NA,NA,NA
cpsnj20_SemiBin_84.fa,63.55163969722066,NA,NA,NA,NA,NA,1210_8,NA,NA,1,NA,NA,NA,NA
cpsnj16_SemiBin_146.fa,69.2049774691269,NA,NA,NA,NA,NA,1210_9,NA,NA,1,NA,NA,NA,NA
sample23_SemiBin_46.fa,72.75845695052534,NA,NA,NA,NA,NA,1210_10,NA,NA,1,NA,NA,NA,NA
snj20_SemiBin_203.fa,40.44646190979666,NA,NA,NA,NA,NA,1210_11,NA,NA,1,NA,NA,NA,NA
sample2_SemiBin_13.fa,82.80888875363131,NA,NA,NA,NA,NA,1210_12,NA,NA,1,NA,NA,NA,NA
sample7_SemiBin_17.fa,79.88936801424592,NA,NA,NA,NA,NA,1210_13,NA,NA,1,NA,NA,NA,NA
sample15_SemiBin_51.fa,51.457901621716566,NA,NA,NA,NA,NA,1210_14,NA,NA,1,NA,NA,NA,NA
sample16_SemiBin_183.fa,72.21478232448239,NA,NA,NA,NA,NA,1210_15,NA,NA,1,NA,NA,NA,NA
cpsnj04_SemiBin_2241.fa,18.07452821194557,NA,NA,NA,NA,NA,1210_16,NA,NA,1,NA,NA,NA,NA
sample1_SemiBin_182.fa,44.5375305222888,NA,NA,NA,NA,NA,1211_0,NA,NA,1,NA,NA,NA,NA
sample19_SemiBin_1724.fa,27.319592333548727,NA,NA,NA,NA,NA,1212_0,NA,NA,1,NA,NA,NA,NA
sample29_SemiBin_121.fa,58.85905082640787,NA,NA,NA,NA,NA,1213_0,NA,NA,1,NA,NA,NA,NA
snj16_SemiBin_5.fa,99.22993764983492,NA,NA,NA,NA,NA,1214_1,NA,NA,6,99.50,99.24,NA,NA
snj04_SemiBin_80.fa,56.21687238101689,NA,NA,NA,NA,NA,1214_2,NA,NA,1,NA,NA,NA,NA
snj20_SemiBin_111.fa,50.91050565148407,NA,NA,NA,NA,NA,1214_3,NA,NA,1,NA,NA,NA,NA
sample23_SemiBin_153.fa,48.60284514870386,NA,NA,NA,NA,NA,1214_4,NA,NA,1,NA,NA,NA,NA
snj10_SemiBin_73.fa,84.26684883719129,NA,NA,NA,NA,NA,1214_5,NA,NA,4,99.14,99.01,NA,NA
cpsnj13_SemiBin_62.fa,66.13377574528171,NA,NA,NA,NA,NA,1214_6,NA,NA,1,NA,NA,NA,NA
sample13_SemiBin_173.fa,69.19945080955827,NA,NA,NA,NA,NA,1214_7,NA,NA,1,NA,NA,NA,NA
sample18_SemiBin_357.fa,55.71454523170146,NA,NA,NA,NA,NA,1214_8,NA,NA,1,NA,NA,NA,NA
sample27_SemiBin_109.fa,47.11625174984087,NA,NA,NA,NA,NA,1214_9,NA,NA,1,NA,NA,NA,NA
sample20_SemiBin_364.fa,57.21992575026361,NA,NA,NA,NA,NA,1214_10,NA,NA,1,NA,NA,NA,NA
sample1_SemiBin_497.fa,14.184624078971382,NA,NA,NA,NA,NA,1214_11,NA,NA,1,NA,NA,NA,NA
snj11_SemiBin_92.fa,57.07354932020716,NA,NA,NA,NA,NA,1215_0,NA,NA,1,NA,NA,NA,NA
sample3_SemiBin_146.fa,69.81604969153864,NA,NA,NA,NA,NA,1216_1,NA,NA,1,NA,NA,NA,NA
sample4_SemiBin_44.fa,81.54771925272502,NA,NA,NA,NA,NA,1216_2,NA,NA,1,NA,NA,NA,NA
sample17_SemiBin_221.fa,61.53429124952192,NA,NA,NA,NA,NA,1216_3,NA,NA,1,NA,NA,NA,NA
sample18_SemiBin_105.fa,84.36928909924298,NA,NA,NA,NA,NA,1216_4,NA,NA,1,NA,NA,NA,NA
sample20_SemiBin_110.fa,42.874267181764566,NA,NA,NA,NA,NA,1217_0,NA,NA,1,NA,NA,NA,NA
sample13_SemiBin_296.fa,50.80663363264233,NA,NA,NA,NA,NA,1218_1,NA,NA,1,NA,NA,NA,NA
sample18_SemiBin_190.fa,40.77823860312085,NA,NA,NA,NA,NA,1218_2,NA,NA,1,NA,NA,NA,NA
cpsnj10_SemiBin_39.fa,75.41762443525717,NA,NA,NA,NA,NA,1219_1,NA,NA,1,NA,NA,NA,NA
snj09_SemiBin_80.fa,38.20872896486053,NA,NA,NA,NA,NA,1219_2,NA,NA,1,NA,NA,NA,NA
cpsnj04_SemiBin_200.fa,67.07642034612078,NA,NA,NA,NA,NA,1219_3,NA,NA,1,NA,NA,NA,NA
sample28_SemiBin_87.fa,64.51615175559348,NA,NA,NA,NA,NA,1219_4,NA,NA,1,NA,NA,NA,NA
cpsnj09_SemiBin_718.fa,8.915484738480389,NA,NA,NA,NA,NA,1219_5,NA,NA,1,NA,NA,NA,NA
cpsnj14_SemiBin_19.fa,91.91338463095012,NA,NA,NA,NA,NA,1220_1,NA,NA,1,NA,NA,NA,NA
snj11_SemiBin_37.fa,77.27415667683223,NA,NA,NA,NA,NA,1220_2,NA,NA,1,NA,NA,NA,NA
cpsnj16_SemiBin_133.fa,68.92830069452631,NA,NA,NA,NA,NA,1220_3,NA,NA,1,NA,NA,NA,NA
cpsnj11_SemiBin_102.fa,67.23699369881456,NA,NA,NA,NA,NA,1220_4,NA,NA,1,NA,NA,NA,NA
snj13_SemiBin_217.fa,59.750880150468056,NA,NA,NA,NA,NA,1220_5,NA,NA,1,NA,NA,NA,NA
snj09_SemiBin_1041.fa,14.388937641255342,NA,NA,NA,NA,NA,1220_6,NA,NA,1,NA,NA,NA,NA
cpsnj10_SemiBin_87.fa,63.23113093785855,NA,NA,NA,NA,NA,1221_0,NA,NA,1,NA,NA,NA,NA
sample20_SemiBin_391.fa,47.80633344516192,NA,NA,NA,NA,NA,1222_0,NA,NA,1,NA,NA,NA,NA
snj19_SemiBin_225.fa,47.00267008962289,NA,NA,NA,NA,NA,1223_1,NA,NA,1,NA,NA,NA,NA
snj20_SemiBin_30.fa,45.723898425075454,NA,NA,NA,NA,NA,1223_2,NA,NA,1,NA,NA,NA,NA
snj08_SemiBin_37.fa,81.45884689893349,NA,NA,NA,NA,NA,1223_3,NA,NA,1,NA,NA,NA,NA
snj11_SemiBin_66.fa,50.2135050692553,NA,NA,NA,NA,NA,1223_4,NA,NA,1,NA,NA,NA,NA
sample21_SemiBin_195.fa,49.09680423379414,NA,NA,NA,NA,NA,1223_5,NA,NA,1,NA,NA,NA,NA
snj01_SemiBin_10.fa,74.43478695496081,NA,NA,NA,NA,NA,1223_6,NA,NA,1,NA,NA,NA,NA
sample20_SemiBin_273.fa,58.39736501520383,NA,NA,NA,NA,NA,1224_0,NA,NA,1,NA,NA,NA,NA
snj11_SemiBin_207.fa,74.01198954108209,NA,NA,NA,NA,NA,1225_1,NA,NA,1,NA,NA,NA,NA
snj20_SemiBin_170.fa,64.27228946062232,NA,NA,NA,NA,NA,1225_2,NA,NA,1,NA,NA,NA,NA
snj11_SemiBin_792.fa,37.122133286577,NA,NA,NA,NA,NA,1226_0,NA,NA,1,NA,NA,NA,NA
snj09_SemiBin_292.fa,40.49775602937447,NA,NA,NA,NA,NA,1227_0,NA,NA,1,NA,NA,NA,NA
snj13_SemiBin_35.fa,79.76755820808614,NA,NA,NA,NA,NA,1228_0,NA,NA,1,NA,NA,NA,NA
sample29_SemiBin_107.fa,63.75914765256041,NA,NA,NA,NA,NA,1229_0,NA,NA,1,NA,NA,NA,NA
cpsnj02_SemiBin_81.fa,47.75397160649995,NA,NA,NA,NA,NA,1230_0,NA,NA,1,NA,NA,NA,NA
sample4_SemiBin_100.fa,94.87845095205688,NA,NA,NA,NA,NA,1231_1,NA,NA,1,NA,NA,NA,NA
sample8_SemiBin_63.fa,73.77248126600153,NA,NA,NA,NA,NA,1231_2,NA,NA,1,NA,NA,NA,NA
sample20_SemiBin_107.fa,74.34800751801058,NA,NA,NA,NA,NA,1231_3,NA,NA,1,NA,NA,NA,NA
snj08_SemiBin_168.fa,61.5400887527604,NA,NA,NA,NA,NA,1231_4,NA,NA,1,NA,NA,NA,NA
sample19_SemiBin_34.fa,95.26090540840904,NA,NA,NA,NA,NA,1232_0,NA,NA,1,NA,NA,NA,NA
sample19_SemiBin_206.fa,68.14137709865909,NA,NA,NA,NA,NA,1233_1,NA,NA,1,NA,NA,NA,NA
sample25_SemiBin_906.fa,7.525102077582661,NA,NA,NA,NA,NA,1233_2,NA,NA,1,NA,NA,NA,NA
cpsnj01_SemiBin_90.fa,50.91122079842556,NA,NA,NA,NA,NA,1234_0,NA,NA,1,NA,NA,NA,NA
cpsnj03_SemiBin_1486.fa,22.56321476099689,NA,NA,NA,NA,NA,1235_0,NA,NA,1,NA,NA,NA,NA
cpsnj08_SemiBin_104.fa,25.91192864510116,NA,NA,NA,NA,NA,1236_1,NA,NA,1,NA,NA,NA,NA
snj08_SemiBin_66.fa,47.04026701285164,NA,NA,NA,NA,NA,1236_2,NA,NA,1,NA,NA,NA,NA
cpsnj19_SemiBin_75.fa,54.92319283251733,NA,NA,NA,NA,NA,1236_3,NA,NA,1,NA,NA,NA,NA
snj19_SemiBin_87.fa,64.5719724634172,NA,NA,NA,NA,NA,1236_4,NA,NA,1,NA,NA,NA,NA
cpsnj01_SemiBin_59.fa,38.22351132912313,NA,NA,NA,NA,NA,1237_1,NA,NA,1,NA,NA,NA,NA
cpsnj11_SemiBin_361.fa,42.35703306652382,NA,NA,NA,NA,NA,1237_2,NA,NA,1,NA,NA,NA,NA
snj16_SemiBin_104.fa,60.42461971014544,NA,NA,NA,NA,NA,1238_1,NA,NA,1,NA,NA,NA,NA
snj20_SemiBin_123.fa,43.2841988538517,NA,NA,NA,NA,NA,1238_2,NA,NA,1,NA,NA,NA,NA
cpsnj09_SemiBin_27.fa,72.50354484089343,NA,NA,NA,NA,NA,1239_1,NA,NA,1,NA,NA,NA,NA
cpsnj10_SemiBin_74.fa,63.9231263631365,NA,NA,NA,NA,NA,1239_2,NA,NA,1,NA,NA,NA,NA
cpsnj14_SemiBin_75.fa,50.2809250290871,NA,NA,NA,NA,NA,1240_1,NA,NA,1,NA,NA,NA,NA
sample20_SemiBin_66.fa,84.1924304203775,NA,NA,NA,NA,NA,1240_2,NA,NA,1,NA,NA,NA,NA
snj14_SemiBin_49.fa,61.848530590023806,NA,NA,NA,NA,NA,1240_3,NA,NA,1,NA,NA,NA,NA
sample4_SemiBin_143.fa,58.508825156078615,NA,NA,NA,NA,NA,1240_4,NA,NA,1,NA,NA,NA,NA
sample16_SemiBin_198.fa,74.05343084568938,NA,NA,NA,NA,NA,1241_1,NA,NA,1,NA,NA,NA,NA
sample25_SemiBin_57.fa,64.66237946864567,NA,NA,NA,NA,NA,1241_2,NA,NA,1,NA,NA,NA,NA
sample26_SemiBin_26.fa,62.0234139768929,NA,NA,NA,NA,NA,1241_3,NA,NA,1,NA,NA,NA,NA
snj04_SemiBin_146.fa,61.7205327019035,NA,NA,NA,NA,NA,1241_4,NA,NA,1,NA,NA,NA,NA
sample4_SemiBin_129.fa,67.20676731368789,NA,NA,NA,NA,NA,1241_5,NA,NA,1,NA,NA,NA,NA
cpsnj11_SemiBin_34.fa,96.1007906277206,NA,NA,NA,NA,NA,1242_1,NA,NA,4,99.30,99.11,NA,NA
cpsnj09_SemiBin_298.fa,52.6036683247309,NA,NA,NA,NA,NA,1242_2,NA,NA,1,NA,NA,NA,NA
cpsnj10_SemiBin_92.fa,54.78737777919267,NA,NA,NA,NA,NA,1242_3,NA,NA,1,NA,NA,NA,NA
snj01_SemiBin_112.fa,70.52423431427393,NA,NA,NA,NA,NA,1242_4,NA,NA,1,NA,NA,NA,NA
snj20_SemiBin_231.fa,53.64971923583179,NA,NA,NA,NA,NA,1242_5,NA,NA,1,NA,NA,NA,NA
snj16_SemiBin_93.fa,30.00039556723205,NA,NA,NA,NA,NA,1242_6,NA,NA,1,NA,NA,NA,NA
cpsnj13_SemiBin_116.fa,57.61729500130151,NA,NA,NA,NA,NA,1242_7,NA,NA,1,NA,NA,NA,NA
cpsnj01_SemiBin_1263.fa,25.08968071050469,NA,NA,NA,NA,NA,1242_8,NA,NA,1,NA,NA,NA,NA
cpsnj01_SemiBin_156.fa,29.973601341347837,NA,NA,NA,NA,NA,1243_0,NA,NA,1,NA,NA,NA,NA
snj08_SemiBin_174.fa,77.32369188807552,NA,NA,NA,NA,NA,1244_0,NA,NA,1,NA,NA,NA,NA
snj08_SemiBin_165.fa,43.978986318881866,NA,NA,NA,NA,NA,1245_1,NA,NA,1,NA,NA,NA,NA
snj15_SemiBin_72.fa,47.2766155704408,NA,NA,NA,NA,NA,1245_2,NA,NA,1,NA,NA,NA,NA
sample18_SemiBin_121.fa,91.87548669045847,NA,NA,NA,NA,NA,1246_1,NA,NA,2,99.16,99.16,NA,NA
sample4_SemiBin_111.fa,58.36762610455476,NA,NA,NA,NA,NA,1246_2,NA,NA,1,NA,NA,NA,NA
sample3_SemiBin_108.fa,47.745854232426886,NA,NA,NA,NA,NA,1246_3,NA,NA,1,NA,NA,NA,NA
sample18_SemiBin_41.fa,98.6597015007878,NA,NA,NA,NA,NA,1247_1,NA,NA,3,99.55,99.32,NA,NA
sample22_SemiBin_239.fa,34.92567736142906,NA,NA,NA,NA,NA,1247_2,NA,NA,1,NA,NA,NA,NA
sample25_SemiBin_143.fa,40.11487800587717,NA,NA,NA,NA,NA,1247_3,NA,NA,1,NA,NA,NA,NA
sample15_SemiBin_136.fa,62.35582203753806,NA,NA,NA,NA,NA,1247_4,NA,NA,1,NA,NA,NA,NA
cpsnj16_SemiBin_7.fa,98.08600986690618,NA,NA,NA,NA,NA,1248_1,NA,NA,2,99.32,99.32,NA,NA
snj15_SemiBin_128.fa,57.85234946308812,NA,NA,NA,NA,NA,1248_2,NA,NA,1,NA,NA,NA,NA
sample17_SemiBin_68.fa,74.42589088621457,NA,NA,NA,NA,NA,1249_0,NA,NA,1,NA,NA,NA,NA
cpsnj14_SemiBin_41.fa,84.319272054574,NA,NA,NA,NA,NA,1250_1,NA,NA,1,NA,NA,NA,NA
sample17_SemiBin_262.fa,58.25596594752077,NA,NA,NA,NA,NA,1250_2,NA,NA,1,NA,NA,NA,NA
cpsnj10_SemiBin_38.fa,86.15231634510874,NA,NA,NA,NA,NA,1251_1,NA,NA,1,NA,NA,NA,NA
cpsnj16_SemiBin_211.fa,46.47458795382803,NA,NA,NA,NA,NA,1251_2,NA,NA,1,NA,NA,NA,NA
cpsnj11_SemiBin_81.fa,55.265717017662496,NA,NA,NA,NA,NA,1251_3,NA,NA,1,NA,NA,NA,NA
cpsnj15_SemiBin_170.fa,38.574929087432125,NA,NA,NA,NA,NA,1251_4,NA,NA,1,NA,NA,NA,NA
snj11_SemiBin_346.fa,41.77698130433675,NA,NA,NA,NA,NA,1251_5,NA,NA,1,NA,NA,NA,NA
cpsnj10_SemiBin_119.fa,74.27858744181508,NA,NA,NA,NA,NA,1252_1,NA,NA,1,NA,NA,NA,NA
cpsnj11_SemiBin_200.fa,60.57024444153257,NA,NA,NA,NA,NA,1252_2,NA,NA,1,NA,NA,NA,NA
cpsnj04_SemiBin_12.fa,99.81682270833112,NA,NA,NA,NA,NA,1253_1,NA,NA,3,99.55,99.37,NA,NA
cpsnj02_SemiBin_26.fa,73.53127629079516,NA,NA,NA,NA,NA,1253_2,NA,NA,1,NA,NA,NA,NA
cpsnj01_SemiBin_123.fa,67.74154989478774,NA,NA,NA,NA,NA,1253_3,NA,NA,1,NA,NA,NA,NA
sample23_SemiBin_79.fa,68.31494760922014,NA,NA,NA,NA,NA,1253_4,NA,NA,1,NA,NA,NA,NA
sample2_SemiBin_230.fa,7.918048181179305,NA,NA,NA,NA,NA,1253_5,NA,NA,1,NA,NA,NA,NA
sample4_SemiBin_122.fa,82.58701471973073,NA,NA,NA,NA,NA,1254_1,NA,NA,1,NA,NA,NA,NA
sample8_SemiBin_250.fa,61.37714340549606,NA,NA,NA,NA,NA,1254_2,NA,NA,1,NA,NA,NA,NA
sample18_SemiBin_336.fa,59.5653999053154,NA,NA,NA,NA,NA,1254_3,NA,NA,1,NA,NA,NA,NA
sample21_SemiBin_17.fa,64.91298959230238,NA,NA,NA,NA,NA,1255_1,NA,NA,1,NA,NA,NA,NA
sample27_SemiBin_119.fa,72.6941163996204,NA,NA,NA,NA,NA,1255_2,NA,NA,1,NA,NA,NA,NA
sample13_SemiBin_121.fa,52.11120443044042,NA,NA,NA,NA,NA,1255_3,NA,NA,1,NA,NA,NA,NA
sample22_SemiBin_89.fa,66.74605738144356,NA,NA,NA,NA,NA,1255_4,NA,NA,1,NA,NA,NA,NA
snj19_SemiBin_188.fa,66.22890244739754,NA,NA,NA,NA,NA,1255_5,NA,NA,1,NA,NA,NA,NA
snj20_SemiBin_183.fa,44.54635744794062,NA,NA,NA,NA,NA,1255_6,NA,NA,1,NA,NA,NA,NA
cpsnj03_SemiBin_153.fa,58.14864925823948,NA,NA,NA,NA,NA,1255_7,NA,NA,1,NA,NA,NA,NA
snj03_SemiBin_186.fa,59.13394772337255,NA,NA,NA,NA,NA,1255_8,NA,NA,1,NA,NA,NA,NA
cpsnj11_SemiBin_134.fa,79.48371199947968,NA,NA,NA,NA,NA,1255_9,NA,NA,1,NA,NA,NA,NA
snj11_SemiBin_90.fa,96.06106269454816,NA,NA,NA,NA,NA,1255_10,NA,NA,1,NA,NA,NA,NA
snj08_SemiBin_26.fa,83.26601142457645,NA,NA,NA,NA,NA,1255_11,NA,NA,1,NA,NA,NA,NA
cpsnj16_SemiBin_59.fa,49.885557309007766,NA,NA,NA,NA,NA,1255_12,NA,NA,1,NA,NA,NA,NA
snj10_SemiBin_114.fa,59.4564304607251,NA,NA,NA,NA,NA,1255_13,NA,NA,1,NA,NA,NA,NA
cpsnj15_SemiBin_280.fa,52.50503165687684,NA,NA,NA,NA,NA,1255_14,NA,NA,1,NA,NA,NA,NA
cpsnj19_SemiBin_307.fa,29.92885784472875,NA,NA,NA,NA,NA,1255_15,NA,NA,1,NA,NA,NA,NA
sample18_SemiBin_9.fa,101.52020163350385,NA,NA,NA,NA,NA,1256_0,NA,NA,1,NA,NA,NA,NA
sample29_SemiBin_29.fa,94.80009666747904,NA,NA,NA,NA,NA,1257_1,NA,NA,2,99.02,99.02,NA,NA
cpsnj10_SemiBin_219.fa,56.71865958018196,NA,NA,NA,NA,NA,1258_1,NA,NA,1,NA,NA,NA,NA
snj09_SemiBin_239.fa,60.971044138483045,NA,NA,NA,NA,NA,1258_2,NA,NA,1,NA,NA,NA,NA
cpsnj13_SemiBin_141.fa,79.66978889205555,NA,NA,NA,NA,NA,1258_3,NA,NA,1,NA,NA,NA,NA
cpsnj09_SemiBin_28.fa,96.93958320498672,NA,NA,NA,NA,NA,1259_1,NA,NA,3,99.60,99.20,NA,NA
cpsnj04_SemiBin_31.fa,47.02868447526061,NA,NA,NA,NA,NA,1259_2,NA,NA,1,NA,NA,NA,NA
cpsnj20_SemiBin_27.fa,80.93853134581094,NA,NA,NA,NA,NA,1259_3,NA,NA,1,NA,NA,NA,NA
cpsnj11_SemiBin_198.fa,52.86425475937908,NA,NA,NA,NA,NA,1259_4,NA,NA,1,NA,NA,NA,NA
sample28_SemiBin_57.fa,51.88413977234731,NA,NA,NA,NA,NA,1259_5,NA,NA,1,NA,NA,NA,NA
sample23_SemiBin_97.fa,62.73126425992943,NA,NA,NA,NA,NA,1259_6,NA,NA,1,NA,NA,NA,NA
sample20_SemiBin_162.fa,27.36012396668464,NA,NA,NA,NA,NA,1260_0,NA,NA,1,NA,NA,NA,NA
cpsnj14_SemiBin_58.fa,76.593726748503,NA,NA,NA,NA,NA,1261_0,NA,NA,1,NA,NA,NA,NA
snj08_SemiBin_138.fa,75.61807964053673,NA,NA,NA,NA,NA,1262_1,NA,NA,2,99.04,99.04,NA,NA
cpsnj14_SemiBin_123.fa,91.81419289199532,NA,NA,NA,NA,NA,1262_2,NA,NA,1,NA,NA,NA,NA
sample7_SemiBin_241.fa,74.18149256719813,NA,NA,NA,NA,NA,1262_3,NA,NA,1,NA,NA,NA,NA
snj03_SemiBin_160.fa,60.676091887291975,NA,NA,NA,NA,NA,1262_4,NA,NA,1,NA,NA,NA,NA
cpsnj11_SemiBin_195.fa,54.6242300885917,NA,NA,NA,NA,NA,1262_5,NA,NA,1,NA,NA,NA,NA
snj11_SemiBin_140.fa,76.58723903580432,NA,NA,NA,NA,NA,1262_6,NA,NA,1,NA,NA,NA,NA
cpsnj11_SemiBin_137.fa,59.92643772360037,NA,NA,NA,NA,NA,1262_7,NA,NA,1,NA,NA,NA,NA
snj01_SemiBin_34.fa,67.05410873509906,NA,NA,NA,NA,NA,1263_0,NA,NA,1,NA,NA,NA,NA
snj13_SemiBin_36.fa,82.76596686615517,NA,NA,NA,NA,NA,1264_0,NA,NA,1,NA,NA,NA,NA
snj11_SemiBin_87.fa,62.39702003023687,NA,NA,NA,NA,NA,1265_1,NA,NA,1,NA,NA,NA,NA
snj20_SemiBin_36.fa,66.9317841586757,NA,NA,NA,NA,NA,1265_2,NA,NA,1,NA,NA,NA,NA
cpsnj15_SemiBin_150.fa,54.75906238977667,NA,NA,NA,NA,NA,1265_3,NA,NA,1,NA,NA,NA,NA
sample23_SemiBin_81.fa,50.544835164784,NA,NA,NA,NA,NA,1265_4,NA,NA,1,NA,NA,NA,NA
cpsnj01_SemiBin_37.fa,57.7160340414423,NA,NA,NA,NA,NA,1265_5,NA,NA,1,NA,NA,NA,NA
snj01_SemiBin_46.fa,39.89352215853429,NA,NA,NA,NA,NA,1265_6,NA,NA,1,NA,NA,NA,NA
cpsnj11_SemiBin_116.fa,60.14040355321416,NA,NA,NA,NA,NA,1266_1,NA,NA,1,NA,NA,NA,NA
snj11_SemiBin_97.fa,58.78846639717912,NA,NA,NA,NA,NA,1266_2,NA,NA,1,NA,NA,NA,NA
snj10_SemiBin_15.fa,73.15917773868279,NA,NA,NA,NA,NA,1266_3,NA,NA,1,NA,NA,NA,NA
snj20_SemiBin_40.fa,70.23460649884545,NA,NA,NA,NA,NA,1266_4,NA,NA,1,NA,NA,NA,NA
snj14_SemiBin_51.fa,38.73198042951667,NA,NA,NA,NA,NA,1266_5,NA,NA,1,NA,NA,NA,NA
snj16_SemiBin_65.fa,11.25592631569782,NA,NA,NA,NA,NA,1266_6,NA,NA,1,NA,NA,NA,NA
cpsnj14_SemiBin_2008.fa,17.119994079795646,NA,NA,NA,NA,NA,1266_7,NA,NA,1,NA,NA,NA,NA
snj13_SemiBin_129.fa,67.50123107602627,NA,NA,NA,NA,NA,1267_0,NA,NA,1,NA,NA,NA,NA
sample21_SemiBin_88.fa,46.5549537895382,NA,NA,NA,NA,NA,1268_0,NA,NA,1,NA,NA,NA,NA
sample27_SemiBin_138.fa,66.11970378358349,NA,NA,NA,NA,NA,1269_0,NA,NA,1,NA,NA,NA,NA
sample17_SemiBin_61.fa,64.83333586566012,NA,NA,NA,NA,NA,1270_0,NA,NA,1,NA,NA,NA,NA
sample6_SemiBin_170.fa,67.49193712787182,NA,NA,NA,NA,NA,1271_1,NA,NA,1,NA,NA,NA,NA
sample7_SemiBin_114.fa,43.675022706318046,NA,NA,NA,NA,NA,1271_2,NA,NA,1,NA,NA,NA,NA
sample21_SemiBin_64.fa,57.499172128491416,NA,NA,NA,NA,NA,1271_3,NA,NA,1,NA,NA,NA,NA
sample25_SemiBin_75.fa,72.17299465436939,NA,NA,NA,NA,NA,1271_4,NA,NA,1,NA,NA,NA,NA
sample20_SemiBin_64.fa,67.90217024072905,NA,NA,NA,NA,NA,1271_5,NA,NA,1,NA,NA,NA,NA
sample26_SemiBin_13.fa,69.70137071535068,NA,NA,NA,NA,NA,1271_6,NA,NA,1,NA,NA,NA,NA
cpsnj08_SemiBin_3.fa,97.83714382834386,NA,NA,NA,NA,NA,1271_7,NA,NA,6,99.52,99.10,NA,NA
snj20_SemiBin_69.fa,84.39631846680768,NA,NA,NA,NA,NA,1271_8,NA,NA,1,NA,NA,NA,NA
cpsnj04_SemiBin_126.fa,53.29800376145493,NA,NA,NA,NA,NA,1271_9,NA,NA,1,NA,NA,NA,NA
cpsnj09_SemiBin_17.fa,90.41235925867898,NA,NA,NA,NA,NA,1271_10,NA,NA,1,NA,NA,NA,NA
snj09_SemiBin_102.fa,65.71281409413368,NA,NA,NA,NA,NA,1271_11,NA,NA,1,NA,NA,NA,NA
cpsnj11_SemiBin_106.fa,68.22028172040702,NA,NA,NA,NA,NA,1271_12,NA,NA,1,NA,NA,NA,NA
snj11_SemiBin_33.fa,73.86159315476044,NA,NA,NA,NA,NA,1271_13,NA,NA,1,NA,NA,NA,NA
snj10_SemiBin_8.fa,87.44342059971214,NA,NA,NA,NA,NA,1271_14,NA,NA,1,NA,NA,NA,NA
cpsnj03_SemiBin_22.fa,66.19633746737063,NA,NA,NA,NA,NA,1272_1,NA,NA,1,NA,NA,NA,NA
cpsnj19_SemiBin_487.fa,47.04863494832329,NA,NA,NA,NA,NA,1272_2,NA,NA,1,NA,NA,NA,NA
cpsnj04_SemiBin_210.fa,57.61397339833618,NA,NA,NA,NA,NA,1272_3,NA,NA,1,NA,NA,NA,NA
cpsnj02_SemiBin_30.fa,63.42926542331592,NA,NA,NA,NA,NA,1272_4,NA,NA,1,NA,NA,NA,NA
cpsnj03_SemiBin_5.fa,96.67528694943648,NA,NA,NA,NA,NA,1273_1,NA,NA,8,99.71,99.16,NA,NA
cpsnj20_SemiBin_59.fa,62.39007163313025,NA,NA,NA,NA,NA,1273_2,NA,NA,1,NA,NA,NA,NA
cpsnj04_SemiBin_953.fa,30.7508234834817,NA,NA,NA,NA,NA,1273_3,NA,NA,1,NA,NA,NA,NA
sample7_SemiBin_135.fa,85.61712598970145,NA,NA,NA,NA,NA,1273_4,NA,NA,1,NA,NA,NA,NA
sample8_SemiBin_117.fa,68.70539451417099,NA,NA,NA,NA,NA,1273_5,NA,NA,1,NA,NA,NA,NA
sample6_SemiBin_103.fa,67.11175340775114,NA,NA,NA,NA,NA,1273_6,NA,NA,1,NA,NA,NA,NA
sample5_SemiBin_51.fa,82.1169014139913,NA,NA,NA,NA,NA,1273_7,NA,NA,1,NA,NA,NA,NA
sample20_SemiBin_394.fa,65.65421892939361,NA,NA,NA,NA,NA,1273_8,NA,NA,1,NA,NA,NA,NA
sample15_SemiBin_26.fa,84.23527912972582,NA,NA,NA,NA,NA,1273_9,NA,NA,1,NA,NA,NA,NA
sample16_SemiBin_76.fa,76.50637931030197,NA,NA,NA,NA,NA,1273_10,NA,NA,1,NA,NA,NA,NA
sample24_SemiBin_35.fa,66.33284973237824,NA,NA,NA,NA,NA,1273_11,NA,NA,1,NA,NA,NA,NA
sample2_SemiBin_62.fa,82.08938133867764,NA,NA,NA,NA,NA,1273_12,NA,NA,1,NA,NA,NA,NA
sample26_SemiBin_158.fa,60.83918197213172,NA,NA,NA,NA,NA,1273_13,NA,NA,1,NA,NA,NA,NA
sample19_SemiBin_246.fa,58.33372648334291,NA,NA,NA,NA,NA,1274_0,NA,NA,1,NA,NA,NA,NA
sample13_SemiBin_126.fa,58.35786894457691,NA,NA,NA,NA,NA,1275_0,NA,NA,1,NA,NA,NA,NA
snj04_SemiBin_64.fa,48.08261801340866,NA,NA,NA,NA,NA,1276_0,NA,NA,1,NA,NA,NA,NA
sample28_SemiBin_24.fa,86.06376314547397,NA,NA,NA,NA,NA,1277_1,NA,NA,1,NA,NA,NA,NA
sample5_SemiBin_162.fa,53.266433151924,NA,NA,NA,NA,NA,1277_2,NA,NA,1,NA,NA,NA,NA
snj20_SemiBin_233.fa,33.2925486125859,NA,NA,NA,NA,NA,1277_3,NA,NA,1,NA,NA,NA,NA
cpsnj03_SemiBin_641.fa,27.7332185133812,NA,NA,NA,NA,NA,1277_4,NA,NA,1,NA,NA,NA,NA
sample24_SemiBin_1187.fa,9.156439444680814,NA,NA,NA,NA,NA,1278_0,NA,NA,1,NA,NA,NA,NA
sample5_SemiBin_12.fa,88.09964683534689,NA,NA,NA,NA,NA,1279_0,NA,NA,1,NA,NA,NA,NA
sample6_SemiBin_91.fa,89.68473640084085,NA,NA,NA,NA,NA,1280_0,NA,NA,1,NA,NA,NA,NA
sample22_SemiBin_8.fa,102.3449249521554,NA,NA,NA,NA,NA,1281_1,NA,NA,6,99.49,99.23,NA,NA
sample27_SemiBin_193.fa,62.84751174968823,NA,NA,NA,NA,NA,1281_2,NA,NA,1,NA,NA,NA,NA
sample13_SemiBin_88.fa,71.58681379744749,NA,NA,NA,NA,NA,1281_3,NA,NA,1,NA,NA,NA,NA
sample5_SemiBin_38.fa,75.03146511097279,NA,NA,NA,NA,NA,1281_4,NA,NA,1,NA,NA,NA,NA
sample19_SemiBin_128.fa,41.35101180562113,NA,NA,NA,NA,NA,1281_5,NA,NA,1,NA,NA,NA,NA
sample10_SemiBin_142.fa,49.08207694524552,NA,NA,NA,NA,NA,1281_6,NA,NA,1,NA,NA,NA,NA
sample1_SemiBin_45.fa,85.84755448257145,NA,NA,NA,NA,NA,1282_1,NA,NA,1,NA,NA,NA,NA
sample2_SemiBin_28.fa,80.52083625542598,NA,NA,NA,NA,NA,1282_2,NA,NA,1,NA,NA,NA,NA
sample4_SemiBin_36.fa,89.66141276457539,NA,NA,NA,NA,NA,1282_3,NA,NA,1,NA,NA,NA,NA
cpsnj19_SemiBin_59.fa,84.05496736271134,NA,NA,NA,NA,NA,1282_4,NA,NA,1,NA,NA,NA,NA
snj19_SemiBin_21.fa,97.93962181865945,NA,NA,NA,NA,NA,1282_5,NA,NA,1,NA,NA,NA,NA
cpsnj03_SemiBin_12.fa,100.04429925105804,NA,NA,NA,NA,NA,1282_6,NA,NA,5,99.52,98.89,NA,NA
sample26_SemiBin_22.fa,96.5942891050184,NA,NA,NA,NA,NA,1282_7,NA,NA,1,NA,NA,NA,NA
snj15_SemiBin_3.fa,99.14822087819122,NA,NA,NA,NA,NA,1282_8,NA,NA,1,NA,NA,NA,NA
snj04_SemiBin_28.fa,84.9972868337423,NA,NA,NA,NA,NA,1282_9,NA,NA,1,NA,NA,NA,NA
sample28_SemiBin_67.fa,98.18947203657592,NA,NA,NA,NA,NA,1282_10,NA,NA,1,NA,NA,NA,NA
cpsnj02_SemiBin_22.fa,86.10899763291546,NA,NA,NA,NA,NA,1282_11,NA,NA,1,NA,NA,NA,NA
sample16_SemiBin_74.fa,67.05063182690232,NA,NA,NA,NA,NA,1282_12,NA,NA,1,NA,NA,NA,NA
cpsnj15_SemiBin_116.fa,61.42395234738282,NA,NA,NA,NA,NA,1282_13,NA,NA,1,NA,NA,NA,NA
cpsnj20_SemiBin_171.fa,60.53970231439931,NA,NA,NA,NA,NA,1282_14,NA,NA,1,NA,NA,NA,NA
sample25_SemiBin_29.fa,90.75860595868998,NA,NA,NA,NA,NA,1282_15,NA,NA,1,NA,NA,NA,NA
sample30_SemiBin_22.fa,64.28971598377582,NA,NA,NA,NA,NA,1282_16,NA,NA,1,NA,NA,NA,NA
sample4_SemiBin_65.fa,72.03891118291887,NA,NA,NA,NA,NA,1283_1,NA,NA,1,NA,NA,NA,NA
sample8_SemiBin_46.fa,74.22384243168756,NA,NA,NA,NA,NA,1283_2,NA,NA,1,NA,NA,NA,NA
sample3_SemiBin_112.fa,82.61887448890057,NA,NA,NA,NA,NA,1283_3,NA,NA,1,NA,NA,NA,NA
sample21_SemiBin_24.fa,81.65048666991744,NA,NA,NA,NA,NA,1283_4,NA,NA,1,NA,NA,NA,NA
sample5_SemiBin_32.fa,86.36208979810746,NA,NA,NA,NA,NA,1283_5,NA,NA,1,NA,NA,NA,NA
sample26_SemiBin_69.fa,65.67752969920184,NA,NA,NA,NA,NA,1283_6,NA,NA,1,NA,NA,NA,NA
sample9_SemiBin_50.fa,70.88802826324691,NA,NA,NA,NA,NA,1283_7,NA,NA,1,NA,NA,NA,NA
sample7_SemiBin_236.fa,54.1993378138954,NA,NA,NA,NA,NA,1283_8,NA,NA,1,NA,NA,NA,NA
sample5_SemiBin_103.fa,8.54226564815271,NA,NA,NA,NA,NA,1284_0,NA,NA,1,NA,NA,NA,NA
sample26_SemiBin_0.fa,101.1698555959831,NA,NA,NA,NA,NA,1285_1,NA,NA,8,99.32,99.06,NA,NA
sample4_SemiBin_124.fa,78.30690234978894,NA,NA,NA,NA,NA,1285_2,NA,NA,1,NA,NA,NA,NA
sample25_SemiBin_50.fa,86.72938594332567,NA,NA,NA,NA,NA,1285_3,NA,NA,1,NA,NA,NA,NA
sample9_SemiBin_16.fa,84.58216771789814,NA,NA,NA,NA,NA,1285_4,NA,NA,1,NA,NA,NA,NA
sample2_SemiBin_85.fa,57.80939929554295,NA,NA,NA,NA,NA,1285_5,NA,NA,1,NA,NA,NA,NA
sample18_SemiBin_221.fa,55.03176615242472,NA,NA,NA,NA,NA,1285_6,NA,NA,1,NA,NA,NA,NA
sample17_SemiBin_82.fa,61.74592637410176,NA,NA,NA,NA,NA,1285_7,NA,NA,1,NA,NA,NA,NA
sample15_SemiBin_176.fa,48.837799389759184,NA,NA,NA,NA,NA,1285_8,NA,NA,1,NA,NA,NA,NA
sample23_SemiBin_74.fa,49.27172891537494,NA,NA,NA,NA,NA,1285_9,NA,NA,1,NA,NA,NA,NA
cpsnj11_SemiBin_4.fa,100.2677479875367,NA,NA,NA,NA,NA,1285_10,NA,NA,1,NA,NA,NA,NA
snj11_SemiBin_5.fa,95.9035051534141,NA,NA,NA,NA,NA,1285_11,NA,NA,1,NA,NA,NA,NA
cpsnj14_SemiBin_111.fa,74.26897940106443,NA,NA,NA,NA,NA,1285_12,NA,NA,1,NA,NA,NA,NA
cpsnj04_SemiBin_39.fa,79.77780526851788,NA,NA,NA,NA,NA,1285_13,NA,NA,1,NA,NA,NA,NA
snj04_SemiBin_15.fa,81.76687522873918,NA,NA,NA,NA,NA,1285_14,NA,NA,1,NA,NA,NA,NA
cpsnj08_SemiBin_0.fa,101.78748487545442,NA,NA,NA,NA,NA,1285_15,NA,NA,9,99.42,98.97,NA,NA
cpsnj16_SemiBin_97.fa,93.90993641097528,NA,NA,NA,NA,NA,1285_16,NA,NA,1,NA,NA,NA,NA
snj15_SemiBin_4.fa,83.9990574233918,NA,NA,NA,NA,NA,1285_17,NA,NA,1,NA,NA,NA,NA
snj08_SemiBin_7.fa,100.96834141958936,NA,NA,NA,NA,NA,1285_18,NA,NA,1,NA,NA,NA,NA
cpsnj20_SemiBin_11.fa,100.38068414264706,NA,NA,NA,NA,NA,1285_19,NA,NA,1,NA,NA,NA,NA
cpsnj15_SemiBin_12.fa,86.98505469913461,NA,NA,NA,NA,NA,1285_20,NA,NA,1,NA,NA,NA,NA
cpsnj02_SemiBin_80.fa,47.97635357240562,NA,NA,NA,NA,NA,1285_21,NA,NA,1,NA,NA,NA,NA
snj10_SemiBin_88.fa,47.32599770098741,NA,NA,NA,NA,NA,1285_22,NA,NA,1,NA,NA,NA,NA
snj13_SemiBin_96.fa,34.65233102801351,NA,NA,NA,NA,NA,1285_23,NA,NA,1,NA,NA,NA,NA
cpsnj03_SemiBin_132.fa,69.10353538194148,NA,NA,NA,NA,NA,1286_1,NA,NA,1,NA,NA,NA,NA
snj03_SemiBin_65.fa,50.7925835393531,NA,NA,NA,NA,NA,1286_2,NA,NA,1,NA,NA,NA,NA
snj02_SemiBin_37.fa,57.15185728761443,NA,NA,NA,NA,NA,1287_0,NA,NA,1,NA,NA,NA,NA
cpsnj11_SemiBin_13.fa,97.63992052245383,NA,NA,NA,NA,NA,1288_1,NA,NA,2,99.48,99.48,NA,NA
sample21_SemiBin_91.fa,44.44534164761861,NA,NA,NA,NA,NA,1288_2,NA,NA,1,NA,NA,NA,NA
cpsnj16_SemiBin_186.fa,42.03344373855965,NA,NA,NA,NA,NA,1289_0,NA,NA,1,NA,NA,NA,NA
sample21_SemiBin_118.fa,54.36901797650339,NA,NA,NA,NA,NA,1290_0,NA,NA,1,NA,NA,NA,NA
snj11_SemiBin_249.fa,53.51685360066436,NA,NA,NA,NA,NA,1291_1,NA,NA,1,NA,NA,NA,NA
snj13_SemiBin_188.fa,55.72247593216177,NA,NA,NA,NA,NA,1291_2,NA,NA,1,NA,NA,NA,NA
snj08_SemiBin_130.fa,57.14835887298874,NA,NA,NA,NA,NA,1291_3,NA,NA,1,NA,NA,NA,NA
snj15_SemiBin_86.fa,51.34602993007102,NA,NA,NA,NA,NA,1291_4,NA,NA,1,NA,NA,NA,NA
snj15_SemiBin_56.fa,50.67431756416982,NA,NA,NA,NA,NA,1292_0,NA,NA,1,NA,NA,NA,NA
sample20_SemiBin_114.fa,70.25773433209741,NA,NA,NA,NA,NA,1293_1,NA,NA,1,NA,NA,NA,NA
sample22_SemiBin_205.fa,48.66633658457501,NA,NA,NA,NA,NA,1293_2,NA,NA,1,NA,NA,NA,NA
sample1_SemiBin_732.fa,26.9287836783962,NA,NA,NA,NA,NA,1294_0,NA,NA,1,NA,NA,NA,NA
cpsnj10_SemiBin_5.fa,99.8769254748112,NA,NA,NA,NA,NA,1295_1,NA,NA,5,99.54,99.24,NA,NA
cpsnj14_SemiBin_217.fa,60.45134032409975,NA,NA,NA,NA,NA,1295_2,NA,NA,1,NA,NA,NA,NA
snj09_SemiBin_199.fa,49.07679932088703,NA,NA,NA,NA,NA,1295_3,NA,NA,1,NA,NA,NA,NA
cpsnj08_SemiBin_38.fa,83.73616753421729,NA,NA,NA,NA,NA,1296_1,NA,NA,1,NA,NA,NA,NA
snj03_SemiBin_109.fa,65.22480944541319,NA,NA,NA,NA,NA,1296_2,NA,NA,1,NA,NA,NA,NA
snj19_SemiBin_24.fa,77.59565859415899,NA,NA,NA,NA,NA,1296_3,NA,NA,1,NA,NA,NA,NA
sample24_SemiBin_588.fa,26.87179194025391,NA,NA,NA,NA,NA,1296_4,NA,NA,1,NA,NA,NA,NA
snj04_SemiBin_88.fa,64.07781032044191,NA,NA,NA,NA,NA,1296_5,NA,NA,1,NA,NA,NA,NA
cpsnj04_SemiBin_1080.fa,25.80310620605499,NA,NA,NA,NA,NA,1296_6,NA,NA,1,NA,NA,NA,NA
sample13_SemiBin_130.fa,55.13936213634176,NA,NA,NA,NA,NA,1297_1,NA,NA,1,NA,NA,NA,NA
sample18_SemiBin_16.fa,97.48041203212308,NA,NA,NA,NA,NA,1297_2,NA,NA,1,NA,NA,NA,NA
sample10_SemiBin_30.fa,86.05336484024836,NA,NA,NA,NA,NA,1297_3,NA,NA,1,NA,NA,NA,NA
sample4_SemiBin_87.fa,57.22999008349567,NA,NA,NA,NA,NA,1297_4,NA,NA,1,NA,NA,NA,NA
sample3_SemiBin_159.fa,55.84203559858313,NA,NA,NA,NA,NA,1297_5,NA,NA,1,NA,NA,NA,NA
sample17_SemiBin_390.fa,36.47941602939398,NA,NA,NA,NA,NA,1297_6,NA,NA,1,NA,NA,NA,NA
sample13_SemiBin_184.fa,36.99759578828531,NA,NA,NA,NA,NA,1298_1,NA,NA,1,NA,NA,NA,NA
sample18_SemiBin_595.fa,23.27029338953218,NA,NA,NA,NA,NA,1298_2,NA,NA,1,NA,NA,NA,NA
sample10_SemiBin_80.fa,76.47999090563421,NA,NA,NA,NA,NA,1299_1,NA,NA,1,NA,NA,NA,NA
sample17_SemiBin_72.fa,64.13138357576982,NA,NA,NA,NA,NA,1299_2,NA,NA,1,NA,NA,NA,NA
sample4_SemiBin_558.fa,16.94870777101664,NA,NA,NA,NA,NA,1299_3,NA,NA,1,NA,NA,NA,NA
snj11_SemiBin_0.fa,99.69084973364808,NA,NA,NA,NA,NA,1300_1,NA,NA,11,99.59,99.22,NA,NA
snj13_SemiBin_32.fa,50.20653719092474,NA,NA,NA,NA,NA,1300_2,NA,NA,1,NA,NA,NA,NA
cpsnj14_SemiBin_205.fa,58.15901136154692,NA,NA,NA,NA,NA,1300_3,NA,NA,1,NA,NA,NA,NA
snj03_SemiBin_103.fa,70.15839628460868,NA,NA,NA,NA,NA,1300_4,NA,NA,1,NA,NA,NA,NA
sample18_SemiBin_146.fa,71.61821411656855,NA,NA,NA,NA,NA,1300_5,NA,NA,1,NA,NA,NA,NA
sample20_SemiBin_117.fa,78.68646375066619,NA,NA,NA,NA,NA,1300_6,NA,NA,1,NA,NA,NA,NA
sample15_SemiBin_80.fa,71.95105166350409,NA,NA,NA,NA,NA,1300_7,NA,NA,1,NA,NA,NA,NA
sample27_SemiBin_100.fa,50.648732625759024,NA,NA,NA,NA,NA,1300_8,NA,NA,1,NA,NA,NA,NA
sample1_SemiBin_255.fa,47.9837145204814,NA,NA,NA,NA,NA,1300_9,NA,NA,1,NA,NA,NA,NA
cpsnj03_SemiBin_100.fa,57.12502069752552,NA,NA,NA,NA,NA,1301_1,NA,NA,1,NA,NA,NA,NA
snj11_SemiBin_77.fa,70.34704087977232,NA,NA,NA,NA,NA,1301_2,NA,NA,1,NA,NA,NA,NA
cpsnj11_SemiBin_97.fa,56.27352359440158,NA,NA,NA,NA,NA,1301_3,NA,NA,1,NA,NA,NA,NA
sample15_SemiBin_186.fa,60.84238047168406,NA,NA,NA,NA,NA,1302_0,NA,NA,1,NA,NA,NA,NA
cpsnj11_SemiBin_14.fa,91.91293771333436,NA,NA,NA,NA,NA,1303_1,NA,NA,2,99.48,99.48,NA,NA
cpsnj14_SemiBin_48.fa,56.12329301640758,NA,NA,NA,NA,NA,1303_2,NA,NA,1,NA,NA,NA,NA
sample1_SemiBin_207.fa,55.9535442085215,NA,NA,NA,NA,NA,1304_1,NA,NA,1,NA,NA,NA,NA
sample7_SemiBin_145.fa,23.961682319738312,NA,NA,NA,NA,NA,1304_2,NA,NA,1,NA,NA,NA,NA
cpsnj09_SemiBin_192.fa,64.2731089682204,NA,NA,NA,NA,NA,1305_0,NA,NA,1,NA,NA,NA,NA
cpsnj09_SemiBin_29.fa,75.92792055258411,NA,NA,NA,NA,NA,1306_1,NA,NA,1,NA,NA,NA,NA
cpsnj11_SemiBin_188.fa,55.05798675938841,NA,NA,NA,NA,NA,1306_2,NA,NA,1,NA,NA,NA,NA
cpsnj13_SemiBin_145.fa,66.58904207429262,NA,NA,NA,NA,NA,1306_3,NA,NA,1,NA,NA,NA,NA
snj09_SemiBin_10.fa,96.50066355270938,NA,NA,NA,NA,NA,1306_4,NA,NA,1,NA,NA,NA,NA
snj14_SemiBin_70.fa,73.23816233425725,NA,NA,NA,NA,NA,1306_5,NA,NA,1,NA,NA,NA,NA
cpsnj14_SemiBin_134.fa,44.87853985590046,NA,NA,NA,NA,NA,1306_6,NA,NA,1,NA,NA,NA,NA
cpsnj10_SemiBin_40.fa,86.5574617547061,NA,NA,NA,NA,NA,1306_7,NA,NA,1,NA,NA,NA,NA
sample28_SemiBin_201.fa,47.12627409202117,NA,NA,NA,NA,NA,1306_8,NA,NA,1,NA,NA,NA,NA
snj09_SemiBin_8.fa,92.88002202894371,NA,NA,NA,NA,NA,1307_1,NA,NA,2,99.47,99.47,NA,NA
sample18_SemiBin_390.fa,49.739782105810846,NA,NA,NA,NA,NA,1308_1,NA,NA,1,NA,NA,NA,NA
sample26_SemiBin_48.fa,84.75607449415935,NA,NA,NA,NA,NA,1308_2,NA,NA,1,NA,NA,NA,NA
sample14_SemiBin_28.fa,72.7534735762021,NA,NA,NA,NA,NA,1308_3,NA,NA,1,NA,NA,NA,NA
sample16_SemiBin_80.fa,76.53147930697953,NA,NA,NA,NA,NA,1308_4,NA,NA,1,NA,NA,NA,NA
sample24_SemiBin_47.fa,63.65745064057584,NA,NA,NA,NA,NA,1308_5,NA,NA,1,NA,NA,NA,NA
sample23_SemiBin_73.fa,60.01709071487002,NA,NA,NA,NA,NA,1308_6,NA,NA,1,NA,NA,NA,NA
sample20_SemiBin_62.fa,87.3268652174927,NA,NA,NA,NA,NA,1308_7,NA,NA,2,99.59,99.59,NA,NA
sample7_SemiBin_143.fa,85.46894406962384,NA,NA,NA,NA,NA,1308_8,NA,NA,1,NA,NA,NA,NA
sample10_SemiBin_44.fa,88.58246932739333,NA,NA,NA,NA,NA,1308_9,NA,NA,1,NA,NA,NA,NA
sample1_SemiBin_107.fa,52.83944048049685,NA,NA,NA,NA,NA,1308_10,NA,NA,1,NA,NA,NA,NA
sample22_SemiBin_42.fa,68.97298164240456,NA,NA,NA,NA,NA,1308_11,NA,NA,1,NA,NA,NA,NA
sample25_SemiBin_59.fa,56.1543385934406,NA,NA,NA,NA,NA,1308_12,NA,NA,1,NA,NA,NA,NA
sample27_SemiBin_69.fa,62.24211396458852,NA,NA,NA,NA,NA,1308_13,NA,NA,1,NA,NA,NA,NA
sample28_SemiBin_73.fa,78.52916310686024,NA,NA,NA,NA,NA,1308_14,NA,NA,1,NA,NA,NA,NA
snj04_SemiBin_123.fa,68.60469576255555,NA,NA,NA,NA,NA,1308_15,NA,NA,1,NA,NA,NA,NA
cpsnj20_SemiBin_174.fa,81.60563895413821,NA,NA,NA,NA,NA,1308_16,NA,NA,1,NA,NA,NA,NA
cpsnj04_SemiBin_33.fa,74.29367943359786,NA,NA,NA,NA,NA,1308_17,NA,NA,1,NA,NA,NA,NA
snj20_SemiBin_78.fa,57.409687090886095,NA,NA,NA,NA,NA,1308_18,NA,NA,1,NA,NA,NA,NA
sample5_SemiBin_73.fa,68.94237984976607,NA,NA,NA,NA,NA,1308_19,NA,NA,1,NA,NA,NA,NA
cpsnj08_SemiBin_50.fa,75.51723681095952,NA,NA,NA,NA,NA,1308_20,NA,NA,1,NA,NA,NA,NA
cpsnj11_SemiBin_47.fa,86.76136960598643,NA,NA,NA,NA,NA,1308_21,NA,NA,1,NA,NA,NA,NA
sample30_SemiBin_76.fa,74.81381381718427,NA,NA,NA,NA,NA,1308_22,NA,NA,1,NA,NA,NA,NA
cpsnj03_SemiBin_216.fa,42.74439117567581,NA,NA,NA,NA,NA,1308_23,NA,NA,1,NA,NA,NA,NA
cpsnj09_SemiBin_158.fa,50.22475487204669,NA,NA,NA,NA,NA,1308_24,NA,NA,1,NA,NA,NA,NA
sample12_SemiBin_44.fa,54.26491171273774,NA,NA,NA,NA,NA,1308_25,NA,NA,1,NA,NA,NA,NA
snj09_SemiBin_1927.fa,31.36935182160354,NA,NA,NA,NA,NA,1309_0,NA,NA,1,NA,NA,NA,NA
sample24_SemiBin_207.fa,41.46817606612324,NA,NA,NA,NA,NA,1310_1,NA,NA,1,NA,NA,NA,NA
sample6_SemiBin_341.fa,18.01339080851752,NA,NA,NA,NA,NA,1310_2,NA,NA,1,NA,NA,NA,NA
sample15_SemiBin_284.fa,56.42063537675138,NA,NA,NA,NA,NA,1310_3,NA,NA,1,NA,NA,NA,NA
cpsnj11_SemiBin_162.fa,73.39788711061794,NA,NA,NA,NA,NA,1311_1,NA,NA,6,99.54,99.19,NA,NA
snj14_SemiBin_173.fa,53.42878836291075,NA,NA,NA,NA,NA,1311_2,NA,NA,1,NA,NA,NA,NA
snj15_SemiBin_54.fa,23.1644696671775,NA,NA,NA,NA,NA,1311_3,NA,NA,1,NA,NA,NA,NA
cpsnj14_SemiBin_147.fa,78.08419065225097,NA,NA,NA,NA,NA,1311_4,NA,NA,1,NA,NA,NA,NA
snj11_SemiBin_276.fa,61.17441814716286,NA,NA,NA,NA,NA,1311_5,NA,NA,1,NA,NA,NA,NA
sample18_SemiBin_208.fa,53.245267383798506,NA,NA,NA,NA,NA,1312_0,NA,NA,1,NA,NA,NA,NA
sample9_SemiBin_152.fa,53.8626079491607,NA,NA,NA,NA,NA,1313_0,NA,NA,1,NA,NA,NA,NA
cpsnj10_SemiBin_23.fa,97.0653045335527,NA,NA,NA,NA,NA,1314_1,NA,NA,3,99.13,99.02,NA,NA
snj10_SemiBin_163.fa,74.24668511536984,NA,NA,NA,NA,NA,1314_2,NA,NA,1,NA,NA,NA,NA
cpsnj09_SemiBin_105.fa,64.83692052287596,NA,NA,NA,NA,NA,1314_3,NA,NA,1,NA,NA,NA,NA
cpsnj15_SemiBin_159.fa,61.01885507345269,NA,NA,NA,NA,NA,1314_4,NA,NA,1,NA,NA,NA,NA
cpsnj14_SemiBin_117.fa,83.05994139897248,NA,NA,NA,NA,NA,1314_5,NA,NA,1,NA,NA,NA,NA
snj13_SemiBin_82.fa,74.88096279214555,NA,NA,NA,NA,NA,1314_6,NA,NA,1,NA,NA,NA,NA
snj14_SemiBin_327.fa,71.28222523432186,NA,NA,NA,NA,NA,1314_7,NA,NA,1,NA,NA,NA,NA
sample20_SemiBin_258.fa,66.54537154222801,NA,NA,NA,NA,NA,1314_8,NA,NA,1,NA,NA,NA,NA
sample13_SemiBin_14.fa,97.71916234817586,NA,NA,NA,NA,NA,1315_0,NA,NA,1,NA,NA,NA,NA
sample18_SemiBin_73.fa,81.66550480716568,NA,NA,NA,NA,NA,1316_0,NA,NA,1,NA,NA,NA,NA
sample29_SemiBin_114.fa,60.49012117935673,NA,NA,NA,NA,NA,1317_0,NA,NA,1,NA,NA,NA,NA
cpsnj11_SemiBin_208.fa,54.11425797530554,NA,NA,NA,NA,NA,1318_1,NA,NA,1,NA,NA,NA,NA
snj11_SemiBin_165.fa,73.18980327975483,NA,NA,NA,NA,NA,1318_2,NA,NA,1,NA,NA,NA,NA
cpsnj08_SemiBin_153.fa,31.06486349913774,NA,NA,NA,NA,NA,1318_3,NA,NA,1,NA,NA,NA,NA
snj08_SemiBin_57.fa,75.3350213235561,NA,NA,NA,NA,NA,1318_4,NA,NA,1,NA,NA,NA,NA
cpsnj09_SemiBin_53.fa,89.22801322236884,NA,NA,NA,NA,NA,1319_0,NA,NA,1,NA,NA,NA,NA
sample19_SemiBin_116.fa,68.06925296930095,NA,NA,NA,NA,NA,1320_0,NA,NA,1,NA,NA,NA,NA
sample19_SemiBin_416.fa,55.80468231620885,NA,NA,NA,NA,NA,1321_0,NA,NA,1,NA,NA,NA,NA
cpsnj14_SemiBin_56.fa,91.13132088163732,NA,NA,NA,NA,NA,1322_1,NA,NA,1,NA,NA,NA,NA
snj14_SemiBin_33.fa,87.72882796917779,NA,NA,NA,NA,NA,1322_2,NA,NA,1,NA,NA,NA,NA
sample28_SemiBin_58.fa,69.14847426942615,NA,NA,NA,NA,NA,1322_3,NA,NA,1,NA,NA,NA,NA
cpsnj08_SemiBin_56.fa,67.84678772260092,NA,NA,NA,NA,NA,1323_1,NA,NA,1,NA,NA,NA,NA
snj13_SemiBin_106.fa,77.5444320200741,NA,NA,NA,NA,NA,1323_2,NA,NA,1,NA,NA,NA,NA
snj08_SemiBin_39.fa,81.5203884645789,NA,NA,NA,NA,NA,1323_3,NA,NA,1,NA,NA,NA,NA
sample20_SemiBin_289.fa,52.6784872673018,NA,NA,NA,NA,NA,1323_4,NA,NA,1,NA,NA,NA,NA
sample13_SemiBin_40.fa,90.85288832992366,NA,NA,NA,NA,NA,1324_0,NA,NA,1,NA,NA,NA,NA
cpsnj16_SemiBin_145.fa,66.88426728448322,NA,NA,NA,NA,NA,1325_1,NA,NA,1,NA,NA,NA,NA
snj14_SemiBin_108.fa,73.17283721723062,NA,NA,NA,NA,NA,1325_2,NA,NA,1,NA,NA,NA,NA
cpsnj10_SemiBin_136.fa,50.05389533927488,NA,NA,NA,NA,NA,1325_3,NA,NA,1,NA,NA,NA,NA
sample13_SemiBin_247.fa,50.05789075552427,NA,NA,NA,NA,NA,1326_1,NA,NA,1,NA,NA,NA,NA
sample1_SemiBin_105.fa,76.39803874849363,NA,NA,NA,NA,NA,1326_2,NA,NA,1,NA,NA,NA,NA
sample15_SemiBin_271.fa,49.22465915373754,NA,NA,NA,NA,NA,1326_3,NA,NA,1,NA,NA,NA,NA
sample16_SemiBin_205.fa,56.7939890130671,NA,NA,NA,NA,NA,1326_4,NA,NA,1,NA,NA,NA,NA
sample20_SemiBin_298.fa,67.48505356005778,NA,NA,NA,NA,NA,1327_1,NA,NA,1,NA,NA,NA,NA
sample27_SemiBin_136.fa,50.976776684476754,NA,NA,NA,NA,NA,1327_2,NA,NA,1,NA,NA,NA,NA
snj09_SemiBin_7.fa,98.48109921939329,NA,NA,NA,NA,NA,1328_1,NA,NA,3,99.18,99.15,NA,NA
cpsnj13_SemiBin_70.fa,81.8219434042596,NA,NA,NA,NA,NA,1328_2,NA,NA,1,NA,NA,NA,NA
snj10_SemiBin_13.fa,67.56233139315471,NA,NA,NA,NA,NA,1328_3,NA,NA,1,NA,NA,NA,NA
snj11_SemiBin_43.fa,80.2736373430769,NA,NA,NA,NA,NA,1328_4,NA,NA,1,NA,NA,NA,NA
snj19_SemiBin_37.fa,69.65212805348524,NA,NA,NA,NA,NA,1328_5,NA,NA,1,NA,NA,NA,NA
snj20_SemiBin_13.fa,85.07644151778607,NA,NA,NA,NA,NA,1328_6,NA,NA,1,NA,NA,NA,NA
cpsnj19_SemiBin_522.fa,46.3527158839004,NA,NA,NA,NA,NA,1328_7,NA,NA,1,NA,NA,NA,NA
sample23_SemiBin_32.fa,76.46524040825228,NA,NA,NA,NA,NA,1328_8,NA,NA,1,NA,NA,NA,NA
cpsnj10_SemiBin_85.fa,87.62182026708778,NA,NA,NA,NA,NA,1329_1,NA,NA,2,99.06,99.06,NA,NA
cpsnj11_SemiBin_6.fa,100.71269269177412,NA,NA,NA,NA,NA,1329_2,NA,NA,1,NA,NA,NA,NA
cpsnj16_SemiBin_31.fa,84.89257397568379,NA,NA,NA,NA,NA,1329_3,NA,NA,1,NA,NA,NA,NA
cpsnj14_SemiBin_830.fa,5.285897578417678,NA,NA,NA,NA,NA,1329_4,NA,NA,1,NA,NA,NA,NA
snj11_SemiBin_65.fa,55.91022771971938,NA,NA,NA,NA,NA,1330_0,NA,NA,1,NA,NA,NA,NA
cpsnj11_SemiBin_57.fa,87.6003161776544,NA,NA,NA,NA,NA,1331_1,NA,NA,1,NA,NA,NA,NA
snj11_SemiBin_16.fa,97.05082850957282,NA,NA,NA,NA,NA,1331_2,NA,NA,1,NA,NA,NA,NA
sample20_SemiBin_80.fa,72.38845702170217,NA,NA,NA,NA,NA,1332_0,NA,NA,1,NA,NA,NA,NA
sample20_SemiBin_50.fa,92.71158302147632,NA,NA,NA,NA,NA,1333_1,NA,NA,1,NA,NA,NA,NA
sample7_SemiBin_60.fa,54.81913900762151,NA,NA,NA,NA,NA,1333_2,NA,NA,1,NA,NA,NA,NA
sample15_SemiBin_214.fa,57.52791240502703,NA,NA,NA,NA,NA,1333_3,NA,NA,1,NA,NA,NA,NA
sample18_SemiBin_20.fa,94.3953821751348,NA,NA,NA,NA,NA,1333_4,NA,NA,1,NA,NA,NA,NA
cpsnj10_SemiBin_148.fa,43.27512521773572,NA,NA,NA,NA,NA,1334_0,NA,NA,1,NA,NA,NA,NA
snj08_SemiBin_199.fa,67.04159632328697,NA,NA,NA,NA,NA,1335_1,NA,NA,1,NA,NA,NA,NA
snj20_SemiBin_212.fa,60.85781199785138,NA,NA,NA,NA,NA,1335_2,NA,NA,1,NA,NA,NA,NA
snj19_SemiBin_83.fa,59.167179428986834,NA,NA,NA,NA,NA,1335_3,NA,NA,1,NA,NA,NA,NA
snj13_SemiBin_199.fa,44.73209549267252,NA,NA,NA,NA,NA,1335_4,NA,NA,1,NA,NA,NA,NA
sample21_SemiBin_56.fa,68.38263812553386,NA,NA,NA,NA,NA,1335_5,NA,NA,1,NA,NA,NA,NA
snj01_SemiBin_36.fa,84.25560588570707,NA,NA,NA,NA,NA,1335_6,NA,NA,1,NA,NA,NA,NA
sample20_SemiBin_203.fa,33.752385244261625,NA,NA,NA,NA,NA,1336_0,NA,NA,1,NA,NA,NA,NA
snj11_SemiBin_593.fa,19.622857912164548,NA,NA,NA,NA,NA,1337_0,NA,NA,1,NA,NA,NA,NA
cpsnj15_SemiBin_78.fa,82.22823453285811,NA,NA,NA,NA,NA,1338_0,NA,NA,1,NA,NA,NA,NA
sample29_SemiBin_60.fa,88.28309555857417,NA,NA,NA,NA,NA,1339_0,NA,NA,1,NA,NA,NA,NA
sample20_SemiBin_71.fa,73.58097036129962,NA,NA,NA,NA,NA,1340_0,NA,NA,1,NA,NA,NA,NA
sample29_SemiBin_106.fa,42.470726281546206,NA,NA,NA,NA,NA,1341_0,NA,NA,1,NA,NA,NA,NA
sample29_SemiBin_27.fa,84.88281625681608,NA,NA,NA,NA,NA,1342_0,NA,NA,1,NA,NA,NA,NA
sample19_SemiBin_75.fa,73.8970253204801,NA,NA,NA,NA,NA,1343_1,NA,NA,1,NA,NA,NA,NA
sample29_SemiBin_459.fa,68.47000008345306,NA,NA,NA,NA,NA,1343_2,NA,NA,1,NA,NA,NA,NA
sample15_SemiBin_523.fa,11.035520284702656,NA,NA,NA,NA,NA,1344_1,NA,NA,1,NA,NA,NA,NA
sample29_SemiBin_37.fa,76.19409709824686,NA,NA,NA,NA,NA,1344_2,NA,NA,1,NA,NA,NA,NA
sample30_SemiBin_88.fa,26.020689731040274,NA,NA,NA,NA,NA,1345_0,NA,NA,1,NA,NA,NA,NA
sample20_SemiBin_29.fa,95.71040821274632,NA,NA,NA,NA,NA,1346_1,NA,NA,4,99.62,99.26,NA,NA
sample22_SemiBin_75.fa,67.73614002869542,NA,NA,NA,NA,NA,1346_2,NA,NA,1,NA,NA,NA,NA
sample24_SemiBin_45.fa,61.954974242442994,NA,NA,NA,NA,NA,1346_3,NA,NA,1,NA,NA,NA,NA
sample1_SemiBin_275.fa,48.74242639376175,NA,NA,NA,NA,NA,1346_4,NA,NA,1,NA,NA,NA,NA
cpsnj11_SemiBin_130.fa,61.710340722266686,NA,NA,NA,NA,NA,1347_1,NA,NA,1,NA,NA,NA,NA
cpsnj15_SemiBin_36.fa,72.71411035483376,NA,NA,NA,NA,NA,1347_2,NA,NA,1,NA,NA,NA,NA
cpsnj02_SemiBin_25.fa,67.71693419158055,NA,NA,NA,NA,NA,1347_3,NA,NA,1,NA,NA,NA,NA
snj03_SemiBin_24.fa,77.718412193998,NA,NA,NA,NA,NA,1347_4,NA,NA,1,NA,NA,NA,NA
snj19_SemiBin_210.fa,88.50510304054612,NA,NA,NA,NA,NA,1347_5,NA,NA,1,NA,NA,NA,NA
snj20_SemiBin_219.fa,48.62609127835668,NA,NA,NA,NA,NA,1347_6,NA,NA,1,NA,NA,NA,NA
cpsnj19_SemiBin_145.fa,67.48245370169008,NA,NA,NA,NA,NA,1347_7,NA,NA,1,NA,NA,NA,NA
cpsnj10_SemiBin_141.fa,19.596429945572574,NA,NA,NA,NA,NA,1348_0,NA,NA,1,NA,NA,NA,NA
sample19_SemiBin_31.fa,79.80887121698639,NA,NA,NA,NA,NA,1349_1,NA,NA,1,NA,NA,NA,NA
sample22_SemiBin_131.fa,59.20396980153448,NA,NA,NA,NA,NA,1349_2,NA,NA,1,NA,NA,NA,NA
sample21_SemiBin_267.fa,53.04941364040364,NA,NA,NA,NA,NA,1349_3,NA,NA,1,NA,NA,NA,NA
sample19_SemiBin_60.fa,79.45073102930048,NA,NA,NA,NA,NA,1350_0,NA,NA,1,NA,NA,NA,NA
sample19_SemiBin_168.fa,53.61067440217895,NA,NA,NA,NA,NA,1351_0,NA,NA,1,NA,NA,NA,NA
cpsnj09_SemiBin_10.fa,93.324728479852,NA,NA,NA,NA,NA,1352_1,NA,NA,3,99.60,98.97,NA,NA
cpsnj13_SemiBin_370.fa,43.03504838222772,NA,NA,NA,NA,NA,1352_2,NA,NA,1,NA,NA,NA,NA
cpsnj19_SemiBin_91.fa,56.2427258525569,NA,NA,NA,NA,NA,1353_0,NA,NA,1,NA,NA,NA,NA
sample12_SemiBin_9.fa,54.36322962510864,NA,NA,NA,NA,NA,1354_0,NA,NA,1,NA,NA,NA,NA
sample16_SemiBin_69.fa,80.19914615578405,NA,NA,NA,NA,NA,1355_1,NA,NA,1,NA,NA,NA,NA
sample25_SemiBin_213.fa,61.52064889217564,NA,NA,NA,NA,NA,1355_2,NA,NA,1,NA,NA,NA,NA
sample23_SemiBin_322.fa,49.55591696896544,NA,NA,NA,NA,NA,1355_3,NA,NA,1,NA,NA,NA,NA
cpsnj04_SemiBin_119.fa,45.55393118402494,NA,NA,NA,NA,NA,1356_1,NA,NA,1,NA,NA,NA,NA
cpsnj16_SemiBin_650.fa,63.53247189036792,NA,NA,NA,NA,NA,1356_2,NA,NA,1,NA,NA,NA,NA
cpsnj20_SemiBin_540.fa,24.320951595467285,NA,NA,NA,NA,NA,1356_3,NA,NA,1,NA,NA,NA,NA
cpsnj19_SemiBin_142.fa,53.70905537774835,NA,NA,NA,NA,NA,1357_1,NA,NA,1,NA,NA,NA,NA
snj20_SemiBin_71.fa,41.89808066172459,NA,NA,NA,NA,NA,1357_2,NA,NA,1,NA,NA,NA,NA
sample15_SemiBin_58.fa,78.72732336402005,NA,NA,NA,NA,NA,1358_1,NA,NA,1,NA,NA,NA,NA
sample19_SemiBin_189.fa,61.781630754730486,NA,NA,NA,NA,NA,1358_2,NA,NA,1,NA,NA,NA,NA
sample5_SemiBin_303.fa,26.46856058967033,NA,NA,NA,NA,NA,1359_0,NA,NA,1,NA,NA,NA,NA
sample6_SemiBin_24.fa,68.97353305121425,NA,NA,NA,NA,NA,1360_0,NA,NA,1,NA,NA,NA,NA
snj03_SemiBin_44.fa,80.54517195356597,NA,NA,NA,NA,NA,1361_1,NA,NA,1,NA,NA,NA,NA
snj19_SemiBin_105.fa,90.0983240006382,NA,NA,NA,NA,NA,1361_2,NA,NA,1,NA,NA,NA,NA
cpsnj19_SemiBin_103.fa,57.882153736619294,NA,NA,NA,NA,NA,1361_3,NA,NA,1,NA,NA,NA,NA
snj16_SemiBin_101.fa,55.65023966604712,NA,NA,NA,NA,NA,1361_4,NA,NA,1,NA,NA,NA,NA
snj20_SemiBin_186.fa,58.70601473713602,NA,NA,NA,NA,NA,1361_5,NA,NA,1,NA,NA,NA,NA
snj01_SemiBin_150.fa,55.74270242632925,NA,NA,NA,NA,NA,1361_6,NA,NA,1,NA,NA,NA,NA
cpsnj10_SemiBin_209.fa,41.2376941572396,NA,NA,NA,NA,NA,1361_7,NA,NA,1,NA,NA,NA,NA
snj15_SemiBin_289.fa,41.227607361307896,NA,NA,NA,NA,NA,1361_8,NA,NA,1,NA,NA,NA,NA
cpsnj13_SemiBin_169.fa,66.39587438880632,NA,NA,NA,NA,NA,1361_9,NA,NA,1,NA,NA,NA,NA
cpsnj10_SemiBin_56.fa,67.90609244346071,NA,NA,NA,NA,NA,1362_1,NA,NA,1,NA,NA,NA,NA
cpsnj16_SemiBin_187.fa,26.89050245652197,NA,NA,NA,NA,NA,1362_2,NA,NA,1,NA,NA,NA,NA
sample27_SemiBin_430.fa,45.17865971327689,NA,NA,NA,NA,NA,1363_1,NA,NA,1,NA,NA,NA,NA
sample2_SemiBin_7.fa,59.90188228684873,NA,NA,NA,NA,NA,1363_2,NA,NA,1,NA,NA,NA,NA
sample22_SemiBin_64.fa,63.16646765044985,NA,NA,NA,NA,NA,1363_3,NA,NA,1,NA,NA,NA,NA
sample15_SemiBin_209.fa,34.32669343284069,NA,NA,NA,NA,NA,1363_4,NA,NA,1,NA,NA,NA,NA
sample6_SemiBin_177.fa,51.12044976499149,NA,NA,NA,NA,NA,1363_5,NA,NA,1,NA,NA,NA,NA
sample24_SemiBin_12.fa,41.60092509065151,NA,NA,NA,NA,NA,1363_6,NA,NA,1,NA,NA,NA,NA
sample30_SemiBin_33.fa,39.81914354608986,NA,NA,NA,NA,NA,1363_7,NA,NA,1,NA,NA,NA,NA
sample9_SemiBin_71.fa,40.40863739870507,NA,NA,NA,NA,NA,1363_8,NA,NA,1,NA,NA,NA,NA
cpsnj13_SemiBin_46.fa,63.21234520442796,NA,NA,NA,NA,NA,1364_1,NA,NA,1,NA,NA,NA,NA
snj14_SemiBin_153.fa,51.8812605921248,NA,NA,NA,NA,NA,1364_2,NA,NA,1,NA,NA,NA,NA
cpsnj16_SemiBin_109.fa,47.69667959201538,NA,NA,NA,NA,NA,1364_3,NA,NA,1,NA,NA,NA,NA
cpsnj14_SemiBin_185.fa,28.331924824265663,NA,NA,NA,NA,NA,1364_4,NA,NA,1,NA,NA,NA,NA
sample26_SemiBin_37.fa,43.30509910530471,NA,NA,NA,NA,NA,1364_5,NA,NA,1,NA,NA,NA,NA
snj08_SemiBin_665.fa,13.998993597681334,NA,NA,NA,NA,NA,1364_6,NA,NA,1,NA,NA,NA,NA
sample3_SemiBin_239.fa,52.26706125813077,NA,NA,NA,NA,NA,1365_1,NA,NA,1,NA,NA,NA,NA
sample8_SemiBin_292.fa,49.25586342313027,NA,NA,NA,NA,NA,1365_2,NA,NA,1,NA,NA,NA,NA
cpsnj03_SemiBin_49.fa,67.43990748559122,NA,NA,NA,NA,NA,1365_3,NA,NA,1,NA,NA,NA,NA
snj03_SemiBin_189.fa,38.457652503267845,NA,NA,NA,NA,NA,1365_4,NA,NA,1,NA,NA,NA,NA
cpsnj19_SemiBin_179.fa,43.3056296076594,NA,NA,NA,NA,NA,1365_5,NA,NA,1,NA,NA,NA,NA
sample4_SemiBin_238.fa,19.400288480434156,NA,NA,NA,NA,NA,1365_6,NA,NA,1,NA,NA,NA,NA
sample17_SemiBin_248.fa,51.4944653849504,NA,NA,NA,NA,NA,1365_7,NA,NA,1,NA,NA,NA,NA
sample19_SemiBin_154.fa,37.072184345722015,NA,NA,NA,NA,NA,1365_8,NA,NA,1,NA,NA,NA,NA
sample18_SemiBin_135.fa,45.96233734073828,NA,NA,NA,NA,NA,1365_9,NA,NA,1,NA,NA,NA,NA
cpsnj11_SemiBin_111.fa,85.28146446408158,NA,NA,NA,NA,NA,1366_1,NA,NA,2,99.27,99.27,NA,NA
cpsnj04_SemiBin_93.fa,51.44715775436852,NA,NA,NA,NA,NA,1367_1,NA,NA,1,NA,NA,NA,NA
snj08_SemiBin_267.fa,56.22389855475283,NA,NA,NA,NA,NA,1367_2,NA,NA,1,NA,NA,NA,NA
sample7_SemiBin_104.fa,94.07253805416865,NA,NA,NA,NA,NA,1367_3,NA,NA,5,99.57,99.33,NA,NA
sample1_SemiBin_47.fa,74.18001047188483,NA,NA,NA,NA,NA,1367_4,NA,NA,2,99.13,99.13,NA,NA
sample20_SemiBin_263.fa,65.08973316735592,NA,NA,NA,NA,NA,1367_5,NA,NA,1,NA,NA,NA,NA
sample22_SemiBin_135.fa,50.95021338055327,NA,NA,NA,NA,NA,1367_6,NA,NA,1,NA,NA,NA,NA
sample5_SemiBin_1199.fa,9.993658341276436,NA,NA,NA,NA,NA,1367_7,NA,NA,1,NA,NA,NA,NA
sample21_SemiBin_1792.fa,7.707828652846807,NA,NA,NA,NA,NA,1367_8,NA,NA,1,NA,NA,NA,NA
sample29_SemiBin_189.fa,57.07991539797983,NA,NA,NA,NA,NA,1368_0,NA,NA,1,NA,NA,NA,NA
cpsnj16_SemiBin_18.fa,91.6722844538826,NA,NA,NA,NA,NA,1369_1,NA,NA,11,99.83,99.46,NA,NA
sample7_SemiBin_37.fa,92.31182015166588,NA,NA,NA,NA,NA,1370_1,NA,NA,7,99.85,99.27,NA,NA
sample23_SemiBin_64.fa,53.39655977865147,NA,NA,NA,NA,NA,1370_2,NA,NA,1,NA,NA,NA,NA
cpsnj10_SemiBin_96.fa,65.49777511485499,NA,NA,NA,NA,NA,1371_1,NA,NA,1,NA,NA,NA,NA
cpsnj15_SemiBin_47.fa,88.8765950291374,NA,NA,NA,NA,NA,1371_2,NA,NA,1,NA,NA,NA,NA
cpsnj11_SemiBin_140.fa,52.40523586721447,NA,NA,NA,NA,NA,1371_3,NA,NA,1,NA,NA,NA,NA
sample27_SemiBin_62.fa,60.00218978567103,NA,NA,NA,NA,NA,1371_4,NA,NA,1,NA,NA,NA,NA
snj11_SemiBin_110.fa,45.49587587127046,NA,NA,NA,NA,NA,1371_5,NA,NA,1,NA,NA,NA,NA
sample20_SemiBin_172.fa,61.35166872662535,NA,NA,NA,NA,NA,1371_6,NA,NA,1,NA,NA,NA,NA
sample1_SemiBin_297.fa,60.73702611322228,NA,NA,NA,NA,NA,1371_7,NA,NA,1,NA,NA,NA,NA
sample3_SemiBin_32.fa,76.61813879607914,NA,NA,NA,NA,NA,1372_1,NA,NA,1,NA,NA,NA,NA
sample4_SemiBin_68.fa,53.00809880146885,NA,NA,NA,NA,NA,1372_2,NA,NA,1,NA,NA,NA,NA
cpsnj13_SemiBin_10.fa,90.7364923175512,NA,NA,NA,NA,NA,1372_3,NA,NA,3,99.09,99.04,NA,NA
cpsnj16_SemiBin_6.fa,93.5116275992699,NA,NA,NA,NA,NA,1372_4,NA,NA,5,99.47,99.14,NA,NA
cpsnj15_SemiBin_15.fa,81.06092865985651,NA,NA,NA,NA,NA,1372_5,NA,NA,1,NA,NA,NA,NA
snj08_SemiBin_3.fa,95.38542460537042,NA,NA,NA,NA,NA,1372_6,NA,NA,5,99.55,99.35,NA,NA
sample28_SemiBin_11.fa,73.87590844171085,NA,NA,NA,NA,NA,1372_7,NA,NA,1,NA,NA,NA,NA
sample5_SemiBin_44.fa,82.8278502598856,NA,NA,NA,NA,NA,1372_8,NA,NA,1,NA,NA,NA,NA
cpsnj04_SemiBin_62.fa,66.59164660571095,NA,NA,NA,NA,NA,1372_9,NA,NA,1,NA,NA,NA,NA
snj10_SemiBin_29.fa,76.04656822993829,NA,NA,NA,NA,NA,1372_10,NA,NA,1,NA,NA,NA,NA
cpsnj20_SemiBin_123.fa,73.6434815913007,NA,NA,NA,NA,NA,1372_11,NA,NA,1,NA,NA,NA,NA
sample14_SemiBin_8.fa,79.82009589018132,NA,NA,NA,NA,NA,1372_12,NA,NA,1,NA,NA,NA,NA
snj19_SemiBin_44.fa,80.14031569683804,NA,NA,NA,NA,NA,1372_13,NA,NA,1,NA,NA,NA,NA
sample26_SemiBin_539.fa,37.814296078151465,NA,NA,NA,NA,NA,1372_14,NA,NA,1,NA,NA,NA,NA
sample21_SemiBin_149.fa,68.15611764692743,NA,NA,NA,NA,NA,1372_15,NA,NA,1,NA,NA,NA,NA
sample26_SemiBin_74.fa,19.969452683874707,NA,NA,NA,NA,NA,1372_16,NA,NA,1,NA,NA,NA,NA
cpsnj14_SemiBin_121.fa,60.73285453836091,NA,NA,NA,NA,NA,1373_1,NA,NA,1,NA,NA,NA,NA
sample17_SemiBin_251.fa,45.9938363106242,NA,NA,NA,NA,NA,1373_2,NA,NA,1,NA,NA,NA,NA
sample26_SemiBin_131.fa,60.55190980502447,NA,NA,NA,NA,NA,1373_3,NA,NA,1,NA,NA,NA,NA
cpsnj14_SemiBin_122.fa,63.31686027999459,NA,NA,NA,NA,NA,1374_0,NA,NA,1,NA,NA,NA,NA
snj08_SemiBin_13.fa,88.08500667755501,NA,NA,NA,NA,NA,1375_1,NA,NA,1,NA,NA,NA,NA
snj14_SemiBin_18.fa,97.76955098332016,NA,NA,NA,NA,NA,1375_2,NA,NA,1,NA,NA,NA,NA
snj16_SemiBin_18.fa,87.49634655185544,NA,NA,NA,NA,NA,1375_3,NA,NA,1,NA,NA,NA,NA
cpsnj14_SemiBin_425.fa,69.11225254848028,NA,NA,NA,NA,NA,1375_4,NA,NA,1,NA,NA,NA,NA
snj13_SemiBin_67.fa,73.11078234365694,NA,NA,NA,NA,NA,1375_5,NA,NA,1,NA,NA,NA,NA
snj15_SemiBin_299.fa,43.62983443351114,NA,NA,NA,NA,NA,1375_6,NA,NA,1,NA,NA,NA,NA
sample19_SemiBin_84.fa,66.81177115997882,NA,NA,NA,NA,NA,1376_1,NA,NA,1,NA,NA,NA,NA
sample22_SemiBin_37.fa,68.77500944631454,NA,NA,NA,NA,NA,1376_2,NA,NA,1,NA,NA,NA,NA
sample21_SemiBin_54.fa,64.38501648183825,NA,NA,NA,NA,NA,1376_3,NA,NA,1,NA,NA,NA,NA
sample20_SemiBin_103.fa,70.83795918905929,NA,NA,NA,NA,NA,1376_4,NA,NA,1,NA,NA,NA,NA
sample7_SemiBin_55.fa,76.124659635571,NA,NA,NA,NA,NA,1376_5,NA,NA,1,NA,NA,NA,NA
sample23_SemiBin_55.fa,73.41216317643148,NA,NA,NA,NA,NA,1376_6,NA,NA,1,NA,NA,NA,NA
sample1_SemiBin_197.fa,54.073305941049135,NA,NA,NA,NA,NA,1376_7,NA,NA,1,NA,NA,NA,NA
sample25_SemiBin_160.fa,82.62456181960931,NA,NA,NA,NA,NA,1376_8,NA,NA,1,NA,NA,NA,NA
sample15_SemiBin_124.fa,74.76470362903449,NA,NA,NA,NA,NA,1376_9,NA,NA,1,NA,NA,NA,NA
sample13_SemiBin_1085.fa,26.0318115607796,NA,NA,NA,NA,NA,1376_10,NA,NA,1,NA,NA,NA,NA
sample29_SemiBin_283.fa,77.75281268356517,NA,NA,NA,NA,NA,1377_0,NA,NA,1,NA,NA,NA,NA
sample5_SemiBin_94.fa,86.65411595201971,NA,NA,NA,NA,NA,1378_1,NA,NA,2,99.52,99.52,NA,NA
sample17_SemiBin_188.fa,50.88131675621097,NA,NA,NA,NA,NA,1378_2,NA,NA,1,NA,NA,NA,NA
sample3_SemiBin_118.fa,58.87624433340892,NA,NA,NA,NA,NA,1378_3,NA,NA,1,NA,NA,NA,NA
sample4_SemiBin_127.fa,37.108605436065965,NA,NA,NA,NA,NA,1378_4,NA,NA,1,NA,NA,NA,NA
cpsnj02_SemiBin_39.fa,59.14101995500083,NA,NA,NA,NA,NA,1379_0,NA,NA,1,NA,NA,NA,NA
cpsnj13_SemiBin_231.fa,49.97886422785006,NA,NA,NA,NA,NA,1380_0,NA,NA,1,NA,NA,NA,NA
cpsnj19_SemiBin_66.fa,74.40530822521949,NA,NA,NA,NA,NA,1381_0,NA,NA,1,NA,NA,NA,NA
sample16_SemiBin_237.fa,40.39322286638398,NA,NA,NA,NA,NA,1382_1,NA,NA,1,NA,NA,NA,NA
sample23_SemiBin_80.fa,14.970983700179405,NA,NA,NA,NA,NA,1382_2,NA,NA,1,NA,NA,NA,NA
cpsnj04_SemiBin_57.fa,63.47002103747791,NA,NA,NA,NA,NA,1382_3,NA,NA,1,NA,NA,NA,NA
cpsnj15_SemiBin_72.fa,86.39257465918504,NA,NA,NA,NA,NA,1382_4,NA,NA,1,NA,NA,NA,NA
snj04_SemiBin_90.fa,51.88489684583931,NA,NA,NA,NA,NA,1382_5,NA,NA,1,NA,NA,NA,NA
cpsnj16_SemiBin_170.fa,71.05657734979484,NA,NA,NA,NA,NA,1382_6,NA,NA,1,NA,NA,NA,NA
snj16_SemiBin_37.fa,63.38261291050585,NA,NA,NA,NA,NA,1382_7,NA,NA,1,NA,NA,NA,NA
sample22_SemiBin_159.fa,84.74967497818,NA,NA,NA,NA,NA,1382_8,NA,NA,1,NA,NA,NA,NA
sample29_SemiBin_91.fa,61.92650186476338,NA,NA,NA,NA,NA,1382_9,NA,NA,1,NA,NA,NA,NA
cpsnj10_SemiBin_143.fa,72.13112241960117,NA,NA,NA,NA,NA,1382_10,NA,NA,1,NA,NA,NA,NA
snj20_SemiBin_29.fa,82.39317656985892,NA,NA,NA,NA,NA,1382_11,NA,NA,1,NA,NA,NA,NA
cpsnj11_SemiBin_42.fa,94.93988182963926,NA,NA,NA,NA,NA,1382_12,NA,NA,1,NA,NA,NA,NA
snj11_SemiBin_159.fa,73.65958113267699,NA,NA,NA,NA,NA,1382_13,NA,NA,1,NA,NA,NA,NA
cpsnj03_SemiBin_57.fa,77.35098521600847,NA,NA,NA,NA,NA,1382_14,NA,NA,1,NA,NA,NA,NA
snj03_SemiBin_227.fa,41.69746054787429,NA,NA,NA,NA,NA,1382_15,NA,NA,1,NA,NA,NA,NA
cpsnj19_SemiBin_416.fa,65.04660935645862,NA,NA,NA,NA,NA,1382_16,NA,NA,1,NA,NA,NA,NA
cpsnj20_SemiBin_95.fa,43.79158725989671,NA,NA,NA,NA,NA,1382_17,NA,NA,1,NA,NA,NA,NA
snj19_SemiBin_163.fa,17.69842747703212,NA,NA,NA,NA,NA,1382_18,NA,NA,1,NA,NA,NA,NA
sample16_SemiBin_94.fa,54.59093896461492,NA,NA,NA,NA,NA,1383_1,NA,NA,1,NA,NA,NA,NA
sample26_SemiBin_73.fa,75.50661513477462,NA,NA,NA,NA,NA,1383_2,NA,NA,1,NA,NA,NA,NA
sample23_SemiBin_356.fa,19.80766813721745,NA,NA,NA,NA,NA,1383_3,NA,NA,1,NA,NA,NA,NA
cpsnj19_SemiBin_123.fa,38.26310132272528,NA,NA,NA,NA,NA,1383_4,NA,NA,1,NA,NA,NA,NA
cpsnj01_SemiBin_110.fa,46.998577002597145,NA,NA,NA,NA,NA,1384_0,NA,NA,1,NA,NA,NA,NA
cpsnj20_SemiBin_109.fa,72.54505333732646,NA,NA,NA,NA,NA,1385_0,NA,NA,1,NA,NA,NA,NA
cpsnj19_SemiBin_310.fa,84.84519761590502,NA,NA,NA,NA,NA,1386_0,NA,NA,1,NA,NA,NA,NA
snj14_SemiBin_6.fa,101.42323528135697,NA,NA,NA,NA,NA,1387_1,NA,NA,7,99.52,99.19,NA,NA
cpsnj11_SemiBin_10.fa,95.4692985342043,NA,NA,NA,NA,NA,1387_2,NA,NA,1,NA,NA,NA,NA
cpsnj16_SemiBin_52.fa,72.93189498114886,NA,NA,NA,NA,NA,1387_3,NA,NA,1,NA,NA,NA,NA
cpsnj13_SemiBin_59.fa,72.01458206637527,NA,NA,NA,NA,NA,1387_4,NA,NA,1,NA,NA,NA,NA
snj19_SemiBin_49.fa,69.54711900137819,NA,NA,NA,NA,NA,1387_5,NA,NA,1,NA,NA,NA,NA
cpsnj08_SemiBin_110.fa,46.56640364234757,NA,NA,NA,NA,NA,1387_6,NA,NA,1,NA,NA,NA,NA
cpsnj19_SemiBin_169.fa,49.94823565635621,NA,NA,NA,NA,NA,1387_7,NA,NA,1,NA,NA,NA,NA
cpsnj01_SemiBin_14.fa,48.90073443057912,NA,NA,NA,NA,NA,1387_8,NA,NA,1,NA,NA,NA,NA
sample28_SemiBin_76.fa,47.53527068192686,NA,NA,NA,NA,NA,1387_9,NA,NA,1,NA,NA,NA,NA
sample16_SemiBin_199.fa,43.22212815069897,NA,NA,NA,NA,NA,1388_1,NA,NA,1,NA,NA,NA,NA
sample22_SemiBin_267.fa,27.7756772861976,NA,NA,NA,NA,NA,1388_2,NA,NA,1,NA,NA,NA,NA
sample4_SemiBin_296.fa,49.29643178690641,NA,NA,NA,NA,NA,1389_1,NA,NA,1,NA,NA,NA,NA
sample8_SemiBin_179.fa,61.89961715291172,NA,NA,NA,NA,NA,1389_2,NA,NA,1,NA,NA,NA,NA
sample15_SemiBin_135.fa,64.46146439821345,NA,NA,NA,NA,NA,1390_1,NA,NA,1,NA,NA,NA,NA
sample27_SemiBin_245.fa,53.528790533874,NA,NA,NA,NA,NA,1390_2,NA,NA,1,NA,NA,NA,NA
sample25_SemiBin_130.fa,40.004768296623126,NA,NA,NA,NA,NA,1390_3,NA,NA,1,NA,NA,NA,NA
snj04_SemiBin_634.fa,47.37113572333312,NA,NA,NA,NA,NA,1391_0,NA,NA,1,NA,NA,NA,NA
sample24_SemiBin_41.fa,55.990859176607565,NA,NA,NA,NA,NA,1392_1,NA,NA,2,99.09,99.09,NA,NA
sample23_SemiBin_72.fa,95.19779229832098,NA,NA,NA,NA,NA,1392_2,NA,NA,1,NA,NA,NA,NA
sample15_SemiBin_206.fa,68.23511729311514,NA,NA,NA,NA,NA,1392_3,NA,NA,1,NA,NA,NA,NA
snj11_SemiBin_116.fa,54.26989628324845,NA,NA,NA,NA,NA,1393_1,NA,NA,1,NA,NA,NA,NA
snj13_SemiBin_94.fa,67.15195544883373,NA,NA,NA,NA,NA,1393_2,NA,NA,1,NA,NA,NA,NA
snj16_SemiBin_112.fa,49.30343400180556,NA,NA,NA,NA,NA,1393_3,NA,NA,1,NA,NA,NA,NA
snj20_SemiBin_96.fa,35.115789864795914,NA,NA,NA,NA,NA,1393_4,NA,NA,1,NA,NA,NA,NA
sample29_SemiBin_131.fa,75.88307878807602,NA,NA,NA,NA,NA,1394_0,NA,NA,1,NA,NA,NA,NA
sample29_SemiBin_36.fa,85.48142855220988,NA,NA,NA,NA,NA,1395_0,NA,NA,1,NA,NA,NA,NA
sample6_SemiBin_194.fa,53.25864016965577,NA,NA,NA,NA,NA,1396_0,NA,NA,1,NA,NA,NA,NA
sample6_SemiBin_202.fa,50.52979312880675,NA,NA,NA,NA,NA,1397_0,NA,NA,1,NA,NA,NA,NA
sample6_SemiBin_31.fa,74.58047115982816,NA,NA,NA,NA,NA,1398_1,NA,NA,1,NA,NA,NA,NA
sample7_SemiBin_92.fa,69.70059304676505,NA,NA,NA,NA,NA,1398_2,NA,NA,1,NA,NA,NA,NA
sample15_SemiBin_224.fa,66.63867547745443,NA,NA,NA,NA,NA,1398_3,NA,NA,1,NA,NA,NA,NA
snj19_SemiBin_58.fa,62.1521798835415,NA,NA,NA,NA,NA,1398_4,NA,NA,1,NA,NA,NA,NA
sample22_SemiBin_110.fa,53.88258273454868,NA,NA,NA,NA,NA,1398_5,NA,NA,1,NA,NA,NA,NA
sample14_SemiBin_46.fa,21.34666039761616,NA,NA,NA,NA,NA,1398_6,NA,NA,1,NA,NA,NA,NA
sample13_SemiBin_148.fa,53.64451615238773,NA,NA,NA,NA,NA,1399_1,NA,NA,1,NA,NA,NA,NA
sample15_SemiBin_733.fa,41.24302061521288,NA,NA,NA,NA,NA,1399_2,NA,NA,1,NA,NA,NA,NA
sample17_SemiBin_92.fa,66.88613058224432,NA,NA,NA,NA,NA,1399_3,NA,NA,1,NA,NA,NA,NA
sample25_SemiBin_149.fa,45.28032901462032,NA,NA,NA,NA,NA,1399_4,NA,NA,1,NA,NA,NA,NA
sample4_SemiBin_205.fa,35.87425367479998,NA,NA,NA,NA,NA,1399_5,NA,NA,1,NA,NA,NA,NA
sample26_SemiBin_132.fa,68.32957432894487,NA,NA,NA,NA,NA,1399_6,NA,NA,1,NA,NA,NA,NA
sample18_SemiBin_671.fa,20.282437713823622,NA,NA,NA,NA,NA,1399_7,NA,NA,1,NA,NA,NA,NA
snj09_SemiBin_154.fa,49.27638919141404,NA,NA,NA,NA,NA,1400_0,NA,NA,1,NA,NA,NA,NA
cpsnj11_SemiBin_179.fa,69.45897319689126,NA,NA,NA,NA,NA,1401_1,NA,NA,1,NA,NA,NA,NA
snj11_SemiBin_27.fa,69.76277849021513,NA,NA,NA,NA,NA,1401_2,NA,NA,1,NA,NA,NA,NA
sample2_SemiBin_116.fa,45.71296076122384,NA,NA,NA,NA,NA,1402_1,NA,NA,1,NA,NA,NA,NA
sample7_SemiBin_112.fa,97.59778854213246,NA,NA,NA,NA,NA,1402_2,NA,NA,1,NA,NA,NA,NA
sample15_SemiBin_289.fa,51.243798133876645,NA,NA,NA,NA,NA,1402_3,NA,NA,1,NA,NA,NA,NA
sample5_SemiBin_126.fa,65.64492489065395,NA,NA,NA,NA,NA,1402_4,NA,NA,1,NA,NA,NA,NA
sample23_SemiBin_45.fa,47.77523213030835,NA,NA,NA,NA,NA,1402_5,NA,NA,1,NA,NA,NA,NA
snj19_SemiBin_152.fa,41.61643395100221,NA,NA,NA,NA,NA,1402_6,NA,NA,1,NA,NA,NA,NA
snj03_SemiBin_9.fa,96.16703736502078,NA,NA,NA,NA,NA,1403_1,NA,NA,4,99.58,99.42,NA,NA
cpsnj19_SemiBin_234.fa,77.41988254721689,NA,NA,NA,NA,NA,1403_2,NA,NA,1,NA,NA,NA,NA
snj19_SemiBin_31.fa,71.89976981791862,NA,NA,NA,NA,NA,1403_3,NA,NA,1,NA,NA,NA,NA
sample23_SemiBin_281.fa,64.46552482429516,NA,NA,NA,NA,NA,1403_4,NA,NA,1,NA,NA,NA,NA
snj20_SemiBin_103.fa,34.612269034396675,NA,NA,NA,NA,NA,1403_5,NA,NA,1,NA,NA,NA,NA
snj08_SemiBin_93.fa,45.71484847219093,NA,NA,NA,NA,NA,1404_0,NA,NA,1,NA,NA,NA,NA
snj11_SemiBin_44.fa,72.73048325929862,NA,NA,NA,NA,NA,1405_1,NA,NA,1,NA,NA,NA,NA
snj20_SemiBin_360.fa,12.116498319782284,NA,NA,NA,NA,NA,1405_2,NA,NA,1,NA,NA,NA,NA
snj01_SemiBin_38.fa,42.55733481212763,NA,NA,NA,NA,NA,1406_0,NA,NA,1,NA,NA,NA,NA
cpsnj10_SemiBin_117.fa,47.22764821358522,NA,NA,NA,NA,NA,1407_0,NA,NA,1,NA,NA,NA,NA
snj19_SemiBin_60.fa,48.29176783271203,NA,NA,NA,NA,NA,1408_0,NA,NA,1,NA,NA,NA,NA
sample20_SemiBin_35.fa,81.6270805535741,NA,NA,NA,NA,NA,1409_1,NA,NA,1,NA,NA,NA,NA
sample21_SemiBin_599.fa,33.806037169354056,NA,NA,NA,NA,NA,1409_2,NA,NA,1,NA,NA,NA,NA
sample29_SemiBin_210.fa,76.45724777759351,NA,NA,NA,NA,NA,1410_0,NA,NA,1,NA,NA,NA,NA
sample6_SemiBin_51.fa,72.80216572381305,NA,NA,NA,NA,NA,1411_0,NA,NA,1,NA,NA,NA,NA
sample27_SemiBin_102.fa,30.626332158236647,NA,NA,NA,NA,NA,1412_1,NA,NA,1,NA,NA,NA,NA
sample29_SemiBin_51.fa,78.0196911301393,NA,NA,NA,NA,NA,1412_2,NA,NA,1,NA,NA,NA,NA
sample25_SemiBin_189.fa,59.93685459144864,NA,NA,NA,NA,NA,1412_3,NA,NA,1,NA,NA,NA,NA
sample13_SemiBin_157.fa,41.08686096996142,NA,NA,NA,NA,NA,1413_0,NA,NA,1,NA,NA,NA,NA
cpsnj01_SemiBin_49.fa,52.3110490636678,NA,NA,NA,NA,NA,1414_1,NA,NA,1,NA,NA,NA,NA
snj01_SemiBin_149.fa,49.41898560256816,NA,NA,NA,NA,NA,1414_2,NA,NA,1,NA,NA,NA,NA
sample6_SemiBin_117.fa,46.82667401717185,NA,NA,NA,NA,NA,1414_3,NA,NA,1,NA,NA,NA,NA
sample30_SemiBin_167.fa,49.52233520302532,NA,NA,NA,NA,NA,1414_4,NA,NA,1,NA,NA,NA,NA
sample24_SemiBin_74.fa,49.09674279502453,NA,NA,NA,NA,NA,1414_5,NA,NA,1,NA,NA,NA,NA
sample19_SemiBin_119.fa,51.59362762871034,NA,NA,NA,NA,NA,1414_6,NA,NA,1,NA,NA,NA,NA
cpsnj10_SemiBin_244.fa,50.055457843498615,NA,NA,NA,NA,NA,1415_1,NA,NA,1,NA,NA,NA,NA
cpsnj14_SemiBin_77.fa,63.93275276717584,NA,NA,NA,NA,NA,1415_2,NA,NA,1,NA,NA,NA,NA
cpsnj09_SemiBin_90.fa,70.1186826827553,NA,NA,NA,NA,NA,1416_1,NA,NA,1,NA,NA,NA,NA
cpsnj10_SemiBin_77.fa,29.374652929717943,NA,NA,NA,NA,NA,1416_2,NA,NA,1,NA,NA,NA,NA
cpsnj11_SemiBin_141.fa,68.75746660432146,NA,NA,NA,NA,NA,1417_1,NA,NA,1,NA,NA,NA,NA
snj11_SemiBin_53.fa,67.04398364784596,NA,NA,NA,NA,NA,1417_2,NA,NA,1,NA,NA,NA,NA
cpsnj01_SemiBin_66.fa,35.25730882768556,NA,NA,NA,NA,NA,1417_3,NA,NA,1,NA,NA,NA,NA
snj01_SemiBin_49.fa,43.08444830646462,NA,NA,NA,NA,NA,1417_4,NA,NA,1,NA,NA,NA,NA
cpsnj14_SemiBin_202.fa,64.7065182317313,NA,NA,NA,NA,NA,1418_1,NA,NA,1,NA,NA,NA,NA
snj14_SemiBin_275.fa,13.54743588128805,NA,NA,NA,NA,NA,1418_2,NA,NA,1,NA,NA,NA,NA
sample1_SemiBin_106.fa,44.49436374653141,NA,NA,NA,NA,NA,1419_1,NA,NA,1,NA,NA,NA,NA
sample7_SemiBin_80.fa,65.68279634221597,NA,NA,NA,NA,NA,1419_2,NA,NA,1,NA,NA,NA,NA
sample25_SemiBin_163.fa,60.79609415433292,NA,NA,NA,NA,NA,1419_3,NA,NA,1,NA,NA,NA,NA
cpsnj04_SemiBin_168.fa,46.71973110762381,NA,NA,NA,NA,NA,1419_4,NA,NA,1,NA,NA,NA,NA
snj04_SemiBin_18.fa,67.79322294430021,NA,NA,NA,NA,NA,1419_5,NA,NA,1,NA,NA,NA,NA
sample24_SemiBin_16.fa,60.04305846685196,NA,NA,NA,NA,NA,1419_6,NA,NA,1,NA,NA,NA,NA
sample23_SemiBin_51.fa,29.60193759598012,NA,NA,NA,NA,NA,1419_7,NA,NA,1,NA,NA,NA,NA
cpsnj15_SemiBin_28.fa,29.243660895235788,NA,NA,NA,NA,NA,1419_8,NA,NA,1,NA,NA,NA,NA
sample15_SemiBin_59.fa,45.08626998963598,NA,NA,NA,NA,NA,1419_9,NA,NA,1,NA,NA,NA,NA
sample16_SemiBin_120.fa,35.474121615122414,NA,NA,NA,NA,NA,1419_10,NA,NA,1,NA,NA,NA,NA
sample11_SemiBin_61.fa,29.0199445243198,NA,NA,NA,NA,NA,1419_11,NA,NA,1,NA,NA,NA,NA
cpsnj10_SemiBin_6.fa,68.72812148732935,NA,NA,NA,NA,NA,1419_12,NA,NA,1,NA,NA,NA,NA
cpsnj11_SemiBin_92.fa,78.90519306921999,NA,NA,NA,NA,NA,1419_13,NA,NA,1,NA,NA,NA,NA
cpsnj03_SemiBin_72.fa,33.438864601627,NA,NA,NA,NA,NA,1419_14,NA,NA,1,NA,NA,NA,NA
snj08_SemiBin_1059.fa,32.128852497075385,NA,NA,NA,NA,NA,1419_15,NA,NA,1,NA,NA,NA,NA
sample30_SemiBin_217.fa,14.75336513538582,NA,NA,NA,NA,NA,1419_16,NA,NA,1,NA,NA,NA,NA
sample27_SemiBin_11.fa,59.75931643055406,NA,NA,NA,NA,NA,1420_0,NA,NA,1,NA,NA,NA,NA
cpsnj03_SemiBin_101.fa,44.55729703534638,NA,NA,NA,NA,NA,1421_1,NA,NA,1,NA,NA,NA,NA
snj08_SemiBin_102.fa,60.19453283611524,NA,NA,NA,NA,NA,1421_2,NA,NA,1,NA,NA,NA,NA
cpsnj14_SemiBin_279.fa,39.503201782623705,NA,NA,NA,NA,NA,1422_0,NA,NA,1,NA,NA,NA,NA
cpsnj04_SemiBin_23.fa,97.4423257589217,NA,NA,NA,NA,NA,1423_1,NA,NA,2,99.71,99.71,NA,NA
sample25_SemiBin_225.fa,60.972772751931885,NA,NA,NA,NA,NA,1424_1,NA,NA,1,NA,NA,NA,NA
sample29_SemiBin_33.fa,81.17988660152787,NA,NA,NA,NA,NA,1424_2,NA,NA,1,NA,NA,NA,NA
sample15_SemiBin_95.fa,73.72453503720796,NA,NA,NA,NA,NA,1424_3,NA,NA,1,NA,NA,NA,NA
sample20_SemiBin_91.fa,77.48252236415014,NA,NA,NA,NA,NA,1424_4,NA,NA,1,NA,NA,NA,NA
sample22_SemiBin_94.fa,60.875193049884665,NA,NA,NA,NA,NA,1424_5,NA,NA,1,NA,NA,NA,NA
sample7_SemiBin_253.fa,42.74278464889649,NA,NA,NA,NA,NA,1424_6,NA,NA,1,NA,NA,NA,NA
sample30_SemiBin_59.fa,43.67579790773232,NA,NA,NA,NA,NA,1424_7,NA,NA,1,NA,NA,NA,NA
snj09_SemiBin_19.fa,82.06403932858281,NA,NA,NA,NA,NA,1425_1,NA,NA,2,99.70,99.70,NA,NA
cpsnj04_SemiBin_8.fa,77.22219560911387,NA,NA,NA,NA,NA,1425_2,NA,NA,1,NA,NA,NA,NA
snj04_SemiBin_5.fa,91.04851596996288,NA,NA,NA,NA,NA,1425_3,NA,NA,1,NA,NA,NA,NA
sample28_SemiBin_9.fa,87.16249098664544,NA,NA,NA,NA,NA,1425_4,NA,NA,1,NA,NA,NA,NA
sample5_SemiBin_25.fa,63.97154271013448,NA,NA,NA,NA,NA,1425_5,NA,NA,1,NA,NA,NA,NA
sample15_SemiBin_33.fa,64.56340401865631,NA,NA,NA,NA,NA,1425_6,NA,NA,1,NA,NA,NA,NA
cpsnj09_SemiBin_62.fa,50.83135353402414,NA,NA,NA,NA,NA,1426_1,NA,NA,1,NA,NA,NA,NA
snj09_SemiBin_241.fa,69.42410301543767,NA,NA,NA,NA,NA,1426_2,NA,NA,1,NA,NA,NA,NA
cpsnj10_SemiBin_75.fa,59.6001567847701,NA,NA,NA,NA,NA,1426_3,NA,NA,1,NA,NA,NA,NA
sample12_SemiBin_73.fa,59.465704232125816,NA,NA,NA,NA,NA,1427_0,NA,NA,1,NA,NA,NA,NA
snj11_SemiBin_18.fa,86.63246228049135,NA,NA,NA,NA,NA,1428_1,NA,NA,1,NA,NA,NA,NA
snj20_SemiBin_963.fa,19.314113327958783,NA,NA,NA,NA,NA,1428_2,NA,NA,1,NA,NA,NA,NA
snj08_SemiBin_340.fa,42.65884408621562,NA,NA,NA,NA,NA,1428_3,NA,NA,1,NA,NA,NA,NA
sample13_SemiBin_43.fa,78.33007369437398,NA,NA,NA,NA,NA,1429_1,NA,NA,1,NA,NA,NA,NA
sample20_SemiBin_22.fa,62.76062183077225,NA,NA,NA,NA,NA,1429_2,NA,NA,1,NA,NA,NA,NA
sample3_SemiBin_95.fa,39.86475482642463,NA,NA,NA,NA,NA,1430_1,NA,NA,1,NA,NA,NA,NA
sample4_SemiBin_139.fa,58.612142665894034,NA,NA,NA,NA,NA,1430_2,NA,NA,1,NA,NA,NA,NA
cpsnj03_SemiBin_792.fa,5.028787239318681,NA,NA,NA,NA,NA,1431_1,NA,NA,1,NA,NA,NA,NA
snj04_SemiBin_93.fa,32.57973734817032,NA,NA,NA,NA,NA,1431_2,NA,NA,1,NA,NA,NA,NA
snj08_SemiBin_46.fa,59.38290771425415,NA,NA,NA,NA,NA,1431_3,NA,NA,1,NA,NA,NA,NA
cpsnj04_SemiBin_177.fa,76.98454101920446,NA,NA,NA,NA,NA,1431_4,NA,NA,1,NA,NA,NA,NA
snj20_SemiBin_169.fa,57.25549031523828,NA,NA,NA,NA,NA,1431_5,NA,NA,1,NA,NA,NA,NA
snj11_SemiBin_34.fa,88.00719610235583,NA,NA,NA,NA,NA,1431_6,NA,NA,2,99.38,99.38,NA,NA
cpsnj16_SemiBin_72.fa,83.61056260920626,NA,NA,NA,NA,NA,1431_7,NA,NA,1,NA,NA,NA,NA
cpsnj19_SemiBin_29.fa,92.3948122107112,NA,NA,NA,NA,NA,1431_8,NA,NA,1,NA,NA,NA,NA
snj03_SemiBin_49.fa,69.10284801680801,NA,NA,NA,NA,NA,1431_9,NA,NA,1,NA,NA,NA,NA
snj19_SemiBin_85.fa,67.5620833513591,NA,NA,NA,NA,NA,1431_10,NA,NA,1,NA,NA,NA,NA
sample5_SemiBin_68.fa,75.07277693117415,NA,NA,NA,NA,NA,1431_11,NA,NA,1,NA,NA,NA,NA
sample6_SemiBin_90.fa,75.11231281129243,NA,NA,NA,NA,NA,1431_12,NA,NA,1,NA,NA,NA,NA
snj16_SemiBin_81.fa,21.876399377643303,NA,NA,NA,NA,NA,1431_13,NA,NA,1,NA,NA,NA,NA
snj04_SemiBin_92.fa,73.50492289171443,NA,NA,NA,NA,NA,1431_14,NA,NA,1,NA,NA,NA,NA
snj13_SemiBin_308.fa,50.260384271303934,NA,NA,NA,NA,NA,1431_15,NA,NA,1,NA,NA,NA,NA
cpsnj11_SemiBin_15.fa,101.79817561352718,NA,NA,NA,NA,NA,1432_1,NA,NA,1,NA,NA,NA,NA
snj11_SemiBin_6.fa,102.11886576097864,NA,NA,NA,NA,NA,1432_2,NA,NA,1,NA,NA,NA,NA
snj09_SemiBin_100.fa,74.33718185829966,NA,NA,NA,NA,NA,1432_3,NA,NA,1,NA,NA,NA,NA
snj20_SemiBin_104.fa,57.04590674252229,NA,NA,NA,NA,NA,1432_4,NA,NA,1,NA,NA,NA,NA
snj03_SemiBin_123.fa,71.07578712708118,NA,NA,NA,NA,NA,1432_5,NA,NA,1,NA,NA,NA,NA
sample23_SemiBin_38.fa,90.03166982261996,NA,NA,NA,NA,NA,1433_1,NA,NA,2,99.13,99.13,NA,NA
sample9_SemiBin_28.fa,91.32716575706006,NA,NA,NA,NA,NA,1433_2,NA,NA,1,NA,NA,NA,NA
sample5_SemiBin_82.fa,63.44807222943664,NA,NA,NA,NA,NA,1433_3,NA,NA,1,NA,NA,NA,NA
sample15_SemiBin_270.fa,50.94794468365342,NA,NA,NA,NA,NA,1433_4,NA,NA,1,NA,NA,NA,NA
sample7_SemiBin_220.fa,73.722183771925,NA,NA,NA,NA,NA,1433_5,NA,NA,1,NA,NA,NA,NA
sample6_SemiBin_291.fa,53.549482814171945,NA,NA,NA,NA,NA,1433_6,NA,NA,1,NA,NA,NA,NA
cpsnj20_SemiBin_320.fa,43.1314317458676,NA,NA,NA,NA,NA,1434_1,NA,NA,1,NA,NA,NA,NA
snj20_SemiBin_607.fa,43.03475015155367,NA,NA,NA,NA,NA,1434_2,NA,NA,1,NA,NA,NA,NA
cpsnj11_SemiBin_675.fa,39.47550891783135,NA,NA,NA,NA,NA,1435_0,NA,NA,1,NA,NA,NA,NA
sample24_SemiBin_5.fa,99.81123674033284,NA,NA,NA,NA,NA,1436_1,NA,NA,4,99.64,99.16,NA,NA
cpsnj04_SemiBin_78.fa,78.40311867239826,NA,NA,NA,NA,NA,1436_2,NA,NA,1,NA,NA,NA,NA
sample7_SemiBin_180.fa,77.75071843013203,NA,NA,NA,NA,NA,1436_3,NA,NA,1,NA,NA,NA,NA
sample20_SemiBin_115.fa,73.72642619021387,NA,NA,NA,NA,NA,1436_4,NA,NA,1,NA,NA,NA,NA
sample1_SemiBin_361.fa,57.66683555555694,NA,NA,NA,NA,NA,1436_5,NA,NA,1,NA,NA,NA,NA
snj04_SemiBin_24.fa,88.18610865261682,NA,NA,NA,NA,NA,1436_6,NA,NA,1,NA,NA,NA,NA
sample23_SemiBin_84.fa,62.68623879683389,NA,NA,NA,NA,NA,1436_7,NA,NA,1,NA,NA,NA,NA
cpsnj03_SemiBin_39.fa,72.9819885791013,NA,NA,NA,NA,NA,1436_8,NA,NA,1,NA,NA,NA,NA
cpsnj02_SemiBin_8.fa,88.91417251225259,NA,NA,NA,NA,NA,1436_9,NA,NA,1,NA,NA,NA,NA
sample18_SemiBin_348.fa,40.32472425402099,NA,NA,NA,NA,NA,1437_0,NA,NA,1,NA,NA,NA,NA
sample17_SemiBin_13.fa,65.8702145519579,NA,NA,NA,NA,NA,1438_1,NA,NA,1,NA,NA,NA,NA
sample8_SemiBin_23.fa,85.49398894042821,NA,NA,NA,NA,NA,1438_2,NA,NA,1,NA,NA,NA,NA
sample3_SemiBin_161.fa,63.015627582183306,NA,NA,NA,NA,NA,1438_3,NA,NA,1,NA,NA,NA,NA
sample4_SemiBin_163.fa,81.68732492633018,NA,NA,NA,NA,NA,1438_4,NA,NA,1,NA,NA,NA,NA
sample21_SemiBin_27.fa,83.54385112520696,NA,NA,NA,NA,NA,1438_5,NA,NA,1,NA,NA,NA,NA
sample22_SemiBin_117.fa,66.82192393851767,NA,NA,NA,NA,NA,1438_6,NA,NA,1,NA,NA,NA,NA
sample13_SemiBin_263.fa,40.51250647511592,NA,NA,NA,NA,NA,1438_7,NA,NA,1,NA,NA,NA,NA
sample25_SemiBin_281.fa,56.25539448005118,NA,NA,NA,NA,NA,1438_8,NA,NA,1,NA,NA,NA,NA
sample16_SemiBin_56.fa,83.26489413800351,NA,NA,NA,NA,NA,1438_9,NA,NA,1,NA,NA,NA,NA
sample1_SemiBin_175.fa,80.81185739105223,NA,NA,NA,NA,NA,1438_10,NA,NA,1,NA,NA,NA,NA
sample18_SemiBin_275.fa,41.44130460381592,NA,NA,NA,NA,NA,1439_0,NA,NA,1,NA,NA,NA,NA
cpsnj10_SemiBin_120.fa,79.24996284020537,NA,NA,NA,NA,NA,1440_1,NA,NA,1,NA,NA,NA,NA
snj20_SemiBin_11.fa,87.22673267891749,NA,NA,NA,NA,NA,1440_2,NA,NA,1,NA,NA,NA,NA
cpsnj09_SemiBin_221.fa,67.32159490754088,NA,NA,NA,NA,NA,1440_3,NA,NA,1,NA,NA,NA,NA
cpsnj20_SemiBin_21.fa,96.96902007351387,NA,NA,NA,NA,NA,1440_4,NA,NA,1,NA,NA,NA,NA
cpsnj01_SemiBin_4.fa,78.30289577868912,NA,NA,NA,NA,NA,1440_5,NA,NA,1,NA,NA,NA,NA
cpsnj11_SemiBin_55.fa,87.06615182365363,NA,NA,NA,NA,NA,1440_6,NA,NA,1,NA,NA,NA,NA
sample7_SemiBin_300.fa,49.46529167533491,NA,NA,NA,NA,NA,1440_7,NA,NA,1,NA,NA,NA,NA
cpsnj09_SemiBin_120.fa,52.5097516520351,NA,NA,NA,NA,NA,1441_0,NA,NA,1,NA,NA,NA,NA
cpsnj04_SemiBin_18.fa,54.04147084307886,NA,NA,NA,NA,NA,1442_1,NA,NA,1,NA,NA,NA,NA
snj04_SemiBin_58.fa,63.795726793688296,NA,NA,NA,NA,NA,1442_2,NA,NA,1,NA,NA,NA,NA
cpsnj02_SemiBin_137.fa,57.51565007142892,NA,NA,NA,NA,NA,1442_3,NA,NA,1,NA,NA,NA,NA
cpsnj09_SemiBin_133.fa,58.32693026079637,NA,NA,NA,NA,NA,1442_4,NA,NA,1,NA,NA,NA,NA
sample6_SemiBin_69.fa,67.36268535938487,NA,NA,NA,NA,NA,1442_5,NA,NA,1,NA,NA,NA,NA
sample8_SemiBin_51.fa,67.13743688405238,NA,NA,NA,NA,NA,1442_6,NA,NA,1,NA,NA,NA,NA
sample25_SemiBin_86.fa,58.1642397669843,NA,NA,NA,NA,NA,1442_7,NA,NA,1,NA,NA,NA,NA
sample18_SemiBin_415.fa,55.16940330346768,NA,NA,NA,NA,NA,1442_8,NA,NA,1,NA,NA,NA,NA
sample24_SemiBin_123.fa,51.956284813581405,NA,NA,NA,NA,NA,1442_9,NA,NA,1,NA,NA,NA,NA
sample23_SemiBin_291.fa,58.58694374305666,NA,NA,NA,NA,NA,1442_10,NA,NA,1,NA,NA,NA,NA
snj19_SemiBin_71.fa,53.21622110429369,NA,NA,NA,NA,NA,1442_11,NA,NA,1,NA,NA,NA,NA
cpsnj20_SemiBin_81.fa,90.73639361415177,NA,NA,NA,NA,NA,1443_0,NA,NA,1,NA,NA,NA,NA
cpsnj20_SemiBin_70.fa,61.23059847246548,NA,NA,NA,NA,NA,1444_1,NA,NA,1,NA,NA,NA,NA
snj09_SemiBin_47.fa,74.54298119707977,NA,NA,NA,NA,NA,1444_2,NA,NA,1,NA,NA,NA,NA
snj10_SemiBin_66.fa,35.22015978029388,NA,NA,NA,NA,NA,1444_3,NA,NA,1,NA,NA,NA,NA
cpsnj10_SemiBin_126.fa,47.62544763898445,NA,NA,NA,NA,NA,1444_4,NA,NA,1,NA,NA,NA,NA
sample18_SemiBin_416.fa,41.851555167882445,NA,NA,NA,NA,NA,1444_5,NA,NA,1,NA,NA,NA,NA
snj20_SemiBin_65.fa,49.905390041441,NA,NA,NA,NA,NA,1445_0,NA,NA,1,NA,NA,NA,NA
sample20_SemiBin_200.fa,24.638038690090596,NA,NA,NA,NA,NA,1446_0,NA,NA,1,NA,NA,NA,NA
sample23_SemiBin_70.fa,52.61164584187123,NA,NA,NA,NA,NA,1447_0,NA,NA,1,NA,NA,NA,NA
cpsnj01_SemiBin_124.fa,23.908889717844698,NA,NA,NA,NA,NA,1448_1,NA,NA,1,NA,NA,NA,NA
snj01_SemiBin_58.fa,51.56634841590214,NA,NA,NA,NA,NA,1448_2,NA,NA,1,NA,NA,NA,NA
sample29_SemiBin_69.fa,71.35096825204694,NA,NA,NA,NA,NA,1449_0,NA,NA,1,NA,NA,NA,NA
cpsnj14_SemiBin_253.fa,52.09454680626938,NA,NA,NA,NA,NA,1450_1,NA,NA,1,NA,NA,NA,NA
snj14_SemiBin_175.fa,54.1996526114484,NA,NA,NA,NA,NA,1450_2,NA,NA,1,NA,NA,NA,NA
cpsnj16_SemiBin_36.fa,71.21905484917394,NA,NA,NA,NA,NA,1451_1,NA,NA,1,NA,NA,NA,NA
snj16_SemiBin_11.fa,92.16313322785544,NA,NA,NA,NA,NA,1451_2,NA,NA,1,NA,NA,NA,NA
snj11_SemiBin_109.fa,69.07314303237143,NA,NA,NA,NA,NA,1451_3,NA,NA,1,NA,NA,NA,NA
snj13_SemiBin_611.fa,24.02739726549281,NA,NA,NA,NA,NA,1451_4,NA,NA,1,NA,NA,NA,NA
sample23_SemiBin_162.fa,62.58613172596561,NA,NA,NA,NA,NA,1452_0,NA,NA,1,NA,NA,NA,NA
cpsnj14_SemiBin_101.fa,40.4680877240604,NA,NA,NA,NA,NA,1453_0,NA,NA,1,NA,NA,NA,NA
cpsnj10_SemiBin_79.fa,74.08615339608038,NA,NA,NA,NA,NA,1454_1,NA,NA,1,NA,NA,NA,NA
cpsnj13_SemiBin_40.fa,81.77237030488388,NA,NA,NA,NA,NA,1454_2,NA,NA,1,NA,NA,NA,NA
snj14_SemiBin_118.fa,25.13765007580328,NA,NA,NA,NA,NA,1454_3,NA,NA,1,NA,NA,NA,NA
cpsnj14_SemiBin_107.fa,58.49026094217403,NA,NA,NA,NA,NA,1455_1,NA,NA,1,NA,NA,NA,NA
snj08_SemiBin_231.fa,56.26199120892733,NA,NA,NA,NA,NA,1455_2,NA,NA,1,NA,NA,NA,NA
snj14_SemiBin_76.fa,52.98770138703711,NA,NA,NA,NA,NA,1455_3,NA,NA,1,NA,NA,NA,NA
cpsnj11_SemiBin_601.fa,7.7945706334139615,NA,NA,NA,NA,NA,1455_4,NA,NA,1,NA,NA,NA,NA
cpsnj04_SemiBin_108.fa,48.1086270845612,NA,NA,NA,NA,NA,1456_1,NA,NA,1,NA,NA,NA,NA
snj04_SemiBin_36.fa,74.99606279277602,NA,NA,NA,NA,NA,1456_2,NA,NA,1,NA,NA,NA,NA
sample16_SemiBin_88.fa,74.21827002433965,NA,NA,NA,NA,NA,1456_3,NA,NA,1,NA,NA,NA,NA
sample21_SemiBin_81.fa,56.848889396495466,NA,NA,NA,NA,NA,1456_4,NA,NA,1,NA,NA,NA,NA
sample25_SemiBin_5.fa,95.50704075252166,NA,NA,NA,NA,NA,1456_5,NA,NA,1,NA,NA,NA,NA
sample13_SemiBin_2.fa,95.65813843575724,NA,NA,NA,NA,NA,1456_6,NA,NA,1,NA,NA,NA,NA
sample18_SemiBin_78.fa,85.09118085558868,NA,NA,NA,NA,NA,1456_7,NA,NA,1,NA,NA,NA,NA
sample15_SemiBin_201.fa,74.29985527565908,NA,NA,NA,NA,NA,1456_8,NA,NA,1,NA,NA,NA,NA
sample22_SemiBin_62.fa,75.78278341854785,NA,NA,NA,NA,NA,1456_9,NA,NA,1,NA,NA,NA,NA
sample17_SemiBin_79.fa,59.10117217917788,NA,NA,NA,NA,NA,1456_10,NA,NA,1,NA,NA,NA,NA
sample8_SemiBin_120.fa,58.316814227860505,NA,NA,NA,NA,NA,1456_11,NA,NA,1,NA,NA,NA,NA
sample23_SemiBin_388.fa,57.135094953198056,NA,NA,NA,NA,NA,1456_12,NA,NA,1,NA,NA,NA,NA
sample6_SemiBin_6.fa,97.49233480765392,NA,NA,NA,NA,NA,1457_1,NA,NA,2,99.19,99.19,NA,NA
sample16_SemiBin_167.fa,47.61363536626163,NA,NA,NA,NA,NA,1457_2,NA,NA,1,NA,NA,NA,NA
cpsnj03_SemiBin_1483.fa,12.389446765866651,NA,NA,NA,NA,NA,1457_3,NA,NA,1,NA,NA,NA,NA
cpsnj04_SemiBin_141.fa,61.30573445658326,NA,NA,NA,NA,NA,1458_0,NA,NA,1,NA,NA,NA,NA
snj09_SemiBin_14.fa,85.41705542230726,NA,NA,NA,NA,NA,1459_0,NA,NA,1,NA,NA,NA,NA
sample20_SemiBin_92.fa,79.19500192971712,NA,NA,NA,NA,NA,1460_0,NA,NA,1,NA,NA,NA,NA
snj10_SemiBin_108.fa,56.79898778842081,NA,NA,NA,NA,NA,1461_0,NA,NA,1,NA,NA,NA,NA
cpsnj19_SemiBin_160.fa,83.80550390547876,NA,NA,NA,NA,NA,1462_1,NA,NA,1,NA,NA,NA,NA
snj19_SemiBin_98.fa,54.69759193627301,NA,NA,NA,NA,NA,1462_2,NA,NA,1,NA,NA,NA,NA
snj15_SemiBin_51.fa,57.91494265428717,NA,NA,NA,NA,NA,1462_3,NA,NA,1,NA,NA,NA,NA
sample13_SemiBin_202.fa,59.45487640889272,NA,NA,NA,NA,NA,1462_4,NA,NA,1,NA,NA,NA,NA
sample6_SemiBin_80.fa,58.38635556908376,NA,NA,NA,NA,NA,1462_5,NA,NA,1,NA,NA,NA,NA
sample25_SemiBin_34.fa,56.25585912457746,NA,NA,NA,NA,NA,1462_6,NA,NA,1,NA,NA,NA,NA
snj03_SemiBin_78.fa,83.53969172966742,NA,NA,NA,NA,NA,1462_7,NA,NA,1,NA,NA,NA,NA
snj04_SemiBin_16.fa,80.11318679926838,NA,NA,NA,NA,NA,1462_8,NA,NA,1,NA,NA,NA,NA
cpsnj08_SemiBin_53.fa,72.79897539874105,NA,NA,NA,NA,NA,1462_9,NA,NA,1,NA,NA,NA,NA
snj08_SemiBin_6.fa,89.5289178616907,NA,NA,NA,NA,NA,1462_10,NA,NA,1,NA,NA,NA,NA
sample26_SemiBin_18.fa,84.51891174062624,NA,NA,NA,NA,NA,1462_11,NA,NA,1,NA,NA,NA,NA
sample16_SemiBin_97.fa,66.73662383652464,NA,NA,NA,NA,NA,1462_12,NA,NA,1,NA,NA,NA,NA
sample7_SemiBin_28.fa,89.08179586350448,NA,NA,NA,NA,NA,1462_13,NA,NA,1,NA,NA,NA,NA
sample15_SemiBin_297.fa,69.39532142474248,NA,NA,NA,NA,NA,1462_14,NA,NA,1,NA,NA,NA,NA
sample4_SemiBin_96.fa,59.48705992974084,NA,NA,NA,NA,NA,1462_15,NA,NA,1,NA,NA,NA,NA
sample2_SemiBin_79.fa,76.95919653227722,NA,NA,NA,NA,NA,1462_16,NA,NA,1,NA,NA,NA,NA
sample3_SemiBin_125.fa,60.035022131473845,NA,NA,NA,NA,NA,1462_17,NA,NA,1,NA,NA,NA,NA
cpsnj02_SemiBin_36.fa,62.5273762945713,NA,NA,NA,NA,NA,1462_18,NA,NA,1,NA,NA,NA,NA
sample1_SemiBin_460.fa,64.26040937764529,NA,NA,NA,NA,NA,1462_19,NA,NA,1,NA,NA,NA,NA
cpsnj09_SemiBin_390.fa,52.69814866954785,NA,NA,NA,NA,NA,1462_20,NA,NA,1,NA,NA,NA,NA
sample24_SemiBin_56.fa,69.93052254360087,NA,NA,NA,NA,NA,1462_21,NA,NA,1,NA,NA,NA,NA
sample22_SemiBin_36.fa,77.52495950208869,NA,NA,NA,NA,NA,1462_22,NA,NA,1,NA,NA,NA,NA
sample17_SemiBin_126.fa,51.89944785373172,NA,NA,NA,NA,NA,1463_0,NA,NA,1,NA,NA,NA,NA
cpsnj14_SemiBin_94.fa,68.02488921238715,NA,NA,NA,NA,NA,1464_1,NA,NA,1,NA,NA,NA,NA
sample4_SemiBin_145.fa,46.53219762963069,NA,NA,NA,NA,NA,1464_2,NA,NA,1,NA,NA,NA,NA
snj13_SemiBin_74.fa,50.48009656836174,NA,NA,NA,NA,NA,1464_3,NA,NA,1,NA,NA,NA,NA
sample20_SemiBin_76.fa,89.30903461093793,NA,NA,NA,NA,NA,1464_4,NA,NA,1,NA,NA,NA,NA
snj08_SemiBin_143.fa,80.4878747895799,NA,NA,NA,NA,NA,1465_1,NA,NA,3,99.18,99.14,NA,NA
cpsnj16_SemiBin_76.fa,66.56602547382622,NA,NA,NA,NA,NA,1465_2,NA,NA,1,NA,NA,NA,NA
snj10_SemiBin_53.fa,59.96739563918895,NA,NA,NA,NA,NA,1465_3,NA,NA,1,NA,NA,NA,NA
cpsnj09_SemiBin_104.fa,79.0749413484531,NA,NA,NA,NA,NA,1465_4,NA,NA,1,NA,NA,NA,NA
cpsnj13_SemiBin_98.fa,63.9278451966993,NA,NA,NA,NA,NA,1465_5,NA,NA,1,NA,NA,NA,NA
snj09_SemiBin_49.fa,57.9405285406116,NA,NA,NA,NA,NA,1465_6,NA,NA,1,NA,NA,NA,NA
cpsnj10_SemiBin_91.fa,31.15332140630401,NA,NA,NA,NA,NA,1465_7,NA,NA,1,NA,NA,NA,NA
snj14_SemiBin_104.fa,53.01636140696042,NA,NA,NA,NA,NA,1466_0,NA,NA,1,NA,NA,NA,NA
sample18_SemiBin_127.fa,83.00654689679581,NA,NA,NA,NA,NA,1467_0,NA,NA,1,NA,NA,NA,NA
cpsnj11_SemiBin_133.fa,54.54651853816216,NA,NA,NA,NA,NA,1468_0,NA,NA,1,NA,NA,NA,NA
sample13_SemiBin_521.fa,29.48016521707128,NA,NA,NA,NA,NA,1469_0,NA,NA,1,NA,NA,NA,NA
cpsnj11_SemiBin_89.fa,70.57923404107626,NA,NA,NA,NA,NA,1470_1,NA,NA,1,NA,NA,NA,NA
snj11_SemiBin_133.fa,61.10522958971556,NA,NA,NA,NA,NA,1470_2,NA,NA,1,NA,NA,NA,NA
cpsnj19_SemiBin_56.fa,47.620979351531496,NA,NA,NA,NA,NA,1470_3,NA,NA,1,NA,NA,NA,NA
snj20_SemiBin_262.fa,65.19191743852394,NA,NA,NA,NA,NA,1470_4,NA,NA,1,NA,NA,NA,NA
snj10_SemiBin_154.fa,41.55681847813649,NA,NA,NA,NA,NA,1470_5,NA,NA,1,NA,NA,NA,NA
snj19_SemiBin_119.fa,56.49116591269789,NA,NA,NA,NA,NA,1470_6,NA,NA,1,NA,NA,NA,NA
cpsnj10_SemiBin_658.fa,28.36882683140361,NA,NA,NA,NA,NA,1470_7,NA,NA,1,NA,NA,NA,NA
sample27_SemiBin_63.fa,27.02439893569061,NA,NA,NA,NA,NA,1470_8,NA,NA,1,NA,NA,NA,NA
cpsnj13_SemiBin_199.fa,59.137615064697584,NA,NA,NA,NA,NA,1471_1,NA,NA,1,NA,NA,NA,NA
cpsnj14_SemiBin_1645.fa,22.66637456895038,NA,NA,NA,NA,NA,1471_2,NA,NA,1,NA,NA,NA,NA
sample12_SemiBin_546.fa,19.88571893510592,NA,NA,NA,NA,NA,1472_0,NA,NA,1,NA,NA,NA,NA
sample21_SemiBin_89.fa,42.460344961355474,NA,NA,NA,NA,NA,1473_0,NA,NA,1,NA,NA,NA,NA
cpsnj13_SemiBin_102.fa,54.250166148228026,NA,NA,NA,NA,NA,1474_0,NA,NA,1,NA,NA,NA,NA
cpsnj19_SemiBin_257.fa,53.38971288031069,NA,NA,NA,NA,NA,1475_1,NA,NA,1,NA,NA,NA,NA
sample5_SemiBin_40.fa,45.94065675054728,NA,NA,NA,NA,NA,1475_2,NA,NA,1,NA,NA,NA,NA
sample19_SemiBin_40.fa,69.18182345826328,NA,NA,NA,NA,NA,1476_0,NA,NA,1,NA,NA,NA,NA
sample18_SemiBin_466.fa,49.46565596510228,NA,NA,NA,NA,NA,1477_1,NA,NA,1,NA,NA,NA,NA
snj08_SemiBin_23.fa,79.59104223499425,NA,NA,NA,NA,NA,1477_2,NA,NA,1,NA,NA,NA,NA
sample6_SemiBin_300.fa,27.16224008472142,NA,NA,NA,NA,NA,1477_3,NA,NA,1,NA,NA,NA,NA
sample7_SemiBin_282.fa,27.82316742396173,NA,NA,NA,NA,NA,1477_4,NA,NA,1,NA,NA,NA,NA
cpsnj03_SemiBin_200.fa,46.07728624797626,NA,NA,NA,NA,NA,1477_5,NA,NA,1,NA,NA,NA,NA
cpsnj01_SemiBin_1234.fa,18.560703468618147,NA,NA,NA,NA,NA,1478_0,NA,NA,1,NA,NA,NA,NA
snj01_SemiBin_184.fa,50.59294656046364,NA,NA,NA,NA,NA,1479_0,NA,NA,1,NA,NA,NA,NA
cpsnj02_SemiBin_43.fa,51.00326350564516,NA,NA,NA,NA,NA,1480_1,NA,NA,1,NA,NA,NA,NA
snj02_SemiBin_27.fa,77.38857459584868,NA,NA,NA,NA,NA,1480_2,NA,NA,1,NA,NA,NA,NA
cpsnj11_SemiBin_1862.fa,36.49370677201967,NA,NA,NA,NA,NA,1481_0,NA,NA,1,NA,NA,NA,NA
sample6_SemiBin_245.fa,26.78317510048249,NA,NA,NA,NA,NA,1482_0,NA,NA,1,NA,NA,NA,NA
cpsnj20_SemiBin_119.fa,39.600347730050096,NA,NA,NA,NA,NA,1483_0,NA,NA,1,NA,NA,NA,NA
sample1_SemiBin_14.fa,93.02802169737254,NA,NA,NA,NA,NA,1484_1,NA,NA,1,NA,NA,NA,NA
sample22_SemiBin_40.fa,52.44326886414276,NA,NA,NA,NA,NA,1484_2,NA,NA,1,NA,NA,NA,NA
sample6_SemiBin_216.fa,50.00292870544231,NA,NA,NA,NA,NA,1484_3,NA,NA,1,NA,NA,NA,NA
snj11_SemiBin_71.fa,76.484315102887,NA,NA,NA,NA,NA,1485_1,NA,NA,1,NA,NA,NA,NA
snj14_SemiBin_39.fa,73.42103157144263,NA,NA,NA,NA,NA,1485_2,NA,NA,1,NA,NA,NA,NA
cpsnj14_SemiBin_159.fa,70.83866203947488,NA,NA,NA,NA,NA,1485_3,NA,NA,1,NA,NA,NA,NA
cpsnj15_SemiBin_65.fa,55.8781171143929,NA,NA,NA,NA,NA,1485_4,NA,NA,1,NA,NA,NA,NA
cpsnj08_SemiBin_46.fa,73.15396535653979,NA,NA,NA,NA,NA,1485_5,NA,NA,2,99.10,99.10,NA,NA
snj04_SemiBin_86.fa,44.63116880127899,NA,NA,NA,NA,NA,1485_6,NA,NA,1,NA,NA,NA,NA
snj08_SemiBin_60.fa,67.71036174443519,NA,NA,NA,NA,NA,1485_7,NA,NA,1,NA,NA,NA,NA
cpsnj10_SemiBin_145.fa,51.16372748974298,NA,NA,NA,NA,NA,1485_8,NA,NA,1,NA,NA,NA,NA
sample18_SemiBin_56.fa,93.897195193419,NA,NA,NA,NA,NA,1485_9,NA,NA,1,NA,NA,NA,NA
sample26_SemiBin_33.fa,74.43061925355052,NA,NA,NA,NA,NA,1485_10,NA,NA,1,NA,NA,NA,NA
sample5_SemiBin_114.fa,45.904353757196525,NA,NA,NA,NA,NA,1485_11,NA,NA,1,NA,NA,NA,NA
sample3_SemiBin_34.fa,75.19849364044885,NA,NA,NA,NA,NA,1485_12,NA,NA,1,NA,NA,NA,NA
sample4_SemiBin_38.fa,76.75623117693124,NA,NA,NA,NA,NA,1485_13,NA,NA,1,NA,NA,NA,NA
sample21_SemiBin_36.fa,76.80989988233412,NA,NA,NA,NA,NA,1485_14,NA,NA,1,NA,NA,NA,NA
sample8_SemiBin_55.fa,76.23083236777074,NA,NA,NA,NA,NA,1485_15,NA,NA,1,NA,NA,NA,NA
sample7_SemiBin_276.fa,46.747899387459306,NA,NA,NA,NA,NA,1485_16,NA,NA,1,NA,NA,NA,NA
sample16_SemiBin_145.fa,76.7769736489944,NA,NA,NA,NA,NA,1486_1,NA,NA,1,NA,NA,NA,NA
sample2_SemiBin_50.fa,53.44793558037761,NA,NA,NA,NA,NA,1486_2,NA,NA,1,NA,NA,NA,NA
sample5_SemiBin_115.fa,68.98030341552838,NA,NA,NA,NA,NA,1486_3,NA,NA,1,NA,NA,NA,NA
cpsnj03_SemiBin_20.fa,94.1457560484845,NA,NA,NA,NA,NA,1487_1,NA,NA,2,99.14,99.14,NA,NA
cpsnj08_SemiBin_120.fa,52.60939392398342,NA,NA,NA,NA,NA,1487_2,NA,NA,1,NA,NA,NA,NA
sample25_SemiBin_41.fa,89.63161171938324,NA,NA,NA,NA,NA,1487_3,NA,NA,1,NA,NA,NA,NA
cpsnj04_SemiBin_104.fa,54.36973331888428,NA,NA,NA,NA,NA,1487_4,NA,NA,1,NA,NA,NA,NA
sample1_SemiBin_28.fa,70.63897659242012,NA,NA,NA,NA,NA,1487_5,NA,NA,1,NA,NA,NA,NA
cpsnj09_SemiBin_86.fa,71.23603734655869,NA,NA,NA,NA,NA,1487_6,NA,NA,1,NA,NA,NA,NA
sample7_SemiBin_89.fa,71.41707872984414,NA,NA,NA,NA,NA,1488_1,NA,NA,2,99.14,99.14,NA,NA
sample25_SemiBin_277.fa,62.40272442697536,NA,NA,NA,NA,NA,1488_2,NA,NA,1,NA,NA,NA,NA
sample1_SemiBin_185.fa,43.52068104273064,NA,NA,NA,NA,NA,1488_3,NA,NA,1,NA,NA,NA,NA
sample1_SemiBin_332.fa,43.5510496447284,NA,NA,NA,NA,NA,1489_0,NA,NA,1,NA,NA,NA,NA
cpsnj01_SemiBin_38.fa,49.39713190126127,NA,NA,NA,NA,NA,1490_0,NA,NA,1,NA,NA,NA,NA
sample14_SemiBin_25.fa,47.836411182863365,NA,NA,NA,NA,NA,1491_0,NA,NA,1,NA,NA,NA,NA
sample2_SemiBin_69.fa,26.89691983054064,NA,NA,NA,NA,NA,1492_1,NA,NA,1,NA,NA,NA,NA
sample6_SemiBin_68.fa,41.63918055433579,NA,NA,NA,NA,NA,1492_2,NA,NA,1,NA,NA,NA,NA
cpsnj11_SemiBin_100.fa,58.17515576694546,NA,NA,NA,NA,NA,1493_0,NA,NA,1,NA,NA,NA,NA
sample14_SemiBin_9.fa,56.654047969745314,NA,NA,NA,NA,NA,1494_0,NA,NA,1,NA,NA,NA,NA
cpsnj19_SemiBin_11.fa,72.48383145765028,NA,NA,NA,NA,NA,1495_0,NA,NA,1,NA,NA,NA,NA
cpsnj01_SemiBin_73.fa,29.47323044028883,NA,NA,NA,NA,NA,1496_0,NA,NA,1,NA,NA,NA,NA
sample18_SemiBin_209.fa,48.019702861845786,NA,NA,NA,NA,NA,1497_0,NA,NA,1,NA,NA,NA,NA
sample1_SemiBin_27.fa,78.7652705976009,NA,NA,NA,NA,NA,1498_0,NA,NA,1,NA,NA,NA,NA
cpsnj09_SemiBin_369.fa,26.820744937069165,NA,NA,NA,NA,NA,1499_0,NA,NA,1,NA,NA,NA,NA
snj14_SemiBin_26.fa,69.00329488942671,NA,NA,NA,NA,NA,1500_0,NA,NA,1,NA,NA,NA,NA
sample15_SemiBin_130.fa,40.2762726038028,NA,NA,NA,NA,NA,1501_0,NA,NA,1,NA,NA,NA,NA
snj15_SemiBin_62.fa,58.904347750523286,NA,NA,NA,NA,NA,1502_0,NA,NA,1,NA,NA,NA,NA
snj11_SemiBin_138.fa,52.44748074255257,NA,NA,NA,NA,NA,1503_0,NA,NA,1,NA,NA,NA,NA
snj01_SemiBin_26.fa,44.229081831834286,NA,NA,NA,NA,NA,1504_0,NA,NA,1,NA,NA,NA,NA
snj13_SemiBin_64.fa,65.80700685311947,NA,NA,NA,NA,NA,1505_0,NA,NA,1,NA,NA,NA,NA
snj01_SemiBin_39.fa,71.35125233226059,NA,NA,NA,NA,NA,1506_0,NA,NA,1,NA,NA,NA,NA
sample20_SemiBin_109.fa,64.60076098470633,NA,NA,NA,NA,NA,1507_1,NA,NA,1,NA,NA,NA,NA
sample22_SemiBin_57.fa,84.32468819718076,NA,NA,NA,NA,NA,1507_2,NA,NA,1,NA,NA,NA,NA
sample1_SemiBin_114.fa,69.40054732914071,NA,NA,NA,NA,NA,1507_3,NA,NA,1,NA,NA,NA,NA
sample2_SemiBin_61.fa,51.63000904800334,NA,NA,NA,NA,NA,1508_1,NA,NA,1,NA,NA,NA,NA
sample6_SemiBin_48.fa,45.39440245001538,NA,NA,NA,NA,NA,1508_2,NA,NA,1,NA,NA,NA,NA
cpsnj19_SemiBin_69.fa,37.872552515952734,NA,NA,NA,NA,NA,1509_0,NA,NA,1,NA,NA,NA,NA
sample18_SemiBin_134.fa,70.1355563627619,NA,NA,NA,NA,NA,1510_0,NA,NA,1,NA,NA,NA,NA
sample1_SemiBin_133.fa,35.729589835665415,NA,NA,NA,NA,NA,1511_0,NA,NA,1,NA,NA,NA,NA
sample20_SemiBin_97.fa,71.95834508793592,NA,NA,NA,NA,NA,1512_0,NA,NA,1,NA,NA,NA,NA
sample13_SemiBin_127.fa,65.60459253776152,NA,NA,NA,NA,NA,1513_1,NA,NA,1,NA,NA,NA,NA
sample15_SemiBin_85.fa,44.080541434974826,NA,NA,NA,NA,NA,1513_2,NA,NA,1,NA,NA,NA,NA
sample16_SemiBin_49.fa,78.58324682839708,NA,NA,NA,NA,NA,1513_3,NA,NA,1,NA,NA,NA,NA
sample1_SemiBin_127.fa,59.77336316467099,NA,NA,NA,NA,NA,1513_4,NA,NA,1,NA,NA,NA,NA
sample13_SemiBin_80.fa,61.54907447144854,NA,NA,NA,NA,NA,1514_1,NA,NA,1,NA,NA,NA,NA
sample18_SemiBin_133.fa,79.74372352404241,NA,NA,NA,NA,NA,1514_2,NA,NA,1,NA,NA,NA,NA
cpsnj08_SemiBin_95.fa,50.0397522800024,NA,NA,NA,NA,NA,1515_0,NA,NA,1,NA,NA,NA,NA
sample18_SemiBin_241.fa,69.18270450849516,NA,NA,NA,NA,NA,1516_0,NA,NA,1,NA,NA,NA,NA
cpsnj09_SemiBin_51.fa,78.33554183391138,NA,NA,NA,NA,NA,1517_1,NA,NA,1,NA,NA,NA,NA
cpsnj10_SemiBin_102.fa,63.40232273719733,NA,NA,NA,NA,NA,1517_2,NA,NA,1,NA,NA,NA,NA
sample16_SemiBin_77.fa,41.41136233605909,NA,NA,NA,NA,NA,1518_1,NA,NA,1,NA,NA,NA,NA
sample26_SemiBin_70.fa,69.95891408253927,NA,NA,NA,NA,NA,1518_2,NA,NA,1,NA,NA,NA,NA
sample15_SemiBin_152.fa,39.15065071055151,NA,NA,NA,NA,NA,1518_3,NA,NA,1,NA,NA,NA,NA
sample4_SemiBin_53.fa,71.09937895388057,NA,NA,NA,NA,NA,1518_4,NA,NA,1,NA,NA,NA,NA
cpsnj09_SemiBin_44.fa,83.3548830635021,NA,NA,NA,NA,NA,1519_0,NA,NA,1,NA,NA,NA,NA
sample7_SemiBin_78.fa,72.1739231366774,NA,NA,NA,NA,NA,1520_0,NA,NA,1,NA,NA,NA,NA
cpsnj14_SemiBin_125.fa,34.46258624474268,NA,NA,NA,NA,NA,1521_1,NA,NA,1,NA,NA,NA,NA
snj14_SemiBin_29.fa,74.73566884378734,NA,NA,NA,NA,NA,1521_2,NA,NA,1,NA,NA,NA,NA
sample16_SemiBin_243.fa,49.18705158133749,NA,NA,NA,NA,NA,1522_1,NA,NA,1,NA,NA,NA,NA
sample20_SemiBin_37.fa,76.31776900304733,NA,NA,NA,NA,NA,1522_2,NA,NA,1,NA,NA,NA,NA
sample1_SemiBin_266.fa,53.67511325045061,NA,NA,NA,NA,NA,1522_3,NA,NA,1,NA,NA,NA,NA
sample15_SemiBin_141.fa,46.5859468300954,NA,NA,NA,NA,NA,1522_4,NA,NA,1,NA,NA,NA,NA
cpsnj16_SemiBin_5.fa,97.0515582567544,NA,NA,NA,NA,NA,1522_5,NA,NA,1,NA,NA,NA,NA
sample17_SemiBin_30.fa,85.18710243050867,NA,NA,NA,NA,NA,1523_1,NA,NA,1,NA,NA,NA,NA
sample18_SemiBin_53.fa,75.25265851845761,NA,NA,NA,NA,NA,1523_2,NA,NA,1,NA,NA,NA,NA
sample3_SemiBin_41.fa,78.87874792690245,NA,NA,NA,NA,NA,1523_3,NA,NA,1,NA,NA,NA,NA
sample4_SemiBin_30.fa,79.84843722020751,NA,NA,NA,NA,NA,1523_4,NA,NA,1,NA,NA,NA,NA
sample8_SemiBin_6.fa,47.63321887318555,NA,NA,NA,NA,NA,1523_5,NA,NA,1,NA,NA,NA,NA
sample21_SemiBin_190.fa,19.684280507797773,NA,NA,NA,NA,NA,1523_6,NA,NA,1,NA,NA,NA,NA
sample20_SemiBin_181.fa,54.66353680099343,NA,NA,NA,NA,NA,1523_7,NA,NA,1,NA,NA,NA,NA
sample18_SemiBin_403.fa,43.08224131023758,NA,NA,NA,NA,NA,1524_1,NA,NA,1,NA,NA,NA,NA
sample7_SemiBin_64.fa,73.44416965803477,NA,NA,NA,NA,NA,1524_2,NA,NA,1,NA,NA,NA,NA
sample1_SemiBin_146.fa,56.57065275799932,NA,NA,NA,NA,NA,1524_3,NA,NA,1,NA,NA,NA,NA
sample13_SemiBin_57.fa,54.14627723734792,NA,NA,NA,NA,NA,1524_4,NA,NA,1,NA,NA,NA,NA
sample27_SemiBin_110.fa,41.09901391061647,NA,NA,NA,NA,NA,1524_5,NA,NA,1,NA,NA,NA,NA
sample23_SemiBin_154.fa,39.11186896291426,NA,NA,NA,NA,NA,1524_6,NA,NA,1,NA,NA,NA,NA
sample9_SemiBin_56.fa,15.452565763879564,NA,NA,NA,NA,NA,1524_7,NA,NA,1,NA,NA,NA,NA
cpsnj19_SemiBin_65.fa,71.90097709113843,NA,NA,NA,NA,NA,1525_0,NA,NA,1,NA,NA,NA,NA
sample15_SemiBin_105.fa,90.3739791819443,NA,NA,NA,NA,NA,1526_1,NA,NA,1,NA,NA,NA,NA
sample22_SemiBin_38.fa,88.11840336498605,NA,NA,NA,NA,NA,1526_2,NA,NA,1,NA,NA,NA,NA
sample1_SemiBin_174.fa,75.03602932714263,NA,NA,NA,NA,NA,1526_3,NA,NA,1,NA,NA,NA,NA
sample7_SemiBin_157.fa,52.457343496278426,NA,NA,NA,NA,NA,1526_4,NA,NA,1,NA,NA,NA,NA
sample20_SemiBin_82.fa,84.02019727575438,NA,NA,NA,NA,NA,1526_5,NA,NA,1,NA,NA,NA,NA
cpsnj08_SemiBin_4.fa,98.27865120463746,NA,NA,NA,NA,NA,1527_1,NA,NA,3,99.34,99.15,NA,NA
snj13_SemiBin_52.fa,61.944240528282975,NA,NA,NA,NA,NA,1527_2,NA,NA,1,NA,NA,NA,NA
snj15_SemiBin_32.fa,82.44206795670128,NA,NA,NA,NA,NA,1527_3,NA,NA,1,NA,NA,NA,NA
cpsnj14_SemiBin_229.fa,59.398099059705295,NA,NA,NA,NA,NA,1527_4,NA,NA,1,NA,NA,NA,NA
snj14_SemiBin_234.fa,50.3454441981132,NA,NA,NA,NA,NA,1527_5,NA,NA,1,NA,NA,NA,NA
sample10_SemiBin_156.fa,59.95371420797253,NA,NA,NA,NA,NA,1527_6,NA,NA,1,NA,NA,NA,NA
sample18_SemiBin_79.fa,90.44705292377076,NA,NA,NA,NA,NA,1527_7,NA,NA,1,NA,NA,NA,NA
sample20_SemiBin_8.fa,102.34254467834675,NA,NA,NA,NA,NA,1527_8,NA,NA,11,99.57,99.11,NA,NA
sample27_SemiBin_55.fa,84.1383587612288,NA,NA,NA,NA,NA,1527_9,NA,NA,1,NA,NA,NA,NA
sample14_SemiBin_54.fa,55.48488363547639,NA,NA,NA,NA,NA,1527_10,NA,NA,1,NA,NA,NA,NA
sample3_SemiBin_140.fa,52.9213729436026,NA,NA,NA,NA,NA,1527_11,NA,NA,1,NA,NA,NA,NA
sample13_SemiBin_101.fa,63.88712632116712,NA,NA,NA,NA,NA,1527_12,NA,NA,1,NA,NA,NA,NA
sample16_SemiBin_37.fa,81.2411459119348,NA,NA,NA,NA,NA,1527_13,NA,NA,1,NA,NA,NA,NA
sample5_SemiBin_7.fa,97.07570183529435,NA,NA,NA,NA,NA,1527_14,NA,NA,1,NA,NA,NA,NA
sample9_SemiBin_7.fa,89.92561180548824,NA,NA,NA,NA,NA,1527_15,NA,NA,1,NA,NA,NA,NA
sample6_SemiBin_1.fa,99.48385437381695,NA,NA,NA,NA,NA,1527_16,NA,NA,1,NA,NA,NA,NA
cpsnj03_SemiBin_63.fa,51.23637072142064,NA,NA,NA,NA,NA,1527_17,NA,NA,1,NA,NA,NA,NA
cpsnj04_SemiBin_30.fa,66.99468596692503,NA,NA,NA,NA,NA,1528_1,NA,NA,1,NA,NA,NA,NA
cpsnj16_SemiBin_24.fa,76.4059109004796,NA,NA,NA,NA,NA,1528_2,NA,NA,1,NA,NA,NA,NA
cpsnj13_SemiBin_18.fa,74.2632739619265,NA,NA,NA,NA,NA,1529_0,NA,NA,1,NA,NA,NA,NA
snj09_SemiBin_117.fa,58.87307367630319,NA,NA,NA,NA,NA,1530_0,NA,NA,1,NA,NA,NA,NA
snj09_SemiBin_35.fa,76.05049838894078,NA,NA,NA,NA,NA,1531_0,NA,NA,1,NA,NA,NA,NA
cpsnj16_SemiBin_158.fa,69.18825303902265,NA,NA,NA,NA,NA,1532_0,NA,NA,1,NA,NA,NA,NA
sample3_SemiBin_164.fa,60.54520473978061,NA,NA,NA,NA,NA,1533_1,NA,NA,1,NA,NA,NA,NA
sample4_SemiBin_84.fa,61.78339835817394,NA,NA,NA,NA,NA,1533_2,NA,NA,1,NA,NA,NA,NA
sample18_SemiBin_182.fa,66.0527607486246,NA,NA,NA,NA,NA,1533_3,NA,NA,1,NA,NA,NA,NA
cpsnj19_SemiBin_9.fa,98.79325821124972,NA,NA,NA,NA,NA,1534_1,NA,NA,1,NA,NA,NA,NA
snj19_SemiBin_106.fa,46.26142958345608,NA,NA,NA,NA,NA,1534_2,NA,NA,1,NA,NA,NA,NA
sample3_SemiBin_25.fa,74.9028950916357,NA,NA,NA,NA,NA,1535_1,NA,NA,1,NA,NA,NA,NA
sample8_SemiBin_16.fa,90.03763915490033,NA,NA,NA,NA,NA,1535_2,NA,NA,1,NA,NA,NA,NA
sample4_SemiBin_26.fa,73.29168413960625,NA,NA,NA,NA,NA,1535_3,NA,NA,1,NA,NA,NA,NA
sample5_SemiBin_3.fa,101.04844486141592,NA,NA,NA,NA,NA,1535_4,NA,NA,9,99.69,99.30,NA,NA
snj15_SemiBin_5.fa,77.15219509193787,NA,NA,NA,NA,NA,1535_5,NA,NA,1,NA,NA,NA,NA
snj04_SemiBin_30.fa,65.0508114434327,NA,NA,NA,NA,NA,1535_6,NA,NA,1,NA,NA,NA,NA
cpsnj03_SemiBin_103.fa,56.39317620141227,NA,NA,NA,NA,NA,1535_7,NA,NA,1,NA,NA,NA,NA
sample18_SemiBin_306.fa,61.95958127667589,NA,NA,NA,NA,NA,1535_8,NA,NA,1,NA,NA,NA,NA
sample21_SemiBin_103.fa,40.07491742717247,NA,NA,NA,NA,NA,1535_9,NA,NA,1,NA,NA,NA,NA
sample1_SemiBin_249.fa,63.19228220753117,NA,NA,NA,NA,NA,1535_10,NA,NA,1,NA,NA,NA,NA
sample22_SemiBin_104.fa,60.653190434386445,NA,NA,NA,NA,NA,1535_11,NA,NA,1,NA,NA,NA,NA
sample20_SemiBin_7.fa,98.66169880840243,NA,NA,NA,NA,NA,1535_12,NA,NA,1,NA,NA,NA,NA
sample11_SemiBin_130.fa,50.4732199824021,NA,NA,NA,NA,NA,1535_13,NA,NA,1,NA,NA,NA,NA
sample17_SemiBin_55.fa,67.89591197658676,NA,NA,NA,NA,NA,1535_14,NA,NA,1,NA,NA,NA,NA
sample18_SemiBin_81.fa,49.34336443709781,NA,NA,NA,NA,NA,1536_1,NA,NA,1,NA,NA,NA,NA
sample25_SemiBin_66.fa,38.840051306672144,NA,NA,NA,NA,NA,1536_2,NA,NA,1,NA,NA,NA,NA
cpsnj14_SemiBin_183.fa,59.89271623291309,NA,NA,NA,NA,NA,1537_0,NA,NA,1,NA,NA,NA,NA
sample15_SemiBin_323.fa,48.74510148238495,NA,NA,NA,NA,NA,1538_1,NA,NA,1,NA,NA,NA,NA
sample22_SemiBin_85.fa,59.12240595587889,NA,NA,NA,NA,NA,1538_2,NA,NA,1,NA,NA,NA,NA
sample21_SemiBin_503.fa,36.05829969154089,NA,NA,NA,NA,NA,1538_3,NA,NA,1,NA,NA,NA,NA
sample20_SemiBin_12.fa,100.4998091801227,NA,NA,NA,NA,NA,1539_1,NA,NA,2,99.21,99.21,NA,NA
sample18_SemiBin_89.fa,66.9451055592687,NA,NA,NA,NA,NA,1539_2,NA,NA,1,NA,NA,NA,NA
sample7_SemiBin_41.fa,83.51941755364552,NA,NA,NA,NA,NA,1539_3,NA,NA,1,NA,NA,NA,NA
sample4_SemiBin_126.fa,21.8678704231678,NA,NA,NA,NA,NA,1539_4,NA,NA,1,NA,NA,NA,NA
sample14_SemiBin_21.fa,52.73581361223675,NA,NA,NA,NA,NA,1539_5,NA,NA,1,NA,NA,NA,NA
cpsnj09_SemiBin_77.fa,56.95499115357277,NA,NA,NA,NA,NA,1540_0,NA,NA,1,NA,NA,NA,NA
sample18_SemiBin_422.fa,53.77077436147953,NA,NA,NA,NA,NA,1541_0,NA,NA,1,NA,NA,NA,NA
sample15_SemiBin_50.fa,82.24541286904436,NA,NA,NA,NA,NA,1542_1,NA,NA,1,NA,NA,NA,NA
sample5_SemiBin_124.fa,47.510061503315455,NA,NA,NA,NA,NA,1542_2,NA,NA,1,NA,NA,NA,NA
cpsnj19_SemiBin_21.fa,86.7334974708206,NA,NA,NA,NA,NA,1543_1,NA,NA,1,NA,NA,NA,NA
snj19_SemiBin_12.fa,90.8209115939783,NA,NA,NA,NA,NA,1543_2,NA,NA,1,NA,NA,NA,NA
sample20_SemiBin_223.fa,53.97698422074812,NA,NA,NA,NA,NA,1543_3,NA,NA,1,NA,NA,NA,NA
snj14_SemiBin_112.fa,38.41895285095849,NA,NA,NA,NA,NA,1543_4,NA,NA,1,NA,NA,NA,NA
sample28_SemiBin_81.fa,67.07153807393676,NA,NA,NA,NA,NA,1544_0,NA,NA,1,NA,NA,NA,NA
sample13_SemiBin_48.fa,80.74306547835539,NA,NA,NA,NA,NA,1545_0,NA,NA,1,NA,NA,NA,NA
sample18_SemiBin_25.fa,101.43936334062462,NA,NA,NA,NA,NA,1546_1,NA,NA,2,99.14,99.14,NA,NA
cpsnj13_SemiBin_125.fa,52.92047382022346,NA,NA,NA,NA,NA,1547_1,NA,NA,1,NA,NA,NA,NA
snj09_SemiBin_85.fa,71.30019646221346,NA,NA,NA,NA,NA,1547_2,NA,NA,1,NA,NA,NA,NA
cpsnj10_SemiBin_159.fa,61.0756761677413,NA,NA,NA,NA,NA,1547_3,NA,NA,1,NA,NA,NA,NA
sample21_SemiBin_33.fa,79.90420601626376,NA,NA,NA,NA,NA,1548_1,NA,NA,3,99.17,99.04,NA,NA
sample15_SemiBin_168.fa,72.03082785312561,NA,NA,NA,NA,NA,1548_2,NA,NA,1,NA,NA,NA,NA
sample22_SemiBin_29.fa,87.40632517613909,NA,NA,NA,NA,NA,1548_3,NA,NA,1,NA,NA,NA,NA
sample16_SemiBin_193.fa,78.76221386422137,NA,NA,NA,NA,NA,1548_4,NA,NA,1,NA,NA,NA,NA
sample1_SemiBin_194.fa,51.084608666945066,NA,NA,NA,NA,NA,1548_5,NA,NA,1,NA,NA,NA,NA
sample23_SemiBin_14.fa,92.67676975344668,NA,NA,NA,NA,NA,1548_6,NA,NA,1,NA,NA,NA,NA
sample5_SemiBin_10.fa,94.03705543588693,NA,NA,NA,NA,NA,1548_7,NA,NA,1,NA,NA,NA,NA
sample20_SemiBin_209.fa,63.00916906358354,NA,NA,NA,NA,NA,1548_8,NA,NA,1,NA,NA,NA,NA
sample8_SemiBin_60.fa,73.63921502720494,NA,NA,NA,NA,NA,1548_9,NA,NA,1,NA,NA,NA,NA
sample18_SemiBin_235.fa,56.21080137162764,NA,NA,NA,NA,NA,1548_10,NA,NA,1,NA,NA,NA,NA
snj19_SemiBin_52.fa,54.685919056392194,NA,NA,NA,NA,NA,1549_0,NA,NA,1,NA,NA,NA,NA
sample11_SemiBin_75.fa,16.558114772043144,NA,NA,NA,NA,NA,1550_1,NA,NA,1,NA,NA,NA,NA
sample17_SemiBin_150.fa,36.16398625994802,NA,NA,NA,NA,NA,1550_2,NA,NA,1,NA,NA,NA,NA
cpsnj16_SemiBin_83.fa,83.03150976749345,NA,NA,NA,NA,NA,1551_1,NA,NA,1,NA,NA,NA,NA
snj15_SemiBin_28.fa,66.11220927083852,NA,NA,NA,NA,NA,1551_2,NA,NA,1,NA,NA,NA,NA
sample3_SemiBin_21.fa,64.04276447924236,NA,NA,NA,NA,NA,1551_3,NA,NA,1,NA,NA,NA,NA
sample4_SemiBin_27.fa,86.073345599356,NA,NA,NA,NA,NA,1551_4,NA,NA,1,NA,NA,NA,NA
sample26_SemiBin_58.fa,50.39654171936122,NA,NA,NA,NA,NA,1551_5,NA,NA,1,NA,NA,NA,NA
sample18_SemiBin_19.fa,94.0721522733966,NA,NA,NA,NA,NA,1551_6,NA,NA,1,NA,NA,NA,NA
sample1_SemiBin_48.fa,78.9095862572662,NA,NA,NA,NA,NA,1551_7,NA,NA,1,NA,NA,NA,NA
sample22_SemiBin_53.fa,90.63445313874782,NA,NA,NA,NA,NA,1551_8,NA,NA,1,NA,NA,NA,NA
sample21_SemiBin_141.fa,58.77800790878067,NA,NA,NA,NA,NA,1551_9,NA,NA,1,NA,NA,NA,NA
sample25_SemiBin_178.fa,61.120638746725845,NA,NA,NA,NA,NA,1551_10,NA,NA,1,NA,NA,NA,NA
sample7_SemiBin_102.fa,88.70893321922264,NA,NA,NA,NA,NA,1551_11,NA,NA,3,99.26,99.17,NA,NA
sample15_SemiBin_166.fa,53.92925869830604,NA,NA,NA,NA,NA,1551_12,NA,NA,1,NA,NA,NA,NA
sample16_SemiBin_247.fa,40.12507496084245,NA,NA,NA,NA,NA,1551_13,NA,NA,1,NA,NA,NA,NA
sample13_SemiBin_30.fa,69.96018633358595,NA,NA,NA,NA,NA,1551_14,NA,NA,1,NA,NA,NA,NA
sample14_SemiBin_61.fa,36.08113107474714,NA,NA,NA,NA,NA,1551_15,NA,NA,1,NA,NA,NA,NA
sample15_SemiBin_167.fa,56.99775364493098,NA,NA,NA,NA,NA,1551_16,NA,NA,1,NA,NA,NA,NA
sample14_SemiBin_153.fa,48.21764668962109,NA,NA,NA,NA,NA,1552_1,NA,NA,1,NA,NA,NA,NA
sample18_SemiBin_173.fa,56.30517130101591,NA,NA,NA,NA,NA,1552_2,NA,NA,1,NA,NA,NA,NA
snj09_SemiBin_48.fa,76.04683495753262,NA,NA,NA,NA,NA,1552_3,NA,NA,1,NA,NA,NA,NA
snj08_SemiBin_16.fa,98.08061190173576,NA,NA,NA,NA,NA,1553_1,NA,NA,2,99.25,99.25,NA,NA
snj13_SemiBin_25.fa,78.62774719193531,NA,NA,NA,NA,NA,1553_2,NA,NA,1,NA,NA,NA,NA
sample16_SemiBin_20.fa,88.19770981333552,NA,NA,NA,NA,NA,1553_3,NA,NA,1,NA,NA,NA,NA
sample20_SemiBin_139.fa,54.99299761705569,NA,NA,NA,NA,NA,1553_4,NA,NA,1,NA,NA,NA,NA
sample7_SemiBin_202.fa,61.19710215014917,NA,NA,NA,NA,NA,1553_5,NA,NA,1,NA,NA,NA,NA
sample15_SemiBin_294.fa,54.87373626319099,NA,NA,NA,NA,NA,1553_6,NA,NA,1,NA,NA,NA,NA
sample1_SemiBin_211.fa,52.5673894612486,NA,NA,NA,NA,NA,1553_7,NA,NA,1,NA,NA,NA,NA
cpsnj09_SemiBin_72.fa,72.58016524384814,NA,NA,NA,NA,NA,1553_8,NA,NA,1,NA,NA,NA,NA
cpsnj13_SemiBin_52.fa,61.839609237200506,NA,NA,NA,NA,NA,1554_1,NA,NA,1,NA,NA,NA,NA
snj14_SemiBin_114.fa,40.903016178445206,NA,NA,NA,NA,NA,1554_2,NA,NA,1,NA,NA,NA,NA
cpsnj09_SemiBin_735.fa,52.84897694729317,NA,NA,NA,NA,NA,1555_0,NA,NA,1,NA,NA,NA,NA
sample20_SemiBin_25.fa,89.72270334057666,NA,NA,NA,NA,NA,1556_1,NA,NA,4,99.38,99.13,NA,NA
sample23_SemiBin_52.fa,67.2703673969929,NA,NA,NA,NA,NA,1556_2,NA,NA,1,NA,NA,NA,NA
sample25_SemiBin_141.fa,57.14221591998158,NA,NA,NA,NA,NA,1556_3,NA,NA,1,NA,NA,NA,NA
sample2_SemiBin_88.fa,56.74835921510394,NA,NA,NA,NA,NA,1556_4,NA,NA,1,NA,NA,NA,NA
cpsnj11_SemiBin_122.fa,53.146637544792405,NA,NA,NA,NA,NA,1557_0,NA,NA,1,NA,NA,NA,NA
sample18_SemiBin_27.fa,89.00558398669487,NA,NA,NA,NA,NA,1558_1,NA,NA,2,99.09,99.09,NA,NA
sample25_SemiBin_46.fa,37.31443475899602,NA,NA,NA,NA,NA,1558_2,NA,NA,1,NA,NA,NA,NA
sample3_SemiBin_5.fa,73.95913847354285,NA,NA,NA,NA,NA,1558_3,NA,NA,1,NA,NA,NA,NA
sample4_SemiBin_12.fa,84.39165176113319,NA,NA,NA,NA,NA,1558_4,NA,NA,1,NA,NA,NA,NA
sample17_SemiBin_6.fa,86.90012162208565,NA,NA,NA,NA,NA,1558_5,NA,NA,1,NA,NA,NA,NA
sample8_SemiBin_75.fa,64.3797760308714,NA,NA,NA,NA,NA,1558_6,NA,NA,1,NA,NA,NA,NA
sample20_SemiBin_59.fa,81.574230232057,NA,NA,NA,NA,NA,1558_7,NA,NA,1,NA,NA,NA,NA
sample1_SemiBin_67.fa,76.95040627171845,NA,NA,NA,NA,NA,1558_8,NA,NA,1,NA,NA,NA,NA
sample18_SemiBin_2111.fa,10.54587188012759,NA,NA,NA,NA,NA,1559_0,NA,NA,1,NA,NA,NA,NA
sample5_SemiBin_49.fa,63.73576038122402,NA,NA,NA,NA,NA,1560_1,NA,NA,1,NA,NA,NA,NA
snj16_SemiBin_6.fa,91.0412939953546,NA,NA,NA,NA,NA,1560_2,NA,NA,1,NA,NA,NA,NA
sample9_SemiBin_35.fa,62.13915377846392,NA,NA,NA,NA,NA,1560_3,NA,NA,1,NA,NA,NA,NA
sample15_SemiBin_174.fa,36.66507215235138,NA,NA,NA,NA,NA,1561_1,NA,NA,1,NA,NA,NA,NA
sample1_SemiBin_36.fa,82.67403833077006,NA,NA,NA,NA,NA,1561_2,NA,NA,1,NA,NA,NA,NA
sample22_SemiBin_65.fa,77.47825333882217,NA,NA,NA,NA,NA,1561_3,NA,NA,1,NA,NA,NA,NA
sample10_SemiBin_34.fa,85.1078921245661,NA,NA,NA,NA,NA,1561_4,NA,NA,1,NA,NA,NA,NA
sample13_SemiBin_145.fa,63.354781680758585,NA,NA,NA,NA,NA,1561_5,NA,NA,1,NA,NA,NA,NA
sample11_SemiBin_74.fa,50.89846831659522,NA,NA,NA,NA,NA,1561_6,NA,NA,1,NA,NA,NA,NA
sample25_SemiBin_78.fa,49.993790392869634,NA,NA,NA,NA,NA,1561_7,NA,NA,1,NA,NA,NA,NA
sample18_SemiBin_159.fa,37.78422386818973,NA,NA,NA,NA,NA,1561_8,NA,NA,1,NA,NA,NA,NA
sample21_SemiBin_98.fa,41.38785725119282,NA,NA,NA,NA,NA,1561_9,NA,NA,1,NA,NA,NA,NA
cpsnj08_SemiBin_8.fa,95.62786991603508,NA,NA,NA,NA,NA,1562_1,NA,NA,2,99.27,99.27,NA,NA
snj11_SemiBin_29.fa,83.9460637043389,NA,NA,NA,NA,NA,1562_2,NA,NA,1,NA,NA,NA,NA
cpsnj19_SemiBin_3.fa,95.58756727384424,NA,NA,NA,NA,NA,1562_3,NA,NA,1,NA,NA,NA,NA
snj19_SemiBin_3.fa,96.37505799441256,NA,NA,NA,NA,NA,1562_4,NA,NA,1,NA,NA,NA,NA
cpsnj03_SemiBin_32.fa,65.20047693140116,NA,NA,NA,NA,NA,1562_5,NA,NA,1,NA,NA,NA,NA
sample20_SemiBin_6.fa,97.76340010134616,NA,NA,NA,NA,NA,1562_6,NA,NA,1,NA,NA,NA,NA
cpsnj04_SemiBin_99.fa,18.0869942737015,NA,NA,NA,NA,NA,1563_0,NA,NA,1,NA,NA,NA,NA
cpsnj10_SemiBin_4.fa,100.70858747585687,NA,NA,NA,NA,NA,1564_1,NA,NA,2,99.10,99.10,NA,NA
cpsnj14_SemiBin_50.fa,42.65812783965274,NA,NA,NA,NA,NA,1565_1,NA,NA,1,NA,NA,NA,NA
snj14_SemiBin_31.fa,36.37566152699906,NA,NA,NA,NA,NA,1565_2,NA,NA,1,NA,NA,NA,NA
sample6_SemiBin_44.fa,79.62492811318093,NA,NA,NA,NA,NA,1565_3,NA,NA,1,NA,NA,NA,NA
sample17_SemiBin_14.fa,69.75037670176009,NA,NA,NA,NA,NA,1566_0,NA,NA,1,NA,NA,NA,NA
sample28_SemiBin_18.fa,77.88074053682134,NA,NA,NA,NA,NA,1567_1,NA,NA,1,NA,NA,NA,NA
snj09_SemiBin_98.fa,56.32505323089861,NA,NA,NA,NA,NA,1567_2,NA,NA,1,NA,NA,NA,NA
sample15_SemiBin_28.fa,62.29880196763528,NA,NA,NA,NA,NA,1568_1,NA,NA,1,NA,NA,NA,NA
sample23_SemiBin_20.fa,92.9555489495143,NA,NA,NA,NA,NA,1568_2,NA,NA,1,NA,NA,NA,NA
sample18_SemiBin_42.fa,94.2481150139988,NA,NA,NA,NA,NA,1568_3,NA,NA,1,NA,NA,NA,NA
sample14_SemiBin_32.fa,34.80786344203285,NA,NA,NA,NA,NA,1568_4,NA,NA,1,NA,NA,NA,NA
cpsnj13_SemiBin_68.fa,69.71778964057943,NA,NA,NA,NA,NA,1568_5,NA,NA,1,NA,NA,NA,NA
cpsnj19_SemiBin_62.fa,70.43660693210248,NA,NA,NA,NA,NA,1569_0,NA,NA,1,NA,NA,NA,NA
sample26_SemiBin_116.fa,58.69933066504346,NA,NA,NA,NA,NA,1570_0,NA,NA,1,NA,NA,NA,NA
sample19_SemiBin_81.fa,75.33685168449212,NA,NA,NA,NA,NA,1571_0,NA,NA,1,NA,NA,NA,NA
sample29_SemiBin_9.fa,87.77082511940566,NA,NA,NA,NA,NA,1572_0,NA,NA,1,NA,NA,NA,NA
sample19_SemiBin_127.fa,46.55286599146734,NA,NA,NA,NA,NA,1573_0,NA,NA,1,NA,NA,NA,NA
sample2_SemiBin_63.fa,62.069738037800754,NA,NA,NA,NA,NA,1574_1,NA,NA,1,NA,NA,NA,NA
sample7_SemiBin_10.fa,99.08586115114872,NA,NA,NA,NA,NA,1574_2,NA,NA,1,NA,NA,NA,NA
sample6_SemiBin_38.fa,71.6117795072648,NA,NA,NA,NA,NA,1574_3,NA,NA,1,NA,NA,NA,NA
snj08_SemiBin_59.fa,75.51311422127773,NA,NA,NA,NA,NA,1574_4,NA,NA,1,NA,NA,NA,NA
sample15_SemiBin_181.fa,36.93016129776539,NA,NA,NA,NA,NA,1575_1,NA,NA,1,NA,NA,NA,NA
sample22_SemiBin_137.fa,80.82663251086295,NA,NA,NA,NA,NA,1575_2,NA,NA,1,NA,NA,NA,NA
cpsnj14_SemiBin_3.fa,94.31540012265746,NA,NA,NA,NA,NA,1576_1,NA,NA,1,NA,NA,NA,NA
snj14_SemiBin_15.fa,74.91891098452018,NA,NA,NA,NA,NA,1576_2,NA,NA,1,NA,NA,NA,NA
sample20_SemiBin_130.fa,68.76903340207477,NA,NA,NA,NA,NA,1576_3,NA,NA,1,NA,NA,NA,NA
sample28_SemiBin_1.fa,97.51021726480562,NA,NA,NA,NA,NA,1577_1,NA,NA,3,99.29,99.08,NA,NA
snj11_SemiBin_22.fa,91.77736669604518,NA,NA,NA,NA,NA,1577_2,NA,NA,1,NA,NA,NA,NA
snj04_SemiBin_35.fa,66.5439799250203,NA,NA,NA,NA,NA,1577_3,NA,NA,1,NA,NA,NA,NA
snj15_SemiBin_113.fa,67.64194809793752,NA,NA,NA,NA,NA,1577_4,NA,NA,1,NA,NA,NA,NA
cpsnj15_SemiBin_29.fa,66.72543015127236,NA,NA,NA,NA,NA,1577_5,NA,NA,1,NA,NA,NA,NA
cpsnj04_SemiBin_131.fa,47.918898914593456,NA,NA,NA,NA,NA,1577_6,NA,NA,1,NA,NA,NA,NA
cpsnj09_SemiBin_100.fa,48.85251552239357,NA,NA,NA,NA,NA,1577_7,NA,NA,1,NA,NA,NA,NA
sample21_SemiBin_21.fa,83.20326942732281,NA,NA,NA,NA,NA,1578_1,NA,NA,1,NA,NA,NA,NA
sample25_SemiBin_49.fa,66.7954351190318,NA,NA,NA,NA,NA,1578_2,NA,NA,1,NA,NA,NA,NA
sample13_SemiBin_221.fa,51.15164795356203,NA,NA,NA,NA,NA,1578_3,NA,NA,1,NA,NA,NA,NA
sample20_SemiBin_262.fa,49.76145370813004,NA,NA,NA,NA,NA,1578_4,NA,NA,1,NA,NA,NA,NA
cpsnj03_SemiBin_15.fa,85.50048047681591,NA,NA,NA,NA,NA,1579_1,NA,NA,1,NA,NA,NA,NA
cpsnj19_SemiBin_23.fa,89.1517802386374,NA,NA,NA,NA,NA,1579_2,NA,NA,1,NA,NA,NA,NA
snj19_SemiBin_70.fa,66.47993789892872,NA,NA,NA,NA,NA,1579_3,NA,NA,1,NA,NA,NA,NA
sample16_SemiBin_48.fa,64.68479900842009,NA,NA,NA,NA,NA,1580_1,NA,NA,1,NA,NA,NA,NA
sample30_SemiBin_4.fa,87.95009913205415,NA,NA,NA,NA,NA,1580_2,NA,NA,1,NA,NA,NA,NA
sample11_SemiBin_33.fa,58.58951522092288,NA,NA,NA,NA,NA,1580_3,NA,NA,1,NA,NA,NA,NA
sample15_SemiBin_70.fa,60.94578862337038,NA,NA,NA,NA,NA,1580_4,NA,NA,1,NA,NA,NA,NA
cpsnj09_SemiBin_148.fa,50.568987910393325,NA,NA,NA,NA,NA,1581_0,NA,NA,1,NA,NA,NA,NA
sample18_SemiBin_24.fa,99.4912528530673,NA,NA,NA,NA,NA,1582_1,NA,NA,1,NA,NA,NA,NA
sample25_SemiBin_87.fa,61.28043176081751,NA,NA,NA,NA,NA,1582_2,NA,NA,1,NA,NA,NA,NA
sample17_SemiBin_178.fa,52.962699875159714,NA,NA,NA,NA,NA,1582_3,NA,NA,1,NA,NA,NA,NA
sample16_SemiBin_70.fa,71.71692515923789,NA,NA,NA,NA,NA,1583_0,NA,NA,1,NA,NA,NA,NA
cpsnj03_SemiBin_108.fa,64.12651614256991,NA,NA,NA,NA,NA,1584_1,NA,NA,1,NA,NA,NA,NA
cpsnj19_SemiBin_171.fa,56.235773917233686,NA,NA,NA,NA,NA,1584_2,NA,NA,1,NA,NA,NA,NA
cpsnj11_SemiBin_96.fa,57.67746392013946,NA,NA,NA,NA,NA,1584_3,NA,NA,1,NA,NA,NA,NA
sample21_SemiBin_57.fa,61.78978712614826,NA,NA,NA,NA,NA,1584_4,NA,NA,1,NA,NA,NA,NA
sample15_SemiBin_99.fa,80.70468546722871,NA,NA,NA,NA,NA,1585_1,NA,NA,1,NA,NA,NA,NA
sample23_SemiBin_16.fa,96.56983954254392,NA,NA,NA,NA,NA,1585_2,NA,NA,1,NA,NA,NA,NA
sample7_SemiBin_140.fa,78.31500465777013,NA,NA,NA,NA,NA,1585_3,NA,NA,1,NA,NA,NA,NA
sample27_SemiBin_101.fa,51.67324932252626,NA,NA,NA,NA,NA,1585_4,NA,NA,1,NA,NA,NA,NA
sample6_SemiBin_127.fa,51.27256698069044,NA,NA,NA,NA,NA,1585_5,NA,NA,1,NA,NA,NA,NA
sample13_SemiBin_165.fa,52.043091934975465,NA,NA,NA,NA,NA,1585_6,NA,NA,1,NA,NA,NA,NA
sample20_SemiBin_987.fa,10.117750890531475,NA,NA,NA,NA,NA,1585_7,NA,NA,1,NA,NA,NA,NA
snj11_SemiBin_162.fa,60.24936075782771,NA,NA,NA,NA,NA,1586_0,NA,NA,1,NA,NA,NA,NA
cpsnj09_SemiBin_78.fa,78.43331690633856,NA,NA,NA,NA,NA,1587_1,NA,NA,1,NA,NA,NA,NA
cpsnj10_SemiBin_247.fa,46.84470327034005,NA,NA,NA,NA,NA,1587_2,NA,NA,1,NA,NA,NA,NA
snj09_SemiBin_56.fa,66.5921880216634,NA,NA,NA,NA,NA,1587_3,NA,NA,1,NA,NA,NA,NA
snj19_SemiBin_151.fa,53.77559932032143,NA,NA,NA,NA,NA,1588_0,NA,NA,1,NA,NA,NA,NA
sample16_SemiBin_105.fa,64.27171387330957,NA,NA,NA,NA,NA,1589_0,NA,NA,1,NA,NA,NA,NA
snj09_SemiBin_63.fa,72.98513280044614,NA,NA,NA,NA,NA,1590_0,NA,NA,1,NA,NA,NA,NA
sample18_SemiBin_371.fa,51.6393474978971,NA,NA,NA,NA,NA,1591_1,NA,NA,1,NA,NA,NA,NA
sample20_SemiBin_154.fa,56.37824008385007,NA,NA,NA,NA,NA,1591_2,NA,NA,1,NA,NA,NA,NA
cpsnj14_SemiBin_7.fa,94.42978386428216,NA,NA,NA,NA,NA,1592_1,NA,NA,1,NA,NA,NA,NA
snj14_SemiBin_79.fa,57.67333128247943,NA,NA,NA,NA,NA,1592_2,NA,NA,1,NA,NA,NA,NA
sample13_SemiBin_37.fa,81.37923483077536,NA,NA,NA,NA,NA,1593_1,NA,NA,1,NA,NA,NA,NA
sample18_SemiBin_169.fa,60.72062206915757,NA,NA,NA,NA,NA,1593_2,NA,NA,1,NA,NA,NA,NA
sample18_SemiBin_115.fa,76.07746392013945,NA,NA,NA,NA,NA,1594_1,NA,NA,1,NA,NA,NA,NA
sample25_SemiBin_84.fa,51.888533659278586,NA,NA,NA,NA,NA,1594_2,NA,NA,1,NA,NA,NA,NA
cpsnj08_SemiBin_71.fa,67.59273792343224,NA,NA,NA,NA,NA,1595_1,NA,NA,1,NA,NA,NA,NA
cpsnj14_SemiBin_45.fa,80.00927431350398,NA,NA,NA,NA,NA,1595_2,NA,NA,1,NA,NA,NA,NA
cpsnj14_SemiBin_76.fa,69.46854632255705,NA,NA,NA,NA,NA,1596_1,NA,NA,1,NA,NA,NA,NA
sample18_SemiBin_212.fa,60.09759102432813,NA,NA,NA,NA,NA,1596_2,NA,NA,1,NA,NA,NA,NA
sample13_SemiBin_216.fa,44.444153113950506,NA,NA,NA,NA,NA,1597_0,NA,NA,1,NA,NA,NA,NA
cpsnj09_SemiBin_30.fa,79.01758208264081,NA,NA,NA,NA,NA,1598_1,NA,NA,1,NA,NA,NA,NA
snj09_SemiBin_212.fa,55.90209865210252,NA,NA,NA,NA,NA,1598_2,NA,NA,1,NA,NA,NA,NA
sample28_SemiBin_168.fa,50.57089860703619,NA,NA,NA,NA,NA,1599_0,NA,NA,1,NA,NA,NA,NA
snj19_SemiBin_197.fa,46.11445979351445,NA,NA,NA,NA,NA,1600_0,NA,NA,1,NA,NA,NA,NA
cpsnj01_SemiBin_15.fa,58.70867011475408,NA,NA,NA,NA,NA,1601_1,NA,NA,1,NA,NA,NA,NA
snj01_SemiBin_43.fa,39.70938724297913,NA,NA,NA,NA,NA,1601_2,NA,NA,1,NA,NA,NA,NA
sample24_SemiBin_55.fa,57.71565476229225,NA,NA,NA,NA,NA,1601_3,NA,NA,1,NA,NA,NA,NA
sample9_SemiBin_40.fa,51.79890731492147,NA,NA,NA,NA,NA,1601_4,NA,NA,1,NA,NA,NA,NA
snj04_SemiBin_41.fa,39.69422097119283,NA,NA,NA,NA,NA,1601_5,NA,NA,1,NA,NA,NA,NA
snj19_SemiBin_74.fa,44.58472195098399,NA,NA,NA,NA,NA,1601_6,NA,NA,1,NA,NA,NA,NA
cpsnj20_SemiBin_774.fa,8.286655573011563,NA,NA,NA,NA,NA,1602_0,NA,NA,1,NA,NA,NA,NA
sample6_SemiBin_97.fa,59.83944130513281,NA,NA,NA,NA,NA,1603_0,NA,NA,1,NA,NA,NA,NA
sample13_SemiBin_217.fa,38.59021160353891,NA,NA,NA,NA,NA,1604_1,NA,NA,1,NA,NA,NA,NA
sample20_SemiBin_118.fa,46.78388297792255,NA,NA,NA,NA,NA,1604_2,NA,NA,1,NA,NA,NA,NA
sample28_SemiBin_7.fa,94.81124048972,NA,NA,NA,NA,NA,1605_1,NA,NA,2,99.24,99.24,NA,NA
sample23_SemiBin_33.fa,80.9219141256493,NA,NA,NA,NA,NA,1605_2,NA,NA,1,NA,NA,NA,NA
sample22_SemiBin_96.fa,72.60466534982538,NA,NA,NA,NA,NA,1605_3,NA,NA,1,NA,NA,NA,NA
sample7_SemiBin_131.fa,55.6610778968823,NA,NA,NA,NA,NA,1605_4,NA,NA,1,NA,NA,NA,NA
sample24_SemiBin_21.fa,66.5000533770422,NA,NA,NA,NA,NA,1605_5,NA,NA,1,NA,NA,NA,NA
cpsnj09_SemiBin_5.fa,98.11390502693872,NA,NA,NA,NA,NA,1605_6,NA,NA,4,99.72,99.15,NA,NA
snj09_SemiBin_30.fa,86.30763686308993,NA,NA,NA,NA,NA,1605_7,NA,NA,1,NA,NA,NA,NA
snj14_SemiBin_99.fa,63.37435360176155,NA,NA,NA,NA,NA,1605_8,NA,NA,1,NA,NA,NA,NA
snj04_SemiBin_72.fa,58.71216057501952,NA,NA,NA,NA,NA,1605_9,NA,NA,1,NA,NA,NA,NA
snj11_SemiBin_235.fa,47.86570004182073,NA,NA,NA,NA,NA,1605_10,NA,NA,1,NA,NA,NA,NA
snj10_SemiBin_56.fa,65.2362929202611,NA,NA,NA,NA,NA,1605_11,NA,NA,1,NA,NA,NA,NA
cpsnj02_SemiBin_27.fa,69.85919294657411,NA,NA,NA,NA,NA,1605_12,NA,NA,1,NA,NA,NA,NA
snj09_SemiBin_18.fa,98.02978065154907,NA,NA,NA,NA,NA,1606_0,NA,NA,1,NA,NA,NA,NA
cpsnj14_SemiBin_21.fa,93.24166048496738,NA,NA,NA,NA,NA,1607_1,NA,NA,2,99.20,99.20,NA,NA
snj16_SemiBin_82.fa,46.479674747582585,NA,NA,NA,NA,NA,1607_2,NA,NA,1,NA,NA,NA,NA
cpsnj10_SemiBin_124.fa,33.11542328209806,NA,NA,NA,NA,NA,1607_3,NA,NA,1,NA,NA,NA,NA
cpsnj03_SemiBin_70.fa,49.87312378917605,NA,NA,NA,NA,NA,1607_4,NA,NA,1,NA,NA,NA,NA
snj02_SemiBin_29.fa,82.81358487621412,NA,NA,NA,NA,NA,1608_0,NA,NA,1,NA,NA,NA,NA
sample29_SemiBin_118.fa,44.470243469288015,NA,NA,NA,NA,NA,1609_0,NA,NA,1,NA,NA,NA,NA
sample29_SemiBin_418.fa,28.672417980207843,NA,NA,NA,NA,NA,1610_0,NA,NA,1,NA,NA,NA,NA
sample19_SemiBin_193.fa,71.07924189871609,NA,NA,NA,NA,NA,1611_0,NA,NA,1,NA,NA,NA,NA
sample18_SemiBin_165.fa,59.19613337308497,NA,NA,NA,NA,NA,1612_1,NA,NA,1,NA,NA,NA,NA
sample25_SemiBin_35.fa,71.13215942097825,NA,NA,NA,NA,NA,1612_2,NA,NA,1,NA,NA,NA,NA
sample19_SemiBin_174.fa,35.79861307293809,NA,NA,NA,NA,NA,1612_3,NA,NA,1,NA,NA,NA,NA
snj03_SemiBin_183.fa,34.40418492023596,NA,NA,NA,NA,NA,1613_0,NA,NA,1,NA,NA,NA,NA
sample18_SemiBin_66.fa,54.01484738306248,NA,NA,NA,NA,NA,1614_0,NA,NA,1,NA,NA,NA,NA
sample21_SemiBin_47.fa,68.71463151812799,NA,NA,NA,NA,NA,1615_1,NA,NA,1,NA,NA,NA,NA
sample6_SemiBin_161.fa,66.89713642293493,NA,NA,NA,NA,NA,1615_2,NA,NA,1,NA,NA,NA,NA
sample24_SemiBin_17.fa,65.60018330359519,NA,NA,NA,NA,NA,1616_1,NA,NA,1,NA,NA,NA,NA
sample29_SemiBin_127.fa,44.87489431235127,NA,NA,NA,NA,NA,1616_2,NA,NA,1,NA,NA,NA,NA
sample6_SemiBin_299.fa,56.388847260214,NA,NA,NA,NA,NA,1617_0,NA,NA,1,NA,NA,NA,NA
sample29_SemiBin_137.fa,89.87593931551517,NA,NA,NA,NA,NA,1618_0,NA,NA,1,NA,NA,NA,NA
sample29_SemiBin_221.fa,69.30758627984301,NA,NA,NA,NA,NA,1619_0,NA,NA,1,NA,NA,NA,NA
sample29_SemiBin_158.fa,86.78380931846074,NA,NA,NA,NA,NA,1620_0,NA,NA,1,NA,NA,NA,NA
sample29_SemiBin_6.fa,90.45471663838036,NA,NA,NA,NA,NA,1621_0,NA,NA,1,NA,NA,NA,NA
sample4_SemiBin_158.fa,47.06317101404312,NA,NA,NA,NA,NA,1622_1,NA,NA,1,NA,NA,NA,NA
sample8_SemiBin_19.fa,65.30192314008816,NA,NA,NA,NA,NA,1622_2,NA,NA,1,NA,NA,NA,NA
sample3_SemiBin_76.fa,34.324122900665934,NA,NA,NA,NA,NA,1622_3,NA,NA,1,NA,NA,NA,NA
sample15_SemiBin_1.fa,81.94385019177429,NA,NA,NA,NA,NA,1622_4,NA,NA,1,NA,NA,NA,NA
sample22_SemiBin_26.fa,72.48094303916997,NA,NA,NA,NA,NA,1622_5,NA,NA,1,NA,NA,NA,NA
sample5_SemiBin_54.fa,44.86308184461961,NA,NA,NA,NA,NA,1622_6,NA,NA,1,NA,NA,NA,NA
cpsnj09_SemiBin_71.fa,48.342492403457136,NA,NA,NA,NA,NA,1623_0,NA,NA,1,NA,NA,NA,NA
sample18_SemiBin_36.fa,97.34968998395722,NA,NA,NA,NA,NA,1624_1,NA,NA,1,NA,NA,NA,NA
sample8_SemiBin_481.fa,31.6949478039874,NA,NA,NA,NA,NA,1624_2,NA,NA,1,NA,NA,NA,NA
sample18_SemiBin_153.fa,64.59447025628545,NA,NA,NA,NA,NA,1625_1,NA,NA,1,NA,NA,NA,NA
sample8_SemiBin_76.fa,62.58296757561868,NA,NA,NA,NA,NA,1625_2,NA,NA,1,NA,NA,NA,NA
sample20_SemiBin_164.fa,54.35846306361347,NA,NA,NA,NA,NA,1626_0,NA,NA,1,NA,NA,NA,NA
sample13_SemiBin_203.fa,53.87275510590823,NA,NA,NA,NA,NA,1627_1,NA,NA,1,NA,NA,NA,NA
sample1_SemiBin_41.fa,78.95917402686695,NA,NA,NA,NA,NA,1627_2,NA,NA,1,NA,NA,NA,NA
sample4_SemiBin_76.fa,83.64751923646293,NA,NA,NA,NA,NA,1627_3,NA,NA,1,NA,NA,NA,NA
sample8_SemiBin_145.fa,48.24482915399087,NA,NA,NA,NA,NA,1627_4,NA,NA,1,NA,NA,NA,NA
sample20_SemiBin_68.fa,73.06679023370661,NA,NA,NA,NA,NA,1627_5,NA,NA,1,NA,NA,NA,NA
sample18_SemiBin_49.fa,91.45597974849088,NA,NA,NA,NA,NA,1628_1,NA,NA,3,99.14,99.01,NA,NA
sample16_SemiBin_100.fa,48.3025599184396,NA,NA,NA,NA,NA,1628_2,NA,NA,1,NA,NA,NA,NA
sample15_SemiBin_5.fa,96.51451745408524,NA,NA,NA,NA,NA,1629_1,NA,NA,1,NA,NA,NA,NA
sample20_SemiBin_15.fa,91.9058612062208,NA,NA,NA,NA,NA,1629_2,NA,NA,1,NA,NA,NA,NA
sample18_SemiBin_157.fa,68.97799499026104,NA,NA,NA,NA,NA,1629_3,NA,NA,1,NA,NA,NA,NA
sample17_SemiBin_24.fa,92.3831856161992,NA,NA,NA,NA,NA,1629_4,NA,NA,1,NA,NA,NA,NA
sample10_SemiBin_59.fa,79.33083800103158,NA,NA,NA,NA,NA,1629_5,NA,NA,1,NA,NA,NA,NA
sample3_SemiBin_100.fa,63.31553965326968,NA,NA,NA,NA,NA,1629_6,NA,NA,1,NA,NA,NA,NA
sample4_SemiBin_20.fa,93.98023779569148,NA,NA,NA,NA,NA,1629_7,NA,NA,1,NA,NA,NA,NA
sample5_SemiBin_8.fa,101.40996006880856,NA,NA,NA,NA,NA,1629_8,NA,NA,4,99.36,99.23,NA,NA
sample26_SemiBin_5.fa,97.34730381409052,NA,NA,NA,NA,NA,1629_9,NA,NA,1,NA,NA,NA,NA
sample14_SemiBin_24.fa,71.58069837999814,NA,NA,NA,NA,NA,1629_10,NA,NA,1,NA,NA,NA,NA
sample30_SemiBin_110.fa,67.62622107009328,NA,NA,NA,NA,NA,1629_11,NA,NA,1,NA,NA,NA,NA
sample13_SemiBin_206.fa,46.4457925057495,NA,NA,NA,NA,NA,1629_12,NA,NA,1,NA,NA,NA,NA
sample25_SemiBin_11.fa,88.66392687382448,NA,NA,NA,NA,NA,1629_13,NA,NA,1,NA,NA,NA,NA
sample22_SemiBin_47.fa,82.8177927759466,NA,NA,NA,NA,NA,1629_14,NA,NA,1,NA,NA,NA,NA
sample16_SemiBin_6.fa,97.84339618559348,NA,NA,NA,NA,NA,1630_1,NA,NA,3,99.27,99.24,NA,NA
sample18_SemiBin_211.fa,93.94068547217576,NA,NA,NA,NA,NA,1630_2,NA,NA,1,NA,NA,NA,NA
sample3_SemiBin_123.fa,56.55075372851922,NA,NA,NA,NA,NA,1630_3,NA,NA,1,NA,NA,NA,NA
sample4_SemiBin_136.fa,51.16770685048285,NA,NA,NA,NA,NA,1630_4,NA,NA,1,NA,NA,NA,NA
sample18_SemiBin_226.fa,53.99605290735591,NA,NA,NA,NA,NA,1631_0,NA,NA,1,NA,NA,NA,NA
sample13_SemiBin_163.fa,78.37521942984506,NA,NA,NA,NA,NA,1632_0,NA,NA,1,NA,NA,NA,NA
cpsnj19_SemiBin_70.fa,51.040451283739735,NA,NA,NA,NA,NA,1633_1,NA,NA,1,NA,NA,NA,NA
sample22_SemiBin_81.fa,51.61172858902698,NA,NA,NA,NA,NA,1633_2,NA,NA,1,NA,NA,NA,NA
sample18_SemiBin_86.fa,70.21737149916697,NA,NA,NA,NA,NA,1634_0,NA,NA,1,NA,NA,NA,NA
sample29_SemiBin_55.fa,74.90534127795404,NA,NA,NA,NA,NA,1635_0,NA,NA,1,NA,NA,NA,NA
sample17_SemiBin_46.fa,85.75788908939725,NA,NA,NA,NA,NA,1636_1,NA,NA,3,99.26,98.90,NA,NA
sample8_SemiBin_8.fa,94.85186489517072,NA,NA,NA,NA,NA,1636_2,NA,NA,1,NA,NA,NA,NA
cpsnj14_SemiBin_37.fa,74.54607039593911,NA,NA,NA,NA,NA,1637_1,NA,NA,1,NA,NA,NA,NA
snj13_SemiBin_16.fa,87.28885643581853,NA,NA,NA,NA,NA,1637_2,NA,NA,1,NA,NA,NA,NA
snj14_SemiBin_48.fa,56.49442828332489,NA,NA,NA,NA,NA,1637_3,NA,NA,1,NA,NA,NA,NA
cpsnj11_SemiBin_31.fa,86.52144362104308,NA,NA,NA,NA,NA,1637_4,NA,NA,1,NA,NA,NA,NA
snj11_SemiBin_52.fa,73.4329661098784,NA,NA,NA,NA,NA,1637_5,NA,NA,1,NA,NA,NA,NA
sample20_SemiBin_81.fa,60.69026822720157,NA,NA,NA,NA,NA,1637_6,NA,NA,1,NA,NA,NA,NA
snj10_SemiBin_61.fa,12.52764080625213,NA,NA,NA,NA,NA,1637_7,NA,NA,1,NA,NA,NA,NA
sample18_SemiBin_158.fa,72.41082259667596,NA,NA,NA,NA,NA,1637_8,NA,NA,1,NA,NA,NA,NA
cpsnj04_SemiBin_35.fa,74.81546885280339,NA,NA,NA,NA,NA,1638_1,NA,NA,1,NA,NA,NA,NA
snj04_SemiBin_1.fa,84.4620389059565,NA,NA,NA,NA,NA,1638_2,NA,NA,1,NA,NA,NA,NA
sample16_SemiBin_57.fa,41.62453140892639,NA,NA,NA,NA,NA,1638_3,NA,NA,1,NA,NA,NA,NA
cpsnj03_SemiBin_1491.fa,2.5297169747608264,NA,NA,NA,NA,NA,1638_4,NA,NA,1,NA,NA,NA,NA
cpsnj02_SemiBin_69.fa,27.79700180700733,NA,NA,NA,NA,NA,1638_5,NA,NA,1,NA,NA,NA,NA
sample28_SemiBin_30.fa,53.99779066209055,NA,NA,NA,NA,NA,1638_6,NA,NA,1,NA,NA,NA,NA
cpsnj16_SemiBin_75.fa,72.96559488590893,NA,NA,NA,NA,NA,1639_1,NA,NA,1,NA,NA,NA,NA
cpsnj19_SemiBin_48.fa,66.76223612809584,NA,NA,NA,NA,NA,1639_2,NA,NA,1,NA,NA,NA,NA
snj20_SemiBin_48.fa,61.22390722457774,NA,NA,NA,NA,NA,1639_3,NA,NA,1,NA,NA,NA,NA
snj19_SemiBin_184.fa,50.24639065357268,NA,NA,NA,NA,NA,1639_4,NA,NA,1,NA,NA,NA,NA
snj03_SemiBin_452.fa,19.96805801492499,NA,NA,NA,NA,NA,1639_5,NA,NA,1,NA,NA,NA,NA
sample30_SemiBin_18.fa,58.44838628598674,NA,NA,NA,NA,NA,1639_6,NA,NA,1,NA,NA,NA,NA
snj09_SemiBin_88.fa,58.923821050042,NA,NA,NA,NA,NA,1640_0,NA,NA,1,NA,NA,NA,NA
sample25_SemiBin_196.fa,48.44769200200958,NA,NA,NA,NA,NA,1641_0,NA,NA,1,NA,NA,NA,NA
sample1_SemiBin_131.fa,57.6615604692477,NA,NA,NA,NA,NA,1642_1,NA,NA,1,NA,NA,NA,NA
sample25_SemiBin_109.fa,50.423090166550914,NA,NA,NA,NA,NA,1642_2,NA,NA,1,NA,NA,NA,NA
cpsnj13_SemiBin_74.fa,58.55382635360032,NA,NA,NA,NA,NA,1643_1,NA,NA,1,NA,NA,NA,NA
cpsnj16_SemiBin_48.fa,69.19646451824913,NA,NA,NA,NA,NA,1643_2,NA,NA,1,NA,NA,NA,NA
sample20_SemiBin_257.fa,54.93092823457855,NA,NA,NA,NA,NA,1644_1,NA,NA,1,NA,NA,NA,NA
sample7_SemiBin_134.fa,43.0104974305973,NA,NA,NA,NA,NA,1644_2,NA,NA,1,NA,NA,NA,NA
sample16_SemiBin_19.fa,76.94617372098716,NA,NA,NA,NA,NA,1645_1,NA,NA,1,NA,NA,NA,NA
sample17_SemiBin_34.fa,86.39863152337048,NA,NA,NA,NA,NA,1645_2,NA,NA,1,NA,NA,NA,NA
sample1_SemiBin_143.fa,62.631672466150064,NA,NA,NA,NA,NA,1645_3,NA,NA,1,NA,NA,NA,NA
sample25_SemiBin_81.fa,48.506510378355934,NA,NA,NA,NA,NA,1645_4,NA,NA,1,NA,NA,NA,NA
sample3_SemiBin_57.fa,23.79673974501096,NA,NA,NA,NA,NA,1646_1,NA,NA,1,NA,NA,NA,NA
sample4_SemiBin_113.fa,44.5101697691269,NA,NA,NA,NA,NA,1646_2,NA,NA,1,NA,NA,NA,NA
sample18_SemiBin_34.fa,91.54807588240216,NA,NA,NA,NA,NA,1647_0,NA,NA,1,NA,NA,NA,NA
sample18_SemiBin_373.fa,59.57813070791442,NA,NA,NA,NA,NA,1648_0,NA,NA,1,NA,NA,NA,NA
sample3_SemiBin_47.fa,61.45505908812444,NA,NA,NA,NA,NA,1649_1,NA,NA,1,NA,NA,NA,NA
sample4_SemiBin_92.fa,51.31106688769668,NA,NA,NA,NA,NA,1649_2,NA,NA,1,NA,NA,NA,NA
sample18_SemiBin_155.fa,65.2503449613555,NA,NA,NA,NA,NA,1649_3,NA,NA,1,NA,NA,NA,NA
sample10_SemiBin_100.fa,49.29439795300775,NA,NA,NA,NA,NA,1649_4,NA,NA,1,NA,NA,NA,NA
sample25_SemiBin_30.fa,67.77229507024809,NA,NA,NA,NA,NA,1649_5,NA,NA,1,NA,NA,NA,NA
sample26_SemiBin_56.fa,61.51466807265369,NA,NA,NA,NA,NA,1649_6,NA,NA,1,NA,NA,NA,NA
sample18_SemiBin_245.fa,31.50756531320692,NA,NA,NA,NA,NA,1650_0,NA,NA,1,NA,NA,NA,NA
sample4_SemiBin_108.fa,29.01982434799889,NA,NA,NA,NA,NA,1651_0,NA,NA,1,NA,NA,NA,NA
cpsnj16_SemiBin_4.fa,98.29730595308536,NA,NA,NA,NA,NA,1652_1,NA,NA,2,99.17,99.17,NA,NA
cpsnj13_SemiBin_22.fa,77.76423520759,NA,NA,NA,NA,NA,1652_2,NA,NA,1,NA,NA,NA,NA
cpsnj08_SemiBin_32.fa,73.93610142481697,NA,NA,NA,NA,NA,1652_3,NA,NA,1,NA,NA,NA,NA
snj14_SemiBin_81.fa,63.19826533592866,NA,NA,NA,NA,NA,1652_4,NA,NA,1,NA,NA,NA,NA
snj08_SemiBin_185.fa,62.43565111787992,NA,NA,NA,NA,NA,1652_5,NA,NA,1,NA,NA,NA,NA
snj15_SemiBin_43.fa,62.645876333625736,NA,NA,NA,NA,NA,1652_6,NA,NA,1,NA,NA,NA,NA
cpsnj10_SemiBin_25.fa,84.69483679656187,NA,NA,NA,NA,NA,1652_7,NA,NA,1,NA,NA,NA,NA
sample18_SemiBin_90.fa,75.93268401031695,NA,NA,NA,NA,NA,1652_8,NA,NA,1,NA,NA,NA,NA
cpsnj09_SemiBin_129.fa,33.96278876611035,NA,NA,NA,NA,NA,1652_9,NA,NA,1,NA,NA,NA,NA
sample1_SemiBin_37.fa,84.77786460205864,NA,NA,NA,NA,NA,1653_1,NA,NA,1,NA,NA,NA,NA
sample7_SemiBin_61.fa,85.7617135539604,NA,NA,NA,NA,NA,1653_2,NA,NA,1,NA,NA,NA,NA
sample4_SemiBin_67.fa,56.10078410358412,NA,NA,NA,NA,NA,1653_3,NA,NA,1,NA,NA,NA,NA
sample22_SemiBin_3.fa,92.07448636012587,NA,NA,NA,NA,NA,1654_1,NA,NA,7,99.40,99.09,NA,NA
sample20_SemiBin_24.fa,91.3587834139112,NA,NA,NA,NA,NA,1654_2,NA,NA,1,NA,NA,NA,NA
sample30_SemiBin_21.fa,65.40191934761134,NA,NA,NA,NA,NA,1654_3,NA,NA,1,NA,NA,NA,NA
sample21_SemiBin_159.fa,52.92797789153882,NA,NA,NA,NA,NA,1654_4,NA,NA,1,NA,NA,NA,NA
sample13_SemiBin_98.fa,60.01088366308668,NA,NA,NA,NA,NA,1654_5,NA,NA,1,NA,NA,NA,NA
sample27_SemiBin_22.fa,39.90159345932651,NA,NA,NA,NA,NA,1654_6,NA,NA,1,NA,NA,NA,NA
sample23_SemiBin_93.fa,54.289483441923885,NA,NA,NA,NA,NA,1654_7,NA,NA,1,NA,NA,NA,NA
sample17_SemiBin_63.fa,48.01186627491297,NA,NA,NA,NA,NA,1654_8,NA,NA,1,NA,NA,NA,NA
sample13_SemiBin_194.fa,68.49296275641473,NA,NA,NA,NA,NA,1654_9,NA,NA,1,NA,NA,NA,NA
sample26_SemiBin_19.fa,65.14467989231632,NA,NA,NA,NA,NA,1654_10,NA,NA,1,NA,NA,NA,NA
sample16_SemiBin_62.fa,81.43464855176639,NA,NA,NA,NA,NA,1655_1,NA,NA,1,NA,NA,NA,NA
sample18_SemiBin_39.fa,94.17413674752235,NA,NA,NA,NA,NA,1655_2,NA,NA,1,NA,NA,NA,NA
sample4_SemiBin_102.fa,42.865222200094976,NA,NA,NA,NA,NA,1655_3,NA,NA,1,NA,NA,NA,NA
sample13_SemiBin_46.fa,69.8458294167907,NA,NA,NA,NA,NA,1656_0,NA,NA,1,NA,NA,NA,NA
cpsnj09_SemiBin_149.fa,52.54065730348243,NA,NA,NA,NA,NA,1657_0,NA,NA,1,NA,NA,NA,NA
sample25_SemiBin_3.fa,100.12292891121304,NA,NA,NA,NA,NA,1658_1,NA,NA,4,99.33,99.18,NA,NA
sample26_SemiBin_25.fa,84.15355316175636,NA,NA,NA,NA,NA,1658_2,NA,NA,1,NA,NA,NA,NA
snj08_SemiBin_52.fa,83.59404257576489,NA,NA,NA,NA,NA,1659_1,NA,NA,1,NA,NA,NA,NA
snj14_SemiBin_83.fa,62.79573144265109,NA,NA,NA,NA,NA,1659_2,NA,NA,1,NA,NA,NA,NA
sample11_SemiBin_117.fa,51.10880804817713,NA,NA,NA,NA,NA,1659_3,NA,NA,1,NA,NA,NA,NA
sample4_SemiBin_43.fa,65.15451567177197,NA,NA,NA,NA,NA,1659_4,NA,NA,1,NA,NA,NA,NA
sample18_SemiBin_71.fa,70.15849020463713,NA,NA,NA,NA,NA,1659_5,NA,NA,1,NA,NA,NA,NA
sample1_SemiBin_69.fa,69.85120573789722,NA,NA,NA,NA,NA,1659_6,NA,NA,1,NA,NA,NA,NA
sample6_SemiBin_22.fa,75.00235515389922,NA,NA,NA,NA,NA,1659_7,NA,NA,1,NA,NA,NA,NA
sample7_SemiBin_65.fa,35.46029343656089,NA,NA,NA,NA,NA,1659_8,NA,NA,1,NA,NA,NA,NA
sample16_SemiBin_127.fa,41.46916460238222,NA,NA,NA,NA,NA,1659_9,NA,NA,1,NA,NA,NA,NA
sample13_SemiBin_109.fa,55.33232631466861,NA,NA,NA,NA,NA,1659_10,NA,NA,1,NA,NA,NA,NA
sample15_SemiBin_88.fa,60.45454790921416,NA,NA,NA,NA,NA,1659_11,NA,NA,1,NA,NA,NA,NA
snj04_SemiBin_56.fa,36.866747246746485,NA,NA,NA,NA,NA,1659_12,NA,NA,1,NA,NA,NA,NA
cpsnj09_SemiBin_135.fa,49.22972395840959,NA,NA,NA,NA,NA,1659_13,NA,NA,1,NA,NA,NA,NA
sample12_SemiBin_13.fa,47.95508065825965,NA,NA,NA,NA,NA,1660_0,NA,NA,1,NA,NA,NA,NA
sample27_SemiBin_32.fa,75.28179628688584,NA,NA,NA,NA,NA,1661_0,NA,NA,1,NA,NA,NA,NA
sample25_SemiBin_228.fa,48.4428640644368,NA,NA,NA,NA,NA,1662_1,NA,NA,1,NA,NA,NA,NA
sample6_SemiBin_86.fa,56.20675145678052,NA,NA,NA,NA,NA,1662_2,NA,NA,1,NA,NA,NA,NA
sample29_SemiBin_147.fa,35.264714462284374,NA,NA,NA,NA,NA,1663_0,NA,NA,1,NA,NA,NA,NA
sample29_SemiBin_22.fa,83.52474951653763,NA,NA,NA,NA,NA,1664_0,NA,NA,1,NA,NA,NA,NA
sample22_SemiBin_77.fa,77.99781474624763,NA,NA,NA,NA,NA,1665_1,NA,NA,1,NA,NA,NA,NA
sample27_SemiBin_115.fa,47.53062011792757,NA,NA,NA,NA,NA,1665_2,NA,NA,1,NA,NA,NA,NA
sample25_SemiBin_155.fa,49.27809817198492,NA,NA,NA,NA,NA,1665_3,NA,NA,1,NA,NA,NA,NA
sample29_SemiBin_56.fa,59.11958435726886,NA,NA,NA,NA,NA,1666_0,NA,NA,1,NA,NA,NA,NA
sample19_SemiBin_142.fa,34.37738449328259,NA,NA,NA,NA,NA,1667_0,NA,NA,1,NA,NA,NA,NA
sample22_SemiBin_78.fa,74.05211879885037,NA,NA,NA,NA,NA,1668_0,NA,NA,1,NA,NA,NA,NA
sample29_SemiBin_62.fa,74.16472946802106,NA,NA,NA,NA,NA,1669_0,NA,NA,1,NA,NA,NA,NA
sample27_SemiBin_74.fa,60.931168801278986,NA,NA,NA,NA,NA,1670_1,NA,NA,1,NA,NA,NA,NA
sample29_SemiBin_194.fa,44.97961291938437,NA,NA,NA,NA,NA,1670_2,NA,NA,1,NA,NA,NA,NA
sample30_SemiBin_38.fa,47.08989933318148,NA,NA,NA,NA,NA,1670_3,NA,NA,1,NA,NA,NA,NA
sample19_SemiBin_62.fa,69.72737492707101,NA,NA,NA,NA,NA,1671_1,NA,NA,1,NA,NA,NA,NA
sample25_SemiBin_24.fa,71.71051138173414,NA,NA,NA,NA,NA,1671_2,NA,NA,1,NA,NA,NA,NA
sample29_SemiBin_94.fa,65.72531138247368,NA,NA,NA,NA,NA,1671_3,NA,NA,1,NA,NA,NA,NA
sample15_SemiBin_171.fa,41.44002797000655,NA,NA,NA,NA,NA,1671_4,NA,NA,1,NA,NA,NA,NA
sample30_SemiBin_75.fa,42.43925826186678,NA,NA,NA,NA,NA,1671_5,NA,NA,1,NA,NA,NA,NA
sample27_SemiBin_47.fa,78.40177515250507,NA,NA,NA,NA,NA,1672_0,NA,NA,1,NA,NA,NA,NA
sample16_SemiBin_171.fa,45.26488565902733,NA,NA,NA,NA,NA,1673_0,NA,NA,1,NA,NA,NA,NA
sample6_SemiBin_76.fa,44.92458944845978,NA,NA,NA,NA,NA,1674_0,NA,NA,1,NA,NA,NA,NA
cpsnj01_SemiBin_22.fa,53.12165004668218,NA,NA,NA,NA,NA,1675_0,NA,NA,1,NA,NA,NA,NA
sample30_SemiBin_36.fa,34.161383392394875,NA,NA,NA,NA,NA,1676_0,NA,NA,1,NA,NA,NA,NA
sample10_SemiBin_58.fa,72.81308000985287,NA,NA,NA,NA,NA,1677_1,NA,NA,1,NA,NA,NA,NA
sample17_SemiBin_57.fa,65.49868581284377,NA,NA,NA,NA,NA,1677_2,NA,NA,1,NA,NA,NA,NA
sample13_SemiBin_117.fa,55.1027353183484,NA,NA,NA,NA,NA,1677_3,NA,NA,1,NA,NA,NA,NA
cpsnj13_SemiBin_92.fa,60.27985856111733,NA,NA,NA,NA,NA,1678_1,NA,NA,1,NA,NA,NA,NA
cpsnj16_SemiBin_85.fa,40.23188911909238,NA,NA,NA,NA,NA,1678_2,NA,NA,1,NA,NA,NA,NA
cpsnj08_SemiBin_94.fa,40.94214661314926,NA,NA,NA,NA,NA,1678_3,NA,NA,1,NA,NA,NA,NA
cpsnj04_SemiBin_74.fa,52.28082806998136,NA,NA,NA,NA,NA,1678_4,NA,NA,1,NA,NA,NA,NA
cpsnj09_SemiBin_112.fa,53.1995950995779,NA,NA,NA,NA,NA,1678_5,NA,NA,1,NA,NA,NA,NA
sample26_SemiBin_199.fa,16.934693976290877,NA,NA,NA,NA,NA,1678_6,NA,NA,1,NA,NA,NA,NA
sample16_SemiBin_29.fa,78.27616195376699,NA,NA,NA,NA,NA,1678_7,NA,NA,1,NA,NA,NA,NA
sample7_SemiBin_47.fa,55.896643355767104,NA,NA,NA,NA,NA,1678_8,NA,NA,1,NA,NA,NA,NA
sample6_SemiBin_137.fa,48.58313049009605,NA,NA,NA,NA,NA,1678_9,NA,NA,1,NA,NA,NA,NA
sample20_SemiBin_116.fa,32.26566486835207,NA,NA,NA,NA,NA,1678_10,NA,NA,1,NA,NA,NA,NA
sample9_SemiBin_62.fa,36.1630215624801,NA,NA,NA,NA,NA,1678_11,NA,NA,1,NA,NA,NA,NA
cpsnj03_SemiBin_205.fa,48.57693363734273,NA,NA,NA,NA,NA,1678_12,NA,NA,1,NA,NA,NA,NA
sample25_SemiBin_209.fa,28.179222456808205,NA,NA,NA,NA,NA,1678_13,NA,NA,1,NA,NA,NA,NA
sample27_SemiBin_66.fa,34.07404527948523,NA,NA,NA,NA,NA,1678_14,NA,NA,1,NA,NA,NA,NA
sample17_SemiBin_273.fa,39.54956031984755,NA,NA,NA,NA,NA,1679_0,NA,NA,1,NA,NA,NA,NA
sample19_SemiBin_289.fa,56.00800059054203,NA,NA,NA,NA,NA,1680_0,NA,NA,1,NA,NA,NA,NA
sample22_SemiBin_43.fa,69.39510761930069,NA,NA,NA,NA,NA,1681_1,NA,NA,1,NA,NA,NA,NA
sample7_SemiBin_59.fa,56.30423992147217,NA,NA,NA,NA,NA,1681_2,NA,NA,1,NA,NA,NA,NA
sample18_SemiBin_248.fa,25.026017835704444,NA,NA,NA,NA,NA,1681_3,NA,NA,1,NA,NA,NA,NA
sample23_SemiBin_119.fa,37.155706707435534,NA,NA,NA,NA,NA,1681_4,NA,NA,1,NA,NA,NA,NA
sample2_SemiBin_42.fa,50.20195485845463,NA,NA,NA,NA,NA,1681_5,NA,NA,1,NA,NA,NA,NA
sample3_SemiBin_88.fa,36.75239798314039,NA,NA,NA,NA,NA,1681_6,NA,NA,1,NA,NA,NA,NA
sample15_SemiBin_1856.fa,11.327526956839874,NA,NA,NA,NA,NA,1681_7,NA,NA,1,NA,NA,NA,NA
sample22_SemiBin_105.fa,38.67239485083164,NA,NA,NA,NA,NA,1682_0,NA,NA,1,NA,NA,NA,NA
sample18_SemiBin_37.fa,90.93507305514122,NA,NA,NA,NA,NA,1683_0,NA,NA,1,NA,NA,NA,NA
cpsnj10_SemiBin_44.fa,83.78282950169523,NA,NA,NA,NA,NA,1684_0,NA,NA,1,NA,NA,NA,NA
cpsnj09_SemiBin_140.fa,33.66152522342509,NA,NA,NA,NA,NA,1685_1,NA,NA,1,NA,NA,NA,NA
snj11_SemiBin_127.fa,52.38722058678727,NA,NA,NA,NA,NA,1685_2,NA,NA,1,NA,NA,NA,NA
sample22_SemiBin_84.fa,76.23450366580454,NA,NA,NA,NA,NA,1685_3,NA,NA,1,NA,NA,NA,NA
sample6_SemiBin_56.fa,57.37192458074147,NA,NA,NA,NA,NA,1685_4,NA,NA,1,NA,NA,NA,NA
sample15_SemiBin_145.fa,53.41864578952254,NA,NA,NA,NA,NA,1685_5,NA,NA,1,NA,NA,NA,NA
sample28_SemiBin_49.fa,31.840006755704987,NA,NA,NA,NA,NA,1685_6,NA,NA,1,NA,NA,NA,NA
snj04_SemiBin_187.fa,49.1908300853322,NA,NA,NA,NA,NA,1685_7,NA,NA,1,NA,NA,NA,NA
cpsnj02_SemiBin_213.fa,39.24379720200657,NA,NA,NA,NA,NA,1686_0,NA,NA,1,NA,NA,NA,NA
sample20_SemiBin_120.fa,44.29308010974386,NA,NA,NA,NA,NA,1687_0,NA,NA,1,NA,NA,NA,NA
sample1_SemiBin_116.fa,52.09818209814705,NA,NA,NA,NA,NA,1688_1,NA,NA,1,NA,NA,NA,NA
sample5_SemiBin_150.fa,56.25419779181219,NA,NA,NA,NA,NA,1688_2,NA,NA,1,NA,NA,NA,NA
sample18_SemiBin_129.fa,61.23033283878119,NA,NA,NA,NA,NA,1689_0,NA,NA,1,NA,NA,NA,NA
sample18_SemiBin_213.fa,61.60008467091421,NA,NA,NA,NA,NA,1690_0,NA,NA,1,NA,NA,NA,NA
cpsnj13_SemiBin_53.fa,60.35753327924638,NA,NA,NA,NA,NA,1691_0,NA,NA,1,NA,NA,NA,NA
snj13_SemiBin_62.fa,54.94250792206608,NA,NA,NA,NA,NA,1692_0,NA,NA,1,NA,NA,NA,NA
sample1_SemiBin_113.fa,53.05673402851988,NA,NA,NA,NA,NA,1693_1,NA,NA,1,NA,NA,NA,NA
sample21_SemiBin_69.fa,42.22426769049389,NA,NA,NA,NA,NA,1693_2,NA,NA,1,NA,NA,NA,NA
cpsnj14_SemiBin_60.fa,52.02099185619999,NA,NA,NA,NA,NA,1694_0,NA,NA,1,NA,NA,NA,NA
sample27_SemiBin_86.fa,43.878836761640684,NA,NA,NA,NA,NA,1695_0,NA,NA,1,NA,NA,NA,NA
sample29_SemiBin_139.fa,59.706067156734,NA,NA,NA,NA,NA,1696_0,NA,NA,1,NA,NA,NA,NA
sample4_SemiBin_94.fa,53.2444258728036,NA,NA,NA,NA,NA,1697_0,NA,NA,1,NA,NA,NA,NA
sample10_SemiBin_57.fa,79.63138311552522,NA,NA,NA,NA,NA,1698_1,NA,NA,1,NA,NA,NA,NA
sample13_SemiBin_107.fa,51.42051009723486,NA,NA,NA,NA,NA,1698_2,NA,NA,1,NA,NA,NA,NA
sample4_SemiBin_81.fa,47.31304203169288,NA,NA,NA,NA,NA,1699_0,NA,NA,1,NA,NA,NA,NA
sample18_SemiBin_107.fa,73.13095268887359,NA,NA,NA,NA,NA,1700_1,NA,NA,1,NA,NA,NA,NA
sample25_SemiBin_53.fa,53.32782523574538,NA,NA,NA,NA,NA,1700_2,NA,NA,1,NA,NA,NA,NA
sample29_SemiBin_102.fa,71.90836480473396,NA,NA,NA,NA,NA,1701_0,NA,NA,1,NA,NA,NA,NA
sample18_SemiBin_170.fa,29.14409212486413,NA,NA,NA,NA,NA,1702_1,NA,NA,1,NA,NA,NA,NA
sample1_SemiBin_95.fa,67.3173326812178,NA,NA,NA,NA,NA,1702_2,NA,NA,1,NA,NA,NA,NA
cpsnj04_SemiBin_88.fa,39.45473310580167,NA,NA,NA,NA,NA,1703_1,NA,NA,1,NA,NA,NA,NA
snj04_SemiBin_63.fa,44.06873668032489,NA,NA,NA,NA,NA,1703_2,NA,NA,1,NA,NA,NA,NA
snj08_SemiBin_62.fa,75.12433621204566,NA,NA,NA,NA,NA,1703_3,NA,NA,1,NA,NA,NA,NA
snj16_SemiBin_58.fa,34.33070112421899,NA,NA,NA,NA,NA,1703_4,NA,NA,1,NA,NA,NA,NA
cpsnj11_SemiBin_174.fa,50.69191015380411,NA,NA,NA,NA,NA,1703_5,NA,NA,1,NA,NA,NA,NA
snj11_SemiBin_76.fa,69.85562058747868,NA,NA,NA,NA,NA,1703_6,NA,NA,1,NA,NA,NA,NA
snj14_SemiBin_62.fa,43.55482293698898,NA,NA,NA,NA,NA,1703_7,NA,NA,1,NA,NA,NA,NA
snj15_SemiBin_40.fa,41.634421997220464,NA,NA,NA,NA,NA,1703_8,NA,NA,1,NA,NA,NA,NA
cpsnj14_SemiBin_110.fa,44.40912762642905,NA,NA,NA,NA,NA,1703_9,NA,NA,1,NA,NA,NA,NA
sample20_SemiBin_167.fa,43.0731746947914,NA,NA,NA,NA,NA,1703_10,NA,NA,1,NA,NA,NA,NA
cpsnj08_SemiBin_93.fa,44.4351713802462,NA,NA,NA,NA,NA,1703_11,NA,NA,1,NA,NA,NA,NA
cpsnj19_SemiBin_113.fa,29.365406518337213,NA,NA,NA,NA,NA,1703_12,NA,NA,1,NA,NA,NA,NA
snj20_SemiBin_122.fa,42.37025776055612,NA,NA,NA,NA,NA,1703_13,NA,NA,1,NA,NA,NA,NA
sample26_SemiBin_60.fa,37.090455363117925,NA,NA,NA,NA,NA,1704_1,NA,NA,1,NA,NA,NA,NA
sample4_SemiBin_75.fa,57.63728285230223,NA,NA,NA,NA,NA,1704_2,NA,NA,1,NA,NA,NA,NA
sample7_SemiBin_94.fa,51.544304971351856,NA,NA,NA,NA,NA,1705_0,NA,NA,1,NA,NA,NA,NA
cpsnj14_SemiBin_118.fa,57.68289694558801,NA,NA,NA,NA,NA,1706_0,NA,NA,1,NA,NA,NA,NA
cpsnj09_SemiBin_131.fa,66.80509697918248,NA,NA,NA,NA,NA,1707_0,NA,NA,1,NA,NA,NA,NA
sample1_SemiBin_78.fa,55.05623142213917,NA,NA,NA,NA,NA,1708_0,NA,NA,1,NA,NA,NA,NA
sample17_SemiBin_87.fa,64.83594654329735,NA,NA,NA,NA,NA,1709_1,NA,NA,1,NA,NA,NA,NA
sample18_SemiBin_1.fa,98.0372161818204,NA,NA,NA,NA,NA,1709_2,NA,NA,1,NA,NA,NA,NA
sample16_SemiBin_4.fa,101.65285426102218,NA,NA,NA,NA,NA,1709_3,NA,NA,2,99.09,99.09,NA,NA
sample15_SemiBin_198.fa,39.09906763255659,NA,NA,NA,NA,NA,1709_4,NA,NA,1,NA,NA,NA,NA
sample3_SemiBin_105.fa,60.04190606443643,NA,NA,NA,NA,NA,1709_5,NA,NA,1,NA,NA,NA,NA
sample4_SemiBin_18.fa,83.09902291300413,NA,NA,NA,NA,NA,1709_6,NA,NA,1,NA,NA,NA,NA
sample26_SemiBin_130.fa,58.99031681777704,NA,NA,NA,NA,NA,1709_7,NA,NA,1,NA,NA,NA,NA
cpsnj09_SemiBin_114.fa,44.43525963575024,NA,NA,NA,NA,NA,1710_0,NA,NA,1,NA,NA,NA,NA
sample18_SemiBin_109.fa,75.0563400359815,NA,NA,NA,NA,NA,1711_0,NA,NA,1,NA,NA,NA,NA
sample18_SemiBin_74.fa,76.83447376659738,NA,NA,NA,NA,NA,1712_1,NA,NA,1,NA,NA,NA,NA
sample25_SemiBin_97.fa,50.18485013693634,NA,NA,NA,NA,NA,1712_2,NA,NA,1,NA,NA,NA,NA
sample15_SemiBin_288.fa,53.88941510397899,NA,NA,NA,NA,NA,1713_0,NA,NA,1,NA,NA,NA,NA
sample16_SemiBin_148.fa,33.82985104349191,NA,NA,NA,NA,NA,1714_1,NA,NA,1,NA,NA,NA,NA
sample7_SemiBin_238.fa,29.609698393243008,NA,NA,NA,NA,NA,1714_2,NA,NA,1,NA,NA,NA,NA
sample18_SemiBin_69.fa,69.79918290480495,NA,NA,NA,NA,NA,1714_3,NA,NA,1,NA,NA,NA,NA
cpsnj09_SemiBin_127.fa,21.59012595597425,NA,NA,NA,NA,NA,1715_0,NA,NA,1,NA,NA,NA,NA
cpsnj04_SemiBin_82.fa,60.25546783610035,NA,NA,NA,NA,NA,1716_1,NA,NA,1,NA,NA,NA,NA
snj04_SemiBin_59.fa,41.67862404423017,NA,NA,NA,NA,NA,1716_2,NA,NA,1,NA,NA,NA,NA
sample7_SemiBin_115.fa,59.29594532165983,NA,NA,NA,NA,NA,1717_0,NA,NA,1,NA,NA,NA,NA
cpsnj16_SemiBin_130.fa,49.55692704991592,NA,NA,NA,NA,NA,1718_1,NA,NA,1,NA,NA,NA,NA
sample15_SemiBin_101.fa,39.96458788924117,NA,NA,NA,NA,NA,1718_2,NA,NA,1,NA,NA,NA,NA
sample18_SemiBin_94.fa,73.86063626617442,NA,NA,NA,NA,NA,1719_0,NA,NA,1,NA,NA,NA,NA
sample18_SemiBin_6.fa,100.7549413183215,NA,NA,NA,NA,NA,1720_1,NA,NA,2,99.44,99.44,NA,NA
sample17_SemiBin_85.fa,55.93148372511094,NA,NA,NA,NA,NA,1720_2,NA,NA,1,NA,NA,NA,NA
sample3_SemiBin_12.fa,82.01091195636994,NA,NA,NA,NA,NA,1721_1,NA,NA,1,NA,NA,NA,NA
sample4_SemiBin_7.fa,94.32019305902853,NA,NA,NA,NA,NA,1721_2,NA,NA,1,NA,NA,NA,NA
sample1_SemiBin_35.fa,79.94030235389066,NA,NA,NA,NA,NA,1721_3,NA,NA,1,NA,NA,NA,NA
sample7_SemiBin_35.fa,80.24897782149598,NA,NA,NA,NA,NA,1721_4,NA,NA,1,NA,NA,NA,NA
sample17_SemiBin_152.fa,26.065664266852785,NA,NA,NA,NA,NA,1721_5,NA,NA,1,NA,NA,NA,NA
sample19_SemiBin_112.fa,67.44510303407729,NA,NA,NA,NA,NA,1722_0,NA,NA,1,NA,NA,NA,NA
sample19_SemiBin_24.fa,89.34438217059262,NA,NA,NA,NA,NA,1723_0,NA,NA,1,NA,NA,NA,NA
sample17_SemiBin_67.fa,69.70344849140508,NA,NA,NA,NA,NA,1724_0,NA,NA,1,NA,NA,NA,NA
sample1_SemiBin_184.fa,56.14775136705867,NA,NA,NA,NA,NA,1725_1,NA,NA,1,NA,NA,NA,NA
sample27_SemiBin_187.fa,42.98708217638957,NA,NA,NA,NA,NA,1725_2,NA,NA,1,NA,NA,NA,NA
sample14_SemiBin_121.fa,47.28037417466441,NA,NA,NA,NA,NA,1726_1,NA,NA,1,NA,NA,NA,NA
sample6_SemiBin_100.fa,60.25831475757901,NA,NA,NA,NA,NA,1726_2,NA,NA,1,NA,NA,NA,NA
sample2_SemiBin_57.fa,35.228054833530294,NA,NA,NA,NA,NA,1726_3,NA,NA,1,NA,NA,NA,NA
sample7_SemiBin_213.fa,32.92903598548815,NA,NA,NA,NA,NA,1726_4,NA,NA,1,NA,NA,NA,NA
sample18_SemiBin_413.fa,28.91507879545788,NA,NA,NA,NA,NA,1726_5,NA,NA,1,NA,NA,NA,NA
cpsnj09_SemiBin_19.fa,70.09839911668264,NA,NA,NA,NA,NA,1726_6,NA,NA,1,NA,NA,NA,NA
cpsnj14_SemiBin_22.fa,84.59917185397025,NA,NA,NA,NA,NA,1727_1,NA,NA,1,NA,NA,NA,NA
snj14_SemiBin_64.fa,51.26522184729438,NA,NA,NA,NA,NA,1727_2,NA,NA,1,NA,NA,NA,NA
cpsnj16_SemiBin_71.fa,69.0315618239319,NA,NA,NA,NA,NA,1727_3,NA,NA,1,NA,NA,NA,NA
sample18_SemiBin_87.fa,85.18699837660887,NA,NA,NA,NA,NA,1727_4,NA,NA,1,NA,NA,NA,NA
snj15_SemiBin_165.fa,24.7425453476185,NA,NA,NA,NA,NA,1727_5,NA,NA,1,NA,NA,NA,NA
sample12_SemiBin_72.fa,38.01197593146436,NA,NA,NA,NA,NA,1728_0,NA,NA,1,NA,NA,NA,NA
sample23_SemiBin_40.fa,60.83264630968565,NA,NA,NA,NA,NA,1729_1,NA,NA,1,NA,NA,NA,NA
sample7_SemiBin_54.fa,49.91037202229932,NA,NA,NA,NA,NA,1729_2,NA,NA,1,NA,NA,NA,NA
sample22_SemiBin_100.fa,54.47188335461317,NA,NA,NA,NA,NA,1729_3,NA,NA,1,NA,NA,NA,NA
sample2_SemiBin_39.fa,69.65946410842703,NA,NA,NA,NA,NA,1729_4,NA,NA,1,NA,NA,NA,NA
sample15_SemiBin_120.fa,54.32458367514924,NA,NA,NA,NA,NA,1729_5,NA,NA,1,NA,NA,NA,NA
sample16_SemiBin_118.fa,23.53212919598211,NA,NA,NA,NA,NA,1729_6,NA,NA,1,NA,NA,NA,NA
sample14_SemiBin_33.fa,60.40447404790028,NA,NA,NA,NA,NA,1729_7,NA,NA,1,NA,NA,NA,NA
sample18_SemiBin_311.fa,84.91785481408488,NA,NA,NA,NA,NA,1729_8,NA,NA,1,NA,NA,NA,NA
sample25_SemiBin_190.fa,44.16978491774816,NA,NA,NA,NA,NA,1729_9,NA,NA,1,NA,NA,NA,NA
sample1_SemiBin_94.fa,69.46591900603012,NA,NA,NA,NA,NA,1729_10,NA,NA,1,NA,NA,NA,NA
sample6_SemiBin_179.fa,23.21828560960808,NA,NA,NA,NA,NA,1729_11,NA,NA,1,NA,NA,NA,NA
sample19_SemiBin_303.fa,49.785500742470205,NA,NA,NA,NA,NA,1730_0,NA,NA,1,NA,NA,NA,NA
sample13_SemiBin_153.fa,19.22805187918298,NA,NA,NA,NA,NA,1731_0,NA,NA,1,NA,NA,NA,NA
sample11_SemiBin_67.fa,70.49978792678054,NA,NA,NA,NA,NA,1732_1,NA,NA,1,NA,NA,NA,NA
sample12_SemiBin_83.fa,35.29669208407756,NA,NA,NA,NA,NA,1732_2,NA,NA,1,NA,NA,NA,NA
sample13_SemiBin_76.fa,57.611668566933886,NA,NA,NA,NA,NA,1732_3,NA,NA,1,NA,NA,NA,NA
sample16_SemiBin_274.fa,60.74513149440602,NA,NA,NA,NA,NA,1733_0,NA,NA,1,NA,NA,NA,NA
sample25_SemiBin_264.fa,58.52673877368128,NA,NA,NA,NA,NA,1734_1,NA,NA,1,NA,NA,NA,NA
sample4_SemiBin_83.fa,50.35574081519353,NA,NA,NA,NA,NA,1734_2,NA,NA,1,NA,NA,NA,NA
sample17_SemiBin_459.fa,33.68965946045571,NA,NA,NA,NA,NA,1734_3,NA,NA,1,NA,NA,NA,NA
sample16_SemiBin_164.fa,39.74028979606436,NA,NA,NA,NA,NA,1735_1,NA,NA,1,NA,NA,NA,NA
sample18_SemiBin_270.fa,54.94676059087334,NA,NA,NA,NA,NA,1735_2,NA,NA,1,NA,NA,NA,NA
sample4_SemiBin_232.fa,50.839774379484425,NA,NA,NA,NA,NA,1735_3,NA,NA,1,NA,NA,NA,NA
sample25_SemiBin_708.fa,18.91868972829336,NA,NA,NA,NA,NA,1735_4,NA,NA,1,NA,NA,NA,NA
sample25_SemiBin_61.fa,55.21921219020886,NA,NA,NA,NA,NA,1736_1,NA,NA,1,NA,NA,NA,NA
sample30_SemiBin_17.fa,58.86582472356076,NA,NA,NA,NA,NA,1736_2,NA,NA,1,NA,NA,NA,NA
sample3_SemiBin_22.fa,88.27826067721332,NA,NA,NA,NA,NA,1736_3,NA,NA,3,99.23,99.00,NA,NA
sample17_SemiBin_78.fa,76.77911954178543,NA,NA,NA,NA,NA,1736_4,NA,NA,1,NA,NA,NA,NA
sample16_SemiBin_103.fa,47.53550056909377,NA,NA,NA,NA,NA,1736_5,NA,NA,1,NA,NA,NA,NA
sample7_SemiBin_40.fa,88.32086064217972,NA,NA,NA,NA,NA,1736_6,NA,NA,1,NA,NA,NA,NA
cpsnj14_SemiBin_23.fa,88.29194724070213,NA,NA,NA,NA,NA,1736_7,NA,NA,1,NA,NA,NA,NA
snj13_SemiBin_22.fa,72.26317480880579,NA,NA,NA,NA,NA,1736_8,NA,NA,1,NA,NA,NA,NA
cpsnj04_SemiBin_9.fa,93.00909764938972,NA,NA,NA,NA,NA,1736_9,NA,NA,1,NA,NA,NA,NA
snj15_SemiBin_21.fa,68.90287793791104,NA,NA,NA,NA,NA,1736_10,NA,NA,1,NA,NA,NA,NA
snj04_SemiBin_12.fa,81.96197996968831,NA,NA,NA,NA,NA,1736_11,NA,NA,1,NA,NA,NA,NA
sample26_SemiBin_65.fa,69.98960692375701,NA,NA,NA,NA,NA,1736_12,NA,NA,1,NA,NA,NA,NA
sample22_SemiBin_152.fa,83.84634303352388,NA,NA,NA,NA,NA,1736_13,NA,NA,1,NA,NA,NA,NA
cpsnj16_SemiBin_162.fa,54.41730546009524,NA,NA,NA,NA,NA,1736_14,NA,NA,1,NA,NA,NA,NA
sample20_SemiBin_79.fa,50.19258762758652,NA,NA,NA,NA,NA,1736_15,NA,NA,1,NA,NA,NA,NA
cpsnj09_SemiBin_68.fa,84.41362101070503,NA,NA,NA,NA,NA,1736_16,NA,NA,1,NA,NA,NA,NA
sample12_SemiBin_504.fa,21.280053590005704,NA,NA,NA,NA,NA,1736_17,NA,NA,1,NA,NA,NA,NA
cpsnj13_SemiBin_49.fa,76.64020504176932,NA,NA,NA,NA,NA,1737_0,NA,NA,1,NA,NA,NA,NA
sample12_SemiBin_1168.fa,11.411996142351684,NA,NA,NA,NA,NA,1738_0,NA,NA,1,NA,NA,NA,NA
sample1_SemiBin_64.fa,81.03602768286477,NA,NA,NA,NA,NA,1739_0,NA,NA,1,NA,NA,NA,NA
cpsnj13_SemiBin_82.fa,29.0285573029884,NA,NA,NA,NA,NA,1740_1,NA,NA,1,NA,NA,NA,NA
snj09_SemiBin_248.fa,50.04071969395277,NA,NA,NA,NA,NA,1740_2,NA,NA,1,NA,NA,NA,NA
sample11_SemiBin_911.fa,3.5077208730804523,NA,NA,NA,NA,NA,1741_1,NA,NA,1,NA,NA,NA,NA
sample17_SemiBin_590.fa,16.240200980194434,NA,NA,NA,NA,NA,1741_2,NA,NA,1,NA,NA,NA,NA
cpsnj14_SemiBin_189.fa,57.58489625302373,NA,NA,NA,NA,NA,1741_3,NA,NA,1,NA,NA,NA,NA
sample26_SemiBin_143.fa,40.67337283071503,NA,NA,NA,NA,NA,1742_0,NA,NA,1,NA,NA,NA,NA
sample8_SemiBin_1849.fa,18.60432278126453,NA,NA,NA,NA,NA,1743_0,NA,NA,1,NA,NA,NA,NA
sample10_SemiBin_136.fa,39.61416159051222,NA,NA,NA,NA,NA,1744_1,NA,NA,1,NA,NA,NA,NA
sample22_SemiBin_142.fa,80.68329802747424,NA,NA,NA,NA,NA,1744_2,NA,NA,1,NA,NA,NA,NA
sample21_SemiBin_87.fa,55.45267675970699,NA,NA,NA,NA,NA,1744_3,NA,NA,1,NA,NA,NA,NA
sample20_SemiBin_108.fa,35.678055925952386,NA,NA,NA,NA,NA,1744_4,NA,NA,1,NA,NA,NA,NA
sample16_SemiBin_111.fa,57.68028846337742,NA,NA,NA,NA,NA,1744_5,NA,NA,1,NA,NA,NA,NA
sample15_SemiBin_175.fa,53.17725128639982,NA,NA,NA,NA,NA,1744_6,NA,NA,1,NA,NA,NA,NA
sample16_SemiBin_1786.fa,14.020671406799169,NA,NA,NA,NA,NA,1745_0,NA,NA,1,NA,NA,NA,NA
sample17_SemiBin_80.fa,66.41742240872983,NA,NA,NA,NA,NA,1746_0,NA,NA,1,NA,NA,NA,NA
sample14_SemiBin_26.fa,43.47405323057035,NA,NA,NA,NA,NA,1747_0,NA,NA,1,NA,NA,NA,NA
cpsnj11_SemiBin_82.fa,77.12782906277387,NA,NA,NA,NA,NA,1748_1,NA,NA,1,NA,NA,NA,NA
snj14_SemiBin_52.fa,77.51759580257504,NA,NA,NA,NA,NA,1748_2,NA,NA,1,NA,NA,NA,NA
cpsnj16_SemiBin_98.fa,56.26363450028536,NA,NA,NA,NA,NA,1748_3,NA,NA,1,NA,NA,NA,NA
cpsnj14_SemiBin_132.fa,36.623051799167605,NA,NA,NA,NA,NA,1748_4,NA,NA,1,NA,NA,NA,NA
sample14_SemiBin_60.fa,43.50081110690603,NA,NA,NA,NA,NA,1748_5,NA,NA,1,NA,NA,NA,NA
sample1_SemiBin_191.fa,34.706074804154866,NA,NA,NA,NA,NA,1749_0,NA,NA,1,NA,NA,NA,NA
sample14_SemiBin_91.fa,30.61125445656385,NA,NA,NA,NA,NA,1750_1,NA,NA,1,NA,NA,NA,NA
sample7_SemiBin_338.fa,51.47239910731625,NA,NA,NA,NA,NA,1750_2,NA,NA,1,NA,NA,NA,NA
sample9_SemiBin_68.fa,57.71648572735607,NA,NA,NA,NA,NA,1751_0,NA,NA,1,NA,NA,NA,NA
sample28_SemiBin_47.fa,55.50518246463463,NA,NA,NA,NA,NA,1752_0,NA,NA,1,NA,NA,NA,NA
sample25_SemiBin_171.fa,55.756911008913214,NA,NA,NA,NA,NA,1753_1,NA,NA,1,NA,NA,NA,NA
sample26_SemiBin_129.fa,55.88043108066516,NA,NA,NA,NA,NA,1753_2,NA,NA,1,NA,NA,NA,NA
sample22_SemiBin_151.fa,38.27766587377351,NA,NA,NA,NA,NA,1753_3,NA,NA,1,NA,NA,NA,NA
sample6_SemiBin_52.fa,55.15947228023227,NA,NA,NA,NA,NA,1753_4,NA,NA,1,NA,NA,NA,NA
cpsnj10_SemiBin_52.fa,73.23437743560297,NA,NA,NA,NA,NA,1754_1,NA,NA,1,NA,NA,NA,NA
cpsnj16_SemiBin_178.fa,42.46635070064941,NA,NA,NA,NA,NA,1754_2,NA,NA,1,NA,NA,NA,NA
cpsnj19_SemiBin_38.fa,72.95136136266639,NA,NA,NA,NA,NA,1755_1,NA,NA,1,NA,NA,NA,NA
snj03_SemiBin_58.fa,58.52659060567615,NA,NA,NA,NA,NA,1755_2,NA,NA,1,NA,NA,NA,NA
cpsnj03_SemiBin_144.fa,52.11202351580169,NA,NA,NA,NA,NA,1755_3,NA,NA,1,NA,NA,NA,NA
snj14_SemiBin_107.fa,33.50042263921602,NA,NA,NA,NA,NA,1755_4,NA,NA,1,NA,NA,NA,NA
sample27_SemiBin_130.fa,58.09809367419467,NA,NA,NA,NA,NA,1756_0,NA,NA,1,NA,NA,NA,NA
sample18_SemiBin_50.fa,94.47927024478795,NA,NA,NA,NA,NA,1757_1,NA,NA,2,99.14,99.14,NA,NA
sample3_SemiBin_115.fa,57.48624570034428,NA,NA,NA,NA,NA,1758_1,NA,NA,1,NA,NA,NA,NA
sample8_SemiBin_9.fa,95.73523155339468,NA,NA,NA,NA,NA,1758_2,NA,NA,1,NA,NA,NA,NA
sample4_SemiBin_137.fa,69.88977066040901,NA,NA,NA,NA,NA,1758_3,NA,NA,1,NA,NA,NA,NA
sample10_SemiBin_135.fa,63.7585846170057,NA,NA,NA,NA,NA,1758_4,NA,NA,1,NA,NA,NA,NA
cpsnj19_SemiBin_167.fa,60.44609799766232,NA,NA,NA,NA,NA,1759_1,NA,NA,1,NA,NA,NA,NA
sample1_SemiBin_161.fa,61.70035415998835,NA,NA,NA,NA,NA,1759_2,NA,NA,1,NA,NA,NA,NA
cpsnj16_SemiBin_49.fa,77.6781949054937,NA,NA,NA,NA,NA,1760_1,NA,NA,2,99.11,99.11,NA,NA
cpsnj09_SemiBin_141.fa,51.68329580604104,NA,NA,NA,NA,NA,1761_1,NA,NA,1,NA,NA,NA,NA
cpsnj16_SemiBin_140.fa,65.6329670641558,NA,NA,NA,NA,NA,1761_2,NA,NA,1,NA,NA,NA,NA
cpsnj11_SemiBin_123.fa,14.986835040097588,NA,NA,NA,NA,NA,1761_3,NA,NA,1,NA,NA,NA,NA
sample28_SemiBin_2.fa,66.99799023101981,NA,NA,NA,NA,NA,1762_0,NA,NA,1,NA,NA,NA,NA
cpsnj02_SemiBin_34.fa,73.07207997896079,NA,NA,NA,NA,NA,1763_1,NA,NA,1,NA,NA,NA,NA
snj02_SemiBin_7.fa,88.5228861382179,NA,NA,NA,NA,NA,1763_2,NA,NA,1,NA,NA,NA,NA
cpsnj11_SemiBin_143.fa,96.53538028215289,NA,NA,NA,NA,NA,1764_1,NA,NA,1,NA,NA,NA,NA
cpsnj16_SemiBin_74.fa,76.22834595107395,NA,NA,NA,NA,NA,1764_2,NA,NA,1,NA,NA,NA,NA
snj11_SemiBin_91.fa,66.10536960902401,NA,NA,NA,NA,NA,1764_3,NA,NA,1,NA,NA,NA,NA
cpsnj14_SemiBin_47.fa,57.0147548058989,NA,NA,NA,NA,NA,1764_4,NA,NA,1,NA,NA,NA,NA
sample28_SemiBin_66.fa,41.21448671723127,NA,NA,NA,NA,NA,1765_0,NA,NA,1,NA,NA,NA,NA
sample20_SemiBin_36.fa,66.65917600490117,NA,NA,NA,NA,NA,1766_1,NA,NA,1,NA,NA,NA,NA
sample6_SemiBin_58.fa,77.54357769866432,NA,NA,NA,NA,NA,1766_2,NA,NA,1,NA,NA,NA,NA
sample22_SemiBin_68.fa,78.96389587397273,NA,NA,NA,NA,NA,1766_3,NA,NA,1,NA,NA,NA,NA
sample1_SemiBin_72.fa,58.01858899106464,NA,NA,NA,NA,NA,1766_4,NA,NA,1,NA,NA,NA,NA
sample15_SemiBin_180.fa,57.14192664185294,NA,NA,NA,NA,NA,1766_5,NA,NA,1,NA,NA,NA,NA
sample16_SemiBin_194.fa,54.29503001767003,NA,NA,NA,NA,NA,1766_6,NA,NA,1,NA,NA,NA,NA
sample13_SemiBin_94.fa,59.80094098887599,NA,NA,NA,NA,NA,1766_7,NA,NA,1,NA,NA,NA,NA
sample21_SemiBin_99.fa,45.87115896931263,NA,NA,NA,NA,NA,1766_8,NA,NA,1,NA,NA,NA,NA
snj11_SemiBin_121.fa,44.3810551801806,NA,NA,NA,NA,NA,1767_1,NA,NA,1,NA,NA,NA,NA
snj20_SemiBin_44.fa,39.760594236218125,NA,NA,NA,NA,NA,1767_2,NA,NA,1,NA,NA,NA,NA
sample15_SemiBin_157.fa,57.474543386902376,NA,NA,NA,NA,NA,1768_1,NA,NA,1,NA,NA,NA,NA
sample20_SemiBin_111.fa,40.96072009280632,NA,NA,NA,NA,NA,1768_2,NA,NA,1,NA,NA,NA,NA
cpsnj03_SemiBin_80.fa,63.46990164331701,NA,NA,NA,NA,NA,1768_3,NA,NA,1,NA,NA,NA,NA
sample5_SemiBin_14.fa,94.66845668180854,NA,NA,NA,NA,NA,1768_4,NA,NA,1,NA,NA,NA,NA
sample9_SemiBin_37.fa,65.9151564448403,NA,NA,NA,NA,NA,1768_5,NA,NA,1,NA,NA,NA,NA
sample2_SemiBin_45.fa,51.01234704258602,NA,NA,NA,NA,NA,1768_6,NA,NA,1,NA,NA,NA,NA
sample16_SemiBin_90.fa,29.041531124132977,NA,NA,NA,NA,NA,1768_7,NA,NA,1,NA,NA,NA,NA
sample1_SemiBin_221.fa,37.7865750474054,NA,NA,NA,NA,NA,1768_8,NA,NA,1,NA,NA,NA,NA
sample16_SemiBin_169.fa,55.13853638759409,NA,NA,NA,NA,NA,1769_1,NA,NA,1,NA,NA,NA,NA
sample19_SemiBin_245.fa,34.825129260199816,NA,NA,NA,NA,NA,1769_2,NA,NA,1,NA,NA,NA,NA
sample18_SemiBin_48.fa,92.5139462483174,NA,NA,NA,NA,NA,1770_1,NA,NA,2,99.09,99.09,NA,NA
sample25_SemiBin_105.fa,51.34885420911824,NA,NA,NA,NA,NA,1770_2,NA,NA,1,NA,NA,NA,NA
sample1_SemiBin_100.fa,67.18733716317591,NA,NA,NA,NA,NA,1770_3,NA,NA,1,NA,NA,NA,NA
sample13_SemiBin_33.fa,87.40489278525307,NA,NA,NA,NA,NA,1770_4,NA,NA,1,NA,NA,NA,NA
sample19_SemiBin_94.fa,42.54393241911036,NA,NA,NA,NA,NA,1771_0,NA,NA,1,NA,NA,NA,NA
cpsnj19_SemiBin_685.fa,43.67613711318207,NA,NA,NA,NA,NA,1772_0,NA,NA,1,NA,NA,NA,NA
sample18_SemiBin_137.fa,44.99697432747707,NA,NA,NA,NA,NA,1773_0,NA,NA,1,NA,NA,NA,NA
sample18_SemiBin_91.fa,64.75362134708163,NA,NA,NA,NA,NA,1774_0,NA,NA,1,NA,NA,NA,NA
sample20_SemiBin_31.fa,86.3437914190708,NA,NA,NA,NA,NA,1775_0,NA,NA,1,NA,NA,NA,NA
snj03_SemiBin_21.fa,72.61470947759568,NA,NA,NA,NA,NA,1776_0,NA,NA,1,NA,NA,NA,NA
sample14_SemiBin_38.fa,17.637815486380873,NA,NA,NA,NA,NA,1777_0,NA,NA,1,NA,NA,NA,NA
sample20_SemiBin_30.fa,92.04567979357176,NA,NA,NA,NA,NA,1778_1,NA,NA,2,99.05,99.05,NA,NA
sample1_SemiBin_97.fa,56.78763181289209,NA,NA,NA,NA,NA,1778_2,NA,NA,1,NA,NA,NA,NA
cpsnj08_SemiBin_135.fa,31.640154715373075,NA,NA,NA,NA,NA,1779_1,NA,NA,1,NA,NA,NA,NA
snj13_SemiBin_29.fa,70.79914819178033,NA,NA,NA,NA,NA,1779_2,NA,NA,1,NA,NA,NA,NA
cpsnj11_SemiBin_33.fa,84.05833419650227,NA,NA,NA,NA,NA,1779_3,NA,NA,2,99.30,99.30,NA,NA
cpsnj10_SemiBin_16.fa,90.9817161342136,NA,NA,NA,NA,NA,1779_4,NA,NA,1,NA,NA,NA,NA
cpsnj09_SemiBin_80.fa,51.59492554893183,NA,NA,NA,NA,NA,1779_5,NA,NA,1,NA,NA,NA,NA
cpsnj03_SemiBin_142.fa,48.85266529653661,NA,NA,NA,NA,NA,1779_6,NA,NA,1,NA,NA,NA,NA
snj09_SemiBin_13.fa,89.22211639498246,NA,NA,NA,NA,NA,1780_0,NA,NA,1,NA,NA,NA,NA
cpsnj04_SemiBin_95.fa,53.06646924862896,NA,NA,NA,NA,NA,1781_1,NA,NA,1,NA,NA,NA,NA
sample7_SemiBin_14.fa,87.29352240103094,NA,NA,NA,NA,NA,1781_2,NA,NA,1,NA,NA,NA,NA
sample15_SemiBin_274.fa,37.41416199769266,NA,NA,NA,NA,NA,1781_3,NA,NA,1,NA,NA,NA,NA
cpsnj09_SemiBin_93.fa,58.15641512459253,NA,NA,NA,NA,NA,1782_0,NA,NA,1,NA,NA,NA,NA
cpsnj13_SemiBin_36.fa,62.33079802975576,NA,NA,NA,NA,NA,1783_0,NA,NA,1,NA,NA,NA,NA
sample5_SemiBin_180.fa,25.95672567301741,NA,NA,NA,NA,NA,1784_0,NA,NA,1,NA,NA,NA,NA
sample14_SemiBin_43.fa,55.30259049569485,NA,NA,NA,NA,NA,1785_0,NA,NA,1,NA,NA,NA,NA
sample15_SemiBin_102.fa,50.09983263343551,NA,NA,NA,NA,NA,1786_1,NA,NA,1,NA,NA,NA,NA
sample20_SemiBin_104.fa,52.387965553111925,NA,NA,NA,NA,NA,1786_2,NA,NA,1,NA,NA,NA,NA
sample3_SemiBin_23.fa,78.81320147794955,NA,NA,NA,NA,NA,1787_1,NA,NA,2,99.07,99.07,NA,NA
sample3_SemiBin_40.fa,45.48550970454247,NA,NA,NA,NA,NA,1788_1,NA,NA,1,NA,NA,NA,NA
sample4_SemiBin_72.fa,41.76825297489515,NA,NA,NA,NA,NA,1788_2,NA,NA,1,NA,NA,NA,NA
cpsnj13_SemiBin_63.fa,63.05061983132939,NA,NA,NA,NA,NA,1789_1,NA,NA,1,NA,NA,NA,NA
sample18_SemiBin_203.fa,59.17399607187853,NA,NA,NA,NA,NA,1789_2,NA,NA,1,NA,NA,NA,NA
snj13_SemiBin_21.fa,71.36502983659372,NA,NA,NA,NA,NA,1790_1,NA,NA,1,NA,NA,NA,NA
snj15_SemiBin_63.fa,45.7764148893332,NA,NA,NA,NA,NA,1790_2,NA,NA,1,NA,NA,NA,NA
sample18_SemiBin_28.fa,88.47729953403481,NA,NA,NA,NA,NA,1791_0,NA,NA,1,NA,NA,NA,NA
cpsnj14_SemiBin_82.fa,64.81833627631227,NA,NA,NA,NA,NA,1792_0,NA,NA,1,NA,NA,NA,NA
sample21_SemiBin_63.fa,53.51397834031201,NA,NA,NA,NA,NA,1793_0,NA,NA,1,NA,NA,NA,NA
cpsnj19_SemiBin_100.fa,57.878765887731184,NA,NA,NA,NA,NA,1794_1,NA,NA,1,NA,NA,NA,NA
snj20_SemiBin_15.fa,82.91339385624318,NA,NA,NA,NA,NA,1794_2,NA,NA,1,NA,NA,NA,NA
sample13_SemiBin_159.fa,40.644759335650846,NA,NA,NA,NA,NA,1795_1,NA,NA,1,NA,NA,NA,NA
sample18_SemiBin_30.fa,90.67928225633624,NA,NA,NA,NA,NA,1795_2,NA,NA,1,NA,NA,NA,NA
sample7_SemiBin_77.fa,57.627423400541936,NA,NA,NA,NA,NA,1796_0,NA,NA,1,NA,NA,NA,NA
sample18_SemiBin_284.fa,64.42352269019467,NA,NA,NA,NA,NA,1797_0,NA,NA,1,NA,NA,NA,NA
sample18_SemiBin_321.fa,72.79319415290308,NA,NA,NA,NA,NA,1798_0,NA,NA,1,NA,NA,NA,NA
sample18_SemiBin_85.fa,86.8355267138597,NA,NA,NA,NA,NA,1799_1,NA,NA,2,99.01,99.01,NA,NA
sample25_SemiBin_82.fa,71.22316324328698,NA,NA,NA,NA,NA,1799_2,NA,NA,1,NA,NA,NA,NA
sample17_SemiBin_98.fa,54.02106888996732,NA,NA,NA,NA,NA,1800_0,NA,NA,1,NA,NA,NA,NA
sample11_SemiBin_101.fa,54.75092871770958,NA,NA,NA,NA,NA,1801_1,NA,NA,1,NA,NA,NA,NA
sample12_SemiBin_92.fa,64.96005005502747,NA,NA,NA,NA,NA,1801_2,NA,NA,1,NA,NA,NA,NA
cpsnj11_SemiBin_59.fa,77.59838509908943,NA,NA,NA,NA,NA,1802_1,NA,NA,1,NA,NA,NA,NA
snj16_SemiBin_21.fa,57.668383074471855,NA,NA,NA,NA,NA,1802_2,NA,NA,1,NA,NA,NA,NA
cpsnj16_SemiBin_19.fa,77.76636211516629,NA,NA,NA,NA,NA,1802_3,NA,NA,1,NA,NA,NA,NA
cpsnj10_SemiBin_51.fa,69.97251830468484,NA,NA,NA,NA,NA,1802_4,NA,NA,1,NA,NA,NA,NA
cpsnj09_SemiBin_346.fa,55.81673229282178,NA,NA,NA,NA,NA,1802_5,NA,NA,1,NA,NA,NA,NA
snj11_SemiBin_117.fa,51.86949524158703,NA,NA,NA,NA,NA,1802_6,NA,NA,1,NA,NA,NA,NA
cpsnj13_SemiBin_99.fa,81.76005164362044,NA,NA,NA,NA,NA,1802_7,NA,NA,1,NA,NA,NA,NA
cpsnj14_SemiBin_40.fa,67.9787555796887,NA,NA,NA,NA,NA,1802_8,NA,NA,1,NA,NA,NA,NA
snj14_SemiBin_68.fa,62.48303400095115,NA,NA,NA,NA,NA,1802_9,NA,NA,1,NA,NA,NA,NA
sample11_SemiBin_12.fa,66.8716734258834,NA,NA,NA,NA,NA,1802_10,NA,NA,1,NA,NA,NA,NA
sample12_SemiBin_20.fa,62.05412795832037,NA,NA,NA,NA,NA,1802_11,NA,NA,1,NA,NA,NA,NA
cpsnj15_SemiBin_23.fa,65.24779202266481,NA,NA,NA,NA,NA,1802_12,NA,NA,1,NA,NA,NA,NA
sample15_SemiBin_103.fa,47.21288648587325,NA,NA,NA,NA,NA,1802_13,NA,NA,1,NA,NA,NA,NA
sample14_SemiBin_55.fa,16.76491065575463,NA,NA,NA,NA,NA,1802_14,NA,NA,1,NA,NA,NA,NA
sample22_SemiBin_109.fa,40.651603801018375,NA,NA,NA,NA,NA,1802_15,NA,NA,1,NA,NA,NA,NA
cpsnj08_SemiBin_27.fa,63.65804048849551,NA,NA,NA,NA,NA,1803_1,NA,NA,1,NA,NA,NA,NA
snj08_SemiBin_49.fa,66.87159219051222,NA,NA,NA,NA,NA,1803_2,NA,NA,1,NA,NA,NA,NA
snj03_SemiBin_64.fa,38.51570183501884,NA,NA,NA,NA,NA,1803_3,NA,NA,1,NA,NA,NA,NA
cpsnj03_SemiBin_52.fa,37.86182972601642,NA,NA,NA,NA,NA,1803_4,NA,NA,1,NA,NA,NA,NA
sample6_SemiBin_57.fa,41.65477312396546,NA,NA,NA,NA,NA,1803_5,NA,NA,1,NA,NA,NA,NA
sample26_SemiBin_40.fa,50.99146356575933,NA,NA,NA,NA,NA,1803_6,NA,NA,1,NA,NA,NA,NA
sample9_SemiBin_86.fa,30.19832471915156,NA,NA,NA,NA,NA,1803_7,NA,NA,1,NA,NA,NA,NA
cpsnj14_SemiBin_105.fa,42.23623758383908,NA,NA,NA,NA,NA,1804_0,NA,NA,1,NA,NA,NA,NA
cpsnj14_SemiBin_184.fa,51.96637524250058,NA,NA,NA,NA,NA,1805_1,NA,NA,1,NA,NA,NA,NA
snj14_SemiBin_43.fa,75.73940504026275,NA,NA,NA,NA,NA,1805_2,NA,NA,1,NA,NA,NA,NA
snj13_SemiBin_207.fa,49.40441954091833,NA,NA,NA,NA,NA,1805_3,NA,NA,1,NA,NA,NA,NA
sample1_SemiBin_60.fa,76.62191071564243,NA,NA,NA,NA,NA,1805_4,NA,NA,1,NA,NA,NA,NA
sample20_SemiBin_166.fa,49.17117807579935,NA,NA,NA,NA,NA,1805_5,NA,NA,1,NA,NA,NA,NA
sample7_SemiBin_204.fa,49.23213026647142,NA,NA,NA,NA,NA,1805_6,NA,NA,1,NA,NA,NA,NA
sample20_SemiBin_67.fa,74.47819178430785,NA,NA,NA,NA,NA,1806_1,NA,NA,1,NA,NA,NA,NA
snj14_SemiBin_54.fa,63.64509344348373,NA,NA,NA,NA,NA,1806_2,NA,NA,1,NA,NA,NA,NA
sample7_SemiBin_146.fa,51.53480930050173,NA,NA,NA,NA,NA,1807_0,NA,NA,1,NA,NA,NA,NA
sample17_SemiBin_20.fa,65.83941256087053,NA,NA,NA,NA,NA,1808_1,NA,NA,1,NA,NA,NA,NA
snj09_SemiBin_114.fa,34.62978958985159,NA,NA,NA,NA,NA,1808_2,NA,NA,1,NA,NA,NA,NA
sample2_SemiBin_35.fa,49.89599205849881,NA,NA,NA,NA,NA,1809_1,NA,NA,1,NA,NA,NA,NA
snj08_SemiBin_95.fa,23.57678507770575,NA,NA,NA,NA,NA,1809_2,NA,NA,1,NA,NA,NA,NA
sample18_SemiBin_189.fa,44.81677837406245,NA,NA,NA,NA,NA,1810_0,NA,NA,1,NA,NA,NA,NA
snj01_SemiBin_53.fa,41.948048004351406,NA,NA,NA,NA,NA,1811_0,NA,NA,1,NA,NA,NA,NA
snj02_SemiBin_33.fa,59.514458163513616,NA,NA,NA,NA,NA,1812_0,NA,NA,1,NA,NA,NA,NA
sample6_SemiBin_203.fa,72.9496718593447,NA,NA,NA,NA,NA,1813_0,NA,NA,1,NA,NA,NA,NA
sample15_SemiBin_139.fa,52.47812956518262,NA,NA,NA,NA,NA,1814_1,NA,NA,1,NA,NA,NA,NA
sample25_SemiBin_270.fa,51.31454248691633,NA,NA,NA,NA,NA,1814_2,NA,NA,1,NA,NA,NA,NA
sample19_SemiBin_102.fa,48.73057589116269,NA,NA,NA,NA,NA,1815_0,NA,NA,1,NA,NA,NA,NA
sample6_SemiBin_36.fa,51.9835356740441,NA,NA,NA,NA,NA,1816_0,NA,NA,1,NA,NA,NA,NA
sample21_SemiBin_62.fa,43.11124239118648,NA,NA,NA,NA,NA,1817_0,NA,NA,1,NA,NA,NA,NA
cpsnj11_SemiBin_63.fa,82.26889847291116,NA,NA,NA,NA,NA,1818_1,NA,NA,1,NA,NA,NA,NA
snj11_SemiBin_38.fa,69.43936589755026,NA,NA,NA,NA,NA,1818_2,NA,NA,1,NA,NA,NA,NA
cpsnj15_SemiBin_34.fa,35.172152187625635,NA,NA,NA,NA,NA,1818_3,NA,NA,1,NA,NA,NA,NA
cpsnj16_SemiBin_46.fa,75.43609195213745,NA,NA,NA,NA,NA,1818_4,NA,NA,1,NA,NA,NA,NA
snj16_SemiBin_60.fa,51.90926852106647,NA,NA,NA,NA,NA,1818_5,NA,NA,1,NA,NA,NA,NA
cpsnj09_SemiBin_132.fa,51.7898806455789,NA,NA,NA,NA,NA,1818_6,NA,NA,1,NA,NA,NA,NA
snj14_SemiBin_66.fa,59.20580616540756,NA,NA,NA,NA,NA,1818_7,NA,NA,1,NA,NA,NA,NA
snj03_SemiBin_41.fa,64.91974353572846,NA,NA,NA,NA,NA,1818_8,NA,NA,1,NA,NA,NA,NA
snj08_SemiBin_54.fa,48.0457703314577,NA,NA,NA,NA,NA,1818_9,NA,NA,1,NA,NA,NA,NA
cpsnj14_SemiBin_31.fa,51.61305638477936,NA,NA,NA,NA,NA,1818_10,NA,NA,1,NA,NA,NA,NA
sample13_SemiBin_55.fa,78.89491914180283,NA,NA,NA,NA,NA,1819_0,NA,NA,1,NA,NA,NA,NA
sample18_SemiBin_161.fa,66.85297714156633,NA,NA,NA,NA,NA,1820_0,NA,NA,1,NA,NA,NA,NA
sample29_SemiBin_288.fa,13.59636909224738,NA,NA,NA,NA,NA,1821_0,NA,NA,1,NA,NA,NA,NA
sample29_SemiBin_97.fa,66.97086945681023,NA,NA,NA,NA,NA,1822_0,NA,NA,1,NA,NA,NA,NA
sample17_SemiBin_21.fa,91.74780539604603,NA,NA,NA,NA,NA,1823_0,NA,NA,1,NA,NA,NA,NA
sample17_SemiBin_62.fa,40.592610955534006,NA,NA,NA,NA,NA,1824_0,NA,NA,1,NA,NA,NA,NA
sample1_SemiBin_112.fa,56.87600601802579,NA,NA,NA,NA,NA,1825_1,NA,NA,1,NA,NA,NA,NA
sample6_SemiBin_109.fa,60.34955335973442,NA,NA,NA,NA,NA,1825_2,NA,NA,1,NA,NA,NA,NA
sample24_SemiBin_104.fa,36.40309771551093,NA,NA,NA,NA,NA,1825_3,NA,NA,1,NA,NA,NA,NA
sample30_SemiBin_39.fa,55.01084503481899,NA,NA,NA,NA,NA,1825_4,NA,NA,1,NA,NA,NA,NA
sample4_SemiBin_70.fa,42.11781864579629,NA,NA,NA,NA,NA,1825_5,NA,NA,1,NA,NA,NA,NA
sample19_SemiBin_1712.fa,9.285359926847391,NA,NA,NA,NA,NA,1825_6,NA,NA,1,NA,NA,NA,NA
cpsnj09_SemiBin_102.fa,66.12936190981284,NA,NA,NA,NA,NA,1826_1,NA,NA,1,NA,NA,NA,NA
cpsnj10_SemiBin_36.fa,77.44630422090385,NA,NA,NA,NA,NA,1826_2,NA,NA,1,NA,NA,NA,NA
snj09_SemiBin_52.fa,70.3559908453387,NA,NA,NA,NA,NA,1826_3,NA,NA,1,NA,NA,NA,NA
cpsnj11_SemiBin_62.fa,76.48972256484932,NA,NA,NA,NA,NA,1826_4,NA,NA,1,NA,NA,NA,NA
snj11_SemiBin_61.fa,55.21148607292112,NA,NA,NA,NA,NA,1826_5,NA,NA,1,NA,NA,NA,NA
cpsnj08_SemiBin_44.fa,44.52288954248375,NA,NA,NA,NA,NA,1826_6,NA,NA,1,NA,NA,NA,NA
snj10_SemiBin_48.fa,45.569655545978925,NA,NA,NA,NA,NA,1826_7,NA,NA,1,NA,NA,NA,NA
sample28_SemiBin_40.fa,65.63967865873737,NA,NA,NA,NA,NA,1826_8,NA,NA,1,NA,NA,NA,NA
cpsnj14_SemiBin_53.fa,77.70662795310055,NA,NA,NA,NA,NA,1827_1,NA,NA,1,NA,NA,NA,NA
snj14_SemiBin_85.fa,62.12641699259064,NA,NA,NA,NA,NA,1827_2,NA,NA,1,NA,NA,NA,NA
snj15_SemiBin_47.fa,41.63501574742847,NA,NA,NA,NA,NA,1828_0,NA,NA,1,NA,NA,NA,NA
sample20_SemiBin_306.fa,34.338537614131496,NA,NA,NA,NA,NA,1829_1,NA,NA,1,NA,NA,NA,NA
sample7_SemiBin_16.fa,86.84379949112068,NA,NA,NA,NA,NA,1829_2,NA,NA,1,NA,NA,NA,NA
sample22_SemiBin_175.fa,42.99209446878738,NA,NA,NA,NA,NA,1830_0,NA,NA,1,NA,NA,NA,NA
cpsnj14_SemiBin_63.fa,62.98179038995893,NA,NA,NA,NA,NA,1831_1,NA,NA,2,98.96,98.96,NA,NA
snj14_SemiBin_127.fa,53.59105019082274,NA,NA,NA,NA,NA,1831_2,NA,NA,1,NA,NA,NA,NA
snj11_SemiBin_266.fa,47.21936600880258,NA,NA,NA,NA,NA,1831_3,NA,NA,1,NA,NA,NA,NA
cpsnj20_SemiBin_19.fa,83.3507606319422,NA,NA,NA,NA,NA,1832_1,NA,NA,1,NA,NA,NA,NA
sample28_SemiBin_15.fa,70.40091469860016,NA,NA,NA,NA,NA,1832_2,NA,NA,1,NA,NA,NA,NA
cpsnj09_SemiBin_37.fa,82.68712337479265,NA,NA,NA,NA,NA,1832_3,NA,NA,1,NA,NA,NA,NA
sample18_SemiBin_183.fa,63.37895833174812,NA,NA,NA,NA,NA,1833_1,NA,NA,1,NA,NA,NA,NA
sample5_SemiBin_56.fa,56.56495471603901,NA,NA,NA,NA,NA,1833_2,NA,NA,1,NA,NA,NA,NA
sample4_SemiBin_32.fa,60.156761076835714,NA,NA,NA,NA,NA,1833_3,NA,NA,1,NA,NA,NA,NA
sample2_SemiBin_152.fa,49.15766021325036,NA,NA,NA,NA,NA,1833_4,NA,NA,1,NA,NA,NA,NA
sample14_SemiBin_2.fa,81.89954381877149,NA,NA,NA,NA,NA,1834_1,NA,NA,3,99.47,99.04,NA,NA
sample13_SemiBin_367.fa,39.65848389063155,NA,NA,NA,NA,NA,1834_2,NA,NA,1,NA,NA,NA,NA
sample15_SemiBin_193.fa,70.60396948433745,NA,NA,NA,NA,NA,1835_1,NA,NA,1,NA,NA,NA,NA
sample22_SemiBin_416.fa,38.430941264501264,NA,NA,NA,NA,NA,1835_2,NA,NA,1,NA,NA,NA,NA
sample1_SemiBin_278.fa,56.4906680326984,NA,NA,NA,NA,NA,1835_3,NA,NA,1,NA,NA,NA,NA
sample20_SemiBin_689.fa,27.392967039750975,NA,NA,NA,NA,NA,1835_4,NA,NA,1,NA,NA,NA,NA
sample29_SemiBin_236.fa,29.54436460630096,NA,NA,NA,NA,NA,1835_5,NA,NA,1,NA,NA,NA,NA
snj02_SemiBin_48.fa,34.88592297848257,NA,NA,NA,NA,NA,1836_0,NA,NA,1,NA,NA,NA,NA
sample1_SemiBin_217.fa,62.05171275020325,NA,NA,NA,NA,NA,1837_1,NA,NA,1,NA,NA,NA,NA
sample4_SemiBin_51.fa,66.45748738057603,NA,NA,NA,NA,NA,1837_2,NA,NA,1,NA,NA,NA,NA
sample8_SemiBin_42.fa,71.84241648472545,NA,NA,NA,NA,NA,1837_3,NA,NA,1,NA,NA,NA,NA
sample3_SemiBin_56.fa,64.80469796293488,NA,NA,NA,NA,NA,1837_4,NA,NA,1,NA,NA,NA,NA
sample17_SemiBin_140.fa,63.58143688679055,NA,NA,NA,NA,NA,1837_5,NA,NA,1,NA,NA,NA,NA
sample27_SemiBin_72.fa,57.57100551361173,NA,NA,NA,NA,NA,1838_0,NA,NA,1,NA,NA,NA,NA
sample6_SemiBin_110.fa,39.13668960596176,NA,NA,NA,NA,NA,1839_0,NA,NA,1,NA,NA,NA,NA
sample11_SemiBin_82.fa,41.84424997592047,NA,NA,NA,NA,NA,1840_1,NA,NA,1,NA,NA,NA,NA
sample12_SemiBin_65.fa,60.34134047295188,NA,NA,NA,NA,NA,1840_2,NA,NA,1,NA,NA,NA,NA
sample13_SemiBin_259.fa,63.077121145312624,NA,NA,NA,NA,NA,1840_3,NA,NA,1,NA,NA,NA,NA
cpsnj14_SemiBin_97.fa,58.38311767038653,NA,NA,NA,NA,NA,1841_0,NA,NA,1,NA,NA,NA,NA
cpsnj08_SemiBin_74.fa,53.07653609252521,NA,NA,NA,NA,NA,1842_1,NA,NA,1,NA,NA,NA,NA
snj08_SemiBin_94.fa,60.81103089789325,NA,NA,NA,NA,NA,1842_2,NA,NA,1,NA,NA,NA,NA
cpsnj16_SemiBin_77.fa,50.855387899599016,NA,NA,NA,NA,NA,1842_3,NA,NA,1,NA,NA,NA,NA
cpsnj04_SemiBin_91.fa,34.994021278597124,NA,NA,NA,NA,NA,1842_4,NA,NA,1,NA,NA,NA,NA
snj03_SemiBin_170.fa,15.91277498805414,NA,NA,NA,NA,NA,1842_5,NA,NA,1,NA,NA,NA,NA
sample21_SemiBin_46.fa,62.59099700334221,NA,NA,NA,NA,NA,1842_6,NA,NA,1,NA,NA,NA,NA
sample13_SemiBin_125.fa,50.355456575502295,NA,NA,NA,NA,NA,1843_1,NA,NA,1,NA,NA,NA,NA
sample1_SemiBin_50.fa,87.19905726185142,NA,NA,NA,NA,NA,1843_2,NA,NA,1,NA,NA,NA,NA
sample18_SemiBin_140.fa,76.24502061483894,NA,NA,NA,NA,NA,1844_1,NA,NA,1,NA,NA,NA,NA
snj11_SemiBin_185.fa,71.1105767117846,NA,NA,NA,NA,NA,1844_2,NA,NA,1,NA,NA,NA,NA
cpsnj10_SemiBin_139.fa,67.88672931042817,NA,NA,NA,NA,NA,1844_3,NA,NA,1,NA,NA,NA,NA
sample20_SemiBin_357.fa,44.96175071730682,NA,NA,NA,NA,NA,1844_4,NA,NA,1,NA,NA,NA,NA
sample5_SemiBin_65.fa,66.56603341193842,NA,NA,NA,NA,NA,1845_1,NA,NA,1,NA,NA,NA,NA
sample6_SemiBin_105.fa,57.606686255732,NA,NA,NA,NA,NA,1845_2,NA,NA,1,NA,NA,NA,NA
cpsnj19_SemiBin_67.fa,55.94023487598876,NA,NA,NA,NA,NA,1845_3,NA,NA,1,NA,NA,NA,NA
snj15_SemiBin_141.fa,18.55608368347314,NA,NA,NA,NA,NA,1845_4,NA,NA,1,NA,NA,NA,NA
snj16_SemiBin_145.fa,46.60313116232796,NA,NA,NA,NA,NA,1845_5,NA,NA,1,NA,NA,NA,NA
snj03_SemiBin_117.fa,42.63609491572522,NA,NA,NA,NA,NA,1845_6,NA,NA,1,NA,NA,NA,NA
sample16_SemiBin_129.fa,41.93765539346689,NA,NA,NA,NA,NA,1845_7,NA,NA,1,NA,NA,NA,NA
cpsnj13_SemiBin_12.fa,55.56252631247,NA,NA,NA,NA,NA,1846_1,NA,NA,1,NA,NA,NA,NA
cpsnj14_SemiBin_254.fa,47.054956109359296,NA,NA,NA,NA,NA,1846_2,NA,NA,1,NA,NA,NA,NA
sample16_SemiBin_36.fa,82.36563257194946,NA,NA,NA,NA,NA,1847_1,NA,NA,1,NA,NA,NA,NA
sample7_SemiBin_73.fa,49.33703321016626,NA,NA,NA,NA,NA,1847_2,NA,NA,1,NA,NA,NA,NA
sample20_SemiBin_126.fa,58.07363237504544,NA,NA,NA,NA,NA,1847_3,NA,NA,1,NA,NA,NA,NA
sample15_SemiBin_146.fa,64.0745524421045,NA,NA,NA,NA,NA,1847_4,NA,NA,1,NA,NA,NA,NA
sample25_SemiBin_94.fa,50.206797491411024,NA,NA,NA,NA,NA,1847_5,NA,NA,1,NA,NA,NA,NA
sample8_SemiBin_101.fa,38.86949600126073,NA,NA,NA,NA,NA,1847_6,NA,NA,1,NA,NA,NA,NA
sample2_SemiBin_36.fa,56.13424994215672,NA,NA,NA,NA,NA,1847_7,NA,NA,1,NA,NA,NA,NA
sample27_SemiBin_48.fa,55.77846589873143,NA,NA,NA,NA,NA,1847_8,NA,NA,1,NA,NA,NA,NA
sample1_SemiBin_258.fa,51.21758480442581,NA,NA,NA,NA,NA,1847_9,NA,NA,1,NA,NA,NA,NA
sample22_SemiBin_127.fa,23.404871492090468,NA,NA,NA,NA,NA,1847_10,NA,NA,1,NA,NA,NA,NA
sample3_SemiBin_20.fa,59.29566426582488,NA,NA,NA,NA,NA,1847_11,NA,NA,1,NA,NA,NA,NA
cpsnj09_SemiBin_32.fa,70.41500576498748,NA,NA,NA,NA,NA,1847_12,NA,NA,1,NA,NA,NA,NA
cpsnj10_SemiBin_76.fa,69.59914125155412,NA,NA,NA,NA,NA,1847_13,NA,NA,1,NA,NA,NA,NA
snj09_SemiBin_181.fa,50.32771151237348,NA,NA,NA,NA,NA,1847_14,NA,NA,1,NA,NA,NA,NA
snj11_SemiBin_32.fa,67.86518311973285,NA,NA,NA,NA,NA,1847_15,NA,NA,1,NA,NA,NA,NA
snj10_SemiBin_25.fa,63.05612444843205,NA,NA,NA,NA,NA,1847_16,NA,NA,1,NA,NA,NA,NA
cpsnj11_SemiBin_207.fa,14.889037366135314,NA,NA,NA,NA,NA,1847_17,NA,NA,1,NA,NA,NA,NA
sample5_SemiBin_35.fa,72.22164191883964,NA,NA,NA,NA,NA,1847_18,NA,NA,1,NA,NA,NA,NA
sample9_SemiBin_122.fa,53.76649286841779,NA,NA,NA,NA,NA,1847_19,NA,NA,1,NA,NA,NA,NA
sample4_SemiBin_64.fa,75.46818709576772,NA,NA,NA,NA,NA,1847_20,NA,NA,1,NA,NA,NA,NA
cpsnj08_SemiBin_20.fa,76.74148033510708,NA,NA,NA,NA,NA,1847_21,NA,NA,1,NA,NA,NA,NA
snj08_SemiBin_63.fa,77.63220557497388,NA,NA,NA,NA,NA,1847_22,NA,NA,1,NA,NA,NA,NA
cpsnj16_SemiBin_43.fa,49.34507829199024,NA,NA,NA,NA,NA,1847_23,NA,NA,1,NA,NA,NA,NA
snj03_SemiBin_42.fa,59.56439759488201,NA,NA,NA,NA,NA,1847_24,NA,NA,1,NA,NA,NA,NA
cpsnj14_SemiBin_79.fa,63.433786869077245,NA,NA,NA,NA,NA,1847_25,NA,NA,1,NA,NA,NA,NA
snj14_SemiBin_40.fa,48.30186711124143,NA,NA,NA,NA,NA,1847_26,NA,NA,1,NA,NA,NA,NA
snj13_SemiBin_15.fa,82.00441866106827,NA,NA,NA,NA,NA,1847_27,NA,NA,1,NA,NA,NA,NA
cpsnj03_SemiBin_53.fa,51.18237312737418,NA,NA,NA,NA,NA,1847_28,NA,NA,1,NA,NA,NA,NA
snj15_SemiBin_16.fa,44.69187307120886,NA,NA,NA,NA,NA,1847_29,NA,NA,1,NA,NA,NA,NA
snj19_SemiBin_54.fa,46.02610396927332,NA,NA,NA,NA,NA,1847_30,NA,NA,1,NA,NA,NA,NA
sample23_SemiBin_49.fa,64.33195689324306,NA,NA,NA,NA,NA,1847_31,NA,NA,1,NA,NA,NA,NA
sample26_SemiBin_117.fa,52.424301413058174,NA,NA,NA,NA,NA,1847_32,NA,NA,1,NA,NA,NA,NA
snj04_SemiBin_65.fa,52.52761942728733,NA,NA,NA,NA,NA,1847_33,NA,NA,1,NA,NA,NA,NA
cpsnj19_SemiBin_28.fa,65.84981910842045,NA,NA,NA,NA,NA,1847_34,NA,NA,1,NA,NA,NA,NA
sample6_SemiBin_323.fa,51.225258497308864,NA,NA,NA,NA,NA,1847_35,NA,NA,1,NA,NA,NA,NA
cpsnj04_SemiBin_94.fa,11.686991054414843,NA,NA,NA,NA,NA,1847_36,NA,NA,1,NA,NA,NA,NA
sample21_SemiBin_75.fa,41.734797052588775,NA,NA,NA,NA,NA,1847_37,NA,NA,1,NA,NA,NA,NA
cpsnj15_SemiBin_113.fa,46.55509781828458,NA,NA,NA,NA,NA,1847_38,NA,NA,1,NA,NA,NA,NA
sample6_SemiBin_236.fa,29.607296101066183,NA,NA,NA,NA,NA,1848_0,NA,NA,1,NA,NA,NA,NA
cpsnj09_SemiBin_18.fa,85.37334989526832,NA,NA,NA,NA,NA,1849_1,NA,NA,3,99.45,99.27,NA,NA
snj11_SemiBin_11.fa,93.33272326533763,NA,NA,NA,NA,NA,1849_2,NA,NA,2,99.07,99.07,NA,NA
cpsnj13_SemiBin_8.fa,84.03712172828733,NA,NA,NA,NA,NA,1849_3,NA,NA,1,NA,NA,NA,NA
snj10_SemiBin_7.fa,71.79838435975883,NA,NA,NA,NA,NA,1849_4,NA,NA,1,NA,NA,NA,NA
sample28_SemiBin_163.fa,44.84897877894313,NA,NA,NA,NA,NA,1849_5,NA,NA,1,NA,NA,NA,NA
snj15_SemiBin_2.fa,89.07194066959696,NA,NA,NA,NA,NA,1850_1,NA,NA,9,99.42,98.80,NA,NA
snj16_SemiBin_15.fa,84.15372182589785,NA,NA,NA,NA,NA,1850_2,NA,NA,1,NA,NA,NA,NA
sample26_SemiBin_27.fa,84.40685318174674,NA,NA,NA,NA,NA,1850_3,NA,NA,1,NA,NA,NA,NA
sample20_SemiBin_13.fa,92.10253850005648,NA,NA,NA,NA,NA,1850_4,NA,NA,11,99.32,98.91,NA,NA
sample13_SemiBin_35.fa,84.16530658881787,NA,NA,NA,NA,NA,1850_5,NA,NA,1,NA,NA,NA,NA
sample1_SemiBin_98.fa,67.26263415674302,NA,NA,NA,NA,NA,1850_6,NA,NA,1,NA,NA,NA,NA
sample25_SemiBin_25.fa,54.71783627463342,NA,NA,NA,NA,NA,1850_7,NA,NA,1,NA,NA,NA,NA
sample16_SemiBin_40.fa,85.04524464495178,NA,NA,NA,NA,NA,1850_8,NA,NA,1,NA,NA,NA,NA
sample14_SemiBin_7.fa,84.68443300665943,NA,NA,NA,NA,NA,1850_9,NA,NA,1,NA,NA,NA,NA
sample27_SemiBin_121.fa,53.42166808564223,NA,NA,NA,NA,NA,1850_10,NA,NA,1,NA,NA,NA,NA
sample17_SemiBin_137.fa,55.304722486538495,NA,NA,NA,NA,NA,1850_11,NA,NA,1,NA,NA,NA,NA
sample2_SemiBin_460.fa,23.485120413937512,NA,NA,NA,NA,NA,1850_12,NA,NA,1,NA,NA,NA,NA
snj04_SemiBin_1716.fa,20.25267901590982,NA,NA,NA,NA,NA,1850_13,NA,NA,1,NA,NA,NA,NA
sample16_SemiBin_161.fa,50.743754867487006,NA,NA,NA,NA,NA,1851_1,NA,NA,1,NA,NA,NA,NA
sample7_SemiBin_322.fa,52.23770705978949,NA,NA,NA,NA,NA,1851_2,NA,NA,1,NA,NA,NA,NA
snj15_SemiBin_177.fa,56.12205030850084,NA,NA,NA,NA,NA,1851_3,NA,NA,1,NA,NA,NA,NA
cpsnj15_SemiBin_1258.fa,13.936905549334124,NA,NA,NA,NA,NA,1851_4,NA,NA,1,NA,NA,NA,NA
cpsnj09_SemiBin_22.fa,63.20167944911763,NA,NA,NA,NA,NA,1852_1,NA,NA,1,NA,NA,NA,NA
snj09_SemiBin_62.fa,52.93427196040435,NA,NA,NA,NA,NA,1852_2,NA,NA,1,NA,NA,NA,NA
cpsnj13_SemiBin_27.fa,80.65008086265354,NA,NA,NA,NA,NA,1852_3,NA,NA,1,NA,NA,NA,NA
cpsnj14_SemiBin_71.fa,43.914604030410885,NA,NA,NA,NA,NA,1852_4,NA,NA,1,NA,NA,NA,NA
cpsnj10_SemiBin_66.fa,56.91708402621453,NA,NA,NA,NA,NA,1852_5,NA,NA,1,NA,NA,NA,NA
snj10_SemiBin_41.fa,74.22156340446088,NA,NA,NA,NA,NA,1852_6,NA,NA,1,NA,NA,NA,NA
snj14_SemiBin_78.fa,44.65328532378215,NA,NA,NA,NA,NA,1852_7,NA,NA,1,NA,NA,NA,NA
snj09_SemiBin_84.fa,85.48986287694193,NA,NA,NA,NA,NA,1853_1,NA,NA,2,99.69,99.69,NA,NA
cpsnj13_SemiBin_120.fa,66.25313976277026,NA,NA,NA,NA,NA,1853_2,NA,NA,1,NA,NA,NA,NA
cpsnj09_SemiBin_116.fa,47.96324575138551,NA,NA,NA,NA,NA,1854_0,NA,NA,1,NA,NA,NA,NA
sample18_SemiBin_82.fa,90.12808886021205,NA,NA,NA,NA,NA,1855_1,NA,NA,2,99.19,99.19,NA,NA
sample10_SemiBin_98.fa,45.16228327699472,NA,NA,NA,NA,NA,1855_2,NA,NA,1,NA,NA,NA,NA
sample25_SemiBin_221.fa,71.47283786175632,NA,NA,NA,NA,NA,1855_3,NA,NA,1,NA,NA,NA,NA
sample17_SemiBin_144.fa,52.78800907727471,NA,NA,NA,NA,NA,1855_4,NA,NA,1,NA,NA,NA,NA
sample4_SemiBin_21.fa,71.77423308420796,NA,NA,NA,NA,NA,1855_5,NA,NA,1,NA,NA,NA,NA
sample3_SemiBin_127.fa,53.13400337775722,NA,NA,NA,NA,NA,1855_6,NA,NA,1,NA,NA,NA,NA
sample13_SemiBin_49.fa,80.59463342487946,NA,NA,NA,NA,NA,1855_7,NA,NA,1,NA,NA,NA,NA
sample19_SemiBin_13.fa,81.98725004275704,NA,NA,NA,NA,NA,1856_1,NA,NA,4,99.63,99.18,NA,NA
sample21_SemiBin_117.fa,65.5021933926508,NA,NA,NA,NA,NA,1856_2,NA,NA,1,NA,NA,NA,NA
sample11_SemiBin_112.fa,42.96396904868471,NA,NA,NA,NA,NA,1856_3,NA,NA,1,NA,NA,NA,NA
sample13_SemiBin_89.fa,92.77736354697866,NA,NA,NA,NA,NA,1856_4,NA,NA,1,NA,NA,NA,NA
sample18_SemiBin_83.fa,87.04596216527675,NA,NA,NA,NA,NA,1856_5,NA,NA,1,NA,NA,NA,NA
cpsnj19_SemiBin_81.fa,84.74252667043409,NA,NA,NA,NA,NA,1857_1,NA,NA,4,99.43,99.35,NA,NA
sample9_SemiBin_79.fa,62.40032416202208,NA,NA,NA,NA,NA,1857_2,NA,NA,1,NA,NA,NA,NA
cpsnj08_SemiBin_84.fa,55.01131625784364,NA,NA,NA,NA,NA,1857_3,NA,NA,1,NA,NA,NA,NA
cpsnj19_SemiBin_146.fa,49.31114775138637,NA,NA,NA,NA,NA,1858_1,NA,NA,1,NA,NA,NA,NA
snj19_SemiBin_64.fa,54.26024821014081,NA,NA,NA,NA,NA,1858_2,NA,NA,1,NA,NA,NA,NA
cpsnj14_SemiBin_32.fa,90.5694477561904,NA,NA,NA,NA,NA,1859_1,NA,NA,1,NA,NA,NA,NA
snj09_SemiBin_58.fa,77.04282905117302,NA,NA,NA,NA,NA,1859_2,NA,NA,1,NA,NA,NA,NA
snj14_SemiBin_55.fa,67.18958514878929,NA,NA,NA,NA,NA,1859_3,NA,NA,1,NA,NA,NA,NA
cpsnj10_SemiBin_63.fa,72.49256255498737,NA,NA,NA,NA,NA,1859_4,NA,NA,1,NA,NA,NA,NA
cpsnj11_SemiBin_90.fa,73.57378312520613,NA,NA,NA,NA,NA,1859_5,NA,NA,1,NA,NA,NA,NA
snj15_SemiBin_87.fa,39.706477101614446,NA,NA,NA,NA,NA,1859_6,NA,NA,1,NA,NA,NA,NA
snj19_SemiBin_9.fa,90.6325349248533,NA,NA,NA,NA,NA,1860_1,NA,NA,7,99.69,99.12,NA,NA
sample20_SemiBin_168.fa,90.84580998208877,NA,NA,NA,NA,NA,1860_2,NA,NA,7,99.52,99.13,NA,NA
sample7_SemiBin_107.fa,48.38287476888855,NA,NA,NA,NA,NA,1860_3,NA,NA,1,NA,NA,NA,NA
sample24_SemiBin_92.fa,34.427388140890685,NA,NA,NA,NA,NA,1860_4,NA,NA,1,NA,NA,NA,NA
sample18_SemiBin_40.fa,58.34720013709333,NA,NA,NA,NA,NA,1860_5,NA,NA,1,NA,NA,NA,NA
sample21_SemiBin_109.fa,72.68604482833923,NA,NA,NA,NA,NA,1860_6,NA,NA,1,NA,NA,NA,NA
sample27_SemiBin_46.fa,63.25582258253068,NA,NA,NA,NA,NA,1860_7,NA,NA,1,NA,NA,NA,NA
sample2_SemiBin_31.fa,55.855609139915806,NA,NA,NA,NA,NA,1860_8,NA,NA,1,NA,NA,NA,NA
sample5_SemiBin_45.fa,52.22444470827613,NA,NA,NA,NA,NA,1860_9,NA,NA,1,NA,NA,NA,NA
sample30_SemiBin_20.fa,55.11898107629444,NA,NA,NA,NA,NA,1860_10,NA,NA,1,NA,NA,NA,NA
sample28_SemiBin_63.fa,54.454957630265206,NA,NA,NA,NA,NA,1860_11,NA,NA,1,NA,NA,NA,NA
cpsnj20_SemiBin_71.fa,60.94333631277218,NA,NA,NA,NA,NA,1860_12,NA,NA,1,NA,NA,NA,NA
sample12_SemiBin_1225.fa,7.112025001142346,NA,NA,NA,NA,NA,1860_13,NA,NA,1,NA,NA,NA,NA
sample7_SemiBin_285.fa,49.81665831123774,NA,NA,NA,NA,NA,1860_14,NA,NA,1,NA,NA,NA,NA
sample11_SemiBin_1625.fa,18.745710908532512,NA,NA,NA,NA,NA,1860_15,NA,NA,1,NA,NA,NA,NA
sample17_SemiBin_181.fa,67.76154092302116,NA,NA,NA,NA,NA,1861_0,NA,NA,1,NA,NA,NA,NA
cpsnj04_SemiBin_106.fa,42.12218949016404,NA,NA,NA,NA,NA,1862_1,NA,NA,1,NA,NA,NA,NA
cpsnj09_SemiBin_242.fa,58.78682520565089,NA,NA,NA,NA,NA,1862_2,NA,NA,1,NA,NA,NA,NA
cpsnj11_SemiBin_293.fa,47.137620238664205,NA,NA,NA,NA,NA,1862_3,NA,NA,1,NA,NA,NA,NA
cpsnj10_SemiBin_95.fa,65.15177394371956,NA,NA,NA,NA,NA,1862_4,NA,NA,1,NA,NA,NA,NA
snj11_SemiBin_101.fa,42.37612066026228,NA,NA,NA,NA,NA,1862_5,NA,NA,1,NA,NA,NA,NA
sample18_SemiBin_414.fa,49.65070898364319,NA,NA,NA,NA,NA,1863_1,NA,NA,1,NA,NA,NA,NA
sample4_SemiBin_286.fa,33.64632484520737,NA,NA,NA,NA,NA,1863_2,NA,NA,1,NA,NA,NA,NA
sample24_SemiBin_116.fa,43.919618566846815,NA,NA,NA,NA,NA,1863_3,NA,NA,1,NA,NA,NA,NA
cpsnj13_SemiBin_154.fa,31.58290945036514,NA,NA,NA,NA,NA,1864_1,NA,NA,1,NA,NA,NA,NA
snj09_SemiBin_111.fa,47.55230298221203,NA,NA,NA,NA,NA,1864_2,NA,NA,1,NA,NA,NA,NA
sample16_SemiBin_133.fa,41.106218067651305,NA,NA,NA,NA,NA,1865_1,NA,NA,1,NA,NA,NA,NA
sample7_SemiBin_108.fa,67.89884181415405,NA,NA,NA,NA,NA,1865_2,NA,NA,1,NA,NA,NA,NA
sample27_SemiBin_95.fa,35.736517228625175,NA,NA,NA,NA,NA,1866_0,NA,NA,1,NA,NA,NA,NA
cpsnj10_SemiBin_224.fa,48.99961594456777,NA,NA,NA,NA,NA,1867_1,NA,NA,1,NA,NA,NA,NA
snj09_SemiBin_163.fa,62.726080391006,NA,NA,NA,NA,NA,1867_2,NA,NA,1,NA,NA,NA,NA
cpsnj19_SemiBin_80.fa,68.56122745086182,NA,NA,NA,NA,NA,1868_0,NA,NA,1,NA,NA,NA,NA
sample14_SemiBin_44.fa,50.77690029306914,NA,NA,NA,NA,NA,1869_1,NA,NA,1,NA,NA,NA,NA
sample18_SemiBin_292.fa,12.295737435094027,NA,NA,NA,NA,NA,1869_2,NA,NA,1,NA,NA,NA,NA
sample21_SemiBin_32.fa,80.84508161515807,NA,NA,NA,NA,NA,1869_3,NA,NA,1,NA,NA,NA,NA
cpsnj13_SemiBin_54.fa,73.71048469027373,NA,NA,NA,NA,NA,1870_1,NA,NA,14,99.44,98.67,NA,NA
snj14_SemiBin_95.fa,47.199443824559474,NA,NA,NA,NA,NA,1870_2,NA,NA,1,NA,NA,NA,NA
snj08_SemiBin_90.fa,42.89483374640581,NA,NA,NA,NA,NA,1870_3,NA,NA,1,NA,NA,NA,NA
snj15_SemiBin_80.fa,47.57799134702629,NA,NA,NA,NA,NA,1870_4,NA,NA,1,NA,NA,NA,NA
snj02_SemiBin_52.fa,58.96622239272724,NA,NA,NA,NA,NA,1870_5,NA,NA,1,NA,NA,NA,NA
snj19_SemiBin_155.fa,27.975510298528956,NA,NA,NA,NA,NA,1870_6,NA,NA,1,NA,NA,NA,NA
sample18_SemiBin_264.fa,55.03797996329109,NA,NA,NA,NA,NA,1870_7,NA,NA,1,NA,NA,NA,NA
sample20_SemiBin_101.fa,57.83914981685203,NA,NA,NA,NA,NA,1870_8,NA,NA,1,NA,NA,NA,NA
sample5_SemiBin_78.fa,58.67311048831856,NA,NA,NA,NA,NA,1870_9,NA,NA,1,NA,NA,NA,NA
sample7_SemiBin_122.fa,61.50394893468846,NA,NA,NA,NA,NA,1870_10,NA,NA,1,NA,NA,NA,NA
cpsnj09_SemiBin_128.fa,33.08243102197842,NA,NA,NA,NA,NA,1871_0,NA,NA,1,NA,NA,NA,NA
cpsnj11_SemiBin_68.fa,74.6957430957546,NA,NA,NA,NA,NA,1872_1,NA,NA,1,NA,NA,NA,NA
snj11_SemiBin_95.fa,80.45478711534119,NA,NA,NA,NA,NA,1872_2,NA,NA,1,NA,NA,NA,NA
sample18_SemiBin_54.fa,82.61673231307905,NA,NA,NA,NA,NA,1873_1,NA,NA,1,NA,NA,NA,NA
sample1_SemiBin_257.fa,57.17096177531883,NA,NA,NA,NA,NA,1873_2,NA,NA,1,NA,NA,NA,NA
sample8_SemiBin_291.fa,42.1419164425863,NA,NA,NA,NA,NA,1873_3,NA,NA,1,NA,NA,NA,NA
cpsnj01_SemiBin_12.fa,78.7909207908754,NA,NA,NA,NA,NA,1874_1,NA,NA,1,NA,NA,NA,NA
snj01_SemiBin_29.fa,64.52952321671964,NA,NA,NA,NA,NA,1874_2,NA,NA,1,NA,NA,NA,NA
snj08_SemiBin_111.fa,43.80838098665711,NA,NA,NA,NA,NA,1875_1,NA,NA,1,NA,NA,NA,NA
snj13_SemiBin_99.fa,51.56332160547529,NA,NA,NA,NA,NA,1875_2,NA,NA,1,NA,NA,NA,NA
sample20_SemiBin_268.fa,37.840553765352325,NA,NA,NA,NA,NA,1875_3,NA,NA,1,NA,NA,NA,NA
snj11_SemiBin_278.fa,10.73021316508338,NA,NA,NA,NA,NA,1875_4,NA,NA,1,NA,NA,NA,NA
sample24_SemiBin_166.fa,53.018976847806826,NA,NA,NA,NA,NA,1876_1,NA,NA,1,NA,NA,NA,NA
sample29_SemiBin_35.fa,89.0049739969253,NA,NA,NA,NA,NA,1876_2,NA,NA,1,NA,NA,NA,NA
sample19_SemiBin_120.fa,63.9868493510212,NA,NA,NA,NA,NA,1877_0,NA,NA,1,NA,NA,NA,NA
cpsnj03_SemiBin_50.fa,61.26847658697748,NA,NA,NA,NA,NA,1878_1,NA,NA,2,99.29,99.29,NA,NA
sample20_SemiBin_143.fa,47.931684385039645,NA,NA,NA,NA,NA,1878_2,NA,NA,1,NA,NA,NA,NA
cpsnj15_SemiBin_50.fa,50.1473011010359,NA,NA,NA,NA,NA,1879_1,NA,NA,1,NA,NA,NA,NA
snj15_SemiBin_31.fa,67.2229575019394,NA,NA,NA,NA,NA,1879_2,NA,NA,1,NA,NA,NA,NA
snj11_SemiBin_57.fa,50.26046892471144,NA,NA,NA,NA,NA,1879_3,NA,NA,2,99.07,99.07,NA,NA
cpsnj10_SemiBin_113.fa,53.86434715424402,NA,NA,NA,NA,NA,1879_4,NA,NA,1,NA,NA,NA,NA
snj10_SemiBin_31.fa,69.01865814979291,NA,NA,NA,NA,NA,1879_5,NA,NA,1,NA,NA,NA,NA
snj09_SemiBin_107.fa,58.36023177220519,NA,NA,NA,NA,NA,1879_6,NA,NA,1,NA,NA,NA,NA
sample28_SemiBin_162.fa,44.795803424544985,NA,NA,NA,NA,NA,1879_7,NA,NA,1,NA,NA,NA,NA
snj14_SemiBin_191.fa,51.80639188464888,NA,NA,NA,NA,NA,1879_8,NA,NA,1,NA,NA,NA,NA
cpsnj08_SemiBin_170.fa,23.17204035926315,NA,NA,NA,NA,NA,1879_9,NA,NA,1,NA,NA,NA,NA
snj09_SemiBin_232.fa,18.05479277719233,NA,NA,NA,NA,NA,1879_10,NA,NA,1,NA,NA,NA,NA
sample3_SemiBin_29.fa,65.43353469323478,NA,NA,NA,NA,NA,1880_1,NA,NA,1,NA,NA,NA,NA
sample4_SemiBin_77.fa,53.47970694900606,NA,NA,NA,NA,NA,1880_2,NA,NA,1,NA,NA,NA,NA
cpsnj04_SemiBin_175.fa,73.56583416343584,NA,NA,NA,NA,NA,1881_1,NA,NA,2,99.30,99.30,NA,NA
sample15_SemiBin_114.fa,45.62271094804933,NA,NA,NA,NA,NA,1881_2,NA,NA,1,NA,NA,NA,NA
sample20_SemiBin_149.fa,53.41818271169107,NA,NA,NA,NA,NA,1881_3,NA,NA,1,NA,NA,NA,NA
snj04_SemiBin_82.fa,51.91500943457381,NA,NA,NA,NA,NA,1881_4,NA,NA,1,NA,NA,NA,NA
cpsnj19_SemiBin_199.fa,39.447981688713575,NA,NA,NA,NA,NA,1881_5,NA,NA,1,NA,NA,NA,NA
cpsnj13_SemiBin_118.fa,66.30779492093794,NA,NA,NA,NA,NA,1882_1,NA,NA,2,99.53,99.53,NA,NA
snj09_SemiBin_75.fa,63.42556583790596,NA,NA,NA,NA,NA,1882_2,NA,NA,1,NA,NA,NA,NA
snj11_SemiBin_78.fa,40.850406483214414,NA,NA,NA,NA,NA,1882_3,NA,NA,1,NA,NA,NA,NA
cpsnj01_SemiBin_71.fa,57.49146167786071,NA,NA,NA,NA,NA,1883_1,NA,NA,1,NA,NA,NA,NA
cpsnj03_SemiBin_107.fa,37.27540289622535,NA,NA,NA,NA,NA,1883_2,NA,NA,1,NA,NA,NA,NA
cpsnj11_SemiBin_501.fa,15.021736267518692,NA,NA,NA,NA,NA,1884_0,NA,NA,1,NA,NA,NA,NA
sample1_SemiBin_263.fa,40.99766240293472,NA,NA,NA,NA,NA,1885_1,NA,NA,1,NA,NA,NA,NA
sample4_SemiBin_236.fa,53.51352664678047,NA,NA,NA,NA,NA,1885_2,NA,NA,1,NA,NA,NA,NA
sample3_SemiBin_182.fa,46.6174649581755,NA,NA,NA,NA,NA,1885_3,NA,NA,1,NA,NA,NA,NA
sample27_SemiBin_37.fa,40.40969916503407,NA,NA,NA,NA,NA,1885_4,NA,NA,1,NA,NA,NA,NA
sample29_SemiBin_88.fa,65.02118562397334,NA,NA,NA,NA,NA,1885_5,NA,NA,1,NA,NA,NA,NA
sample13_SemiBin_146.fa,37.45624272673567,NA,NA,NA,NA,NA,1885_6,NA,NA,1,NA,NA,NA,NA
snj02_SemiBin_19.fa,72.26041218618234,NA,NA,NA,NA,NA,1886_0,NA,NA,1,NA,NA,NA,NA
sample17_SemiBin_56.fa,75.67151447630509,NA,NA,NA,NA,NA,1887_1,NA,NA,1,NA,NA,NA,NA
sample1_SemiBin_153.fa,47.82122036182754,NA,NA,NA,NA,NA,1887_2,NA,NA,1,NA,NA,NA,NA
sample15_SemiBin_195.fa,45.36776044329056,NA,NA,NA,NA,NA,1888_1,NA,NA,1,NA,NA,NA,NA
sample25_SemiBin_52.fa,76.74936602074015,NA,NA,NA,NA,NA,1888_2,NA,NA,1,NA,NA,NA,NA
sample6_SemiBin_102.fa,44.04070223080499,NA,NA,NA,NA,NA,1889_1,NA,NA,1,NA,NA,NA,NA
sample7_SemiBin_87.fa,49.2772563890223,NA,NA,NA,NA,NA,1889_2,NA,NA,1,NA,NA,NA,NA
sample21_SemiBin_285.fa,12.823691717635157,NA,NA,NA,NA,NA,1889_3,NA,NA,1,NA,NA,NA,NA
sample18_SemiBin_52.fa,75.37760480675671,NA,NA,NA,NA,NA,1890_1,NA,NA,1,NA,NA,NA,NA
sample26_SemiBin_126.fa,6.380243868737349,NA,NA,NA,NA,NA,1890_2,NA,NA,1,NA,NA,NA,NA
sample16_SemiBin_61.fa,75.02101714879598,NA,NA,NA,NA,NA,1891_1,NA,NA,5,99.58,99.05,NA,NA
sample22_SemiBin_20.fa,78.84680763197458,NA,NA,NA,NA,NA,1891_2,NA,NA,1,NA,NA,NA,NA
sample11_SemiBin_39.fa,60.6641425124823,NA,NA,NA,NA,NA,1891_3,NA,NA,1,NA,NA,NA,NA
sample29_SemiBin_1697.fa,22.928498062257635,NA,NA,NA,NA,NA,1891_4,NA,NA,1,NA,NA,NA,NA
sample4_SemiBin_54.fa,79.85037111524481,NA,NA,NA,NA,NA,1892_1,NA,NA,2,99.15,99.15,NA,NA
sample6_SemiBin_199.fa,49.47068232821621,NA,NA,NA,NA,NA,1893_1,NA,NA,1,NA,NA,NA,NA
sample7_SemiBin_154.fa,44.43417083258988,NA,NA,NA,NA,NA,1893_2,NA,NA,1,NA,NA,NA,NA
sample9_SemiBin_161.fa,63.97600069774308,NA,NA,NA,NA,NA,1894_1,NA,NA,1,NA,NA,NA,NA
snj01_SemiBin_86.fa,26.679385605679634,NA,NA,NA,NA,NA,1894_2,NA,NA,1,NA,NA,NA,NA
snj01_SemiBin_76.fa,40.23737899621254,NA,NA,NA,NA,NA,1895_1,NA,NA,1,NA,NA,NA,NA
snj02_SemiBin_6.fa,90.94859261803008,NA,NA,NA,NA,NA,1895_2,NA,NA,1,NA,NA,NA,NA
snj03_SemiBin_174.fa,21.13480210115945,NA,NA,NA,NA,NA,1895_3,NA,NA,1,NA,NA,NA,NA
cpsnj04_SemiBin_50.fa,77.352181067175,NA,NA,NA,NA,NA,1896_0,NA,NA,1,NA,NA,NA,NA
snj02_SemiBin_120.fa,60.25632685545452,NA,NA,NA,NA,NA,1897_0,NA,NA,1,NA,NA,NA,NA
snj01_SemiBin_24.fa,64.61269738693315,NA,NA,NA,NA,NA,1898_0,NA,NA,1,NA,NA,NA,NA
sample24_SemiBin_57.fa,9.307032670216325,NA,NA,NA,NA,NA,1899_1,NA,NA,1,NA,NA,NA,NA
sample28_SemiBin_36.fa,30.71153976536193,NA,NA,NA,NA,NA,1899_2,NA,NA,1,NA,NA,NA,NA
snj11_SemiBin_111.fa,37.67210021025179,NA,NA,NA,NA,NA,1900_0,NA,NA,1,NA,NA,NA,NA
snj16_SemiBin_47.fa,54.89366632378218,NA,NA,NA,NA,NA,1901_0,NA,NA,1,NA,NA,NA,NA
snj02_SemiBin_30.fa,64.50331943437281,NA,NA,NA,NA,NA,1902_0,NA,NA,1,NA,NA,NA,NA
cpsnj02_SemiBin_1731.fa,8.69394621434711,NA,NA,NA,NA,NA,1903_0,NA,NA,1,NA,NA,NA,NA
cpsnj01_SemiBin_17.fa,75.71877618655233,NA,NA,NA,NA,NA,1904_1,NA,NA,1,NA,NA,NA,NA
snj03_SemiBin_114.fa,60.34375955268269,NA,NA,NA,NA,NA,1904_2,NA,NA,1,NA,NA,NA,NA
snj19_SemiBin_159.fa,44.40467074976713,NA,NA,NA,NA,NA,1904_3,NA,NA,1,NA,NA,NA,NA
sample16_SemiBin_275.fa,43.72678542109703,NA,NA,NA,NA,NA,1905_0,NA,NA,1,NA,NA,NA,NA
sample21_SemiBin_125.fa,36.44150063917627,NA,NA,NA,NA,NA,1906_0,NA,NA,1,NA,NA,NA,NA
sample29_SemiBin_26.fa,82.9370191932812,NA,NA,NA,NA,NA,1907_0,NA,NA,1,NA,NA,NA,NA
sample29_SemiBin_315.fa,34.75159415834523,NA,NA,NA,NA,NA,1908_0,NA,NA,1,NA,NA,NA,NA
sample18_SemiBin_304.fa,43.02122670217505,NA,NA,NA,NA,NA,1909_1,NA,NA,1,NA,NA,NA,NA
sample20_SemiBin_242.fa,55.40509642575868,NA,NA,NA,NA,NA,1909_2,NA,NA,1,NA,NA,NA,NA
cpsnj14_SemiBin_62.fa,65.93378297340476,NA,NA,NA,NA,NA,1909_3,NA,NA,1,NA,NA,NA,NA
snj11_SemiBin_19.fa,81.7937000022635,NA,NA,NA,NA,NA,1910_1,NA,NA,3,99.50,99.18,NA,NA
cpsnj09_SemiBin_42.fa,70.94135767255801,NA,NA,NA,NA,NA,1910_2,NA,NA,1,NA,NA,NA,NA
snj08_SemiBin_83.fa,49.246876972600944,NA,NA,NA,NA,NA,1910_3,NA,NA,1,NA,NA,NA,NA
cpsnj10_SemiBin_135.fa,51.67608524024025,NA,NA,NA,NA,NA,1910_4,NA,NA,1,NA,NA,NA,NA
snj14_SemiBin_94.fa,54.6847254015872,NA,NA,NA,NA,NA,1910_5,NA,NA,1,NA,NA,NA,NA
cpsnj03_SemiBin_23.fa,46.95101407188427,NA,NA,NA,NA,NA,1910_6,NA,NA,1,NA,NA,NA,NA
cpsnj13_SemiBin_75.fa,39.96978160588362,NA,NA,NA,NA,NA,1910_7,NA,NA,1,NA,NA,NA,NA
sample20_SemiBin_1087.fa,24.83536837377853,NA,NA,NA,NA,NA,1910_8,NA,NA,1,NA,NA,NA,NA
sample13_SemiBin_197.fa,32.31099908727544,NA,NA,NA,NA,NA,1911_0,NA,NA,1,NA,NA,NA,NA
sample21_SemiBin_38.fa,71.16069252884853,NA,NA,NA,NA,NA,1912_0,NA,NA,1,NA,NA,NA,NA
sample15_SemiBin_184.fa,51.44462343697939,NA,NA,NA,NA,NA,1913_1,NA,NA,1,NA,NA,NA,NA
sample1_SemiBin_77.fa,59.10123798866456,NA,NA,NA,NA,NA,1913_2,NA,NA,1,NA,NA,NA,NA
sample20_SemiBin_141.fa,63.83905091133382,NA,NA,NA,NA,NA,1913_3,NA,NA,1,NA,NA,NA,NA
sample22_SemiBin_102.fa,37.06061792466377,NA,NA,NA,NA,NA,1913_4,NA,NA,1,NA,NA,NA,NA
sample19_SemiBin_63.fa,71.70233038788807,NA,NA,NA,NA,NA,1913_5,NA,NA,1,NA,NA,NA,NA
sample29_SemiBin_86.fa,70.77017550972869,NA,NA,NA,NA,NA,1914_0,NA,NA,1,NA,NA,NA,NA
sample5_SemiBin_6.fa,95.4630872989776,NA,NA,NA,NA,NA,1915_1,NA,NA,4,99.73,99.16,NA,NA
sample18_SemiBin_217.fa,57.14806160260781,NA,NA,NA,NA,NA,1915_2,NA,NA,1,NA,NA,NA,NA
sample22_SemiBin_121.fa,51.07574027010167,NA,NA,NA,NA,NA,1915_3,NA,NA,1,NA,NA,NA,NA
sample10_SemiBin_211.fa,48.29741583247138,NA,NA,NA,NA,NA,1916_1,NA,NA,1,NA,NA,NA,NA
sample17_SemiBin_192.fa,49.99499121060993,NA,NA,NA,NA,NA,1916_2,NA,NA,1,NA,NA,NA,NA
cpsnj08_SemiBin_51.fa,51.87648384415439,NA,NA,NA,NA,NA,1917_1,NA,NA,1,NA,NA,NA,NA
cpsnj11_SemiBin_52.fa,84.10575023881093,NA,NA,NA,NA,NA,1917_2,NA,NA,1,NA,NA,NA,NA
sample29_SemiBin_50.fa,57.71886119312829,NA,NA,NA,NA,NA,1918_0,NA,NA,1,NA,NA,NA,NA
cpsnj10_SemiBin_110.fa,58.679833005478194,NA,NA,NA,NA,NA,1919_1,NA,NA,1,NA,NA,NA,NA
snj09_SemiBin_90.fa,57.55711681506009,NA,NA,NA,NA,NA,1919_2,NA,NA,1,NA,NA,NA,NA
cpsnj04_SemiBin_51.fa,47.87668938006922,NA,NA,NA,NA,NA,1920_1,NA,NA,1,NA,NA,NA,NA
sample23_SemiBin_44.fa,50.57134128639682,NA,NA,NA,NA,NA,1920_2,NA,NA,1,NA,NA,NA,NA
sample16_SemiBin_91.fa,23.12380958424214,NA,NA,NA,NA,NA,1920_3,NA,NA,1,NA,NA,NA,NA
snj15_SemiBin_254.fa,10.626854719224747,NA,NA,NA,NA,NA,1920_4,NA,NA,1,NA,NA,NA,NA
sample13_SemiBin_244.fa,31.973815193310568,NA,NA,NA,NA,NA,1921_1,NA,NA,1,NA,NA,NA,NA
sample17_SemiBin_47.fa,48.41878452336835,NA,NA,NA,NA,NA,1921_2,NA,NA,1,NA,NA,NA,NA
cpsnj13_SemiBin_97.fa,64.01922458888028,NA,NA,NA,NA,NA,1922_0,NA,NA,1,NA,NA,NA,NA
sample16_SemiBin_93.fa,55.90827866179636,NA,NA,NA,NA,NA,1923_1,NA,NA,1,NA,NA,NA,NA
sample1_SemiBin_220.fa,39.50212428766664,NA,NA,NA,NA,NA,1923_2,NA,NA,1,NA,NA,NA,NA
sample25_SemiBin_153.fa,68.85053241683781,NA,NA,NA,NA,NA,1923_3,NA,NA,1,NA,NA,NA,NA
cpsnj04_SemiBin_41.fa,54.23038255528029,NA,NA,NA,NA,NA,1923_4,NA,NA,1,NA,NA,NA,NA
sample19_SemiBin_78.fa,51.17758687266793,NA,NA,NA,NA,NA,1923_5,NA,NA,1,NA,NA,NA,NA
sample10_SemiBin_180.fa,37.09142543356891,NA,NA,NA,NA,NA,1924_0,NA,NA,1,NA,NA,NA,NA
sample17_SemiBin_51.fa,66.73584074779845,NA,NA,NA,NA,NA,1925_0,NA,NA,1,NA,NA,NA,NA
cpsnj09_SemiBin_63.fa,84.34615168973177,NA,NA,NA,NA,NA,1926_1,NA,NA,1,NA,NA,NA,NA
snj09_SemiBin_116.fa,50.78748134582402,NA,NA,NA,NA,NA,1926_2,NA,NA,1,NA,NA,NA,NA
cpsnj08_SemiBin_85.fa,56.03807012676761,NA,NA,NA,NA,NA,1927_1,NA,NA,1,NA,NA,NA,NA
snj08_SemiBin_136.fa,78.53032193451077,NA,NA,NA,NA,NA,1927_2,NA,NA,1,NA,NA,NA,NA
cpsnj14_SemiBin_85.fa,36.15255787272857,NA,NA,NA,NA,NA,1927_3,NA,NA,1,NA,NA,NA,NA
cpsnj03_SemiBin_84.fa,55.12250160769036,NA,NA,NA,NA,NA,1928_1,NA,NA,1,NA,NA,NA,NA
snj03_SemiBin_34.fa,54.977725630159625,NA,NA,NA,NA,NA,1928_2,NA,NA,1,NA,NA,NA,NA
cpsnj08_SemiBin_82.fa,42.40761212373992,NA,NA,NA,NA,NA,1928_3,NA,NA,1,NA,NA,NA,NA
snj08_SemiBin_180.fa,43.7662860820399,NA,NA,NA,NA,NA,1928_4,NA,NA,1,NA,NA,NA,NA
cpsnj16_SemiBin_195.fa,35.90630965433569,NA,NA,NA,NA,NA,1928_5,NA,NA,1,NA,NA,NA,NA
cpsnj09_SemiBin_123.fa,55.60405786864884,NA,NA,NA,NA,NA,1928_6,NA,NA,1,NA,NA,NA,NA
cpsnj10_SemiBin_88.fa,55.262330706774335,NA,NA,NA,NA,NA,1928_7,NA,NA,1,NA,NA,NA,NA
cpsnj13_SemiBin_56.fa,66.91287556464712,NA,NA,NA,NA,NA,1928_8,NA,NA,1,NA,NA,NA,NA
sample17_SemiBin_148.fa,44.06779578325921,NA,NA,NA,NA,NA,1929_0,NA,NA,1,NA,NA,NA,NA
sample16_SemiBin_250.fa,65.73780461474529,NA,NA,NA,NA,NA,1930_1,NA,NA,1,NA,NA,NA,NA
sample7_SemiBin_223.fa,53.93798684980979,NA,NA,NA,NA,NA,1930_2,NA,NA,1,NA,NA,NA,NA
sample1_SemiBin_123.fa,47.21510817612221,NA,NA,NA,NA,NA,1930_3,NA,NA,1,NA,NA,NA,NA
sample3_SemiBin_24.fa,64.70710600270739,NA,NA,NA,NA,NA,1931_1,NA,NA,1,NA,NA,NA,NA
sample4_SemiBin_61.fa,63.46420286594938,NA,NA,NA,NA,NA,1931_2,NA,NA,1,NA,NA,NA,NA
sample17_SemiBin_205.fa,48.66076877125145,NA,NA,NA,NA,NA,1931_3,NA,NA,1,NA,NA,NA,NA
cpsnj09_SemiBin_292.fa,43.35518022751402,NA,NA,NA,NA,NA,1932_0,NA,NA,1,NA,NA,NA,NA
cpsnj16_SemiBin_70.fa,56.00343286017864,NA,NA,NA,NA,NA,1933_0,NA,NA,1,NA,NA,NA,NA
sample16_SemiBin_7.fa,89.5655654703121,NA,NA,NA,NA,NA,1934_1,NA,NA,1,NA,NA,NA,NA
sample3_SemiBin_106.fa,32.34907070781803,NA,NA,NA,NA,NA,1934_2,NA,NA,1,NA,NA,NA,NA
sample18_SemiBin_201.fa,39.41836220892154,NA,NA,NA,NA,NA,1934_3,NA,NA,1,NA,NA,NA,NA
sample1_SemiBin_55.fa,41.34726086133745,NA,NA,NA,NA,NA,1935_1,NA,NA,1,NA,NA,NA,NA
sample20_SemiBin_157.fa,62.836036428190525,NA,NA,NA,NA,NA,1935_2,NA,NA,1,NA,NA,NA,NA
sample7_SemiBin_106.fa,47.08164565936416,NA,NA,NA,NA,NA,1935_3,NA,NA,1,NA,NA,NA,NA
sample22_SemiBin_261.fa,50.4847600585911,NA,NA,NA,NA,NA,1935_4,NA,NA,1,NA,NA,NA,NA
sample18_SemiBin_101.fa,69.25107979052109,NA,NA,NA,NA,NA,1936_1,NA,NA,1,NA,NA,NA,NA
sample20_SemiBin_42.fa,75.37728532966143,NA,NA,NA,NA,NA,1936_2,NA,NA,1,NA,NA,NA,NA
sample25_SemiBin_70.fa,55.08859476340768,NA,NA,NA,NA,NA,1936_3,NA,NA,1,NA,NA,NA,NA
sample1_SemiBin_378.fa,30.263499038387423,NA,NA,NA,NA,NA,1936_4,NA,NA,1,NA,NA,NA,NA
sample21_SemiBin_94.fa,42.326912075134274,NA,NA,NA,NA,NA,1936_5,NA,NA,1,NA,NA,NA,NA
snj15_SemiBin_78.fa,9.717010977986035,NA,NA,NA,NA,NA,1936_6,NA,NA,1,NA,NA,NA,NA
snj15_SemiBin_79.fa,19.99358786839256,NA,NA,NA,NA,NA,1937_0,NA,NA,1,NA,NA,NA,NA
sample29_SemiBin_66.fa,67.30743529505818,NA,NA,NA,NA,NA,1938_0,NA,NA,1,NA,NA,NA,NA
sample17_SemiBin_191.fa,68.72603576065147,NA,NA,NA,NA,NA,1939_0,NA,NA,1,NA,NA,NA,NA
cpsnj10_SemiBin_165.fa,71.54240290279581,NA,NA,NA,NA,NA,1940_1,NA,NA,1,NA,NA,NA,NA
sample16_SemiBin_81.fa,28.438254717719406,NA,NA,NA,NA,NA,1940_2,NA,NA,1,NA,NA,NA,NA
sample3_SemiBin_1180.fa,12.469212335392127,NA,NA,NA,NA,NA,1941_0,NA,NA,1,NA,NA,NA,NA
sample5_SemiBin_55.fa,63.985331645136334,NA,NA,NA,NA,NA,1942_0,NA,NA,1,NA,NA,NA,NA
sample6_SemiBin_99.fa,25.473289642697644,NA,NA,NA,NA,NA,1943_0,NA,NA,1,NA,NA,NA,NA
cpsnj14_SemiBin_116.fa,40.30919717387,NA,NA,NA,NA,NA,1944_0,NA,NA,1,NA,NA,NA,NA
sample17_SemiBin_37.fa,68.37243769120597,NA,NA,NA,NA,NA,1945_0,NA,NA,1,NA,NA,NA,NA
sample13_SemiBin_52.fa,75.40986800313146,NA,NA,NA,NA,NA,1946_1,NA,NA,1,NA,NA,NA,NA
sample18_SemiBin_43.fa,95.3655779792102,NA,NA,NA,NA,NA,1946_2,NA,NA,1,NA,NA,NA,NA
sample1_SemiBin_354.fa,49.12710222820318,NA,NA,NA,NA,NA,1946_3,NA,NA,1,NA,NA,NA,NA
sample17_SemiBin_1553.fa,28.62629220358924,NA,NA,NA,NA,NA,1946_4,NA,NA,1,NA,NA,NA,NA
sample17_SemiBin_16.fa,88.87684713573655,NA,NA,NA,NA,NA,1947_0,NA,NA,1,NA,NA,NA,NA
sample17_SemiBin_69.fa,72.7017347121477,NA,NA,NA,NA,NA,1948_0,NA,NA,1,NA,NA,NA,NA
sample17_SemiBin_49.fa,49.91069418559931,NA,NA,NA,NA,NA,1949_0,NA,NA,1,NA,NA,NA,NA
sample18_SemiBin_98.fa,73.1165164255279,NA,NA,NA,NA,NA,1950_0,NA,NA,1,NA,NA,NA,NA
sample4_SemiBin_142.fa,45.03308772127959,NA,NA,NA,NA,NA,1951_0,NA,NA,1,NA,NA,NA,NA
sample10_SemiBin_133.fa,68.15569415553375,NA,NA,NA,NA,NA,1952_1,NA,NA,1,NA,NA,NA,NA
sample18_SemiBin_80.fa,56.02658845770039,NA,NA,NA,NA,NA,1952_2,NA,NA,1,NA,NA,NA,NA
cpsnj09_SemiBin_136.fa,68.1135323563553,NA,NA,NA,NA,NA,1952_3,NA,NA,1,NA,NA,NA,NA
snj09_SemiBin_83.fa,67.72525848560441,NA,NA,NA,NA,NA,1952_4,NA,NA,1,NA,NA,NA,NA
cpsnj10_SemiBin_62.fa,53.47945770260633,NA,NA,NA,NA,NA,1952_5,NA,NA,1,NA,NA,NA,NA
sample3_SemiBin_636.fa,26.24670935276656,NA,NA,NA,NA,NA,1952_6,NA,NA,1,NA,NA,NA,NA
sample25_SemiBin_181.fa,30.62486364061187,NA,NA,NA,NA,NA,1953_0,NA,NA,1,NA,NA,NA,NA
cpsnj14_SemiBin_169.fa,41.760895226839736,NA,NA,NA,NA,NA,1954_0,NA,NA,1,NA,NA,NA,NA
cpsnj14_SemiBin_149.fa,52.30594692245218,NA,NA,NA,NA,NA,1955_0,NA,NA,1,NA,NA,NA,NA
sample17_SemiBin_331.fa,53.51633486192922,NA,NA,NA,NA,NA,1956_1,NA,NA,1,NA,NA,NA,NA
sample19_SemiBin_67.fa,54.59964741605793,NA,NA,NA,NA,NA,1956_2,NA,NA,1,NA,NA,NA,NA
sample18_SemiBin_117.fa,77.08359562234493,NA,NA,NA,NA,NA,1957_1,NA,NA,1,NA,NA,NA,NA
sample25_SemiBin_124.fa,69.41826635978364,NA,NA,NA,NA,NA,1957_2,NA,NA,1,NA,NA,NA,NA
sample13_SemiBin_232.fa,53.59189599651298,NA,NA,NA,NA,NA,1957_3,NA,NA,1,NA,NA,NA,NA
cpsnj15_SemiBin_73.fa,53.28523647855328,NA,NA,NA,NA,NA,1958_1,NA,NA,1,NA,NA,NA,NA
sample20_SemiBin_72.fa,65.82008039412648,NA,NA,NA,NA,NA,1958_2,NA,NA,1,NA,NA,NA,NA
snj09_SemiBin_66.fa,63.06440029589047,NA,NA,NA,NA,NA,1959_0,NA,NA,1,NA,NA,NA,NA
cpsnj13_SemiBin_95.fa,57.97474375403246,NA,NA,NA,NA,NA,1960_0,NA,NA,1,NA,NA,NA,NA
sample18_SemiBin_194.fa,58.63308536350922,NA,NA,NA,NA,NA,1961_0,NA,NA,1,NA,NA,NA,NA
sample25_SemiBin_269.fa,67.87184561175027,NA,NA,NA,NA,NA,1962_0,NA,NA,1,NA,NA,NA,NA
cpsnj14_SemiBin_57.fa,62.52302769301596,NA,NA,NA,NA,NA,1963_1,NA,NA,1,NA,NA,NA,NA
snj14_SemiBin_57.fa,65.77181765780415,NA,NA,NA,NA,NA,1963_2,NA,NA,1,NA,NA,NA,NA
snj08_SemiBin_423.fa,42.9644618216174,NA,NA,NA,NA,NA,1963_3,NA,NA,1,NA,NA,NA,NA
cpsnj10_SemiBin_112.fa,55.27559521818912,NA,NA,NA,NA,NA,1964_1,NA,NA,1,NA,NA,NA,NA
snj10_SemiBin_58.fa,53.032800367601546,NA,NA,NA,NA,NA,1964_2,NA,NA,1,NA,NA,NA,NA
cpsnj15_SemiBin_45.fa,39.16883189190598,NA,NA,NA,NA,NA,1965_1,NA,NA,1,NA,NA,NA,NA
sample28_SemiBin_54.fa,60.32900192260092,NA,NA,NA,NA,NA,1965_2,NA,NA,1,NA,NA,NA,NA
sample29_SemiBin_191.fa,43.27109735456477,NA,NA,NA,NA,NA,1966_0,NA,NA,1,NA,NA,NA,NA
cpsnj09_SemiBin_257.fa,44.843651863997536,NA,NA,NA,NA,NA,1967_0,NA,NA,1,NA,NA,NA,NA
cpsnj13_SemiBin_60.fa,61.96710295705655,NA,NA,NA,NA,NA,1968_0,NA,NA,1,NA,NA,NA,NA
sample16_SemiBin_107.fa,43.14280195447341,NA,NA,NA,NA,NA,1969_0,NA,NA,1,NA,NA,NA,NA
sample18_SemiBin_106.fa,80.04190194355088,NA,NA,NA,NA,NA,1970_0,NA,NA,1,NA,NA,NA,NA
cpsnj13_SemiBin_43.fa,60.43499326292879,NA,NA,NA,NA,NA,1971_1,NA,NA,1,NA,NA,NA,NA
sample28_SemiBin_140.fa,38.15209669261732,NA,NA,NA,NA,NA,1971_2,NA,NA,1,NA,NA,NA,NA
snj09_SemiBin_317.fa,5.370834483237801,NA,NA,NA,NA,NA,1971_3,NA,NA,1,NA,NA,NA,NA
cpsnj11_SemiBin_50.fa,82.42165393958042,NA,NA,NA,NA,NA,1972_1,NA,NA,1,NA,NA,NA,NA
snj11_SemiBin_72.fa,72.06720494780771,NA,NA,NA,NA,NA,1972_2,NA,NA,1,NA,NA,NA,NA
cpsnj15_SemiBin_67.fa,70.72068917196435,NA,NA,NA,NA,NA,1972_3,NA,NA,1,NA,NA,NA,NA
cpsnj16_SemiBin_63.fa,40.62852876672872,NA,NA,NA,NA,NA,1972_4,NA,NA,1,NA,NA,NA,NA
cpsnj19_SemiBin_71.fa,54.00488608338573,NA,NA,NA,NA,NA,1972_5,NA,NA,1,NA,NA,NA,NA
snj19_SemiBin_53.fa,60.48751231797411,NA,NA,NA,NA,NA,1972_6,NA,NA,1,NA,NA,NA,NA
snj16_SemiBin_50.fa,38.31724731235176,NA,NA,NA,NA,NA,1972_7,NA,NA,1,NA,NA,NA,NA
cpsnj03_SemiBin_47.fa,62.08873508564753,NA,NA,NA,NA,NA,1972_8,NA,NA,1,NA,NA,NA,NA
cpsnj08_SemiBin_29.fa,54.35335290405661,NA,NA,NA,NA,NA,1972_9,NA,NA,1,NA,NA,NA,NA
snj10_SemiBin_34.fa,36.00173163224635,NA,NA,NA,NA,NA,1972_10,NA,NA,1,NA,NA,NA,NA
snj03_SemiBin_67.fa,45.53280287994093,NA,NA,NA,NA,NA,1972_11,NA,NA,1,NA,NA,NA,NA
snj15_SemiBin_939.fa,15.709741486420766,NA,NA,NA,NA,NA,1972_12,NA,NA,1,NA,NA,NA,NA
sample18_SemiBin_569.fa,43.16832019708382,NA,NA,NA,NA,NA,1972_13,NA,NA,1,NA,NA,NA,NA
sample26_SemiBin_75.fa,56.931513746262375,NA,NA,NA,NA,NA,1972_14,NA,NA,1,NA,NA,NA,NA
cpsnj14_SemiBin_39.fa,80.32347053045703,NA,NA,NA,NA,NA,1972_15,NA,NA,1,NA,NA,NA,NA
snj13_SemiBin_37.fa,60.96502420043312,NA,NA,NA,NA,NA,1972_16,NA,NA,1,NA,NA,NA,NA
snj08_SemiBin_29.fa,76.74436306749392,NA,NA,NA,NA,NA,1972_17,NA,NA,1,NA,NA,NA,NA
sample5_SemiBin_69.fa,49.1632316403536,NA,NA,NA,NA,NA,1972_18,NA,NA,1,NA,NA,NA,NA
sample27_SemiBin_125.fa,64.38230281244468,NA,NA,NA,NA,NA,1972_19,NA,NA,1,NA,NA,NA,NA
sample15_SemiBin_106.fa,49.79031368245406,NA,NA,NA,NA,NA,1972_20,NA,NA,1,NA,NA,NA,NA
sample29_SemiBin_113.fa,24.763780832384736,NA,NA,NA,NA,NA,1972_21,NA,NA,1,NA,NA,NA,NA
sample23_SemiBin_506.fa,36.94498504785181,NA,NA,NA,NA,NA,1972_22,NA,NA,1,NA,NA,NA,NA
snj04_SemiBin_1554.fa,25.16645673350264,NA,NA,NA,NA,NA,1973_1,NA,NA,1,NA,NA,NA,NA
snj15_SemiBin_65.fa,45.57496139801293,NA,NA,NA,NA,NA,1973_2,NA,NA,1,NA,NA,NA,NA
cpsnj03_SemiBin_192.fa,2.489288208812864,NA,NA,NA,NA,NA,1974_0,NA,NA,1,NA,NA,NA,NA
sample20_SemiBin_144.fa,44.457363546978655,NA,NA,NA,NA,NA,1975_0,NA,NA,1,NA,NA,NA,NA
sample13_SemiBin_51.fa,87.75923607068246,NA,NA,NA,NA,NA,1976_1,NA,NA,1,NA,NA,NA,NA
sample25_SemiBin_203.fa,66.4385379516121,NA,NA,NA,NA,NA,1976_2,NA,NA,1,NA,NA,NA,NA
sample17_SemiBin_105.fa,62.22834307680996,NA,NA,NA,NA,NA,1976_3,NA,NA,1,NA,NA,NA,NA
sample18_SemiBin_60.fa,80.68152284619197,NA,NA,NA,NA,NA,1976_4,NA,NA,1,NA,NA,NA,NA
sample19_SemiBin_427.fa,52.96668741867664,NA,NA,NA,NA,NA,1976_5,NA,NA,1,NA,NA,NA,NA
cpsnj09_SemiBin_151.fa,54.088909727263534,NA,NA,NA,NA,NA,1976_6,NA,NA,1,NA,NA,NA,NA
sample13_SemiBin_179.fa,64.15170190844357,NA,NA,NA,NA,NA,1977_0,NA,NA,1,NA,NA,NA,NA
sample7_SemiBin_151.fa,38.31169825723888,NA,NA,NA,NA,NA,1978_0,NA,NA,1,NA,NA,NA,NA
sample16_SemiBin_201.fa,50.348996707018586,NA,NA,NA,NA,NA,1979_1,NA,NA,1,NA,NA,NA,NA
sample19_SemiBin_16.fa,92.6337997924008,NA,NA,NA,NA,NA,1979_2,NA,NA,1,NA,NA,NA,NA
cpsnj11_SemiBin_71.fa,56.20729896384727,NA,NA,NA,NA,NA,1980_1,NA,NA,1,NA,NA,NA,NA
snj08_SemiBin_170.fa,30.0145295170644,NA,NA,NA,NA,NA,1980_2,NA,NA,1,NA,NA,NA,NA
cpsnj03_SemiBin_65.fa,49.26479901456045,NA,NA,NA,NA,NA,1980_3,NA,NA,1,NA,NA,NA,NA
cpsnj08_SemiBin_77.fa,41.671667206945074,NA,NA,NA,NA,NA,1980_4,NA,NA,1,NA,NA,NA,NA
snj14_SemiBin_172.fa,26.652682533387534,NA,NA,NA,NA,NA,1981_0,NA,NA,1,NA,NA,NA,NA
cpsnj10_SemiBin_45.fa,71.60570055564071,NA,NA,NA,NA,NA,1982_0,NA,NA,1,NA,NA,NA,NA
cpsnj09_SemiBin_119.fa,59.22326529272284,NA,NA,NA,NA,NA,1983_0,NA,NA,1,NA,NA,NA,NA
sample17_SemiBin_151.fa,58.5122183342357,NA,NA,NA,NA,NA,1984_0,NA,NA,1,NA,NA,NA,NA
sample12_SemiBin_76.fa,48.7570185412354,NA,NA,NA,NA,NA,1985_0,NA,NA,1,NA,NA,NA,NA
cpsnj13_SemiBin_13.fa,73.08157499986233,NA,NA,NA,NA,NA,1986_1,NA,NA,2,99.27,99.27,NA,NA
snj09_SemiBin_258.fa,57.25913063386872,NA,NA,NA,NA,NA,1986_2,NA,NA,1,NA,NA,NA,NA
cpsnj16_SemiBin_15.fa,72.00672476262343,NA,NA,NA,NA,NA,1987_1,NA,NA,5,99.78,99.37,NA,NA
snj03_SemiBin_26.fa,57.41556404025496,NA,NA,NA,NA,NA,1987_2,NA,NA,1,NA,NA,NA,NA
snj08_SemiBin_74.fa,53.46281501174295,NA,NA,NA,NA,NA,1987_3,NA,NA,1,NA,NA,NA,NA
snj19_SemiBin_97.fa,41.24225788044375,NA,NA,NA,NA,NA,1987_4,NA,NA,1,NA,NA,NA,NA
cpsnj08_SemiBin_127.fa,63.21169316208398,NA,NA,NA,NA,NA,1987_5,NA,NA,1,NA,NA,NA,NA
sample6_SemiBin_142.fa,47.68068853709693,NA,NA,NA,NA,NA,1987_6,NA,NA,1,NA,NA,NA,NA
sample7_SemiBin_166.fa,49.39367111117343,NA,NA,NA,NA,NA,1987_7,NA,NA,1,NA,NA,NA,NA
sample15_SemiBin_96.fa,43.51370004280045,NA,NA,NA,NA,NA,1987_8,NA,NA,1,NA,NA,NA,NA
snj02_SemiBin_46.fa,43.004571143029786,NA,NA,NA,NA,NA,1987_9,NA,NA,1,NA,NA,NA,NA
cpsnj11_SemiBin_142.fa,64.43334344776176,NA,NA,NA,NA,NA,1988_1,NA,NA,1,NA,NA,NA,NA
cpsnj16_SemiBin_44.fa,67.79960748059283,NA,NA,NA,NA,NA,1988_2,NA,NA,1,NA,NA,NA,NA
sample15_SemiBin_144.fa,41.30175105276844,NA,NA,NA,NA,NA,1988_3,NA,NA,1,NA,NA,NA,NA
cpsnj03_SemiBin_33.fa,52.69627608399544,NA,NA,NA,NA,NA,1989_1,NA,NA,1,NA,NA,NA,NA
sample7_SemiBin_127.fa,45.07230435966203,NA,NA,NA,NA,NA,1989_2,NA,NA,1,NA,NA,NA,NA
snj03_SemiBin_60.fa,29.658650148019067,NA,NA,NA,NA,NA,1989_3,NA,NA,1,NA,NA,NA,NA
sample22_SemiBin_83.fa,58.629992590429,NA,NA,NA,NA,NA,1989_4,NA,NA,1,NA,NA,NA,NA
cpsnj03_SemiBin_51.fa,34.73590073280663,NA,NA,NA,NA,NA,1990_0,NA,NA,1,NA,NA,NA,NA
cpsnj11_SemiBin_110.fa,47.42696866548682,NA,NA,NA,NA,NA,1991_0,NA,NA,1,NA,NA,NA,NA
sample22_SemiBin_119.fa,33.40940741335402,NA,NA,NA,NA,NA,1992_0,NA,NA,1,NA,NA,NA,NA
sample14_SemiBin_1521.fa,10.018869525919786,NA,NA,NA,NA,NA,1993_0,NA,NA,1,NA,NA,NA,NA
sample2_SemiBin_15.fa,64.80674486406116,NA,NA,NA,NA,NA,1994_0,NA,NA,1,NA,NA,NA,NA
cpsnj20_SemiBin_195.fa,46.49821248145479,NA,NA,NA,NA,NA,1995_0,NA,NA,1,NA,NA,NA,NA
snj13_SemiBin_150.fa,41.84287620811323,NA,NA,NA,NA,NA,1996_0,NA,NA,1,NA,NA,NA,NA
sample10_SemiBin_9.fa,68.90165513109031,NA,NA,NA,NA,NA,1997_0,NA,NA,1,NA,NA,NA,NA
cpsnj04_SemiBin_150.fa,36.18053857864531,NA,NA,NA,NA,NA,1998_0,NA,NA,1,NA,NA,NA,NA
cpsnj20_SemiBin_45.fa,70.29010059863042,NA,NA,NA,NA,NA,1999_0,NA,NA,1,NA,NA,NA,NA
sample18_SemiBin_305.fa,35.938724521087124,NA,NA,NA,NA,NA,2000_0,NA,NA,1,NA,NA,NA,NA
sample13_SemiBin_79.fa,58.184199850041104,NA,NA,NA,NA,NA,2001_0,NA,NA,1,NA,NA,NA,NA
snj13_SemiBin_53.fa,49.00653512605392,NA,NA,NA,NA,NA,2002_0,NA,NA,1,NA,NA,NA,NA
sample30_SemiBin_24.fa,38.09460541610552,NA,NA,NA,NA,NA,2003_0,NA,NA,1,NA,NA,NA,NA
sample16_SemiBin_104.fa,54.39147750616218,NA,NA,NA,NA,NA,2004_1,NA,NA,1,NA,NA,NA,NA
sample25_SemiBin_1571.fa,28.53733811169884,NA,NA,NA,NA,NA,2004_2,NA,NA,1,NA,NA,NA,NA
sample24_SemiBin_379.fa,14.243418609112714,NA,NA,NA,NA,NA,2005_0,NA,NA,1,NA,NA,NA,NA
sample18_SemiBin_131.fa,62.90947622825971,NA,NA,NA,NA,NA,2006_0,NA,NA,1,NA,NA,NA,NA
cpsnj08_SemiBin_58.fa,53.306016814865984,NA,NA,NA,NA,NA,2007_1,NA,NA,1,NA,NA,NA,NA
sample14_SemiBin_20.fa,67.93228780640969,NA,NA,NA,NA,NA,2007_2,NA,NA,1,NA,NA,NA,NA
cpsnj09_SemiBin_103.fa,40.48284753713128,NA,NA,NA,NA,NA,2007_3,NA,NA,1,NA,NA,NA,NA
cpsnj14_SemiBin_245.fa,29.819073439037695,NA,NA,NA,NA,NA,2008_0,NA,NA,1,NA,NA,NA,NA
snj13_SemiBin_48.fa,45.86240587719772,NA,NA,NA,NA,NA,2009_0,NA,NA,1,NA,NA,NA,NA
sample15_SemiBin_45.fa,65.84763972403023,NA,NA,NA,NA,NA,2010_1,NA,NA,1,NA,NA,NA,NA
sample6_SemiBin_81.fa,48.31937481383012,NA,NA,NA,NA,NA,2010_2,NA,NA,1,NA,NA,NA,NA
sample22_SemiBin_92.fa,60.597274866771336,NA,NA,NA,NA,NA,2010_3,NA,NA,1,NA,NA,NA,NA
sample7_SemiBin_940.fa,18.68492349975067,NA,NA,NA,NA,NA,2010_4,NA,NA,1,NA,NA,NA,NA
sample21_SemiBin_60.fa,29.511479839550116,NA,NA,NA,NA,NA,2011_0,NA,NA,1,NA,NA,NA,NA
sample19_SemiBin_15.fa,95.6211014376061,NA,NA,NA,NA,NA,2012_0,NA,NA,1,NA,NA,NA,NA
sample19_SemiBin_58.fa,74.7451052748897,NA,NA,NA,NA,NA,2013_0,NA,NA,1,NA,NA,NA,NA
sample29_SemiBin_112.fa,71.84807484398601,NA,NA,NA,NA,NA,2014_0,NA,NA,1,NA,NA,NA,NA
sample29_SemiBin_64.fa,76.62927491045122,NA,NA,NA,NA,NA,2015_0,NA,NA,1,NA,NA,NA,NA
sample18_SemiBin_18.fa,96.87154694148605,NA,NA,NA,NA,NA,2016_0,NA,NA,1,NA,NA,NA,NA
sample19_SemiBin_37.fa,84.51627416960947,NA,NA,NA,NA,NA,2017_0,NA,NA,1,NA,NA,NA,NA
sample18_SemiBin_392.fa,37.5455806142934,NA,NA,NA,NA,NA,2018_1,NA,NA,1,NA,NA,NA,NA
sample1_SemiBin_81.fa,46.49574891653559,NA,NA,NA,NA,NA,2018_2,NA,NA,1,NA,NA,NA,NA
sample1_SemiBin_209.fa,63.06214429122978,NA,NA,NA,NA,NA,2019_0,NA,NA,1,NA,NA,NA,NA
sample16_SemiBin_63.fa,75.83692588433496,NA,NA,NA,NA,NA,2020_0,NA,NA,1,NA,NA,NA,NA
cpsnj20_SemiBin_44.fa,87.75753029040763,NA,NA,NA,NA,NA,2021_0,NA,NA,1,NA,NA,NA,NA
sample29_SemiBin_52.fa,84.03283386781769,NA,NA,NA,NA,NA,2022_0,NA,NA,1,NA,NA,NA,NA
sample19_SemiBin_251.fa,53.79134863067506,NA,NA,NA,NA,NA,2023_0,NA,NA,1,NA,NA,NA,NA
snj10_SemiBin_93.fa,63.26618748682424,NA,NA,NA,NA,NA,2024_1,NA,NA,1,NA,NA,NA,NA
snj11_SemiBin_21.fa,88.00618375722996,NA,NA,NA,NA,NA,2024_2,NA,NA,1,NA,NA,NA,NA
cpsnj10_SemiBin_156.fa,68.9173843024387,NA,NA,NA,NA,NA,2024_3,NA,NA,1,NA,NA,NA,NA
cpsnj16_SemiBin_90.fa,51.77323782690596,NA,NA,NA,NA,NA,2024_4,NA,NA,1,NA,NA,NA,NA
snj13_SemiBin_19.fa,74.16241802704882,NA,NA,NA,NA,NA,2025_0,NA,NA,1,NA,NA,NA,NA
sample17_SemiBin_904.fa,8.725148027455552,NA,NA,NA,NA,NA,2026_0,NA,NA,1,NA,NA,NA,NA
sample19_SemiBin_115.fa,49.93424775629483,NA,NA,NA,NA,NA,2027_0,NA,NA,1,NA,NA,NA,NA
sample29_SemiBin_156.fa,26.19316326246651,NA,NA,NA,NA,NA,2028_0,NA,NA,1,NA,NA,NA,NA
sample17_SemiBin_125.fa,82.0957231977955,NA,NA,NA,NA,NA,2029_0,NA,NA,1,NA,NA,NA,NA
sample28_SemiBin_72.fa,24.99446663315772,NA,NA,NA,NA,NA,2030_0,NA,NA,1,NA,NA,NA,NA
sample29_SemiBin_160.fa,45.53539805610491,NA,NA,NA,NA,NA,2031_0,NA,NA,1,NA,NA,NA,NA
sample29_SemiBin_96.fa,68.74468950814381,NA,NA,NA,NA,NA,2032_0,NA,NA,1,NA,NA,NA,NA
sample20_SemiBin_2.fa,84.81569010230851,NA,NA,NA,NA,NA,2033_1,NA,NA,1,NA,NA,NA,NA
sample21_SemiBin_31.fa,73.6679605247964,NA,NA,NA,NA,NA,2033_2,NA,NA,1,NA,NA,NA,NA
sample3_SemiBin_27.fa,64.58380498778376,NA,NA,NA,NA,NA,2033_3,NA,NA,1,NA,NA,NA,NA
sample4_SemiBin_34.fa,62.98311117473176,NA,NA,NA,NA,NA,2033_4,NA,NA,1,NA,NA,NA,NA
sample8_SemiBin_81.fa,72.82034977419136,NA,NA,NA,NA,NA,2033_5,NA,NA,1,NA,NA,NA,NA
cpsnj11_SemiBin_0.fa,97.30071164272115,NA,NA,NA,NA,NA,2034_1,NA,NA,3,99.11,99.07,NA,NA
cpsnj13_SemiBin_178.fa,63.75377884884093,NA,NA,NA,NA,NA,2034_2,NA,NA,1,NA,NA,NA,NA
cpsnj15_SemiBin_16.fa,75.46210761615983,NA,NA,NA,NA,NA,2034_3,NA,NA,1,NA,NA,NA,NA
cpsnj16_SemiBin_182.fa,55.22347497122331,NA,NA,NA,NA,NA,2034_4,NA,NA,1,NA,NA,NA,NA
snj15_SemiBin_38.fa,62.11252406864576,NA,NA,NA,NA,NA,2034_5,NA,NA,1,NA,NA,NA,NA
cpsnj10_SemiBin_189.fa,66.16723249962587,NA,NA,NA,NA,NA,2034_6,NA,NA,1,NA,NA,NA,NA
cpsnj14_SemiBin_74.fa,57.47318661028064,NA,NA,NA,NA,NA,2034_7,NA,NA,1,NA,NA,NA,NA
sample18_SemiBin_195.fa,60.441297113677045,NA,NA,NA,NA,NA,2034_8,NA,NA,1,NA,NA,NA,NA
snj13_SemiBin_92.fa,58.26270251875756,NA,NA,NA,NA,NA,2034_9,NA,NA,1,NA,NA,NA,NA
cpsnj14_SemiBin_54.fa,58.19863030711437,NA,NA,NA,NA,NA,2035_1,NA,NA,1,NA,NA,NA,NA
snj14_SemiBin_12.fa,69.18054279364864,NA,NA,NA,NA,NA,2035_2,NA,NA,1,NA,NA,NA,NA
snj10_SemiBin_5.fa,72.01335056402755,NA,NA,NA,NA,NA,2035_3,NA,NA,1,NA,NA,NA,NA
cpsnj11_SemiBin_77.fa,65.74833131824616,NA,NA,NA,NA,NA,2035_4,NA,NA,1,NA,NA,NA,NA
sample25_SemiBin_71.fa,44.122986852749584,NA,NA,NA,NA,NA,2035_5,NA,NA,1,NA,NA,NA,NA
cpsnj15_SemiBin_32.fa,45.4342877393632,NA,NA,NA,NA,NA,2035_6,NA,NA,1,NA,NA,NA,NA
snj15_SemiBin_37.fa,29.847404388105797,NA,NA,NA,NA,NA,2035_7,NA,NA,1,NA,NA,NA,NA
sample18_SemiBin_172.fa,36.89793947100996,NA,NA,NA,NA,NA,2035_8,NA,NA,1,NA,NA,NA,NA
cpsnj16_SemiBin_0.fa,93.88291205380604,NA,NA,NA,NA,NA,2035_9,NA,NA,1,NA,NA,NA,NA
snj16_SemiBin_31.fa,60.55120305571674,NA,NA,NA,NA,NA,2035_10,NA,NA,1,NA,NA,NA,NA
cpsnj08_SemiBin_31.fa,73.38815563222978,NA,NA,NA,NA,NA,2035_11,NA,NA,1,NA,NA,NA,NA
snj20_SemiBin_56.fa,54.03157323038104,NA,NA,NA,NA,NA,2035_12,NA,NA,1,NA,NA,NA,NA
cpsnj20_SemiBin_66.fa,44.2149926909147,NA,NA,NA,NA,NA,2035_13,NA,NA,1,NA,NA,NA,NA
snj19_SemiBin_165.fa,39.0374139749501,NA,NA,NA,NA,NA,2035_14,NA,NA,1,NA,NA,NA,NA
cpsnj09_SemiBin_279.fa,25.638355913021943,NA,NA,NA,NA,NA,2035_15,NA,NA,1,NA,NA,NA,NA
cpsnj13_SemiBin_111.fa,30.96123987758155,NA,NA,NA,NA,NA,2035_16,NA,NA,1,NA,NA,NA,NA
cpsnj03_SemiBin_18.fa,76.18964243567636,NA,NA,NA,NA,NA,2036_1,NA,NA,1,NA,NA,NA,NA
cpsnj04_SemiBin_13.fa,76.24973087448154,NA,NA,NA,NA,NA,2036_2,NA,NA,1,NA,NA,NA,NA
snj03_SemiBin_99.fa,62.92479442098631,NA,NA,NA,NA,NA,2036_3,NA,NA,1,NA,NA,NA,NA
snj04_SemiBin_34.fa,66.33729262751835,NA,NA,NA,NA,NA,2036_4,NA,NA,1,NA,NA,NA,NA
cpsnj11_SemiBin_151.fa,31.325071080924285,NA,NA,NA,NA,NA,2036_5,NA,NA,1,NA,NA,NA,NA
cpsnj14_SemiBin_209.fa,29.488025893230837,NA,NA,NA,NA,NA,2036_6,NA,NA,1,NA,NA,NA,NA
sample1_SemiBin_160.fa,48.406367218550194,NA,NA,NA,NA,NA,2036_7,NA,NA,1,NA,NA,NA,NA
sample21_SemiBin_153.fa,29.92739622527557,NA,NA,NA,NA,NA,2036_8,NA,NA,1,NA,NA,NA,NA
sample17_SemiBin_193.fa,65.82568369700662,NA,NA,NA,NA,NA,2037_0,NA,NA,1,NA,NA,NA,NA
sample7_SemiBin_232.fa,44.8710553256645,NA,NA,NA,NA,NA,2038_0,NA,NA,1,NA,NA,NA,NA
sample17_SemiBin_12.fa,83.3980873099618,NA,NA,NA,NA,NA,2039_0,NA,NA,1,NA,NA,NA,NA
sample19_SemiBin_217.fa,23.3808421767619,NA,NA,NA,NA,NA,2040_0,NA,NA,1,NA,NA,NA,NA
cpsnj20_SemiBin_52.fa,42.522484292080016,NA,NA,NA,NA,NA,2041_0,NA,NA,1,NA,NA,NA,NA
sample19_SemiBin_144.fa,42.57595511849488,NA,NA,NA,NA,NA,2042_0,NA,NA,1,NA,NA,NA,NA
sample9_SemiBin_33.fa,79.96243227738748,NA,NA,NA,NA,NA,2043_0,NA,NA,1,NA,NA,NA,NA
sample5_SemiBin_58.fa,77.30545307313321,NA,NA,NA,NA,NA,2044_1,NA,NA,1,NA,NA,NA,NA
sample9_SemiBin_100.fa,87.13055881819598,NA,NA,NA,NA,NA,2044_2,NA,NA,1,NA,NA,NA,NA
cpsnj15_SemiBin_59.fa,54.94280322547976,NA,NA,NA,NA,NA,2044_3,NA,NA,1,NA,NA,NA,NA
sample19_SemiBin_73.fa,47.80813247015805,NA,NA,NA,NA,NA,2045_0,NA,NA,1,NA,NA,NA,NA
sample1_SemiBin_20.fa,88.84482533416796,NA,NA,NA,NA,NA,2046_1,NA,NA,1,NA,NA,NA,NA
sample21_SemiBin_71.fa,60.69015616535569,NA,NA,NA,NA,NA,2046_2,NA,NA,1,NA,NA,NA,NA
sample25_SemiBin_19.fa,70.88051311341108,NA,NA,NA,NA,NA,2046_3,NA,NA,1,NA,NA,NA,NA
sample10_SemiBin_175.fa,48.89465061157433,NA,NA,NA,NA,NA,2046_4,NA,NA,1,NA,NA,NA,NA
sample13_SemiBin_36.fa,78.57865214951266,NA,NA,NA,NA,NA,2046_5,NA,NA,1,NA,NA,NA,NA
sample18_SemiBin_660.fa,31.588303871994125,NA,NA,NA,NA,NA,2047_0,NA,NA,1,NA,NA,NA,NA
sample13_SemiBin_141.fa,42.38788978126499,NA,NA,NA,NA,NA,2048_1,NA,NA,1,NA,NA,NA,NA
sample18_SemiBin_136.fa,84.29216621805239,NA,NA,NA,NA,NA,2048_2,NA,NA,1,NA,NA,NA,NA
sample16_SemiBin_108.fa,79.79605727609848,NA,NA,NA,NA,NA,2049_1,NA,NA,1,NA,NA,NA,NA
sample5_SemiBin_24.fa,76.38729403183113,NA,NA,NA,NA,NA,2049_2,NA,NA,1,NA,NA,NA,NA
sample15_SemiBin_74.fa,66.51787838283535,NA,NA,NA,NA,NA,2049_3,NA,NA,1,NA,NA,NA,NA
sample6_SemiBin_8.fa,69.09552349462186,NA,NA,NA,NA,NA,2049_4,NA,NA,1,NA,NA,NA,NA
sample1_SemiBin_210.fa,74.07006386155261,NA,NA,NA,NA,NA,2049_5,NA,NA,1,NA,NA,NA,NA
sample7_SemiBin_4.fa,86.85863411594462,NA,NA,NA,NA,NA,2049_6,NA,NA,1,NA,NA,NA,NA
sample17_SemiBin_40.fa,65.800458690407,NA,NA,NA,NA,NA,2049_7,NA,NA,1,NA,NA,NA,NA
sample25_SemiBin_73.fa,61.342113951890994,NA,NA,NA,NA,NA,2049_8,NA,NA,1,NA,NA,NA,NA
sample8_SemiBin_15.fa,75.26791807362272,NA,NA,NA,NA,NA,2049_9,NA,NA,1,NA,NA,NA,NA
sample23_SemiBin_401.fa,49.72332356515212,NA,NA,NA,NA,NA,2049_10,NA,NA,1,NA,NA,NA,NA
cpsnj04_SemiBin_439.fa,48.48028451545132,NA,NA,NA,NA,NA,2049_11,NA,NA,1,NA,NA,NA,NA
snj04_SemiBin_104.fa,35.794420592704085,NA,NA,NA,NA,NA,2049_12,NA,NA,1,NA,NA,NA,NA
sample13_SemiBin_158.fa,26.131328016814944,NA,NA,NA,NA,NA,2049_13,NA,NA,1,NA,NA,NA,NA
sample20_SemiBin_124.fa,59.33641194473852,NA,NA,NA,NA,NA,2049_14,NA,NA,1,NA,NA,NA,NA
sample24_SemiBin_365.fa,20.853218690010152,NA,NA,NA,NA,NA,2049_15,NA,NA,1,NA,NA,NA,NA
sample18_SemiBin_185.fa,40.38374411682573,NA,NA,NA,NA,NA,2050_0,NA,NA,1,NA,NA,NA,NA
sample27_SemiBin_84.fa,52.83839845685453,NA,NA,NA,NA,NA,2051_0,NA,NA,1,NA,NA,NA,NA
cpsnj10_SemiBin_69.fa,73.01779431727334,NA,NA,NA,NA,NA,2052_1,NA,NA,1,NA,NA,NA,NA
cpsnj14_SemiBin_33.fa,79.33380584050235,NA,NA,NA,NA,NA,2052_2,NA,NA,1,NA,NA,NA,NA
snj14_SemiBin_72.fa,62.00281867973971,NA,NA,NA,NA,NA,2052_3,NA,NA,1,NA,NA,NA,NA
cpsnj16_SemiBin_13.fa,85.00826636489066,NA,NA,NA,NA,NA,2052_4,NA,NA,1,NA,NA,NA,NA
snj13_SemiBin_43.fa,54.22704037210501,NA,NA,NA,NA,NA,2052_5,NA,NA,1,NA,NA,NA,NA
sample20_SemiBin_102.fa,28.823586792556448,NA,NA,NA,NA,NA,2052_6,NA,NA,1,NA,NA,NA,NA
cpsnj04_SemiBin_65.fa,47.72152850347832,NA,NA,NA,NA,NA,2053_0,NA,NA,1,NA,NA,NA,NA
snj01_SemiBin_16.fa,71.88461654031798,NA,NA,NA,NA,NA,2054_0,NA,NA,1,NA,NA,NA,NA
snj02_SemiBin_57.fa,14.980018205487646,NA,NA,NA,NA,NA,2055_0,NA,NA,1,NA,NA,NA,NA
snj13_SemiBin_51.fa,62.62485271640524,NA,NA,NA,NA,NA,2056_1,NA,NA,1,NA,NA,NA,NA
snj15_SemiBin_11.fa,69.85895769108578,NA,NA,NA,NA,NA,2056_2,NA,NA,1,NA,NA,NA,NA
cpsnj13_SemiBin_19.fa,79.73896102483982,NA,NA,NA,NA,NA,2056_3,NA,NA,1,NA,NA,NA,NA
snj14_SemiBin_63.fa,72.69587057886193,NA,NA,NA,NA,NA,2056_4,NA,NA,1,NA,NA,NA,NA
cpsnj14_SemiBin_84.fa,58.87724822024416,NA,NA,NA,NA,NA,2056_5,NA,NA,1,NA,NA,NA,NA
cpsnj08_SemiBin_45.fa,47.99450225259208,NA,NA,NA,NA,NA,2057_1,NA,NA,1,NA,NA,NA,NA
snj19_SemiBin_57.fa,32.35100492535559,NA,NA,NA,NA,NA,2057_2,NA,NA,1,NA,NA,NA,NA
cpsnj16_SemiBin_1187.fa,19.772217033713837,NA,NA,NA,NA,NA,2057_3,NA,NA,1,NA,NA,NA,NA
snj20_SemiBin_891.fa,16.46466347519519,NA,NA,NA,NA,NA,2058_0,NA,NA,1,NA,NA,NA,NA
sample5_SemiBin_11.fa,87.55518367874019,NA,NA,NA,NA,NA,2059_1,NA,NA,1,NA,NA,NA,NA
sample9_SemiBin_15.fa,78.83347266942195,NA,NA,NA,NA,NA,2059_2,NA,NA,1,NA,NA,NA,NA
sample13_SemiBin_1590.fa,23.306814689228503,NA,NA,NA,NA,NA,2060_0,NA,NA,1,NA,NA,NA,NA
sample30_SemiBin_48.fa,9.495186837186845,NA,NA,NA,NA,NA,2061_0,NA,NA,1,NA,NA,NA,NA
cpsnj11_SemiBin_60.fa,68.33237243447176,NA,NA,NA,NA,NA,2062_1,NA,NA,1,NA,NA,NA,NA
cpsnj15_SemiBin_106.fa,62.92641090114411,NA,NA,NA,NA,NA,2062_2,NA,NA,1,NA,NA,NA,NA
cpsnj03_SemiBin_191.fa,41.99926435736452,NA,NA,NA,NA,NA,2062_3,NA,NA,1,NA,NA,NA,NA
cpsnj14_SemiBin_30.fa,77.8588757545222,NA,NA,NA,NA,NA,2063_1,NA,NA,1,NA,NA,NA,NA
sample8_SemiBin_199.fa,48.18019213993192,NA,NA,NA,NA,NA,2063_2,NA,NA,1,NA,NA,NA,NA
cpsnj09_SemiBin_36.fa,61.13439544803318,NA,NA,NA,NA,NA,2064_1,NA,NA,1,NA,NA,NA,NA
cpsnj10_SemiBin_128.fa,55.788886261362,NA,NA,NA,NA,NA,2064_2,NA,NA,1,NA,NA,NA,NA
cpsnj13_SemiBin_58.fa,47.861515010400765,NA,NA,NA,NA,NA,2064_3,NA,NA,1,NA,NA,NA,NA
sample1_SemiBin_162.fa,80.51554236109155,NA,NA,NA,NA,NA,2065_1,NA,NA,1,NA,NA,NA,NA
sample7_SemiBin_224.fa,54.88254433185945,NA,NA,NA,NA,NA,2065_2,NA,NA,1,NA,NA,NA,NA
sample22_SemiBin_146.fa,63.66604975583919,NA,NA,NA,NA,NA,2065_3,NA,NA,1,NA,NA,NA,NA
sample16_SemiBin_220.fa,47.92540576679074,NA,NA,NA,NA,NA,2065_4,NA,NA,1,NA,NA,NA,NA
cpsnj14_SemiBin_43.fa,75.32289911083298,NA,NA,NA,NA,NA,2065_5,NA,NA,1,NA,NA,NA,NA
cpsnj15_SemiBin_56.fa,55.205602706840914,NA,NA,NA,NA,NA,2065_6,NA,NA,1,NA,NA,NA,NA
cpsnj04_SemiBin_139.fa,53.76115618368923,NA,NA,NA,NA,NA,2065_7,NA,NA,1,NA,NA,NA,NA
cpsnj03_SemiBin_1482.fa,38.31693088633794,NA,NA,NA,NA,NA,2065_8,NA,NA,1,NA,NA,NA,NA
snj13_SemiBin_12.fa,77.04097949445146,NA,NA,NA,NA,NA,2066_0,NA,NA,1,NA,NA,NA,NA
snj15_SemiBin_58.fa,29.685583158092903,NA,NA,NA,NA,NA,2067_0,NA,NA,1,NA,NA,NA,NA
cpsnj04_SemiBin_15.fa,90.2120080026898,NA,NA,NA,NA,NA,2068_1,NA,NA,1,NA,NA,NA,NA
cpsnj15_SemiBin_18.fa,78.61602946473369,NA,NA,NA,NA,NA,2068_2,NA,NA,1,NA,NA,NA,NA
cpsnj02_SemiBin_2.fa,84.19427682406108,NA,NA,NA,NA,NA,2068_3,NA,NA,1,NA,NA,NA,NA
cpsnj19_SemiBin_7.fa,73.23254783985753,NA,NA,NA,NA,NA,2068_4,NA,NA,1,NA,NA,NA,NA
snj04_SemiBin_19.fa,76.4885975613894,NA,NA,NA,NA,NA,2068_5,NA,NA,1,NA,NA,NA,NA
cpsnj10_SemiBin_164.fa,58.129529105872,NA,NA,NA,NA,NA,2068_6,NA,NA,1,NA,NA,NA,NA
snj14_SemiBin_134.fa,65.67850310895615,NA,NA,NA,NA,NA,2068_7,NA,NA,1,NA,NA,NA,NA
cpsnj16_SemiBin_155.fa,57.17989379901594,NA,NA,NA,NA,NA,2068_8,NA,NA,1,NA,NA,NA,NA
snj20_SemiBin_61.fa,43.45627673454021,NA,NA,NA,NA,NA,2068_9,NA,NA,1,NA,NA,NA,NA
snj19_SemiBin_27.fa,71.74604256752974,NA,NA,NA,NA,NA,2068_10,NA,NA,1,NA,NA,NA,NA
cpsnj08_SemiBin_144.fa,37.81640770880138,NA,NA,NA,NA,NA,2068_11,NA,NA,1,NA,NA,NA,NA
cpsnj14_SemiBin_222.fa,21.480145577950054,NA,NA,NA,NA,NA,2068_12,NA,NA,1,NA,NA,NA,NA
snj15_SemiBin_30.fa,44.144846366672034,NA,NA,NA,NA,NA,2068_13,NA,NA,1,NA,NA,NA,NA
snj10_SemiBin_21.fa,71.5649589571544,NA,NA,NA,NA,NA,2068_14,NA,NA,1,NA,NA,NA,NA
snj02_SemiBin_49.fa,40.46002853517428,NA,NA,NA,NA,NA,2068_15,NA,NA,1,NA,NA,NA,NA
sample6_SemiBin_39.fa,56.776111416631,NA,NA,NA,NA,NA,2068_16,NA,NA,1,NA,NA,NA,NA
sample23_SemiBin_161.fa,42.0070781596347,NA,NA,NA,NA,NA,2068_17,NA,NA,1,NA,NA,NA,NA
sample24_SemiBin_114.fa,49.22079337241549,NA,NA,NA,NA,NA,2068_18,NA,NA,1,NA,NA,NA,NA
cpsnj09_SemiBin_165.fa,31.621382084536133,NA,NA,NA,NA,NA,2069_0,NA,NA,1,NA,NA,NA,NA
sample1_SemiBin_276.fa,51.53490478955305,NA,NA,NA,NA,NA,2070_0,NA,NA,1,NA,NA,NA,NA
cpsnj13_SemiBin_211.fa,30.108608444582043,NA,NA,NA,NA,NA,2071_0,NA,NA,1,NA,NA,NA,NA
cpsnj03_SemiBin_210.fa,66.91820355789834,NA,NA,NA,NA,NA,2072_0,NA,NA,1,NA,NA,NA,NA
sample29_SemiBin_0.fa,98.2105476886796,NA,NA,NA,NA,NA,2073_0,NA,NA,1,NA,NA,NA,NA
cpsnj14_SemiBin_174.fa,67.70889781727985,NA,NA,NA,NA,NA,2074_0,NA,NA,1,NA,NA,NA,NA
sample17_SemiBin_160.fa,71.00225955107378,NA,NA,NA,NA,NA,2075_0,NA,NA,1,NA,NA,NA,NA
sample19_SemiBin_172.fa,60.51907723082464,NA,NA,NA,NA,NA,2076_0,NA,NA,1,NA,NA,NA,NA
sample19_SemiBin_117.fa,52.46809900515381,NA,NA,NA,NA,NA,2077_0,NA,NA,1,NA,NA,NA,NA
cpsnj13_SemiBin_200.fa,49.6347958226302,NA,NA,NA,NA,NA,2078_0,NA,NA,1,NA,NA,NA,NA
snj08_SemiBin_99.fa,38.75305152026049,NA,NA,NA,NA,NA,2079_1,NA,NA,1,NA,NA,NA,NA
snj20_SemiBin_136.fa,51.553439088446346,NA,NA,NA,NA,NA,2079_2,NA,NA,1,NA,NA,NA,NA
snj09_SemiBin_20.fa,64.31745897284273,NA,NA,NA,NA,NA,2080_0,NA,NA,1,NA,NA,NA,NA
sample13_SemiBin_65.fa,84.79885013610905,NA,NA,NA,NA,NA,2081_1,NA,NA,1,NA,NA,NA,NA
sample19_SemiBin_271.fa,55.88609666816743,NA,NA,NA,NA,NA,2081_2,NA,NA,1,NA,NA,NA,NA
sample16_SemiBin_200.fa,54.2878229154886,NA,NA,NA,NA,NA,2081_3,NA,NA,1,NA,NA,NA,NA
cpsnj14_SemiBin_28.fa,89.83714087246332,NA,NA,NA,NA,NA,2082_1,NA,NA,1,NA,NA,NA,NA
snj14_SemiBin_9.fa,92.89523415386428,NA,NA,NA,NA,NA,2082_2,NA,NA,1,NA,NA,NA,NA
cpsnj10_SemiBin_19.fa,86.90985318891283,NA,NA,NA,NA,NA,2082_3,NA,NA,1,NA,NA,NA,NA
snj13_SemiBin_140.fa,68.89028326704442,NA,NA,NA,NA,NA,2082_4,NA,NA,1,NA,NA,NA,NA
cpsnj11_SemiBin_32.fa,88.40625565360179,NA,NA,NA,NA,NA,2082_5,NA,NA,1,NA,NA,NA,NA
cpsnj16_SemiBin_14.fa,84.67973222571825,NA,NA,NA,NA,NA,2082_6,NA,NA,1,NA,NA,NA,NA
snj11_SemiBin_255.fa,52.87463667694411,NA,NA,NA,NA,NA,2082_7,NA,NA,1,NA,NA,NA,NA
cpsnj04_SemiBin_278.fa,57.65514220185908,NA,NA,NA,NA,NA,2083_1,NA,NA,1,NA,NA,NA,NA
cpsnj16_SemiBin_84.fa,41.5571585036442,NA,NA,NA,NA,NA,2083_2,NA,NA,1,NA,NA,NA,NA
sample19_SemiBin_29.fa,56.92550869147139,NA,NA,NA,NA,NA,2084_1,NA,NA,1,NA,NA,NA,NA
sample22_SemiBin_126.fa,86.21536178014979,NA,NA,NA,NA,NA,2084_2,NA,NA,1,NA,NA,NA,NA
sample25_SemiBin_32.fa,81.52186165530648,NA,NA,NA,NA,NA,2084_3,NA,NA,1,NA,NA,NA,NA
sample13_SemiBin_147.fa,62.105115409029466,NA,NA,NA,NA,NA,2084_4,NA,NA,1,NA,NA,NA,NA
cpsnj04_SemiBin_28.fa,84.26199953452858,NA,NA,NA,NA,NA,2085_1,NA,NA,1,NA,NA,NA,NA
cpsnj19_SemiBin_107.fa,65.93695772021078,NA,NA,NA,NA,NA,2085_2,NA,NA,1,NA,NA,NA,NA
sample16_SemiBin_31.fa,62.384945145676014,NA,NA,NA,NA,NA,2085_3,NA,NA,1,NA,NA,NA,NA
sample18_SemiBin_47.fa,93.91395174219676,NA,NA,NA,NA,NA,2085_4,NA,NA,1,NA,NA,NA,NA
sample4_SemiBin_167.fa,60.62265107901308,NA,NA,NA,NA,NA,2085_5,NA,NA,1,NA,NA,NA,NA
cpsnj02_SemiBin_35.fa,68.99385493909581,NA,NA,NA,NA,NA,2085_6,NA,NA,1,NA,NA,NA,NA
cpsnj11_SemiBin_209.fa,62.29585951171143,NA,NA,NA,NA,NA,2086_1,NA,NA,1,NA,NA,NA,NA
snj11_SemiBin_214.fa,30.728712092388523,NA,NA,NA,NA,NA,2086_2,NA,NA,1,NA,NA,NA,NA
sample20_SemiBin_2265.fa,6.697165067968514,NA,NA,NA,NA,NA,2087_1,NA,NA,1,NA,NA,NA,NA
sample22_SemiBin_174.fa,67.76963189475374,NA,NA,NA,NA,NA,2087_2,NA,NA,1,NA,NA,NA,NA
sample5_SemiBin_23.fa,87.78716779944253,NA,NA,NA,NA,NA,2088_1,NA,NA,1,NA,NA,NA,NA
snj13_SemiBin_71.fa,84.8546598558811,NA,NA,NA,NA,NA,2088_2,NA,NA,1,NA,NA,NA,NA
sample9_SemiBin_17.fa,76.09628653731612,NA,NA,NA,NA,NA,2088_3,NA,NA,1,NA,NA,NA,NA
snj14_SemiBin_90.fa,63.94898745081333,NA,NA,NA,NA,NA,2088_4,NA,NA,1,NA,NA,NA,NA
snj03_SemiBin_134.fa,65.14712437889699,NA,NA,NA,NA,NA,2088_5,NA,NA,1,NA,NA,NA,NA
snj19_SemiBin_90.fa,54.651604998664695,NA,NA,NA,NA,NA,2088_6,NA,NA,1,NA,NA,NA,NA
cpsnj14_SemiBin_44.fa,77.94561807761514,NA,NA,NA,NA,NA,2088_7,NA,NA,1,NA,NA,NA,NA
sample16_SemiBin_211.fa,40.92700036654,NA,NA,NA,NA,NA,2088_8,NA,NA,1,NA,NA,NA,NA
cpsnj04_SemiBin_16.fa,79.64008597863146,NA,NA,NA,NA,NA,2088_9,NA,NA,1,NA,NA,NA,NA
sample18_SemiBin_154.fa,60.3867595423858,NA,NA,NA,NA,NA,2088_10,NA,NA,1,NA,NA,NA,NA
sample7_SemiBin_181.fa,45.35868877127498,NA,NA,NA,NA,NA,2088_11,NA,NA,1,NA,NA,NA,NA
sample2_SemiBin_119.fa,38.939194495074986,NA,NA,NA,NA,NA,2088_12,NA,NA,1,NA,NA,NA,NA
cpsnj11_SemiBin_69.fa,52.629747734222,NA,NA,NA,NA,NA,2088_13,NA,NA,1,NA,NA,NA,NA
cpsnj15_SemiBin_22.fa,73.05403649450783,NA,NA,NA,NA,NA,2088_14,NA,NA,1,NA,NA,NA,NA
snj19_SemiBin_224.fa,43.63228359845138,NA,NA,NA,NA,NA,2089_0,NA,NA,1,NA,NA,NA,NA
sample20_SemiBin_186.fa,58.64051923464299,NA,NA,NA,NA,NA,2090_1,NA,NA,1,NA,NA,NA,NA
snj10_SemiBin_118.fa,60.92877012546409,NA,NA,NA,NA,NA,2090_2,NA,NA,1,NA,NA,NA,NA
sample21_SemiBin_136.fa,67.85715490573759,NA,NA,NA,NA,NA,2090_3,NA,NA,1,NA,NA,NA,NA
sample25_SemiBin_224.fa,52.17212544100331,NA,NA,NA,NA,NA,2090_4,NA,NA,1,NA,NA,NA,NA
sample1_SemiBin_222.fa,39.33884633920789,NA,NA,NA,NA,NA,2090_5,NA,NA,1,NA,NA,NA,NA
sample23_SemiBin_63.fa,63.6850231458019,NA,NA,NA,NA,NA,2090_6,NA,NA,1,NA,NA,NA,NA
sample27_SemiBin_149.fa,53.40672464488984,NA,NA,NA,NA,NA,2090_7,NA,NA,1,NA,NA,NA,NA
sample16_SemiBin_305.fa,45.13056973158475,NA,NA,NA,NA,NA,2090_8,NA,NA,1,NA,NA,NA,NA
sample11_SemiBin_73.fa,45.83373089400311,NA,NA,NA,NA,NA,2090_9,NA,NA,1,NA,NA,NA,NA
sample29_SemiBin_65.fa,49.26290863301335,NA,NA,NA,NA,NA,2090_10,NA,NA,1,NA,NA,NA,NA
sample21_SemiBin_34.fa,81.53212518488235,NA,NA,NA,NA,NA,2091_1,NA,NA,2,99.20,99.20,NA,NA
sample20_SemiBin_214.fa,92.23292520112656,NA,NA,NA,NA,NA,2091_2,NA,NA,1,NA,NA,NA,NA
sample22_SemiBin_66.fa,60.204457580343615,NA,NA,NA,NA,NA,2091_3,NA,NA,1,NA,NA,NA,NA
sample27_SemiBin_122.fa,64.60880944791391,NA,NA,NA,NA,NA,2091_4,NA,NA,1,NA,NA,NA,NA
sample13_SemiBin_1592.fa,32.077925047626955,NA,NA,NA,NA,NA,2091_5,NA,NA,1,NA,NA,NA,NA
cpsnj14_SemiBin_73.fa,74.72871719393692,NA,NA,NA,NA,NA,2092_1,NA,NA,1,NA,NA,NA,NA
snj14_SemiBin_11.fa,95.24600930787176,NA,NA,NA,NA,NA,2092_2,NA,NA,1,NA,NA,NA,NA
snj13_SemiBin_186.fa,66.35943124790707,NA,NA,NA,NA,NA,2092_3,NA,NA,1,NA,NA,NA,NA
snj15_SemiBin_94.fa,63.46974438312949,NA,NA,NA,NA,NA,2092_4,NA,NA,1,NA,NA,NA,NA
snj11_SemiBin_145.fa,45.57100778822535,NA,NA,NA,NA,NA,2092_5,NA,NA,1,NA,NA,NA,NA
cpsnj09_SemiBin_160.fa,73.11322061172717,NA,NA,NA,NA,NA,2092_6,NA,NA,1,NA,NA,NA,NA
cpsnj10_SemiBin_265.fa,51.60329574957637,NA,NA,NA,NA,NA,2092_7,NA,NA,1,NA,NA,NA,NA
cpsnj15_SemiBin_118.fa,62.436170804577394,NA,NA,NA,NA,NA,2092_8,NA,NA,1,NA,NA,NA,NA
snj16_SemiBin_475.fa,58.2319049363112,NA,NA,NA,NA,NA,2092_9,NA,NA,1,NA,NA,NA,NA
snj09_SemiBin_204.fa,37.03496919115313,NA,NA,NA,NA,NA,2092_10,NA,NA,1,NA,NA,NA,NA
snj20_SemiBin_100.fa,68.30689461349826,NA,NA,NA,NA,NA,2092_11,NA,NA,1,NA,NA,NA,NA
snj08_SemiBin_274.fa,32.12644269686706,NA,NA,NA,NA,NA,2092_12,NA,NA,1,NA,NA,NA,NA
snj09_SemiBin_205.fa,27.05771086634126,NA,NA,NA,NA,NA,2093_0,NA,NA,1,NA,NA,NA,NA
sample27_SemiBin_197.fa,53.06885786984858,NA,NA,NA,NA,NA,2094_0,NA,NA,1,NA,NA,NA,NA
snj13_SemiBin_20.fa,74.78966199415362,NA,NA,NA,NA,NA,2095_0,NA,NA,1,NA,NA,NA,NA
cpsnj02_SemiBin_135.fa,54.703139655785904,NA,NA,NA,NA,NA,2096_1,NA,NA,1,NA,NA,NA,NA
snj02_SemiBin_24.fa,59.051100916428496,NA,NA,NA,NA,NA,2096_2,NA,NA,1,NA,NA,NA,NA
cpsnj02_SemiBin_1.fa,97.69046503948928,NA,NA,NA,NA,NA,2097_1,NA,NA,1,NA,NA,NA,NA
snj04_SemiBin_44.fa,52.838758751446186,NA,NA,NA,NA,NA,2097_2,NA,NA,1,NA,NA,NA,NA
cpsnj04_SemiBin_38.fa,61.02765051197672,NA,NA,NA,NA,NA,2097_3,NA,NA,1,NA,NA,NA,NA
cpsnj03_SemiBin_237.fa,47.21972087229751,NA,NA,NA,NA,NA,2097_4,NA,NA,1,NA,NA,NA,NA
sample21_SemiBin_84.fa,33.74802285955722,NA,NA,NA,NA,NA,2097_5,NA,NA,1,NA,NA,NA,NA
sample29_SemiBin_275.fa,18.88874231469729,NA,NA,NA,NA,NA,2097_6,NA,NA,1,NA,NA,NA,NA
cpsnj19_SemiBin_1817.fa,21.624787698087413,NA,NA,NA,NA,NA,2098_1,NA,NA,1,NA,NA,NA,NA
snj19_SemiBin_66.fa,36.143192798476974,NA,NA,NA,NA,NA,2098_2,NA,NA,1,NA,NA,NA,NA
sample28_SemiBin_16.fa,64.11085010262708,NA,NA,NA,NA,NA,2098_3,NA,NA,1,NA,NA,NA,NA
sample29_SemiBin_274.fa,79.53007618079373,NA,NA,NA,NA,NA,2099_0,NA,NA,1,NA,NA,NA,NA
snj01_SemiBin_21.fa,43.01820395239969,NA,NA,NA,NA,NA,2100_0,NA,NA,1,NA,NA,NA,NA
sample15_SemiBin_143.fa,19.11909482513449,NA,NA,NA,NA,NA,2101_0,NA,NA,1,NA,NA,NA,NA
cpsnj14_SemiBin_100.fa,52.93145913696012,NA,NA,NA,NA,NA,2102_1,NA,NA,1,NA,NA,NA,NA
sample20_SemiBin_193.fa,59.97241289448884,NA,NA,NA,NA,NA,2102_2,NA,NA,1,NA,NA,NA,NA
snj13_SemiBin_33.fa,62.89622233883398,NA,NA,NA,NA,NA,2102_3,NA,NA,1,NA,NA,NA,NA
cpsnj10_SemiBin_46.fa,61.68459795370642,NA,NA,NA,NA,NA,2102_4,NA,NA,1,NA,NA,NA,NA
cpsnj16_SemiBin_35.fa,67.27511528432588,NA,NA,NA,NA,NA,2102_5,NA,NA,1,NA,NA,NA,NA
snj15_SemiBin_34.fa,56.13952163377541,NA,NA,NA,NA,NA,2102_6,NA,NA,1,NA,NA,NA,NA
cpsnj11_SemiBin_121.fa,51.53126479808096,NA,NA,NA,NA,NA,2103_0,NA,NA,1,NA,NA,NA,NA
sample18_SemiBin_240.fa,69.49043731614483,NA,NA,NA,NA,NA,2104_0,NA,NA,1,NA,NA,NA,NA
sample20_SemiBin_3.fa,97.33900056742928,NA,NA,NA,NA,NA,2105_0,NA,NA,1,NA,NA,NA,NA
sample5_SemiBin_195.fa,37.88171061401108,NA,NA,NA,NA,NA,2106_1,NA,NA,1,NA,NA,NA,NA
sample9_SemiBin_44.fa,31.25460598751768,NA,NA,NA,NA,NA,2106_2,NA,NA,1,NA,NA,NA,NA
sample29_SemiBin_222.fa,65.65231019858672,NA,NA,NA,NA,NA,2107_0,NA,NA,1,NA,NA,NA,NA
sample29_SemiBin_81.fa,51.01929981754768,NA,NA,NA,NA,NA,2108_0,NA,NA,1,NA,NA,NA,NA
sample19_SemiBin_5.fa,92.37233140959512,NA,NA,NA,NA,NA,2109_0,NA,NA,1,NA,NA,NA,NA
cpsnj20_SemiBin_104.fa,44.64241666696668,NA,NA,NA,NA,NA,2110_0,NA,NA,1,NA,NA,NA,NA
sample29_SemiBin_163.fa,65.5196291729538,NA,NA,NA,NA,NA,2111_0,NA,NA,1,NA,NA,NA,NA
cpsnj08_SemiBin_73.fa,39.91153861892936,NA,NA,NA,NA,NA,2112_0,NA,NA,1,NA,NA,NA,NA
cpsnj16_SemiBin_270.fa,33.43181079909696,NA,NA,NA,NA,NA,2113_0,NA,NA,1,NA,NA,NA,NA
cpsnj19_SemiBin_77.fa,34.81966626932477,NA,NA,NA,NA,NA,2114_1,NA,NA,1,NA,NA,NA,NA
snj19_SemiBin_100.fa,43.27892697932888,NA,NA,NA,NA,NA,2114_2,NA,NA,1,NA,NA,NA,NA
cpsnj11_SemiBin_1855.fa,8.709889026042662,NA,NA,NA,NA,NA,2115_0,NA,NA,1,NA,NA,NA,NA
sample27_SemiBin_23.fa,52.46467611222638,NA,NA,NA,NA,NA,2116_0,NA,NA,1,NA,NA,NA,NA
sample6_SemiBin_101.fa,45.33430047234444,NA,NA,NA,NA,NA,2117_0,NA,NA,1,NA,NA,NA,NA
cpsnj16_SemiBin_21.fa,64.28196670881715,NA,NA,NA,NA,NA,2118_1,NA,NA,1,NA,NA,NA,NA
snj16_SemiBin_0.fa,97.14871599935026,NA,NA,NA,NA,NA,2118_2,NA,NA,1,NA,NA,NA,NA
cpsnj15_SemiBin_2.fa,66.86985856245091,NA,NA,NA,NA,NA,2118_3,NA,NA,1,NA,NA,NA,NA
cpsnj11_SemiBin_27.fa,90.14950415671969,NA,NA,NA,NA,NA,2118_4,NA,NA,1,NA,NA,NA,NA
snj11_SemiBin_79.fa,52.105974450683696,NA,NA,NA,NA,NA,2118_5,NA,NA,1,NA,NA,NA,NA
snj15_SemiBin_26.fa,55.35775067711949,NA,NA,NA,NA,NA,2118_6,NA,NA,1,NA,NA,NA,NA
snj10_SemiBin_71.fa,35.819224025855114,NA,NA,NA,NA,NA,2118_7,NA,NA,1,NA,NA,NA,NA
sample20_SemiBin_159.fa,32.8493793171451,NA,NA,NA,NA,NA,2118_8,NA,NA,1,NA,NA,NA,NA
cpsnj14_SemiBin_126.fa,50.38232377605919,NA,NA,NA,NA,NA,2119_0,NA,NA,1,NA,NA,NA,NA
sample23_SemiBin_462.fa,43.18455804631101,NA,NA,NA,NA,NA,2120_0,NA,NA,1,NA,NA,NA,NA
sample30_SemiBin_1140.fa,18.991685904473115,NA,NA,NA,NA,NA,2121_0,NA,NA,1,NA,NA,NA,NA
cpsnj10_SemiBin_169.fa,62.1806599874273,NA,NA,NA,NA,NA,2122_1,NA,NA,1,NA,NA,NA,NA
cpsnj14_SemiBin_69.fa,60.77770875166869,NA,NA,NA,NA,NA,2122_2,NA,NA,1,NA,NA,NA,NA
snj14_SemiBin_163.fa,49.20798887219947,NA,NA,NA,NA,NA,2122_3,NA,NA,1,NA,NA,NA,NA
snj13_SemiBin_70.fa,90.28788819579697,NA,NA,NA,NA,NA,2122_4,NA,NA,1,NA,NA,NA,NA
cpsnj08_SemiBin_15.fa,52.81807965714592,NA,NA,NA,NA,NA,2123_1,NA,NA,1,NA,NA,NA,NA
cpsnj16_SemiBin_87.fa,20.755377031279,NA,NA,NA,NA,NA,2123_2,NA,NA,1,NA,NA,NA,NA
sample2_SemiBin_47.fa,49.4263129397192,NA,NA,NA,NA,NA,2123_3,NA,NA,1,NA,NA,NA,NA
sample24_SemiBin_53.fa,71.11836467227592,NA,NA,NA,NA,NA,2123_4,NA,NA,1,NA,NA,NA,NA
sample7_SemiBin_177.fa,54.14407897192493,NA,NA,NA,NA,NA,2123_5,NA,NA,1,NA,NA,NA,NA
sample16_SemiBin_223.fa,45.04791652117236,NA,NA,NA,NA,NA,2123_6,NA,NA,1,NA,NA,NA,NA
cpsnj04_SemiBin_60.fa,68.35487610162401,NA,NA,NA,NA,NA,2123_7,NA,NA,1,NA,NA,NA,NA
snj04_SemiBin_4.fa,84.8315240971302,NA,NA,NA,NA,NA,2123_8,NA,NA,1,NA,NA,NA,NA
cpsnj11_SemiBin_221.fa,60.15049098298135,NA,NA,NA,NA,NA,2123_9,NA,NA,1,NA,NA,NA,NA
snj11_SemiBin_96.fa,31.802561247097724,NA,NA,NA,NA,NA,2123_10,NA,NA,1,NA,NA,NA,NA
sample30_SemiBin_56.fa,59.9708201731605,NA,NA,NA,NA,NA,2123_11,NA,NA,1,NA,NA,NA,NA
sample5_SemiBin_178.fa,49.795414636791484,NA,NA,NA,NA,NA,2123_12,NA,NA,1,NA,NA,NA,NA
sample26_SemiBin_135.fa,60.74711516361697,NA,NA,NA,NA,NA,2123_13,NA,NA,1,NA,NA,NA,NA
snj20_SemiBin_194.fa,57.4012014742592,NA,NA,NA,NA,NA,2123_14,NA,NA,1,NA,NA,NA,NA
cpsnj15_SemiBin_103.fa,35.52589870878206,NA,NA,NA,NA,NA,2123_15,NA,NA,1,NA,NA,NA,NA
snj15_SemiBin_119.fa,29.32233572124359,NA,NA,NA,NA,NA,2123_16,NA,NA,1,NA,NA,NA,NA
snj09_SemiBin_126.fa,46.609251149495,NA,NA,NA,NA,NA,2123_17,NA,NA,1,NA,NA,NA,NA
snj02_SemiBin_32.fa,56.84856837651531,NA,NA,NA,NA,NA,2124_0,NA,NA,1,NA,NA,NA,NA
sample3_SemiBin_194.fa,39.87768991778533,NA,NA,NA,NA,NA,2125_0,NA,NA,1,NA,NA,NA,NA
sample29_SemiBin_207.fa,43.63675013379594,NA,NA,NA,NA,NA,2126_0,NA,NA,1,NA,NA,NA,NA
sample17_SemiBin_84.fa,62.79824422757826,NA,NA,NA,NA,NA,2127_1,NA,NA,1,NA,NA,NA,NA
sample4_SemiBin_123.fa,42.41536736175976,NA,NA,NA,NA,NA,2127_2,NA,NA,1,NA,NA,NA,NA
sample11_SemiBin_14.fa,84.86579581096873,NA,NA,NA,NA,NA,2128_1,NA,NA,1,NA,NA,NA,NA
sample12_SemiBin_12.fa,88.33412912875733,NA,NA,NA,NA,NA,2128_2,NA,NA,1,NA,NA,NA,NA
sample15_SemiBin_187.fa,67.56889327666703,NA,NA,NA,NA,NA,2128_3,NA,NA,1,NA,NA,NA,NA
sample13_SemiBin_29.fa,87.64645907934141,NA,NA,NA,NA,NA,2128_4,NA,NA,1,NA,NA,NA,NA
sample3_SemiBin_0.fa,101.61727478984515,NA,NA,NA,NA,NA,2129_1,NA,NA,4,99.71,99.28,NA,NA
sample16_SemiBin_45.fa,59.8684959539894,NA,NA,NA,NA,NA,2129_2,NA,NA,1,NA,NA,NA,NA
sample5_SemiBin_22.fa,87.2412814981744,NA,NA,NA,NA,NA,2129_3,NA,NA,1,NA,NA,NA,NA
sample25_SemiBin_17.fa,56.6569348410975,NA,NA,NA,NA,NA,2129_4,NA,NA,1,NA,NA,NA,NA
sample22_SemiBin_6.fa,96.24602569416416,NA,NA,NA,NA,NA,2129_5,NA,NA,1,NA,NA,NA,NA
sample20_SemiBin_9.fa,88.5661304554485,NA,NA,NA,NA,NA,2129_6,NA,NA,1,NA,NA,NA,NA
sample24_SemiBin_69.fa,57.31783977487336,NA,NA,NA,NA,NA,2129_7,NA,NA,1,NA,NA,NA,NA
sample18_SemiBin_26.fa,86.63820856358078,NA,NA,NA,NA,NA,2129_8,NA,NA,1,NA,NA,NA,NA
sample17_SemiBin_1562.fa,10.391716774714988,NA,NA,NA,NA,NA,2129_9,NA,NA,1,NA,NA,NA,NA
sample19_SemiBin_0.fa,96.75676001643252,NA,NA,NA,NA,NA,2130_0,NA,NA,1,NA,NA,NA,NA
sample4_SemiBin_90.fa,24.00348745842128,NA,NA,NA,NA,NA,2131_1,NA,NA,1,NA,NA,NA,NA
snj15_SemiBin_33.fa,42.08036246891297,NA,NA,NA,NA,NA,2131_2,NA,NA,1,NA,NA,NA,NA
sample18_SemiBin_0.fa,98.19954789678378,NA,NA,NA,NA,NA,2132_0,NA,NA,1,NA,NA,NA,NA
sample29_SemiBin_242.fa,62.314840441241465,NA,NA,NA,NA,NA,2133_0,NA,NA,1,NA,NA,NA,NA
sample1_SemiBin_83.fa,61.641352713493085,NA,NA,NA,NA,NA,2134_0,NA,NA,1,NA,NA,NA,NA
sample1_SemiBin_147.fa,39.92586619817009,NA,NA,NA,NA,NA,2135_1,NA,NA,1,NA,NA,NA,NA
sample6_SemiBin_37.fa,71.03788476294736,NA,NA,NA,NA,NA,2135_2,NA,NA,1,NA,NA,NA,NA
sample13_SemiBin_131.fa,53.95701506788741,NA,NA,NA,NA,NA,2136_0,NA,NA,1,NA,NA,NA,NA
sample21_SemiBin_25.fa,91.02008992834544,NA,NA,NA,NA,NA,2137_0,NA,NA,1,NA,NA,NA,NA
sample29_SemiBin_75.fa,58.61331355001593,NA,NA,NA,NA,NA,2138_0,NA,NA,1,NA,NA,NA,NA
sample2_SemiBin_100.fa,50.721421056369536,NA,NA,NA,NA,NA,2139_1,NA,NA,1,NA,NA,NA,NA
sample5_SemiBin_15.fa,90.29367053773782,NA,NA,NA,NA,NA,2139_2,NA,NA,1,NA,NA,NA,NA
sample21_SemiBin_44.fa,64.03312719707583,NA,NA,NA,NA,NA,2140_1,NA,NA,1,NA,NA,NA,NA
sample25_SemiBin_104.fa,51.53192238714392,NA,NA,NA,NA,NA,2140_2,NA,NA,1,NA,NA,NA,NA
sample16_SemiBin_89.fa,32.50108358566969,NA,NA,NA,NA,NA,2140_3,NA,NA,1,NA,NA,NA,NA
cpsnj20_SemiBin_65.fa,66.04350381519207,NA,NA,NA,NA,NA,2141_0,NA,NA,1,NA,NA,NA,NA
cpsnj20_SemiBin_69.fa,59.82449432421648,NA,NA,NA,NA,NA,2142_0,NA,NA,1,NA,NA,NA,NA
cpsnj20_SemiBin_67.fa,75.25664245521781,NA,NA,NA,NA,NA,2143_0,NA,NA,1,NA,NA,NA,NA
cpsnj20_SemiBin_118.fa,50.35477006261189,NA,NA,NA,NA,NA,2144_0,NA,NA,1,NA,NA,NA,NA
cpsnj20_SemiBin_106.fa,48.593933168184336,NA,NA,NA,NA,NA,2145_0,NA,NA,1,NA,NA,NA,NA
cpsnj20_SemiBin_148.fa,43.37919351403364,NA,NA,NA,NA,NA,2146_0,NA,NA,1,NA,NA,NA,NA
cpsnj20_SemiBin_3.fa,80.91366216225325,NA,NA,NA,NA,NA,2147_1,NA,NA,1,NA,NA,NA,NA
snj20_SemiBin_47.fa,43.5554635973574,NA,NA,NA,NA,NA,2147_2,NA,NA,1,NA,NA,NA,NA
cpsnj20_SemiBin_34.fa,62.158306386333805,NA,NA,NA,NA,NA,2148_0,NA,NA,1,NA,NA,NA,NA
cpsnj20_SemiBin_0.fa,93.10252402143588,NA,NA,NA,NA,NA,2149_0,NA,NA,1,NA,NA,NA,NA
cpsnj04_SemiBin_129.fa,72.25921306740972,NA,NA,NA,NA,NA,2150_1,NA,NA,1,NA,NA,NA,NA
snj04_SemiBin_106.fa,81.5641250742422,NA,NA,NA,NA,NA,2150_2,NA,NA,1,NA,NA,NA,NA
cpsnj15_SemiBin_97.fa,59.33477211901548,NA,NA,NA,NA,NA,2150_3,NA,NA,1,NA,NA,NA,NA
cpsnj03_SemiBin_125.fa,64.71717527774722,NA,NA,NA,NA,NA,2151_1,NA,NA,1,NA,NA,NA,NA
snj20_SemiBin_25.fa,93.68565209108706,NA,NA,NA,NA,NA,2151_2,NA,NA,1,NA,NA,NA,NA
snj19_SemiBin_38.fa,79.31765419733732,NA,NA,NA,NA,NA,2151_3,NA,NA,1,NA,NA,NA,NA
cpsnj19_SemiBin_73.fa,70.0475839502409,NA,NA,NA,NA,NA,2151_4,NA,NA,1,NA,NA,NA,NA
snj03_SemiBin_35.fa,70.7929129438794,NA,NA,NA,NA,NA,2151_5,NA,NA,1,NA,NA,NA,NA
sample23_SemiBin_224.fa,45.81405952103518,NA,NA,NA,NA,NA,2151_6,NA,NA,1,NA,NA,NA,NA
cpsnj11_SemiBin_164.fa,52.72972564724434,NA,NA,NA,NA,NA,2152_1,NA,NA,1,NA,NA,NA,NA
snj11_SemiBin_103.fa,56.94731711438394,NA,NA,NA,NA,NA,2152_2,NA,NA,1,NA,NA,NA,NA
cpsnj04_SemiBin_122.fa,47.92509647750598,NA,NA,NA,NA,NA,2153_1,NA,NA,1,NA,NA,NA,NA
sample6_SemiBin_159.fa,45.44424699422619,NA,NA,NA,NA,NA,2153_2,NA,NA,1,NA,NA,NA,NA
cpsnj19_SemiBin_0.fa,100.60962789877414,NA,NA,NA,NA,NA,2153_3,NA,NA,3,99.12,99.06,NA,NA
snj01_SemiBin_0.fa,97.72558408273396,NA,NA,NA,NA,NA,2153_4,NA,NA,1,NA,NA,NA,NA
snj10_SemiBin_2.fa,95.2957840326332,NA,NA,NA,NA,NA,2153_5,NA,NA,1,NA,NA,NA,NA
cpsnj01_SemiBin_2.fa,98.51890518328314,NA,NA,NA,NA,NA,2153_6,NA,NA,1,NA,NA,NA,NA
snj03_SemiBin_6.fa,99.44818238339386,NA,NA,NA,NA,NA,2153_7,NA,NA,1,NA,NA,NA,NA
snj08_SemiBin_2.fa,99.31395418287772,NA,NA,NA,NA,NA,2153_8,NA,NA,1,NA,NA,NA,NA
snj02_SemiBin_129.fa,45.7433094736335,NA,NA,NA,NA,NA,2153_9,NA,NA,1,NA,NA,NA,NA
snj16_SemiBin_39.fa,79.23292848378432,NA,NA,NA,NA,NA,2153_10,NA,NA,1,NA,NA,NA,NA
cpsnj15_SemiBin_51.fa,81.60033153916541,NA,NA,NA,NA,NA,2153_11,NA,NA,1,NA,NA,NA,NA
sample20_SemiBin_128.fa,60.344279258764345,NA,NA,NA,NA,NA,2153_12,NA,NA,1,NA,NA,NA,NA
snj20_SemiBin_333.fa,60.254226424253886,NA,NA,NA,NA,NA,2153_13,NA,NA,1,NA,NA,NA,NA
cpsnj08_SemiBin_65.fa,60.25322046994915,NA,NA,NA,NA,NA,2153_14,NA,NA,1,NA,NA,NA,NA
sample23_SemiBin_15.fa,93.5304221585949,NA,NA,NA,NA,NA,2153_15,NA,NA,1,NA,NA,NA,NA
sample7_SemiBin_49.fa,74.48437593073841,NA,NA,NA,NA,NA,2153_16,NA,NA,1,NA,NA,NA,NA
sample16_SemiBin_125.fa,54.307907508347554,NA,NA,NA,NA,NA,2153_17,NA,NA,1,NA,NA,NA,NA
snj13_SemiBin_41.fa,65.20533445901704,NA,NA,NA,NA,NA,2153_18,NA,NA,1,NA,NA,NA,NA
sample14_SemiBin_114.fa,27.10785143536008,NA,NA,NA,NA,NA,2153_19,NA,NA,1,NA,NA,NA,NA
sample21_SemiBin_656.fa,32.825844240788214,NA,NA,NA,NA,NA,2153_20,NA,NA,1,NA,NA,NA,NA
snj10_SemiBin_59.fa,93.40565040397244,NA,NA,NA,NA,NA,2154_1,NA,NA,2,99.00,99.00,NA,NA
cpsnj02_SemiBin_104.fa,47.82306893366228,NA,NA,NA,NA,NA,2154_2,NA,NA,1,NA,NA,NA,NA
sample23_SemiBin_223.fa,59.60966081946046,NA,NA,NA,NA,NA,2154_3,NA,NA,1,NA,NA,NA,NA
cpsnj04_SemiBin_121.fa,75.939719924642,NA,NA,NA,NA,NA,2154_4,NA,NA,1,NA,NA,NA,NA
snj01_SemiBin_104.fa,56.76990478144086,NA,NA,NA,NA,NA,2154_5,NA,NA,1,NA,NA,NA,NA
snj20_SemiBin_334.fa,21.40522347141384,NA,NA,NA,NA,NA,2154_6,NA,NA,1,NA,NA,NA,NA
snj02_SemiBin_31.fa,39.65191781027256,NA,NA,NA,NA,NA,2154_7,NA,NA,1,NA,NA,NA,NA
snj15_SemiBin_1046.fa,23.594320239599416,NA,NA,NA,NA,NA,2155_0,NA,NA,1,NA,NA,NA,NA
sample8_SemiBin_33.fa,86.31958933681578,NA,NA,NA,NA,NA,2156_1,NA,NA,3,99.17,99.16,NA,NA
sample26_SemiBin_61.fa,79.37722656574391,NA,NA,NA,NA,NA,2156_2,NA,NA,1,NA,NA,NA,NA
cpsnj13_SemiBin_2.fa,102.299324752844,NA,NA,NA,NA,NA,2157_1,NA,NA,2,99.27,99.27,NA,NA
cpsnj16_SemiBin_26.fa,83.1783826942925,NA,NA,NA,NA,NA,2157_2,NA,NA,1,NA,NA,NA,NA
snj09_SemiBin_0.fa,96.17416947471207,NA,NA,NA,NA,NA,2157_3,NA,NA,3,99.31,99.17,NA,NA
cpsnj10_SemiBin_108.fa,78.02851121513226,NA,NA,NA,NA,NA,2157_4,NA,NA,1,NA,NA,NA,NA
cpsnj08_SemiBin_99.fa,68.41172490638023,NA,NA,NA,NA,NA,2157_5,NA,NA,1,NA,NA,NA,NA
sample28_SemiBin_20.fa,50.6384559025872,NA,NA,NA,NA,NA,2157_6,NA,NA,1,NA,NA,NA,NA
snj09_SemiBin_5.fa,98.665813008194,NA,NA,NA,NA,NA,2158_1,NA,NA,2,99.00,99.00,NA,NA
snj10_SemiBin_98.fa,64.81301134812583,NA,NA,NA,NA,NA,2158_2,NA,NA,1,NA,NA,NA,NA
sample21_SemiBin_41.fa,77.3038608997191,NA,NA,NA,NA,NA,2159_0,NA,NA,1,NA,NA,NA,NA
sample14_SemiBin_5.fa,76.71856092845614,NA,NA,NA,NA,NA,2160_0,NA,NA,1,NA,NA,NA,NA
snj09_SemiBin_16.fa,93.85330330123016,NA,NA,NA,NA,NA,2161_1,NA,NA,2,99.06,99.06,NA,NA
cpsnj13_SemiBin_0.fa,101.8715703901943,NA,NA,NA,NA,NA,2162_1,NA,NA,2,99.02,99.02,NA,NA
snj14_SemiBin_5.fa,79.3602051414097,NA,NA,NA,NA,NA,2162_2,NA,NA,1,NA,NA,NA,NA
cpsnj14_SemiBin_67.fa,71.27070570373367,NA,NA,NA,NA,NA,2162_3,NA,NA,1,NA,NA,NA,NA
sample30_SemiBin_14.fa,69.89176614103818,NA,NA,NA,NA,NA,2162_4,NA,NA,1,NA,NA,NA,NA
sample24_SemiBin_48.fa,39.345402480646335,NA,NA,NA,NA,NA,2163_1,NA,NA,1,NA,NA,NA,NA
sample6_SemiBin_167.fa,54.44527680392559,NA,NA,NA,NA,NA,2163_2,NA,NA,1,NA,NA,NA,NA
sample29_SemiBin_190.fa,53.60758092379207,NA,NA,NA,NA,NA,2163_3,NA,NA,1,NA,NA,NA,NA
sample15_SemiBin_121.fa,62.14696726377109,NA,NA,NA,NA,NA,2163_4,NA,NA,1,NA,NA,NA,NA
sample22_SemiBin_279.fa,23.423478167732707,NA,NA,NA,NA,NA,2163_5,NA,NA,1,NA,NA,NA,NA
cpsnj11_SemiBin_26.fa,75.02052735193176,NA,NA,NA,NA,NA,2164_1,NA,NA,1,NA,NA,NA,NA
snj11_SemiBin_3.fa,93.22843667310067,NA,NA,NA,NA,NA,2164_2,NA,NA,1,NA,NA,NA,NA
snj03_SemiBin_50.fa,79.27464209305542,NA,NA,NA,NA,NA,2164_3,NA,NA,1,NA,NA,NA,NA
snj19_SemiBin_19.fa,92.52222586405465,NA,NA,NA,NA,NA,2164_4,NA,NA,1,NA,NA,NA,NA
snj20_SemiBin_12.fa,78.20433818974952,NA,NA,NA,NA,NA,2164_5,NA,NA,1,NA,NA,NA,NA
snj08_SemiBin_10.fa,79.6473977860693,NA,NA,NA,NA,NA,2164_6,NA,NA,1,NA,NA,NA,NA
cpsnj16_SemiBin_17.fa,45.07760878120053,NA,NA,NA,NA,NA,2164_7,NA,NA,1,NA,NA,NA,NA
cpsnj08_SemiBin_39.fa,57.48702263156254,NA,NA,NA,NA,NA,2164_8,NA,NA,1,NA,NA,NA,NA
cpsnj19_SemiBin_39.fa,80.6450196426648,NA,NA,NA,NA,NA,2164_9,NA,NA,1,NA,NA,NA,NA
snj16_SemiBin_20.fa,56.00180499372818,NA,NA,NA,NA,NA,2164_10,NA,NA,1,NA,NA,NA,NA
cpsnj03_SemiBin_83.fa,57.68005709173895,NA,NA,NA,NA,NA,2164_11,NA,NA,1,NA,NA,NA,NA
cpsnj04_SemiBin_75.fa,64.89932746408154,NA,NA,NA,NA,NA,2164_12,NA,NA,1,NA,NA,NA,NA
snj04_SemiBin_20.fa,48.84582204141483,NA,NA,NA,NA,NA,2164_13,NA,NA,1,NA,NA,NA,NA
sample8_SemiBin_38.fa,56.387928632823794,NA,NA,NA,NA,NA,2164_14,NA,NA,1,NA,NA,NA,NA
cpsnj15_SemiBin_11.fa,73.26268884488843,NA,NA,NA,NA,NA,2164_15,NA,NA,1,NA,NA,NA,NA
snj13_SemiBin_45.fa,48.5303781811742,NA,NA,NA,NA,NA,2164_16,NA,NA,1,NA,NA,NA,NA
snj10_SemiBin_52.fa,39.21121200636983,NA,NA,NA,NA,NA,2164_17,NA,NA,1,NA,NA,NA,NA
snj15_SemiBin_45.fa,42.44791011456756,NA,NA,NA,NA,NA,2164_18,NA,NA,1,NA,NA,NA,NA
sample4_SemiBin_47.fa,45.37509636774822,NA,NA,NA,NA,NA,2164_19,NA,NA,1,NA,NA,NA,NA
sample14_SemiBin_68.fa,49.15473875854664,NA,NA,NA,NA,NA,2164_20,NA,NA,1,NA,NA,NA,NA
cpsnj14_SemiBin_93.fa,31.85420287008788,NA,NA,NA,NA,NA,2164_21,NA,NA,1,NA,NA,NA,NA
cpsnj01_SemiBin_26.fa,71.46531624792784,NA,NA,NA,NA,NA,2164_22,NA,NA,1,NA,NA,NA,NA
snj08_SemiBin_192.fa,51.22492349975067,NA,NA,NA,NA,NA,2165_0,NA,NA,1,NA,NA,NA,NA
sample22_SemiBin_54.fa,91.10128081890852,NA,NA,NA,NA,NA,2166_1,NA,NA,2,99.11,99.11,NA,NA
sample15_SemiBin_118.fa,66.73635330616277,NA,NA,NA,NA,NA,2166_2,NA,NA,1,NA,NA,NA,NA
sample13_SemiBin_169.fa,63.4623570083893,NA,NA,NA,NA,NA,2166_3,NA,NA,1,NA,NA,NA,NA
sample27_SemiBin_103.fa,39.648356651060986,NA,NA,NA,NA,NA,2166_4,NA,NA,1,NA,NA,NA,NA
sample20_SemiBin_156.fa,85.06764577459502,NA,NA,NA,NA,NA,2167_0,NA,NA,1,NA,NA,NA,NA
sample21_SemiBin_96.fa,49.9991092938558,NA,NA,NA,NA,NA,2168_1,NA,NA,1,NA,NA,NA,NA
sample6_SemiBin_210.fa,33.08982289633727,NA,NA,NA,NA,NA,2168_2,NA,NA,1,NA,NA,NA,NA
sample20_SemiBin_1.fa,96.77760403522429,NA,NA,NA,NA,NA,2168_3,NA,NA,1,NA,NA,NA,NA
sample22_SemiBin_71.fa,73.21075047486522,NA,NA,NA,NA,NA,2168_4,NA,NA,1,NA,NA,NA,NA
sample20_SemiBin_77.fa,57.396702640224525,NA,NA,NA,NA,NA,2169_1,NA,NA,1,NA,NA,NA,NA
sample22_SemiBin_247.fa,53.73637219206285,NA,NA,NA,NA,NA,2169_2,NA,NA,1,NA,NA,NA,NA
sample6_SemiBin_121.fa,66.94721908702275,NA,NA,NA,NA,NA,2169_3,NA,NA,1,NA,NA,NA,NA
sample7_SemiBin_124.fa,62.75274168212333,NA,NA,NA,NA,NA,2169_4,NA,NA,1,NA,NA,NA,NA
sample10_SemiBin_13.fa,89.88258309057561,NA,NA,NA,NA,NA,2170_1,NA,NA,1,NA,NA,NA,NA
sample3_SemiBin_3.fa,86.73851177480832,NA,NA,NA,NA,NA,2170_2,NA,NA,1,NA,NA,NA,NA
sample13_SemiBin_82.fa,43.33068547841627,NA,NA,NA,NA,NA,2170_3,NA,NA,1,NA,NA,NA,NA
sample17_SemiBin_33.fa,86.22052776602723,NA,NA,NA,NA,NA,2170_4,NA,NA,1,NA,NA,NA,NA
sample4_SemiBin_9.fa,73.4918199152624,NA,NA,NA,NA,NA,2170_5,NA,NA,1,NA,NA,NA,NA
sample19_SemiBin_9.fa,87.27853886381229,NA,NA,NA,NA,NA,2170_6,NA,NA,1,NA,NA,NA,NA
sample7_SemiBin_26.fa,75.31485218259238,NA,NA,NA,NA,NA,2170_7,NA,NA,1,NA,NA,NA,NA
sample1_SemiBin_62.fa,70.39189155336386,NA,NA,NA,NA,NA,2170_8,NA,NA,1,NA,NA,NA,NA
sample2_SemiBin_10.fa,67.5086587420874,NA,NA,NA,NA,NA,2170_9,NA,NA,1,NA,NA,NA,NA
sample14_SemiBin_49.fa,54.3776746739634,NA,NA,NA,NA,NA,2170_10,NA,NA,1,NA,NA,NA,NA
sample6_SemiBin_77.fa,83.61426659290962,NA,NA,NA,NA,NA,2170_11,NA,NA,1,NA,NA,NA,NA
sample21_SemiBin_22.fa,73.49073393080818,NA,NA,NA,NA,NA,2170_12,NA,NA,1,NA,NA,NA,NA
sample27_SemiBin_131.fa,40.66355239918241,NA,NA,NA,NA,NA,2170_13,NA,NA,1,NA,NA,NA,NA
sample16_SemiBin_219.fa,46.20327626684755,NA,NA,NA,NA,NA,2170_14,NA,NA,1,NA,NA,NA,NA
sample20_SemiBin_290.fa,49.440650428420206,NA,NA,NA,NA,NA,2171_1,NA,NA,1,NA,NA,NA,NA
sample22_SemiBin_158.fa,55.223163180897394,NA,NA,NA,NA,NA,2171_2,NA,NA,1,NA,NA,NA,NA
sample15_SemiBin_285.fa,52.73438142093443,NA,NA,NA,NA,NA,2171_3,NA,NA,1,NA,NA,NA,NA
sample29_SemiBin_10.fa,93.8213561473237,NA,NA,NA,NA,NA,2171_4,NA,NA,1,NA,NA,NA,NA
sample23_SemiBin_226.fa,52.84379117666182,NA,NA,NA,NA,NA,2172_0,NA,NA,1,NA,NA,NA,NA
sample23_SemiBin_4.fa,90.08284034431344,NA,NA,NA,NA,NA,2173_1,NA,NA,1,NA,NA,NA,NA
sample29_SemiBin_187.fa,70.35875983897452,NA,NA,NA,NA,NA,2173_2,NA,NA,1,NA,NA,NA,NA
sample22_SemiBin_18.fa,70.95604884764167,NA,NA,NA,NA,NA,2173_3,NA,NA,1,NA,NA,NA,NA
sample6_SemiBin_45.fa,63.40759353490352,NA,NA,NA,NA,NA,2173_4,NA,NA,1,NA,NA,NA,NA
sample21_SemiBin_28.fa,84.66683515459941,NA,NA,NA,NA,NA,2173_5,NA,NA,1,NA,NA,NA,NA
sample20_SemiBin_88.fa,89.39620633990575,NA,NA,NA,NA,NA,2173_6,NA,NA,1,NA,NA,NA,NA
sample2_SemiBin_65.fa,62.68929424854939,NA,NA,NA,NA,NA,2173_7,NA,NA,1,NA,NA,NA,NA
sample7_SemiBin_85.fa,67.45470428981547,NA,NA,NA,NA,NA,2173_8,NA,NA,1,NA,NA,NA,NA
snj10_SemiBin_16.fa,50.639500636206535,NA,NA,NA,NA,NA,2173_9,NA,NA,1,NA,NA,NA,NA
sample15_SemiBin_256.fa,45.34559712304922,NA,NA,NA,NA,NA,2173_10,NA,NA,1,NA,NA,NA,NA
sample27_SemiBin_93.fa,54.77271931701788,NA,NA,NA,NA,NA,2173_11,NA,NA,1,NA,NA,NA,NA
cpsnj04_SemiBin_164.fa,59.83228729816367,NA,NA,NA,NA,NA,2173_12,NA,NA,1,NA,NA,NA,NA
cpsnj02_SemiBin_42.fa,53.10789066003168,NA,NA,NA,NA,NA,2173_13,NA,NA,1,NA,NA,NA,NA
sample1_SemiBin_344.fa,46.823958113435296,NA,NA,NA,NA,NA,2173_14,NA,NA,1,NA,NA,NA,NA
sample25_SemiBin_115.fa,35.7824661906668,NA,NA,NA,NA,NA,2173_15,NA,NA,1,NA,NA,NA,NA
snj04_SemiBin_27.fa,59.71339006011858,NA,NA,NA,NA,NA,2173_16,NA,NA,1,NA,NA,NA,NA
sample20_SemiBin_123.fa,72.63570284275964,NA,NA,NA,NA,NA,2174_1,NA,NA,1,NA,NA,NA,NA
sample22_SemiBin_292.fa,51.10148055485307,NA,NA,NA,NA,NA,2174_2,NA,NA,1,NA,NA,NA,NA
sample29_SemiBin_173.fa,75.55279995842186,NA,NA,NA,NA,NA,2175_0,NA,NA,1,NA,NA,NA,NA
sample1_SemiBin_87.fa,69.00691445540025,NA,NA,NA,NA,NA,2176_1,NA,NA,2,99.04,99.04,NA,NA
sample25_SemiBin_76.fa,47.88543242164072,NA,NA,NA,NA,NA,2176_2,NA,NA,1,NA,NA,NA,NA
sample7_SemiBin_245.fa,54.07565742301265,NA,NA,NA,NA,NA,2176_3,NA,NA,1,NA,NA,NA,NA
sample24_SemiBin_142.fa,53.39430721770774,NA,NA,NA,NA,NA,2176_4,NA,NA,1,NA,NA,NA,NA
sample14_SemiBin_23.fa,71.50571148161059,NA,NA,NA,NA,NA,2176_5,NA,NA,1,NA,NA,NA,NA
sample27_SemiBin_161.fa,40.20780840589718,NA,NA,NA,NA,NA,2176_6,NA,NA,1,NA,NA,NA,NA
cpsnj14_SemiBin_287.fa,49.397836198587946,NA,NA,NA,NA,NA,2177_0,NA,NA,1,NA,NA,NA,NA
sample1_SemiBin_129.fa,45.8684575833218,NA,NA,NA,NA,NA,2178_1,NA,NA,1,NA,NA,NA,NA
sample27_SemiBin_1528.fa,28.21664460223449,NA,NA,NA,NA,NA,2178_2,NA,NA,1,NA,NA,NA,NA
cpsnj11_SemiBin_49.fa,58.48258611457156,NA,NA,NA,NA,NA,2179_1,NA,NA,1,NA,NA,NA,NA
sample23_SemiBin_21.fa,68.94576882985174,NA,NA,NA,NA,NA,2179_2,NA,NA,1,NA,NA,NA,NA
cpsnj04_SemiBin_250.fa,47.54509936591232,NA,NA,NA,NA,NA,2179_3,NA,NA,1,NA,NA,NA,NA
sample3_SemiBin_54.fa,65.63601242340492,NA,NA,NA,NA,NA,2180_1,NA,NA,1,NA,NA,NA,NA
sample4_SemiBin_23.fa,68.8992509373432,NA,NA,NA,NA,NA,2180_2,NA,NA,1,NA,NA,NA,NA
sample5_SemiBin_31.fa,51.06037177335437,NA,NA,NA,NA,NA,2180_3,NA,NA,1,NA,NA,NA,NA
sample30_SemiBin_13.fa,34.75577908878205,NA,NA,NA,NA,NA,2180_4,NA,NA,1,NA,NA,NA,NA
sample26_SemiBin_167.fa,39.27837995102859,NA,NA,NA,NA,NA,2180_5,NA,NA,1,NA,NA,NA,NA
sample2_SemiBin_29.fa,60.0123460212678,NA,NA,NA,NA,NA,2180_6,NA,NA,1,NA,NA,NA,NA
sample21_SemiBin_150.fa,40.6234840257562,NA,NA,NA,NA,NA,2180_7,NA,NA,1,NA,NA,NA,NA
sample17_SemiBin_70.fa,61.40940513331768,NA,NA,NA,NA,NA,2180_8,NA,NA,1,NA,NA,NA,NA
cpsnj08_SemiBin_64.fa,50.84731769979123,NA,NA,NA,NA,NA,2181_1,NA,NA,1,NA,NA,NA,NA
cpsnj13_SemiBin_11.fa,77.95211641314317,NA,NA,NA,NA,NA,2181_2,NA,NA,1,NA,NA,NA,NA
cpsnj16_SemiBin_165.fa,45.50544595285575,NA,NA,NA,NA,NA,2181_3,NA,NA,1,NA,NA,NA,NA
snj13_SemiBin_89.fa,43.577161748684304,NA,NA,NA,NA,NA,2181_4,NA,NA,1,NA,NA,NA,NA
snj14_SemiBin_28.fa,53.79930835012883,NA,NA,NA,NA,NA,2181_5,NA,NA,1,NA,NA,NA,NA
snj15_SemiBin_699.fa,29.62712531538785,NA,NA,NA,NA,NA,2181_6,NA,NA,1,NA,NA,NA,NA
snj08_SemiBin_1726.fa,14.046797279242456,NA,NA,NA,NA,NA,2182_1,NA,NA,1,NA,NA,NA,NA
snj20_SemiBin_173.fa,30.84971081300827,NA,NA,NA,NA,NA,2182_2,NA,NA,1,NA,NA,NA,NA
sample20_SemiBin_180.fa,44.59574120331383,NA,NA,NA,NA,NA,2183_0,NA,NA,1,NA,NA,NA,NA
cpsnj14_SemiBin_141.fa,44.849280014554914,NA,NA,NA,NA,NA,2184_0,NA,NA,1,NA,NA,NA,NA
cpsnj10_SemiBin_34.fa,74.82083827861625,NA,NA,NA,NA,NA,2185_0,NA,NA,1,NA,NA,NA,NA
sample29_SemiBin_95.fa,67.28467452759426,NA,NA,NA,NA,NA,2186_0,NA,NA,1,NA,NA,NA,NA
sample29_SemiBin_150.fa,31.990078396031937,NA,NA,NA,NA,NA,2187_0,NA,NA,1,NA,NA,NA,NA
cpsnj14_SemiBin_150.fa,50.40445929146448,NA,NA,NA,NA,NA,2188_0,NA,NA,1,NA,NA,NA,NA
snj13_SemiBin_55.fa,72.10015351439225,NA,NA,NA,NA,NA,2189_1,NA,NA,1,NA,NA,NA,NA
snj14_SemiBin_10.fa,64.59620009771159,NA,NA,NA,NA,NA,2189_2,NA,NA,1,NA,NA,NA,NA
sample18_SemiBin_256.fa,51.83337763848351,NA,NA,NA,NA,NA,2190_0,NA,NA,1,NA,NA,NA,NA
cpsnj10_SemiBin_94.fa,44.89005728328963,NA,NA,NA,NA,NA,2191_0,NA,NA,1,NA,NA,NA,NA
cpsnj11_SemiBin_176.fa,54.63173777734202,NA,NA,NA,NA,NA,2192_0,NA,NA,1,NA,NA,NA,NA
cpsnj20_SemiBin_126.fa,50.26053819691108,NA,NA,NA,NA,NA,2193_0,NA,NA,1,NA,NA,NA,NA
sample18_SemiBin_32.fa,69.76288520594585,NA,NA,NA,NA,NA,2194_1,NA,NA,1,NA,NA,NA,NA
sample21_SemiBin_80.fa,75.93500458351217,NA,NA,NA,NA,NA,2194_2,NA,NA,1,NA,NA,NA,NA
sample4_SemiBin_116.fa,64.84186050492056,NA,NA,NA,NA,NA,2194_3,NA,NA,1,NA,NA,NA,NA
sample3_SemiBin_86.fa,38.45258093229215,NA,NA,NA,NA,NA,2194_4,NA,NA,1,NA,NA,NA,NA
sample1_SemiBin_1058.fa,15.668376640024826,NA,NA,NA,NA,NA,2194_5,NA,NA,1,NA,NA,NA,NA
sample25_SemiBin_565.fa,35.32969086530672,NA,NA,NA,NA,NA,2194_6,NA,NA,1,NA,NA,NA,NA
sample13_SemiBin_388.fa,7.975254233692938,NA,NA,NA,NA,NA,2194_7,NA,NA,1,NA,NA,NA,NA
cpsnj14_SemiBin_99.fa,61.00538935122519,NA,NA,NA,NA,NA,2195_1,NA,NA,1,NA,NA,NA,NA
snj14_SemiBin_220.fa,38.50567266522982,NA,NA,NA,NA,NA,2195_2,NA,NA,1,NA,NA,NA,NA
cpsnj09_SemiBin_161.fa,62.3027040674901,NA,NA,NA,NA,NA,2195_3,NA,NA,1,NA,NA,NA,NA
sample15_SemiBin_25.fa,57.14405480341448,NA,NA,NA,NA,NA,2196_1,NA,NA,1,NA,NA,NA,NA
sample1_SemiBin_152.fa,40.109415701830656,NA,NA,NA,NA,NA,2196_2,NA,NA,1,NA,NA,NA,NA
sample23_SemiBin_71.fa,27.805253678721066,NA,NA,NA,NA,NA,2196_3,NA,NA,1,NA,NA,NA,NA
sample16_SemiBin_124.fa,46.6217742060741,NA,NA,NA,NA,NA,2196_4,NA,NA,1,NA,NA,NA,NA
sample2_SemiBin_30.fa,31.29723117439774,NA,NA,NA,NA,NA,2196_5,NA,NA,1,NA,NA,NA,NA
cpsnj19_SemiBin_153.fa,42.79341497617022,NA,NA,NA,NA,NA,2196_6,NA,NA,1,NA,NA,NA,NA
sample20_SemiBin_1630.fa,24.443428480976262,NA,NA,NA,NA,NA,2197_0,NA,NA,1,NA,NA,NA,NA
snj08_SemiBin_149.fa,63.84404600290575,NA,NA,NA,NA,NA,2198_0,NA,NA,1,NA,NA,NA,NA
cpsnj13_SemiBin_66.fa,66.75694809966039,NA,NA,NA,NA,NA,2199_1,NA,NA,1,NA,NA,NA,NA
sample14_SemiBin_83.fa,64.63715141196448,NA,NA,NA,NA,NA,2199_2,NA,NA,1,NA,NA,NA,NA
snj14_SemiBin_60.fa,75.17273769687496,NA,NA,NA,NA,NA,2199_3,NA,NA,1,NA,NA,NA,NA
sample3_SemiBin_319.fa,42.29213312022856,NA,NA,NA,NA,NA,2199_4,NA,NA,1,NA,NA,NA,NA
sample4_SemiBin_15.fa,63.42494490746264,NA,NA,NA,NA,NA,2199_5,NA,NA,1,NA,NA,NA,NA
cpsnj14_SemiBin_92.fa,47.41406072100761,NA,NA,NA,NA,NA,2199_6,NA,NA,1,NA,NA,NA,NA
snj13_SemiBin_7.fa,64.96578813604263,NA,NA,NA,NA,NA,2199_7,NA,NA,1,NA,NA,NA,NA
sample25_SemiBin_107.fa,46.041078411315006,NA,NA,NA,NA,NA,2199_8,NA,NA,1,NA,NA,NA,NA
sample20_SemiBin_1442.fa,14.51064320432183,NA,NA,NA,NA,NA,2199_9,NA,NA,1,NA,NA,NA,NA
sample17_SemiBin_556.fa,46.331964205700096,NA,NA,NA,NA,NA,2200_0,NA,NA,1,NA,NA,NA,NA
sample4_SemiBin_101.fa,42.666111407562205,NA,NA,NA,NA,NA,2201_0,NA,NA,1,NA,NA,NA,NA
sample13_SemiBin_267.fa,54.16919138163854,NA,NA,NA,NA,NA,2202_0,NA,NA,1,NA,NA,NA,NA
snj14_SemiBin_16.fa,87.73410429256774,NA,NA,NA,NA,NA,2203_1,NA,NA,8,99.46,98.74,NA,NA
snj09_SemiBin_174.fa,55.05902823428661,NA,NA,NA,NA,NA,2203_2,NA,NA,1,NA,NA,NA,NA
cpsnj09_SemiBin_167.fa,50.88120303692836,NA,NA,NA,NA,NA,2204_1,NA,NA,1,NA,NA,NA,NA
sample28_SemiBin_38.fa,44.4685263944891,NA,NA,NA,NA,NA,2204_2,NA,NA,1,NA,NA,NA,NA
cpsnj19_SemiBin_242.fa,56.90228826358167,NA,NA,NA,NA,NA,2205_1,NA,NA,1,NA,NA,NA,NA
snj19_SemiBin_29.fa,82.2446342144629,NA,NA,NA,NA,NA,2205_2,NA,NA,1,NA,NA,NA,NA
snj03_SemiBin_71.fa,49.67473606819507,NA,NA,NA,NA,NA,2205_3,NA,NA,1,NA,NA,NA,NA
snj20_SemiBin_32.fa,38.12977397340583,NA,NA,NA,NA,NA,2205_4,NA,NA,1,NA,NA,NA,NA
cpsnj03_SemiBin_60.fa,57.607874019490296,NA,NA,NA,NA,NA,2205_5,NA,NA,1,NA,NA,NA,NA
snj11_SemiBin_319.fa,43.635983312867445,NA,NA,NA,NA,NA,2205_6,NA,NA,1,NA,NA,NA,NA
sample20_SemiBin_190.fa,17.058794219510546,NA,NA,NA,NA,NA,2205_7,NA,NA,1,NA,NA,NA,NA
cpsnj14_SemiBin_494.fa,7.083536116811619,NA,NA,NA,NA,NA,2206_0,NA,NA,1,NA,NA,NA,NA
sample6_SemiBin_680.fa,17.586463291030803,NA,NA,NA,NA,NA,2207_0,NA,NA,1,NA,NA,NA,NA
cpsnj09_SemiBin_41.fa,59.643021426672966,NA,NA,NA,NA,NA,2208_1,NA,NA,1,NA,NA,NA,NA
cpsnj10_SemiBin_106.fa,35.40392044153571,NA,NA,NA,NA,NA,2208_2,NA,NA,1,NA,NA,NA,NA
sample7_SemiBin_3.fa,78.5349940700031,NA,NA,NA,NA,NA,2209_1,NA,NA,6,99.93,99.68,NA,NA
sample23_SemiBin_125.fa,14.629712131166734,NA,NA,NA,NA,NA,2209_2,NA,NA,1,NA,NA,NA,NA
sample20_SemiBin_161.fa,47.67206406280055,NA,NA,NA,NA,NA,2209_3,NA,NA,1,NA,NA,NA,NA
cpsnj09_SemiBin_55.fa,66.83463087535009,NA,NA,NA,NA,NA,2210_1,NA,NA,1,NA,NA,NA,NA
cpsnj10_SemiBin_2.fa,79.70585365880189,NA,NA,NA,NA,NA,2210_2,NA,NA,1,NA,NA,NA,NA
cpsnj04_SemiBin_36.fa,64.79645874432993,NA,NA,NA,NA,NA,2211_1,NA,NA,4,99.34,99.04,NA,NA
cpsnj09_SemiBin_159.fa,46.18511709495648,NA,NA,NA,NA,NA,2211_2,NA,NA,1,NA,NA,NA,NA
cpsnj08_SemiBin_168.fa,45.546616183446,NA,NA,NA,NA,NA,2211_3,NA,NA,1,NA,NA,NA,NA
snj19_SemiBin_524.fa,20.976437421843457,NA,NA,NA,NA,NA,2211_4,NA,NA,1,NA,NA,NA,NA
cpsnj11_SemiBin_56.fa,49.04863887167913,NA,NA,NA,NA,NA,2211_5,NA,NA,1,NA,NA,NA,NA
snj15_SemiBin_196.fa,32.40772846602273,NA,NA,NA,NA,NA,2211_6,NA,NA,1,NA,NA,NA,NA
snj19_SemiBin_130.fa,49.85650444259016,NA,NA,NA,NA,NA,2212_0,NA,NA,1,NA,NA,NA,NA
cpsnj10_SemiBin_60.fa,54.80327148960061,NA,NA,NA,NA,NA,2213_1,NA,NA,1,NA,NA,NA,NA
cpsnj16_SemiBin_39.fa,51.5213987318188,NA,NA,NA,NA,NA,2213_2,NA,NA,1,NA,NA,NA,NA
cpsnj08_SemiBin_101.fa,79.6171378392416,NA,NA,NA,NA,NA,2213_3,NA,NA,1,NA,NA,NA,NA
snj08_SemiBin_147.fa,74.40317186947941,NA,NA,NA,NA,NA,2213_4,NA,NA,1,NA,NA,NA,NA
sample13_SemiBin_104.fa,59.87480751385903,NA,NA,NA,NA,NA,2214_1,NA,NA,1,NA,NA,NA,NA
sample20_SemiBin_51.fa,73.85399029695867,NA,NA,NA,NA,NA,2214_2,NA,NA,1,NA,NA,NA,NA
sample15_SemiBin_90.fa,60.89297642798325,NA,NA,NA,NA,NA,2214_3,NA,NA,1,NA,NA,NA,NA
sample7_SemiBin_62.fa,44.18201127370752,NA,NA,NA,NA,NA,2214_4,NA,NA,1,NA,NA,NA,NA
cpsnj19_SemiBin_31.fa,69.87079115131405,NA,NA,NA,NA,NA,2214_5,NA,NA,1,NA,NA,NA,NA
snj19_SemiBin_55.fa,50.234738867512526,NA,NA,NA,NA,NA,2214_6,NA,NA,1,NA,NA,NA,NA
snj13_SemiBin_88.fa,16.322523022086312,NA,NA,NA,NA,NA,2214_7,NA,NA,1,NA,NA,NA,NA
sample29_SemiBin_61.fa,77.80433563550933,NA,NA,NA,NA,NA,2215_0,NA,NA,1,NA,NA,NA,NA
snj04_SemiBin_181.fa,48.53748644298764,NA,NA,NA,NA,NA,2216_0,NA,NA,1,NA,NA,NA,NA
snj20_SemiBin_109.fa,44.86422377105678,NA,NA,NA,NA,NA,2217_0,NA,NA,1,NA,NA,NA,NA
sample19_SemiBin_167.fa,57.982815580598505,NA,NA,NA,NA,NA,2218_0,NA,NA,1,NA,NA,NA,NA
sample29_SemiBin_23.fa,82.74584811998655,NA,NA,NA,NA,NA,2219_0,NA,NA,1,NA,NA,NA,NA
sample29_SemiBin_18.fa,79.81012287684815,NA,NA,NA,NA,NA,2220_0,NA,NA,1,NA,NA,NA,NA
sample29_SemiBin_1.fa,92.58099667813602,NA,NA,NA,NA,NA,2221_0,NA,NA,1,NA,NA,NA,NA
cpsnj20_SemiBin_57.fa,55.45706004855519,NA,NA,NA,NA,NA,2222_0,NA,NA,1,NA,NA,NA,NA
snj09_SemiBin_59.fa,45.791972569686266,NA,NA,NA,NA,NA,2223_0,NA,NA,1,NA,NA,NA,NA
sample13_SemiBin_78.fa,39.70428436211213,NA,NA,NA,NA,NA,2224_0,NA,NA,1,NA,NA,NA,NA
sample29_SemiBin_256.fa,64.48633886351233,NA,NA,NA,NA,NA,2225_0,NA,NA,1,NA,NA,NA,NA
sample19_SemiBin_68.fa,57.40708628217472,NA,NA,NA,NA,NA,2226_0,NA,NA,1,NA,NA,NA,NA
sample19_SemiBin_83.fa,47.89333052076903,NA,NA,NA,NA,NA,2227_0,NA,NA,1,NA,NA,NA,NA
sample19_SemiBin_35.fa,38.47556684400021,NA,NA,NA,NA,NA,2228_0,NA,NA,1,NA,NA,NA,NA
sample3_SemiBin_51.fa,55.40585633652973,NA,NA,NA,NA,NA,2229_1,NA,NA,1,NA,NA,NA,NA
sample4_SemiBin_57.fa,56.99374235485219,NA,NA,NA,NA,NA,2229_2,NA,NA,1,NA,NA,NA,NA
cpsnj04_SemiBin_87.fa,58.74323815037068,NA,NA,NA,NA,NA,2229_3,NA,NA,1,NA,NA,NA,NA
cpsnj11_SemiBin_24.fa,87.0774164118233,NA,NA,NA,NA,NA,2229_4,NA,NA,1,NA,NA,NA,NA
cpsnj15_SemiBin_42.fa,55.91061122661042,NA,NA,NA,NA,NA,2229_5,NA,NA,1,NA,NA,NA,NA
sample16_SemiBin_131.fa,56.569346089384446,NA,NA,NA,NA,NA,2229_6,NA,NA,1,NA,NA,NA,NA
sample21_SemiBin_78.fa,50.037918375888005,NA,NA,NA,NA,NA,2229_7,NA,NA,1,NA,NA,NA,NA
sample7_SemiBin_71.fa,64.99204844781944,NA,NA,NA,NA,NA,2229_8,NA,NA,1,NA,NA,NA,NA
sample20_SemiBin_403.fa,27.844789652658942,NA,NA,NA,NA,NA,2230_0,NA,NA,1,NA,NA,NA,NA
sample21_SemiBin_164.fa,47.59271642867323,NA,NA,NA,NA,NA,2231_0,NA,NA,1,NA,NA,NA,NA
cpsnj08_SemiBin_2.fa,89.97697357051197,NA,NA,NA,NA,NA,2232_1,NA,NA,1,NA,NA,NA,NA
sample26_SemiBin_149.fa,62.27078498854121,NA,NA,NA,NA,NA,2232_2,NA,NA,1,NA,NA,NA,NA
cpsnj16_SemiBin_53.fa,70.98094814415934,NA,NA,NA,NA,NA,2232_3,NA,NA,1,NA,NA,NA,NA
sample18_SemiBin_62.fa,73.21140703759413,NA,NA,NA,NA,NA,2232_4,NA,NA,1,NA,NA,NA,NA
cpsnj11_SemiBin_98.fa,52.10997644853414,NA,NA,NA,NA,NA,2232_5,NA,NA,1,NA,NA,NA,NA
sample28_SemiBin_26.fa,56.674697976997656,NA,NA,NA,NA,NA,2232_6,NA,NA,1,NA,NA,NA,NA
sample14_SemiBin_12.fa,52.00986779031141,NA,NA,NA,NA,NA,2232_7,NA,NA,1,NA,NA,NA,NA
cpsnj14_SemiBin_55.fa,61.38134257612361,NA,NA,NA,NA,NA,2232_8,NA,NA,1,NA,NA,NA,NA
sample4_SemiBin_198.fa,51.953674643080426,NA,NA,NA,NA,NA,2232_9,NA,NA,1,NA,NA,NA,NA
sample8_SemiBin_82.fa,56.074066901656586,NA,NA,NA,NA,NA,2232_10,NA,NA,1,NA,NA,NA,NA
sample27_SemiBin_68.fa,40.04780267500136,NA,NA,NA,NA,NA,2232_11,NA,NA,1,NA,NA,NA,NA
cpsnj09_SemiBin_1949.fa,29.60782982273337,NA,NA,NA,NA,NA,2232_12,NA,NA,1,NA,NA,NA,NA
cpsnj19_SemiBin_125.fa,58.0919166808873,NA,NA,NA,NA,NA,2233_1,NA,NA,1,NA,NA,NA,NA
snj15_SemiBin_109.fa,65.70416687279923,NA,NA,NA,NA,NA,2233_2,NA,NA,1,NA,NA,NA,NA
snj19_SemiBin_95.fa,67.7990912002397,NA,NA,NA,NA,NA,2233_3,NA,NA,1,NA,NA,NA,NA
cpsnj04_SemiBin_54.fa,72.94194477885267,NA,NA,NA,NA,NA,2233_4,NA,NA,1,NA,NA,NA,NA
sample1_SemiBin_24.fa,91.65449775841424,NA,NA,NA,NA,NA,2233_5,NA,NA,1,NA,NA,NA,NA
sample22_SemiBin_0.fa,97.64827248750252,NA,NA,NA,NA,NA,2233_6,NA,NA,1,NA,NA,NA,NA
sample16_SemiBin_92.fa,81.07287546058171,NA,NA,NA,NA,NA,2233_7,NA,NA,1,NA,NA,NA,NA
sample25_SemiBin_39.fa,81.18141149710968,NA,NA,NA,NA,NA,2233_8,NA,NA,1,NA,NA,NA,NA
sample7_SemiBin_7.fa,89.58965400545353,NA,NA,NA,NA,NA,2233_9,NA,NA,1,NA,NA,NA,NA
sample21_SemiBin_170.fa,71.83298585827191,NA,NA,NA,NA,NA,2233_10,NA,NA,1,NA,NA,NA,NA
sample30_SemiBin_57.fa,66.84129738189866,NA,NA,NA,NA,NA,2233_11,NA,NA,1,NA,NA,NA,NA
sample2_SemiBin_43.fa,89.88671478195245,NA,NA,NA,NA,NA,2233_12,NA,NA,1,NA,NA,NA,NA
sample6_SemiBin_98.fa,78.14849728973346,NA,NA,NA,NA,NA,2233_13,NA,NA,1,NA,NA,NA,NA
snj04_SemiBin_119.fa,58.40959737808343,NA,NA,NA,NA,NA,2233_14,NA,NA,1,NA,NA,NA,NA
snj08_SemiBin_69.fa,64.28777676498545,NA,NA,NA,NA,NA,2233_15,NA,NA,1,NA,NA,NA,NA
sample3_SemiBin_301.fa,74.27178967976339,NA,NA,NA,NA,NA,2233_16,NA,NA,1,NA,NA,NA,NA
sample10_SemiBin_197.fa,50.784326796531225,NA,NA,NA,NA,NA,2233_17,NA,NA,1,NA,NA,NA,NA
sample20_SemiBin_16.fa,95.0625208465439,NA,NA,NA,NA,NA,2233_18,NA,NA,1,NA,NA,NA,NA
sample27_SemiBin_111.fa,74.51901623338819,NA,NA,NA,NA,NA,2233_19,NA,NA,1,NA,NA,NA,NA
sample15_SemiBin_169.fa,74.5690307970529,NA,NA,NA,NA,NA,2233_20,NA,NA,1,NA,NA,NA,NA
sample23_SemiBin_130.fa,53.760133211088046,NA,NA,NA,NA,NA,2233_21,NA,NA,1,NA,NA,NA,NA
sample4_SemiBin_261.fa,28.7570651184254,NA,NA,NA,NA,NA,2233_22,NA,NA,1,NA,NA,NA,NA
sample18_SemiBin_2022.fa,12.84957734581784,NA,NA,NA,NA,NA,2233_23,NA,NA,1,NA,NA,NA,NA
sample17_SemiBin_175.fa,70.65979395894489,NA,NA,NA,NA,NA,2233_24,NA,NA,1,NA,NA,NA,NA
cpsnj04_SemiBin_66.fa,67.87313108286045,NA,NA,NA,NA,NA,2234_0,NA,NA,1,NA,NA,NA,NA
sample23_SemiBin_159.fa,48.66355166936583,NA,NA,NA,NA,NA,2235_1,NA,NA,1,NA,NA,NA,NA
snj19_SemiBin_80.fa,35.17172381431404,NA,NA,NA,NA,NA,2235_2,NA,NA,1,NA,NA,NA,NA
sample18_SemiBin_163.fa,60.95221072709812,NA,NA,NA,NA,NA,2235_3,NA,NA,1,NA,NA,NA,NA
sample24_SemiBin_30.fa,24.269096853055245,NA,NA,NA,NA,NA,2236_1,NA,NA,1,NA,NA,NA,NA
sample25_SemiBin_193.fa,43.235563673302856,NA,NA,NA,NA,NA,2236_2,NA,NA,1,NA,NA,NA,NA
snj03_SemiBin_1390.fa,18.78342534136793,NA,NA,NA,NA,NA,2237_0,NA,NA,1,NA,NA,NA,NA
snj09_SemiBin_87.fa,52.615153813164106,NA,NA,NA,NA,NA,2238_0,NA,NA,1,NA,NA,NA,NA
sample29_SemiBin_142.fa,81.4059104320053,NA,NA,NA,NA,NA,2239_0,NA,NA,1,NA,NA,NA,NA
sample19_SemiBin_77.fa,67.10132922749548,NA,NA,NA,NA,NA,2240_0,NA,NA,1,NA,NA,NA,NA
snj09_SemiBin_91.fa,72.35113963422141,NA,NA,NA,NA,NA,2241_1,NA,NA,1,NA,NA,NA,NA
snj11_SemiBin_148.fa,61.814809462040266,NA,NA,NA,NA,NA,2241_2,NA,NA,1,NA,NA,NA,NA
snj01_SemiBin_60.fa,27.091907127016864,NA,NA,NA,NA,NA,2241_3,NA,NA,1,NA,NA,NA,NA
cpsnj09_SemiBin_142.fa,48.326461255998105,NA,NA,NA,NA,NA,2242_0,NA,NA,1,NA,NA,NA,NA
cpsnj01_SemiBin_25.fa,27.2746532274226,NA,NA,NA,NA,NA,2243_1,NA,NA,1,NA,NA,NA,NA
snj01_SemiBin_241.fa,45.779013675326,NA,NA,NA,NA,NA,2243_2,NA,NA,1,NA,NA,NA,NA
snj09_SemiBin_22.fa,71.35395500843225,NA,NA,NA,NA,NA,2243_3,NA,NA,1,NA,NA,NA,NA
snj10_SemiBin_99.fa,61.43443378151158,NA,NA,NA,NA,NA,2243_4,NA,NA,1,NA,NA,NA,NA
cpsnj14_SemiBin_17.fa,87.12452566987503,NA,NA,NA,NA,NA,2243_5,NA,NA,1,NA,NA,NA,NA
snj13_SemiBin_0.fa,71.30002389020167,NA,NA,NA,NA,NA,2243_6,NA,NA,1,NA,NA,NA,NA
cpsnj16_SemiBin_16.fa,81.1496677632133,NA,NA,NA,NA,NA,2243_7,NA,NA,1,NA,NA,NA,NA
snj16_SemiBin_51.fa,73.99782074930646,NA,NA,NA,NA,NA,2243_8,NA,NA,1,NA,NA,NA,NA
cpsnj10_SemiBin_14.fa,84.38491174408018,NA,NA,NA,NA,NA,2243_9,NA,NA,1,NA,NA,NA,NA
cpsnj09_SemiBin_11.fa,80.25010019210693,NA,NA,NA,NA,NA,2243_10,NA,NA,1,NA,NA,NA,NA
snj14_SemiBin_21.fa,66.71007210407103,NA,NA,NA,NA,NA,2243_11,NA,NA,1,NA,NA,NA,NA
snj11_SemiBin_141.fa,57.84543593418352,NA,NA,NA,NA,NA,2243_12,NA,NA,1,NA,NA,NA,NA
cpsnj11_SemiBin_99.fa,59.16890064019114,NA,NA,NA,NA,NA,2243_13,NA,NA,1,NA,NA,NA,NA
snj15_SemiBin_7.fa,69.99714527084619,NA,NA,NA,NA,NA,2243_14,NA,NA,1,NA,NA,NA,NA
cpsnj15_SemiBin_25.fa,44.94012336309781,NA,NA,NA,NA,NA,2243_15,NA,NA,1,NA,NA,NA,NA
cpsnj13_SemiBin_86.fa,47.145328938864175,NA,NA,NA,NA,NA,2243_16,NA,NA,1,NA,NA,NA,NA
snj08_SemiBin_108.fa,50.540303528290345,NA,NA,NA,NA,NA,2243_17,NA,NA,1,NA,NA,NA,NA
sample27_SemiBin_462.fa,31.40571113566082,NA,NA,NA,NA,NA,2243_18,NA,NA,1,NA,NA,NA,NA
snj11_SemiBin_119.fa,47.02462162760396,NA,NA,NA,NA,NA,2244_0,NA,NA,1,NA,NA,NA,NA
snj01_SemiBin_31.fa,64.38104218949506,NA,NA,NA,NA,NA,2245_1,NA,NA,1,NA,NA,NA,NA
snj08_SemiBin_194.fa,48.73856970486366,NA,NA,NA,NA,NA,2245_2,NA,NA,1,NA,NA,NA,NA
cpsnj20_SemiBin_76.fa,40.04590409799575,NA,NA,NA,NA,NA,2246_0,NA,NA,1,NA,NA,NA,NA
sample13_SemiBin_44.fa,54.94173410821396,NA,NA,NA,NA,NA,2247_1,NA,NA,1,NA,NA,NA,NA
sample25_SemiBin_148.fa,57.07800387022464,NA,NA,NA,NA,NA,2247_2,NA,NA,1,NA,NA,NA,NA
sample17_SemiBin_44.fa,72.2709446592954,NA,NA,NA,NA,NA,2247_3,NA,NA,1,NA,NA,NA,NA
sample26_SemiBin_109.fa,42.21858926420733,NA,NA,NA,NA,NA,2247_4,NA,NA,1,NA,NA,NA,NA
sample3_SemiBin_30.fa,34.403188814632095,NA,NA,NA,NA,NA,2247_5,NA,NA,1,NA,NA,NA,NA
sample8_SemiBin_176.fa,48.88666250685797,NA,NA,NA,NA,NA,2247_6,NA,NA,1,NA,NA,NA,NA
sample4_SemiBin_150.fa,42.68442742370749,NA,NA,NA,NA,NA,2247_7,NA,NA,1,NA,NA,NA,NA
cpsnj09_SemiBin_626.fa,45.34209523036756,NA,NA,NA,NA,NA,2248_0,NA,NA,1,NA,NA,NA,NA
cpsnj11_SemiBin_301.fa,50.89334933862538,NA,NA,NA,NA,NA,2249_0,NA,NA,1,NA,NA,NA,NA
snj03_SemiBin_116.fa,10.859715568525404,NA,NA,NA,NA,NA,2250_1,NA,NA,1,NA,NA,NA,NA
snj11_SemiBin_195.fa,28.53350646325677,NA,NA,NA,NA,NA,2250_2,NA,NA,1,NA,NA,NA,NA
cpsnj10_SemiBin_125.fa,67.58560857004674,NA,NA,NA,NA,NA,2251_1,NA,NA,1,NA,NA,NA,NA
cpsnj16_SemiBin_33.fa,64.81332149682115,NA,NA,NA,NA,NA,2251_2,NA,NA,1,NA,NA,NA,NA
cpsnj15_SemiBin_37.fa,60.55437189174284,NA,NA,NA,NA,NA,2251_3,NA,NA,1,NA,NA,NA,NA
sample23_SemiBin_87.fa,47.26097709113844,NA,NA,NA,NA,NA,2251_4,NA,NA,1,NA,NA,NA,NA
snj20_SemiBin_19.fa,48.46909390357701,NA,NA,NA,NA,NA,2251_5,NA,NA,1,NA,NA,NA,NA
snj19_SemiBin_36.fa,70.08768842302675,NA,NA,NA,NA,NA,2251_6,NA,NA,1,NA,NA,NA,NA
sample24_SemiBin_363.fa,18.66756795331101,NA,NA,NA,NA,NA,2251_7,NA,NA,1,NA,NA,NA,NA
snj09_SemiBin_1577.fa,27.612565558570072,NA,NA,NA,NA,NA,2251_8,NA,NA,1,NA,NA,NA,NA
cpsnj19_SemiBin_198.fa,51.76544005130221,NA,NA,NA,NA,NA,2252_0,NA,NA,1,NA,NA,NA,NA
sample15_SemiBin_20.fa,59.65884713850978,NA,NA,NA,NA,NA,2253_0,NA,NA,1,NA,NA,NA,NA
sample16_SemiBin_1836.fa,8.728697502920587,NA,NA,NA,NA,NA,2254_0,NA,NA,1,NA,NA,NA,NA
cpsnj10_SemiBin_167.fa,52.86503211864577,NA,NA,NA,NA,NA,2255_1,NA,NA,1,NA,NA,NA,NA
cpsnj14_SemiBin_232.fa,33.54936094575208,NA,NA,NA,NA,NA,2255_2,NA,NA,1,NA,NA,NA,NA
sample21_SemiBin_130.fa,56.55728152738138,NA,NA,NA,NA,NA,2256_0,NA,NA,1,NA,NA,NA,NA
cpsnj15_SemiBin_99.fa,47.53658150467778,NA,NA,NA,NA,NA,2257_0,NA,NA,1,NA,NA,NA,NA
sample1_SemiBin_251.fa,37.55627728814682,NA,NA,NA,NA,NA,2258_0,NA,NA,1,NA,NA,NA,NA
cpsnj14_SemiBin_168.fa,63.82851461005291,NA,NA,NA,NA,NA,2259_0,NA,NA,1,NA,NA,NA,NA
sample20_SemiBin_119.fa,84.87058408778337,NA,NA,NA,NA,NA,2260_0,NA,NA,1,NA,NA,NA,NA
snj01_SemiBin_118.fa,54.83922973700424,NA,NA,NA,NA,NA,2261_1,NA,NA,1,NA,NA,NA,NA
snj20_SemiBin_162.fa,60.06560697733531,NA,NA,NA,NA,NA,2261_2,NA,NA,1,NA,NA,NA,NA
snj03_SemiBin_166.fa,54.89772092627991,NA,NA,NA,NA,NA,2261_3,NA,NA,1,NA,NA,NA,NA
sample23_SemiBin_198.fa,54.63493062573275,NA,NA,NA,NA,NA,2261_4,NA,NA,1,NA,NA,NA,NA
snj13_SemiBin_148.fa,50.53435691094676,NA,NA,NA,NA,NA,2261_5,NA,NA,1,NA,NA,NA,NA
snj08_SemiBin_166.fa,49.93898814044045,NA,NA,NA,NA,NA,2261_6,NA,NA,1,NA,NA,NA,NA
snj19_SemiBin_329.fa,24.263209182616407,NA,NA,NA,NA,NA,2262_0,NA,NA,1,NA,NA,NA,NA
sample16_SemiBin_98.fa,48.53903594886576,NA,NA,NA,NA,NA,2263_1,NA,NA,1,NA,NA,NA,NA
sample18_SemiBin_347.fa,16.625873915409468,NA,NA,NA,NA,NA,2263_2,NA,NA,1,NA,NA,NA,NA
cpsnj03_SemiBin_81.fa,74.63077795865475,NA,NA,NA,NA,NA,2264_0,NA,NA,1,NA,NA,NA,NA
cpsnj14_SemiBin_25.fa,84.23700513457446,NA,NA,NA,NA,NA,2265_0,NA,NA,1,NA,NA,NA,NA
sample15_SemiBin_10.fa,93.3947767556748,NA,NA,NA,NA,NA,2266_1,NA,NA,1,NA,NA,NA,NA
sample19_SemiBin_14.fa,86.9828096965492,NA,NA,NA,NA,NA,2266_2,NA,NA,1,NA,NA,NA,NA
sample20_SemiBin_78.fa,78.97015282750894,NA,NA,NA,NA,NA,2266_3,NA,NA,1,NA,NA,NA,NA
sample13_SemiBin_66.fa,101.01311164267098,NA,NA,NA,NA,NA,2266_4,NA,NA,1,NA,NA,NA,NA
sample22_SemiBin_4.fa,65.55201166939518,NA,NA,NA,NA,NA,2266_5,NA,NA,1,NA,NA,NA,NA
sample1_SemiBin_104.fa,99.33031705106636,NA,NA,NA,NA,NA,2266_6,NA,NA,1,NA,NA,NA,NA
sample25_SemiBin_8.fa,88.52811101025648,NA,NA,NA,NA,NA,2266_7,NA,NA,1,NA,NA,NA,NA
sample2_SemiBin_5.fa,91.09813092175018,NA,NA,NA,NA,NA,2266_8,NA,NA,1,NA,NA,NA,NA
sample7_SemiBin_79.fa,80.48611768077623,NA,NA,NA,NA,NA,2266_9,NA,NA,1,NA,NA,NA,NA
sample21_SemiBin_0.fa,100.3048302073036,NA,NA,NA,NA,NA,2266_10,NA,NA,1,NA,NA,NA,NA
sample10_SemiBin_40.fa,84.95728821960083,NA,NA,NA,NA,NA,2266_11,NA,NA,1,NA,NA,NA,NA
sample27_SemiBin_60.fa,78.41833314899252,NA,NA,NA,NA,NA,2266_12,NA,NA,1,NA,NA,NA,NA
sample11_SemiBin_51.fa,40.92708811271767,NA,NA,NA,NA,NA,2266_13,NA,NA,1,NA,NA,NA,NA
sample12_SemiBin_24.fa,31.52289758724209,NA,NA,NA,NA,NA,2266_14,NA,NA,1,NA,NA,NA,NA
sample16_SemiBin_16.fa,72.53406738593911,NA,NA,NA,NA,NA,2267_1,NA,NA,1,NA,NA,NA,NA
sample26_SemiBin_35.fa,51.965673416590136,NA,NA,NA,NA,NA,2267_2,NA,NA,1,NA,NA,NA,NA
sample20_SemiBin_73.fa,62.21871028996458,NA,NA,NA,NA,NA,2267_3,NA,NA,1,NA,NA,NA,NA
cpsnj19_SemiBin_84.fa,38.93354431231408,NA,NA,NA,NA,NA,2268_0,NA,NA,1,NA,NA,NA,NA
sample19_SemiBin_147.fa,48.92261179364046,NA,NA,NA,NA,NA,2269_0,NA,NA,1,NA,NA,NA,NA
sample19_SemiBin_148.fa,61.98373891655243,NA,NA,NA,NA,NA,2270_0,NA,NA,1,NA,NA,NA,NA
cpsnj19_SemiBin_126.fa,51.10477006261189,NA,NA,NA,NA,NA,2271_0,NA,NA,1,NA,NA,NA,NA
cpsnj11_SemiBin_167.fa,47.2231523188455,NA,NA,NA,NA,NA,2272_1,NA,NA,1,NA,NA,NA,NA
snj08_SemiBin_135.fa,47.15257736045653,NA,NA,NA,NA,NA,2272_2,NA,NA,1,NA,NA,NA,NA
cpsnj02_SemiBin_66.fa,40.68773985001315,NA,NA,NA,NA,NA,2273_0,NA,NA,1,NA,NA,NA,NA
cpsnj08_SemiBin_14.fa,69.65655993507434,NA,NA,NA,NA,NA,2274_1,NA,NA,1,NA,NA,NA,NA
snj11_SemiBin_172.fa,49.54045674961658,NA,NA,NA,NA,NA,2274_2,NA,NA,1,NA,NA,NA,NA
cpsnj11_SemiBin_22.fa,74.58914099593072,NA,NA,NA,NA,NA,2274_3,NA,NA,1,NA,NA,NA,NA
cpsnj10_SemiBin_27.fa,72.94418235997871,NA,NA,NA,NA,NA,2274_4,NA,NA,1,NA,NA,NA,NA
cpsnj20_SemiBin_132.fa,59.90448102891805,NA,NA,NA,NA,NA,2274_5,NA,NA,1,NA,NA,NA,NA
snj16_SemiBin_28.fa,75.22125191528079,NA,NA,NA,NA,NA,2274_6,NA,NA,1,NA,NA,NA,NA
snj20_SemiBin_214.fa,54.11127740407424,NA,NA,NA,NA,NA,2274_7,NA,NA,1,NA,NA,NA,NA
cpsnj09_SemiBin_138.fa,52.86777353840458,NA,NA,NA,NA,NA,2274_8,NA,NA,1,NA,NA,NA,NA
cpsnj16_SemiBin_515.fa,51.12517164338124,NA,NA,NA,NA,NA,2274_9,NA,NA,1,NA,NA,NA,NA
cpsnj03_SemiBin_118.fa,36.08967172519655,NA,NA,NA,NA,NA,2274_10,NA,NA,1,NA,NA,NA,NA
cpsnj15_SemiBin_33.fa,36.864058378585206,NA,NA,NA,NA,NA,2274_11,NA,NA,1,NA,NA,NA,NA
snj15_SemiBin_66.fa,32.050954265005885,NA,NA,NA,NA,NA,2274_12,NA,NA,1,NA,NA,NA,NA
snj10_SemiBin_1730.fa,12.542598313142053,NA,NA,NA,NA,NA,2275_0,NA,NA,1,NA,NA,NA,NA
cpsnj16_SemiBin_516.fa,22.67926697796095,NA,NA,NA,NA,NA,2276_0,NA,NA,1,NA,NA,NA,NA
cpsnj01_SemiBin_45.fa,56.83630859194407,NA,NA,NA,NA,NA,2277_1,NA,NA,1,NA,NA,NA,NA
snj20_SemiBin_45.fa,45.77076481659496,NA,NA,NA,NA,NA,2277_2,NA,NA,1,NA,NA,NA,NA
cpsnj16_SemiBin_54.fa,63.72454017562087,NA,NA,NA,NA,NA,2278_1,NA,NA,1,NA,NA,NA,NA
snj16_SemiBin_66.fa,40.4723683918909,NA,NA,NA,NA,NA,2278_2,NA,NA,1,NA,NA,NA,NA
snj19_SemiBin_178.fa,30.914424941186574,NA,NA,NA,NA,NA,2278_3,NA,NA,1,NA,NA,NA,NA
snj03_SemiBin_38.fa,50.12473417064824,NA,NA,NA,NA,NA,2278_4,NA,NA,1,NA,NA,NA,NA
snj08_SemiBin_308.fa,47.30594726178217,NA,NA,NA,NA,NA,2278_5,NA,NA,1,NA,NA,NA,NA
cpsnj19_SemiBin_98.fa,35.05179279786568,NA,NA,NA,NA,NA,2278_6,NA,NA,1,NA,NA,NA,NA
cpsnj11_SemiBin_984.fa,13.560756261824542,NA,NA,NA,NA,NA,2278_7,NA,NA,1,NA,NA,NA,NA
snj01_SemiBin_1410.fa,11.364240194227529,NA,NA,NA,NA,NA,2279_0,NA,NA,1,NA,NA,NA,NA
sample15_SemiBin_30.fa,64.03562210575132,NA,NA,NA,NA,NA,2280_1,NA,NA,1,NA,NA,NA,NA
sample25_SemiBin_74.fa,48.25071492949694,NA,NA,NA,NA,NA,2280_2,NA,NA,1,NA,NA,NA,NA
sample1_SemiBin_145.fa,64.84553116911555,NA,NA,NA,NA,NA,2280_3,NA,NA,1,NA,NA,NA,NA
sample15_SemiBin_151.fa,59.29323347445549,NA,NA,NA,NA,NA,2281_0,NA,NA,1,NA,NA,NA,NA
cpsnj09_SemiBin_0.fa,94.92104593485298,NA,NA,NA,NA,NA,2282_1,NA,NA,3,99.45,98.99,NA,NA
cpsnj13_SemiBin_14.fa,83.48590377228854,NA,NA,NA,NA,NA,2282_2,NA,NA,1,NA,NA,NA,NA
sample21_SemiBin_513.fa,22.249079932254293,NA,NA,NA,NA,NA,2283_0,NA,NA,1,NA,NA,NA,NA
cpsnj10_SemiBin_130.fa,77.1338976506822,NA,NA,NA,NA,NA,2284_1,NA,NA,1,NA,NA,NA,NA
cpsnj11_SemiBin_128.fa,44.38659014201035,NA,NA,NA,NA,NA,2284_2,NA,NA,1,NA,NA,NA,NA
cpsnj13_SemiBin_89.fa,60.45506562837437,NA,NA,NA,NA,NA,2285_1,NA,NA,1,NA,NA,NA,NA
cpsnj14_SemiBin_212.fa,65.60993780862132,NA,NA,NA,NA,NA,2285_2,NA,NA,1,NA,NA,NA,NA
cpsnj09_SemiBin_336.fa,44.7633047147549,NA,NA,NA,NA,NA,2285_3,NA,NA,1,NA,NA,NA,NA
cpsnj11_SemiBin_84.fa,33.21145066426536,NA,NA,NA,NA,NA,2286_1,NA,NA,1,NA,NA,NA,NA
snj10_SemiBin_50.fa,38.00524200517791,NA,NA,NA,NA,NA,2286_2,NA,NA,1,NA,NA,NA,NA
cpsnj14_SemiBin_1157.fa,18.95244603335312,NA,NA,NA,NA,NA,2286_3,NA,NA,1,NA,NA,NA,NA
snj20_SemiBin_54.fa,35.07655459445353,NA,NA,NA,NA,NA,2287_0,NA,NA,1,NA,NA,NA,NA
cpsnj13_SemiBin_91.fa,51.46200847232007,NA,NA,NA,NA,NA,2288_0,NA,NA,1,NA,NA,NA,NA
sample23_SemiBin_67.fa,54.87726361284849,NA,NA,NA,NA,NA,2289_0,NA,NA,1,NA,NA,NA,NA
snj09_SemiBin_69.fa,74.5653645050244,NA,NA,NA,NA,NA,2290_0,NA,NA,1,NA,NA,NA,NA
cpsnj14_SemiBin_91.fa,71.7189170290486,NA,NA,NA,NA,NA,2291_1,NA,NA,1,NA,NA,NA,NA
snj14_SemiBin_17.fa,84.13876942065542,NA,NA,NA,NA,NA,2291_2,NA,NA,1,NA,NA,NA,NA
cpsnj10_SemiBin_115.fa,43.8240304394536,NA,NA,NA,NA,NA,2291_3,NA,NA,1,NA,NA,NA,NA
cpsnj04_SemiBin_69.fa,51.46013010672348,NA,NA,NA,NA,NA,2291_4,NA,NA,1,NA,NA,NA,NA
snj20_SemiBin_217.fa,55.57842877412335,NA,NA,NA,NA,NA,2291_5,NA,NA,1,NA,NA,NA,NA
snj16_SemiBin_33.fa,33.70135447508635,NA,NA,NA,NA,NA,2291_6,NA,NA,1,NA,NA,NA,NA
sample6_SemiBin_54.fa,51.84321008191485,NA,NA,NA,NA,NA,2292_0,NA,NA,1,NA,NA,NA,NA
sample20_SemiBin_152.fa,37.26295110215088,NA,NA,NA,NA,NA,2293_0,NA,NA,1,NA,NA,NA,NA
sample21_SemiBin_380.fa,60.153387559770266,NA,NA,NA,NA,NA,2294_1,NA,NA,1,NA,NA,NA,NA
sample22_SemiBin_177.fa,62.315858465690944,NA,NA,NA,NA,NA,2294_2,NA,NA,1,NA,NA,NA,NA
sample20_SemiBin_121.fa,62.13039855049992,NA,NA,NA,NA,NA,2294_3,NA,NA,1,NA,NA,NA,NA
cpsnj13_SemiBin_25.fa,80.0320565407474,NA,NA,NA,NA,NA,2295_1,NA,NA,1,NA,NA,NA,NA
snj14_SemiBin_13.fa,88.40080996109694,NA,NA,NA,NA,NA,2295_2,NA,NA,1,NA,NA,NA,NA
cpsnj14_SemiBin_51.fa,53.39244592331824,NA,NA,NA,NA,NA,2295_3,NA,NA,1,NA,NA,NA,NA
cpsnj09_SemiBin_344.fa,61.478922732073926,NA,NA,NA,NA,NA,2295_4,NA,NA,1,NA,NA,NA,NA
cpsnj10_SemiBin_31.fa,84.65113897724508,NA,NA,NA,NA,NA,2295_5,NA,NA,1,NA,NA,NA,NA
snj13_SemiBin_39.fa,55.883401190536176,NA,NA,NA,NA,NA,2295_6,NA,NA,1,NA,NA,NA,NA
snj16_SemiBin_40.fa,51.27791675059368,NA,NA,NA,NA,NA,2295_7,NA,NA,1,NA,NA,NA,NA
snj08_SemiBin_322.fa,35.48672425737215,NA,NA,NA,NA,NA,2295_8,NA,NA,1,NA,NA,NA,NA
sample23_SemiBin_232.fa,59.83683234251736,NA,NA,NA,NA,NA,2295_9,NA,NA,1,NA,NA,NA,NA
cpsnj04_SemiBin_80.fa,38.3737731444517,NA,NA,NA,NA,NA,2296_0,NA,NA,1,NA,NA,NA,NA
cpsnj20_SemiBin_24.fa,83.02208413395235,NA,NA,NA,NA,NA,2297_0,NA,NA,1,NA,NA,NA,NA
sample15_SemiBin_47.fa,77.19858266980397,NA,NA,NA,NA,NA,2298_1,NA,NA,2,99.31,99.31,NA,NA
sample29_SemiBin_57.fa,46.989449432716384,NA,NA,NA,NA,NA,2298_2,NA,NA,1,NA,NA,NA,NA
sample22_SemiBin_122.fa,35.27353952002886,NA,NA,NA,NA,NA,2298_3,NA,NA,1,NA,NA,NA,NA
sample28_SemiBin_80.fa,55.15529388761782,NA,NA,NA,NA,NA,2298_4,NA,NA,1,NA,NA,NA,NA
snj03_SemiBin_0.fa,97.81018144667628,NA,NA,NA,NA,NA,2298_5,NA,NA,12,99.54,99.13,NA,NA
snj04_SemiBin_9.fa,76.67352317062877,NA,NA,NA,NA,NA,2298_6,NA,NA,1,NA,NA,NA,NA
cpsnj04_SemiBin_29.fa,79.37992281796824,NA,NA,NA,NA,NA,2298_7,NA,NA,1,NA,NA,NA,NA
sample8_SemiBin_22.fa,69.91690651064198,NA,NA,NA,NA,NA,2298_8,NA,NA,1,NA,NA,NA,NA
sample5_SemiBin_66.fa,87.09535697748275,NA,NA,NA,NA,NA,2298_9,NA,NA,1,NA,NA,NA,NA
sample4_SemiBin_1.fa,75.86891417172421,NA,NA,NA,NA,NA,2298_10,NA,NA,1,NA,NA,NA,NA
snj10_SemiBin_4.fa,82.62822414788884,NA,NA,NA,NA,NA,2298_11,NA,NA,1,NA,NA,NA,NA
cpsnj19_SemiBin_18.fa,73.83011654663763,NA,NA,NA,NA,NA,2298_12,NA,NA,1,NA,NA,NA,NA
cpsnj02_SemiBin_29.fa,67.64414076217743,NA,NA,NA,NA,NA,2298_13,NA,NA,1,NA,NA,NA,NA
sample14_SemiBin_3.fa,77.42268750104022,NA,NA,NA,NA,NA,2298_14,NA,NA,1,NA,NA,NA,NA
sample3_SemiBin_64.fa,52.5275871504028,NA,NA,NA,NA,NA,2298_15,NA,NA,1,NA,NA,NA,NA
sample18_SemiBin_77.fa,73.92287275016702,NA,NA,NA,NA,NA,2298_16,NA,NA,1,NA,NA,NA,NA
sample26_SemiBin_3.fa,66.51064510391346,NA,NA,NA,NA,NA,2298_17,NA,NA,1,NA,NA,NA,NA
snj20_SemiBin_220.fa,44.71920084873316,NA,NA,NA,NA,NA,2298_18,NA,NA,1,NA,NA,NA,NA
sample24_SemiBin_130.fa,51.33160847783422,NA,NA,NA,NA,NA,2298_19,NA,NA,1,NA,NA,NA,NA
sample2_SemiBin_80.fa,43.93693780607617,NA,NA,NA,NA,NA,2298_20,NA,NA,1,NA,NA,NA,NA
sample30_SemiBin_60.fa,54.90589629941301,NA,NA,NA,NA,NA,2298_21,NA,NA,1,NA,NA,NA,NA
sample21_SemiBin_1786.fa,24.518765669129134,NA,NA,NA,NA,NA,2298_22,NA,NA,1,NA,NA,NA,NA
cpsnj13_SemiBin_269.fa,30.11036380135553,NA,NA,NA,NA,NA,2298_23,NA,NA,1,NA,NA,NA,NA
sample20_SemiBin_10.fa,87.31136142358318,NA,NA,NA,NA,NA,2299_1,NA,NA,2,99.21,99.21,NA,NA
sample4_SemiBin_99.fa,69.01183449317595,NA,NA,NA,NA,NA,2299_2,NA,NA,1,NA,NA,NA,NA
sample3_SemiBin_132.fa,25.302772566216237,NA,NA,NA,NA,NA,2299_3,NA,NA,1,NA,NA,NA,NA
sample22_SemiBin_2.fa,99.38407077020972,NA,NA,NA,NA,NA,2300_1,NA,NA,5,99.81,99.14,NA,NA
sample7_SemiBin_120.fa,54.714199816021896,NA,NA,NA,NA,NA,2300_2,NA,NA,1,NA,NA,NA,NA
sample1_SemiBin_159.fa,49.409300213997774,NA,NA,NA,NA,NA,2300_3,NA,NA,1,NA,NA,NA,NA
sample17_SemiBin_127.fa,59.06556573995348,NA,NA,NA,NA,NA,2301_0,NA,NA,1,NA,NA,NA,NA
sample19_SemiBin_190.fa,37.02037556504924,NA,NA,NA,NA,NA,2302_0,NA,NA,1,NA,NA,NA,NA
sample29_SemiBin_79.fa,52.00934215198666,NA,NA,NA,NA,NA,2303_0,NA,NA,1,NA,NA,NA,NA
cpsnj08_SemiBin_47.fa,31.487487872025564,NA,NA,NA,NA,NA,2304_1,NA,NA,1,NA,NA,NA,NA
sample7_SemiBin_155.fa,38.68064740858278,NA,NA,NA,NA,NA,2304_2,NA,NA,1,NA,NA,NA,NA
cpsnj03_SemiBin_283.fa,4.282584582155891,NA,NA,NA,NA,NA,2304_3,NA,NA,1,NA,NA,NA,NA
snj13_SemiBin_1337.fa,23.546897150302257,NA,NA,NA,NA,NA,2305_0,NA,NA,1,NA,NA,NA,NA
cpsnj01_SemiBin_16.fa,55.07908994952216,NA,NA,NA,NA,NA,2306_0,NA,NA,1,NA,NA,NA,NA
snj04_SemiBin_1833.fa,7.703329271060149,NA,NA,NA,NA,NA,2307_0,NA,NA,1,NA,NA,NA,NA
cpsnj20_SemiBin_1646.fa,18.55903386598668,NA,NA,NA,NA,NA,2308_0,NA,NA,1,NA,NA,NA,NA
sample19_SemiBin_30.fa,75.59626844628154,NA,NA,NA,NA,NA,2309_0,NA,NA,1,NA,NA,NA,NA
sample19_SemiBin_66.fa,68.30205644563961,NA,NA,NA,NA,NA,2310_0,NA,NA,1,NA,NA,NA,NA
cpsnj20_SemiBin_2.fa,97.5025316207524,NA,NA,NA,NA,NA,2311_0,NA,NA,1,NA,NA,NA,NA
snj08_SemiBin_123.fa,46.10718701721711,NA,NA,NA,NA,NA,2312_0,NA,NA,1,NA,NA,NA,NA
sample11_SemiBin_11.fa,70.7780328609934,NA,NA,NA,NA,NA,2313_1,NA,NA,1,NA,NA,NA,NA
sample13_SemiBin_8.fa,88.43145735474928,NA,NA,NA,NA,NA,2313_2,NA,NA,1,NA,NA,NA,NA
sample12_SemiBin_39.fa,64.56740176346776,NA,NA,NA,NA,NA,2313_3,NA,NA,1,NA,NA,NA,NA
sample17_SemiBin_941.fa,14.271597173847832,NA,NA,NA,NA,NA,2313_4,NA,NA,1,NA,NA,NA,NA
sample11_SemiBin_10.fa,79.40858973575371,NA,NA,NA,NA,NA,2314_1,NA,NA,1,NA,NA,NA,NA
sample12_SemiBin_14.fa,69.5667656664622,NA,NA,NA,NA,NA,2314_2,NA,NA,1,NA,NA,NA,NA
sample13_SemiBin_1619.fa,42.2123159325117,NA,NA,NA,NA,NA,2315_1,NA,NA,1,NA,NA,NA,NA
sample18_SemiBin_13.fa,82.67269810706419,NA,NA,NA,NA,NA,2315_2,NA,NA,1,NA,NA,NA,NA
sample5_SemiBin_72.fa,61.11779514837061,NA,NA,NA,NA,NA,2316_0,NA,NA,1,NA,NA,NA,NA
cpsnj19_SemiBin_14.fa,91.32030284589536,NA,NA,NA,NA,NA,2317_1,NA,NA,1,NA,NA,NA,NA
snj19_SemiBin_30.fa,80.43167024241444,NA,NA,NA,NA,NA,2317_2,NA,NA,1,NA,NA,NA,NA
sample26_SemiBin_52.fa,72.73233312205751,NA,NA,NA,NA,NA,2317_3,NA,NA,1,NA,NA,NA,NA
sample5_SemiBin_47.fa,73.6620903595316,NA,NA,NA,NA,NA,2317_4,NA,NA,1,NA,NA,NA,NA
sample13_SemiBin_45.fa,48.7928809426596,NA,NA,NA,NA,NA,2318_1,NA,NA,1,NA,NA,NA,NA
sample1_SemiBin_92.fa,71.7059739837682,NA,NA,NA,NA,NA,2318_2,NA,NA,1,NA,NA,NA,NA
sample11_SemiBin_42.fa,42.37496941665042,NA,NA,NA,NA,NA,2318_3,NA,NA,1,NA,NA,NA,NA
sample12_SemiBin_50.fa,37.11095937879296,NA,NA,NA,NA,NA,2318_4,NA,NA,1,NA,NA,NA,NA
sample10_SemiBin_99.fa,47.54422871463137,NA,NA,NA,NA,NA,2318_5,NA,NA,1,NA,NA,NA,NA
sample12_SemiBin_101.fa,20.42885991230491,NA,NA,NA,NA,NA,2319_1,NA,NA,1,NA,NA,NA,NA
sample13_SemiBin_154.fa,15.09719290143922,NA,NA,NA,NA,NA,2319_2,NA,NA,1,NA,NA,NA,NA
sample3_SemiBin_113.fa,40.20337565786295,NA,NA,NA,NA,NA,2320_1,NA,NA,1,NA,NA,NA,NA
sample4_SemiBin_166.fa,48.80865795679421,NA,NA,NA,NA,NA,2320_2,NA,NA,1,NA,NA,NA,NA
sample22_SemiBin_107.fa,55.91647794068653,NA,NA,NA,NA,NA,2320_3,NA,NA,1,NA,NA,NA,NA
sample7_SemiBin_178.fa,41.48169712405276,NA,NA,NA,NA,NA,2320_4,NA,NA,1,NA,NA,NA,NA
sample14_SemiBin_149.fa,25.79663798614317,NA,NA,NA,NA,NA,2320_5,NA,NA,1,NA,NA,NA,NA
cpsnj09_SemiBin_124.fa,27.470400444731236,NA,NA,NA,NA,NA,2321_1,NA,NA,1,NA,NA,NA,NA
snj09_SemiBin_44.fa,66.15237527192032,NA,NA,NA,NA,NA,2321_2,NA,NA,1,NA,NA,NA,NA
sample28_SemiBin_95.fa,39.66270964642513,NA,NA,NA,NA,NA,2322_0,NA,NA,1,NA,NA,NA,NA
cpsnj16_SemiBin_1.fa,79.05393521410802,NA,NA,NA,NA,NA,2323_1,NA,NA,1,NA,NA,NA,NA
snj08_SemiBin_333.fa,44.61420536467828,NA,NA,NA,NA,NA,2323_2,NA,NA,1,NA,NA,NA,NA
snj16_SemiBin_83.fa,52.33860089886154,NA,NA,NA,NA,NA,2323_3,NA,NA,1,NA,NA,NA,NA
snj13_SemiBin_78.fa,45.31304385323052,NA,NA,NA,NA,NA,2323_4,NA,NA,1,NA,NA,NA,NA
cpsnj10_SemiBin_8.fa,93.99541059148171,NA,NA,NA,NA,NA,2324_0,NA,NA,1,NA,NA,NA,NA
cpsnj13_SemiBin_541.fa,11.289921433545784,NA,NA,NA,NA,NA,2325_0,NA,NA,1,NA,NA,NA,NA
sample18_SemiBin_230.fa,22.704169060791003,NA,NA,NA,NA,NA,2326_0,NA,NA,1,NA,NA,NA,NA
cpsnj16_SemiBin_96.fa,93.39379176463082,NA,NA,NA,NA,NA,2327_1,NA,NA,5,99.78,99.12,NA,NA
snj03_SemiBin_124.fa,25.36944484141114,NA,NA,NA,NA,NA,2327_2,NA,NA,1,NA,NA,NA,NA
cpsnj19_SemiBin_297.fa,27.18428860906189,NA,NA,NA,NA,NA,2328_1,NA,NA,1,NA,NA,NA,NA
snj03_SemiBin_46.fa,75.8533373219102,NA,NA,NA,NA,NA,2328_2,NA,NA,1,NA,NA,NA,NA
cpsnj03_SemiBin_94.fa,42.679921910273976,NA,NA,NA,NA,NA,2328_3,NA,NA,1,NA,NA,NA,NA
cpsnj11_SemiBin_91.fa,64.07389998848808,NA,NA,NA,NA,NA,2329_1,NA,NA,1,NA,NA,NA,NA
sample5_SemiBin_60.fa,49.29086000680084,NA,NA,NA,NA,NA,2329_2,NA,NA,1,NA,NA,NA,NA
sample18_SemiBin_327.fa,55.58863884362867,NA,NA,NA,NA,NA,2329_3,NA,NA,1,NA,NA,NA,NA
snj11_SemiBin_2095.fa,23.697077459887023,NA,NA,NA,NA,NA,2330_0,NA,NA,1,NA,NA,NA,NA
sample23_SemiBin_78.fa,34.45592630527945,NA,NA,NA,NA,NA,2331_0,NA,NA,1,NA,NA,NA,NA
cpsnj01_SemiBin_54.fa,47.05690547243035,NA,NA,NA,NA,NA,2332_1,NA,NA,1,NA,NA,NA,NA
snj01_SemiBin_186.fa,68.88594872873328,NA,NA,NA,NA,NA,2332_2,NA,NA,1,NA,NA,NA,NA
cpsnj03_SemiBin_38.fa,73.4993215478024,NA,NA,NA,NA,NA,2332_3,NA,NA,1,NA,NA,NA,NA
snj08_SemiBin_78.fa,85.50501778749228,NA,NA,NA,NA,NA,2332_4,NA,NA,1,NA,NA,NA,NA
snj03_SemiBin_13.fa,85.55550892127451,NA,NA,NA,NA,NA,2332_5,NA,NA,2,99.24,99.24,NA,NA
cpsnj04_SemiBin_135.fa,81.44528098861998,NA,NA,NA,NA,NA,2332_6,NA,NA,1,NA,NA,NA,NA
sample15_SemiBin_7.fa,90.60797804639397,NA,NA,NA,NA,NA,2332_7,NA,NA,1,NA,NA,NA,NA
sample20_SemiBin_369.fa,52.21398867482236,NA,NA,NA,NA,NA,2332_8,NA,NA,1,NA,NA,NA,NA
snj19_SemiBin_11.fa,95.59212571896144,NA,NA,NA,NA,NA,2332_9,NA,NA,4,99.56,99.25,NA,NA
snj20_SemiBin_73.fa,47.50198288282503,NA,NA,NA,NA,NA,2332_10,NA,NA,1,NA,NA,NA,NA
sample23_SemiBin_3.fa,82.89020359763708,NA,NA,NA,NA,NA,2332_11,NA,NA,1,NA,NA,NA,NA
snj16_SemiBin_22.fa,51.58201903317983,NA,NA,NA,NA,NA,2332_12,NA,NA,1,NA,NA,NA,NA
sample29_SemiBin_84.fa,75.958663552524,NA,NA,NA,NA,NA,2332_13,NA,NA,1,NA,NA,NA,NA
sample21_SemiBin_2.fa,95.83803844955506,NA,NA,NA,NA,NA,2332_14,NA,NA,6,99.51,99.06,NA,NA
sample9_SemiBin_85.fa,72.50901408609502,NA,NA,NA,NA,NA,2332_15,NA,NA,1,NA,NA,NA,NA
sample27_SemiBin_25.fa,67.46859047953394,NA,NA,NA,NA,NA,2332_16,NA,NA,1,NA,NA,NA,NA
snj13_SemiBin_42.fa,52.374392772321066,NA,NA,NA,NA,NA,2332_17,NA,NA,1,NA,NA,NA,NA
sample6_SemiBin_131.fa,71.71495987071829,NA,NA,NA,NA,NA,2332_18,NA,NA,1,NA,NA,NA,NA
sample5_SemiBin_42.fa,43.76485689155851,NA,NA,NA,NA,NA,2332_19,NA,NA,1,NA,NA,NA,NA
sample25_SemiBin_179.fa,57.41202685083734,NA,NA,NA,NA,NA,2332_20,NA,NA,1,NA,NA,NA,NA
snj10_SemiBin_20.fa,75.39382396265154,NA,NA,NA,NA,NA,2332_21,NA,NA,1,NA,NA,NA,NA
cpsnj02_SemiBin_107.fa,71.84413943233535,NA,NA,NA,NA,NA,2332_22,NA,NA,1,NA,NA,NA,NA
sample20_SemiBin_176.fa,41.38692599445688,NA,NA,NA,NA,NA,2332_23,NA,NA,1,NA,NA,NA,NA
sample21_SemiBin_15.fa,94.80401707733814,NA,NA,NA,NA,NA,2333_1,NA,NA,13,99.59,99.03,NA,NA
sample3_SemiBin_28.fa,65.54896438743623,NA,NA,NA,NA,NA,2333_2,NA,NA,1,NA,NA,NA,NA
sample27_SemiBin_52.fa,52.86109886818797,NA,NA,NA,NA,NA,2333_3,NA,NA,1,NA,NA,NA,NA
sample6_SemiBin_107.fa,66.74216330186164,NA,NA,NA,NA,NA,2333_4,NA,NA,1,NA,NA,NA,NA
sample17_SemiBin_8.fa,71.56949469930086,NA,NA,NA,NA,NA,2333_5,NA,NA,1,NA,NA,NA,NA
sample24_SemiBin_73.fa,47.98385622245274,NA,NA,NA,NA,NA,2333_6,NA,NA,1,NA,NA,NA,NA
sample26_SemiBin_24.fa,84.75914661127348,NA,NA,NA,NA,NA,2333_7,NA,NA,1,NA,NA,NA,NA
sample19_SemiBin_99.fa,68.29609631409194,NA,NA,NA,NA,NA,2333_8,NA,NA,1,NA,NA,NA,NA
sample12_SemiBin_34.fa,56.32940613220447,NA,NA,NA,NA,NA,2333_9,NA,NA,1,NA,NA,NA,NA
cpsnj03_SemiBin_54.fa,59.86005734778774,NA,NA,NA,NA,NA,2333_10,NA,NA,1,NA,NA,NA,NA
snj03_SemiBin_141.fa,56.24016455422966,NA,NA,NA,NA,NA,2333_11,NA,NA,1,NA,NA,NA,NA
cpsnj02_SemiBin_111.fa,80.96182471472244,NA,NA,NA,NA,NA,2333_12,NA,NA,1,NA,NA,NA,NA
cpsnj04_SemiBin_136.fa,79.10451053448323,NA,NA,NA,NA,NA,2333_13,NA,NA,1,NA,NA,NA,NA
sample30_SemiBin_26.fa,44.20635443564006,NA,NA,NA,NA,NA,2333_14,NA,NA,1,NA,NA,NA,NA
cpsnj20_SemiBin_88.fa,61.58373623978773,NA,NA,NA,NA,NA,2333_15,NA,NA,1,NA,NA,NA,NA
cpsnj19_SemiBin_79.fa,68.8689054147295,NA,NA,NA,NA,NA,2333_16,NA,NA,1,NA,NA,NA,NA
sample18_SemiBin_149.fa,46.96012992976172,NA,NA,NA,NA,NA,2334_0,NA,NA,1,NA,NA,NA,NA
sample19_SemiBin_87.fa,61.12397513585613,NA,NA,NA,NA,NA,2335_1,NA,NA,1,NA,NA,NA,NA
sample29_SemiBin_251.fa,92.69790773341876,NA,NA,NA,NA,NA,2335_2,NA,NA,1,NA,NA,NA,NA
sample20_SemiBin_499.fa,38.75483850029003,NA,NA,NA,NA,NA,2336_0,NA,NA,1,NA,NA,NA,NA
cpsnj09_SemiBin_9.fa,68.41022551306935,NA,NA,NA,NA,NA,2337_1,NA,NA,1,NA,NA,NA,NA
cpsnj11_SemiBin_120.fa,28.39226792037472,NA,NA,NA,NA,NA,2337_2,NA,NA,1,NA,NA,NA,NA
sample10_SemiBin_155.fa,45.46763166398819,NA,NA,NA,NA,NA,2337_3,NA,NA,1,NA,NA,NA,NA
sample21_SemiBin_283.fa,51.058202352098,NA,NA,NA,NA,NA,2337_4,NA,NA,1,NA,NA,NA,NA
sample20_SemiBin_283.fa,23.59749052110928,NA,NA,NA,NA,NA,2337_5,NA,NA,1,NA,NA,NA,NA
sample2_SemiBin_209.fa,48.56806322620036,NA,NA,NA,NA,NA,2337_6,NA,NA,1,NA,NA,NA,NA
sample26_SemiBin_16.fa,65.57164169923385,NA,NA,NA,NA,NA,2337_7,NA,NA,1,NA,NA,NA,NA
snj10_SemiBin_1812.fa,19.11474348955546,NA,NA,NA,NA,NA,2338_0,NA,NA,1,NA,NA,NA,NA
sample29_SemiBin_145.fa,59.79040513159693,NA,NA,NA,NA,NA,2339_0,NA,NA,1,NA,NA,NA,NA
sample29_SemiBin_358.fa,52.88040759184592,NA,NA,NA,NA,NA,2340_0,NA,NA,1,NA,NA,NA,NA
sample19_SemiBin_140.fa,56.73103089965822,NA,NA,NA,NA,NA,2341_0,NA,NA,1,NA,NA,NA,NA
snj16_SemiBin_71.fa,62.311441345065184,NA,NA,NA,NA,NA,2342_0,NA,NA,1,NA,NA,NA,NA
snj01_SemiBin_4.fa,87.73012567228939,NA,NA,NA,NA,NA,2343_1,NA,NA,1,NA,NA,NA,NA
snj09_SemiBin_171.fa,21.83932361976336,NA,NA,NA,NA,NA,2343_2,NA,NA,1,NA,NA,NA,NA
snj04_SemiBin_94.fa,33.41012216339825,NA,NA,NA,NA,NA,2343_3,NA,NA,1,NA,NA,NA,NA
cpsnj10_SemiBin_217.fa,60.42245670815628,NA,NA,NA,NA,NA,2344_0,NA,NA,1,NA,NA,NA,NA
snj11_SemiBin_94.fa,63.7571072885213,NA,NA,NA,NA,NA,2345_1,NA,NA,1,NA,NA,NA,NA
snj13_SemiBin_138.fa,51.80876324649571,NA,NA,NA,NA,NA,2345_2,NA,NA,1,NA,NA,NA,NA
sample29_SemiBin_129.fa,64.26604125710254,NA,NA,NA,NA,NA,2346_0,NA,NA,1,NA,NA,NA,NA
snj02_SemiBin_104.fa,56.27187045330532,NA,NA,NA,NA,NA,2347_0,NA,NA,1,NA,NA,NA,NA
sample18_SemiBin_104.fa,75.17669856563428,NA,NA,NA,NA,NA,2348_0,NA,NA,1,NA,NA,NA,NA
snj16_SemiBin_61.fa,27.186216700417244,NA,NA,NA,NA,NA,2349_0,NA,NA,1,NA,NA,NA,NA
sample16_SemiBin_101.fa,35.812177169456085,NA,NA,NA,NA,NA,2350_1,NA,NA,1,NA,NA,NA,NA
sample19_SemiBin_61.fa,44.38591983291091,NA,NA,NA,NA,NA,2350_2,NA,NA,1,NA,NA,NA,NA
snj01_SemiBin_1430.fa,7.713442564866487,NA,NA,NA,NA,NA,2351_0,NA,NA,1,NA,NA,NA,NA
snj09_SemiBin_64.fa,74.35782614845189,NA,NA,NA,NA,NA,2352_0,NA,NA,1,NA,NA,NA,NA
cpsnj02_SemiBin_165.fa,21.838685771814227,NA,NA,NA,NA,NA,2353_0,NA,NA,1,NA,NA,NA,NA
snj08_SemiBin_129.fa,34.19632753747534,NA,NA,NA,NA,NA,2354_1,NA,NA,1,NA,NA,NA,NA
snj10_SemiBin_67.fa,45.01536576853513,NA,NA,NA,NA,NA,2354_2,NA,NA,1,NA,NA,NA,NA
snj01_SemiBin_18.fa,52.13588668968286,NA,NA,NA,NA,NA,2355_0,NA,NA,1,NA,NA,NA,NA
snj08_SemiBin_48.fa,65.61063923167819,NA,NA,NA,NA,NA,2356_1,NA,NA,1,NA,NA,NA,NA
snj16_SemiBin_62.fa,53.09134965111484,NA,NA,NA,NA,NA,2356_2,NA,NA,1,NA,NA,NA,NA
snj08_SemiBin_127.fa,89.89481130810564,NA,NA,NA,NA,NA,2357_0,NA,NA,1,NA,NA,NA,NA
snj11_SemiBin_622.fa,8.715637180881203,NA,NA,NA,NA,NA,2358_1,NA,NA,1,NA,NA,NA,NA
snj20_SemiBin_86.fa,42.778824513388905,NA,NA,NA,NA,NA,2358_2,NA,NA,1,NA,NA,NA,NA
snj04_SemiBin_60.fa,17.843948117769386,NA,NA,NA,NA,NA,2358_3,NA,NA,1,NA,NA,NA,NA
cpsnj15_SemiBin_1728.fa,20.97498675145118,NA,NA,NA,NA,NA,2358_4,NA,NA,1,NA,NA,NA,NA
snj13_SemiBin_65.fa,45.03001665828519,NA,NA,NA,NA,NA,2359_0,NA,NA,1,NA,NA,NA,NA
snj11_SemiBin_99.fa,66.32075223802642,NA,NA,NA,NA,NA,2360_0,NA,NA,1,NA,NA,NA,NA
snj16_SemiBin_235.fa,40.23065555276364,NA,NA,NA,NA,NA,2361_0,NA,NA,1,NA,NA,NA,NA
sample27_SemiBin_126.fa,25.285654279157285,NA,NA,NA,NA,NA,2362_0,NA,NA,1,NA,NA,NA,NA
sample30_SemiBin_53.fa,44.97257763069603,NA,NA,NA,NA,NA,2363_0,NA,NA,1,NA,NA,NA,NA
cpsnj10_SemiBin_122.fa,22.58102099758777,NA,NA,NA,NA,NA,2364_1,NA,NA,1,NA,NA,NA,NA
cpsnj14_SemiBin_112.fa,37.04185635434381,NA,NA,NA,NA,NA,2364_2,NA,NA,1,NA,NA,NA,NA
sample21_SemiBin_132.fa,35.46006696179894,NA,NA,NA,NA,NA,2364_3,NA,NA,1,NA,NA,NA,NA
cpsnj01_SemiBin_1216.fa,9.6306501229522,NA,NA,NA,NA,NA,2365_1,NA,NA,1,NA,NA,NA,NA
cpsnj19_SemiBin_94.fa,22.67123533799563,NA,NA,NA,NA,NA,2365_2,NA,NA,1,NA,NA,NA,NA
cpsnj13_SemiBin_30.fa,60.1659511385039,NA,NA,NA,NA,NA,2366_0,NA,NA,1,NA,NA,NA,NA
snj11_SemiBin_30.fa,79.40323399289787,NA,NA,NA,NA,NA,2367_1,NA,NA,1,NA,NA,NA,NA
snj16_SemiBin_13.fa,62.8506730978588,NA,NA,NA,NA,NA,2367_2,NA,NA,1,NA,NA,NA,NA
snj10_SemiBin_10.fa,49.562814179562665,NA,NA,NA,NA,NA,2367_3,NA,NA,1,NA,NA,NA,NA
snj13_SemiBin_40.fa,60.777662998535135,NA,NA,NA,NA,NA,2367_4,NA,NA,1,NA,NA,NA,NA
snj20_SemiBin_57.fa,57.502182651367065,NA,NA,NA,NA,NA,2367_5,NA,NA,1,NA,NA,NA,NA
snj16_SemiBin_170.fa,31.53172380324308,NA,NA,NA,NA,NA,2368_0,NA,NA,1,NA,NA,NA,NA
cpsnj01_SemiBin_57.fa,56.89720136066963,NA,NA,NA,NA,NA,2369_1,NA,NA,1,NA,NA,NA,NA
snj01_SemiBin_20.fa,41.66081110953631,NA,NA,NA,NA,NA,2369_2,NA,NA,1,NA,NA,NA,NA
cpsnj19_SemiBin_64.fa,83.73306244430017,NA,NA,NA,NA,NA,2369_3,NA,NA,1,NA,NA,NA,NA
sample4_SemiBin_19.fa,69.23347192856522,NA,NA,NA,NA,NA,2370_1,NA,NA,1,NA,NA,NA,NA
sample5_SemiBin_179.fa,50.43611780628834,NA,NA,NA,NA,NA,2370_2,NA,NA,1,NA,NA,NA,NA
sample3_SemiBin_274.fa,39.400537234734536,NA,NA,NA,NA,NA,2370_3,NA,NA,1,NA,NA,NA,NA
snj08_SemiBin_248.fa,25.87922659643777,NA,NA,NA,NA,NA,2371_0,NA,NA,1,NA,NA,NA,NA
cpsnj02_SemiBin_88.fa,47.398836689862335,NA,NA,NA,NA,NA,2372_0,NA,NA,1,NA,NA,NA,NA
snj20_SemiBin_62.fa,75.46480894625905,NA,NA,NA,NA,NA,2373_0,NA,NA,1,NA,NA,NA,NA
cpsnj20_SemiBin_1.fa,102.27420705570142,NA,NA,NA,NA,NA,2374_0,NA,NA,1,NA,NA,NA,NA
cpsnj20_SemiBin_82.fa,48.96584110107149,NA,NA,NA,NA,NA,2375_0,NA,NA,1,NA,NA,NA,NA
cpsnj20_SemiBin_790.fa,42.52128316294301,NA,NA,NA,NA,NA,2376_0,NA,NA,1,NA,NA,NA,NA
sample30_SemiBin_34.fa,45.14147376023357,NA,NA,NA,NA,NA,2377_0,NA,NA,1,NA,NA,NA,NA
sample23_SemiBin_193.fa,46.507784806988894,NA,NA,NA,NA,NA,2378_0,NA,NA,1,NA,NA,NA,NA
snj01_SemiBin_62.fa,44.00141125182212,NA,NA,NA,NA,NA,2379_0,NA,NA,1,NA,NA,NA,NA
snj08_SemiBin_124.fa,34.76780333971406,NA,NA,NA,NA,NA,2380_1,NA,NA,1,NA,NA,NA,NA
snj10_SemiBin_156.fa,57.16959466353851,NA,NA,NA,NA,NA,2380_2,NA,NA,1,NA,NA,NA,NA
cpsnj10_SemiBin_65.fa,58.43642984805744,NA,NA,NA,NA,NA,2381_1,NA,NA,1,NA,NA,NA,NA
snj14_SemiBin_109.fa,43.40886617886463,NA,NA,NA,NA,NA,2381_2,NA,NA,1,NA,NA,NA,NA
cpsnj20_SemiBin_163.fa,21.651485984587303,NA,NA,NA,NA,NA,2382_0,NA,NA,1,NA,NA,NA,NA
snj19_SemiBin_113.fa,29.41649534242356,NA,NA,NA,NA,NA,2383_0,NA,NA,1,NA,NA,NA,NA
snj02_SemiBin_53.fa,51.005727955938326,NA,NA,NA,NA,NA,2384_0,NA,NA,1,NA,NA,NA,NA
snj20_SemiBin_18.fa,75.59513758044554,NA,NA,NA,NA,NA,2385_0,NA,NA,1,NA,NA,NA,NA
sample14_SemiBin_10.fa,77.66146825359668,NA,NA,NA,NA,NA,2386_1,NA,NA,1,NA,NA,NA,NA
sample26_SemiBin_36.fa,75.05427216015356,NA,NA,NA,NA,NA,2386_2,NA,NA,1,NA,NA,NA,NA
cpsnj14_SemiBin_115.fa,38.928204938557336,NA,NA,NA,NA,NA,2387_0,NA,NA,1,NA,NA,NA,NA
sample26_SemiBin_11.fa,77.85814975195277,NA,NA,NA,NA,NA,2388_0,NA,NA,1,NA,NA,NA,NA
snj16_SemiBin_32.fa,73.41622827130959,NA,NA,NA,NA,NA,2389_0,NA,NA,1,NA,NA,NA,NA
cpsnj02_SemiBin_102.fa,44.13047460936502,NA,NA,NA,NA,NA,2390_0,NA,NA,1,NA,NA,NA,NA
sample19_SemiBin_98.fa,68.49974975080058,NA,NA,NA,NA,NA,2391_0,NA,NA,1,NA,NA,NA,NA
cpsnj11_SemiBin_286.fa,46.39540530095337,NA,NA,NA,NA,NA,2392_1,NA,NA,1,NA,NA,NA,NA
snj19_SemiBin_68.fa,59.49410871587892,NA,NA,NA,NA,NA,2392_2,NA,NA,1,NA,NA,NA,NA
cpsnj04_SemiBin_163.fa,55.56830480091819,NA,NA,NA,NA,NA,2393_0,NA,NA,1,NA,NA,NA,NA
cpsnj09_SemiBin_150.fa,33.35804174899066,NA,NA,NA,NA,NA,2394_0,NA,NA,1,NA,NA,NA,NA
cpsnj02_SemiBin_55.fa,31.67876145346811,NA,NA,NA,NA,NA,2395_1,NA,NA,1,NA,NA,NA,NA
snj02_SemiBin_0.fa,93.93818809624958,NA,NA,NA,NA,NA,2395_2,NA,NA,1,NA,NA,NA,NA
sample15_SemiBin_127.fa,56.10907941897528,NA,NA,NA,NA,NA,2396_1,NA,NA,1,NA,NA,NA,NA
sample19_SemiBin_165.fa,57.96497046594824,NA,NA,NA,NA,NA,2396_2,NA,NA,1,NA,NA,NA,NA
cpsnj10_SemiBin_154.fa,41.1501885554032,NA,NA,NA,NA,NA,2397_1,NA,NA,1,NA,NA,NA,NA
snj09_SemiBin_130.fa,56.302312635160334,NA,NA,NA,NA,NA,2397_2,NA,NA,1,NA,NA,NA,NA
sample1_SemiBin_85.fa,66.20290856687014,NA,NA,NA,NA,NA,2398_1,NA,NA,1,NA,NA,NA,NA
sample7_SemiBin_98.fa,48.65978777557444,NA,NA,NA,NA,NA,2398_2,NA,NA,1,NA,NA,NA,NA
sample2_SemiBin_84.fa,38.13904230267886,NA,NA,NA,NA,NA,2398_3,NA,NA,1,NA,NA,NA,NA
sample25_SemiBin_254.fa,48.22110168461239,NA,NA,NA,NA,NA,2398_4,NA,NA,1,NA,NA,NA,NA
sample4_SemiBin_115.fa,41.88695975151204,NA,NA,NA,NA,NA,2398_5,NA,NA,1,NA,NA,NA,NA
sample8_SemiBin_107.fa,30.28774650333892,NA,NA,NA,NA,NA,2398_6,NA,NA,1,NA,NA,NA,NA
sample18_SemiBin_199.fa,47.03037199813112,NA,NA,NA,NA,NA,2398_7,NA,NA,1,NA,NA,NA,NA
cpsnj14_SemiBin_20.fa,46.82319279847697,NA,NA,NA,NA,NA,2398_8,NA,NA,1,NA,NA,NA,NA
cpsnj11_SemiBin_1859.fa,4.2267542622939365,NA,NA,NA,NA,NA,2399_0,NA,NA,1,NA,NA,NA,NA
snj11_SemiBin_2162.fa,4.888724613691171,NA,NA,NA,NA,NA,2400_0,NA,NA,1,NA,NA,NA,NA
snj20_SemiBin_121.fa,52.95794567685464,NA,NA,NA,NA,NA,2401_0,NA,NA,1,NA,NA,NA,NA
sample19_SemiBin_54.fa,70.44446283639212,NA,NA,NA,NA,NA,2402_0,NA,NA,1,NA,NA,NA,NA
sample19_SemiBin_80.fa,62.87281184741186,NA,NA,NA,NA,NA,2403_0,NA,NA,1,NA,NA,NA,NA
snj01_SemiBin_9.fa,85.02693474138557,NA,NA,NA,NA,NA,2404_0,NA,NA,1,NA,NA,NA,NA
snj20_SemiBin_67.fa,47.76238464484634,NA,NA,NA,NA,NA,2405_0,NA,NA,1,NA,NA,NA,NA
snj01_SemiBin_54.fa,48.781683858182426,NA,NA,NA,NA,NA,2406_0,NA,NA,1,NA,NA,NA,NA
sample20_SemiBin_122.fa,64.45779468968615,NA,NA,NA,NA,NA,2407_0,NA,NA,1,NA,NA,NA,NA
cpsnj03_SemiBin_46.fa,67.39943264847362,NA,NA,NA,NA,NA,2408_1,NA,NA,1,NA,NA,NA,NA
snj03_SemiBin_84.fa,33.04106446196988,NA,NA,NA,NA,NA,2408_2,NA,NA,1,NA,NA,NA,NA
sample26_SemiBin_30.fa,70.90199750715009,NA,NA,NA,NA,NA,2408_3,NA,NA,1,NA,NA,NA,NA
cpsnj04_SemiBin_100.fa,46.49763046934043,NA,NA,NA,NA,NA,2409_0,NA,NA,1,NA,NA,NA,NA
cpsnj04_SemiBin_71.fa,58.05307223235526,NA,NA,NA,NA,NA,2410_0,NA,NA,1,NA,NA,NA,NA
sample23_SemiBin_124.fa,54.49047482362728,NA,NA,NA,NA,NA,2411_0,NA,NA,1,NA,NA,NA,NA
sample29_SemiBin_47.fa,90.36380839671943,NA,NA,NA,NA,NA,2412_0,NA,NA,1,NA,NA,NA,NA
sample13_SemiBin_56.fa,73.76718240272818,NA,NA,NA,NA,NA,2413_1,NA,NA,1,NA,NA,NA,NA
sample22_SemiBin_35.fa,87.39884092689374,NA,NA,NA,NA,NA,2413_2,NA,NA,1,NA,NA,NA,NA
sample21_SemiBin_244.fa,28.98129395942752,NA,NA,NA,NA,NA,2413_3,NA,NA,1,NA,NA,NA,NA
snj10_SemiBin_63.fa,67.82720676841856,NA,NA,NA,NA,NA,2414_0,NA,NA,1,NA,NA,NA,NA
snj11_SemiBin_132.fa,32.924194899012605,NA,NA,NA,NA,NA,2415_0,NA,NA,1,NA,NA,NA,NA
sample23_SemiBin_133.fa,49.91149431775224,NA,NA,NA,NA,NA,2416_0,NA,NA,1,NA,NA,NA,NA
cpsnj10_SemiBin_78.fa,61.31334672826991,NA,NA,NA,NA,NA,2417_1,NA,NA,1,NA,NA,NA,NA
cpsnj11_SemiBin_112.fa,82.89485710347222,NA,NA,NA,NA,NA,2417_2,NA,NA,1,NA,NA,NA,NA
cpsnj14_SemiBin_46.fa,59.30918652679334,NA,NA,NA,NA,NA,2418_0,NA,NA,1,NA,NA,NA,NA
cpsnj13_SemiBin_24.fa,90.15223061957816,NA,NA,NA,NA,NA,2419_0,NA,NA,1,NA,NA,NA,NA
sample22_SemiBin_73.fa,72.10115497043915,NA,NA,NA,NA,NA,2420_0,NA,NA,1,NA,NA,NA,NA
cpsnj04_SemiBin_55.fa,88.85973146998019,NA,NA,NA,NA,NA,2421_1,NA,NA,3,99.26,99.09,NA,NA
cpsnj19_SemiBin_148.fa,45.61817578480439,NA,NA,NA,NA,NA,2421_2,NA,NA,1,NA,NA,NA,NA
sample5_SemiBin_105.fa,35.546145751462255,NA,NA,NA,NA,NA,2422_1,NA,NA,1,NA,NA,NA,NA
sample6_SemiBin_553.fa,41.48229817702259,NA,NA,NA,NA,NA,2422_2,NA,NA,1,NA,NA,NA,NA
sample22_SemiBin_1596.fa,33.80767492092882,NA,NA,NA,NA,NA,2423_0,NA,NA,1,NA,NA,NA,NA
sample6_SemiBin_471.fa,26.634529292422037,NA,NA,NA,NA,NA,2424_0,NA,NA,1,NA,NA,NA,NA
snj08_SemiBin_61.fa,64.53365033521408,NA,NA,NA,NA,NA,2425_1,NA,NA,1,NA,NA,NA,NA
snj14_SemiBin_211.fa,56.87089541832268,NA,NA,NA,NA,NA,2425_2,NA,NA,1,NA,NA,NA,NA
snj08_SemiBin_195.fa,18.17221987902585,NA,NA,NA,NA,NA,2426_0,NA,NA,1,NA,NA,NA,NA
sample13_SemiBin_68.fa,97.79348830387596,NA,NA,NA,NA,NA,2427_1,NA,NA,5,99.18,98.93,NA,NA
sample16_SemiBin_236.fa,38.15750313769673,NA,NA,NA,NA,NA,2427_2,NA,NA,1,NA,NA,NA,NA
cpsnj09_SemiBin_2.fa,101.99539695952362,NA,NA,NA,NA,NA,2428_1,NA,NA,2,99.35,99.35,NA,NA
cpsnj10_SemiBin_175.fa,42.61976776932757,NA,NA,NA,NA,NA,2428_2,NA,NA,1,NA,NA,NA,NA
cpsnj04_SemiBin_79.fa,66.50668173914444,NA,NA,NA,NA,NA,2429_0,NA,NA,1,NA,NA,NA,NA
cpsnj02_SemiBin_94.fa,46.326272587510736,NA,NA,NA,NA,NA,2430_0,NA,NA,1,NA,NA,NA,NA
sample19_SemiBin_97.fa,68.64424283225483,NA,NA,NA,NA,NA,2431_0,NA,NA,1,NA,NA,NA,NA
cpsnj13_SemiBin_1.fa,101.58273036475424,NA,NA,NA,NA,NA,2432_0,NA,NA,1,NA,NA,NA,NA
cpsnj11_SemiBin_230.fa,55.29654700563628,NA,NA,NA,NA,NA,2433_0,NA,NA,1,NA,NA,NA,NA
sample23_SemiBin_76.fa,44.09204780187996,NA,NA,NA,NA,NA,2434_0,NA,NA,1,NA,NA,NA,NA
cpsnj02_SemiBin_21.fa,65.97038314016567,NA,NA,NA,NA,NA,2435_1,NA,NA,1,NA,NA,NA,NA
snj02_SemiBin_42.fa,48.05300173942402,NA,NA,NA,NA,NA,2435_2,NA,NA,1,NA,NA,NA,NA
cpsnj04_SemiBin_128.fa,65.33355741779978,NA,NA,NA,NA,NA,2436_0,NA,NA,1,NA,NA,NA,NA
cpsnj04_SemiBin_25.fa,69.54246130910072,NA,NA,NA,NA,NA,2437_1,NA,NA,1,NA,NA,NA,NA
sample23_SemiBin_112.fa,62.38607218740157,NA,NA,NA,NA,NA,2437_2,NA,NA,1,NA,NA,NA,NA
cpsnj01_SemiBin_63.fa,49.90578848247251,NA,NA,NA,NA,NA,2437_3,NA,NA,1,NA,NA,NA,NA
snj01_SemiBin_85.fa,48.07637531211894,NA,NA,NA,NA,NA,2437_4,NA,NA,1,NA,NA,NA,NA
snj20_SemiBin_95.fa,23.218866445606448,NA,NA,NA,NA,NA,2438_0,NA,NA,1,NA,NA,NA,NA
sample23_SemiBin_37.fa,82.57322441083218,NA,NA,NA,NA,NA,2439_0,NA,NA,1,NA,NA,NA,NA
cpsnj15_SemiBin_40.fa,59.9578023754794,NA,NA,NA,NA,NA,2440_0,NA,NA,1,NA,NA,NA,NA
cpsnj02_SemiBin_60.fa,51.50168274665005,NA,NA,NA,NA,NA,2441_0,NA,NA,1,NA,NA,NA,NA
cpsnj02_SemiBin_12.fa,78.18852005044936,NA,NA,NA,NA,NA,2442_0,NA,NA,1,NA,NA,NA,NA
snj16_SemiBin_4.fa,99.77858389174776,NA,NA,NA,NA,NA,2443_1,NA,NA,2,99.57,99.57,NA,NA
snj10_SemiBin_18.fa,73.12003886426847,NA,NA,NA,NA,NA,2443_2,NA,NA,1,NA,NA,NA,NA
cpsnj15_SemiBin_4.fa,72.96182853937218,NA,NA,NA,NA,NA,2443_3,NA,NA,1,NA,NA,NA,NA
sample23_SemiBin_24.fa,83.12507451231436,NA,NA,NA,NA,NA,2443_4,NA,NA,1,NA,NA,NA,NA
snj03_SemiBin_29.fa,73.32207012557873,NA,NA,NA,NA,NA,2443_5,NA,NA,1,NA,NA,NA,NA
cpsnj19_SemiBin_106.fa,71.26967911847014,NA,NA,NA,NA,NA,2443_6,NA,NA,1,NA,NA,NA,NA
snj04_SemiBin_144.fa,46.54761941137962,NA,NA,NA,NA,NA,2443_7,NA,NA,1,NA,NA,NA,NA
cpsnj11_SemiBin_1.fa,94.7085969831699,NA,NA,NA,NA,NA,2444_1,NA,NA,1,NA,NA,NA,NA
snj11_SemiBin_14.fa,95.68650246936964,NA,NA,NA,NA,NA,2444_2,NA,NA,1,NA,NA,NA,NA
snj10_SemiBin_23.fa,74.78270136595614,NA,NA,NA,NA,NA,2444_3,NA,NA,1,NA,NA,NA,NA
cpsnj10_SemiBin_68.fa,41.33126136403376,NA,NA,NA,NA,NA,2444_4,NA,NA,1,NA,NA,NA,NA
cpsnj14_SemiBin_49.fa,72.7076377865775,NA,NA,NA,NA,NA,2444_5,NA,NA,1,NA,NA,NA,NA
cpsnj15_SemiBin_60.fa,35.64090226012823,NA,NA,NA,NA,NA,2445_0,NA,NA,1,NA,NA,NA,NA
cpsnj04_SemiBin_22.fa,62.56921654925021,NA,NA,NA,NA,NA,2446_0,NA,NA,1,NA,NA,NA,NA
snj08_SemiBin_43.fa,67.07945683612513,NA,NA,NA,NA,NA,2447_0,NA,NA,1,NA,NA,NA,NA
cpsnj02_SemiBin_0.fa,102.16682937435766,NA,NA,NA,NA,NA,2448_1,NA,NA,2,99.18,99.18,NA,NA
snj02_SemiBin_3.fa,95.5041549201185,NA,NA,NA,NA,NA,2448_2,NA,NA,1,NA,NA,NA,NA
snj04_SemiBin_76.fa,50.43887959941697,NA,NA,NA,NA,NA,2448_3,NA,NA,1,NA,NA,NA,NA
cpsnj20_SemiBin_4.fa,96.47442632076802,NA,NA,NA,NA,NA,2449_0,NA,NA,1,NA,NA,NA,NA
cpsnj04_SemiBin_20.fa,82.80706150888031,NA,NA,NA,NA,NA,2450_1,NA,NA,1,NA,NA,NA,NA
snj04_SemiBin_74.fa,49.30276794251339,NA,NA,NA,NA,NA,2450_2,NA,NA,1,NA,NA,NA,NA
snj16_SemiBin_14.fa,61.37511092498636,NA,NA,NA,NA,NA,2451_1,NA,NA,1,NA,NA,NA,NA
snj20_SemiBin_76.fa,55.32421526113629,NA,NA,NA,NA,NA,2451_2,NA,NA,1,NA,NA,NA,NA
snj19_SemiBin_361.fa,40.322656225994095,NA,NA,NA,NA,NA,2451_3,NA,NA,1,NA,NA,NA,NA
snj08_SemiBin_191.fa,24.53480054121569,NA,NA,NA,NA,NA,2451_4,NA,NA,1,NA,NA,NA,NA
sample20_SemiBin_361.fa,47.34230661599356,NA,NA,NA,NA,NA,2452_0,NA,NA,1,NA,NA,NA,NA
snj09_SemiBin_131.fa,51.36264701242802,NA,NA,NA,NA,NA,2453_0,NA,NA,1,NA,NA,NA,NA
cpsnj11_SemiBin_30.fa,64.91287108959222,NA,NA,NA,NA,NA,2454_1,NA,NA,1,NA,NA,NA,NA
snj08_SemiBin_44.fa,80.69911496032577,NA,NA,NA,NA,NA,2454_2,NA,NA,1,NA,NA,NA,NA
snj10_SemiBin_46.fa,50.34662025037009,NA,NA,NA,NA,NA,2454_3,NA,NA,1,NA,NA,NA,NA
sample20_SemiBin_138.fa,61.685159664777096,NA,NA,NA,NA,NA,2455_0,NA,NA,1,NA,NA,NA,NA
sample29_SemiBin_39.fa,87.91166012829929,NA,NA,NA,NA,NA,2456_0,NA,NA,1,NA,NA,NA,NA
snj01_SemiBin_35.fa,55.99780130942918,NA,NA,NA,NA,NA,2457_1,NA,NA,1,NA,NA,NA,NA
snj02_SemiBin_66.fa,43.02107152502086,NA,NA,NA,NA,NA,2457_2,NA,NA,1,NA,NA,NA,NA
cpsnj11_SemiBin_103.fa,72.4535588658392,NA,NA,NA,NA,NA,2458_0,NA,NA,1,NA,NA,NA,NA
cpsnj02_SemiBin_109.fa,56.04354722472031,NA,NA,NA,NA,NA,2459_1,NA,NA,1,NA,NA,NA,NA
cpsnj04_SemiBin_145.fa,29.35797470644669,NA,NA,NA,NA,NA,2459_2,NA,NA,1,NA,NA,NA,NA
snj16_SemiBin_54.fa,29.940306118088547,NA,NA,NA,NA,NA,2460_0,NA,NA,1,NA,NA,NA,NA
cpsnj02_SemiBin_54.fa,37.24656420184582,NA,NA,NA,NA,NA,2461_1,NA,NA,1,NA,NA,NA,NA
snj02_SemiBin_67.fa,30.522058711259465,NA,NA,NA,NA,NA,2461_2,NA,NA,1,NA,NA,NA,NA
cpsnj02_SemiBin_46.fa,76.30712159951419,NA,NA,NA,NA,NA,2462_0,NA,NA,1,NA,NA,NA,NA
snj10_SemiBin_54.fa,51.115299037665565,NA,NA,NA,NA,NA,2463_1,NA,NA,1,NA,NA,NA,NA
snj20_SemiBin_92.fa,51.70648686555163,NA,NA,NA,NA,NA,2463_2,NA,NA,1,NA,NA,NA,NA
snj11_SemiBin_20.fa,79.21647713659691,NA,NA,NA,NA,NA,2463_3,NA,NA,1,NA,NA,NA,NA
cpsnj19_SemiBin_112.fa,44.63172599951082,NA,NA,NA,NA,NA,2463_4,NA,NA,1,NA,NA,NA,NA
snj19_SemiBin_109.fa,49.89979693944298,NA,NA,NA,NA,NA,2463_5,NA,NA,1,NA,NA,NA,NA
cpsnj15_SemiBin_58.fa,43.293257238155945,NA,NA,NA,NA,NA,2464_1,NA,NA,1,NA,NA,NA,NA
sample19_SemiBin_195.fa,47.312826605658685,NA,NA,NA,NA,NA,2464_2,NA,NA,1,NA,NA,NA,NA
snj16_SemiBin_76.fa,63.4931305303211,NA,NA,NA,NA,NA,2465_0,NA,NA,1,NA,NA,NA,NA
snj20_SemiBin_97.fa,31.657988882051445,NA,NA,NA,NA,NA,2466_0,NA,NA,1,NA,NA,NA,NA
sample29_SemiBin_19.fa,66.46291427636015,NA,NA,NA,NA,NA,2467_0,NA,NA,1,NA,NA,NA,NA
cpsnj02_SemiBin_78.fa,63.62678022815363,NA,NA,NA,NA,NA,2468_0,NA,NA,1,NA,NA,NA,NA
cpsnj14_SemiBin_108.fa,64.15693088079934,NA,NA,NA,NA,NA,2469_0,NA,NA,1,NA,NA,NA,NA
cpsnj19_SemiBin_83.fa,60.35587234100591,NA,NA,NA,NA,NA,2470_0,NA,NA,1,NA,NA,NA,NA
sample19_SemiBin_36.fa,75.21241315270825,NA,NA,NA,NA,NA,2471_1,NA,NA,1,NA,NA,NA,NA
sample21_SemiBin_6.fa,93.92109405481732,NA,NA,NA,NA,NA,2471_2,NA,NA,1,NA,NA,NA,NA
sample22_SemiBin_111.fa,16.96203595265752,NA,NA,NA,NA,NA,2471_3,NA,NA,1,NA,NA,NA,NA
sample1_SemiBin_56.fa,57.58335119383046,NA,NA,NA,NA,NA,2472_1,NA,NA,1,NA,NA,NA,NA
sample27_SemiBin_13.fa,61.975638113739386,NA,NA,NA,NA,NA,2472_2,NA,NA,1,NA,NA,NA,NA
sample13_SemiBin_253.fa,50.25530531990541,NA,NA,NA,NA,NA,2472_3,NA,NA,1,NA,NA,NA,NA
sample7_SemiBin_96.fa,36.79729991606323,NA,NA,NA,NA,NA,2472_4,NA,NA,1,NA,NA,NA,NA
sample2_SemiBin_51.fa,50.043236167716366,NA,NA,NA,NA,NA,2472_5,NA,NA,1,NA,NA,NA,NA
sample19_SemiBin_1291.fa,18.677552581128825,NA,NA,NA,NA,NA,2473_0,NA,NA,1,NA,NA,NA,NA
sample3_SemiBin_101.fa,49.235774925997866,NA,NA,NA,NA,NA,2474_1,NA,NA,1,NA,NA,NA,NA
sample4_SemiBin_37.fa,64.12721194652431,NA,NA,NA,NA,NA,2474_2,NA,NA,1,NA,NA,NA,NA
sample17_SemiBin_128.fa,34.13525720248287,NA,NA,NA,NA,NA,2474_3,NA,NA,1,NA,NA,NA,NA
sample15_SemiBin_133.fa,53.11393550881085,NA,NA,NA,NA,NA,2475_0,NA,NA,1,NA,NA,NA,NA
cpsnj14_SemiBin_102.fa,57.59568763957962,NA,NA,NA,NA,NA,2476_1,NA,NA,1,NA,NA,NA,NA
sample1_SemiBin_262.fa,50.56691155834309,NA,NA,NA,NA,NA,2476_2,NA,NA,1,NA,NA,NA,NA
snj08_SemiBin_142.fa,38.57442405109745,NA,NA,NA,NA,NA,2476_3,NA,NA,1,NA,NA,NA,NA
cpsnj19_SemiBin_92.fa,71.55000741599358,NA,NA,NA,NA,NA,2477_0,NA,NA,1,NA,NA,NA,NA
sample5_SemiBin_1.fa,100.7221847946498,NA,NA,NA,NA,NA,2478_1,NA,NA,2,99.27,99.27,NA,NA
sample2_SemiBin_94.fa,65.32456027731723,NA,NA,NA,NA,NA,2478_2,NA,NA,1,NA,NA,NA,NA
sample6_SemiBin_143.fa,46.780656097686126,NA,NA,NA,NA,NA,2478_3,NA,NA,1,NA,NA,NA,NA
cpsnj16_SemiBin_30.fa,57.92367563860998,NA,NA,NA,NA,NA,2479_1,NA,NA,1,NA,NA,NA,NA
snj15_SemiBin_83.fa,67.94978969085653,NA,NA,NA,NA,NA,2479_2,NA,NA,1,NA,NA,NA,NA
sample18_SemiBin_15.fa,73.1422906806177,NA,NA,NA,NA,NA,2479_3,NA,NA,1,NA,NA,NA,NA
sample25_SemiBin_47.fa,62.47899670701859,NA,NA,NA,NA,NA,2479_4,NA,NA,1,NA,NA,NA,NA
snj04_SemiBin_107.fa,42.61589641637987,NA,NA,NA,NA,NA,2479_5,NA,NA,1,NA,NA,NA,NA
cpsnj08_SemiBin_72.fa,38.25855529452692,NA,NA,NA,NA,NA,2479_6,NA,NA,1,NA,NA,NA,NA
sample21_SemiBin_207.fa,25.09007117180048,NA,NA,NA,NA,NA,2479_7,NA,NA,1,NA,NA,NA,NA
cpsnj09_SemiBin_88.fa,59.14532407476893,NA,NA,NA,NA,NA,2479_8,NA,NA,1,NA,NA,NA,NA
sample13_SemiBin_1597.fa,19.899835657248836,NA,NA,NA,NA,NA,2480_0,NA,NA,1,NA,NA,NA,NA
cpsnj14_SemiBin_804.fa,16.233180818655587,NA,NA,NA,NA,NA,2481_0,NA,NA,1,NA,NA,NA,NA
cpsnj08_SemiBin_10.fa,70.15576342332872,NA,NA,NA,NA,NA,2482_1,NA,NA,1,NA,NA,NA,NA
sample14_SemiBin_1.fa,57.82227422044971,NA,NA,NA,NA,NA,2482_2,NA,NA,1,NA,NA,NA,NA
snj10_SemiBin_155.fa,48.649230699975874,NA,NA,NA,NA,NA,2482_3,NA,NA,1,NA,NA,NA,NA
cpsnj16_SemiBin_79.fa,43.47137974770306,NA,NA,NA,NA,NA,2482_4,NA,NA,1,NA,NA,NA,NA
sample27_SemiBin_50.fa,49.636025637777,NA,NA,NA,NA,NA,2482_5,NA,NA,1,NA,NA,NA,NA
cpsnj03_SemiBin_165.fa,47.99700556602671,NA,NA,NA,NA,NA,2482_6,NA,NA,1,NA,NA,NA,NA
snj03_SemiBin_10.fa,73.76726855959893,NA,NA,NA,NA,NA,2482_7,NA,NA,1,NA,NA,NA,NA
sample28_SemiBin_351.fa,46.62461383016895,NA,NA,NA,NA,NA,2482_8,NA,NA,1,NA,NA,NA,NA
sample20_SemiBin_105.fa,51.50641191440968,NA,NA,NA,NA,NA,2482_9,NA,NA,1,NA,NA,NA,NA
sample29_SemiBin_58.fa,63.01268858417627,NA,NA,NA,NA,NA,2482_10,NA,NA,1,NA,NA,NA,NA
sample6_SemiBin_144.fa,32.87921504326806,NA,NA,NA,NA,NA,2482_11,NA,NA,1,NA,NA,NA,NA
cpsnj01_SemiBin_24.fa,69.13247355881214,NA,NA,NA,NA,NA,2482_12,NA,NA,1,NA,NA,NA,NA
snj01_SemiBin_41.fa,48.72834121062523,NA,NA,NA,NA,NA,2482_13,NA,NA,1,NA,NA,NA,NA
sample11_SemiBin_23.fa,61.97971621643672,NA,NA,NA,NA,NA,2482_14,NA,NA,1,NA,NA,NA,NA
sample12_SemiBin_54.fa,47.232348876346016,NA,NA,NA,NA,NA,2482_15,NA,NA,1,NA,NA,NA,NA
snj02_SemiBin_59.fa,51.16202788826822,NA,NA,NA,NA,NA,2483_0,NA,NA,1,NA,NA,NA,NA
sample8_SemiBin_114.fa,41.53208867673428,NA,NA,NA,NA,NA,2484_0,NA,NA,1,NA,NA,NA,NA
cpsnj08_SemiBin_148.fa,43.798334941608665,NA,NA,NA,NA,NA,2485_1,NA,NA,1,NA,NA,NA,NA
snj19_SemiBin_72.fa,7.012745185981061,NA,NA,NA,NA,NA,2485_2,NA,NA,1,NA,NA,NA,NA
sample26_SemiBin_86.fa,30.665525964558164,NA,NA,NA,NA,NA,2486_0,NA,NA,1,NA,NA,NA,NA
sample7_SemiBin_191.fa,64.22820081095524,NA,NA,NA,NA,NA,2487_0,NA,NA,1,NA,NA,NA,NA
cpsnj13_SemiBin_94.fa,32.578343604724246,NA,NA,NA,NA,NA,2488_0,NA,NA,1,NA,NA,NA,NA
sample21_SemiBin_52.fa,78.68913774043719,NA,NA,NA,NA,NA,2489_1,NA,NA,1,NA,NA,NA,NA
sample7_SemiBin_262.fa,55.624502350338034,NA,NA,NA,NA,NA,2489_2,NA,NA,1,NA,NA,NA,NA
sample22_SemiBin_116.fa,52.89770992985655,NA,NA,NA,NA,NA,2489_3,NA,NA,1,NA,NA,NA,NA
snj16_SemiBin_87.fa,47.0402448616406,NA,NA,NA,NA,NA,2489_4,NA,NA,1,NA,NA,NA,NA
snj08_SemiBin_107.fa,37.29686346923427,NA,NA,NA,NA,NA,2489_5,NA,NA,1,NA,NA,NA,NA
cpsnj15_SemiBin_41.fa,53.29094288601711,NA,NA,NA,NA,NA,2489_6,NA,NA,1,NA,NA,NA,NA
cpsnj20_SemiBin_63.fa,65.80068475204175,NA,NA,NA,NA,NA,2490_0,NA,NA,1,NA,NA,NA,NA
sample20_SemiBin_208.fa,45.629286012237394,NA,NA,NA,NA,NA,2491_1,NA,NA,1,NA,NA,NA,NA
snj13_SemiBin_61.fa,51.49104616866226,NA,NA,NA,NA,NA,2491_2,NA,NA,1,NA,NA,NA,NA
cpsnj20_SemiBin_55.fa,48.00766441423642,NA,NA,NA,NA,NA,2492_0,NA,NA,1,NA,NA,NA,NA
cpsnj16_SemiBin_106.fa,13.834670468996816,NA,NA,NA,NA,NA,2493_1,NA,NA,1,NA,NA,NA,NA
sample28_SemiBin_116.fa,50.03463338638197,NA,NA,NA,NA,NA,2493_2,NA,NA,1,NA,NA,NA,NA
cpsnj08_SemiBin_1239.fa,28.21388257098413,NA,NA,NA,NA,NA,2494_0,NA,NA,1,NA,NA,NA,NA
snj10_SemiBin_172.fa,46.668091663619,NA,NA,NA,NA,NA,2495_1,NA,NA,1,NA,NA,NA,NA
snj11_SemiBin_389.fa,47.26420164844353,NA,NA,NA,NA,NA,2495_2,NA,NA,1,NA,NA,NA,NA
cpsnj14_SemiBin_139.fa,40.47043039209267,NA,NA,NA,NA,NA,2495_3,NA,NA,1,NA,NA,NA,NA
sample20_SemiBin_136.fa,48.68823453170511,NA,NA,NA,NA,NA,2495_4,NA,NA,1,NA,NA,NA,NA
sample21_SemiBin_77.fa,54.77861815966093,NA,NA,NA,NA,NA,2495_5,NA,NA,1,NA,NA,NA,NA
cpsnj15_SemiBin_62.fa,57.35905173768148,NA,NA,NA,NA,NA,2495_6,NA,NA,1,NA,NA,NA,NA
cpsnj13_SemiBin_187.fa,43.85061925355051,NA,NA,NA,NA,NA,2496_0,NA,NA,1,NA,NA,NA,NA
sample29_SemiBin_227.fa,33.161808562729746,NA,NA,NA,NA,NA,2497_0,NA,NA,1,NA,NA,NA,NA
sample29_SemiBin_67.fa,67.52784710820815,NA,NA,NA,NA,NA,2498_0,NA,NA,1,NA,NA,NA,NA
sample17_SemiBin_234.fa,45.07077045503495,NA,NA,NA,NA,NA,2499_1,NA,NA,1,NA,NA,NA,NA
sample19_SemiBin_19.fa,89.86308925121718,NA,NA,NA,NA,NA,2499_2,NA,NA,1,NA,NA,NA,NA
sample16_SemiBin_182.fa,45.931773586038325,NA,NA,NA,NA,NA,2499_3,NA,NA,1,NA,NA,NA,NA
sample26_SemiBin_80.fa,34.99174305000379,NA,NA,NA,NA,NA,2499_4,NA,NA,1,NA,NA,NA,NA
sample29_SemiBin_143.fa,62.889538605673664,NA,NA,NA,NA,NA,2500_0,NA,NA,1,NA,NA,NA,NA
sample15_SemiBin_89.fa,56.20978293467239,NA,NA,NA,NA,NA,2501_1,NA,NA,1,NA,NA,NA,NA
sample19_SemiBin_178.fa,58.91181706471552,NA,NA,NA,NA,NA,2501_2,NA,NA,1,NA,NA,NA,NA
sample18_SemiBin_317.fa,48.65800074779343,NA,NA,NA,NA,NA,2502_0,NA,NA,1,NA,NA,NA,NA
sample22_SemiBin_124.fa,58.19291648241877,NA,NA,NA,NA,NA,2503_1,NA,NA,1,NA,NA,NA,NA
sample6_SemiBin_79.fa,49.04594585555699,NA,NA,NA,NA,NA,2503_2,NA,NA,1,NA,NA,NA,NA
sample15_SemiBin_334.fa,41.91675610693604,NA,NA,NA,NA,NA,2503_3,NA,NA,1,NA,NA,NA,NA
sample1_SemiBin_1843.fa,18.154115495310386,NA,NA,NA,NA,NA,2503_4,NA,NA,1,NA,NA,NA,NA
cpsnj19_SemiBin_35.fa,50.476311656731966,NA,NA,NA,NA,NA,2504_0,NA,NA,1,NA,NA,NA,NA
sample7_SemiBin_1723.fa,25.623405573459483,NA,NA,NA,NA,NA,2505_0,NA,NA,1,NA,NA,NA,NA
sample11_SemiBin_52.fa,55.63314586232214,NA,NA,NA,NA,NA,2506_1,NA,NA,1,NA,NA,NA,NA
sample12_SemiBin_61.fa,52.02510867259709,NA,NA,NA,NA,NA,2506_2,NA,NA,1,NA,NA,NA,NA
sample27_SemiBin_118.fa,51.94302813875356,NA,NA,NA,NA,NA,2506_3,NA,NA,1,NA,NA,NA,NA
snj13_SemiBin_180.fa,7.4927582454668755,NA,NA,NA,NA,NA,2506_4,NA,NA,1,NA,NA,NA,NA
sample20_SemiBin_112.fa,41.84378554483455,NA,NA,NA,NA,NA,2506_5,NA,NA,1,NA,NA,NA,NA
sample3_SemiBin_53.fa,48.78897482029722,NA,NA,NA,NA,NA,2506_6,NA,NA,1,NA,NA,NA,NA
sample4_SemiBin_46.fa,44.65870777101664,NA,NA,NA,NA,NA,2506_7,NA,NA,1,NA,NA,NA,NA
cpsnj02_SemiBin_31.fa,55.79794720558238,NA,NA,NA,NA,NA,2506_8,NA,NA,1,NA,NA,NA,NA
snj02_SemiBin_69.fa,50.685805722675234,NA,NA,NA,NA,NA,2506_9,NA,NA,1,NA,NA,NA,NA
cpsnj09_SemiBin_60.fa,66.96839329087642,NA,NA,NA,NA,NA,2506_10,NA,NA,1,NA,NA,NA,NA
snj09_SemiBin_61.fa,53.4100796759058,NA,NA,NA,NA,NA,2506_11,NA,NA,1,NA,NA,NA,NA
cpsnj01_SemiBin_28.fa,57.96218550539604,NA,NA,NA,NA,NA,2506_12,NA,NA,1,NA,NA,NA,NA
snj01_SemiBin_12.fa,73.93942066854515,NA,NA,NA,NA,NA,2506_13,NA,NA,1,NA,NA,NA,NA
snj03_SemiBin_43.fa,28.34385709601988,NA,NA,NA,NA,NA,2506_14,NA,NA,1,NA,NA,NA,NA
cpsnj08_SemiBin_102.fa,51.99151654799381,NA,NA,NA,NA,NA,2506_15,NA,NA,1,NA,NA,NA,NA
sample28_SemiBin_43.fa,50.97210972837957,NA,NA,NA,NA,NA,2506_16,NA,NA,1,NA,NA,NA,NA
snj20_SemiBin_110.fa,55.39705503247786,NA,NA,NA,NA,NA,2506_17,NA,NA,1,NA,NA,NA,NA
cpsnj03_SemiBin_59.fa,59.01009591080992,NA,NA,NA,NA,NA,2506_18,NA,NA,1,NA,NA,NA,NA
snj19_SemiBin_269.fa,52.08577301172824,NA,NA,NA,NA,NA,2506_19,NA,NA,1,NA,NA,NA,NA
cpsnj04_SemiBin_47.fa,56.39782663317022,NA,NA,NA,NA,NA,2506_20,NA,NA,1,NA,NA,NA,NA
snj04_SemiBin_26.fa,63.03526246353787,NA,NA,NA,NA,NA,2506_21,NA,NA,1,NA,NA,NA,NA
sample22_SemiBin_45.fa,60.94278800331523,NA,NA,NA,NA,NA,2506_22,NA,NA,1,NA,NA,NA,NA
sample24_SemiBin_20.fa,37.59529330397486,NA,NA,NA,NA,NA,2506_23,NA,NA,1,NA,NA,NA,NA
sample2_SemiBin_33.fa,44.92349311665651,NA,NA,NA,NA,NA,2506_24,NA,NA,1,NA,NA,NA,NA
sample16_SemiBin_87.fa,42.02673924675388,NA,NA,NA,NA,NA,2506_25,NA,NA,1,NA,NA,NA,NA
sample7_SemiBin_83.fa,38.902509983257325,NA,NA,NA,NA,NA,2506_26,NA,NA,1,NA,NA,NA,NA
sample6_SemiBin_30.fa,69.41863660532678,NA,NA,NA,NA,NA,2506_27,NA,NA,1,NA,NA,NA,NA
sample15_SemiBin_155.fa,47.091439225395405,NA,NA,NA,NA,NA,2506_28,NA,NA,1,NA,NA,NA,NA
cpsnj19_SemiBin_45.fa,61.98904100532674,NA,NA,NA,NA,NA,2506_29,NA,NA,1,NA,NA,NA,NA
sample30_SemiBin_12.fa,65.11006513462395,NA,NA,NA,NA,NA,2506_30,NA,NA,1,NA,NA,NA,NA
sample5_SemiBin_19.fa,41.15990020136865,NA,NA,NA,NA,NA,2506_31,NA,NA,1,NA,NA,NA,NA
cpsnj16_SemiBin_104.fa,43.01842853530877,NA,NA,NA,NA,NA,2506_32,NA,NA,1,NA,NA,NA,NA
sample21_SemiBin_61.fa,31.668125409335666,NA,NA,NA,NA,NA,2506_33,NA,NA,1,NA,NA,NA,NA
snj11_SemiBin_84.fa,50.68305625089829,NA,NA,NA,NA,NA,2506_34,NA,NA,1,NA,NA,NA,NA
sample14_SemiBin_1525.fa,12.744442680920214,NA,NA,NA,NA,NA,2506_35,NA,NA,1,NA,NA,NA,NA
sample1_SemiBin_121.fa,39.65395841447432,NA,NA,NA,NA,NA,2506_36,NA,NA,1,NA,NA,NA,NA
snj10_SemiBin_42.fa,24.50350317319078,NA,NA,NA,NA,NA,2506_37,NA,NA,1,NA,NA,NA,NA
sample19_SemiBin_139.fa,57.77682611717702,NA,NA,NA,NA,NA,2506_38,NA,NA,1,NA,NA,NA,NA
cpsnj13_SemiBin_181.fa,34.86894603524982,NA,NA,NA,NA,NA,2506_39,NA,NA,1,NA,NA,NA,NA
snj16_SemiBin_1480.fa,6.785169033610899,NA,NA,NA,NA,NA,2506_40,NA,NA,1,NA,NA,NA,NA
sample13_SemiBin_1162.fa,33.96629472437903,NA,NA,NA,NA,NA,2506_41,NA,NA,1,NA,NA,NA,NA
cpsnj02_SemiBin_1629.fa,11.149039103026864,NA,NA,NA,NA,NA,2507_0,NA,NA,1,NA,NA,NA,NA
cpsnj20_SemiBin_86.fa,55.30164291794039,NA,NA,NA,NA,NA,2508_0,NA,NA,1,NA,NA,NA,NA
snj13_SemiBin_191.fa,55.96567710869886,NA,NA,NA,NA,NA,2509_0,NA,NA,1,NA,NA,NA,NA
cpsnj10_SemiBin_3.fa,81.38919234093262,NA,NA,NA,NA,NA,2510_1,NA,NA,1,NA,NA,NA,NA
cpsnj20_SemiBin_49.fa,54.021302085847154,NA,NA,NA,NA,NA,2510_2,NA,NA,1,NA,NA,NA,NA
cpsnj11_SemiBin_156.fa,48.91311557528255,NA,NA,NA,NA,NA,2510_3,NA,NA,1,NA,NA,NA,NA
snj09_SemiBin_770.fa,23.220535692377076,NA,NA,NA,NA,NA,2510_4,NA,NA,1,NA,NA,NA,NA
cpsnj16_SemiBin_111.fa,57.7597118068831,NA,NA,NA,NA,NA,2511_1,NA,NA,1,NA,NA,NA,NA
sample23_SemiBin_10.fa,86.18971515148449,NA,NA,NA,NA,NA,2511_2,NA,NA,1,NA,NA,NA,NA
cpsnj01_SemiBin_20.fa,58.53327020979234,NA,NA,NA,NA,NA,2511_3,NA,NA,1,NA,NA,NA,NA
sample13_SemiBin_102.fa,34.768843176239905,NA,NA,NA,NA,NA,2512_1,NA,NA,1,NA,NA,NA,NA
sample27_SemiBin_434.fa,5.27965927393816,NA,NA,NA,NA,NA,2512_2,NA,NA,1,NA,NA,NA,NA
snj10_SemiBin_1731.fa,18.129869765728586,NA,NA,NA,NA,NA,2512_3,NA,NA,1,NA,NA,NA,NA
sample17_SemiBin_96.fa,62.68193118279015,NA,NA,NA,NA,NA,2512_4,NA,NA,1,NA,NA,NA,NA
snj08_SemiBin_47.fa,53.4793342846061,NA,NA,NA,NA,NA,2512_5,NA,NA,1,NA,NA,NA,NA
sample18_SemiBin_205.fa,39.40341627262863,NA,NA,NA,NA,NA,2512_6,NA,NA,1,NA,NA,NA,NA
cpsnj16_SemiBin_167.fa,33.53438052124333,NA,NA,NA,NA,NA,2512_7,NA,NA,1,NA,NA,NA,NA
sample2_SemiBin_22.fa,59.57753613135305,NA,NA,NA,NA,NA,2512_8,NA,NA,1,NA,NA,NA,NA
sample5_SemiBin_52.fa,53.33569222712798,NA,NA,NA,NA,NA,2512_9,NA,NA,1,NA,NA,NA,NA
sample1_SemiBin_139.fa,56.87368686731138,NA,NA,NA,NA,NA,2512_10,NA,NA,1,NA,NA,NA,NA
sample10_SemiBin_70.fa,64.1968083102712,NA,NA,NA,NA,NA,2512_11,NA,NA,1,NA,NA,NA,NA
cpsnj03_SemiBin_1493.fa,16.262427497406645,NA,NA,NA,NA,NA,2512_12,NA,NA,1,NA,NA,NA,NA
snj03_SemiBin_909.fa,29.07943434262036,NA,NA,NA,NA,NA,2512_13,NA,NA,1,NA,NA,NA,NA
cpsnj09_SemiBin_117.fa,31.254052667042668,NA,NA,NA,NA,NA,2512_14,NA,NA,1,NA,NA,NA,NA
snj10_SemiBin_119.fa,19.846927934293983,NA,NA,NA,NA,NA,2512_15,NA,NA,1,NA,NA,NA,NA
sample4_SemiBin_117.fa,20.593319456286302,NA,NA,NA,NA,NA,2513_0,NA,NA,1,NA,NA,NA,NA
sample29_SemiBin_1683.fa,13.881782318007977,NA,NA,NA,NA,NA,2514_0,NA,NA,1,NA,NA,NA,NA
cpsnj20_SemiBin_16.fa,88.47841321667238,NA,NA,NA,NA,NA,2515_0,NA,NA,1,NA,NA,NA,NA
cpsnj09_SemiBin_24.fa,96.35701882671653,NA,NA,NA,NA,NA,2516_1,NA,NA,1,NA,NA,NA,NA
cpsnj11_SemiBin_2.fa,97.26346405679146,NA,NA,NA,NA,NA,2516_2,NA,NA,1,NA,NA,NA,NA
snj10_SemiBin_28.fa,77.79288486173905,NA,NA,NA,NA,NA,2516_3,NA,NA,1,NA,NA,NA,NA
snj11_SemiBin_193.fa,56.68968172069589,NA,NA,NA,NA,NA,2516_4,NA,NA,1,NA,NA,NA,NA
snj14_SemiBin_20.fa,89.09338052210603,NA,NA,NA,NA,NA,2516_5,NA,NA,1,NA,NA,NA,NA
snj15_SemiBin_0.fa,87.64643180460916,NA,NA,NA,NA,NA,2516_6,NA,NA,1,NA,NA,NA,NA
cpsnj15_SemiBin_6.fa,68.2542867641947,NA,NA,NA,NA,NA,2516_7,NA,NA,1,NA,NA,NA,NA
sample14_SemiBin_36.fa,85.75230371965473,NA,NA,NA,NA,NA,2516_8,NA,NA,1,NA,NA,NA,NA
sample26_SemiBin_1.fa,99.54901788283188,NA,NA,NA,NA,NA,2516_9,NA,NA,1,NA,NA,NA,NA
sample17_SemiBin_4.fa,95.07366394657686,NA,NA,NA,NA,NA,2516_10,NA,NA,1,NA,NA,NA,NA
sample4_SemiBin_4.fa,87.30265233379448,NA,NA,NA,NA,NA,2516_11,NA,NA,1,NA,NA,NA,NA
sample3_SemiBin_79.fa,66.87882984355231,NA,NA,NA,NA,NA,2516_12,NA,NA,1,NA,NA,NA,NA
sample8_SemiBin_157.fa,77.0711319685565,NA,NA,NA,NA,NA,2516_13,NA,NA,1,NA,NA,NA,NA
snj08_SemiBin_79.fa,96.72452620816412,NA,NA,NA,NA,NA,2516_14,NA,NA,1,NA,NA,NA,NA
snj13_SemiBin_28.fa,78.03426251537523,NA,NA,NA,NA,NA,2516_15,NA,NA,1,NA,NA,NA,NA
sample12_SemiBin_3.fa,95.85537191649254,NA,NA,NA,NA,NA,2516_16,NA,NA,1,NA,NA,NA,NA
sample27_SemiBin_34.fa,81.49419016243978,NA,NA,NA,NA,NA,2516_17,NA,NA,1,NA,NA,NA,NA
sample25_SemiBin_45.fa,50.20797261584838,NA,NA,NA,NA,NA,2516_18,NA,NA,1,NA,NA,NA,NA
cpsnj14_SemiBin_5.fa,88.52923679688382,NA,NA,NA,NA,NA,2516_19,NA,NA,1,NA,NA,NA,NA
sample13_SemiBin_47.fa,74.4886266325931,NA,NA,NA,NA,NA,2516_20,NA,NA,1,NA,NA,NA,NA
sample1_SemiBin_148.fa,64.77797531644903,NA,NA,NA,NA,NA,2516_21,NA,NA,1,NA,NA,NA,NA
sample7_SemiBin_58.fa,66.23843836295349,NA,NA,NA,NA,NA,2516_22,NA,NA,1,NA,NA,NA,NA
cpsnj08_SemiBin_116.fa,65.58694713327502,NA,NA,NA,NA,NA,2516_23,NA,NA,1,NA,NA,NA,NA
sample20_SemiBin_63.fa,74.42365297173745,NA,NA,NA,NA,NA,2516_24,NA,NA,1,NA,NA,NA,NA
sample15_SemiBin_56.fa,71.13241909158195,NA,NA,NA,NA,NA,2516_25,NA,NA,1,NA,NA,NA,NA
sample22_SemiBin_74.fa,47.76769426527634,NA,NA,NA,NA,NA,2516_26,NA,NA,1,NA,NA,NA,NA
sample18_SemiBin_440.fa,44.99023387282252,NA,NA,NA,NA,NA,2516_27,NA,NA,1,NA,NA,NA,NA
cpsnj13_SemiBin_115.fa,60.53611960582186,NA,NA,NA,NA,NA,2517_0,NA,NA,1,NA,NA,NA,NA
sample12_SemiBin_48.fa,75.317883532956,NA,NA,NA,NA,NA,2518_1,NA,NA,1,NA,NA,NA,NA
sample15_SemiBin_77.fa,42.487745804248966,NA,NA,NA,NA,NA,2518_2,NA,NA,1,NA,NA,NA,NA
sample11_SemiBin_89.fa,72.80940137179321,NA,NA,NA,NA,NA,2518_3,NA,NA,1,NA,NA,NA,NA
sample5_SemiBin_89.fa,55.84138338093292,NA,NA,NA,NA,NA,2519_1,NA,NA,1,NA,NA,NA,NA
sample8_SemiBin_14.fa,74.41574537123496,NA,NA,NA,NA,NA,2519_2,NA,NA,1,NA,NA,NA,NA
sample9_SemiBin_94.fa,47.28359843923312,NA,NA,NA,NA,NA,2519_3,NA,NA,1,NA,NA,NA,NA
sample3_SemiBin_374.fa,52.48436705430118,NA,NA,NA,NA,NA,2519_4,NA,NA,1,NA,NA,NA,NA
sample4_SemiBin_320.fa,18.650367558333272,NA,NA,NA,NA,NA,2519_5,NA,NA,1,NA,NA,NA,NA
cpsnj09_SemiBin_85.fa,27.844173596404637,NA,NA,NA,NA,NA,2520_0,NA,NA,1,NA,NA,NA,NA
sample17_SemiBin_60.fa,68.68191470008784,NA,NA,NA,NA,NA,2521_0,NA,NA,1,NA,NA,NA,NA
sample13_SemiBin_91.fa,33.315146304390964,NA,NA,NA,NA,NA,2522_1,NA,NA,1,NA,NA,NA,NA
sample18_SemiBin_10.fa,87.99483653623054,NA,NA,NA,NA,NA,2522_2,NA,NA,1,NA,NA,NA,NA
sample19_SemiBin_91.fa,74.75340699403188,NA,NA,NA,NA,NA,2522_3,NA,NA,1,NA,NA,NA,NA
sample22_SemiBin_30.fa,92.06136522569189,NA,NA,NA,NA,NA,2522_4,NA,NA,1,NA,NA,NA,NA
sample25_SemiBin_99.fa,63.33327758807365,NA,NA,NA,NA,NA,2522_5,NA,NA,1,NA,NA,NA,NA
sample17_SemiBin_216.fa,57.681278592093584,NA,NA,NA,NA,NA,2522_6,NA,NA,1,NA,NA,NA,NA
sample1_SemiBin_179.fa,50.43798337172805,NA,NA,NA,NA,NA,2522_7,NA,NA,1,NA,NA,NA,NA
sample16_SemiBin_26.fa,79.94939558119586,NA,NA,NA,NA,NA,2522_8,NA,NA,1,NA,NA,NA,NA
sample4_SemiBin_156.fa,15.922426325926638,NA,NA,NA,NA,NA,2522_9,NA,NA,1,NA,NA,NA,NA
sample21_SemiBin_534.fa,38.88741934318806,NA,NA,NA,NA,NA,2522_10,NA,NA,1,NA,NA,NA,NA
cpsnj04_SemiBin_27.fa,77.90319020343225,NA,NA,NA,NA,NA,2523_1,NA,NA,1,NA,NA,NA,NA
snj04_SemiBin_23.fa,75.14285791216456,NA,NA,NA,NA,NA,2523_2,NA,NA,1,NA,NA,NA,NA
sample11_SemiBin_50.fa,63.86347587559795,NA,NA,NA,NA,NA,2523_3,NA,NA,1,NA,NA,NA,NA
sample1_SemiBin_115.fa,77.6237066720006,NA,NA,NA,NA,NA,2523_4,NA,NA,1,NA,NA,NA,NA
sample20_SemiBin_14.fa,55.42636663803969,NA,NA,NA,NA,NA,2523_5,NA,NA,1,NA,NA,NA,NA
sample25_SemiBin_10.fa,86.30378111378869,NA,NA,NA,NA,NA,2523_6,NA,NA,1,NA,NA,NA,NA
sample15_SemiBin_23.fa,71.34751624356907,NA,NA,NA,NA,NA,2523_7,NA,NA,1,NA,NA,NA,NA
sample26_SemiBin_10.fa,89.36534559089039,NA,NA,NA,NA,NA,2523_8,NA,NA,1,NA,NA,NA,NA
sample17_SemiBin_59.fa,78.6729411162961,NA,NA,NA,NA,NA,2523_9,NA,NA,1,NA,NA,NA,NA
sample22_SemiBin_16.fa,83.02278393993133,NA,NA,NA,NA,NA,2523_10,NA,NA,1,NA,NA,NA,NA
sample29_SemiBin_48.fa,78.65031947026357,NA,NA,NA,NA,NA,2523_11,NA,NA,1,NA,NA,NA,NA
sample30_SemiBin_51.fa,70.71678534648275,NA,NA,NA,NA,NA,2523_12,NA,NA,1,NA,NA,NA,NA
sample16_SemiBin_24.fa,55.382153882363546,NA,NA,NA,NA,NA,2523_13,NA,NA,1,NA,NA,NA,NA
sample7_SemiBin_8.fa,98.27137315055286,NA,NA,NA,NA,NA,2523_14,NA,NA,1,NA,NA,NA,NA
sample24_SemiBin_8.fa,80.68564292108746,NA,NA,NA,NA,NA,2523_15,NA,NA,1,NA,NA,NA,NA
sample12_SemiBin_6.fa,71.15107068317599,NA,NA,NA,NA,NA,2523_16,NA,NA,1,NA,NA,NA,NA
sample21_SemiBin_18.fa,66.13317510048249,NA,NA,NA,NA,NA,2523_17,NA,NA,1,NA,NA,NA,NA
sample23_SemiBin_36.fa,82.54278807935196,NA,NA,NA,NA,NA,2523_18,NA,NA,1,NA,NA,NA,NA
sample19_SemiBin_59.fa,85.83271418621591,NA,NA,NA,NA,NA,2523_19,NA,NA,1,NA,NA,NA,NA
sample27_SemiBin_15.fa,73.89404192814196,NA,NA,NA,NA,NA,2523_20,NA,NA,1,NA,NA,NA,NA
sample13_SemiBin_156.fa,67.16692756184472,NA,NA,NA,NA,NA,2523_21,NA,NA,1,NA,NA,NA,NA
sample6_SemiBin_126.fa,53.27857022213112,NA,NA,NA,NA,NA,2523_22,NA,NA,1,NA,NA,NA,NA
sample4_SemiBin_151.fa,66.4628663268421,NA,NA,NA,NA,NA,2523_23,NA,NA,1,NA,NA,NA,NA
sample3_SemiBin_26.fa,68.02128081790057,NA,NA,NA,NA,NA,2523_24,NA,NA,1,NA,NA,NA,NA
sample2_SemiBin_53.fa,47.93035582977444,NA,NA,NA,NA,NA,2523_25,NA,NA,1,NA,NA,NA,NA
sample18_SemiBin_198.fa,49.090819250101326,NA,NA,NA,NA,NA,2523_26,NA,NA,1,NA,NA,NA,NA
cpsnj08_SemiBin_52.fa,67.65666160635976,NA,NA,NA,NA,NA,2523_27,NA,NA,1,NA,NA,NA,NA
snj15_SemiBin_48.fa,52.548640559336285,NA,NA,NA,NA,NA,2523_28,NA,NA,1,NA,NA,NA,NA
sample19_SemiBin_411.fa,16.261318605197744,NA,NA,NA,NA,NA,2523_29,NA,NA,1,NA,NA,NA,NA
sample19_SemiBin_211.fa,60.70728755500609,NA,NA,NA,NA,NA,2524_1,NA,NA,2,99.03,99.03,NA,NA
sample22_SemiBin_1.fa,101.45354737720568,NA,NA,NA,NA,NA,2525_1,NA,NA,9,99.45,99.12,NA,NA
sample11_SemiBin_63.fa,46.27778089866399,NA,NA,NA,NA,NA,2525_2,NA,NA,1,NA,NA,NA,NA
sample3_SemiBin_52.fa,66.26956467807382,NA,NA,NA,NA,NA,2525_3,NA,NA,1,NA,NA,NA,NA
sample13_SemiBin_110.fa,60.96796253216525,NA,NA,NA,NA,NA,2525_4,NA,NA,1,NA,NA,NA,NA
sample4_SemiBin_71.fa,53.09617359199097,NA,NA,NA,NA,NA,2525_5,NA,NA,1,NA,NA,NA,NA
sample17_SemiBin_132.fa,40.71381062292423,NA,NA,NA,NA,NA,2526_0,NA,NA,1,NA,NA,NA,NA
sample29_SemiBin_290.fa,32.19541433741998,NA,NA,NA,NA,NA,2527_0,NA,NA,1,NA,NA,NA,NA
sample12_SemiBin_33.fa,46.18577042060593,NA,NA,NA,NA,NA,2528_0,NA,NA,1,NA,NA,NA,NA
sample27_SemiBin_41.fa,64.15715550517028,NA,NA,NA,NA,NA,2529_0,NA,NA,1,NA,NA,NA,NA
cpsnj16_SemiBin_68.fa,61.91617334216051,NA,NA,NA,NA,NA,2530_1,NA,NA,1,NA,NA,NA,NA
sample18_SemiBin_145.fa,61.71016784044635,NA,NA,NA,NA,NA,2530_2,NA,NA,1,NA,NA,NA,NA
sample26_SemiBin_77.fa,59.66789317182999,NA,NA,NA,NA,NA,2530_3,NA,NA,1,NA,NA,NA,NA
cpsnj14_SemiBin_129.fa,49.04060311742778,NA,NA,NA,NA,NA,2530_4,NA,NA,1,NA,NA,NA,NA
sample25_SemiBin_88.fa,50.20628742057415,NA,NA,NA,NA,NA,2530_5,NA,NA,1,NA,NA,NA,NA
sample10_SemiBin_90.fa,51.57999713815805,NA,NA,NA,NA,NA,2530_6,NA,NA,1,NA,NA,NA,NA
cpsnj20_SemiBin_32.fa,71.54011748086268,NA,NA,NA,NA,NA,2531_0,NA,NA,1,NA,NA,NA,NA
cpsnj20_SemiBin_172.fa,50.50489977454433,NA,NA,NA,NA,NA,2532_0,NA,NA,1,NA,NA,NA,NA
sample29_SemiBin_8.fa,100.68216433637004,NA,NA,NA,NA,NA,2533_0,NA,NA,1,NA,NA,NA,NA
cpsnj20_SemiBin_209.fa,32.18004830154041,NA,NA,NA,NA,NA,2534_0,NA,NA,1,NA,NA,NA,NA
snj09_SemiBin_105.fa,55.470159657826215,NA,NA,NA,NA,NA,2535_1,NA,NA,1,NA,NA,NA,NA
snj10_SemiBin_57.fa,53.1496395218123,NA,NA,NA,NA,NA,2535_2,NA,NA,1,NA,NA,NA,NA
snj08_SemiBin_56.fa,50.27095478216855,NA,NA,NA,NA,NA,2535_3,NA,NA,1,NA,NA,NA,NA
snj20_SemiBin_143.fa,51.09500551200357,NA,NA,NA,NA,NA,2535_4,NA,NA,1,NA,NA,NA,NA
sample19_SemiBin_492.fa,43.38712826366216,NA,NA,NA,NA,NA,2536_0,NA,NA,1,NA,NA,NA,NA
snj04_SemiBin_1805.fa,5.351539356689345,NA,NA,NA,NA,NA,2537_0,NA,NA,1,NA,NA,NA,NA
cpsnj20_SemiBin_78.fa,55.25253184175802,NA,NA,NA,NA,NA,2538_0,NA,NA,1,NA,NA,NA,NA
cpsnj20_SemiBin_431.fa,37.33581733579313,NA,NA,NA,NA,NA,2539_0,NA,NA,1,NA,NA,NA,NA
sample10_SemiBin_0.fa,102.72858075812589,NA,NA,NA,NA,NA,2540_1,NA,NA,11,99.82,99.09,NA,NA
sample25_SemiBin_2.fa,99.14901365194729,NA,NA,NA,NA,NA,2540_2,NA,NA,1,NA,NA,NA,NA
sample21_SemiBin_120.fa,71.70418927674777,NA,NA,NA,NA,NA,2540_3,NA,NA,1,NA,NA,NA,NA
sample22_SemiBin_12.fa,72.53750422419401,NA,NA,NA,NA,NA,2540_4,NA,NA,1,NA,NA,NA,NA
sample3_SemiBin_4.fa,94.02450013424048,NA,NA,NA,NA,NA,2540_5,NA,NA,1,NA,NA,NA,NA
sample20_SemiBin_40.fa,82.13752292888402,NA,NA,NA,NA,NA,2540_6,NA,NA,1,NA,NA,NA,NA
cpsnj20_SemiBin_129.fa,45.5623273809776,NA,NA,NA,NA,NA,2541_0,NA,NA,1,NA,NA,NA,NA
sample15_SemiBin_266.fa,83.35432247617035,NA,NA,NA,NA,NA,2542_1,NA,NA,1,NA,NA,NA,NA
sample1_SemiBin_137.fa,80.71213669483467,NA,NA,NA,NA,NA,2542_2,NA,NA,1,NA,NA,NA,NA
sample29_SemiBin_59.fa,75.8547765889497,NA,NA,NA,NA,NA,2542_3,NA,NA,1,NA,NA,NA,NA
sample20_SemiBin_54.fa,70.39027078625767,NA,NA,NA,NA,NA,2542_4,NA,NA,1,NA,NA,NA,NA
sample7_SemiBin_34.fa,59.16583979199141,NA,NA,NA,NA,NA,2542_5,NA,NA,1,NA,NA,NA,NA
sample27_SemiBin_80.fa,39.25093725235768,NA,NA,NA,NA,NA,2542_6,NA,NA,1,NA,NA,NA,NA
sample11_SemiBin_24.fa,66.22749388367517,NA,NA,NA,NA,NA,2542_7,NA,NA,1,NA,NA,NA,NA
sample24_SemiBin_26.fa,50.60791172339836,NA,NA,NA,NA,NA,2542_8,NA,NA,1,NA,NA,NA,NA
sample12_SemiBin_57.fa,47.51663986329043,NA,NA,NA,NA,NA,2542_9,NA,NA,1,NA,NA,NA,NA
cpsnj01_SemiBin_40.fa,57.657474749344026,NA,NA,NA,NA,NA,2543_0,NA,NA,1,NA,NA,NA,NA
snj13_SemiBin_136.fa,52.86989732946946,NA,NA,NA,NA,NA,2544_1,NA,NA,1,NA,NA,NA,NA
snj15_SemiBin_75.fa,26.666756429528505,NA,NA,NA,NA,NA,2544_2,NA,NA,1,NA,NA,NA,NA
sample19_SemiBin_2.fa,98.53863299427658,NA,NA,NA,NA,NA,2545_0,NA,NA,1,NA,NA,NA,NA
cpsnj02_SemiBin_10.fa,90.40279358189004,NA,NA,NA,NA,NA,2546_1,NA,NA,1,NA,NA,NA,NA
snj02_SemiBin_21.fa,76.57035653111195,NA,NA,NA,NA,NA,2546_2,NA,NA,1,NA,NA,NA,NA
cpsnj20_SemiBin_554.fa,32.39426115293866,NA,NA,NA,NA,NA,2547_0,NA,NA,1,NA,NA,NA,NA
sample26_SemiBin_42.fa,58.11300592199823,NA,NA,NA,NA,NA,2548_1,NA,NA,1,NA,NA,NA,NA
sample8_SemiBin_131.fa,48.53614807858249,NA,NA,NA,NA,NA,2548_2,NA,NA,1,NA,NA,NA,NA
sample15_SemiBin_317.fa,62.37159018149541,NA,NA,NA,NA,NA,2549_1,NA,NA,1,NA,NA,NA,NA
sample1_SemiBin_122.fa,50.47495839453516,NA,NA,NA,NA,NA,2549_2,NA,NA,1,NA,NA,NA,NA
sample30_SemiBin_83.fa,48.1517693624918,NA,NA,NA,NA,NA,2550_0,NA,NA,1,NA,NA,NA,NA
sample14_SemiBin_53.fa,55.20179673270248,NA,NA,NA,NA,NA,2551_0,NA,NA,1,NA,NA,NA,NA
sample6_SemiBin_232.fa,42.273530446031785,NA,NA,NA,NA,NA,2552_1,NA,NA,1,NA,NA,NA,NA
snj15_SemiBin_77.fa,52.59834779509238,NA,NA,NA,NA,NA,2552_2,NA,NA,1,NA,NA,NA,NA
cpsnj15_SemiBin_110.fa,60.55870908551439,NA,NA,NA,NA,NA,2552_3,NA,NA,1,NA,NA,NA,NA
sample7_SemiBin_294.fa,48.13502270631805,NA,NA,NA,NA,NA,2552_4,NA,NA,1,NA,NA,NA,NA
cpsnj20_SemiBin_149.fa,30.260335676392963,NA,NA,NA,NA,NA,2553_0,NA,NA,1,NA,NA,NA,NA
cpsnj20_SemiBin_164.fa,56.98778299436472,NA,NA,NA,NA,NA,2554_0,NA,NA,1,NA,NA,NA,NA
cpsnj08_SemiBin_106.fa,55.52136602599764,NA,NA,NA,NA,NA,2555_1,NA,NA,1,NA,NA,NA,NA
cpsnj11_SemiBin_192.fa,57.1455169798184,NA,NA,NA,NA,NA,2555_2,NA,NA,1,NA,NA,NA,NA
cpsnj04_SemiBin_102.fa,47.63059545880754,NA,NA,NA,NA,NA,2555_3,NA,NA,1,NA,NA,NA,NA
cpsnj10_SemiBin_18.fa,86.90285064994272,NA,NA,NA,NA,NA,2556_1,NA,NA,1,NA,NA,NA,NA
snj09_SemiBin_68.fa,60.37724247605642,NA,NA,NA,NA,NA,2556_2,NA,NA,1,NA,NA,NA,NA
cpsnj09_SemiBin_54.fa,66.1108726892746,NA,NA,NA,NA,NA,2556_3,NA,NA,1,NA,NA,NA,NA
snj14_SemiBin_22.fa,79.50259765314286,NA,NA,NA,NA,NA,2556_4,NA,NA,1,NA,NA,NA,NA
cpsnj14_SemiBin_153.fa,52.64893057099477,NA,NA,NA,NA,NA,2556_5,NA,NA,1,NA,NA,NA,NA
cpsnj13_SemiBin_21.fa,75.36295589037654,NA,NA,NA,NA,NA,2556_6,NA,NA,1,NA,NA,NA,NA
cpsnj11_SemiBin_16.fa,91.22320497011182,NA,NA,NA,NA,NA,2556_7,NA,NA,1,NA,NA,NA,NA
snj11_SemiBin_4.fa,80.8246337844295,NA,NA,NA,NA,NA,2556_8,NA,NA,1,NA,NA,NA,NA
cpsnj08_SemiBin_16.fa,86.06743917038693,NA,NA,NA,NA,NA,2556_9,NA,NA,1,NA,NA,NA,NA
snj15_SemiBin_91.fa,61.65357177851823,NA,NA,NA,NA,NA,2556_10,NA,NA,1,NA,NA,NA,NA
cpsnj15_SemiBin_9.fa,80.2455401759958,NA,NA,NA,NA,NA,2556_11,NA,NA,1,NA,NA,NA,NA
snj10_SemiBin_0.fa,66.92256011917623,NA,NA,NA,NA,NA,2556_12,NA,NA,1,NA,NA,NA,NA
snj13_SemiBin_17.fa,85.56197043126743,NA,NA,NA,NA,NA,2556_13,NA,NA,1,NA,NA,NA,NA
snj20_SemiBin_16.fa,66.75618381693114,NA,NA,NA,NA,NA,2556_14,NA,NA,1,NA,NA,NA,NA
sample18_SemiBin_613.fa,41.203530496978345,NA,NA,NA,NA,NA,2556_15,NA,NA,1,NA,NA,NA,NA
sample8_SemiBin_50.fa,70.39034238752095,NA,NA,NA,NA,NA,2556_16,NA,NA,1,NA,NA,NA,NA
sample13_SemiBin_112.fa,93.85880905336975,NA,NA,NA,NA,NA,2557_1,NA,NA,1,NA,NA,NA,NA
sample18_SemiBin_33.fa,79.92816189692525,NA,NA,NA,NA,NA,2557_2,NA,NA,1,NA,NA,NA,NA
sample17_SemiBin_15.fa,57.17720138331056,NA,NA,NA,NA,NA,2557_3,NA,NA,1,NA,NA,NA,NA
sample20_SemiBin_53.fa,81.3362772547223,NA,NA,NA,NA,NA,2557_4,NA,NA,1,NA,NA,NA,NA
sample22_SemiBin_9.fa,97.82126857848944,NA,NA,NA,NA,NA,2557_5,NA,NA,1,NA,NA,NA,NA
sample1_SemiBin_0.fa,89.46319535578462,NA,NA,NA,NA,NA,2557_6,NA,NA,1,NA,NA,NA,NA
sample21_SemiBin_35.fa,69.98891248779113,NA,NA,NA,NA,NA,2557_7,NA,NA,1,NA,NA,NA,NA
sample25_SemiBin_7.fa,62.65494877934357,NA,NA,NA,NA,NA,2557_8,NA,NA,1,NA,NA,NA,NA
sample27_SemiBin_17.fa,84.14896013360753,NA,NA,NA,NA,NA,2557_9,NA,NA,1,NA,NA,NA,NA
sample15_SemiBin_0.fa,88.04602572853524,NA,NA,NA,NA,NA,2557_10,NA,NA,1,NA,NA,NA,NA
sample23_SemiBin_7.fa,91.72142824323495,NA,NA,NA,NA,NA,2557_11,NA,NA,1,NA,NA,NA,NA
sample12_SemiBin_37.fa,84.33319721896895,NA,NA,NA,NA,NA,2557_12,NA,NA,1,NA,NA,NA,NA
sample30_SemiBin_3.fa,88.23441396950713,NA,NA,NA,NA,NA,2557_13,NA,NA,1,NA,NA,NA,NA
sample5_SemiBin_0.fa,89.48125042383002,NA,NA,NA,NA,NA,2557_14,NA,NA,1,NA,NA,NA,NA
sample16_SemiBin_3.fa,99.21682409804792,NA,NA,NA,NA,NA,2557_15,NA,NA,1,NA,NA,NA,NA
sample7_SemiBin_148.fa,64.94139504624532,NA,NA,NA,NA,NA,2557_16,NA,NA,1,NA,NA,NA,NA
sample9_SemiBin_1.fa,82.68161334358514,NA,NA,NA,NA,NA,2557_17,NA,NA,1,NA,NA,NA,NA
sample19_SemiBin_114.fa,96.08136813705237,NA,NA,NA,NA,NA,2557_18,NA,NA,1,NA,NA,NA,NA
sample24_SemiBin_42.fa,86.8955437765023,NA,NA,NA,NA,NA,2557_19,NA,NA,1,NA,NA,NA,NA
sample6_SemiBin_133.fa,53.60982573853692,NA,NA,NA,NA,NA,2557_20,NA,NA,1,NA,NA,NA,NA
sample28_SemiBin_101.fa,75.67940826226872,NA,NA,NA,NA,NA,2557_21,NA,NA,1,NA,NA,NA,NA
cpsnj02_SemiBin_74.fa,46.63920075822499,NA,NA,NA,NA,NA,2557_22,NA,NA,1,NA,NA,NA,NA
sample24_SemiBin_85.fa,42.0573021353973,NA,NA,NA,NA,NA,2558_1,NA,NA,1,NA,NA,NA,NA
sample25_SemiBin_48.fa,59.52279677407739,NA,NA,NA,NA,NA,2558_2,NA,NA,1,NA,NA,NA,NA
sample17_SemiBin_230.fa,46.03255784164244,NA,NA,NA,NA,NA,2558_3,NA,NA,1,NA,NA,NA,NA
sample6_SemiBin_193.fa,42.08714055583882,NA,NA,NA,NA,NA,2558_4,NA,NA,1,NA,NA,NA,NA
snj02_SemiBin_540.fa,35.03468461194465,NA,NA,NA,NA,NA,2559_0,NA,NA,1,NA,NA,NA,NA
sample19_SemiBin_107.fa,55.488563179011294,NA,NA,NA,NA,NA,2560_0,NA,NA,1,NA,NA,NA,NA
cpsnj20_SemiBin_207.fa,33.06676357888722,NA,NA,NA,NA,NA,2561_0,NA,NA,1,NA,NA,NA,NA
sample5_SemiBin_46.fa,51.81841432759823,NA,NA,NA,NA,NA,2562_1,NA,NA,1,NA,NA,NA,NA
sample8_SemiBin_68.fa,47.34749141918126,NA,NA,NA,NA,NA,2562_2,NA,NA,1,NA,NA,NA,NA
sample24_SemiBin_1185.fa,17.320584386914845,NA,NA,NA,NA,NA,2563_1,NA,NA,1,NA,NA,NA,NA
sample6_SemiBin_256.fa,59.25044469278505,NA,NA,NA,NA,NA,2563_2,NA,NA,1,NA,NA,NA,NA
cpsnj02_SemiBin_1670.fa,28.828889814970964,NA,NA,NA,NA,NA,2563_3,NA,NA,1,NA,NA,NA,NA
cpsnj09_SemiBin_2176.fa,7.874757996228071,NA,NA,NA,NA,NA,2564_0,NA,NA,1,NA,NA,NA,NA
snj14_SemiBin_1834.fa,18.09650292500787,NA,NA,NA,NA,NA,2565_0,NA,NA,1,NA,NA,NA,NA
cpsnj20_SemiBin_48.fa,27.55835279040145,NA,NA,NA,NA,NA,2566_0,NA,NA,1,NA,NA,NA,NA
snj10_SemiBin_1.fa,96.0761100125452,NA,NA,NA,NA,NA,2567_1,NA,NA,4,99.25,99.09,NA,NA
cpsnj14_SemiBin_8.fa,95.55920209224594,NA,NA,NA,NA,NA,2567_2,NA,NA,1,NA,NA,NA,NA
snj08_SemiBin_27.fa,83.13533054914217,NA,NA,NA,NA,NA,2567_3,NA,NA,1,NA,NA,NA,NA
sample14_SemiBin_34.fa,49.0642327681382,NA,NA,NA,NA,NA,2567_4,NA,NA,1,NA,NA,NA,NA
snj16_SemiBin_27.fa,54.60830028518864,NA,NA,NA,NA,NA,2567_5,NA,NA,1,NA,NA,NA,NA
snj09_SemiBin_145.fa,58.45968754836748,NA,NA,NA,NA,NA,2567_6,NA,NA,1,NA,NA,NA,NA
cpsnj10_SemiBin_50.fa,69.90576631181294,NA,NA,NA,NA,NA,2567_7,NA,NA,1,NA,NA,NA,NA
cpsnj08_SemiBin_48.fa,63.47982369348485,NA,NA,NA,NA,NA,2567_8,NA,NA,1,NA,NA,NA,NA
snj13_SemiBin_145.fa,63.64231117580706,NA,NA,NA,NA,NA,2567_9,NA,NA,1,NA,NA,NA,NA
cpsnj09_SemiBin_81.fa,68.13708905644519,NA,NA,NA,NA,NA,2567_10,NA,NA,1,NA,NA,NA,NA
cpsnj16_SemiBin_156.fa,42.23180964438105,NA,NA,NA,NA,NA,2567_11,NA,NA,1,NA,NA,NA,NA
sample26_SemiBin_108.fa,29.557195347384944,NA,NA,NA,NA,NA,2567_12,NA,NA,1,NA,NA,NA,NA
sample27_SemiBin_235.fa,40.15706560839164,NA,NA,NA,NA,NA,2567_13,NA,NA,1,NA,NA,NA,NA
cpsnj13_SemiBin_87.fa,30.39376550996578,NA,NA,NA,NA,NA,2567_14,NA,NA,1,NA,NA,NA,NA
cpsnj16_SemiBin_1193.fa,17.85865546816439,NA,NA,NA,NA,NA,2568_1,NA,NA,1,NA,NA,NA,NA
snj09_SemiBin_816.fa,22.397628736530653,NA,NA,NA,NA,NA,2568_2,NA,NA,1,NA,NA,NA,NA
cpsnj08_SemiBin_366.fa,35.692540513412915,NA,NA,NA,NA,NA,2569_1,NA,NA,1,NA,NA,NA,NA
sample26_SemiBin_87.fa,67.49923178196771,NA,NA,NA,NA,NA,2569_2,NA,NA,1,NA,NA,NA,NA
cpsnj16_SemiBin_20.fa,79.4022192119229,NA,NA,NA,NA,NA,2570_1,NA,NA,1,NA,NA,NA,NA
snj08_SemiBin_9.fa,72.72502951369235,NA,NA,NA,NA,NA,2570_2,NA,NA,1,NA,NA,NA,NA
snj13_SemiBin_9.fa,77.07885102467112,NA,NA,NA,NA,NA,2570_3,NA,NA,1,NA,NA,NA,NA
cpsnj03_SemiBin_41.fa,69.59649192473138,NA,NA,NA,NA,NA,2570_4,NA,NA,1,NA,NA,NA,NA
snj19_SemiBin_23.fa,59.55079371870159,NA,NA,NA,NA,NA,2570_5,NA,NA,1,NA,NA,NA,NA
cpsnj08_SemiBin_42.fa,84.1306152401149,NA,NA,NA,NA,NA,2570_6,NA,NA,1,NA,NA,NA,NA
cpsnj11_SemiBin_29.fa,73.40402747478556,NA,NA,NA,NA,NA,2570_7,NA,NA,1,NA,NA,NA,NA
snj16_SemiBin_46.fa,51.261487293723306,NA,NA,NA,NA,NA,2570_8,NA,NA,1,NA,NA,NA,NA
snj20_SemiBin_52.fa,60.66752923067151,NA,NA,NA,NA,NA,2570_9,NA,NA,1,NA,NA,NA,NA
cpsnj19_SemiBin_53.fa,55.45874204954455,NA,NA,NA,NA,NA,2570_10,NA,NA,1,NA,NA,NA,NA
cpsnj14_SemiBin_162.fa,42.38641354619786,NA,NA,NA,NA,NA,2570_11,NA,NA,1,NA,NA,NA,NA
snj10_SemiBin_45.fa,54.06064998073976,NA,NA,NA,NA,NA,2570_12,NA,NA,1,NA,NA,NA,NA
sample22_SemiBin_342.fa,48.36337112303069,NA,NA,NA,NA,NA,2570_13,NA,NA,1,NA,NA,NA,NA
sample20_SemiBin_296.fa,53.0121881116007,NA,NA,NA,NA,NA,2570_14,NA,NA,1,NA,NA,NA,NA
snj14_SemiBin_128.fa,49.78316276741598,NA,NA,NA,NA,NA,2570_15,NA,NA,1,NA,NA,NA,NA
sample27_SemiBin_75.fa,23.50123480638389,NA,NA,NA,NA,NA,2570_16,NA,NA,1,NA,NA,NA,NA
cpsnj09_SemiBin_92.fa,48.77847160979007,NA,NA,NA,NA,NA,2570_17,NA,NA,1,NA,NA,NA,NA
sample9_SemiBin_279.fa,41.98646236219057,NA,NA,NA,NA,NA,2570_18,NA,NA,1,NA,NA,NA,NA
sample23_SemiBin_1197.fa,9.244634373202247,NA,NA,NA,NA,NA,2570_19,NA,NA,1,NA,NA,NA,NA
sample21_SemiBin_1864.fa,27.2826623366696,NA,NA,NA,NA,NA,2571_0,NA,NA,1,NA,NA,NA,NA
cpsnj16_SemiBin_100.fa,46.94993497283232,NA,NA,NA,NA,NA,2572_0,NA,NA,1,NA,NA,NA,NA
cpsnj20_SemiBin_99.fa,57.4377520335413,NA,NA,NA,NA,NA,2573_0,NA,NA,1,NA,NA,NA,NA
sample15_SemiBin_287.fa,34.20425456049348,NA,NA,NA,NA,NA,2574_1,NA,NA,1,NA,NA,NA,NA
sample1_SemiBin_29.fa,78.10504868409497,NA,NA,NA,NA,NA,2574_2,NA,NA,1,NA,NA,NA,NA
sample28_SemiBin_85.fa,49.427610760286754,NA,NA,NA,NA,NA,2575_0,NA,NA,1,NA,NA,NA,NA
sample7_SemiBin_105.fa,50.8101318656334,NA,NA,NA,NA,NA,2576_0,NA,NA,1,NA,NA,NA,NA
sample28_SemiBin_83.fa,36.79963293904614,NA,NA,NA,NA,NA,2577_1,NA,NA,1,NA,NA,NA,NA
snj09_SemiBin_693.fa,33.01631299357946,NA,NA,NA,NA,NA,2577_2,NA,NA,1,NA,NA,NA,NA
cpsnj10_SemiBin_179.fa,33.47969850581826,NA,NA,NA,NA,NA,2578_0,NA,NA,1,NA,NA,NA,NA
sample1_SemiBin_218.fa,58.78284041667268,NA,NA,NA,NA,NA,2579_0,NA,NA,1,NA,NA,NA,NA
sample12_SemiBin_64.fa,40.05033728133864,NA,NA,NA,NA,NA,2580_0,NA,NA,1,NA,NA,NA,NA
sample28_SemiBin_1357.fa,6.711936583565743,NA,NA,NA,NA,NA,2581_0,NA,NA,1,NA,NA,NA,NA
sample28_SemiBin_107.fa,60.87743803862261,NA,NA,NA,NA,NA,2582_0,NA,NA,1,NA,NA,NA,NA
cpsnj01_SemiBin_9.fa,58.69735628062673,NA,NA,NA,NA,NA,2583_1,NA,NA,1,NA,NA,NA,NA
snj19_SemiBin_17.fa,77.54112908158106,NA,NA,NA,NA,NA,2583_2,NA,NA,1,NA,NA,NA,NA
cpsnj20_SemiBin_94.fa,83.06319582047709,NA,NA,NA,NA,NA,2584_0,NA,NA,1,NA,NA,NA,NA
cpsnj01_SemiBin_146.fa,52.053829325617606,NA,NA,NA,NA,NA,2585_1,NA,NA,1,NA,NA,NA,NA
sample28_SemiBin_98.fa,48.76427083487423,NA,NA,NA,NA,NA,2585_2,NA,NA,1,NA,NA,NA,NA
snj01_SemiBin_123.fa,45.0324552006251,NA,NA,NA,NA,NA,2585_3,NA,NA,1,NA,NA,NA,NA
snj02_SemiBin_60.fa,63.14207551122865,NA,NA,NA,NA,NA,2585_4,NA,NA,1,NA,NA,NA,NA
cpsnj20_SemiBin_1607.fa,15.957039552088636,NA,NA,NA,NA,NA,2586_0,NA,NA,1,NA,NA,NA,NA
cpsnj20_SemiBin_436.fa,48.04296608506906,NA,NA,NA,NA,NA,2587_0,NA,NA,1,NA,NA,NA,NA
sample1_SemiBin_269.fa,46.88493205703109,NA,NA,NA,NA,NA,2588_0,NA,NA,1,NA,NA,NA,NA
snj02_SemiBin_80.fa,48.15610283993304,NA,NA,NA,NA,NA,2589_0,NA,NA,1,NA,NA,NA,NA
sample2_SemiBin_60.fa,41.3780350713426,NA,NA,NA,NA,NA,2590_1,NA,NA,1,NA,NA,NA,NA
sample5_SemiBin_62.fa,48.79947115642314,NA,NA,NA,NA,NA,2590_2,NA,NA,1,NA,NA,NA,NA
sample7_SemiBin_117.fa,46.54497540571619,NA,NA,NA,NA,NA,2590_3,NA,NA,1,NA,NA,NA,NA
sample22_SemiBin_69.fa,35.14535621256369,NA,NA,NA,NA,NA,2590_4,NA,NA,1,NA,NA,NA,NA
sample25_SemiBin_204.fa,49.09705030746201,NA,NA,NA,NA,NA,2590_5,NA,NA,1,NA,NA,NA,NA
snj15_SemiBin_42.fa,20.72949205947137,NA,NA,NA,NA,NA,2590_6,NA,NA,1,NA,NA,NA,NA
cpsnj16_SemiBin_89.fa,27.66070621268393,NA,NA,NA,NA,NA,2590_7,NA,NA,1,NA,NA,NA,NA
sample5_SemiBin_75.fa,25.2163394840905,NA,NA,NA,NA,NA,2591_0,NA,NA,1,NA,NA,NA,NA
sample18_SemiBin_257.fa,50.428741425426566,NA,NA,NA,NA,NA,2592_0,NA,NA,1,NA,NA,NA,NA
sample1_SemiBin_39.fa,72.98868153444523,NA,NA,NA,NA,NA,2593_1,NA,NA,1,NA,NA,NA,NA
sample25_SemiBin_129.fa,52.54140761661355,NA,NA,NA,NA,NA,2593_2,NA,NA,1,NA,NA,NA,NA
sample24_SemiBin_23.fa,68.98950301576895,NA,NA,NA,NA,NA,2593_3,NA,NA,1,NA,NA,NA,NA
sample26_SemiBin_57.fa,74.16665332365018,NA,NA,NA,NA,NA,2593_4,NA,NA,1,NA,NA,NA,NA
sample6_SemiBin_84.fa,65.53016114374705,NA,NA,NA,NA,NA,2593_5,NA,NA,1,NA,NA,NA,NA
cpsnj08_SemiBin_100.fa,73.25994898417979,NA,NA,NA,NA,NA,2593_6,NA,NA,1,NA,NA,NA,NA
sample28_SemiBin_94.fa,55.34269865556008,NA,NA,NA,NA,NA,2593_7,NA,NA,1,NA,NA,NA,NA
sample7_SemiBin_99.fa,53.29877479022589,NA,NA,NA,NA,NA,2593_8,NA,NA,1,NA,NA,NA,NA
cpsnj02_SemiBin_63.fa,51.73844487998097,NA,NA,NA,NA,NA,2594_1,NA,NA,1,NA,NA,NA,NA
snj02_SemiBin_25.fa,61.607939258226416,NA,NA,NA,NA,NA,2594_2,NA,NA,1,NA,NA,NA,NA
sample5_SemiBin_117.fa,21.850948655998547,NA,NA,NA,NA,NA,2595_0,NA,NA,1,NA,NA,NA,NA
cpsnj20_SemiBin_158.fa,54.28761130403503,NA,NA,NA,NA,NA,2596_0,NA,NA,1,NA,NA,NA,NA
sample18_SemiBin_196.fa,50.93894546207971,NA,NA,NA,NA,NA,2597_0,NA,NA,1,NA,NA,NA,NA
sample15_SemiBin_27.fa,79.15750273189165,NA,NA,NA,NA,NA,2598_1,NA,NA,1,NA,NA,NA,NA
sample1_SemiBin_109.fa,81.71350764526592,NA,NA,NA,NA,NA,2598_2,NA,NA,1,NA,NA,NA,NA
sample10_SemiBin_86.fa,65.18171359472743,NA,NA,NA,NA,NA,2599_0,NA,NA,1,NA,NA,NA,NA
sample13_SemiBin_124.fa,43.67277113889606,NA,NA,NA,NA,NA,2600_0,NA,NA,1,NA,NA,NA,NA
sample19_SemiBin_43.fa,79.49277663461143,NA,NA,NA,NA,NA,2601_0,NA,NA,1,NA,NA,NA,NA
sample20_SemiBin_196.fa,50.21510884841582,NA,NA,NA,NA,NA,2602_0,NA,NA,1,NA,NA,NA,NA
sample18_SemiBin_219.fa,26.260282951409096,NA,NA,NA,NA,NA,2603_0,NA,NA,1,NA,NA,NA,NA
sample29_SemiBin_124.fa,35.030566991215615,NA,NA,NA,NA,NA,2604_0,NA,NA,1,NA,NA,NA,NA
cpsnj09_SemiBin_33.fa,76.92553662152002,NA,NA,NA,NA,NA,2605_1,NA,NA,1,NA,NA,NA,NA
cpsnj10_SemiBin_24.fa,74.95982672680499,NA,NA,NA,NA,NA,2605_2,NA,NA,1,NA,NA,NA,NA
sample26_SemiBin_9.fa,82.52823741805953,NA,NA,NA,NA,NA,2605_3,NA,NA,1,NA,NA,NA,NA
sample4_SemiBin_10.fa,86.97849013760755,NA,NA,NA,NA,NA,2605_4,NA,NA,1,NA,NA,NA,NA
cpsnj08_SemiBin_6.fa,90.56241088436347,NA,NA,NA,NA,NA,2605_5,NA,NA,1,NA,NA,NA,NA
sample3_SemiBin_14.fa,78.05406276804162,NA,NA,NA,NA,NA,2605_6,NA,NA,1,NA,NA,NA,NA
sample18_SemiBin_68.fa,85.48589705543712,NA,NA,NA,NA,NA,2605_7,NA,NA,1,NA,NA,NA,NA
sample17_SemiBin_39.fa,69.44382329800027,NA,NA,NA,NA,NA,2605_8,NA,NA,1,NA,NA,NA,NA
sample7_SemiBin_31.fa,87.29562304096373,NA,NA,NA,NA,NA,2605_9,NA,NA,1,NA,NA,NA,NA
snj04_SemiBin_25.fa,56.01087022248186,NA,NA,NA,NA,NA,2605_10,NA,NA,1,NA,NA,NA,NA
snj03_SemiBin_18.fa,74.98788549290698,NA,NA,NA,NA,NA,2605_11,NA,NA,1,NA,NA,NA,NA
sample28_SemiBin_56.fa,35.871143099695324,NA,NA,NA,NA,NA,2605_12,NA,NA,1,NA,NA,NA,NA
snj14_SemiBin_44.fa,81.46362358484136,NA,NA,NA,NA,NA,2605_13,NA,NA,1,NA,NA,NA,NA
cpsnj19_SemiBin_72.fa,69.68862428846815,NA,NA,NA,NA,NA,2605_14,NA,NA,1,NA,NA,NA,NA
cpsnj14_SemiBin_61.fa,62.4859489479129,NA,NA,NA,NA,NA,2605_15,NA,NA,1,NA,NA,NA,NA
snj19_SemiBin_50.fa,64.32488186433292,NA,NA,NA,NA,NA,2605_16,NA,NA,1,NA,NA,NA,NA
snj08_SemiBin_101.fa,50.58091638079732,NA,NA,NA,NA,NA,2605_17,NA,NA,1,NA,NA,NA,NA
sample2_SemiBin_25.fa,54.271352654188114,NA,NA,NA,NA,NA,2605_18,NA,NA,1,NA,NA,NA,NA
cpsnj11_SemiBin_64.fa,75.81812510045977,NA,NA,NA,NA,NA,2605_19,NA,NA,1,NA,NA,NA,NA
snj10_SemiBin_97.fa,76.58276266760954,NA,NA,NA,NA,NA,2605_20,NA,NA,1,NA,NA,NA,NA
snj13_SemiBin_102.fa,45.68907972646873,NA,NA,NA,NA,NA,2605_21,NA,NA,1,NA,NA,NA,NA
snj09_SemiBin_43.fa,71.2987347126643,NA,NA,NA,NA,NA,2605_22,NA,NA,1,NA,NA,NA,NA
snj11_SemiBin_70.fa,55.85846504222525,NA,NA,NA,NA,NA,2605_23,NA,NA,1,NA,NA,NA,NA
sample16_SemiBin_60.fa,59.39692615687842,NA,NA,NA,NA,NA,2605_24,NA,NA,1,NA,NA,NA,NA
sample27_SemiBin_124.fa,42.68969228725127,NA,NA,NA,NA,NA,2605_25,NA,NA,1,NA,NA,NA,NA
cpsnj15_SemiBin_38.fa,52.950900414950986,NA,NA,NA,NA,NA,2605_26,NA,NA,1,NA,NA,NA,NA
sample25_SemiBin_83.fa,46.84143883815111,NA,NA,NA,NA,NA,2605_27,NA,NA,1,NA,NA,NA,NA
cpsnj04_SemiBin_89.fa,50.765620354071096,NA,NA,NA,NA,NA,2605_28,NA,NA,1,NA,NA,NA,NA
cpsnj13_SemiBin_79.fa,48.65176405856817,NA,NA,NA,NA,NA,2605_29,NA,NA,1,NA,NA,NA,NA
sample1_SemiBin_1801.fa,16.76107808087486,NA,NA,NA,NA,NA,2605_30,NA,NA,1,NA,NA,NA,NA
sample27_SemiBin_1479.fa,4.012943460675466,NA,NA,NA,NA,NA,2606_1,NA,NA,1,NA,NA,NA,NA
sample28_SemiBin_120.fa,55.79919051782253,NA,NA,NA,NA,NA,2606_2,NA,NA,1,NA,NA,NA,NA
sample16_SemiBin_1839.fa,13.979459173750811,NA,NA,NA,NA,NA,2607_0,NA,NA,1,NA,NA,NA,NA
cpsnj02_SemiBin_64.fa,53.16120601137306,NA,NA,NA,NA,NA,2608_1,NA,NA,1,NA,NA,NA,NA
snj02_SemiBin_17.fa,85.86261049050451,NA,NA,NA,NA,NA,2608_2,NA,NA,1,NA,NA,NA,NA
sample6_SemiBin_33.fa,82.7391723673933,NA,NA,NA,NA,NA,2609_1,NA,NA,1,NA,NA,NA,NA
sample7_SemiBin_68.fa,81.96029229830148,NA,NA,NA,NA,NA,2609_2,NA,NA,1,NA,NA,NA,NA
sample1_SemiBin_101.fa,49.11766619948608,NA,NA,NA,NA,NA,2609_3,NA,NA,1,NA,NA,NA,NA
sample2_SemiBin_44.fa,59.41350238427045,NA,NA,NA,NA,NA,2609_4,NA,NA,1,NA,NA,NA,NA
sample24_SemiBin_43.fa,56.1230139916557,NA,NA,NA,NA,NA,2609_5,NA,NA,1,NA,NA,NA,NA
snj01_SemiBin_8.fa,93.45959821505453,NA,NA,NA,NA,NA,2610_1,NA,NA,1,NA,NA,NA,NA
snj03_SemiBin_12.fa,66.96487141905602,NA,NA,NA,NA,NA,2610_2,NA,NA,1,NA,NA,NA,NA
cpsnj19_SemiBin_63.fa,71.74529783723412,NA,NA,NA,NA,NA,2610_3,NA,NA,1,NA,NA,NA,NA
sample21_SemiBin_53.fa,61.62725606919828,NA,NA,NA,NA,NA,2611_1,NA,NA,1,NA,NA,NA,NA
sample25_SemiBin_43.fa,71.81688941564508,NA,NA,NA,NA,NA,2611_2,NA,NA,1,NA,NA,NA,NA
sample1_SemiBin_33.fa,76.57119718806675,NA,NA,NA,NA,NA,2611_3,NA,NA,1,NA,NA,NA,NA
sample16_SemiBin_54.fa,47.3569289681354,NA,NA,NA,NA,NA,2611_4,NA,NA,1,NA,NA,NA,NA
sample18_SemiBin_120.fa,63.937993953092096,NA,NA,NA,NA,NA,2611_5,NA,NA,1,NA,NA,NA,NA
sample17_SemiBin_136.fa,48.90901408821849,NA,NA,NA,NA,NA,2612_0,NA,NA,1,NA,NA,NA,NA
sample29_SemiBin_63.fa,74.87133534761261,NA,NA,NA,NA,NA,2613_0,NA,NA,1,NA,NA,NA,NA
cpsnj04_SemiBin_45.fa,63.224432284027394,NA,NA,NA,NA,NA,2614_1,NA,NA,1,NA,NA,NA,NA
sample8_SemiBin_79.fa,52.71987445474572,NA,NA,NA,NA,NA,2614_2,NA,NA,1,NA,NA,NA,NA
sample17_SemiBin_31.fa,85.46333794039481,NA,NA,NA,NA,NA,2615_0,NA,NA,1,NA,NA,NA,NA
sample26_SemiBin_50.fa,54.00384990125897,NA,NA,NA,NA,NA,2616_1,NA,NA,1,NA,NA,NA,NA
sample9_SemiBin_30.fa,45.10683773437843,NA,NA,NA,NA,NA,2616_2,NA,NA,1,NA,NA,NA,NA
sample15_SemiBin_71.fa,43.13154773440149,NA,NA,NA,NA,NA,2616_3,NA,NA,1,NA,NA,NA,NA
sample7_SemiBin_51.fa,54.95478682390305,NA,NA,NA,NA,NA,2616_4,NA,NA,1,NA,NA,NA,NA
sample2_SemiBin_37.fa,45.9961219647529,NA,NA,NA,NA,NA,2616_5,NA,NA,1,NA,NA,NA,NA
cpsnj11_SemiBin_93.fa,38.99491869611813,NA,NA,NA,NA,NA,2616_6,NA,NA,1,NA,NA,NA,NA
cpsnj19_SemiBin_88.fa,51.54108581338129,NA,NA,NA,NA,NA,2616_7,NA,NA,1,NA,NA,NA,NA
snj19_SemiBin_77.fa,50.68650661325797,NA,NA,NA,NA,NA,2616_8,NA,NA,1,NA,NA,NA,NA
snj03_SemiBin_75.fa,26.049223335032725,NA,NA,NA,NA,NA,2616_9,NA,NA,1,NA,NA,NA,NA
cpsnj01_SemiBin_30.fa,18.40475306761175,NA,NA,NA,NA,NA,2617_0,NA,NA,1,NA,NA,NA,NA
sample29_SemiBin_41.fa,63.47526680005759,NA,NA,NA,NA,NA,2618_0,NA,NA,1,NA,NA,NA,NA
sample16_SemiBin_30.fa,70.40622172347227,NA,NA,NA,NA,NA,2619_1,NA,NA,1,NA,NA,NA,NA
sample17_SemiBin_58.fa,76.592545809127,NA,NA,NA,NA,NA,2619_2,NA,NA,1,NA,NA,NA,NA
cpsnj20_SemiBin_31.fa,62.77575546382655,NA,NA,NA,NA,NA,2620_0,NA,NA,1,NA,NA,NA,NA
sample11_SemiBin_29.fa,77.44192312323857,NA,NA,NA,NA,NA,2621_1,NA,NA,1,NA,NA,NA,NA
sample13_SemiBin_111.fa,44.8197030933922,NA,NA,NA,NA,NA,2621_2,NA,NA,1,NA,NA,NA,NA
sample18_SemiBin_122.fa,73.49667526495816,NA,NA,NA,NA,NA,2621_3,NA,NA,1,NA,NA,NA,NA
sample17_SemiBin_147.fa,44.292467084942665,NA,NA,NA,NA,NA,2622_0,NA,NA,1,NA,NA,NA,NA
sample11_SemiBin_79.fa,55.85390214576117,NA,NA,NA,NA,NA,2623_1,NA,NA,1,NA,NA,NA,NA
sample13_SemiBin_15.fa,88.60103703630152,NA,NA,NA,NA,NA,2623_2,NA,NA,1,NA,NA,NA,NA
sample17_SemiBin_256.fa,54.46443249663175,NA,NA,NA,NA,NA,2624_1,NA,NA,1,NA,NA,NA,NA
sample3_SemiBin_136.fa,47.664922315766354,NA,NA,NA,NA,NA,2624_2,NA,NA,1,NA,NA,NA,NA
sample4_SemiBin_332.fa,32.59928433887431,NA,NA,NA,NA,NA,2624_3,NA,NA,1,NA,NA,NA,NA
snj19_SemiBin_15.fa,98.01912960295977,NA,NA,NA,NA,NA,2625_1,NA,NA,2,99.34,99.34,NA,NA
sample15_SemiBin_18.fa,92.48952361427342,NA,NA,NA,NA,NA,2625_2,NA,NA,1,NA,NA,NA,NA
sample20_SemiBin_23.fa,94.08115372456086,NA,NA,NA,NA,NA,2625_3,NA,NA,1,NA,NA,NA,NA
sample1_SemiBin_66.fa,86.26643470568817,NA,NA,NA,NA,NA,2625_4,NA,NA,1,NA,NA,NA,NA
sample2_SemiBin_9.fa,91.96708267615172,NA,NA,NA,NA,NA,2625_5,NA,NA,1,NA,NA,NA,NA
sample7_SemiBin_27.fa,94.75453080915194,NA,NA,NA,NA,NA,2625_6,NA,NA,1,NA,NA,NA,NA
sample22_SemiBin_23.fa,94.46365005824602,NA,NA,NA,NA,NA,2625_7,NA,NA,1,NA,NA,NA,NA
sample25_SemiBin_111.fa,85.54705902366307,NA,NA,NA,NA,NA,2625_8,NA,NA,1,NA,NA,NA,NA
sample6_SemiBin_11.fa,94.01006901602776,NA,NA,NA,NA,NA,2625_9,NA,NA,1,NA,NA,NA,NA
sample23_SemiBin_17.fa,98.1686471275932,NA,NA,NA,NA,NA,2625_10,NA,NA,1,NA,NA,NA,NA
sample27_SemiBin_10.fa,89.73576204688545,NA,NA,NA,NA,NA,2625_11,NA,NA,1,NA,NA,NA,NA
sample21_SemiBin_39.fa,61.42217447469339,NA,NA,NA,NA,NA,2625_12,NA,NA,1,NA,NA,NA,NA
sample16_SemiBin_172.fa,62.20525423369294,NA,NA,NA,NA,NA,2625_13,NA,NA,1,NA,NA,NA,NA
cpsnj04_SemiBin_4.fa,99.90558747292428,NA,NA,NA,NA,NA,2625_14,NA,NA,3,99.41,99.31,NA,NA
snj08_SemiBin_34.fa,71.36681430556425,NA,NA,NA,NA,NA,2625_15,NA,NA,1,NA,NA,NA,NA
cpsnj02_SemiBin_13.fa,93.78211035848628,NA,NA,NA,NA,NA,2625_16,NA,NA,1,NA,NA,NA,NA
cpsnj20_SemiBin_22.fa,87.53020012329812,NA,NA,NA,NA,NA,2625_17,NA,NA,1,NA,NA,NA,NA
cpsnj08_SemiBin_35.fa,71.44459376109776,NA,NA,NA,NA,NA,2625_18,NA,NA,1,NA,NA,NA,NA
sample24_SemiBin_4.fa,93.95651034816773,NA,NA,NA,NA,NA,2625_19,NA,NA,1,NA,NA,NA,NA
snj20_SemiBin_38.fa,65.10109509117216,NA,NA,NA,NA,NA,2625_20,NA,NA,1,NA,NA,NA,NA
snj15_SemiBin_18.fa,82.00400737858277,NA,NA,NA,NA,NA,2625_21,NA,NA,1,NA,NA,NA,NA
snj03_SemiBin_25.fa,72.0932590738536,NA,NA,NA,NA,NA,2625_22,NA,NA,1,NA,NA,NA,NA
cpsnj15_SemiBin_53.fa,51.076616800727074,NA,NA,NA,NA,NA,2625_23,NA,NA,1,NA,NA,NA,NA
sample14_SemiBin_19.fa,71.41798700530846,NA,NA,NA,NA,NA,2625_24,NA,NA,1,NA,NA,NA,NA
cpsnj08_SemiBin_97.fa,45.14721771431425,NA,NA,NA,NA,NA,2626_0,NA,NA,1,NA,NA,NA,NA
sample1_SemiBin_74.fa,79.76915599212171,NA,NA,NA,NA,NA,2627_1,NA,NA,1,NA,NA,NA,NA
sample22_SemiBin_55.fa,57.28227919209749,NA,NA,NA,NA,NA,2627_2,NA,NA,1,NA,NA,NA,NA
sample7_SemiBin_57.fa,75.77350124746229,NA,NA,NA,NA,NA,2627_3,NA,NA,1,NA,NA,NA,NA
sample16_SemiBin_258.fa,45.46704616506476,NA,NA,NA,NA,NA,2627_4,NA,NA,1,NA,NA,NA,NA
sample25_SemiBin_112.fa,79.54001494490096,NA,NA,NA,NA,NA,2627_5,NA,NA,1,NA,NA,NA,NA
sample23_SemiBin_35.fa,80.11912938738972,NA,NA,NA,NA,NA,2627_6,NA,NA,1,NA,NA,NA,NA
sample2_SemiBin_59.fa,68.77951579509049,NA,NA,NA,NA,NA,2627_7,NA,NA,1,NA,NA,NA,NA
sample21_SemiBin_318.fa,56.8343131226393,NA,NA,NA,NA,NA,2627_8,NA,NA,1,NA,NA,NA,NA
sample18_SemiBin_116.fa,85.72773486910411,NA,NA,NA,NA,NA,2628_1,NA,NA,1,NA,NA,NA,NA
sample4_SemiBin_45.fa,58.70817137608591,NA,NA,NA,NA,NA,2628_2,NA,NA,1,NA,NA,NA,NA
sample3_SemiBin_91.fa,63.228071567758384,NA,NA,NA,NA,NA,2628_3,NA,NA,1,NA,NA,NA,NA
cpsnj19_SemiBin_61.fa,72.77083447514968,NA,NA,NA,NA,NA,2629_0,NA,NA,1,NA,NA,NA,NA
sample13_SemiBin_182.fa,58.59072439652167,NA,NA,NA,NA,NA,2630_0,NA,NA,1,NA,NA,NA,NA
cpsnj19_SemiBin_15.fa,91.23886853872165,NA,NA,NA,NA,NA,2631_1,NA,NA,1,NA,NA,NA,NA
snj19_SemiBin_25.fa,77.96603039432325,NA,NA,NA,NA,NA,2631_2,NA,NA,1,NA,NA,NA,NA
cpsnj15_SemiBin_39.fa,58.15316588189583,NA,NA,NA,NA,NA,2632_1,NA,NA,1,NA,NA,NA,NA
snj15_SemiBin_29.fa,61.81025535170958,NA,NA,NA,NA,NA,2632_2,NA,NA,1,NA,NA,NA,NA
cpsnj20_SemiBin_28.fa,83.061776992313,NA,NA,NA,NA,NA,2633_1,NA,NA,1,NA,NA,NA,NA
snj20_SemiBin_46.fa,53.79086202542077,NA,NA,NA,NA,NA,2633_2,NA,NA,1,NA,NA,NA,NA
cpsnj08_SemiBin_67.fa,54.92522948934136,NA,NA,NA,NA,NA,2633_3,NA,NA,1,NA,NA,NA,NA
sample19_SemiBin_39.fa,94.7988073903764,NA,NA,NA,NA,NA,2634_0,NA,NA,1,NA,NA,NA,NA
sample15_SemiBin_64.fa,58.10536248536578,NA,NA,NA,NA,NA,2635_1,NA,NA,1,NA,NA,NA,NA
sample25_SemiBin_215.fa,51.44911704778059,NA,NA,NA,NA,NA,2635_2,NA,NA,1,NA,NA,NA,NA
sample6_SemiBin_32.fa,48.90750400956368,NA,NA,NA,NA,NA,2635_3,NA,NA,1,NA,NA,NA,NA
sample28_SemiBin_25.fa,50.54217581087524,NA,NA,NA,NA,NA,2635_4,NA,NA,1,NA,NA,NA,NA
cpsnj08_SemiBin_21.fa,69.71086856959751,NA,NA,NA,NA,NA,2636_1,NA,NA,1,NA,NA,NA,NA
cpsnj19_SemiBin_44.fa,61.35459252131744,NA,NA,NA,NA,NA,2636_2,NA,NA,1,NA,NA,NA,NA
sample14_SemiBin_16.fa,58.9367052098096,NA,NA,NA,NA,NA,2636_3,NA,NA,1,NA,NA,NA,NA
snj19_SemiBin_140.fa,50.282319376647216,NA,NA,NA,NA,NA,2637_0,NA,NA,1,NA,NA,NA,NA
cpsnj20_SemiBin_68.fa,57.72456886067488,NA,NA,NA,NA,NA,2638_0,NA,NA,1,NA,NA,NA,NA
sample28_SemiBin_31.fa,59.13208471378079,NA,NA,NA,NA,NA,2639_0,NA,NA,1,NA,NA,NA,NA
sample1_SemiBin_53.fa,65.89169372953039,NA,NA,NA,NA,NA,2640_1,NA,NA,1,NA,NA,NA,NA
sample22_SemiBin_106.fa,56.42500984068705,NA,NA,NA,NA,NA,2640_2,NA,NA,1,NA,NA,NA,NA
sample15_SemiBin_1988.fa,4.272687880176821,NA,NA,NA,NA,NA,2640_3,NA,NA,1,NA,NA,NA,NA
cpsnj19_SemiBin_58.fa,73.92819073896138,NA,NA,NA,NA,NA,2641_0,NA,NA,1,NA,NA,NA,NA
sample6_SemiBin_71.fa,65.71259827190957,NA,NA,NA,NA,NA,2642_0,NA,NA,1,NA,NA,NA,NA
cpsnj01_SemiBin_42.fa,53.072874745565535,NA,NA,NA,NA,NA,2643_0,NA,NA,1,NA,NA,NA,NA
cpsnj01_SemiBin_48.fa,56.92874584732282,NA,NA,NA,NA,NA,2644_0,NA,NA,1,NA,NA,NA,NA
cpsnj13_SemiBin_104.fa,45.40067274006754,NA,NA,NA,NA,NA,2645_1,NA,NA,1,NA,NA,NA,NA
sample28_SemiBin_42.fa,75.75841861948109,NA,NA,NA,NA,NA,2645_2,NA,NA,1,NA,NA,NA,NA
snj09_SemiBin_182.fa,51.13035917259182,NA,NA,NA,NA,NA,2645_3,NA,NA,1,NA,NA,NA,NA
snj03_SemiBin_74.fa,46.61378406176305,NA,NA,NA,NA,NA,2646_1,NA,NA,1,NA,NA,NA,NA
snj19_SemiBin_61.fa,58.08703087800375,NA,NA,NA,NA,NA,2646_2,NA,NA,1,NA,NA,NA,NA
cpsnj13_SemiBin_65.fa,61.89157534049985,NA,NA,NA,NA,NA,2647_0,NA,NA,1,NA,NA,NA,NA
sample14_SemiBin_70.fa,26.46912966921185,NA,NA,NA,NA,NA,2648_1,NA,NA,1,NA,NA,NA,NA
sample26_SemiBin_54.fa,56.73538659023508,NA,NA,NA,NA,NA,2648_2,NA,NA,1,NA,NA,NA,NA
cpsnj01_SemiBin_118.fa,54.13980581986707,NA,NA,NA,NA,NA,2649_1,NA,NA,1,NA,NA,NA,NA
sample6_SemiBin_176.fa,50.133430063630776,NA,NA,NA,NA,NA,2649_2,NA,NA,1,NA,NA,NA,NA
sample29_SemiBin_152.fa,52.34343973567111,NA,NA,NA,NA,NA,2650_0,NA,NA,1,NA,NA,NA,NA
sample19_SemiBin_79.fa,51.852801349571706,NA,NA,NA,NA,NA,2651_0,NA,NA,1,NA,NA,NA,NA
sample6_SemiBin_1743.fa,26.386619121941603,NA,NA,NA,NA,NA,2652_0,NA,NA,1,NA,NA,NA,NA
sample19_SemiBin_69.fa,79.64043273302026,NA,NA,NA,NA,NA,2653_0,NA,NA,1,NA,NA,NA,NA
sample24_SemiBin_181.fa,52.46784885283863,NA,NA,NA,NA,NA,2654_1,NA,NA,1,NA,NA,NA,NA
sample6_SemiBin_73.fa,59.40854942794186,NA,NA,NA,NA,NA,2654_2,NA,NA,1,NA,NA,NA,NA
snj02_SemiBin_22.fa,62.32415549498287,NA,NA,NA,NA,NA,2655_0,NA,NA,1,NA,NA,NA,NA
sample18_SemiBin_166.fa,56.14281112117351,NA,NA,NA,NA,NA,2656_0,NA,NA,1,NA,NA,NA,NA
sample19_SemiBin_42.fa,76.32077177230514,NA,NA,NA,NA,NA,2657_0,NA,NA,1,NA,NA,NA,NA
sample26_SemiBin_1297.fa,10.62719366922124,NA,NA,NA,NA,NA,2658_0,NA,NA,1,NA,NA,NA,NA
sample7_SemiBin_221.fa,34.772883058036,NA,NA,NA,NA,NA,2659_0,NA,NA,1,NA,NA,NA,NA
sample21_SemiBin_1889.fa,12.571861141225716,NA,NA,NA,NA,NA,2660_0,NA,NA,1,NA,NA,NA,NA
sample17_SemiBin_163.fa,49.87054109878309,NA,NA,NA,NA,NA,2661_0,NA,NA,1,NA,NA,NA,NA
cpsnj20_SemiBin_20.fa,78.72441820680389,NA,NA,NA,NA,NA,2662_0,NA,NA,1,NA,NA,NA,NA
snj14_SemiBin_80.fa,63.15193523248785,NA,NA,NA,NA,NA,2663_0,NA,NA,1,NA,NA,NA,NA
snj15_SemiBin_36.fa,58.666094575867696,NA,NA,NA,NA,NA,2664_0,NA,NA,1,NA,NA,NA,NA
cpsnj15_SemiBin_69.fa,59.34900195965239,NA,NA,NA,NA,NA,2665_0,NA,NA,1,NA,NA,NA,NA
snj10_SemiBin_47.fa,54.814128033355495,NA,NA,NA,NA,NA,2666_0,NA,NA,1,NA,NA,NA,NA
sample17_SemiBin_53.fa,74.61713971647673,NA,NA,NA,NA,NA,2667_0,NA,NA,1,NA,NA,NA,NA
sample29_SemiBin_289.fa,53.49690549178862,NA,NA,NA,NA,NA,2668_0,NA,NA,1,NA,NA,NA,NA
sample19_SemiBin_26.fa,92.5434560934274,NA,NA,NA,NA,NA,2669_0,NA,NA,1,NA,NA,NA,NA
sample28_SemiBin_52.fa,50.6471888011324,NA,NA,NA,NA,NA,2670_0,NA,NA,1,NA,NA,NA,NA
sample23_SemiBin_41.fa,76.65471036324666,NA,NA,NA,NA,NA,2671_0,NA,NA,1,NA,NA,NA,NA
sample1_SemiBin_165.fa,45.23348271838181,NA,NA,NA,NA,NA,2672_1,NA,NA,1,NA,NA,NA,NA
sample6_SemiBin_106.fa,50.32127476819043,NA,NA,NA,NA,NA,2672_2,NA,NA,1,NA,NA,NA,NA
sample28_SemiBin_71.fa,49.41139857438069,NA,NA,NA,NA,NA,2672_3,NA,NA,1,NA,NA,NA,NA
snj09_SemiBin_1924.fa,7.508051160688899,NA,NA,NA,NA,NA,2673_0,NA,NA,1,NA,NA,NA,NA
sample6_SemiBin_182.fa,57.30886133270197,NA,NA,NA,NA,NA,2674_1,NA,NA,1,NA,NA,NA,NA
sample7_SemiBin_235.fa,52.694541622958326,NA,NA,NA,NA,NA,2674_2,NA,NA,1,NA,NA,NA,NA
sample15_SemiBin_52.fa,60.006002969338255,NA,NA,NA,NA,NA,2674_3,NA,NA,1,NA,NA,NA,NA
sample1_SemiBin_132.fa,59.73911857704969,NA,NA,NA,NA,NA,2674_4,NA,NA,1,NA,NA,NA,NA
sample24_SemiBin_79.fa,44.286617112788086,NA,NA,NA,NA,NA,2674_5,NA,NA,1,NA,NA,NA,NA
sample29_SemiBin_264.fa,53.48352530247015,NA,NA,NA,NA,NA,2674_6,NA,NA,1,NA,NA,NA,NA
sample24_SemiBin_447.fa,50.00361335908391,NA,NA,NA,NA,NA,2675_0,NA,NA,1,NA,NA,NA,NA
sample15_SemiBin_227.fa,61.31040514285527,NA,NA,NA,NA,NA,2676_1,NA,NA,1,NA,NA,NA,NA
sample1_SemiBin_125.fa,72.82473038748408,NA,NA,NA,NA,NA,2676_2,NA,NA,1,NA,NA,NA,NA
cpsnj19_SemiBin_128.fa,83.59076433758052,NA,NA,NA,NA,NA,2677_1,NA,NA,1,NA,NA,NA,NA
snj19_SemiBin_39.fa,78.99391104281602,NA,NA,NA,NA,NA,2677_2,NA,NA,1,NA,NA,NA,NA
sample26_SemiBin_133.fa,50.04412352708046,NA,NA,NA,NA,NA,2677_3,NA,NA,1,NA,NA,NA,NA
sample3_SemiBin_46.fa,57.64262902524172,NA,NA,NA,NA,NA,2677_4,NA,NA,1,NA,NA,NA,NA
sample4_SemiBin_183.fa,53.36170755037011,NA,NA,NA,NA,NA,2677_5,NA,NA,1,NA,NA,NA,NA
sample22_SemiBin_14.fa,76.56609232695985,NA,NA,NA,NA,NA,2678_1,NA,NA,2,99.04,99.04,NA,NA
sample1_SemiBin_134.fa,86.2000911346914,NA,NA,NA,NA,NA,2678_2,NA,NA,1,NA,NA,NA,NA
sample6_SemiBin_83.fa,68.17912775081201,NA,NA,NA,NA,NA,2678_3,NA,NA,1,NA,NA,NA,NA
sample7_SemiBin_168.fa,45.611532961062274,NA,NA,NA,NA,NA,2678_4,NA,NA,1,NA,NA,NA,NA
sample24_SemiBin_133.fa,50.6094103571531,NA,NA,NA,NA,NA,2678_5,NA,NA,1,NA,NA,NA,NA
sample20_SemiBin_90.fa,67.68114903585439,NA,NA,NA,NA,NA,2678_6,NA,NA,1,NA,NA,NA,NA
sample11_SemiBin_69.fa,58.41339328073289,NA,NA,NA,NA,NA,2678_7,NA,NA,1,NA,NA,NA,NA
sample13_SemiBin_42.fa,68.90387506396102,NA,NA,NA,NA,NA,2678_8,NA,NA,1,NA,NA,NA,NA
sample19_SemiBin_263.fa,65.32142892917888,NA,NA,NA,NA,NA,2679_0,NA,NA,1,NA,NA,NA,NA
cpsnj11_SemiBin_21.fa,82.09322339369362,NA,NA,NA,NA,NA,2680_1,NA,NA,1,NA,NA,NA,NA
snj11_SemiBin_25.fa,82.58336506179755,NA,NA,NA,NA,NA,2680_2,NA,NA,1,NA,NA,NA,NA
sample6_SemiBin_152.fa,58.07634832128589,NA,NA,NA,NA,NA,2680_3,NA,NA,1,NA,NA,NA,NA
sample26_SemiBin_165.fa,24.023961813434017,NA,NA,NA,NA,NA,2680_4,NA,NA,1,NA,NA,NA,NA
sample17_SemiBin_101.fa,42.23967211506788,NA,NA,NA,NA,NA,2681_1,NA,NA,1,NA,NA,NA,NA
sample8_SemiBin_106.fa,40.1279262362433,NA,NA,NA,NA,NA,2681_2,NA,NA,1,NA,NA,NA,NA
sample15_SemiBin_109.fa,77.01636886983104,NA,NA,NA,NA,NA,2682_1,NA,NA,1,NA,NA,NA,NA
sample22_SemiBin_34.fa,59.143424728218825,NA,NA,NA,NA,NA,2682_2,NA,NA,1,NA,NA,NA,NA
sample1_SemiBin_213.fa,51.71854089106282,NA,NA,NA,NA,NA,2682_3,NA,NA,1,NA,NA,NA,NA
sample12_SemiBin_15.fa,66.03555757155159,NA,NA,NA,NA,NA,2682_4,NA,NA,1,NA,NA,NA,NA
sample27_SemiBin_31.fa,49.85333604618809,NA,NA,NA,NA,NA,2682_5,NA,NA,1,NA,NA,NA,NA
sample13_SemiBin_85.fa,31.923255180118822,NA,NA,NA,NA,NA,2682_6,NA,NA,1,NA,NA,NA,NA
sample29_SemiBin_104.fa,60.07842613192213,NA,NA,NA,NA,NA,2682_7,NA,NA,1,NA,NA,NA,NA
sample28_SemiBin_79.fa,78.27965035928133,NA,NA,NA,NA,NA,2682_8,NA,NA,1,NA,NA,NA,NA
snj04_SemiBin_165.fa,42.77857645408526,NA,NA,NA,NA,NA,2682_9,NA,NA,1,NA,NA,NA,NA
sample7_SemiBin_206.fa,44.77495980030674,NA,NA,NA,NA,NA,2682_10,NA,NA,1,NA,NA,NA,NA
cpsnj19_SemiBin_97.fa,52.179398829779885,NA,NA,NA,NA,NA,2683_0,NA,NA,1,NA,NA,NA,NA
sample28_SemiBin_578.fa,26.056363935015128,NA,NA,NA,NA,NA,2684_0,NA,NA,1,NA,NA,NA,NA
snj19_SemiBin_48.fa,49.38299562507374,NA,NA,NA,NA,NA,2685_0,NA,NA,1,NA,NA,NA,NA
cpsnj08_SemiBin_75.fa,50.48006551986182,NA,NA,NA,NA,NA,2686_1,NA,NA,1,NA,NA,NA,NA
snj03_SemiBin_82.fa,56.787213806135256,NA,NA,NA,NA,NA,2686_2,NA,NA,1,NA,NA,NA,NA
snj02_SemiBin_63.fa,51.09736561884959,NA,NA,NA,NA,NA,2686_3,NA,NA,1,NA,NA,NA,NA
snj02_SemiBin_41.fa,33.6217204547189,NA,NA,NA,NA,NA,2687_1,NA,NA,1,NA,NA,NA,NA
snj20_SemiBin_138.fa,48.256122420378034,NA,NA,NA,NA,NA,2687_2,NA,NA,1,NA,NA,NA,NA
sample28_SemiBin_110.fa,66.91612253869727,NA,NA,NA,NA,NA,2688_1,NA,NA,1,NA,NA,NA,NA
snj09_SemiBin_140.fa,23.667887572373814,NA,NA,NA,NA,NA,2688_2,NA,NA,1,NA,NA,NA,NA
sample15_SemiBin_81.fa,59.30358262640281,NA,NA,NA,NA,NA,2689_0,NA,NA,1,NA,NA,NA,NA
cpsnj19_SemiBin_49.fa,64.11225989716363,NA,NA,NA,NA,NA,2690_0,NA,NA,1,NA,NA,NA,NA
snj02_SemiBin_125.fa,59.05251222529212,NA,NA,NA,NA,NA,2691_0,NA,NA,1,NA,NA,NA,NA
sample14_SemiBin_39.fa,66.07867186308117,NA,NA,NA,NA,NA,2692_1,NA,NA,1,NA,NA,NA,NA
sample28_SemiBin_62.fa,68.28224958068493,NA,NA,NA,NA,NA,2692_2,NA,NA,1,NA,NA,NA,NA
sample24_SemiBin_72.fa,77.9547641958774,NA,NA,NA,NA,NA,2692_3,NA,NA,1,NA,NA,NA,NA
sample6_SemiBin_53.fa,63.34228422344706,NA,NA,NA,NA,NA,2692_4,NA,NA,1,NA,NA,NA,NA
cpsnj01_SemiBin_62.fa,38.08550727197528,NA,NA,NA,NA,NA,2692_5,NA,NA,1,NA,NA,NA,NA
cpsnj01_SemiBin_83.fa,50.92781706057823,NA,NA,NA,NA,NA,2693_1,NA,NA,1,NA,NA,NA,NA
sample28_SemiBin_39.fa,78.35976323013888,NA,NA,NA,NA,NA,2693_2,NA,NA,1,NA,NA,NA,NA
sample24_SemiBin_50.fa,70.31265313244403,NA,NA,NA,NA,NA,2694_0,NA,NA,1,NA,NA,NA,NA
sample28_SemiBin_50.fa,40.74394335230682,NA,NA,NA,NA,NA,2695_1,NA,NA,1,NA,NA,NA,NA
sample7_SemiBin_189.fa,49.46142726873076,NA,NA,NA,NA,NA,2695_2,NA,NA,1,NA,NA,NA,NA
sample28_SemiBin_34.fa,70.94149992017437,NA,NA,NA,NA,NA,2696_0,NA,NA,1,NA,NA,NA,NA
sample24_SemiBin_9.fa,87.72667665088863,NA,NA,NA,NA,NA,2697_1,NA,NA,1,NA,NA,NA,NA
sample26_SemiBin_12.fa,94.70262268717528,NA,NA,NA,NA,NA,2697_2,NA,NA,1,NA,NA,NA,NA
sample14_SemiBin_124.fa,66.56985691443118,NA,NA,NA,NA,NA,2697_3,NA,NA,1,NA,NA,NA,NA
sample7_SemiBin_270.fa,60.33608831988451,NA,NA,NA,NA,NA,2697_4,NA,NA,1,NA,NA,NA,NA
sample2_SemiBin_66.fa,68.48460790133684,NA,NA,NA,NA,NA,2697_5,NA,NA,1,NA,NA,NA,NA
cpsnj08_SemiBin_24.fa,76.41765087247364,NA,NA,NA,NA,NA,2697_6,NA,NA,1,NA,NA,NA,NA
snj03_SemiBin_37.fa,75.33279359369281,NA,NA,NA,NA,NA,2697_7,NA,NA,1,NA,NA,NA,NA
snj11_SemiBin_81.fa,53.23771943652332,NA,NA,NA,NA,NA,2697_8,NA,NA,1,NA,NA,NA,NA
snj19_SemiBin_150.fa,37.62238971670543,NA,NA,NA,NA,NA,2697_9,NA,NA,1,NA,NA,NA,NA
sample28_SemiBin_96.fa,63.70532222491254,NA,NA,NA,NA,NA,2698_0,NA,NA,1,NA,NA,NA,NA
cpsnj08_SemiBin_514.fa,46.30765487273793,NA,NA,NA,NA,NA,2699_1,NA,NA,1,NA,NA,NA,NA
snj03_SemiBin_54.fa,29.874680745165705,NA,NA,NA,NA,NA,2699_2,NA,NA,1,NA,NA,NA,NA
sample7_SemiBin_167.fa,32.689329878684816,NA,NA,NA,NA,NA,2700_0,NA,NA,1,NA,NA,NA,NA
snj11_SemiBin_35.fa,79.1550244496825,NA,NA,NA,NA,NA,2701_1,NA,NA,2,99.34,99.34,NA,NA
sample12_SemiBin_10.fa,54.32947898799261,NA,NA,NA,NA,NA,2702_0,NA,NA,1,NA,NA,NA,NA
sample6_SemiBin_61.fa,58.38578735336548,NA,NA,NA,NA,NA,2703_0,NA,NA,1,NA,NA,NA,NA
sample28_SemiBin_102.fa,50.29892065569566,NA,NA,NA,NA,NA,2704_0,NA,NA,1,NA,NA,NA,NA
sample24_SemiBin_24.fa,60.1221653941566,NA,NA,NA,NA,NA,2705_0,NA,NA,1,NA,NA,NA,NA
sample24_SemiBin_32.fa,54.19674479673741,NA,NA,NA,NA,NA,2706_1,NA,NA,1,NA,NA,NA,NA
sample26_SemiBin_68.fa,40.47832984692853,NA,NA,NA,NA,NA,2706_2,NA,NA,1,NA,NA,NA,NA
sample28_SemiBin_53.fa,55.75818034340442,NA,NA,NA,NA,NA,2707_0,NA,NA,1,NA,NA,NA,NA
snj01_SemiBin_61.fa,42.14754464870048,NA,NA,NA,NA,NA,2708_0,NA,NA,1,NA,NA,NA,NA
cpsnj01_SemiBin_7.fa,87.4592379849709,NA,NA,NA,NA,NA,2709_1,NA,NA,1,NA,NA,NA,NA
snj01_SemiBin_93.fa,50.99417351394899,NA,NA,NA,NA,NA,2709_2,NA,NA,1,NA,NA,NA,NA
sample26_SemiBin_49.fa,63.46513556495115,NA,NA,NA,NA,NA,2710_0,NA,NA,1,NA,NA,NA,NA
sample25_SemiBin_62.fa,52.00515868374828,NA,NA,NA,NA,NA,2711_0,NA,NA,1,NA,NA,NA,NA
sample5_SemiBin_77.fa,44.13218386431424,NA,NA,NA,NA,NA,2712_0,NA,NA,1,NA,NA,NA,NA
snj02_SemiBin_55.fa,51.84163504629653,NA,NA,NA,NA,NA,2713_0,NA,NA,1,NA,NA,NA,NA
sample1_SemiBin_82.fa,71.60483408385835,NA,NA,NA,NA,NA,2714_1,NA,NA,1,NA,NA,NA,NA
sample26_SemiBin_47.fa,66.32725851089825,NA,NA,NA,NA,NA,2714_2,NA,NA,1,NA,NA,NA,NA
sample15_SemiBin_57.fa,68.75240801964638,NA,NA,NA,NA,NA,2714_3,NA,NA,1,NA,NA,NA,NA
sample6_SemiBin_209.fa,51.18155176368389,NA,NA,NA,NA,NA,2714_4,NA,NA,1,NA,NA,NA,NA
sample25_SemiBin_167.fa,48.44327276050747,NA,NA,NA,NA,NA,2714_5,NA,NA,1,NA,NA,NA,NA
sample12_SemiBin_29.fa,51.01146629054141,NA,NA,NA,NA,NA,2714_6,NA,NA,1,NA,NA,NA,NA
sample24_SemiBin_46.fa,19.438207673081997,NA,NA,NA,NA,NA,2715_0,NA,NA,1,NA,NA,NA,NA
snj02_SemiBin_54.fa,48.58636126902695,NA,NA,NA,NA,NA,2716_0,NA,NA,1,NA,NA,NA,NA
cpsnj19_SemiBin_78.fa,63.0668084772739,NA,NA,NA,NA,NA,2717_0,NA,NA,1,NA,NA,NA,NA
sample15_SemiBin_41.fa,82.57548031940637,NA,NA,NA,NA,NA,2718_0,NA,NA,1,NA,NA,NA,NA
cpsnj19_SemiBin_124.fa,87.36288863748068,NA,NA,NA,NA,NA,2719_1,NA,NA,2,99.15,99.15,NA,NA
cpsnj19_SemiBin_22.fa,80.15099479034589,NA,NA,NA,NA,NA,2720_0,NA,NA,1,NA,NA,NA,NA
cpsnj02_SemiBin_9.fa,72.7358541697983,NA,NA,NA,NA,NA,2721_1,NA,NA,1,NA,NA,NA,NA
snj02_SemiBin_4.fa,89.66828175729577,NA,NA,NA,NA,NA,2721_2,NA,NA,1,NA,NA,NA,NA
cpsnj15_SemiBin_14.fa,44.73920604948004,NA,NA,NA,NA,NA,2721_3,NA,NA,1,NA,NA,NA,NA
cpsnj13_SemiBin_61.fa,63.45042053255886,NA,NA,NA,NA,NA,2722_1,NA,NA,1,NA,NA,NA,NA
snj09_SemiBin_72.fa,52.67839706689925,NA,NA,NA,NA,NA,2722_2,NA,NA,1,NA,NA,NA,NA
sample28_SemiBin_13.fa,61.91016445736305,NA,NA,NA,NA,NA,2722_3,NA,NA,1,NA,NA,NA,NA
sample22_SemiBin_59.fa,39.18322274943145,NA,NA,NA,NA,NA,2723_1,NA,NA,1,NA,NA,NA,NA
sample7_SemiBin_45.fa,72.64604034434707,NA,NA,NA,NA,NA,2723_2,NA,NA,1,NA,NA,NA,NA
sample5_SemiBin_64.fa,58.16512724095502,NA,NA,NA,NA,NA,2723_3,NA,NA,1,NA,NA,NA,NA
sample15_SemiBin_158.fa,40.35866666330536,NA,NA,NA,NA,NA,2723_4,NA,NA,1,NA,NA,NA,NA
sample16_SemiBin_192.fa,40.79450148586392,NA,NA,NA,NA,NA,2723_5,NA,NA,1,NA,NA,NA,NA
sample1_SemiBin_119.fa,47.55615761199903,NA,NA,NA,NA,NA,2723_6,NA,NA,1,NA,NA,NA,NA
sample14_SemiBin_79.fa,61.20785172832586,NA,NA,NA,NA,NA,2723_7,NA,NA,1,NA,NA,NA,NA
cpsnj11_SemiBin_397.fa,37.69562208253916,NA,NA,NA,NA,NA,2723_8,NA,NA,1,NA,NA,NA,NA
snj11_SemiBin_36.fa,65.64148114451969,NA,NA,NA,NA,NA,2723_9,NA,NA,1,NA,NA,NA,NA
cpsnj01_SemiBin_29.fa,48.93308130151875,NA,NA,NA,NA,NA,2723_10,NA,NA,1,NA,NA,NA,NA
sample17_SemiBin_75.fa,60.06931947302724,NA,NA,NA,NA,NA,2723_11,NA,NA,1,NA,NA,NA,NA
sample22_SemiBin_17.fa,93.41120071419684,NA,NA,NA,NA,NA,2724_1,NA,NA,1,NA,NA,NA,NA
sample8_SemiBin_129.fa,63.92750185452733,NA,NA,NA,NA,NA,2724_2,NA,NA,1,NA,NA,NA,NA
sample4_SemiBin_78.fa,55.405017042694816,NA,NA,NA,NA,NA,2724_3,NA,NA,1,NA,NA,NA,NA
sample3_SemiBin_82.fa,53.53182585973448,NA,NA,NA,NA,NA,2724_4,NA,NA,1,NA,NA,NA,NA
sample1_SemiBin_178.fa,68.02780318873926,NA,NA,NA,NA,NA,2724_5,NA,NA,1,NA,NA,NA,NA
sample24_SemiBin_58.fa,68.68495253387884,NA,NA,NA,NA,NA,2724_6,NA,NA,1,NA,NA,NA,NA
sample18_SemiBin_312.fa,40.88939828478728,NA,NA,NA,NA,NA,2724_7,NA,NA,1,NA,NA,NA,NA
sample20_SemiBin_160.fa,58.72161442012869,NA,NA,NA,NA,NA,2724_8,NA,NA,1,NA,NA,NA,NA
cpsnj03_SemiBin_14.fa,86.2950945179803,NA,NA,NA,NA,NA,2724_9,NA,NA,1,NA,NA,NA,NA
cpsnj08_SemiBin_26.fa,47.173375973047264,NA,NA,NA,NA,NA,2724_10,NA,NA,1,NA,NA,NA,NA
cpsnj19_SemiBin_130.fa,84.81997426933455,NA,NA,NA,NA,NA,2724_11,NA,NA,1,NA,NA,NA,NA
snj19_SemiBin_65.fa,62.54642582186927,NA,NA,NA,NA,NA,2724_12,NA,NA,1,NA,NA,NA,NA
sample25_SemiBin_80.fa,60.69080253071423,NA,NA,NA,NA,NA,2724_13,NA,NA,1,NA,NA,NA,NA
sample26_SemiBin_45.fa,73.98170820467216,NA,NA,NA,NA,NA,2724_14,NA,NA,1,NA,NA,NA,NA
sample16_SemiBin_144.fa,56.052634701440965,NA,NA,NA,NA,NA,2724_15,NA,NA,1,NA,NA,NA,NA
snj04_SemiBin_138.fa,36.39514825909888,NA,NA,NA,NA,NA,2724_16,NA,NA,1,NA,NA,NA,NA
sample15_SemiBin_92.fa,29.45435351329594,NA,NA,NA,NA,NA,2724_17,NA,NA,1,NA,NA,NA,NA
snj11_SemiBin_74.fa,67.2701029201906,NA,NA,NA,NA,NA,2724_18,NA,NA,1,NA,NA,NA,NA
snj03_SemiBin_127.fa,65.89371093163729,NA,NA,NA,NA,NA,2724_19,NA,NA,1,NA,NA,NA,NA
sample17_SemiBin_112.fa,64.52012269290027,NA,NA,NA,NA,NA,2725_1,NA,NA,1,NA,NA,NA,NA
sample6_SemiBin_41.fa,54.54471229940431,NA,NA,NA,NA,NA,2725_2,NA,NA,1,NA,NA,NA,NA
snj09_SemiBin_25.fa,69.5342790055692,NA,NA,NA,NA,NA,2726_1,NA,NA,1,NA,NA,NA,NA
snj11_SemiBin_28.fa,67.79419033126906,NA,NA,NA,NA,NA,2726_2,NA,NA,1,NA,NA,NA,NA
cpsnj11_SemiBin_53.fa,77.21942445687536,NA,NA,NA,NA,NA,2726_3,NA,NA,1,NA,NA,NA,NA
snj14_SemiBin_59.fa,68.1587985596846,NA,NA,NA,NA,NA,2726_4,NA,NA,1,NA,NA,NA,NA
cpsnj01_SemiBin_47.fa,69.5581817364807,NA,NA,NA,NA,NA,2726_5,NA,NA,1,NA,NA,NA,NA
snj01_SemiBin_19.fa,59.4475776897133,NA,NA,NA,NA,NA,2726_6,NA,NA,1,NA,NA,NA,NA
cpsnj16_SemiBin_122.fa,55.75106656794637,NA,NA,NA,NA,NA,2726_7,NA,NA,1,NA,NA,NA,NA
cpsnj09_SemiBin_58.fa,65.47021975442979,NA,NA,NA,NA,NA,2726_8,NA,NA,1,NA,NA,NA,NA
snj10_SemiBin_60.fa,46.52225077934129,NA,NA,NA,NA,NA,2726_9,NA,NA,1,NA,NA,NA,NA
cpsnj10_SemiBin_81.fa,52.11402631491562,NA,NA,NA,NA,NA,2726_10,NA,NA,1,NA,NA,NA,NA
cpsnj03_SemiBin_29.fa,79.47124841304361,NA,NA,NA,NA,NA,2726_11,NA,NA,1,NA,NA,NA,NA
cpsnj08_SemiBin_25.fa,70.08432876142652,NA,NA,NA,NA,NA,2726_12,NA,NA,1,NA,NA,NA,NA
snj03_SemiBin_131.fa,49.403575138007184,NA,NA,NA,NA,NA,2726_13,NA,NA,1,NA,NA,NA,NA
cpsnj19_SemiBin_25.fa,85.73570346301902,NA,NA,NA,NA,NA,2726_14,NA,NA,1,NA,NA,NA,NA
snj19_SemiBin_114.fa,51.80641818134571,NA,NA,NA,NA,NA,2726_15,NA,NA,1,NA,NA,NA,NA
sample16_SemiBin_25.fa,56.97959131945367,NA,NA,NA,NA,NA,2726_16,NA,NA,1,NA,NA,NA,NA
cpsnj20_SemiBin_33.fa,71.88293166479866,NA,NA,NA,NA,NA,2726_17,NA,NA,1,NA,NA,NA,NA
snj20_SemiBin_559.fa,38.246612524233214,NA,NA,NA,NA,NA,2726_18,NA,NA,1,NA,NA,NA,NA
cpsnj02_SemiBin_38.fa,39.23628289106611,NA,NA,NA,NA,NA,2726_19,NA,NA,1,NA,NA,NA,NA
sample18_SemiBin_142.fa,77.4809577822002,NA,NA,NA,NA,NA,2726_20,NA,NA,1,NA,NA,NA,NA
sample26_SemiBin_53.fa,88.45033582454643,NA,NA,NA,NA,NA,2726_21,NA,NA,1,NA,NA,NA,NA
sample25_SemiBin_135.fa,77.54761393586763,NA,NA,NA,NA,NA,2726_22,NA,NA,1,NA,NA,NA,NA
sample2_SemiBin_103.fa,61.3758037443945,NA,NA,NA,NA,NA,2726_23,NA,NA,1,NA,NA,NA,NA
sample30_SemiBin_104.fa,48.50576631181291,NA,NA,NA,NA,NA,2726_24,NA,NA,1,NA,NA,NA,NA
cpsnj13_SemiBin_122.fa,51.96679733073943,NA,NA,NA,NA,NA,2726_25,NA,NA,1,NA,NA,NA,NA
snj04_SemiBin_77.fa,64.11042235509666,NA,NA,NA,NA,NA,2726_26,NA,NA,1,NA,NA,NA,NA
sample6_SemiBin_201.fa,23.859406400841674,NA,NA,NA,NA,NA,2727_0,NA,NA,1,NA,NA,NA,NA
sample12_SemiBin_7.fa,40.4216483376128,NA,NA,NA,NA,NA,2728_1,NA,NA,1,NA,NA,NA,NA
sample22_SemiBin_72.fa,86.62066721917562,NA,NA,NA,NA,NA,2728_2,NA,NA,1,NA,NA,NA,NA
sample13_SemiBin_1023.fa,20.37592317166209,NA,NA,NA,NA,NA,2728_3,NA,NA,1,NA,NA,NA,NA
sample11_SemiBin_47.fa,52.28144240478508,NA,NA,NA,NA,NA,2729_1,NA,NA,1,NA,NA,NA,NA
sample22_SemiBin_91.fa,58.83994096315766,NA,NA,NA,NA,NA,2729_2,NA,NA,1,NA,NA,NA,NA
sample29_SemiBin_53.fa,71.77331904522389,NA,NA,NA,NA,NA,2730_0,NA,NA,1,NA,NA,NA,NA
cpsnj15_SemiBin_10.fa,71.51035734374402,NA,NA,NA,NA,NA,2731_1,NA,NA,1,NA,NA,NA,NA
snj16_SemiBin_16.fa,55.59395794989054,NA,NA,NA,NA,NA,2731_2,NA,NA,1,NA,NA,NA,NA
cpsnj10_SemiBin_82.fa,53.20206099833548,NA,NA,NA,NA,NA,2731_3,NA,NA,1,NA,NA,NA,NA
snj10_SemiBin_55.fa,55.76793824592034,NA,NA,NA,NA,NA,2731_4,NA,NA,1,NA,NA,NA,NA
cpsnj14_SemiBin_109.fa,41.805992926795234,NA,NA,NA,NA,NA,2731_5,NA,NA,1,NA,NA,NA,NA
snj20_SemiBin_58.fa,36.6397328380956,NA,NA,NA,NA,NA,2732_0,NA,NA,1,NA,NA,NA,NA
snj01_SemiBin_5.fa,79.97245278895122,NA,NA,NA,NA,NA,2733_0,NA,NA,1,NA,NA,NA,NA
sample23_SemiBin_403.fa,45.81688158201198,NA,NA,NA,NA,NA,2734_1,NA,NA,1,NA,NA,NA,NA
sample29_SemiBin_186.fa,71.49361575376491,NA,NA,NA,NA,NA,2734_2,NA,NA,1,NA,NA,NA,NA
sample5_SemiBin_26.fa,82.64900170720017,NA,NA,NA,NA,NA,2735_1,NA,NA,1,NA,NA,NA,NA
sample6_SemiBin_108.fa,81.47834722840766,NA,NA,NA,NA,NA,2735_2,NA,NA,1,NA,NA,NA,NA
sample7_SemiBin_69.fa,68.11005963586926,NA,NA,NA,NA,NA,2735_3,NA,NA,1,NA,NA,NA,NA
sample2_SemiBin_19.fa,55.4455805430359,NA,NA,NA,NA,NA,2735_4,NA,NA,1,NA,NA,NA,NA
cpsnj19_SemiBin_43.fa,42.73900848085636,NA,NA,NA,NA,NA,2735_5,NA,NA,1,NA,NA,NA,NA
snj03_SemiBin_8.fa,75.2136454192172,NA,NA,NA,NA,NA,2735_6,NA,NA,1,NA,NA,NA,NA
snj19_SemiBin_59.fa,67.18335158226105,NA,NA,NA,NA,NA,2735_7,NA,NA,1,NA,NA,NA,NA
cpsnj03_SemiBin_36.fa,77.82156104764549,NA,NA,NA,NA,NA,2735_8,NA,NA,1,NA,NA,NA,NA
snj20_SemiBin_148.fa,33.21899245277945,NA,NA,NA,NA,NA,2735_9,NA,NA,1,NA,NA,NA,NA
snj01_SemiBin_30.fa,55.73131203584546,NA,NA,NA,NA,NA,2735_10,NA,NA,1,NA,NA,NA,NA
snj08_SemiBin_53.fa,56.126317500426765,NA,NA,NA,NA,NA,2735_11,NA,NA,1,NA,NA,NA,NA
sample26_SemiBin_1194.fa,11.205061620628356,NA,NA,NA,NA,NA,2735_12,NA,NA,1,NA,NA,NA,NA
snj14_SemiBin_89.fa,53.75390273084915,NA,NA,NA,NA,NA,2736_0,NA,NA,1,NA,NA,NA,NA
sample14_SemiBin_93.fa,53.36055533466649,NA,NA,NA,NA,NA,2737_0,NA,NA,1,NA,NA,NA,NA
sample28_SemiBin_17.fa,74.22212243183277,NA,NA,NA,NA,NA,2738_0,NA,NA,1,NA,NA,NA,NA
snj01_SemiBin_42.fa,43.42188649208767,NA,NA,NA,NA,NA,2739_0,NA,NA,1,NA,NA,NA,NA
snj08_SemiBin_84.fa,51.67004643189277,NA,NA,NA,NA,NA,2740_0,NA,NA,1,NA,NA,NA,NA
sample27_SemiBin_4.fa,66.58543921720828,NA,NA,NA,NA,NA,2741_0,NA,NA,1,NA,NA,NA,NA
sample29_SemiBin_87.fa,43.484700209278415,NA,NA,NA,NA,NA,2742_1,NA,NA,1,NA,NA,NA,NA
sample6_SemiBin_19.fa,77.09354190140836,NA,NA,NA,NA,NA,2742_2,NA,NA,1,NA,NA,NA,NA
cpsnj15_SemiBin_31.fa,56.98716905088074,NA,NA,NA,NA,NA,2743_1,NA,NA,1,NA,NA,NA,NA
sample20_SemiBin_132.fa,57.57747264635544,NA,NA,NA,NA,NA,2743_2,NA,NA,1,NA,NA,NA,NA
sample26_SemiBin_17.fa,76.80328877511687,NA,NA,NA,NA,NA,2744_0,NA,NA,1,NA,NA,NA,NA
sample14_SemiBin_31.fa,49.46919311703943,NA,NA,NA,NA,NA,2745_0,NA,NA,1,NA,NA,NA,NA
sample21_SemiBin_74.fa,54.06786685276696,NA,NA,NA,NA,NA,2746_0,NA,NA,1,NA,NA,NA,NA
sample30_SemiBin_1.fa,98.03427796682156,NA,NA,NA,NA,NA,2747_0,NA,NA,1,NA,NA,NA,NA
cpsnj10_SemiBin_89.fa,55.52382624728694,NA,NA,NA,NA,NA,2748_1,NA,NA,1,NA,NA,NA,NA
snj09_SemiBin_70.fa,69.72476311147236,NA,NA,NA,NA,NA,2748_2,NA,NA,1,NA,NA,NA,NA
cpsnj09_SemiBin_885.fa,7.572669567719453,NA,NA,NA,NA,NA,2748_3,NA,NA,1,NA,NA,NA,NA
cpsnj08_SemiBin_23.fa,56.8198257244347,NA,NA,NA,NA,NA,2749_1,NA,NA,1,NA,NA,NA,NA
sample26_SemiBin_55.fa,62.277481833296,NA,NA,NA,NA,NA,2749_2,NA,NA,1,NA,NA,NA,NA
sample28_SemiBin_84.fa,53.24012098261975,NA,NA,NA,NA,NA,2749_3,NA,NA,1,NA,NA,NA,NA
sample27_SemiBin_56.fa,36.35391863044272,NA,NA,NA,NA,NA,2749_4,NA,NA,1,NA,NA,NA,NA
sample22_SemiBin_28.fa,78.30198238369708,NA,NA,NA,NA,NA,2750_0,NA,NA,1,NA,NA,NA,NA
cpsnj04_SemiBin_105.fa,13.544259192957194,NA,NA,NA,NA,NA,2751_1,NA,NA,1,NA,NA,NA,NA
snj04_SemiBin_1774.fa,17.721013953015277,NA,NA,NA,NA,NA,2751_2,NA,NA,1,NA,NA,NA,NA
sample19_SemiBin_130.fa,28.85729849721763,NA,NA,NA,NA,NA,2751_3,NA,NA,1,NA,NA,NA,NA
cpsnj15_SemiBin_19.fa,55.62701643122068,NA,NA,NA,NA,NA,2752_0,NA,NA,1,NA,NA,NA,NA
sample17_SemiBin_89.fa,54.654782112511285,NA,NA,NA,NA,NA,2753_0,NA,NA,1,NA,NA,NA,NA
cpsnj19_SemiBin_57.fa,74.01048393799186,NA,NA,NA,NA,NA,2754_1,NA,NA,1,NA,NA,NA,NA
sample24_SemiBin_1204.fa,16.481982018493333,NA,NA,NA,NA,NA,2754_2,NA,NA,1,NA,NA,NA,NA
cpsnj08_SemiBin_40.fa,71.50356282144176,NA,NA,NA,NA,NA,2755_1,NA,NA,1,NA,NA,NA,NA
cpsnj19_SemiBin_136.fa,42.79804747746524,NA,NA,NA,NA,NA,2755_2,NA,NA,1,NA,NA,NA,NA
snj09_SemiBin_42.fa,62.409698653843925,NA,NA,NA,NA,NA,2755_3,NA,NA,1,NA,NA,NA,NA
sample28_SemiBin_51.fa,43.3664329973809,NA,NA,NA,NA,NA,2755_4,NA,NA,1,NA,NA,NA,NA
cpsnj01_SemiBin_51.fa,44.88179188901805,NA,NA,NA,NA,NA,2755_5,NA,NA,1,NA,NA,NA,NA
snj09_SemiBin_113.fa,51.27237887080483,NA,NA,NA,NA,NA,2756_0,NA,NA,1,NA,NA,NA,NA
sample3_SemiBin_68.fa,53.60131064895965,NA,NA,NA,NA,NA,2757_1,NA,NA,1,NA,NA,NA,NA
sample8_SemiBin_67.fa,53.73524417064592,NA,NA,NA,NA,NA,2757_2,NA,NA,1,NA,NA,NA,NA
sample4_SemiBin_52.fa,61.14715051278485,NA,NA,NA,NA,NA,2757_3,NA,NA,1,NA,NA,NA,NA
sample15_SemiBin_123.fa,52.26388513251505,NA,NA,NA,NA,NA,2757_4,NA,NA,1,NA,NA,NA,NA
sample21_SemiBin_40.fa,65.70123027737154,NA,NA,NA,NA,NA,2757_5,NA,NA,1,NA,NA,NA,NA
sample6_SemiBin_42.fa,59.39197297957386,NA,NA,NA,NA,NA,2757_6,NA,NA,1,NA,NA,NA,NA
sample22_SemiBin_86.fa,47.05729484816077,NA,NA,NA,NA,NA,2757_7,NA,NA,1,NA,NA,NA,NA
sample7_SemiBin_66.fa,70.10593495916731,NA,NA,NA,NA,NA,2757_8,NA,NA,1,NA,NA,NA,NA
sample25_SemiBin_487.fa,47.20111160166913,NA,NA,NA,NA,NA,2757_9,NA,NA,1,NA,NA,NA,NA
sample29_SemiBin_42.fa,76.74734322516301,NA,NA,NA,NA,NA,2758_0,NA,NA,1,NA,NA,NA,NA
cpsnj10_SemiBin_99.fa,12.59720597743474,NA,NA,NA,NA,NA,2759_0,NA,NA,1,NA,NA,NA,NA
sample13_SemiBin_139.fa,57.82464390719476,NA,NA,NA,NA,NA,2760_0,NA,NA,1,NA,NA,NA,NA
cpsnj19_SemiBin_110.fa,24.579614243005533,NA,NA,NA,NA,NA,2761_0,NA,NA,1,NA,NA,NA,NA
snj02_SemiBin_941.fa,15.16743326706002,NA,NA,NA,NA,NA,2762_0,NA,NA,1,NA,NA,NA,NA
cpsnj15_SemiBin_21.fa,65.25479740614193,NA,NA,NA,NA,NA,2763_0,NA,NA,1,NA,NA,NA,NA
snj02_SemiBin_210.fa,49.25987171364894,NA,NA,NA,NA,NA,2764_0,NA,NA,1,NA,NA,NA,NA
cpsnj20_SemiBin_12.fa,89.86364031350595,NA,NA,NA,NA,NA,2765_0,NA,NA,1,NA,NA,NA,NA
snj02_SemiBin_12.fa,81.05376506526171,NA,NA,NA,NA,NA,2766_0,NA,NA,1,NA,NA,NA,NA
cpsnj16_SemiBin_62.fa,67.65802169659133,NA,NA,NA,NA,NA,2767_0,NA,NA,1,NA,NA,NA,NA
sample19_SemiBin_88.fa,59.43619997830997,NA,NA,NA,NA,NA,2768_0,NA,NA,1,NA,NA,NA,NA
snj13_SemiBin_6.fa,95.61360857107822,NA,NA,NA,NA,NA,2769_0,NA,NA,1,NA,NA,NA,NA
cpsnj20_SemiBin_62.fa,63.61903742665231,NA,NA,NA,NA,NA,2770_0,NA,NA,1,NA,NA,NA,NA
snj02_SemiBin_8.fa,92.82938145157468,NA,NA,NA,NA,NA,2771_0,NA,NA,1,NA,NA,NA,NA
snj13_SemiBin_139.fa,51.96732267970243,NA,NA,NA,NA,NA,2772_0,NA,NA,1,NA,NA,NA,NA
snj13_SemiBin_195.fa,55.672652752223975,NA,NA,NA,NA,NA,2773_0,NA,NA,1,NA,NA,NA,NA
snj01_SemiBin_64.fa,57.85764689909325,NA,NA,NA,NA,NA,2774_0,NA,NA,1,NA,NA,NA,NA
snj01_SemiBin_68.fa,37.24233695540538,NA,NA,NA,NA,NA,2775_0,NA,NA,1,NA,NA,NA,NA
snj11_SemiBin_68.fa,65.53215231836342,NA,NA,NA,NA,NA,2776_0,NA,NA,1,NA,NA,NA,NA
sample24_SemiBin_44.fa,50.31836030966074,NA,NA,NA,NA,NA,2777_0,NA,NA,1,NA,NA,NA,NA
cpsnj20_SemiBin_96.fa,26.8755473866418,NA,NA,NA,NA,NA,2778_1,NA,NA,1,NA,NA,NA,NA
snj16_SemiBin_44.fa,43.05763565227504,NA,NA,NA,NA,NA,2778_2,NA,NA,1,NA,NA,NA,NA
sample26_SemiBin_64.fa,41.10301513617011,NA,NA,NA,NA,NA,2779_0,NA,NA,1,NA,NA,NA,NA
sample11_SemiBin_46.fa,48.380910364869465,NA,NA,NA,NA,NA,2780_0,NA,NA,1,NA,NA,NA,NA
sample13_SemiBin_95.fa,49.02945957376813,NA,NA,NA,NA,NA,2781_0,NA,NA,1,NA,NA,NA,NA
sample1_SemiBin_68.fa,67.72914830044496,NA,NA,NA,NA,NA,2782_0,NA,NA,1,NA,NA,NA,NA
cpsnj20_SemiBin_56.fa,63.76623131943944,NA,NA,NA,NA,NA,2783_0,NA,NA,1,NA,NA,NA,NA
cpsnj20_SemiBin_6.fa,92.91741584550536,NA,NA,NA,NA,NA,2784_0,NA,NA,1,NA,NA,NA,NA
cpsnj04_SemiBin_73.fa,47.5360701304771,NA,NA,NA,NA,NA,2785_1,NA,NA,1,NA,NA,NA,NA
sample28_SemiBin_69.fa,25.949010619289187,NA,NA,NA,NA,NA,2785_2,NA,NA,1,NA,NA,NA,NA
cpsnj01_SemiBin_34.fa,50.289651343496544,NA,NA,NA,NA,NA,2785_3,NA,NA,1,NA,NA,NA,NA
snj03_SemiBin_1393.fa,14.249042105860555,NA,NA,NA,NA,NA,2786_0,NA,NA,1,NA,NA,NA,NA
cpsnj20_SemiBin_101.fa,63.31469794510732,NA,NA,NA,NA,NA,2787_0,NA,NA,1,NA,NA,NA,NA
snj01_SemiBin_110.fa,42.35346212106588,NA,NA,NA,NA,NA,2788_0,NA,NA,1,NA,NA,NA,NA
snj01_SemiBin_204.fa,35.08702947862391,NA,NA,NA,NA,NA,2789_0,NA,NA,1,NA,NA,NA,NA
snj01_SemiBin_200.fa,70.0151762253938,NA,NA,NA,NA,NA,2790_0,NA,NA,1,NA,NA,NA,NA
snj03_SemiBin_52.fa,38.92318702151045,NA,NA,NA,NA,NA,2791_1,NA,NA,1,NA,NA,NA,NA
snj08_SemiBin_100.fa,51.21275907020031,NA,NA,NA,NA,NA,2791_2,NA,NA,1,NA,NA,NA,NA
sample28_SemiBin_37.fa,58.9606105875833,NA,NA,NA,NA,NA,2792_0,NA,NA,1,NA,NA,NA,NA
snj02_SemiBin_15.fa,56.589116859579626,NA,NA,NA,NA,NA,2793_0,NA,NA,1,NA,NA,NA,NA
cpsnj10_SemiBin_302.fa,50.83992807509958,NA,NA,NA,NA,NA,2794_0,NA,NA,1,NA,NA,NA,NA
sample19_SemiBin_132.fa,51.130384745398665,NA,NA,NA,NA,NA,2795_0,NA,NA,1,NA,NA,NA,NA
sample2_SemiBin_414.fa,42.90475786592235,NA,NA,NA,NA,NA,2796_0,NA,NA,1,NA,NA,NA,NA
sample30_SemiBin_27.fa,70.81576540032091,NA,NA,NA,NA,NA,2797_0,NA,NA,1,NA,NA,NA,NA
snj20_SemiBin_60.fa,61.68259718127157,NA,NA,NA,NA,NA,2798_0,NA,NA,1,NA,NA,NA,NA
snj01_SemiBin_40.fa,63.69843852469172,NA,NA,NA,NA,NA,2799_0,NA,NA,1,NA,NA,NA,NA
cpsnj19_SemiBin_189.fa,61.41780869548175,NA,NA,NA,NA,NA,2800_0,NA,NA,1,NA,NA,NA,NA
cpsnj19_SemiBin_51.fa,53.29958285211527,NA,NA,NA,NA,NA,2801_0,NA,NA,1,NA,NA,NA,NA
sample2_SemiBin_136.fa,51.58066152277303,NA,NA,NA,NA,NA,2802_0,NA,NA,1,NA,NA,NA,NA
sample6_SemiBin_156.fa,59.223982941410114,NA,NA,NA,NA,NA,2803_0,NA,NA,1,NA,NA,NA,NA
sample24_SemiBin_1237.fa,28.22879491284989,NA,NA,NA,NA,NA,2804_0,NA,NA,1,NA,NA,NA,NA
snj02_SemiBin_10.fa,82.17748772884234,NA,NA,NA,NA,NA,2805_1,NA,NA,1,NA,NA,NA,NA
snj04_SemiBin_42.fa,67.30326048657015,NA,NA,NA,NA,NA,2805_2,NA,NA,1,NA,NA,NA,NA
snj01_SemiBin_15.fa,89.90950020194289,NA,NA,NA,NA,NA,2805_3,NA,NA,1,NA,NA,NA,NA
sample11_SemiBin_3.fa,89.71972311050462,NA,NA,NA,NA,NA,2806_0,NA,NA,1,NA,NA,NA,NA
sample6_SemiBin_10.fa,71.96176085370315,NA,NA,NA,NA,NA,2807_0,NA,NA,1,NA,NA,NA,NA
cpsnj01_SemiBin_39.fa,78.44271001162608,NA,NA,NA,NA,NA,2808_1,NA,NA,1,NA,NA,NA,NA
snj01_SemiBin_1.fa,94.67460864896434,NA,NA,NA,NA,NA,2808_2,NA,NA,1,NA,NA,NA,NA
snj01_SemiBin_100.fa,60.67618699950678,NA,NA,NA,NA,NA,2809_1,NA,NA,1,NA,NA,NA,NA
snj20_SemiBin_8.fa,82.27122255276785,NA,NA,NA,NA,NA,2809_2,NA,NA,1,NA,NA,NA,NA
cpsnj01_SemiBin_11.fa,66.61347961426269,NA,NA,NA,NA,NA,2809_3,NA,NA,1,NA,NA,NA,NA
sample1_SemiBin_102.fa,72.44719431675136,NA,NA,NA,NA,NA,2810_0,NA,NA,1,NA,NA,NA,NA
sample29_SemiBin_214.fa,84.58588108906905,NA,NA,NA,NA,NA,2811_0,NA,NA,1,NA,NA,NA,NA
snj02_SemiBin_50.fa,79.47060203137988,NA,NA,NA,NA,NA,2812_0,NA,NA,1,NA,NA,NA,NA
snj01_SemiBin_32.fa,63.35109079503439,NA,NA,NA,NA,NA,2813_0,NA,NA,1,NA,NA,NA,NA
cpsnj19_SemiBin_215.fa,52.67774475665171,NA,NA,NA,NA,NA,2814_0,NA,NA,1,NA,NA,NA,NA
cpsnj01_SemiBin_52.fa,33.15863635125115,NA,NA,NA,NA,NA,2815_0,NA,NA,1,NA,NA,NA,NA
cpsnj20_SemiBin_60.fa,60.377415290901126,NA,NA,NA,NA,NA,2816_0,NA,NA,1,NA,NA,NA,NA
sample29_SemiBin_421.fa,75.44468929600505,NA,NA,NA,NA,NA,2817_0,NA,NA,1,NA,NA,NA,NA
sample1_SemiBin_136.fa,46.54518831691751,NA,NA,NA,NA,NA,2818_0,NA,NA,1,NA,NA,NA,NA
sample19_SemiBin_109.fa,69.91756039098593,NA,NA,NA,NA,NA,2819_0,NA,NA,1,NA,NA,NA,NA
snj11_SemiBin_58.fa,66.79228799809749,NA,NA,NA,NA,NA,2820_0,NA,NA,1,NA,NA,NA,NA
sample19_SemiBin_221.fa,41.242306386764334,NA,NA,NA,NA,NA,2821_0,NA,NA,1,NA,NA,NA,NA
sample9_SemiBin_90.fa,69.00321566446448,NA,NA,NA,NA,NA,2822_0,NA,NA,1,NA,NA,NA,NA
sample29_SemiBin_538.fa,49.79745636785432,NA,NA,NA,NA,NA,2823_0,NA,NA,1,NA,NA,NA,NA
snj02_SemiBin_90.fa,53.64178455850413,NA,NA,NA,NA,NA,2824_0,NA,NA,1,NA,NA,NA,NA
sample29_SemiBin_261.fa,59.381649514755935,NA,NA,NA,NA,NA,2825_0,NA,NA,1,NA,NA,NA,NA
sample29_SemiBin_415.fa,77.72640508056975,NA,NA,NA,NA,NA,2826_0,NA,NA,1,NA,NA,NA,NA
sample17_SemiBin_184.fa,61.65461140018365,NA,NA,NA,NA,NA,2827_0,NA,NA,1,NA,NA,NA,NA
