"feature"	"metadata"	"value"	"name"	"coef"	"null_hypothesis"	"stderr"	"pval_individual"	"qval_individual"	"pval_joint"	"qval_joint"	"error"	"model"	"N"	"N_not_zero"
"g__20CM.2.65.7"	"City"	"ShangHai"	"CityShangHai"	4.25774802548703	0.00758344118238435	0.428551680926249	5.75872682873069e-13	1.16740910272028e-08	5.75872682873069e-13	6.71985833644584e-09	NA	"abundance"	58	56
"g__JAJKIV01"	"City"	"ShangHai"	"CityShangHai"	-1.74128684962045	0.00758344118238435	0.204696996658832	4.56554793970554e-11	1.88305541470868e-07	4.56554793970554e-11	1.08392727082851e-07	NA	"abundance"	58	58
"g__JJ008"	"City"	"ShangHai"	"CityShangHai"	-1.45608799298833	0.00758344118238435	0.168370261780188	3.1629365793151e-11	1.88305541470868e-07	3.1629365793151e-11	1.08392727082851e-07	NA	"abundance"	58	58
"g__Phenylobacterium"	"City"	"ShangHai"	"CityShangHai"	-2.32822434440596	0.00758344118238435	0.274719973593261	4.64447369452614e-11	1.88305541470868e-07	4.64447369452614e-11	1.08392727082851e-07	NA	"abundance"	58	58
"g__SHXO01"	"City"	"ShangHai"	"CityShangHai"	1.9561219166247	0.00758344118238435	0.224286804854871	2.71102029714143e-11	1.88305541470868e-07	2.71102029714143e-11	1.08392727082851e-07	NA	"abundance"	58	58
"g__Novosphingobium"	"City"	"ShangHai"	"CityShangHai"	-2.56884201398745	0.00758344118238435	0.309846346529342	8.26712032164778e-11	2.7931843860074e-07	8.26712032164778e-11	1.6078171172218e-07	NA	"abundance"	58	58
"g__Sphingomonas"	"City"	"ShangHai"	"CityShangHai"	-2.27731264188283	0.00758344118238435	0.287180542317136	3.0126279249032e-10	8.72457047051967e-07	3.0126279249032e-10	5.02205075081363e-07	NA	"abundance"	58	58
"g__SMYC01"	"City"	"ShangHai"	"CityShangHai"	2.20777558938173	0.00758344118238435	0.275101791424778	7.79856179633498e-10	1.97615555919128e-06	7.79856179633498e-10	1.13751772001791e-06	NA	"abundance"	58	50
"g__WYBL01"	"City"	"ShangHai"	"CityShangHai"	1.55365286774162	0.00758344118238435	0.202810188739698	1.11141351677446e-09	2.5033972013391e-06	1.11141351677446e-09	1.44100936969347e-06	NA	"abundance"	58	58
"g__Variovorax"	"City"	"ShangHai"	"CityShangHai"	-2.15341939903495	0.00758344118238435	0.281765513859191	1.39638423046762e-09	2.83075011200395e-06	1.39638423046762e-09	1.62944075853266e-06	NA	"abundance"	58	54
"g__AG41"	"City"	"ShangHai"	"CityShangHai"	2.48688340691434	0.00758344118238435	0.328269822769534	1.75333081386952e-09	3.23122929625118e-06	1.75333081386952e-09	1.85996520609486e-06	NA	"abundance"	58	55
"g__Arenimonas"	"City"	"ShangHai"	"CityShangHai"	-2.71862155474444	0.00758344118238435	0.38852014308518	7.45876971297577e-09	1.21647363958033e-05	7.45876971297577e-09	7.00228438252903e-06	NA	"abundance"	58	58
"g__Ferruginibacter"	"City"	"ShangHai"	"CityShangHai"	-2.33263227888439	0.00758344118238435	0.331475373061836	8.20203638340899e-09	1.21647363958033e-05	8.20203638340899e-09	7.00228438252903e-06	NA	"abundance"	58	56
"g__G020349025"	"City"	"ShangHai"	"CityShangHai"	3.15401727497881	0.00758344118238435	0.428403013874902	9.00113683588444e-09	1.21647363958033e-05	9.00113683588444e-09	7.00228438252903e-06	NA	"abundance"	58	48
"g__Lysobacter_A"	"City"	"ShangHai"	"CityShangHai"	-2.52316017010171	0.00758344118238435	0.359300861272249	8.50529291440694e-09	1.21647363958033e-05	8.50529291440694e-09	7.00228438252903e-06	NA	"abundance"	58	56
"g__Schlegelella_A"	"City"	"ShangHai"	"CityShangHai"	-1.98252635811237	0.00758344118238435	0.285831142630034	9.7269886589757e-09	1.23240946309222e-05	9.7269886589757e-09	7.09401441634921e-06	NA	"abundance"	58	58
"g__Flavisolibacter"	"City"	"ShangHai"	"CityShangHai"	-2.60755248026417	0.00758344118238435	0.376562508281772	1.09590634345125e-08	1.3068360820261e-05	1.09590634345125e-08	7.52243007160741e-06	NA	"abundance"	58	57
"g__PALSA.894"	"City"	"ShangHai"	"CityShangHai"	-1.87776497280795	0.00758344118238435	0.273506468904368	1.24687729030626e-08	1.40426091272714e-05	1.24687729030626e-08	8.08322838921318e-06	NA	"abundance"	58	58
"g__AA32"	"City"	"ShangHai"	"CityShangHai"	1.30852999461184	0.00758344118238435	0.189414558226591	1.59764272922303e-08	1.70460070562154e-05	1.59764272922303e-08	9.81204895121236e-06	NA	"abundance"	58	58
"g__Allosphingosinicella"	"City"	"ShangHai"	"CityShangHai"	-1.64885051385472	0.00758344118238435	0.244145544136016	1.88515482113516e-08	1.9107929267026e-05	1.88515482113516e-08	1.09989358039131e-05	NA	"abundance"	58	58
"g__JABFXX01"	"City"	"ShangHai"	"CityShangHai"	-0.890863007115935	0.00758344118238435	0.131739232093821	2.58981288636662e-08	2.50003270630591e-05	2.58981288636662e-08	1.43907269385772e-05	NA	"abundance"	58	58
"g__CADEEV01"	"City"	"ShangHai"	"CityShangHai"	1.53163532950769	0.00758344118238435	0.229441781246502	3.13998218537392e-08	2.8933508573591e-05	3.13998218537392e-08	1.66547509641492e-05	NA	"abundance"	58	58
"g__JACQGI01"	"City"	"ShangHai"	"CityShangHai"	1.6357851257194	0.00758344118238435	0.248226026295121	4.15117724639202e-08	3.65881152777648e-05	4.15117724639202e-08	2.10609075165863e-05	NA	"abundance"	58	58
"g__JADZEM01"	"City"	"ShangHai"	"CityShangHai"	-1.37967422530862	0.00758344118238435	0.211209809212174	4.38352297793543e-08	3.70261574202946e-05	4.38352297793543e-08	2.13130540123035e-05	NA	"abundance"	58	58
"g__JACQTH01"	"City"	"ShangHai"	"CityShangHai"	1.05213745055843	0.00758344118238435	0.158546320505141	4.81068034297039e-08	3.90088447650783e-05	4.81068034297039e-08	2.24543315688486e-05	NA	"abundance"	58	58
"g__AR9"	"City"	"ShangHai"	"CityShangHai"	1.42293295405386	0.00758344118238435	0.21634899185648	5.04832015080225e-08	3.93613638834859e-05	5.04832015080225e-08	2.26572491691198e-05	NA	"abundance"	58	57
"g__Flavipsychrobacter"	"City"	"ShangHai"	"CityShangHai"	-2.10420636879615	0.00758344118238435	0.322869081662022	5.98976077625935e-08	4.4972011280122e-05	5.98976077625935e-08	2.5886858703026e-05	NA	"abundance"	58	54
"g__JAJDNS01"	"City"	"ShangHai"	"CityShangHai"	1.79863231842108	0.00758344118238435	0.280439756614477	7.27248943288572e-08	5.26528234940926e-05	7.27248943288572e-08	3.03080997115512e-05	NA	"abundance"	58	58
"g__AG11"	"City"	"ShangHai"	"CityShangHai"	-1.90609215788115	0.00758344118238435	0.305316927739914	1.10701701139249e-07	7.73843063963741e-05	1.10701701139249e-07	4.45440741584101e-05	NA	"abundance"	58	58
"g__DTUCFX13"	"City"	"ShangHai"	"CityShangHai"	1.83422907224111	0.00758344118238435	0.274145936155066	1.16597628552206e-07	7.87889042003442e-05	1.16597628552206e-07	4.53525909191899e-05	NA	"abundance"	58	44
"g__Microbacterium"	"City"	"ShangHai"	"CityShangHai"	-2.26773517903237	0.00758344118238435	0.36132973433492	1.33410020364266e-07	8.72415462201421e-05	1.33410020364266e-07	5.02181137945362e-05	NA	"abundance"	58	54
"g__JACPHL01"	"City"	"ShangHai"	"CityShangHai"	1.54529403309385	0.00758344118238435	0.245418971777801	1.61965844736045e-07	0.000102605362640285	1.61965844736045e-07	5.90618575695284e-05	NA	"abundance"	58	54
"g__UBA2475"	"City"	"ShangHai"	"CityShangHai"	-1.94100140904336	0.00758344118238435	0.311406023409626	1.69903407343241e-07	0.000104372177989763	1.69903407343241e-07	6.00788745541905e-05	NA	"abundance"	58	53
"g__UBA4720"	"City"	"ShangHai"	"CityShangHai"	-1.50803895341755	0.00758344118238435	0.247612688076264	1.94553536281283e-07	0.000115999684926299	1.94553536281283e-07	6.67719180843028e-05	NA	"abundance"	58	58
"g__JAKEET01"	"City"	"ShangHai"	"CityShangHai"	1.40465876325298	0.00758344118238435	0.230935579001052	2.52305355274984e-07	0.00014207594894818	2.52305355274984e-07	8.17819775195498e-05	NA	"abundance"	58	58
"g__Methyloceanibacter"	"City"	"ShangHai"	"CityShangHai"	1.52297772307709	0.00758344118238435	0.250454940895429	2.48694445370568e-07	0.00014207594894818	2.48694445370568e-07	8.17819775195498e-05	NA	"abundance"	58	58
"g__Nitrospira_F"	"Electric.conductivity"	"Electric.conductivity"	"Electric.conductivity"	-0.790247505117506	-0.0121146753971243	0.129706342502549	2.84696225261172e-07	0.000155982753472824	5.69392369470403e-07	0.000154517199054654	NA	"abundance"	58	57
"g__OLB17"	"City"	"ShangHai"	"CityShangHai"	-1.32622457264999	0.00758344118238435	0.222401152713958	3.03059181305798e-07	0.000157826114590766	3.03059181305798e-07	9.32388520272016e-05	NA	"abundance"	58	58
"g__WS.2"	"City"	"ShangHai"	"CityShangHai"	2.1318116499975	0.00758344118238435	0.346626659872332	3.03631534581683e-07	0.000157826114590766	3.03631534581683e-07	9.32388520272016e-05	NA	"abundance"	58	51
"g__Flavitalea"	"City"	"ShangHai"	"CityShangHai"	-1.92189228632847	0.00758344118238435	0.325092229040494	3.96625785326066e-07	0.00020100994800325	3.96625785326066e-07	0.000118672468947945	NA	"abundance"	58	56
"g__CSP1.6"	"City"	"ShangHai"	"CityShangHai"	1.32838790627473	0.00758344118238435	0.220842687998212	4.08836732357365e-07	0.000202144835081671	4.08836732357365e-07	0.000119267895746952	NA	"abundance"	58	55
"g__JAAELQ01"	"City"	"ShangHai"	"CityShangHai"	1.96868968093926	0.00758344118238435	0.325455750721542	4.37211872039711e-07	0.000211027596904501	8.74423552925201e-07	0.000221818444327917	NA	"abundance"	58	50
"g__UTBCD1"	"City"	"ShangHai"	"CityShangHai"	-1.54874810247149	0.00758344118238435	0.26013385393751	4.79458961644141e-07	0.000226037024894187	9.58917693407387e-07	0.000238076820518528	NA	"abundance"	58	52
"g__Parafilimonas"	"City"	"ShangHai"	"CityShangHai"	-1.68101557964979	0.00758344118238435	0.269396040105223	4.92211384095498e-07	0.000226775208599635	9.84422525918948e-07	0.000239317217811421	NA	"abundance"	58	42
"g__VBAS01"	"City"	"ShangHai"	"CityShangHai"	-1.26070414440496	0.00758344118238435	0.215652685812179	5.17187580983958e-07	0.000232987258704595	5.17187580983958e-07	0.000147196631280532	NA	"abundance"	58	57
"g__ZC4RG20"	"City"	"ShangHai"	"CityShangHai"	1.47966688032005	0.00758344118238435	0.252617905744742	5.37810354916957e-07	0.000237010685106012	5.37810354916957e-07	0.000149421643607761	NA	"abundance"	58	58
"g__Gp22.AA3"	"City"	"ShangHai"	"CityShangHai"	2.63973273477423	0.00758344118238435	0.436970429182566	6.14734832371511e-07	0.000265146904719899	6.14734832371511e-07	0.000163030471794163	NA	"abundance"	58	46
"g__Puia"	"City"	"ShangHai"	"CityShangHai"	-1.41661186725812	0.00758344118238435	0.24739107131163	7.81717541142868e-07	0.000330145374876004	7.81717541142868e-07	0.000202708044168803	NA	"abundance"	58	56
"g__Luteimonas_D"	"City"	"ShangHai"	"CityShangHai"	-1.34745353498934	0.00758344118238435	0.238979932513026	1.12894797310581e-06	0.000467061904302061	1.12894797310581e-06	0.000268850895881055	NA	"abundance"	58	55
"g__JAGVSZ01"	"City"	"ShangHai"	"CityShangHai"	2.04353537647374	0.00758344118238435	0.365461629746054	1.19901324735494e-06	0.000486127931007587	1.19901324735494e-06	0.000279825711667696	NA	"abundance"	58	58
"g__AA29"	"City"	"ShangHai"	"CityShangHai"	0.806943851988123	0.00758344118238435	0.143094658369164	1.63197640368207e-06	0.000648694620694958	1.63197640368207e-06	0.000373402601069922	NA	"abundance"	58	58
"g__40CM.4.69.5"	"City"	"ShangHai"	"CityShangHai"	1.52856651090553	0.00758344118238435	0.271159965836652	1.76962888098764e-06	0.000689883012988104	3.5392546303889e-06	0.000724553724245757	NA	"abundance"	58	51
"g__ER46"	"City"	"ShangHai"	"CityShangHai"	-1.41476367446718	0.00758344118238435	0.260554484598584	1.89676880335554e-06	0.00072549617323818	1.89676880335554e-06	0.000425642214737612	NA	"abundance"	58	58
"g__JAIQFR01"	"City"	"ShangHai"	"CityShangHai"	1.51911988645133	0.00758344118238435	0.276604978153281	2.05356924631861e-06	0.000770925106692053	2.05356924631861e-06	0.000452133953496073	NA	"abundance"	58	56
"g__Gemmatimonas"	"City"	"ShangHai"	"CityShangHai"	-1.28951861070152	0.00758344118238435	0.239530187888224	2.34113936059543e-06	0.000862901402145284	2.34113936059543e-06	0.000505902874051632	NA	"abundance"	58	57
"g__Humisphaera"	"City"	"ShangHai"	"CityShangHai"	-1.31344622102773	0.00758344118238435	0.247259998247065	2.8386399942848e-06	0.0010275876779311	2.8386399942848e-06	0.000602256183514715	NA	"abundance"	58	58
"g__CADEGR01"	"City"	"ShangHai"	"CityShangHai"	1.63162193857488	0.00758344118238435	0.289107365257201	2.96863777293765e-06	0.00105579341987705	5.93726673306508e-06	0.0010340591866886	NA	"abundance"	58	44
"g__JAFGSN01"	"City"	"ShangHai"	"CityShangHai"	1.08596264040816	0.00758344118238435	0.191792343061312	3.2685294506507e-06	0.00114240739695847	6.53704821801664e-06	0.00108972593794337	NA	"abundance"	58	44
"g__VGRF01"	"City"	"ShangHai"	"CityShangHai"	2.00679594410488	0.00758344118238435	0.374009268186029	3.4424098169783e-06	0.0011827886747421	3.4424098169783e-06	0.000717312145612853	NA	"abundance"	58	52
"g__Croceibacterium"	"City"	"ShangHai"	"CityShangHai"	-1.86464019189477	0.00758344118238435	0.354072917016975	3.72738681631013e-06	0.00125935975900398	3.72738681631013e-06	0.000749911668267636	NA	"abundance"	58	55
"g__JADMII01"	"City"	"ShangHai"	"CityShangHai"	1.91379418208705	0.00758344118238435	0.342381082448302	4.07147953818132e-06	0.00134167611502992	4.07147953818132e-06	0.000798040936883071	NA	"abundance"	58	41
"g__Microvirga"	"City"	"ShangHai"	"CityShangHai"	-1.45093981996874	0.00758344118238435	0.278168459552202	4.10338985457059e-06	0.00134167611502992	4.10338985457059e-06	0.000798040936883071	NA	"abundance"	58	57
"g__JACPFE01"	"City"	"ShangHai"	"CityShangHai"	1.36274898300044	0.00758344118238435	0.25903481484889	4.54820178208415e-06	0.00141847917732938	4.54820178208415e-06	0.000856015590244193	NA	"abundance"	58	56
"g__JACQWB01"	"City"	"ShangHai"	"CityShangHai"	1.20887302727115	0.00758344118238435	0.226158217635808	4.4539087433737e-06	0.00141847917732938	8.90779764944431e-06	0.0013967614262316	NA	"abundance"	58	52
"g__VBDM01"	"City"	"ShangHai"	"CityShangHai"	2.10583075557319	0.00758344118238435	0.400335845073126	4.52556334806786e-06	0.00141847917732938	4.52556334806786e-06	0.000856015590244193	NA	"abundance"	58	54
"g__DSNY01"	"City"	"ShangHai"	"CityShangHai"	1.53229534032261	0.00758344118238435	0.27881672026962	4.64717043313634e-06	0.00142100907473937	4.64717043313634e-06	0.000856305478184164	NA	"abundance"	58	44
"g__VFJN01"	"City"	"ShangHai"	"CityShangHai"	-1.10671751508896	0.00758344118238435	0.213913192912955	4.69650789303167e-06	0.00142100907473937	4.69650789303167e-06	0.000856305478184164	NA	"abundance"	58	58
"g__Labilithrix"	"City"	"ShangHai"	"CityShangHai"	-0.889395969538052	0.00758344118238435	0.171771971681861	4.99739745007943e-06	0.00148981236923545	4.99739745007943e-06	0.000897148166845799	NA	"abundance"	58	58
"g__Actinomarinicola"	"City"	"ShangHai"	"CityShangHai"	-1.01752892539182	0.00758344118238435	0.198999072170407	5.82421984363091e-06	0.00171113890826211	5.82421984363091e-06	0.00102973971750499	NA	"abundance"	58	58
"g__JAEKLB01"	"City"	"ShangHai"	"CityShangHai"	-1.30734512701016	0.00758344118238435	0.256486678477609	6.11940764039254e-06	0.00174722016459208	6.11940764039254e-06	0.00103488938776436	NA	"abundance"	58	57
"g__Palsa.1248"	"City"	"ShangHai"	"CityShangHai"	-0.960754557396301	0.00758344118238435	0.187472757510908	6.09036154353149e-06	0.00174722016459208	6.09036154353149e-06	0.00103488938776436	NA	"abundance"	58	57
"g__AG2"	"City"	"ShangHai"	"CityShangHai"	-1.28149474092193	0.00758344118238435	0.254736279140808	7.39241173541849e-06	0.00208137459306116	7.39241173541849e-06	0.0012149584864873	NA	"abundance"	58	58
"g__Afipia"	"City"	"ShangHai"	"CityShangHai"	-1.1591291621208	0.00758344118238435	0.230717735529871	8.02397051669068e-06	0.00222824562074457	8.02397051669068e-06	0.00130044044387866	NA	"abundance"	58	57
"g__WHTK01"	"City"	"ShangHai"	"CityShangHai"	0.90544033251106	0.00758344118238435	0.177726572305379	8.8330152786531e-06	0.00241976872606562	8.8330152786531e-06	0.0013967614262316	NA	"abundance"	58	58
"g__46.32"	"City"	"ShangHai"	"CityShangHai"	-1.25950803105279	0.00758344118238435	0.250585846407725	8.97738512017909e-06	0.00242652734875027	8.97738512017909e-06	0.0013967614262316	NA	"abundance"	58	54
"g__JACQGN01"	"City"	"ShangHai"	"CityShangHai"	1.66293579500777	0.00758344118238435	0.33251266193098	1.05398168932513e-05	0.00281135747447357	1.05398168932513e-05	0.00161827793851776	NA	"abundance"	58	55
"g__Mycobacterium"	"City"	"ShangHai"	"CityShangHai"	-1.2084200861778	0.00758344118238435	0.244968499836837	1.12912905976259e-05	0.00297268887006587	1.12912905976259e-05	0.00171114376602203	NA	"abundance"	58	56
"g__Sediminibacterium"	"City"	"ShangHai"	"CityShangHai"	-1.39199570466107	0.00758344118238435	0.275639539597272	1.14945468668859e-05	0.00298740325750655	2.29889616091641e-05	0.00307122057657163	NA	"abundance"	58	47
"g__Ramlibacter"	"City"	"ShangHai"	"CityShangHai"	-1.43051992453332	0.00758344118238435	0.292720660217624	1.18481480332333e-05	0.0030403247712621	1.18481480332333e-05	0.00177251332563845	NA	"abundance"	58	58
"g__DP.6"	"City"	"ShangHai"	"CityShangHai"	1.23457629976831	0.00758344118238435	0.250623634744542	1.2920117158588e-05	0.0032739576879862	1.2920117158588e-05	0.00190841578637422	NA	"abundance"	58	58
"g__CAIXRL01"	"City"	"ShangHai"	"CityShangHai"	1.4172994731745	0.00758344118238435	0.288246275244581	1.39374929674085e-05	0.00348815873376921	1.39374929674085e-05	0.00203295756795863	NA	"abundance"	58	56
"g__JALHOE01"	"City"	"ShangHai"	"CityShangHai"	-1.18743662220385	0.00758344118238435	0.241337353491655	1.58490275432577e-05	0.00391818885801121	3.16978038948413e-05	0.0040204529744446	NA	"abundance"	58	50
"g__PALSA.1004"	"City"	"ShangHai"	"CityShangHai"	-0.886747047859964	0.00758344118238435	0.184889444900392	1.72451200892709e-05	0.00416182231487738	1.72451200892709e-05	0.00245406471124027	NA	"abundance"	58	58
"g__Rhizomicrobium"	"City"	"ShangHai"	"CityShangHai"	-0.912299544980291	0.00758344118238435	0.190109369266181	1.71256683172416e-05	0.00416182231487738	1.71256683172416e-05	0.00245406471124027	NA	"abundance"	58	58
"g__WS.3"	"City"	"ShangHai"	"CityShangHai"	1.00567754114259	0.00758344118238435	0.205158665339645	1.87008318661697e-05	0.00446003839518814	3.74013140112268e-05	0.00459406245470532	NA	"abundance"	58	53
"g__QHVT01"	"City"	"ShangHai"	"CityShangHai"	-1.76146192968557	0.00758344118238435	0.372544970878723	1.98883550004414e-05	0.00463421531688446	1.98883550004414e-05	0.00276282398214465	NA	"abundance"	58	58
"g__Telluria"	"City"	"ShangHai"	"CityShangHai"	-2.22964102532206	0.00758344118238435	0.46401304361818	1.96759847717054e-05	0.00463421531688446	1.96759847717054e-05	0.00276282398214465	NA	"abundance"	58	52
"g__Gp7.AA6"	"Electric.conductivity"	"Electric.conductivity"	"Electric.conductivity"	-0.523193473315344	-0.0121146753971243	0.10742849290725	2.05103290653597e-05	0.00467174596419069	4.10202374571209e-05	0.00493469227718705	NA	"abundance"	58	57
"g__JACPPC01"	"City"	"ShangHai"	"CityShangHai"	-0.94790712106715	0.00758344118238435	0.199431178599818	2.04852129155331e-05	0.00467174596419069	2.04852129155331e-05	0.00281225822954536	NA	"abundance"	58	57
"g__JACDCH01"	"Electric.conductivity"	"Electric.conductivity"	"Electric.conductivity"	0.465864217415257	-0.0121146753971243	0.100809748823044	2.16846151369632e-05	0.00488433908951686	2.16846151369632e-05	0.00294229969806074	NA	"abundance"	58	57
"g__UBA9160"	"City"	"ShangHai"	"CityShangHai"	1.27009546340419	0.00758344118238435	0.250251114213508	2.28024112818304e-05	0.00507967562093698	4.56043026137005e-05	0.00532156607199271	NA	"abundance"	58	39
"g__Palsa.189"	"City"	"ShangHai"	"CityShangHai"	1.64534786664317	0.00758344118238435	0.311866307144591	2.31611458341163e-05	0.0051035081342305	2.31611458341163e-05	0.00307122057657163	NA	"abundance"	58	33
"g__Povalibacter"	"City"	"ShangHai"	"CityShangHai"	-0.973448710424671	0.00758344118238435	0.208164725574213	2.52936430705786e-05	0.00551347024007278	2.52936430705786e-05	0.00331630922461327	NA	"abundance"	58	58
"g__AA152"	"City"	"ShangHai"	"CityShangHai"	1.82639893941274	0.00758344118238435	0.38152274387234	2.71690195250418e-05	0.00579758277696471	2.71690195250418e-05	0.00352261432041903	NA	"abundance"	58	48
"g__JACQAF01"	"City"	"ShangHai"	"CityShangHai"	4.1794293732564	0	0.995738562663691	2.70096974576569e-05	0.00579758277696471	5.4018665391557e-05	0.00606099813898153	NA	"prevalence"	58	26
"g__JABFSC01"	"City"	"ShangHai"	"CityShangHai"	1.00257148272458	0.00758344118238435	0.21286275603702	2.94414969854717e-05	0.00612669476383486	5.88821271691986e-05	0.00652089280305496	NA	"abundance"	58	57
"g__JACPZP01"	"City"	"ShangHai"	"CityShangHai"	0.960454347344958	0.00758344118238435	0.204003558818811	2.96179995489254e-05	0.00612669476383486	5.92351218719536e-05	0.00652089280305496	NA	"abundance"	58	57
"g__RBG.16.66.20"	"City"	"ShangHai"	"CityShangHai"	1.31461991186481	0.00758344118238435	0.281649496331051	2.95700612107375e-05	0.00612669476383486	2.95700612107375e-05	0.0037917916952538	NA	"abundance"	58	58
"g__FEN.336"	"City"	"ShangHai"	"CityShangHai"	1.00477893160737	0.00758344118238435	0.212470467156307	3.17226651511682e-05	0.00649577644388365	6.3444323974852e-05	0.00691898893890232	NA	"abundance"	58	53
"g__40CM.68.15"	"City"	"ShangHai"	"CityShangHai"	1.4204584210555	0.00758344118238435	0.306206704771151	3.42046023913412e-05	0.00693395699677268	3.42046023913412e-05	0.00429175812155441	NA	"abundance"	58	56
"g__WS.7"	"City"	"ShangHai"	"CityShangHai"	1.12241820864837	0.00758344118238435	0.241420480618571	3.67236235538915e-05	0.00737090392756919	3.67236235538915e-05	0.00455880811968468	NA	"abundance"	58	55
"g__Nocardioides"	"City"	"ShangHai"	"CityShangHai"	-1.5869079074723	0.00758344118238435	0.350788833019462	3.92930625461307e-05	0.00780930356799179	3.92930625461307e-05	0.00477615361302916	NA	"abundance"	58	58
"g__JALHMQ01"	"City"	"ShangHai"	"CityShangHai"	1.07222815963542	0.00758344118238435	0.233766210027464	4.15848679851116e-05	0.00818454799800178	4.15848679851116e-05	0.00495156963794151	NA	"abundance"	58	58
"g__2.12.FULL.68.20"	"City"	"ShangHai"	"CityShangHai"	0.97848873704048	0.00758344118238435	0.211905400284131	4.23708122164745e-05	0.00825904908896511	8.47398291472211e-05	0.00867393917823617	NA	"abundance"	58	54
"g__JACMJD01"	"City"	"ShangHai"	"CityShangHai"	-0.930310570704644	0.00758344118238435	0.206573643613248	4.42362015546927e-05	0.00854053598015933	4.42362015546927e-05	0.00521406298931019	NA	"abundance"	58	58
"g__CADCTB01"	"City"	"ShangHai"	"CityShangHai"	-1.48565733924914	0.00758344118238435	0.326179083828286	4.5923329456965e-05	0.00878262013916598	9.18445499617415e-05	0.00909684530832636	NA	"abundance"	58	51
"g__F1.20.MAGs160"	"City"	"ShangHai"	"CityShangHai"	-0.934679215904558	0.00758344118238435	0.208301159193728	4.67466055587007e-05	0.00885651577463533	4.67466055587007e-05	0.00540085287390573	NA	"abundance"	58	58
"g__JAJVIP01"	"City"	"ShangHai"	"CityShangHai"	-0.921227325050881	0.00758344118238435	0.204785699325731	4.80536206852733e-05	0.00901984257899871	4.80536206852733e-05	0.00549742842918092	NA	"abundance"	58	56
"g__DP.1"	"City"	"ShangHai"	"CityShangHai"	1.36818557651408	0.00758344118238435	0.304561221653234	5.17306298510878e-05	0.0096209479664335	5.17306298510878e-05	0.00586062834691595	NA	"abundance"	58	58
"g__JACRBR01"	"City"	"ShangHai"	"CityShangHai"	1.44193174640511	0.00758344118238435	0.30848224915988	5.2537885139925e-05	0.00968225461415054	0.000105073010050475	0.0100499750350737	NA	"abundance"	58	44
"g__SZUA.544"	"City"	"ShangHai"	"CityShangHai"	3.43863828254611	0	0.854127780947359	5.6756324979364e-05	0.0103654434232583	0.000113509428678303	0.010512234311485	NA	"prevalence"	58	29
"g__Pseudoduganella"	"City"	"ShangHai"	"CityShangHai"	-4.15964612153495	0	1.03710340830171	6.05055034050675e-05	0.0109514961163172	0.000121007345894193	0.0109460055754987	NA	"prevalence"	58	29
"g__CAIMNF01"	"City"	"ShangHai"	"CityShangHai"	1	0.00758344118238435	7.2280074374338e-16	6.36525421410239e-05	0.0114191534007331	0.000127301032635927	0.0114267365371433	NA	"abundance"	58	11
"g__Polyangium"	"City"	"ShangHai"	"CityShangHai"	-0.813098481349535	0.00758344118238435	0.185053736801037	6.49668543870607e-05	0.0114522441055174	6.49668543870607e-05	0.0070194279985427	NA	"abundance"	58	58
"g__Promineofilum"	"City"	"ShangHai"	"CityShangHai"	3.17497087922093	0	0.794874214459677	6.4884010287811e-05	0.0114522441055174	0.000129763810640831	0.011558884781434	NA	"prevalence"	58	34
"g__Rhizobacter"	"City"	"ShangHai"	"CityShangHai"	-1.40851086786733	0.00758344118238435	0.32149036634234	6.86992811835818e-05	0.0120057916220135	6.86992811835818e-05	0.00735460469845152	NA	"abundance"	58	54
"g__Aeromicrobium"	"City"	"ShangHai"	"CityShangHai"	-1.62970968202905	0.00758344118238435	0.369565781956294	6.93298576776025e-05	0.0120124348276954	0.000138654908726039	0.0120763706625306	NA	"abundance"	58	52
"g__WYBA01"	"City"	"ShangHai"	"CityShangHai"	-0.63844455543835	0.00758344118238435	0.145528994062573	7.26815605887055e-05	0.0124864457309681	7.26815605887055e-05	0.00771019209554185	NA	"abundance"	58	58
"g__Bradyrhizobium"	"City"	"ShangHai"	"CityShangHai"	-1.01334904905886	0.00758344118238435	0.233324999010828	7.3550286829871e-05	0.0125295076858415	7.3550286829871e-05	0.00773205672988977	NA	"abundance"	58	58
"g__CF.162"	"City"	"ShangHai"	"CityShangHai"	3.4642796451158	0	0.874980049211289	7.51801467307434e-05	0.0127004327877136	0.000150354641407024	0.0129006493424895	NA	"prevalence"	58	28
"g__GCA.2687015"	"City"	"ShangHai"	"CityShangHai"	1.67440431466025	0.00758344118238435	0.382163363440383	7.96122894376472e-05	0.0133380192684296	7.96122894376472e-05	0.00829460540578487	NA	"abundance"	58	54
"g__JAKEHA01"	"City"	"ShangHai"	"CityShangHai"	1.36965001979693	0.00758344118238435	0.314067038366911	8.35816459856531e-05	0.0138882551427964	8.35816459856531e-05	0.00863109935404058	NA	"abundance"	58	56
"g__MYXO"	"City"	"ShangHai"	"CityShangHai"	1.37235002895305	0.00758344118238435	0.313767079546632	8.73468835191904e-05	0.0143959026235856	8.73468835191904e-05	0.00886305029378637	NA	"abundance"	58	52
"g__VBAT01"	"City"	"ShangHai"	"CityShangHai"	-0.981903805785652	0.00758344118238435	0.229022970643677	9.01820797265529e-05	0.0147433154856184	9.01820797265529e-05	0.00907185076145815	NA	"abundance"	58	57
"g__20CM.2.70.11"	"City"	"ShangHai"	"CityShangHai"	0.887480242733292	0.00758344118238435	0.203430602359795	9.27692682912706e-05	0.0149255444984178	9.27692682912706e-05	0.00909684530832636	NA	"abundance"	58	56
"g__SXWH01"	"City"	"ShangHai"	"CityShangHai"	-0.9791029401863	0.00758344118238435	0.22864974941449	9.24531251570437e-05	0.0149255444984178	9.24531251570437e-05	0.00909684530832636	NA	"abundance"	58	57
"g__SBAX01"	"City"	"ShangHai"	"CityShangHai"	3.26918499745505	0	0.83747471618211	9.47636204366753e-05	0.0151263630983644	0.000189518260729592	0.0157963470318115	NA	"prevalence"	58	27
"g__Methylobacterium"	"City"	"ShangHai"	"CityShangHai"	-1.00465778816625	0.00758344118238435	0.235655867254814	9.70807302996812e-05	0.015375160661212	9.70807302996812e-05	0.00944029201555817	NA	"abundance"	58	57
"g__VFJN01"	"Electric.conductivity"	"Electric.conductivity"	"Electric.conductivity"	0.507245912583372	-0.0121146753971243	0.122000375936415	0.000100598736726409	0.0158088185342463	0.000100598736726409	0.00970154263521051	NA	"abundance"	58	58
"g__13.1.40CM.70.15"	"City"	"ShangHai"	"CityShangHai"	3.45401223618863	0	0.891658667223964	0.00010719829093601	0.0167163365681138	0.00021438509039844	0.0176173212666155	NA	"prevalence"	58	32
"g__40CM.2.70.7"	"City"	"ShangHai"	"CityShangHai"	3.09742461131738	0	0.800109646477511	0.000108278591891231	0.0167559054566339	0.000216545459529	0.017670412358349	NA	"prevalence"	58	24
"g__JACPCG01"	"City"	"ShangHai"	"CityShangHai"	0.866678256285736	0.00758344118238435	0.197140961321051	0.000109626233435356	0.0168359318500116	0.000219240448959655	0.0177412311643607	NA	"abundance"	58	49
"g__VFZK01"	"City"	"ShangHai"	"CityShangHai"	1.41504563460282	0.00758344118238435	0.332618287252099	0.000110733262953078	0.0168780805006375	0.000110733262953078	0.0105014809433413	NA	"abundance"	58	58
"g__VEOV01"	"City"	"ShangHai"	"CityShangHai"	4.32353104524819	0	1.11895679727454	0.00011159342162776	0.0168822525614772	0.00011159342162776	0.0105014809433413	NA	"prevalence"	58	19
"g__JAHFBB01"	"City"	"ShangHai"	"CityShangHai"	1.5758070212148	0.00758344118238435	0.361939725834909	0.000112645000768907	0.0169151070784244	0.000112645000768907	0.010512234311485	NA	"abundance"	58	47
"g__QHXZ01"	"City"	"ShangHai"	"CityShangHai"	1.64274031811917	0.00758344118238435	0.371289458072887	0.00011566690352216	0.0172188673773035	0.00023132042821175	0.0182383653838035	NA	"abundance"	58	40
"g__WS.11"	"City"	"ShangHai"	"CityShangHai"	1.38992431621838	0.00758344118238435	0.327580826214681	0.0001172160466687	0.0172188673773035	0.0001172160466687	0.0107700318785595	NA	"abundance"	58	57
"g__JACORV01"	"City"	"ShangHai"	"CityShangHai"	3.24476060961529	0	0.842332948931691	0.000117103579120353	0.0172188673773035	0.000234193444992464	0.0183409618095105	NA	"prevalence"	58	29
"g__BQJX01"	"City"	"ShangHai"	"CityShangHai"	3.15885998190739	0	0.820507484180121	0.000118172986834627	0.0172345524396516	0.000236332008814437	0.0183850547390378	NA	"prevalence"	58	28
"g__Anatilimnocola"	"City"	"ShangHai"	"CityShangHai"	-0.595745462409652	0.00758344118238435	0.140927290500586	0.000120568932881593	0.0174583814812546	0.000120568932881593	0.0109460055754987	NA	"abundance"	58	58
"g__DP.23"	"City"	"ShangHai"	"CityShangHai"	0.932925188238451	0.00758344118238435	0.219794157667372	0.000133619245284211	0.0192108463858264	0.000133619245284211	0.0118121437365262	NA	"abundance"	58	56
"g__Polarisedimenticola"	"City"	"ShangHai"	"CityShangHai"	1.18500478989354	0.00758344118238435	0.2613579522426	0.000136367428887896	0.0194678909747565	0.00027271626170013	0.0203995260114027	NA	"abundance"	58	34
"g__Fen.1231"	"City"	"ShangHai"	"CityShangHai"	-0.802343407918455	0.00758344118238435	0.193256445104175	0.000138678007436721	0.0196593046626378	0.000138678007436721	0.0120763706625306	NA	"abundance"	58	58
"g__JACOVF01"	"City"	"ShangHai"	"CityShangHai"	3.51340210577498	0	0.923294244330804	0.000141638296572922	0.0199395246397658	0.000283256531738789	0.0210529966169422	NA	"prevalence"	58	35
"g__Tsuneonella"	"City"	"ShangHai"	"CityShangHai"	-1.56713068036111	0.00758344118238435	0.367851383087255	0.00014343932418015	0.0200538067571035	0.000286858073520579	0.0211857396196939	NA	"abundance"	58	45
"g__2.02.FULL.62.14"	"City"	"ShangHai"	"CityShangHai"	3.75585500602848	0	0.990099646065608	0.000148591833947755	0.0206318743684171	0.000148591833947755	0.0128438378543434	NA	"prevalence"	58	20
"g__JACPZX01"	"City"	"ShangHai"	"CityShangHai"	2.45581287257811	0.00758344118238435	0.564451694620897	0.000161708703482311	0.0218543922466227	0.000323391257259839	0.0230100767132016	NA	"abundance"	58	37
"g__Longimicrobium"	"City"	"ShangHai"	"CityShangHai"	-3.04550496541992	0.00758344118238435	0.710173636683928	0.000160302050445704	0.0218543922466227	0.000320578404144031	0.0230100767132016	NA	"abundance"	58	41
"g__JAFDDA01"	"City"	"ShangHai"	"CityShangHai"	3.86840084467296	0	1.02521261381538	0.000161123743313851	0.0218543922466227	0.000161123743313851	0.0136242968168791	NA	"prevalence"	58	21
"g__JAKEEW01"	"City"	"ShangHai"	"CityShangHai"	-3.83105550693242	0	1.01429017235159	0.000158677534593281	0.0218543922466227	0.000158677534593281	0.0135153879647372	NA	"prevalence"	58	17
"g__JAAFGM01"	"City"	"ShangHai"	"CityShangHai"	3.75246369883853	0	0.995857490203213	0.000164512612670724	0.02208609062292	0.00032899816094172	0.0232501568893599	NA	"prevalence"	58	35
"g__Fen.1245"	"City"	"ShangHai"	"CityShangHai"	3.26202350904224	0	0.867071096030433	0.000168480728976216	0.0224700088013543	0.000336933072196395	0.0234028096396413	NA	"prevalence"	58	22
"g__VJS01"	"City"	"ShangHai"	"CityShangHai"	1.86528038461087	0.00758344118238435	0.426832906987194	0.000178310339704946	0.0236255372973769	0.000356588884832646	0.0239654377784379	NA	"abundance"	58	36
"g__JAHFUS01"	"Electric.conductivity"	"Electric.conductivity"	"Electric.conductivity"	0.874229273106625	-0.0121146753971243	0.200099814548007	0.000179720992187327	0.023657817880659	0.00035940968473962	0.0239654377784379	NA	"abundance"	58	34
"g__2.02.FULL.66.14"	"City"	"ShangHai"	"CityShangHai"	1.01940145975325	0.00758344118238435	0.248063435443128	0.000186975768478481	0.0244540179264243	0.000186975768478481	0.0156965485062978	NA	"abundance"	58	58
"g__Mor1"	"City"	"ShangHai"	"CityShangHai"	1.41909892646359	0.00758344118238435	0.33724185779433	0.000190626933561644	0.0247717256228311	0.000381217528495489	0.0250776154895621	NA	"abundance"	58	43
"g__JAEUKZ01"	"City"	"ShangHai"	"CityShangHai"	0.851106200103381	0.00758344118238435	0.20449952920487	0.000194264988948367	0.025083693350072	0.000388492239010803	0.0253257873576372	NA	"abundance"	58	52
"g__CF.163"	"City"	"ShangHai"	"CityShangHai"	1.84762940049868	0.00758344118238435	0.440125132624298	0.000198044591457558	0.0253329664724101	0.00039604996125491	0.0254513258569443	NA	"abundance"	58	43
"g__Sorangium"	"City"	"ShangHai"	"CityShangHai"	-0.90790640958667	0.00758344118238435	0.225142534746692	0.000198943609681423	0.0253329664724101	0.000198943609681423	0.0164643473856208	NA	"abundance"	58	58
"g__JAGIAR01"	"City"	"ShangHai"	"CityShangHai"	-3.31616425514276	0	0.891660937033057	0.000199944486759354	0.0253329664724101	0.000399848995720922	0.0254963821369805	NA	"prevalence"	58	24
"g__JACCZL01"	"City"	"ShangHai"	"CityShangHai"	-3.63034186339007	0	0.979237567598345	0.000209468551175242	0.0263748227914566	0.000418893225276553	0.0264219732202816	NA	"prevalence"	58	36
"g__WVWW01"	"City"	"ShangHai"	"CityShangHai"	1.18028951132061	0.00758344118238435	0.288153134004518	0.000217751336892169	0.0272484882807287	0.00043545525813962	0.0270283372725065	NA	"abundance"	58	50
"g__Usitatibacter"	"City"	"ShangHai"	"CityShangHai"	-1.09323368671631	0.00758344118238435	0.273896618642018	0.000220454067943465	0.027417453161656	0.000220454067943465	0.0177412311643607	NA	"abundance"	58	58
"g__JAKEFM01"	"City"	"ShangHai"	"CityShangHai"	4.25045772586036	0	1.15116363090701	0.000222222754165252	0.0274689004416951	0.000222222754165252	0.0177610775229749	NA	"prevalence"	58	21
"g__JADYZN01"	"City"	"ShangHai"	"CityShangHai"	-0.932826381958593	0.00758344118238435	0.233519812567723	0.000224186476196375	0.0275436863360783	0.000224186476196375	0.017796135991398	NA	"abundance"	58	58
"g__PLA2"	"City"	"ShangHai"	"CityShangHai"	3.53087075896293	0	0.958046966936985	0.000228264689284057	0.0278757938624482	0.00045647727379974	0.0279890508804143	NA	"prevalence"	58	20
"g__JAIOPA01"	"City"	"ShangHai"	"CityShangHai"	1.53915935221508	0.00758344118238435	0.383973955032866	0.000246156420373067	0.0298807362503163	0.000246156420373067	0.0190225117174392	NA	"abundance"	58	56
"g__CAITIQ01"	"City"	"ShangHai"	"CityShangHai"	-0.694199242973875	0.00758344118238435	0.174888147102091	0.000250587346498188	0.0302375398107813	0.000250587346498188	0.0192375246466273	NA	"abundance"	58	58
"g__JACDCA01"	"Electric.conductivity"	"Electric.conductivity"	"Electric.conductivity"	0.30215856196085	-0.0121146753971243	0.0788450071683328	0.000255118991144943	0.030602202298759	0.000255118991144943	0.0194574085468649	NA	"abundance"	58	58
"g__VFMC01"	"City"	"ShangHai"	"CityShangHai"	-0.940445311275642	0.00758344118238435	0.237848999429192	0.000258444397759683	0.0308187343022605	0.000258444397759683	0.0195830368666087	NA	"abundance"	58	57
"g__UBA1952"	"City"	"ShangHai"	"CityShangHai"	-3.06593490860624	0	0.839780804758768	0.00026134822267428	0.030982755380427	0.000522628142455066	0.0311150397668784	NA	"prevalence"	58	22
"g__JAGYID01"	"City"	"ShangHai"	"CityShangHai"	1.46910105772045	0.00758344118238435	0.354127252843876	0.000267148652410842	0.0314862644283291	0.0005342259364192	0.0316440733607901	NA	"abundance"	58	39
"g__JAGWBS01"	"City"	"ShangHai"	"CityShangHai"	1.08918484757567	0.00758344118238435	0.266209531543598	0.000269605209412771	0.0315921202613624	0.000269605209412771	0.0202969237976621	NA	"abundance"	58	44
"g__JACDAN01"	"Electric.conductivity"	"Electric.conductivity"	"Electric.conductivity"	0.831507941094901	-0.0121146753971243	0.212424575119956	0.000271380623556028	0.0316174023030333	0.000542687599669214	0.031982937376465	NA	"abundance"	58	53
"g__JADGQW01"	"City"	"ShangHai"	"CityShangHai"	3.46659877699175	0	0.952559753155005	0.000273438045840754	0.031675063230193	0.000546801323316596	0.0320634404109616	NA	"prevalence"	58	19
"g__Nitrosomonas"	"City"	"ShangHai"	"CityShangHai"	0.873875698019265	0.00758344118238435	0.216662279760954	0.000291150208036939	0.0330028169245343	0.000582215647630238	0.0326922235762324	NA	"abundance"	58	51
"g__JAGQJR01"	"City"	"ShangHai"	"CityShangHai"	2.66263658991025	0	0.734734062196717	0.000290142170592422	0.0330028169245343	0.000580200158705687	0.0326922235762324	NA	"prevalence"	58	25
"g__Pelomicrobium"	"City"	"ShangHai"	"CityShangHai"	3.64894724126965	0	1.00679252153763	0.000289712727356995	0.0330028169245343	0.000579341521249598	0.0326922235762324	NA	"prevalence"	58	21
"g__UTPLA1"	"City"	"ShangHai"	"CityShangHai"	2.79025423870821	0	0.77018912278572	0.000291412008163558	0.0330028169245343	0.000582739095368613	0.0326922235762324	NA	"prevalence"	58	24
"g__Entotheonella"	"City"	"ShangHai"	"CityShangHai"	1.46226404703337	0.00758344118238435	0.371290005751271	0.000293558851799047	0.0330612502426127	0.000293558851799047	0.0215442656707112	NA	"abundance"	58	58
"g__Pseudobdellovibrio"	"City"	"ShangHai"	"CityShangHai"	-3.35987047993225	0	0.928763923141568	0.000297379475484164	0.0333065012542263	0.000594670516415888	0.0332019629476411	NA	"prevalence"	58	18
"g__Hylemonella"	"City"	"ShangHai"	"CityShangHai"	0.992697814583231	0.00758344118238435	0.180032918431496	0.000303457684959874	0.0338005175247613	0.000606823283353186	0.0337191471116587	NA	"abundance"	58	18
"g__JAABRB01"	"City"	"ShangHai"	"CityShangHai"	1.05056736916326	0.00758344118238435	0.266150908518831	0.000315208003109246	0.034917467972845	0.000315208003109246	0.0229885136767612	NA	"abundance"	58	56
"g__JADLBT01"	"City"	"ShangHai"	"CityShangHai"	0.802453997628659	0.00758344118238435	0.202699424247473	0.00032249660478556	0.0349607014556839	0.00032249660478556	0.0230100767132016	NA	"abundance"	58	58
"g__Nitrospira_A"	"Electric.conductivity"	"Electric.conductivity"	"Electric.conductivity"	-0.704978591455528	-0.0121146753971243	0.178162060114137	0.000321862518325222	0.0349607014556839	0.000321862518325222	0.0230100767132016	NA	"abundance"	58	57
"g__PALSA.1295"	"City"	"ShangHai"	"CityShangHai"	-2.74833786597577	0	0.763468978797793	0.000318458442298477	0.0349607014556839	0.000636815468817484	0.0350518854039208	NA	"prevalence"	58	28
"g__VJS01"	"City"	"ShangHai"	"CityShangHai"	3.64114983225816	0	1.01182060162996	0.000319919981280009	0.0349607014556839	0.000356588884832646	0.0239654377784379	NA	"prevalence"	58	36
"g__Fen.549"	"Organic.carbon"	"Organic.carbon"	"Organic.carbon"	1.63527666434053	0.0345941112785551	0.373032264106107	0.00033075036795216	0.0356377745332057	0.00033075036795216	0.0232501568893599	NA	"abundance"	58	36
"g__GWA2.73.35"	"City"	"ShangHai"	"CityShangHai"	0.995623250281555	0.00758344118238435	0.254431160696032	0.000342571246375822	0.0356377745332057	0.000342571246375822	0.0236536323902927	NA	"abundance"	58	58
"g__SYSU.D60014"	"City"	"ShangHai"	"CityShangHai"	0.986072957296348	0.00758344118238435	0.246977814383165	0.000334145460493485	0.0356377745332057	0.000668179267798201	0.0366055581029916	NA	"abundance"	58	48
"g__JACDBE01"	"City"	"ShangHai"	"CityShangHai"	4.41807713901658	0	1.23139496274996	0.000333398642351358	0.0356377745332057	0.000333398642351358	0.0232959805844191	NA	"prevalence"	58	21
"g__JACPZX01"	"City"	"ShangHai"	"CityShangHai"	3.65026726127025	0	1.01858241264497	0.000338794952314564	0.0356377745332057	0.000323391257259839	0.0230100767132016	NA	"prevalence"	58	37
"g__Palsa.881"	"City"	"ShangHai"	"CityShangHai"	-3.00979696630587	0	0.840115728344537	0.000340193867876482	0.0356377745332057	0.000680272003885224	0.0369091132043898	NA	"prevalence"	58	33
"g__SCTD01"	"City"	"ShangHai"	"CityShangHai"	-3.20202300980128	0	0.894269962551602	0.000342806138218978	0.0356377745332057	0.000685494760389555	0.0369091132043898	NA	"prevalence"	58	27
"g__SSA4"	"City"	"ShangHai"	"CityShangHai"	2.66813028111398	0	0.744230720737321	0.000336968634164017	0.0356377745332057	0.000673823720467624	0.0367422850193304	NA	"prevalence"	58	25
"g__Ga0077523"	"City"	"ShangHai"	"CityShangHai"	0.869608023746384	0.00758344118238435	0.221106195152188	0.000347954719615018	0.0358057770357139	0.000347954719615018	0.023744348673612	NA	"abundance"	58	55
"g__VGEI01"	"City"	"ShangHai"	"CityShangHai"	1.06886546555602	0.00758344118238435	0.270230139858548	0.000346441715028067	0.0358057770357139	0.000346441715028067	0.023744348673612	NA	"abundance"	58	51
"g__Z2.YC6860"	"City"	"ShangHai"	"CityShangHai"	-0.843529970221065	0.00758344118238435	0.218908465498406	0.00035287175635812	0.0361283648731909	0.00035287175635812	0.0239398867729238	NA	"abundance"	58	58
"g__CAMASH01"	"P"	"P"	"P"	-0.738693168497169	-0.00799626484154715	0.179868768485335	0.000357920545436041	0.0362882485986221	0.000357920545436041	0.0239654377784379	NA	"abundance"	58	38
"g__Hyphomicrobium_A"	"City"	"ShangHai"	"CityShangHai"	1.22691320064076	0.00758344118238435	0.313141942907557	0.000358013502354204	0.0362882485986221	0.000715898831040541	0.0381453126000551	NA	"abundance"	58	53
"g__CADCTB01"	"Electric.conductivity"	"Electric.conductivity"	"Electric.conductivity"	0.684809487610347	-0.0121146753971243	0.178978199025281	0.000362767346682058	0.0365871624474561	0.000725403093216297	0.0384760395215499	NA	"abundance"	58	51
"g__Luteolibacter"	"City"	"ShangHai"	"CityShangHai"	-1.10747325363365	0.00758344118238435	0.284252368236021	0.000369656196384072	0.0370973782826629	0.000369656196384072	0.0245086258841235	NA	"abundance"	58	48
"g__JAEUMW01"	"City"	"ShangHai"	"CityShangHai"	2.82817756043678	0	0.795479080715667	0.000377528580870011	0.0377007851792949	0.000754914633910648	0.0395026854847684	NA	"prevalence"	58	38
"g__Lysobacter"	"City"	"ShangHai"	"CityShangHai"	-0.897164146502347	0.00758344118238435	0.234568361953762	0.000382536254789789	0.0380136027308755	0.000382536254789789	0.0250776154895621	NA	"abundance"	58	57
"g__Anaeromyxobacter"	"City"	"ShangHai"	"CityShangHai"	2.07862180440952	0.00758344118238435	0.534661023112986	0.000386707444870238	0.0381357577711385	0.000773265347092558	0.0401883301949667	NA	"abundance"	58	51
"g__JACOSU01"	"City"	"ShangHai"	"CityShangHai"	0.980151840967732	0.00758344118238435	0.249802112438962	0.000387527925259201	0.0381357577711385	0.000774905672625547	0.0401883301949667	NA	"abundance"	58	51
"g__VGTJ01"	"Electric.conductivity"	"Electric.conductivity"	"Electric.conductivity"	-0.531361740295103	-0.0121146753971243	0.135851832624299	0.000393958909512326	0.0384248266132384	0.000393958909512326	0.0254513258569443	NA	"abundance"	58	58
"g__Sphingobium_A"	"City"	"ShangHai"	"CityShangHai"	-2.92526808938919	0	0.825437780320142	0.000394256310948775	0.0384248266132384	0.000788357183858828	0.0407050441524277	NA	"prevalence"	58	21
"g__PALSA.1104"	"Electric.conductivity"	"Electric.conductivity"	"Electric.conductivity"	-0.525203321332673	-0.0121146753971243	0.134379527337276	0.000396961291110109	0.0385033459013595	0.000396961291110109	0.0254513258569443	NA	"abundance"	58	58
"g__JADJWR01"	"City"	"ShangHai"	"CityShangHai"	0.95511499032445	0.00758344118238435	0.247701683001375	0.000409540110909656	0.0395342720398122	0.000409540110909656	0.0259724106206782	NA	"abundance"	58	58
"g__Palsa.187"	"City"	"ShangHai"	"CityShangHai"	0.836039990661314	0.00758344118238435	0.216485091309187	0.000424640234615303	0.0407976627304333	0.000424640234615303	0.0266404671920751	NA	"abundance"	58	58
"g__RBG.16.71.46"	"City"	"ShangHai"	"CityShangHai"	0.961301056601179	0.00758344118238435	0.249591716752798	0.000431195278135066	0.0412320315016701	0.000431195278135066	0.0269070465270486	NA	"abundance"	58	56
"g__UBA6910"	"City"	"ShangHai"	"CityShangHai"	3.47818696492649	0	0.9892488008833	0.000438120699076693	0.0416975718858344	0.000438120699076693	0.0270498964948462	NA	"prevalence"	58	17
"g__JAHWJV01"	"City"	"ShangHai"	"CityShangHai"	-3.18567220935306	0	0.90757620310672	0.000447958656679236	0.0424346630289788	0.000895716646400378	0.0452472621075585	NA	"prevalence"	58	20
"g__PALSA.1355"	"Electric.conductivity"	"Electric.conductivity"	"Electric.conductivity"	-0.401449399328462	-0.0121146753971243	0.103018888011073	0.000458129121446493	0.0431962490695968	0.000458129121446493	0.0279890508804143	NA	"abundance"	58	58
"g__Albitalea"	"City"	"ShangHai"	"CityShangHai"	-0.918933916872622	0.00758344118238435	0.241988673761542	0.000464799308697472	0.043550592971138	0.000929382578997579	0.046311890912667	NA	"abundance"	58	52
"g__JACQNT01"	"City"	"ShangHai"	"CityShangHai"	3.57909167441379	0	1.0227524573379	0.000466183833599888	0.043550592971138	0.000932150339833067	0.046311890912667	NA	"prevalence"	58	37
"g__DP.3"	"City"	"ShangHai"	"CityShangHai"	1.06315299282806	0.00758344118238435	0.27961213297898	0.00047027859419102	0.0437315947772494	0.00047027859419102	0.0285816714354949	NA	"abundance"	58	58
"g__Chthoniobacter"	"City"	"ShangHai"	"CityShangHai"	-0.936434157076882	0.00758344118238435	0.249823387454916	0.000482973042966295	0.0447069841416106	0.000482973042966295	0.0292011007169621	NA	"abundance"	58	57
"g__JACOUI01"	"City"	"ShangHai"	"CityShangHai"	3.48577780590927	0	0.999849649968717	0.000489747830988664	0.0451280364991009	0.00097925580903937	0.0480123362843715	NA	"prevalence"	58	22
"g__Opitutus"	"Electric.conductivity"	"Electric.conductivity"	"Electric.conductivity"	0.57137141722469	-0.0121146753971243	0.153585880639639	0.000498201466081927	0.0454934239658235	0.000996154727463047	0.0484338729781929	NA	"abundance"	58	50
"g__Terrihabitans"	"City"	"ShangHai"	"CityShangHai"	-2.8131316178741	0	0.807840025219004	0.00049714871333507	0.0454934239658235	0.000994050269826969	0.0484338729781929	NA	"prevalence"	58	23
"g__JACQFL01"	"City"	"ShangHai"	"CityShangHai"	0.843376854169659	0.00758344118238435	0.221531547411894	0.000500455664248722	0.0454943373347538	0.000500455664248722	0.0301021502377234	NA	"abundance"	58	57
"g__13.1.40CM.70.15"	"City"	"ShangHai"	"CityShangHai"	1.81394573328964	0.00758344118238435	0.448939518282629	0.000507342702221303	0.045544086823355	0.00021438509039844	0.0176173212666155	NA	"abundance"	58	32
"g__JAHFUI01"	"Electric.conductivity"	"Electric.conductivity"	"Electric.conductivity"	-0.365230986275009	-0.0121146753971243	0.0941462768702059	0.000511298052590092	0.045544086823355	0.000511298052590092	0.0305965998752502	NA	"abundance"	58	58
"g__Accumulibacter"	"City"	"ShangHai"	"CityShangHai"	3.78717095642346	0	1.08864537537469	0.000503679135405708	0.045544086823355	0.00100710457813997	0.0485615839765097	NA	"prevalence"	58	17
"g__JADJPQ01"	"City"	"ShangHai"	"CityShangHai"	2.86781820259368	0	0.825443692042728	0.000512236177768594	0.045544086823355	0.00102420996963537	0.0487816576966334	NA	"prevalence"	58	34
"g__Sphingomonas_G"	"City"	"ShangHai"	"CityShangHai"	-2.84024591447958	0	0.81696647002562	0.000507860518487535	0.045544086823355	0.00101546311466883	0.0487093195808716	NA	"prevalence"	58	28
"g__20CM.4.69.16"	"City"	"ShangHai"	"CityShangHai"	1.46991101819398	0.00758344118238435	0.374816366687786	0.000544777109045991	0.0480161806720884	0.00108925743599344	0.0512521976637398	NA	"abundance"	58	37
"g__WS.9"	"City"	"ShangHai"	"CityShangHai"	0.890507784904031	0.00758344118238435	0.234975272308071	0.000543023016455146	0.0480161806720884	0.00108575115891389	0.0512521976637398	NA	"abundance"	58	55
"g__Lysobacter_C"	"City"	"ShangHai"	"CityShangHai"	-0.995803430798527	0.00758344118238435	0.2646950717049	0.000549948740891759	0.048262168291592	0.00109959503816591	0.0515308212865783	NA	"abundance"	58	49
"g__Sphingomonas_B"	"City"	"ShangHai"	"CityShangHai"	-3.72990491569432	0	1.0799513321781	0.000552805959482148	0.0483038034940608	0.00110530632453546	0.051591278004017	NA	"prevalence"	58	41
"g__JABFSC01"	"Electric.conductivity"	"Electric.conductivity"	"Electric.conductivity"	-0.476040303043327	-0.0121146753971243	0.124845512411893	0.000558847335390578	0.0486221166653982	0.000558847335390578	0.0326059477833633	NA	"abundance"	58	57
"g__Fen.549"	"All.carbon"	"All.carbon"	"All.carbon"	-1.28340953888724	0.0318470067372106	0.327408543572695	0.000564119398479779	0.0486259586875776	0.00112792056626382	0.0520626456681441	NA	"abundance"	58	36
"g__JACCUL01"	"Electric.conductivity"	"Electric.conductivity"	"Electric.conductivity"	0.532840220980644	-0.0121146753971243	0.147547935754437	0.000580120264245143	0.0486259586875776	0.000580120264245143	0.0326922235762324	NA	"abundance"	58	58
"g__JACQFK01"	"Electric.conductivity"	"Electric.conductivity"	"Electric.conductivity"	-0.809562134669527	-0.0121146753971243	0.214927882835726	0.000572426860249164	0.0486259586875776	0.00114452604798799	0.0523744096234192	NA	"abundance"	58	55
"g__JACQVA1"	"City"	"ShangHai"	"CityShangHai"	0.972431272476102	0.00758344118238435	0.259189706445829	0.000579867354365105	0.0486259586875776	0.000579867354365105	0.0326922235762324	NA	"abundance"	58	56
"g__JANWVS01"	"City"	"ShangHai"	"CityShangHai"	0.656048044081606	0.00758344118238435	0.172097509946244	0.000573644305628451	0.0486259586875776	0.000573644305628451	0.0326922235762324	NA	"abundance"	58	53
"g__PNKZ01"	"City"	"ShangHai"	"CityShangHai"	-0.764619247387284	0.00758344118238435	0.207475045851117	0.000580479577860782	0.0486259586875776	0.000580479577860782	0.0326922235762324	NA	"abundance"	58	58
"g__Schlesneria"	"City"	"ShangHai"	"CityShangHai"	-0.693469034422751	0.00758344118238435	0.185274688518418	0.000563230283999516	0.0486259586875776	0.00112614333964622	0.0520626456681441	NA	"abundance"	58	51
"g__JAGWAZ01"	"City"	"ShangHai"	"CityShangHai"	-3.17183137951632	0	0.920353833316666	0.000568282585535215	0.0486259586875776	0.00113624222597341	0.0522000414759201	NA	"prevalence"	58	19
"g__Nitrosocosmicus"	"City"	"ShangHai"	"CityShangHai"	-2.69848078580062	0	0.783897150037448	0.000576595387371426	0.0486259586875776	0.00115285831250211	0.0525496236272936	NA	"prevalence"	58	28
"g__Chth.196"	"Electric.conductivity"	"Electric.conductivity"	"Electric.conductivity"	0.469663723425958	-0.0121146753971243	0.127869281669153	0.000594474713882187	0.0495933802461716	0.00118859602757893	0.0537586319605369	NA	"abundance"	58	47
"g__JAFAYN01"	"City"	"ShangHai"	"CityShangHai"	-2.71843104973155	0	0.792070213202005	0.000599019050003818	0.0497676810724483	0.00119767927618537	0.0539603068486759	NA	"prevalence"	58	19
"g__Phnomibacter"	"City"	"ShangHai"	"CityShangHai"	-2.86632934781054	0	0.837607867901473	0.00062152699863134	0.0514269196581817	0.00124266770145265	0.0553838190910554	NA	"prevalence"	58	31
"g__JAEWQP01"	"City"	"ShangHai"	"CityShangHai"	2.54187363758318	0	0.743059597281364	0.000624324825654736	0.0514484262832228	0.00124825986982154	0.0553838190910554	NA	"prevalence"	58	30
"g__Minicystis"	"City"	"ShangHai"	"CityShangHai"	-0.703737089197506	0.00758344118238435	0.188694230234243	0.000628436800903742	0.0515776146879379	0.00125647866899475	0.0555373090473477	NA	"abundance"	58	48
"g__AR8"	"City"	"ShangHai"	"CityShangHai"	0.792580296131422	0.00758344118238435	0.212505432831221	0.000630994683519237	0.051578726710895	0.000630994683519237	0.0348960993459051	NA	"abundance"	58	58
"g__AG29"	"City"	"ShangHai"	"CityShangHai"	2.42417691667498	0	0.713074886621228	0.000674818910794353	0.0549394737334262	0.00134918244102634	0.0589648311023835	NA	"prevalence"	58	31
"g__GCA.2726245"	"Organic.carbon"	"Organic.carbon"	"Organic.carbon"	-1.20078130060244	0.0345941112785551	0.323971597753464	0.000686372231155419	0.0556565514799306	0.000686372231155419	0.0369091132043898	NA	"abundance"	58	58
"g__BOG.1363"	"City"	"ShangHai"	"CityShangHai"	-2.59348289792536	0	0.764290861695901	0.000690511102313819	0.0557473523725569	0.00138054539904522	0.0601103890352935	NA	"prevalence"	58	26
"g__QEVD01"	"City"	"ShangHai"	"CityShangHai"	3.39680868679354	0	1.00131822523958	0.000692991949382614	0.0557473523725569	0.000692991949382614	0.0370941424648886	NA	"prevalence"	58	18
"g__JABSQW01"	"City"	"ShangHai"	"CityShangHai"	1.10294746529375	0.00758344118238435	0.286113940943399	0.000699923809097225	0.0560824326403911	0.00139935772485591	0.0607029936481175	NA	"abundance"	58	36
"g__Chiayiivirga"	"City"	"ShangHai"	"CityShangHai"	-2.61371633636952	0	0.772045900791468	0.000710638201114636	0.0567167622558894	0.00142077139557639	0.0609521375550767	NA	"prevalence"	58	29
"g__VFJQ01"	"City"	"ShangHai"	"CityShangHai"	-0.759654597131973	0.00758344118238435	0.210117074257755	0.000741552934323986	0.0589520042533954	0.000741552934323986	0.0391546660209348	NA	"abundance"	58	56
"g__F1.20.MAGs160"	"Electric.conductivity"	"Electric.conductivity"	"Electric.conductivity"	0.41715707188859	-0.0121146753971243	0.118799684038033	0.000745906475085989	0.0590275705521042	0.000745906475085989	0.0392071290890919	NA	"abundance"	58	58
"g__JACCRE01"	"City"	"ShangHai"	"CityShangHai"	-3.12368590159323	0	0.926570921382426	0.000748327033933049	0.0590275705521042	0.00149609407451638	0.0634381506021034	NA	"prevalence"	58	19
"g__JAFDVJ01"	"City"	"ShangHai"	"CityShangHai"	-1.50522396249936	0.00758344118238435	0.411589963000394	0.000753234564554339	0.0591843840800216	0.00150590176679944	0.0634381506021034	NA	"abundance"	58	48
"g__Brevundimonas"	"City"	"ShangHai"	"CityShangHai"	-2.06164265386335	0.00758344118238435	0.557675391644577	0.000769633248119739	0.0602394023393179	0.00153867416090287	0.0645855711639408	NA	"abundance"	58	43
"g__JACMLC01"	"City"	"ShangHai"	"CityShangHai"	-2.56129526452789	0	0.76379686327646	0.000798332354829881	0.0617557313147145	0.001596027375111	0.0662777346625274	NA	"prevalence"	58	27
"g__JAGQIB01"	"City"	"ShangHai"	"CityShangHai"	2.80582326307431	0	0.8364966290871	0.000795788994977047	0.0617557313147145	0.00159094470982957	0.0662777346625274	NA	"prevalence"	58	18
"g__JAGYID01"	"City"	"ShangHai"	"CityShangHai"	3.12229987945364	0	0.931623188385045	0.000803860189483627	0.0617557313147145	0.0005342259364192	0.0316440733607901	NA	"prevalence"	58	39
"g__JAHFDN01"	"City"	"ShangHai"	"CityShangHai"	2.98084615224963	0	0.888585452220767	0.000794806626150236	0.0617557313147145	0.0015889815347275	0.0662777346625274	NA	"prevalence"	58	17
"g__JALHOQ01"	"City"	"ShangHai"	"CityShangHai"	-2.86997118042854	0	0.856367296733938	0.000804238016332115	0.0617557313147145	0.00160782923387732	0.0665310614543064	NA	"prevalence"	58	41
"g__SIAQ01"	"City"	"ShangHai"	"CityShangHai"	0.617863347586431	0.00758344118238435	0.167836030189493	0.000809457059765317	0.0619219377945755	0.000809457059765317	0.0416103719400947	NA	"abundance"	58	58
"g__Chitinophaga"	"City"	"ShangHai"	"CityShangHai"	-2.91899534624195	0	0.871740835810236	0.00081259982696039	0.0619286604967708	0.001624539335442	0.0669849805840026	NA	"prevalence"	58	38
"g__Pseudorhodoferax"	"City"	"ShangHai"	"CityShangHai"	-2.51347705060415	0	0.751155601270085	0.000819429458867735	0.0622152583901375	0.00163818745309741	0.0672448906540783	NA	"prevalence"	58	21
"g__JACPDH01"	"City"	"ShangHai"	"CityShangHai"	2.75183035199365	0	0.822729070550391	0.000823541369355168	0.0622941441774924	0.0016464045183233	0.0672448906540783	NA	"prevalence"	58	18
"g__JAKLKS01"	"City"	"ShangHai"	"CityShangHai"	2.91067140329768	0	0.871048743998922	0.000833056452449812	0.0627796297548795	0.00166541892184666	0.0672448906540783	NA	"prevalence"	58	40
"g__JABFRZ01"	"City"	"ShangHai"	"CityShangHai"	1.29999302944535	0.00758344118238435	0.360758743015422	0.000836310616009195	0.0627914400286607	0.000836310616009195	0.0428022306061899	NA	"abundance"	58	57
"g__FEN.1219"	"City"	"ShangHai"	"CityShangHai"	0.773745001079267	0.00758344118238435	0.213001447013539	0.000850305884106728	0.0633727973625426	0.000850305884106728	0.0433284688281284	NA	"abundance"	58	58
"g__JAHWLC01"	"City"	"ShangHai"	"CityShangHai"	2.92266490275726	0	0.876044436819452	0.000849301375692019	0.0633727973625426	0.00169788143855729	0.0680844622217353	NA	"prevalence"	58	26
"g__SZUA.265"	"Electric.conductivity"	"Electric.conductivity"	"Electric.conductivity"	0.400785440859471	-0.0121146753971243	0.109624253560187	0.0008536126890345	0.0633862140370234	0.00170649672344612	0.0681955831023725	NA	"abundance"	58	37
"g__Ilumatobacter_A"	"City"	"ShangHai"	"CityShangHai"	-0.839524619856866	0.00758344118238435	0.236922623242577	0.000901140541920364	0.0658313195737714	0.000901140541920364	0.04532503872271	NA	"abundance"	58	57
"g__UBA5216"	"City"	"ShangHai"	"CityShangHai"	-0.823547297362056	0.00758344118238435	0.232603235940964	0.000889984911036756	0.0658313195737714	0.000889984911036756	0.0451531909864692	NA	"abundance"	58	58
"g__Byssovorax"	"City"	"ShangHai"	"CityShangHai"	-2.32894095750718	0	0.701559477680635	0.000901262111804014	0.0658313195737714	0.00180171195021385	0.0709074496357781	NA	"prevalence"	58	29
"g__JACQVS01"	"City"	"ShangHai"	"CityShangHai"	2.35535395163424	0	0.709139373689029	0.000895587285170354	0.0658313195737714	0.00179037249375535	0.0708198529818005	NA	"prevalence"	58	32
"g__JADGPY01"	"City"	"ShangHai"	"CityShangHai"	-2.70418077744334	0	0.814710123191223	0.000902777567162019	0.0658313195737714	0.00180474012698827	0.0709074496357781	NA	"prevalence"	58	19
"g__JAJDVG01"	"City"	"ShangHai"	"CityShangHai"	2.60993339707149	0	0.787575616367467	0.000920100197299525	0.0668540186367598	0.00183935381022598	0.0717840120786855	NA	"prevalence"	58	25
"g__WHTO01"	"Organic.carbon"	"Organic.carbon"	"Organic.carbon"	-8.11926523658131	0.0345941112785551	1.94962965147611	0.000932667269215592	0.0673080891517346	0.000932667269215592	0.046311890912667	NA	"abundance"	58	22
"g__JAFGMS01"	"City"	"ShangHai"	"CityShangHai"	2.80744716556974	0	0.848173676686316	0.000932989988735075	0.0673080891517346	0.00186510950715107	0.0723055243818799	NA	"prevalence"	58	19
"g__Hyphomicrobium_C"	"City"	"ShangHai"	"CityShangHai"	1.06358686940502	0.00758344118238435	0.296975347062679	0.000940726728782537	0.0674795960382796	0.000940726728782537	0.0465141533820484	NA	"abundance"	58	56
"g__SPBQ01"	"City"	"ShangHai"	"CityShangHai"	2.33764487993767	0	0.706815282853556	0.000942024747377325	0.0674795960382796	0.00188316208412998	0.0727636369526912	NA	"prevalence"	58	27
"g__JACPIY01"	"City"	"ShangHai"	"CityShangHai"	3.15237540906649	0	0.953673264055818	0.000948041119031773	0.0676714421303243	0.00189518345610017	0.0729864546179304	NA	"prevalence"	58	21
"g__JAGWYX01"	"City"	"ShangHai"	"CityShangHai"	2.72054774365	0	0.823407711488866	0.000953122544823123	0.0677954393987872	0.0019053366470608	0.0731360964952383	NA	"prevalence"	58	19
"g__Udaeobacter"	"N"	"N"	"N"	2.70217177743039	-1.62516596965685e-15	0.767350274781521	0.00097048891440199	0.0687893401145355	0.00097048891440199	0.0477832706420119	NA	"abundance"	58	58
"g__Sphingomonas_N"	"City"	"ShangHai"	"CityShangHai"	-2.86997989910822	0	0.870966458805103	0.000983632193497865	0.0694780203017028	0.00196629685470364	0.0749827385540419	NA	"prevalence"	58	40
"g__JAEUHS01"	"City"	"ShangHai"	"CityShangHai"	1.07022842647831	0.00758344118238435	0.299149542339173	0.000991424560090159	0.0697104977823283	0.00198186619752197	0.0752655939837853	NA	"abundance"	58	52
"g__UBA5004"	"K"	"K"	"K"	-0.70586533169393	0.0317270639778967	0.200322636641374	0.000993800999363303	0.0697104977823283	0.00198661435830027	0.0752655939837853	NA	"abundance"	58	36
"g__SXND01"	"City"	"ShangHai"	"CityShangHai"	1.08446127166007	0.00758344118238435	0.305366268486877	0.00100243108475917	0.070073389483579	0.00100243108475917	0.048536798041721	NA	"abundance"	58	57
"g__Stella"	"City"	"ShangHai"	"CityShangHai"	2.37780956028308	0	0.723173072407255	0.00100893663279937	0.0702857849488275	0.00201685531246973	0.0761640279650787	NA	"prevalence"	58	34
"g__Nitrospira_C"	"Electric.conductivity"	"Electric.conductivity"	"Electric.conductivity"	-0.648176605589283	-0.0121146753971243	0.181318289496324	0.00101851692327815	0.0707101885914197	0.00101851692327815	0.0487093195808716	NA	"abundance"	58	58
"g__Actinophytocola"	"City"	"ShangHai"	"CityShangHai"	1.64665479488349	0.00758344118238435	0.429178061027846	0.00102535086442923	0.0709416816508852	0.00204965038446328	0.077152807536458	NA	"abundance"	58	31
"g__RBG.16.40.8"	"City"	"ShangHai"	"CityShangHai"	-2.32341469286209	0	0.707869922251511	0.00102977799751976	0.0710056447813623	0.00205849555231534	0.0772366064307643	NA	"prevalence"	58	23
"g__BOG.1460"	"City"	"ShangHai"	"CityShangHai"	0.795808964678156	0.00758344118238435	0.221820412052104	0.00103659582313986	0.0710813902174689	0.00207211711537918	0.0773472524852366	NA	"abundance"	58	53
"g__Niabella"	"City"	"ShangHai"	"CityShangHai"	-2.44475304889346	0	0.745340323924098	0.00103788928099698	0.0710813902174689	0.00207470134783435	0.0773472524852366	NA	"prevalence"	58	30
"g__JAFGQR01"	"City"	"ShangHai"	"CityShangHai"	2.3493346272117	0	0.716708565379153	0.00104564026405861	0.0713711092020073	0.0020901871645554	0.0776764140866147	NA	"prevalence"	58	28
"g__Hymenobacter"	"City"	"ShangHai"	"CityShangHai"	-3.44543178367732	0	1.05303097801924	0.00106820275877519	0.0726664641808408	0.00106820275877519	0.0506701544396246	NA	"prevalence"	58	16
"g__JAHBZM01"	"City"	"ShangHai"	"CityShangHai"	-2.62523173454551	0	0.804890866383285	0.00110785502331646	0.0751118295407067	0.00221448270388023	0.0808345238078112	NA	"prevalence"	58	18
"g__DSNU01"	"City"	"ShangHai"	"CityShangHai"	2.64483767375714	0	0.811193807304079	0.0011124484966969	0.0751718530834653	0.002223659451736	0.0808345238078112	NA	"prevalence"	58	19
"g__QHXZ01"	"City"	"ShangHai"	"CityShangHai"	3.06199488914738	0	0.939432733827733	0.00111644849229665	0.0751915077602584	0.00023132042821175	0.0182383653838035	NA	"prevalence"	58	40
"g__CAIYRG01"	"City"	"ShangHai"	"CityShangHai"	-0.637200675173396	0.00758344118238435	0.183512941326988	0.00112878990093757	0.07577095652916	0.00112878990093757	0.0520626456681441	NA	"abundance"	58	58
"g__UBA2466"	"City"	"ShangHai"	"CityShangHai"	-2.60037214234243	0	0.798830913073343	0.00113303671556528	0.0758050174849487	0.00226478965893175	0.0820740078573745	NA	"prevalence"	58	29
"g__VBAR01"	"City"	"ShangHai"	"CityShangHai"	-2.46535454057594	0	0.757998876926326	0.00114414143042588	0.0762961680183993	0.00228697380123894	0.08262135382866	NA	"prevalence"	58	35
"g__Pelomonas"	"City"	"ShangHai"	"CityShangHai"	-2.27015915747236	0	0.698616572120782	0.00115605398174901	0.0768377912066094	0.0023107715026893	0.0832234341508685	NA	"prevalence"	58	28
"g__VBCG01"	"City"	"ShangHai"	"CityShangHai"	-0.633925619292672	0.00758344118238435	0.183233122254674	0.00116637331500513	0.07727032628034	0.00116637331500513	0.0529587946023147	NA	"abundance"	58	58
"g__JAKLJW01"	"Organic.carbon"	"Organic.carbon"	"Organic.carbon"	1.61483200761007	0.0345941112785551	0.397174946495914	0.00117659342365162	0.0776934914796925	0.00235180247521866	0.0844405633333123	NA	"abundance"	58	26
"g__JACZXC01"	"City"	"ShangHai"	"CityShangHai"	1.0955966933964	0.00758344118238435	0.303294216216781	0.00118607600846166	0.0780653663751126	0.00237074524062547	0.0848595896099956	NA	"abundance"	58	39
"g__Segetibacter"	"City"	"ShangHai"	"CityShangHai"	-2.92976046491364	0	0.904215048716585	0.00119481629917492	0.0783861359769382	0.00238820501236106	0.0849633057598816	NA	"prevalence"	58	16
"g__JAKEFD01"	"City"	"ShangHai"	"CityShangHai"	0.939183788020955	0.00758344118238435	0.268526902444765	0.00120430496379997	0.0787537749230744	0.00120430496379997	0.0540501331637765	NA	"abundance"	58	57
"g__JACOVF01"	"City"	"ShangHai"	"CityShangHai"	1.90091733761875	0.00758344118238435	0.523403259054549	0.00122586606524011	0.0795437560263698	0.000283256531738789	0.0210529966169422	NA	"abundance"	58	35
"g__JAHWKZ01"	"City"	"ShangHai"	"CityShangHai"	0.970540460423988	0.00758344118238435	0.270692539658019	0.00123420343043534	0.0795437560263698	0.00246688360276299	0.0861858226366506	NA	"abundance"	58	42
"g__VGYC01"	"City"	"ShangHai"	"CityShangHai"	0.81016098946879	0.00758344118238435	0.230310832466837	0.00123147571491755	0.0795437560263698	0.00246143489739867	0.0861858226366506	NA	"abundance"	58	54
"g__JAKLJW01"	"City"	"ShangHai"	"CityShangHai"	2.26607683966838	0	0.700743827715267	0.00122147978348004	0.0795437560263698	0.00244146755409862	0.0858117014722193	NA	"prevalence"	58	26
"g__Parafilimonas"	"City"	"ShangHai"	"CityShangHai"	-3.15160590783318	0	0.975596907934334	0.00123600449626611	0.0795437560263698	9.84422525918948e-07	0.000239317217811421	NA	"prevalence"	58	42
"g__CADEEV01"	"Electric.conductivity"	"Electric.conductivity"	"Electric.conductivity"	-0.462472420127238	-0.0121146753971243	0.13085674233746	0.00124462767039724	0.0795960893009468	0.00124462767039724	0.0553838190910554	NA	"abundance"	58	58
"g__LMDS01"	"City"	"ShangHai"	"CityShangHai"	-2.56648286735213	0	0.794960503888836	0.00124467049666536	0.0795960893009468	0.00248779178868545	0.0863989356612217	NA	"prevalence"	58	36
"g__R267"	"City"	"ShangHai"	"CityShangHai"	2.42778714421269	0	0.754602411437235	0.00129400339419511	0.0824906817834064	0.00258633234360603	0.0890262894322677	NA	"prevalence"	58	27
"g__CF.72"	"City"	"ShangHai"	"CityShangHai"	-0.786295703260896	0.00758344118238435	0.230389555049936	0.00133643627373103	0.0841373793201103	0.00133643627373103	0.058627349166043	NA	"abundance"	58	56
"g__JABFXC01"	"City"	"ShangHai"	"CityShangHai"	-0.743111000614922	0.00758344118238435	0.209944304177825	0.00132803188145492	0.0841373793201103	0.00265430009423167	0.0910971405870276	NA	"abundance"	58	40
"g__JAMPXJ01"	"Electric.conductivity"	"Electric.conductivity"	"Electric.conductivity"	-0.537430323387544	-0.0121146753971243	0.139427341113989	0.00133228186606127	0.0841373793201103	0.00133228186606127	0.058627349166043	NA	"abundance"	58	27
"g__TH5896"	"City"	"ShangHai"	"CityShangHai"	1.25931649591626	0.00758344118238435	0.360883952165745	0.00133545134052782	0.0841373793201103	0.00266911925077271	0.0913371042148587	NA	"abundance"	58	49
"g__JACKEH01"	"N"	"N"	"N"	-0.590739961876007	-1.62516596965685e-15	0.120971710061937	0.00135087417607549	0.084783038072453	0.00269992349111139	0.0921210737361954	NA	"abundance"	58	17
"g__JALHOQ01"	"City"	"ShangHai"	"CityShangHai"	-1.00199152738648	0.00758344118238435	0.2851874043805	0.00136043865991753	0.0851197917094079	0.00160782923387732	0.0665310614543064	NA	"abundance"	58	41
"g__SHVZ01"	"All.carbon"	"All.carbon"	"All.carbon"	1.734709844075	0.0318470067372106	0.476492260200181	0.0013894855417147	0.0863655543125511	0.00277704041335876	0.0936317759297133	NA	"abundance"	58	38
"g__QHZQ01"	"City"	"ShangHai"	"CityShangHai"	2.44042460029695	0	0.763570306800568	0.00139313024172278	0.0863655543125511	0.00278431967157516	0.0936317759297133	NA	"prevalence"	58	30
"g__SXPK01"	"City"	"ShangHai"	"CityShangHai"	2.23035686837966	0	0.697566901364328	0.00138702498088694	0.0863655543125511	0.00277212612347627	0.0936317759297133	NA	"prevalence"	58	31
"g__Ilumatobacter_A"	"Electric.conductivity"	"Electric.conductivity"	"Electric.conductivity"	0.447115119611759	-0.0121146753971243	0.134996910727928	0.00141583426397252	0.0871688625517142	0.00141583426397252	0.0609521375550767	NA	"abundance"	58	57
"g__Brevundimonas"	"City"	"ShangHai"	"CityShangHai"	-3.1334519113969	0	0.982039172351841	0.0014189879953663	0.0871688625517142	0.00153867416090287	0.0645855711639408	NA	"prevalence"	58	43
"g__Sulfuricaulis"	"City"	"ShangHai"	"CityShangHai"	3.23429315037257	0	1.01349168109175	0.00141664538164109	0.0871688625517142	0.00141664538164109	0.0609521375550767	NA	"prevalence"	58	19
"g__RCIO01"	"City"	"ShangHai"	"CityShangHai"	-3.40382508578426	0	1.06711593373059	0.00142399594272817	0.0872122228126451	0.00284596412101144	0.0946141177438248	NA	"prevalence"	58	41
"g__JACZUI01"	"City"	"ShangHai"	"CityShangHai"	2.80564457299794	0	0.879839493605098	0.00142857720999588	0.0872292686778207	0.00285511358714684	0.0946486376375468	NA	"prevalence"	58	41
"g__JAJFKF01"	"City"	"ShangHai"	"CityShangHai"	0.848002249628041	0.00758344118238435	0.24039175670362	0.00144103923934358	0.0874633157484222	0.00288000188459783	0.0949342994106555	NA	"abundance"	58	43
"g__Solirubrobacter"	"Electric.conductivity"	"Electric.conductivity"	"Electric.conductivity"	0.690690368082916	-0.0121146753971243	0.207495104706504	0.00143773789616364	0.0874633157484222	0.00143773789616364	0.0614540787924304	NA	"abundance"	58	58
"g__JAEUKZ01"	"All.carbon"	"All.carbon"	"All.carbon"	1.3290411174492	0.0318470067372106	0.374474823450455	0.00147684378296364	0.0893688870693701	0.00147684378296364	0.0628952193554845	NA	"abundance"	58	52
"g__ALPHA2B"	"City"	"ShangHai"	"CityShangHai"	-2.49598338239847	0	0.785967216085267	0.00149483773528064	0.0901885433619317	0.00298744093070645	0.0973755536883062	NA	"prevalence"	58	17
"g__Abditibacterium"	"City"	"ShangHai"	"CityShangHai"	-3.15207938886954	0	0.992912615993253	0.00150054116436416	0.0902640073708912	0.00150054116436416	0.0634381506021034	NA	"prevalence"	58	14
"g__JABFRW01"	"City"	"ShangHai"	"CityShangHai"	0.875221657129726	0.00758344118238435	0.255344626592397	0.00153214326611195	0.0918923322207736	0.00306193906923601	0.0995258133674513	NA	"abundance"	58	55
"g__CAITWF01"	"City"	"ShangHai"	"CityShangHai"	-2.32124944259038	0	0.733807310105806	0.00155993845411444	0.09306347106236	0.00311744350024826	0.100271961312189	NA	"prevalence"	58	33
"g__JAJYHY01"	"City"	"ShangHai"	"CityShangHai"	2.55416043840394	0	0.80748000992096	0.00156085142863074	0.09306347106236	0.00311926660007923	0.100271961312189	NA	"prevalence"	58	38
"g__CAIYQJ01"	"K"	"K"	"K"	3.60677617445273e-16	0.0317270639778967	1.35534888799966e-15	0.00162341068319727	0.096509622785264	0.00324418590414822	0.103716178946591	NA	"abundance"	58	31
"g__Sphingobium"	"City"	"ShangHai"	"CityShangHai"	-1.07988568722261	0.00758344118238435	0.32302743379889	0.00163290633976643	0.0967902845606579	0.00326314629641841	0.103753825975222	NA	"abundance"	58	55
"g__Devosia_A"	"City"	"ShangHai"	"CityShangHai"	-1.32610330040327	0.00758344118238435	0.398433164542685	0.00165903739420936	0.0972019390711629	0.00165903739420936	0.0672448906540783	NA	"abundance"	58	57
"g__JACDCA01"	"City"	"ShangHai"	"CityShangHai"	-0.464318749915947	0.00758344118238435	0.138245370960276	0.00164814911627342	0.0972019390711629	0.00164814911627342	0.0672448906540783	NA	"abundance"	58	58
"g__RBG.16.40.8"	"Organic.carbon"	"Organic.carbon"	"Organic.carbon"	-1.86152997850285	0.0345941112785551	0.484310371789886	0.00165568417143047	0.0972019390711629	0.00330862705278542	0.104914046410198	NA	"abundance"	58	23
"g__SXOA01"	"City"	"ShangHai"	"CityShangHai"	0.510575790454052	0.00758344118238435	0.14802268155563	0.00168300516051589	0.0972019390711629	0.00168300516051589	0.0677206455795171	NA	"abundance"	58	58
"g__UBA12499"	"City"	"ShangHai"	"CityShangHai"	0.882377912503182	0.00758344118238435	0.260527650541209	0.00166425713023877	0.0972019390711629	0.00166425713023877	0.0672448906540783	NA	"abundance"	58	58
"g__OLB7"	"City"	"ShangHai"	"CityShangHai"	-2.71476114444024	0	0.864165040536291	0.00168093663278414	0.0972019390711629	0.00335904771760485	0.105404646491482	NA	"prevalence"	58	19
"g__Opi.474"	"City"	"ShangHai"	"CityShangHai"	-2.89295223720607	0	0.920082689396962	0.00166524103572359	0.0972019390711629	0.00332770904374012	0.105233162144725	NA	"prevalence"	58	42
"g__Pelagerythrobacter"	"City"	"ShangHai"	"CityShangHai"	-2.60924785480442	0	0.830605240728064	0.00168152896800253	0.0972019390711629	0.00336023039633483	0.105404646491482	NA	"prevalence"	58	32
"g__SHVW01"	"City"	"ShangHai"	"CityShangHai"	2.60490505876435	0	0.829194115484252	0.00168090523234071	0.0972019390711629	0.00335898502228131	0.105404646491482	NA	"prevalence"	58	39
"g__JANWWR01"	"City"	"ShangHai"	"CityShangHai"	0.594942171275893	0.00758344118238435	0.16873881518513	0.00170996337269236	0.0984783451455099	0.00341700277064877	0.106898137615819	NA	"abundance"	58	42
"g__Planctomicrobium"	"City"	"ShangHai"	"CityShangHai"	2.400340367533	0	0.765642918394949	0.00171815997334863	0.0986700820955335	0.00343336787300323	0.107122913663301	NA	"prevalence"	58	21
"g__Rhizorhabdus"	"City"	"ShangHai"	"CityShangHai"	-1.01780216618747	0.00758344118238435	0.302918791999583	0.00173616872164783	0.0991425699302674	0.00346932316146564	0.107668968008358	NA	"abundance"	58	48
"g__WS.8"	"City"	"ShangHai"	"CityShangHai"	0.997398277246475	0.00758344118238435	0.295657493506054	0.00173523725009783	0.0991425699302674	0.00173523725009783	0.0691074521207904	NA	"abundance"	58	55
"g__GWA1.39.11"	"City"	"ShangHai"	"CityShangHai"	2.67803515892729	0	0.855455691409767	0.0017448738879443	0.0993597849899069	0.00348670319100377	0.107921325028708	NA	"prevalence"	58	15
"g__JAHFUS01"	"City"	"ShangHai"	"CityShangHai"	-1.33374609296833	0.00758344118238435	0.37974189471141	0.00174984032296432	0.0993634818687193	0.00349661870477278	0.1079419144603	NA	"abundance"	58	34
"g__FEB.7"	"City"	"ShangHai"	"CityShangHai"	-0.884131566317838	0.00758344118238435	0.267836781525139	0.00177881113950396	0.100726422960961	0.00177881113950396	0.0706018611798356	NA	"abundance"	58	58
"g__AR12"	"City"	"ShangHai"	"CityShangHai"	0.743396730328695	0.00758344118238435	0.220976436692861	0.00183422658677757	0.102152311448227	0.00183422658677757	0.0717840120786855	NA	"abundance"	58	58
"g__JAJFKF01"	"City"	"ShangHai"	"CityShangHai"	2.99837868610703	0	0.962671348083745	0.00184166941505422	0.102285814745148	0.00288000188459783	0.0949342994106555	NA	"prevalence"	58	43
"g__JAEUJP01"	"City"	"ShangHai"	"CityShangHai"	0.674729236795988	0.00758344118238435	0.198048668694699	0.00184933230156237	0.102430777096372	0.00184933230156237	0.0719328620897709	NA	"abundance"	58	51
"g__JAEZAS01"	"City"	"ShangHai"	"CityShangHai"	0.4668932746916	0.00758344118238435	0.136669702320597	0.00192715822678124	0.105881329174468	0.00192715822678124	0.0737311781911815	NA	"abundance"	58	58
"g__JACQNT01"	"City"	"ShangHai"	"CityShangHai"	1.41028481274242	0.00758344118238435	0.410520681163565	0.0019395614500255	0.105980565269318	0.000932150339833067	0.046311890912667	NA	"abundance"	58	37
"g__UBA668"	"City"	"ShangHai"	"CityShangHai"	-0.823075782007407	0.00758344118238435	0.253819096650539	0.00211828269328751	0.113916820668711	0.00211828269328751	0.0784706055491173	NA	"abundance"	58	58
"g__WHTP01"	"City"	"ShangHai"	"CityShangHai"	-0.852684887537849	0.00758344118238435	0.263816312661389	0.00217516361046233	0.115873049123727	0.00217516361046233	0.0801650727543327	NA	"abundance"	58	58
"g__JACQXM01"	"City"	"ShangHai"	"CityShangHai"	3.33125153638143	0	1.0869201978347	0.00217776399546863	0.115873049123727	0.00217776399546863	0.0801650727543327	NA	"prevalence"	58	13
"g__AP.15"	"Electric.conductivity"	"Electric.conductivity"	"Electric.conductivity"	-0.369912461684355	-0.0121146753971243	0.110021551965838	0.00218877008869078	0.116153788580994	0.00218877008869078	0.0803168495752602	NA	"abundance"	58	58
"g__PNKL01"	"City"	"ShangHai"	"CityShangHai"	-0.689862224636062	0.00758344118238435	0.213634537199378	0.00222191479421796	0.116690820488048	0.00222191479421796	0.0808345238078112	NA	"abundance"	58	58
"g__JAEUMW01"	"City"	"ShangHai"	"CityShangHai"	1.5844284302307	0.00758344118238435	0.468318794671899	0.00226150286629712	0.117551759245064	0.000754914633910648	0.0395026854847684	NA	"abundance"	58	38
"g__UBA1161"	"City"	"ShangHai"	"CityShangHai"	-0.66991504668153	0.00758344118238435	0.208955291974113	0.00237868596117474	0.121462775327291	0.00237868596117474	0.0848834448958657	NA	"abundance"	58	58
"g__Luteitalea"	"City"	"ShangHai"	"CityShangHai"	-0.676980388589441	0.00758344118238435	0.211336712977826	0.00240641918557261	0.121822833289336	0.00240641918557261	0.0850924408377174	NA	"abundance"	58	58
"g__Nocardioides"	"Electric.conductivity"	"Electric.conductivity"	"Electric.conductivity"	0.630038981089082	-0.0121146753971243	0.200064189215694	0.00239909099330626	0.121822833289336	0.00239909099330626	0.0850911635285434	NA	"abundance"	58	58
"g__JAHDVS01"	"City"	"ShangHai"	"CityShangHai"	0.808771370525808	0.00758344118238435	0.247927242759127	0.00242230768629748	0.121894195844457	0.00242230768629748	0.0853954936296231	NA	"abundance"	58	57
"g__GCA.2726245"	"All.carbon"	"All.carbon"	"All.carbon"	0.945123792935321	0.0318470067372106	0.276837161739018	0.00247615552512825	0.1221329070691	0.00247615552512825	0.0862515188737958	NA	"abundance"	58	58
"g__Ilumatobacter"	"City"	"ShangHai"	"CityShangHai"	-0.757731796545884	0.00758344118238435	0.238163193944181	0.00252621657774288	0.123699184695661	0.00252621657774288	0.0874730600762067	NA	"abundance"	58	58
"g__PWLA01"	"All.carbon"	"All.carbon"	"All.carbon"	1.83397632029788	0.0318470067372106	0.52200778067726	0.00257569098014954	0.124914850597109	0.00257569098014954	0.0889223019152809	NA	"abundance"	58	29
"g__Longimicrobium"	"City"	"ShangHai"	"CityShangHai"	-3.32884890828151	0	1.10855129361289	0.00267435959079426	0.128658748049081	0.000320578404144031	0.0230100767132016	NA	"prevalence"	58	41
"g__SIBE01"	"K"	"K"	"K"	-0.282430947971838	0.0317270639778967	0.0990780033069321	0.00275012893425575	0.130114001891161	0.00275012893425575	0.0935605088449863	NA	"abundance"	58	58
"g__Povalibacter"	"Organic.carbon"	"Organic.carbon"	"Organic.carbon"	-1.53514545231731	0.0345941112785551	0.486261142274526	0.00278111862109565	0.131113573690351	0.00278111862109565	0.0936317759297133	NA	"abundance"	58	58
"g__AG11"	"All.carbon"	"All.carbon"	"All.carbon"	-1.90200938806227	0.0318470067372106	0.609439728080294	0.00279636409301398	0.131221974290693	0.00279636409301398	0.0937665879350004	NA	"abundance"	58	58
"g__CADEGR01"	"City"	"ShangHai"	"CityShangHai"	2.88209994639452	0	0.964089738011218	0.00279478402168655	0.131221974290693	5.93726673306508e-06	0.0010340591866886	NA	"prevalence"	58	44
"g__AR5"	"City"	"ShangHai"	"CityShangHai"	0.782974983651796	0.00758344118238435	0.244595996431373	0.00284080386827656	0.132387990845293	0.00284080386827656	0.0946141177438248	NA	"abundance"	58	58
"g__WYBW01"	"City"	"ShangHai"	"CityShangHai"	0.805898647828828	0.00758344118238435	0.251729897093076	0.00283639684038595	0.132387990845293	0.00283639684038595	0.0946141177438248	NA	"abundance"	58	58
"g__20CM.2.55.15"	"Electric.conductivity"	"Electric.conductivity"	"Electric.conductivity"	-0.42674978174717	-0.0121146753971243	0.131551031025058	0.00286950055105628	0.132917596662823	0.00286950055105628	0.0948560961197613	NA	"abundance"	58	58
"g__UBA2376"	"City"	"ShangHai"	"CityShangHai"	-0.518729312460348	0.00758344118238435	0.165416157715815	0.00295077849066394	0.135642135062901	0.00295077849066394	0.0969933357959367	NA	"abundance"	58	58
"g__SHXO01"	"Electric.conductivity"	"Electric.conductivity"	"Electric.conductivity"	-0.413492561944622	-0.0121146753971243	0.127916722373482	0.00297449241825953	0.136036140619861	0.00297449241825953	0.0972763262856753	NA	"abundance"	58	58
"g__UBA5066"	"City"	"ShangHai"	"CityShangHai"	3.71485343093919	0	1.25070822686198	0.00297606037226721	0.136036140619861	0.00297606037226721	0.0972763262856753	NA	"prevalence"	58	8
"g__Tsuneonella"	"City"	"ShangHai"	"CityShangHai"	-3.20198284592513	0	1.08281914543044	0.00310567522009785	0.137959526937374	0.000286858073520579	0.0211857396196939	NA	"prevalence"	58	45
"g__AG29"	"City"	"ShangHai"	"CityShangHai"	1.3127608401596	0.00758344118238435	0.406315306436774	0.00395479709886304	0.159386971745828	0.00134918244102634	0.0589648311023835	NA	"abundance"	58	31
"g__Mor1"	"City"	"ShangHai"	"CityShangHai"	2.6439603358062	0	0.922120871411708	0.00414042641914702	0.165363324524076	0.000381217528495489	0.0250776154895621	NA	"prevalence"	58	43
"g__UBA9160"	"City"	"ShangHai"	"CityShangHai"	2.11296497598343	0	0.736793079001959	0.00413354842931769	0.165363324524076	4.56043026137005e-05	0.00532156607199271	NA	"prevalence"	58	39
"g__Hylemonella"	"City"	"ShangHai"	"CityShangHai"	-2.12994566445012	0	0.764327545698107	0.00532490185439546	0.186577990077438	0.000606823283353186	0.0337191471116587	NA	"prevalence"	58	18
"g__Sphingomonas_B"	"City"	"ShangHai"	"CityShangHai"	-1.13680908994126	0.00758344118238435	0.389078044236683	0.00627530186488245	0.205846147904364	0.00110530632453546	0.051591278004017	NA	"abundance"	58	41
"g__20CM.4.69.16"	"City"	"ShangHai"	"CityShangHai"	2.08963048083592	0	0.765191178220429	0.00631691744526478	0.206473289700953	0.00108925743599344	0.0512521976637398	NA	"prevalence"	58	37
"g__JAKLKS01"	"City"	"ShangHai"	"CityShangHai"	1.68092667736813	0.00758344118238435	0.5732745488903	0.00655846723244324	0.210036726281342	0.00166541892184666	0.0672448906540783	NA	"abundance"	58	40
"g__JAFDVJ01"	"City"	"ShangHai"	"CityShangHai"	-2.78433115380191	0	1.02671568841892	0.00669025302231968	0.21224539791622	0.00150590176679944	0.0634381506021034	NA	"prevalence"	58	48
"g__JABSQW01"	"City"	"ShangHai"	"CityShangHai"	1.85176651875782	0	0.696128500275511	0.00781190885517035	0.233835473855266	0.00139935772485591	0.0607029936481175	NA	"prevalence"	58	36
"g__CAIMNF01"	"City"	"ShangHai"	"CityShangHai"	-2.50072723064415	0	0.988798454802517	0.0114369590956335	0.285917855401358	0.000127301032635927	0.0114267365371433	NA	"prevalence"	58	11
"g__BQJX01"	"City"	"ShangHai"	"CityShangHai"	1.99177568264279	0.00758344118238435	0.720107498388429	0.0122638942065668	0.29272816294466	0.000236332008814437	0.0183850547390378	NA	"abundance"	58	28
"g__JAFGSN01"	"City"	"ShangHai"	"CityShangHai"	1.97111338358371	0	0.809973230488881	0.0149514158365127	0.326202111268804	6.53704821801664e-06	0.00108972593794337	NA	"prevalence"	58	44
"g__Actinophytocola"	"City"	"ShangHai"	"CityShangHai"	-1.69775961882777	0	0.703781654431974	0.0158505555518368	0.336111362078281	0.00204965038446328	0.077152807536458	NA	"prevalence"	58	31
"g__CF.163"	"City"	"ShangHai"	"CityShangHai"	2.38550814059812	0	0.995551556604771	0.0165675238981565	0.342711065779009	0.00039604996125491	0.0254513258569443	NA	"prevalence"	58	43
"g__JACZXC01"	"City"	"ShangHai"	"CityShangHai"	1.76542909225314	0	0.745430493708144	0.0178683508798391	0.353047962023487	0.00237074524062547	0.0848595896099956	NA	"prevalence"	58	39
"g__SBAX01"	"City"	"ShangHai"	"CityShangHai"	2.17557648353323	0.00758344118238435	0.840990964527336	0.0185091119351457	0.360602509568343	0.000189518260729592	0.0157963470318115	NA	"abundance"	58	27
"g__Sediminibacterium"	"City"	"ShangHai"	"CityShangHai"	-2.38610868402624	0	1.02843079936188	0.0203330290792748	0.375401790068359	2.29889616091641e-05	0.00307122057657163	NA	"prevalence"	58	47
"g__JACORV01"	"City"	"ShangHai"	"CityShangHai"	1.64965516595065	0.00758344118238435	0.667953081923409	0.0228538209278087	0.398324964641594	0.000234193444992464	0.0183409618095105	NA	"abundance"	58	29
"g__JADJPQ01"	"City"	"ShangHai"	"CityShangHai"	0.703469645259614	0.00758344118238435	0.293098322788678	0.0259344695488167	0.426950480261627	0.00102420996963537	0.0487816576966334	NA	"abundance"	58	34
"g__Sphingomonas_N"	"City"	"ShangHai"	"CityShangHai"	-0.768213336057565	0.00758344118238435	0.33377826676917	0.027667519421726	0.438969408461794	0.00196629685470364	0.0749827385540419	NA	"abundance"	58	40
"g__PLA2"	"City"	"ShangHai"	"CityShangHai"	5.67858766947366	0.00758344118238435	2.30604406648263	0.0300974014097419	0.458403096452508	0.00045647727379974	0.0279890508804143	NA	"abundance"	58	20
"g__Minicystis"	"City"	"ShangHai"	"CityShangHai"	-2.01573291581234	0	0.942898734188992	0.0325326344077527	0.474425402623403	0.00125647866899475	0.0555373090473477	NA	"prevalence"	58	48
"g__JAGQJR01"	"City"	"ShangHai"	"CityShangHai"	0.826345012960208	0.00758344118238435	0.35945904965576	0.0365754863033518	0.497532324268486	0.000580200158705687	0.0326922235762324	NA	"abundance"	58	25
"g__SXPK01"	"City"	"ShangHai"	"CityShangHai"	1.09152047924509	0.00758344118238435	0.488969913225971	0.0370964251951382	0.499652376509609	0.00277212612347627	0.0936317759297133	NA	"abundance"	58	31
"g__JALHOE01"	"City"	"ShangHai"	"CityShangHai"	-2.17091033422666	0	1.04892550767811	0.0384849841121854	0.505762346846485	3.16978038948413e-05	0.0040204529744446	NA	"prevalence"	58	50
"g__SZUA.544"	"City"	"ShangHai"	"CityShangHai"	1.63573371412202	0.00758344118238435	0.738844303722598	0.0390053211817318	0.50781312611476	0.000113509428678303	0.010512234311485	NA	"abundance"	58	29
"g__SCTD01"	"City"	"ShangHai"	"CityShangHai"	-1.36593116606285	0.00758344118238435	0.6268842149683	0.0428744252585674	0.521425563954446	0.000685494760389555	0.0369091132043898	NA	"abundance"	58	27
"g__BOG.1460"	"City"	"ShangHai"	"CityShangHai"	2.24039686595019	0	1.1192483413704	0.045317250534371	0.529209155397237	0.00207211711537918	0.0773472524852366	NA	"prevalence"	58	53
"g__JAAELQ01"	"City"	"ShangHai"	"CityShangHai"	1.96777536393787	0	0.984321877070588	0.0455956119911167	0.53048717705574	8.74423552925201e-07	0.000221818444327917	NA	"prevalence"	58	50
"g__Polarisedimenticola"	"City"	"ShangHai"	"CityShangHai"	1.29670615002742	0	0.650625021663181	0.0462596829920391	0.532222641097966	0.00027271626170013	0.0203995260114027	NA	"prevalence"	58	34
"g__JACQFK01"	"Electric.conductivity"	"Electric.conductivity"	"Electric.conductivity"	-1.27534277335629	0	0.644023225579312	0.0476726921121652	0.535178223987558	0.00114452604798799	0.0523744096234192	NA	"prevalence"	58	55
"g__Promineofilum"	"City"	"ShangHai"	"CityShangHai"	1.1298164888584	0.00758344118238435	0.540832430593433	0.0487957106045793	0.540595626942628	0.000129763810640831	0.011558884781434	NA	"abundance"	58	34
"g__JAHFUS01"	"Electric.conductivity"	"Electric.conductivity"	"Electric.conductivity"	0.894993367428082	0	0.465493931141671	0.0545209261004911	0.56390214995365	0.00035940968473962	0.0239654377784379	NA	"prevalence"	58	34
"g__JACRBR01"	"City"	"ShangHai"	"CityShangHai"	1.47196743102749	0	0.770117666050245	0.0559591123031112	0.568275006181739	0.000105073010050475	0.0100499750350737	NA	"prevalence"	58	44
"g__SSA4"	"City"	"ShangHai"	"CityShangHai"	2.01402354442671	0.00758344118238435	0.97359087304865	0.0571624520067864	0.573539777356309	0.000673823720467624	0.0367422850193304	NA	"abundance"	58	25
"g__JAAFGM01"	"City"	"ShangHai"	"CityShangHai"	0.790326785742262	0.00758344118238435	0.396103927413429	0.0598933369455186	0.582050683873227	0.00032899816094172	0.0232501568893599	NA	"abundance"	58	35
"g__JAKLJW01"	"Organic.carbon"	"Organic.carbon"	"Organic.carbon"	-3.19278821956645	0	1.73169310148585	0.065221345337452	0.598859253185862	0.00235180247521866	0.0844405633333123	NA	"prevalence"	58	26
"g__Aeromicrobium"	"City"	"ShangHai"	"CityShangHai"	-1.86423064293518	0	1.01642965629756	0.0666395879743418	0.602842112395227	0.000138654908726039	0.0120763706625306	NA	"prevalence"	58	52
"g__VBAR01"	"City"	"ShangHai"	"CityShangHai"	-0.708725099665595	0.00758344118238435	0.373431028678808	0.0669952035712111	0.603611896353597	0.00228697380123894	0.08262135382866	NA	"abundance"	58	35
"g__JABFXC01"	"City"	"ShangHai"	"CityShangHai"	-1.37218527737386	0	0.750354118500793	0.067442025429803	0.605000941721654	0.00265430009423167	0.0910971405870276	NA	"prevalence"	58	40
"g__UBA5004"	"K"	"K"	"K"	-0.814439567868788	0	0.44637367179336	0.0680660937200854	0.607054928241782	0.00198661435830027	0.0752655939837853	NA	"prevalence"	58	36
"g__Chiayiivirga"	"City"	"ShangHai"	"CityShangHai"	-0.698454684153485	0.00758344118238435	0.371220996764292	0.0718964998023132	0.61418498398043	0.00142077139557639	0.0609521375550767	NA	"abundance"	58	29
"g__JACOSU01"	"City"	"ShangHai"	"CityShangHai"	1.67267005087603	0	0.942519930877376	0.0759509533408007	0.626139782889269	0.000774905672625547	0.0401883301949667	NA	"prevalence"	58	51
"g__JACQVS01"	"City"	"ShangHai"	"CityShangHai"	0.82301286872339	0.00758344118238435	0.439415806197163	0.0763678569529136	0.627026810915133	0.00179037249375535	0.0708198529818005	NA	"abundance"	58	32
"g__JAHWKZ01"	"City"	"ShangHai"	"CityShangHai"	1.40963756946134	0	0.799160316840252	0.0777490936207536	0.629756803748815	0.00246688360276299	0.0861858226366506	NA	"prevalence"	58	42
"g__CADCTB01"	"Electric.conductivity"	"Electric.conductivity"	"Electric.conductivity"	1.10356338747493	0	0.628712408757624	0.0792122223230849	0.633070889174629	0.000725403093216297	0.0384760395215499	NA	"prevalence"	58	51
"g__DSNU01"	"City"	"ShangHai"	"CityShangHai"	1.18885166900598	0.00758344118238435	0.615033414559705	0.0813008792446654	0.636676630595829	0.002223659451736	0.0808345238078112	NA	"abundance"	58	19
"g__JAFAYN01"	"City"	"ShangHai"	"CityShangHai"	-1.34154772932514	0.00758344118238435	0.703578106056309	0.0817189576790687	0.637892456707771	0.00119767927618537	0.0539603068486759	NA	"abundance"	58	19
"g__Pseudobdellovibrio"	"City"	"ShangHai"	"CityShangHai"	0.905462803451621	0.00758344118238435	0.464558718315734	0.0825789516947255	0.640640937124264	0.000594670516415888	0.0332019629476411	NA	"abundance"	58	18
"g__FEN.336"	"City"	"ShangHai"	"CityShangHai"	1.82060694542605	0	1.06133330324016	0.0862726409641463	0.651609157088366	6.3444323974852e-05	0.00691898893890232	NA	"prevalence"	58	53
"g__Nitrosocosmicus"	"City"	"ShangHai"	"CityShangHai"	-0.929837629176171	0.00758344118238435	0.517111674917876	0.0869177808959667	0.652329702907741	0.00115285831250211	0.0525496236272936	NA	"abundance"	58	28
"g__Fen.549"	"All.carbon"	"All.carbon"	"All.carbon"	-2.29569030823164	0	1.34229945590987	0.0872165325295666	0.652900128301098	0.00112792056626382	0.0520626456681441	NA	"prevalence"	58	36
"g__UTBCD1"	"City"	"ShangHai"	"CityShangHai"	-1.72862981031885	0	1.01639997872866	0.0889922435815219	0.658653071151738	9.58917693407387e-07	0.000238076820518528	NA	"prevalence"	58	52
"g__40CM.4.69.5"	"City"	"ShangHai"	"CityShangHai"	1.67057645921057	0	0.984419835501886	0.0896935880685542	0.660948170601865	3.5392546303889e-06	0.000724553724245757	NA	"prevalence"	58	51
"g__JACQWB01"	"City"	"ShangHai"	"CityShangHai"	1.70247118137645	0	1.00985589690896	0.0918236227647788	0.664343608636096	8.90779764944431e-06	0.0013967614262316	NA	"prevalence"	58	52
"g__SYSU.D60014"	"City"	"ShangHai"	"CityShangHai"	1.63741216392651	0	0.975373072249018	0.0931998535874125	0.665263180254939	0.000668179267798201	0.0366055581029916	NA	"prevalence"	58	48
"g__CADCTB01"	"City"	"ShangHai"	"CityShangHai"	-1.6199680737931	0	0.970345096517382	0.0950230372705328	0.670953330389495	9.18445499617415e-05	0.00909684530832636	NA	"prevalence"	58	51
"g__Nitrosomonas"	"City"	"ShangHai"	"CityShangHai"	1.54918128397166	0	0.967317370497525	0.109261068944671	0.693252078136578	0.000582215647630238	0.0326922235762324	NA	"prevalence"	58	51
"g__Palsa.881"	"City"	"ShangHai"	"CityShangHai"	-0.51959732603995	0.00758344118238435	0.320931891561806	0.114894900188078	0.700917669760071	0.000680272003885224	0.0369091132043898	NA	"abundance"	58	33
"g__TH5896"	"City"	"ShangHai"	"CityShangHai"	1.43290986162454	0	0.919140184812172	0.119004024782583	0.709480371022123	0.00266911925077271	0.0913371042148587	NA	"prevalence"	58	49
"g__WVWW01"	"City"	"ShangHai"	"CityShangHai"	1.54179183074024	0	0.99868149105982	0.122630156234154	0.715033379870024	0.00043545525813962	0.0270283372725065	NA	"prevalence"	58	50
"g__Hyphomicrobium_A"	"City"	"ShangHai"	"CityShangHai"	-1.63131778313635	0	1.07638182719918	0.129631461008068	0.720803286113243	0.000715898831040541	0.0381453126000551	NA	"prevalence"	58	53
"g__JACKEH01"	"N"	"N"	"N"	1.67387883919599	0	1.14424006029546	0.143501906181242	0.745975448828849	0.00269992349111139	0.0921210737361954	NA	"prevalence"	58	17
"g__UTPLA1"	"City"	"ShangHai"	"CityShangHai"	1.18032628639395	0.00758344118238435	0.783732686330355	0.154262544678313	0.760021927173067	0.000582739095368613	0.0326922235762324	NA	"abundance"	58	24
"g__JAEWQP01"	"City"	"ShangHai"	"CityShangHai"	1.00111589581716	0.00758344118238435	0.686070683323567	0.162720576341383	0.769279739643779	0.00124825986982154	0.0553838190910554	NA	"abundance"	58	30
"g__Phnomibacter"	"City"	"ShangHai"	"CityShangHai"	-0.56585488333314	0.00758344118238435	0.398140851563288	0.164336183346271	0.770714386393947	0.00124266770145265	0.0553838190910554	NA	"abundance"	58	31
"g__PALSA.1295"	"City"	"ShangHai"	"CityShangHai"	-0.558904896693865	0.00758344118238435	0.395003309344979	0.16889632289348	0.775458459889243	0.000636815468817484	0.0350518854039208	NA	"abundance"	58	28
"g__Albitalea"	"City"	"ShangHai"	"CityShangHai"	-1.22643807458941	0	0.897339938835444	0.171704129441828	0.78037067442014	0.000929382578997579	0.046311890912667	NA	"prevalence"	58	52
"g__Lysobacter_C"	"City"	"ShangHai"	"CityShangHai"	-1.22504336373498	0	0.901633418761622	0.174243768445093	0.782306497400623	0.00109959503816591	0.0515308212865783	NA	"prevalence"	58	49
"g__JABFRW01"	"City"	"ShangHai"	"CityShangHai"	1.4954230900398	0	1.1049260329872	0.175923196981807	0.784454085984856	0.00306193906923601	0.0995258133674513	NA	"prevalence"	58	55
"g__JACPCG01"	"City"	"ShangHai"	"CityShangHai"	1.08327849649671	0	0.837500820679944	0.195850076363672	0.803761336498419	0.000219240448959655	0.0177412311643607	NA	"prevalence"	58	49
"g__JAHWLC01"	"City"	"ShangHai"	"CityShangHai"	0.475203397067938	0.00758344118238435	0.347008812304719	0.196933761094537	0.804255290585133	0.00169788143855729	0.0680844622217353	NA	"abundance"	58	26
"g__JACCZL01"	"City"	"ShangHai"	"CityShangHai"	-0.306212742517397	0.00758344118238435	0.239766501873255	0.20513757286705	0.809213568538218	0.000418893225276553	0.0264219732202816	NA	"abundance"	58	36
"g__JAEUHS01"	"City"	"ShangHai"	"CityShangHai"	1.21449800846983	0	0.962041788422213	0.206798737808203	0.811302104917687	0.00198186619752197	0.0752655939837853	NA	"prevalence"	58	52
"g__JAJDVG01"	"City"	"ShangHai"	"CityShangHai"	0.818541681100863	0.00758344118238435	0.635219777412708	0.220444125005197	0.828637734490146	0.00183935381022598	0.0717840120786855	NA	"abundance"	58	25
"g__UBA2466"	"City"	"ShangHai"	"CityShangHai"	-0.360706801625114	0.00758344118238435	0.290370202183797	0.220692560233728	0.829110374547468	0.00226478965893175	0.0820740078573745	NA	"abundance"	58	29
"g__40CM.2.70.7"	"City"	"ShangHai"	"CityShangHai"	0.878560826945896	0.00758344118238435	0.716328485226563	0.241962161029536	0.847683979600821	0.000216545459529	0.017670412358349	NA	"abundance"	58	24
"g__Pelomicrobium"	"City"	"ShangHai"	"CityShangHai"	1.44578012170279	0.00758344118238435	1.20382231061088	0.253627653118166	0.85677756021502	0.000579341521249598	0.0326922235762324	NA	"abundance"	58	21
"g__CF.162"	"City"	"ShangHai"	"CityShangHai"	0.680289404739074	0.00758344118238435	0.576263220519594	0.257888217385102	0.858188194013743	0.000150354641407024	0.0129006493424895	NA	"abundance"	58	28
"g__R267"	"City"	"ShangHai"	"CityShangHai"	1.09451293044262	0.00758344118238435	0.928330461183526	0.258025324019041	0.858188194013743	0.00258633234360603	0.0890262894322677	NA	"abundance"	58	27
"g__LMDS01"	"City"	"ShangHai"	"CityShangHai"	-0.547022973427613	0.00758344118238435	0.481086966466305	0.260346909639518	0.858589971077324	0.00248779178868545	0.0863989356612217	NA	"abundance"	58	36
"g__WS.3"	"City"	"ShangHai"	"CityShangHai"	1.10834183494341	0	1.00246597779555	0.268893016198052	0.863236571364974	3.74013140112268e-05	0.00459406245470532	NA	"prevalence"	58	53
"g__Chitinophaga"	"City"	"ShangHai"	"CityShangHai"	-0.326312412111826	0.00758344118238435	0.30012887083426	0.276563468379493	0.870165382271017	0.001624539335442	0.0669849805840026	NA	"abundance"	58	38
"g__JACZUI01"	"City"	"ShangHai"	"CityShangHai"	0.47382414915696	0.00758344118238435	0.42066416205622	0.277374924905746	0.870214352584318	0.00285511358714684	0.0946486376375468	NA	"abundance"	58	41
"g__2.12.FULL.68.20"	"City"	"ShangHai"	"CityShangHai"	1.11277892320521	0	1.06772832146907	0.297322233550448	0.881231988776899	8.47398291472211e-05	0.00867393917823617	NA	"prevalence"	58	54
"g__VGYC01"	"City"	"ShangHai"	"CityShangHai"	1.10622142097025	0	1.07599675053697	0.303907528357165	0.883500094386387	0.00246143489739867	0.0861858226366506	NA	"prevalence"	58	54
"g__JAEUKZ01"	"City"	"ShangHai"	"CityShangHai"	0.949131391178629	0	0.926327677572741	0.305543784429163	0.884484828650113	0.000388492239010803	0.0253257873576372	NA	"prevalence"	58	52
"g__JAFGMS01"	"City"	"ShangHai"	"CityShangHai"	-0.804654396878941	0.00758344118238435	0.763532329403511	0.310477177821037	0.887477911560641	0.00186510950715107	0.0723055243818799	NA	"abundance"	58	19
"g__WS.9"	"City"	"ShangHai"	"CityShangHai"	1.01197163606623	0	1.04485659833907	0.332781332343681	0.897225477252278	0.00108575115891389	0.0512521976637398	NA	"prevalence"	58	55
"g__Niabella"	"City"	"ShangHai"	"CityShangHai"	-0.265772270541639	0.00758344118238435	0.289182509463759	0.35772933130484	0.909249263755966	0.00207470134783435	0.0773472524852366	NA	"abundance"	58	30
"g__Stella"	"City"	"ShangHai"	"CityShangHai"	0.135467079518314	0.00758344118238435	0.138735968506293	0.375929268456856	0.917515617281143	0.00201685531246973	0.0761640279650787	NA	"abundance"	58	34
"g__JACMLC01"	"City"	"ShangHai"	"CityShangHai"	-0.649491452173772	0.00758344118238435	0.726009463437301	0.377652609116807	0.918013237802645	0.001596027375111	0.0662777346625274	NA	"abundance"	58	27
"g__Anaeromyxobacter"	"City"	"ShangHai"	"CityShangHai"	-0.895400527944232	0	1.15027175641027	0.436318384419477	0.937689599324051	0.000773265347092558	0.0401883301949667	NA	"prevalence"	58	51
"g__JACPDH01"	"City"	"ShangHai"	"CityShangHai"	0.383598899467865	0.00758344118238435	0.473039805530922	0.445806382036068	0.942255593977675	0.0016464045183233	0.0672448906540783	NA	"abundance"	58	18
"g__RBG.16.40.8"	"City"	"ShangHai"	"CityShangHai"	-0.219439444377494	0.00758344118238435	0.288548043076819	0.445733813668825	0.942255593977675	0.00205849555231534	0.0772366064307643	NA	"abundance"	58	23
"g__JAGWYX01"	"City"	"ShangHai"	"CityShangHai"	-0.337197355930804	0.00758344118238435	0.452760601706341	0.463160300214351	0.94639798277855	0.0019053366470608	0.0731360964952383	NA	"abundance"	58	19
"g__Pseudoduganella"	"City"	"ShangHai"	"CityShangHai"	-0.479407935939186	0.00758344118238435	0.731918635505489	0.513302526395922	0.954930732155252	0.000121007345894193	0.0109460055754987	NA	"abundance"	58	29
"g__ALPHA2B"	"City"	"ShangHai"	"CityShangHai"	0.213779508865193	0.00758344118238435	0.352089451069885	0.573725778821556	0.96415228287081	0.00298744093070645	0.0973755536883062	NA	"abundance"	58	17
"g__JAHBZM01"	"City"	"ShangHai"	"CityShangHai"	-0.255814671679153	0.00758344118238435	0.455078002398591	0.576173917600303	0.964774416611689	0.00221448270388023	0.0808345238078112	NA	"abundance"	58	18
"g__Schlesneria"	"City"	"ShangHai"	"CityShangHai"	0.42147014592766	0	0.841683610450661	0.616549522076187	0.971630716303087	0.00112614333964622	0.0520626456681441	NA	"prevalence"	58	51
"g__RCIO01"	"City"	"ShangHai"	"CityShangHai"	-0.0932184629086638	0.00758344118238435	0.199305189895872	0.620272557935953	0.972519793175763	0.00284596412101144	0.0946141177438248	NA	"abundance"	58	41
"g__Pelomonas"	"City"	"ShangHai"	"CityShangHai"	-0.230466063249705	0.00758344118238435	0.480813265407429	0.626350888344296	0.973086300110825	0.0023107715026893	0.0832234341508685	NA	"abundance"	58	28
"g__SHVZ01"	"All.carbon"	"All.carbon"	"All.carbon"	-0.540462821935636	0	1.26276596986817	0.668651704533839	0.977563704223856	0.00277704041335876	0.0936317759297133	NA	"prevalence"	58	38
"g__JAHWJV01"	"City"	"ShangHai"	"CityShangHai"	0.450513246943277	0.00758344118238435	1.0137113826539	0.669954549166406	0.977982013962503	0.000895716646400378	0.0452472621075585	NA	"abundance"	58	20
"g__JACCRE01"	"City"	"ShangHai"	"CityShangHai"	0.514752173515117	0.00758344118238435	1.17247818009255	0.675462584325704	0.978755752972229	0.00149609407451638	0.0634381506021034	NA	"abundance"	58	19
"g__Accumulibacter"	"City"	"ShangHai"	"CityShangHai"	-0.465865241615635	0.00758344118238435	1.15235878100943	0.690832020897583	0.980043292774715	0.00100710457813997	0.0485615839765097	NA	"abundance"	58	17
"g__Fen.1245"	"City"	"ShangHai"	"CityShangHai"	0.251406111768391	0.00758344118238435	0.617721428977573	0.699179102693666	0.981913011931015	0.000336933072196395	0.0234028096396413	NA	"abundance"	58	22
"g__JACQAF01"	"City"	"ShangHai"	"CityShangHai"	-0.528117939039616	0.00758344118238435	1.42372432856122	0.711350948594985	0.983732969939348	5.4018665391557e-05	0.00606099813898153	NA	"abundance"	58	26
"g__UBA1952"	"City"	"ShangHai"	"CityShangHai"	0.277201599695659	0.00758344118238435	0.753708494851251	0.726037795694958	0.985222450922297	0.000522628142455066	0.0311150397668784	NA	"abundance"	58	22
"g__Sphingobium_A"	"City"	"ShangHai"	"CityShangHai"	-0.186502715159705	0.00758344118238435	0.574440011185573	0.741508758226417	0.987361718136167	0.000788357183858828	0.0407050441524277	NA	"abundance"	58	21
"g__JADGPY01"	"City"	"ShangHai"	"CityShangHai"	-0.384632316864708	0.00758344118238435	1.20960381011395	0.752434108177649	0.988368470026262	0.00180474012698827	0.0709074496357781	NA	"abundance"	58	19
"g__Gp7.AA6"	"Electric.conductivity"	"Electric.conductivity"	"Electric.conductivity"	0.203815861597234	0	0.641647541857487	0.750754556921843	0.988368470026262	4.10202374571209e-05	0.00493469227718705	NA	"prevalence"	58	57
"g__Nitrospira_F"	"Electric.conductivity"	"Electric.conductivity"	"Electric.conductivity"	0.203815861597234	0	0.641647541857487	0.750754556921843	0.988368470026262	5.69392369470403e-07	0.000154517199054654	NA	"prevalence"	58	57
"g__JACPIY01"	"City"	"ShangHai"	"CityShangHai"	-0.355253754147814	0.00758344118238435	1.36504380947326	0.794901899986438	0.991511433677167	0.00189518345610017	0.0729864546179304	NA	"abundance"	58	21
"g__Byssovorax"	"City"	"ShangHai"	"CityShangHai"	-0.063332034989818	0.00758344118238435	0.268813290495743	0.795525682488557	0.991634470881364	0.00180171195021385	0.0709074496357781	NA	"abundance"	58	29
"g__SPBQ01"	"City"	"ShangHai"	"CityShangHai"	-0.0821598251661778	0.00758344118238435	0.348203570710476	0.799956696345978	0.992634708306854	0.00188316208412998	0.0727636369526912	NA	"abundance"	58	27
"g__QHZQ01"	"City"	"ShangHai"	"CityShangHai"	0.104600762463799	0.00758344118238435	0.400033323275081	0.811117709542085	0.994686337528254	0.00278431967157516	0.0936317759297133	NA	"abundance"	58	30
"g__JAGWAZ01"	"City"	"ShangHai"	"CityShangHai"	-0.176832936889382	0.00758344118238435	0.765789026356683	0.815135983120298	0.99538931389908	0.00113624222597341	0.0522000414759201	NA	"abundance"	58	19
"g__JAKLJW01"	"City"	"ShangHai"	"CityShangHai"	-0.0365024204890612	0.00758344118238435	0.192954491460279	0.823673604312432	0.995591438036111	0.00244146755409862	0.0858117014722193	NA	"abundance"	58	26
"g__Pseudorhodoferax"	"City"	"ShangHai"	"CityShangHai"	-0.144303546432944	0.00758344118238435	0.70501130677316	0.832792500467489	0.995591438036111	0.00163818745309741	0.0672448906540783	NA	"abundance"	58	21
"g__Sphingomonas_G"	"City"	"ShangHai"	"CityShangHai"	-0.0620298228199036	0.00758344118238435	0.324825861285474	0.833127146563594	0.995591438036111	0.00101546311466883	0.0487093195808716	NA	"abundance"	58	28
"g__SZUA.265"	"Electric.conductivity"	"Electric.conductivity"	"Electric.conductivity"	-0.0839704379273204	0	0.360981777111962	0.816058954642888	0.995591438036111	0.00170649672344612	0.0681955831023725	NA	"prevalence"	58	37
"g__BOG.1363"	"City"	"ShangHai"	"CityShangHai"	-0.119353096392368	0.00758344118238435	0.632075279208425	0.843153961330772	0.996498895505845	0.00138054539904522	0.0601103890352935	NA	"abundance"	58	26
"g__JAFGQR01"	"City"	"ShangHai"	"CityShangHai"	-0.0354854578825512	0.00758344118238435	0.24385722192851	0.862471738245362	0.996498895505845	0.0020901871645554	0.0776764140866147	NA	"abundance"	58	28
"g__JAGQIB01"	"City"	"ShangHai"	"CityShangHai"	-0.214065858686502	0.00758344118238435	1.1960751879075	0.856682711305994	0.996498895505845	0.00159094470982957	0.0662777346625274	NA	"abundance"	58	18
"g__Segetibacter"	"City"	"ShangHai"	"CityShangHai"	-0.228833029465276	0.00758344118238435	1.23610210130435	0.85306903927126	0.996498895505845	0.00238820501236106	0.0849633057598816	NA	"abundance"	58	16
"g__JAGIAR01"	"City"	"ShangHai"	"CityShangHai"	-0.0514120850572935	0.00758344118238435	0.381314569186327	0.879343806942726	0.997873130926335	0.000399848995720922	0.0254963821369805	NA	"abundance"	58	24
"g__Opitutus"	"Electric.conductivity"	"Electric.conductivity"	"Electric.conductivity"	-0.0774513322763801	0	0.547517046620608	0.887507176747876	0.997927641313165	0.000996154727463047	0.0484338729781929	NA	"prevalence"	58	50
"g__JACDAN01"	"Electric.conductivity"	"Electric.conductivity"	"Electric.conductivity"	-0.0700205800760679	0	0.501956804699157	0.889058824754711	0.998518578075383	0.000542687599669214	0.031982937376465	NA	"prevalence"	58	53
"g__Terrihabitans"	"City"	"ShangHai"	"CityShangHai"	-0.0778877200916139	0.00758344118238435	0.647841754888272	0.89696609036864	0.999177904602971	0.000994050269826969	0.0484338729781929	NA	"abundance"	58	23
"g__JACPZP01"	"City"	"ShangHai"	"CityShangHai"	-0.153434545166149	0	1.24897650114546	0.90222728609695	0.999177904602971	5.92351218719536e-05	0.00652089280305496	NA	"prevalence"	58	57
"g__Chth.196"	"Electric.conductivity"	"Electric.conductivity"	"Electric.conductivity"	-0.0585120113420237	0	0.500205676160485	0.906879147896715	0.999215088377942	0.00118859602757893	0.0537586319605369	NA	"prevalence"	58	47
"g__JABFSC01"	"City"	"ShangHai"	"CityShangHai"	-0.146533283331925	0	1.28113407290914	0.908938319837011	0.999215088377942	5.88821271691986e-05	0.00652089280305496	NA	"prevalence"	58	57
"g__JAHFDN01"	"City"	"ShangHai"	"CityShangHai"	-0.0396760266722476	0.00758344118238435	0.420668006512879	0.913173226665756	0.999697018444117	0.0015889815347275	0.0662777346625274	NA	"abundance"	58	17
"g__JADGQW01"	"City"	"ShangHai"	"CityShangHai"	-0.0721645354494434	0.00758344118238435	0.899861790944998	0.930999442953199	0.999725269740711	0.000546801323316596	0.0320634404109616	NA	"abundance"	58	19
"g__JACOUI01"	"City"	"ShangHai"	"CityShangHai"	0.00482247788470307	0.00758344118238435	0.531047671502217	0.995937350409307	1	0.00097925580903937	0.0480123362843715	NA	"abundance"	58	22
"g__JADMII01"	"City"	"ShangHai"	"CityShangHai"	1.88584900745741	0	0.758573637505995	0.0129171243716596	0.301135481140382	4.07147953818132e-06	0.000798040936883071	"Prevalence association possibly induced by stronger abundance association"	"prevalence"	58	41
"g__Gp22.AA3"	"City"	"ShangHai"	"CityShangHai"	1.95645831338617	0	0.847906871580338	0.0210326627533251	0.383429981416732	6.14734832371511e-07	0.000163030471794163	"Prevalence association possibly induced by stronger abundance association"	"prevalence"	58	46
"g__G020349025"	"City"	"ShangHai"	"CityShangHai"	2.1460457426173	0	0.954174358951467	0.0245053218255205	0.412601232597136	9.00113683588444e-09	7.00228438252903e-06	"Prevalence association possibly induced by stronger abundance association"	"prevalence"	58	48
"g__DTUCFX13"	"City"	"ShangHai"	"CityShangHai"	1.46759008218246	0	0.77997487426443	0.0598922000449911	0.582050683873227	1.16597628552206e-07	4.53525909191899e-05	"Prevalence association possibly induced by stronger abundance association"	"prevalence"	58	44
"g__DSNY01"	"City"	"ShangHai"	"CityShangHai"	1.2795837260336	0	0.71705718650687	0.0743435468493136	0.621542508747304	4.64717043313634e-06	0.000856305478184164	"Prevalence association possibly induced by stronger abundance association"	"prevalence"	58	44
"g__SMYC01"	"City"	"ShangHai"	"CityShangHai"	1.53472761263303	0	0.872878973929757	0.0787072887247068	0.63149562456527	7.79856179633498e-10	1.13751772001791e-06	"Prevalence association possibly induced by stronger abundance association"	"prevalence"	58	50
"g__AA152"	"City"	"ShangHai"	"CityShangHai"	1.43680343567234	0	0.903075215935972	0.111606892581842	0.695782450964488	2.71690195250418e-05	0.00352261432041903	"Prevalence association possibly induced by stronger abundance association"	"prevalence"	58	48
"g__UBA2475"	"City"	"ShangHai"	"CityShangHai"	-1.57610183285018	0	1.05093442293599	0.133688313685666	0.724827358929077	1.69903407343241e-07	6.00788745541905e-05	"Prevalence association possibly induced by stronger abundance association"	"prevalence"	58	53
"g__JAGWBS01"	"City"	"ShangHai"	"CityShangHai"	1.03603404783299	0	0.705392063337651	0.141904666605799	0.743861843798072	0.000269605209412771	0.0202969237976621	"Prevalence association possibly induced by stronger abundance association"	"prevalence"	58	44
"g__WS.2"	"City"	"ShangHai"	"CityShangHai"	1.2632849728853	0	0.896708630512399	0.158893703557557	0.766612835247734	3.03631534581683e-07	9.32388520272016e-05	"Prevalence association possibly induced by stronger abundance association"	"prevalence"	58	51
"g__JAHFBB01"	"City"	"ShangHai"	"CityShangHai"	1.29596900463713	0	0.923961294205631	0.160729405032415	0.767940021388586	0.000112645000768907	0.010512234311485	"Prevalence association possibly induced by stronger abundance association"	"prevalence"	58	47
"g__VGRF01"	"City"	"ShangHai"	"CityShangHai"	1.40748333246016	0	1.00663682238378	0.162051905163609	0.768659675689785	3.4424098169783e-06	0.000717312145612853	"Prevalence association possibly induced by stronger abundance association"	"prevalence"	58	52
"g__Microbacterium"	"City"	"ShangHai"	"CityShangHai"	-1.49886576087148	0	1.11801864639836	0.180035840429301	0.785750155076904	1.33410020364266e-07	5.02181137945362e-05	"Prevalence association possibly induced by stronger abundance association"	"prevalence"	58	54
"g__GCA.2687015"	"City"	"ShangHai"	"CityShangHai"	1.36187780837138	0	1.02488125510812	0.183908940246596	0.78949842686324	7.96122894376472e-05	0.00829460540578487	"Prevalence association possibly induced by stronger abundance association"	"prevalence"	58	54
"g__JACPHL01"	"City"	"ShangHai"	"CityShangHai"	1.36187780837138	0	1.02488125510812	0.183908940246596	0.78949842686324	1.61965844736045e-07	5.90618575695284e-05	"Prevalence association possibly induced by stronger abundance association"	"prevalence"	58	54
"g__Palsa.189"	"City"	"ShangHai"	"CityShangHai"	0.852908916823042	0	0.661576894552633	0.197326471841114	0.804255290585133	2.31611458341163e-05	0.00307122057657163	"Prevalence association possibly induced by stronger abundance association"	"prevalence"	58	33
"g__Rhizobacter"	"City"	"ShangHai"	"CityShangHai"	-1.39382910191251	0	1.08910435098617	0.200617630731577	0.804535891046037	6.86992811835818e-05	0.00735460469845152	"Prevalence association possibly induced by stronger abundance association"	"prevalence"	58	54
"g__AG41"	"City"	"ShangHai"	"CityShangHai"	1.40691928221698	0	1.13290048529376	0.21428317651874	0.819922339446565	1.75333081386952e-09	1.85996520609486e-06	"Prevalence association possibly induced by stronger abundance association"	"prevalence"	58	55
"g__Croceibacterium"	"City"	"ShangHai"	"CityShangHai"	-1.36015030925284	0	1.09918233607959	0.21593116279675	0.822347648359141	3.72738681631013e-06	0.000749911668267636	"Prevalence association possibly induced by stronger abundance association"	"prevalence"	58	55
"g__Variovorax"	"City"	"ShangHai"	"CityShangHai"	-1.21546203858686	0	1.02661827512012	0.236433884816115	0.843242032546145	1.39638423046762e-09	1.62944075853266e-06	"Prevalence association possibly induced by stronger abundance association"	"prevalence"	58	54
"g__CAMASH01"	"P"	"P"	"P"	-0.396344843316374	0	0.339894171564949	0.243580855866521	0.848070941126296	0.000357920545436041	0.0239654377784379	"Prevalence association possibly induced by stronger abundance association"	"prevalence"	58	38
"g__46.32"	"City"	"ShangHai"	"CityShangHai"	-1.24492801388048	0	1.10036291923101	0.257895409624764	0.858188194013743	8.97738512017909e-06	0.0013967614262316	"Prevalence association possibly induced by stronger abundance association"	"prevalence"	58	54
"g__JAMPXJ01"	"Electric.conductivity"	"Electric.conductivity"	"Electric.conductivity"	-0.376178385683698	0	0.359627372817354	0.29555056463581	0.881231988776899	0.00133228186606127	0.058627349166043	"Prevalence association possibly induced by stronger abundance association"	"prevalence"	58	27
"g__JACQGN01"	"City"	"ShangHai"	"CityShangHai"	1.19491964182643	0	1.16235644397273	0.303942860016311	0.883500094386387	1.05398168932513e-05	0.00161827793851776	"Prevalence association possibly induced by stronger abundance association"	"prevalence"	58	55
"g__Luteolibacter"	"City"	"ShangHai"	"CityShangHai"	-0.856436333619121	0	0.865121799981634	0.322193469206562	0.892841624562038	0.000369656196384072	0.0245086258841235	"Prevalence association possibly induced by stronger abundance association"	"prevalence"	58	48
"g__CSP1.6"	"City"	"ShangHai"	"CityShangHai"	1.01197163606623	0	1.04485659833907	0.332781332343681	0.897225477252278	4.08836732357365e-07	0.000119267895746952	"Prevalence association possibly induced by stronger abundance association"	"prevalence"	58	55
"g__WS.7"	"City"	"ShangHai"	"CityShangHai"	1.01197163606623	0	1.04485659833907	0.332781332343681	0.897225477252278	3.67236235538915e-05	0.00455880811968468	"Prevalence association possibly induced by stronger abundance association"	"prevalence"	58	55
"g__Mycobacterium"	"City"	"ShangHai"	"CityShangHai"	-1.0059639416523	0	1.09080928389353	0.356414882855782	0.909249263755966	1.12912905976259e-05	0.00171114376602203	"Prevalence association possibly induced by stronger abundance association"	"prevalence"	58	56
"g__Luteimonas_D"	"City"	"ShangHai"	"CityShangHai"	-0.93535539634128	0	1.08008893054605	0.386490983042114	0.919685175937701	1.12894797310581e-06	0.000268850895881055	"Prevalence association possibly induced by stronger abundance association"	"prevalence"	58	55
"g__MYXO"	"City"	"ShangHai"	"CityShangHai"	0.742619730962676	0	0.885056470479877	0.401432947158566	0.926225088972204	8.73468835191904e-05	0.00886305029378637	"Prevalence association possibly induced by stronger abundance association"	"prevalence"	58	52
"g__Devosia_A"	"City"	"ShangHai"	"CityShangHai"	-0.942087075980122	0	1.15113720805505	0.413130614376222	0.930570277826469	0.00165903739420936	0.0672448906540783	"Prevalence association possibly induced by stronger abundance association"	"prevalence"	58	57
"g__PWLA01"	"All.carbon"	"All.carbon"	"All.carbon"	1.21269864807374	0	1.54259883552676	0.431785472660078	0.936149833643571	0.00257569098014954	0.0889223019152809	"Prevalence association possibly induced by stronger abundance association"	"prevalence"	58	29
"g__Flavipsychrobacter"	"City"	"ShangHai"	"CityShangHai"	-0.841007126062428	0	1.08016284562717	0.436219560816647	0.937689599324051	5.98976077625935e-08	2.5886858703026e-05	"Prevalence association possibly induced by stronger abundance association"	"prevalence"	58	54
"g__Ga0077523"	"City"	"ShangHai"	"CityShangHai"	0.859093450064185	0	1.10708076327013	0.43774963772604	0.937775712390431	0.000347954719615018	0.023744348673612	"Prevalence association possibly induced by stronger abundance association"	"prevalence"	58	55
"g__20CM.2.65.7"	"City"	"ShangHai"	"CityShangHai"	0.872657104091957	0	1.15234513840471	0.448877359939579	0.942255593977675	5.75872682873069e-13	6.71985833644584e-09	"Prevalence association possibly induced by stronger abundance association"	"prevalence"	58	56
"g__20CM.2.70.11"	"City"	"ShangHai"	"CityShangHai"	0.872657104091957	0	1.15234513840471	0.448877359939579	0.942255593977675	9.27692682912706e-05	0.00909684530832636	"Prevalence association possibly induced by stronger abundance association"	"prevalence"	58	56
"g__40CM.68.15"	"City"	"ShangHai"	"CityShangHai"	0.872657104091957	0	1.15234513840471	0.448877359939579	0.942255593977675	3.42046023913412e-05	0.00429175812155441	"Prevalence association possibly induced by stronger abundance association"	"prevalence"	58	56
"g__CAIXRL01"	"City"	"ShangHai"	"CityShangHai"	0.872657104091957	0	1.15234513840471	0.448877359939579	0.942255593977675	1.39374929674085e-05	0.00203295756795863	"Prevalence association possibly induced by stronger abundance association"	"prevalence"	58	56
"g__DP.23"	"City"	"ShangHai"	"CityShangHai"	0.872657104091957	0	1.15234513840471	0.448877359939579	0.942255593977675	0.000133619245284211	0.0118121437365262	"Prevalence association possibly induced by stronger abundance association"	"prevalence"	58	56
"g__JAABRB01"	"City"	"ShangHai"	"CityShangHai"	0.872657104091957	0	1.15234513840471	0.448877359939579	0.942255593977675	0.000315208003109246	0.0229885136767612	"Prevalence association possibly induced by stronger abundance association"	"prevalence"	58	56
"g__JACQVA1"	"City"	"ShangHai"	"CityShangHai"	0.872657104091957	0	1.15234513840471	0.448877359939579	0.942255593977675	0.000579867354365105	0.0326922235762324	"Prevalence association possibly induced by stronger abundance association"	"prevalence"	58	56
"g__JAIOPA01"	"City"	"ShangHai"	"CityShangHai"	0.872657104091957	0	1.15234513840471	0.448877359939579	0.942255593977675	0.000246156420373067	0.0190225117174392	"Prevalence association possibly induced by stronger abundance association"	"prevalence"	58	56
"g__JAIQFR01"	"City"	"ShangHai"	"CityShangHai"	0.872657104091957	0	1.15234513840471	0.448877359939579	0.942255593977675	2.05356924631861e-06	0.000452133953496073	"Prevalence association possibly induced by stronger abundance association"	"prevalence"	58	56
"g__JAKEHA01"	"City"	"ShangHai"	"CityShangHai"	0.872657104091957	0	1.15234513840471	0.448877359939579	0.942255593977675	8.35816459856531e-05	0.00863109935404058	"Prevalence association possibly induced by stronger abundance association"	"prevalence"	58	56
"g__RBG.16.71.46"	"City"	"ShangHai"	"CityShangHai"	0.872657104091957	0	1.15234513840471	0.448877359939579	0.942255593977675	0.000431195278135066	0.0269070465270486	"Prevalence association possibly induced by stronger abundance association"	"prevalence"	58	56
"g__VGEI01"	"City"	"ShangHai"	"CityShangHai"	0.583976621830739	0	0.797807789809926	0.464182859243258	0.94639798277855	0.000346441715028067	0.023744348673612	"Prevalence association possibly induced by stronger abundance association"	"prevalence"	58	51
"g__JACPFE01"	"City"	"ShangHai"	"CityShangHai"	0.796598397482789	0	1.16126076447127	0.492727491651609	0.950798376471745	4.54820178208415e-06	0.000856015590244193	"Prevalence association possibly induced by stronger abundance association"	"prevalence"	58	56
"g__VBDM01"	"City"	"ShangHai"	"CityShangHai"	0.616626409677692	0	0.968647981545964	0.524395444253998	0.957776714678992	4.52556334806786e-06	0.000856015590244193	"Prevalence association possibly induced by stronger abundance association"	"prevalence"	58	54
"g__JABFSC01"	"Electric.conductivity"	"Electric.conductivity"	"Electric.conductivity"	-0.434504979710668	0	0.693125296279694	0.53073922800531	0.958593891630845	0.000558847335390578	0.0326059477833633	"Prevalence association possibly induced by stronger abundance association"	"prevalence"	58	57
"g__Ferruginibacter"	"City"	"ShangHai"	"CityShangHai"	-0.707665228402487	0	1.13824442552788	0.534128364780612	0.959314027872684	8.20203638340899e-09	7.00228438252903e-06	"Prevalence association possibly induced by stronger abundance association"	"prevalence"	58	56
"g__WS.8"	"City"	"ShangHai"	"CityShangHai"	0.642003379797207	0	1.09184272187061	0.556532379297815	0.962470621931774	0.00173523725009783	0.0691074521207904	"Prevalence association possibly induced by stronger abundance association"	"prevalence"	58	55
"g__JACPPC01"	"City"	"ShangHai"	"CityShangHai"	-0.695659293579973	0	1.22763901989818	0.570942231482345	0.962993127220527	2.04852129155331e-05	0.00281225822954536	"Prevalence association possibly induced by stronger abundance association"	"prevalence"	58	57
"g__JABFRZ01"	"City"	"ShangHai"	"CityShangHai"	0.695224677959991	0	1.28438265881423	0.588307074275118	0.966882414138134	0.000836310616009195	0.0428022306061899	"Prevalence association possibly induced by stronger abundance association"	"prevalence"	58	57
"g__JACQFL01"	"City"	"ShangHai"	"CityShangHai"	0.695224677959991	0	1.28438265881423	0.588307074275118	0.966882414138134	0.000500455664248722	0.0301021502377234	"Prevalence association possibly induced by stronger abundance association"	"prevalence"	58	57
"g__SXND01"	"City"	"ShangHai"	"CityShangHai"	0.695224677959991	0	1.28438265881423	0.588307074275118	0.966882414138134	0.00100243108475917	0.048536798041721	"Prevalence association possibly induced by stronger abundance association"	"prevalence"	58	57
"g__JAEKLB01"	"City"	"ShangHai"	"CityShangHai"	-0.614939515458319	0	1.16465893774236	0.597499576509017	0.968489414166415	6.11940764039254e-06	0.00103488938776436	"Prevalence association possibly induced by stronger abundance association"	"prevalence"	58	57
"g__VFMC01"	"City"	"ShangHai"	"CityShangHai"	-0.614939515458319	0	1.16465893774236	0.597499576509017	0.968489414166415	0.000258444397759683	0.0195830368666087	"Prevalence association possibly induced by stronger abundance association"	"prevalence"	58	57
"g__Hyphomicrobium_C"	"City"	"ShangHai"	"CityShangHai"	0.580965704066701	0	1.1140033243962	0.602010396908676	0.970317943507224	0.000940726728782537	0.0465141533820484	"Prevalence association possibly induced by stronger abundance association"	"prevalence"	58	56
"g__Afipia"	"City"	"ShangHai"	"CityShangHai"	-0.57516543606127	0	1.14329023244965	0.614908651111741	0.971630716303087	8.02397051669068e-06	0.00130044044387866	"Prevalence association possibly induced by stronger abundance association"	"prevalence"	58	57
"g__JAHDVS01"	"City"	"ShangHai"	"CityShangHai"	0.587166900518963	0	1.17505764922693	0.617291970188684	0.971630716303087	0.00242230768629748	0.0853954936296231	"Prevalence association possibly induced by stronger abundance association"	"prevalence"	58	57
"g__Methylobacterium"	"City"	"ShangHai"	"CityShangHai"	-0.57516543606127	0	1.14329023244965	0.614908651111741	0.971630716303087	9.70807302996812e-05	0.00944029201555817	"Prevalence association possibly induced by stronger abundance association"	"prevalence"	58	57
"g__Flavitalea"	"City"	"ShangHai"	"CityShangHai"	-0.551394077212159	0	1.12020020376085	0.622558064397639	0.972519793175763	3.96625785326066e-07	0.000118672468947945	"Prevalence association possibly induced by stronger abundance association"	"prevalence"	58	56
"g__JAJVIP01"	"City"	"ShangHai"	"CityShangHai"	-0.551394077212159	0	1.12020020376085	0.622558064397639	0.972519793175763	4.80536206852733e-05	0.00549742842918092	"Prevalence association possibly induced by stronger abundance association"	"prevalence"	58	56
"g__CF.72"	"City"	"ShangHai"	"CityShangHai"	-0.525034088833584	0	1.13915718460348	0.644872529462172	0.973687027390606	0.00133643627373103	0.058627349166043	"Prevalence association possibly induced by stronger abundance association"	"prevalence"	58	56
"g__Lysobacter_A"	"City"	"ShangHai"	"CityShangHai"	-0.518984418927538	0	1.13565452710694	0.647677184729418	0.973687027390606	8.50529291440694e-09	7.00228438252903e-06	"Prevalence association possibly induced by stronger abundance association"	"prevalence"	58	56
"g__VFJQ01"	"City"	"ShangHai"	"CityShangHai"	-0.518984418927538	0	1.13565452710694	0.647677184729418	0.973687027390606	0.000741552934323986	0.0391546660209348	"Prevalence association possibly induced by stronger abundance association"	"prevalence"	58	56
"g__Telluria"	"City"	"ShangHai"	"CityShangHai"	-0.36789048923432	0	0.831774737351968	0.65827515557261	0.975535598752639	1.96759847717054e-05	0.00276282398214465	"Prevalence association possibly induced by stronger abundance association"	"prevalence"	58	52
"g__WHTO01"	"Organic.carbon"	"Organic.carbon"	"Organic.carbon"	-0.805689807018186	0	2.20536280883755	0.714863526076823	0.984117589087796	0.000932667269215592	0.046311890912667	"Prevalence association possibly induced by stronger abundance association"	"prevalence"	58	22
"g__Gemmatimonas"	"City"	"ShangHai"	"CityShangHai"	-0.432102478347401	0	1.22123620646967	0.723470909560119	0.984797893608398	2.34113936059543e-06	0.000505902874051632	"Prevalence association possibly induced by stronger abundance association"	"prevalence"	58	57
"g__JACDCH01"	"Electric.conductivity"	"Electric.conductivity"	"Electric.conductivity"	0.244791695232394	0	0.690300555722876	0.722877208312538	0.984797893608398	2.16846151369632e-05	0.00294229969806074	"Prevalence association possibly induced by stronger abundance association"	"prevalence"	58	57
"g__Palsa.1248"	"City"	"ShangHai"	"CityShangHai"	-0.432102478347401	0	1.22123620646967	0.723470909560119	0.984797893608398	6.09036154353149e-06	0.00103488938776436	"Prevalence association possibly induced by stronger abundance association"	"prevalence"	58	57
"g__Flavisolibacter"	"City"	"ShangHai"	"CityShangHai"	-0.391518582535413	0	1.14423072062261	0.73222483045109	0.986486459952449	1.09590634345125e-08	7.52243007160741e-06	"Prevalence association possibly induced by stronger abundance association"	"prevalence"	58	57
"g__Microvirga"	"City"	"ShangHai"	"CityShangHai"	-0.391518582535413	0	1.14423072062261	0.73222483045109	0.986486459952449	4.10338985457059e-06	0.000798040936883071	"Prevalence association possibly induced by stronger abundance association"	"prevalence"	58	57
"g__VBAT01"	"City"	"ShangHai"	"CityShangHai"	-0.391518582535413	0	1.14423072062261	0.73222483045109	0.986486459952449	9.01820797265529e-05	0.00907185076145815	"Prevalence association possibly induced by stronger abundance association"	"prevalence"	58	57
"g__Fen.549"	"Organic.carbon"	"Organic.carbon"	"Organic.carbon"	0.47385060923362	0	1.49117337729491	0.750659182153546	0.988368470026262	0.00033075036795216	0.0232501568893599	"Prevalence association possibly induced by stronger abundance association"	"prevalence"	58	36
"g__JANWVS01"	"City"	"ShangHai"	"CityShangHai"	0.279435632599016	0	0.915573664924299	0.760211711257083	0.988533682559585	0.000573644305628451	0.0326922235762324	"Prevalence association possibly induced by stronger abundance association"	"prevalence"	58	53
"g__AR9"	"City"	"ShangHai"	"CityShangHai"	0.341756313952502	0	1.14560964383356	0.765460243401987	0.988810938268342	5.04832015080225e-08	2.26572491691198e-05	"Prevalence association possibly induced by stronger abundance association"	"prevalence"	58	57
"g__WS.11"	"City"	"ShangHai"	"CityShangHai"	0.341756313952502	0	1.14560964383356	0.765460243401987	0.988810938268342	0.0001172160466687	0.0107700318785595	"Prevalence association possibly induced by stronger abundance association"	"prevalence"	58	57
"g__Nitrospira_A"	"Electric.conductivity"	"Electric.conductivity"	"Electric.conductivity"	-0.168979913001922	0	0.649692938856831	0.794792835835525	0.991511433677167	0.000321862518325222	0.0230100767132016	"Prevalence association possibly induced by stronger abundance association"	"prevalence"	58	57
"g__JAEUKZ01"	"All.carbon"	"All.carbon"	"All.carbon"	0.403095308946776	0	1.74052761515487	0.81685356608876	0.995591438036111	0.00147684378296364	0.0628952193554845	"Prevalence association possibly induced by stronger abundance association"	"prevalence"	58	52
"g__JAKEFD01"	"City"	"ShangHai"	"CityShangHai"	0.237970494215983	0	1.15083304871856	0.836180837193227	0.995591438036111	0.00120430496379997	0.0540501331637765	"Prevalence association possibly induced by stronger abundance association"	"prevalence"	58	57
"g__Puia"	"City"	"ShangHai"	"CityShangHai"	-0.243778112821476	0	1.19019828767079	0.83771164483821	0.995783788006266	7.81717541142868e-07	0.000202708044168803	"Prevalence association possibly induced by stronger abundance association"	"prevalence"	58	56
"g__Ilumatobacter_A"	"City"	"ShangHai"	"CityShangHai"	-0.181593154207167	0	1.21914547917565	0.881592158095701	0.997873130926335	0.000901140541920364	0.04532503872271	"Prevalence association possibly induced by stronger abundance association"	"prevalence"	58	57
"g__Chthoniobacter"	"City"	"ShangHai"	"CityShangHai"	-0.153434545166149	0	1.24897650114546	0.90222728609695	0.999177904602971	0.000482973042966295	0.0292011007169621	"Prevalence association possibly induced by stronger abundance association"	"prevalence"	58	57
"g__Lysobacter"	"City"	"ShangHai"	"CityShangHai"	-0.153434545166149	0	1.24897650114546	0.90222728609695	0.999177904602971	0.000382536254789789	0.0250776154895621	"Prevalence association possibly induced by stronger abundance association"	"prevalence"	58	57
"g__SXWH01"	"City"	"ShangHai"	"CityShangHai"	-0.153434545166149	0	1.24897650114546	0.90222728609695	0.999177904602971	9.24531251570437e-05	0.00909684530832636	"Prevalence association possibly induced by stronger abundance association"	"prevalence"	58	57
"g__VBAS01"	"City"	"ShangHai"	"CityShangHai"	-0.153434545166149	0	1.24897650114546	0.90222728609695	0.999177904602971	5.17187580983958e-07	0.000147196631280532	"Prevalence association possibly induced by stronger abundance association"	"prevalence"	58	57
"g__Ilumatobacter_A"	"Electric.conductivity"	"Electric.conductivity"	"Electric.conductivity"	0.0801439629040186	0	0.695146264496174	0.90821463716857	0.999215088377942	0.00141583426397252	0.0609521375550767	"Prevalence association possibly induced by stronger abundance association"	"prevalence"	58	57
"g__JAEUJP01"	"City"	"ShangHai"	"CityShangHai"	0.0503584759554427	0	0.815310388813294	0.950749165694402	1	0.00184933230156237	0.0719328620897709	"Prevalence association possibly induced by stronger abundance association"	"prevalence"	58	51
"g__2.02.FULL.62.14"	"City"	"ShangHai"	"CityShangHai"	NA	NA	NA	NA	NA	0.000148591833947755	0.0128438378543434	"No data points have the baseline factor level"	"abundance"	58	20
"g__Abditibacterium"	"City"	"ShangHai"	"CityShangHai"	NA	NA	NA	NA	NA	0.00150054116436416	0.0634381506021034	"对比只适用于有两个或多于两个水平的因子"	"abundance"	58	14
"g__Hymenobacter"	"City"	"ShangHai"	"CityShangHai"	NA	NA	NA	NA	NA	0.00106820275877519	0.0506701544396246	"对比只适用于有两个或多于两个水平的因子"	"abundance"	58	16
"g__JACDBE01"	"City"	"ShangHai"	"CityShangHai"	NA	NA	NA	NA	NA	0.000333398642351358	0.0232959805844191	"No data points have the baseline factor level"	"abundance"	58	21
"g__JACQXM01"	"City"	"ShangHai"	"CityShangHai"	NA	NA	NA	NA	NA	0.00217776399546863	0.0801650727543327	"No data points have the baseline factor level"	"abundance"	58	13
"g__JAFDDA01"	"City"	"ShangHai"	"CityShangHai"	NA	NA	NA	NA	NA	0.000161123743313851	0.0136242968168791	"No data points have the baseline factor level"	"abundance"	58	21
"g__JAKEEW01"	"City"	"ShangHai"	"CityShangHai"	NA	NA	NA	NA	NA	0.000158677534593281	0.0135153879647372	"对比只适用于有两个或多于两个水平的因子"	"abundance"	58	17
"g__JAKEFM01"	"City"	"ShangHai"	"CityShangHai"	NA	NA	NA	NA	NA	0.000222222754165252	0.0177610775229749	"No data points have the baseline factor level"	"abundance"	58	21
"g__QEVD01"	"City"	"ShangHai"	"CityShangHai"	NA	NA	NA	NA	NA	0.000692991949382614	0.0370941424648886	"No data points have the baseline factor level"	"abundance"	58	18
"g__Sulfuricaulis"	"City"	"ShangHai"	"CityShangHai"	NA	NA	NA	NA	NA	0.00141664538164109	0.0609521375550767	"No data points have the baseline factor level"	"abundance"	58	19
"g__UBA5066"	"City"	"ShangHai"	"CityShangHai"	NA	NA	NA	NA	NA	0.00297606037226721	0.0972763262856753	"No data points have the baseline factor level"	"abundance"	58	8
"g__UBA6910"	"City"	"ShangHai"	"CityShangHai"	NA	NA	NA	NA	NA	0.000438120699076693	0.0270498964948462	"No data points have the baseline factor level"	"abundance"	58	17
"g__VEOV01"	"City"	"ShangHai"	"CityShangHai"	NA	NA	NA	NA	NA	0.00011159342162776	0.0105014809433413	"No data points have the baseline factor level"	"abundance"	58	19
"g__2.02.FULL.66.14"	"City"	"ShangHai"	"CityShangHai"	NA	0	NA	NA	NA	0.000186975768478481	0.0156965485062978	"All logistic values are the same"	"prevalence"	58	58
"g__20CM.2.55.15"	"Electric.conductivity"	"Electric.conductivity"	"Electric.conductivity"	NA	0	NA	NA	NA	0.00286950055105628	0.0948560961197613	"All logistic values are the same"	"prevalence"	58	58
"g__AA29"	"City"	"ShangHai"	"CityShangHai"	NA	0	NA	NA	NA	1.63197640368207e-06	0.000373402601069922	"All logistic values are the same"	"prevalence"	58	58
"g__AA32"	"City"	"ShangHai"	"CityShangHai"	NA	0	NA	NA	NA	1.59764272922303e-08	9.81204895121236e-06	"All logistic values are the same"	"prevalence"	58	58
"g__Actinomarinicola"	"City"	"ShangHai"	"CityShangHai"	NA	0	NA	NA	NA	5.82421984363091e-06	0.00102973971750499	"All logistic values are the same"	"prevalence"	58	58
"g__AG11"	"All.carbon"	"All.carbon"	"All.carbon"	NA	0	NA	NA	NA	0.00279636409301398	0.0937665879350004	"All logistic values are the same"	"prevalence"	58	58
"g__AG11"	"City"	"ShangHai"	"CityShangHai"	NA	0	NA	NA	NA	1.10701701139249e-07	4.45440741584101e-05	"All logistic values are the same"	"prevalence"	58	58
"g__AG2"	"City"	"ShangHai"	"CityShangHai"	NA	0	NA	NA	NA	7.39241173541849e-06	0.0012149584864873	"All logistic values are the same"	"prevalence"	58	58
"g__Allosphingosinicella"	"City"	"ShangHai"	"CityShangHai"	NA	0	NA	NA	NA	1.88515482113516e-08	1.09989358039131e-05	"All logistic values are the same"	"prevalence"	58	58
"g__Anatilimnocola"	"City"	"ShangHai"	"CityShangHai"	NA	0	NA	NA	NA	0.000120568932881593	0.0109460055754987	"All logistic values are the same"	"prevalence"	58	58
"g__AP.15"	"Electric.conductivity"	"Electric.conductivity"	"Electric.conductivity"	NA	0	NA	NA	NA	0.00218877008869078	0.0803168495752602	"All logistic values are the same"	"prevalence"	58	58
"g__AR12"	"City"	"ShangHai"	"CityShangHai"	NA	0	NA	NA	NA	0.00183422658677757	0.0717840120786855	"All logistic values are the same"	"prevalence"	58	58
"g__AR5"	"City"	"ShangHai"	"CityShangHai"	NA	0	NA	NA	NA	0.00284080386827656	0.0946141177438248	"All logistic values are the same"	"prevalence"	58	58
"g__AR8"	"City"	"ShangHai"	"CityShangHai"	NA	0	NA	NA	NA	0.000630994683519237	0.0348960993459051	"All logistic values are the same"	"prevalence"	58	58
"g__Arenimonas"	"City"	"ShangHai"	"CityShangHai"	NA	0	NA	NA	NA	7.45876971297577e-09	7.00228438252903e-06	"All logistic values are the same"	"prevalence"	58	58
"g__Bradyrhizobium"	"City"	"ShangHai"	"CityShangHai"	NA	0	NA	NA	NA	7.3550286829871e-05	0.00773205672988977	"All logistic values are the same"	"prevalence"	58	58
"g__CADEEV01"	"City"	"ShangHai"	"CityShangHai"	NA	0	NA	NA	NA	3.13998218537392e-08	1.66547509641492e-05	"All logistic values are the same"	"prevalence"	58	58
"g__CADEEV01"	"Electric.conductivity"	"Electric.conductivity"	"Electric.conductivity"	NA	0	NA	NA	NA	0.00124462767039724	0.0553838190910554	"All logistic values are the same"	"prevalence"	58	58
"g__CAITIQ01"	"City"	"ShangHai"	"CityShangHai"	NA	0	NA	NA	NA	0.000250587346498188	0.0192375246466273	"All logistic values are the same"	"prevalence"	58	58
"g__CAIYRG01"	"City"	"ShangHai"	"CityShangHai"	NA	0	NA	NA	NA	0.00112878990093757	0.0520626456681441	"All logistic values are the same"	"prevalence"	58	58
"g__DP.1"	"City"	"ShangHai"	"CityShangHai"	NA	0	NA	NA	NA	5.17306298510878e-05	0.00586062834691595	"All logistic values are the same"	"prevalence"	58	58
"g__DP.3"	"City"	"ShangHai"	"CityShangHai"	NA	0	NA	NA	NA	0.00047027859419102	0.0285816714354949	"All logistic values are the same"	"prevalence"	58	58
"g__DP.6"	"City"	"ShangHai"	"CityShangHai"	NA	0	NA	NA	NA	1.2920117158588e-05	0.00190841578637422	"All logistic values are the same"	"prevalence"	58	58
"g__Entotheonella"	"City"	"ShangHai"	"CityShangHai"	NA	0	NA	NA	NA	0.000293558851799047	0.0215442656707112	"All logistic values are the same"	"prevalence"	58	58
"g__ER46"	"City"	"ShangHai"	"CityShangHai"	NA	0	NA	NA	NA	1.89676880335554e-06	0.000425642214737612	"All logistic values are the same"	"prevalence"	58	58
"g__F1.20.MAGs160"	"City"	"ShangHai"	"CityShangHai"	NA	0	NA	NA	NA	4.67466055587007e-05	0.00540085287390573	"All logistic values are the same"	"prevalence"	58	58
"g__F1.20.MAGs160"	"Electric.conductivity"	"Electric.conductivity"	"Electric.conductivity"	NA	0	NA	NA	NA	0.000745906475085989	0.0392071290890919	"All logistic values are the same"	"prevalence"	58	58
"g__FEB.7"	"City"	"ShangHai"	"CityShangHai"	NA	0	NA	NA	NA	0.00177881113950396	0.0706018611798356	"All logistic values are the same"	"prevalence"	58	58
"g__FEN.1219"	"City"	"ShangHai"	"CityShangHai"	NA	0	NA	NA	NA	0.000850305884106728	0.0433284688281284	"All logistic values are the same"	"prevalence"	58	58
"g__Fen.1231"	"City"	"ShangHai"	"CityShangHai"	NA	0	NA	NA	NA	0.000138678007436721	0.0120763706625306	"All logistic values are the same"	"prevalence"	58	58
"g__GCA.2726245"	"All.carbon"	"All.carbon"	"All.carbon"	NA	0	NA	NA	NA	0.00247615552512825	0.0862515188737958	"All logistic values are the same"	"prevalence"	58	58
"g__GCA.2726245"	"Organic.carbon"	"Organic.carbon"	"Organic.carbon"	NA	0	NA	NA	NA	0.000686372231155419	0.0369091132043898	"All logistic values are the same"	"prevalence"	58	58
"g__GWA2.73.35"	"City"	"ShangHai"	"CityShangHai"	NA	0	NA	NA	NA	0.000342571246375822	0.0236536323902927	"All logistic values are the same"	"prevalence"	58	58
"g__Humisphaera"	"City"	"ShangHai"	"CityShangHai"	NA	0	NA	NA	NA	2.8386399942848e-06	0.000602256183514715	"All logistic values are the same"	"prevalence"	58	58
"g__Ilumatobacter"	"City"	"ShangHai"	"CityShangHai"	NA	0	NA	NA	NA	0.00252621657774288	0.0874730600762067	"All logistic values are the same"	"prevalence"	58	58
"g__JABFXX01"	"City"	"ShangHai"	"CityShangHai"	NA	0	NA	NA	NA	2.58981288636662e-08	1.43907269385772e-05	"All logistic values are the same"	"prevalence"	58	58
"g__JACCUL01"	"Electric.conductivity"	"Electric.conductivity"	"Electric.conductivity"	NA	0	NA	NA	NA	0.000580120264245143	0.0326922235762324	"All logistic values are the same"	"prevalence"	58	58
"g__JACDCA01"	"City"	"ShangHai"	"CityShangHai"	NA	0	NA	NA	NA	0.00164814911627342	0.0672448906540783	"All logistic values are the same"	"prevalence"	58	58
"g__JACDCA01"	"Electric.conductivity"	"Electric.conductivity"	"Electric.conductivity"	NA	0	NA	NA	NA	0.000255118991144943	0.0194574085468649	"All logistic values are the same"	"prevalence"	58	58
"g__JACMJD01"	"City"	"ShangHai"	"CityShangHai"	NA	0	NA	NA	NA	4.42362015546927e-05	0.00521406298931019	"All logistic values are the same"	"prevalence"	58	58
"g__JACQGI01"	"City"	"ShangHai"	"CityShangHai"	NA	0	NA	NA	NA	4.15117724639202e-08	2.10609075165863e-05	"All logistic values are the same"	"prevalence"	58	58
"g__JACQTH01"	"City"	"ShangHai"	"CityShangHai"	NA	0	NA	NA	NA	4.81068034297039e-08	2.24543315688486e-05	"All logistic values are the same"	"prevalence"	58	58
"g__JADJWR01"	"City"	"ShangHai"	"CityShangHai"	NA	0	NA	NA	NA	0.000409540110909656	0.0259724106206782	"All logistic values are the same"	"prevalence"	58	58
"g__JADLBT01"	"City"	"ShangHai"	"CityShangHai"	NA	0	NA	NA	NA	0.00032249660478556	0.0230100767132016	"All logistic values are the same"	"prevalence"	58	58
"g__JADYZN01"	"City"	"ShangHai"	"CityShangHai"	NA	0	NA	NA	NA	0.000224186476196375	0.017796135991398	"All logistic values are the same"	"prevalence"	58	58
"g__JADZEM01"	"City"	"ShangHai"	"CityShangHai"	NA	0	NA	NA	NA	4.38352297793543e-08	2.13130540123035e-05	"All logistic values are the same"	"prevalence"	58	58
"g__JAEZAS01"	"City"	"ShangHai"	"CityShangHai"	NA	0	NA	NA	NA	0.00192715822678124	0.0737311781911815	"All logistic values are the same"	"prevalence"	58	58
"g__JAGVSZ01"	"City"	"ShangHai"	"CityShangHai"	NA	0	NA	NA	NA	1.19901324735494e-06	0.000279825711667696	"All logistic values are the same"	"prevalence"	58	58
"g__JAHFUI01"	"Electric.conductivity"	"Electric.conductivity"	"Electric.conductivity"	NA	0	NA	NA	NA	0.000511298052590092	0.0305965998752502	"All logistic values are the same"	"prevalence"	58	58
"g__JAJDNS01"	"City"	"ShangHai"	"CityShangHai"	NA	0	NA	NA	NA	7.27248943288572e-08	3.03080997115512e-05	"All logistic values are the same"	"prevalence"	58	58
"g__JAJKIV01"	"City"	"ShangHai"	"CityShangHai"	NA	0	NA	NA	NA	4.56554793970554e-11	1.08392727082851e-07	"All logistic values are the same"	"prevalence"	58	58
"g__JAKEET01"	"City"	"ShangHai"	"CityShangHai"	NA	0	NA	NA	NA	2.52305355274984e-07	8.17819775195498e-05	"All logistic values are the same"	"prevalence"	58	58
"g__JALHMQ01"	"City"	"ShangHai"	"CityShangHai"	NA	0	NA	NA	NA	4.15848679851116e-05	0.00495156963794151	"All logistic values are the same"	"prevalence"	58	58
"g__JJ008"	"City"	"ShangHai"	"CityShangHai"	NA	0	NA	NA	NA	3.1629365793151e-11	1.08392727082851e-07	"All logistic values are the same"	"prevalence"	58	58
"g__Labilithrix"	"City"	"ShangHai"	"CityShangHai"	NA	0	NA	NA	NA	4.99739745007943e-06	0.000897148166845799	"All logistic values are the same"	"prevalence"	58	58
"g__Luteitalea"	"City"	"ShangHai"	"CityShangHai"	NA	0	NA	NA	NA	0.00240641918557261	0.0850924408377174	"All logistic values are the same"	"prevalence"	58	58
"g__Methyloceanibacter"	"City"	"ShangHai"	"CityShangHai"	NA	0	NA	NA	NA	2.48694445370568e-07	8.17819775195498e-05	"All logistic values are the same"	"prevalence"	58	58
"g__Nitrospira_C"	"Electric.conductivity"	"Electric.conductivity"	"Electric.conductivity"	NA	0	NA	NA	NA	0.00101851692327815	0.0487093195808716	"All logistic values are the same"	"prevalence"	58	58
"g__Nocardioides"	"City"	"ShangHai"	"CityShangHai"	NA	0	NA	NA	NA	3.92930625461307e-05	0.00477615361302916	"All logistic values are the same"	"prevalence"	58	58
"g__Nocardioides"	"Electric.conductivity"	"Electric.conductivity"	"Electric.conductivity"	NA	0	NA	NA	NA	0.00239909099330626	0.0850911635285434	"All logistic values are the same"	"prevalence"	58	58
"g__Novosphingobium"	"City"	"ShangHai"	"CityShangHai"	NA	0	NA	NA	NA	8.26712032164778e-11	1.6078171172218e-07	"All logistic values are the same"	"prevalence"	58	58
"g__OLB17"	"City"	"ShangHai"	"CityShangHai"	NA	0	NA	NA	NA	3.03059181305798e-07	9.32388520272016e-05	"All logistic values are the same"	"prevalence"	58	58
"g__PALSA.1004"	"City"	"ShangHai"	"CityShangHai"	NA	0	NA	NA	NA	1.72451200892709e-05	0.00245406471124027	"All logistic values are the same"	"prevalence"	58	58
"g__PALSA.1104"	"Electric.conductivity"	"Electric.conductivity"	"Electric.conductivity"	NA	0	NA	NA	NA	0.000396961291110109	0.0254513258569443	"All logistic values are the same"	"prevalence"	58	58
"g__PALSA.1355"	"Electric.conductivity"	"Electric.conductivity"	"Electric.conductivity"	NA	0	NA	NA	NA	0.000458129121446493	0.0279890508804143	"All logistic values are the same"	"prevalence"	58	58
"g__Palsa.187"	"City"	"ShangHai"	"CityShangHai"	NA	0	NA	NA	NA	0.000424640234615303	0.0266404671920751	"All logistic values are the same"	"prevalence"	58	58
"g__PALSA.894"	"City"	"ShangHai"	"CityShangHai"	NA	0	NA	NA	NA	1.24687729030626e-08	8.08322838921318e-06	"All logistic values are the same"	"prevalence"	58	58
"g__Phenylobacterium"	"City"	"ShangHai"	"CityShangHai"	NA	0	NA	NA	NA	4.64447369452614e-11	1.08392727082851e-07	"All logistic values are the same"	"prevalence"	58	58
"g__PNKL01"	"City"	"ShangHai"	"CityShangHai"	NA	0	NA	NA	NA	0.00222191479421796	0.0808345238078112	"All logistic values are the same"	"prevalence"	58	58
"g__PNKZ01"	"City"	"ShangHai"	"CityShangHai"	NA	0	NA	NA	NA	0.000580479577860782	0.0326922235762324	"All logistic values are the same"	"prevalence"	58	58
"g__Polyangium"	"City"	"ShangHai"	"CityShangHai"	NA	0	NA	NA	NA	6.49668543870607e-05	0.0070194279985427	"All logistic values are the same"	"prevalence"	58	58
"g__Povalibacter"	"City"	"ShangHai"	"CityShangHai"	NA	0	NA	NA	NA	2.52936430705786e-05	0.00331630922461327	"All logistic values are the same"	"prevalence"	58	58
"g__Povalibacter"	"Organic.carbon"	"Organic.carbon"	"Organic.carbon"	NA	0	NA	NA	NA	0.00278111862109565	0.0936317759297133	"All logistic values are the same"	"prevalence"	58	58
"g__QHVT01"	"City"	"ShangHai"	"CityShangHai"	NA	0	NA	NA	NA	1.98883550004414e-05	0.00276282398214465	"All logistic values are the same"	"prevalence"	58	58
"g__Ramlibacter"	"City"	"ShangHai"	"CityShangHai"	NA	0	NA	NA	NA	1.18481480332333e-05	0.00177251332563845	"All logistic values are the same"	"prevalence"	58	58
"g__RBG.16.66.20"	"City"	"ShangHai"	"CityShangHai"	NA	0	NA	NA	NA	2.95700612107375e-05	0.0037917916952538	"All logistic values are the same"	"prevalence"	58	58
"g__Rhizomicrobium"	"City"	"ShangHai"	"CityShangHai"	NA	0	NA	NA	NA	1.71256683172416e-05	0.00245406471124027	"All logistic values are the same"	"prevalence"	58	58
"g__Schlegelella_A"	"City"	"ShangHai"	"CityShangHai"	NA	0	NA	NA	NA	9.7269886589757e-09	7.09401441634921e-06	"All logistic values are the same"	"prevalence"	58	58
"g__SHXO01"	"City"	"ShangHai"	"CityShangHai"	NA	0	NA	NA	NA	2.71102029714143e-11	1.08392727082851e-07	"All logistic values are the same"	"prevalence"	58	58
"g__SHXO01"	"Electric.conductivity"	"Electric.conductivity"	"Electric.conductivity"	NA	0	NA	NA	NA	0.00297449241825953	0.0972763262856753	"All logistic values are the same"	"prevalence"	58	58
"g__SIAQ01"	"City"	"ShangHai"	"CityShangHai"	NA	0	NA	NA	NA	0.000809457059765317	0.0416103719400947	"All logistic values are the same"	"prevalence"	58	58
"g__SIBE01"	"K"	"K"	"K"	NA	0	NA	NA	NA	0.00275012893425575	0.0935605088449863	"All logistic values are the same"	"prevalence"	58	58
"g__Solirubrobacter"	"Electric.conductivity"	"Electric.conductivity"	"Electric.conductivity"	NA	0	NA	NA	NA	0.00143773789616364	0.0614540787924304	"All logistic values are the same"	"prevalence"	58	58
"g__Sorangium"	"City"	"ShangHai"	"CityShangHai"	NA	0	NA	NA	NA	0.000198943609681423	0.0164643473856208	"All logistic values are the same"	"prevalence"	58	58
"g__Sphingomonas"	"City"	"ShangHai"	"CityShangHai"	NA	0	NA	NA	NA	3.0126279249032e-10	5.02205075081363e-07	"All logistic values are the same"	"prevalence"	58	58
"g__SXOA01"	"City"	"ShangHai"	"CityShangHai"	NA	0	NA	NA	NA	0.00168300516051589	0.0677206455795171	"All logistic values are the same"	"prevalence"	58	58
"g__UBA1161"	"City"	"ShangHai"	"CityShangHai"	NA	0	NA	NA	NA	0.00237868596117474	0.0848834448958657	"All logistic values are the same"	"prevalence"	58	58
"g__UBA12499"	"City"	"ShangHai"	"CityShangHai"	NA	0	NA	NA	NA	0.00166425713023877	0.0672448906540783	"All logistic values are the same"	"prevalence"	58	58
"g__UBA2376"	"City"	"ShangHai"	"CityShangHai"	NA	0	NA	NA	NA	0.00295077849066394	0.0969933357959367	"All logistic values are the same"	"prevalence"	58	58
"g__UBA4720"	"City"	"ShangHai"	"CityShangHai"	NA	0	NA	NA	NA	1.94553536281283e-07	6.67719180843028e-05	"All logistic values are the same"	"prevalence"	58	58
"g__UBA5216"	"City"	"ShangHai"	"CityShangHai"	NA	0	NA	NA	NA	0.000889984911036756	0.0451531909864692	"All logistic values are the same"	"prevalence"	58	58
"g__UBA668"	"City"	"ShangHai"	"CityShangHai"	NA	0	NA	NA	NA	0.00211828269328751	0.0784706055491173	"All logistic values are the same"	"prevalence"	58	58
"g__Udaeobacter"	"N"	"N"	"N"	NA	0	NA	NA	NA	0.00097048891440199	0.0477832706420119	"All logistic values are the same"	"prevalence"	58	58
"g__Usitatibacter"	"City"	"ShangHai"	"CityShangHai"	NA	0	NA	NA	NA	0.000220454067943465	0.0177412311643607	"All logistic values are the same"	"prevalence"	58	58
"g__VBCG01"	"City"	"ShangHai"	"CityShangHai"	NA	0	NA	NA	NA	0.00116637331500513	0.0529587946023147	"All logistic values are the same"	"prevalence"	58	58
"g__VFJN01"	"City"	"ShangHai"	"CityShangHai"	NA	0	NA	NA	NA	4.69650789303167e-06	0.000856305478184164	"All logistic values are the same"	"prevalence"	58	58
"g__VFJN01"	"Electric.conductivity"	"Electric.conductivity"	"Electric.conductivity"	NA	0	NA	NA	NA	0.000100598736726409	0.00970154263521051	"All logistic values are the same"	"prevalence"	58	58
"g__VFZK01"	"City"	"ShangHai"	"CityShangHai"	NA	0	NA	NA	NA	0.000110733262953078	0.0105014809433413	"All logistic values are the same"	"prevalence"	58	58
"g__VGTJ01"	"Electric.conductivity"	"Electric.conductivity"	"Electric.conductivity"	NA	0	NA	NA	NA	0.000393958909512326	0.0254513258569443	"All logistic values are the same"	"prevalence"	58	58
"g__WHTK01"	"City"	"ShangHai"	"CityShangHai"	NA	0	NA	NA	NA	8.8330152786531e-06	0.0013967614262316	"All logistic values are the same"	"prevalence"	58	58
"g__WHTP01"	"City"	"ShangHai"	"CityShangHai"	NA	0	NA	NA	NA	0.00217516361046233	0.0801650727543327	"All logistic values are the same"	"prevalence"	58	58
"g__WYBA01"	"City"	"ShangHai"	"CityShangHai"	NA	0	NA	NA	NA	7.26815605887055e-05	0.00771019209554185	"All logistic values are the same"	"prevalence"	58	58
"g__WYBL01"	"City"	"ShangHai"	"CityShangHai"	NA	0	NA	NA	NA	1.11141351677446e-09	1.44100936969347e-06	"All logistic values are the same"	"prevalence"	58	58
"g__WYBW01"	"City"	"ShangHai"	"CityShangHai"	NA	0	NA	NA	NA	0.00283639684038595	0.0946141177438248	"All logistic values are the same"	"prevalence"	58	58
"g__Z2.YC6860"	"City"	"ShangHai"	"CityShangHai"	NA	0	NA	NA	NA	0.00035287175635812	0.0239398867729238	"All logistic values are the same"	"prevalence"	58	58
"g__ZC4RG20"	"City"	"ShangHai"	"CityShangHai"	NA	0	NA	NA	NA	5.37810354916957e-07	0.000149421643607761	"All logistic values are the same"	"prevalence"	58	58
