Mag ID,Completeness,Contamination,GUNC Quality,MIMAG,Drep_95,Sample,Nr contigs,Quality,N50,L50
cpsnj01_SemiBin_0,99.97,0.22,High quality,T,T,cpsnj01,10,HQ-MIMAG,748488,3
cpsnj01_SemiBin_10,91.13,2.78,High quality,T,T,cpsnj01,14,HQ-MIMAG,733099,3
cpsnj01_SemiBin_110,50.92,1.11,Medium quality,F,T,cpsnj01,30,Medium quality,172645,9
cpsnj01_SemiBin_112,57.39,6.5,Medium quality,F,T,cpsnj01,55,Medium quality,117499,16
cpsnj01_SemiBin_115,57.02,0,Medium quality,F,F,cpsnj01,35,Medium quality,144473,10
cpsnj01_SemiBin_118,53.05,0.12,Medium quality,F,T,cpsnj01,15,Medium quality,228882,5
cpsnj01_SemiBin_11,84.83,4.01,Medium quality,F,F,cpsnj01,16,Medium quality,443567,4
cpsnj01_SemiBin_1216,52.82,8.91,Medium quality,F,T,cpsnj01,49,Medium quality,50269,15
cpsnj01_SemiBin_1234,54.97,7.6,Medium quality,F,T,cpsnj01,19,Medium quality,145013,7
cpsnj01_SemiBin_123,67.1,0.22,Medium quality,F,F,cpsnj01,20,Medium quality,290469,6
cpsnj01_SemiBin_124,61.01,7.77,Medium quality,F,F,cpsnj01,27,Medium quality,300455,6
cpsnj01_SemiBin_1263,52.37,5.76,Medium quality,F,T,cpsnj01,50,Medium quality,104559,15
cpsnj01_SemiBin_127,57.88,1.74,Medium quality,F,T,cpsnj01,17,Medium quality,343720,5
cpsnj01_SemiBin_12,83.87,1.4,Medium quality,F,T,cpsnj01,13,Medium quality,663501,4
cpsnj01_SemiBin_146,55.2,0.98,Medium quality,F,T,cpsnj01,9,Medium quality,307368,3
cpsnj01_SemiBin_14,95.05,9.61,Medium quality,F,T,cpsnj01,19,Medium quality,604601,5
cpsnj01_SemiBin_156,56.07,5.53,Medium quality,F,T,cpsnj01,37,Medium quality,122237,11
cpsnj01_SemiBin_15,69.36,2.45,Medium quality,F,T,cpsnj01,40,Medium quality,150432,10
cpsnj01_SemiBin_16,75.19,4.37,Medium quality,F,T,cpsnj01,15,Medium quality,287197,5
cpsnj01_SemiBin_17,76.6,0.5,Medium quality,F,T,cpsnj01,62,Medium quality,165026,14
cpsnj01_SemiBin_18,83.51,2.58,Medium quality,F,F,cpsnj01,25,Medium quality,400184,6
cpsnj01_SemiBin_19,81.27,2.38,Medium quality,F,F,cpsnj01,15,Medium quality,586886,4
cpsnj01_SemiBin_1,100,0.54,High quality,T,T,cpsnj01,3,HQ-MIMAG,2442979,2
cpsnj01_SemiBin_208,70.26,2.11,Medium quality,F,T,cpsnj01,14,Medium quality,322034,4
cpsnj01_SemiBin_20,63.55,1.32,Medium quality,F,F,cpsnj01,29,Medium quality,140133,8
cpsnj01_SemiBin_21,77.48,8.68,Medium quality,F,F,cpsnj01,40,Medium quality,402831,8
cpsnj01_SemiBin_22,72.48,4.22,Medium quality,F,T,cpsnj01,42,Medium quality,290603,11
cpsnj01_SemiBin_23,71.94,4.99,Medium quality,F,T,cpsnj01,19,Medium quality,194580,4
cpsnj01_SemiBin_24,71.77,0.89,Medium quality,F,T,cpsnj01,17,Medium quality,402668,4
cpsnj01_SemiBin_25,65.46,7.97,Medium quality,F,T,cpsnj01,47,Medium quality,203848,9
cpsnj01_SemiBin_26,71.59,0.38,Medium quality,F,T,cpsnj01,17,Medium quality,339338,4
cpsnj01_SemiBin_275,69.87,6.61,Medium quality,F,T,cpsnj01,59,Medium quality,78001,13
cpsnj01_SemiBin_286,55.6,3.63,Medium quality,F,F,cpsnj01,15,Medium quality,353066,5
cpsnj01_SemiBin_28,57.65,0.25,Medium quality,F,F,cpsnj01,29,Medium quality,127166,8
cpsnj01_SemiBin_29,58.72,2.31,Medium quality,F,T,cpsnj01,7,Medium quality,320747,3
cpsnj01_SemiBin_2,98.62,0.39,High quality,T,F,cpsnj01,13,HQ-MIMAG,476223,3
cpsnj01_SemiBin_30,58.79,8.38,Medium quality,F,T,cpsnj01,149,Medium quality,102213,27
cpsnj01_SemiBin_32,68.8,2.74,Medium quality,F,F,cpsnj01,8,Medium quality,799656,3
cpsnj01_SemiBin_34,59.51,2.19,Medium quality,F,T,cpsnj01,19,Medium quality,274981,4
cpsnj01_SemiBin_35,71.22,8.34,Medium quality,F,F,cpsnj01,31,Medium quality,184834,7
cpsnj01_SemiBin_37,61.13,1,Medium quality,F,T,cpsnj01,37,Medium quality,141928,11
cpsnj01_SemiBin_38,64.73,3.36,Medium quality,F,T,cpsnj01,112,Medium quality,82085,28
cpsnj01_SemiBin_399,58.61,5.19,Medium quality,F,T,cpsnj01,18,Medium quality,345344,4
cpsnj01_SemiBin_39,76.94,0.03,Medium quality,F,F,cpsnj01,26,Medium quality,192939,8
cpsnj01_SemiBin_409,58.69,9.97,Medium quality,F,T,cpsnj01,70,Medium quality,60416,21
cpsnj01_SemiBin_40,62.44,1.29,Medium quality,F,T,cpsnj01,24,Medium quality,206514,7
cpsnj01_SemiBin_42,53.84,0.48,Medium quality,F,T,cpsnj01,9,Medium quality,176096,3
cpsnj01_SemiBin_43,68.93,4.24,Medium quality,F,T,cpsnj01,46,Medium quality,162981,10
cpsnj01_SemiBin_45,78.43,4.7,Medium quality,F,T,cpsnj01,18,Medium quality,620322,3
cpsnj01_SemiBin_47,89.74,4.39,Medium quality,F,F,cpsnj01,9,Medium quality,328370,3
cpsnj01_SemiBin_48,57.48,0.46,Medium quality,F,T,cpsnj01,8,Medium quality,300256,3
cpsnj01_SemiBin_49,89.06,7.69,Medium quality,F,T,cpsnj01,83,Medium quality,241045,12
cpsnj01_SemiBin_4,98.12,4.33,High quality,T,F,cpsnj01,18,HQ-MIMAG,442376,4
cpsnj01_SemiBin_51,54.09,2.18,Medium quality,F,T,cpsnj01,21,Medium quality,230985,5
cpsnj01_SemiBin_52,54.73,4.6,Medium quality,F,T,cpsnj01,81,Medium quality,68750,23
cpsnj01_SemiBin_54,50.86,1.1,Medium quality,F,F,cpsnj01,14,Medium quality,236489,5
cpsnj01_SemiBin_56,56.55,0.1,Medium quality,F,F,cpsnj01,7,Medium quality,317218,3
cpsnj01_SemiBin_57,63.11,1.59,Medium quality,F,F,cpsnj01,15,Medium quality,284710,4
cpsnj01_SemiBin_59,50.41,2.8,Medium quality,F,T,cpsnj01,14,Medium quality,404597,4
cpsnj01_SemiBin_5,98.2,1.23,High quality,T,F,cpsnj01,12,HQ-MIMAG,545964,3
cpsnj01_SemiBin_61,51.34,0.2,Medium quality,F,T,cpsnj01,11,Medium quality,261022,4
cpsnj01_SemiBin_62,71.83,7.09,Medium quality,F,T,cpsnj01,23,Medium quality,246045,5
cpsnj01_SemiBin_63,63.58,3.05,Medium quality,F,F,cpsnj01,20,Medium quality,135387,6
cpsnj01_SemiBin_64,75.44,1.51,Medium quality,F,T,cpsnj01,15,Medium quality,240215,5
cpsnj01_SemiBin_65,62.82,0.33,Medium quality,F,T,cpsnj01,14,Medium quality,295489,5
cpsnj01_SemiBin_66,53.89,4.04,Medium quality,F,T,cpsnj01,56,Medium quality,130202,13
cpsnj01_SemiBin_6,98.88,6.63,Medium quality,F,T,cpsnj01,21,Medium quality,946944,3
cpsnj01_SemiBin_71,66.92,2.26,Medium quality,F,T,cpsnj01,17,Medium quality,528352,4
cpsnj01_SemiBin_73,71.83,8.77,Medium quality,F,T,cpsnj01,147,Medium quality,92568,28
cpsnj01_SemiBin_77,69.87,1.28,Medium quality,F,T,cpsnj01,9,Medium quality,527866,3
cpsnj01_SemiBin_7,85.69,0.03,Medium quality,F,T,cpsnj01,4,Medium quality,658379,2
cpsnj01_SemiBin_82,57.29,1.44,Medium quality,F,F,cpsnj01,33,Medium quality,97391,11
cpsnj01_SemiBin_83,70.71,4.31,Medium quality,F,T,cpsnj01,12,Medium quality,327819,4
cpsnj01_SemiBin_85,62.04,5.1,Medium quality,F,T,cpsnj01,35,Medium quality,178978,10
cpsnj01_SemiBin_87,52.41,1.52,Medium quality,F,T,cpsnj01,28,Medium quality,166130,7
cpsnj01_SemiBin_8,92.72,0.53,High quality,T,T,cpsnj01,12,HQ-MIMAG,458144,4
cpsnj01_SemiBin_90,60.92,2.33,Medium quality,F,T,cpsnj01,31,Medium quality,182996,10
cpsnj01_SemiBin_92,71.62,3.02,Medium quality,F,F,cpsnj01,16,Medium quality,252749,4
cpsnj01_SemiBin_95,63.7,4.4,Medium quality,F,T,cpsnj01,35,Medium quality,158880,11
cpsnj01_SemiBin_9,88.07,6.23,Medium quality,F,F,cpsnj01,14,Medium quality,342541,4
cpsnj02_SemiBin_0,99.19,0.02,High quality,T,T,cpsnj02,4,HQ-MIMAG,1412566,1
cpsnj02_SemiBin_102,56.22,2.73,Medium quality,F,T,cpsnj02,27,Medium quality,126168,7
cpsnj02_SemiBin_104,63.07,3.43,Medium quality,F,F,cpsnj02,7,Medium quality,611136,2
cpsnj02_SemiBin_106,59.21,0.03,Medium quality,F,F,cpsnj02,7,Medium quality,299927,3
cpsnj02_SemiBin_107,72.68,0.53,Medium quality,F,F,cpsnj02,16,Medium quality,405769,4
cpsnj02_SemiBin_109,67.44,2.65,Medium quality,F,T,cpsnj02,5,Medium quality,486513,2
cpsnj02_SemiBin_10,90.26,0.43,High quality,T,T,cpsnj02,1,HQ-MIMAG,3677792,1
cpsnj02_SemiBin_111,84.96,1.13,Medium quality,F,F,cpsnj02,23,Medium quality,192154,6
cpsnj02_SemiBin_112,60.79,0.25,Medium quality,F,F,cpsnj02,22,Medium quality,157238,7
cpsnj02_SemiBin_11,98.99,4.24,High quality,T,F,cpsnj02,35,HQ-MIMAG,312528,8
cpsnj02_SemiBin_126,52.48,1.64,Medium quality,F,F,cpsnj02,29,Medium quality,136892,9
cpsnj02_SemiBin_12,89.68,2.63,Medium quality,F,T,cpsnj02,14,Medium quality,198171,4
cpsnj02_SemiBin_132,53.31,2.24,Medium quality,F,T,cpsnj02,57,Medium quality,100303,15
cpsnj02_SemiBin_135,54.19,0.21,Medium quality,F,F,cpsnj02,16,Medium quality,127726,6
cpsnj02_SemiBin_137,64.42,1.71,Medium quality,F,F,cpsnj02,26,Medium quality,186767,9
cpsnj02_SemiBin_138,53.69,1.97,Medium quality,F,T,cpsnj02,13,Medium quality,258152,4
cpsnj02_SemiBin_13,92.32,0.12,High quality,T,F,cpsnj02,2,HQ-MIMAG,1271220,1
cpsnj02_SemiBin_146,50.3,1.84,Medium quality,F,F,cpsnj02,22,Medium quality,172897,7
cpsnj02_SemiBin_14,84.43,4.32,Medium quality,F,F,cpsnj02,5,Medium quality,1895663,1
cpsnj02_SemiBin_159,50.7,2.02,Medium quality,F,T,cpsnj02,17,Medium quality,211441,5
cpsnj02_SemiBin_15,97.96,7.47,Medium quality,F,F,cpsnj02,55,Medium quality,246224,10
cpsnj02_SemiBin_1617,52.67,8.92,Medium quality,F,T,cpsnj02,97,Medium quality,47019,27
cpsnj02_SemiBin_1629,54.41,8.92,Medium quality,F,T,cpsnj02,186,Medium quality,45507,51
cpsnj02_SemiBin_165,60.33,8.02,Medium quality,F,T,cpsnj02,48,Medium quality,157533,12
cpsnj02_SemiBin_1670,54.74,5.48,Medium quality,F,T,cpsnj02,91,Medium quality,90736,28
cpsnj02_SemiBin_16,94.43,2.92,High quality,T,F,cpsnj02,15,HQ-MIMAG,538639,4
cpsnj02_SemiBin_1731,50.44,8.63,Medium quality,F,T,cpsnj02,151,Medium quality,61361,33
cpsnj02_SemiBin_17,88.19,0.2,Medium quality,F,T,cpsnj02,10,Medium quality,797726,3
cpsnj02_SemiBin_18,96.41,6.83,Medium quality,F,F,cpsnj02,11,Medium quality,1136238,3
cpsnj02_SemiBin_1,96.55,0.21,High quality,T,T,cpsnj02,7,HQ-MIMAG,2295779,1
cpsnj02_SemiBin_206,87.7,4.89,Medium quality,F,F,cpsnj02,8,Medium quality,376867,2
cpsnj02_SemiBin_20,91.53,1.48,High quality,T,F,cpsnj02,11,HQ-MIMAG,556049,4
cpsnj02_SemiBin_213,50.18,2.45,Medium quality,F,T,cpsnj02,146,Medium quality,40513,42
cpsnj02_SemiBin_21,84.64,4.15,Medium quality,F,T,cpsnj02,3,Medium quality,1382822,1
cpsnj02_SemiBin_22,86.48,0.45,Medium quality,F,F,cpsnj02,9,Medium quality,547010,3
cpsnj02_SemiBin_23,90.19,3.45,High quality,T,F,cpsnj02,9,HQ-MIMAG,1230673,3
cpsnj02_SemiBin_24,74.56,1.08,Medium quality,F,T,cpsnj02,25,Medium quality,204427,6
cpsnj02_SemiBin_256,81.26,1.3,Medium quality,F,F,cpsnj02,13,Medium quality,651267,4
cpsnj02_SemiBin_25,78.47,2.52,Medium quality,F,F,cpsnj02,26,Medium quality,471920,6
cpsnj02_SemiBin_26,73.89,0.47,Medium quality,F,F,cpsnj02,5,Medium quality,917387,2
cpsnj02_SemiBin_27,69.86,0.36,Medium quality,F,F,cpsnj02,20,Medium quality,378779,5
cpsnj02_SemiBin_28,88.54,2.06,Medium quality,F,T,cpsnj02,26,Medium quality,226126,5
cpsnj02_SemiBin_29,80.25,2.89,Medium quality,F,F,cpsnj02,17,Medium quality,465888,4
cpsnj02_SemiBin_2,88.06,1.16,Medium quality,F,F,cpsnj02,6,Medium quality,705592,2
cpsnj02_SemiBin_30,74.85,2.66,Medium quality,F,F,cpsnj02,13,Medium quality,547685,5
cpsnj02_SemiBin_31,66.28,2.44,Medium quality,F,T,cpsnj02,36,Medium quality,260552,9
cpsnj02_SemiBin_33,74.38,6.75,Medium quality,F,T,cpsnj02,30,Medium quality,125689,9
cpsnj02_SemiBin_34,76.61,1.08,Medium quality,F,F,cpsnj02,28,Medium quality,506011,7
cpsnj02_SemiBin_35,68.77,0.32,Medium quality,F,T,cpsnj02,7,Medium quality,424336,3
cpsnj02_SemiBin_36,68,1.42,Medium quality,F,T,cpsnj02,26,Medium quality,171693,9
cpsnj02_SemiBin_37,76.96,6.4,Medium quality,F,F,cpsnj02,24,Medium quality,202061,7
cpsnj02_SemiBin_38,66.77,5.83,Medium quality,F,T,cpsnj02,30,Medium quality,163142,8
cpsnj02_SemiBin_39,68.44,2.21,Medium quality,F,T,cpsnj02,18,Medium quality,303417,6
cpsnj02_SemiBin_3,99.59,0.23,High quality,T,T,cpsnj02,2,HQ-MIMAG,2132814,1
cpsnj02_SemiBin_40,67.22,4.57,Medium quality,F,F,cpsnj02,53,Medium quality,196114,12
cpsnj02_SemiBin_42,58.73,1.48,Medium quality,F,F,cpsnj02,17,Medium quality,343385,5
cpsnj02_SemiBin_43,60.03,2.19,Medium quality,F,F,cpsnj02,8,Medium quality,670698,3
cpsnj02_SemiBin_44,52.52,2.91,Medium quality,F,T,cpsnj02,15,Medium quality,143306,5
cpsnj02_SemiBin_45,68.82,0.78,Medium quality,F,F,cpsnj02,13,Medium quality,464834,4
cpsnj02_SemiBin_46,75.18,0.13,Medium quality,F,T,cpsnj02,7,Medium quality,342171,3
cpsnj02_SemiBin_47,63.24,4.68,Medium quality,F,T,cpsnj02,50,Medium quality,146559,12
cpsnj02_SemiBin_4,93.89,0.12,High quality,T,F,cpsnj02,2,HQ-MIMAG,2685309,1
cpsnj02_SemiBin_54,53.46,3.55,Medium quality,F,T,cpsnj02,18,Medium quality,113013,5
cpsnj02_SemiBin_55,50.35,4.03,Medium quality,F,T,cpsnj02,29,Medium quality,86601,9
cpsnj02_SemiBin_56,51.94,6.83,Medium quality,F,T,cpsnj02,40,Medium quality,179986,8
cpsnj02_SemiBin_59,61.31,2.62,Medium quality,F,T,cpsnj02,40,Medium quality,154929,13
cpsnj02_SemiBin_5,93.89,1.65,High quality,T,T,cpsnj02,10,HQ-MIMAG,665961,3
cpsnj02_SemiBin_60,71.68,4.38,Medium quality,F,T,cpsnj02,11,Medium quality,265073,4
cpsnj02_SemiBin_61,51.46,0.31,Medium quality,F,T,cpsnj02,14,Medium quality,226145,5
cpsnj02_SemiBin_638,53.87,6.87,Medium quality,F,T,cpsnj02,30,Medium quality,216612,9
cpsnj02_SemiBin_63,56.55,1.3,Medium quality,F,F,cpsnj02,25,Medium quality,227452,7
cpsnj02_SemiBin_64,64.35,2.56,Medium quality,F,F,cpsnj02,32,Medium quality,159372,8
cpsnj02_SemiBin_66,56.78,3.53,Medium quality,F,T,cpsnj02,46,Medium quality,124589,12
cpsnj02_SemiBin_68,57.2,3.08,Medium quality,F,F,cpsnj02,58,Medium quality,162199,14
cpsnj02_SemiBin_69,53.48,5.44,Medium quality,F,T,cpsnj02,59,Medium quality,103277,16
cpsnj02_SemiBin_71,63.18,1.2,Medium quality,F,F,cpsnj02,43,Medium quality,147526,13
cpsnj02_SemiBin_74,76.86,6.39,Medium quality,F,T,cpsnj02,14,Medium quality,274411,4
cpsnj02_SemiBin_76,53.68,3.74,Medium quality,F,T,cpsnj02,70,Medium quality,75761,21
cpsnj02_SemiBin_78,63.35,0.35,Medium quality,F,T,cpsnj02,3,Medium quality,1080340,1
cpsnj02_SemiBin_7,97.03,5.37,Medium quality,F,T,cpsnj02,8,Medium quality,2114421,2
cpsnj02_SemiBin_80,51.19,0.96,Medium quality,F,F,cpsnj02,25,Medium quality,142137,8
cpsnj02_SemiBin_81,55.81,1.93,Medium quality,F,T,cpsnj02,31,Medium quality,147212,8
cpsnj02_SemiBin_88,66.3,4.11,Medium quality,F,T,cpsnj02,24,Medium quality,189528,7
cpsnj02_SemiBin_8,89.58,0.55,Medium quality,F,F,cpsnj02,7,Medium quality,1407165,2
cpsnj02_SemiBin_94,64.69,3.99,Medium quality,F,T,cpsnj02,19,Medium quality,142084,5
cpsnj02_SemiBin_97,53.86,1.62,Medium quality,F,F,cpsnj02,10,Medium quality,284373,4
cpsnj02_SemiBin_99,79.34,2.58,Medium quality,F,T,cpsnj02,14,Medium quality,502453,3
cpsnj02_SemiBin_9,79.74,1.79,Medium quality,F,F,cpsnj02,4,Medium quality,744232,2
cpsnj03_SemiBin_0,96.68,2.87,High quality,T,F,cpsnj03,10,HQ-MIMAG,1074881,3
cpsnj03_SemiBin_100,59.47,0.82,Medium quality,F,F,cpsnj03,16,Medium quality,309059,4
cpsnj03_SemiBin_101,64.75,4.37,Medium quality,F,T,cpsnj03,32,Medium quality,197058,11
cpsnj03_SemiBin_103,57.82,0.61,Medium quality,F,F,cpsnj03,25,Medium quality,168404,8
cpsnj03_SemiBin_104,63.05,1.41,Medium quality,F,F,cpsnj03,15,Medium quality,286993,5
cpsnj03_SemiBin_105,59.24,0,Medium quality,F,F,cpsnj03,5,Medium quality,2270114,1
cpsnj03_SemiBin_106,70.61,1.34,Medium quality,F,F,cpsnj03,24,Medium quality,332171,6
cpsnj03_SemiBin_107,63.78,5.65,Medium quality,F,T,cpsnj03,23,Medium quality,295669,6
cpsnj03_SemiBin_108,69.97,1.53,Medium quality,F,T,cpsnj03,14,Medium quality,391771,4
cpsnj03_SemiBin_10,98.67,1.94,High quality,T,F,cpsnj03,7,HQ-MIMAG,1434353,2
cpsnj03_SemiBin_110,76.61,1.92,Medium quality,F,T,cpsnj03,16,Medium quality,298897,5
cpsnj03_SemiBin_111,58.8,2.48,Medium quality,F,F,cpsnj03,39,Medium quality,185792,10
cpsnj03_SemiBin_113,80.12,0.18,Medium quality,F,F,cpsnj03,5,Medium quality,1407518,2
cpsnj03_SemiBin_114,56.22,3.11,Medium quality,F,T,cpsnj03,45,Medium quality,123117,10
cpsnj03_SemiBin_116,86.1,0.55,Medium quality,F,F,cpsnj03,6,Medium quality,1160551,2
cpsnj03_SemiBin_118,50.62,3.24,Medium quality,F,F,cpsnj03,27,Medium quality,208614,8
cpsnj03_SemiBin_11,99.25,8.68,Medium quality,F,F,cpsnj03,8,Medium quality,2392272,2
cpsnj03_SemiBin_125,67.86,0.99,Medium quality,F,F,cpsnj03,12,Medium quality,392962,3
cpsnj03_SemiBin_127,50.82,7.9,Medium quality,F,T,cpsnj03,80,Medium quality,73388,20
cpsnj03_SemiBin_12,97.23,0.03,High quality,T,F,cpsnj03,10,HQ-MIMAG,837322,3
cpsnj03_SemiBin_132,70.13,0.57,Medium quality,F,T,cpsnj03,9,Medium quality,423712,3
cpsnj03_SemiBin_135,63.01,0.06,Medium quality,F,T,cpsnj03,17,Medium quality,235976,5
cpsnj03_SemiBin_13,93.01,2.04,High quality,T,T,cpsnj03,7,HQ-MIMAG,816785,3
cpsnj03_SemiBin_142,54.77,1.52,Medium quality,F,T,cpsnj03,30,Medium quality,221478,7
cpsnj03_SemiBin_144,60.41,1.99,Medium quality,F,F,cpsnj03,47,Medium quality,192330,13
cpsnj03_SemiBin_1482,54.93,3.63,Medium quality,F,T,cpsnj03,54,Medium quality,113204,17
cpsnj03_SemiBin_1483,59.04,9.65,Medium quality,F,T,cpsnj03,40,Medium quality,150971,13
cpsnj03_SemiBin_1486,50.56,5.93,Medium quality,F,T,cpsnj03,34,Medium quality,193388,9
cpsnj03_SemiBin_1491,50.55,9.91,Medium quality,F,T,cpsnj03,33,Medium quality,109505,9
cpsnj03_SemiBin_1493,53.11,7.68,Medium quality,F,T,cpsnj03,37,Medium quality,121578,11
cpsnj03_SemiBin_14,86.86,0.5,Medium quality,F,T,cpsnj03,6,Medium quality,708254,2
cpsnj03_SemiBin_153,65.79,1.87,Medium quality,F,F,cpsnj03,27,Medium quality,249631,9
cpsnj03_SemiBin_154,74.23,2.01,Medium quality,F,F,cpsnj03,6,Medium quality,909025,3
cpsnj03_SemiBin_15,83.86,0.02,Medium quality,F,F,cpsnj03,16,Medium quality,289042,4
cpsnj03_SemiBin_165,52.29,1.22,Medium quality,F,T,cpsnj03,14,Medium quality,392655,4
cpsnj03_SemiBin_166,52.84,5.35,Medium quality,F,T,cpsnj03,19,Medium quality,337230,5
cpsnj03_SemiBin_16,94.38,9.03,Medium quality,F,F,cpsnj03,36,Medium quality,260929,9
cpsnj03_SemiBin_17,95.38,5.09,Medium quality,F,T,cpsnj03,14,Medium quality,659766,4
cpsnj03_SemiBin_180,54.18,2.3,Medium quality,F,F,cpsnj03,29,Medium quality,130123,10
cpsnj03_SemiBin_189,59.83,4.19,Medium quality,F,T,cpsnj03,50,Medium quality,175511,15
cpsnj03_SemiBin_18,86.77,2.49,Medium quality,F,F,cpsnj03,13,Medium quality,523944,4
cpsnj03_SemiBin_191,55.25,2.99,Medium quality,F,F,cpsnj03,21,Medium quality,239072,7
cpsnj03_SemiBin_192,51.07,9.99,Medium quality,F,T,cpsnj03,148,Medium quality,52309,38
cpsnj03_SemiBin_19,83.63,3.71,Medium quality,F,F,cpsnj03,13,Medium quality,981497,3
cpsnj03_SemiBin_1,96.85,1.02,High quality,T,T,cpsnj03,1,HQ-MIMAG,5249295,1
cpsnj03_SemiBin_200,58.52,2.83,Medium quality,F,T,cpsnj03,13,Medium quality,248069,5
cpsnj03_SemiBin_201,65.31,0.08,Medium quality,F,F,cpsnj03,4,Medium quality,943475,1
cpsnj03_SemiBin_205,59.07,2.42,Medium quality,F,T,cpsnj03,59,Medium quality,156267,15
cpsnj03_SemiBin_20,93.81,0.52,High quality,T,T,cpsnj03,13,HQ-MIMAG,738979,5
cpsnj03_SemiBin_210,66.9,0.35,Medium quality,F,T,cpsnj03,11,Medium quality,328403,2
cpsnj03_SemiBin_216,52.7,2.35,Medium quality,F,T,cpsnj03,11,Medium quality,370495,3
cpsnj03_SemiBin_217,61.51,1.24,Medium quality,F,F,cpsnj03,20,Medium quality,178971,6
cpsnj03_SemiBin_21,85.05,1.48,Medium quality,F,F,cpsnj03,11,Medium quality,622194,5
cpsnj03_SemiBin_22,94.42,6.03,Medium quality,F,T,cpsnj03,26,Medium quality,680260,5
cpsnj03_SemiBin_237,52.62,1.39,Medium quality,F,T,cpsnj03,29,Medium quality,120072,8
cpsnj03_SemiBin_23,87.23,8.4,Medium quality,F,F,cpsnj03,36,Medium quality,264258,9
cpsnj03_SemiBin_25,88.82,1.92,Medium quality,F,F,cpsnj03,13,Medium quality,660545,4
cpsnj03_SemiBin_264,88.27,0.52,Medium quality,F,F,cpsnj03,6,Medium quality,268063,3
cpsnj03_SemiBin_26,87.71,0.11,Medium quality,F,T,cpsnj03,13,Medium quality,483483,4
cpsnj03_SemiBin_27,86.79,4.82,Medium quality,F,T,cpsnj03,9,Medium quality,1826300,2
cpsnj03_SemiBin_283,52.49,9.92,Medium quality,F,T,cpsnj03,87,Medium quality,58233,25
cpsnj03_SemiBin_28,75.17,0.81,Medium quality,F,F,cpsnj03,10,Medium quality,267729,4
cpsnj03_SemiBin_29,82.88,1.03,Medium quality,F,F,cpsnj03,13,Medium quality,290066,4
cpsnj03_SemiBin_2,93.08,0.07,High quality,T,T,cpsnj03,6,HQ-MIMAG,672219,2
cpsnj03_SemiBin_30,81.19,4.21,Medium quality,F,F,cpsnj03,9,Medium quality,439401,4
cpsnj03_SemiBin_31,85.89,3.22,Medium quality,F,F,cpsnj03,17,Medium quality,358285,4
cpsnj03_SemiBin_32,73.38,1.97,Medium quality,F,F,cpsnj03,28,Medium quality,209389,6
cpsnj03_SemiBin_33,82.42,6.32,Medium quality,F,T,cpsnj03,32,Medium quality,540197,8
cpsnj03_SemiBin_34,87.06,1.87,Medium quality,F,F,cpsnj03,18,Medium quality,345824,5
cpsnj03_SemiBin_35,92.4,2.3,High quality,T,T,cpsnj03,13,HQ-MIMAG,323982,3
cpsnj03_SemiBin_36,79.37,0.65,Medium quality,F,T,cpsnj03,19,Medium quality,241614,7
cpsnj03_SemiBin_37,79.34,8.68,Medium quality,F,F,cpsnj03,26,Medium quality,341342,6
cpsnj03_SemiBin_38,89.2,3.51,Medium quality,F,F,cpsnj03,13,Medium quality,477137,3
cpsnj03_SemiBin_39,88.77,3.51,Medium quality,F,F,cpsnj03,14,Medium quality,319137,3
cpsnj03_SemiBin_3,99.33,0.64,High quality,T,F,cpsnj03,8,HQ-MIMAG,1510893,2
cpsnj03_SemiBin_40,84.45,1.81,Medium quality,F,F,cpsnj03,13,Medium quality,411876,3
cpsnj03_SemiBin_41,85.25,3.52,Medium quality,F,F,cpsnj03,19,Medium quality,746421,4
cpsnj03_SemiBin_42,84.86,7.36,Medium quality,F,F,cpsnj03,11,Medium quality,717655,3
cpsnj03_SemiBin_43,85.89,5.1,Medium quality,F,F,cpsnj03,27,Medium quality,291285,9
cpsnj03_SemiBin_44,77.94,3.58,Medium quality,F,F,cpsnj03,23,Medium quality,480646,4
cpsnj03_SemiBin_45,82.6,6.53,Medium quality,F,F,cpsnj03,7,Medium quality,881756,2
cpsnj03_SemiBin_46,67.36,0.33,Medium quality,F,T,cpsnj03,16,Medium quality,228489,3
cpsnj03_SemiBin_47,74.72,2.91,Medium quality,F,T,cpsnj03,13,Medium quality,656856,4
cpsnj03_SemiBin_48,67.37,0.66,Medium quality,F,T,cpsnj03,21,Medium quality,219814,6
cpsnj03_SemiBin_49,81.57,3.15,Medium quality,F,T,cpsnj03,44,Medium quality,165888,12
cpsnj03_SemiBin_4,98.7,0.37,High quality,T,T,cpsnj03,5,HQ-MIMAG,1720750,2
cpsnj03_SemiBin_50,73.32,3,Medium quality,F,T,cpsnj03,10,Medium quality,778268,3
cpsnj03_SemiBin_51,68.77,7.15,Medium quality,F,T,cpsnj03,53,Medium quality,258108,12
cpsnj03_SemiBin_52,63.84,5.52,Medium quality,F,T,cpsnj03,32,Medium quality,167363,9
cpsnj03_SemiBin_53,76.5,5.42,Medium quality,F,F,cpsnj03,29,Medium quality,350547,6
cpsnj03_SemiBin_54,74.65,3.34,Medium quality,F,F,cpsnj03,11,Medium quality,631124,3
cpsnj03_SemiBin_55,78.47,4.05,Medium quality,F,F,cpsnj03,24,Medium quality,340103,5
cpsnj03_SemiBin_56,66.59,0.8,Medium quality,F,F,cpsnj03,36,Medium quality,146821,9
cpsnj03_SemiBin_57,79.42,0.8,Medium quality,F,F,cpsnj03,13,Medium quality,694977,4
cpsnj03_SemiBin_58,67.42,3.94,Medium quality,F,F,cpsnj03,29,Medium quality,289252,6
cpsnj03_SemiBin_59,63.99,1.34,Medium quality,F,T,cpsnj03,20,Medium quality,263143,6
cpsnj03_SemiBin_5,98.87,1.05,High quality,T,T,cpsnj03,9,HQ-MIMAG,1259684,3
cpsnj03_SemiBin_60,68.69,2.57,Medium quality,F,F,cpsnj03,17,Medium quality,327905,5
cpsnj03_SemiBin_61,69.93,1.56,Medium quality,F,T,cpsnj03,10,Medium quality,340722,3
cpsnj03_SemiBin_62,67.96,0.4,Medium quality,F,F,cpsnj03,41,Medium quality,235548,10
cpsnj03_SemiBin_63,55.52,1.18,Medium quality,F,T,cpsnj03,22,Medium quality,163208,6
cpsnj03_SemiBin_641,55.65,5.91,Medium quality,F,T,cpsnj03,42,Medium quality,176375,13
cpsnj03_SemiBin_64,71.08,4.22,Medium quality,F,F,cpsnj03,15,Medium quality,761271,4
cpsnj03_SemiBin_65,63.82,3.23,Medium quality,F,T,cpsnj03,60,Medium quality,147774,16
cpsnj03_SemiBin_66,58.12,0.37,Medium quality,F,F,cpsnj03,6,Medium quality,594919,2
cpsnj03_SemiBin_67,72.55,3.26,Medium quality,F,F,cpsnj03,5,Medium quality,1133743,2
cpsnj03_SemiBin_68,55.67,1.47,Medium quality,F,T,cpsnj03,30,Medium quality,280636,9
cpsnj03_SemiBin_69,67.36,8.3,Medium quality,F,T,cpsnj03,28,Medium quality,207135,8
cpsnj03_SemiBin_6,100,3.55,High quality,F,F,cpsnj03,15,High quality,766387,3
cpsnj03_SemiBin_70,60.82,2.49,Medium quality,F,T,cpsnj03,39,Medium quality,96883,12
cpsnj03_SemiBin_71,65.39,0.08,Medium quality,F,T,cpsnj03,49,Medium quality,137151,13
cpsnj03_SemiBin_72,51.26,3.87,Medium quality,F,T,cpsnj03,78,Medium quality,109076,17
cpsnj03_SemiBin_74,57.54,0.58,Medium quality,F,F,cpsnj03,4,Medium quality,654188,2
cpsnj03_SemiBin_75,70.13,5.26,Medium quality,F,T,cpsnj03,35,Medium quality,228625,8
cpsnj03_SemiBin_778,59.54,8.68,Medium quality,F,T,cpsnj03,41,Medium quality,177032,13
cpsnj03_SemiBin_77,66.38,0.92,Medium quality,F,F,cpsnj03,18,Medium quality,172621,6
cpsnj03_SemiBin_78,70.23,0.21,Medium quality,F,F,cpsnj03,7,Medium quality,741027,3
cpsnj03_SemiBin_792,52.21,9.77,Medium quality,F,F,cpsnj03,36,Medium quality,207766,9
cpsnj03_SemiBin_79,60.52,1.11,Medium quality,F,F,cpsnj03,6,Medium quality,601188,2
cpsnj03_SemiBin_7,100,0.6,High quality,T,F,cpsnj03,6,HQ-MIMAG,1317862,2
cpsnj03_SemiBin_80,69.35,1.51,Medium quality,F,T,cpsnj03,31,Medium quality,208835,6
cpsnj03_SemiBin_81,93.37,4.11,High quality,T,T,cpsnj03,26,HQ-MIMAG,399536,6
cpsnj03_SemiBin_82,60.14,0.99,Medium quality,F,F,cpsnj03,13,Medium quality,521713,4
cpsnj03_SemiBin_83,68.61,2.55,Medium quality,F,F,cpsnj03,23,Medium quality,416979,5
cpsnj03_SemiBin_84,59.68,1.33,Medium quality,F,T,cpsnj03,6,Medium quality,1462188,2
cpsnj03_SemiBin_85,52.98,2.75,Medium quality,F,T,cpsnj03,27,Medium quality,164431,8
cpsnj03_SemiBin_88,56.72,0.22,Medium quality,F,T,cpsnj03,33,Medium quality,165169,9
cpsnj03_SemiBin_8,96.07,1.42,High quality,T,F,cpsnj03,11,HQ-MIMAG,679940,3
cpsnj03_SemiBin_91,56.39,1.96,Medium quality,F,T,cpsnj03,44,Medium quality,132716,10
cpsnj03_SemiBin_93,76.97,8.71,Medium quality,F,F,cpsnj03,27,Medium quality,260395,7
cpsnj03_SemiBin_94,58.43,3.52,Medium quality,F,F,cpsnj03,10,Medium quality,478458,3
cpsnj03_SemiBin_99,55.37,0.26,Medium quality,F,F,cpsnj03,38,Medium quality,151616,11
cpsnj03_SemiBin_9,95.3,0.04,High quality,T,F,cpsnj03,7,HQ-MIMAG,560716,3
cpsnj04_SemiBin_0,99.08,0.03,High quality,T,F,cpsnj04,7,HQ-MIMAG,487204,3
cpsnj04_SemiBin_100,53.53,1.72,Medium quality,F,T,cpsnj04,14,Medium quality,130395,6
cpsnj04_SemiBin_101,90.93,3.38,High quality,F,F,cpsnj04,22,High quality,416050,6
cpsnj04_SemiBin_102,72.13,5.24,Medium quality,F,T,cpsnj04,28,Medium quality,240542,6
cpsnj04_SemiBin_104,55.55,0.56,Medium quality,F,F,cpsnj04,30,Medium quality,165755,9
cpsnj04_SemiBin_105,55.17,8.63,Medium quality,F,T,cpsnj04,101,Medium quality,106787,23
cpsnj04_SemiBin_106,54.04,2.73,Medium quality,F,F,cpsnj04,19,Medium quality,278214,6
cpsnj04_SemiBin_1080,61.07,7.4,Medium quality,F,T,cpsnj04,31,Medium quality,279391,9
cpsnj04_SemiBin_108,58.28,2.38,Medium quality,F,F,cpsnj04,22,Medium quality,273687,6
cpsnj04_SemiBin_10,100,8.28,Medium quality,F,F,cpsnj04,10,Medium quality,794015,3
cpsnj04_SemiBin_110,62.24,5.67,Medium quality,F,T,cpsnj04,21,Medium quality,379679,5
cpsnj04_SemiBin_111,53.83,3.77,Medium quality,F,T,cpsnj04,43,Medium quality,199836,10
cpsnj04_SemiBin_112,97.03,3.75,High quality,T,F,cpsnj04,23,HQ-MIMAG,401800,5
cpsnj04_SemiBin_113,64,5.53,Medium quality,F,T,cpsnj04,18,Medium quality,319804,4
cpsnj04_SemiBin_118,52.81,0.3,Medium quality,F,T,cpsnj04,43,Medium quality,86022,11
cpsnj04_SemiBin_119,63.2,3.93,Medium quality,F,F,cpsnj04,9,Medium quality,972439,3
cpsnj04_SemiBin_11,83.96,1.11,Medium quality,F,F,cpsnj04,7,Medium quality,1347271,2
cpsnj04_SemiBin_121,76.16,0.46,Medium quality,F,F,cpsnj04,2,Medium quality,1378605,1
cpsnj04_SemiBin_122,65.68,3.92,Medium quality,F,F,cpsnj04,5,Medium quality,467943,2
cpsnj04_SemiBin_125,77.62,0.83,Medium quality,F,T,cpsnj04,9,Medium quality,723895,2
cpsnj04_SemiBin_126,64.44,2.58,Medium quality,F,F,cpsnj04,30,Medium quality,313334,7
cpsnj04_SemiBin_128,67.46,0.79,Medium quality,F,T,cpsnj04,9,Medium quality,423755,2
cpsnj04_SemiBin_129,79.15,1.7,Medium quality,F,F,cpsnj04,19,Medium quality,157916,5
cpsnj04_SemiBin_12,97.07,0.07,High quality,T,T,cpsnj04,8,HQ-MIMAG,1529292,2
cpsnj04_SemiBin_131,65.59,3.9,Medium quality,F,F,cpsnj04,17,Medium quality,434308,5
cpsnj04_SemiBin_135,79.58,0.02,Medium quality,F,F,cpsnj04,10,Medium quality,813883,2
cpsnj04_SemiBin_136,82.58,1.02,Medium quality,F,F,cpsnj04,24,Medium quality,169442,7
cpsnj04_SemiBin_137,65.26,1.16,Medium quality,F,F,cpsnj04,20,Medium quality,323054,5
cpsnj04_SemiBin_138,50.2,2.2,Medium quality,F,T,cpsnj04,19,Medium quality,257335,6
cpsnj04_SemiBin_139,83.14,6.22,Medium quality,F,T,cpsnj04,36,Medium quality,264431,10
cpsnj04_SemiBin_13,88.9,2.92,Medium quality,F,T,cpsnj04,17,Medium quality,757638,3
cpsnj04_SemiBin_141,65.59,1.21,Medium quality,F,T,cpsnj04,15,Medium quality,324690,5
cpsnj04_SemiBin_143,60.83,0.5,Medium quality,F,T,cpsnj04,40,Medium quality,166695,11
cpsnj04_SemiBin_144,77.97,2.32,Medium quality,F,T,cpsnj04,21,Medium quality,342893,6
cpsnj04_SemiBin_145,62.44,6.96,Medium quality,F,T,cpsnj04,10,Medium quality,260585,3
cpsnj04_SemiBin_149,65.95,0.49,Medium quality,F,T,cpsnj04,16,Medium quality,200128,6
cpsnj04_SemiBin_14,92.46,5.34,Medium quality,F,F,cpsnj04,15,Medium quality,809442,4
cpsnj04_SemiBin_150,50.23,3.15,Medium quality,F,T,cpsnj04,53,Medium quality,240479,13
cpsnj04_SemiBin_158,86.88,9.67,Medium quality,F,F,cpsnj04,64,Medium quality,168871,12
cpsnj04_SemiBin_15,90.77,0.45,High quality,T,T,cpsnj04,15,HQ-MIMAG,231215,4
cpsnj04_SemiBin_163,56.79,0.56,Medium quality,F,T,cpsnj04,24,Medium quality,136965,6
cpsnj04_SemiBin_164,62.5,0.91,Medium quality,F,F,cpsnj04,10,Medium quality,555360,3
cpsnj04_SemiBin_168,70.61,5.15,Medium quality,F,F,cpsnj04,27,Medium quality,500567,5
cpsnj04_SemiBin_16,83.68,1.16,Medium quality,F,F,cpsnj04,15,Medium quality,316353,4
cpsnj04_SemiBin_170,55.55,0.77,Medium quality,F,F,cpsnj04,13,Medium quality,295716,3
cpsnj04_SemiBin_175,71.31,0.15,Medium quality,F,T,cpsnj04,6,Medium quality,1013254,2
cpsnj04_SemiBin_177,78.79,0.75,Medium quality,F,F,cpsnj04,12,Medium quality,739745,3
cpsnj04_SemiBin_17,92.53,0.65,High quality,T,T,cpsnj04,8,HQ-MIMAG,1109497,2
cpsnj04_SemiBin_189,55.17,0.34,Medium quality,F,T,cpsnj04,7,Medium quality,1882140,1
cpsnj04_SemiBin_18,90.03,7.55,Medium quality,F,F,cpsnj04,30,Medium quality,318377,7
cpsnj04_SemiBin_19,93.23,4.46,High quality,T,F,cpsnj04,7,HQ-MIMAG,1575429,2
cpsnj04_SemiBin_1,97.08,2.58,High quality,T,T,cpsnj04,4,HQ-MIMAG,5770985,1
cpsnj04_SemiBin_200,73.45,1.65,Medium quality,F,F,cpsnj04,17,Medium quality,540556,4
cpsnj04_SemiBin_20,91.63,2.15,High quality,T,T,cpsnj04,6,HQ-MIMAG,682532,2
cpsnj04_SemiBin_210,72.66,3.36,Medium quality,F,F,cpsnj04,31,Medium quality,307572,8
cpsnj04_SemiBin_21,88.23,1.14,Medium quality,F,F,cpsnj04,16,Medium quality,253439,5
cpsnj04_SemiBin_222,64.9,9.37,Medium quality,F,T,cpsnj04,45,Medium quality,321078,13
cpsnj04_SemiBin_2241,52.19,7.15,Medium quality,F,T,cpsnj04,36,Medium quality,177442,9
cpsnj04_SemiBin_2289,61.63,5.26,Medium quality,F,T,cpsnj04,21,Medium quality,168341,6
cpsnj04_SemiBin_228,50.01,0.45,Medium quality,F,F,cpsnj04,27,Medium quality,183193,8
cpsnj04_SemiBin_22,94.41,6.75,Medium quality,F,T,cpsnj04,4,Medium quality,628685,2
cpsnj04_SemiBin_23,97.94,0.73,High quality,T,T,cpsnj04,6,HQ-MIMAG,1951738,2
cpsnj04_SemiBin_24,88.58,1.05,Medium quality,F,T,cpsnj04,10,Medium quality,907276,3
cpsnj04_SemiBin_250,58.5,2.54,Medium quality,F,T,cpsnj04,20,Medium quality,295256,5
cpsnj04_SemiBin_25,91.63,4.76,High quality,T,T,cpsnj04,18,HQ-MIMAG,254052,5
cpsnj04_SemiBin_260,50.7,0.84,Medium quality,F,T,cpsnj04,5,Medium quality,601446,2
cpsnj04_SemiBin_26,87.15,2.38,Medium quality,F,F,cpsnj04,32,Medium quality,214532,9
cpsnj04_SemiBin_278,57.1,0.25,Medium quality,F,T,cpsnj04,14,Medium quality,389300,4
cpsnj04_SemiBin_27,90.03,2.79,High quality,T,F,cpsnj04,13,HQ-MIMAG,423039,4
cpsnj04_SemiBin_28,84.78,0.44,Medium quality,F,F,cpsnj04,15,Medium quality,220800,5
cpsnj04_SemiBin_29,87.18,1.93,Medium quality,F,F,cpsnj04,15,Medium quality,478460,4
cpsnj04_SemiBin_2,99.04,0.06,High quality,T,T,cpsnj04,5,HQ-MIMAG,1424177,2
cpsnj04_SemiBin_30,91.76,5.3,Medium quality,F,F,cpsnj04,20,Medium quality,281431,6
cpsnj04_SemiBin_31,84.01,7.79,Medium quality,F,F,cpsnj04,13,Medium quality,826740,4
cpsnj04_SemiBin_32,85.78,1.58,Medium quality,F,T,cpsnj04,16,Medium quality,253983,6
cpsnj04_SemiBin_33,99.05,5.35,Medium quality,F,F,cpsnj04,7,Medium quality,927596,3
cpsnj04_SemiBin_34,90.33,0.79,High quality,T,F,cpsnj04,6,HQ-MIMAG,603542,2
cpsnj04_SemiBin_35,79.52,1.37,Medium quality,F,F,cpsnj04,9,Medium quality,1866112,1
cpsnj04_SemiBin_36,92.61,6.19,Medium quality,F,T,cpsnj04,10,Medium quality,1856850,2
cpsnj04_SemiBin_371,70.34,8.87,Medium quality,F,F,cpsnj04,26,Medium quality,106145,4
cpsnj04_SemiBin_37,84.34,1.81,Medium quality,F,T,cpsnj04,25,Medium quality,416975,6
cpsnj04_SemiBin_38,85.28,5.21,Medium quality,F,F,cpsnj04,21,Medium quality,376098,4
cpsnj04_SemiBin_39,90.25,2.49,High quality,T,F,cpsnj04,12,HQ-MIMAG,862205,4
cpsnj04_SemiBin_3,97.31,4.47,High quality,T,F,cpsnj04,8,HQ-MIMAG,1496219,2
cpsnj04_SemiBin_40,79.3,0.87,Medium quality,F,F,cpsnj04,7,Medium quality,372647,2
cpsnj04_SemiBin_41,69.31,3.37,Medium quality,F,F,cpsnj04,20,Medium quality,331715,6
cpsnj04_SemiBin_42,70.97,2.32,Medium quality,F,F,cpsnj04,12,Medium quality,340100,3
cpsnj04_SemiBin_439,50.65,0.77,Medium quality,F,F,cpsnj04,26,Medium quality,219063,6
cpsnj04_SemiBin_43,73.76,1.71,Medium quality,F,F,cpsnj04,17,Medium quality,184029,5
cpsnj04_SemiBin_443,51.44,1.39,Medium quality,F,F,cpsnj04,6,Medium quality,595272,2
cpsnj04_SemiBin_44,89.07,0.73,Medium quality,F,T,cpsnj04,19,Medium quality,338483,6
cpsnj04_SemiBin_45,68.27,1.38,Medium quality,F,T,cpsnj04,10,Medium quality,488500,3
cpsnj04_SemiBin_46,77.78,0.49,Medium quality,F,F,cpsnj04,7,Medium quality,789203,3
cpsnj04_SemiBin_47,71.56,3.38,Medium quality,F,T,cpsnj04,28,Medium quality,285531,7
cpsnj04_SemiBin_481,58.08,5.46,Medium quality,F,T,cpsnj04,11,Medium quality,534478,4
cpsnj04_SemiBin_48,76.23,6.44,Medium quality,F,T,cpsnj04,30,Medium quality,334147,7
cpsnj04_SemiBin_49,79.29,3.76,Medium quality,F,F,cpsnj04,7,Medium quality,888306,2
cpsnj04_SemiBin_4,96.96,0.01,High quality,T,T,cpsnj04,6,HQ-MIMAG,963840,1
cpsnj04_SemiBin_50,88.16,2.57,Medium quality,F,T,cpsnj04,12,Medium quality,1159744,2
cpsnj04_SemiBin_51,63.29,3.47,Medium quality,F,F,cpsnj04,13,Medium quality,713475,3
cpsnj04_SemiBin_52,84.15,1.24,Medium quality,F,F,cpsnj04,9,Medium quality,549114,3
cpsnj04_SemiBin_53,81.84,3.61,Medium quality,F,F,cpsnj04,14,Medium quality,485801,4
cpsnj04_SemiBin_54,74.29,0.62,Medium quality,F,F,cpsnj04,24,Medium quality,304712,6
cpsnj04_SemiBin_55,99.72,2.74,High quality,T,T,cpsnj04,9,HQ-MIMAG,474231,3
cpsnj04_SemiBin_56,80.13,2.21,Medium quality,F,F,cpsnj04,3,Medium quality,3434044,1
cpsnj04_SemiBin_57,76,2.91,Medium quality,F,F,cpsnj04,10,Medium quality,1047230,3
cpsnj04_SemiBin_58,72.23,2.45,Medium quality,F,F,cpsnj04,8,Medium quality,919289,2
cpsnj04_SemiBin_59,69.65,2.4,Medium quality,F,F,cpsnj04,16,Medium quality,286835,5
cpsnj04_SemiBin_5,97.04,0.07,High quality,F,F,cpsnj04,4,High quality,1127473,2
cpsnj04_SemiBin_60,69.87,0.66,Medium quality,F,F,cpsnj04,24,Medium quality,354611,5
cpsnj04_SemiBin_625,62.95,8.88,Medium quality,F,T,cpsnj04,54,Medium quality,130580,13
cpsnj04_SemiBin_62,77.47,2.58,Medium quality,F,F,cpsnj04,8,Medium quality,1055099,3
cpsnj04_SemiBin_63,69.56,1.13,Medium quality,F,T,cpsnj04,44,Medium quality,157454,11
cpsnj04_SemiBin_64,85.78,3.89,Medium quality,F,F,cpsnj04,9,Medium quality,1114396,3
cpsnj04_SemiBin_65,59.03,2.6,Medium quality,F,T,cpsnj04,18,Medium quality,230705,6
cpsnj04_SemiBin_66,81.84,3.12,Medium quality,F,T,cpsnj04,31,Medium quality,176304,9
cpsnj04_SemiBin_67,69.47,2.08,Medium quality,F,T,cpsnj04,23,Medium quality,192549,7
cpsnj04_SemiBin_68,68.43,6.24,Medium quality,F,T,cpsnj04,33,Medium quality,181711,10
cpsnj04_SemiBin_69,70.54,4.19,Medium quality,F,F,cpsnj04,17,Medium quality,525122,3
cpsnj04_SemiBin_6,97.27,0.27,High quality,T,T,cpsnj04,3,HQ-MIMAG,2084180,1
cpsnj04_SemiBin_70,63.13,0.21,Medium quality,F,T,cpsnj04,4,Medium quality,1600475,1
cpsnj04_SemiBin_71,64.15,1.62,Medium quality,F,T,cpsnj04,3,Medium quality,968600,1
cpsnj04_SemiBin_72,61.94,2.9,Medium quality,F,T,cpsnj04,20,Medium quality,352994,5
cpsnj04_SemiBin_73,55.09,1.85,Medium quality,F,T,cpsnj04,24,Medium quality,235581,8
cpsnj04_SemiBin_74,67.23,3.34,Medium quality,F,F,cpsnj04,40,Medium quality,303149,8
cpsnj04_SemiBin_750,56.27,5.21,Medium quality,F,T,cpsnj04,51,Medium quality,115160,16
cpsnj04_SemiBin_75,68.7,1.13,Medium quality,F,F,cpsnj04,18,Medium quality,477150,4
cpsnj04_SemiBin_76,72.65,7.45,Medium quality,F,T,cpsnj04,12,Medium quality,329397,4
cpsnj04_SemiBin_78,80.05,0.71,Medium quality,F,F,cpsnj04,9,Medium quality,611276,3
cpsnj04_SemiBin_79,69.39,0.92,Medium quality,F,T,cpsnj04,7,Medium quality,259038,3
cpsnj04_SemiBin_7,92.86,1.94,High quality,T,F,cpsnj04,2,HQ-MIMAG,2963492,1
cpsnj04_SemiBin_80,59.34,4.56,Medium quality,F,T,cpsnj04,15,Medium quality,444167,4
cpsnj04_SemiBin_82,59.15,0.11,Medium quality,F,T,cpsnj04,19,Medium quality,195405,7
cpsnj04_SemiBin_83,65.36,2.9,Medium quality,F,F,cpsnj04,16,Medium quality,348572,4
cpsnj04_SemiBin_84,70.69,3.79,Medium quality,F,F,cpsnj04,15,Medium quality,530854,4
cpsnj04_SemiBin_87,65.25,1.63,Medium quality,F,F,cpsnj04,34,Medium quality,184704,11
cpsnj04_SemiBin_88,58.14,4.07,Medium quality,F,T,cpsnj04,28,Medium quality,203923,7
cpsnj04_SemiBin_89,51.92,0.55,Medium quality,F,T,cpsnj04,22,Medium quality,148334,6
cpsnj04_SemiBin_8,93.38,3.62,High quality,T,F,cpsnj04,16,HQ-MIMAG,731798,4
cpsnj04_SemiBin_91,60.04,5.35,Medium quality,F,F,cpsnj04,32,Medium quality,244367,10
cpsnj04_SemiBin_92,71.3,0.92,Medium quality,F,F,cpsnj04,9,Medium quality,526235,3
cpsnj04_SemiBin_93,61.09,2.32,Medium quality,F,F,cpsnj04,9,Medium quality,783999,3
cpsnj04_SemiBin_94,56.13,9.23,Medium quality,F,T,cpsnj04,47,Medium quality,247732,8
cpsnj04_SemiBin_953,66.2,7.47,Medium quality,F,F,cpsnj04,14,Medium quality,604849,4
cpsnj04_SemiBin_95,52.73,0.27,Medium quality,F,F,cpsnj04,21,Medium quality,225392,5
cpsnj04_SemiBin_96,66.97,1.71,Medium quality,F,T,cpsnj04,42,Medium quality,239625,9
cpsnj04_SemiBin_99,59.7,8.64,Medium quality,F,T,cpsnj04,38,Medium quality,142557,10
cpsnj04_SemiBin_9,99.2,1.58,High quality,T,T,cpsnj04,25,HQ-MIMAG,250147,7
cpsnj08_SemiBin_0,100,0.21,High quality,T,F,cpsnj08,18,HQ-MIMAG,468638,5
cpsnj08_SemiBin_100,81.48,1.96,Medium quality,F,F,cpsnj08,34,Medium quality,138006,11
cpsnj08_SemiBin_101,84.76,1.38,Medium quality,F,T,cpsnj08,22,Medium quality,312087,6
cpsnj08_SemiBin_102,75.3,4.98,Medium quality,F,T,cpsnj08,50,Medium quality,145557,13
cpsnj08_SemiBin_103,67.66,3.5,Medium quality,F,F,cpsnj08,74,Medium quality,73156,22
cpsnj08_SemiBin_104,56.68,6.5,Medium quality,F,F,cpsnj08,26,Medium quality,277880,8
cpsnj08_SemiBin_106,66.96,2.6,Medium quality,F,T,cpsnj08,17,Medium quality,126687,6
cpsnj08_SemiBin_10,98.77,6.08,Medium quality,F,T,cpsnj08,18,Medium quality,356063,5
cpsnj08_SemiBin_110,50.18,1.07,Medium quality,F,F,cpsnj08,17,Medium quality,283666,6
cpsnj08_SemiBin_112,61.27,0.78,Medium quality,F,F,cpsnj08,14,Medium quality,440242,5
cpsnj08_SemiBin_116,80.07,3.2,Medium quality,F,F,cpsnj08,42,Medium quality,103251,12
cpsnj08_SemiBin_117,69.19,6.48,Medium quality,F,F,cpsnj08,12,Medium quality,309229,3
cpsnj08_SemiBin_11,98.32,5.24,Medium quality,F,F,cpsnj08,8,Medium quality,902694,3
cpsnj08_SemiBin_120,53.44,0.47,Medium quality,F,F,cpsnj08,24,Medium quality,104421,9
cpsnj08_SemiBin_1239,52.69,5.16,Medium quality,F,T,cpsnj08,92,Medium quality,42439,26
cpsnj08_SemiBin_1244,58.12,9.14,Medium quality,F,T,cpsnj08,165,Medium quality,43468,50
cpsnj08_SemiBin_127,62.55,0.18,Medium quality,F,F,cpsnj08,85,Medium quality,126878,22
cpsnj08_SemiBin_12,100,5,Medium quality,F,F,cpsnj08,17,Medium quality,565666,5
cpsnj08_SemiBin_130,72.05,0.11,Medium quality,F,T,cpsnj08,17,Medium quality,437442,5
cpsnj08_SemiBin_1311,55.31,6.48,Medium quality,F,T,cpsnj08,145,Medium quality,35426,45
cpsnj08_SemiBin_131,65.88,3.97,Medium quality,F,F,cpsnj08,25,Medium quality,203948,5
cpsnj08_SemiBin_134,59.49,0.75,Medium quality,F,F,cpsnj08,28,Medium quality,100142,7
cpsnj08_SemiBin_135,50.95,4.18,Medium quality,F,F,cpsnj08,40,Medium quality,144647,9
cpsnj08_SemiBin_13,91.57,0.43,High quality,F,F,cpsnj08,8,High quality,376430,2
cpsnj08_SemiBin_144,58.64,4.51,Medium quality,F,F,cpsnj08,16,Medium quality,270904,4
cpsnj08_SemiBin_146,51.76,0.92,Medium quality,F,T,cpsnj08,37,Medium quality,116780,11
cpsnj08_SemiBin_148,61.78,3.9,Medium quality,F,T,cpsnj08,80,Medium quality,103913,17
cpsnj08_SemiBin_14,87.83,4,Medium quality,F,F,cpsnj08,21,Medium quality,429655,5
cpsnj08_SemiBin_152,56.75,1.53,Medium quality,F,F,cpsnj08,28,Medium quality,228789,7
cpsnj08_SemiBin_153,51.35,4.37,Medium quality,F,T,cpsnj08,25,Medium quality,128744,9
cpsnj08_SemiBin_156,77.6,1.43,Medium quality,F,F,cpsnj08,16,Medium quality,418897,5
cpsnj08_SemiBin_15,93.39,8.47,Medium quality,F,T,cpsnj08,42,Medium quality,343684,6
cpsnj08_SemiBin_168,51.51,1.51,Medium quality,F,F,cpsnj08,32,Medium quality,142309,9
cpsnj08_SemiBin_16,91.73,1.47,High quality,T,F,cpsnj08,26,HQ-MIMAG,226401,6
cpsnj08_SemiBin_170,62.62,8.21,Medium quality,F,F,cpsnj08,49,Medium quality,152785,10
cpsnj08_SemiBin_17,84.68,0.18,Medium quality,F,T,cpsnj08,25,Medium quality,177273,5
cpsnj08_SemiBin_18,91.2,9.05,Medium quality,F,F,cpsnj08,20,Medium quality,549779,4
cpsnj08_SemiBin_195,62.19,7.66,Medium quality,F,T,cpsnj08,55,Medium quality,111957,16
cpsnj08_SemiBin_19,84.17,0.78,Medium quality,F,F,cpsnj08,12,Medium quality,470236,3
cpsnj08_SemiBin_1,100,3.67,High quality,T,F,cpsnj08,18,HQ-MIMAG,721001,4
cpsnj08_SemiBin_20,90.66,3.16,High quality,F,F,cpsnj08,21,High quality,553300,4
cpsnj08_SemiBin_211,50.05,6.1,Medium quality,F,T,cpsnj08,74,Medium quality,50792,21
cpsnj08_SemiBin_212,95.13,0.22,High quality,F,F,cpsnj08,13,High quality,184902,4
cpsnj08_SemiBin_21,74.53,1.3,Medium quality,F,T,cpsnj08,16,Medium quality,219653,5
cpsnj08_SemiBin_229,59.4,0.08,Medium quality,F,F,cpsnj08,8,Medium quality,424162,2
cpsnj08_SemiBin_22,83.86,0.08,Medium quality,F,F,cpsnj08,3,Medium quality,581699,2
cpsnj08_SemiBin_23,75.95,4.16,Medium quality,F,F,cpsnj08,29,Medium quality,208762,8
cpsnj08_SemiBin_24,74.88,0.06,Medium quality,F,T,cpsnj08,8,Medium quality,452170,2
cpsnj08_SemiBin_25,86.29,3.57,Medium quality,F,F,cpsnj08,18,Medium quality,185634,5
cpsnj08_SemiBin_26,84.9,7.87,Medium quality,F,F,cpsnj08,37,Medium quality,168559,6
cpsnj08_SemiBin_27,80.5,3.72,Medium quality,F,F,cpsnj08,21,Medium quality,313387,6
cpsnj08_SemiBin_28,88.1,7.07,Medium quality,F,F,cpsnj08,34,Medium quality,368328,9
cpsnj08_SemiBin_29,80.7,5.61,Medium quality,F,T,cpsnj08,39,Medium quality,243616,8
cpsnj08_SemiBin_2,92.27,0.81,High quality,T,T,cpsnj08,25,HQ-MIMAG,311851,7
cpsnj08_SemiBin_30,85.76,3.48,Medium quality,F,T,cpsnj08,39,Medium quality,162371,8
cpsnj08_SemiBin_31,78.99,1.47,Medium quality,F,F,cpsnj08,26,Medium quality,299441,6
cpsnj08_SemiBin_32,87.08,2.98,Medium quality,F,F,cpsnj08,21,Medium quality,310601,6
cpsnj08_SemiBin_33,88.95,2.8,Medium quality,F,T,cpsnj08,43,Medium quality,163641,13
cpsnj08_SemiBin_342,67.23,8.22,Medium quality,F,T,cpsnj08,46,Medium quality,109687,10
cpsnj08_SemiBin_34,82.16,2.25,Medium quality,F,T,cpsnj08,73,Medium quality,125950,18
cpsnj08_SemiBin_35,80.69,2.21,Medium quality,F,F,cpsnj08,10,Medium quality,388318,3
cpsnj08_SemiBin_366,51.95,3.57,Medium quality,F,T,cpsnj08,36,Medium quality,146245,11
cpsnj08_SemiBin_36,78.26,1.93,Medium quality,F,T,cpsnj08,34,Medium quality,147504,9
cpsnj08_SemiBin_37,82.39,0.84,Medium quality,F,F,cpsnj08,26,Medium quality,228820,6
cpsnj08_SemiBin_38,84.88,0.62,Medium quality,F,T,cpsnj08,14,Medium quality,780432,3
cpsnj08_SemiBin_39,72.44,3.31,Medium quality,F,F,cpsnj08,46,Medium quality,149295,12
cpsnj08_SemiBin_3,98.06,0.62,High quality,T,T,cpsnj08,12,HQ-MIMAG,559884,3
cpsnj08_SemiBin_40,75.22,1.11,Medium quality,F,T,cpsnj08,24,Medium quality,443737,5
cpsnj08_SemiBin_41,80.25,4.77,Medium quality,F,F,cpsnj08,51,Medium quality,215917,11
cpsnj08_SemiBin_42,87.87,1.1,Medium quality,F,T,cpsnj08,27,Medium quality,317125,7
cpsnj08_SemiBin_43,85.24,6.77,Medium quality,F,F,cpsnj08,45,Medium quality,284010,10
cpsnj08_SemiBin_44,80.94,7.61,Medium quality,F,F,cpsnj08,53,Medium quality,176108,12
cpsnj08_SemiBin_45,80.86,6.92,Medium quality,F,T,cpsnj08,26,Medium quality,281193,7
cpsnj08_SemiBin_46,79.28,1.76,Medium quality,F,F,cpsnj08,18,Medium quality,221772,6
cpsnj08_SemiBin_47,67.33,7.45,Medium quality,F,T,cpsnj08,122,Medium quality,62370,31
cpsnj08_SemiBin_48,72.31,2.09,Medium quality,F,F,cpsnj08,27,Medium quality,165824,8
cpsnj08_SemiBin_49,85.45,2.8,Medium quality,F,F,cpsnj08,15,Medium quality,591328,4
cpsnj08_SemiBin_4,98.05,0.56,High quality,T,T,cpsnj08,12,HQ-MIMAG,1128219,2
cpsnj08_SemiBin_50,75.3,0.3,Medium quality,F,F,cpsnj08,25,Medium quality,259701,8
cpsnj08_SemiBin_514,50.25,1.12,Medium quality,F,T,cpsnj08,19,Medium quality,197383,5
cpsnj08_SemiBin_51,73.15,4.6,Medium quality,F,F,cpsnj08,28,Medium quality,270999,8
cpsnj08_SemiBin_52,69.13,0.6,Medium quality,F,F,cpsnj08,34,Medium quality,107975,9
cpsnj08_SemiBin_53,79.42,1.69,Medium quality,F,F,cpsnj08,17,Medium quality,434461,5
cpsnj08_SemiBin_54,83.56,0.83,Medium quality,F,F,cpsnj08,17,Medium quality,650969,4
cpsnj08_SemiBin_561,62.22,4.66,Medium quality,F,F,cpsnj08,18,Medium quality,334305,6
cpsnj08_SemiBin_56,78.21,2.4,Medium quality,F,F,cpsnj08,22,Medium quality,179298,6
cpsnj08_SemiBin_57,64.43,1.46,Medium quality,F,F,cpsnj08,44,Medium quality,103741,13
cpsnj08_SemiBin_58,61.1,1.91,Medium quality,F,T,cpsnj08,23,Medium quality,310480,7
cpsnj08_SemiBin_59,100,6.04,Medium quality,F,F,cpsnj08,30,Medium quality,432803,6
cpsnj08_SemiBin_5,95.98,9.03,Medium quality,F,F,cpsnj08,87,Medium quality,174526,17
cpsnj08_SemiBin_60,77.25,5.54,Medium quality,F,F,cpsnj08,52,Medium quality,219585,12
cpsnj08_SemiBin_61,79.08,0.96,Medium quality,F,F,cpsnj08,8,Medium quality,641089,3
cpsnj08_SemiBin_62,78.82,3.01,Medium quality,F,F,cpsnj08,36,Medium quality,120866,9
cpsnj08_SemiBin_63,76.03,0.02,Medium quality,F,F,cpsnj08,5,Medium quality,610860,2
cpsnj08_SemiBin_64,61.33,2.45,Medium quality,F,F,cpsnj08,17,Medium quality,327066,5
cpsnj08_SemiBin_65,63.71,0.98,Medium quality,F,F,cpsnj08,33,Medium quality,73526,11
cpsnj08_SemiBin_67,53.86,0.08,Medium quality,F,T,cpsnj08,27,Medium quality,81369,8
cpsnj08_SemiBin_68,61.97,0.53,Medium quality,F,F,cpsnj08,12,Medium quality,479635,3
cpsnj08_SemiBin_69,62.85,4.04,Medium quality,F,F,cpsnj08,50,Medium quality,74534,14
cpsnj08_SemiBin_6,99.54,2.15,High quality,T,T,cpsnj08,11,HQ-MIMAG,334828,3
cpsnj08_SemiBin_70,88.65,1.6,Medium quality,F,F,cpsnj08,22,Medium quality,379936,6
cpsnj08_SemiBin_71,70.65,0.94,Medium quality,F,F,cpsnj08,79,Medium quality,184279,19
cpsnj08_SemiBin_72,73.36,7.32,Medium quality,F,F,cpsnj08,50,Medium quality,94866,15
cpsnj08_SemiBin_73,52.01,2.75,Medium quality,F,T,cpsnj08,27,Medium quality,191901,8
cpsnj08_SemiBin_74,78.33,5.4,Medium quality,F,F,cpsnj08,35,Medium quality,297216,9
cpsnj08_SemiBin_75,56.09,1.45,Medium quality,F,F,cpsnj08,14,Medium quality,182025,5
cpsnj08_SemiBin_76,75.98,3.27,Medium quality,F,F,cpsnj08,11,Medium quality,602776,4
cpsnj08_SemiBin_77,57.23,3.41,Medium quality,F,T,cpsnj08,82,Medium quality,91904,19
cpsnj08_SemiBin_78,51.31,0.39,Medium quality,F,T,cpsnj08,15,Medium quality,157854,4
cpsnj08_SemiBin_79,71.41,1.84,Medium quality,F,F,cpsnj08,49,Medium quality,93895,16
cpsnj08_SemiBin_7,91.44,8.5,Medium quality,F,T,cpsnj08,35,Medium quality,388526,8
cpsnj08_SemiBin_80,73.35,1.5,Medium quality,F,T,cpsnj08,24,Medium quality,179308,5
cpsnj08_SemiBin_81,51.06,0.38,Medium quality,F,F,cpsnj08,34,Medium quality,101812,11
cpsnj08_SemiBin_82,67.97,5.44,Medium quality,F,F,cpsnj08,27,Medium quality,179980,8
cpsnj08_SemiBin_84,54.4,0.18,Medium quality,F,F,cpsnj08,29,Medium quality,100608,8
cpsnj08_SemiBin_85,62.17,1.56,Medium quality,F,F,cpsnj08,30,Medium quality,207081,8
cpsnj08_SemiBin_89,58.17,6.59,Medium quality,F,T,cpsnj08,18,Medium quality,257610,4
cpsnj08_SemiBin_8,94.36,0.32,High quality,T,T,cpsnj08,12,HQ-MIMAG,537571,3
cpsnj08_SemiBin_91,53.37,3.57,Medium quality,F,T,cpsnj08,74,Medium quality,48324,19
cpsnj08_SemiBin_92,55.75,5.07,Medium quality,F,T,cpsnj08,95,Medium quality,90220,27
cpsnj08_SemiBin_93,52.13,1.83,Medium quality,F,T,cpsnj08,68,Medium quality,77686,18
cpsnj08_SemiBin_94,51.34,2.38,Medium quality,F,F,cpsnj08,91,Medium quality,96448,22
cpsnj08_SemiBin_95,55.8,1.44,Medium quality,F,T,cpsnj08,98,Medium quality,72361,27
cpsnj08_SemiBin_96,88.67,5.77,Medium quality,F,F,cpsnj08,23,Medium quality,504192,5
cpsnj08_SemiBin_97,59.25,3.11,Medium quality,F,T,cpsnj08,34,Medium quality,74892,8
cpsnj08_SemiBin_99,76.48,1.94,Medium quality,F,F,cpsnj08,29,Medium quality,175166,8
cpsnj08_SemiBin_9,89.33,4.62,Medium quality,F,F,cpsnj08,19,Medium quality,494160,5
cpsnj09_SemiBin_0,96.84,0.98,High quality,F,T,cpsnj09,9,High quality,907114,2
cpsnj09_SemiBin_100,77.59,6.07,Medium quality,F,T,cpsnj09,34,Medium quality,160336,8
cpsnj09_SemiBin_102,71.1,1.38,Medium quality,F,F,cpsnj09,10,Medium quality,689801,4
cpsnj09_SemiBin_103,63.19,4.89,Medium quality,F,T,cpsnj09,49,Medium quality,292210,11
cpsnj09_SemiBin_104,77.26,0.03,Medium quality,F,T,cpsnj09,7,Medium quality,812611,3
cpsnj09_SemiBin_105,65.21,0.46,Medium quality,F,F,cpsnj09,10,Medium quality,682089,2
cpsnj09_SemiBin_107,67.2,4.01,Medium quality,F,T,cpsnj09,16,Medium quality,501913,5
cpsnj09_SemiBin_108,68.49,1.48,Medium quality,F,T,cpsnj09,19,Medium quality,395793,5
cpsnj09_SemiBin_109,68.85,2.64,Medium quality,F,T,cpsnj09,6,Medium quality,1094270,2
cpsnj09_SemiBin_10,100,1.97,High quality,T,T,cpsnj09,8,HQ-MIMAG,2206617,2
cpsnj09_SemiBin_110,63.38,0.53,Medium quality,F,T,cpsnj09,4,Medium quality,3321139,1
cpsnj09_SemiBin_111,68.14,5.12,Medium quality,F,F,cpsnj09,32,Medium quality,280402,8
cpsnj09_SemiBin_112,61.26,1.95,Medium quality,F,F,cpsnj09,47,Medium quality,228660,11
cpsnj09_SemiBin_113,76.69,1.1,Medium quality,F,T,cpsnj09,8,Medium quality,705668,3
cpsnj09_SemiBin_114,52.29,1.92,Medium quality,F,T,cpsnj09,27,Medium quality,295474,6
cpsnj09_SemiBin_115,59.47,1.17,Medium quality,F,F,cpsnj09,9,Medium quality,544682,4
cpsnj09_SemiBin_116,56.35,2.03,Medium quality,F,T,cpsnj09,22,Medium quality,320990,7
cpsnj09_SemiBin_117,58.14,5.71,Medium quality,F,T,cpsnj09,33,Medium quality,203285,10
cpsnj09_SemiBin_118,62.2,1.46,Medium quality,F,F,cpsnj09,6,Medium quality,1060785,2
cpsnj09_SemiBin_119,62.89,1.06,Medium quality,F,T,cpsnj09,30,Medium quality,176413,8
cpsnj09_SemiBin_11,78.55,0,Medium quality,F,F,cpsnj09,22,Medium quality,239994,7
cpsnj09_SemiBin_120,52.56,0.41,Medium quality,F,T,cpsnj09,4,Medium quality,953901,1
cpsnj09_SemiBin_122,81.37,0.48,Medium quality,F,F,cpsnj09,16,Medium quality,428666,4
cpsnj09_SemiBin_123,54.56,0.13,Medium quality,F,T,cpsnj09,22,Medium quality,233408,6
cpsnj09_SemiBin_124,54.05,5.63,Medium quality,F,T,cpsnj09,43,Medium quality,132069,12
cpsnj09_SemiBin_125,90.25,7.73,Medium quality,F,T,cpsnj09,15,Medium quality,1072898,2
cpsnj09_SemiBin_126,75.15,1.99,Medium quality,F,T,cpsnj09,20,Medium quality,452250,6
cpsnj09_SemiBin_127,56.83,7.38,Medium quality,F,T,cpsnj09,51,Medium quality,199642,10
cpsnj09_SemiBin_128,57.76,5.28,Medium quality,F,T,cpsnj09,35,Medium quality,265988,9
cpsnj09_SemiBin_129,62.28,6.04,Medium quality,F,T,cpsnj09,18,Medium quality,556644,3
cpsnj09_SemiBin_12,99.63,3.5,High quality,T,F,cpsnj09,2,HQ-MIMAG,5326196,1
cpsnj09_SemiBin_131,72.44,1.46,Medium quality,F,T,cpsnj09,33,Medium quality,204265,9
cpsnj09_SemiBin_132,51.38,0.27,Medium quality,F,F,cpsnj09,24,Medium quality,316054,5
cpsnj09_SemiBin_133,69.73,2.63,Medium quality,F,T,cpsnj09,28,Medium quality,297756,8
cpsnj09_SemiBin_135,53.63,1.21,Medium quality,F,T,cpsnj09,26,Medium quality,190304,8
cpsnj09_SemiBin_136,84.97,3.72,Medium quality,F,T,cpsnj09,31,Medium quality,293133,8
cpsnj09_SemiBin_137,69.24,7,Medium quality,F,T,cpsnj09,42,Medium quality,254597,11
cpsnj09_SemiBin_138,53.14,0.42,Medium quality,F,F,cpsnj09,10,Medium quality,432063,3
cpsnj09_SemiBin_139,58.8,3.65,Medium quality,F,T,cpsnj09,38,Medium quality,194385,9
cpsnj09_SemiBin_13,94.27,0.07,High quality,T,T,cpsnj09,4,HQ-MIMAG,1093366,2
cpsnj09_SemiBin_140,53.17,4.25,Medium quality,F,F,cpsnj09,68,Medium quality,290436,14
cpsnj09_SemiBin_141,63.42,2.7,Medium quality,F,F,cpsnj09,36,Medium quality,321064,9
cpsnj09_SemiBin_142,50.07,0.68,Medium quality,F,T,cpsnj09,24,Medium quality,196301,6
cpsnj09_SemiBin_143,54.44,0.35,Medium quality,F,F,cpsnj09,7,Medium quality,527440,3
cpsnj09_SemiBin_144,56.56,4.65,Medium quality,F,F,cpsnj09,47,Medium quality,176274,13
cpsnj09_SemiBin_147,55.22,8.06,Medium quality,F,T,cpsnj09,55,Medium quality,138140,11
cpsnj09_SemiBin_148,61.56,2.5,Medium quality,F,T,cpsnj09,32,Medium quality,99535,10
cpsnj09_SemiBin_149,55.32,0.89,Medium quality,F,T,cpsnj09,19,Medium quality,209563,5
cpsnj09_SemiBin_14,100,4.14,High quality,T,F,cpsnj09,19,HQ-MIMAG,316589,6
cpsnj09_SemiBin_150,56.02,4.88,Medium quality,F,T,cpsnj09,23,Medium quality,285814,6
cpsnj09_SemiBin_1515,57.22,9.88,Medium quality,F,T,cpsnj09,43,Medium quality,149700,14
cpsnj09_SemiBin_151,56.63,0.86,Medium quality,F,T,cpsnj09,28,Medium quality,314644,7
cpsnj09_SemiBin_158,52,0.69,Medium quality,F,T,cpsnj09,21,Medium quality,213555,6
cpsnj09_SemiBin_159,73.93,5.92,Medium quality,F,F,cpsnj09,19,Medium quality,490043,5
cpsnj09_SemiBin_15,98.7,0.94,High quality,F,T,cpsnj09,12,High quality,843179,3
cpsnj09_SemiBin_160,85.47,2.84,Medium quality,F,F,cpsnj09,14,Medium quality,463918,4
cpsnj09_SemiBin_161,79.81,3.85,Medium quality,F,T,cpsnj09,18,Medium quality,292017,5
cpsnj09_SemiBin_165,58.44,5.73,Medium quality,F,T,cpsnj09,6,Medium quality,439303,2
cpsnj09_SemiBin_167,66.3,3.43,Medium quality,F,T,cpsnj09,29,Medium quality,276953,7
cpsnj09_SemiBin_169,53.28,5.25,Medium quality,F,F,cpsnj09,23,Medium quality,221485,7
cpsnj09_SemiBin_16,95.09,2.16,High quality,T,F,cpsnj09,5,HQ-MIMAG,2325791,2
cpsnj09_SemiBin_172,50.59,1.83,Medium quality,F,F,cpsnj09,29,Medium quality,162548,9
cpsnj09_SemiBin_173,56.45,3.4,Medium quality,F,T,cpsnj09,17,Medium quality,333102,5
cpsnj09_SemiBin_174,71.75,1.05,Medium quality,F,T,cpsnj09,31,Medium quality,244995,7
cpsnj09_SemiBin_17,97.86,1.9,High quality,T,T,cpsnj09,11,HQ-MIMAG,1215398,3
cpsnj09_SemiBin_18,99.38,3.42,High quality,T,F,cpsnj09,5,HQ-MIMAG,1511906,2
cpsnj09_SemiBin_192,77.61,3.03,Medium quality,F,T,cpsnj09,17,Medium quality,403848,5
cpsnj09_SemiBin_1949,57.86,5.97,Medium quality,F,T,cpsnj09,40,Medium quality,149851,11
cpsnj09_SemiBin_197,78.06,0.66,Medium quality,F,T,cpsnj09,12,Medium quality,383050,3
cpsnj09_SemiBin_198,60.21,2.58,Medium quality,F,F,cpsnj09,1,Medium quality,3252894,1
cpsnj09_SemiBin_19,91.19,4.57,High quality,T,T,cpsnj09,26,HQ-MIMAG,313905,7
cpsnj09_SemiBin_1,99.53,2.34,High quality,T,F,cpsnj09,2,HQ-MIMAG,3286759,1
cpsnj09_SemiBin_207,78.66,6,Medium quality,F,T,cpsnj09,28,Medium quality,399467,8
cpsnj09_SemiBin_20,98.69,7.23,Medium quality,F,F,cpsnj09,7,Medium quality,3865564,1
cpsnj09_SemiBin_212,75.81,2.16,Medium quality,F,F,cpsnj09,18,Medium quality,235191,6
cpsnj09_SemiBin_216,61.31,0.2,Medium quality,F,T,cpsnj09,49,Medium quality,120360,16
cpsnj09_SemiBin_2176,52.2,9.16,Medium quality,F,T,cpsnj09,81,Medium quality,85019,27
cpsnj09_SemiBin_217,77.03,1.64,Medium quality,F,T,cpsnj09,7,Medium quality,1018435,2
cpsnj09_SemiBin_21,96.71,6.41,Medium quality,F,F,cpsnj09,20,Medium quality,581341,5
cpsnj09_SemiBin_221,65.68,0.05,Medium quality,F,F,cpsnj09,8,Medium quality,579682,3
cpsnj09_SemiBin_223,64.27,6.16,Medium quality,F,T,cpsnj09,21,Medium quality,252285,7
cpsnj09_SemiBin_22,96.92,7.11,Medium quality,F,F,cpsnj09,33,Medium quality,439905,4
cpsnj09_SemiBin_23,96.19,0.38,High quality,T,F,cpsnj09,3,HQ-MIMAG,3277774,1
cpsnj09_SemiBin_242,77.13,4.03,Medium quality,F,F,cpsnj09,20,Medium quality,392329,6
cpsnj09_SemiBin_243,76.36,5.58,Medium quality,F,T,cpsnj09,66,Medium quality,134617,16
cpsnj09_SemiBin_244,65.09,0.29,Medium quality,F,F,cpsnj09,17,Medium quality,326334,5
cpsnj09_SemiBin_246,83.01,4.43,Medium quality,F,T,cpsnj09,13,Medium quality,558093,4
cpsnj09_SemiBin_24,95.15,0.16,High quality,T,F,cpsnj09,5,HQ-MIMAG,986365,2
cpsnj09_SemiBin_257,59.55,3.28,Medium quality,F,T,cpsnj09,29,Medium quality,232972,8
cpsnj09_SemiBin_25,90.34,7.99,Medium quality,F,T,cpsnj09,8,Medium quality,1148915,2
cpsnj09_SemiBin_264,56.43,0.67,Medium quality,F,T,cpsnj09,33,Medium quality,170186,10
cpsnj09_SemiBin_26,88.61,0.66,Medium quality,F,T,cpsnj09,18,Medium quality,293070,5
cpsnj09_SemiBin_275,56.49,1.03,Medium quality,F,T,cpsnj09,14,Medium quality,234843,5
cpsnj09_SemiBin_279,51.58,5.53,Medium quality,F,T,cpsnj09,16,Medium quality,249294,3
cpsnj09_SemiBin_27,96.44,5.17,Medium quality,F,T,cpsnj09,19,Medium quality,641342,4
cpsnj09_SemiBin_287,79.27,4.77,Medium quality,F,F,cpsnj09,19,Medium quality,513684,7
cpsnj09_SemiBin_28,95.23,0.25,High quality,T,T,cpsnj09,13,HQ-MIMAG,815131,3
cpsnj09_SemiBin_292,57.57,3.18,Medium quality,F,T,cpsnj09,32,Medium quality,224058,8
cpsnj09_SemiBin_298,51.86,0.24,Medium quality,F,F,cpsnj09,10,Medium quality,736778,3
cpsnj09_SemiBin_29,97.63,4.7,High quality,T,F,cpsnj09,19,HQ-MIMAG,376566,6
cpsnj09_SemiBin_2,99.23,0.01,High quality,T,T,cpsnj09,7,HQ-MIMAG,420620,2
cpsnj09_SemiBin_302,53.81,1.16,Medium quality,F,F,cpsnj09,6,Medium quality,526368,3
cpsnj09_SemiBin_30,90.18,2.63,High quality,T,T,cpsnj09,9,HQ-MIMAG,901912,2
cpsnj09_SemiBin_315,50.19,3.81,Medium quality,F,T,cpsnj09,25,Medium quality,215791,7
cpsnj09_SemiBin_319,61.05,0.13,Medium quality,F,T,cpsnj09,16,Medium quality,247720,5
cpsnj09_SemiBin_31,93.1,6.23,Medium quality,F,F,cpsnj09,23,Medium quality,350375,7
cpsnj09_SemiBin_320,65.13,8.37,Medium quality,F,F,cpsnj09,43,Medium quality,88421,15
cpsnj09_SemiBin_321,55.13,9.97,Medium quality,F,T,cpsnj09,42,Medium quality,178072,12
cpsnj09_SemiBin_32,100,6.29,Medium quality,F,F,cpsnj09,19,Medium quality,512875,5
cpsnj09_SemiBin_336,50.4,1.46,Medium quality,F,F,cpsnj09,13,Medium quality,202586,5
cpsnj09_SemiBin_33,92.05,3.39,High quality,T,F,cpsnj09,11,HQ-MIMAG,427635,3
cpsnj09_SemiBin_344,61.47,0.37,Medium quality,F,F,cpsnj09,9,Medium quality,498707,3
cpsnj09_SemiBin_346,60.49,1.32,Medium quality,F,F,cpsnj09,10,Medium quality,681498,3
cpsnj09_SemiBin_34,89.87,0.29,Medium quality,F,F,cpsnj09,5,Medium quality,1972057,1
cpsnj09_SemiBin_351,55.38,6.98,Medium quality,F,F,cpsnj09,32,Medium quality,113222,7
cpsnj09_SemiBin_35,96.26,0.37,High quality,T,F,cpsnj09,5,HQ-MIMAG,1489467,2
cpsnj09_SemiBin_369,60.5,7.06,Medium quality,F,T,cpsnj09,48,Medium quality,166529,12
cpsnj09_SemiBin_36,91.08,6.38,Medium quality,F,T,cpsnj09,25,Medium quality,774089,5
cpsnj09_SemiBin_377,55.72,0.59,Medium quality,F,F,cpsnj09,5,Medium quality,551009,2
cpsnj09_SemiBin_37,88.27,1.49,Medium quality,F,T,cpsnj09,17,Medium quality,517901,4
cpsnj09_SemiBin_38,89.83,0.06,Medium quality,F,F,cpsnj09,9,Medium quality,445018,3
cpsnj09_SemiBin_390,53.38,0.49,Medium quality,F,T,cpsnj09,14,Medium quality,328320,5
cpsnj09_SemiBin_394,73.32,0.14,Medium quality,F,F,cpsnj09,5,Medium quality,274722,2
cpsnj09_SemiBin_39,91.68,1.37,High quality,T,T,cpsnj09,6,HQ-MIMAG,580614,3
cpsnj09_SemiBin_3,97.19,0.1,High quality,T,T,cpsnj09,3,HQ-MIMAG,2535878,1
cpsnj09_SemiBin_40,94.75,3.94,High quality,T,T,cpsnj09,25,HQ-MIMAG,578162,4
cpsnj09_SemiBin_41,94.2,7.37,Medium quality,F,T,cpsnj09,7,Medium quality,3681653,1
cpsnj09_SemiBin_42,89.82,4.15,Medium quality,F,F,cpsnj09,17,Medium quality,528099,6
cpsnj09_SemiBin_43,91.07,2.94,High quality,F,T,cpsnj09,1,High quality,4410358,1
cpsnj09_SemiBin_44,82.64,0.27,Medium quality,F,T,cpsnj09,5,Medium quality,1287556,2
cpsnj09_SemiBin_45,87.83,0.24,Medium quality,F,T,cpsnj09,5,Medium quality,1309029,2
cpsnj09_SemiBin_46,89.98,5.23,Medium quality,F,F,cpsnj09,24,Medium quality,290138,6
cpsnj09_SemiBin_47,98.51,6.62,Medium quality,F,T,cpsnj09,59,Medium quality,322177,11
cpsnj09_SemiBin_48,86.53,0.41,Medium quality,F,F,cpsnj09,8,Medium quality,600198,3
cpsnj09_SemiBin_49,92.43,4.11,High quality,T,T,cpsnj09,15,HQ-MIMAG,595891,3
cpsnj09_SemiBin_4,100,0.35,High quality,T,T,cpsnj09,4,HQ-MIMAG,3917659,1
cpsnj09_SemiBin_50,89.73,2.77,Medium quality,F,T,cpsnj09,10,Medium quality,1068616,3
cpsnj09_SemiBin_51,91.68,3.1,High quality,T,T,cpsnj09,5,HQ-MIMAG,1954716,1
cpsnj09_SemiBin_52,91.12,1.03,High quality,T,T,cpsnj09,15,HQ-MIMAG,810202,5
cpsnj09_SemiBin_53,91.59,0.86,High quality,T,T,cpsnj09,6,HQ-MIMAG,717838,3
cpsnj09_SemiBin_54,69.99,1.12,Medium quality,F,F,cpsnj09,18,Medium quality,264086,4
cpsnj09_SemiBin_55,87.81,4.56,Medium quality,F,F,cpsnj09,28,Medium quality,425855,6
cpsnj09_SemiBin_56,97.15,6.9,Medium quality,F,F,cpsnj09,1,Medium quality,6890110,1
cpsnj09_SemiBin_57,82.5,5.57,Medium quality,F,F,cpsnj09,11,Medium quality,1180812,3
cpsnj09_SemiBin_58,79.58,3.19,Medium quality,F,F,cpsnj09,13,Medium quality,457551,2
cpsnj09_SemiBin_59,69.66,0.02,Medium quality,F,T,cpsnj09,8,Medium quality,732636,2
cpsnj09_SemiBin_5,96.89,0.36,High quality,T,T,cpsnj09,7,HQ-MIMAG,1092577,2
cpsnj09_SemiBin_60,79.74,2.88,Medium quality,F,T,cpsnj09,44,Medium quality,172499,12
cpsnj09_SemiBin_61,92.11,3.43,High quality,T,F,cpsnj09,10,HQ-MIMAG,1265632,3
cpsnj09_SemiBin_626,59.72,3.22,Medium quality,F,T,cpsnj09,14,Medium quality,265577,5
cpsnj09_SemiBin_62,96.65,9.54,Medium quality,F,F,cpsnj09,20,Medium quality,552977,5
cpsnj09_SemiBin_63,86.78,0.88,Medium quality,F,T,cpsnj09,14,Medium quality,817153,3
cpsnj09_SemiBin_64,85.66,1.16,Medium quality,F,T,cpsnj09,19,Medium quality,893254,3
cpsnj09_SemiBin_65,91.87,1.69,High quality,T,F,cpsnj09,12,HQ-MIMAG,553487,4
cpsnj09_SemiBin_663,50.83,4.54,Medium quality,F,T,cpsnj09,9,Medium quality,317039,3
cpsnj09_SemiBin_66,94.8,2.81,High quality,T,T,cpsnj09,16,HQ-MIMAG,475174,4
cpsnj09_SemiBin_67,90.4,2.96,High quality,F,F,cpsnj09,10,High quality,944349,3
cpsnj09_SemiBin_681,54,6.23,Medium quality,F,T,cpsnj09,15,Medium quality,182409,5
cpsnj09_SemiBin_68,91.03,1.72,High quality,T,T,cpsnj09,10,HQ-MIMAG,885609,2
cpsnj09_SemiBin_69,79.85,0.55,Medium quality,F,T,cpsnj09,17,Medium quality,456613,4
cpsnj09_SemiBin_6,97.38,2.64,High quality,T,T,cpsnj09,19,HQ-MIMAG,491636,6
cpsnj09_SemiBin_70,89.83,2.29,Medium quality,F,T,cpsnj09,17,Medium quality,511090,3
cpsnj09_SemiBin_718,55.39,9.63,Medium quality,F,T,cpsnj09,32,Medium quality,214274,8
cpsnj09_SemiBin_71,76.41,5.98,Medium quality,F,T,cpsnj09,40,Medium quality,441555,9
cpsnj09_SemiBin_72,76.79,1.22,Medium quality,F,T,cpsnj09,9,Medium quality,575878,3
cpsnj09_SemiBin_735,58.66,1.5,Medium quality,F,T,cpsnj09,15,Medium quality,228010,5
cpsnj09_SemiBin_73,86.58,0.49,Medium quality,F,T,cpsnj09,8,Medium quality,523737,3
cpsnj09_SemiBin_74,84.98,4.89,Medium quality,F,F,cpsnj09,8,Medium quality,618735,3
cpsnj09_SemiBin_76,90.47,9.44,Medium quality,F,F,cpsnj09,17,Medium quality,340643,5
cpsnj09_SemiBin_77,74.87,4,Medium quality,F,T,cpsnj09,6,Medium quality,1412480,2
cpsnj09_SemiBin_78,76.43,0,Medium quality,F,T,cpsnj09,4,Medium quality,969692,2
cpsnj09_SemiBin_7,100,3.65,High quality,T,F,cpsnj09,2,HQ-MIMAG,4369751,1
cpsnj09_SemiBin_80,65.97,3.23,Medium quality,F,F,cpsnj09,20,Medium quality,338728,4
cpsnj09_SemiBin_81,75.68,1.87,Medium quality,F,F,cpsnj09,18,Medium quality,392806,4
cpsnj09_SemiBin_82,84.35,3.56,Medium quality,F,F,cpsnj09,9,Medium quality,816605,3
cpsnj09_SemiBin_84,75.23,0.09,Medium quality,F,F,cpsnj09,14,Medium quality,244529,5
cpsnj09_SemiBin_85,67.15,8.18,Medium quality,F,T,cpsnj09,41,Medium quality,147349,11
cpsnj09_SemiBin_86,86.87,3.51,Medium quality,F,F,cpsnj09,12,Medium quality,648746,4
cpsnj09_SemiBin_87,74.9,0.32,Medium quality,F,F,cpsnj09,5,Medium quality,685826,2
cpsnj09_SemiBin_885,51.53,9.12,Medium quality,F,T,cpsnj09,55,Medium quality,184221,17
cpsnj09_SemiBin_88,70.75,2.66,Medium quality,F,T,cpsnj09,18,Medium quality,234773,6
cpsnj09_SemiBin_8,94.21,3.43,High quality,F,F,cpsnj09,11,High quality,648712,4
cpsnj09_SemiBin_90,76.71,1.69,Medium quality,F,T,cpsnj09,29,Medium quality,498156,5
cpsnj09_SemiBin_91,82.72,0.88,Medium quality,F,F,cpsnj09,5,Medium quality,2736365,1
cpsnj09_SemiBin_92,65.09,3.6,Medium quality,F,T,cpsnj09,50,Medium quality,227480,13
cpsnj09_SemiBin_93,59.77,0.67,Medium quality,F,T,cpsnj09,21,Medium quality,283681,6
cpsnj09_SemiBin_94,77.05,2.27,Medium quality,F,F,cpsnj09,33,Medium quality,399358,7
cpsnj09_SemiBin_95,69.62,0.96,Medium quality,F,F,cpsnj09,13,Medium quality,394247,4
cpsnj09_SemiBin_96,84.55,0.55,Medium quality,F,F,cpsnj09,8,Medium quality,1017923,3
cpsnj09_SemiBin_97,91.5,1.72,High quality,T,T,cpsnj09,15,HQ-MIMAG,326298,4
cpsnj09_SemiBin_98,64.48,0.46,Medium quality,F,T,cpsnj09,8,Medium quality,876868,3
cpsnj09_SemiBin_99,73.77,4.39,Medium quality,F,T,cpsnj09,13,Medium quality,247824,5
cpsnj09_SemiBin_9,97.3,6.15,Medium quality,F,T,cpsnj09,17,Medium quality,501708,4
cpsnj10_SemiBin_0,96.31,0.5,High quality,T,F,cpsnj10,1,HQ-MIMAG,5808077,1
cpsnj10_SemiBin_102,65.65,0.79,Medium quality,F,F,cpsnj10,19,Medium quality,242463,5
cpsnj10_SemiBin_103,67.47,3.25,Medium quality,F,T,cpsnj10,15,Medium quality,511309,4
cpsnj10_SemiBin_104,56.72,3.07,Medium quality,F,F,cpsnj10,19,Medium quality,403473,5
cpsnj10_SemiBin_105,84.8,2.48,Medium quality,F,T,cpsnj10,16,Medium quality,516362,3
cpsnj10_SemiBin_106,58.6,4.99,Medium quality,F,F,cpsnj10,20,Medium quality,307497,6
cpsnj10_SemiBin_107,60.09,0,Medium quality,F,F,cpsnj10,8,Medium quality,310642,3
cpsnj10_SemiBin_108,80.1,0.76,Medium quality,F,F,cpsnj10,14,Medium quality,273541,6
cpsnj10_SemiBin_109,54.47,1.19,Medium quality,F,T,cpsnj10,3,Medium quality,538291,2
cpsnj10_SemiBin_10,100,0.96,High quality,T,F,cpsnj10,5,HQ-MIMAG,1768918,2
cpsnj10_SemiBin_110,60.26,0.65,Medium quality,F,T,cpsnj10,30,Medium quality,208769,9
cpsnj10_SemiBin_112,55.88,0.49,Medium quality,F,T,cpsnj10,12,Medium quality,469019,4
cpsnj10_SemiBin_113,58.76,1.32,Medium quality,F,F,cpsnj10,23,Medium quality,244734,8
cpsnj10_SemiBin_114,86.23,3.85,Medium quality,F,F,cpsnj10,24,Medium quality,393438,7
cpsnj10_SemiBin_115,73.3,6.28,Medium quality,F,T,cpsnj10,22,Medium quality,673071,3
cpsnj10_SemiBin_117,59.19,2.75,Medium quality,F,T,cpsnj10,15,Medium quality,359167,4
cpsnj10_SemiBin_119,100,5.57,Medium quality,F,T,cpsnj10,13,Medium quality,1726533,2
cpsnj10_SemiBin_120,77.31,0,Medium quality,F,F,cpsnj10,5,Medium quality,724312,2
cpsnj10_SemiBin_121,79.7,1.89,Medium quality,F,F,cpsnj10,14,Medium quality,622583,4
cpsnj10_SemiBin_122,52.25,6.29,Medium quality,F,T,cpsnj10,12,Medium quality,348371,3
cpsnj10_SemiBin_124,56.82,5.05,Medium quality,F,F,cpsnj10,30,Medium quality,117719,7
cpsnj10_SemiBin_125,96.48,6.14,Medium quality,F,T,cpsnj10,22,Medium quality,390137,4
cpsnj10_SemiBin_126,50.56,0.93,Medium quality,F,T,cpsnj10,9,Medium quality,257570,3
cpsnj10_SemiBin_128,86.58,6.51,Medium quality,F,F,cpsnj10,38,Medium quality,314610,8
cpsnj10_SemiBin_129,57.35,2.77,Medium quality,F,F,cpsnj10,46,Medium quality,95581,12
cpsnj10_SemiBin_12,94.75,1.12,High quality,T,T,cpsnj10,8,HQ-MIMAG,914639,2
cpsnj10_SemiBin_130,81.9,1.34,Medium quality,F,T,cpsnj10,12,Medium quality,704361,3
cpsnj10_SemiBin_131,72.7,5.78,Medium quality,F,F,cpsnj10,44,Medium quality,295151,10
cpsnj10_SemiBin_135,78.65,5.74,Medium quality,F,F,cpsnj10,34,Medium quality,270502,8
cpsnj10_SemiBin_136,58.42,1.99,Medium quality,F,F,cpsnj10,34,Medium quality,140537,10
cpsnj10_SemiBin_139,78.02,2.4,Medium quality,F,F,cpsnj10,19,Medium quality,516962,5
cpsnj10_SemiBin_13,85.9,0.46,Medium quality,F,T,cpsnj10,8,Medium quality,941691,2
cpsnj10_SemiBin_140,50.52,2.71,Medium quality,F,T,cpsnj10,36,Medium quality,76426,11
cpsnj10_SemiBin_141,51.56,6.71,Medium quality,F,T,cpsnj10,35,Medium quality,142187,11
cpsnj10_SemiBin_143,71.88,0.37,Medium quality,F,F,cpsnj10,3,Medium quality,1521405,2
cpsnj10_SemiBin_145,51.24,0.35,Medium quality,F,F,cpsnj10,16,Medium quality,212547,6
cpsnj10_SemiBin_148,57.32,3.13,Medium quality,F,T,cpsnj10,25,Medium quality,154971,7
cpsnj10_SemiBin_149,52.79,1.89,Medium quality,F,F,cpsnj10,23,Medium quality,255389,7
cpsnj10_SemiBin_14,82.69,0.01,Medium quality,F,F,cpsnj10,18,Medium quality,295001,5
cpsnj10_SemiBin_1505,54.75,8.88,Medium quality,F,T,cpsnj10,42,Medium quality,160435,14
cpsnj10_SemiBin_154,61.24,4.34,Medium quality,F,F,cpsnj10,28,Medium quality,158627,7
cpsnj10_SemiBin_156,73.85,1.32,Medium quality,F,F,cpsnj10,15,Medium quality,206428,4
cpsnj10_SemiBin_159,63.2,0.75,Medium quality,F,F,cpsnj10,25,Medium quality,170354,6
cpsnj10_SemiBin_15,92.35,0.69,High quality,F,F,cpsnj10,4,High quality,3671150,1
cpsnj10_SemiBin_162,52.11,4.38,Medium quality,F,T,cpsnj10,51,Medium quality,59089,16
cpsnj10_SemiBin_164,69.97,2.69,Medium quality,F,F,cpsnj10,15,Medium quality,158146,5
cpsnj10_SemiBin_165,78.98,1.85,Medium quality,F,T,cpsnj10,13,Medium quality,402537,4
cpsnj10_SemiBin_167,56.2,0.99,Medium quality,F,T,cpsnj10,29,Medium quality,162205,8
cpsnj10_SemiBin_169,75.52,3.03,Medium quality,F,T,cpsnj10,12,Medium quality,399319,4
cpsnj10_SemiBin_16,89.45,0.15,Medium quality,F,T,cpsnj10,3,Medium quality,3494880,1
cpsnj10_SemiBin_174,60.39,3.8,Medium quality,F,T,cpsnj10,42,Medium quality,141912,12
cpsnj10_SemiBin_175,53.98,2.67,Medium quality,F,F,cpsnj10,6,Medium quality,911036,1
cpsnj10_SemiBin_179,56.14,4.88,Medium quality,F,T,cpsnj10,17,Medium quality,288003,4
cpsnj10_SemiBin_1817,58.04,8.72,Medium quality,F,T,cpsnj10,157,Medium quality,56495,44
cpsnj10_SemiBin_1846,53.84,8.67,Medium quality,F,T,cpsnj10,217,Medium quality,48633,56
cpsnj10_SemiBin_1872,55.97,9.69,Medium quality,F,T,cpsnj10,117,Medium quality,74687,34
cpsnj10_SemiBin_189,65.35,0.16,Medium quality,F,F,cpsnj10,21,Medium quality,163857,6
cpsnj10_SemiBin_18,91.6,1.27,High quality,F,F,cpsnj10,18,High quality,193064,5
cpsnj10_SemiBin_191,68.26,0.59,Medium quality,F,F,cpsnj10,6,Medium quality,853186,2
cpsnj10_SemiBin_19,88.63,0.78,Medium quality,F,F,cpsnj10,3,Medium quality,2186283,1
cpsnj10_SemiBin_1,98.23,8.18,Medium quality,F,F,cpsnj10,20,Medium quality,808661,4
cpsnj10_SemiBin_208,53.87,0.19,Medium quality,F,F,cpsnj10,14,Medium quality,185892,5
cpsnj10_SemiBin_209,73.75,6.86,Medium quality,F,T,cpsnj10,14,Medium quality,359243,5
cpsnj10_SemiBin_210,56.12,1.95,Medium quality,F,F,cpsnj10,12,Medium quality,323865,3
cpsnj10_SemiBin_217,59.14,0.06,Medium quality,F,T,cpsnj10,20,Medium quality,139609,7
cpsnj10_SemiBin_219,57.91,0.56,Medium quality,F,F,cpsnj10,29,Medium quality,157514,10
cpsnj10_SemiBin_21,92.89,1.11,High quality,T,T,cpsnj10,11,HQ-MIMAG,703477,3
cpsnj10_SemiBin_224,54.92,1.51,Medium quality,F,T,cpsnj10,46,Medium quality,173473,11
cpsnj10_SemiBin_22,95.19,1.9,High quality,T,T,cpsnj10,7,HQ-MIMAG,2041396,2
cpsnj10_SemiBin_238,54.03,8.17,Medium quality,F,T,cpsnj10,51,Medium quality,163958,7
cpsnj10_SemiBin_23,97.88,0.77,High quality,T,T,cpsnj10,6,HQ-MIMAG,1172371,2
cpsnj10_SemiBin_244,53,0.93,Medium quality,F,T,cpsnj10,31,Medium quality,245989,10
cpsnj10_SemiBin_247,63.22,3.64,Medium quality,F,F,cpsnj10,10,Medium quality,425997,3
cpsnj10_SemiBin_24,79.74,1.3,Medium quality,F,F,cpsnj10,14,Medium quality,262817,4
cpsnj10_SemiBin_25,89.66,1.36,Medium quality,F,F,cpsnj10,13,Medium quality,446348,4
cpsnj10_SemiBin_265,54.41,0.89,Medium quality,F,F,cpsnj10,13,Medium quality,184753,4
cpsnj10_SemiBin_26,95.8,2.8,High quality,F,F,cpsnj10,15,High quality,741603,3
cpsnj10_SemiBin_27,84.39,2.65,Medium quality,F,F,cpsnj10,17,Medium quality,387583,4
cpsnj10_SemiBin_281,51.36,5.32,Medium quality,F,F,cpsnj10,33,Medium quality,148665,11
cpsnj10_SemiBin_28,93.9,9.3,Medium quality,F,F,cpsnj10,33,Medium quality,400495,6
cpsnj10_SemiBin_291,70.38,0.59,Medium quality,F,F,cpsnj10,14,Medium quality,239434,5
cpsnj10_SemiBin_293,50.02,4.96,Medium quality,F,F,cpsnj10,20,Medium quality,233047,6
cpsnj10_SemiBin_29,93.24,1.77,High quality,F,F,cpsnj10,9,High quality,819963,4
cpsnj10_SemiBin_2,98.63,4.19,High quality,T,T,cpsnj10,10,HQ-MIMAG,1075740,3
cpsnj10_SemiBin_302,50.64,0.28,Medium quality,F,T,cpsnj10,51,Medium quality,151306,14
cpsnj10_SemiBin_30,94.27,1.7,High quality,T,T,cpsnj10,7,HQ-MIMAG,1224984,2
cpsnj10_SemiBin_31,87.26,0.89,Medium quality,F,F,cpsnj10,14,Medium quality,459492,4
cpsnj10_SemiBin_33,87.02,3.25,Medium quality,F,T,cpsnj10,15,Medium quality,277756,4
cpsnj10_SemiBin_34,84.76,2.35,Medium quality,F,T,cpsnj10,19,Medium quality,399647,6
cpsnj10_SemiBin_35,93.32,2.7,High quality,T,T,cpsnj10,17,HQ-MIMAG,764876,3
cpsnj10_SemiBin_361,62.17,9.96,Medium quality,F,T,cpsnj10,65,Medium quality,102563,18
cpsnj10_SemiBin_36,91.51,3.19,High quality,T,T,cpsnj10,18,HQ-MIMAG,565729,5
cpsnj10_SemiBin_38,93.81,1.92,High quality,T,T,cpsnj10,10,HQ-MIMAG,732205,4
cpsnj10_SemiBin_39,100,5.26,Medium quality,F,T,cpsnj10,34,Medium quality,260165,9
cpsnj10_SemiBin_3,96.65,3.45,High quality,T,T,cpsnj10,17,HQ-MIMAG,908625,3
cpsnj10_SemiBin_40,86.15,0.32,Medium quality,F,F,cpsnj10,7,Medium quality,988379,2
cpsnj10_SemiBin_41,88.23,6.33,Medium quality,F,F,cpsnj10,23,Medium quality,307050,6
cpsnj10_SemiBin_42,91.61,5.31,Medium quality,F,F,cpsnj10,7,Medium quality,797910,3
cpsnj10_SemiBin_43,93,0.58,High quality,F,T,cpsnj10,17,High quality,324981,5
cpsnj10_SemiBin_44,92.25,2.06,High quality,T,T,cpsnj10,10,HQ-MIMAG,442241,3
cpsnj10_SemiBin_45,84.87,3.02,Medium quality,F,T,cpsnj10,28,Medium quality,448127,7
cpsnj10_SemiBin_469,50.43,2.69,Medium quality,F,F,cpsnj10,11,Medium quality,119125,4
cpsnj10_SemiBin_46,82.85,4.57,Medium quality,F,F,cpsnj10,23,Medium quality,223458,6
cpsnj10_SemiBin_47,84.71,0.68,Medium quality,F,F,cpsnj10,4,Medium quality,1390131,2
cpsnj10_SemiBin_49,86.34,6.11,Medium quality,F,F,cpsnj10,30,Medium quality,243310,8
cpsnj10_SemiBin_4,97.76,0.05,High quality,T,T,cpsnj10,3,HQ-MIMAG,2483596,1
cpsnj10_SemiBin_50,75.23,1.41,Medium quality,F,F,cpsnj10,17,Medium quality,270105,6
cpsnj10_SemiBin_51,74.68,1.31,Medium quality,F,F,cpsnj10,10,Medium quality,462420,3
cpsnj10_SemiBin_523,70.44,3.25,Medium quality,F,F,cpsnj10,9,Medium quality,520925,2
cpsnj10_SemiBin_52,83.5,2.44,Medium quality,F,T,cpsnj10,18,Medium quality,705919,5
cpsnj10_SemiBin_53,75.36,2.22,Medium quality,F,F,cpsnj10,12,Medium quality,248859,4
cpsnj10_SemiBin_55,87.84,5.21,Medium quality,F,F,cpsnj10,29,Medium quality,362875,6
cpsnj10_SemiBin_56,82.48,3.28,Medium quality,F,T,cpsnj10,27,Medium quality,428731,7
cpsnj10_SemiBin_57,63.22,0.91,Medium quality,F,T,cpsnj10,11,Medium quality,290331,4
cpsnj10_SemiBin_58,78.67,2.94,Medium quality,F,T,cpsnj10,11,Medium quality,404876,4
cpsnj10_SemiBin_59,85.09,1.02,Medium quality,F,T,cpsnj10,5,Medium quality,1058128,2
cpsnj10_SemiBin_5,100,0.71,High quality,T,T,cpsnj10,1,HQ-MIMAG,7019367,1
cpsnj10_SemiBin_60,78.99,5.23,Medium quality,F,F,cpsnj10,12,Medium quality,806386,3
cpsnj10_SemiBin_62,80.6,5.78,Medium quality,F,F,cpsnj10,30,Medium quality,345872,7
cpsnj10_SemiBin_63,83.28,2.47,Medium quality,F,F,cpsnj10,35,Medium quality,127387,11
cpsnj10_SemiBin_64,87.72,2.62,Medium quality,F,F,cpsnj10,14,Medium quality,437304,5
cpsnj10_SemiBin_658,52.87,5.25,Medium quality,F,F,cpsnj10,13,Medium quality,300368,4
cpsnj10_SemiBin_65,59.74,0.58,Medium quality,F,T,cpsnj10,28,Medium quality,148888,9
cpsnj10_SemiBin_66,89.31,6.85,Medium quality,F,F,cpsnj10,25,Medium quality,494502,4
cpsnj10_SemiBin_67,74.66,2.92,Medium quality,F,F,cpsnj10,58,Medium quality,120896,17
cpsnj10_SemiBin_68,82.37,8.58,Medium quality,F,F,cpsnj10,10,Medium quality,504107,2
cpsnj10_SemiBin_69,74.37,0.61,Medium quality,F,F,cpsnj10,15,Medium quality,237459,4
cpsnj10_SemiBin_6,95.46,5.72,Medium quality,F,T,cpsnj10,18,Medium quality,520287,4
cpsnj10_SemiBin_70,76.26,0.38,Medium quality,F,F,cpsnj10,20,Medium quality,469357,5
cpsnj10_SemiBin_71,70.29,1.51,Medium quality,F,T,cpsnj10,18,Medium quality,178042,6
cpsnj10_SemiBin_736,52.72,7.9,Medium quality,F,T,cpsnj10,16,Medium quality,314801,5
cpsnj10_SemiBin_73,68.83,4.4,Medium quality,F,T,cpsnj10,58,Medium quality,104117,16
cpsnj10_SemiBin_74,86.19,4.82,Medium quality,F,F,cpsnj10,26,Medium quality,442846,6
cpsnj10_SemiBin_75,74.35,3.31,Medium quality,F,F,cpsnj10,17,Medium quality,380464,5
cpsnj10_SemiBin_76,77.25,1.9,Medium quality,F,F,cpsnj10,17,Medium quality,476741,6
cpsnj10_SemiBin_77,65.81,7.61,Medium quality,F,T,cpsnj10,66,Medium quality,161922,15
cpsnj10_SemiBin_78,60.41,0.19,Medium quality,F,F,cpsnj10,5,Medium quality,486064,2
cpsnj10_SemiBin_79,74.58,0.54,Medium quality,F,F,cpsnj10,6,Medium quality,2467782,1
cpsnj10_SemiBin_7,90.51,1.25,High quality,T,F,cpsnj10,15,HQ-MIMAG,391048,4
cpsnj10_SemiBin_81,66.22,3.18,Medium quality,F,F,cpsnj10,12,Medium quality,369873,3
cpsnj10_SemiBin_827,50.92,0.61,Medium quality,F,F,cpsnj10,12,Medium quality,127182,4
cpsnj10_SemiBin_82,53.49,0.39,Medium quality,F,F,cpsnj10,30,Medium quality,201429,8
cpsnj10_SemiBin_83,74.29,0.83,Medium quality,F,T,cpsnj10,13,Medium quality,858761,4
cpsnj10_SemiBin_85,100,3.07,High quality,T,F,cpsnj10,10,HQ-MIMAG,876017,3
cpsnj10_SemiBin_87,77.33,3.2,Medium quality,F,T,cpsnj10,17,Medium quality,605706,5
cpsnj10_SemiBin_88,57.88,0.86,Medium quality,F,T,cpsnj10,28,Medium quality,221137,6
cpsnj10_SemiBin_89,68.43,2.93,Medium quality,F,F,cpsnj10,26,Medium quality,293530,7
cpsnj10_SemiBin_8,93.91,0.35,High quality,T,T,cpsnj10,16,HQ-MIMAG,447529,5
cpsnj10_SemiBin_90,73.6,0.13,Medium quality,F,T,cpsnj10,29,Medium quality,198375,8
cpsnj10_SemiBin_91,72.6,8.62,Medium quality,F,F,cpsnj10,33,Medium quality,193483,9
cpsnj10_SemiBin_92,72.71,3.99,Medium quality,F,F,cpsnj10,8,Medium quality,1083317,3
cpsnj10_SemiBin_93,68.68,1.02,Medium quality,F,T,cpsnj10,15,Medium quality,373343,4
cpsnj10_SemiBin_94,67.11,4.81,Medium quality,F,T,cpsnj10,12,Medium quality,436631,4
cpsnj10_SemiBin_95,73.55,2.02,Medium quality,F,T,cpsnj10,32,Medium quality,241851,8
cpsnj10_SemiBin_968,63.1,8.27,Medium quality,F,T,cpsnj10,56,Medium quality,142793,17
cpsnj10_SemiBin_96,70.64,1.39,Medium quality,F,F,cpsnj10,7,Medium quality,394049,3
cpsnj10_SemiBin_97,64.37,4.43,Medium quality,F,T,cpsnj10,57,Medium quality,89179,16
cpsnj10_SemiBin_99,52.16,8.25,Medium quality,F,T,cpsnj10,36,Medium quality,226158,9
cpsnj10_SemiBin_9,96.89,5.32,Medium quality,F,F,cpsnj10,6,Medium quality,2592769,2
cpsnj11_SemiBin_0,95.75,0.28,High quality,T,T,cpsnj11,9,HQ-MIMAG,793751,2
cpsnj11_SemiBin_100,74.04,3.53,Medium quality,F,T,cpsnj11,32,Medium quality,355068,9
cpsnj11_SemiBin_101,84.35,5.96,Medium quality,F,T,cpsnj11,21,Medium quality,593235,4
cpsnj11_SemiBin_102,67.04,0.31,Medium quality,F,F,cpsnj11,12,Medium quality,297843,4
cpsnj11_SemiBin_103,71.26,0.09,Medium quality,F,T,cpsnj11,10,Medium quality,184977,4
cpsnj11_SemiBin_104,59.71,1.1,Medium quality,F,F,cpsnj11,5,Medium quality,504431,2
cpsnj11_SemiBin_106,94.95,5.7,Medium quality,F,F,cpsnj11,23,Medium quality,331561,8
cpsnj11_SemiBin_107,74.68,0.89,Medium quality,F,T,cpsnj11,45,Medium quality,172471,12
cpsnj11_SemiBin_10,98.69,1.01,High quality,T,F,cpsnj11,21,HQ-MIMAG,435108,5
cpsnj11_SemiBin_110,62.2,3.28,Medium quality,F,T,cpsnj11,86,Medium quality,171371,21
cpsnj11_SemiBin_111,92.61,2.1,High quality,T,T,cpsnj11,7,HQ-MIMAG,2175389,2
cpsnj11_SemiBin_112,81.43,0.08,Medium quality,F,T,cpsnj11,5,Medium quality,512524,2
cpsnj11_SemiBin_115,73.02,1.54,Medium quality,F,T,cpsnj11,20,Medium quality,316620,5
cpsnj11_SemiBin_116,68.58,2.04,Medium quality,F,F,cpsnj11,22,Medium quality,316816,5
cpsnj11_SemiBin_118,72.15,9.74,Medium quality,F,F,cpsnj11,64,Medium quality,134763,17
cpsnj11_SemiBin_119,67.48,9.38,Medium quality,F,F,cpsnj11,21,Medium quality,459672,5
cpsnj11_SemiBin_11,100,1.54,High quality,T,F,cpsnj11,8,HQ-MIMAG,836082,2
cpsnj11_SemiBin_120,65.51,7.73,Medium quality,F,T,cpsnj11,45,Medium quality,110799,12
cpsnj11_SemiBin_121,52.04,0.44,Medium quality,F,T,cpsnj11,12,Medium quality,230425,4
cpsnj11_SemiBin_122,65.16,2.72,Medium quality,F,T,cpsnj11,32,Medium quality,142323,8
cpsnj11_SemiBin_123,52.25,7.79,Medium quality,F,T,cpsnj11,48,Medium quality,225772,12
cpsnj11_SemiBin_124,76.89,1.82,Medium quality,F,F,cpsnj11,23,Medium quality,311630,7
cpsnj11_SemiBin_125,80.61,3.12,Medium quality,F,F,cpsnj11,18,Medium quality,419336,5
cpsnj11_SemiBin_128,54.82,2.41,Medium quality,F,T,cpsnj11,21,Medium quality,163373,6
cpsnj11_SemiBin_129,90.05,1.54,High quality,T,F,cpsnj11,5,HQ-MIMAG,1253007,2
cpsnj11_SemiBin_12,97.44,2.38,High quality,T,F,cpsnj11,12,HQ-MIMAG,482404,4
cpsnj11_SemiBin_130,62.29,0.48,Medium quality,F,F,cpsnj11,11,Medium quality,417524,4
cpsnj11_SemiBin_131,82.86,8.42,Medium quality,F,F,cpsnj11,12,Medium quality,1354418,2
cpsnj11_SemiBin_133,54.04,0.35,Medium quality,F,T,cpsnj11,1,Medium quality,3111982,1
cpsnj11_SemiBin_134,95.19,3.51,High quality,F,F,cpsnj11,21,High quality,464969,5
cpsnj11_SemiBin_137,58.43,0.12,Medium quality,F,T,cpsnj11,3,Medium quality,1488934,1
cpsnj11_SemiBin_13,98.61,0.8,High quality,T,T,cpsnj11,7,HQ-MIMAG,1122569,3
cpsnj11_SemiBin_140,52.82,0.44,Medium quality,F,F,cpsnj11,9,Medium quality,355199,3
cpsnj11_SemiBin_141,88.35,4.29,Medium quality,F,T,cpsnj11,20,Medium quality,495374,5
cpsnj11_SemiBin_142,68.96,1.25,Medium quality,F,F,cpsnj11,57,Medium quality,267108,14
cpsnj11_SemiBin_143,95.59,0.24,High quality,T,T,cpsnj11,5,HQ-MIMAG,1865351,2
cpsnj11_SemiBin_14,95.02,1.28,High quality,T,T,cpsnj11,2,HQ-MIMAG,3768612,1
cpsnj11_SemiBin_151,54.34,4.92,Medium quality,F,F,cpsnj11,32,Medium quality,141300,9
cpsnj11_SemiBin_152,82.5,5.77,Medium quality,F,F,cpsnj11,8,Medium quality,728130,3
cpsnj11_SemiBin_153,64.21,0.3,Medium quality,F,F,cpsnj11,4,Medium quality,1053278,2
cpsnj11_SemiBin_156,76.58,5.9,Medium quality,F,F,cpsnj11,20,Medium quality,442824,4
cpsnj11_SemiBin_158,71.91,0.58,Medium quality,F,F,cpsnj11,10,Medium quality,617249,3
cpsnj11_SemiBin_15,100,0.03,High quality,T,F,cpsnj11,7,HQ-MIMAG,752231,2
cpsnj11_SemiBin_162,79.11,1.76,Medium quality,F,F,cpsnj11,9,Medium quality,1471836,2
cpsnj11_SemiBin_164,51.69,0.14,Medium quality,F,F,cpsnj11,7,Medium quality,288039,3
cpsnj11_SemiBin_167,64.45,3.79,Medium quality,F,T,cpsnj11,20,Medium quality,266873,7
cpsnj11_SemiBin_16,91.09,0.3,High quality,T,T,cpsnj11,25,HQ-MIMAG,176364,8
cpsnj11_SemiBin_174,52.77,0.74,Medium quality,F,F,cpsnj11,38,Medium quality,167425,11
cpsnj11_SemiBin_176,58.6,1.13,Medium quality,F,T,cpsnj11,16,Medium quality,220534,6
cpsnj11_SemiBin_179,70.49,0.54,Medium quality,F,F,cpsnj11,26,Medium quality,207944,5
cpsnj11_SemiBin_17,96.63,2.02,High quality,T,F,cpsnj11,12,HQ-MIMAG,573211,3
cpsnj11_SemiBin_1855,51.46,8.84,Medium quality,F,T,cpsnj11,77,Medium quality,75819,22
cpsnj11_SemiBin_1859,52.68,9.97,Medium quality,F,T,cpsnj11,78,Medium quality,59362,21
cpsnj11_SemiBin_1862,57.69,4.56,Medium quality,F,T,cpsnj11,32,Medium quality,153962,9
cpsnj11_SemiBin_1865,51.65,9.91,Medium quality,F,T,cpsnj11,39,Medium quality,129185,11
cpsnj11_SemiBin_188,72.28,3.8,Medium quality,F,F,cpsnj11,16,Medium quality,343537,5
cpsnj11_SemiBin_18,97.62,5.61,Medium quality,F,F,cpsnj11,15,Medium quality,616344,5
cpsnj11_SemiBin_190,58.98,0.27,Medium quality,F,F,cpsnj11,13,Medium quality,290061,4
cpsnj11_SemiBin_192,63.74,1.66,Medium quality,F,T,cpsnj11,16,Medium quality,246056,4
cpsnj11_SemiBin_195,63.19,2.17,Medium quality,F,F,cpsnj11,5,Medium quality,3535576,1
cpsnj11_SemiBin_198,62.2,2.22,Medium quality,F,F,cpsnj11,24,Medium quality,322485,7
cpsnj11_SemiBin_19,87.91,3.92,Medium quality,F,F,cpsnj11,1,Medium quality,2701854,1
cpsnj11_SemiBin_1,95.35,0.55,High quality,T,F,cpsnj11,3,HQ-MIMAG,1574686,1
cpsnj11_SemiBin_200,86.28,5.5,Medium quality,F,F,cpsnj11,23,Medium quality,363487,7
cpsnj11_SemiBin_207,56.36,8.66,Medium quality,F,F,cpsnj11,23,Medium quality,434585,5
cpsnj11_SemiBin_208,58.53,1.26,Medium quality,F,F,cpsnj11,9,Medium quality,560423,3
cpsnj11_SemiBin_209,68.86,1.65,Medium quality,F,T,cpsnj11,17,Medium quality,224760,5
cpsnj11_SemiBin_20,96.97,3.15,High quality,T,T,cpsnj11,19,HQ-MIMAG,600997,4
cpsnj11_SemiBin_217,65.18,2.09,Medium quality,F,F,cpsnj11,13,Medium quality,351272,4
cpsnj11_SemiBin_21,90.63,2.11,High quality,T,F,cpsnj11,4,HQ-MIMAG,1014955,2
cpsnj11_SemiBin_221,64.65,1.26,Medium quality,F,T,cpsnj11,8,Medium quality,381050,3
cpsnj11_SemiBin_22,90.52,3.57,High quality,F,F,cpsnj11,19,High quality,658085,3
cpsnj11_SemiBin_230,53.79,0.05,Medium quality,F,T,cpsnj11,5,Medium quality,311239,2
cpsnj11_SemiBin_234,64.89,0.61,Medium quality,F,F,cpsnj11,7,Medium quality,606667,3
cpsnj11_SemiBin_235,74.17,3.65,Medium quality,F,F,cpsnj11,21,Medium quality,385903,6
cpsnj11_SemiBin_23,93.26,0.48,High quality,T,T,cpsnj11,2,HQ-MIMAG,3614884,1
cpsnj11_SemiBin_24,89.94,0.95,Medium quality,F,T,cpsnj11,23,Medium quality,568634,6
cpsnj11_SemiBin_26,91.75,3.71,High quality,T,F,cpsnj11,21,HQ-MIMAG,417883,5
cpsnj11_SemiBin_271,67.96,1.77,Medium quality,F,F,cpsnj11,28,Medium quality,180891,8
cpsnj11_SemiBin_27,89.27,0.18,Medium quality,F,F,cpsnj11,14,Medium quality,345946,4
cpsnj11_SemiBin_284,51.09,0.43,Medium quality,F,F,cpsnj11,15,Medium quality,179368,5
cpsnj11_SemiBin_286,50.08,1.06,Medium quality,F,T,cpsnj11,12,Medium quality,162484,3
cpsnj11_SemiBin_28,93.09,1.1,High quality,T,F,cpsnj11,13,HQ-MIMAG,781589,3
cpsnj11_SemiBin_293,51.87,1.3,Medium quality,F,F,cpsnj11,15,Medium quality,327522,5
cpsnj11_SemiBin_29,93.03,4.3,High quality,T,F,cpsnj11,25,HQ-MIMAG,534632,6
cpsnj11_SemiBin_2,97.76,0.57,High quality,T,T,cpsnj11,1,HQ-MIMAG,4863267,1
cpsnj11_SemiBin_301,56.49,1.46,Medium quality,F,T,cpsnj11,20,Medium quality,243612,5
cpsnj11_SemiBin_30,95.33,6.47,Medium quality,F,F,cpsnj11,4,Medium quality,701039,2
cpsnj11_SemiBin_31,90.44,1.19,High quality,T,F,cpsnj11,10,HQ-MIMAG,1103792,2
cpsnj11_SemiBin_329,98.89,1.27,High quality,F,F,cpsnj11,8,High quality,298427,2
cpsnj11_SemiBin_32,89.18,0.55,Medium quality,F,F,cpsnj11,10,Medium quality,856074,2
cpsnj11_SemiBin_33,83.91,0.58,Medium quality,F,F,cpsnj11,6,Medium quality,1232175,2
cpsnj11_SemiBin_345,83.37,0.21,Medium quality,F,T,cpsnj11,2,Medium quality,1764458,1
cpsnj11_SemiBin_348,50.48,7.16,Medium quality,F,T,cpsnj11,29,Medium quality,291487,8
cpsnj11_SemiBin_349,58.03,0.16,Medium quality,F,F,cpsnj11,15,Medium quality,262714,5
cpsnj11_SemiBin_34,97.65,0.91,High quality,T,T,cpsnj11,14,HQ-MIMAG,994324,4
cpsnj11_SemiBin_35,94.84,0.78,High quality,T,T,cpsnj11,11,HQ-MIMAG,1149654,3
cpsnj11_SemiBin_361,50.01,1.87,Medium quality,F,T,cpsnj11,24,Medium quality,236628,7
cpsnj11_SemiBin_37,90.91,0.44,High quality,T,F,cpsnj11,7,HQ-MIMAG,1041633,2
cpsnj11_SemiBin_38,84.28,0.15,Medium quality,F,T,cpsnj11,11,Medium quality,306145,4
cpsnj11_SemiBin_397,62.93,5.39,Medium quality,F,T,cpsnj11,15,Medium quality,257777,4
cpsnj11_SemiBin_39,92.26,0.09,High quality,T,T,cpsnj11,6,HQ-MIMAG,1523526,2
cpsnj11_SemiBin_3,94.72,0.4,High quality,T,F,cpsnj11,3,HQ-MIMAG,2596882,1
cpsnj11_SemiBin_40,90.92,8.76,Medium quality,F,F,cpsnj11,10,Medium quality,978162,3
cpsnj11_SemiBin_41,90.72,4.92,High quality,T,T,cpsnj11,54,HQ-MIMAG,256425,12
cpsnj11_SemiBin_42,94.92,0.38,High quality,F,T,cpsnj11,16,High quality,660334,4
cpsnj11_SemiBin_43,96.78,4.17,High quality,F,T,cpsnj11,19,High quality,601393,5
cpsnj11_SemiBin_44,86.87,5.35,Medium quality,F,F,cpsnj11,3,Medium quality,3065610,1
cpsnj11_SemiBin_46,80.1,1.55,Medium quality,F,F,cpsnj11,11,Medium quality,481928,4
cpsnj11_SemiBin_47,91.59,1.33,High quality,T,T,cpsnj11,14,HQ-MIMAG,419507,4
cpsnj11_SemiBin_48,92.58,1.35,High quality,F,F,cpsnj11,9,High quality,1375378,2
cpsnj11_SemiBin_49,86.7,6,Medium quality,F,F,cpsnj11,21,Medium quality,350891,5
cpsnj11_SemiBin_4,100,0.35,High quality,T,F,cpsnj11,8,HQ-MIMAG,1036325,3
cpsnj11_SemiBin_501,61.06,9.54,Medium quality,F,T,cpsnj11,43,Medium quality,201128,10
cpsnj11_SemiBin_50,83.51,0.58,Medium quality,F,T,cpsnj11,18,Medium quality,401151,5
cpsnj11_SemiBin_51,90.26,6.69,Medium quality,F,F,cpsnj11,27,Medium quality,550809,5
cpsnj11_SemiBin_52,87.6,1.12,Medium quality,F,T,cpsnj11,7,Medium quality,1554177,2
cpsnj11_SemiBin_53,77.93,0.5,Medium quality,F,T,cpsnj11,8,Medium quality,362117,3
cpsnj11_SemiBin_54,93.42,1.17,High quality,F,F,cpsnj11,19,High quality,563477,5
cpsnj11_SemiBin_55,87.28,0.44,Medium quality,F,F,cpsnj11,8,Medium quality,895991,3
cpsnj11_SemiBin_56,78.62,6.29,Medium quality,F,F,cpsnj11,19,Medium quality,546107,5
cpsnj11_SemiBin_57,86.87,0.28,Medium quality,F,F,cpsnj11,3,Medium quality,1740333,2
cpsnj11_SemiBin_58,85,7.02,Medium quality,F,F,cpsnj11,15,Medium quality,496203,5
cpsnj11_SemiBin_59,84.83,1.82,Medium quality,F,F,cpsnj11,15,Medium quality,520919,4
cpsnj11_SemiBin_5,95.54,5.8,Medium quality,F,F,cpsnj11,2,Medium quality,8143848,1
cpsnj11_SemiBin_601,54.09,9.6,Medium quality,F,T,cpsnj11,21,Medium quality,244986,5
cpsnj11_SemiBin_603,51.26,5.47,Medium quality,F,T,cpsnj11,71,Medium quality,71381,23
cpsnj11_SemiBin_60,85.66,3.86,Medium quality,F,T,cpsnj11,11,Medium quality,840901,4
cpsnj11_SemiBin_61,91.09,8.35,Medium quality,F,F,cpsnj11,8,Medium quality,432543,3
cpsnj11_SemiBin_62,83.13,1.68,Medium quality,F,F,cpsnj11,25,Medium quality,315824,6
cpsnj11_SemiBin_63,90.2,1.96,High quality,T,T,cpsnj11,23,HQ-MIMAG,522152,4
cpsnj11_SemiBin_64,76.87,0.55,Medium quality,F,F,cpsnj11,11,Medium quality,237821,4
cpsnj11_SemiBin_65,85.65,0.52,Medium quality,F,F,cpsnj11,9,Medium quality,649034,3
cpsnj11_SemiBin_66,79.65,0.19,Medium quality,F,F,cpsnj11,8,Medium quality,1418910,2
cpsnj11_SemiBin_675,50.63,2.59,Medium quality,F,T,cpsnj11,14,Medium quality,372407,5
cpsnj11_SemiBin_67,79.31,0.7,Medium quality,F,T,cpsnj11,15,Medium quality,494222,4
cpsnj11_SemiBin_68,91.26,3.69,High quality,T,F,cpsnj11,14,HQ-MIMAG,564269,5
cpsnj11_SemiBin_69,77.72,5.36,Medium quality,F,F,cpsnj11,17,Medium quality,250897,6
cpsnj11_SemiBin_6,100,0.31,High quality,T,T,cpsnj11,9,HQ-MIMAG,3201735,1
cpsnj11_SemiBin_70,82.36,5.85,Medium quality,F,F,cpsnj11,19,Medium quality,431311,7
cpsnj11_SemiBin_71,73.22,3.75,Medium quality,F,T,cpsnj11,40,Medium quality,284838,11
cpsnj11_SemiBin_73,76.29,2.22,Medium quality,F,T,cpsnj11,26,Medium quality,250791,8
cpsnj11_SemiBin_74,81.78,1.63,Medium quality,F,T,cpsnj11,22,Medium quality,436395,5
cpsnj11_SemiBin_75,73.42,0.62,Medium quality,F,F,cpsnj11,12,Medium quality,596317,3
cpsnj11_SemiBin_76,76.31,3.38,Medium quality,F,T,cpsnj11,10,Medium quality,488246,3
cpsnj11_SemiBin_77,72.33,1.69,Medium quality,F,F,cpsnj11,12,Medium quality,520790,3
cpsnj11_SemiBin_78,90.55,9.23,Medium quality,F,T,cpsnj11,22,Medium quality,527344,5
cpsnj11_SemiBin_79,81.12,0.89,Medium quality,F,F,cpsnj11,19,Medium quality,305682,5
cpsnj11_SemiBin_7,100,0.57,High quality,T,T,cpsnj11,4,HQ-MIMAG,1659127,2
cpsnj11_SemiBin_81,81.74,5.67,Medium quality,F,F,cpsnj11,14,Medium quality,538808,4
cpsnj11_SemiBin_82,79.16,0.81,Medium quality,F,F,cpsnj11,8,Medium quality,1036712,3
cpsnj11_SemiBin_83,95.46,8.19,Medium quality,F,F,cpsnj11,4,Medium quality,1677247,2
cpsnj11_SemiBin_84,59.03,5.52,Medium quality,F,F,cpsnj11,13,Medium quality,349061,3
cpsnj11_SemiBin_85,73.46,2.9,Medium quality,F,T,cpsnj11,29,Medium quality,368180,9
cpsnj11_SemiBin_88,81.89,3.45,Medium quality,F,T,cpsnj11,20,Medium quality,274801,4
cpsnj11_SemiBin_89,85.06,3.29,Medium quality,F,T,cpsnj11,8,Medium quality,828835,3
cpsnj11_SemiBin_8,92.44,0.52,High quality,F,F,cpsnj11,20,High quality,311727,5
cpsnj11_SemiBin_90,78.63,1.37,Medium quality,F,F,cpsnj11,19,Medium quality,369459,5
cpsnj11_SemiBin_91,65.6,0.66,Medium quality,F,T,cpsnj11,10,Medium quality,337132,4
cpsnj11_SemiBin_92,79.92,0.56,Medium quality,F,T,cpsnj11,14,Medium quality,355129,5
cpsnj11_SemiBin_93,75.44,7.63,Medium quality,F,F,cpsnj11,91,Medium quality,245379,10
cpsnj11_SemiBin_94,73.75,1.04,Medium quality,F,F,cpsnj11,20,Medium quality,333063,6
cpsnj11_SemiBin_95,70.98,0.63,Medium quality,F,F,cpsnj11,19,Medium quality,214309,5
cpsnj11_SemiBin_966,56.06,3.06,Medium quality,F,F,cpsnj11,28,Medium quality,237137,8
cpsnj11_SemiBin_96,62.67,1.35,Medium quality,F,T,cpsnj11,16,Medium quality,312556,5
cpsnj11_SemiBin_97,60.65,1.24,Medium quality,F,F,cpsnj11,19,Medium quality,423689,5
cpsnj11_SemiBin_984,52.72,8.17,Medium quality,F,T,cpsnj11,21,Medium quality,229886,5
cpsnj11_SemiBin_98,65.88,3.1,Medium quality,F,F,cpsnj11,24,Medium quality,275393,6
cpsnj11_SemiBin_99,79.54,4.42,Medium quality,F,F,cpsnj11,23,Medium quality,274032,6
cpsnj11_SemiBin_9,100,5.09,Medium quality,F,F,cpsnj11,3,Medium quality,3958725,1
cpsnj13_SemiBin_0,99.61,0.19,High quality,T,T,cpsnj13,3,HQ-MIMAG,2646481,1
cpsnj13_SemiBin_102,53.02,0.18,Medium quality,F,T,cpsnj13,2,Medium quality,1739131,1
cpsnj13_SemiBin_104,50.02,1.26,Medium quality,F,F,cpsnj13,15,Medium quality,219455,5
cpsnj13_SemiBin_105,60.09,3.04,Medium quality,F,F,cpsnj13,22,Medium quality,460266,5
cpsnj13_SemiBin_107,56.33,2.41,Medium quality,F,T,cpsnj13,19,Medium quality,393287,5
cpsnj13_SemiBin_10,99.98,2.44,High quality,T,F,cpsnj13,11,HQ-MIMAG,816108,4
cpsnj13_SemiBin_110,89.71,8.08,Medium quality,F,F,cpsnj13,40,Medium quality,306670,10
cpsnj13_SemiBin_111,57.64,5.66,Medium quality,F,T,cpsnj13,43,Medium quality,166909,8
cpsnj13_SemiBin_113,67.08,8.7,Medium quality,F,T,cpsnj13,37,Medium quality,127548,11
cpsnj13_SemiBin_114,54.33,1.06,Medium quality,F,F,cpsnj13,9,Medium quality,234408,3
cpsnj13_SemiBin_115,59.84,0.23,Medium quality,F,T,cpsnj13,11,Medium quality,470153,3
cpsnj13_SemiBin_116,61.36,1.09,Medium quality,F,T,cpsnj13,34,Medium quality,248079,10
cpsnj13_SemiBin_118,89.57,5.2,Medium quality,F,T,cpsnj13,32,Medium quality,291752,7
cpsnj13_SemiBin_11,87.59,2.31,Medium quality,F,T,cpsnj13,12,Medium quality,637137,4
cpsnj13_SemiBin_120,77.19,2.53,Medium quality,F,F,cpsnj13,22,Medium quality,254847,6
cpsnj13_SemiBin_122,74.91,4.94,Medium quality,F,T,cpsnj13,11,Medium quality,311598,3
cpsnj13_SemiBin_125,70.4,3.83,Medium quality,F,F,cpsnj13,21,Medium quality,209386,5
cpsnj13_SemiBin_128,71.56,3.82,Medium quality,F,T,cpsnj13,22,Medium quality,486002,6
cpsnj13_SemiBin_12,92.81,7.87,Medium quality,F,T,cpsnj13,13,Medium quality,1531273,2
cpsnj13_SemiBin_13,92.21,4.5,High quality,T,T,cpsnj13,3,HQ-MIMAG,5465904,1
cpsnj13_SemiBin_141,84.42,1.32,Medium quality,F,T,cpsnj13,20,Medium quality,478165,5
cpsnj13_SemiBin_143,55.31,7.04,Medium quality,F,T,cpsnj13,77,Medium quality,142349,21
cpsnj13_SemiBin_144,82.74,1.94,Medium quality,F,F,cpsnj13,20,Medium quality,340410,5
cpsnj13_SemiBin_145,65.69,0.22,Medium quality,F,F,cpsnj13,4,Medium quality,950789,2
cpsnj13_SemiBin_1479,52.59,8.92,Medium quality,F,T,cpsnj13,306,Medium quality,41129,80
cpsnj13_SemiBin_1487,53.51,5.22,Medium quality,F,F,cpsnj13,55,Medium quality,117850,16
cpsnj13_SemiBin_148,78.33,2.93,Medium quality,F,F,cpsnj13,10,Medium quality,1195465,2
cpsnj13_SemiBin_14,92.86,2.29,High quality,F,F,cpsnj13,10,High quality,1354589,2
cpsnj13_SemiBin_154,63.78,6.78,Medium quality,F,F,cpsnj13,36,Medium quality,243119,10
cpsnj13_SemiBin_156,60.32,4.35,Medium quality,F,T,cpsnj13,15,Medium quality,390479,4
cpsnj13_SemiBin_15,92.95,2.96,High quality,T,F,cpsnj13,12,HQ-MIMAG,870412,3
cpsnj13_SemiBin_169,72.51,1.58,Medium quality,F,T,cpsnj13,11,Medium quality,356245,5
cpsnj13_SemiBin_16,91.88,6.86,Medium quality,F,T,cpsnj13,28,Medium quality,622122,5
cpsnj13_SemiBin_178,65.39,0.68,Medium quality,F,F,cpsnj13,9,Medium quality,321779,3
cpsnj13_SemiBin_17,84.27,0.15,Medium quality,F,T,cpsnj13,3,Medium quality,1531461,1
cpsnj13_SemiBin_181,57.38,4.83,Medium quality,F,T,cpsnj13,35,Medium quality,181089,8
cpsnj13_SemiBin_185,55.94,5.1,Medium quality,F,T,cpsnj13,5,Medium quality,659018,2
cpsnj13_SemiBin_187,52.51,2.07,Medium quality,F,T,cpsnj13,30,Medium quality,229741,7
cpsnj13_SemiBin_18,82.71,2.05,Medium quality,F,T,cpsnj13,22,Medium quality,385965,5
cpsnj13_SemiBin_199,59.6,0.49,Medium quality,F,T,cpsnj13,10,Medium quality,902049,2
cpsnj13_SemiBin_19,91.4,2.69,High quality,T,T,cpsnj13,17,HQ-MIMAG,361345,5
cpsnj13_SemiBin_1,99.98,0.04,High quality,T,T,cpsnj13,9,HQ-MIMAG,385000,3
cpsnj13_SemiBin_200,50.75,0.54,Medium quality,F,T,cpsnj13,13,Medium quality,141121,4
cpsnj13_SemiBin_211,51.44,4.6,Medium quality,F,T,cpsnj13,18,Medium quality,207595,5
cpsnj13_SemiBin_21,88.71,3.01,Medium quality,F,F,cpsnj13,17,Medium quality,243171,4
cpsnj13_SemiBin_222,52.8,6.93,Medium quality,F,T,cpsnj13,32,Medium quality,167607,10
cpsnj13_SemiBin_22,84.99,1.83,Medium quality,F,F,cpsnj13,18,Medium quality,673706,3
cpsnj13_SemiBin_231,55.54,1.49,Medium quality,F,T,cpsnj13,6,Medium quality,572438,3
cpsnj13_SemiBin_23,91.93,3.82,High quality,F,T,cpsnj13,13,High quality,713352,4
cpsnj13_SemiBin_24,89.12,0.16,Medium quality,F,T,cpsnj13,8,Medium quality,441023,2
cpsnj13_SemiBin_25,80.19,0.39,Medium quality,F,F,cpsnj13,12,Medium quality,366533,3
cpsnj13_SemiBin_269,55.28,5.37,Medium quality,F,T,cpsnj13,15,Medium quality,219143,5
cpsnj13_SemiBin_26,92.1,4.73,High quality,T,T,cpsnj13,23,HQ-MIMAG,431940,6
cpsnj13_SemiBin_27,93.65,2.96,High quality,F,T,cpsnj13,33,High quality,380331,5
cpsnj13_SemiBin_28,90.68,0.48,High quality,F,T,cpsnj13,14,High quality,886235,4
cpsnj13_SemiBin_29,83.21,1.96,Medium quality,F,T,cpsnj13,3,Medium quality,2703210,1
cpsnj13_SemiBin_2,99.65,0.08,High quality,T,T,cpsnj13,5,HQ-MIMAG,1239714,2
cpsnj13_SemiBin_30,77.84,3.88,Medium quality,F,T,cpsnj13,18,Medium quality,270335,4
cpsnj13_SemiBin_310,53.38,1.02,Medium quality,F,T,cpsnj13,8,Medium quality,594045,3
cpsnj13_SemiBin_31,86.05,2.16,Medium quality,F,T,cpsnj13,11,Medium quality,460391,3
cpsnj13_SemiBin_32,86.48,3.41,Medium quality,F,F,cpsnj13,5,Medium quality,860343,2
cpsnj13_SemiBin_33,89.59,5.25,Medium quality,F,T,cpsnj13,45,Medium quality,258743,10
cpsnj13_SemiBin_34,88.51,3.57,Medium quality,F,T,cpsnj13,13,Medium quality,405369,3
cpsnj13_SemiBin_35,84.5,1.63,Medium quality,F,F,cpsnj13,10,Medium quality,1143430,2
cpsnj13_SemiBin_36,68.09,1.5,Medium quality,F,T,cpsnj13,31,Medium quality,289465,7
cpsnj13_SemiBin_370,50.35,1.8,Medium quality,F,F,cpsnj13,27,Medium quality,223922,6
cpsnj13_SemiBin_37,83.38,3.86,Medium quality,F,T,cpsnj13,20,Medium quality,334317,7
cpsnj13_SemiBin_39,85.81,6.72,Medium quality,F,F,cpsnj13,15,Medium quality,550633,4
cpsnj13_SemiBin_3,99.64,0.96,High quality,T,F,cpsnj13,5,HQ-MIMAG,1454232,2
cpsnj13_SemiBin_40,81.18,0.24,Medium quality,F,T,cpsnj13,19,Medium quality,367063,5
cpsnj13_SemiBin_41,78.91,0.39,Medium quality,F,T,cpsnj13,19,Medium quality,169210,5
cpsnj13_SemiBin_429,57.71,6.87,Medium quality,F,T,cpsnj13,17,Medium quality,303987,6
cpsnj13_SemiBin_42,77.46,2.69,Medium quality,F,T,cpsnj13,26,Medium quality,209374,8
cpsnj13_SemiBin_43,90.06,6.31,Medium quality,F,T,cpsnj13,10,Medium quality,676062,3
cpsnj13_SemiBin_44,77.05,0.89,Medium quality,F,T,cpsnj13,21,Medium quality,335616,6
cpsnj13_SemiBin_45,80.4,3.44,Medium quality,F,F,cpsnj13,14,Medium quality,352762,4
cpsnj13_SemiBin_46,86.84,5.09,Medium quality,F,T,cpsnj13,24,Medium quality,421396,8
cpsnj13_SemiBin_47,83.64,0.6,Medium quality,F,T,cpsnj13,9,Medium quality,569213,3
cpsnj13_SemiBin_48,80.23,0.4,Medium quality,F,F,cpsnj13,6,Medium quality,1129791,3
cpsnj13_SemiBin_49,85.65,2.17,Medium quality,F,T,cpsnj13,21,Medium quality,457520,4
cpsnj13_SemiBin_4,100,0.31,High quality,T,T,cpsnj13,4,HQ-MIMAG,3724314,1
cpsnj13_SemiBin_52,68.54,1.66,Medium quality,F,T,cpsnj13,20,Medium quality,151084,7
cpsnj13_SemiBin_53,68.78,2.02,Medium quality,F,T,cpsnj13,27,Medium quality,216305,7
cpsnj13_SemiBin_541,57.98,9.65,Medium quality,F,T,cpsnj13,57,Medium quality,125847,12
cpsnj13_SemiBin_54,78.95,1.7,Medium quality,F,T,cpsnj13,2,Medium quality,3293107,1
cpsnj13_SemiBin_55,73.06,1.72,Medium quality,F,F,cpsnj13,12,Medium quality,759939,3
cpsnj13_SemiBin_56,70.93,1.2,Medium quality,F,T,cpsnj13,12,Medium quality,882574,3
cpsnj13_SemiBin_58,78.13,6.42,Medium quality,F,F,cpsnj13,32,Medium quality,439572,7
cpsnj13_SemiBin_59,78.89,1.76,Medium quality,F,F,cpsnj13,12,Medium quality,674783,3
cpsnj13_SemiBin_5,100,2.57,High quality,T,F,cpsnj13,3,HQ-MIMAG,4597576,1
cpsnj13_SemiBin_60,70.92,2.17,Medium quality,F,T,cpsnj13,19,Medium quality,594574,4
cpsnj13_SemiBin_61,61.67,0,Medium quality,F,T,cpsnj13,10,Medium quality,347409,3
cpsnj13_SemiBin_62,67.57,0.59,Medium quality,F,F,cpsnj13,48,Medium quality,101754,15
cpsnj13_SemiBin_63,65.42,0.83,Medium quality,F,T,cpsnj13,18,Medium quality,347728,6
cpsnj13_SemiBin_65,61.38,0.23,Medium quality,F,T,cpsnj13,17,Medium quality,200979,4
cpsnj13_SemiBin_66,66.05,0.2,Medium quality,F,T,cpsnj13,17,Medium quality,247683,6
cpsnj13_SemiBin_67,72.53,6.58,Medium quality,F,T,cpsnj13,79,Medium quality,102455,20
cpsnj13_SemiBin_68,69.68,0.35,Medium quality,F,T,cpsnj13,17,Medium quality,359401,4
cpsnj13_SemiBin_69,72.72,2.5,Medium quality,F,F,cpsnj13,48,Medium quality,196149,14
cpsnj13_SemiBin_6,97.9,4.06,High quality,T,T,cpsnj13,8,HQ-MIMAG,988130,3
cpsnj13_SemiBin_70,90.45,2.11,High quality,T,F,cpsnj13,10,HQ-MIMAG,666633,2
cpsnj13_SemiBin_71,62.18,0.18,Medium quality,F,T,cpsnj13,5,Medium quality,539399,2
cpsnj13_SemiBin_72,60.69,0.4,Medium quality,F,T,cpsnj13,8,Medium quality,622518,2
cpsnj13_SemiBin_73,64.46,1.52,Medium quality,F,F,cpsnj13,16,Medium quality,221037,4
cpsnj13_SemiBin_74,64.21,1.46,Medium quality,F,F,cpsnj13,28,Medium quality,185205,9
cpsnj13_SemiBin_75,58.86,4.1,Medium quality,F,F,cpsnj13,41,Medium quality,158330,11
cpsnj13_SemiBin_76,71.29,9,Medium quality,F,F,cpsnj13,26,Medium quality,304207,7
cpsnj13_SemiBin_77,61.05,2.89,Medium quality,F,T,cpsnj13,29,Medium quality,179677,7
cpsnj13_SemiBin_79,50.66,0.7,Medium quality,F,T,cpsnj13,26,Medium quality,91945,8
cpsnj13_SemiBin_7,97.59,2.21,High quality,T,F,cpsnj13,9,HQ-MIMAG,494100,2
cpsnj13_SemiBin_81,68.69,0.48,Medium quality,F,F,cpsnj13,22,Medium quality,158805,6
cpsnj13_SemiBin_82,70.22,8.57,Medium quality,F,F,cpsnj13,85,Medium quality,198205,17
cpsnj13_SemiBin_83,61.21,2.12,Medium quality,F,T,cpsnj13,5,Medium quality,1951436,2
cpsnj13_SemiBin_86,58.65,2.63,Medium quality,F,T,cpsnj13,39,Medium quality,186491,9
cpsnj13_SemiBin_87,66.06,7.45,Medium quality,F,T,cpsnj13,43,Medium quality,140453,12
cpsnj13_SemiBin_88,56.78,0.49,Medium quality,F,F,cpsnj13,5,Medium quality,669906,2
cpsnj13_SemiBin_89,65.11,1.26,Medium quality,F,F,cpsnj13,23,Medium quality,186265,8
cpsnj13_SemiBin_8,98.19,3.31,High quality,T,F,cpsnj13,1,HQ-MIMAG,5946254,1
cpsnj13_SemiBin_90,69.88,0.49,Medium quality,F,T,cpsnj13,22,Medium quality,299949,6
cpsnj13_SemiBin_91,62.32,2.5,Medium quality,F,T,cpsnj13,27,Medium quality,183661,8
cpsnj13_SemiBin_92,62.28,0.73,Medium quality,F,T,cpsnj13,45,Medium quality,190422,11
cpsnj13_SemiBin_94,65.38,6.93,Medium quality,F,T,cpsnj13,15,Medium quality,474993,5
cpsnj13_SemiBin_95,61.76,1.09,Medium quality,F,T,cpsnj13,21,Medium quality,203933,7
cpsnj13_SemiBin_97,71.32,1.83,Medium quality,F,T,cpsnj13,14,Medium quality,476924,3
cpsnj13_SemiBin_98,61.95,0.05,Medium quality,F,F,cpsnj13,3,Medium quality,2727033,1
cpsnj13_SemiBin_99,85.08,1.07,Medium quality,F,T,cpsnj13,11,Medium quality,1096739,2
cpsnj13_SemiBin_9,98.86,0.59,High quality,T,T,cpsnj13,5,HQ-MIMAG,2051676,1
cpsnj14_SemiBin_0,99.89,0.72,High quality,T,T,cpsnj14,4,HQ-MIMAG,2322192,1
cpsnj14_SemiBin_100,71.04,3.98,Medium quality,F,F,cpsnj14,11,Medium quality,365526,3
cpsnj14_SemiBin_101,58.69,3.98,Medium quality,F,T,cpsnj14,25,Medium quality,216858,8
cpsnj14_SemiBin_102,63.97,1.6,Medium quality,F,T,cpsnj14,36,Medium quality,170363,11
cpsnj14_SemiBin_103,61.74,3.09,Medium quality,F,T,cpsnj14,18,Medium quality,276133,6
cpsnj14_SemiBin_104,74.47,9.01,Medium quality,F,T,cpsnj14,36,Medium quality,196283,9
cpsnj14_SemiBin_105,70.99,6.08,Medium quality,F,T,cpsnj14,32,Medium quality,187273,8
cpsnj14_SemiBin_106,60.45,8.92,Medium quality,F,T,cpsnj14,84,Medium quality,59818,23
cpsnj14_SemiBin_107,73.38,3.33,Medium quality,F,T,cpsnj14,19,Medium quality,316608,5
cpsnj14_SemiBin_108,67.5,1,Medium quality,F,T,cpsnj14,15,Medium quality,196726,4
cpsnj14_SemiBin_109,56.41,3.28,Medium quality,F,T,cpsnj14,13,Medium quality,373238,4
cpsnj14_SemiBin_10,91.52,1.28,High quality,T,T,cpsnj14,13,HQ-MIMAG,655702,3
cpsnj14_SemiBin_110,67.44,4.97,Medium quality,F,F,cpsnj14,17,Medium quality,415198,4
cpsnj14_SemiBin_111,73.54,0.21,Medium quality,F,F,cpsnj14,22,Medium quality,345111,6
cpsnj14_SemiBin_112,54.19,3.76,Medium quality,F,T,cpsnj14,20,Medium quality,192182,6
cpsnj14_SemiBin_1136,54.48,8.23,Medium quality,F,T,cpsnj14,28,Medium quality,207519,8
cpsnj14_SemiBin_113,62.92,2.8,Medium quality,F,F,cpsnj14,20,Medium quality,304548,4
cpsnj14_SemiBin_114,74.91,1.2,Medium quality,F,T,cpsnj14,37,Medium quality,327113,8
cpsnj14_SemiBin_1157,50.11,6.54,Medium quality,F,T,cpsnj14,39,Medium quality,116116,11
cpsnj14_SemiBin_115,57.78,4.12,Medium quality,F,T,cpsnj14,11,Medium quality,299509,3
cpsnj14_SemiBin_116,50.89,2.48,Medium quality,F,T,cpsnj14,9,Medium quality,415331,3
cpsnj14_SemiBin_117,96.09,3.01,High quality,T,T,cpsnj14,9,HQ-MIMAG,1046846,3
cpsnj14_SemiBin_118,57.08,0.22,Medium quality,F,T,cpsnj14,29,Medium quality,243105,6
cpsnj14_SemiBin_119,55.98,6.04,Medium quality,F,F,cpsnj14,23,Medium quality,193415,7
cpsnj14_SemiBin_11,100,2.73,High quality,T,T,cpsnj14,24,HQ-MIMAG,879281,3
cpsnj14_SemiBin_120,68.32,0.44,Medium quality,F,T,cpsnj14,10,Medium quality,404671,4
cpsnj14_SemiBin_121,66.04,1.45,Medium quality,F,T,cpsnj14,8,Medium quality,734022,3
cpsnj14_SemiBin_122,63.78,0.49,Medium quality,F,T,cpsnj14,6,Medium quality,898919,2
cpsnj14_SemiBin_123,90.19,0.08,High quality,T,T,cpsnj14,12,HQ-MIMAG,1067544,3
cpsnj14_SemiBin_124,77.79,2.38,Medium quality,F,T,cpsnj14,62,Medium quality,178281,16
cpsnj14_SemiBin_125,57.52,4.92,Medium quality,F,F,cpsnj14,44,Medium quality,116191,11
cpsnj14_SemiBin_126,62.12,2.66,Medium quality,F,T,cpsnj14,26,Medium quality,127247,8
cpsnj14_SemiBin_127,95.65,2.24,High quality,F,T,cpsnj14,10,High quality,956200,3
cpsnj14_SemiBin_129,53.3,1.17,Medium quality,F,F,cpsnj14,33,Medium quality,144946,9
cpsnj14_SemiBin_12,100,0.48,High quality,T,T,cpsnj14,5,HQ-MIMAG,841375,2
cpsnj14_SemiBin_130,68.99,0.34,Medium quality,F,F,cpsnj14,6,Medium quality,1056036,2
cpsnj14_SemiBin_131,57.82,1.24,Medium quality,F,F,cpsnj14,23,Medium quality,105101,6
cpsnj14_SemiBin_132,55.03,4.03,Medium quality,F,F,cpsnj14,24,Medium quality,292485,5
cpsnj14_SemiBin_133,62.97,1.04,Medium quality,F,F,cpsnj14,29,Medium quality,200427,7
cpsnj14_SemiBin_134,54.1,2.18,Medium quality,F,F,cpsnj14,18,Medium quality,217310,6
cpsnj14_SemiBin_135,99.74,2.75,High quality,T,F,cpsnj14,21,HQ-MIMAG,346273,6
cpsnj14_SemiBin_137,58.09,0.23,Medium quality,F,T,cpsnj14,10,Medium quality,232670,3
cpsnj14_SemiBin_138,55.45,1.39,Medium quality,F,T,cpsnj14,6,Medium quality,553851,2
cpsnj14_SemiBin_139,61.86,4.62,Medium quality,F,F,cpsnj14,36,Medium quality,251687,7
cpsnj14_SemiBin_13,95.54,0.46,High quality,T,T,cpsnj14,10,HQ-MIMAG,766454,4
cpsnj14_SemiBin_141,53.39,2.06,Medium quality,F,T,cpsnj14,12,Medium quality,315181,4
cpsnj14_SemiBin_142,80.6,3.07,Medium quality,F,T,cpsnj14,56,Medium quality,143384,15
cpsnj14_SemiBin_1449,53.43,7.02,Medium quality,F,T,cpsnj14,32,Medium quality,160662,8
cpsnj14_SemiBin_144,51.27,1.3,Medium quality,F,F,cpsnj14,3,Medium quality,799189,2
cpsnj14_SemiBin_145,51.65,0.21,Medium quality,F,F,cpsnj14,5,Medium quality,992450,2
cpsnj14_SemiBin_147,80.34,0.9,Medium quality,F,T,cpsnj14,4,Medium quality,2940230,1
cpsnj14_SemiBin_149,62.42,2.37,Medium quality,F,T,cpsnj14,32,Medium quality,283070,7
cpsnj14_SemiBin_14,92.19,1.12,High quality,T,T,cpsnj14,10,HQ-MIMAG,699757,3
cpsnj14_SemiBin_150,50.05,0.28,Medium quality,F,T,cpsnj14,11,Medium quality,308261,3
cpsnj14_SemiBin_153,56.09,1.02,Medium quality,F,F,cpsnj14,14,Medium quality,198546,5
cpsnj14_SemiBin_155,51.77,2.22,Medium quality,F,F,cpsnj14,22,Medium quality,193492,7
cpsnj14_SemiBin_156,96.66,0.38,High quality,F,F,cpsnj14,8,High quality,840596,3
cpsnj14_SemiBin_158,58.04,3.29,Medium quality,F,T,cpsnj14,29,Medium quality,239692,9
cpsnj14_SemiBin_159,81.08,2.44,Medium quality,F,F,cpsnj14,9,Medium quality,789449,3
cpsnj14_SemiBin_15,96.7,0.24,High quality,T,T,cpsnj14,4,HQ-MIMAG,3324367,1
cpsnj14_SemiBin_160,50.21,1.75,Medium quality,F,T,cpsnj14,22,Medium quality,222577,7
cpsnj14_SemiBin_162,80.17,7.91,Medium quality,F,F,cpsnj14,38,Medium quality,325707,9
cpsnj14_SemiBin_1645,68.67,9.55,Medium quality,F,T,cpsnj14,23,Medium quality,296995,6
cpsnj14_SemiBin_164,66.26,5.42,Medium quality,F,F,cpsnj14,11,Medium quality,208905,3
cpsnj14_SemiBin_168,69.92,1.57,Medium quality,F,T,cpsnj14,19,Medium quality,314072,5
cpsnj14_SemiBin_169,53.48,2.67,Medium quality,F,T,cpsnj14,37,Medium quality,174498,9
cpsnj14_SemiBin_16,97.28,5.77,Medium quality,F,F,cpsnj14,6,Medium quality,1753523,2
cpsnj14_SemiBin_174,66.27,0.06,Medium quality,F,T,cpsnj14,8,Medium quality,286943,3
cpsnj14_SemiBin_178,52.74,5.94,Medium quality,F,T,cpsnj14,78,Medium quality,87667,20
cpsnj14_SemiBin_17,89.3,0.81,Medium quality,F,T,cpsnj14,17,Medium quality,535860,4
cpsnj14_SemiBin_180,70.68,0.69,Medium quality,F,T,cpsnj14,41,Medium quality,217518,10
cpsnj14_SemiBin_183,60.07,0.35,Medium quality,F,T,cpsnj14,27,Medium quality,133485,8
cpsnj14_SemiBin_184,76.18,5.25,Medium quality,F,F,cpsnj14,10,Medium quality,1129147,2
cpsnj14_SemiBin_185,76.43,9.97,Medium quality,F,F,cpsnj14,41,Medium quality,304684,10
cpsnj14_SemiBin_188,54.25,1.54,Medium quality,F,F,cpsnj14,4,Medium quality,1121706,1
cpsnj14_SemiBin_189,65.2,1.85,Medium quality,F,T,cpsnj14,48,Medium quality,177743,9
cpsnj14_SemiBin_192,52.94,1.63,Medium quality,F,T,cpsnj14,30,Medium quality,137385,7
cpsnj14_SemiBin_19,100,1.98,High quality,T,T,cpsnj14,20,HQ-MIMAG,404361,4
cpsnj14_SemiBin_1,98.43,0.41,High quality,T,T,cpsnj14,1,HQ-MIMAG,3891101,1
cpsnj14_SemiBin_2008,53.35,7.55,Medium quality,F,T,cpsnj14,74,Medium quality,104710,24
cpsnj14_SemiBin_201,51.45,1.13,Medium quality,F,F,cpsnj14,36,Medium quality,143140,11
cpsnj14_SemiBin_202,67.51,0.92,Medium quality,F,T,cpsnj14,15,Medium quality,374142,5
cpsnj14_SemiBin_205,63.84,1.48,Medium quality,F,F,cpsnj14,21,Medium quality,261832,7
cpsnj14_SemiBin_209,56.64,5.73,Medium quality,F,T,cpsnj14,39,Medium quality,94635,13
cpsnj14_SemiBin_20,82.63,7.5,Medium quality,F,T,cpsnj14,32,Medium quality,232480,9
cpsnj14_SemiBin_212,64.38,0.1,Medium quality,F,T,cpsnj14,17,Medium quality,275344,5
cpsnj14_SemiBin_217,59.49,0.24,Medium quality,F,F,cpsnj14,2,Medium quality,2007616,1
cpsnj14_SemiBin_21,94.48,0.85,High quality,T,T,cpsnj14,7,HQ-MIMAG,1045353,2
cpsnj14_SemiBin_222,55.8,7.18,Medium quality,F,F,cpsnj14,17,Medium quality,138131,5
cpsnj14_SemiBin_223,56.85,0.34,Medium quality,F,F,cpsnj14,1,Medium quality,1796413,1
cpsnj14_SemiBin_229,76.68,3.81,Medium quality,F,F,cpsnj14,19,Medium quality,328245,6
cpsnj14_SemiBin_22,86.27,0.69,Medium quality,F,T,cpsnj14,18,Medium quality,345417,5
cpsnj14_SemiBin_232,70.08,7.63,Medium quality,F,T,cpsnj14,22,Medium quality,165471,7
cpsnj14_SemiBin_23,90.8,0.85,High quality,T,F,cpsnj14,24,HQ-MIMAG,291001,7
cpsnj14_SemiBin_242,54.29,1.14,Medium quality,F,T,cpsnj14,14,Medium quality,268965,4
cpsnj14_SemiBin_244,52.41,3.19,Medium quality,F,T,cpsnj14,19,Medium quality,189084,6
cpsnj14_SemiBin_245,50.75,4.49,Medium quality,F,T,cpsnj14,75,Medium quality,104267,19
cpsnj14_SemiBin_24,96.24,0.86,High quality,F,T,cpsnj14,16,High quality,472350,5
cpsnj14_SemiBin_253,51.5,0.26,Medium quality,F,T,cpsnj14,10,Medium quality,587616,3
cpsnj14_SemiBin_254,73.78,5.68,Medium quality,F,F,cpsnj14,49,Medium quality,213753,12
cpsnj14_SemiBin_25,89.68,1.47,Medium quality,F,T,cpsnj14,10,Medium quality,622315,2
cpsnj14_SemiBin_26,89.89,0.36,Medium quality,F,T,cpsnj14,17,Medium quality,296498,5
cpsnj14_SemiBin_279,53.02,3.05,Medium quality,F,T,cpsnj14,22,Medium quality,279514,5
cpsnj14_SemiBin_27,84.28,1.5,Medium quality,F,F,cpsnj14,18,Medium quality,272910,5
cpsnj14_SemiBin_287,61.62,2.79,Medium quality,F,T,cpsnj14,16,Medium quality,272692,4
cpsnj14_SemiBin_28,88.55,0.13,Medium quality,F,F,cpsnj14,5,Medium quality,714960,2
cpsnj14_SemiBin_290,55.31,4.61,Medium quality,F,T,cpsnj14,36,Medium quality,119383,10
cpsnj14_SemiBin_29,84.56,9.15,Medium quality,F,F,cpsnj14,16,Medium quality,463380,5
cpsnj14_SemiBin_2,99.19,0.92,High quality,T,F,cpsnj14,15,HQ-MIMAG,632362,4
cpsnj14_SemiBin_307,51.09,8.36,Medium quality,F,T,cpsnj14,65,Medium quality,72872,20
cpsnj14_SemiBin_30,91.92,3.2,High quality,T,T,cpsnj14,12,HQ-MIMAG,720695,4
cpsnj14_SemiBin_31,84.37,6.89,Medium quality,F,T,cpsnj14,45,Medium quality,232334,8
cpsnj14_SemiBin_32,94.06,1.06,High quality,F,T,cpsnj14,18,High quality,397096,5
cpsnj14_SemiBin_338,97.38,0.45,High quality,F,F,cpsnj14,7,High quality,472981,2
cpsnj14_SemiBin_33,78.92,0.27,Medium quality,F,F,cpsnj14,15,Medium quality,321819,4
cpsnj14_SemiBin_34,88.47,1.11,Medium quality,F,F,cpsnj14,11,Medium quality,855071,3
cpsnj14_SemiBin_35,87.08,3.54,Medium quality,F,T,cpsnj14,16,Medium quality,578038,5
cpsnj14_SemiBin_36,72.51,4.06,Medium quality,F,T,cpsnj14,17,Medium quality,239804,5
cpsnj14_SemiBin_37,93.85,4.26,High quality,T,F,cpsnj14,15,HQ-MIMAG,937866,3
cpsnj14_SemiBin_38,91.94,0.38,High quality,F,F,cpsnj14,20,High quality,429237,6
cpsnj14_SemiBin_39,84.72,1.22,Medium quality,F,T,cpsnj14,25,Medium quality,243748,5
cpsnj14_SemiBin_3,95.82,0.77,High quality,T,T,cpsnj14,1,HQ-MIMAG,4685978,1
cpsnj14_SemiBin_40,71.25,1,Medium quality,F,F,cpsnj14,23,Medium quality,273849,6
cpsnj14_SemiBin_41,93.72,2.26,High quality,F,T,cpsnj14,16,High quality,600543,5
cpsnj14_SemiBin_425,75.72,1.68,Medium quality,F,F,cpsnj14,21,Medium quality,366864,6
cpsnj14_SemiBin_42,88.33,0.4,Medium quality,F,T,cpsnj14,12,Medium quality,718216,3
cpsnj14_SemiBin_43,84.51,2.19,Medium quality,F,T,cpsnj14,32,Medium quality,320478,9
cpsnj14_SemiBin_44,77.02,0.17,Medium quality,F,F,cpsnj14,7,Medium quality,339810,3
cpsnj14_SemiBin_45,81.42,0.69,Medium quality,F,T,cpsnj14,10,Medium quality,1144323,3
cpsnj14_SemiBin_46,95.14,7.55,Medium quality,F,T,cpsnj14,6,Medium quality,658223,2
cpsnj14_SemiBin_47,90.14,7.01,Medium quality,F,T,cpsnj14,22,Medium quality,675320,4
cpsnj14_SemiBin_48,76.49,4.44,Medium quality,F,T,cpsnj14,20,Medium quality,443186,4
cpsnj14_SemiBin_494,52.22,9.36,Medium quality,F,T,cpsnj14,35,Medium quality,202802,8
cpsnj14_SemiBin_49,83.92,2.62,Medium quality,F,F,cpsnj14,7,Medium quality,569214,2
cpsnj14_SemiBin_4,100,5.44,Medium quality,F,F,cpsnj14,5,Medium quality,1416818,2
cpsnj14_SemiBin_50,74.86,6.78,Medium quality,F,T,cpsnj14,29,Medium quality,237824,6
cpsnj14_SemiBin_51,80.73,5.81,Medium quality,F,F,cpsnj14,20,Medium quality,254034,4
cpsnj14_SemiBin_52,85,5.28,Medium quality,F,T,cpsnj14,46,Medium quality,116233,15
cpsnj14_SemiBin_53,90.63,2.98,High quality,T,T,cpsnj14,8,HQ-MIMAG,857543,3
cpsnj14_SemiBin_54,83.04,5.35,Medium quality,F,F,cpsnj14,13,Medium quality,626990,3
cpsnj14_SemiBin_55,80.75,4.21,Medium quality,F,F,cpsnj14,37,Medium quality,220133,8
cpsnj14_SemiBin_56,92.55,0.75,High quality,T,T,cpsnj14,2,HQ-MIMAG,4391792,1
cpsnj14_SemiBin_57,90.24,5.89,Medium quality,F,F,cpsnj14,31,Medium quality,279290,8
cpsnj14_SemiBin_58,95.53,4.16,High quality,T,T,cpsnj14,22,HQ-MIMAG,509863,5
cpsnj14_SemiBin_59,82.84,1.34,Medium quality,F,T,cpsnj14,8,Medium quality,677603,2
cpsnj14_SemiBin_5,96.39,1.95,High quality,F,F,cpsnj14,10,High quality,573421,3
cpsnj14_SemiBin_60,57.73,1.45,Medium quality,F,T,cpsnj14,39,Medium quality,115341,10
cpsnj14_SemiBin_61,72.62,2.36,Medium quality,F,F,cpsnj14,23,Medium quality,205068,6
cpsnj14_SemiBin_62,71.67,1.49,Medium quality,F,T,cpsnj14,31,Medium quality,255603,7
cpsnj14_SemiBin_63,90.25,6.11,Medium quality,F,T,cpsnj14,7,Medium quality,3667590,1
cpsnj14_SemiBin_64,83.09,1.98,Medium quality,F,T,cpsnj14,6,Medium quality,715149,2
cpsnj14_SemiBin_66,82.4,4.44,Medium quality,F,F,cpsnj14,12,Medium quality,1281787,2
cpsnj14_SemiBin_67,82.44,2.62,Medium quality,F,F,cpsnj14,11,Medium quality,694083,3
cpsnj14_SemiBin_68,75.13,1.16,Medium quality,F,F,cpsnj14,24,Medium quality,195354,8
cpsnj14_SemiBin_69,79.05,4,Medium quality,F,F,cpsnj14,24,Medium quality,272532,6
cpsnj14_SemiBin_6,96.97,4.94,High quality,T,T,cpsnj14,24,HQ-MIMAG,410819,7
cpsnj14_SemiBin_70,77.23,2.4,Medium quality,F,F,cpsnj14,25,Medium quality,154388,7
cpsnj14_SemiBin_71,82.22,8.03,Medium quality,F,F,cpsnj14,25,Medium quality,466883,7
cpsnj14_SemiBin_72,79.59,3.67,Medium quality,F,T,cpsnj14,14,Medium quality,524924,4
cpsnj14_SemiBin_73,75,0.44,Medium quality,F,F,cpsnj14,5,Medium quality,687756,2
cpsnj14_SemiBin_74,73.5,3.57,Medium quality,F,F,cpsnj14,9,Medium quality,423032,3
cpsnj14_SemiBin_75,78.26,5.96,Medium quality,F,F,cpsnj14,20,Medium quality,418649,4
cpsnj14_SemiBin_76,75.7,1.61,Medium quality,F,T,cpsnj14,36,Medium quality,414088,7
cpsnj14_SemiBin_77,81.47,3.9,Medium quality,F,T,cpsnj14,14,Medium quality,804462,4
cpsnj14_SemiBin_78,69.25,2.49,Medium quality,F,T,cpsnj14,45,Medium quality,127231,12
cpsnj14_SemiBin_79,86.46,4.95,Medium quality,F,F,cpsnj14,32,Medium quality,267654,9
cpsnj14_SemiBin_7,93.57,0.22,High quality,T,T,cpsnj14,10,HQ-MIMAG,793538,2
cpsnj14_SemiBin_804,56.76,8.41,Medium quality,F,T,cpsnj14,33,Medium quality,106258,10
cpsnj14_SemiBin_80,74.05,1.18,Medium quality,F,T,cpsnj14,15,Medium quality,570554,4
cpsnj14_SemiBin_81,75.17,0.36,Medium quality,F,F,cpsnj14,8,Medium quality,418989,3
cpsnj14_SemiBin_82,64.39,0.31,Medium quality,F,T,cpsnj14,9,Medium quality,864316,3
cpsnj14_SemiBin_830,50.97,9.49,Medium quality,F,T,cpsnj14,15,Medium quality,324934,5
cpsnj14_SemiBin_83,74.09,7.4,Medium quality,F,T,cpsnj14,13,Medium quality,337968,5
cpsnj14_SemiBin_84,58.84,0.33,Medium quality,F,F,cpsnj14,20,Medium quality,226202,5
cpsnj14_SemiBin_85,65.89,6.29,Medium quality,F,F,cpsnj14,28,Medium quality,254165,8
cpsnj14_SemiBin_87,80.01,0.97,Medium quality,F,T,cpsnj14,18,Medium quality,218578,4
cpsnj14_SemiBin_88,70.27,5.36,Medium quality,F,T,cpsnj14,29,Medium quality,266756,11
cpsnj14_SemiBin_89,70.72,6.56,Medium quality,F,T,cpsnj14,17,Medium quality,406915,6
cpsnj14_SemiBin_8,94.1,0.08,High quality,T,T,cpsnj14,16,HQ-MIMAG,499349,5
cpsnj14_SemiBin_90,54.03,0.95,Medium quality,F,T,cpsnj14,18,Medium quality,202427,6
cpsnj14_SemiBin_91,71.53,0.35,Medium quality,F,F,cpsnj14,11,Medium quality,720832,2
cpsnj14_SemiBin_92,62.42,3.33,Medium quality,F,F,cpsnj14,20,Medium quality,185405,5
cpsnj14_SemiBin_93,72.15,8.39,Medium quality,F,T,cpsnj14,51,Medium quality,194270,12
cpsnj14_SemiBin_94,75.52,1.87,Medium quality,F,F,cpsnj14,18,Medium quality,489529,5
cpsnj14_SemiBin_96,71.98,1.94,Medium quality,F,T,cpsnj14,24,Medium quality,220034,7
cpsnj14_SemiBin_97,71.75,3.03,Medium quality,F,T,cpsnj14,25,Medium quality,351751,6
cpsnj14_SemiBin_99,66.21,1.4,Medium quality,F,T,cpsnj14,6,Medium quality,372202,2
cpsnj14_SemiBin_9,96.79,5.79,Medium quality,F,F,cpsnj14,6,Medium quality,2243308,2
cpsnj15_SemiBin_0,99.62,3.58,High quality,T,T,cpsnj15,6,HQ-MIMAG,1887764,2
cpsnj15_SemiBin_103,53.27,3.87,Medium quality,F,T,cpsnj15,36,Medium quality,155524,8
cpsnj15_SemiBin_105,68.78,0.96,Medium quality,F,F,cpsnj15,7,Medium quality,755431,2
cpsnj15_SemiBin_106,69.94,1.78,Medium quality,F,F,cpsnj15,14,Medium quality,566007,5
cpsnj15_SemiBin_10,85.89,3.22,Medium quality,F,T,cpsnj15,22,Medium quality,263460,5
cpsnj15_SemiBin_110,64.66,1.14,Medium quality,F,T,cpsnj15,22,Medium quality,150459,6
cpsnj15_SemiBin_113,58.84,2.77,Medium quality,F,T,cpsnj15,48,Medium quality,128883,11
cpsnj15_SemiBin_116,64.17,0.88,Medium quality,F,F,cpsnj15,25,Medium quality,194046,7
cpsnj15_SemiBin_118,61.25,0.11,Medium quality,F,F,cpsnj15,18,Medium quality,283362,5
cpsnj15_SemiBin_11,74.89,0.67,Medium quality,F,T,cpsnj15,21,Medium quality,266304,6
cpsnj15_SemiBin_122,50.05,1.32,Medium quality,F,F,cpsnj15,11,Medium quality,342540,4
cpsnj15_SemiBin_1258,51.19,7.75,Medium quality,F,T,cpsnj15,65,Medium quality,94148,18
cpsnj15_SemiBin_127,75.23,7.09,Medium quality,F,F,cpsnj15,23,Medium quality,244585,6
cpsnj15_SemiBin_129,50.42,3.19,Medium quality,F,T,cpsnj15,39,Medium quality,137049,9
cpsnj15_SemiBin_12,94.24,1.84,High quality,T,F,cpsnj15,15,HQ-MIMAG,741497,4
cpsnj15_SemiBin_13,82.19,4.02,Medium quality,F,T,cpsnj15,25,Medium quality,339518,4
cpsnj15_SemiBin_14,86.05,8.63,Medium quality,F,T,cpsnj15,8,Medium quality,455420,3
cpsnj15_SemiBin_150,54.31,0.23,Medium quality,F,F,cpsnj15,30,Medium quality,150704,10
cpsnj15_SemiBin_159,63.14,0.8,Medium quality,F,F,cpsnj15,11,Medium quality,546651,2
cpsnj15_SemiBin_15,93.14,2.78,High quality,T,F,cpsnj15,17,HQ-MIMAG,418656,6
cpsnj15_SemiBin_16,80.82,1.42,Medium quality,F,F,cpsnj15,17,Medium quality,291216,4
cpsnj15_SemiBin_170,51.71,2.98,Medium quality,F,T,cpsnj15,23,Medium quality,323488,6
cpsnj15_SemiBin_1728,54.19,6.95,Medium quality,F,T,cpsnj15,29,Medium quality,112195,10
cpsnj15_SemiBin_17,90.79,2.61,High quality,T,F,cpsnj15,18,HQ-MIMAG,520326,5
cpsnj15_SemiBin_18,80.78,0.76,Medium quality,F,F,cpsnj15,20,Medium quality,178673,6
cpsnj15_SemiBin_19,86.71,6.59,Medium quality,F,T,cpsnj15,14,Medium quality,517646,4
cpsnj15_SemiBin_1,99.55,1.11,High quality,T,T,cpsnj15,2,HQ-MIMAG,4731819,1
cpsnj15_SemiBin_206,51.25,4.81,Medium quality,F,F,cpsnj15,9,Medium quality,579856,3
cpsnj15_SemiBin_20,69.13,2.21,Medium quality,F,F,cpsnj15,13,Medium quality,435502,3
cpsnj15_SemiBin_21,75.06,2.36,Medium quality,F,T,cpsnj15,7,Medium quality,932384,2
cpsnj15_SemiBin_22,71.92,0.14,Medium quality,F,T,cpsnj15,9,Medium quality,444706,3
cpsnj15_SemiBin_23,67.52,0.84,Medium quality,F,F,cpsnj15,10,Medium quality,684832,2
cpsnj15_SemiBin_25,72.27,5.79,Medium quality,F,F,cpsnj15,46,Medium quality,166053,11
cpsnj15_SemiBin_26,66.11,1.09,Medium quality,F,F,cpsnj15,15,Medium quality,211784,5
cpsnj15_SemiBin_27,68.91,5.36,Medium quality,F,T,cpsnj15,24,Medium quality,264801,8
cpsnj15_SemiBin_280,53.67,0.62,Medium quality,F,T,cpsnj15,8,Medium quality,708049,3
cpsnj15_SemiBin_28,55.37,5.58,Medium quality,F,F,cpsnj15,31,Medium quality,336761,7
cpsnj15_SemiBin_29,67.36,0.54,Medium quality,F,F,cpsnj15,10,Medium quality,1290804,2
cpsnj15_SemiBin_2,97.13,6.45,Medium quality,F,F,cpsnj15,10,Medium quality,911417,2
cpsnj15_SemiBin_30,77.83,2.82,Medium quality,F,F,cpsnj15,10,Medium quality,643061,3
cpsnj15_SemiBin_31,61.79,1.34,Medium quality,F,F,cpsnj15,10,Medium quality,594755,3
cpsnj15_SemiBin_32,53.23,1.87,Medium quality,F,T,cpsnj15,46,Medium quality,122624,11
cpsnj15_SemiBin_33,56.27,4.21,Medium quality,F,T,cpsnj15,42,Medium quality,185403,10
cpsnj15_SemiBin_34,60.87,5.47,Medium quality,F,T,cpsnj15,61,Medium quality,192444,11
cpsnj15_SemiBin_35,59.99,1.78,Medium quality,F,F,cpsnj15,30,Medium quality,143827,9
cpsnj15_SemiBin_36,71.51,0.14,Medium quality,F,F,cpsnj15,9,Medium quality,614074,4
cpsnj15_SemiBin_37,64.69,1.18,Medium quality,F,T,cpsnj15,13,Medium quality,322659,4
cpsnj15_SemiBin_38,58.67,1.46,Medium quality,F,T,cpsnj15,21,Medium quality,138612,6
cpsnj15_SemiBin_39,61.58,1.02,Medium quality,F,F,cpsnj15,12,Medium quality,211998,4
cpsnj15_SemiBin_3,90,1.33,Medium quality,F,F,cpsnj15,11,Medium quality,749472,4
cpsnj15_SemiBin_40,73.42,3.03,Medium quality,F,T,cpsnj15,13,Medium quality,226780,4
cpsnj15_SemiBin_41,53.43,0.35,Medium quality,F,T,cpsnj15,35,Medium quality,159179,8
cpsnj15_SemiBin_42,59.92,1.11,Medium quality,F,F,cpsnj15,50,Medium quality,115139,14
cpsnj15_SemiBin_43,59.23,2.66,Medium quality,F,F,cpsnj15,32,Medium quality,221713,7
cpsnj15_SemiBin_44,69.93,4.68,Medium quality,F,T,cpsnj15,16,Medium quality,681209,3
cpsnj15_SemiBin_45,60.67,4.65,Medium quality,F,T,cpsnj15,35,Medium quality,300375,8
cpsnj15_SemiBin_47,100,2.63,High quality,T,T,cpsnj15,11,HQ-MIMAG,1079419,3
cpsnj15_SemiBin_49,62.24,1.89,Medium quality,F,T,cpsnj15,32,Medium quality,107805,9
cpsnj15_SemiBin_4,89.47,3.69,Medium quality,F,F,cpsnj15,4,Medium quality,730562,2
cpsnj15_SemiBin_50,65.63,3.45,Medium quality,F,F,cpsnj15,25,Medium quality,327041,7
cpsnj15_SemiBin_517,78.5,2.3,Medium quality,F,F,cpsnj15,12,Medium quality,179552,4
cpsnj15_SemiBin_51,83.74,0.84,Medium quality,F,F,cpsnj15,10,Medium quality,1260849,1
cpsnj15_SemiBin_52,54.62,3.27,Medium quality,F,T,cpsnj15,55,Medium quality,94442,15
cpsnj15_SemiBin_53,60.2,2.16,Medium quality,F,T,cpsnj15,12,Medium quality,215394,4
cpsnj15_SemiBin_55,57.03,0.9,Medium quality,F,T,cpsnj15,45,Medium quality,86134,14
cpsnj15_SemiBin_56,57.29,0.76,Medium quality,F,F,cpsnj15,20,Medium quality,257754,7
cpsnj15_SemiBin_58,58.2,3.32,Medium quality,F,T,cpsnj15,15,Medium quality,232549,4
cpsnj15_SemiBin_59,59.44,1.25,Medium quality,F,T,cpsnj15,10,Medium quality,305919,4
cpsnj15_SemiBin_5,89.31,0.37,Medium quality,F,T,cpsnj15,2,Medium quality,1956856,1
cpsnj15_SemiBin_607,53.4,5.12,Medium quality,F,T,cpsnj15,14,Medium quality,190486,4
cpsnj15_SemiBin_60,59.53,5.11,Medium quality,F,T,cpsnj15,13,Medium quality,200357,4
cpsnj15_SemiBin_611,64.53,9.89,Medium quality,F,T,cpsnj15,43,Medium quality,268714,10
cpsnj15_SemiBin_61,60.68,5.61,Medium quality,F,T,cpsnj15,63,Medium quality,117985,16
cpsnj15_SemiBin_62,61.76,1.26,Medium quality,F,T,cpsnj15,14,Medium quality,599934,4
cpsnj15_SemiBin_64,55.81,1.98,Medium quality,F,F,cpsnj15,29,Medium quality,116085,8
cpsnj15_SemiBin_65,56.77,0.52,Medium quality,F,F,cpsnj15,12,Medium quality,249020,4
cpsnj15_SemiBin_67,72.12,0.66,Medium quality,F,F,cpsnj15,14,Medium quality,604475,4
cpsnj15_SemiBin_69,59.35,0.36,Medium quality,F,T,cpsnj15,11,Medium quality,378446,3
cpsnj15_SemiBin_6,82.38,3.22,Medium quality,F,F,cpsnj15,9,Medium quality,848347,3
cpsnj15_SemiBin_72,87.17,0.57,Medium quality,F,T,cpsnj15,5,Medium quality,1333980,2
cpsnj15_SemiBin_73,58.25,1.35,Medium quality,F,T,cpsnj15,22,Medium quality,355200,5
cpsnj15_SemiBin_74,50.88,0.89,Medium quality,F,F,cpsnj15,12,Medium quality,359216,5
cpsnj15_SemiBin_78,81.79,0.31,Medium quality,F,T,cpsnj15,9,Medium quality,904626,3
cpsnj15_SemiBin_7,81.45,2.62,Medium quality,F,F,cpsnj15,19,Medium quality,401815,4
cpsnj15_SemiBin_81,56.67,2.35,Medium quality,F,T,cpsnj15,33,Medium quality,153868,10
cpsnj15_SemiBin_8,96.49,1.24,High quality,F,F,cpsnj15,12,High quality,644538,4
cpsnj15_SemiBin_90,52.43,4.44,Medium quality,F,T,cpsnj15,49,Medium quality,137132,13
cpsnj15_SemiBin_97,61.94,0.86,Medium quality,F,F,cpsnj15,12,Medium quality,234177,4
cpsnj15_SemiBin_98,63.7,4.84,Medium quality,F,T,cpsnj15,25,Medium quality,265559,6
cpsnj15_SemiBin_99,66.11,4.07,Medium quality,F,T,cpsnj15,16,Medium quality,341321,5
cpsnj15_SemiBin_9,94.37,3.19,High quality,T,F,cpsnj15,11,HQ-MIMAG,427642,3
cpsnj16_SemiBin_0,96.13,0.84,High quality,T,T,cpsnj16,7,HQ-MIMAG,768819,3
cpsnj16_SemiBin_100,56.63,2.26,Medium quality,F,T,cpsnj16,40,Medium quality,165909,12
cpsnj16_SemiBin_104,80.39,7.8,Medium quality,F,T,cpsnj16,48,Medium quality,172527,12
cpsnj16_SemiBin_106,51.23,7.76,Medium quality,F,T,cpsnj16,84,Medium quality,61566,22
cpsnj16_SemiBin_108,52.15,1.28,Medium quality,F,F,cpsnj16,27,Medium quality,161760,8
cpsnj16_SemiBin_109,53.26,1.48,Medium quality,F,F,cpsnj16,21,Medium quality,450152,7
cpsnj16_SemiBin_10,100,0.88,High quality,T,F,cpsnj16,7,HQ-MIMAG,1067849,2
cpsnj16_SemiBin_111,63.43,1.47,Medium quality,F,F,cpsnj16,18,Medium quality,218486,6
cpsnj16_SemiBin_112,51.67,4.83,Medium quality,F,T,cpsnj16,18,Medium quality,296471,5
cpsnj16_SemiBin_115,55.51,2.16,Medium quality,F,F,cpsnj16,21,Medium quality,158665,6
cpsnj16_SemiBin_1187,63.83,9.11,Medium quality,F,T,cpsnj16,61,Medium quality,92137,17
cpsnj16_SemiBin_1193,60.18,8.77,Medium quality,F,T,cpsnj16,62,Medium quality,108971,15
cpsnj16_SemiBin_11,94.98,0.21,High quality,T,T,cpsnj16,1,HQ-MIMAG,2801040,1
cpsnj16_SemiBin_121,82.69,1.79,Medium quality,F,T,cpsnj16,12,Medium quality,473248,3
cpsnj16_SemiBin_122,55.92,0.38,Medium quality,F,F,cpsnj16,8,Medium quality,276779,3
cpsnj16_SemiBin_12,95.06,1.1,High quality,T,F,cpsnj16,5,HQ-MIMAG,1272700,2
cpsnj16_SemiBin_130,51.12,0.62,Medium quality,F,T,cpsnj16,37,Medium quality,113202,12
cpsnj16_SemiBin_132,53.08,6.63,Medium quality,F,T,cpsnj16,63,Medium quality,83249,17
cpsnj16_SemiBin_133,78.77,2.35,Medium quality,F,F,cpsnj16,10,Medium quality,626039,3
cpsnj16_SemiBin_13,89.49,1.25,Medium quality,F,T,cpsnj16,19,Medium quality,328498,5
cpsnj16_SemiBin_140,69.95,1.2,Medium quality,F,T,cpsnj16,44,Medium quality,221786,11
cpsnj16_SemiBin_145,76.78,2.32,Medium quality,F,F,cpsnj16,22,Medium quality,244644,6
cpsnj16_SemiBin_146,78.73,2.26,Medium quality,F,F,cpsnj16,32,Medium quality,338809,7
cpsnj16_SemiBin_1487,57.47,8.53,Medium quality,F,T,cpsnj16,88,Medium quality,84749,22
cpsnj16_SemiBin_1492,50.35,0.98,Medium quality,F,T,cpsnj16,87,Medium quality,61410,27
cpsnj16_SemiBin_1499,51.35,2.05,Medium quality,F,T,cpsnj16,23,Medium quality,94023,7
cpsnj16_SemiBin_149,52.36,0.36,Medium quality,F,F,cpsnj16,20,Medium quality,246962,5
cpsnj16_SemiBin_14,88.88,1.22,Medium quality,F,F,cpsnj16,11,Medium quality,601817,3
cpsnj16_SemiBin_150,55.35,6.13,Medium quality,F,F,cpsnj16,20,Medium quality,378567,6
cpsnj16_SemiBin_154,84.63,4.28,Medium quality,F,F,cpsnj16,6,Medium quality,538605,3
cpsnj16_SemiBin_155,62.78,1.46,Medium quality,F,F,cpsnj16,11,Medium quality,239766,4
cpsnj16_SemiBin_156,56,3.09,Medium quality,F,F,cpsnj16,20,Medium quality,220607,6
cpsnj16_SemiBin_158,67.75,0.04,Medium quality,F,T,cpsnj16,27,Medium quality,180512,7
cpsnj16_SemiBin_15,96.25,5.49,Medium quality,F,T,cpsnj16,8,Medium quality,2518541,2
cpsnj16_SemiBin_162,55.86,0.64,Medium quality,F,F,cpsnj16,12,Medium quality,312328,3
cpsnj16_SemiBin_165,58.24,2.89,Medium quality,F,F,cpsnj16,31,Medium quality,257568,7
cpsnj16_SemiBin_167,60.28,5.68,Medium quality,F,T,cpsnj16,36,Medium quality,194429,8
cpsnj16_SemiBin_16,91.79,2.5,High quality,T,F,cpsnj16,32,HQ-MIMAG,500421,5
cpsnj16_SemiBin_170,73.57,0.89,Medium quality,F,F,cpsnj16,6,Medium quality,713107,3
cpsnj16_SemiBin_178,54.34,2.7,Medium quality,F,T,cpsnj16,32,Medium quality,170884,9
cpsnj16_SemiBin_17,89.96,9.35,Medium quality,F,F,cpsnj16,21,Medium quality,519060,5
cpsnj16_SemiBin_182,64.26,2.13,Medium quality,F,F,cpsnj16,24,Medium quality,161046,7
cpsnj16_SemiBin_186,53.07,2.55,Medium quality,F,T,cpsnj16,23,Medium quality,255204,7
cpsnj16_SemiBin_187,69.44,8.85,Medium quality,F,F,cpsnj16,33,Medium quality,240439,9
cpsnj16_SemiBin_18,98.56,1.99,High quality,T,T,cpsnj16,9,HQ-MIMAG,1290763,3
cpsnj16_SemiBin_192,52.56,1.9,Medium quality,F,F,cpsnj16,23,Medium quality,228744,7
cpsnj16_SemiBin_193,70.87,0.02,Medium quality,F,F,cpsnj16,15,Medium quality,458678,5
cpsnj16_SemiBin_195,58.95,4.94,Medium quality,F,T,cpsnj16,38,Medium quality,196164,9
cpsnj16_SemiBin_19,92.4,3.31,High quality,T,F,cpsnj16,14,HQ-MIMAG,649717,3
cpsnj16_SemiBin_1,96.44,3.86,High quality,T,T,cpsnj16,15,HQ-MIMAG,642496,3
cpsnj16_SemiBin_201,51.44,0.37,Medium quality,F,F,cpsnj16,15,Medium quality,470220,4
cpsnj16_SemiBin_204,58.75,0.21,Medium quality,F,F,cpsnj16,20,Medium quality,253678,6
cpsnj16_SemiBin_205,85.81,7.38,Medium quality,F,T,cpsnj16,45,Medium quality,247721,11
cpsnj16_SemiBin_209,58.98,0.66,Medium quality,F,F,cpsnj16,4,Medium quality,486776,2
cpsnj16_SemiBin_20,91.11,2.72,High quality,T,F,cpsnj16,19,HQ-MIMAG,581351,5
cpsnj16_SemiBin_211,58.89,2.83,Medium quality,F,F,cpsnj16,19,Medium quality,281304,6
cpsnj16_SemiBin_21,90.34,5.6,Medium quality,F,F,cpsnj16,11,Medium quality,731027,3
cpsnj16_SemiBin_22,89.45,2.27,Medium quality,F,T,cpsnj16,11,Medium quality,439133,3
cpsnj16_SemiBin_239,60.88,5.88,Medium quality,F,F,cpsnj16,25,Medium quality,187709,7
cpsnj16_SemiBin_23,93.66,3.19,High quality,T,F,cpsnj16,14,HQ-MIMAG,659420,3
cpsnj16_SemiBin_24,96.68,4.44,High quality,T,T,cpsnj16,11,HQ-MIMAG,678925,3
cpsnj16_SemiBin_256,67.68,7.97,Medium quality,F,T,cpsnj16,72,Medium quality,179864,19
cpsnj16_SemiBin_25,90.09,7.62,Medium quality,F,F,cpsnj16,14,Medium quality,661438,4
cpsnj16_SemiBin_26,82.29,0.2,Medium quality,F,F,cpsnj16,9,Medium quality,571170,3
cpsnj16_SemiBin_270,55.7,4.76,Medium quality,F,T,cpsnj16,53,Medium quality,110566,15
cpsnj16_SemiBin_274,97.37,0.51,High quality,F,F,cpsnj16,8,High quality,258736,3
cpsnj16_SemiBin_27,90.92,0.32,High quality,T,F,cpsnj16,18,HQ-MIMAG,395801,4
cpsnj16_SemiBin_28,96.66,0.25,High quality,F,F,cpsnj16,14,High quality,963236,2
cpsnj16_SemiBin_29,89.75,2.13,Medium quality,F,F,cpsnj16,13,Medium quality,1669051,2
cpsnj16_SemiBin_2,95.67,1.28,High quality,T,F,cpsnj16,5,HQ-MIMAG,2203995,1
cpsnj16_SemiBin_30,93.69,7.51,Medium quality,F,F,cpsnj16,18,Medium quality,352656,5
cpsnj16_SemiBin_31,87.33,0.9,Medium quality,F,F,cpsnj16,8,Medium quality,1273937,2
cpsnj16_SemiBin_32,93.22,2.25,High quality,F,F,cpsnj16,26,High quality,408249,8
cpsnj16_SemiBin_33,81.99,3.78,Medium quality,F,F,cpsnj16,17,Medium quality,267081,6
cpsnj16_SemiBin_35,89.69,4.82,Medium quality,F,T,cpsnj16,26,Medium quality,223991,6
cpsnj16_SemiBin_36,73.18,0.76,Medium quality,F,F,cpsnj16,12,Medium quality,455103,4
cpsnj16_SemiBin_37,83.61,0.68,Medium quality,F,F,cpsnj16,15,Medium quality,367438,4
cpsnj16_SemiBin_38,93.93,3.94,High quality,T,F,cpsnj16,19,HQ-MIMAG,838387,5
cpsnj16_SemiBin_39,84.26,6.92,Medium quality,F,F,cpsnj16,20,Medium quality,504426,5
cpsnj16_SemiBin_3,99.94,0.85,High quality,T,T,cpsnj16,1,HQ-MIMAG,2942581,1
cpsnj16_SemiBin_40,88.24,0.88,Medium quality,F,F,cpsnj16,20,Medium quality,383089,5
cpsnj16_SemiBin_41,91.41,4.75,High quality,T,T,cpsnj16,19,HQ-MIMAG,609262,4
cpsnj16_SemiBin_43,92.3,8.97,Medium quality,F,F,cpsnj16,16,Medium quality,589056,4
cpsnj16_SemiBin_44,82.09,3.2,Medium quality,F,T,cpsnj16,66,Medium quality,250735,16
cpsnj16_SemiBin_46,80.37,1.35,Medium quality,F,T,cpsnj16,21,Medium quality,409434,5
cpsnj16_SemiBin_47,81.98,0.53,Medium quality,F,T,cpsnj16,33,Medium quality,177275,9
cpsnj16_SemiBin_48,82.82,3.06,Medium quality,F,T,cpsnj16,34,Medium quality,215243,8
cpsnj16_SemiBin_49,86.3,2.32,Medium quality,F,T,cpsnj16,18,Medium quality,900040,4
cpsnj16_SemiBin_4,99.48,0.9,High quality,T,T,cpsnj16,3,HQ-MIMAG,4278149,1
cpsnj16_SemiBin_50,87.74,9.5,Medium quality,F,F,cpsnj16,102,Medium quality,122444,21
cpsnj16_SemiBin_515,61.67,2.45,Medium quality,F,F,cpsnj16,19,Medium quality,245665,5
cpsnj16_SemiBin_516,56.97,7.16,Medium quality,F,T,cpsnj16,46,Medium quality,99663,14
cpsnj16_SemiBin_51,86.47,3.07,Medium quality,F,F,cpsnj16,14,Medium quality,359765,4
cpsnj16_SemiBin_52,83.03,2.42,Medium quality,F,F,cpsnj16,7,Medium quality,963363,2
cpsnj16_SemiBin_53,74.93,1.13,Medium quality,F,F,cpsnj16,34,Medium quality,240933,11
cpsnj16_SemiBin_54,78.68,3.33,Medium quality,F,T,cpsnj16,26,Medium quality,233927,7
cpsnj16_SemiBin_55,71.83,0.36,Medium quality,F,T,cpsnj16,16,Medium quality,225506,4
cpsnj16_SemiBin_56,91.32,8.2,Medium quality,F,T,cpsnj16,53,Medium quality,230901,9
cpsnj16_SemiBin_59,90.99,8.58,Medium quality,F,F,cpsnj16,27,Medium quality,372490,7
cpsnj16_SemiBin_5,96.94,0.39,High quality,T,T,cpsnj16,7,HQ-MIMAG,1267992,2
cpsnj16_SemiBin_60,71.09,0.51,Medium quality,F,F,cpsnj16,30,Medium quality,134980,9
cpsnj16_SemiBin_61,82.03,2.67,Medium quality,F,F,cpsnj16,7,Medium quality,1442284,2
cpsnj16_SemiBin_62,67.01,0.2,Medium quality,F,T,cpsnj16,16,Medium quality,188818,5
cpsnj16_SemiBin_63,79.82,8.2,Medium quality,F,F,cpsnj16,25,Medium quality,395419,5
cpsnj16_SemiBin_64,77.17,0.3,Medium quality,F,F,cpsnj16,7,Medium quality,422495,3
cpsnj16_SemiBin_650,65.13,0.68,Medium quality,F,T,cpsnj16,12,Medium quality,384542,5
cpsnj16_SemiBin_66,80.91,3.52,Medium quality,F,F,cpsnj16,29,Medium quality,193749,7
cpsnj16_SemiBin_67,77.81,2.72,Medium quality,F,F,cpsnj16,47,Medium quality,235682,12
cpsnj16_SemiBin_68,80.27,4.01,Medium quality,F,T,cpsnj16,24,Medium quality,235693,5
cpsnj16_SemiBin_69,80.04,0.23,Medium quality,F,F,cpsnj16,7,Medium quality,888132,2
cpsnj16_SemiBin_6,100,1.92,High quality,T,F,cpsnj16,12,HQ-MIMAG,1648277,2
cpsnj16_SemiBin_70,58.43,0.85,Medium quality,F,T,cpsnj16,12,Medium quality,423512,4
cpsnj16_SemiBin_71,69.97,0.56,Medium quality,F,T,cpsnj16,17,Medium quality,504805,5
cpsnj16_SemiBin_72,82.32,0.11,Medium quality,F,F,cpsnj16,14,Medium quality,458274,4
cpsnj16_SemiBin_73,77.61,3.41,Medium quality,F,F,cpsnj16,79,Medium quality,158699,21
cpsnj16_SemiBin_74,76.63,0.42,Medium quality,F,F,cpsnj16,43,Medium quality,238063,11
cpsnj16_SemiBin_75,72.88,0.36,Medium quality,F,T,cpsnj16,12,Medium quality,563884,2
cpsnj16_SemiBin_76,66.87,0.46,Medium quality,F,F,cpsnj16,6,Medium quality,937672,2
cpsnj16_SemiBin_77,87,7.62,Medium quality,F,F,cpsnj16,11,Medium quality,777635,3
cpsnj16_SemiBin_79,77.68,7.17,Medium quality,F,T,cpsnj16,21,Medium quality,183130,7
cpsnj16_SemiBin_7,100,1.02,High quality,T,T,cpsnj16,3,HQ-MIMAG,2320394,2
cpsnj16_SemiBin_80,63.35,3.32,Medium quality,F,T,cpsnj16,41,Medium quality,148949,11
cpsnj16_SemiBin_81,66.46,1.14,Medium quality,F,F,cpsnj16,20,Medium quality,182652,7
cpsnj16_SemiBin_83,82.55,0.28,Medium quality,F,T,cpsnj16,8,Medium quality,553375,2
cpsnj16_SemiBin_841,53.28,2.57,Medium quality,F,T,cpsnj16,24,Medium quality,278273,6
cpsnj16_SemiBin_84,63.53,4.73,Medium quality,F,F,cpsnj16,18,Medium quality,215932,5
cpsnj16_SemiBin_85,59.58,4.2,Medium quality,F,F,cpsnj16,43,Medium quality,192211,10
cpsnj16_SemiBin_86,67.12,0.65,Medium quality,F,F,cpsnj16,7,Medium quality,443773,3
cpsnj16_SemiBin_87,65.53,9.31,Medium quality,F,F,cpsnj16,25,Medium quality,339433,5
cpsnj16_SemiBin_88,59.51,2.09,Medium quality,F,F,cpsnj16,11,Medium quality,410989,4
cpsnj16_SemiBin_89,52.93,5.36,Medium quality,F,T,cpsnj16,61,Medium quality,110005,16
cpsnj16_SemiBin_8,100,1.72,High quality,T,F,cpsnj16,6,HQ-MIMAG,884400,3
cpsnj16_SemiBin_90,50.64,0.08,Medium quality,F,F,cpsnj16,15,Medium quality,111295,5
cpsnj16_SemiBin_94,65.15,3.67,Medium quality,F,T,cpsnj16,29,Medium quality,241969,8
cpsnj16_SemiBin_96,92.89,0.48,High quality,T,T,cpsnj16,14,HQ-MIMAG,627538,3
cpsnj16_SemiBin_97,92.89,0.18,High quality,T,F,cpsnj16,11,HQ-MIMAG,660500,3
cpsnj16_SemiBin_98,59.49,0.98,Medium quality,F,F,cpsnj16,22,Medium quality,212456,7
cpsnj16_SemiBin_99,62.73,1.13,Medium quality,F,F,cpsnj16,8,Medium quality,877964,2
cpsnj16_SemiBin_9,91.93,1.33,High quality,F,F,cpsnj16,20,High quality,424153,5
cpsnj19_SemiBin_0,98.66,0.23,High quality,T,T,cpsnj19,3,HQ-MIMAG,1575447,2
cpsnj19_SemiBin_100,61.7,1.11,Medium quality,F,F,cpsnj19,34,Medium quality,273862,6
cpsnj19_SemiBin_101,64.2,2.98,Medium quality,F,F,cpsnj19,30,Medium quality,160371,9
cpsnj19_SemiBin_102,61.97,1.51,Medium quality,F,F,cpsnj19,21,Medium quality,117646,6
cpsnj19_SemiBin_103,69.13,2.61,Medium quality,F,F,cpsnj19,17,Medium quality,383979,4
cpsnj19_SemiBin_104,58.66,5.41,Medium quality,F,F,cpsnj19,18,Medium quality,288536,5
cpsnj19_SemiBin_105,65.07,1.67,Medium quality,F,T,cpsnj19,18,Medium quality,137653,5
cpsnj19_SemiBin_106,82.37,2.58,Medium quality,F,F,cpsnj19,7,Medium quality,379628,3
cpsnj19_SemiBin_107,66.29,0.43,Medium quality,F,F,cpsnj19,8,Medium quality,374900,3
cpsnj19_SemiBin_109,62.06,1.87,Medium quality,F,T,cpsnj19,10,Medium quality,334108,3
cpsnj19_SemiBin_10,98.77,7.86,Medium quality,F,F,cpsnj19,10,Medium quality,1164087,3
cpsnj19_SemiBin_110,58.56,7.1,Medium quality,F,T,cpsnj19,77,Medium quality,104527,17
cpsnj19_SemiBin_111,62.27,9.57,Medium quality,F,F,cpsnj19,71,Medium quality,161678,18
cpsnj19_SemiBin_112,59.7,3.33,Medium quality,F,T,cpsnj19,16,Medium quality,139140,4
cpsnj19_SemiBin_113,65.47,7.54,Medium quality,F,T,cpsnj19,66,Medium quality,148188,13
cpsnj19_SemiBin_114,54.13,3.61,Medium quality,F,T,cpsnj19,30,Medium quality,303446,6
cpsnj19_SemiBin_117,56.37,2.42,Medium quality,F,T,cpsnj19,23,Medium quality,131224,7
cpsnj19_SemiBin_1181,51.18,9.58,Medium quality,F,T,cpsnj19,63,Medium quality,91927,19
cpsnj19_SemiBin_118,57.9,1.31,Medium quality,F,F,cpsnj19,5,Medium quality,852145,2
cpsnj19_SemiBin_11,88.95,3.74,Medium quality,F,T,cpsnj19,5,Medium quality,2803257,2
cpsnj19_SemiBin_120,59.98,0.67,Medium quality,F,F,cpsnj19,4,Medium quality,857624,2
cpsnj19_SemiBin_123,57.46,4.17,Medium quality,F,T,cpsnj19,34,Medium quality,193287,10
cpsnj19_SemiBin_124,85.71,0.25,Medium quality,F,T,cpsnj19,5,Medium quality,634897,2
cpsnj19_SemiBin_125,66.75,2.09,Medium quality,F,F,cpsnj19,20,Medium quality,366297,6
cpsnj19_SemiBin_126,52.24,0.53,Medium quality,F,T,cpsnj19,63,Medium quality,102221,16
cpsnj19_SemiBin_128,86.85,1.03,Medium quality,F,T,cpsnj19,8,Medium quality,577469,3
cpsnj19_SemiBin_12,95.39,0.08,High quality,T,F,cpsnj19,4,HQ-MIMAG,1021152,1
cpsnj19_SemiBin_130,87.81,0.96,Medium quality,F,F,cpsnj19,7,Medium quality,398060,3
cpsnj19_SemiBin_134,55.26,0.4,Medium quality,F,F,cpsnj19,1,Medium quality,3681769,1
cpsnj19_SemiBin_135,61.45,1.61,Medium quality,F,F,cpsnj19,5,Medium quality,1346385,2
cpsnj19_SemiBin_136,52.31,2.26,Medium quality,F,F,cpsnj19,14,Medium quality,359828,5
cpsnj19_SemiBin_139,82.75,5.39,Medium quality,F,F,cpsnj19,8,Medium quality,1914939,2
cpsnj19_SemiBin_13,93.44,1.64,High quality,T,T,cpsnj19,8,HQ-MIMAG,933890,2
cpsnj19_SemiBin_140,54.79,4.98,Medium quality,F,T,cpsnj19,65,Medium quality,125226,17
cpsnj19_SemiBin_142,58.58,1.37,Medium quality,F,T,cpsnj19,8,Medium quality,867183,2
cpsnj19_SemiBin_145,70.74,1.01,Medium quality,F,F,cpsnj19,11,Medium quality,367204,4
cpsnj19_SemiBin_146,50.37,0.53,Medium quality,F,F,cpsnj19,31,Medium quality,145310,8
cpsnj19_SemiBin_148,56.25,2.48,Medium quality,F,F,cpsnj19,8,Medium quality,328361,3
cpsnj19_SemiBin_14,89.62,0.02,Medium quality,F,T,cpsnj19,13,Medium quality,380720,4
cpsnj19_SemiBin_153,52.42,2.27,Medium quality,F,T,cpsnj19,16,Medium quality,267196,5
cpsnj19_SemiBin_15,90.99,0.38,High quality,T,T,cpsnj19,2,HQ-MIMAG,1895558,1
cpsnj19_SemiBin_160,83.45,0.29,Medium quality,F,T,cpsnj19,13,Medium quality,389949,4
cpsnj19_SemiBin_162,79.43,8.32,Medium quality,F,F,cpsnj19,22,Medium quality,462261,5
cpsnj19_SemiBin_166,54.65,1.14,Medium quality,F,F,cpsnj19,34,Medium quality,202786,8
cpsnj19_SemiBin_167,61.42,0.53,Medium quality,F,T,cpsnj19,51,Medium quality,214880,13
cpsnj19_SemiBin_169,66.38,3.65,Medium quality,F,T,cpsnj19,15,Medium quality,413496,4
cpsnj19_SemiBin_16,96.29,1.31,High quality,T,F,cpsnj19,9,HQ-MIMAG,1260156,2
cpsnj19_SemiBin_171,54.29,0,Medium quality,F,F,cpsnj19,10,Medium quality,743957,2
cpsnj19_SemiBin_179,51.53,1.98,Medium quality,F,F,cpsnj19,29,Medium quality,214417,10
cpsnj19_SemiBin_1817,57.69,7.51,Medium quality,F,T,cpsnj19,41,Medium quality,89038,12
cpsnj19_SemiBin_182,67.32,1.51,Medium quality,F,F,cpsnj19,14,Medium quality,394738,4
cpsnj19_SemiBin_189,62.28,0.5,Medium quality,F,T,cpsnj19,32,Medium quality,180143,9
cpsnj19_SemiBin_18,90.4,3.67,High quality,F,F,cpsnj19,24,High quality,346923,7
cpsnj19_SemiBin_190,56.37,2.42,Medium quality,F,T,cpsnj19,11,Medium quality,449781,4
cpsnj19_SemiBin_198,58.5,1.69,Medium quality,F,T,cpsnj19,29,Medium quality,257561,5
cpsnj19_SemiBin_199,76.61,7.79,Medium quality,F,F,cpsnj19,16,Medium quality,359719,5
cpsnj19_SemiBin_1,93.86,1.49,High quality,T,F,cpsnj19,9,HQ-MIMAG,399918,3
cpsnj19_SemiBin_20,95.68,3.4,High quality,T,F,cpsnj19,20,HQ-MIMAG,746813,4
cpsnj19_SemiBin_215,57.16,1.22,Medium quality,F,T,cpsnj19,18,Medium quality,164244,5
cpsnj19_SemiBin_21,96.16,2.28,High quality,T,F,cpsnj19,10,HQ-MIMAG,845269,2
cpsnj19_SemiBin_224,72.42,2.91,Medium quality,F,T,cpsnj19,26,Medium quality,300525,7
cpsnj19_SemiBin_22,91.3,2.56,High quality,T,T,cpsnj19,28,HQ-MIMAG,191421,5
cpsnj19_SemiBin_234,79.2,0.75,Medium quality,F,F,cpsnj19,8,Medium quality,831314,2
cpsnj19_SemiBin_23,88.64,0.3,Medium quality,F,T,cpsnj19,5,Medium quality,1008232,2
cpsnj19_SemiBin_242,79.29,4.87,Medium quality,F,F,cpsnj19,9,Medium quality,802743,4
cpsnj19_SemiBin_24,92.29,0.09,High quality,T,T,cpsnj19,11,HQ-MIMAG,1018964,2
cpsnj19_SemiBin_255,58.25,2.19,Medium quality,F,F,cpsnj19,15,Medium quality,303801,4
cpsnj19_SemiBin_257,58.97,1.49,Medium quality,F,T,cpsnj19,12,Medium quality,524114,4
cpsnj19_SemiBin_25,91.4,1.5,High quality,T,T,cpsnj19,10,HQ-MIMAG,448133,2
cpsnj19_SemiBin_26,97.11,1.73,High quality,T,F,cpsnj19,25,HQ-MIMAG,393823,5
cpsnj19_SemiBin_27,89.8,0.82,Medium quality,F,F,cpsnj19,6,Medium quality,597443,3
cpsnj19_SemiBin_28,86.31,4.44,Medium quality,F,F,cpsnj19,29,Medium quality,288163,8
cpsnj19_SemiBin_297,56.37,6.17,Medium quality,F,F,cpsnj19,29,Medium quality,203506,6
cpsnj19_SemiBin_29,90.94,0.09,High quality,T,T,cpsnj19,10,HQ-MIMAG,616062,3
cpsnj19_SemiBin_2,100,2.93,High quality,T,F,cpsnj19,13,HQ-MIMAG,734925,4
cpsnj19_SemiBin_307,51.72,4.73,Medium quality,F,T,cpsnj19,10,Medium quality,498558,4
cpsnj19_SemiBin_30,96.76,0.85,High quality,T,T,cpsnj19,14,HQ-MIMAG,466570,4
cpsnj19_SemiBin_310,84,0.23,Medium quality,F,T,cpsnj19,8,Medium quality,934104,3
cpsnj19_SemiBin_31,86,3.61,Medium quality,F,T,cpsnj19,17,Medium quality,663105,3
cpsnj19_SemiBin_33,92.68,0.62,High quality,F,F,cpsnj19,13,High quality,453972,4
cpsnj19_SemiBin_34,90.03,0.62,High quality,T,F,cpsnj19,18,HQ-MIMAG,420880,5
cpsnj19_SemiBin_35,89.93,8.26,Medium quality,F,T,cpsnj19,32,Medium quality,470569,9
cpsnj19_SemiBin_363,84.24,0.34,Medium quality,F,F,cpsnj19,10,Medium quality,217501,4
cpsnj19_SemiBin_36,94.41,6.74,Medium quality,F,T,cpsnj19,28,Medium quality,384680,8
cpsnj19_SemiBin_37,89.65,5.87,Medium quality,F,F,cpsnj19,29,Medium quality,331642,7
cpsnj19_SemiBin_38,86.59,3.13,Medium quality,F,T,cpsnj19,11,Medium quality,1006289,3
cpsnj19_SemiBin_39,88.46,1.93,Medium quality,F,F,cpsnj19,15,Medium quality,446724,3
cpsnj19_SemiBin_3,94.03,0.14,High quality,T,F,cpsnj19,2,HQ-MIMAG,3127048,1
cpsnj19_SemiBin_406,57.04,9.71,Medium quality,F,T,cpsnj19,20,Medium quality,508504,3
cpsnj19_SemiBin_40,88.99,8.24,Medium quality,F,F,cpsnj19,21,Medium quality,307441,6
cpsnj19_SemiBin_416,82.75,3.92,Medium quality,F,F,cpsnj19,16,Medium quality,593224,4
cpsnj19_SemiBin_41,86.47,0.61,Medium quality,F,T,cpsnj19,17,Medium quality,331659,5
cpsnj19_SemiBin_42,91.49,6.01,Medium quality,F,T,cpsnj19,28,Medium quality,333229,7
cpsnj19_SemiBin_43,82.49,8.28,Medium quality,F,F,cpsnj19,44,Medium quality,189678,9
cpsnj19_SemiBin_44,80.69,4.22,Medium quality,F,F,cpsnj19,12,Medium quality,322987,3
cpsnj19_SemiBin_45,77.88,3.51,Medium quality,F,T,cpsnj19,34,Medium quality,198647,10
cpsnj19_SemiBin_46,81.48,0.03,Medium quality,F,T,cpsnj19,9,Medium quality,853139,3
cpsnj19_SemiBin_47,84.22,2.86,Medium quality,F,F,cpsnj19,14,Medium quality,770822,3
cpsnj19_SemiBin_487,51.4,1.2,Medium quality,F,F,cpsnj19,28,Medium quality,189352,9
cpsnj19_SemiBin_48,74.2,1.86,Medium quality,F,F,cpsnj19,18,Medium quality,506375,3
cpsnj19_SemiBin_49,83.5,4.23,Medium quality,F,T,cpsnj19,15,Medium quality,319536,4
cpsnj19_SemiBin_4,93.67,8.15,Medium quality,F,F,cpsnj19,5,Medium quality,1467342,2
cpsnj19_SemiBin_50,82.56,2.04,Medium quality,F,T,cpsnj19,8,Medium quality,549967,2
cpsnj19_SemiBin_51,80.63,5.81,Medium quality,F,T,cpsnj19,37,Medium quality,262522,8
cpsnj19_SemiBin_522,65.14,4.13,Medium quality,F,F,cpsnj19,12,Medium quality,507495,3
cpsnj19_SemiBin_52,85.29,7.16,Medium quality,F,F,cpsnj19,15,Medium quality,587642,4
cpsnj19_SemiBin_53,74.04,4.09,Medium quality,F,F,cpsnj19,13,Medium quality,521776,5
cpsnj19_SemiBin_54,70.15,2.33,Medium quality,F,F,cpsnj19,14,Medium quality,335921,4
cpsnj19_SemiBin_55,80.97,2.42,Medium quality,F,F,cpsnj19,12,Medium quality,741465,4
cpsnj19_SemiBin_56,91.99,9.24,Medium quality,F,F,cpsnj19,18,Medium quality,438489,5
cpsnj19_SemiBin_57,79.52,1.47,Medium quality,F,T,cpsnj19,13,Medium quality,458108,4
cpsnj19_SemiBin_58,72.79,0.18,Medium quality,F,T,cpsnj19,2,Medium quality,1138627,1
cpsnj19_SemiBin_59,83.95,0.32,Medium quality,F,F,cpsnj19,19,Medium quality,245434,6
cpsnj19_SemiBin_5,95.16,0.84,High quality,T,T,cpsnj19,7,HQ-MIMAG,709064,3
cpsnj19_SemiBin_60,68.55,0.11,Medium quality,F,F,cpsnj19,44,Medium quality,133794,11
cpsnj19_SemiBin_61,81.21,2.05,Medium quality,F,T,cpsnj19,10,Medium quality,399640,3
cpsnj19_SemiBin_62,80.96,2.47,Medium quality,F,T,cpsnj19,15,Medium quality,429748,3
cpsnj19_SemiBin_63,71.17,0.19,Medium quality,F,F,cpsnj19,35,Medium quality,107299,10
cpsnj19_SemiBin_64,90.9,1.81,High quality,T,T,cpsnj19,11,HQ-MIMAG,557346,3
cpsnj19_SemiBin_65,73.33,0.63,Medium quality,F,T,cpsnj19,18,Medium quality,264213,5
cpsnj19_SemiBin_66,90.08,3.55,High quality,T,T,cpsnj19,9,HQ-MIMAG,1350879,2
cpsnj19_SemiBin_67,72.94,3.75,Medium quality,F,T,cpsnj19,26,Medium quality,302322,7
cpsnj19_SemiBin_685,64.1,4.41,Medium quality,F,T,cpsnj19,48,Medium quality,170716,11
cpsnj19_SemiBin_68,63.48,2.02,Medium quality,F,T,cpsnj19,20,Medium quality,179315,6
cpsnj19_SemiBin_69,64.64,5.69,Medium quality,F,T,cpsnj19,52,Medium quality,221363,15
cpsnj19_SemiBin_6,94.86,3.67,High quality,T,F,cpsnj19,16,HQ-MIMAG,523540,4
cpsnj19_SemiBin_70,64.52,3.04,Medium quality,F,T,cpsnj19,28,Medium quality,263574,8
cpsnj19_SemiBin_71,64.2,2.43,Medium quality,F,F,cpsnj19,30,Medium quality,775840,3
cpsnj19_SemiBin_72,69.65,0.33,Medium quality,F,F,cpsnj19,12,Medium quality,227640,4
cpsnj19_SemiBin_73,69.46,0.22,Medium quality,F,F,cpsnj19,16,Medium quality,226552,5
cpsnj19_SemiBin_74,62.49,2.16,Medium quality,F,T,cpsnj19,6,Medium quality,707934,2
cpsnj19_SemiBin_75,72.46,3.87,Medium quality,F,T,cpsnj19,15,Medium quality,404004,5
cpsnj19_SemiBin_76,94.72,0.26,High quality,T,F,cpsnj19,17,HQ-MIMAG,470550,4
cpsnj19_SemiBin_77,67.28,6.81,Medium quality,F,T,cpsnj19,49,Medium quality,144322,14
cpsnj19_SemiBin_78,62.02,0.12,Medium quality,F,T,cpsnj19,17,Medium quality,187766,4
cpsnj19_SemiBin_79,70.61,0.68,Medium quality,F,F,cpsnj19,15,Medium quality,198523,5
cpsnj19_SemiBin_7,84.44,2.63,Medium quality,F,F,cpsnj19,14,Medium quality,732986,2
cpsnj19_SemiBin_80,73.47,1.33,Medium quality,F,T,cpsnj19,27,Medium quality,290038,8
cpsnj19_SemiBin_810,56.22,3.03,Medium quality,F,F,cpsnj19,10,Medium quality,381995,2
cpsnj19_SemiBin_81,100,3.66,High quality,T,T,cpsnj19,5,HQ-MIMAG,1194760,2
cpsnj19_SemiBin_83,67.7,1.81,Medium quality,F,T,cpsnj19,11,Medium quality,246459,3
cpsnj19_SemiBin_84,70.35,6.6,Medium quality,F,T,cpsnj19,50,Medium quality,140310,12
cpsnj19_SemiBin_85,70.21,1.88,Medium quality,F,F,cpsnj19,38,Medium quality,233185,9
cpsnj19_SemiBin_88,60.01,2.05,Medium quality,F,F,cpsnj19,27,Medium quality,348475,4
cpsnj19_SemiBin_89,62.93,0.83,Medium quality,F,T,cpsnj19,18,Medium quality,222176,5
cpsnj19_SemiBin_8,100,3.71,High quality,T,F,cpsnj19,12,HQ-MIMAG,1031448,2
cpsnj19_SemiBin_90,87.35,1.32,Medium quality,F,T,cpsnj19,9,Medium quality,1116735,2
cpsnj19_SemiBin_91,58.69,0.85,Medium quality,F,T,cpsnj19,16,Medium quality,384992,4
cpsnj19_SemiBin_92,70.91,0.22,Medium quality,F,T,cpsnj19,22,Medium quality,288413,6
cpsnj19_SemiBin_93,70.66,3.08,Medium quality,F,F,cpsnj19,32,Medium quality,323935,7
cpsnj19_SemiBin_94,64.46,8.65,Medium quality,F,T,cpsnj19,49,Medium quality,79886,13
cpsnj19_SemiBin_95,59.14,2,Medium quality,F,F,cpsnj19,50,Medium quality,142740,14
cpsnj19_SemiBin_96,57.89,6.38,Medium quality,F,T,cpsnj19,26,Medium quality,213787,7
cpsnj19_SemiBin_97,53.34,0.56,Medium quality,F,T,cpsnj19,15,Medium quality,181467,4
cpsnj19_SemiBin_98,63.65,6.06,Medium quality,F,T,cpsnj19,35,Medium quality,241872,8
cpsnj19_SemiBin_99,78.36,5.1,Medium quality,F,T,cpsnj19,31,Medium quality,221125,8
cpsnj19_SemiBin_9,97.44,0.16,High quality,T,T,cpsnj19,4,HQ-MIMAG,1934267,1
cpsnj20_SemiBin_0,91.39,0.11,High quality,T,T,cpsnj20,1,HQ-MIMAG,3199249,1
cpsnj20_SemiBin_101,64.55,0.61,Medium quality,F,T,cpsnj20,13,Medium quality,406814,3
cpsnj20_SemiBin_102,59.37,1.1,Medium quality,F,T,cpsnj20,12,Medium quality,562338,3
cpsnj20_SemiBin_104,58.44,3.08,Medium quality,F,T,cpsnj20,46,Medium quality,153050,12
cpsnj20_SemiBin_105,60.11,8.09,Medium quality,F,T,cpsnj20,40,Medium quality,61661,11
cpsnj20_SemiBin_106,53.45,1.31,Medium quality,F,T,cpsnj20,12,Medium quality,233274,3
cpsnj20_SemiBin_109,72.92,0.52,Medium quality,F,T,cpsnj20,2,Medium quality,2692196,1
cpsnj20_SemiBin_10,95.07,0.96,High quality,T,T,cpsnj20,7,HQ-MIMAG,405641,3
cpsnj20_SemiBin_114,63.63,9.13,Medium quality,F,T,cpsnj20,72,Medium quality,91391,21
cpsnj20_SemiBin_116,69.25,0.55,Medium quality,F,F,cpsnj20,8,Medium quality,314721,3
cpsnj20_SemiBin_118,51.09,0.45,Medium quality,F,T,cpsnj20,21,Medium quality,102221,7
cpsnj20_SemiBin_119,55.59,3.53,Medium quality,F,T,cpsnj20,18,Medium quality,199846,5
cpsnj20_SemiBin_11,99.58,0.22,High quality,T,F,cpsnj20,19,HQ-MIMAG,604461,5
cpsnj20_SemiBin_121,55.98,2.93,Medium quality,F,T,cpsnj20,24,Medium quality,214970,6
cpsnj20_SemiBin_123,78.06,1.24,Medium quality,F,F,cpsnj20,23,Medium quality,352341,6
cpsnj20_SemiBin_125,58.35,5.1,Medium quality,F,F,cpsnj20,7,Medium quality,785638,2
cpsnj20_SemiBin_126,68.19,3.97,Medium quality,F,T,cpsnj20,9,Medium quality,662333,2
cpsnj20_SemiBin_129,50.49,1.31,Medium quality,F,T,cpsnj20,31,Medium quality,167747,7
cpsnj20_SemiBin_12,100,2.49,High quality,T,T,cpsnj20,1,HQ-MIMAG,4048374,1
cpsnj20_SemiBin_132,65.34,1.43,Medium quality,F,F,cpsnj20,27,Medium quality,256426,5
cpsnj20_SemiBin_135,67.19,2.07,Medium quality,F,T,cpsnj20,3,Medium quality,638442,2
cpsnj20_SemiBin_138,55.64,6.26,Medium quality,F,F,cpsnj20,27,Medium quality,148264,8
cpsnj20_SemiBin_13,99.83,2.68,High quality,T,T,cpsnj20,3,HQ-MIMAG,4022176,1
cpsnj20_SemiBin_148,71.41,5.97,Medium quality,F,T,cpsnj20,7,Medium quality,415324,3
cpsnj20_SemiBin_149,50.21,4.29,Medium quality,F,T,cpsnj20,35,Medium quality,95647,10
cpsnj20_SemiBin_14,94.92,6.35,Medium quality,F,F,cpsnj20,8,Medium quality,696894,3
cpsnj20_SemiBin_158,64.1,2.31,Medium quality,F,T,cpsnj20,16,Medium quality,285248,4
cpsnj20_SemiBin_15,96.11,0.86,High quality,T,T,cpsnj20,2,HQ-MIMAG,3182044,1
cpsnj20_SemiBin_1607,52.78,7.66,Medium quality,F,T,cpsnj20,22,Medium quality,85917,9
cpsnj20_SemiBin_1612,52.41,9.81,Medium quality,F,T,cpsnj20,59,Medium quality,88860,19
cpsnj20_SemiBin_163,51.65,6.31,Medium quality,F,T,cpsnj20,28,Medium quality,121052,10
cpsnj20_SemiBin_1646,61.11,8.8,Medium quality,F,T,cpsnj20,68,Medium quality,75521,19
cpsnj20_SemiBin_164,67.05,2.37,Medium quality,F,T,cpsnj20,10,Medium quality,359390,4
cpsnj20_SemiBin_169,62.01,0.83,Medium quality,F,F,cpsnj20,9,Medium quality,288791,3
cpsnj20_SemiBin_16,91.25,0.97,High quality,T,T,cpsnj20,6,HQ-MIMAG,1370334,2
cpsnj20_SemiBin_171,61.05,0.47,Medium quality,F,F,cpsnj20,7,Medium quality,456462,3
cpsnj20_SemiBin_172,53.28,0.88,Medium quality,F,T,cpsnj20,22,Medium quality,169746,6
cpsnj20_SemiBin_174,91.7,2.4,High quality,T,F,cpsnj20,8,HQ-MIMAG,618412,3
cpsnj20_SemiBin_17,94.47,0.01,High quality,F,F,cpsnj20,7,High quality,486749,2
cpsnj20_SemiBin_18,93.34,1.28,High quality,T,T,cpsnj20,12,HQ-MIMAG,658778,3
cpsnj20_SemiBin_195,50.11,1.04,Medium quality,F,T,cpsnj20,48,Medium quality,143359,15
cpsnj20_SemiBin_19,95.33,2.77,High quality,T,T,cpsnj20,17,HQ-MIMAG,526649,5
cpsnj20_SemiBin_1,99.99,0,High quality,T,T,cpsnj20,1,HQ-MIMAG,3535201,1
cpsnj20_SemiBin_200,58.71,0.81,Medium quality,F,T,cpsnj20,8,Medium quality,107897,2
cpsnj20_SemiBin_205,50.41,0.37,Medium quality,F,T,cpsnj20,8,Medium quality,420944,3
cpsnj20_SemiBin_207,57.67,5.24,Medium quality,F,T,cpsnj20,31,Medium quality,149117,9
cpsnj20_SemiBin_209,53.81,4.64,Medium quality,F,T,cpsnj20,25,Medium quality,131855,7
cpsnj20_SemiBin_20,87.95,2.23,Medium quality,F,T,cpsnj20,7,Medium quality,674274,2
cpsnj20_SemiBin_21,98.19,0.66,High quality,T,T,cpsnj20,7,HQ-MIMAG,1374169,2
cpsnj20_SemiBin_221,50.61,3.63,Medium quality,F,T,cpsnj20,23,Medium quality,233130,7
cpsnj20_SemiBin_222,51.6,1.76,Medium quality,F,F,cpsnj20,21,Medium quality,237712,5
cpsnj20_SemiBin_22,88.52,0.63,Medium quality,F,F,cpsnj20,1,Medium quality,1997102,1
cpsnj20_SemiBin_23,86.39,3.13,Medium quality,F,T,cpsnj20,13,Medium quality,581929,3
cpsnj20_SemiBin_24,81.47,0.06,Medium quality,F,T,cpsnj20,12,Medium quality,483246,3
cpsnj20_SemiBin_25,94.26,2.34,High quality,T,T,cpsnj20,5,HQ-MIMAG,729824,2
cpsnj20_SemiBin_26,98.14,7.38,Medium quality,F,T,cpsnj20,57,Medium quality,402960,8
cpsnj20_SemiBin_27,96.23,3.45,High quality,T,F,cpsnj20,10,HQ-MIMAG,788974,3
cpsnj20_SemiBin_28,83.18,0.37,Medium quality,F,T,cpsnj20,10,Medium quality,277686,3
cpsnj20_SemiBin_29,81.09,2.98,Medium quality,F,T,cpsnj20,13,Medium quality,229782,5
cpsnj20_SemiBin_2,100,0.95,High quality,T,T,cpsnj20,3,HQ-MIMAG,3055366,1
cpsnj20_SemiBin_301,84.41,0.03,Medium quality,F,F,cpsnj20,9,Medium quality,222456,3
cpsnj20_SemiBin_30,94.71,6.25,Medium quality,F,F,cpsnj20,17,Medium quality,730092,4
cpsnj20_SemiBin_31,93.97,6.57,Medium quality,F,T,cpsnj20,27,Medium quality,195664,7
cpsnj20_SemiBin_320,53.69,2.46,Medium quality,F,T,cpsnj20,15,Medium quality,290311,5
cpsnj20_SemiBin_32,95,5.08,Medium quality,F,T,cpsnj20,7,Medium quality,724828,2
cpsnj20_SemiBin_33,80.08,1.99,Medium quality,F,F,cpsnj20,10,Medium quality,306100,4
cpsnj20_SemiBin_34,94.18,6.72,Medium quality,F,T,cpsnj20,36,Medium quality,136966,9
cpsnj20_SemiBin_35,75.08,1.28,Medium quality,F,T,cpsnj20,7,Medium quality,572996,3
cpsnj20_SemiBin_36,88.98,8.5,Medium quality,F,T,cpsnj20,11,Medium quality,855697,3
cpsnj20_SemiBin_37,89.61,4.31,Medium quality,F,T,cpsnj20,11,Medium quality,481521,3
cpsnj20_SemiBin_38,96.43,1.13,High quality,T,T,cpsnj20,2,HQ-MIMAG,837316,1
cpsnj20_SemiBin_39,90.55,2.37,High quality,F,T,cpsnj20,15,High quality,519722,4
cpsnj20_SemiBin_3,89.36,2.09,Medium quality,F,T,cpsnj20,7,Medium quality,971235,2
cpsnj20_SemiBin_40,80.67,3.81,Medium quality,F,T,cpsnj20,28,Medium quality,204843,7
cpsnj20_SemiBin_41,90.73,0.29,High quality,T,T,cpsnj20,4,HQ-MIMAG,1613218,1
cpsnj20_SemiBin_42,77.39,0.28,Medium quality,F,F,cpsnj20,11,Medium quality,495587,4
cpsnj20_SemiBin_431,66.89,6.28,Medium quality,F,T,cpsnj20,13,Medium quality,469499,3
cpsnj20_SemiBin_436,54.71,1.67,Medium quality,F,T,cpsnj20,9,Medium quality,221785,3
cpsnj20_SemiBin_44,87.7,0.39,Medium quality,F,T,cpsnj20,10,Medium quality,988691,2
cpsnj20_SemiBin_45,76.58,1.71,Medium quality,F,T,cpsnj20,4,Medium quality,3163743,1
cpsnj20_SemiBin_46,77.21,0.37,Medium quality,F,T,cpsnj20,13,Medium quality,545470,3
cpsnj20_SemiBin_47,81.77,7.41,Medium quality,F,T,cpsnj20,18,Medium quality,445556,5
cpsnj20_SemiBin_48,54.01,5.64,Medium quality,F,T,cpsnj20,10,Medium quality,299713,4
cpsnj20_SemiBin_49,74.24,4.42,Medium quality,F,F,cpsnj20,14,Medium quality,552846,4
cpsnj20_SemiBin_4,100,1.13,High quality,T,T,cpsnj20,4,HQ-MIMAG,1693763,1
cpsnj20_SemiBin_51,76.32,0.2,Medium quality,F,T,cpsnj20,15,Medium quality,203976,4
cpsnj20_SemiBin_52,76.25,7.11,Medium quality,F,T,cpsnj20,19,Medium quality,421666,3
cpsnj20_SemiBin_53,85.52,2.99,Medium quality,F,F,cpsnj20,17,Medium quality,382387,5
cpsnj20_SemiBin_540,52.44,5.96,Medium quality,F,F,cpsnj20,38,Medium quality,219737,11
cpsnj20_SemiBin_554,74.32,8.72,Medium quality,F,T,cpsnj20,26,Medium quality,213070,8
cpsnj20_SemiBin_55,82.89,7.35,Medium quality,F,T,cpsnj20,17,Medium quality,519193,4
cpsnj20_SemiBin_56,72.33,2.03,Medium quality,F,T,cpsnj20,20,Medium quality,142057,6
cpsnj20_SemiBin_57,65.67,2.37,Medium quality,F,T,cpsnj20,29,Medium quality,179523,8
cpsnj20_SemiBin_59,75.25,2.94,Medium quality,F,F,cpsnj20,26,Medium quality,457239,6
cpsnj20_SemiBin_5,97.63,1.17,High quality,T,T,cpsnj20,7,HQ-MIMAG,953640,2
cpsnj20_SemiBin_60,73.32,2.91,Medium quality,F,T,cpsnj20,30,Medium quality,156614,9
cpsnj20_SemiBin_61,76.53,2.06,Medium quality,F,F,cpsnj20,16,Medium quality,321891,4
cpsnj20_SemiBin_62,65.39,0.74,Medium quality,F,T,cpsnj20,9,Medium quality,688771,2
cpsnj20_SemiBin_63,70.18,1.25,Medium quality,F,T,cpsnj20,8,Medium quality,526465,3
cpsnj20_SemiBin_64,90.69,3.97,High quality,F,T,cpsnj20,10,High quality,1422326,2
cpsnj20_SemiBin_65,64.23,0,Medium quality,F,T,cpsnj20,7,Medium quality,404583,3
cpsnj20_SemiBin_66,50.78,1.63,Medium quality,F,T,cpsnj20,33,Medium quality,141249,10
cpsnj20_SemiBin_67,93.86,4.12,High quality,T,T,cpsnj20,9,HQ-MIMAG,940340,2
cpsnj20_SemiBin_68,62.87,1.37,Medium quality,F,T,cpsnj20,12,Medium quality,244984,4
cpsnj20_SemiBin_69,67.1,1.81,Medium quality,F,T,cpsnj20,7,Medium quality,338056,3
cpsnj20_SemiBin_6,93.16,0.47,High quality,T,T,cpsnj20,2,HQ-MIMAG,1566144,1
cpsnj20_SemiBin_70,62.81,0.67,Medium quality,F,F,cpsnj20,20,Medium quality,332045,5
cpsnj20_SemiBin_71,91.72,6.51,Medium quality,F,F,cpsnj20,30,Medium quality,336258,8
cpsnj20_SemiBin_72,75.14,4.61,Medium quality,F,T,cpsnj20,21,Medium quality,210938,4
cpsnj20_SemiBin_73,84.52,0.93,Medium quality,F,T,cpsnj20,7,Medium quality,428525,1
cpsnj20_SemiBin_74,72.04,4.3,Medium quality,F,T,cpsnj20,38,Medium quality,173360,10
cpsnj20_SemiBin_75,90.24,1.42,High quality,T,T,cpsnj20,7,HQ-MIMAG,269709,2
cpsnj20_SemiBin_76,54.53,3.24,Medium quality,F,T,cpsnj20,29,Medium quality,258112,6
cpsnj20_SemiBin_774,52.36,9.12,Medium quality,F,T,cpsnj20,91,Medium quality,107972,18
cpsnj20_SemiBin_77,72.94,4.65,Medium quality,F,T,cpsnj20,18,Medium quality,326938,5
cpsnj20_SemiBin_78,74.61,4.26,Medium quality,F,T,cpsnj20,12,Medium quality,732932,3
cpsnj20_SemiBin_790,70.07,5.86,Medium quality,F,T,cpsnj20,16,Medium quality,303785,5
cpsnj20_SemiBin_79,65.8,5.48,Medium quality,F,T,cpsnj20,37,Medium quality,110830,13
cpsnj20_SemiBin_7,99.66,0.44,High quality,T,T,cpsnj20,2,HQ-MIMAG,2978115,1
cpsnj20_SemiBin_81,90.98,0.41,High quality,T,T,cpsnj20,15,HQ-MIMAG,391550,4
cpsnj20_SemiBin_82,52.01,0.97,Medium quality,F,T,cpsnj20,9,Medium quality,390555,3
cpsnj20_SemiBin_83,57.9,0.83,Medium quality,F,F,cpsnj20,23,Medium quality,142819,7
cpsnj20_SemiBin_84,66.92,1.03,Medium quality,F,F,cpsnj20,19,Medium quality,349365,5
cpsnj20_SemiBin_85,66.84,4.53,Medium quality,F,T,cpsnj20,17,Medium quality,275433,4
cpsnj20_SemiBin_86,54.32,0.17,Medium quality,F,T,cpsnj20,8,Medium quality,439831,3
cpsnj20_SemiBin_87,65.02,6.64,Medium quality,F,T,cpsnj20,57,Medium quality,100926,19
cpsnj20_SemiBin_88,70.9,2.2,Medium quality,F,F,cpsnj20,15,Medium quality,222573,4
cpsnj20_SemiBin_89,67.02,4.01,Medium quality,F,T,cpsnj20,29,Medium quality,337953,7
cpsnj20_SemiBin_8,99.51,0.13,High quality,T,T,cpsnj20,2,HQ-MIMAG,3334692,1
cpsnj20_SemiBin_90,66.55,0.38,Medium quality,F,T,cpsnj20,38,Medium quality,97380,12
cpsnj20_SemiBin_92,76.41,2.48,Medium quality,F,T,cpsnj20,7,Medium quality,213052,2
cpsnj20_SemiBin_93,68.62,6.24,Medium quality,F,T,cpsnj20,34,Medium quality,158351,12
cpsnj20_SemiBin_94,93.6,2.49,High quality,F,T,cpsnj20,10,High quality,640312,3
cpsnj20_SemiBin_95,53.96,2.36,Medium quality,F,T,cpsnj20,27,Medium quality,175055,8
cpsnj20_SemiBin_96,52.25,5.4,Medium quality,F,T,cpsnj20,21,Medium quality,170253,5
cpsnj20_SemiBin_99,61.8,1.2,Medium quality,F,T,cpsnj20,35,Medium quality,180096,10
cpsnj20_SemiBin_9,100,0.12,High quality,T,T,cpsnj20,2,HQ-MIMAG,3456996,1
sample10_SemiBin_0,99.51,0,High quality,T,T,sample10,4,HQ-MIMAG,2667304,1
sample10_SemiBin_100,77.04,5.91,Medium quality,F,F,sample10,17,Medium quality,387968,5
sample10_SemiBin_127,54.73,0.16,Medium quality,F,T,sample10,35,Medium quality,73139,10
sample10_SemiBin_133,81.5,3.02,Medium quality,F,T,sample10,26,Medium quality,310019,8
sample10_SemiBin_135,72.54,2.14,Medium quality,F,T,sample10,9,Medium quality,656401,2
sample10_SemiBin_136,53.97,3.18,Medium quality,F,F,sample10,62,Medium quality,117037,18
sample10_SemiBin_13,88.74,0.15,Medium quality,F,T,sample10,9,Medium quality,582326,3
sample10_SemiBin_142,53.4,1.23,Medium quality,F,T,sample10,6,Medium quality,440711,3
sample10_SemiBin_153,55.59,0.42,Medium quality,F,F,sample10,16,Medium quality,202293,5
sample10_SemiBin_155,58.55,2.92,Medium quality,F,F,sample10,24,Medium quality,103577,8
sample10_SemiBin_156,58.98,0.14,Medium quality,F,F,sample10,23,Medium quality,212534,5
sample10_SemiBin_165,54.13,3.47,Medium quality,F,F,sample10,64,Medium quality,151488,14
sample10_SemiBin_175,64.35,3.43,Medium quality,F,F,sample10,18,Medium quality,234046,5
sample10_SemiBin_17,98.06,3.17,High quality,T,F,sample10,13,HQ-MIMAG,479066,4
sample10_SemiBin_180,65.94,6.1,Medium quality,F,T,sample10,29,Medium quality,191801,7
sample10_SemiBin_197,54.27,1.05,Medium quality,F,F,sample10,6,Medium quality,322592,2
sample10_SemiBin_1,99.86,0.4,High quality,T,F,sample10,11,HQ-MIMAG,574870,3
sample10_SemiBin_211,56.54,1.95,Medium quality,F,F,sample10,43,Medium quality,98817,12
sample10_SemiBin_230,56.35,9.42,Medium quality,F,T,sample10,46,Medium quality,34130,13
sample10_SemiBin_231,52.75,5.93,Medium quality,F,F,sample10,117,Medium quality,40141,28
sample10_SemiBin_286,61.3,9.8,Medium quality,F,F,sample10,8,Medium quality,391003,3
sample10_SemiBin_28,94.43,3.21,High quality,T,F,sample10,19,HQ-MIMAG,380462,6
sample10_SemiBin_309,61.28,9.4,Medium quality,F,T,sample10,76,Medium quality,27827,21
sample10_SemiBin_30,86.61,0.5,Medium quality,F,F,sample10,11,Medium quality,735749,4
sample10_SemiBin_320,73.63,0.31,Medium quality,F,F,sample10,25,Medium quality,118808,7
sample10_SemiBin_34,84.11,0.12,Medium quality,F,T,sample10,29,Medium quality,149894,7
sample10_SemiBin_36,87.2,5.27,Medium quality,F,F,sample10,30,Medium quality,143953,7
sample10_SemiBin_37,90.3,0.94,High quality,T,F,sample10,20,HQ-MIMAG,185535,6
sample10_SemiBin_40,91.15,1.57,High quality,T,F,sample10,20,HQ-MIMAG,197050,6
sample10_SemiBin_41,61.3,9.66,Medium quality,F,F,sample10,8,Medium quality,404453,3
sample10_SemiBin_43,98.19,6.88,Medium quality,F,T,sample10,34,Medium quality,410745,7
sample10_SemiBin_44,91.54,0.97,High quality,F,T,sample10,10,High quality,582021,3
sample10_SemiBin_4,99.38,2.11,High quality,T,F,sample10,16,HQ-MIMAG,631297,3
sample10_SemiBin_53,76,4.28,Medium quality,F,F,sample10,28,Medium quality,243149,7
sample10_SemiBin_54,83.79,0,Medium quality,F,T,sample10,11,Medium quality,316256,4
sample10_SemiBin_56,76.61,1.48,Medium quality,F,F,sample10,6,Medium quality,731906,2
sample10_SemiBin_57,83.82,1.2,Medium quality,F,T,sample10,14,Medium quality,400651,4
sample10_SemiBin_58,74.43,0.68,Medium quality,F,T,sample10,15,Medium quality,351690,4
sample10_SemiBin_59,77.42,0,Medium quality,F,F,sample10,7,Medium quality,633397,3
sample10_SemiBin_62,78.58,0.61,Medium quality,F,F,sample10,32,Medium quality,216086,8
sample10_SemiBin_63,94.19,9.26,Medium quality,F,F,sample10,77,Medium quality,145887,17
sample10_SemiBin_66,82.53,8.34,Medium quality,F,F,sample10,33,Medium quality,225935,8
sample10_SemiBin_70,71.56,1.8,Medium quality,F,T,sample10,37,Medium quality,179315,9
sample10_SemiBin_7,94.18,2.02,High quality,T,F,sample10,28,HQ-MIMAG,221480,7
sample10_SemiBin_80,78.05,0.65,Medium quality,F,T,sample10,22,Medium quality,218767,8
sample10_SemiBin_83,59.07,3.46,Medium quality,F,F,sample10,86,Medium quality,98564,23
sample10_SemiBin_84,61.3,9.72,Medium quality,F,F,sample10,36,Medium quality,85374,10
sample10_SemiBin_85,74.2,0.23,Medium quality,F,F,sample10,18,Medium quality,341397,4
sample10_SemiBin_86,66.89,0.65,Medium quality,F,T,sample10,38,Medium quality,115725,12
sample10_SemiBin_90,63.33,2.65,Medium quality,F,T,sample10,59,Medium quality,95498,16
sample10_SemiBin_94,63.75,3.06,Medium quality,F,F,sample10,38,Medium quality,87992,12
sample10_SemiBin_98,68.23,4.94,Medium quality,F,F,sample10,26,Medium quality,175617,8
sample10_SemiBin_99,53.82,1.57,Medium quality,F,T,sample10,23,Medium quality,134418,7
sample10_SemiBin_9,94.15,5.56,Medium quality,F,T,sample10,2,Medium quality,12114633,1
sample11_SemiBin_0,99.69,0.29,High quality,T,F,sample11,5,HQ-MIMAG,2197248,1
sample11_SemiBin_101,68.93,3.16,Medium quality,F,F,sample11,42,Medium quality,166670,9
sample11_SemiBin_103,70.33,5.42,Medium quality,F,T,sample11,25,Medium quality,249138,7
sample11_SemiBin_106,52.61,0.53,Medium quality,F,T,sample11,14,Medium quality,52256,4
sample11_SemiBin_10,83.14,1.05,Medium quality,F,T,sample11,33,Medium quality,104035,7
sample11_SemiBin_112,57.84,3.3,Medium quality,F,F,sample11,17,Medium quality,169020,5
sample11_SemiBin_117,58.2,1.71,Medium quality,F,T,sample11,51,Medium quality,78998,15
sample11_SemiBin_11,89.77,4.16,Medium quality,F,F,sample11,21,Medium quality,394517,4
sample11_SemiBin_122,58.68,2.63,Medium quality,F,F,sample11,33,Medium quality,89819,9
sample11_SemiBin_125,54.85,3.33,Medium quality,F,T,sample11,45,Medium quality,152689,14
sample11_SemiBin_12,90.36,5.06,Medium quality,F,T,sample11,23,Medium quality,401187,6
sample11_SemiBin_130,51.61,0.55,Medium quality,F,T,sample11,20,Medium quality,160857,6
sample11_SemiBin_140,61.3,9.69,Medium quality,F,F,sample11,27,Medium quality,78435,8
sample11_SemiBin_14,85.93,0.59,Medium quality,F,F,sample11,10,Medium quality,564406,3
sample11_SemiBin_15,94.88,0,High quality,T,T,sample11,1,HQ-MIMAG,986178,1
sample11_SemiBin_1625,55.32,7.6,Medium quality,F,T,sample11,50,Medium quality,67830,15
sample11_SemiBin_164,60.05,3.18,Medium quality,F,F,sample11,23,Medium quality,230924,6
sample11_SemiBin_16,92.88,4.11,High quality,F,F,sample11,12,High quality,618522,4
sample11_SemiBin_196,97.02,0.21,High quality,F,F,sample11,4,High quality,594013,2
sample11_SemiBin_19,82.22,1.27,Medium quality,F,F,sample11,9,Medium quality,859342,2
sample11_SemiBin_20,91.47,0.02,High quality,T,T,sample11,21,HQ-MIMAG,440876,4
sample11_SemiBin_217,96.15,0.83,High quality,F,F,sample11,9,High quality,712534,2
sample11_SemiBin_21,79.39,0.55,Medium quality,F,F,sample11,10,Medium quality,531340,3
sample11_SemiBin_22,70.5,1.31,Medium quality,F,T,sample11,18,Medium quality,172186,6
sample11_SemiBin_23,73.93,2.73,Medium quality,F,T,sample11,19,Medium quality,239570,7
sample11_SemiBin_24,68.9,0.86,Medium quality,F,T,sample11,23,Medium quality,171786,7
sample11_SemiBin_25,75.84,0.13,Medium quality,F,T,sample11,51,Medium quality,143448,11
sample11_SemiBin_26,72.97,0.94,Medium quality,F,T,sample11,13,Medium quality,338072,4
sample11_SemiBin_27,83.95,2.5,Medium quality,F,F,sample11,46,Medium quality,244646,10
sample11_SemiBin_29,76.17,0.07,Medium quality,F,T,sample11,19,Medium quality,167435,6
sample11_SemiBin_2,88.67,3.96,Medium quality,F,F,sample11,27,Medium quality,319477,5
sample11_SemiBin_31,85.76,9.52,Medium quality,F,F,sample11,70,Medium quality,280160,7
sample11_SemiBin_32,74.74,3.35,Medium quality,F,T,sample11,21,Medium quality,245351,6
sample11_SemiBin_33,63.73,1.33,Medium quality,F,F,sample11,47,Medium quality,99777,12
sample11_SemiBin_38,100,0.14,High quality,F,F,sample11,8,High quality,627913,2
sample11_SemiBin_39,82.87,4.78,Medium quality,F,F,sample11,27,Medium quality,233499,6
sample11_SemiBin_3,97.44,1.9,High quality,T,T,sample11,13,HQ-MIMAG,346295,4
sample11_SemiBin_42,68.92,5.64,Medium quality,F,F,sample11,26,Medium quality,194957,7
sample11_SemiBin_45,66.65,2.75,Medium quality,F,T,sample11,49,Medium quality,79689,17
sample11_SemiBin_46,65.73,3.79,Medium quality,F,T,sample11,25,Medium quality,151992,8
sample11_SemiBin_47,63.82,2.64,Medium quality,F,T,sample11,19,Medium quality,200856,6
sample11_SemiBin_49,70.18,2.98,Medium quality,F,F,sample11,13,Medium quality,513471,3
sample11_SemiBin_4,99.97,0.94,High quality,F,F,sample11,2,High quality,1895771,1
sample11_SemiBin_50,92.61,6.09,Medium quality,F,F,sample11,19,Medium quality,243754,5
sample11_SemiBin_51,67.63,5.65,Medium quality,F,F,sample11,37,Medium quality,118625,8
sample11_SemiBin_52,62.8,1.76,Medium quality,F,T,sample11,36,Medium quality,176316,10
sample11_SemiBin_54,67.96,1.4,Medium quality,F,T,sample11,20,Medium quality,194979,6
sample11_SemiBin_55,77.77,5.92,Medium quality,F,T,sample11,33,Medium quality,212629,8
sample11_SemiBin_5,96.52,0.27,High quality,T,T,sample11,14,HQ-MIMAG,718059,3
sample11_SemiBin_61,53.05,5.12,Medium quality,F,T,sample11,79,Medium quality,131792,17
sample11_SemiBin_63,51.49,1.35,Medium quality,F,F,sample11,30,Medium quality,113648,9
sample11_SemiBin_64,89.48,0.43,Medium quality,F,T,sample11,12,Medium quality,366955,3
sample11_SemiBin_65,84.3,1.87,Medium quality,F,F,sample11,15,Medium quality,784361,3
sample11_SemiBin_67,87.41,3.75,Medium quality,F,T,sample11,26,Medium quality,456642,5
sample11_SemiBin_69,64.12,1.47,Medium quality,F,F,sample11,20,Medium quality,184836,5
sample11_SemiBin_6,86.42,0.75,Medium quality,F,F,sample11,2,Medium quality,1717310,1
sample11_SemiBin_73,63.65,3.87,Medium quality,F,T,sample11,42,Medium quality,111548,11
sample11_SemiBin_74,66.76,3.49,Medium quality,F,F,sample11,24,Medium quality,143528,8
sample11_SemiBin_75,57.43,8.48,Medium quality,F,T,sample11,45,Medium quality,108700,11
sample11_SemiBin_76,80.16,6.44,Medium quality,F,F,sample11,38,Medium quality,152801,11
sample11_SemiBin_79,54.68,0.08,Medium quality,F,T,sample11,18,Medium quality,134216,4
sample11_SemiBin_82,69.64,5.91,Medium quality,F,F,sample11,18,Medium quality,307964,5
sample11_SemiBin_87,70.11,1.87,Medium quality,F,T,sample11,62,Medium quality,102061,15
sample11_SemiBin_88,50.59,1.24,Medium quality,F,F,sample11,7,Medium quality,292680,3
sample11_SemiBin_89,76.9,1.14,Medium quality,F,F,sample11,28,Medium quality,158053,6
sample11_SemiBin_8,91.11,2.98,High quality,F,F,sample11,29,High quality,288213,7
sample11_SemiBin_90,61.3,9.67,Medium quality,F,F,sample11,29,Medium quality,84234,9
sample11_SemiBin_911,51.53,9.91,Medium quality,F,T,sample11,55,Medium quality,108503,13
sample11_SemiBin_99,64.68,1.39,Medium quality,F,T,sample11,44,Medium quality,91542,12
sample11_SemiBin_9,93.65,9.61,Medium quality,F,T,sample11,32,Medium quality,198961,5
sample12_SemiBin_0,98.43,3.3,High quality,T,F,sample12,6,HQ-MIMAG,640137,3
sample12_SemiBin_101,50.3,6.24,Medium quality,F,T,sample12,87,Medium quality,43423,25
sample12_SemiBin_10,69.79,3.44,Medium quality,F,T,sample12,13,Medium quality,287712,3
sample12_SemiBin_1163,52.93,7.97,Medium quality,F,T,sample12,53,Medium quality,104786,16
sample12_SemiBin_1168,50.88,8.18,Medium quality,F,T,sample12,133,Medium quality,69822,36
sample12_SemiBin_11,79.78,2.19,Medium quality,F,F,sample12,49,Medium quality,130046,14
sample12_SemiBin_1225,52.16,9.31,Medium quality,F,T,sample12,74,Medium quality,96394,21
sample12_SemiBin_127,58.25,3.07,Medium quality,F,F,sample12,10,Medium quality,246526,4
sample12_SemiBin_12,92.53,1.2,High quality,T,T,sample12,14,HQ-MIMAG,387488,3
sample12_SemiBin_13,75.37,5.83,Medium quality,F,T,sample12,47,Medium quality,281943,8
sample12_SemiBin_14,71.71,0.77,Medium quality,F,F,sample12,18,Medium quality,247475,4
sample12_SemiBin_156,97.17,0.22,High quality,F,F,sample12,3,High quality,1127256,1
sample12_SemiBin_158,99.54,1.74,High quality,F,F,sample12,7,High quality,461558,2
sample12_SemiBin_15,67.63,0.66,Medium quality,F,F,sample12,22,Medium quality,246102,5
sample12_SemiBin_16,82.33,4.01,Medium quality,F,F,sample12,24,Medium quality,276670,6
sample12_SemiBin_17,73.67,3.11,Medium quality,F,F,sample12,43,Medium quality,107026,14
sample12_SemiBin_18,73.64,3.95,Medium quality,F,T,sample12,52,Medium quality,142568,8
sample12_SemiBin_19,72.11,2.03,Medium quality,F,T,sample12,22,Medium quality,278031,7
sample12_SemiBin_20,72.9,2.52,Medium quality,F,F,sample12,26,Medium quality,307791,5
sample12_SemiBin_21,81.6,0.46,Medium quality,F,F,sample12,7,Medium quality,187959,3
sample12_SemiBin_22,86.67,1.45,Medium quality,F,F,sample12,7,Medium quality,615760,2
sample12_SemiBin_24,59.58,5.89,Medium quality,F,F,sample12,52,Medium quality,58317,15
sample12_SemiBin_25,67.65,3.87,Medium quality,F,F,sample12,13,Medium quality,450194,4
sample12_SemiBin_26,62.5,0.73,Medium quality,F,T,sample12,4,Medium quality,519119,2
sample12_SemiBin_27,61.24,3.48,Medium quality,F,T,sample12,35,Medium quality,136095,11
sample12_SemiBin_28,58.22,2.48,Medium quality,F,T,sample12,61,Medium quality,105580,17
sample12_SemiBin_29,55.07,1.14,Medium quality,F,F,sample12,23,Medium quality,183203,6
sample12_SemiBin_2,95.09,2.58,High quality,F,F,sample12,9,High quality,657717,2
sample12_SemiBin_31,58.98,1.05,Medium quality,F,F,sample12,21,Medium quality,131601,5
sample12_SemiBin_32,59.84,3,Medium quality,F,F,sample12,43,Medium quality,78445,12
sample12_SemiBin_33,59.72,3.01,Medium quality,F,T,sample12,38,Medium quality,102693,11
sample12_SemiBin_34,54.66,0,Medium quality,F,F,sample12,12,Medium quality,208359,4
sample12_SemiBin_37,84.36,0.32,Medium quality,F,F,sample12,19,Medium quality,133781,5
sample12_SemiBin_38,72.14,5.98,Medium quality,F,F,sample12,19,Medium quality,204048,5
sample12_SemiBin_39,66.51,0.73,Medium quality,F,F,sample12,14,Medium quality,248201,4
sample12_SemiBin_3,94.51,0.12,High quality,T,F,sample12,12,HQ-MIMAG,742581,3
sample12_SemiBin_40,79.72,1.33,Medium quality,F,F,sample12,14,Medium quality,333282,4
sample12_SemiBin_41,54.29,0.24,Medium quality,F,T,sample12,45,Medium quality,101495,15
sample12_SemiBin_42,58.61,2.71,Medium quality,F,F,sample12,39,Medium quality,148102,11
sample12_SemiBin_43,88.91,2.61,Medium quality,F,F,sample12,20,Medium quality,370804,5
sample12_SemiBin_44,92.86,8.08,Medium quality,F,T,sample12,25,Medium quality,388887,5
sample12_SemiBin_46,64.84,2.52,Medium quality,F,F,sample12,11,Medium quality,371929,3
sample12_SemiBin_47,56.75,5.53,Medium quality,F,T,sample12,37,Medium quality,68975,11
sample12_SemiBin_48,78.25,0.91,Medium quality,F,T,sample12,37,Medium quality,164349,10
sample12_SemiBin_49,53.94,2.83,Medium quality,F,F,sample12,15,Medium quality,227113,5
sample12_SemiBin_4,93.82,2.68,High quality,T,F,sample12,11,HQ-MIMAG,631895,4
sample12_SemiBin_504,51.39,6.35,Medium quality,F,T,sample12,26,Medium quality,182015,8
sample12_SemiBin_50,62.27,5.35,Medium quality,F,T,sample12,38,Medium quality,145184,8
sample12_SemiBin_546,60.82,8.53,Medium quality,F,T,sample12,29,Medium quality,257892,7
sample12_SemiBin_54,65.27,3.93,Medium quality,F,T,sample12,45,Medium quality,160213,11
sample12_SemiBin_57,52.7,1.34,Medium quality,F,T,sample12,39,Medium quality,103105,12
sample12_SemiBin_5,84.59,1.74,Medium quality,F,F,sample12,14,Medium quality,192836,5
sample12_SemiBin_61,53.26,0.58,Medium quality,F,T,sample12,34,Medium quality,204276,8
sample12_SemiBin_64,62.12,4.76,Medium quality,F,T,sample12,24,Medium quality,275851,6
sample12_SemiBin_65,70.05,2.29,Medium quality,F,T,sample12,29,Medium quality,290189,7
sample12_SemiBin_6,86.35,3.38,Medium quality,F,F,sample12,30,Medium quality,241069,6
sample12_SemiBin_72,71.89,7.13,Medium quality,F,T,sample12,31,Medium quality,334158,8
sample12_SemiBin_73,59.74,0.36,Medium quality,F,T,sample12,50,Medium quality,107500,14
sample12_SemiBin_76,58.61,2.28,Medium quality,F,T,sample12,40,Medium quality,118587,11
sample12_SemiBin_7,76.6,7.58,Medium quality,F,F,sample12,15,Medium quality,265031,3
sample12_SemiBin_83,51.83,3.64,Medium quality,F,F,sample12,39,Medium quality,205771,7
sample12_SemiBin_8,81.49,3.88,Medium quality,F,F,sample12,52,Medium quality,137848,14
sample12_SemiBin_92,65.86,0.51,Medium quality,F,T,sample12,32,Medium quality,190590,7
sample12_SemiBin_9,71.62,3.84,Medium quality,F,T,sample12,11,Medium quality,735291,4
sample13_SemiBin_0,93.96,0.67,High quality,T,T,sample13,12,HQ-MIMAG,428186,4
sample13_SemiBin_100,69.26,4.51,Medium quality,F,T,sample13,62,Medium quality,104168,17
sample13_SemiBin_101,70.76,1.71,Medium quality,F,F,sample13,21,Medium quality,215900,7
sample13_SemiBin_1023,67.93,9.83,Medium quality,F,T,sample13,44,Medium quality,148541,11
sample13_SemiBin_102,54.14,4.19,Medium quality,F,T,sample13,51,Medium quality,137305,9
sample13_SemiBin_104,61.3,0.63,Medium quality,F,F,sample13,24,Medium quality,268915,6
sample13_SemiBin_106,79.53,4.77,Medium quality,F,T,sample13,9,Medium quality,661324,2
sample13_SemiBin_107,63.95,2.83,Medium quality,F,T,sample13,30,Medium quality,166349,8
sample13_SemiBin_1085,64.51,8.02,Medium quality,F,T,sample13,36,Medium quality,167349,11
sample13_SemiBin_108,63.62,3.64,Medium quality,F,T,sample13,38,Medium quality,98587,9
sample13_SemiBin_109,55.59,0.36,Medium quality,F,T,sample13,29,Medium quality,116052,10
sample13_SemiBin_10,100,0.72,High quality,T,T,sample13,15,HQ-MIMAG,570701,4
sample13_SemiBin_110,63.16,0.73,Medium quality,F,F,sample13,42,Medium quality,78691,13
sample13_SemiBin_111,62.24,3.79,Medium quality,F,F,sample13,35,Medium quality,109498,10
sample13_SemiBin_112,92.94,0.17,High quality,F,F,sample13,17,High quality,329320,4
sample13_SemiBin_113,77.82,9.53,Medium quality,F,F,sample13,47,Medium quality,164175,13
sample13_SemiBin_114,55.39,7.43,Medium quality,F,T,sample13,132,Medium quality,42167,37
sample13_SemiBin_115,61.72,0.98,Medium quality,F,T,sample13,44,Medium quality,164417,13
sample13_SemiBin_1162,55.44,4.61,Medium quality,F,T,sample13,41,Medium quality,135703,12
sample13_SemiBin_117,60.13,1.35,Medium quality,F,T,sample13,21,Medium quality,266361,6
sample13_SemiBin_118,55.43,7.82,Medium quality,F,F,sample13,1,Medium quality,1874562,1
sample13_SemiBin_11,96.37,0.02,High quality,F,F,sample13,6,High quality,935125,2
sample13_SemiBin_120,88.5,0.48,Medium quality,F,F,sample13,23,Medium quality,319718,7
sample13_SemiBin_121,59.65,1.84,Medium quality,F,T,sample13,15,Medium quality,200636,5
sample13_SemiBin_122,51.63,5.07,Medium quality,F,T,sample13,43,Medium quality,102723,11
sample13_SemiBin_123,52.14,1.83,Medium quality,F,T,sample13,87,Medium quality,48606,24
sample13_SemiBin_124,83.99,8.39,Medium quality,F,T,sample13,48,Medium quality,176012,10
sample13_SemiBin_125,65.63,3.4,Medium quality,F,F,sample13,32,Medium quality,269720,7
sample13_SemiBin_126,59.91,0.63,Medium quality,F,T,sample13,50,Medium quality,149878,14
sample13_SemiBin_127,74.78,2.16,Medium quality,F,T,sample13,83,Medium quality,169506,21
sample13_SemiBin_12,96.5,0.74,High quality,T,T,sample13,7,HQ-MIMAG,1266837,2
sample13_SemiBin_130,53.14,0.01,Medium quality,F,F,sample13,2,Medium quality,1198738,1
sample13_SemiBin_131,65.82,2.67,Medium quality,F,T,sample13,42,Medium quality,89956,10
sample13_SemiBin_133,66.11,3.21,Medium quality,F,T,sample13,33,Medium quality,165487,7
sample13_SemiBin_137,52.64,0.04,Medium quality,F,T,sample13,13,Medium quality,359995,4
sample13_SemiBin_139,62.44,1.23,Medium quality,F,T,sample13,59,Medium quality,112018,18
sample13_SemiBin_13,94.12,2.05,High quality,T,T,sample13,11,HQ-MIMAG,440173,3
sample13_SemiBin_140,53.33,1.22,Medium quality,F,T,sample13,65,Medium quality,90993,19
sample13_SemiBin_141,68.05,5.44,Medium quality,F,F,sample13,43,Medium quality,113705,12
sample13_SemiBin_142,81.1,1.8,Medium quality,F,F,sample13,15,Medium quality,941313,3
sample13_SemiBin_145,61.64,0.07,Medium quality,F,F,sample13,3,Medium quality,1286955,1
sample13_SemiBin_146,76.32,8.11,Medium quality,F,F,sample13,33,Medium quality,225157,6
sample13_SemiBin_147,62.5,0.4,Medium quality,F,F,sample13,19,Medium quality,154964,6
sample13_SemiBin_148,65.96,2.81,Medium quality,F,T,sample13,27,Medium quality,281211,8
sample13_SemiBin_14,100,0.86,High quality,T,T,sample13,6,HQ-MIMAG,1043097,2
sample13_SemiBin_151,50.31,0.59,Medium quality,F,F,sample13,24,Medium quality,76093,8
sample13_SemiBin_153,59.3,8.34,Medium quality,F,T,sample13,56,Medium quality,172228,15
sample13_SemiBin_154,59.99,9.25,Medium quality,F,T,sample13,90,Medium quality,49475,24
sample13_SemiBin_156,71.82,1.26,Medium quality,F,F,sample13,23,Medium quality,187869,6
sample13_SemiBin_157,60.34,4.21,Medium quality,F,T,sample13,13,Medium quality,374733,4
sample13_SemiBin_158,58.09,6.68,Medium quality,F,F,sample13,78,Medium quality,72888,22
sample13_SemiBin_1590,52.25,6.05,Medium quality,F,T,sample13,85,Medium quality,39231,25
sample13_SemiBin_1592,68.02,7.49,Medium quality,F,T,sample13,53,Medium quality,99049,16
sample13_SemiBin_1597,59.64,8.23,Medium quality,F,T,sample13,78,Medium quality,63048,21
sample13_SemiBin_159,58.15,3.82,Medium quality,F,F,sample13,43,Medium quality,147747,10
sample13_SemiBin_15,89.03,0.45,Medium quality,F,T,sample13,6,Medium quality,418865,3
sample13_SemiBin_1619,57.67,3.37,Medium quality,F,T,sample13,50,Medium quality,58161,13
sample13_SemiBin_163,79.11,0.53,Medium quality,F,T,sample13,12,Medium quality,646307,3
sample13_SemiBin_165,51.61,0.23,Medium quality,F,F,sample13,33,Medium quality,140018,9
sample13_SemiBin_169,73,2.23,Medium quality,F,F,sample13,21,Medium quality,160219,6
sample13_SemiBin_16,92.89,2.35,High quality,T,F,sample13,17,HQ-MIMAG,277189,4
sample13_SemiBin_172,50.43,0.02,Medium quality,F,F,sample13,31,Medium quality,120120,9
sample13_SemiBin_173,69.99,0.51,Medium quality,F,T,sample13,19,Medium quality,315429,6
sample13_SemiBin_176,52.56,0.74,Medium quality,F,F,sample13,38,Medium quality,164782,9
sample13_SemiBin_179,65.17,0.55,Medium quality,F,T,sample13,16,Medium quality,277590,5
sample13_SemiBin_17,89.88,0.12,Medium quality,F,T,sample13,4,Medium quality,2073562,2
sample13_SemiBin_182,56.93,0.01,Medium quality,F,T,sample13,10,Medium quality,252028,3
sample13_SemiBin_184,55.65,4.07,Medium quality,F,T,sample13,23,Medium quality,237242,5
sample13_SemiBin_188,60.7,0.3,Medium quality,F,F,sample13,21,Medium quality,214979,6
sample13_SemiBin_18,88.16,1.08,Medium quality,F,F,sample13,12,Medium quality,872144,3
sample13_SemiBin_191,72.14,6,Medium quality,F,T,sample13,33,Medium quality,212018,9
sample13_SemiBin_194,72.31,1.15,Medium quality,F,F,sample13,7,Medium quality,701335,2
sample13_SemiBin_197,54.53,4.76,Medium quality,F,T,sample13,57,Medium quality,138675,14
sample13_SemiBin_19,90.01,1.7,High quality,T,F,sample13,6,HQ-MIMAG,987312,2
sample13_SemiBin_1,99.88,0.17,High quality,T,T,sample13,11,HQ-MIMAG,360803,4
sample13_SemiBin_202,63.01,1.06,Medium quality,F,F,sample13,15,Medium quality,294953,5
sample13_SemiBin_203,59.71,1.49,Medium quality,F,F,sample13,41,Medium quality,160513,8
sample13_SemiBin_206,55.85,2.22,Medium quality,F,F,sample13,18,Medium quality,235280,6
sample13_SemiBin_20,94.59,0.29,High quality,T,T,sample13,9,HQ-MIMAG,1400836,2
sample13_SemiBin_211,64.67,1.04,Medium quality,F,F,sample13,36,Medium quality,132788,11
sample13_SemiBin_215,58.63,2.97,Medium quality,F,F,sample13,22,Medium quality,197866,6
sample13_SemiBin_216,54.64,2.35,Medium quality,F,T,sample13,81,Medium quality,122548,18
sample13_SemiBin_217,57.15,4.01,Medium quality,F,T,sample13,50,Medium quality,91290,13
sample13_SemiBin_21,97.94,0.87,High quality,T,F,sample13,6,HQ-MIMAG,633291,3
sample13_SemiBin_221,50.52,0.19,Medium quality,F,F,sample13,40,Medium quality,139090,9
sample13_SemiBin_225,73.76,5.02,Medium quality,F,F,sample13,34,Medium quality,145954,10
sample13_SemiBin_232,53.88,0.39,Medium quality,F,T,sample13,19,Medium quality,201276,5
sample13_SemiBin_233,63.75,1.43,Medium quality,F,T,sample13,19,Medium quality,236932,5
sample13_SemiBin_237,54.82,6.75,Medium quality,F,T,sample13,100,Medium quality,77479,32
sample13_SemiBin_23,90.4,2.69,High quality,T,F,sample13,10,HQ-MIMAG,457245,3
sample13_SemiBin_244,58.83,5.69,Medium quality,F,T,sample13,38,Medium quality,147106,9
sample13_SemiBin_247,62.46,2.86,Medium quality,F,F,sample13,9,Medium quality,596735,3
sample13_SemiBin_24,97.22,1.32,High quality,F,F,sample13,8,High quality,448153,4
sample13_SemiBin_253,50.74,0.47,Medium quality,F,T,sample13,6,Medium quality,513583,2
sample13_SemiBin_259,62.78,0.28,Medium quality,F,T,sample13,16,Medium quality,236724,5
sample13_SemiBin_25,90.37,0.36,High quality,T,T,sample13,11,HQ-MIMAG,455779,2
sample13_SemiBin_263,53.78,2.97,Medium quality,F,F,sample13,36,Medium quality,139641,12
sample13_SemiBin_267,64.71,2.45,Medium quality,F,T,sample13,21,Medium quality,250255,5
sample13_SemiBin_26,95.32,0.59,High quality,T,T,sample13,7,HQ-MIMAG,1367481,3
sample13_SemiBin_27,96.03,0.49,High quality,T,T,sample13,13,HQ-MIMAG,1889644,2
sample13_SemiBin_28,89.52,0.67,Medium quality,F,F,sample13,43,Medium quality,139448,10
sample13_SemiBin_296,50.53,0.29,Medium quality,F,T,sample13,20,Medium quality,271186,6
sample13_SemiBin_29,86.09,0.04,Medium quality,F,F,sample13,17,Medium quality,311113,4
sample13_SemiBin_2,100,1.28,High quality,T,T,sample13,8,HQ-MIMAG,1248179,2
sample13_SemiBin_30,91.3,4.65,High quality,T,F,sample13,12,HQ-MIMAG,631499,3
sample13_SemiBin_316,96.33,0.22,High quality,F,F,sample13,7,High quality,402593,3
sample13_SemiBin_319,99.45,0.59,High quality,F,T,sample13,6,High quality,528825,2
sample13_SemiBin_31,88.32,2.36,Medium quality,F,F,sample13,29,Medium quality,255905,8
sample13_SemiBin_32,89.61,7.99,Medium quality,F,F,sample13,23,Medium quality,269072,7
sample13_SemiBin_334,62.01,5.56,Medium quality,F,T,sample13,69,Medium quality,78977,20
sample13_SemiBin_33,88.35,0.54,Medium quality,F,F,sample13,18,Medium quality,308877,3
sample13_SemiBin_34,90.06,3.95,High quality,T,T,sample13,10,HQ-MIMAG,717491,3
sample13_SemiBin_35,93.92,2.32,High quality,T,F,sample13,14,HQ-MIMAG,468396,4
sample13_SemiBin_367,73.23,7.05,Medium quality,F,F,sample13,26,Medium quality,217254,5
sample13_SemiBin_36,92.08,3.03,High quality,T,T,sample13,22,HQ-MIMAG,189367,6
sample13_SemiBin_37,80.54,0.16,Medium quality,F,T,sample13,26,Medium quality,181330,8
sample13_SemiBin_388,53.17,9.35,Medium quality,F,T,sample13,35,Medium quality,123171,10
sample13_SemiBin_38,93.55,9.13,Medium quality,F,F,sample13,16,Medium quality,447767,3
sample13_SemiBin_39,82.94,0.2,Medium quality,F,F,sample13,19,Medium quality,535439,5
sample13_SemiBin_3,93.7,3.25,High quality,T,T,sample13,9,HQ-MIMAG,989333,3
sample13_SemiBin_40,89.75,0.15,Medium quality,F,T,sample13,19,Medium quality,485039,3
sample13_SemiBin_41,87.93,1.46,Medium quality,F,F,sample13,17,Medium quality,337940,4
sample13_SemiBin_42,88.29,4.2,Medium quality,F,F,sample13,32,Medium quality,161343,7
sample13_SemiBin_43,93.55,3.41,High quality,T,T,sample13,16,HQ-MIMAG,436664,5
sample13_SemiBin_44,86.73,6.69,Medium quality,F,F,sample13,48,Medium quality,201126,9
sample13_SemiBin_453,68.63,6.83,Medium quality,F,T,sample13,46,Medium quality,127307,9
sample13_SemiBin_45,86.07,7.79,Medium quality,F,F,sample13,31,Medium quality,211720,7
sample13_SemiBin_46,69.22,0.24,Medium quality,F,T,sample13,11,Medium quality,428212,4
sample13_SemiBin_47,80.55,1.59,Medium quality,F,F,sample13,14,Medium quality,571812,3
sample13_SemiBin_487,57.45,6.2,Medium quality,F,T,sample13,69,Medium quality,62037,22
sample13_SemiBin_48,89.07,2.1,Medium quality,F,T,sample13,3,Medium quality,2119000,1
sample13_SemiBin_49,82.87,0.82,Medium quality,F,T,sample13,17,Medium quality,425860,5
sample13_SemiBin_4,97.63,1.31,High quality,T,F,sample13,18,HQ-MIMAG,551710,5
sample13_SemiBin_50,91.12,3.49,High quality,T,T,sample13,66,HQ-MIMAG,155728,16
sample13_SemiBin_51,89.77,0.8,Medium quality,F,T,sample13,14,Medium quality,908808,3
sample13_SemiBin_521,62.61,6.97,Medium quality,F,T,sample13,25,Medium quality,263227,6
sample13_SemiBin_52,86.4,2.54,Medium quality,F,F,sample13,26,Medium quality,251036,8
sample13_SemiBin_53,74.52,0.41,Medium quality,F,F,sample13,17,Medium quality,203225,5
sample13_SemiBin_54,74.62,3.12,Medium quality,F,T,sample13,31,Medium quality,168490,6
sample13_SemiBin_55,78.24,0.19,Medium quality,F,T,sample13,26,Medium quality,154824,8
sample13_SemiBin_56,83.56,2.29,Medium quality,F,F,sample13,18,Medium quality,196954,5
sample13_SemiBin_57,77.35,5,Medium quality,F,F,sample13,35,Medium quality,373727,5
sample13_SemiBin_59,72.16,0.61,Medium quality,F,F,sample13,25,Medium quality,153110,6
sample13_SemiBin_5,97.16,7.04,Medium quality,F,F,sample13,24,Medium quality,403417,6
sample13_SemiBin_60,75.57,0.86,Medium quality,F,F,sample13,16,Medium quality,328099,5
sample13_SemiBin_61,80.29,5.99,Medium quality,F,F,sample13,25,Medium quality,341031,7
sample13_SemiBin_63,74.07,1.65,Medium quality,F,T,sample13,28,Medium quality,192285,8
sample13_SemiBin_648,62.73,7.3,Medium quality,F,F,sample13,47,Medium quality,116415,14
sample13_SemiBin_64,78.84,3.91,Medium quality,F,F,sample13,61,Medium quality,123287,17
sample13_SemiBin_65,83.96,0.18,Medium quality,F,T,sample13,17,Medium quality,286880,5
sample13_SemiBin_66,100,0.14,High quality,T,T,sample13,25,HQ-MIMAG,254814,7
sample13_SemiBin_67,73.99,1.15,Medium quality,F,T,sample13,30,Medium quality,397377,4
sample13_SemiBin_68,95.77,0.17,High quality,T,T,sample13,7,HQ-MIMAG,557200,2
sample13_SemiBin_69,78.25,4.65,Medium quality,F,T,sample13,14,Medium quality,364029,4
sample13_SemiBin_6,98.02,0.72,High quality,T,T,sample13,22,HQ-MIMAG,376129,5
sample13_SemiBin_70,81.23,3.64,Medium quality,F,T,sample13,33,Medium quality,175790,8
sample13_SemiBin_72,68.65,2.45,Medium quality,F,F,sample13,12,Medium quality,679527,2
sample13_SemiBin_73,81.9,3.76,Medium quality,F,F,sample13,40,Medium quality,127496,10
sample13_SemiBin_74,68.53,3.62,Medium quality,F,T,sample13,8,Medium quality,1709787,1
sample13_SemiBin_76,68.22,2.49,Medium quality,F,T,sample13,16,Medium quality,460614,4
sample13_SemiBin_77,71.99,0.39,Medium quality,F,F,sample13,8,Medium quality,312575,3
sample13_SemiBin_78,59.42,4.26,Medium quality,F,T,sample13,21,Medium quality,140789,6
sample13_SemiBin_79,73.13,3.31,Medium quality,F,T,sample13,66,Medium quality,154312,17
sample13_SemiBin_7,99.4,1.58,High quality,F,T,sample13,48,High quality,196674,11
sample13_SemiBin_80,72.28,2.46,Medium quality,F,F,sample13,80,Medium quality,131265,20
sample13_SemiBin_81,76.22,5.37,Medium quality,F,F,sample13,51,Medium quality,179114,12
sample13_SemiBin_82,81.83,8.05,Medium quality,F,F,sample13,26,Medium quality,302950,5
sample13_SemiBin_84,72.03,1.17,Medium quality,F,F,sample13,52,Medium quality,156498,10
sample13_SemiBin_85,79.17,9.78,Medium quality,F,T,sample13,32,Medium quality,193424,7
sample13_SemiBin_86,55.47,0.45,Medium quality,F,F,sample13,25,Medium quality,67269,8
sample13_SemiBin_87,73.5,7.73,Medium quality,F,T,sample13,57,Medium quality,134892,18
sample13_SemiBin_88,85.58,3.17,Medium quality,F,F,sample13,21,Medium quality,493887,5
sample13_SemiBin_89,100,1.81,High quality,T,T,sample13,15,HQ-MIMAG,431248,5
sample13_SemiBin_8,93.69,1.41,High quality,F,T,sample13,16,High quality,365523,4
sample13_SemiBin_90,82.78,3.82,Medium quality,F,F,sample13,31,Medium quality,214969,7
sample13_SemiBin_91,64.33,6.54,Medium quality,F,F,sample13,24,Medium quality,224023,5
sample13_SemiBin_92,77.15,3.09,Medium quality,F,T,sample13,29,Medium quality,365006,7
sample13_SemiBin_93,63.53,1.39,Medium quality,F,F,sample13,12,Medium quality,424523,4
sample13_SemiBin_94,70.62,2.47,Medium quality,F,T,sample13,60,Medium quality,110124,14
sample13_SemiBin_95,62.26,2.96,Medium quality,F,T,sample13,31,Medium quality,131498,10
sample13_SemiBin_96,80.75,0.89,Medium quality,F,F,sample13,10,Medium quality,1004908,2
sample13_SemiBin_97,64.14,3.05,Medium quality,F,T,sample13,49,Medium quality,215593,12
sample13_SemiBin_98,58.07,0,Medium quality,F,F,sample13,4,Medium quality,727390,1
sample13_SemiBin_99,63.63,1.88,Medium quality,F,F,sample13,52,Medium quality,141484,11
sample13_SemiBin_9,97.94,6.66,Medium quality,F,T,sample13,22,Medium quality,436275,6
sample14_SemiBin_0,93.17,3.13,High quality,T,T,sample14,28,HQ-MIMAG,223648,6
sample14_SemiBin_103,80.19,1.3,Medium quality,F,T,sample14,13,Medium quality,180234,4
sample14_SemiBin_10,81.09,1.06,Medium quality,F,T,sample14,10,Medium quality,528368,3
sample14_SemiBin_114,50.71,5.02,Medium quality,F,T,sample14,31,Medium quality,94559,10
sample14_SemiBin_11,79.87,7.26,Medium quality,F,F,sample14,56,Medium quality,161585,13
sample14_SemiBin_121,51.68,1.23,Medium quality,F,T,sample14,19,Medium quality,302516,5
sample14_SemiBin_124,67.45,0.53,Medium quality,F,F,sample14,7,Medium quality,330913,3
sample14_SemiBin_12,74.46,4.81,Medium quality,F,F,sample14,40,Medium quality,151264,9
sample14_SemiBin_133,61.24,0.39,Medium quality,F,F,sample14,11,Medium quality,468012,3
sample14_SemiBin_13,71.56,0.63,Medium quality,F,F,sample14,15,Medium quality,601928,3
sample14_SemiBin_145,53.82,1.86,Medium quality,F,F,sample14,13,Medium quality,216715,4
sample14_SemiBin_149,53.73,5.91,Medium quality,F,T,sample14,27,Medium quality,163409,7
sample14_SemiBin_14,76.28,1.97,Medium quality,F,F,sample14,31,Medium quality,107719,8
sample14_SemiBin_1521,51.01,8.46,Medium quality,F,T,sample14,247,Medium quality,39604,75
sample14_SemiBin_1525,61.22,9.98,Medium quality,F,T,sample14,98,Medium quality,67435,25
sample14_SemiBin_153,50.09,0.71,Medium quality,F,T,sample14,19,Medium quality,216418,4
sample14_SemiBin_1577,51.01,7.65,Medium quality,F,T,sample14,55,Medium quality,43758,18
sample14_SemiBin_1582,50.26,6.8,Medium quality,F,T,sample14,59,Medium quality,84942,15
sample14_SemiBin_15,80.4,2.63,Medium quality,F,T,sample14,17,Medium quality,296938,4
sample14_SemiBin_16,68.87,2.33,Medium quality,F,T,sample14,15,Medium quality,259066,3
sample14_SemiBin_184,96.31,0.27,High quality,F,F,sample14,9,High quality,279855,3
sample14_SemiBin_18,73.25,1.34,Medium quality,F,F,sample14,12,Medium quality,621166,4
sample14_SemiBin_19,70.55,0.21,Medium quality,F,T,sample14,2,Medium quality,654597,1
sample14_SemiBin_1,94.5,7.68,Medium quality,F,F,sample14,25,Medium quality,265796,6
sample14_SemiBin_203,76.16,1.74,Medium quality,F,T,sample14,16,Medium quality,253179,4
sample14_SemiBin_20,72.53,1.26,Medium quality,F,T,sample14,32,Medium quality,242424,8
sample14_SemiBin_21,66.75,3.12,Medium quality,F,T,sample14,34,Medium quality,141784,10
sample14_SemiBin_22,78.2,0.01,Medium quality,F,F,sample14,14,Medium quality,449947,3
sample14_SemiBin_231,77.91,1.87,Medium quality,F,T,sample14,32,Medium quality,83748,7
sample14_SemiBin_23,75.53,1.12,Medium quality,F,T,sample14,41,Medium quality,135339,11
sample14_SemiBin_24,71.48,0.33,Medium quality,F,F,sample14,15,Medium quality,302968,5
sample14_SemiBin_250,63.88,0.84,Medium quality,F,F,sample14,7,Medium quality,214830,3
sample14_SemiBin_25,71.83,5.11,Medium quality,F,T,sample14,89,Medium quality,123829,21
sample14_SemiBin_26,77.6,7.18,Medium quality,F,T,sample14,31,Medium quality,337370,8
sample14_SemiBin_27,72.47,9.24,Medium quality,F,T,sample14,63,Medium quality,88142,16
sample14_SemiBin_28,75.18,0.86,Medium quality,F,F,sample14,9,Medium quality,533270,4
sample14_SemiBin_29,75.51,1.72,Medium quality,F,F,sample14,13,Medium quality,326301,4
sample14_SemiBin_2,91.84,2.61,High quality,T,T,sample14,6,HQ-MIMAG,1636834,2
sample14_SemiBin_31,70.06,4.46,Medium quality,F,T,sample14,30,Medium quality,250257,8
sample14_SemiBin_32,62.89,5.91,Medium quality,F,F,sample14,38,Medium quality,82362,9
sample14_SemiBin_33,72.43,2.74,Medium quality,F,F,sample14,49,Medium quality,213279,12
sample14_SemiBin_34,75.45,5.62,Medium quality,F,F,sample14,19,Medium quality,256133,4
sample14_SemiBin_35,80.34,9.14,Medium quality,F,T,sample14,33,Medium quality,245311,7
sample14_SemiBin_36,93.47,1.92,High quality,T,F,sample14,12,HQ-MIMAG,555402,3
sample14_SemiBin_38,52.9,7.33,Medium quality,F,T,sample14,104,Medium quality,56968,25
sample14_SemiBin_39,64.32,0.03,Medium quality,F,F,sample14,6,Medium quality,627110,2
sample14_SemiBin_3,93.62,3.57,High quality,T,F,sample14,55,HQ-MIMAG,192919,8
sample14_SemiBin_40,60.95,2.15,Medium quality,F,F,sample14,29,Medium quality,99264,10
sample14_SemiBin_43,54.46,0.12,Medium quality,F,T,sample14,53,Medium quality,73313,17
sample14_SemiBin_44,61.12,2.36,Medium quality,F,T,sample14,55,Medium quality,78307,16
sample14_SemiBin_46,62.3,8.52,Medium quality,F,T,sample14,33,Medium quality,187638,9
sample14_SemiBin_47,61.77,2.08,Medium quality,F,T,sample14,41,Medium quality,169343,10
sample14_SemiBin_49,71.06,3.66,Medium quality,F,F,sample14,27,Medium quality,164191,8
sample14_SemiBin_4,98.14,6.19,Medium quality,F,T,sample14,5,Medium quality,1198800,2
sample14_SemiBin_50,58.53,4.11,Medium quality,F,T,sample14,26,Medium quality,239845,9
sample14_SemiBin_52,56.7,2.76,Medium quality,F,T,sample14,14,Medium quality,205430,5
sample14_SemiBin_53,61.56,1.6,Medium quality,F,T,sample14,29,Medium quality,183482,9
sample14_SemiBin_54,81.03,5.44,Medium quality,F,F,sample14,23,Medium quality,194880,6
sample14_SemiBin_55,52.63,7.45,Medium quality,F,T,sample14,100,Medium quality,56211,27
sample14_SemiBin_57,77.52,1.49,Medium quality,F,T,sample14,21,Medium quality,329166,5
sample14_SemiBin_59,71.19,9.97,Medium quality,F,T,sample14,88,Medium quality,87729,21
sample14_SemiBin_5,90.51,3.11,High quality,T,T,sample14,23,HQ-MIMAG,314139,6
sample14_SemiBin_60,50.6,1.76,Medium quality,F,T,sample14,31,Medium quality,240781,7
sample14_SemiBin_61,50.77,3.25,Medium quality,F,F,sample14,31,Medium quality,126550,8
sample14_SemiBin_63,92.7,8.92,Medium quality,F,T,sample14,69,Medium quality,141394,15
sample14_SemiBin_64,51.09,0.25,Medium quality,F,F,sample14,39,Medium quality,89925,13
sample14_SemiBin_68,59.86,2.46,Medium quality,F,T,sample14,28,Medium quality,147733,6
sample14_SemiBin_70,50.11,5.03,Medium quality,F,T,sample14,26,Medium quality,99600,7
sample14_SemiBin_73,55.08,6.2,Medium quality,F,T,sample14,21,Medium quality,191672,7
sample14_SemiBin_74,67.03,1.25,Medium quality,F,T,sample14,54,Medium quality,151969,14
sample14_SemiBin_77,51.86,4.1,Medium quality,F,T,sample14,13,Medium quality,217807,5
sample14_SemiBin_79,60.92,0.29,Medium quality,F,T,sample14,9,Medium quality,285564,3
sample14_SemiBin_7,86.78,0.75,Medium quality,F,F,sample14,36,Medium quality,194476,9
sample14_SemiBin_80,53.78,1.2,Medium quality,F,F,sample14,26,Medium quality,280449,7
sample14_SemiBin_83,70.3,1.53,Medium quality,F,F,sample14,14,Medium quality,900125,3
sample14_SemiBin_86,58.62,5.41,Medium quality,F,T,sample14,37,Medium quality,155374,10
sample14_SemiBin_89,80.79,0.1,Medium quality,F,T,sample14,12,Medium quality,349063,4
sample14_SemiBin_8,90.84,2.56,High quality,T,F,sample14,22,HQ-MIMAG,346890,8
sample14_SemiBin_91,50.91,4.37,Medium quality,F,T,sample14,53,Medium quality,120923,14
sample14_SemiBin_93,68.21,3.3,Medium quality,F,T,sample14,20,Medium quality,191034,6
sample14_SemiBin_97,52.74,6.45,Medium quality,F,T,sample14,119,Medium quality,40313,25
sample14_SemiBin_9,85.12,6,Medium quality,F,T,sample14,103,Medium quality,111711,24
sample15_SemiBin_0,98.54,2.42,High quality,T,F,sample15,33,HQ-MIMAG,155615,9
sample15_SemiBin_100,54.57,0.93,Medium quality,F,T,sample15,18,Medium quality,154745,7
sample15_SemiBin_101,63.61,5.05,Medium quality,F,T,sample15,35,Medium quality,154588,9
sample15_SemiBin_102,53.98,1.13,Medium quality,F,T,sample15,15,Medium quality,330876,5
sample15_SemiBin_103,60.17,2.88,Medium quality,F,T,sample15,67,Medium quality,73413,20
sample15_SemiBin_104,63.62,7.04,Medium quality,F,T,sample15,11,Medium quality,598790,3
sample15_SemiBin_105,91.11,0.5,High quality,T,T,sample15,14,HQ-MIMAG,322076,5
sample15_SemiBin_106,62.49,2.9,Medium quality,F,T,sample15,10,Medium quality,380739,3
sample15_SemiBin_107,65.25,2.61,Medium quality,F,F,sample15,66,Medium quality,86925,18
sample15_SemiBin_108,76.87,4.11,Medium quality,F,T,sample15,26,Medium quality,507936,4
sample15_SemiBin_109,90.37,3.04,High quality,T,T,sample15,15,HQ-MIMAG,470693,3
sample15_SemiBin_10,95.69,0.81,High quality,T,F,sample15,12,HQ-MIMAG,308712,4
sample15_SemiBin_110,61.34,1,Medium quality,F,T,sample15,9,Medium quality,435577,3
sample15_SemiBin_111,63.68,0.25,Medium quality,F,F,sample15,57,Medium quality,103161,17
sample15_SemiBin_112,97.69,3.57,High quality,F,F,sample15,18,High quality,447380,5
sample15_SemiBin_113,57.63,1.47,Medium quality,F,T,sample15,22,Medium quality,181929,6
sample15_SemiBin_114,70.55,5.34,Medium quality,F,F,sample15,30,Medium quality,335291,6
sample15_SemiBin_115,58.6,2.15,Medium quality,F,T,sample15,24,Medium quality,225550,7
sample15_SemiBin_116,61.5,1.21,Medium quality,F,F,sample15,17,Medium quality,159340,5
sample15_SemiBin_118,67.98,0.56,Medium quality,F,F,sample15,31,Medium quality,123796,9
sample15_SemiBin_119,51.94,0.66,Medium quality,F,T,sample15,67,Medium quality,88411,16
sample15_SemiBin_120,56.97,0.85,Medium quality,F,T,sample15,54,Medium quality,154585,14
sample15_SemiBin_121,65.8,1.04,Medium quality,F,T,sample15,45,Medium quality,118559,12
sample15_SemiBin_123,56.28,1.15,Medium quality,F,F,sample15,20,Medium quality,280395,4
sample15_SemiBin_124,87.45,2.88,Medium quality,F,F,sample15,23,Medium quality,256689,7
sample15_SemiBin_125,56.83,5.55,Medium quality,F,F,sample15,26,Medium quality,126901,8
sample15_SemiBin_127,56.55,0.43,Medium quality,F,F,sample15,11,Medium quality,250126,4
sample15_SemiBin_129,64.17,3.55,Medium quality,F,T,sample15,31,Medium quality,239755,5
sample15_SemiBin_12,96.08,1.92,High quality,T,F,sample15,7,HQ-MIMAG,1157691,2
sample15_SemiBin_130,52.77,2.81,Medium quality,F,T,sample15,51,Medium quality,123750,15
sample15_SemiBin_131,81.88,7.94,Medium quality,F,F,sample15,16,Medium quality,365386,4
sample15_SemiBin_132,59.71,4.42,Medium quality,F,T,sample15,24,Medium quality,157456,7
sample15_SemiBin_133,53.63,0.42,Medium quality,F,T,sample15,97,Medium quality,140563,23
sample15_SemiBin_135,65.1,0.49,Medium quality,F,T,sample15,17,Medium quality,400801,5
sample15_SemiBin_136,69.71,1.81,Medium quality,F,T,sample15,34,Medium quality,235312,10
sample15_SemiBin_138,55.43,0.03,Medium quality,F,F,sample15,8,Medium quality,538294,3
sample15_SemiBin_139,52.21,0.24,Medium quality,F,T,sample15,64,Medium quality,82463,18
sample15_SemiBin_13,93.04,0.65,High quality,T,T,sample15,9,HQ-MIMAG,1973887,1
sample15_SemiBin_140,58.87,1.15,Medium quality,F,F,sample15,57,Medium quality,77816,16
sample15_SemiBin_141,67.17,4.45,Medium quality,F,F,sample15,30,Medium quality,205066,7
sample15_SemiBin_142,55.84,0.87,Medium quality,F,F,sample15,10,Medium quality,228831,5
sample15_SemiBin_143,52.02,6.88,Medium quality,F,T,sample15,38,Medium quality,95102,10
sample15_SemiBin_144,54.78,3.01,Medium quality,F,T,sample15,100,Medium quality,132893,24
sample15_SemiBin_145,58.82,1.39,Medium quality,F,F,sample15,127,Medium quality,119479,32
sample15_SemiBin_146,83.84,4.3,Medium quality,F,F,sample15,34,Medium quality,281258,9
sample15_SemiBin_14,90.55,0.43,High quality,T,F,sample15,6,HQ-MIMAG,525278,3
sample15_SemiBin_151,69.32,2.34,Medium quality,F,T,sample15,22,Medium quality,212064,7
sample15_SemiBin_152,52.73,3.01,Medium quality,F,F,sample15,55,Medium quality,83426,16
sample15_SemiBin_155,60.26,2.97,Medium quality,F,T,sample15,34,Medium quality,220231,7
sample15_SemiBin_157,72.83,3.42,Medium quality,F,T,sample15,16,Medium quality,294501,5
sample15_SemiBin_158,79.1,8.1,Medium quality,F,T,sample15,16,Medium quality,314292,5
sample15_SemiBin_15,88.88,3.32,Medium quality,F,F,sample15,3,Medium quality,1836845,1
sample15_SemiBin_160,51.17,4.14,Medium quality,F,T,sample15,34,Medium quality,127225,12
sample15_SemiBin_161,82.76,0.24,Medium quality,F,F,sample15,8,Medium quality,468024,2
sample15_SemiBin_163,54.37,5.34,Medium quality,F,T,sample15,9,Medium quality,338274,3
sample15_SemiBin_166,55.37,0.69,Medium quality,F,F,sample15,5,Medium quality,996592,1
sample15_SemiBin_167,55.13,0.03,Medium quality,F,T,sample15,3,Medium quality,1036352,1
sample15_SemiBin_168,71.26,0.27,Medium quality,F,F,sample15,14,Medium quality,1665926,1
sample15_SemiBin_169,81.26,1.68,Medium quality,F,F,sample15,23,Medium quality,250070,8
sample15_SemiBin_16,96.62,0.19,High quality,T,F,sample15,6,HQ-MIMAG,990027,3
sample15_SemiBin_171,51.33,2.32,Medium quality,F,F,sample15,15,Medium quality,251221,4
sample15_SemiBin_173,80.89,1.19,Medium quality,F,F,sample15,17,Medium quality,273534,4
sample15_SemiBin_174,68.6,6.73,Medium quality,F,F,sample15,50,Medium quality,257125,4
sample15_SemiBin_175,58.62,1.4,Medium quality,F,T,sample15,57,Medium quality,124309,15
sample15_SemiBin_176,51.44,0.84,Medium quality,F,F,sample15,33,Medium quality,149830,10
sample15_SemiBin_17,98.95,2.69,High quality,T,F,sample15,10,HQ-MIMAG,871835,3
sample15_SemiBin_180,68.16,2.51,Medium quality,F,F,sample15,48,Medium quality,110625,14
sample15_SemiBin_181,55.95,4.12,Medium quality,F,F,sample15,32,Medium quality,138141,9
sample15_SemiBin_184,51.38,0.29,Medium quality,F,F,sample15,42,Medium quality,102152,11
sample15_SemiBin_1856,53.98,8.8,Medium quality,F,T,sample15,81,Medium quality,47321,23
sample15_SemiBin_186,70.89,2.36,Medium quality,F,T,sample15,25,Medium quality,305324,7
sample15_SemiBin_187,71.53,1.14,Medium quality,F,F,sample15,16,Medium quality,286937,4
sample15_SemiBin_188,53.58,0.07,Medium quality,F,F,sample15,30,Medium quality,85410,9
sample15_SemiBin_18,90.96,0.05,High quality,T,F,sample15,7,HQ-MIMAG,345977,3
sample15_SemiBin_190,55.16,8.8,Medium quality,F,T,sample15,61,Medium quality,59537,18
sample15_SemiBin_193,71.83,0.58,Medium quality,F,T,sample15,16,Medium quality,212784,3
sample15_SemiBin_195,54.76,2.27,Medium quality,F,F,sample15,7,Medium quality,786178,2
sample15_SemiBin_1988,51.63,9.77,Medium quality,F,T,sample15,15,Medium quality,92337,4
sample15_SemiBin_198,55.02,3.5,Medium quality,F,F,sample15,35,Medium quality,137447,8
sample15_SemiBin_1,98.7,3.72,High quality,T,T,sample15,58,HQ-MIMAG,465265,9
sample15_SemiBin_200,59.54,6.51,Medium quality,F,F,sample15,1,Medium quality,3763609,1
sample15_SemiBin_201,81.57,1.82,Medium quality,F,F,sample15,14,Medium quality,436225,4
sample15_SemiBin_206,80.21,2.76,Medium quality,F,F,sample15,15,Medium quality,426810,4
sample15_SemiBin_208,55.86,0.24,Medium quality,F,F,sample15,29,Medium quality,155653,8
sample15_SemiBin_209,51.82,3.83,Medium quality,F,F,sample15,29,Medium quality,196511,8
sample15_SemiBin_20,84.06,5.26,Medium quality,F,T,sample15,21,Medium quality,599369,4
sample15_SemiBin_213,64.96,0.22,Medium quality,F,F,sample15,11,Medium quality,389785,4
sample15_SemiBin_214,57.13,0.24,Medium quality,F,F,sample15,33,Medium quality,149908,9
sample15_SemiBin_215,65.97,3.5,Medium quality,F,F,sample15,44,Medium quality,139521,11
sample15_SemiBin_21,95.74,0.89,High quality,T,F,sample15,5,HQ-MIMAG,1094473,2
sample15_SemiBin_220,71.8,4.87,Medium quality,F,F,sample15,15,Medium quality,317844,5
sample15_SemiBin_224,66.86,0.39,Medium quality,F,F,sample15,18,Medium quality,273748,7
sample15_SemiBin_227,60.04,0.09,Medium quality,F,F,sample15,12,Medium quality,263518,4
sample15_SemiBin_228,51.86,3.5,Medium quality,F,F,sample15,20,Medium quality,165620,5
sample15_SemiBin_22,97.97,5.28,Medium quality,F,T,sample15,22,Medium quality,424161,6
sample15_SemiBin_23,86,3.26,Medium quality,F,F,sample15,18,Medium quality,188379,4
sample15_SemiBin_24,91.85,3.09,High quality,T,F,sample15,9,HQ-MIMAG,834514,3
sample15_SemiBin_256,62.97,3.85,Medium quality,F,F,sample15,24,Medium quality,170292,6
sample15_SemiBin_25,84.33,5.77,Medium quality,F,T,sample15,18,Medium quality,203287,4
sample15_SemiBin_264,59.66,3.41,Medium quality,F,F,sample15,39,Medium quality,151369,11
sample15_SemiBin_266,86.53,0.98,Medium quality,F,T,sample15,33,Medium quality,268315,7
sample15_SemiBin_26,90.86,1.68,High quality,F,F,sample15,15,High quality,339280,5
sample15_SemiBin_270,55.72,1.28,Medium quality,F,F,sample15,28,Medium quality,172143,9
sample15_SemiBin_271,52.16,0.96,Medium quality,F,F,sample15,12,Medium quality,512057,3
sample15_SemiBin_274,53.38,3.52,Medium quality,F,F,sample15,32,Medium quality,177143,9
sample15_SemiBin_277,64.17,9.45,Medium quality,F,F,sample15,43,Medium quality,102664,11
sample15_SemiBin_27,84.43,1.38,Medium quality,F,F,sample15,28,Medium quality,171793,7
sample15_SemiBin_284,61.95,1.43,Medium quality,F,T,sample15,23,Medium quality,166445,7
sample15_SemiBin_285,60.32,1.85,Medium quality,F,F,sample15,20,Medium quality,203593,5
sample15_SemiBin_287,54.28,4.33,Medium quality,F,F,sample15,25,Medium quality,134434,7
sample15_SemiBin_288,52.76,0.06,Medium quality,F,T,sample15,37,Medium quality,68997,12
sample15_SemiBin_289,54.9,1.08,Medium quality,F,F,sample15,20,Medium quality,293492,5
sample15_SemiBin_28,97.96,7.53,Medium quality,F,F,sample15,4,Medium quality,906993,2
sample15_SemiBin_294,54.22,0.2,Medium quality,F,F,sample15,20,Medium quality,193853,5
sample15_SemiBin_297,71.38,0.75,Medium quality,F,F,sample15,21,Medium quality,324073,6
sample15_SemiBin_29,92.86,1.97,High quality,F,F,sample15,10,High quality,619247,2
sample15_SemiBin_2,98.4,2.18,High quality,T,F,sample15,7,HQ-MIMAG,718484,2
sample15_SemiBin_30,93.63,6.29,Medium quality,F,F,sample15,21,Medium quality,491184,4
sample15_SemiBin_317,64.24,0.69,Medium quality,F,T,sample15,34,Medium quality,139053,11
sample15_SemiBin_31,95.14,0.34,High quality,T,F,sample15,18,HQ-MIMAG,453565,5
sample15_SemiBin_323,51.39,0.88,Medium quality,F,F,sample15,12,Medium quality,309174,4
sample15_SemiBin_32,86.33,1.1,Medium quality,F,F,sample15,19,Medium quality,517107,3
sample15_SemiBin_331,95.52,0.13,High quality,F,F,sample15,11,High quality,243135,4
sample15_SemiBin_334,58.74,3.67,Medium quality,F,T,sample15,56,Medium quality,108022,15
sample15_SemiBin_33,86.57,4.77,Medium quality,F,T,sample15,20,Medium quality,464310,6
sample15_SemiBin_34,77.9,3.29,Medium quality,F,T,sample15,14,Medium quality,305345,3
sample15_SemiBin_35,88.33,2.44,Medium quality,F,F,sample15,15,Medium quality,405385,5
sample15_SemiBin_37,88.51,2.68,Medium quality,F,T,sample15,31,Medium quality,208584,7
sample15_SemiBin_384,77.78,1.68,Medium quality,F,T,sample15,5,Medium quality,460257,2
sample15_SemiBin_39,83.42,4.56,Medium quality,F,F,sample15,23,Medium quality,314235,7
sample15_SemiBin_3,97.59,0.02,High quality,T,F,sample15,10,HQ-MIMAG,657170,3
sample15_SemiBin_41,81,0.06,Medium quality,F,T,sample15,10,Medium quality,538221,3
sample15_SemiBin_42,87.05,1.42,Medium quality,F,F,sample15,13,Medium quality,494288,4
sample15_SemiBin_43,86.76,3.1,Medium quality,F,T,sample15,18,Medium quality,457893,6
sample15_SemiBin_44,85.01,7.56,Medium quality,F,F,sample15,11,Medium quality,634330,3
sample15_SemiBin_451,78.3,0.67,Medium quality,F,F,sample15,4,Medium quality,442308,2
sample15_SemiBin_45,91.02,5.41,Medium quality,F,T,sample15,25,Medium quality,543600,5
sample15_SemiBin_46,95.09,4.39,High quality,F,F,sample15,12,High quality,348304,3
sample15_SemiBin_475,58.03,3.63,Medium quality,F,T,sample15,32,Medium quality,63027,8
sample15_SemiBin_47,90.63,3.24,High quality,T,T,sample15,25,HQ-MIMAG,339545,6
sample15_SemiBin_49,88.54,0.42,Medium quality,F,F,sample15,6,Medium quality,731167,2
sample15_SemiBin_4,97.19,1.97,High quality,T,F,sample15,4,HQ-MIMAG,3178378,1
sample15_SemiBin_50,88.08,1.55,Medium quality,F,T,sample15,13,Medium quality,646883,3
sample15_SemiBin_51,89.4,7.93,Medium quality,F,F,sample15,46,Medium quality,248773,7
sample15_SemiBin_523,50.26,8.2,Medium quality,F,F,sample15,19,Medium quality,339657,5
sample15_SemiBin_52,86.88,5.75,Medium quality,F,T,sample15,15,Medium quality,539518,3
sample15_SemiBin_54,87.64,0.18,Medium quality,F,T,sample15,15,Medium quality,347304,5
sample15_SemiBin_55,83.75,2.24,Medium quality,F,T,sample15,25,Medium quality,397190,4
sample15_SemiBin_56,88.88,3.92,Medium quality,F,F,sample15,21,Medium quality,483992,4
sample15_SemiBin_57,76.64,1.95,Medium quality,F,F,sample15,7,Medium quality,506776,3
sample15_SemiBin_58,82.5,1.09,Medium quality,F,T,sample15,28,Medium quality,216096,8
sample15_SemiBin_59,88.64,9.06,Medium quality,F,T,sample15,60,Medium quality,296852,8
sample15_SemiBin_5,96.35,0.33,High quality,T,F,sample15,16,HQ-MIMAG,406476,4
sample15_SemiBin_60,74.09,0,Medium quality,F,F,sample15,43,Medium quality,96687,10
sample15_SemiBin_61,93.51,5.88,Medium quality,F,F,sample15,4,Medium quality,4323709,1
sample15_SemiBin_62,79.43,0.91,Medium quality,F,T,sample15,9,Medium quality,810616,2
sample15_SemiBin_63,92.25,5.09,Medium quality,F,F,sample15,15,Medium quality,604904,3
sample15_SemiBin_64,86.45,6.01,Medium quality,F,T,sample15,19,Medium quality,245881,5
sample15_SemiBin_65,78.95,5.82,Medium quality,F,F,sample15,21,Medium quality,342582,6
sample15_SemiBin_66,86.03,4.59,Medium quality,F,F,sample15,25,Medium quality,285708,7
sample15_SemiBin_67,82.26,0.61,Medium quality,F,F,sample15,17,Medium quality,468814,5
sample15_SemiBin_68,79.62,3.85,Medium quality,F,F,sample15,35,Medium quality,230838,10
sample15_SemiBin_69,84.71,7.82,Medium quality,F,T,sample15,49,Medium quality,197097,11
sample15_SemiBin_6,90.97,0.01,High quality,F,F,sample15,2,High quality,3745227,1
sample15_SemiBin_70,80.19,4.19,Medium quality,F,T,sample15,26,Medium quality,246364,6
sample15_SemiBin_71,73.77,6.45,Medium quality,F,F,sample15,110,Medium quality,159623,15
sample15_SemiBin_72,81.18,2.51,Medium quality,F,T,sample15,29,Medium quality,261237,7
sample15_SemiBin_733,62.25,4.55,Medium quality,F,F,sample15,30,Medium quality,292443,8
sample15_SemiBin_73,79.8,4.09,Medium quality,F,T,sample15,69,Medium quality,168625,17
sample15_SemiBin_74,76.02,2.28,Medium quality,F,F,sample15,13,Medium quality,596701,2
sample15_SemiBin_75,77.48,0.88,Medium quality,F,F,sample15,7,Medium quality,1093180,2
sample15_SemiBin_76,79.96,2.39,Medium quality,F,F,sample15,22,Medium quality,236609,7
sample15_SemiBin_77,72.53,6.36,Medium quality,F,F,sample15,29,Medium quality,312962,7
sample15_SemiBin_78,79.93,1.29,Medium quality,F,T,sample15,26,Medium quality,313516,7
sample15_SemiBin_79,71.75,2,Medium quality,F,T,sample15,31,Medium quality,220382,8
sample15_SemiBin_7,90.61,0.34,High quality,T,F,sample15,24,HQ-MIMAG,237660,6
sample15_SemiBin_80,77.34,1.43,Medium quality,F,F,sample15,20,Medium quality,317763,5
sample15_SemiBin_81,78.4,4.17,Medium quality,F,T,sample15,17,Medium quality,307019,4
sample15_SemiBin_82,65.31,0.87,Medium quality,F,T,sample15,27,Medium quality,100605,8
sample15_SemiBin_83,68.19,1.29,Medium quality,F,F,sample15,17,Medium quality,337302,3
sample15_SemiBin_84,76.93,0.51,Medium quality,F,F,sample15,9,Medium quality,972614,3
sample15_SemiBin_85,65.24,4.54,Medium quality,F,F,sample15,98,Medium quality,115102,23
sample15_SemiBin_86,79.82,0.18,Medium quality,F,F,sample15,17,Medium quality,311719,5
sample15_SemiBin_87,80.68,0.54,Medium quality,F,T,sample15,22,Medium quality,225484,7
sample15_SemiBin_88,60.39,0.28,Medium quality,F,T,sample15,49,Medium quality,81114,13
sample15_SemiBin_89,61.12,1.33,Medium quality,F,F,sample15,19,Medium quality,288115,6
sample15_SemiBin_8,94.25,1.68,High quality,T,F,sample15,8,HQ-MIMAG,790076,3
sample15_SemiBin_90,64.99,1.16,Medium quality,F,F,sample15,21,Medium quality,243194,7
sample15_SemiBin_91,76.76,4.63,Medium quality,F,F,sample15,45,Medium quality,103902,13
sample15_SemiBin_92,50.11,4.47,Medium quality,F,T,sample15,19,Medium quality,233726,4
sample15_SemiBin_94,74.17,2.88,Medium quality,F,T,sample15,22,Medium quality,222004,7
sample15_SemiBin_95,80.77,1.77,Medium quality,F,F,sample15,19,Medium quality,388213,5
sample15_SemiBin_96,67.79,5.2,Medium quality,F,F,sample15,47,Medium quality,267547,11
sample15_SemiBin_97,55.04,0.59,Medium quality,F,F,sample15,6,Medium quality,565974,2
sample15_SemiBin_99,79.28,0.16,Medium quality,F,F,sample15,5,Medium quality,2687639,1
sample15_SemiBin_9,98.53,6.62,Medium quality,F,F,sample15,15,Medium quality,640735,3
sample16_SemiBin_0,99.83,1.94,High quality,T,F,sample16,14,HQ-MIMAG,339757,5
sample16_SemiBin_100,59.9,2.64,Medium quality,F,F,sample16,35,Medium quality,153151,9
sample16_SemiBin_101,57.43,4.62,Medium quality,F,T,sample16,71,Medium quality,87974,18
sample16_SemiBin_102,62.55,5.25,Medium quality,F,F,sample16,33,Medium quality,123231,11
sample16_SemiBin_103,75.82,5.99,Medium quality,F,F,sample16,29,Medium quality,204645,8
sample16_SemiBin_104,64.59,2.37,Medium quality,F,T,sample16,49,Medium quality,191847,13
sample16_SemiBin_105,70.63,1.6,Medium quality,F,T,sample16,31,Medium quality,183412,8
sample16_SemiBin_106,62.69,0.09,Medium quality,F,F,sample16,8,Medium quality,405167,2
sample16_SemiBin_107,66.02,4.91,Medium quality,F,T,sample16,35,Medium quality,211643,10
sample16_SemiBin_108,95.74,3.55,High quality,T,F,sample16,17,HQ-MIMAG,390944,5
sample16_SemiBin_109,66.99,6.48,Medium quality,F,T,sample16,46,Medium quality,146426,12
sample16_SemiBin_10,99.88,4.6,High quality,T,F,sample16,6,HQ-MIMAG,1606698,2
sample16_SemiBin_110,58.73,2.7,Medium quality,F,F,sample16,39,Medium quality,143369,13
sample16_SemiBin_111,60.87,0.96,Medium quality,F,T,sample16,48,Medium quality,158700,12
sample16_SemiBin_112,60.41,1.73,Medium quality,F,T,sample16,31,Medium quality,189022,11
sample16_SemiBin_114,73.5,1.32,Medium quality,F,F,sample16,12,Medium quality,728855,3
sample16_SemiBin_116,57.55,8.5,Medium quality,F,T,sample16,26,Medium quality,209332,7
sample16_SemiBin_118,70.22,9.66,Medium quality,F,T,sample16,82,Medium quality,160051,14
sample16_SemiBin_11,94.15,4.77,High quality,T,F,sample16,12,HQ-MIMAG,451872,3
sample16_SemiBin_120,79.28,9.09,Medium quality,F,T,sample16,83,Medium quality,185457,13
sample16_SemiBin_121,58.78,3.38,Medium quality,F,F,sample16,68,Medium quality,76181,23
sample16_SemiBin_122,86.36,0.88,Medium quality,F,F,sample16,11,Medium quality,248548,4
sample16_SemiBin_123,60.54,4.67,Medium quality,F,F,sample16,54,Medium quality,150540,15
sample16_SemiBin_124,57.54,2.52,Medium quality,F,T,sample16,13,Medium quality,220571,4
sample16_SemiBin_125,63.3,2.1,Medium quality,F,F,sample16,37,Medium quality,99041,11
sample16_SemiBin_126,73.43,6.64,Medium quality,F,F,sample16,29,Medium quality,270172,8
sample16_SemiBin_127,54.3,2.86,Medium quality,F,T,sample16,48,Medium quality,82857,14
sample16_SemiBin_128,60.16,2.24,Medium quality,F,F,sample16,51,Medium quality,131010,14
sample16_SemiBin_129,56.36,3.2,Medium quality,F,T,sample16,49,Medium quality,136556,12
sample16_SemiBin_12,94.98,4.08,High quality,T,F,sample16,23,HQ-MIMAG,868882,3
sample16_SemiBin_130,62.61,1.09,Medium quality,F,F,sample16,54,Medium quality,109189,15
sample16_SemiBin_131,62.45,1.48,Medium quality,F,F,sample16,67,Medium quality,104398,18
sample16_SemiBin_132,60.76,7.69,Medium quality,F,T,sample16,58,Medium quality,97786,19
sample16_SemiBin_133,54.62,3.01,Medium quality,F,F,sample16,55,Medium quality,112833,14
sample16_SemiBin_134,61.07,0.51,Medium quality,F,T,sample16,16,Medium quality,121195,5
sample16_SemiBin_135,63.59,1.56,Medium quality,F,T,sample16,12,Medium quality,251657,4
sample16_SemiBin_136,84.77,1.55,Medium quality,F,T,sample16,18,Medium quality,372759,5
sample16_SemiBin_138,58.34,0.52,Medium quality,F,T,sample16,38,Medium quality,89917,10
sample16_SemiBin_13,96.65,0.73,High quality,F,F,sample16,13,High quality,487289,4
sample16_SemiBin_140,78.86,1.8,Medium quality,F,F,sample16,10,Medium quality,477758,3
sample16_SemiBin_141,51.05,0.69,Medium quality,F,F,sample16,64,Medium quality,94827,15
sample16_SemiBin_142,68.75,9.72,Medium quality,F,T,sample16,37,Medium quality,236910,10
sample16_SemiBin_143,60.45,1.51,Medium quality,F,F,sample16,25,Medium quality,192267,5
sample16_SemiBin_144,60.97,1.33,Medium quality,F,T,sample16,20,Medium quality,278785,4
sample16_SemiBin_145,87.96,2.63,Medium quality,F,T,sample16,11,Medium quality,820252,3
sample16_SemiBin_146,62.51,4.16,Medium quality,F,F,sample16,54,Medium quality,173460,13
sample16_SemiBin_147,95.61,4.78,High quality,F,F,sample16,15,High quality,448879,6
sample16_SemiBin_148,57.33,5.01,Medium quality,F,T,sample16,48,Medium quality,120144,14
sample16_SemiBin_14,93.95,6.4,Medium quality,F,T,sample16,20,Medium quality,372550,6
sample16_SemiBin_151,63.81,2.08,Medium quality,F,F,sample16,18,Medium quality,280041,4
sample16_SemiBin_157,72.48,1.23,Medium quality,F,F,sample16,26,Medium quality,133413,6
sample16_SemiBin_15,88.89,1.76,Medium quality,F,F,sample16,4,Medium quality,1893249,1
sample16_SemiBin_161,63.27,2.82,Medium quality,F,F,sample16,44,Medium quality,134125,11
sample16_SemiBin_163,59.65,7.84,Medium quality,F,T,sample16,51,Medium quality,78925,14
sample16_SemiBin_164,68.44,6.05,Medium quality,F,F,sample16,52,Medium quality,120387,14
sample16_SemiBin_167,51.55,1.11,Medium quality,F,F,sample16,30,Medium quality,161165,9
sample16_SemiBin_168,72.94,2.14,Medium quality,F,F,sample16,49,Medium quality,135703,14
sample16_SemiBin_169,63.85,2.06,Medium quality,F,T,sample16,31,Medium quality,143573,9
sample16_SemiBin_16,90.02,3.84,High quality,T,T,sample16,33,HQ-MIMAG,255938,7
sample16_SemiBin_171,52.72,1.78,Medium quality,F,T,sample16,74,Medium quality,74092,22
sample16_SemiBin_172,60.7,0.01,Medium quality,F,F,sample16,9,Medium quality,123171,3
sample16_SemiBin_173,66.25,4.72,Medium quality,F,T,sample16,39,Medium quality,89964,12
sample16_SemiBin_1749,50.72,7.16,Medium quality,F,T,sample16,72,Medium quality,53802,24
sample16_SemiBin_1755,53.58,8.32,Medium quality,F,T,sample16,75,Medium quality,55434,23
sample16_SemiBin_176,61.12,0.72,Medium quality,F,F,sample16,47,Medium quality,147836,12
sample16_SemiBin_177,51.41,0.93,Medium quality,F,F,sample16,84,Medium quality,94297,21
sample16_SemiBin_1786,50.11,7.48,Medium quality,F,T,sample16,206,Medium quality,39934,53
sample16_SemiBin_178,54.47,5.7,Medium quality,F,F,sample16,92,Medium quality,132758,21
sample16_SemiBin_17,85.91,0.05,Medium quality,F,T,sample16,5,Medium quality,1332854,2
sample16_SemiBin_180,78.54,1.84,Medium quality,F,F,sample16,22,Medium quality,311943,5
sample16_SemiBin_1826,57.25,9.34,Medium quality,F,T,sample16,89,Medium quality,74274,22
sample16_SemiBin_182,56.57,2.44,Medium quality,F,T,sample16,31,Medium quality,126925,8
sample16_SemiBin_1836,50.72,8.67,Medium quality,F,T,sample16,146,Medium quality,49819,44
sample16_SemiBin_1839,59.75,9.42,Medium quality,F,T,sample16,92,Medium quality,43543,30
sample16_SemiBin_183,80.44,1.98,Medium quality,F,F,sample16,19,Medium quality,213582,7
sample16_SemiBin_184,74,7.67,Medium quality,F,F,sample16,52,Medium quality,102809,17
sample16_SemiBin_185,77.5,5.6,Medium quality,F,T,sample16,51,Medium quality,150989,14
sample16_SemiBin_18,95.85,2.26,High quality,T,F,sample16,25,HQ-MIMAG,266913,6
sample16_SemiBin_190,76.24,0.92,Medium quality,F,F,sample16,22,Medium quality,123552,7
sample16_SemiBin_192,51.69,2.52,Medium quality,F,T,sample16,14,Medium quality,244908,3
sample16_SemiBin_193,84.41,1.52,Medium quality,F,F,sample16,6,Medium quality,766351,2
sample16_SemiBin_194,56.97,0.89,Medium quality,F,F,sample16,15,Medium quality,338891,5
sample16_SemiBin_198,75.26,0.59,Medium quality,F,T,sample16,14,Medium quality,292996,5
sample16_SemiBin_199,65.21,4.76,Medium quality,F,T,sample16,12,Medium quality,402028,4
sample16_SemiBin_19,95.98,4.18,High quality,T,F,sample16,16,HQ-MIMAG,515641,4
sample16_SemiBin_1,98.99,4.94,High quality,T,F,sample16,3,HQ-MIMAG,2412956,1
sample16_SemiBin_200,71.06,3.66,Medium quality,F,F,sample16,35,Medium quality,108554,10
sample16_SemiBin_201,60.83,2.41,Medium quality,F,F,sample16,47,Medium quality,131218,12
sample16_SemiBin_205,55.75,0.13,Medium quality,F,F,sample16,14,Medium quality,233334,4
sample16_SemiBin_20,90.85,0.86,High quality,T,T,sample16,20,HQ-MIMAG,188547,6
sample16_SemiBin_211,78.19,7.77,Medium quality,F,F,sample16,29,Medium quality,142561,7
sample16_SemiBin_212,51.37,5.86,Medium quality,F,F,sample16,23,Medium quality,282932,6
sample16_SemiBin_219,60.67,3.25,Medium quality,F,T,sample16,8,Medium quality,352008,3
sample16_SemiBin_21,92.3,0.59,High quality,T,F,sample16,7,HQ-MIMAG,1532318,2
sample16_SemiBin_220,57.4,2.22,Medium quality,F,F,sample16,38,Medium quality,170142,11
sample16_SemiBin_223,57.6,2.9,Medium quality,F,T,sample16,9,Medium quality,751334,2
sample16_SemiBin_225,63.21,0.37,Medium quality,F,T,sample16,20,Medium quality,256387,7
sample16_SemiBin_226,59.76,1.18,Medium quality,F,T,sample16,13,Medium quality,603161,3
sample16_SemiBin_22,87.92,0.93,Medium quality,F,F,sample16,18,Medium quality,405985,4
sample16_SemiBin_236,56.64,4.03,Medium quality,F,F,sample16,9,Medium quality,206541,4
sample16_SemiBin_237,52.8,2.81,Medium quality,F,T,sample16,23,Medium quality,184691,6
sample16_SemiBin_23,99.13,2.35,High quality,T,F,sample16,7,HQ-MIMAG,1100576,2
sample16_SemiBin_241,74.65,2.06,Medium quality,F,F,sample16,16,Medium quality,578768,4
sample16_SemiBin_243,63.55,3.2,Medium quality,F,F,sample16,24,Medium quality,179516,6
sample16_SemiBin_247,59.8,4.26,Medium quality,F,F,sample16,23,Medium quality,169883,5
sample16_SemiBin_24,91.7,7.6,Medium quality,F,F,sample16,23,Medium quality,220957,4
sample16_SemiBin_250,76.99,2.61,Medium quality,F,T,sample16,17,Medium quality,376365,5
sample16_SemiBin_255,51.44,2.89,Medium quality,F,F,sample16,50,Medium quality,64596,14
sample16_SemiBin_258,50.36,1.3,Medium quality,F,F,sample16,18,Medium quality,156348,4
sample16_SemiBin_25,88.35,6.62,Medium quality,F,F,sample16,15,Medium quality,274905,5
sample16_SemiBin_263,53.91,9.33,Medium quality,F,T,sample16,61,Medium quality,103563,18
sample16_SemiBin_26,89.21,2.19,Medium quality,F,F,sample16,21,Medium quality,228450,6
sample16_SemiBin_274,61.07,0.38,Medium quality,F,T,sample16,42,Medium quality,134978,10
sample16_SemiBin_275,51.18,1.81,Medium quality,F,T,sample16,37,Medium quality,149132,10
sample16_SemiBin_27,87.56,4.01,Medium quality,F,F,sample16,29,Medium quality,290747,8
sample16_SemiBin_299,52.48,0.35,Medium quality,F,F,sample16,10,Medium quality,323045,4
sample16_SemiBin_29,86.33,1.99,Medium quality,F,T,sample16,24,Medium quality,592003,6
sample16_SemiBin_2,96.85,0.35,High quality,T,T,sample16,1,HQ-MIMAG,3052635,1
sample16_SemiBin_305,50.99,1.48,Medium quality,F,T,sample16,29,Medium quality,115117,8
sample16_SemiBin_30,83.59,3.01,Medium quality,F,F,sample16,12,Medium quality,515755,3
sample16_SemiBin_311,55.49,6.19,Medium quality,F,F,sample16,8,Medium quality,775118,2
sample16_SemiBin_31,94.24,6.74,Medium quality,F,F,sample16,17,Medium quality,467617,4
sample16_SemiBin_323,59.04,8.24,Medium quality,F,F,sample16,52,Medium quality,100898,14
sample16_SemiBin_326,96.01,0.62,High quality,F,F,sample16,9,High quality,276221,3
sample16_SemiBin_32,95.36,4.65,High quality,T,T,sample16,14,HQ-MIMAG,678202,4
sample16_SemiBin_33,85.81,2.15,Medium quality,F,F,sample16,16,Medium quality,341498,4
sample16_SemiBin_34,88.12,0.25,Medium quality,F,F,sample16,6,Medium quality,417851,2
sample16_SemiBin_35,91.4,2.55,High quality,F,F,sample16,7,High quality,830781,2
sample16_SemiBin_36,84.39,0.77,Medium quality,F,T,sample16,20,Medium quality,427824,5
sample16_SemiBin_37,100,4.14,High quality,T,F,sample16,8,HQ-MIMAG,728269,3
sample16_SemiBin_38,89.56,2.4,Medium quality,F,F,sample16,11,Medium quality,742003,2
sample16_SemiBin_39,88.54,2.44,Medium quality,F,F,sample16,21,Medium quality,390036,5
sample16_SemiBin_3,99.99,0.52,High quality,T,T,sample16,13,HQ-MIMAG,430178,4
sample16_SemiBin_40,85.56,0.45,Medium quality,F,F,sample16,19,Medium quality,282156,4
sample16_SemiBin_41,93.12,5.9,Medium quality,F,T,sample16,21,Medium quality,385602,6
sample16_SemiBin_428,61.81,0.2,Medium quality,F,F,sample16,26,Medium quality,92031,8
sample16_SemiBin_42,78.77,1.62,Medium quality,F,T,sample16,35,Medium quality,206484,9
sample16_SemiBin_43,94.5,1.54,High quality,T,T,sample16,21,HQ-MIMAG,584823,4
sample16_SemiBin_44,90.43,9.58,Medium quality,F,F,sample16,19,Medium quality,648011,4
sample16_SemiBin_455,60.78,2.36,Medium quality,F,T,sample16,18,Medium quality,113283,6
sample16_SemiBin_458,53.5,3.65,Medium quality,F,F,sample16,21,Medium quality,117033,6
sample16_SemiBin_45,88.85,6.17,Medium quality,F,F,sample16,16,Medium quality,521185,3
sample16_SemiBin_46,78.02,0.53,Medium quality,F,F,sample16,4,Medium quality,780434,2
sample16_SemiBin_47,80.75,3.69,Medium quality,F,F,sample16,43,Medium quality,152473,11
sample16_SemiBin_487,54.55,1.66,Medium quality,F,T,sample16,17,Medium quality,189095,6
sample16_SemiBin_48,85.09,4.42,Medium quality,F,F,sample16,26,Medium quality,234206,7
sample16_SemiBin_49,87.85,2.18,Medium quality,F,T,sample16,79,Medium quality,176398,18
sample16_SemiBin_4,100,0.26,High quality,T,T,sample16,6,HQ-MIMAG,801476,2
sample16_SemiBin_50,80.89,2.73,Medium quality,F,F,sample16,25,Medium quality,155723,7
sample16_SemiBin_51,89.45,2.59,Medium quality,F,F,sample16,17,Medium quality,328490,5
sample16_SemiBin_52,89.12,4.32,Medium quality,F,T,sample16,25,Medium quality,485242,6
sample16_SemiBin_54,74.77,5.79,Medium quality,F,F,sample16,88,Medium quality,113203,17
sample16_SemiBin_55,89.09,7.62,Medium quality,F,F,sample16,28,Medium quality,327736,5
sample16_SemiBin_56,84.68,0.62,Medium quality,F,F,sample16,24,Medium quality,223763,7
sample16_SemiBin_57,62.73,4.54,Medium quality,F,F,sample16,47,Medium quality,147592,11
sample16_SemiBin_59,81.15,4.86,Medium quality,F,T,sample16,42,Medium quality,180936,11
sample16_SemiBin_5,97.36,1.6,High quality,T,F,sample16,5,HQ-MIMAG,1080200,2
sample16_SemiBin_60,72.88,3.02,Medium quality,F,F,sample16,14,Medium quality,163626,4
sample16_SemiBin_61,93.01,4.17,High quality,F,F,sample16,12,High quality,519031,4
sample16_SemiBin_62,84.92,1.07,Medium quality,F,F,sample16,13,Medium quality,512032,3
sample16_SemiBin_63,81.78,1.56,Medium quality,F,T,sample16,12,Medium quality,494142,4
sample16_SemiBin_64,86.82,8.29,Medium quality,F,T,sample16,48,Medium quality,202765,13
sample16_SemiBin_65,79.01,1.05,Medium quality,F,T,sample16,15,Medium quality,205104,4
sample16_SemiBin_66,76.29,0.01,Medium quality,F,F,sample16,9,Medium quality,586163,3
sample16_SemiBin_67,83.94,2.51,Medium quality,F,T,sample16,37,Medium quality,149771,12
sample16_SemiBin_68,91.39,9.83,Medium quality,F,T,sample16,74,Medium quality,95307,19
sample16_SemiBin_69,82.36,0.82,Medium quality,F,T,sample16,9,Medium quality,721593,3
sample16_SemiBin_6,96.82,0.39,High quality,T,T,sample16,6,HQ-MIMAG,874483,3
sample16_SemiBin_70,72.97,0.57,Medium quality,F,T,sample16,31,Medium quality,149228,8
sample16_SemiBin_71,69.17,1.77,Medium quality,F,T,sample16,26,Medium quality,143574,8
sample16_SemiBin_72,84.6,6.3,Medium quality,F,F,sample16,64,Medium quality,198822,14
sample16_SemiBin_73,88.96,2,Medium quality,F,T,sample16,38,Medium quality,317737,11
sample16_SemiBin_74,81.8,3.34,Medium quality,F,F,sample16,13,Medium quality,760788,3
sample16_SemiBin_75,82.97,7.68,Medium quality,F,F,sample16,7,Medium quality,1379176,2
sample16_SemiBin_76,74.81,0.05,Medium quality,F,F,sample16,8,Medium quality,746034,3
sample16_SemiBin_77,69.16,5.89,Medium quality,F,F,sample16,26,Medium quality,241393,7
sample16_SemiBin_78,72.71,0.71,Medium quality,F,F,sample16,14,Medium quality,244293,4
sample16_SemiBin_79,87.37,0.78,Medium quality,F,F,sample16,11,Medium quality,836553,3
sample16_SemiBin_7,92.07,0.86,High quality,T,T,sample16,19,HQ-MIMAG,372504,4
sample16_SemiBin_80,79.69,1.02,Medium quality,F,F,sample16,8,Medium quality,729388,3
sample16_SemiBin_81,51.54,4.96,Medium quality,F,T,sample16,31,Medium quality,237963,8
sample16_SemiBin_82,82.63,1.78,Medium quality,F,F,sample16,33,Medium quality,162381,10
sample16_SemiBin_83,71.77,0.41,Medium quality,F,F,sample16,7,Medium quality,703052,3
sample16_SemiBin_84,70.45,4.21,Medium quality,F,T,sample16,43,Medium quality,118317,13
sample16_SemiBin_85,67.1,5.15,Medium quality,F,F,sample16,63,Medium quality,128444,12
sample16_SemiBin_86,66.7,5.95,Medium quality,F,F,sample16,7,Medium quality,621691,2
sample16_SemiBin_87,71.28,6.21,Medium quality,F,F,sample16,30,Medium quality,374523,6
sample16_SemiBin_88,80.14,1.55,Medium quality,F,F,sample16,14,Medium quality,433052,4
sample16_SemiBin_89,65.51,6.89,Medium quality,F,T,sample16,51,Medium quality,72806,14
sample16_SemiBin_8,93.66,0.35,High quality,F,F,sample16,9,High quality,568397,2
sample16_SemiBin_90,62.17,6.96,Medium quality,F,T,sample16,37,Medium quality,210408,8
sample16_SemiBin_91,69.85,9.69,Medium quality,F,T,sample16,27,Medium quality,267682,8
sample16_SemiBin_92,99.16,3.96,High quality,T,F,sample16,34,HQ-MIMAG,254537,8
sample16_SemiBin_93,78.2,4.83,Medium quality,F,F,sample16,13,Medium quality,497230,3
sample16_SemiBin_94,62.72,1.96,Medium quality,F,F,sample16,22,Medium quality,209835,5
sample16_SemiBin_96,90.95,3.79,High quality,F,F,sample16,26,High quality,284655,6
sample16_SemiBin_97,68.39,0.69,Medium quality,F,F,sample16,11,Medium quality,374324,4
sample16_SemiBin_981,71.66,9.38,Medium quality,F,T,sample16,43,Medium quality,179075,11
sample16_SemiBin_98,67.12,4.02,Medium quality,F,T,sample16,67,Medium quality,104249,18
sample16_SemiBin_99,66.97,3.64,Medium quality,F,T,sample16,38,Medium quality,288897,9
sample16_SemiBin_9,94.33,0.36,High quality,T,F,sample16,12,HQ-MIMAG,1246704,2
sample17_SemiBin_0,97.58,0.37,High quality,T,F,sample17,11,HQ-MIMAG,553834,3
sample17_SemiBin_100,63.14,2.09,Medium quality,F,F,sample17,36,Medium quality,117473,9
sample17_SemiBin_101,56.5,3.2,Medium quality,F,T,sample17,13,Medium quality,287968,3
sample17_SemiBin_102,62.68,6.29,Medium quality,F,F,sample17,43,Medium quality,153147,10
sample17_SemiBin_103,63.52,0.14,Medium quality,F,F,sample17,27,Medium quality,86202,7
sample17_SemiBin_104,88.82,1.17,Medium quality,F,F,sample17,13,Medium quality,509087,3
sample17_SemiBin_105,72.57,2.42,Medium quality,F,F,sample17,25,Medium quality,313824,6
sample17_SemiBin_106,63.29,2.1,Medium quality,F,T,sample17,40,Medium quality,98705,10
sample17_SemiBin_108,57.25,4.62,Medium quality,F,T,sample17,86,Medium quality,42238,26
sample17_SemiBin_109,60.07,2.58,Medium quality,F,F,sample17,51,Medium quality,99264,11
sample17_SemiBin_10,99.05,2.05,High quality,T,T,sample17,11,HQ-MIMAG,659119,4
sample17_SemiBin_110,51.43,2.92,Medium quality,F,T,sample17,78,Medium quality,71793,22
sample17_SemiBin_111,50.31,0.02,Medium quality,F,F,sample17,12,Medium quality,220259,4
sample17_SemiBin_112,74.51,2.33,Medium quality,F,T,sample17,14,Medium quality,199639,5
sample17_SemiBin_114,60.76,2.21,Medium quality,F,T,sample17,22,Medium quality,228287,7
sample17_SemiBin_117,60.91,2.46,Medium quality,F,T,sample17,14,Medium quality,227993,5
sample17_SemiBin_118,69.98,0.89,Medium quality,F,F,sample17,39,Medium quality,104393,12
sample17_SemiBin_119,52.98,4.87,Medium quality,F,F,sample17,20,Medium quality,238221,7
sample17_SemiBin_11,99.51,1.18,High quality,T,F,sample17,5,HQ-MIMAG,1684621,1
sample17_SemiBin_121,56.59,0.05,Medium quality,F,F,sample17,35,Medium quality,97237,8
sample17_SemiBin_125,80.49,0.04,Medium quality,F,T,sample17,15,Medium quality,390343,3
sample17_SemiBin_126,50.61,0.08,Medium quality,F,T,sample17,7,Medium quality,228505,3
sample17_SemiBin_127,59.08,0.36,Medium quality,F,T,sample17,11,Medium quality,355739,4
sample17_SemiBin_128,53.39,4.16,Medium quality,F,F,sample17,43,Medium quality,117629,13
sample17_SemiBin_12,97.35,3.24,High quality,T,T,sample17,4,HQ-MIMAG,2993468,1
sample17_SemiBin_130,61.49,3.13,Medium quality,F,F,sample17,36,Medium quality,86020,11
sample17_SemiBin_132,52.19,2.58,Medium quality,F,T,sample17,49,Medium quality,67239,14
sample17_SemiBin_136,50.7,0.66,Medium quality,F,T,sample17,51,Medium quality,99547,11
sample17_SemiBin_137,57.91,0.87,Medium quality,F,F,sample17,21,Medium quality,294744,6
sample17_SemiBin_13,100,7.22,Medium quality,F,F,sample17,14,Medium quality,832586,4
sample17_SemiBin_140,81.11,3.87,Medium quality,F,F,sample17,17,Medium quality,419637,5
sample17_SemiBin_144,57.15,1.22,Medium quality,F,F,sample17,17,Medium quality,285771,5
sample17_SemiBin_145,50.98,1.01,Medium quality,F,T,sample17,8,Medium quality,554280,3
sample17_SemiBin_146,60.81,0.22,Medium quality,F,T,sample17,11,Medium quality,539037,3
sample17_SemiBin_147,54.66,2.35,Medium quality,F,T,sample17,108,Medium quality,55582,33
sample17_SemiBin_148,50.49,1.61,Medium quality,F,T,sample17,32,Medium quality,172025,9
sample17_SemiBin_149,57.47,0.46,Medium quality,F,T,sample17,43,Medium quality,58966,11
sample17_SemiBin_14,99.42,6.35,Medium quality,F,T,sample17,4,Medium quality,1382781,2
sample17_SemiBin_150,52.24,3.53,Medium quality,F,T,sample17,35,Medium quality,134268,8
sample17_SemiBin_151,59,0.43,Medium quality,F,T,sample17,29,Medium quality,201575,8
sample17_SemiBin_152,65.97,8.3,Medium quality,F,T,sample17,35,Medium quality,148364,8
sample17_SemiBin_154,57.37,0.69,Medium quality,F,F,sample17,18,Medium quality,166380,5
sample17_SemiBin_1553,70.78,8.74,Medium quality,F,T,sample17,61,Medium quality,118191,17
sample17_SemiBin_1562,51.97,8.62,Medium quality,F,T,sample17,33,Medium quality,105544,10
sample17_SemiBin_157,74.07,0.92,Medium quality,F,F,sample17,14,Medium quality,407941,4
sample17_SemiBin_158,73.14,4.86,Medium quality,F,T,sample17,33,Medium quality,205545,7
sample17_SemiBin_15,92.13,7.34,Medium quality,F,F,sample17,25,Medium quality,298128,5
sample17_SemiBin_160,71.06,0.35,Medium quality,F,T,sample17,11,Medium quality,231483,4
sample17_SemiBin_161,72.97,0.77,Medium quality,F,F,sample17,10,Medium quality,489309,3
sample17_SemiBin_163,54.39,1.24,Medium quality,F,T,sample17,17,Medium quality,219322,4
sample17_SemiBin_165,54.51,5.9,Medium quality,F,T,sample17,73,Medium quality,52098,20
sample17_SemiBin_167,52.72,1.89,Medium quality,F,T,sample17,73,Medium quality,78769,19
sample17_SemiBin_16,95.28,1.67,High quality,T,T,sample17,7,HQ-MIMAG,747643,2
sample17_SemiBin_171,62.09,0.92,Medium quality,F,T,sample17,20,Medium quality,190659,6
sample17_SemiBin_175,81.5,2.5,Medium quality,F,T,sample17,27,Medium quality,199337,6
sample17_SemiBin_178,63.44,2.42,Medium quality,F,F,sample17,23,Medium quality,168035,6
sample17_SemiBin_179,59.04,1.2,Medium quality,F,F,sample17,58,Medium quality,82425,16
sample17_SemiBin_17,94.21,0.6,High quality,T,F,sample17,19,HQ-MIMAG,416952,6
sample17_SemiBin_180,64.28,2.52,Medium quality,F,F,sample17,12,Medium quality,351073,3
sample17_SemiBin_181,75.66,1.9,Medium quality,F,T,sample17,39,Medium quality,152434,10
sample17_SemiBin_184,62.07,0.37,Medium quality,F,T,sample17,11,Medium quality,70668,4
sample17_SemiBin_188,73.18,4.81,Medium quality,F,F,sample17,24,Medium quality,303832,6
sample17_SemiBin_189,68.48,5.81,Medium quality,F,T,sample17,52,Medium quality,113225,16
sample17_SemiBin_18,98.16,1.86,High quality,F,F,sample17,27,High quality,344337,7
sample17_SemiBin_191,69.51,0.49,Medium quality,F,T,sample17,25,Medium quality,205150,6
sample17_SemiBin_192,52.1,0.73,Medium quality,F,T,sample17,42,Medium quality,117485,13
sample17_SemiBin_193,71.67,1.53,Medium quality,F,T,sample17,15,Medium quality,390272,4
sample17_SemiBin_19,90.18,0,High quality,F,F,sample17,6,High quality,785751,2
sample17_SemiBin_1,98.15,2.36,High quality,T,T,sample17,3,HQ-MIMAG,2121961,1
sample17_SemiBin_202,51.76,1.88,Medium quality,F,F,sample17,35,Medium quality,60222,10
sample17_SemiBin_204,64.14,1.95,Medium quality,F,F,sample17,30,Medium quality,144026,9
sample17_SemiBin_205,53.52,1.32,Medium quality,F,T,sample17,29,Medium quality,289426,6
sample17_SemiBin_206,55.61,0.17,Medium quality,F,T,sample17,32,Medium quality,141917,9
sample17_SemiBin_20,90.55,5.29,Medium quality,F,T,sample17,33,Medium quality,287624,8
sample17_SemiBin_216,70.57,2.89,Medium quality,F,F,sample17,33,Medium quality,126636,11
sample17_SemiBin_21,96.71,1.39,High quality,F,T,sample17,8,High quality,902840,2
sample17_SemiBin_220,55.64,1.41,Medium quality,F,T,sample17,25,Medium quality,209350,7
sample17_SemiBin_221,68.91,1.83,Medium quality,F,F,sample17,19,Medium quality,337740,6
sample17_SemiBin_222,55.58,5.85,Medium quality,F,T,sample17,29,Medium quality,196848,7
sample17_SemiBin_223,54.17,7.28,Medium quality,F,T,sample17,66,Medium quality,99890,18
sample17_SemiBin_224,50.2,8.37,Medium quality,F,T,sample17,149,Medium quality,42148,43
sample17_SemiBin_230,55.18,2.14,Medium quality,F,F,sample17,34,Medium quality,121651,9
sample17_SemiBin_234,53.79,2.03,Medium quality,F,F,sample17,66,Medium quality,69429,19
sample17_SemiBin_248,75.04,5.04,Medium quality,F,T,sample17,35,Medium quality,194505,11
sample17_SemiBin_24,90.52,0,High quality,T,F,sample17,8,HQ-MIMAG,508594,3
sample17_SemiBin_251,57.42,2.68,Medium quality,F,F,sample17,7,Medium quality,846589,2
sample17_SemiBin_256,53.1,0.09,Medium quality,F,T,sample17,5,Medium quality,406317,2
sample17_SemiBin_25,87.71,2.27,Medium quality,F,F,sample17,29,Medium quality,145620,7
sample17_SemiBin_262,63.31,1.35,Medium quality,F,F,sample17,25,Medium quality,235468,6
sample17_SemiBin_26,92.87,4.62,High quality,T,F,sample17,18,HQ-MIMAG,385395,6
sample17_SemiBin_272,53.6,0.71,Medium quality,F,T,sample17,39,Medium quality,91944,12
sample17_SemiBin_273,51.48,2.72,Medium quality,F,T,sample17,26,Medium quality,208507,7
sample17_SemiBin_27,95.15,4.58,High quality,T,F,sample17,43,HQ-MIMAG,315248,9
sample17_SemiBin_285,59.23,7.35,Medium quality,F,T,sample17,21,Medium quality,206224,6
sample17_SemiBin_289,52.4,1.14,Medium quality,F,T,sample17,35,Medium quality,125266,9
sample17_SemiBin_291,70.11,6.37,Medium quality,F,T,sample17,56,Medium quality,184726,12
sample17_SemiBin_29,91.8,5.54,Medium quality,F,F,sample17,12,Medium quality,847443,3
sample17_SemiBin_2,93.04,2.53,High quality,T,T,sample17,3,HQ-MIMAG,1841066,1
sample17_SemiBin_30,91.84,1.73,High quality,T,T,sample17,13,HQ-MIMAG,942334,2
sample17_SemiBin_31,92.6,1.76,High quality,T,T,sample17,41,HQ-MIMAG,202617,9
sample17_SemiBin_328,81.92,0.45,Medium quality,F,T,sample17,5,Medium quality,454429,2
sample17_SemiBin_32,89.04,0.73,Medium quality,F,T,sample17,14,Medium quality,431416,3
sample17_SemiBin_331,55.9,0.83,Medium quality,F,F,sample17,18,Medium quality,325589,3
sample17_SemiBin_33,88.29,0.81,Medium quality,F,F,sample17,8,Medium quality,873083,2
sample17_SemiBin_341,97.28,0.2,High quality,F,F,sample17,12,High quality,278963,3
sample17_SemiBin_34,94.55,2.02,High quality,T,T,sample17,16,HQ-MIMAG,753812,3
sample17_SemiBin_35,89.43,2.05,Medium quality,F,T,sample17,8,Medium quality,1494984,2
sample17_SemiBin_36,91.67,2.97,High quality,T,T,sample17,11,HQ-MIMAG,690216,3
sample17_SemiBin_37,80.88,2.85,Medium quality,F,T,sample17,14,Medium quality,291659,4
sample17_SemiBin_38,88.84,9.95,Medium quality,F,F,sample17,55,Medium quality,119493,17
sample17_SemiBin_390,51.81,3.44,Medium quality,F,T,sample17,10,Medium quality,523398,3
sample17_SemiBin_399,64.05,3.07,Medium quality,F,T,sample17,8,Medium quality,226280,3
sample17_SemiBin_39,98.3,6.11,Medium quality,F,F,sample17,19,Medium quality,233156,5
sample17_SemiBin_3,92.37,0.35,High quality,T,T,sample17,5,HQ-MIMAG,924693,2
sample17_SemiBin_40,84.39,4.08,Medium quality,F,F,sample17,11,Medium quality,398949,4
sample17_SemiBin_412,64.51,1.74,Medium quality,F,T,sample17,29,Medium quality,68531,7
sample17_SemiBin_41,91.9,9.85,Medium quality,F,T,sample17,53,Medium quality,322794,10
sample17_SemiBin_42,74.99,4.32,Medium quality,F,F,sample17,34,Medium quality,159045,10
sample17_SemiBin_436,64.61,1.71,Medium quality,F,T,sample17,30,Medium quality,100532,7
sample17_SemiBin_43,91.65,5.6,Medium quality,F,F,sample17,26,Medium quality,382636,6
sample17_SemiBin_44,75.33,0.97,Medium quality,F,T,sample17,17,Medium quality,364661,4
sample17_SemiBin_459,60.36,5.64,Medium quality,F,T,sample17,95,Medium quality,109476,19
sample17_SemiBin_45,93.49,3.3,High quality,F,F,sample17,9,High quality,866829,2
sample17_SemiBin_46,89.32,1.26,Medium quality,F,F,sample17,15,Medium quality,298002,5
sample17_SemiBin_471,66.56,5.87,Medium quality,F,T,sample17,21,Medium quality,47980,7
sample17_SemiBin_47,83.26,7.33,Medium quality,F,T,sample17,17,Medium quality,395885,5
sample17_SemiBin_49,81.24,6.61,Medium quality,F,T,sample17,45,Medium quality,263869,10
sample17_SemiBin_4,95.99,0.56,High quality,T,F,sample17,14,HQ-MIMAG,558892,3
sample17_SemiBin_50,83.97,2.71,Medium quality,F,T,sample17,47,Medium quality,124405,10
sample17_SemiBin_51,85.99,4.24,Medium quality,F,T,sample17,14,Medium quality,744186,3
sample17_SemiBin_52,84.01,1.68,Medium quality,F,T,sample17,7,Medium quality,785647,2
sample17_SemiBin_53,77.03,0.82,Medium quality,F,T,sample17,15,Medium quality,226089,5
sample17_SemiBin_54,85.43,2.63,Medium quality,F,F,sample17,26,Medium quality,185113,8
sample17_SemiBin_556,64.63,4,Medium quality,F,T,sample17,16,Medium quality,242063,5
sample17_SemiBin_55,83.47,3.45,Medium quality,F,T,sample17,21,Medium quality,214696,6
sample17_SemiBin_56,83.24,1.89,Medium quality,F,T,sample17,8,Medium quality,553387,3
sample17_SemiBin_57,81.5,3.55,Medium quality,F,T,sample17,25,Medium quality,300173,7
sample17_SemiBin_585,51.01,8.35,Medium quality,F,F,sample17,45,Medium quality,88278,13
sample17_SemiBin_58,79.48,0.94,Medium quality,F,T,sample17,13,Medium quality,402802,3
sample17_SemiBin_590,52.54,7.55,Medium quality,F,T,sample17,99,Medium quality,75928,28
sample17_SemiBin_59,89.91,2.6,Medium quality,F,F,sample17,11,Medium quality,320540,4
sample17_SemiBin_5,99.05,0.61,High quality,T,T,sample17,14,HQ-MIMAG,819070,2
sample17_SemiBin_602,53.77,3.84,Medium quality,F,T,sample17,19,Medium quality,68215,6
sample17_SemiBin_607,60.25,7.81,Medium quality,F,T,sample17,10,Medium quality,273832,3
sample17_SemiBin_60,90.61,4.72,High quality,T,T,sample17,29,HQ-MIMAG,210780,6
sample17_SemiBin_61,93.45,6.06,Medium quality,F,T,sample17,31,Medium quality,222163,10
sample17_SemiBin_62,69.09,6.02,Medium quality,F,T,sample17,36,Medium quality,153187,10
sample17_SemiBin_63,66.09,3.95,Medium quality,F,F,sample17,20,Medium quality,210733,5
sample17_SemiBin_64,78.1,2.17,Medium quality,F,F,sample17,27,Medium quality,139267,6
sample17_SemiBin_65,72.97,0.41,Medium quality,F,F,sample17,12,Medium quality,238836,4
sample17_SemiBin_66,83.93,4.04,Medium quality,F,T,sample17,25,Medium quality,180816,5
sample17_SemiBin_67,77.01,1.76,Medium quality,F,T,sample17,42,Medium quality,92661,13
sample17_SemiBin_68,75.05,0.47,Medium quality,F,T,sample17,10,Medium quality,270260,4
sample17_SemiBin_69,75.68,0.91,Medium quality,F,T,sample17,49,Medium quality,132883,13
sample17_SemiBin_6,97.2,2.47,High quality,T,T,sample17,5,HQ-MIMAG,1202938,2
sample17_SemiBin_70,66.21,1.26,Medium quality,F,T,sample17,63,Medium quality,95238,17
sample17_SemiBin_714,53.19,1.37,Medium quality,F,T,sample17,5,Medium quality,328548,2
sample17_SemiBin_71,80.82,0.53,Medium quality,F,F,sample17,26,Medium quality,262596,8
sample17_SemiBin_72,73.91,2.33,Medium quality,F,F,sample17,10,Medium quality,528162,3
sample17_SemiBin_73,72.94,3.56,Medium quality,F,F,sample17,30,Medium quality,326849,9
sample17_SemiBin_74,58.47,0.71,Medium quality,F,F,sample17,21,Medium quality,146940,6
sample17_SemiBin_75,64.9,1.32,Medium quality,F,T,sample17,13,Medium quality,330095,2
sample17_SemiBin_76,70.37,2.38,Medium quality,F,T,sample17,25,Medium quality,162898,8
sample17_SemiBin_78,82.52,1.47,Medium quality,F,F,sample17,39,Medium quality,157848,12
sample17_SemiBin_79,73.24,3.2,Medium quality,F,F,sample17,18,Medium quality,503900,5
sample17_SemiBin_7,96.59,1.57,High quality,T,T,sample17,4,HQ-MIMAG,703524,2
sample17_SemiBin_80,68.51,0.73,Medium quality,F,T,sample17,41,Medium quality,124407,10
sample17_SemiBin_81,68.39,2.31,Medium quality,F,F,sample17,9,Medium quality,367909,3
sample17_SemiBin_82,64.67,0.9,Medium quality,F,F,sample17,35,Medium quality,135473,12
sample17_SemiBin_84,76.29,3.02,Medium quality,F,T,sample17,37,Medium quality,157213,10
sample17_SemiBin_85,69.24,2.98,Medium quality,F,F,sample17,24,Medium quality,145535,7
sample17_SemiBin_86,57.28,1.39,Medium quality,F,T,sample17,2,Medium quality,1496211,1
sample17_SemiBin_87,74.25,2.19,Medium quality,F,F,sample17,30,Medium quality,112692,8
sample17_SemiBin_88,68.46,4.56,Medium quality,F,T,sample17,30,Medium quality,125639,6
sample17_SemiBin_89,58.73,1.13,Medium quality,F,T,sample17,42,Medium quality,134761,10
sample17_SemiBin_8,93.05,4.63,High quality,T,F,sample17,23,HQ-MIMAG,208444,5
sample17_SemiBin_904,51.6,8.88,Medium quality,F,T,sample17,39,Medium quality,107225,10
sample17_SemiBin_90,67.24,0.16,Medium quality,F,F,sample17,21,Medium quality,208716,7
sample17_SemiBin_91,72.86,1.4,Medium quality,F,T,sample17,12,Medium quality,106771,4
sample17_SemiBin_92,75.93,2.17,Medium quality,F,F,sample17,22,Medium quality,391076,6
sample17_SemiBin_93,79.07,7.49,Medium quality,F,F,sample17,32,Medium quality,254004,9
sample17_SemiBin_941,54.47,8.35,Medium quality,F,T,sample17,16,Medium quality,121114,6
sample17_SemiBin_94,72.06,5.27,Medium quality,F,T,sample17,83,Medium quality,109096,25
sample17_SemiBin_955,50.1,4.14,Medium quality,F,T,sample17,11,Medium quality,115644,4
sample17_SemiBin_95,70.54,5.23,Medium quality,F,F,sample17,43,Medium quality,92111,12
sample17_SemiBin_96,63.96,0.59,Medium quality,F,T,sample17,22,Medium quality,210796,7
sample17_SemiBin_97,69.33,7.01,Medium quality,F,F,sample17,34,Medium quality,217491,7
sample17_SemiBin_98,59.32,1.38,Medium quality,F,T,sample17,31,Medium quality,152103,10
sample17_SemiBin_99,69.09,1.17,Medium quality,F,T,sample17,22,Medium quality,338784,6
sample17_SemiBin_9,99.99,4.79,High quality,T,F,sample17,9,HQ-MIMAG,1647821,2
sample18_SemiBin_0,97.36,0.27,High quality,T,T,sample18,1,HQ-MIMAG,2286103,1
sample18_SemiBin_100,82.8,2.27,Medium quality,F,T,sample18,12,Medium quality,382676,4
sample18_SemiBin_101,90.36,4.58,High quality,T,F,sample18,26,HQ-MIMAG,364888,6
sample18_SemiBin_103,92.96,1.53,High quality,T,T,sample18,17,HQ-MIMAG,636280,5
sample18_SemiBin_104,81.99,1.68,Medium quality,F,T,sample18,32,Medium quality,142363,8
sample18_SemiBin_105,86.21,0.76,Medium quality,F,T,sample18,7,Medium quality,791732,3
sample18_SemiBin_106,89.85,2.35,Medium quality,F,T,sample18,16,Medium quality,730809,4
sample18_SemiBin_107,81.53,2.06,Medium quality,F,T,sample18,20,Medium quality,605209,5
sample18_SemiBin_1090,52.4,5.95,Medium quality,F,T,sample18,25,Medium quality,164902,8
sample18_SemiBin_109,81.56,1.64,Medium quality,F,T,sample18,23,Medium quality,235874,7
sample18_SemiBin_10,95.24,1.8,High quality,T,T,sample18,17,HQ-MIMAG,308797,4
sample18_SemiBin_110,81.82,0.76,Medium quality,F,T,sample18,7,Medium quality,1129736,2
sample18_SemiBin_111,83.52,1,Medium quality,F,T,sample18,16,Medium quality,408404,4
sample18_SemiBin_112,76.95,0.99,Medium quality,F,T,sample18,24,Medium quality,267178,5
sample18_SemiBin_113,87.42,4.82,Medium quality,F,T,sample18,10,Medium quality,549352,3
sample18_SemiBin_114,87.06,8.54,Medium quality,F,T,sample18,12,Medium quality,535415,3
sample18_SemiBin_115,87.57,2.65,Medium quality,F,T,sample18,57,Medium quality,312556,10
sample18_SemiBin_116,84.08,0.01,Medium quality,F,T,sample18,8,Medium quality,237394,2
sample18_SemiBin_117,80.32,1.03,Medium quality,F,T,sample18,13,Medium quality,641492,3
sample18_SemiBin_118,82.29,1.42,Medium quality,F,T,sample18,19,Medium quality,401357,5
sample18_SemiBin_119,81.79,0.34,Medium quality,F,T,sample18,10,Medium quality,525988,3
sample18_SemiBin_11,94.39,1.6,High quality,T,T,sample18,6,HQ-MIMAG,1340722,2
sample18_SemiBin_120,73.77,2.33,Medium quality,F,T,sample18,13,Medium quality,413036,4
sample18_SemiBin_121,89.82,0.19,Medium quality,F,T,sample18,10,Medium quality,1017910,3
sample18_SemiBin_122,82.37,2.11,Medium quality,F,T,sample18,11,Medium quality,215452,3
sample18_SemiBin_123,90.02,7.65,Medium quality,F,T,sample18,44,Medium quality,265796,10
sample18_SemiBin_124,89.57,3.51,Medium quality,F,T,sample18,19,Medium quality,310860,6
sample18_SemiBin_125,75.75,1.93,Medium quality,F,T,sample18,22,Medium quality,250342,5
sample18_SemiBin_126,90.5,4.12,High quality,T,T,sample18,23,HQ-MIMAG,461954,5
sample18_SemiBin_127,86.02,0.99,Medium quality,F,T,sample18,10,Medium quality,713007,3
sample18_SemiBin_128,72.83,1.83,Medium quality,F,F,sample18,12,Medium quality,249484,4
sample18_SemiBin_129,79.89,4.09,Medium quality,F,T,sample18,17,Medium quality,363635,4
sample18_SemiBin_12,99.14,4.07,High quality,T,F,sample18,23,HQ-MIMAG,410781,5
sample18_SemiBin_130,82.69,0.83,Medium quality,F,T,sample18,7,Medium quality,899871,2
sample18_SemiBin_131,80.01,3.79,Medium quality,F,T,sample18,26,Medium quality,477477,5
sample18_SemiBin_1328,58.43,6.7,Medium quality,F,F,sample18,23,Medium quality,413937,5
sample18_SemiBin_132,81.88,1.17,Medium quality,F,T,sample18,24,Medium quality,398034,7
sample18_SemiBin_133,79.47,0.27,Medium quality,F,T,sample18,56,Medium quality,168829,14
sample18_SemiBin_134,85.88,3.47,Medium quality,F,T,sample18,83,Medium quality,155279,24
sample18_SemiBin_135,81.08,7.4,Medium quality,F,T,sample18,26,Medium quality,555488,6
sample18_SemiBin_136,91.98,1.91,High quality,T,T,sample18,15,HQ-MIMAG,506212,4
sample18_SemiBin_137,69.45,5.23,Medium quality,F,T,sample18,37,Medium quality,236564,11
sample18_SemiBin_139,82.22,6.73,Medium quality,F,T,sample18,13,Medium quality,532598,3
sample18_SemiBin_13,96.4,3.12,High quality,T,T,sample18,13,HQ-MIMAG,531369,3
sample18_SemiBin_140,89.16,2.95,Medium quality,F,T,sample18,18,Medium quality,446726,5
sample18_SemiBin_141,85.77,0.58,Medium quality,F,T,sample18,10,Medium quality,990324,3
sample18_SemiBin_142,80.07,0.88,Medium quality,F,F,sample18,8,Medium quality,399867,4
sample18_SemiBin_143,71.61,2.59,Medium quality,F,T,sample18,29,Medium quality,113671,10
sample18_SemiBin_144,64.94,1.44,Medium quality,F,F,sample18,12,Medium quality,303501,3
sample18_SemiBin_145,71.05,2.23,Medium quality,F,F,sample18,15,Medium quality,398415,4
sample18_SemiBin_146,74.19,0.86,Medium quality,F,F,sample18,19,Medium quality,273167,6
sample18_SemiBin_147,84.01,5.27,Medium quality,F,F,sample18,14,Medium quality,634513,3
sample18_SemiBin_148,74.23,2.39,Medium quality,F,F,sample18,23,Medium quality,171195,6
sample18_SemiBin_149,81.92,7.32,Medium quality,F,T,sample18,36,Medium quality,182079,8
sample18_SemiBin_14,96.68,1.55,High quality,T,T,sample18,8,HQ-MIMAG,1219808,2
sample18_SemiBin_150,81.67,5.12,Medium quality,F,T,sample18,30,Medium quality,349905,8
sample18_SemiBin_151,79.57,2.31,Medium quality,F,T,sample18,27,Medium quality,283013,6
sample18_SemiBin_152,83.75,1.29,Medium quality,F,F,sample18,21,Medium quality,206878,7
sample18_SemiBin_153,75.05,2.42,Medium quality,F,T,sample18,28,Medium quality,185755,7
sample18_SemiBin_154,61.19,0.51,Medium quality,F,F,sample18,9,Medium quality,297522,2
sample18_SemiBin_155,68.04,0.9,Medium quality,F,F,sample18,26,Medium quality,251588,5
sample18_SemiBin_156,76.71,1.25,Medium quality,F,T,sample18,21,Medium quality,264768,4
sample18_SemiBin_157,70.11,0.6,Medium quality,F,F,sample18,9,Medium quality,519984,3
sample18_SemiBin_158,71.2,0.1,Medium quality,F,T,sample18,17,Medium quality,252142,5
sample18_SemiBin_159,59.56,4.67,Medium quality,F,T,sample18,27,Medium quality,134415,7
sample18_SemiBin_15,96.41,5.02,Medium quality,F,T,sample18,18,Medium quality,441145,4
sample18_SemiBin_160,94.7,1.49,High quality,F,T,sample18,8,High quality,627807,3
sample18_SemiBin_161,69.97,0.94,Medium quality,F,T,sample18,27,Medium quality,139944,7
sample18_SemiBin_162,76.63,4.46,Medium quality,F,T,sample18,2,Medium quality,3524661,1
sample18_SemiBin_163,62.24,0.6,Medium quality,F,T,sample18,18,Medium quality,253759,5
sample18_SemiBin_164,77.44,3.52,Medium quality,F,T,sample18,44,Medium quality,114037,10
sample18_SemiBin_165,61.31,0.73,Medium quality,F,F,sample18,53,Medium quality,112789,13
sample18_SemiBin_166,67.45,2.61,Medium quality,F,T,sample18,14,Medium quality,292161,5
sample18_SemiBin_167,60.6,1.36,Medium quality,F,T,sample18,19,Medium quality,161307,7
sample18_SemiBin_168,77.61,0.17,Medium quality,F,T,sample18,41,Medium quality,178232,11
sample18_SemiBin_169,70.81,2.34,Medium quality,F,F,sample18,28,Medium quality,158944,7
sample18_SemiBin_16,100,0.92,High quality,T,T,sample18,7,HQ-MIMAG,1383006,2
sample18_SemiBin_170,76.24,9.72,Medium quality,F,T,sample18,92,Medium quality,97316,24
sample18_SemiBin_171,86.11,5.23,Medium quality,F,T,sample18,57,Medium quality,286420,10
sample18_SemiBin_172,68.75,6.68,Medium quality,F,T,sample18,39,Medium quality,119091,11
sample18_SemiBin_173,62.74,1.61,Medium quality,F,T,sample18,21,Medium quality,162309,6
sample18_SemiBin_174,67.3,1.72,Medium quality,F,F,sample18,17,Medium quality,234532,6
sample18_SemiBin_175,77.6,7.67,Medium quality,F,T,sample18,25,Medium quality,112375,7
sample18_SemiBin_176,71.08,2.02,Medium quality,F,T,sample18,30,Medium quality,180936,9
sample18_SemiBin_177,73.28,1.8,Medium quality,F,T,sample18,18,Medium quality,407641,6
sample18_SemiBin_178,69.48,3.16,Medium quality,F,T,sample18,54,Medium quality,114281,17
sample18_SemiBin_179,55.15,1.14,Medium quality,F,F,sample18,14,Medium quality,280950,5
sample18_SemiBin_17,97.94,1.04,High quality,T,T,sample18,5,HQ-MIMAG,2124533,2
sample18_SemiBin_180,63.63,0.59,Medium quality,F,T,sample18,11,Medium quality,393052,4
sample18_SemiBin_181,66.03,3.02,Medium quality,F,T,sample18,37,Medium quality,107401,10
sample18_SemiBin_182,64.67,0.09,Medium quality,F,T,sample18,6,Medium quality,442101,2
sample18_SemiBin_183,65.32,0.75,Medium quality,F,T,sample18,12,Medium quality,396202,3
sample18_SemiBin_185,50.76,2.38,Medium quality,F,T,sample18,40,Medium quality,106534,10
sample18_SemiBin_186,67.38,0.51,Medium quality,F,T,sample18,15,Medium quality,319204,4
sample18_SemiBin_187,64.27,8.7,Medium quality,F,T,sample18,25,Medium quality,227953,8
sample18_SemiBin_188,58.36,0.57,Medium quality,F,T,sample18,44,Medium quality,200749,9
sample18_SemiBin_189,53.98,2.13,Medium quality,F,T,sample18,78,Medium quality,89858,17
sample18_SemiBin_18,100,1.1,High quality,T,T,sample18,3,HQ-MIMAG,5285595,1
sample18_SemiBin_190,67.54,5.68,Medium quality,F,F,sample18,22,Medium quality,180500,8
sample18_SemiBin_191,68.73,7.18,Medium quality,F,T,sample18,3,Medium quality,1301128,1
sample18_SemiBin_192,72.88,0,Medium quality,F,F,sample18,7,Medium quality,330817,3
sample18_SemiBin_193,69.28,0.19,Medium quality,F,T,sample18,11,Medium quality,511618,4
sample18_SemiBin_194,57.67,0.16,Medium quality,F,T,sample18,17,Medium quality,320753,5
sample18_SemiBin_195,59.92,0.22,Medium quality,F,F,sample18,19,Medium quality,166953,4
sample18_SemiBin_196,51.24,0.37,Medium quality,F,T,sample18,24,Medium quality,119644,7
sample18_SemiBin_197,57.12,0.86,Medium quality,F,F,sample18,24,Medium quality,160215,7
sample18_SemiBin_198,50.72,0.65,Medium quality,F,F,sample18,26,Medium quality,166586,7
sample18_SemiBin_199,58.83,2.66,Medium quality,F,T,sample18,38,Medium quality,95663,9
sample18_SemiBin_19,94.91,0.61,High quality,T,T,sample18,3,HQ-MIMAG,2536907,1
sample18_SemiBin_1,97.6,0.3,High quality,T,F,sample18,6,HQ-MIMAG,715208,2
sample18_SemiBin_200,54.36,3.56,Medium quality,F,T,sample18,33,Medium quality,202133,9
sample18_SemiBin_201,61.02,4.67,Medium quality,F,F,sample18,20,Medium quality,299726,5
sample18_SemiBin_2022,59.42,9.61,Medium quality,F,T,sample18,67,Medium quality,86927,16
sample18_SemiBin_203,58.06,0.24,Medium quality,F,T,sample18,1,Medium quality,4055012,1
sample18_SemiBin_204,58.97,0.66,Medium quality,F,T,sample18,7,Medium quality,719862,3
sample18_SemiBin_2059,54.13,7.22,Medium quality,F,T,sample18,52,Medium quality,60735,16
sample18_SemiBin_205,54.06,3.25,Medium quality,F,T,sample18,32,Medium quality,146836,10
sample18_SemiBin_207,85.09,0.89,Medium quality,F,T,sample18,5,Medium quality,894398,2
sample18_SemiBin_208,57.75,1.26,Medium quality,F,T,sample18,14,Medium quality,371993,4
sample18_SemiBin_209,51.44,1.02,Medium quality,F,T,sample18,35,Medium quality,218477,9
sample18_SemiBin_20,94.25,0.43,High quality,T,T,sample18,4,HQ-MIMAG,3721897,1
sample18_SemiBin_2111,51.85,8.52,Medium quality,F,T,sample18,299,Medium quality,37303,87
sample18_SemiBin_211,100,1.57,High quality,F,F,sample18,26,High quality,364226,5
sample18_SemiBin_212,58.57,0.06,Medium quality,F,F,sample18,29,Medium quality,431700,7
sample18_SemiBin_213,66.19,1.22,Medium quality,F,T,sample18,67,Medium quality,100039,19
sample18_SemiBin_216,78.11,4.77,Medium quality,F,F,sample18,9,Medium quality,459226,3
sample18_SemiBin_217,55.65,0.01,Medium quality,F,F,sample18,41,Medium quality,119158,12
sample18_SemiBin_218,87.83,0.31,Medium quality,F,T,sample18,6,Medium quality,2348639,1
sample18_SemiBin_219,57.82,6.61,Medium quality,F,T,sample18,28,Medium quality,91320,9
sample18_SemiBin_21,99.14,0.02,High quality,T,T,sample18,3,HQ-MIMAG,3914891,1
sample18_SemiBin_220,59.85,1.64,Medium quality,F,T,sample18,65,Medium quality,82592,19
sample18_SemiBin_221,59.32,1.2,Medium quality,F,F,sample18,22,Medium quality,253240,6
sample18_SemiBin_223,58.03,7.92,Medium quality,F,T,sample18,39,Medium quality,119485,13
sample18_SemiBin_224,53.78,0.73,Medium quality,F,F,sample18,24,Medium quality,132351,7
sample18_SemiBin_226,51.83,0,Medium quality,F,T,sample18,1,Medium quality,2051662,1
sample18_SemiBin_227,86.4,3.15,Medium quality,F,T,sample18,20,Medium quality,213860,6
sample18_SemiBin_228,57.29,1.57,Medium quality,F,F,sample18,40,Medium quality,92895,14
sample18_SemiBin_22,90.24,0.27,High quality,T,T,sample18,13,HQ-MIMAG,734192,4
sample18_SemiBin_230,57,7.17,Medium quality,F,T,sample18,27,Medium quality,122557,8
sample18_SemiBin_231,79.62,1.78,Medium quality,F,F,sample18,30,Medium quality,224901,9
sample18_SemiBin_235,64.55,1.98,Medium quality,F,T,sample18,28,Medium quality,126358,7
sample18_SemiBin_236,71.8,5.43,Medium quality,F,F,sample18,19,Medium quality,431682,4
sample18_SemiBin_23,98.06,2.55,High quality,F,F,sample18,7,High quality,730746,3
sample18_SemiBin_240,83.1,3.08,Medium quality,F,T,sample18,16,Medium quality,363810,5
sample18_SemiBin_241,71.25,0.74,Medium quality,F,T,sample18,48,Medium quality,175958,14
sample18_SemiBin_245,52.89,4.57,Medium quality,F,T,sample18,37,Medium quality,82249,11
sample18_SemiBin_247,56.14,2.14,Medium quality,F,T,sample18,27,Medium quality,159438,8
sample18_SemiBin_248,58.31,7.01,Medium quality,F,F,sample18,13,Medium quality,325114,4
sample18_SemiBin_249,73.86,0.29,Medium quality,F,T,sample18,9,Medium quality,793012,2
sample18_SemiBin_24,98.84,0.32,High quality,T,T,sample18,1,HQ-MIMAG,3037426,1
sample18_SemiBin_250,61.24,3.68,Medium quality,F,F,sample18,27,Medium quality,382049,6
sample18_SemiBin_251,54.31,2.51,Medium quality,F,F,sample18,43,Medium quality,141364,11
sample18_SemiBin_252,84.4,0.94,Medium quality,F,T,sample18,22,Medium quality,393614,5
sample18_SemiBin_255,56.29,4.34,Medium quality,F,T,sample18,42,Medium quality,190658,12
sample18_SemiBin_256,74.81,4.95,Medium quality,F,T,sample18,13,Medium quality,336322,4
sample18_SemiBin_257,71.93,4.67,Medium quality,F,T,sample18,24,Medium quality,475864,6
sample18_SemiBin_25,98.65,0.02,High quality,F,T,sample18,9,High quality,596940,3
sample18_SemiBin_264,61.02,1.52,Medium quality,F,F,sample18,39,Medium quality,164422,11
sample18_SemiBin_266,57.48,3.49,Medium quality,F,T,sample18,11,Medium quality,371498,3
sample18_SemiBin_26,85.89,0.2,Medium quality,F,F,sample18,14,Medium quality,299514,5
sample18_SemiBin_270,88.29,7.04,Medium quality,F,T,sample18,24,Medium quality,493766,4
sample18_SemiBin_273,66.27,1.08,Medium quality,F,F,sample18,11,Medium quality,256167,4
sample18_SemiBin_274,56.16,1.25,Medium quality,F,T,sample18,28,Medium quality,204569,6
sample18_SemiBin_275,63.15,4.66,Medium quality,F,T,sample18,29,Medium quality,145415,9
sample18_SemiBin_27,89.52,0.68,Medium quality,F,T,sample18,10,Medium quality,588009,3
sample18_SemiBin_283,80.34,2.49,Medium quality,F,F,sample18,15,Medium quality,405484,5
sample18_SemiBin_284,75.74,2.63,Medium quality,F,T,sample18,15,Medium quality,443655,5
sample18_SemiBin_285,50.81,2.99,Medium quality,F,T,sample18,30,Medium quality,108287,7
sample18_SemiBin_28,89.39,0.61,Medium quality,F,T,sample18,5,Medium quality,1797211,2
sample18_SemiBin_292,58.85,9.63,Medium quality,F,T,sample18,51,Medium quality,148414,15
sample18_SemiBin_296,53.5,3.39,Medium quality,F,T,sample18,31,Medium quality,109238,8
sample18_SemiBin_298,54.92,0,Medium quality,F,F,sample18,11,Medium quality,284403,3
sample18_SemiBin_29,91.6,3.74,High quality,F,F,sample18,7,High quality,860633,3
sample18_SemiBin_2,96.69,0.11,High quality,T,F,sample18,3,HQ-MIMAG,2011007,1
sample18_SemiBin_300,54.78,0.62,Medium quality,F,T,sample18,4,Medium quality,1113053,2
sample18_SemiBin_304,59.28,3.6,Medium quality,F,F,sample18,25,Medium quality,290037,6
sample18_SemiBin_305,59.22,4.99,Medium quality,F,T,sample18,59,Medium quality,207706,15
sample18_SemiBin_306,60.85,0.1,Medium quality,F,F,sample18,21,Medium quality,158184,7
sample18_SemiBin_30,93.44,0.97,High quality,F,T,sample18,6,High quality,1440670,2
sample18_SemiBin_310,61.17,1.14,Medium quality,F,T,sample18,23,Medium quality,291017,7
sample18_SemiBin_311,93.7,2.11,High quality,F,T,sample18,22,High quality,327876,7
sample18_SemiBin_312,56.3,3.4,Medium quality,F,T,sample18,25,Medium quality,144144,7
sample18_SemiBin_315,62.62,0.29,Medium quality,F,F,sample18,5,Medium quality,756752,2
sample18_SemiBin_317,54.76,1.54,Medium quality,F,T,sample18,29,Medium quality,149969,6
sample18_SemiBin_318,79.43,7.34,Medium quality,F,F,sample18,39,Medium quality,147060,8
sample18_SemiBin_319,67.59,4.09,Medium quality,F,T,sample18,27,Medium quality,89980,8
sample18_SemiBin_31,96.02,0.27,High quality,T,F,sample18,3,HQ-MIMAG,1911297,1
sample18_SemiBin_321,82.85,2.39,Medium quality,F,T,sample18,20,Medium quality,583967,5
sample18_SemiBin_327,55.85,0.38,Medium quality,F,T,sample18,16,Medium quality,180833,4
sample18_SemiBin_32,93.25,5.03,Medium quality,F,F,sample18,18,Medium quality,202195,5
sample18_SemiBin_336,62.22,0.87,Medium quality,F,T,sample18,32,Medium quality,234855,8
sample18_SemiBin_339,72.37,7.93,Medium quality,F,F,sample18,36,Medium quality,202434,8
sample18_SemiBin_33,96.06,3.58,High quality,T,F,sample18,19,HQ-MIMAG,328340,5
sample18_SemiBin_347,51.17,7.22,Medium quality,F,T,sample18,43,Medium quality,123523,12
sample18_SemiBin_348,63.51,4.99,Medium quality,F,T,sample18,14,Medium quality,323183,5
sample18_SemiBin_34,93.07,0.67,High quality,T,T,sample18,17,HQ-MIMAG,432665,5
sample18_SemiBin_355,52.23,0.35,Medium quality,F,T,sample18,11,Medium quality,319533,3
sample18_SemiBin_357,72.45,3.71,Medium quality,F,F,sample18,25,Medium quality,406528,5
sample18_SemiBin_358,62.61,2.47,Medium quality,F,T,sample18,9,Medium quality,377624,3
sample18_SemiBin_35,100,5.53,Medium quality,F,T,sample18,12,Medium quality,839158,3
sample18_SemiBin_364,54.39,1.81,Medium quality,F,T,sample18,7,Medium quality,362764,3
sample18_SemiBin_36,96.24,0.17,High quality,T,T,sample18,13,HQ-MIMAG,793195,3
sample18_SemiBin_371,51.74,0.34,Medium quality,F,F,sample18,25,Medium quality,150902,8
sample18_SemiBin_373,59.47,0.31,Medium quality,F,T,sample18,18,Medium quality,197816,6
sample18_SemiBin_37,97.05,1.63,High quality,T,T,sample18,4,HQ-MIMAG,1122396,2
sample18_SemiBin_38,97.46,2.54,High quality,T,T,sample18,12,HQ-MIMAG,664249,3
sample18_SemiBin_390,51.57,0.71,Medium quality,F,F,sample18,9,Medium quality,262763,4
sample18_SemiBin_392,51.63,3.18,Medium quality,F,T,sample18,16,Medium quality,408471,4
sample18_SemiBin_39,96.32,0.83,High quality,T,T,sample18,10,HQ-MIMAG,973360,2
sample18_SemiBin_3,94.85,0,High quality,T,T,sample18,8,HQ-MIMAG,1252878,2
sample18_SemiBin_403,59.78,3.67,Medium quality,F,F,sample18,30,Medium quality,192523,7
sample18_SemiBin_40,94.78,7.62,Medium quality,F,F,sample18,43,Medium quality,206253,10
sample18_SemiBin_413,51.49,4.84,Medium quality,F,T,sample18,34,Medium quality,169886,10
sample18_SemiBin_414,52.58,0.99,Medium quality,F,T,sample18,3,Medium quality,1050553,1
sample18_SemiBin_415,61.36,1.59,Medium quality,F,F,sample18,15,Medium quality,315360,4
sample18_SemiBin_416,53.05,2.56,Medium quality,F,T,sample18,30,Medium quality,152444,8
sample18_SemiBin_41,100,0.87,High quality,T,T,sample18,11,HQ-MIMAG,1024972,3
sample18_SemiBin_422,53,0.18,Medium quality,F,T,sample18,19,Medium quality,209676,6
sample18_SemiBin_42,92.96,0.15,High quality,T,T,sample18,4,HQ-MIMAG,1138230,2
sample18_SemiBin_43,99.96,1.31,High quality,T,T,sample18,10,HQ-MIMAG,778316,3
sample18_SemiBin_440,50.99,1.51,Medium quality,F,F,sample18,38,Medium quality,120356,12
sample18_SemiBin_44,98.25,0.79,High quality,T,T,sample18,8,HQ-MIMAG,806555,3
sample18_SemiBin_452,90.86,4.08,High quality,T,F,sample18,28,HQ-MIMAG,247496,7
sample18_SemiBin_45,93.18,0.05,High quality,T,T,sample18,4,HQ-MIMAG,2038333,1
sample18_SemiBin_466,53.67,1.23,Medium quality,F,F,sample18,5,Medium quality,743553,2
sample18_SemiBin_46,90.3,0.65,High quality,F,F,sample18,3,High quality,1229294,2
sample18_SemiBin_476,96.02,0.13,High quality,F,F,sample18,4,High quality,409482,2
sample18_SemiBin_47,95.32,0.64,High quality,T,T,sample18,18,HQ-MIMAG,369746,5
sample18_SemiBin_48,94.1,0.93,High quality,T,T,sample18,8,HQ-MIMAG,1336714,2
sample18_SemiBin_494,86.74,0.48,Medium quality,F,F,sample18,11,Medium quality,473179,3
sample18_SemiBin_49,92.9,0.93,High quality,T,T,sample18,7,HQ-MIMAG,2572708,1
sample18_SemiBin_4,98.48,0.48,High quality,T,T,sample18,14,HQ-MIMAG,472182,4
sample18_SemiBin_50,100,1.72,High quality,T,T,sample18,3,HQ-MIMAG,1431016,2
sample18_SemiBin_51,96.29,9.13,Medium quality,F,F,sample18,27,Medium quality,475420,6
sample18_SemiBin_52,97.93,4.92,High quality,T,T,sample18,11,HQ-MIMAG,1189076,3
sample18_SemiBin_53,95.03,4.28,High quality,T,F,sample18,39,HQ-MIMAG,168003,9
sample18_SemiBin_54,97.52,3.36,High quality,T,T,sample18,14,HQ-MIMAG,593560,4
sample18_SemiBin_55,91.87,1.47,High quality,T,T,sample18,12,HQ-MIMAG,755645,3
sample18_SemiBin_569,50.76,1.86,Medium quality,F,T,sample18,12,Medium quality,249253,4
sample18_SemiBin_56,97.11,1.02,High quality,T,T,sample18,14,HQ-MIMAG,568055,4
sample18_SemiBin_57,95.79,2.29,High quality,T,T,sample18,15,HQ-MIMAG,509890,4
sample18_SemiBin_58,93.79,1.59,High quality,T,T,sample18,5,HQ-MIMAG,2306369,1
sample18_SemiBin_595,51.1,5.93,Medium quality,F,T,sample18,13,Medium quality,417433,3
sample18_SemiBin_59,97.3,0.32,High quality,T,T,sample18,11,HQ-MIMAG,733542,3
sample18_SemiBin_5,98.83,3.1,High quality,T,F,sample18,3,HQ-MIMAG,2852724,1
sample18_SemiBin_60,98.04,3.84,High quality,T,T,sample18,26,HQ-MIMAG,460305,5
sample18_SemiBin_613,56.41,3.34,Medium quality,F,F,sample18,55,Medium quality,92696,14
sample18_SemiBin_61,98.38,0.22,High quality,T,T,sample18,14,HQ-MIMAG,704833,3
sample18_SemiBin_62,88.8,3.5,Medium quality,F,F,sample18,12,Medium quality,635059,4
sample18_SemiBin_63,89.67,3.26,Medium quality,F,F,sample18,26,Medium quality,174055,7
sample18_SemiBin_64,96.75,3.93,High quality,T,F,sample18,15,HQ-MIMAG,473815,4
sample18_SemiBin_65,99.04,4.82,High quality,T,T,sample18,27,HQ-MIMAG,256217,7
sample18_SemiBin_660,55.17,5.03,Medium quality,F,T,sample18,21,Medium quality,130800,6
sample18_SemiBin_66,92.14,7.96,Medium quality,F,T,sample18,39,Medium quality,213646,11
sample18_SemiBin_671,59.45,8.17,Medium quality,F,T,sample18,39,Medium quality,221246,10
sample18_SemiBin_673,62.4,1.47,Medium quality,F,F,sample18,22,Medium quality,162123,7
sample18_SemiBin_67,95.82,7.32,Medium quality,F,T,sample18,24,Medium quality,503045,5
sample18_SemiBin_68,85.02,0.24,Medium quality,F,F,sample18,14,Medium quality,205019,4
sample18_SemiBin_69,99.01,6.26,Medium quality,F,T,sample18,9,Medium quality,1440011,2
sample18_SemiBin_6,98.26,0.11,High quality,T,T,sample18,5,HQ-MIMAG,1205182,2
sample18_SemiBin_70,99.43,4.5,High quality,T,F,sample18,10,HQ-MIMAG,847401,3
sample18_SemiBin_71,94.94,5.32,Medium quality,F,T,sample18,29,Medium quality,413981,5
sample18_SemiBin_72,93.23,1.85,High quality,T,T,sample18,7,HQ-MIMAG,997176,2
sample18_SemiBin_73,95.09,3.08,High quality,T,T,sample18,11,HQ-MIMAG,853119,3
sample18_SemiBin_74,84.41,1.88,Medium quality,F,T,sample18,13,Medium quality,425547,4
sample18_SemiBin_75,94.93,0.52,High quality,F,T,sample18,6,High quality,1441161,2
sample18_SemiBin_76,94.3,3.49,High quality,T,T,sample18,71,HQ-MIMAG,159115,18
sample18_SemiBin_77,82.6,2.1,Medium quality,F,F,sample18,23,Medium quality,422421,5
sample18_SemiBin_78,93.67,2.13,High quality,T,F,sample18,7,HQ-MIMAG,1325445,2
sample18_SemiBin_79,93.98,1.08,High quality,T,F,sample18,11,HQ-MIMAG,517733,4
sample18_SemiBin_7,100,1.08,High quality,T,T,sample18,8,HQ-MIMAG,839184,2
sample18_SemiBin_80,99.38,9.01,Medium quality,F,F,sample18,47,Medium quality,236144,12
sample18_SemiBin_81,96.38,9.78,Medium quality,F,T,sample18,16,Medium quality,509013,4
sample18_SemiBin_82,91.93,1,High quality,T,T,sample18,2,HQ-MIMAG,2468276,1
sample18_SemiBin_83,100,3,High quality,T,F,sample18,6,HQ-MIMAG,1180115,2
sample18_SemiBin_84,86.02,2.39,Medium quality,F,F,sample18,18,Medium quality,390225,5
sample18_SemiBin_85,89.09,1.06,Medium quality,F,T,sample18,5,Medium quality,1232649,2
sample18_SemiBin_86,93.46,5,Medium quality,F,T,sample18,20,Medium quality,312423,6
sample18_SemiBin_87,92.58,1.84,High quality,T,T,sample18,28,HQ-MIMAG,392642,7
sample18_SemiBin_88,88,1.11,Medium quality,F,T,sample18,65,Medium quality,217389,16
sample18_SemiBin_89,92.93,5.55,Medium quality,F,F,sample18,17,Medium quality,323751,5
sample18_SemiBin_8,97.7,6.69,Medium quality,F,T,sample18,7,Medium quality,1702434,2
sample18_SemiBin_90,84.36,2.05,Medium quality,F,F,sample18,12,Medium quality,422054,4
sample18_SemiBin_91,89.54,5.34,Medium quality,F,T,sample18,23,Medium quality,641568,3
sample18_SemiBin_92,90.33,3.28,High quality,T,F,sample18,6,HQ-MIMAG,1648895,1
sample18_SemiBin_94,86.87,2.94,Medium quality,F,T,sample18,24,Medium quality,229759,7
sample18_SemiBin_95,98.83,1.84,High quality,T,T,sample18,12,HQ-MIMAG,1115022,3
sample18_SemiBin_96,99.72,4.08,High quality,T,F,sample18,30,HQ-MIMAG,590634,5
sample18_SemiBin_97,83.36,2.67,Medium quality,F,T,sample18,9,Medium quality,488707,3
sample18_SemiBin_98,86.11,2.98,Medium quality,F,T,sample18,16,Medium quality,620916,4
sample18_SemiBin_99,89.67,0.52,Medium quality,F,T,sample18,24,Medium quality,650973,5
sample18_SemiBin_9,100,0.07,High quality,T,T,sample18,19,HQ-MIMAG,525295,5
sample19_SemiBin_0,97.07,0.52,High quality,T,T,sample19,5,HQ-MIMAG,3577009,1
sample19_SemiBin_100,67.23,1.93,Medium quality,F,T,sample19,11,Medium quality,321718,3
sample19_SemiBin_101,69.62,5.63,Medium quality,F,T,sample19,34,Medium quality,270267,8
sample19_SemiBin_102,53.5,1.26,Medium quality,F,T,sample19,41,Medium quality,109939,10
sample19_SemiBin_103,73.53,5.34,Medium quality,F,T,sample19,21,Medium quality,200526,4
sample19_SemiBin_104,51,2.23,Medium quality,F,T,sample19,15,Medium quality,260928,4
sample19_SemiBin_105,61.18,3.43,Medium quality,F,T,sample19,32,Medium quality,150710,8
sample19_SemiBin_107,62,1.63,Medium quality,F,T,sample19,23,Medium quality,180770,7
sample19_SemiBin_108,59.51,1.52,Medium quality,F,T,sample19,34,Medium quality,177505,9
sample19_SemiBin_109,92.91,4.97,High quality,F,T,sample19,2,High quality,495588,1
sample19_SemiBin_10,92.43,3.98,High quality,F,T,sample19,9,High quality,608729,3
sample19_SemiBin_111,66.09,6.62,Medium quality,F,T,sample19,44,Medium quality,145973,13
sample19_SemiBin_112,67.99,0.44,Medium quality,F,T,sample19,25,Medium quality,195077,5
sample19_SemiBin_113,97.84,4.81,High quality,T,T,sample19,23,HQ-MIMAG,339925,6
sample19_SemiBin_114,98.78,0.92,High quality,T,F,sample19,9,HQ-MIMAG,606368,3
sample19_SemiBin_115,54.83,1.32,Medium quality,F,T,sample19,9,Medium quality,244622,3
sample19_SemiBin_116,67.41,0.2,Medium quality,F,T,sample19,25,Medium quality,198841,9
sample19_SemiBin_117,51.58,0.16,Medium quality,F,T,sample19,7,Medium quality,227090,2
sample19_SemiBin_119,54.2,0.86,Medium quality,F,T,sample19,18,Medium quality,232946,6
sample19_SemiBin_11,97.6,4.16,High quality,T,F,sample19,17,HQ-MIMAG,435556,5
sample19_SemiBin_120,67.96,1.17,Medium quality,F,T,sample19,11,Medium quality,541625,3
sample19_SemiBin_121,61.77,5.9,Medium quality,F,T,sample19,37,Medium quality,113075,10
sample19_SemiBin_122,58.43,1.54,Medium quality,F,T,sample19,20,Medium quality,111667,5
sample19_SemiBin_124,60.63,1.49,Medium quality,F,T,sample19,10,Medium quality,368544,4
sample19_SemiBin_127,66.76,4.41,Medium quality,F,T,sample19,11,Medium quality,463161,3
sample19_SemiBin_128,53.5,2.76,Medium quality,F,F,sample19,26,Medium quality,191436,7
sample19_SemiBin_1291,56.69,7.92,Medium quality,F,T,sample19,36,Medium quality,142924,9
sample19_SemiBin_129,61.49,4.34,Medium quality,F,T,sample19,36,Medium quality,144441,11
sample19_SemiBin_12,93.35,0.37,High quality,T,T,sample19,9,HQ-MIMAG,594097,3
sample19_SemiBin_130,53.19,5.16,Medium quality,F,T,sample19,71,Medium quality,82148,18
sample19_SemiBin_131,63.49,4.35,Medium quality,F,T,sample19,49,Medium quality,125435,15
sample19_SemiBin_132,50.21,0.14,Medium quality,F,T,sample19,21,Medium quality,166253,6
sample19_SemiBin_135,52.23,0.01,Medium quality,F,T,sample19,21,Medium quality,102950,7
sample19_SemiBin_138,65.78,0.72,Medium quality,F,F,sample19,24,Medium quality,155870,7
sample19_SemiBin_139,77.9,4.39,Medium quality,F,T,sample19,27,Medium quality,430182,6
sample19_SemiBin_13,98.95,4,High quality,T,F,sample19,8,HQ-MIMAG,1165920,2
sample19_SemiBin_140,64.16,1.8,Medium quality,F,T,sample19,17,Medium quality,132453,5
sample19_SemiBin_141,64.38,2.54,Medium quality,F,T,sample19,23,Medium quality,118761,7
sample19_SemiBin_142,51.94,3.85,Medium quality,F,T,sample19,15,Medium quality,226344,3
sample19_SemiBin_143,50.01,3.07,Medium quality,F,T,sample19,93,Medium quality,77444,24
sample19_SemiBin_144,50.45,1.87,Medium quality,F,T,sample19,31,Medium quality,85489,9
sample19_SemiBin_147,53.06,1.25,Medium quality,F,T,sample19,1,Medium quality,1604071,1
sample19_SemiBin_148,60.06,0,Medium quality,F,T,sample19,6,Medium quality,672168,2
sample19_SemiBin_149,52.94,1.21,Medium quality,F,T,sample19,7,Medium quality,180944,3
sample19_SemiBin_14,98.46,2.69,High quality,T,F,sample19,9,HQ-MIMAG,842596,2
sample19_SemiBin_154,56.54,4.23,Medium quality,F,T,sample19,27,Medium quality,220988,7
sample19_SemiBin_155,54,0.86,Medium quality,F,T,sample19,51,Medium quality,117907,15
sample19_SemiBin_157,76.11,5.17,Medium quality,F,T,sample19,23,Medium quality,271905,8
sample19_SemiBin_15,94.14,0.11,High quality,T,T,sample19,4,HQ-MIMAG,1102054,2
sample19_SemiBin_161,66.63,1.8,Medium quality,F,F,sample19,17,Medium quality,292039,5
sample19_SemiBin_162,54.76,4.66,Medium quality,F,T,sample19,49,Medium quality,99570,13
sample19_SemiBin_163,75.91,3.22,Medium quality,F,T,sample19,19,Medium quality,211292,4
sample19_SemiBin_165,61.87,1.12,Medium quality,F,T,sample19,14,Medium quality,234391,4
sample19_SemiBin_167,63.39,1.43,Medium quality,F,T,sample19,9,Medium quality,292167,3
sample19_SemiBin_168,56.41,0.92,Medium quality,F,T,sample19,19,Medium quality,381372,6
sample19_SemiBin_169,56.68,0.15,Medium quality,F,T,sample19,6,Medium quality,773339,3
sample19_SemiBin_16,94.74,0.8,High quality,T,T,sample19,11,HQ-MIMAG,585598,4
sample19_SemiBin_170,71.1,6.15,Medium quality,F,T,sample19,40,Medium quality,143438,11
sample19_SemiBin_1712,51.94,8.82,Medium quality,F,T,sample19,113,Medium quality,74254,29
sample19_SemiBin_1716,56.57,8.5,Medium quality,F,T,sample19,51,Medium quality,67496,16
sample19_SemiBin_1724,55.14,5.86,Medium quality,F,T,sample19,68,Medium quality,86933,19
sample19_SemiBin_172,61.96,0.65,Medium quality,F,T,sample19,6,Medium quality,396419,2
sample19_SemiBin_174,79.35,9.02,Medium quality,F,T,sample19,67,Medium quality,119461,18
sample19_SemiBin_178,67.97,2.17,Medium quality,F,T,sample19,17,Medium quality,366129,6
sample19_SemiBin_179,63.87,0.44,Medium quality,F,T,sample19,17,Medium quality,683975,4
sample19_SemiBin_17,97.45,0.95,High quality,T,T,sample19,3,HQ-MIMAG,2674876,2
sample19_SemiBin_183,52.95,3.23,Medium quality,F,T,sample19,25,Medium quality,155325,7
sample19_SemiBin_186,65.71,0.76,Medium quality,F,T,sample19,10,Medium quality,104079,3
sample19_SemiBin_187,65.57,2.35,Medium quality,F,T,sample19,14,Medium quality,426881,4
sample19_SemiBin_189,63.79,0.76,Medium quality,F,T,sample19,21,Medium quality,365815,5
sample19_SemiBin_18,93.72,0.15,High quality,T,T,sample19,8,HQ-MIMAG,624447,3
sample19_SemiBin_190,68,6.56,Medium quality,F,T,sample19,12,Medium quality,417591,4
sample19_SemiBin_193,73.13,0.74,Medium quality,F,T,sample19,33,Medium quality,189882,10
sample19_SemiBin_195,51.94,1.27,Medium quality,F,T,sample19,5,Medium quality,266473,2
sample19_SemiBin_196,75.42,4.78,Medium quality,F,T,sample19,27,Medium quality,230182,8
sample19_SemiBin_198,63.88,4.5,Medium quality,F,T,sample19,9,Medium quality,484505,2
sample19_SemiBin_19,94.14,1.24,High quality,T,T,sample19,9,HQ-MIMAG,670160,3
sample19_SemiBin_1,99.63,0.22,High quality,T,T,sample19,2,HQ-MIMAG,1946297,1
sample19_SemiBin_206,72.66,1.24,Medium quality,F,T,sample19,26,Medium quality,220168,9
sample19_SemiBin_207,50.1,3.61,Medium quality,F,T,sample19,16,Medium quality,136761,4
sample19_SemiBin_20,94.6,2.88,High quality,F,T,sample19,10,High quality,539079,2
sample19_SemiBin_211,58.34,0.11,Medium quality,F,T,sample19,5,Medium quality,682419,2
sample19_SemiBin_212,70.42,0.53,Medium quality,F,F,sample19,32,Medium quality,289242,6
sample19_SemiBin_217,56.88,6.97,Medium quality,F,T,sample19,55,Medium quality,48049,15
sample19_SemiBin_21,99.26,6.6,Medium quality,F,F,sample19,13,Medium quality,596559,4
sample19_SemiBin_221,53.18,2.68,Medium quality,F,T,sample19,6,Medium quality,80281,3
sample19_SemiBin_22,94.14,5.21,Medium quality,F,T,sample19,5,Medium quality,875929,2
sample19_SemiBin_233,51.28,0.22,Medium quality,F,F,sample19,21,Medium quality,145709,7
sample19_SemiBin_245,51.53,3.64,Medium quality,F,T,sample19,34,Medium quality,93381,12
sample19_SemiBin_246,60.9,0.85,Medium quality,F,T,sample19,24,Medium quality,222563,8
sample19_SemiBin_24,88.82,0.27,Medium quality,F,T,sample19,10,Medium quality,535506,3
sample19_SemiBin_251,54.68,0.48,Medium quality,F,T,sample19,22,Medium quality,100623,8
sample19_SemiBin_25,94.5,0.44,High quality,T,F,sample19,5,HQ-MIMAG,1772848,2
sample19_SemiBin_263,64.35,0.14,Medium quality,F,T,sample19,10,Medium quality,210309,3
sample19_SemiBin_26,90.83,0.08,High quality,T,T,sample19,4,HQ-MIMAG,1610320,1
sample19_SemiBin_271,59.12,0.99,Medium quality,F,F,sample19,11,Medium quality,258341,4
sample19_SemiBin_273,74.73,6.86,Medium quality,F,T,sample19,25,Medium quality,311006,8
sample19_SemiBin_27,97.05,0.53,High quality,T,F,sample19,8,HQ-MIMAG,2181624,1
sample19_SemiBin_289,63.98,1.93,Medium quality,F,T,sample19,31,Medium quality,216771,8
sample19_SemiBin_28,95.83,5.35,Medium quality,F,F,sample19,18,Medium quality,374196,5
sample19_SemiBin_29,95.3,8.04,Medium quality,F,F,sample19,17,Medium quality,427580,3
sample19_SemiBin_2,99.88,0.68,High quality,T,T,sample19,11,HQ-MIMAG,1251025,2
sample19_SemiBin_303,50.89,0.53,Medium quality,F,T,sample19,48,Medium quality,117761,13
sample19_SemiBin_30,94.22,4.1,High quality,F,T,sample19,11,High quality,540178,3
sample19_SemiBin_313,60.21,7.04,Medium quality,F,T,sample19,85,Medium quality,81357,23
sample19_SemiBin_31,99.23,4.27,High quality,T,T,sample19,10,HQ-MIMAG,688244,3
sample19_SemiBin_32,98.26,9.67,Medium quality,F,F,sample19,11,Medium quality,885149,3
sample19_SemiBin_33,98.87,2.61,High quality,T,T,sample19,17,HQ-MIMAG,340410,4
sample19_SemiBin_343,50.77,2.15,Medium quality,F,T,sample19,15,Medium quality,459001,3
sample19_SemiBin_34,99.04,1.14,High quality,F,T,sample19,13,High quality,663454,4
sample19_SemiBin_354,53.11,4.15,Medium quality,F,T,sample19,70,Medium quality,102594,15
sample19_SemiBin_35,81.8,9.01,Medium quality,F,T,sample19,34,Medium quality,269857,6
sample19_SemiBin_36,85.33,2.34,Medium quality,F,F,sample19,25,Medium quality,139581,8
sample19_SemiBin_37,88.39,1.17,Medium quality,F,T,sample19,7,Medium quality,856147,2
sample19_SemiBin_382,97.3,0.5,High quality,F,T,sample19,3,High quality,1094738,1
sample19_SemiBin_38,94.3,0.05,High quality,F,T,sample19,6,High quality,1067847,2
sample19_SemiBin_39,94.72,0.42,High quality,T,T,sample19,1,HQ-MIMAG,2175779,1
sample19_SemiBin_3,96.21,0.89,High quality,T,T,sample19,2,HQ-MIMAG,2732530,1
sample19_SemiBin_406,82.4,0.66,Medium quality,F,F,sample19,5,Medium quality,527115,2
sample19_SemiBin_40,96.41,5.82,Medium quality,F,T,sample19,10,Medium quality,529233,4
sample19_SemiBin_411,51.34,7.37,Medium quality,F,T,sample19,13,Medium quality,333148,3
sample19_SemiBin_416,62.73,1.73,Medium quality,F,T,sample19,31,Medium quality,268760,7
sample19_SemiBin_41,91.19,4.49,High quality,T,T,sample19,18,HQ-MIMAG,320758,4
sample19_SemiBin_422,80.35,0.22,Medium quality,F,F,sample19,6,Medium quality,472589,2
sample19_SemiBin_427,64.67,2.71,Medium quality,F,F,sample19,17,Medium quality,471384,4
sample19_SemiBin_42,83.58,1.8,Medium quality,F,T,sample19,17,Medium quality,289430,4
sample19_SemiBin_43,84.61,1.42,Medium quality,F,T,sample19,8,Medium quality,882172,2
sample19_SemiBin_44,88.79,4.28,Medium quality,F,T,sample19,19,Medium quality,363854,4
sample19_SemiBin_458,77.16,1.89,Medium quality,F,F,sample19,11,Medium quality,315522,2
sample19_SemiBin_45,83.05,0.51,Medium quality,F,T,sample19,7,Medium quality,656036,3
sample19_SemiBin_46,92.92,4.98,High quality,T,T,sample19,28,HQ-MIMAG,305595,7
sample19_SemiBin_47,82.97,0.37,Medium quality,F,F,sample19,7,Medium quality,1013882,2
sample19_SemiBin_492,55.11,2.67,Medium quality,F,T,sample19,30,Medium quality,171497,7
sample19_SemiBin_49,93.68,0.31,High quality,T,T,sample19,23,HQ-MIMAG,290569,6
sample19_SemiBin_4,98.13,0.43,High quality,T,T,sample19,2,HQ-MIMAG,2644444,1
sample19_SemiBin_50,86.02,3.37,Medium quality,F,T,sample19,14,Medium quality,294441,5
sample19_SemiBin_51,87.52,0.67,Medium quality,F,F,sample19,6,Medium quality,1716033,1
sample19_SemiBin_52,94.79,0.29,High quality,T,T,sample19,7,HQ-MIMAG,897015,2
sample19_SemiBin_538,68.03,0.24,Medium quality,F,T,sample19,13,Medium quality,115886,4
sample19_SemiBin_54,79.19,2.07,Medium quality,F,T,sample19,23,Medium quality,154499,5
sample19_SemiBin_55,78.56,2.98,Medium quality,F,T,sample19,21,Medium quality,251056,5
sample19_SemiBin_56,83.2,2.49,Medium quality,F,T,sample19,16,Medium quality,218800,5
sample19_SemiBin_57,81.05,1.37,Medium quality,F,T,sample19,7,Medium quality,856743,2
sample19_SemiBin_58,74.87,0.37,Medium quality,F,T,sample19,15,Medium quality,269284,5
sample19_SemiBin_59,86.21,0.43,Medium quality,F,F,sample19,10,Medium quality,335296,2
sample19_SemiBin_5,96.09,1.15,High quality,T,T,sample19,5,HQ-MIMAG,1108314,2
sample19_SemiBin_60,85.6,1.63,Medium quality,F,T,sample19,9,Medium quality,958213,4
sample19_SemiBin_61,75.99,6.66,Medium quality,F,T,sample19,40,Medium quality,235418,9
sample19_SemiBin_62,88.32,4.13,Medium quality,F,F,sample19,5,Medium quality,1243798,2
sample19_SemiBin_63,71.46,0.32,Medium quality,F,T,sample19,21,Medium quality,462020,5
sample19_SemiBin_65,82.85,7.73,Medium quality,F,T,sample19,47,Medium quality,155479,11
sample19_SemiBin_66,85.9,3.88,Medium quality,F,T,sample19,24,Medium quality,383807,5
sample19_SemiBin_67,79.21,5.28,Medium quality,F,T,sample19,24,Medium quality,362489,5
sample19_SemiBin_68,66.46,2.12,Medium quality,F,T,sample19,33,Medium quality,118624,9
sample19_SemiBin_69,80.73,0.59,Medium quality,F,T,sample19,12,Medium quality,502187,2
sample19_SemiBin_6,96.66,4.02,High quality,T,F,sample19,6,HQ-MIMAG,1368929,2
sample19_SemiBin_70,95.79,0.77,High quality,T,T,sample19,1,HQ-MIMAG,707508,1
sample19_SemiBin_72,76.62,1.32,Medium quality,F,F,sample19,13,Medium quality,211834,5
sample19_SemiBin_73,62.77,3.33,Medium quality,F,T,sample19,17,Medium quality,227125,3
sample19_SemiBin_74,69.91,3.59,Medium quality,F,T,sample19,18,Medium quality,229379,5
sample19_SemiBin_75,75.84,0.78,Medium quality,F,T,sample19,11,Medium quality,783521,2
sample19_SemiBin_76,71.94,0.79,Medium quality,F,F,sample19,20,Medium quality,260317,4
sample19_SemiBin_77,76.73,2.29,Medium quality,F,T,sample19,10,Medium quality,419429,3
sample19_SemiBin_78,79.86,6.08,Medium quality,F,T,sample19,24,Medium quality,260120,6
sample19_SemiBin_79,65.75,3.12,Medium quality,F,T,sample19,28,Medium quality,242998,6
sample19_SemiBin_7,99.25,0.61,High quality,T,T,sample19,5,HQ-MIMAG,1734491,2
sample19_SemiBin_80,72.59,2.27,Medium quality,F,T,sample19,16,Medium quality,176045,5
sample19_SemiBin_81,73.41,0.01,Medium quality,F,T,sample19,4,Medium quality,858427,2
sample19_SemiBin_82,59.61,1.37,Medium quality,F,T,sample19,14,Medium quality,215999,4
sample19_SemiBin_83,62.26,3.2,Medium quality,F,T,sample19,22,Medium quality,176466,7
sample19_SemiBin_84,83.41,3.69,Medium quality,F,F,sample19,22,Medium quality,482550,4
sample19_SemiBin_85,75.29,5.55,Medium quality,F,T,sample19,38,Medium quality,247587,10
sample19_SemiBin_86,77.15,3.64,Medium quality,F,T,sample19,23,Medium quality,169695,6
sample19_SemiBin_87,64.04,0.92,Medium quality,F,F,sample19,5,Medium quality,222818,2
sample19_SemiBin_881,55.35,4.15,Medium quality,F,T,sample19,15,Medium quality,368571,4
sample19_SemiBin_88,74.33,3.33,Medium quality,F,T,sample19,13,Medium quality,310742,4
sample19_SemiBin_89,69.83,0.16,Medium quality,F,T,sample19,12,Medium quality,317004,4
sample19_SemiBin_8,92.92,0.85,High quality,T,T,sample19,12,HQ-MIMAG,404591,4
sample19_SemiBin_90,87.42,1.61,Medium quality,F,F,sample19,8,Medium quality,643122,2
sample19_SemiBin_91,75.99,0.63,Medium quality,F,F,sample19,9,Medium quality,640935,2
sample19_SemiBin_92,65.62,1.74,Medium quality,F,T,sample19,28,Medium quality,136195,9
sample19_SemiBin_94,58.06,3.42,Medium quality,F,T,sample19,33,Medium quality,140561,9
sample19_SemiBin_95,94.82,5.53,Medium quality,F,T,sample19,20,Medium quality,489917,5
sample19_SemiBin_96,58.63,1.24,Medium quality,F,T,sample19,30,Medium quality,114917,8
sample19_SemiBin_97,66.8,0.01,Medium quality,F,T,sample19,4,Medium quality,586794,2
sample19_SemiBin_98,88.65,4.37,Medium quality,F,T,sample19,21,Medium quality,239607,6
sample19_SemiBin_99,67.13,0.08,Medium quality,F,F,sample19,22,Medium quality,129477,7
sample19_SemiBin_9,91.06,1.13,High quality,T,F,sample19,12,HQ-MIMAG,521288,3
sample1_SemiBin_0,97.8,2,High quality,T,F,sample1,21,HQ-MIMAG,202484,6
sample1_SemiBin_100,69.8,0.83,Medium quality,F,F,sample1,45,Medium quality,113416,12
sample1_SemiBin_101,66.16,3.71,Medium quality,F,F,sample1,36,Medium quality,98931,12
sample1_SemiBin_102,73.94,0.64,Medium quality,F,T,sample1,21,Medium quality,247964,6
sample1_SemiBin_103,80.51,1.78,Medium quality,F,T,sample1,18,Medium quality,170053,5
sample1_SemiBin_104,100,0.46,High quality,T,F,sample1,25,HQ-MIMAG,174034,7
sample1_SemiBin_1058,61.32,9.44,Medium quality,F,T,sample1,33,Medium quality,119331,9
sample1_SemiBin_105,78.83,0.87,Medium quality,F,T,sample1,11,Medium quality,654753,3
sample1_SemiBin_106,68.07,5.06,Medium quality,F,T,sample1,41,Medium quality,268366,8
sample1_SemiBin_107,85.42,6.87,Medium quality,F,F,sample1,33,Medium quality,330279,7
sample1_SemiBin_108,83.05,2.28,Medium quality,F,F,sample1,12,Medium quality,505197,3
sample1_SemiBin_109,84.78,0.94,Medium quality,F,T,sample1,41,Medium quality,176610,10
sample1_SemiBin_10,96.96,7.74,Medium quality,F,F,sample1,8,Medium quality,1216517,3
sample1_SemiBin_110,88.48,0.97,Medium quality,F,T,sample1,23,Medium quality,403943,6
sample1_SemiBin_111,78.12,0.2,Medium quality,F,F,sample1,20,Medium quality,388118,3
sample1_SemiBin_112,66.85,2.33,Medium quality,F,T,sample1,49,Medium quality,214789,12
sample1_SemiBin_113,66.86,3.12,Medium quality,F,T,sample1,31,Medium quality,374514,8
sample1_SemiBin_114,80.36,2.54,Medium quality,F,F,sample1,65,Medium quality,289131,13
sample1_SemiBin_115,83.65,1.56,Medium quality,F,F,sample1,14,Medium quality,336832,4
sample1_SemiBin_116,52.09,0.31,Medium quality,F,F,sample1,46,Medium quality,124843,9
sample1_SemiBin_117,72.68,3.92,Medium quality,F,T,sample1,43,Medium quality,270616,9
sample1_SemiBin_119,51.83,1.19,Medium quality,F,T,sample1,12,Medium quality,214939,5
sample1_SemiBin_11,97.34,2.99,High quality,T,F,sample1,3,HQ-MIMAG,1341563,2
sample1_SemiBin_120,72.08,2.35,Medium quality,F,F,sample1,56,Medium quality,116651,14
sample1_SemiBin_121,52.22,2.84,Medium quality,F,T,sample1,37,Medium quality,176977,9
sample1_SemiBin_122,63.17,2.84,Medium quality,F,F,sample1,67,Medium quality,97705,18
sample1_SemiBin_123,67.24,4.36,Medium quality,F,F,sample1,22,Medium quality,339013,6
sample1_SemiBin_124,68.65,2.04,Medium quality,F,F,sample1,13,Medium quality,1416137,2
sample1_SemiBin_125,71.98,0.17,Medium quality,F,T,sample1,15,Medium quality,234132,5
sample1_SemiBin_126,64.77,3.73,Medium quality,F,F,sample1,10,Medium quality,617603,4
sample1_SemiBin_127,71.94,2.75,Medium quality,F,T,sample1,73,Medium quality,140193,21
sample1_SemiBin_128,69.95,0.57,Medium quality,F,F,sample1,13,Medium quality,682103,4
sample1_SemiBin_129,55.51,2.26,Medium quality,F,T,sample1,19,Medium quality,198114,6
sample1_SemiBin_12,93.11,3.06,High quality,F,F,sample1,21,High quality,347002,6
sample1_SemiBin_130,61.65,4.32,Medium quality,F,F,sample1,74,Medium quality,113279,14
sample1_SemiBin_131,69.28,2.66,Medium quality,F,T,sample1,25,Medium quality,220354,8
sample1_SemiBin_132,73.69,3.11,Medium quality,F,F,sample1,22,Medium quality,150743,6
sample1_SemiBin_133,64.35,6.02,Medium quality,F,T,sample1,126,Medium quality,86932,34
sample1_SemiBin_134,94.32,1.96,High quality,T,T,sample1,26,HQ-MIMAG,218868,5
sample1_SemiBin_135,64.96,1.55,Medium quality,F,T,sample1,32,Medium quality,224694,6
sample1_SemiBin_136,55.87,2.21,Medium quality,F,T,sample1,24,Medium quality,269387,7
sample1_SemiBin_137,81.47,0.5,Medium quality,F,F,sample1,18,Medium quality,291255,5
sample1_SemiBin_138,54.51,1.56,Medium quality,F,T,sample1,14,Medium quality,257566,5
sample1_SemiBin_139,57.76,0.47,Medium quality,F,F,sample1,52,Medium quality,80793,14
sample1_SemiBin_13,100,4.35,High quality,T,F,sample1,4,HQ-MIMAG,2639963,2
sample1_SemiBin_140,63.32,1.85,Medium quality,F,F,sample1,27,Medium quality,209829,8
sample1_SemiBin_142,53.59,2.88,Medium quality,F,F,sample1,57,Medium quality,81619,17
sample1_SemiBin_143,65.11,0.83,Medium quality,F,F,sample1,19,Medium quality,210545,5
sample1_SemiBin_144,50.98,0.07,Medium quality,F,T,sample1,7,Medium quality,202035,3
sample1_SemiBin_145,77.84,2.93,Medium quality,F,T,sample1,29,Medium quality,195462,8
sample1_SemiBin_146,82.49,5.55,Medium quality,F,F,sample1,19,Medium quality,437830,3
sample1_SemiBin_147,53.8,3.07,Medium quality,F,F,sample1,57,Medium quality,85454,15
sample1_SemiBin_148,66.16,0.63,Medium quality,F,F,sample1,18,Medium quality,328058,5
sample1_SemiBin_149,57.4,8.66,Medium quality,F,T,sample1,70,Medium quality,61161,17
sample1_SemiBin_14,97.53,1.29,High quality,T,T,sample1,9,HQ-MIMAG,751698,3
sample1_SemiBin_150,84.96,2.83,Medium quality,F,F,sample1,18,Medium quality,408211,4
sample1_SemiBin_152,54.94,3.31,Medium quality,F,F,sample1,11,Medium quality,262320,3
sample1_SemiBin_153,58.05,2.37,Medium quality,F,F,sample1,37,Medium quality,166894,9
sample1_SemiBin_155,54.55,0.23,Medium quality,F,F,sample1,6,Medium quality,568882,2
sample1_SemiBin_158,65.68,5.54,Medium quality,F,F,sample1,54,Medium quality,171298,15
sample1_SemiBin_159,50.86,0.62,Medium quality,F,F,sample1,20,Medium quality,189933,6
sample1_SemiBin_15,94.52,0.15,High quality,T,F,sample1,10,HQ-MIMAG,886197,2
sample1_SemiBin_160,50.9,0.79,Medium quality,F,T,sample1,54,Medium quality,78115,15
sample1_SemiBin_161,76.04,3.23,Medium quality,F,T,sample1,42,Medium quality,398757,9
sample1_SemiBin_162,84.18,1.05,Medium quality,F,T,sample1,53,Medium quality,141607,14
sample1_SemiBin_165,50.74,1.45,Medium quality,F,T,sample1,11,Medium quality,293066,4
sample1_SemiBin_16,96.24,1.65,High quality,T,F,sample1,6,HQ-MIMAG,962084,2
sample1_SemiBin_173,53.31,2.19,Medium quality,F,T,sample1,33,Medium quality,83447,11
sample1_SemiBin_174,74.65,0.29,Medium quality,F,F,sample1,15,Medium quality,448806,3
sample1_SemiBin_175,81.22,0.44,Medium quality,F,F,sample1,21,Medium quality,366197,6
sample1_SemiBin_176,79.99,1.41,Medium quality,F,F,sample1,12,Medium quality,469684,4
sample1_SemiBin_1789,52.84,8.48,Medium quality,F,T,sample1,76,Medium quality,44126,24
sample1_SemiBin_178,71.9,1.14,Medium quality,F,F,sample1,8,Medium quality,432122,2
sample1_SemiBin_179,50.54,0.34,Medium quality,F,F,sample1,21,Medium quality,149957,6
sample1_SemiBin_17,96.57,1.89,High quality,F,F,sample1,16,High quality,557800,3
sample1_SemiBin_1801,50.62,7.07,Medium quality,F,T,sample1,23,Medium quality,91655,7
sample1_SemiBin_1820,50.97,9.95,Medium quality,F,T,sample1,109,Medium quality,58466,31
sample1_SemiBin_182,71.08,5.64,Medium quality,F,T,sample1,28,Medium quality,197270,7
sample1_SemiBin_183,50.4,1.89,Medium quality,F,T,sample1,19,Medium quality,123728,4
sample1_SemiBin_1843,50.26,6.7,Medium quality,F,T,sample1,197,Medium quality,58645,54
sample1_SemiBin_184,73.63,3.82,Medium quality,F,T,sample1,58,Medium quality,164249,14
sample1_SemiBin_185,50.91,1.79,Medium quality,F,F,sample1,23,Medium quality,126288,7
sample1_SemiBin_187,58.3,1.45,Medium quality,F,F,sample1,89,Medium quality,88320,27
sample1_SemiBin_188,67.39,0.69,Medium quality,F,T,sample1,20,Medium quality,257287,6
sample1_SemiBin_18,97.57,0.39,High quality,T,F,sample1,8,HQ-MIMAG,1395028,2
sample1_SemiBin_191,59.93,5.39,Medium quality,F,T,sample1,33,Medium quality,270489,7
sample1_SemiBin_194,64.31,2.95,Medium quality,F,F,sample1,36,Medium quality,106959,9
sample1_SemiBin_197,72.13,3.97,Medium quality,F,F,sample1,17,Medium quality,368648,6
sample1_SemiBin_199,57.36,4.15,Medium quality,F,F,sample1,38,Medium quality,133685,11
sample1_SemiBin_19,89.14,2.73,Medium quality,F,F,sample1,6,Medium quality,2087496,1
sample1_SemiBin_1,99.78,0.56,High quality,T,F,sample1,10,HQ-MIMAG,760509,2
sample1_SemiBin_200,64.87,4.17,Medium quality,F,F,sample1,17,Medium quality,271461,5
sample1_SemiBin_207,56.01,0.36,Medium quality,F,T,sample1,13,Medium quality,293149,4
sample1_SemiBin_209,65.94,0.86,Medium quality,F,T,sample1,53,Medium quality,66725,16
sample1_SemiBin_20,96.17,1.84,High quality,T,T,sample1,14,HQ-MIMAG,536600,3
sample1_SemiBin_210,77.65,1.08,Medium quality,F,F,sample1,14,Medium quality,416992,4
sample1_SemiBin_211,60.71,1.93,Medium quality,F,F,sample1,36,Medium quality,98805,11
sample1_SemiBin_213,62.02,2.39,Medium quality,F,F,sample1,14,Medium quality,189270,5
sample1_SemiBin_216,64.07,0.88,Medium quality,F,F,sample1,14,Medium quality,368742,3
sample1_SemiBin_217,68,1.55,Medium quality,F,F,sample1,16,Medium quality,383200,4
sample1_SemiBin_218,64.69,1.51,Medium quality,F,T,sample1,41,Medium quality,184366,10
sample1_SemiBin_21,98.51,7.78,Medium quality,F,F,sample1,17,Medium quality,639001,3
sample1_SemiBin_220,72.95,7.04,Medium quality,F,F,sample1,21,Medium quality,304964,6
sample1_SemiBin_221,53.45,3.48,Medium quality,F,T,sample1,26,Medium quality,283890,7
sample1_SemiBin_222,70.56,6.56,Medium quality,F,T,sample1,28,Medium quality,137307,8
sample1_SemiBin_223,72.36,2.59,Medium quality,F,T,sample1,40,Medium quality,237945,9
sample1_SemiBin_22,96.84,4.83,High quality,T,T,sample1,38,HQ-MIMAG,291470,10
sample1_SemiBin_236,80.82,0.42,Medium quality,F,T,sample1,39,Medium quality,135400,12
sample1_SemiBin_237,52.18,0,Medium quality,F,T,sample1,25,Medium quality,53400,7
sample1_SemiBin_23,93.29,0.12,High quality,T,F,sample1,6,HQ-MIMAG,696525,2
sample1_SemiBin_244,52.9,9.62,Medium quality,F,T,sample1,38,Medium quality,124316,5
sample1_SemiBin_249,65.19,0.77,Medium quality,F,F,sample1,7,Medium quality,483687,2
sample1_SemiBin_24,94.7,0.94,High quality,T,F,sample1,33,HQ-MIMAG,194534,9
sample1_SemiBin_251,51.71,3.13,Medium quality,F,T,sample1,58,Medium quality,93876,15
sample1_SemiBin_255,53.41,1.41,Medium quality,F,T,sample1,22,Medium quality,168822,8
sample1_SemiBin_257,68.45,2.61,Medium quality,F,F,sample1,22,Medium quality,332601,6
sample1_SemiBin_258,78.32,5.76,Medium quality,F,F,sample1,56,Medium quality,237230,11
sample1_SemiBin_25,91.18,2.77,High quality,T,F,sample1,10,HQ-MIMAG,2128160,1
sample1_SemiBin_262,52.6,0.73,Medium quality,F,F,sample1,40,Medium quality,163615,10
sample1_SemiBin_263,59.71,4.05,Medium quality,F,F,sample1,43,Medium quality,113586,11
sample1_SemiBin_266,56.13,0.81,Medium quality,F,F,sample1,33,Medium quality,147988,7
sample1_SemiBin_269,58.34,2.6,Medium quality,F,T,sample1,30,Medium quality,117453,10
sample1_SemiBin_26,93.17,6.53,Medium quality,F,F,sample1,15,Medium quality,538144,5
sample1_SemiBin_275,56.36,1.88,Medium quality,F,F,sample1,15,Medium quality,350633,5
sample1_SemiBin_276,50.64,0.14,Medium quality,F,T,sample1,18,Medium quality,147846,6
sample1_SemiBin_278,70.08,3.05,Medium quality,F,F,sample1,19,Medium quality,200141,5
sample1_SemiBin_27,96.99,4.03,High quality,T,T,sample1,30,HQ-MIMAG,676926,5
sample1_SemiBin_285,56.34,0.07,Medium quality,F,T,sample1,3,Medium quality,1203146,1
sample1_SemiBin_28,97.16,5.68,Medium quality,F,F,sample1,16,Medium quality,546957,5
sample1_SemiBin_297,67.18,1.63,Medium quality,F,F,sample1,27,Medium quality,247772,7
sample1_SemiBin_29,90.44,2.85,High quality,F,T,sample1,13,High quality,645799,3
sample1_SemiBin_2,99.14,0.38,High quality,T,T,sample1,1,HQ-MIMAG,3471866,1
sample1_SemiBin_307,57.46,4.97,Medium quality,F,T,sample1,19,Medium quality,238393,6
sample1_SemiBin_30,90.28,0.14,High quality,T,F,sample1,8,HQ-MIMAG,445722,3
sample1_SemiBin_31,85.93,1.94,Medium quality,F,F,sample1,25,Medium quality,386012,5
sample1_SemiBin_32,100,3.99,High quality,T,F,sample1,13,HQ-MIMAG,572972,5
sample1_SemiBin_332,52.4,2.08,Medium quality,F,T,sample1,27,Medium quality,120809,10
sample1_SemiBin_33,87.84,2.63,Medium quality,F,T,sample1,42,Medium quality,552579,3
sample1_SemiBin_344,51.32,1.21,Medium quality,F,F,sample1,27,Medium quality,122438,8
sample1_SemiBin_34,98.63,0.67,High quality,T,F,sample1,20,HQ-MIMAG,780946,4
sample1_SemiBin_354,52.8,1.02,Medium quality,F,F,sample1,49,Medium quality,68266,16
sample1_SemiBin_357,96.65,0.04,High quality,F,F,sample1,11,High quality,264726,4
sample1_SemiBin_35,100,4.36,High quality,T,F,sample1,16,HQ-MIMAG,288805,5
sample1_SemiBin_361,62.2,1.24,Medium quality,F,F,sample1,23,Medium quality,205907,6
sample1_SemiBin_36,88.78,1.56,Medium quality,F,F,sample1,16,Medium quality,233387,4
sample1_SemiBin_378,71.33,8.54,Medium quality,F,F,sample1,41,Medium quality,176603,10
sample1_SemiBin_37,89.17,1.26,Medium quality,F,F,sample1,10,Medium quality,624783,3
sample1_SemiBin_38,85.91,2.46,Medium quality,F,F,sample1,12,Medium quality,503216,3
sample1_SemiBin_39,79.45,1.61,Medium quality,F,F,sample1,41,Medium quality,143669,10
sample1_SemiBin_3,99.91,0.32,High quality,T,F,sample1,5,HQ-MIMAG,906427,2
sample1_SemiBin_40,91.08,0.13,High quality,T,T,sample1,16,HQ-MIMAG,616684,4
sample1_SemiBin_41,90.1,2.57,High quality,T,F,sample1,25,HQ-MIMAG,250235,7
sample1_SemiBin_42,95.07,3.38,High quality,T,F,sample1,22,HQ-MIMAG,483565,6
sample1_SemiBin_430,55.62,5.05,Medium quality,F,F,sample1,53,Medium quality,93315,16
sample1_SemiBin_43,92.32,1.35,High quality,F,F,sample1,10,High quality,580654,2
sample1_SemiBin_44,86.17,0.89,Medium quality,F,F,sample1,10,Medium quality,432902,4
sample1_SemiBin_45,89.41,1.07,Medium quality,F,T,sample1,26,Medium quality,359012,6
sample1_SemiBin_460,72.88,2.06,Medium quality,F,T,sample1,19,Medium quality,219189,6
sample1_SemiBin_46,89.55,0.34,Medium quality,F,T,sample1,21,Medium quality,429932,5
sample1_SemiBin_47,89.79,3.7,Medium quality,F,F,sample1,16,Medium quality,598945,5
sample1_SemiBin_48,87.41,2.07,Medium quality,F,F,sample1,11,Medium quality,477719,3
sample1_SemiBin_497,61.24,9.73,Medium quality,F,T,sample1,43,Medium quality,147655,11
sample1_SemiBin_49,86.18,5.02,Medium quality,F,F,sample1,34,Medium quality,162294,8
sample1_SemiBin_4,100,0.18,High quality,T,T,sample1,4,HQ-MIMAG,3087393,1
sample1_SemiBin_50,92.59,1.46,High quality,F,T,sample1,16,High quality,628224,4
sample1_SemiBin_51,91.13,9.02,Medium quality,F,T,sample1,19,Medium quality,657967,3
sample1_SemiBin_52,85.13,1.74,Medium quality,F,F,sample1,14,Medium quality,517140,3
sample1_SemiBin_53,69.88,1.18,Medium quality,F,T,sample1,7,Medium quality,635898,2
sample1_SemiBin_54,87.87,0.88,Medium quality,F,F,sample1,13,Medium quality,333151,4
sample1_SemiBin_55,79.59,7.99,Medium quality,F,F,sample1,42,Medium quality,248040,9
sample1_SemiBin_56,85.64,5.93,Medium quality,F,F,sample1,35,Medium quality,146792,8
sample1_SemiBin_57,88.29,1.79,Medium quality,F,T,sample1,28,Medium quality,434961,6
sample1_SemiBin_58,94.12,1,High quality,F,T,sample1,9,High quality,514149,3
sample1_SemiBin_59,90.34,0.66,High quality,T,T,sample1,6,HQ-MIMAG,1456701,2
sample1_SemiBin_5,93.82,3.21,High quality,T,T,sample1,9,HQ-MIMAG,1709830,2
sample1_SemiBin_606,54.34,0.64,Medium quality,F,F,sample1,4,Medium quality,495760,2
sample1_SemiBin_60,80.93,1.27,Medium quality,F,T,sample1,6,Medium quality,1158301,2
sample1_SemiBin_62,76.9,1.6,Medium quality,F,F,sample1,45,Medium quality,91999,9
sample1_SemiBin_63,88.79,4,Medium quality,F,T,sample1,18,Medium quality,391476,4
sample1_SemiBin_64,86.05,1.38,Medium quality,F,T,sample1,16,Medium quality,565009,4
sample1_SemiBin_65,79.83,2.51,Medium quality,F,F,sample1,13,Medium quality,436143,3
sample1_SemiBin_66,84.81,0.04,Medium quality,F,F,sample1,9,Medium quality,196277,3
sample1_SemiBin_672,59.14,0,Medium quality,F,F,sample1,3,Medium quality,613319,2
sample1_SemiBin_67,79.67,0.92,Medium quality,F,T,sample1,10,Medium quality,550570,3
sample1_SemiBin_68,73.73,1.55,Medium quality,F,T,sample1,11,Medium quality,300813,3
sample1_SemiBin_69,83.46,3.07,Medium quality,F,F,sample1,35,Medium quality,290009,5
sample1_SemiBin_6,98.23,4.41,High quality,T,F,sample1,22,HQ-MIMAG,299428,7
sample1_SemiBin_70,86.48,5.81,Medium quality,F,F,sample1,28,Medium quality,453463,6
sample1_SemiBin_71,89.17,4.35,Medium quality,F,T,sample1,22,Medium quality,272101,6
sample1_SemiBin_72,71.68,3.07,Medium quality,F,F,sample1,38,Medium quality,227603,8
sample1_SemiBin_732,51.87,5.37,Medium quality,F,T,sample1,9,Medium quality,627433,3
sample1_SemiBin_73,83.39,0.41,Medium quality,F,T,sample1,28,Medium quality,500369,6
sample1_SemiBin_74,82.21,0.86,Medium quality,F,F,sample1,8,Medium quality,499243,2
sample1_SemiBin_76,78.28,0.15,Medium quality,F,T,sample1,41,Medium quality,185573,10
sample1_SemiBin_77,70.02,2.52,Medium quality,F,F,sample1,35,Medium quality,220027,6
sample1_SemiBin_78,77.6,4.86,Medium quality,F,T,sample1,27,Medium quality,310787,6
sample1_SemiBin_79,84.82,2.16,Medium quality,F,F,sample1,33,Medium quality,354741,9
sample1_SemiBin_7,97.88,0.21,High quality,T,F,sample1,4,HQ-MIMAG,1954249,2
sample1_SemiBin_80,85.44,4.22,Medium quality,F,T,sample1,10,Medium quality,792344,3
sample1_SemiBin_81,58.06,2.66,Medium quality,F,T,sample1,34,Medium quality,282812,7
sample1_SemiBin_82,75.2,1.08,Medium quality,F,T,sample1,14,Medium quality,388748,4
sample1_SemiBin_83,64.51,0.88,Medium quality,F,T,sample1,28,Medium quality,110333,7
sample1_SemiBin_84,73.45,1.58,Medium quality,F,T,sample1,37,Medium quality,146393,9
sample1_SemiBin_85,84.76,4.07,Medium quality,F,T,sample1,26,Medium quality,367974,4
sample1_SemiBin_86,99.21,0.93,High quality,T,T,sample1,2,HQ-MIMAG,846944,1
sample1_SemiBin_87,77.04,2.17,Medium quality,F,F,sample1,20,Medium quality,429567,4
sample1_SemiBin_88,82.2,4.59,Medium quality,F,F,sample1,25,Medium quality,207486,8
sample1_SemiBin_89,69.18,2.93,Medium quality,F,T,sample1,8,Medium quality,516224,3
sample1_SemiBin_8,99.68,2,High quality,T,F,sample1,6,HQ-MIMAG,1944949,1
sample1_SemiBin_90,74.61,3.36,Medium quality,F,T,sample1,18,Medium quality,319134,6
sample1_SemiBin_91,81.78,1.31,Medium quality,F,F,sample1,26,Medium quality,311253,7
sample1_SemiBin_92,83.75,2.74,Medium quality,F,T,sample1,31,Medium quality,195861,7
sample1_SemiBin_93,86.85,3.41,Medium quality,F,T,sample1,32,Medium quality,348109,5
sample1_SemiBin_94,75.09,1.47,Medium quality,F,T,sample1,49,Medium quality,270295,10
sample1_SemiBin_95,71.03,1.08,Medium quality,F,T,sample1,35,Medium quality,226290,9
sample1_SemiBin_96,81.36,1.32,Medium quality,F,F,sample1,16,Medium quality,459545,4
sample1_SemiBin_97,69.7,2.89,Medium quality,F,F,sample1,50,Medium quality,113570,12
sample1_SemiBin_98,68.47,0.59,Medium quality,F,F,sample1,16,Medium quality,291923,4
sample1_SemiBin_99,67.66,0.52,Medium quality,F,F,sample1,3,Medium quality,1016372,1
sample1_SemiBin_9,98.05,0.04,High quality,T,F,sample1,4,HQ-MIMAG,1152759,2
sample20_SemiBin_0,99.82,0.49,High quality,T,F,sample20,1,HQ-MIMAG,3647103,1
sample20_SemiBin_100,91.13,1.3,High quality,F,T,sample20,7,High quality,401575,2
sample20_SemiBin_101,79.92,4.76,Medium quality,F,F,sample20,30,Medium quality,261999,7
sample20_SemiBin_102,75.59,9.66,Medium quality,F,T,sample20,48,Medium quality,111474,12
sample20_SemiBin_103,83.58,2.92,Medium quality,F,F,sample20,14,Medium quality,496499,5
sample20_SemiBin_104,63.19,2.51,Medium quality,F,T,sample20,18,Medium quality,299179,6
sample20_SemiBin_105,69.05,3.83,Medium quality,F,T,sample20,36,Medium quality,155892,11
sample20_SemiBin_106,72.34,0.03,Medium quality,F,T,sample20,10,Medium quality,369364,3
sample20_SemiBin_107,75.33,0.57,Medium quality,F,F,sample20,12,Medium quality,520014,4
sample20_SemiBin_1087,52.2,5.84,Medium quality,F,T,sample20,16,Medium quality,447442,4
sample20_SemiBin_108,71.44,7.51,Medium quality,F,F,sample20,35,Medium quality,359842,8
sample20_SemiBin_109,79.51,3.32,Medium quality,F,F,sample20,74,Medium quality,229891,16
sample20_SemiBin_10,99.55,3.01,High quality,F,T,sample20,20,High quality,415496,5
sample20_SemiBin_110,79.59,7.7,Medium quality,F,T,sample20,21,Medium quality,353618,4
sample20_SemiBin_111,72.66,6.67,Medium quality,F,F,sample20,32,Medium quality,191179,9
sample20_SemiBin_112,65.04,4.97,Medium quality,F,T,sample20,40,Medium quality,193897,11
sample20_SemiBin_113,78.95,9.22,Medium quality,F,T,sample20,20,Medium quality,164036,6
sample20_SemiBin_114,68.45,0,Medium quality,F,T,sample20,9,Medium quality,393975,2
sample20_SemiBin_115,75.2,0.68,Medium quality,F,F,sample20,8,Medium quality,680538,3
sample20_SemiBin_116,71.75,8.21,Medium quality,F,F,sample20,88,Medium quality,129220,18
sample20_SemiBin_117,78.04,0.22,Medium quality,F,T,sample20,17,Medium quality,297117,4
sample20_SemiBin_118,68.95,4.75,Medium quality,F,T,sample20,35,Medium quality,140529,12
sample20_SemiBin_119,84.25,0.25,Medium quality,F,T,sample20,15,Medium quality,526221,3
sample20_SemiBin_11,94.49,0.12,High quality,T,F,sample20,2,HQ-MIMAG,2290571,1
sample20_SemiBin_120,53.78,2.24,Medium quality,F,T,sample20,45,Medium quality,254777,14
sample20_SemiBin_121,75.41,3,Medium quality,F,F,sample20,26,Medium quality,263510,6
sample20_SemiBin_122,64.27,0.31,Medium quality,F,T,sample20,7,Medium quality,285489,2
sample20_SemiBin_123,72.55,0.33,Medium quality,F,T,sample20,8,Medium quality,282752,3
sample20_SemiBin_124,72.02,2.91,Medium quality,F,T,sample20,11,Medium quality,516207,4
sample20_SemiBin_126,85.98,5.98,Medium quality,F,F,sample20,10,Medium quality,927395,3
sample20_SemiBin_127,79.05,6.42,Medium quality,F,F,sample20,30,Medium quality,388379,6
sample20_SemiBin_128,72.15,2.71,Medium quality,F,F,sample20,11,Medium quality,294143,3
sample20_SemiBin_129,68.03,3.62,Medium quality,F,F,sample20,24,Medium quality,254303,7
sample20_SemiBin_12,98.33,0.21,High quality,T,T,sample20,3,HQ-MIMAG,2725840,1
sample20_SemiBin_130,68.61,0.31,Medium quality,F,F,sample20,21,Medium quality,250073,7
sample20_SemiBin_131,82.61,4.29,Medium quality,F,T,sample20,20,Medium quality,542255,5
sample20_SemiBin_132,61.61,1.14,Medium quality,F,T,sample20,27,Medium quality,206512,9
sample20_SemiBin_133,65.5,6.37,Medium quality,F,F,sample20,46,Medium quality,106584,12
sample20_SemiBin_134,68.38,0.74,Medium quality,F,F,sample20,11,Medium quality,346725,4
sample20_SemiBin_135,63.31,2.14,Medium quality,F,T,sample20,30,Medium quality,282122,6
sample20_SemiBin_136,53.05,1.24,Medium quality,F,F,sample20,11,Medium quality,453387,3
sample20_SemiBin_137,69.68,3.84,Medium quality,F,T,sample20,13,Medium quality,374648,4
sample20_SemiBin_138,70.39,2.09,Medium quality,F,T,sample20,8,Medium quality,295338,3
sample20_SemiBin_139,75.64,4.52,Medium quality,F,F,sample20,8,Medium quality,769122,2
sample20_SemiBin_13,99.7,2.14,High quality,T,T,sample20,5,HQ-MIMAG,1592659,2
sample20_SemiBin_140,67.55,0.53,Medium quality,F,T,sample20,10,Medium quality,576806,4
sample20_SemiBin_141,68.77,1.34,Medium quality,F,T,sample20,32,Medium quality,329687,6
sample20_SemiBin_142,67.07,4.11,Medium quality,F,F,sample20,25,Medium quality,215752,7
sample20_SemiBin_143,70.26,4.81,Medium quality,F,F,sample20,42,Medium quality,265075,8
sample20_SemiBin_1442,58.09,9.04,Medium quality,F,T,sample20,40,Medium quality,166451,10
sample20_SemiBin_144,59.83,3.44,Medium quality,F,T,sample20,17,Medium quality,431248,5
sample20_SemiBin_145,61.51,6.84,Medium quality,F,F,sample20,33,Medium quality,136825,9
sample20_SemiBin_148,71.25,6.6,Medium quality,F,T,sample20,27,Medium quality,172912,8
sample20_SemiBin_149,68.51,3.42,Medium quality,F,F,sample20,12,Medium quality,991666,2
sample20_SemiBin_14,100,9.25,Medium quality,F,F,sample20,29,Medium quality,215146,7
sample20_SemiBin_150,61.27,1.24,Medium quality,F,F,sample20,16,Medium quality,264738,6
sample20_SemiBin_151,76.9,7.17,Medium quality,F,T,sample20,7,Medium quality,207773,3
sample20_SemiBin_152,64.62,5.8,Medium quality,F,T,sample20,18,Medium quality,184460,5
sample20_SemiBin_153,64.48,5.06,Medium quality,F,F,sample20,13,Medium quality,287051,5
sample20_SemiBin_154,55.97,0.24,Medium quality,F,T,sample20,27,Medium quality,157210,7
sample20_SemiBin_156,86.27,0.61,Medium quality,F,T,sample20,11,Medium quality,473469,3
sample20_SemiBin_157,76.43,3.1,Medium quality,F,T,sample20,12,Medium quality,619545,4
sample20_SemiBin_158,94.88,1.57,High quality,T,T,sample20,7,HQ-MIMAG,1481171,1
sample20_SemiBin_159,60.23,5.8,Medium quality,F,T,sample20,27,Medium quality,165485,7
sample20_SemiBin_15,91.17,0.23,High quality,T,F,sample20,8,HQ-MIMAG,564576,3
sample20_SemiBin_160,62.77,1.14,Medium quality,F,T,sample20,22,Medium quality,191968,5
sample20_SemiBin_161,65.21,3.83,Medium quality,F,F,sample20,38,Medium quality,160003,10
sample20_SemiBin_162,58.42,6.54,Medium quality,F,T,sample20,40,Medium quality,182074,13
sample20_SemiBin_1630,59.18,7.26,Medium quality,F,T,sample20,37,Medium quality,127896,10
sample20_SemiBin_163,50.91,0.65,Medium quality,F,T,sample20,14,Medium quality,276875,5
sample20_SemiBin_164,60.7,1.6,Medium quality,F,T,sample20,21,Medium quality,198119,6
sample20_SemiBin_166,53.78,1.25,Medium quality,F,F,sample20,19,Medium quality,182960,6
sample20_SemiBin_167,59.46,3.62,Medium quality,F,T,sample20,23,Medium quality,254888,6
sample20_SemiBin_168,97.95,2.01,High quality,T,T,sample20,10,HQ-MIMAG,768768,3
sample20_SemiBin_16,95.52,0.49,High quality,T,F,sample20,11,HQ-MIMAG,922660,3
sample20_SemiBin_170,61.92,2.27,Medium quality,F,F,sample20,21,Medium quality,344321,5
sample20_SemiBin_171,58.42,4.37,Medium quality,F,T,sample20,25,Medium quality,205523,7
sample20_SemiBin_172,67.41,1.56,Medium quality,F,F,sample20,27,Medium quality,290628,8
sample20_SemiBin_173,59.36,2.22,Medium quality,F,T,sample20,22,Medium quality,311345,7
sample20_SemiBin_174,54.73,0.1,Medium quality,F,T,sample20,3,Medium quality,760552,2
sample20_SemiBin_175,59.69,5.62,Medium quality,F,F,sample20,28,Medium quality,167064,8
sample20_SemiBin_176,56.43,3.43,Medium quality,F,T,sample20,6,Medium quality,1562615,1
sample20_SemiBin_177,54.41,8.07,Medium quality,F,T,sample20,35,Medium quality,172276,10
sample20_SemiBin_178,59.03,4.19,Medium quality,F,T,sample20,70,Medium quality,90592,17
sample20_SemiBin_179,62.06,0.02,Medium quality,F,T,sample20,9,Medium quality,367275,3
sample20_SemiBin_17,99.56,3.75,High quality,F,F,sample20,17,High quality,385250,5
sample20_SemiBin_180,51,1.63,Medium quality,F,T,sample20,18,Medium quality,296130,5
sample20_SemiBin_181,68.92,3.2,Medium quality,F,T,sample20,26,Medium quality,293139,5
sample20_SemiBin_183,83.26,1.78,Medium quality,F,F,sample20,16,Medium quality,610509,5
sample20_SemiBin_186,64.77,1.55,Medium quality,F,T,sample20,25,Medium quality,166356,7
sample20_SemiBin_187,56.55,3.18,Medium quality,F,T,sample20,18,Medium quality,231348,6
sample20_SemiBin_188,65.09,3.27,Medium quality,F,T,sample20,39,Medium quality,174878,10
sample20_SemiBin_189,51.85,6.21,Medium quality,F,T,sample20,25,Medium quality,124712,7
sample20_SemiBin_18,95.8,0.29,High quality,T,F,sample20,6,HQ-MIMAG,1271274,2
sample20_SemiBin_190,50.16,6.94,Medium quality,F,T,sample20,43,Medium quality,150518,14
sample20_SemiBin_191,72.27,2.3,Medium quality,F,T,sample20,27,Medium quality,318010,7
sample20_SemiBin_192,52.59,1.04,Medium quality,F,T,sample20,22,Medium quality,138978,8
sample20_SemiBin_193,89.33,6.23,Medium quality,F,F,sample20,13,Medium quality,367135,3
sample20_SemiBin_196,51.27,0.53,Medium quality,F,T,sample20,32,Medium quality,147985,8
sample20_SemiBin_198,88.59,9.92,Medium quality,F,F,sample20,19,Medium quality,290852,4
sample20_SemiBin_199,53.9,0.41,Medium quality,F,F,sample20,39,Medium quality,132837,10
sample20_SemiBin_19,98.17,0.04,High quality,T,F,sample20,7,HQ-MIMAG,1653487,2
sample20_SemiBin_1,95.68,0.15,High quality,T,T,sample20,10,HQ-MIMAG,473378,3
sample20_SemiBin_200,51,5.58,Medium quality,F,T,sample20,48,Medium quality,113783,14
sample20_SemiBin_201,50.3,5.15,Medium quality,F,T,sample20,53,Medium quality,98647,10
sample20_SemiBin_203,54.54,4.49,Medium quality,F,T,sample20,23,Medium quality,201730,7
sample20_SemiBin_205,78.05,1.82,Medium quality,F,T,sample20,18,Medium quality,282739,5
sample20_SemiBin_207,65.5,0.33,Medium quality,F,T,sample20,5,Medium quality,807544,2
sample20_SemiBin_208,72.3,5.67,Medium quality,F,T,sample20,34,Medium quality,218058,9
sample20_SemiBin_209,61.75,0.1,Medium quality,F,F,sample20,13,Medium quality,315020,3
sample20_SemiBin_20,92.81,1.94,High quality,T,F,sample20,9,HQ-MIMAG,1197992,2
sample20_SemiBin_210,53.81,1.43,Medium quality,F,T,sample20,19,Medium quality,140564,5
sample20_SemiBin_212,51.48,0.06,Medium quality,F,F,sample20,4,Medium quality,349716,2
sample20_SemiBin_214,94.01,0.73,High quality,F,T,sample20,8,High quality,531925,3
sample20_SemiBin_218,66.19,0.37,Medium quality,F,T,sample20,17,Medium quality,189627,5
sample20_SemiBin_21,97.23,0.22,High quality,T,F,sample20,6,HQ-MIMAG,3461458,1
sample20_SemiBin_221,59.34,1.9,Medium quality,F,F,sample20,27,Medium quality,244901,8
sample20_SemiBin_223,62.48,2.05,Medium quality,F,T,sample20,20,Medium quality,297830,6
sample20_SemiBin_2265,54.07,9.79,Medium quality,F,T,sample20,39,Medium quality,136248,13
sample20_SemiBin_229,64.93,2.64,Medium quality,F,F,sample20,18,Medium quality,218203,6
sample20_SemiBin_22,99.42,7.7,Medium quality,F,T,sample20,24,Medium quality,458399,6
sample20_SemiBin_234,67.65,2.04,Medium quality,F,F,sample20,6,Medium quality,692801,3
sample20_SemiBin_23,94.4,0.42,High quality,T,F,sample20,7,HQ-MIMAG,348584,3
sample20_SemiBin_242,76.84,4.67,Medium quality,F,F,sample20,11,Medium quality,645941,3
sample20_SemiBin_24,93.47,0.8,High quality,T,T,sample20,12,HQ-MIMAG,572225,4
sample20_SemiBin_257,62.02,1.81,Medium quality,F,T,sample20,10,Medium quality,797731,3
sample20_SemiBin_258,71.51,1.35,Medium quality,F,F,sample20,16,Medium quality,355421,6
sample20_SemiBin_25,94.83,1.66,High quality,T,T,sample20,2,HQ-MIMAG,2402887,1
sample20_SemiBin_262,58.79,2.14,Medium quality,F,F,sample20,20,Medium quality,210333,6
sample20_SemiBin_263,71.09,1.59,Medium quality,F,F,sample20,9,Medium quality,757646,3
sample20_SemiBin_268,52.98,3.34,Medium quality,F,T,sample20,42,Medium quality,126214,13
sample20_SemiBin_26,95.89,0.23,High quality,T,T,sample20,7,HQ-MIMAG,732596,3
sample20_SemiBin_273,61.59,0.98,Medium quality,F,T,sample20,16,Medium quality,248159,6
sample20_SemiBin_278,73.16,7.11,Medium quality,F,T,sample20,33,Medium quality,295571,9
sample20_SemiBin_27,99.21,4.45,High quality,T,F,sample20,13,HQ-MIMAG,609537,3
sample20_SemiBin_283,64.93,8.6,Medium quality,F,T,sample20,20,Medium quality,206529,7
sample20_SemiBin_289,51.39,0.11,Medium quality,F,T,sample20,9,Medium quality,453915,3
sample20_SemiBin_28,99.97,9.81,Medium quality,F,F,sample20,11,Medium quality,618855,3
sample20_SemiBin_290,61.21,2.71,Medium quality,F,F,sample20,14,Medium quality,347777,4
sample20_SemiBin_295,84.71,0.36,Medium quality,F,T,sample20,6,Medium quality,1182873,2
sample20_SemiBin_296,56.37,1,Medium quality,F,F,sample20,36,Medium quality,183813,11
sample20_SemiBin_298,65.91,0.08,Medium quality,F,T,sample20,7,Medium quality,851348,2
sample20_SemiBin_29,98.31,1.13,High quality,T,T,sample20,8,HQ-MIMAG,1237380,3
sample20_SemiBin_2,84.47,0.31,Medium quality,F,T,sample20,12,Medium quality,590718,3
sample20_SemiBin_304,57.14,4.53,Medium quality,F,F,sample20,15,Medium quality,372411,5
sample20_SemiBin_306,62.37,5.98,Medium quality,F,F,sample20,12,Medium quality,521285,4
sample20_SemiBin_307,61.86,0.71,Medium quality,F,T,sample20,5,Medium quality,978874,2
sample20_SemiBin_309,62.12,5.33,Medium quality,F,F,sample20,53,Medium quality,135631,13
sample20_SemiBin_30,89.49,0.13,Medium quality,F,T,sample20,2,Medium quality,2571980,1
sample20_SemiBin_315,59.01,2.7,Medium quality,F,T,sample20,23,Medium quality,493768,5
sample20_SemiBin_31,93.47,1.82,High quality,T,T,sample20,6,HQ-MIMAG,846414,2
sample20_SemiBin_32,97.17,5.23,Medium quality,F,F,sample20,9,Medium quality,1937461,2
sample20_SemiBin_331,68.74,2.98,Medium quality,F,T,sample20,24,Medium quality,242749,5
sample20_SemiBin_33,88.93,2.8,Medium quality,F,F,sample20,19,Medium quality,279798,4
sample20_SemiBin_34,93.75,0.46,High quality,T,T,sample20,14,HQ-MIMAG,504567,3
sample20_SemiBin_357,53.95,2.14,Medium quality,F,F,sample20,29,Medium quality,253222,9
sample20_SemiBin_35,95.02,3.09,High quality,T,T,sample20,9,HQ-MIMAG,1242113,3
sample20_SemiBin_361,54.44,1.76,Medium quality,F,T,sample20,9,Medium quality,242445,3
sample20_SemiBin_364,55.59,0.05,Medium quality,F,F,sample20,10,Medium quality,549353,2
sample20_SemiBin_369,51.53,0.27,Medium quality,F,F,sample20,3,Medium quality,1116805,1
sample20_SemiBin_36,94.53,6,Medium quality,F,F,sample20,9,Medium quality,1731219,2
sample20_SemiBin_37,88.51,2.82,Medium quality,F,T,sample20,10,Medium quality,624508,3
sample20_SemiBin_38,93.6,0.68,High quality,T,T,sample20,8,HQ-MIMAG,1298702,2
sample20_SemiBin_391,50.97,1,Medium quality,F,T,sample20,10,Medium quality,449435,3
sample20_SemiBin_394,67.6,0.78,Medium quality,F,F,sample20,10,Medium quality,773460,3
sample20_SemiBin_39,86.18,0.41,Medium quality,F,T,sample20,10,Medium quality,791472,3
sample20_SemiBin_3,96.28,0.17,High quality,T,T,sample20,10,HQ-MIMAG,628060,3
sample20_SemiBin_403,65.55,7.85,Medium quality,F,T,sample20,59,Medium quality,117376,15
sample20_SemiBin_40,81.55,0.26,Medium quality,F,F,sample20,9,Medium quality,568913,3
sample20_SemiBin_41,96.49,0.62,High quality,T,T,sample20,11,HQ-MIMAG,631924,4
sample20_SemiBin_42,92.2,3.76,High quality,T,T,sample20,14,HQ-MIMAG,860143,3
sample20_SemiBin_431,96.82,0.27,High quality,F,F,sample20,4,High quality,497529,2
sample20_SemiBin_435,53.69,1.36,Medium quality,F,T,sample20,6,Medium quality,824592,2
sample20_SemiBin_43,89.36,2.95,Medium quality,F,T,sample20,13,Medium quality,475438,5
sample20_SemiBin_44,92.56,0.41,High quality,T,F,sample20,8,HQ-MIMAG,763190,2
sample20_SemiBin_45,99.73,2.06,High quality,T,T,sample20,18,HQ-MIMAG,483079,4
sample20_SemiBin_46,100,0.92,High quality,T,T,sample20,2,HQ-MIMAG,1075060,1
sample20_SemiBin_47,88.53,0.92,Medium quality,F,F,sample20,16,Medium quality,204852,4
sample20_SemiBin_484,96.19,0.72,High quality,F,F,sample20,1,High quality,2681959,1
sample20_SemiBin_48,90.36,2.16,High quality,T,F,sample20,15,HQ-MIMAG,334262,4
sample20_SemiBin_499,51.04,2.79,Medium quality,F,T,sample20,16,Medium quality,204022,3
sample20_SemiBin_49,83.78,0.89,Medium quality,F,T,sample20,16,Medium quality,356563,5
sample20_SemiBin_4,100,3.17,High quality,T,F,sample20,5,HQ-MIMAG,2161950,2
sample20_SemiBin_50,91.66,0.19,High quality,T,T,sample20,8,HQ-MIMAG,961980,2
sample20_SemiBin_51,92.39,4.09,High quality,T,T,sample20,14,HQ-MIMAG,642659,3
sample20_SemiBin_53,79.98,0.07,Medium quality,F,F,sample20,16,Medium quality,246919,5
sample20_SemiBin_54,89.14,4.1,Medium quality,F,F,sample20,22,Medium quality,302372,5
sample20_SemiBin_55,87.8,1.02,Medium quality,F,F,sample20,11,Medium quality,382203,3
sample20_SemiBin_56,86.4,2.64,Medium quality,F,T,sample20,15,Medium quality,550489,5
sample20_SemiBin_57,91.94,1.31,High quality,T,F,sample20,10,HQ-MIMAG,811461,3
sample20_SemiBin_58,78.81,0.04,Medium quality,F,T,sample20,7,Medium quality,669319,3
sample20_SemiBin_59,84.82,1,Medium quality,F,F,sample20,22,Medium quality,307936,6
sample20_SemiBin_5,100,2.7,High quality,T,F,sample20,3,HQ-MIMAG,4098210,1
sample20_SemiBin_60,94.73,8.15,Medium quality,F,F,sample20,10,Medium quality,1518844,2
sample20_SemiBin_61,86.65,0.24,Medium quality,F,T,sample20,16,Medium quality,368226,5
sample20_SemiBin_62,94.38,2.03,High quality,T,F,sample20,8,HQ-MIMAG,1520360,2
sample20_SemiBin_63,90.26,3.53,High quality,F,F,sample20,17,High quality,404861,3
sample20_SemiBin_64,84.45,3.64,Medium quality,F,F,sample20,48,Medium quality,192460,13
sample20_SemiBin_65,83.09,1.25,Medium quality,F,T,sample20,8,Medium quality,623023,2
sample20_SemiBin_66,91.51,1.88,High quality,T,T,sample20,7,HQ-MIMAG,1395921,2
sample20_SemiBin_67,76.85,0.8,Medium quality,F,T,sample20,41,Medium quality,172339,8
sample20_SemiBin_689,72.11,9.29,Medium quality,F,F,sample20,24,Medium quality,279212,7
sample20_SemiBin_68,78.91,1.51,Medium quality,F,F,sample20,24,Medium quality,247503,6
sample20_SemiBin_69,80.47,0.16,Medium quality,F,T,sample20,7,Medium quality,563253,3
sample20_SemiBin_6,95.83,0.07,High quality,T,T,sample20,1,HQ-MIMAG,3522088,1
sample20_SemiBin_703,66.54,7.64,Medium quality,F,T,sample20,44,Medium quality,152832,13
sample20_SemiBin_71,84.78,2.63,Medium quality,F,T,sample20,10,Medium quality,761975,3
sample20_SemiBin_72,74.12,2.01,Medium quality,F,T,sample20,18,Medium quality,302107,5
sample20_SemiBin_73,77.24,3.32,Medium quality,F,F,sample20,49,Medium quality,137221,10
sample20_SemiBin_75,84.5,1.18,Medium quality,F,T,sample20,22,Medium quality,255953,7
sample20_SemiBin_76,90.43,0.64,High quality,T,T,sample20,4,HQ-MIMAG,1374261,2
sample20_SemiBin_77,81.57,5.23,Medium quality,F,F,sample20,11,Medium quality,857838,2
sample20_SemiBin_78,84.08,1.39,Medium quality,F,F,sample20,13,Medium quality,457410,4
sample20_SemiBin_79,75.75,5.45,Medium quality,F,F,sample20,31,Medium quality,231833,8
sample20_SemiBin_7,99.71,0.62,High quality,T,T,sample20,5,HQ-MIMAG,1211707,2
sample20_SemiBin_80,88.63,3.64,Medium quality,F,T,sample20,7,Medium quality,788704,2
sample20_SemiBin_81,82.25,4.64,Medium quality,F,T,sample20,36,Medium quality,182195,8
sample20_SemiBin_82,83.64,0.28,Medium quality,F,F,sample20,10,Medium quality,347052,3
sample20_SemiBin_83,81.58,1.93,Medium quality,F,T,sample20,8,Medium quality,683596,2
sample20_SemiBin_84,81.14,1.03,Medium quality,F,T,sample20,9,Medium quality,524266,3
sample20_SemiBin_85,90.15,4.27,High quality,T,F,sample20,12,HQ-MIMAG,604001,3
sample20_SemiBin_86,80.08,1.15,Medium quality,F,F,sample20,19,Medium quality,412832,3
sample20_SemiBin_88,100,2.48,High quality,T,F,sample20,16,HQ-MIMAG,373605,5
sample20_SemiBin_8,99.37,0.07,High quality,T,T,sample20,1,HQ-MIMAG,4348637,1
sample20_SemiBin_90,76.78,2.16,Medium quality,F,F,sample20,19,Medium quality,241156,6
sample20_SemiBin_91,79.75,0.81,Medium quality,F,F,sample20,19,Medium quality,350788,5
sample20_SemiBin_92,77.23,0.02,Medium quality,F,T,sample20,5,Medium quality,1288261,1
sample20_SemiBin_94,88.1,5.95,Medium quality,F,F,sample20,31,Medium quality,239763,8
sample20_SemiBin_95,75.92,3.03,Medium quality,F,F,sample20,11,Medium quality,472788,4
sample20_SemiBin_97,85,2.99,Medium quality,F,T,sample20,36,Medium quality,626167,7
sample20_SemiBin_987,53.64,9.01,Medium quality,F,T,sample20,49,Medium quality,108518,12
sample20_SemiBin_98,77.32,0.92,Medium quality,F,T,sample20,16,Medium quality,365870,5
sample20_SemiBin_9,93.25,1.38,High quality,T,F,sample20,8,HQ-MIMAG,2583812,1
sample21_SemiBin_0,98.75,0.04,High quality,T,F,sample21,17,HQ-MIMAG,308788,5
sample21_SemiBin_100,60.19,0.02,Medium quality,F,T,sample21,11,Medium quality,413665,3
sample21_SemiBin_101,55.33,1.57,Medium quality,F,T,sample21,8,Medium quality,229371,2
sample21_SemiBin_103,63.29,4.98,Medium quality,F,F,sample21,21,Medium quality,223787,5
sample21_SemiBin_105,62.79,0.4,Medium quality,F,T,sample21,44,Medium quality,114441,12
sample21_SemiBin_107,79.26,0.04,Medium quality,F,F,sample21,10,Medium quality,479824,4
sample21_SemiBin_108,57.98,2.26,Medium quality,F,T,sample21,25,Medium quality,121508,6
sample21_SemiBin_109,93.91,4.61,High quality,F,F,sample21,24,High quality,428637,5
sample21_SemiBin_10,91.7,0.14,High quality,F,T,sample21,8,High quality,595738,3
sample21_SemiBin_115,51.99,0.17,Medium quality,F,F,sample21,43,Medium quality,101319,13
sample21_SemiBin_117,70.92,1.43,Medium quality,F,F,sample21,16,Medium quality,278219,6
sample21_SemiBin_118,79.2,5.32,Medium quality,F,T,sample21,31,Medium quality,329637,7
sample21_SemiBin_11,95.22,1.11,High quality,T,F,sample21,11,HQ-MIMAG,505056,4
sample21_SemiBin_120,81.02,2.23,Medium quality,F,F,sample21,11,Medium quality,445019,3
sample21_SemiBin_125,50.37,3.09,Medium quality,F,T,sample21,62,Medium quality,105439,16
sample21_SemiBin_12,100,3.26,High quality,F,F,sample21,13,High quality,1280125,3
sample21_SemiBin_130,63.24,1.66,Medium quality,F,T,sample21,27,Medium quality,163894,7
sample21_SemiBin_132,52.18,3.66,Medium quality,F,T,sample21,25,Medium quality,138081,7
sample21_SemiBin_136,69.1,0.59,Medium quality,F,T,sample21,16,Medium quality,247919,5
sample21_SemiBin_13,92.21,0.91,High quality,T,F,sample21,9,HQ-MIMAG,560833,3
sample21_SemiBin_141,63.12,1.19,Medium quality,F,F,sample21,30,Medium quality,157042,8
sample21_SemiBin_1433,54.29,8.1,Medium quality,F,T,sample21,54,Medium quality,62353,15
sample21_SemiBin_145,62.36,4.92,Medium quality,F,T,sample21,7,Medium quality,501907,2
sample21_SemiBin_149,71.98,1.14,Medium quality,F,F,sample21,9,Medium quality,539803,3
sample21_SemiBin_14,95.97,1.35,High quality,T,F,sample21,10,HQ-MIMAG,503934,4
sample21_SemiBin_150,56.98,3.61,Medium quality,F,T,sample21,21,Medium quality,232792,7
sample21_SemiBin_153,61.07,6.54,Medium quality,F,T,sample21,41,Medium quality,124392,10
sample21_SemiBin_157,53.57,1.96,Medium quality,F,T,sample21,32,Medium quality,113778,9
sample21_SemiBin_159,51.48,0.06,Medium quality,F,F,sample21,15,Medium quality,299196,4
sample21_SemiBin_15,93.9,0.37,High quality,F,T,sample21,23,High quality,316228,5
sample21_SemiBin_164,53.02,1.39,Medium quality,F,T,sample21,49,Medium quality,106031,10
sample21_SemiBin_16,96.71,0.28,High quality,F,F,sample21,17,High quality,505809,5
sample21_SemiBin_170,71.49,0.29,Medium quality,F,F,sample21,19,Medium quality,368105,4
sample21_SemiBin_1786,51.39,5.69,Medium quality,F,T,sample21,31,Medium quality,137256,10
sample21_SemiBin_1792,51.38,9.05,Medium quality,F,T,sample21,64,Medium quality,136665,21
sample21_SemiBin_17,96.43,6.65,Medium quality,F,F,sample21,33,Medium quality,279241,7
sample21_SemiBin_1804,56.78,5.82,Medium quality,F,T,sample21,33,Medium quality,126463,12
sample21_SemiBin_1862,57.57,6.9,Medium quality,F,T,sample21,68,Medium quality,60479,20
sample21_SemiBin_1864,51.6,5.14,Medium quality,F,T,sample21,165,Medium quality,55632,47
sample21_SemiBin_1889,52.62,8.28,Medium quality,F,T,sample21,87,Medium quality,48275,24
sample21_SemiBin_189,56,0.66,Medium quality,F,F,sample21,19,Medium quality,235844,4
sample21_SemiBin_18,82.61,3.64,Medium quality,F,F,sample21,23,Medium quality,266901,5
sample21_SemiBin_190,52.4,6.89,Medium quality,F,F,sample21,21,Medium quality,280906,4
sample21_SemiBin_195,56.62,1.84,Medium quality,F,T,sample21,24,Medium quality,215580,7
sample21_SemiBin_19,88.97,3.5,Medium quality,F,F,sample21,7,Medium quality,2132486,1
sample21_SemiBin_1,99.98,0.08,High quality,T,F,sample21,1,HQ-MIMAG,3281101,1
sample21_SemiBin_206,53.52,2.09,Medium quality,F,T,sample21,16,Medium quality,350457,4
sample21_SemiBin_207,50.3,5.35,Medium quality,F,T,sample21,35,Medium quality,114853,9
sample21_SemiBin_216,52.35,0.09,Medium quality,F,F,sample21,12,Medium quality,224192,4
sample21_SemiBin_21,83.09,0.33,Medium quality,F,T,sample21,16,Medium quality,321025,5
sample21_SemiBin_22,85.78,2.82,Medium quality,F,F,sample21,12,Medium quality,399455,4
sample21_SemiBin_23,91.87,5.07,Medium quality,F,F,sample21,9,Medium quality,497661,3
sample21_SemiBin_244,60.53,6.62,Medium quality,F,T,sample21,19,Medium quality,120945,6
sample21_SemiBin_24,91.9,2.42,High quality,T,F,sample21,22,HQ-MIMAG,479704,5
sample21_SemiBin_25,94.52,1.03,High quality,T,T,sample21,12,HQ-MIMAG,190625,3
sample21_SemiBin_267,57.06,1.14,Medium quality,F,F,sample21,26,Medium quality,228469,7
sample21_SemiBin_26,97.16,7.27,Medium quality,F,F,sample21,20,Medium quality,514057,4
sample21_SemiBin_27,94.15,2.49,High quality,T,F,sample21,20,HQ-MIMAG,465267,4
sample21_SemiBin_283,50.66,0.28,Medium quality,F,T,sample21,10,Medium quality,377055,3
sample21_SemiBin_285,58.2,9.39,Medium quality,F,F,sample21,79,Medium quality,134086,24
sample21_SemiBin_28,83.5,0.12,Medium quality,F,F,sample21,13,Medium quality,326340,3
sample21_SemiBin_29,93.65,7.88,Medium quality,F,T,sample21,43,Medium quality,204409,10
sample21_SemiBin_2,100,1.41,High quality,T,T,sample21,12,HQ-MIMAG,589172,4
sample21_SemiBin_30,87.25,2.92,Medium quality,F,T,sample21,12,Medium quality,447238,3
sample21_SemiBin_318,57.96,0.56,Medium quality,F,F,sample21,12,Medium quality,213121,3
sample21_SemiBin_31,81.88,1.97,Medium quality,F,F,sample21,24,Medium quality,180269,8
sample21_SemiBin_32,82.87,0.8,Medium quality,F,T,sample21,10,Medium quality,851458,3
sample21_SemiBin_33,95.67,3.75,High quality,T,F,sample21,8,HQ-MIMAG,925252,2
sample21_SemiBin_34,90.83,2.46,High quality,T,F,sample21,7,HQ-MIMAG,1000655,2
sample21_SemiBin_35,80.28,2.41,Medium quality,F,F,sample21,16,Medium quality,314648,5
sample21_SemiBin_36,89.5,2.89,Medium quality,F,F,sample21,23,Medium quality,316082,6
sample21_SemiBin_378,52.23,4.77,Medium quality,F,T,sample21,50,Medium quality,78798,15
sample21_SemiBin_37,90.49,0.57,High quality,F,T,sample21,19,High quality,458476,5
sample21_SemiBin_380,59.17,0.17,Medium quality,F,F,sample21,6,Medium quality,443379,2
sample21_SemiBin_38,79.38,1.98,Medium quality,F,T,sample21,45,Medium quality,219475,12
sample21_SemiBin_39,91.37,6.38,Medium quality,F,F,sample21,4,Medium quality,766212,2
sample21_SemiBin_3,99.18,1.9,High quality,T,T,sample21,4,HQ-MIMAG,1209394,2
sample21_SemiBin_40,83.71,3.99,Medium quality,F,T,sample21,11,Medium quality,728552,2
sample21_SemiBin_41,77.77,0.45,Medium quality,F,T,sample21,15,Medium quality,352957,4
sample21_SemiBin_42,94.49,4.97,High quality,T,F,sample21,24,HQ-MIMAG,824656,3
sample21_SemiBin_43,79.99,3.07,Medium quality,F,F,sample21,15,Medium quality,263731,4
sample21_SemiBin_44,83.66,4.25,Medium quality,F,T,sample21,29,Medium quality,168366,7
sample21_SemiBin_45,78.64,2.07,Medium quality,F,F,sample21,29,Medium quality,172536,7
sample21_SemiBin_46,79.24,3.69,Medium quality,F,T,sample21,30,Medium quality,381939,7
sample21_SemiBin_47,76.32,1.85,Medium quality,F,T,sample21,30,Medium quality,185893,8
sample21_SemiBin_48,86.26,0.36,Medium quality,F,F,sample21,20,Medium quality,307290,6
sample21_SemiBin_49,72.79,0.57,Medium quality,F,F,sample21,14,Medium quality,300153,4
sample21_SemiBin_4,97.15,0.33,High quality,T,F,sample21,6,HQ-MIMAG,1141446,2
sample21_SemiBin_503,56.4,4.4,Medium quality,F,F,sample21,30,Medium quality,197970,8
sample21_SemiBin_50,79.97,0.34,Medium quality,F,T,sample21,32,Medium quality,208616,8
sample21_SemiBin_513,56.63,7.2,Medium quality,F,T,sample21,38,Medium quality,165257,10
sample21_SemiBin_51,67.72,0.09,Medium quality,F,F,sample21,17,Medium quality,161246,5
sample21_SemiBin_52,84.12,1.41,Medium quality,F,T,sample21,35,Medium quality,165301,8
sample21_SemiBin_534,54.14,3.37,Medium quality,F,T,sample21,21,Medium quality,149568,6
sample21_SemiBin_53,61.81,0.34,Medium quality,F,F,sample21,57,Medium quality,103398,16
sample21_SemiBin_54,86.33,4.74,Medium quality,F,F,sample21,32,Medium quality,309053,8
sample21_SemiBin_55,70.39,2.39,Medium quality,F,F,sample21,13,Medium quality,260286,5
sample21_SemiBin_56,69.04,0.49,Medium quality,F,T,sample21,15,Medium quality,367516,5
sample21_SemiBin_57,60.46,0.08,Medium quality,F,T,sample21,17,Medium quality,275153,4
sample21_SemiBin_599,81.35,9.84,Medium quality,F,T,sample21,42,Medium quality,195918,13
sample21_SemiBin_59,73.98,3.32,Medium quality,F,F,sample21,15,Medium quality,251989,4
sample21_SemiBin_5,96.62,2.32,High quality,T,T,sample21,24,HQ-MIMAG,474683,5
sample21_SemiBin_60,55.6,5.51,Medium quality,F,T,sample21,82,Medium quality,79976,22
sample21_SemiBin_61,70.21,8.03,Medium quality,F,T,sample21,60,Medium quality,157127,13
sample21_SemiBin_62,71.59,6.04,Medium quality,F,T,sample21,32,Medium quality,264536,6
sample21_SemiBin_63,56.86,1.02,Medium quality,F,T,sample21,23,Medium quality,307579,6
sample21_SemiBin_64,77.4,4.31,Medium quality,F,F,sample21,29,Medium quality,189821,9
sample21_SemiBin_656,58.89,5.53,Medium quality,F,T,sample21,20,Medium quality,141804,7
sample21_SemiBin_65,76.05,9.81,Medium quality,F,T,sample21,70,Medium quality,108525,18
sample21_SemiBin_66,55.03,4.87,Medium quality,F,T,sample21,55,Medium quality,131731,14
sample21_SemiBin_67,68.38,2.23,Medium quality,F,F,sample21,21,Medium quality,193773,5
sample21_SemiBin_68,57.68,3.18,Medium quality,F,T,sample21,63,Medium quality,78938,15
sample21_SemiBin_69,56.47,3.18,Medium quality,F,F,sample21,50,Medium quality,194328,13
sample21_SemiBin_6,97.2,1.02,High quality,T,T,sample21,18,HQ-MIMAG,418975,4
sample21_SemiBin_70,81.56,3.85,Medium quality,F,F,sample21,7,Medium quality,368857,3
sample21_SemiBin_71,60.55,0.3,Medium quality,F,F,sample21,23,Medium quality,182101,6
sample21_SemiBin_72,63.55,1.28,Medium quality,F,T,sample21,24,Medium quality,287492,5
sample21_SemiBin_73,70.92,1.48,Medium quality,F,F,sample21,20,Medium quality,148379,7
sample21_SemiBin_74,53.73,0.25,Medium quality,F,T,sample21,24,Medium quality,143131,7
sample21_SemiBin_75,60.34,4.03,Medium quality,F,T,sample21,49,Medium quality,117380,14
sample21_SemiBin_76,58.81,0.61,Medium quality,F,T,sample21,26,Medium quality,98935,7
sample21_SemiBin_77,56.57,0.73,Medium quality,F,T,sample21,8,Medium quality,498008,3
sample21_SemiBin_78,52.22,0.75,Medium quality,F,F,sample21,34,Medium quality,130568,11
sample21_SemiBin_79,63.31,3.01,Medium quality,F,T,sample21,36,Medium quality,177334,9
sample21_SemiBin_7,99.38,3.71,High quality,T,F,sample21,12,HQ-MIMAG,763927,3
sample21_SemiBin_80,90.39,3.29,High quality,F,T,sample21,4,High quality,933274,2
sample21_SemiBin_81,56.04,0.23,Medium quality,F,F,sample21,6,Medium quality,790276,3
sample21_SemiBin_82,68.34,4.19,Medium quality,F,T,sample21,50,Medium quality,87671,10
sample21_SemiBin_84,54.12,4.38,Medium quality,F,T,sample21,48,Medium quality,108654,13
sample21_SemiBin_87,56.54,0.55,Medium quality,F,F,sample21,30,Medium quality,202001,8
sample21_SemiBin_88,53.46,1.72,Medium quality,F,T,sample21,20,Medium quality,234373,6
sample21_SemiBin_89,60.5,3.95,Medium quality,F,T,sample21,12,Medium quality,251588,4
sample21_SemiBin_8,89.99,0.46,Medium quality,F,F,sample21,7,Medium quality,687469,2
sample21_SemiBin_90,54.95,5.15,Medium quality,F,T,sample21,30,Medium quality,91912,8
sample21_SemiBin_91,51.9,1.83,Medium quality,F,T,sample21,20,Medium quality,234792,6
sample21_SemiBin_94,70.35,5.96,Medium quality,F,F,sample21,24,Medium quality,341841,6
sample21_SemiBin_96,76.96,5.82,Medium quality,F,F,sample21,3,Medium quality,1812252,1
sample21_SemiBin_98,66.06,5.25,Medium quality,F,T,sample21,29,Medium quality,136683,7
sample21_SemiBin_99,56.11,2.38,Medium quality,F,T,sample21,43,Medium quality,200594,10
sample21_SemiBin_9,92.22,0.86,High quality,T,F,sample21,17,HQ-MIMAG,423954,5
sample22_SemiBin_0,97.39,0.3,High quality,T,T,sample22,16,HQ-MIMAG,313722,5
sample22_SemiBin_100,76.35,4.75,Medium quality,F,F,sample22,22,Medium quality,529379,5
sample22_SemiBin_101,93.2,3.91,High quality,T,F,sample22,7,HQ-MIMAG,580897,2
sample22_SemiBin_102,60.34,4.99,Medium quality,F,T,sample22,34,Medium quality,209525,8
sample22_SemiBin_103,76.58,0.98,Medium quality,F,T,sample22,5,Medium quality,175365,2
sample22_SemiBin_104,64.66,1.18,Medium quality,F,T,sample22,7,Medium quality,583957,2
sample22_SemiBin_105,56.57,3.87,Medium quality,F,T,sample22,41,Medium quality,76699,13
sample22_SemiBin_106,60.19,1.08,Medium quality,F,T,sample22,19,Medium quality,177836,6
sample22_SemiBin_107,66.45,2.45,Medium quality,F,T,sample22,19,Medium quality,258795,6
sample22_SemiBin_109,62.69,4.76,Medium quality,F,T,sample22,21,Medium quality,318572,5
sample22_SemiBin_10,99.05,0.05,High quality,T,F,sample22,1,HQ-MIMAG,4079777,1
sample22_SemiBin_110,53.89,0.4,Medium quality,F,T,sample22,8,Medium quality,922923,2
sample22_SemiBin_111,60.5,9.01,Medium quality,F,T,sample22,41,Medium quality,100942,11
sample22_SemiBin_112,63.95,1.84,Medium quality,F,F,sample22,39,Medium quality,187797,8
sample22_SemiBin_113,86.91,0.21,Medium quality,F,F,sample22,13,Medium quality,427374,3
sample22_SemiBin_115,67.96,1.43,Medium quality,F,F,sample22,35,Medium quality,137783,10
sample22_SemiBin_116,55.97,0.94,Medium quality,F,F,sample22,26,Medium quality,171957,8
sample22_SemiBin_117,72.95,1.58,Medium quality,F,F,sample22,25,Medium quality,334078,8
sample22_SemiBin_118,74.38,9.68,Medium quality,F,T,sample22,88,Medium quality,125591,21
sample22_SemiBin_119,59.41,5.5,Medium quality,F,T,sample22,121,Medium quality,95239,28
sample22_SemiBin_11,96.69,2.1,High quality,T,F,sample22,14,HQ-MIMAG,808159,4
sample22_SemiBin_121,50.52,0.2,Medium quality,F,F,sample22,33,Medium quality,123447,10
sample22_SemiBin_122,59.35,5.14,Medium quality,F,F,sample22,30,Medium quality,168686,9
sample22_SemiBin_124,63.91,1.49,Medium quality,F,T,sample22,33,Medium quality,279147,9
sample22_SemiBin_126,84.63,0.06,Medium quality,F,T,sample22,7,Medium quality,563279,2
sample22_SemiBin_127,67.04,9.06,Medium quality,F,F,sample22,31,Medium quality,204053,8
sample22_SemiBin_12,98.36,5.57,Medium quality,F,F,sample22,7,Medium quality,1083948,2
sample22_SemiBin_130,69.54,7.64,Medium quality,F,F,sample22,52,Medium quality,168189,12
sample22_SemiBin_131,57.92,0.16,Medium quality,F,F,sample22,2,Medium quality,1405852,1
sample22_SemiBin_135,53.38,0.87,Medium quality,F,F,sample22,9,Medium quality,661343,3
sample22_SemiBin_136,51.45,8.54,Medium quality,F,T,sample22,34,Medium quality,104024,10
sample22_SemiBin_137,79.63,0.11,Medium quality,F,T,sample22,24,Medium quality,297348,6
sample22_SemiBin_13,97.73,2.8,High quality,T,F,sample22,10,HQ-MIMAG,614070,3
sample22_SemiBin_142,83.78,0.99,Medium quality,F,T,sample22,24,Medium quality,485955,4
sample22_SemiBin_143,55.54,7.78,Medium quality,F,T,sample22,33,Medium quality,117210,9
sample22_SemiBin_144,69.74,0.61,Medium quality,F,F,sample22,22,Medium quality,153006,6
sample22_SemiBin_145,51.68,2.28,Medium quality,F,F,sample22,29,Medium quality,124615,10
sample22_SemiBin_146,79.33,3.47,Medium quality,F,F,sample22,47,Medium quality,224957,11
sample22_SemiBin_147,55.88,5.87,Medium quality,F,T,sample22,50,Medium quality,78823,16
sample22_SemiBin_14,93.12,3.87,High quality,T,F,sample22,12,HQ-MIMAG,390230,3
sample22_SemiBin_150,56,6.26,Medium quality,F,T,sample22,20,Medium quality,157183,4
sample22_SemiBin_151,53.02,3.28,Medium quality,F,F,sample22,29,Medium quality,197393,8
sample22_SemiBin_152,87.9,1.18,Medium quality,F,F,sample22,15,Medium quality,470637,4
sample22_SemiBin_158,73.41,3.97,Medium quality,F,T,sample22,21,Medium quality,202454,8
sample22_SemiBin_1595,52.46,8.13,Medium quality,F,T,sample22,50,Medium quality,95341,17
sample22_SemiBin_1596,59.86,5.52,Medium quality,F,T,sample22,21,Medium quality,118946,7
sample22_SemiBin_1598,50.66,6.71,Medium quality,F,T,sample22,53,Medium quality,107162,17
sample22_SemiBin_159,84.25,0.29,Medium quality,F,T,sample22,13,Medium quality,757443,4
sample22_SemiBin_15,94.55,0.99,High quality,T,F,sample22,8,HQ-MIMAG,771228,2
sample22_SemiBin_160,71.11,0.54,Medium quality,F,F,sample22,16,Medium quality,301484,6
sample22_SemiBin_162,89.68,4.72,Medium quality,F,T,sample22,19,Medium quality,324695,6
sample22_SemiBin_16,98.92,3.54,High quality,T,F,sample22,13,HQ-MIMAG,385095,4
sample22_SemiBin_174,68.77,0.58,Medium quality,F,T,sample22,8,Medium quality,601539,3
sample22_SemiBin_175,64.64,4.7,Medium quality,F,T,sample22,11,Medium quality,483269,4
sample22_SemiBin_177,71.03,2.15,Medium quality,F,T,sample22,6,Medium quality,1126463,2
sample22_SemiBin_17,94.69,0.68,High quality,T,T,sample22,2,HQ-MIMAG,1668789,1
sample22_SemiBin_180,67.82,0.37,Medium quality,F,T,sample22,5,Medium quality,604758,1
sample22_SemiBin_181,75.36,3.54,Medium quality,F,F,sample22,11,Medium quality,223077,4
sample22_SemiBin_182,65.29,2.18,Medium quality,F,F,sample22,39,Medium quality,172915,10
sample22_SemiBin_189,50.44,7.56,Medium quality,F,F,sample22,28,Medium quality,177228,9
sample22_SemiBin_18,97.33,5.65,Medium quality,F,F,sample22,17,Medium quality,539632,4
sample22_SemiBin_191,89.31,4.11,Medium quality,F,F,sample22,11,Medium quality,1308320,3
sample22_SemiBin_194,54.27,0.11,Medium quality,F,F,sample22,19,Medium quality,219403,7
sample22_SemiBin_19,88.75,0.25,Medium quality,F,F,sample22,1,Medium quality,3401609,1
sample22_SemiBin_1,100,0.35,High quality,T,T,sample22,6,HQ-MIMAG,2522955,1
sample22_SemiBin_201,60.17,5.72,Medium quality,F,F,sample22,49,Medium quality,240473,13
sample22_SemiBin_205,51.73,1.02,Medium quality,F,F,sample22,3,Medium quality,1128946,1
sample22_SemiBin_20,98.5,4.32,High quality,T,T,sample22,8,HQ-MIMAG,747507,3
sample22_SemiBin_215,65.68,1.3,Medium quality,F,T,sample22,22,Medium quality,195405,8
sample22_SemiBin_21,95.23,1.12,High quality,T,T,sample22,5,HQ-MIMAG,3739091,1
sample22_SemiBin_223,50.64,1.69,Medium quality,F,T,sample22,16,Medium quality,183699,5
sample22_SemiBin_22,99.68,9.66,Medium quality,F,F,sample22,23,Medium quality,463815,6
sample22_SemiBin_238,61.72,1.55,Medium quality,F,F,sample22,37,Medium quality,137947,11
sample22_SemiBin_239,58.96,5.11,Medium quality,F,F,sample22,59,Medium quality,102649,17
sample22_SemiBin_23,93.54,0.2,High quality,T,F,sample22,3,HQ-MIMAG,671893,2
sample22_SemiBin_247,54.87,0.57,Medium quality,F,F,sample22,10,Medium quality,258669,2
sample22_SemiBin_249,60.99,1.63,Medium quality,F,F,sample22,40,Medium quality,192661,9
sample22_SemiBin_24,90.12,1.81,High quality,F,F,sample22,13,High quality,317501,4
sample22_SemiBin_25,90.77,0.98,High quality,T,F,sample22,8,HQ-MIMAG,1070107,2
sample22_SemiBin_260,51.78,0.53,Medium quality,F,F,sample22,6,Medium quality,646688,2
sample22_SemiBin_261,52.97,0.87,Medium quality,F,T,sample22,8,Medium quality,512295,4
sample22_SemiBin_267,55.22,5.89,Medium quality,F,T,sample22,8,Medium quality,980290,2
sample22_SemiBin_26,99.78,5.86,Medium quality,F,F,sample22,17,Medium quality,959149,5
sample22_SemiBin_279,61.22,7.88,Medium quality,F,T,sample22,36,Medium quality,153800,11
sample22_SemiBin_27,91.59,3.22,High quality,T,F,sample22,5,HQ-MIMAG,1788991,2
sample22_SemiBin_28,77.38,0.24,Medium quality,F,T,sample22,3,Medium quality,1674807,1
sample22_SemiBin_292,55.52,1.21,Medium quality,F,F,sample22,18,Medium quality,174969,6
sample22_SemiBin_29,90.94,1.05,High quality,T,F,sample22,16,HQ-MIMAG,258613,5
sample22_SemiBin_2,99.96,0.72,High quality,F,T,sample22,11,High quality,1088949,3
sample22_SemiBin_30,91.87,0.33,High quality,T,T,sample22,11,HQ-MIMAG,459971,3
sample22_SemiBin_314,68.04,1.72,Medium quality,F,F,sample22,6,Medium quality,993590,2
sample22_SemiBin_319,53.93,3.76,Medium quality,F,T,sample22,25,Medium quality,223808,8
sample22_SemiBin_31,91.52,1.92,High quality,T,T,sample22,17,HQ-MIMAG,305108,4
sample22_SemiBin_338,96.71,0.07,High quality,F,F,sample22,4,High quality,756702,2
sample22_SemiBin_33,93.14,3.41,High quality,T,T,sample22,9,HQ-MIMAG,978682,3
sample22_SemiBin_342,50.4,0.73,Medium quality,F,F,sample22,31,Medium quality,160969,10
sample22_SemiBin_34,90.72,6.66,Medium quality,F,F,sample22,21,Medium quality,267208,5
sample22_SemiBin_35,85.54,0.05,Medium quality,F,T,sample22,4,Medium quality,1576456,1
sample22_SemiBin_36,95.88,4.06,High quality,T,T,sample22,14,HQ-MIMAG,741172,3
sample22_SemiBin_37,97.56,6.12,Medium quality,F,F,sample22,30,Medium quality,407398,7
sample22_SemiBin_38,90.29,0.8,High quality,T,F,sample22,13,HQ-MIMAG,433318,4
sample22_SemiBin_394,82.84,3.95,Medium quality,F,F,sample22,43,Medium quality,174087,7
sample22_SemiBin_39,96.48,1.25,High quality,F,F,sample22,23,High quality,419373,4
sample22_SemiBin_3,97.69,1.73,High quality,T,F,sample22,4,HQ-MIMAG,1157080,2
sample22_SemiBin_40,88.16,7.5,Medium quality,F,F,sample22,20,Medium quality,351996,6
sample22_SemiBin_416,52.84,3.23,Medium quality,F,F,sample22,13,Medium quality,289656,4
sample22_SemiBin_41,92.74,5.25,Medium quality,F,F,sample22,11,Medium quality,715760,3
sample22_SemiBin_42,96.19,5.83,Medium quality,F,F,sample22,14,Medium quality,701396,3
sample22_SemiBin_43,86.73,3.81,Medium quality,F,T,sample22,18,Medium quality,257167,5
sample22_SemiBin_45,81.42,4.45,Medium quality,F,T,sample22,32,Medium quality,335410,7
sample22_SemiBin_46,91.71,4.83,High quality,T,F,sample22,16,HQ-MIMAG,460033,4
sample22_SemiBin_47,84.9,0.79,Medium quality,F,T,sample22,14,Medium quality,519500,4
sample22_SemiBin_492,52.84,6.55,Medium quality,F,T,sample22,12,Medium quality,206069,3
sample22_SemiBin_493,59.36,8.94,Medium quality,F,T,sample22,35,Medium quality,85130,11
sample22_SemiBin_49,84.67,1.26,Medium quality,F,F,sample22,8,Medium quality,463114,3
sample22_SemiBin_4,98.68,6.98,Medium quality,F,F,sample22,27,Medium quality,334213,5
sample22_SemiBin_50,95.25,3.55,High quality,T,F,sample22,9,HQ-MIMAG,769824,2
sample22_SemiBin_51,93.26,6.74,Medium quality,F,T,sample22,42,Medium quality,243403,8
sample22_SemiBin_52,89.48,1.19,Medium quality,F,F,sample22,7,Medium quality,514594,2
sample22_SemiBin_53,90.56,0.43,High quality,T,F,sample22,4,HQ-MIMAG,2684765,1
sample22_SemiBin_54,91.69,0.72,High quality,T,T,sample22,8,HQ-MIMAG,1048136,2
sample22_SemiBin_55,95.16,7.93,Medium quality,F,F,sample22,10,Medium quality,334625,2
sample22_SemiBin_56,82.72,6.96,Medium quality,F,F,sample22,26,Medium quality,275261,7
sample22_SemiBin_57,88.28,1.16,Medium quality,F,T,sample22,27,Medium quality,467064,8
sample22_SemiBin_58,76.89,0.66,Medium quality,F,F,sample22,38,Medium quality,200019,10
sample22_SemiBin_59,78.02,8.12,Medium quality,F,F,sample22,22,Medium quality,320956,4
sample22_SemiBin_5,98.38,0.45,High quality,F,F,sample22,10,High quality,616316,2
sample22_SemiBin_60,92.78,5.63,Medium quality,F,F,sample22,27,Medium quality,442295,5
sample22_SemiBin_62,84.17,2.04,Medium quality,F,F,sample22,14,Medium quality,403243,4
sample22_SemiBin_63,88.26,2.76,Medium quality,F,T,sample22,19,Medium quality,319240,6
sample22_SemiBin_64,82.77,4.3,Medium quality,F,T,sample22,17,Medium quality,592837,5
sample22_SemiBin_65,77.7,0.4,Medium quality,F,F,sample22,16,Medium quality,343959,3
sample22_SemiBin_66,75.43,3.42,Medium quality,F,F,sample22,9,Medium quality,535692,3
sample22_SemiBin_67,85.04,6.73,Medium quality,F,F,sample22,24,Medium quality,360676,8
sample22_SemiBin_68,86.99,1.97,Medium quality,F,T,sample22,19,Medium quality,424416,5
sample22_SemiBin_69,77.78,8.86,Medium quality,F,F,sample22,52,Medium quality,204509,10
sample22_SemiBin_6,94.38,0.02,High quality,F,F,sample22,10,High quality,816679,2
sample22_SemiBin_713,53.34,9.05,Medium quality,F,T,sample22,29,Medium quality,313479,7
sample22_SemiBin_71,89.5,3.59,Medium quality,F,F,sample22,27,Medium quality,200217,9
sample22_SemiBin_72,85.34,0.13,Medium quality,F,T,sample22,7,Medium quality,693960,2
sample22_SemiBin_73,82.42,2.42,Medium quality,F,T,sample22,8,Medium quality,348586,3
sample22_SemiBin_74,80.13,6.82,Medium quality,F,F,sample22,21,Medium quality,285357,5
sample22_SemiBin_75,84.17,3.66,Medium quality,F,F,sample22,15,Medium quality,515561,5
sample22_SemiBin_77,79.87,0.74,Medium quality,F,T,sample22,17,Medium quality,432145,4
sample22_SemiBin_78,85.04,2.58,Medium quality,F,T,sample22,14,Medium quality,637144,3
sample22_SemiBin_79,85.65,0.62,Medium quality,F,T,sample22,14,Medium quality,502723,5
sample22_SemiBin_7,99.58,0.8,High quality,T,T,sample22,1,HQ-MIMAG,6085371,1
sample22_SemiBin_80,90.77,0.91,High quality,T,T,sample22,19,HQ-MIMAG,323531,7
sample22_SemiBin_81,62.75,2.55,Medium quality,F,T,sample22,34,Medium quality,159756,7
sample22_SemiBin_82,85.72,4.49,Medium quality,F,T,sample22,26,Medium quality,530938,5
sample22_SemiBin_83,76.98,4.07,Medium quality,F,T,sample22,22,Medium quality,954960,5
sample22_SemiBin_84,85.78,2.26,Medium quality,F,T,sample22,58,Medium quality,308324,14
sample22_SemiBin_85,73.94,3.32,Medium quality,F,T,sample22,20,Medium quality,350600,4
sample22_SemiBin_86,63.42,3.63,Medium quality,F,T,sample22,21,Medium quality,358583,6
sample22_SemiBin_87,80.13,9.09,Medium quality,F,T,sample22,28,Medium quality,362959,6
sample22_SemiBin_88,74.19,0.92,Medium quality,F,T,sample22,26,Medium quality,254902,9
sample22_SemiBin_89,64.96,0.08,Medium quality,F,T,sample22,1,Medium quality,2249649,1
sample22_SemiBin_8,100,0.14,High quality,T,T,sample22,6,HQ-MIMAG,1209509,2
sample22_SemiBin_90,62.74,1.05,Medium quality,F,F,sample22,21,Medium quality,148338,7
sample22_SemiBin_91,60.16,0.61,Medium quality,F,T,sample22,11,Medium quality,275348,3
sample22_SemiBin_92,64.84,1.2,Medium quality,F,F,sample22,30,Medium quality,312284,8
sample22_SemiBin_93,73.03,5.73,Medium quality,F,T,sample22,50,Medium quality,156647,12
sample22_SemiBin_94,70.12,2.26,Medium quality,F,F,sample22,7,Medium quality,1231363,2
sample22_SemiBin_95,72.82,2.12,Medium quality,F,T,sample22,27,Medium quality,186019,6
sample22_SemiBin_96,72.57,0.35,Medium quality,F,F,sample22,27,Medium quality,354267,6
sample22_SemiBin_97,69.17,0.14,Medium quality,F,F,sample22,5,Medium quality,492411,3
sample22_SemiBin_98,67.69,0.21,Medium quality,F,F,sample22,22,Medium quality,205232,7
sample22_SemiBin_99,69.18,2.37,Medium quality,F,F,sample22,16,Medium quality,211010,5
sample22_SemiBin_9,96.87,0.21,High quality,T,F,sample22,7,HQ-MIMAG,960588,2
sample23_SemiBin_0,99.86,0.35,High quality,T,T,sample23,1,HQ-MIMAG,3615622,1
sample23_SemiBin_100,56.32,0.63,Medium quality,F,T,sample23,34,Medium quality,170258,9
sample23_SemiBin_104,55.08,6.93,Medium quality,F,T,sample23,37,Medium quality,116956,9
sample23_SemiBin_10,95.44,2.21,High quality,T,T,sample23,20,HQ-MIMAG,379691,4
sample23_SemiBin_112,61.96,0.23,Medium quality,F,F,sample23,15,Medium quality,135564,5
sample23_SemiBin_116,93.16,2.61,High quality,F,F,sample23,9,High quality,747028,3
sample23_SemiBin_1197,52.75,9.02,Medium quality,F,T,sample23,47,Medium quality,147662,13
sample23_SemiBin_119,50.06,2.9,Medium quality,F,F,sample23,28,Medium quality,148393,6
sample23_SemiBin_11,99.95,2.18,High quality,T,F,sample23,7,HQ-MIMAG,570606,2
sample23_SemiBin_124,56.53,0.76,Medium quality,F,T,sample23,6,Medium quality,316920,3
sample23_SemiBin_125,59.23,9.29,Medium quality,F,F,sample23,28,Medium quality,477996,5
sample23_SemiBin_128,67.14,4.97,Medium quality,F,T,sample23,37,Medium quality,169196,11
sample23_SemiBin_12,93.35,0.05,High quality,T,F,sample23,3,HQ-MIMAG,2744135,1
sample23_SemiBin_130,61.11,1.8,Medium quality,F,F,sample23,39,Medium quality,190663,10
sample23_SemiBin_133,52.79,0.94,Medium quality,F,T,sample23,4,Medium quality,419748,2
sample23_SemiBin_13,97.69,3.63,High quality,T,F,sample23,6,HQ-MIMAG,1882931,2
sample23_SemiBin_140,52.97,0.73,Medium quality,F,T,sample23,28,Medium quality,107273,9
sample23_SemiBin_14,92.56,0.34,High quality,T,F,sample23,17,HQ-MIMAG,410714,3
sample23_SemiBin_153,52.02,1.01,Medium quality,F,F,sample23,24,Medium quality,176072,8
sample23_SemiBin_154,54.62,3.44,Medium quality,F,F,sample23,22,Medium quality,231067,6
sample23_SemiBin_159,50.29,0.62,Medium quality,F,T,sample23,26,Medium quality,84548,8
sample23_SemiBin_15,92.12,0.11,High quality,T,F,sample23,6,HQ-MIMAG,795874,2
sample23_SemiBin_161,63.42,4.65,Medium quality,F,T,sample23,13,Medium quality,450979,3
sample23_SemiBin_162,75.41,2.94,Medium quality,F,T,sample23,14,Medium quality,539838,4
sample23_SemiBin_16,94.87,0.11,High quality,T,T,sample23,3,HQ-MIMAG,3017721,1
sample23_SemiBin_174,86.9,1.94,Medium quality,F,T,sample23,15,Medium quality,885218,3
sample23_SemiBin_17,96.3,0.03,High quality,T,F,sample23,3,HQ-MIMAG,1040625,1
sample23_SemiBin_18,88.62,1.53,Medium quality,F,F,sample23,6,Medium quality,641889,2
sample23_SemiBin_191,54.7,1.17,Medium quality,F,F,sample23,4,Medium quality,910493,2
sample23_SemiBin_193,50.97,1.25,Medium quality,F,T,sample23,16,Medium quality,359393,4
sample23_SemiBin_1969,50.16,7.95,Medium quality,F,T,sample23,95,Medium quality,64048,28
sample23_SemiBin_198,53.84,0.18,Medium quality,F,F,sample23,19,Medium quality,234348,5
sample23_SemiBin_19,96.59,1.27,High quality,F,T,sample23,20,High quality,361564,4
sample23_SemiBin_1,99.56,0.4,High quality,T,F,sample23,5,HQ-MIMAG,888685,2
sample23_SemiBin_2003,53.25,8.6,Medium quality,F,T,sample23,99,Medium quality,79664,29
sample23_SemiBin_200,58.53,2.77,Medium quality,F,T,sample23,35,Medium quality,126267,9
sample23_SemiBin_20,90.89,0.02,High quality,T,F,sample23,5,HQ-MIMAG,2046906,1
sample23_SemiBin_21,93.79,5.34,Medium quality,F,T,sample23,19,Medium quality,491516,6
sample23_SemiBin_223,63.58,1.14,Medium quality,F,F,sample23,13,Medium quality,274993,4
sample23_SemiBin_224,58.37,2.82,Medium quality,F,F,sample23,30,Medium quality,116982,9
sample23_SemiBin_226,59.7,1.7,Medium quality,F,T,sample23,24,Medium quality,185175,7
sample23_SemiBin_232,59.03,0.18,Medium quality,F,T,sample23,14,Medium quality,247551,3
sample23_SemiBin_233,50.88,9.05,Medium quality,F,T,sample23,10,Medium quality,301523,3
sample23_SemiBin_23,94.77,0.64,High quality,T,T,sample23,2,HQ-MIMAG,3188781,1
sample23_SemiBin_24,82.07,0.2,Medium quality,F,F,sample23,4,Medium quality,1230691,1
sample23_SemiBin_25,86.31,2.45,Medium quality,F,T,sample23,12,Medium quality,550697,4
sample23_SemiBin_26,96.22,3.6,High quality,T,F,sample23,12,HQ-MIMAG,497741,4
sample23_SemiBin_27,84.93,4.66,Medium quality,F,F,sample23,17,Medium quality,620001,4
sample23_SemiBin_281,67.91,1.06,Medium quality,F,F,sample23,12,Medium quality,490964,4
sample23_SemiBin_28,95.4,1.69,High quality,F,T,sample23,5,High quality,3128334,1
sample23_SemiBin_291,57.54,0.12,Medium quality,F,F,sample23,28,Medium quality,187883,9
sample23_SemiBin_29,89.88,2.99,Medium quality,F,F,sample23,7,Medium quality,747210,2
sample23_SemiBin_2,97.78,3.1,High quality,T,F,sample23,14,HQ-MIMAG,575375,3
sample23_SemiBin_30,92.1,0.61,High quality,F,F,sample23,11,High quality,557004,4
sample23_SemiBin_317,96.94,1.51,High quality,F,F,sample23,7,High quality,298531,3
sample23_SemiBin_31,83.46,4.32,Medium quality,F,F,sample23,12,Medium quality,609096,3
sample23_SemiBin_322,50.72,0.61,Medium quality,F,F,sample23,9,Medium quality,564721,3
sample23_SemiBin_32,83.43,1.78,Medium quality,F,T,sample23,12,Medium quality,708730,3
sample23_SemiBin_33,82.58,0.72,Medium quality,F,F,sample23,10,Medium quality,730850,3
sample23_SemiBin_356,52.14,6.8,Medium quality,F,T,sample23,30,Medium quality,206698,9
sample23_SemiBin_358,53.84,3.45,Medium quality,F,T,sample23,24,Medium quality,90848,7
sample23_SemiBin_35,84.24,1.2,Medium quality,F,T,sample23,5,Medium quality,547342,2
sample23_SemiBin_36,94.25,2.69,High quality,T,F,sample23,17,HQ-MIMAG,292130,5
sample23_SemiBin_37,84.74,0.77,Medium quality,F,T,sample23,10,Medium quality,222049,3
sample23_SemiBin_388,56.97,0.31,Medium quality,F,F,sample23,17,Medium quality,257152,5
sample23_SemiBin_38,89.05,0.41,Medium quality,F,F,sample23,4,Medium quality,1150116,2
sample23_SemiBin_39,85.56,4.12,Medium quality,F,F,sample23,14,Medium quality,463157,4
sample23_SemiBin_3,99.47,3.71,High quality,T,F,sample23,11,HQ-MIMAG,832544,3
sample23_SemiBin_401,74.95,5.38,Medium quality,F,F,sample23,30,Medium quality,212152,10
sample23_SemiBin_403,59.94,3.18,Medium quality,F,F,sample23,16,Medium quality,341793,5
sample23_SemiBin_40,76.38,3.47,Medium quality,F,F,sample23,26,Medium quality,384851,5
sample23_SemiBin_41,81.63,1.32,Medium quality,F,T,sample23,21,Medium quality,169598,7
sample23_SemiBin_42,86.59,5.38,Medium quality,F,F,sample23,12,Medium quality,624230,3
sample23_SemiBin_431,72.13,8.06,Medium quality,F,F,sample23,26,Medium quality,161520,5
sample23_SemiBin_43,70.85,3.51,Medium quality,F,T,sample23,30,Medium quality,299233,6
sample23_SemiBin_444,62.55,9.89,Medium quality,F,T,sample23,57,Medium quality,115320,18
sample23_SemiBin_44,74.81,5.19,Medium quality,F,T,sample23,32,Medium quality,252745,9
sample23_SemiBin_45,79.56,6.72,Medium quality,F,T,sample23,20,Medium quality,407816,7
sample23_SemiBin_462,53.33,2.4,Medium quality,F,T,sample23,8,Medium quality,488783,3
sample23_SemiBin_46,85.56,2.93,Medium quality,F,F,sample23,14,Medium quality,475241,5
sample23_SemiBin_47,76.69,2.17,Medium quality,F,F,sample23,30,Medium quality,395326,6
sample23_SemiBin_48,85.26,4.29,Medium quality,F,F,sample23,42,Medium quality,180603,11
sample23_SemiBin_49,75.38,2.56,Medium quality,F,F,sample23,27,Medium quality,304729,7
sample23_SemiBin_4,99.23,2.21,High quality,T,T,sample23,14,HQ-MIMAG,610493,3
sample23_SemiBin_506,51.22,3.17,Medium quality,F,T,sample23,33,Medium quality,134887,9
sample23_SemiBin_50,99.54,6.82,Medium quality,F,F,sample23,11,Medium quality,370489,2
sample23_SemiBin_51,75.5,9.55,Medium quality,F,F,sample23,38,Medium quality,482920,5
sample23_SemiBin_52,70.99,1.1,Medium quality,F,F,sample23,13,Medium quality,347324,4
sample23_SemiBin_54,80.44,0.72,Medium quality,F,T,sample23,7,Medium quality,560674,3
sample23_SemiBin_55,82.62,2.22,Medium quality,F,F,sample23,15,Medium quality,581201,5
sample23_SemiBin_56,79.42,5.26,Medium quality,F,T,sample23,27,Medium quality,435042,6
sample23_SemiBin_57,80.1,0.68,Medium quality,F,F,sample23,10,Medium quality,609947,3
sample23_SemiBin_58,60.3,0.83,Medium quality,F,T,sample23,19,Medium quality,277647,7
sample23_SemiBin_59,72.38,0.85,Medium quality,F,F,sample23,19,Medium quality,371655,5
sample23_SemiBin_5,100,2.6,High quality,T,T,sample23,1,HQ-MIMAG,5992764,1
sample23_SemiBin_60,57.63,2.87,Medium quality,F,T,sample23,25,Medium quality,222148,6
sample23_SemiBin_61,70.98,5.22,Medium quality,F,T,sample23,28,Medium quality,213261,8
sample23_SemiBin_62,69.92,1.14,Medium quality,F,F,sample23,13,Medium quality,245804,5
sample23_SemiBin_63,77.89,3.21,Medium quality,F,T,sample23,12,Medium quality,467785,4
sample23_SemiBin_64,69.35,3.56,Medium quality,F,F,sample23,8,Medium quality,471107,3
sample23_SemiBin_65,72.8,1.42,Medium quality,F,F,sample23,34,Medium quality,259925,8
sample23_SemiBin_66,76.38,2.17,Medium quality,F,F,sample23,14,Medium quality,352233,3
sample23_SemiBin_67,54.06,0.27,Medium quality,F,T,sample23,2,Medium quality,2063133,1
sample23_SemiBin_68,65.6,4.85,Medium quality,F,F,sample23,16,Medium quality,346791,4
sample23_SemiBin_69,61.47,0.43,Medium quality,F,T,sample23,9,Medium quality,408546,3
sample23_SemiBin_6,97.94,0.61,High quality,T,F,sample23,7,HQ-MIMAG,1105083,3
sample23_SemiBin_70,62.99,2.44,Medium quality,F,T,sample23,16,Medium quality,420041,5
sample23_SemiBin_71,70.62,8.87,Medium quality,F,T,sample23,41,Medium quality,112333,11
sample23_SemiBin_72,99.44,1.23,High quality,T,T,sample23,10,HQ-MIMAG,624575,4
sample23_SemiBin_73,69.96,2.35,Medium quality,F,F,sample23,14,Medium quality,392809,4
sample23_SemiBin_74,59.04,2.29,Medium quality,F,F,sample23,23,Medium quality,220525,8
sample23_SemiBin_75,64.11,0.24,Medium quality,F,T,sample23,15,Medium quality,469519,4
sample23_SemiBin_76,56.07,2.74,Medium quality,F,T,sample23,9,Medium quality,265519,3
sample23_SemiBin_78,62.4,5.92,Medium quality,F,T,sample23,25,Medium quality,195818,6
sample23_SemiBin_79,67.98,0.32,Medium quality,F,F,sample23,10,Medium quality,707775,4
sample23_SemiBin_7,90.53,0.12,High quality,T,F,sample23,9,HQ-MIMAG,365474,3
sample23_SemiBin_80,53.04,7.99,Medium quality,F,T,sample23,14,Medium quality,552036,3
sample23_SemiBin_81,53.4,0.91,Medium quality,F,T,sample23,36,Medium quality,234245,7
sample23_SemiBin_82,81.97,1.14,Medium quality,F,F,sample23,9,Medium quality,817553,3
sample23_SemiBin_84,61.68,0.13,Medium quality,F,F,sample23,23,Medium quality,196100,7
sample23_SemiBin_85,77.06,1.58,Medium quality,F,T,sample23,26,Medium quality,272853,6
sample23_SemiBin_87,53.14,1.52,Medium quality,F,F,sample23,20,Medium quality,264213,5
sample23_SemiBin_88,54.31,4.89,Medium quality,F,F,sample23,34,Medium quality,182854,8
sample23_SemiBin_89,61.24,3.57,Medium quality,F,F,sample23,23,Medium quality,161177,7
sample23_SemiBin_8,98.18,4.62,High quality,T,F,sample23,8,HQ-MIMAG,1030763,3
sample23_SemiBin_90,61.82,8.15,Medium quality,F,T,sample23,16,Medium quality,278660,6
sample23_SemiBin_91,52.24,0.03,Medium quality,F,F,sample23,8,Medium quality,148116,3
sample23_SemiBin_93,56.81,0.86,Medium quality,F,F,sample23,20,Medium quality,345913,4
sample23_SemiBin_95,63.5,4.85,Medium quality,F,F,sample23,32,Medium quality,211325,7
sample23_SemiBin_97,66.33,1.1,Medium quality,F,T,sample23,19,Medium quality,606078,4
sample23_SemiBin_9,100,1.35,High quality,T,T,sample23,5,HQ-MIMAG,2104844,2
sample24_SemiBin_0,99.34,6.39,Medium quality,F,F,sample24,13,Medium quality,552272,3
sample24_SemiBin_101,66.52,0.6,Medium quality,F,F,sample24,16,Medium quality,229178,6
sample24_SemiBin_103,63.68,1.86,Medium quality,F,F,sample24,76,Medium quality,119278,17
sample24_SemiBin_104,57.96,4.62,Medium quality,F,T,sample24,55,Medium quality,116465,15
sample24_SemiBin_10,89.3,4.04,Medium quality,F,T,sample24,26,Medium quality,224731,5
sample24_SemiBin_114,51.99,0.9,Medium quality,F,T,sample24,13,Medium quality,276431,3
sample24_SemiBin_116,63.56,4.21,Medium quality,F,F,sample24,80,Medium quality,62985,24
sample24_SemiBin_1183,69.43,4.6,Medium quality,F,T,sample24,89,Medium quality,69687,21
sample24_SemiBin_1185,55.36,7.87,Medium quality,F,T,sample24,157,Medium quality,39918,46
sample24_SemiBin_1187,50.66,8.58,Medium quality,F,T,sample24,104,Medium quality,59276,33
sample24_SemiBin_11,84.19,5.2,Medium quality,F,T,sample24,26,Medium quality,203821,7
sample24_SemiBin_1204,51.26,7.26,Medium quality,F,T,sample24,37,Medium quality,105673,11
sample24_SemiBin_1237,51.3,4.92,Medium quality,F,T,sample24,62,Medium quality,109041,19
sample24_SemiBin_123,61.27,2.18,Medium quality,F,F,sample24,35,Medium quality,142092,12
sample24_SemiBin_12,88.62,9.73,Medium quality,F,F,sample24,47,Medium quality,174522,12
sample24_SemiBin_130,75.49,5.16,Medium quality,F,F,sample24,36,Medium quality,183323,8
sample24_SemiBin_133,50.18,0.26,Medium quality,F,F,sample24,9,Medium quality,274676,3
sample24_SemiBin_13,87.68,0.89,Medium quality,F,F,sample24,9,Medium quality,446510,3
sample24_SemiBin_142,52.94,0.22,Medium quality,F,F,sample24,23,Medium quality,122635,6
sample24_SemiBin_14,88.86,2.37,Medium quality,F,F,sample24,8,Medium quality,326268,3
sample24_SemiBin_15,89.78,1.24,Medium quality,F,T,sample24,10,Medium quality,406815,3
sample24_SemiBin_166,54.2,0.55,Medium quality,F,F,sample24,30,Medium quality,131206,9
sample24_SemiBin_16,89.07,6.19,Medium quality,F,F,sample24,20,Medium quality,670065,4
sample24_SemiBin_174,96,0.23,High quality,F,F,sample24,7,High quality,468373,2
sample24_SemiBin_17,85.17,4.23,Medium quality,F,T,sample24,43,Medium quality,138155,11
sample24_SemiBin_181,51.77,0.23,Medium quality,F,F,sample24,4,Medium quality,473912,2
sample24_SemiBin_18,79.14,9.11,Medium quality,F,F,sample24,25,Medium quality,291358,7
sample24_SemiBin_19,72.91,2.12,Medium quality,F,T,sample24,47,Medium quality,132802,13
sample24_SemiBin_1,99.68,3.9,High quality,T,F,sample24,14,HQ-MIMAG,812891,3
sample24_SemiBin_207,50.25,2.06,Medium quality,F,T,sample24,42,Medium quality,103837,12
sample24_SemiBin_20,82.93,9.41,Medium quality,F,F,sample24,49,Medium quality,257387,7
sample24_SemiBin_212,77.97,0.04,Medium quality,F,T,sample24,6,Medium quality,634817,2
sample24_SemiBin_21,79.1,2.83,Medium quality,F,F,sample24,54,Medium quality,120256,12
sample24_SemiBin_22,96.77,3.23,High quality,T,T,sample24,5,HQ-MIMAG,231402,3
sample24_SemiBin_23,82.08,2.94,Medium quality,F,F,sample24,37,Medium quality,158127,10
sample24_SemiBin_240,72.84,7.23,Medium quality,F,T,sample24,24,Medium quality,125426,8
sample24_SemiBin_245,66.33,7.42,Medium quality,F,T,sample24,55,Medium quality,104924,16
sample24_SemiBin_24,65.72,1.44,Medium quality,F,T,sample24,14,Medium quality,152873,4
sample24_SemiBin_256,79.22,2.74,Medium quality,F,T,sample24,10,Medium quality,263962,3
sample24_SemiBin_25,84.01,5.55,Medium quality,F,T,sample24,44,Medium quality,219465,10
sample24_SemiBin_26,77.09,5.61,Medium quality,F,T,sample24,49,Medium quality,130564,14
sample24_SemiBin_278,67.28,6.56,Medium quality,F,T,sample24,141,Medium quality,38439,36
sample24_SemiBin_27,71.32,5.34,Medium quality,F,F,sample24,29,Medium quality,198140,7
sample24_SemiBin_29,71.28,1.48,Medium quality,F,T,sample24,13,Medium quality,351398,4
sample24_SemiBin_2,95.55,4.81,High quality,T,F,sample24,31,HQ-MIMAG,200611,9
sample24_SemiBin_30,56.64,6.75,Medium quality,F,T,sample24,86,Medium quality,54726,24
sample24_SemiBin_31,63.36,2.07,Medium quality,F,T,sample24,41,Medium quality,152830,12
sample24_SemiBin_32,53.47,0.19,Medium quality,F,T,sample24,10,Medium quality,215521,4
sample24_SemiBin_33,69.14,1.02,Medium quality,F,T,sample24,71,Medium quality,112797,18
sample24_SemiBin_35,71.89,1.45,Medium quality,F,F,sample24,31,Medium quality,232113,10
sample24_SemiBin_363,61.5,8.86,Medium quality,F,T,sample24,118,Medium quality,82250,24
sample24_SemiBin_365,50.89,6.26,Medium quality,F,T,sample24,117,Medium quality,32095,38
sample24_SemiBin_36,60.07,0.94,Medium quality,F,T,sample24,13,Medium quality,235686,4
sample24_SemiBin_379,50.73,7.57,Medium quality,F,T,sample24,100,Medium quality,50914,27
sample24_SemiBin_37,61.08,1.31,Medium quality,F,F,sample24,26,Medium quality,194421,8
sample24_SemiBin_38,70.08,2.09,Medium quality,F,T,sample24,15,Medium quality,210882,5
sample24_SemiBin_3,96.8,1.35,High quality,F,F,sample24,13,High quality,436767,5
sample24_SemiBin_40,74.14,1.11,Medium quality,F,T,sample24,4,Medium quality,503558,1
sample24_SemiBin_41,85.59,6.48,Medium quality,F,F,sample24,24,Medium quality,398036,6
sample24_SemiBin_42,90.09,0.96,High quality,F,F,sample24,31,High quality,155270,9
sample24_SemiBin_43,56.87,0.44,Medium quality,F,T,sample24,26,Medium quality,76918,8
sample24_SemiBin_447,52.47,0.82,Medium quality,F,T,sample24,10,Medium quality,176696,4
sample24_SemiBin_44,53.2,0.89,Medium quality,F,T,sample24,21,Medium quality,130834,7
sample24_SemiBin_45,98.1,7.59,Medium quality,F,F,sample24,26,Medium quality,388999,7
sample24_SemiBin_46,63.48,9.11,Medium quality,F,T,sample24,40,Medium quality,99178,11
sample24_SemiBin_47,92.48,6.13,Medium quality,F,F,sample24,19,Medium quality,431421,4
sample24_SemiBin_48,57.44,3.94,Medium quality,F,F,sample24,27,Medium quality,155169,6
sample24_SemiBin_49,50.1,0.33,Medium quality,F,T,sample24,27,Medium quality,124314,7
sample24_SemiBin_4,94.2,0.45,High quality,T,F,sample24,5,HQ-MIMAG,984058,1
sample24_SemiBin_50,74.59,1.19,Medium quality,F,T,sample24,11,Medium quality,211498,3
sample24_SemiBin_51,51.1,3.83,Medium quality,F,T,sample24,61,Medium quality,43070,19
sample24_SemiBin_53,79.2,1.99,Medium quality,F,T,sample24,10,Medium quality,520870,3
sample24_SemiBin_55,64.01,1.62,Medium quality,F,T,sample24,20,Medium quality,390220,4
sample24_SemiBin_56,77.64,1.89,Medium quality,F,T,sample24,23,Medium quality,289098,6
sample24_SemiBin_57,51.32,8.68,Medium quality,F,T,sample24,120,Medium quality,56763,30
sample24_SemiBin_588,56.52,6.26,Medium quality,F,F,sample24,28,Medium quality,192125,10
sample24_SemiBin_58,77.93,2.2,Medium quality,F,T,sample24,13,Medium quality,308962,3
sample24_SemiBin_59,57.65,2.95,Medium quality,F,T,sample24,24,Medium quality,105645,8
sample24_SemiBin_5,98,0.24,High quality,T,T,sample24,5,HQ-MIMAG,1034469,2
sample24_SemiBin_67,73.25,9.62,Medium quality,F,T,sample24,93,Medium quality,77173,26
sample24_SemiBin_69,62.79,1.41,Medium quality,F,F,sample24,35,Medium quality,136672,8
sample24_SemiBin_6,88.19,2.04,Medium quality,F,F,sample24,3,Medium quality,1141831,2
sample24_SemiBin_70,51.86,3.83,Medium quality,F,T,sample24,71,Medium quality,71012,18
sample24_SemiBin_71,68.05,5.03,Medium quality,F,F,sample24,34,Medium quality,237298,8
sample24_SemiBin_72,76.32,0.05,Medium quality,F,T,sample24,5,Medium quality,561731,2
sample24_SemiBin_73,50.08,0.74,Medium quality,F,F,sample24,20,Medium quality,154068,5
sample24_SemiBin_74,74.56,5.41,Medium quality,F,T,sample24,79,Medium quality,142392,17
sample24_SemiBin_76,78.61,4.64,Medium quality,F,F,sample24,28,Medium quality,184364,6
sample24_SemiBin_79,69.2,5.33,Medium quality,F,F,sample24,11,Medium quality,283945,4
sample24_SemiBin_7,89.96,3.73,Medium quality,F,T,sample24,42,Medium quality,276067,12
sample24_SemiBin_85,55.42,2.97,Medium quality,F,F,sample24,35,Medium quality,90075,8
sample24_SemiBin_8,92.09,2.63,High quality,T,F,sample24,25,HQ-MIMAG,295996,4
sample24_SemiBin_92,67.04,6.87,Medium quality,F,F,sample24,27,Medium quality,284955,6
sample24_SemiBin_9,87.6,0.34,Medium quality,F,F,sample24,14,Medium quality,429886,3
sample25_SemiBin_0,99.17,0.14,High quality,T,F,sample25,4,HQ-MIMAG,850044,2
sample25_SemiBin_100,57.33,2.89,Medium quality,F,T,sample25,11,Medium quality,433335,3
sample25_SemiBin_101,73.18,9.09,Medium quality,F,F,sample25,34,Medium quality,269483,6
sample25_SemiBin_103,89.28,3.48,Medium quality,F,F,sample25,43,Medium quality,145695,11
sample25_SemiBin_104,58.16,1.62,Medium quality,F,F,sample25,38,Medium quality,83916,10
sample25_SemiBin_105,58.12,1.65,Medium quality,F,F,sample25,50,Medium quality,86638,14
sample25_SemiBin_107,54.55,2.05,Medium quality,F,T,sample25,11,Medium quality,289839,4
sample25_SemiBin_108,58.2,8.08,Medium quality,F,T,sample25,89,Medium quality,90440,9
sample25_SemiBin_109,67.82,3.78,Medium quality,F,F,sample25,66,Medium quality,96868,18
sample25_SemiBin_10,96.77,2.43,High quality,T,F,sample25,23,HQ-MIMAG,222619,5
sample25_SemiBin_110,76.89,2.11,Medium quality,F,F,sample25,7,Medium quality,743473,2
sample25_SemiBin_111,85.46,0.32,Medium quality,F,F,sample25,9,Medium quality,226005,3
sample25_SemiBin_112,78.95,0.23,Medium quality,F,F,sample25,10,Medium quality,288423,3
sample25_SemiBin_114,88.62,2.65,Medium quality,F,F,sample25,13,Medium quality,628988,5
sample25_SemiBin_115,63.31,5.84,Medium quality,F,F,sample25,27,Medium quality,211316,8
sample25_SemiBin_116,89.83,7.64,Medium quality,F,F,sample25,93,Medium quality,125893,22
sample25_SemiBin_119,56.77,1.75,Medium quality,F,T,sample25,52,Medium quality,92335,15
sample25_SemiBin_11,93.45,1.32,High quality,T,F,sample25,21,HQ-MIMAG,405372,4
sample25_SemiBin_120,62.32,2.1,Medium quality,F,T,sample25,77,Medium quality,64101,21
sample25_SemiBin_124,77.8,2,Medium quality,F,F,sample25,32,Medium quality,164639,9
sample25_SemiBin_125,52.78,3.92,Medium quality,F,T,sample25,111,Medium quality,74072,27
sample25_SemiBin_126,58.15,1.09,Medium quality,F,T,sample25,61,Medium quality,62688,16
sample25_SemiBin_127,59.01,2.74,Medium quality,F,F,sample25,53,Medium quality,125290,10
sample25_SemiBin_129,53.6,0.53,Medium quality,F,F,sample25,17,Medium quality,145484,5
sample25_SemiBin_12,99.99,3.43,High quality,T,F,sample25,14,HQ-MIMAG,259542,4
sample25_SemiBin_130,53.31,3.02,Medium quality,F,T,sample25,12,Medium quality,371139,2
sample25_SemiBin_133,50.69,0.65,Medium quality,F,T,sample25,61,Medium quality,101633,18
sample25_SemiBin_135,87.82,2.38,Medium quality,F,F,sample25,18,Medium quality,171881,5
sample25_SemiBin_139,51.13,2.73,Medium quality,F,F,sample25,49,Medium quality,67382,16
sample25_SemiBin_13,99.86,4.6,High quality,T,F,sample25,19,HQ-MIMAG,292707,5
sample25_SemiBin_140,51.91,4.75,Medium quality,F,T,sample25,49,Medium quality,63664,15
sample25_SemiBin_141,61.34,1.12,Medium quality,F,F,sample25,69,Medium quality,60874,20
sample25_SemiBin_143,60.79,4.43,Medium quality,F,F,sample25,78,Medium quality,85066,22
sample25_SemiBin_144,84.79,0.37,Medium quality,F,F,sample25,23,Medium quality,470752,6
sample25_SemiBin_145,59.94,4.22,Medium quality,F,T,sample25,92,Medium quality,84503,27
sample25_SemiBin_148,61.41,1.21,Medium quality,F,T,sample25,22,Medium quality,260620,5
sample25_SemiBin_149,76.43,6.56,Medium quality,F,F,sample25,45,Medium quality,190835,12
sample25_SemiBin_14,92.09,0.27,High quality,T,F,sample25,13,HQ-MIMAG,490005,3
sample25_SemiBin_1529,64.37,8.38,Medium quality,F,T,sample25,52,Medium quality,106396,18
sample25_SemiBin_153,79.92,2.56,Medium quality,F,T,sample25,20,Medium quality,276099,5
sample25_SemiBin_154,75.2,2.24,Medium quality,F,F,sample25,26,Medium quality,195282,6
sample25_SemiBin_155,55.62,1.57,Medium quality,F,F,sample25,29,Medium quality,99128,10
sample25_SemiBin_1571,52.88,5.15,Medium quality,F,T,sample25,89,Medium quality,62327,25
sample25_SemiBin_159,83.01,0.88,Medium quality,F,F,sample25,22,Medium quality,190900,7
sample25_SemiBin_15,88.85,0.64,Medium quality,F,T,sample25,24,Medium quality,469261,3
sample25_SemiBin_160,87.98,1.42,Medium quality,F,T,sample25,23,Medium quality,294526,7
sample25_SemiBin_163,61.26,0.43,Medium quality,F,T,sample25,34,Medium quality,225003,9
sample25_SemiBin_164,55.44,8.48,Medium quality,F,T,sample25,133,Medium quality,39082,40
sample25_SemiBin_167,51.72,0.96,Medium quality,F,F,sample25,26,Medium quality,106303,8
sample25_SemiBin_16,95.87,7.48,Medium quality,F,F,sample25,27,Medium quality,145134,6
sample25_SemiBin_171,65.72,2.33,Medium quality,F,F,sample25,31,Medium quality,225851,7
sample25_SemiBin_174,92.43,1.68,High quality,F,T,sample25,52,High quality,128433,14
sample25_SemiBin_178,68.22,1.74,Medium quality,F,F,sample25,25,Medium quality,151802,6
sample25_SemiBin_179,57.44,0.33,Medium quality,F,F,sample25,25,Medium quality,167515,6
sample25_SemiBin_17,84.42,5.91,Medium quality,F,F,sample25,20,Medium quality,357989,5
sample25_SemiBin_181,58.98,5.98,Medium quality,F,T,sample25,43,Medium quality,117416,13
sample25_SemiBin_183,69.99,4.77,Medium quality,F,F,sample25,29,Medium quality,347113,5
sample25_SemiBin_185,57.31,2.01,Medium quality,F,F,sample25,83,Medium quality,67669,21
sample25_SemiBin_186,73.41,3.51,Medium quality,F,F,sample25,23,Medium quality,268792,7
sample25_SemiBin_189,61.31,0.61,Medium quality,F,F,sample25,30,Medium quality,215630,8
sample25_SemiBin_18,89.48,1.7,Medium quality,F,F,sample25,17,Medium quality,285368,5
sample25_SemiBin_190,54.51,2.37,Medium quality,F,T,sample25,76,Medium quality,99901,19
sample25_SemiBin_193,50.19,1.69,Medium quality,F,T,sample25,60,Medium quality,93568,17
sample25_SemiBin_196,53.88,1.38,Medium quality,F,T,sample25,46,Medium quality,82297,14
sample25_SemiBin_19,86.62,3.51,Medium quality,F,F,sample25,19,Medium quality,399049,3
sample25_SemiBin_1,97.54,2.67,High quality,T,F,sample25,13,HQ-MIMAG,1274434,2
sample25_SemiBin_200,62.57,0.27,Medium quality,F,F,sample25,15,Medium quality,278805,4
sample25_SemiBin_201,64.68,0.82,Medium quality,F,F,sample25,18,Medium quality,264824,5
sample25_SemiBin_203,67.85,0.61,Medium quality,F,F,sample25,36,Medium quality,180749,9
sample25_SemiBin_204,56.59,1.81,Medium quality,F,T,sample25,81,Medium quality,124194,18
sample25_SemiBin_206,51.24,5.73,Medium quality,F,T,sample25,58,Medium quality,59901,17
sample25_SemiBin_209,55.88,5.87,Medium quality,F,T,sample25,35,Medium quality,189865,9
sample25_SemiBin_20,94.24,0.22,High quality,F,F,sample25,23,High quality,445871,5
sample25_SemiBin_213,59.58,0,Medium quality,F,F,sample25,7,Medium quality,726604,2
sample25_SemiBin_215,52.01,0.41,Medium quality,F,T,sample25,31,Medium quality,90831,8
sample25_SemiBin_216,62.8,2.86,Medium quality,F,F,sample25,16,Medium quality,256331,4
sample25_SemiBin_21,91.44,2.46,High quality,F,T,sample25,20,High quality,508579,7
sample25_SemiBin_221,71.15,0.27,Medium quality,F,F,sample25,16,Medium quality,211678,5
sample25_SemiBin_224,58.22,1.52,Medium quality,F,F,sample25,32,Medium quality,121409,7
sample25_SemiBin_225,61.27,0.4,Medium quality,F,F,sample25,13,Medium quality,242966,5
sample25_SemiBin_227,66.78,6.8,Medium quality,F,F,sample25,52,Medium quality,125858,13
sample25_SemiBin_228,56.68,1.96,Medium quality,F,F,sample25,48,Medium quality,127564,12
sample25_SemiBin_22,87.34,1.01,Medium quality,F,F,sample25,9,Medium quality,357883,3
sample25_SemiBin_231,51.88,1.07,Medium quality,F,F,sample25,36,Medium quality,183558,11
sample25_SemiBin_232,51.43,0.13,Medium quality,F,F,sample25,15,Medium quality,159552,5
sample25_SemiBin_234,64.02,4.11,Medium quality,F,F,sample25,45,Medium quality,145452,12
sample25_SemiBin_237,58.86,0.71,Medium quality,F,F,sample25,6,Medium quality,900759,2
sample25_SemiBin_23,94.42,1.09,High quality,T,F,sample25,10,HQ-MIMAG,657193,3
sample25_SemiBin_240,54.81,3.49,Medium quality,F,F,sample25,67,Medium quality,55324,22
sample25_SemiBin_24,99.7,5.98,Medium quality,F,T,sample25,10,Medium quality,632445,4
sample25_SemiBin_254,58.27,2.31,Medium quality,F,T,sample25,50,Medium quality,95985,13
sample25_SemiBin_256,68.04,1.18,Medium quality,F,F,sample25,32,Medium quality,192889,9
sample25_SemiBin_25,95.31,8.48,Medium quality,F,F,sample25,23,Medium quality,394160,5
sample25_SemiBin_263,53.36,3.07,Medium quality,F,F,sample25,63,Medium quality,92538,16
sample25_SemiBin_264,63.28,1.24,Medium quality,F,T,sample25,84,Medium quality,74727,24
sample25_SemiBin_269,65.97,0.02,Medium quality,F,T,sample25,5,Medium quality,963144,2
sample25_SemiBin_26,91.67,5.49,Medium quality,F,F,sample25,18,Medium quality,430153,3
sample25_SemiBin_270,51.12,0.25,Medium quality,F,F,sample25,60,Medium quality,73975,14
sample25_SemiBin_277,61.28,0.1,Medium quality,F,F,sample25,31,Medium quality,168054,8
sample25_SemiBin_27,94.99,7.57,Medium quality,F,F,sample25,20,Medium quality,459210,3
sample25_SemiBin_281,57.35,0.55,Medium quality,F,F,sample25,28,Medium quality,195339,9
sample25_SemiBin_28,85.74,1.2,Medium quality,F,T,sample25,38,Medium quality,137134,10
sample25_SemiBin_290,96.5,0.02,High quality,F,F,sample25,8,High quality,254585,3
sample25_SemiBin_292,93.49,0.55,High quality,F,F,sample25,7,High quality,507483,2
sample25_SemiBin_29,90.78,0.36,High quality,F,F,sample25,17,High quality,344518,5
sample25_SemiBin_2,97.29,0.03,High quality,T,F,sample25,8,HQ-MIMAG,995468,2
sample25_SemiBin_301,66.09,3.69,Medium quality,F,F,sample25,29,Medium quality,190380,8
sample25_SemiBin_30,92.87,5.38,Medium quality,F,T,sample25,27,Medium quality,384229,6
sample25_SemiBin_31,86.76,6.18,Medium quality,F,F,sample25,52,Medium quality,135142,14
sample25_SemiBin_32,84.97,1.08,Medium quality,F,F,sample25,6,Medium quality,765109,2
sample25_SemiBin_33,83.78,4.7,Medium quality,F,T,sample25,56,Medium quality,129772,13
sample25_SemiBin_34,99.05,8.9,Medium quality,F,F,sample25,33,Medium quality,246444,9
sample25_SemiBin_35,83.23,2.73,Medium quality,F,T,sample25,63,Medium quality,121428,16
sample25_SemiBin_366,64.04,0.32,Medium quality,F,F,sample25,8,Medium quality,240997,2
sample25_SemiBin_36,88.23,2.73,Medium quality,F,F,sample25,29,Medium quality,229416,7
sample25_SemiBin_37,87.11,5.69,Medium quality,F,F,sample25,100,Medium quality,86185,26
sample25_SemiBin_38,87.18,2.29,Medium quality,F,F,sample25,8,Medium quality,538015,2
sample25_SemiBin_39,87.07,1.53,Medium quality,F,F,sample25,22,Medium quality,318290,6
sample25_SemiBin_3,98.16,0.21,High quality,T,T,sample25,7,HQ-MIMAG,1049513,2
sample25_SemiBin_40,93.01,5.63,Medium quality,F,F,sample25,14,Medium quality,537148,4
sample25_SemiBin_41,89.41,0.32,Medium quality,F,F,sample25,16,Medium quality,419975,5
sample25_SemiBin_42,96.89,0.32,High quality,T,T,sample25,3,HQ-MIMAG,645365,2
sample25_SemiBin_434,58.94,7.22,Medium quality,F,F,sample25,40,Medium quality,245472,9
sample25_SemiBin_43,80.27,2.02,Medium quality,F,F,sample25,54,Medium quality,187836,10
sample25_SemiBin_44,85.6,0.64,Medium quality,F,F,sample25,14,Medium quality,281809,4
sample25_SemiBin_45,89.11,8.16,Medium quality,F,F,sample25,12,Medium quality,596960,4
sample25_SemiBin_468,54.52,2.21,Medium quality,F,F,sample25,25,Medium quality,244042,8
sample25_SemiBin_46,73.43,7.58,Medium quality,F,F,sample25,36,Medium quality,353891,6
sample25_SemiBin_47,81.81,4.18,Medium quality,F,F,sample25,42,Medium quality,131218,13
sample25_SemiBin_487,57.01,2.29,Medium quality,F,T,sample25,21,Medium quality,182904,7
sample25_SemiBin_48,81.35,4.69,Medium quality,F,T,sample25,40,Medium quality,168110,10
sample25_SemiBin_49,83.27,3.62,Medium quality,F,F,sample25,44,Medium quality,170165,10
sample25_SemiBin_4,94.63,0.57,High quality,T,F,sample25,13,HQ-MIMAG,866160,3
sample25_SemiBin_50,85.58,0.1,Medium quality,F,F,sample25,33,Medium quality,190008,10
sample25_SemiBin_51,80.57,2.59,Medium quality,F,F,sample25,5,Medium quality,804944,2
sample25_SemiBin_52,86.57,2.32,Medium quality,F,T,sample25,14,Medium quality,345726,4
sample25_SemiBin_53,73.57,4.36,Medium quality,F,F,sample25,66,Medium quality,124638,16
sample25_SemiBin_54,76.88,0.31,Medium quality,F,F,sample25,11,Medium quality,241629,4
sample25_SemiBin_55,74.71,1.62,Medium quality,F,F,sample25,57,Medium quality,119194,15
sample25_SemiBin_565,50.33,3.33,Medium quality,F,T,sample25,15,Medium quality,190275,5
sample25_SemiBin_57,86,4.62,Medium quality,F,F,sample25,26,Medium quality,319712,7
sample25_SemiBin_59,88.38,6.78,Medium quality,F,F,sample25,33,Medium quality,213146,8
sample25_SemiBin_5,98.08,0.94,High quality,T,F,sample25,5,HQ-MIMAG,1714279,2
sample25_SemiBin_60,74.66,9.19,Medium quality,F,F,sample25,25,Medium quality,334651,8
sample25_SemiBin_61,74.67,4.21,Medium quality,F,F,sample25,43,Medium quality,150808,10
sample25_SemiBin_62,71.65,4.26,Medium quality,F,T,sample25,20,Medium quality,195127,6
sample25_SemiBin_63,80.37,0.59,Medium quality,F,T,sample25,43,Medium quality,235973,12
sample25_SemiBin_64,90.57,3.2,High quality,T,F,sample25,69,HQ-MIMAG,124087,17
sample25_SemiBin_65,79.23,4.13,Medium quality,F,F,sample25,91,Medium quality,136891,22
sample25_SemiBin_66,81.73,8.92,Medium quality,F,F,sample25,25,Medium quality,251248,6
sample25_SemiBin_67,82.23,3.59,Medium quality,F,T,sample25,40,Medium quality,190324,10
sample25_SemiBin_68,76.04,1.35,Medium quality,F,T,sample25,28,Medium quality,161460,6
sample25_SemiBin_6,98.88,3.84,High quality,T,F,sample25,7,HQ-MIMAG,694486,3
sample25_SemiBin_708,58.85,8.28,Medium quality,F,F,sample25,70,Medium quality,82676,20
sample25_SemiBin_70,73.74,4.09,Medium quality,F,F,sample25,24,Medium quality,377737,5
sample25_SemiBin_71,62.86,4.05,Medium quality,F,T,sample25,41,Medium quality,101385,13
sample25_SemiBin_72,64.14,2.19,Medium quality,F,F,sample25,64,Medium quality,81155,20
sample25_SemiBin_73,75.45,3.14,Medium quality,F,F,sample25,41,Medium quality,145958,13
sample25_SemiBin_74,73.51,5.36,Medium quality,F,F,sample25,37,Medium quality,115194,11
sample25_SemiBin_75,78.98,1.69,Medium quality,F,T,sample25,39,Medium quality,184497,10
sample25_SemiBin_76,78.61,6.49,Medium quality,F,F,sample25,34,Medium quality,269690,8
sample25_SemiBin_77,75.12,2.72,Medium quality,F,F,sample25,45,Medium quality,163216,12
sample25_SemiBin_78,58.42,1.98,Medium quality,F,F,sample25,34,Medium quality,84641,10
sample25_SemiBin_79,70.23,0.29,Medium quality,F,F,sample25,11,Medium quality,504428,4
sample25_SemiBin_7,95.33,6.88,Medium quality,F,F,sample25,34,Medium quality,269090,5
sample25_SemiBin_80,76.5,3.51,Medium quality,F,F,sample25,24,Medium quality,289471,4
sample25_SemiBin_81,63.39,3.3,Medium quality,F,F,sample25,34,Medium quality,163313,7
sample25_SemiBin_82,74.68,1.01,Medium quality,F,F,sample25,40,Medium quality,146665,11
sample25_SemiBin_83,62.72,3.5,Medium quality,F,T,sample25,16,Medium quality,167062,5
sample25_SemiBin_84,64.08,2.74,Medium quality,F,F,sample25,105,Medium quality,99327,24
sample25_SemiBin_85,70.68,1.98,Medium quality,F,F,sample25,9,Medium quality,532655,3
sample25_SemiBin_86,66.16,1.94,Medium quality,F,F,sample25,17,Medium quality,244613,4
sample25_SemiBin_87,64.31,0.93,Medium quality,F,F,sample25,26,Medium quality,166289,6
sample25_SemiBin_88,77.14,5.7,Medium quality,F,F,sample25,43,Medium quality,129591,12
sample25_SemiBin_89,58.6,4.54,Medium quality,F,F,sample25,76,Medium quality,75244,22
sample25_SemiBin_8,94.27,1.49,High quality,T,F,sample25,19,HQ-MIMAG,249013,5
sample25_SemiBin_906,55.19,9.83,Medium quality,F,T,sample25,75,Medium quality,89167,24
sample25_SemiBin_90,71.27,5.14,Medium quality,F,T,sample25,22,Medium quality,251681,6
sample25_SemiBin_92,64.55,0.19,Medium quality,F,F,sample25,20,Medium quality,234788,6
sample25_SemiBin_94,69.96,4.3,Medium quality,F,F,sample25,20,Medium quality,297574,6
sample25_SemiBin_95,59.06,3.19,Medium quality,F,T,sample25,44,Medium quality,181282,12
sample25_SemiBin_96,63.22,1.36,Medium quality,F,F,sample25,10,Medium quality,475140,3
sample25_SemiBin_97,54.43,1.16,Medium quality,F,F,sample25,44,Medium quality,122942,10
sample25_SemiBin_98,62.05,0.11,Medium quality,F,F,sample25,43,Medium quality,83797,12
sample25_SemiBin_99,72.68,2.19,Medium quality,F,F,sample25,24,Medium quality,153658,6
sample25_SemiBin_9,98.48,4.39,High quality,F,F,sample25,12,High quality,632897,3
sample26_SemiBin_0,100,0.36,High quality,T,F,sample26,12,HQ-MIMAG,862881,3
sample26_SemiBin_100,55.42,3.26,Medium quality,F,F,sample26,55,Medium quality,72065,16
sample26_SemiBin_108,59.08,6.22,Medium quality,F,F,sample26,27,Medium quality,136267,9
sample26_SemiBin_109,58.12,3.5,Medium quality,F,F,sample26,28,Medium quality,150376,8
sample26_SemiBin_10,96.12,1.71,High quality,T,F,sample26,17,HQ-MIMAG,372127,3
sample26_SemiBin_112,61.08,0.44,Medium quality,F,F,sample26,40,Medium quality,73734,12
sample26_SemiBin_113,54.47,0.82,Medium quality,F,F,sample26,51,Medium quality,80191,15
sample26_SemiBin_116,57.31,0.03,Medium quality,F,T,sample26,22,Medium quality,114462,7
sample26_SemiBin_117,59.41,1.73,Medium quality,F,F,sample26,29,Medium quality,203518,6
sample26_SemiBin_1194,50.25,8.09,Medium quality,F,T,sample26,55,Medium quality,61677,17
sample26_SemiBin_11,78.21,0.41,Medium quality,F,T,sample26,13,Medium quality,237848,4
sample26_SemiBin_126,50.44,9.1,Medium quality,F,T,sample26,92,Medium quality,72525,28
sample26_SemiBin_1297,51.75,8.52,Medium quality,F,T,sample26,61,Medium quality,85978,16
sample26_SemiBin_129,66.59,2.48,Medium quality,F,T,sample26,33,Medium quality,229542,8
sample26_SemiBin_12,93.3,0.09,High quality,T,T,sample26,5,HQ-MIMAG,484446,2
sample26_SemiBin_130,58.8,0.27,Medium quality,F,F,sample26,24,Medium quality,114983,6
sample26_SemiBin_131,66.01,1.46,Medium quality,F,F,sample26,12,Medium quality,461126,4
sample26_SemiBin_132,74.36,1.57,Medium quality,F,T,sample26,21,Medium quality,416053,5
sample26_SemiBin_133,57.36,1.81,Medium quality,F,F,sample26,15,Medium quality,280703,3
sample26_SemiBin_135,59.37,0.09,Medium quality,F,T,sample26,10,Medium quality,430755,3
sample26_SemiBin_139,60.94,1.22,Medium quality,F,F,sample26,8,Medium quality,556915,4
sample26_SemiBin_13,94.17,5.26,Medium quality,F,F,sample26,28,Medium quality,439280,6
sample26_SemiBin_142,61.36,1.71,Medium quality,F,F,sample26,25,Medium quality,171976,8
sample26_SemiBin_143,62.5,4.67,Medium quality,F,T,sample26,54,Medium quality,106352,15
sample26_SemiBin_149,72.06,2.31,Medium quality,F,F,sample26,24,Medium quality,317373,7
sample26_SemiBin_14,93.12,0.74,High quality,F,F,sample26,11,High quality,381570,4
sample26_SemiBin_153,51.33,0.55,Medium quality,F,F,sample26,25,Medium quality,142744,7
sample26_SemiBin_157,51.71,2.28,Medium quality,F,T,sample26,72,Medium quality,59576,21
sample26_SemiBin_158,60.02,0.15,Medium quality,F,F,sample26,44,Medium quality,131330,13
sample26_SemiBin_15,97.38,4.6,High quality,F,F,sample26,35,High quality,272649,8
sample26_SemiBin_165,52.25,6,Medium quality,F,T,sample26,7,Medium quality,337228,3
sample26_SemiBin_167,65.09,5.5,Medium quality,F,T,sample26,46,Medium quality,227384,10
sample26_SemiBin_16,96.02,6.44,Medium quality,F,T,sample26,26,Medium quality,304287,7
sample26_SemiBin_173,84.68,0.17,Medium quality,F,F,sample26,12,Medium quality,421601,3
sample26_SemiBin_175,79.62,9.59,Medium quality,F,F,sample26,40,Medium quality,100317,11
sample26_SemiBin_17,81.42,1.27,Medium quality,F,T,sample26,23,Medium quality,279626,7
sample26_SemiBin_18,96.46,2.75,High quality,F,F,sample26,18,High quality,396117,5
sample26_SemiBin_199,50.14,6.94,Medium quality,F,T,sample26,57,Medium quality,93194,19
sample26_SemiBin_19,82.67,3.85,Medium quality,F,F,sample26,21,Medium quality,268757,6
sample26_SemiBin_1,99.08,0.29,High quality,T,T,sample26,10,HQ-MIMAG,657712,3
sample26_SemiBin_205,54.1,3.57,Medium quality,F,F,sample26,57,Medium quality,86132,16
sample26_SemiBin_20,84.89,3.68,Medium quality,F,T,sample26,21,Medium quality,244721,4
sample26_SemiBin_21,91.13,1.49,High quality,F,T,sample26,19,High quality,348340,5
sample26_SemiBin_226,96.84,0.21,High quality,F,F,sample26,10,High quality,254565,4
sample26_SemiBin_22,94.94,0.06,High quality,F,F,sample26,14,High quality,773710,3
sample26_SemiBin_23,90.75,4.26,High quality,F,T,sample26,21,High quality,312168,6
sample26_SemiBin_24,93.33,2.03,High quality,T,F,sample26,42,HQ-MIMAG,137497,9
sample26_SemiBin_25,83.89,0.27,Medium quality,F,F,sample26,30,Medium quality,161104,8
sample26_SemiBin_26,94.39,6.85,Medium quality,F,F,sample26,28,Medium quality,558249,7
sample26_SemiBin_27,89.82,1.45,Medium quality,F,F,sample26,17,Medium quality,450512,4
sample26_SemiBin_28,88.26,0.9,Medium quality,F,T,sample26,9,Medium quality,569214,2
sample26_SemiBin_29,86.48,0.87,Medium quality,F,F,sample26,24,Medium quality,287943,5
sample26_SemiBin_2,95.46,1.17,High quality,T,F,sample26,19,HQ-MIMAG,462422,5
sample26_SemiBin_30,81.2,2.41,Medium quality,F,T,sample26,10,Medium quality,304786,3
sample26_SemiBin_31,81.44,1.06,Medium quality,F,F,sample26,10,Medium quality,473472,3
sample26_SemiBin_32,89.3,8.45,Medium quality,F,T,sample26,58,Medium quality,193796,13
sample26_SemiBin_33,86.69,2.79,Medium quality,F,F,sample26,25,Medium quality,229741,7
sample26_SemiBin_34,84.31,6.73,Medium quality,F,F,sample26,25,Medium quality,527287,4
sample26_SemiBin_35,83.76,6.67,Medium quality,F,F,sample26,44,Medium quality,123409,11
sample26_SemiBin_36,78.3,0.98,Medium quality,F,T,sample26,22,Medium quality,194332,6
sample26_SemiBin_37,81.09,7.89,Medium quality,F,F,sample26,51,Medium quality,204267,13
sample26_SemiBin_38,88.91,1.35,Medium quality,F,T,sample26,5,Medium quality,635949,2
sample26_SemiBin_39,88.48,9.26,Medium quality,F,F,sample26,21,Medium quality,389295,6
sample26_SemiBin_3,90.61,5.16,Medium quality,F,F,sample26,32,Medium quality,240597,9
sample26_SemiBin_40,65.57,3.22,Medium quality,F,T,sample26,45,Medium quality,105421,10
sample26_SemiBin_42,84.53,5.63,Medium quality,F,T,sample26,39,Medium quality,279262,11
sample26_SemiBin_446,50.43,5.24,Medium quality,F,F,sample26,74,Medium quality,40162,19
sample26_SemiBin_44,83.93,9.25,Medium quality,F,F,sample26,63,Medium quality,97077,17
sample26_SemiBin_45,78.49,1.24,Medium quality,F,T,sample26,13,Medium quality,230896,4
sample26_SemiBin_47,72.94,1.68,Medium quality,F,F,sample26,12,Medium quality,358523,4
sample26_SemiBin_48,86.6,0.73,Medium quality,F,T,sample26,18,Medium quality,390975,4
sample26_SemiBin_49,62.57,0.15,Medium quality,F,T,sample26,20,Medium quality,186325,5
sample26_SemiBin_4,99.87,4.02,High quality,T,F,sample26,10,HQ-MIMAG,1762842,2
sample26_SemiBin_50,76.1,4.73,Medium quality,F,F,sample26,83,Medium quality,122377,17
sample26_SemiBin_51,83.57,0.53,Medium quality,F,F,sample26,11,Medium quality,1515093,1
sample26_SemiBin_52,77.36,1.23,Medium quality,F,F,sample26,43,Medium quality,105844,12
sample26_SemiBin_539,65.05,5.78,Medium quality,F,F,sample26,26,Medium quality,203513,7
sample26_SemiBin_53,92.91,1.25,High quality,T,T,sample26,8,HQ-MIMAG,363640,2
sample26_SemiBin_54,70.52,3.08,Medium quality,F,T,sample26,25,Medium quality,162470,8
sample26_SemiBin_55,67.67,1.4,Medium quality,F,T,sample26,30,Medium quality,156662,10
sample26_SemiBin_56,63.55,0.71,Medium quality,F,F,sample26,45,Medium quality,102173,12
sample26_SemiBin_57,75.36,0.58,Medium quality,F,T,sample26,23,Medium quality,247347,5
sample26_SemiBin_58,57.16,1.64,Medium quality,F,F,sample26,39,Medium quality,71299,11
sample26_SemiBin_59,82.27,2.85,Medium quality,F,F,sample26,17,Medium quality,281330,5
sample26_SemiBin_5,95.9,0.07,High quality,T,F,sample26,18,HQ-MIMAG,375498,4
sample26_SemiBin_60,52.79,3.43,Medium quality,F,F,sample26,58,Medium quality,76017,18
sample26_SemiBin_61,100,4.51,High quality,T,F,sample26,14,HQ-MIMAG,683051,3
sample26_SemiBin_62,80.35,5.31,Medium quality,F,T,sample26,61,Medium quality,115010,16
sample26_SemiBin_64,54.86,3.07,Medium quality,F,T,sample26,17,Medium quality,146565,6
sample26_SemiBin_655,52.99,6.67,Medium quality,F,F,sample26,31,Medium quality,149949,10
sample26_SemiBin_65,77.19,1.79,Medium quality,F,F,sample26,24,Medium quality,301449,7
sample26_SemiBin_67,51.69,0.14,Medium quality,F,F,sample26,13,Medium quality,218939,4
sample26_SemiBin_68,52.82,2.79,Medium quality,F,T,sample26,42,Medium quality,157275,11
sample26_SemiBin_69,70.91,1.42,Medium quality,F,F,sample26,13,Medium quality,518871,5
sample26_SemiBin_6,93.66,0.16,High quality,T,F,sample26,4,HQ-MIMAG,884744,2
sample26_SemiBin_70,75.62,1.47,Medium quality,F,T,sample26,33,Medium quality,227944,7
sample26_SemiBin_71,59.25,0.83,Medium quality,F,T,sample26,68,Medium quality,67002,21
sample26_SemiBin_72,82.24,4.83,Medium quality,F,F,sample26,14,Medium quality,558848,4
sample26_SemiBin_73,77.56,0.77,Medium quality,F,T,sample26,20,Medium quality,374309,6
sample26_SemiBin_74,56.27,7.65,Medium quality,F,T,sample26,7,Medium quality,756668,2
sample26_SemiBin_75,57.57,0.46,Medium quality,F,T,sample26,29,Medium quality,200922,7
sample26_SemiBin_76,54.72,2.81,Medium quality,F,F,sample26,30,Medium quality,100570,9
sample26_SemiBin_77,68.16,2.01,Medium quality,F,F,sample26,42,Medium quality,124677,10
sample26_SemiBin_78,76.22,4.63,Medium quality,F,T,sample26,37,Medium quality,181646,9
sample26_SemiBin_79,83.76,2.32,Medium quality,F,F,sample26,9,Medium quality,491521,3
sample26_SemiBin_7,97.4,4.4,High quality,T,F,sample26,8,HQ-MIMAG,889043,3
sample26_SemiBin_80,52.63,3.82,Medium quality,F,T,sample26,73,Medium quality,80073,20
sample26_SemiBin_81,64.04,4.43,Medium quality,F,T,sample26,91,Medium quality,87401,24
sample26_SemiBin_82,83.12,3.58,Medium quality,F,T,sample26,26,Medium quality,251899,7
sample26_SemiBin_83,60.34,2.26,Medium quality,F,T,sample26,33,Medium quality,94997,11
sample26_SemiBin_84,100,9.63,Medium quality,F,F,sample26,34,Medium quality,281117,8
sample26_SemiBin_86,50.6,4.27,Medium quality,F,T,sample26,70,Medium quality,64722,21
sample26_SemiBin_873,60.33,9.85,Medium quality,F,T,sample26,93,Medium quality,45157,18
sample26_SemiBin_87,83.39,3.53,Medium quality,F,T,sample26,27,Medium quality,315111,7
sample26_SemiBin_8,95.25,4.5,High quality,T,F,sample26,9,HQ-MIMAG,1018514,2
sample26_SemiBin_90,82.36,2.32,Medium quality,F,T,sample26,12,Medium quality,839998,3
sample26_SemiBin_95,66.3,0.96,Medium quality,F,T,sample26,75,Medium quality,102036,17
sample26_SemiBin_9,81.02,0.04,Medium quality,F,F,sample26,15,Medium quality,249158,4
sample27_SemiBin_0,98.71,0.75,High quality,T,T,sample27,14,HQ-MIMAG,532095,4
sample27_SemiBin_100,58.02,1.81,Medium quality,F,F,sample27,17,Medium quality,217503,5
sample27_SemiBin_101,60.02,1.99,Medium quality,F,F,sample27,37,Medium quality,153638,8
sample27_SemiBin_102,59.53,6.13,Medium quality,F,F,sample27,20,Medium quality,296937,5
sample27_SemiBin_103,66.4,5.67,Medium quality,F,F,sample27,23,Medium quality,150215,7
sample27_SemiBin_107,65.07,2.04,Medium quality,F,T,sample27,18,Medium quality,41026,5
sample27_SemiBin_109,58.76,2.67,Medium quality,F,F,sample27,30,Medium quality,246890,8
sample27_SemiBin_10,92.74,0.94,High quality,T,F,sample27,8,HQ-MIMAG,235247,2
sample27_SemiBin_110,59.87,4.07,Medium quality,F,F,sample27,47,Medium quality,137413,11
sample27_SemiBin_111,83.42,2.09,Medium quality,F,F,sample27,40,Medium quality,119683,11
sample27_SemiBin_113,71.49,2.07,Medium quality,F,T,sample27,28,Medium quality,255655,7
sample27_SemiBin_115,67.92,4.42,Medium quality,F,F,sample27,22,Medium quality,251907,6
sample27_SemiBin_118,51.41,0.25,Medium quality,F,T,sample27,13,Medium quality,351606,3
sample27_SemiBin_119,79.76,1.75,Medium quality,F,T,sample27,23,Medium quality,222963,7
sample27_SemiBin_11,91.16,6.63,Medium quality,F,T,sample27,31,Medium quality,301046,7
sample27_SemiBin_121,59.02,1.49,Medium quality,F,F,sample27,15,Medium quality,482321,4
sample27_SemiBin_122,65.38,0.51,Medium quality,F,F,sample27,9,Medium quality,344841,3
sample27_SemiBin_124,58.27,3.43,Medium quality,F,F,sample27,18,Medium quality,131639,5
sample27_SemiBin_125,70.44,1.53,Medium quality,F,T,sample27,49,Medium quality,146085,13
sample27_SemiBin_126,60.87,7.49,Medium quality,F,T,sample27,9,Medium quality,514409,2
sample27_SemiBin_12,94.78,9.18,Medium quality,F,T,sample27,22,Medium quality,491647,6
sample27_SemiBin_130,59.02,0.57,Medium quality,F,T,sample27,9,Medium quality,685784,2
sample27_SemiBin_131,55.34,3.25,Medium quality,F,T,sample27,18,Medium quality,134000,5
sample27_SemiBin_133,62.93,2.58,Medium quality,F,F,sample27,29,Medium quality,122295,10
sample27_SemiBin_136,50.63,0.25,Medium quality,F,T,sample27,30,Medium quality,149126,9
sample27_SemiBin_138,74.68,2.06,Medium quality,F,T,sample27,23,Medium quality,288010,7
sample27_SemiBin_13,90.77,6.11,Medium quality,F,T,sample27,20,Medium quality,309939,5
sample27_SemiBin_140,70.86,2.35,Medium quality,F,T,sample27,34,Medium quality,200877,9
sample27_SemiBin_143,60.19,6.16,Medium quality,F,F,sample27,21,Medium quality,236011,7
sample27_SemiBin_144,52.28,8.13,Medium quality,F,T,sample27,16,Medium quality,282815,5
sample27_SemiBin_1479,52.33,9.96,Medium quality,F,T,sample27,40,Medium quality,88285,10
sample27_SemiBin_149,55.23,0.7,Medium quality,F,T,sample27,15,Medium quality,215501,4
sample27_SemiBin_14,84.25,1.58,Medium quality,F,F,sample27,15,Medium quality,172047,4
sample27_SemiBin_1528,60.45,6.74,Medium quality,F,T,sample27,69,Medium quality,81901,19
sample27_SemiBin_1530,53.92,8.67,Medium quality,F,T,sample27,149,Medium quality,49269,45
sample27_SemiBin_15,81.87,1.93,Medium quality,F,F,sample27,29,Medium quality,212855,5
sample27_SemiBin_161,55.03,3.29,Medium quality,F,T,sample27,17,Medium quality,172035,4
sample27_SemiBin_16,83.33,1.25,Medium quality,F,F,sample27,17,Medium quality,264232,5
sample27_SemiBin_176,54.19,1.32,Medium quality,F,T,sample27,18,Medium quality,110727,7
sample27_SemiBin_17,84.12,0.33,Medium quality,F,F,sample27,23,Medium quality,217731,7
sample27_SemiBin_181,62.45,0.84,Medium quality,F,F,sample27,22,Medium quality,217253,6
sample27_SemiBin_183,67.29,6.5,Medium quality,F,T,sample27,62,Medium quality,96737,19
sample27_SemiBin_187,51.31,1.98,Medium quality,F,F,sample27,47,Medium quality,136196,13
sample27_SemiBin_18,88.81,2.45,Medium quality,F,T,sample27,40,Medium quality,174900,9
sample27_SemiBin_193,91.09,6.02,Medium quality,F,F,sample27,27,Medium quality,495477,5
sample27_SemiBin_197,53.83,0.49,Medium quality,F,T,sample27,14,Medium quality,227885,4
sample27_SemiBin_19,80.8,2.99,Medium quality,F,T,sample27,22,Medium quality,297354,6
sample27_SemiBin_1,99.94,5.92,Medium quality,F,F,sample27,12,Medium quality,435606,4
sample27_SemiBin_20,86.8,0.49,Medium quality,F,F,sample27,14,Medium quality,474166,5
sample27_SemiBin_21,76.03,2.75,Medium quality,F,F,sample27,32,Medium quality,189048,9
sample27_SemiBin_22,79.83,8.31,Medium quality,F,F,sample27,37,Medium quality,167181,9
sample27_SemiBin_235,51.65,2.62,Medium quality,F,T,sample27,18,Medium quality,156362,5
sample27_SemiBin_23,85.06,6.9,Medium quality,F,T,sample27,17,Medium quality,615676,4
sample27_SemiBin_245,57.82,1.19,Medium quality,F,F,sample27,19,Medium quality,198418,6
sample27_SemiBin_24,88.98,4.89,Medium quality,F,F,sample27,23,Medium quality,436139,5
sample27_SemiBin_252,92.18,0.1,High quality,F,F,sample27,5,High quality,439656,2
sample27_SemiBin_25,85.45,3.94,Medium quality,F,F,sample27,22,Medium quality,261325,6
sample27_SemiBin_26,75.21,3.78,Medium quality,F,T,sample27,26,Medium quality,103702,8
sample27_SemiBin_27,83.27,2.94,Medium quality,F,T,sample27,15,Medium quality,444428,4
sample27_SemiBin_28,83.1,2.23,Medium quality,F,F,sample27,19,Medium quality,238165,5
sample27_SemiBin_29,85.77,2.94,Medium quality,F,T,sample27,35,Medium quality,223326,10
sample27_SemiBin_2,98.46,1.34,High quality,T,F,sample27,3,HQ-MIMAG,1666929,1
sample27_SemiBin_30,85,3.16,Medium quality,F,T,sample27,15,Medium quality,304730,4
sample27_SemiBin_310,67.12,0.01,Medium quality,F,F,sample27,7,Medium quality,356178,2
sample27_SemiBin_31,79.49,6.25,Medium quality,F,F,sample27,30,Medium quality,160943,7
sample27_SemiBin_32,88.29,2.97,Medium quality,F,T,sample27,17,Medium quality,460885,5
sample27_SemiBin_33,76.02,2.01,Medium quality,F,T,sample27,66,Medium quality,117186,15
sample27_SemiBin_342,74.5,4.04,Medium quality,F,F,sample27,56,Medium quality,81054,14
sample27_SemiBin_34,82.6,0.59,Medium quality,F,F,sample27,13,Medium quality,465994,4
sample27_SemiBin_35,90.11,8.64,Medium quality,F,F,sample27,25,Medium quality,370604,7
sample27_SemiBin_36,82.06,2.41,Medium quality,F,F,sample27,10,Medium quality,763729,3
sample27_SemiBin_37,84.9,9.23,Medium quality,F,F,sample27,40,Medium quality,199250,9
sample27_SemiBin_38,78.56,4.8,Medium quality,F,T,sample27,21,Medium quality,277791,6
sample27_SemiBin_398,54.4,6.91,Medium quality,F,T,sample27,27,Medium quality,105372,6
sample27_SemiBin_39,76.5,1.99,Medium quality,F,T,sample27,54,Medium quality,121761,12
sample27_SemiBin_3,97.13,2.65,High quality,F,T,sample27,11,High quality,1252008,2
sample27_SemiBin_40,68.16,0.05,Medium quality,F,F,sample27,5,Medium quality,555377,2
sample27_SemiBin_41,79.43,3.37,Medium quality,F,T,sample27,39,Medium quality,136242,8
sample27_SemiBin_42,80.4,1.22,Medium quality,F,F,sample27,20,Medium quality,226103,6
sample27_SemiBin_430,58.68,3.06,Medium quality,F,F,sample27,26,Medium quality,377850,7
sample27_SemiBin_434,52.7,9.8,Medium quality,F,T,sample27,64,Medium quality,137822,7
sample27_SemiBin_43,77.82,3.14,Medium quality,F,F,sample27,19,Medium quality,234476,4
sample27_SemiBin_45,75.28,3.19,Medium quality,F,F,sample27,13,Medium quality,526227,3
sample27_SemiBin_462,50.53,4.12,Medium quality,F,T,sample27,46,Medium quality,85393,10
sample27_SemiBin_46,78.31,3.36,Medium quality,F,F,sample27,23,Medium quality,296241,6
sample27_SemiBin_47,87.92,2.26,Medium quality,F,T,sample27,22,Medium quality,349583,5
sample27_SemiBin_48,71.55,3.49,Medium quality,F,F,sample27,26,Medium quality,217236,8
sample27_SemiBin_4,88.65,4.78,Medium quality,F,T,sample27,21,Medium quality,447588,5
sample27_SemiBin_50,68.69,4.12,Medium quality,F,T,sample27,40,Medium quality,118046,12
sample27_SemiBin_51,73.85,4.32,Medium quality,F,T,sample27,32,Medium quality,164300,9
sample27_SemiBin_52,69.76,3.7,Medium quality,F,F,sample27,25,Medium quality,152124,7
sample27_SemiBin_55,84.56,0.46,Medium quality,F,F,sample27,11,Medium quality,545403,3
sample27_SemiBin_56,58.58,4.74,Medium quality,F,T,sample27,61,Medium quality,84691,15
sample27_SemiBin_57,65.2,2.26,Medium quality,F,F,sample27,24,Medium quality,117988,9
sample27_SemiBin_58,67.57,1.98,Medium quality,F,F,sample27,21,Medium quality,204585,6
sample27_SemiBin_59,98.64,6.99,Medium quality,F,T,sample27,55,Medium quality,236301,8
sample27_SemiBin_5,94.85,3.35,High quality,T,F,sample27,27,HQ-MIMAG,291990,8
sample27_SemiBin_60,90.22,2.66,High quality,T,F,sample27,48,HQ-MIMAG,94769,13
sample27_SemiBin_61,58.11,8.22,Medium quality,F,T,sample27,180,Medium quality,48143,46
sample27_SemiBin_62,61.45,0.64,Medium quality,F,F,sample27,26,Medium quality,305056,7
sample27_SemiBin_63,65.48,8.02,Medium quality,F,T,sample27,26,Medium quality,185694,8
sample27_SemiBin_64,99.22,5.1,Medium quality,F,F,sample27,21,Medium quality,266632,6
sample27_SemiBin_66,51.97,3.86,Medium quality,F,T,sample27,112,Medium quality,61389,28
sample27_SemiBin_67,59.34,1.97,Medium quality,F,T,sample27,33,Medium quality,145051,10
sample27_SemiBin_68,63,4.9,Medium quality,F,T,sample27,48,Medium quality,119016,15
sample27_SemiBin_69,63.49,0.59,Medium quality,F,F,sample27,13,Medium quality,242230,4
sample27_SemiBin_6,94.33,6.23,Medium quality,F,T,sample27,16,Medium quality,468644,3
sample27_SemiBin_70,64.56,5.15,Medium quality,F,T,sample27,31,Medium quality,219639,6
sample27_SemiBin_71,62.04,2.08,Medium quality,F,F,sample27,45,Medium quality,90874,13
sample27_SemiBin_72,60.55,0.95,Medium quality,F,T,sample27,21,Medium quality,332668,4
sample27_SemiBin_73,56.95,0.22,Medium quality,F,T,sample27,40,Medium quality,114273,12
sample27_SemiBin_74,79.28,3.99,Medium quality,F,T,sample27,33,Medium quality,152173,7
sample27_SemiBin_75,62.03,8.01,Medium quality,F,F,sample27,73,Medium quality,105310,21
sample27_SemiBin_764,61.04,8.49,Medium quality,F,T,sample27,50,Medium quality,86743,14
sample27_SemiBin_77,58.3,5.55,Medium quality,F,T,sample27,49,Medium quality,89426,15
sample27_SemiBin_7,89.41,3.3,Medium quality,F,T,sample27,24,Medium quality,204759,6
sample27_SemiBin_80,56.51,3.76,Medium quality,F,T,sample27,48,Medium quality,115312,13
sample27_SemiBin_81,57.24,4.03,Medium quality,F,T,sample27,96,Medium quality,59958,27
sample27_SemiBin_84,70.49,3.9,Medium quality,F,T,sample27,22,Medium quality,475113,5
sample27_SemiBin_86,50.76,1.67,Medium quality,F,T,sample27,120,Medium quality,82732,34
sample27_SemiBin_88,63.59,0.52,Medium quality,F,F,sample27,54,Medium quality,93346,15
sample27_SemiBin_8,92.58,0.05,High quality,F,F,sample27,17,High quality,403726,4
sample27_SemiBin_93,67.69,2.91,Medium quality,F,F,sample27,28,Medium quality,175970,7
sample27_SemiBin_94,57.48,4.28,Medium quality,F,T,sample27,43,Medium quality,94136,12
sample27_SemiBin_95,53.35,3.82,Medium quality,F,T,sample27,66,Medium quality,89750,18
sample27_SemiBin_9,90.94,4.97,High quality,T,F,sample27,55,HQ-MIMAG,190086,9
sample28_SemiBin_0,98.12,0.61,High quality,T,T,sample28,3,HQ-MIMAG,1065159,2
sample28_SemiBin_101,77.26,0.67,Medium quality,F,T,sample28,10,Medium quality,330230,3
sample28_SemiBin_102,62.77,2.81,Medium quality,F,T,sample28,16,Medium quality,137354,4
sample28_SemiBin_107,78.42,3.84,Medium quality,F,T,sample28,41,Medium quality,197186,11
sample28_SemiBin_10,73.34,0.79,Medium quality,F,T,sample28,11,Medium quality,289463,4
sample28_SemiBin_110,66.95,0.34,Medium quality,F,T,sample28,14,Medium quality,205232,5
sample28_SemiBin_116,50.64,0.42,Medium quality,F,T,sample28,40,Medium quality,93168,11
sample28_SemiBin_11,93.91,4.39,High quality,T,F,sample28,16,HQ-MIMAG,648361,4
sample28_SemiBin_120,57.41,0.65,Medium quality,F,T,sample28,7,Medium quality,181293,3
sample28_SemiBin_122,56.63,6.43,Medium quality,F,T,sample28,86,Medium quality,102994,22
sample28_SemiBin_126,71.29,1.56,Medium quality,F,F,sample28,15,Medium quality,405729,5
sample28_SemiBin_12,88.46,4.61,Medium quality,F,F,sample28,56,Medium quality,246512,12
sample28_SemiBin_130,58.37,5.85,Medium quality,F,F,sample28,19,Medium quality,314402,7
sample28_SemiBin_1337,50.02,8.91,Medium quality,F,T,sample28,40,Medium quality,95575,11
sample28_SemiBin_1348,54.8,8.54,Medium quality,F,T,sample28,86,Medium quality,48702,27
sample28_SemiBin_1357,54.43,9.86,Medium quality,F,T,sample28,47,Medium quality,139275,13
sample28_SemiBin_135,59.71,0.44,Medium quality,F,T,sample28,14,Medium quality,103638,3
sample28_SemiBin_13,88.74,5.72,Medium quality,F,T,sample28,13,Medium quality,331382,4
sample28_SemiBin_140,52.94,3.27,Medium quality,F,T,sample28,51,Medium quality,127114,13
sample28_SemiBin_143,54.57,0.34,Medium quality,F,T,sample28,6,Medium quality,290459,2
sample28_SemiBin_14,87.32,4.38,Medium quality,F,T,sample28,35,Medium quality,165232,9
sample28_SemiBin_15,87.46,3.79,Medium quality,F,F,sample28,13,Medium quality,577869,4
sample28_SemiBin_162,54.01,2.19,Medium quality,F,F,sample28,22,Medium quality,282883,6
sample28_SemiBin_163,59.57,3.33,Medium quality,F,F,sample28,7,Medium quality,688585,3
sample28_SemiBin_164,57.52,9.69,Medium quality,F,F,sample28,30,Medium quality,247001,7
sample28_SemiBin_168,55.32,1.26,Medium quality,F,T,sample28,26,Medium quality,120725,9
sample28_SemiBin_16,75.15,2.53,Medium quality,F,T,sample28,29,Medium quality,159111,8
sample28_SemiBin_172,55.61,0.77,Medium quality,F,T,sample28,40,Medium quality,129748,13
sample28_SemiBin_17,74.79,0.45,Medium quality,F,T,sample28,28,Medium quality,220925,8
sample28_SemiBin_18,80.03,0.76,Medium quality,F,T,sample28,26,Medium quality,191197,6
sample28_SemiBin_19,76.62,5.17,Medium quality,F,T,sample28,80,Medium quality,95722,22
sample28_SemiBin_1,96.82,0.51,High quality,T,T,sample28,3,HQ-MIMAG,2997385,1
sample28_SemiBin_201,51.87,1.32,Medium quality,F,T,sample28,14,Medium quality,492661,3
sample28_SemiBin_20,84.06,7.02,Medium quality,F,F,sample28,30,Medium quality,217226,8
sample28_SemiBin_219,85.09,0.18,Medium quality,F,F,sample28,4,Medium quality,335054,2
sample28_SemiBin_21,88.91,1.31,Medium quality,F,F,sample28,48,Medium quality,191767,10
sample28_SemiBin_22,81.76,6.34,Medium quality,F,T,sample28,33,Medium quality,200698,9
sample28_SemiBin_23,77.23,4.7,Medium quality,F,F,sample28,51,Medium quality,137904,15
sample28_SemiBin_24,85.46,0.21,Medium quality,F,T,sample28,34,Medium quality,193877,9
sample28_SemiBin_25,79.29,6.09,Medium quality,F,T,sample28,20,Medium quality,242299,4
sample28_SemiBin_26,75.05,3.98,Medium quality,F,F,sample28,59,Medium quality,107003,17
sample28_SemiBin_27,80.85,3.1,Medium quality,F,F,sample28,62,Medium quality,160102,12
sample28_SemiBin_28,77.04,5.72,Medium quality,F,T,sample28,18,Medium quality,509841,5
sample28_SemiBin_29,93.45,1.69,High quality,T,T,sample28,5,HQ-MIMAG,249723,2
sample28_SemiBin_2,96.26,6.24,Medium quality,F,T,sample28,15,Medium quality,717762,4
sample28_SemiBin_30,64.8,2.44,Medium quality,F,T,sample28,84,Medium quality,59646,22
sample28_SemiBin_31,62.67,1.04,Medium quality,F,T,sample28,13,Medium quality,201451,5
sample28_SemiBin_32,77.86,3.75,Medium quality,F,T,sample28,45,Medium quality,143184,13
sample28_SemiBin_33,84.38,9.72,Medium quality,F,T,sample28,91,Medium quality,91500,24
sample28_SemiBin_34,69.92,0.12,Medium quality,F,T,sample28,13,Medium quality,167109,5
sample28_SemiBin_351,64.63,3.91,Medium quality,F,T,sample28,54,Medium quality,117281,15
sample28_SemiBin_36,78.94,9.95,Medium quality,F,T,sample28,125,Medium quality,105458,20
sample28_SemiBin_37,61.79,0.89,Medium quality,F,T,sample28,24,Medium quality,166426,6
sample28_SemiBin_38,67.45,4.96,Medium quality,F,F,sample28,21,Medium quality,414050,5
sample28_SemiBin_39,87.78,2.26,Medium quality,F,T,sample28,9,Medium quality,548942,3
sample28_SemiBin_3,95.2,0.01,High quality,F,F,sample28,2,High quality,1409604,1
sample28_SemiBin_40,75.45,2.29,Medium quality,F,T,sample28,40,Medium quality,181701,10
sample28_SemiBin_41,76.41,0.51,Medium quality,F,T,sample28,40,Medium quality,286652,7
sample28_SemiBin_429,50.1,4.29,Medium quality,F,T,sample28,59,Medium quality,49401,16
sample28_SemiBin_42,74.25,0.04,Medium quality,F,T,sample28,13,Medium quality,249366,5
sample28_SemiBin_43,67.71,3.69,Medium quality,F,F,sample28,24,Medium quality,253641,6
sample28_SemiBin_46,66.76,1,Medium quality,F,T,sample28,12,Medium quality,420825,5
sample28_SemiBin_47,73.33,3.92,Medium quality,F,T,sample28,25,Medium quality,339129,8
sample28_SemiBin_48,86.73,0.59,Medium quality,F,T,sample28,24,Medium quality,330456,7
sample28_SemiBin_49,75.84,9.13,Medium quality,F,T,sample28,140,Medium quality,190552,25
sample28_SemiBin_4,95.87,2.19,High quality,T,F,sample28,17,HQ-MIMAG,635841,4
sample28_SemiBin_50,70.57,6.29,Medium quality,F,F,sample28,17,Medium quality,169000,7
sample28_SemiBin_51,68.22,5.31,Medium quality,F,T,sample28,21,Medium quality,235975,6
sample28_SemiBin_52,56.31,1.43,Medium quality,F,T,sample28,58,Medium quality,90028,13
sample28_SemiBin_53,57.11,0.6,Medium quality,F,T,sample28,23,Medium quality,188956,7
sample28_SemiBin_54,65,1.24,Medium quality,F,T,sample28,59,Medium quality,109145,13
sample28_SemiBin_55,65.23,1.21,Medium quality,F,F,sample28,7,Medium quality,537603,3
sample28_SemiBin_56,71.14,7.37,Medium quality,F,F,sample28,21,Medium quality,138767,6
sample28_SemiBin_578,63.16,7.75,Medium quality,F,T,sample28,19,Medium quality,187382,7
sample28_SemiBin_57,66.1,3.18,Medium quality,F,F,sample28,20,Medium quality,222987,6
sample28_SemiBin_58,71.06,0.71,Medium quality,F,T,sample28,27,Medium quality,180696,8
sample28_SemiBin_5,90.55,0.5,High quality,T,T,sample28,22,HQ-MIMAG,278425,6
sample28_SemiBin_60,88.28,0.03,Medium quality,F,T,sample28,23,Medium quality,319329,7
sample28_SemiBin_61,60.13,0.41,Medium quality,F,T,sample28,37,Medium quality,123254,11
sample28_SemiBin_62,67.15,0.12,Medium quality,F,F,sample28,13,Medium quality,278291,3
sample28_SemiBin_63,100,9.45,Medium quality,F,F,sample28,36,Medium quality,245423,8
sample28_SemiBin_65,56.9,4.82,Medium quality,F,T,sample28,26,Medium quality,173336,8
sample28_SemiBin_66,57.91,3.64,Medium quality,F,T,sample28,63,Medium quality,97493,17
sample28_SemiBin_67,98.72,0.46,High quality,F,F,sample28,19,High quality,330327,5
sample28_SemiBin_69,52.83,5.66,Medium quality,F,T,sample28,56,Medium quality,65769,16
sample28_SemiBin_70,73.12,4.39,Medium quality,F,T,sample28,33,Medium quality,264977,7
sample28_SemiBin_71,85.86,7.67,Medium quality,F,T,sample28,10,Medium quality,606453,3
sample28_SemiBin_72,57.72,6.84,Medium quality,F,T,sample28,96,Medium quality,84905,28
sample28_SemiBin_73,87.85,2.24,Medium quality,F,F,sample28,21,Medium quality,547427,5
sample28_SemiBin_74,58.21,1.96,Medium quality,F,T,sample28,82,Medium quality,119887,21
sample28_SemiBin_76,74.53,5.75,Medium quality,F,T,sample28,20,Medium quality,309415,7
sample28_SemiBin_77,56.02,8.5,Medium quality,F,T,sample28,231,Medium quality,34955,59
sample28_SemiBin_79,76.57,0.01,Medium quality,F,T,sample28,10,Medium quality,315719,3
sample28_SemiBin_7,94.02,0.43,High quality,F,T,sample28,10,High quality,754437,2
sample28_SemiBin_80,56.28,0.57,Medium quality,F,F,sample28,19,Medium quality,269518,5
sample28_SemiBin_81,78.72,2.65,Medium quality,F,T,sample28,47,Medium quality,152432,10
sample28_SemiBin_83,55.23,3.99,Medium quality,F,T,sample28,42,Medium quality,104536,12
sample28_SemiBin_84,60.18,1.74,Medium quality,F,T,sample28,14,Medium quality,316404,5
sample28_SemiBin_85,60.92,2.64,Medium quality,F,T,sample28,22,Medium quality,248440,6
sample28_SemiBin_86,59.25,4.82,Medium quality,F,T,sample28,36,Medium quality,181628,8
sample28_SemiBin_87,91.36,5.72,Medium quality,F,F,sample28,33,Medium quality,310673,8
sample28_SemiBin_88,53.56,0.04,Medium quality,F,F,sample28,4,Medium quality,595629,2
sample28_SemiBin_8,89.42,3.49,Medium quality,F,T,sample28,30,Medium quality,296831,8
sample28_SemiBin_94,60.41,1.32,Medium quality,F,F,sample28,46,Medium quality,111019,13
sample28_SemiBin_95,50.75,2.5,Medium quality,F,T,sample28,53,Medium quality,63888,15
sample28_SemiBin_96,69.36,1.47,Medium quality,F,T,sample28,13,Medium quality,234771,4
sample28_SemiBin_98,54.51,1.49,Medium quality,F,T,sample28,11,Medium quality,244648,4
sample28_SemiBin_99,51.23,3.06,Medium quality,F,T,sample28,80,Medium quality,65754,20
sample28_SemiBin_9,92.09,1.35,High quality,F,F,sample28,27,High quality,421679,7
sample29_SemiBin_0,97.64,0.31,High quality,T,T,sample29,2,HQ-MIMAG,1663778,1
sample29_SemiBin_100,92.32,1.75,High quality,T,T,sample29,1,HQ-MIMAG,740411,1
sample29_SemiBin_101,78.7,2.78,Medium quality,F,T,sample29,18,Medium quality,394736,3
sample29_SemiBin_102,75.04,0.99,Medium quality,F,T,sample29,18,Medium quality,413742,5
sample29_SemiBin_103,77.6,9.69,Medium quality,F,T,sample29,72,Medium quality,96454,20
sample29_SemiBin_104,64.88,1.29,Medium quality,F,T,sample29,21,Medium quality,189170,5
sample29_SemiBin_105,72.83,4.13,Medium quality,F,T,sample29,20,Medium quality,174302,5
sample29_SemiBin_106,75.05,6.88,Medium quality,F,T,sample29,16,Medium quality,418266,5
sample29_SemiBin_107,65.86,0.78,Medium quality,F,T,sample29,10,Medium quality,378700,4
sample29_SemiBin_108,70.39,1.11,Medium quality,F,T,sample29,22,Medium quality,333159,6
sample29_SemiBin_109,71.4,2.75,Medium quality,F,T,sample29,34,Medium quality,168270,9
sample29_SemiBin_10,92.55,0.11,High quality,T,T,sample29,12,HQ-MIMAG,419481,3
sample29_SemiBin_110,66.24,3.06,Medium quality,F,T,sample29,32,Medium quality,152851,9
sample29_SemiBin_111,80.01,2.47,Medium quality,F,T,sample29,28,Medium quality,248169,8
sample29_SemiBin_112,75.7,1.16,Medium quality,F,T,sample29,6,Medium quality,751882,2
sample29_SemiBin_113,72.1,9.79,Medium quality,F,T,sample29,44,Medium quality,161273,10
sample29_SemiBin_114,63.28,0.93,Medium quality,F,T,sample29,17,Medium quality,501467,5
sample29_SemiBin_115,76.76,1.99,Medium quality,F,T,sample29,33,Medium quality,221035,10
sample29_SemiBin_116,71.09,0.05,Medium quality,F,T,sample29,1,Medium quality,1155649,1
sample29_SemiBin_118,68.5,5.14,Medium quality,F,T,sample29,29,Medium quality,209164,7
sample29_SemiBin_119,71.77,0.32,Medium quality,F,T,sample29,14,Medium quality,462110,3
sample29_SemiBin_11,99.95,4.5,High quality,T,F,sample29,8,HQ-MIMAG,953885,2
sample29_SemiBin_120,67.22,2.42,Medium quality,F,T,sample29,24,Medium quality,247425,6
sample29_SemiBin_121,74.86,3.55,Medium quality,F,T,sample29,18,Medium quality,300678,6
sample29_SemiBin_122,93.42,0.48,High quality,F,T,sample29,1,High quality,1069422,1
sample29_SemiBin_123,71.99,0.53,Medium quality,F,T,sample29,39,Medium quality,128215,10
sample29_SemiBin_124,66.24,6.53,Medium quality,F,T,sample29,48,Medium quality,72633,13
sample29_SemiBin_125,69.42,2.57,Medium quality,F,T,sample29,10,Medium quality,496554,3
sample29_SemiBin_126,57.7,2.48,Medium quality,F,T,sample29,20,Medium quality,142797,6
sample29_SemiBin_127,77.46,6.91,Medium quality,F,F,sample29,6,Medium quality,812435,2
sample29_SemiBin_128,59.06,0.15,Medium quality,F,T,sample29,7,Medium quality,500521,3
sample29_SemiBin_129,74.03,2.3,Medium quality,F,T,sample29,14,Medium quality,283193,4
sample29_SemiBin_12,90.87,0.6,High quality,F,T,sample29,9,High quality,998779,2
sample29_SemiBin_130,75.29,1.84,Medium quality,F,T,sample29,20,Medium quality,251845,6
sample29_SemiBin_131,76.81,0.55,Medium quality,F,T,sample29,15,Medium quality,422822,4
sample29_SemiBin_133,75.08,4.82,Medium quality,F,F,sample29,17,Medium quality,488170,6
sample29_SemiBin_134,57.38,2.16,Medium quality,F,T,sample29,32,Medium quality,144240,7
sample29_SemiBin_135,57.89,5.61,Medium quality,F,T,sample29,30,Medium quality,174725,8
sample29_SemiBin_136,56.48,0.09,Medium quality,F,T,sample29,6,Medium quality,332471,2
sample29_SemiBin_137,97.89,1.97,High quality,F,T,sample29,9,High quality,448620,4
sample29_SemiBin_138,58.21,2.35,Medium quality,F,T,sample29,78,Medium quality,102929,19
sample29_SemiBin_139,64.99,1.38,Medium quality,F,T,sample29,56,Medium quality,162980,16
sample29_SemiBin_13,100,0.19,High quality,T,T,sample29,8,HQ-MIMAG,1565625,2
sample29_SemiBin_141,52.93,0.64,Medium quality,F,T,sample29,7,Medium quality,501090,3
sample29_SemiBin_142,84.27,0.95,Medium quality,F,T,sample29,11,Medium quality,564704,3
sample29_SemiBin_143,84.2,4.63,Medium quality,F,T,sample29,19,Medium quality,456118,5
sample29_SemiBin_144,60.55,3.68,Medium quality,F,F,sample29,42,Medium quality,173314,11
sample29_SemiBin_145,75.51,3.51,Medium quality,F,T,sample29,10,Medium quality,437331,3
sample29_SemiBin_146,81.54,0.36,Medium quality,F,F,sample29,19,Medium quality,182879,5
sample29_SemiBin_147,53.07,3.92,Medium quality,F,T,sample29,14,Medium quality,371047,4
sample29_SemiBin_148,68.41,4.3,Medium quality,F,T,sample29,20,Medium quality,308521,6
sample29_SemiBin_149,73.33,0.68,Medium quality,F,T,sample29,26,Medium quality,227991,7
sample29_SemiBin_14,93.01,2.16,High quality,T,T,sample29,6,HQ-MIMAG,868257,2
sample29_SemiBin_150,52.13,4.34,Medium quality,F,T,sample29,42,Medium quality,125938,12
sample29_SemiBin_151,70.73,2.41,Medium quality,F,T,sample29,33,Medium quality,202411,9
sample29_SemiBin_152,60.46,1.92,Medium quality,F,T,sample29,32,Medium quality,88487,10
sample29_SemiBin_153,70.95,3.91,Medium quality,F,F,sample29,12,Medium quality,302101,4
sample29_SemiBin_155,51.33,0.83,Medium quality,F,T,sample29,10,Medium quality,552814,3
sample29_SemiBin_156,50.61,5.2,Medium quality,F,T,sample29,54,Medium quality,140064,15
sample29_SemiBin_157,52.07,0.3,Medium quality,F,T,sample29,21,Medium quality,100724,7
sample29_SemiBin_158,95.49,2.14,High quality,T,T,sample29,6,HQ-MIMAG,928151,2
sample29_SemiBin_15,97.99,1.45,High quality,T,T,sample29,11,HQ-MIMAG,517472,2
sample29_SemiBin_160,76.09,6.45,Medium quality,F,T,sample29,38,Medium quality,234853,9
sample29_SemiBin_161,55.97,6.7,Medium quality,F,T,sample29,39,Medium quality,78012,13
sample29_SemiBin_163,91.95,5.66,Medium quality,F,T,sample29,16,Medium quality,523912,4
sample29_SemiBin_165,80,3.13,Medium quality,F,T,sample29,5,Medium quality,215363,2
sample29_SemiBin_1683,53.45,8.19,Medium quality,F,T,sample29,91,Medium quality,55407,24
sample29_SemiBin_1697,51.03,5.92,Medium quality,F,T,sample29,36,Medium quality,94841,11
sample29_SemiBin_169,74.82,0.36,Medium quality,F,T,sample29,4,Medium quality,221065,2
sample29_SemiBin_16,99.61,2.9,High quality,T,T,sample29,6,HQ-MIMAG,1068535,2
sample29_SemiBin_173,73.91,0.03,Medium quality,F,T,sample29,13,Medium quality,367790,3
sample29_SemiBin_175,81.87,8.03,Medium quality,F,T,sample29,18,Medium quality,594130,4
sample29_SemiBin_1791,55.03,7.22,Medium quality,F,T,sample29,183,Medium quality,38931,51
sample29_SemiBin_17,98.52,1.28,High quality,T,T,sample29,23,HQ-MIMAG,611750,4
sample29_SemiBin_181,57.54,0.66,Medium quality,F,T,sample29,5,Medium quality,3327575,1
sample29_SemiBin_182,77.97,3.73,Medium quality,F,T,sample29,15,Medium quality,87916,4
sample29_SemiBin_183,59.27,6.53,Medium quality,F,T,sample29,37,Medium quality,132136,7
sample29_SemiBin_186,76.02,1.26,Medium quality,F,T,sample29,19,Medium quality,336691,4
sample29_SemiBin_187,74.6,1.21,Medium quality,F,F,sample29,15,Medium quality,395840,3
sample29_SemiBin_189,60.36,1.02,Medium quality,F,T,sample29,13,Medium quality,416707,3
sample29_SemiBin_18,96.95,3.84,High quality,F,T,sample29,8,High quality,1259638,2
sample29_SemiBin_190,62.79,2.17,Medium quality,F,F,sample29,26,Medium quality,206615,8
sample29_SemiBin_191,52.58,2.19,Medium quality,F,T,sample29,34,Medium quality,182892,9
sample29_SemiBin_194,55.94,2.52,Medium quality,F,F,sample29,28,Medium quality,181646,6
sample29_SemiBin_195,69.1,0.2,Medium quality,F,T,sample29,10,Medium quality,411249,3
sample29_SemiBin_19,90.92,5.26,Medium quality,F,T,sample29,10,Medium quality,463264,3
sample29_SemiBin_1,98.42,1.58,High quality,F,T,sample29,5,High quality,1264717,2
sample29_SemiBin_200,70.45,0.77,Medium quality,F,T,sample29,14,Medium quality,282069,5
sample29_SemiBin_207,51.38,1.87,Medium quality,F,T,sample29,19,Medium quality,156135,6
sample29_SemiBin_20,100,9.61,Medium quality,F,T,sample29,13,Medium quality,621476,4
sample29_SemiBin_210,87.96,2.67,Medium quality,F,T,sample29,18,Medium quality,472602,5
sample29_SemiBin_211,69.87,4.86,Medium quality,F,T,sample29,69,Medium quality,106950,20
sample29_SemiBin_214,83.04,0.03,Medium quality,F,T,sample29,17,Medium quality,235376,4
sample29_SemiBin_218,59.21,1.09,Medium quality,F,T,sample29,17,Medium quality,192257,5
sample29_SemiBin_21,96.11,2.74,High quality,T,T,sample29,26,HQ-MIMAG,288653,7
sample29_SemiBin_221,69.27,0.37,Medium quality,F,T,sample29,7,Medium quality,569079,3
sample29_SemiBin_222,72.3,1.67,Medium quality,F,T,sample29,27,Medium quality,242449,7
sample29_SemiBin_227,58.09,5.32,Medium quality,F,T,sample29,23,Medium quality,210677,7
sample29_SemiBin_22,93.7,2.44,High quality,T,T,sample29,5,HQ-MIMAG,1070284,2
sample29_SemiBin_232,55.38,0.86,Medium quality,F,T,sample29,10,Medium quality,96081,3
sample29_SemiBin_236,64.41,7.31,Medium quality,F,F,sample29,44,Medium quality,223218,9
sample29_SemiBin_23,93.13,2.43,High quality,F,T,sample29,15,High quality,324860,4
sample29_SemiBin_242,60.83,0.02,Medium quality,F,T,sample29,20,Medium quality,141150,6
sample29_SemiBin_245,63.44,0.99,Medium quality,F,T,sample29,15,Medium quality,427332,4
sample29_SemiBin_247,61.55,1.02,Medium quality,F,T,sample29,11,Medium quality,392502,4
sample29_SemiBin_248,66.9,4.88,Medium quality,F,T,sample29,13,Medium quality,76384,4
sample29_SemiBin_24,96.72,2.68,High quality,T,T,sample29,13,HQ-MIMAG,610812,4
sample29_SemiBin_251,94.37,0.69,High quality,T,T,sample29,16,HQ-MIMAG,343412,4
sample29_SemiBin_256,64.87,0.43,Medium quality,F,T,sample29,9,Medium quality,325595,3
sample29_SemiBin_25,93.77,1.01,High quality,T,T,sample29,8,HQ-MIMAG,1425540,3
sample29_SemiBin_260,52.1,0.55,Medium quality,F,T,sample29,5,Medium quality,113985,2
sample29_SemiBin_261,64.05,1.25,Medium quality,F,T,sample29,15,Medium quality,139091,4
sample29_SemiBin_264,61.73,2.01,Medium quality,F,F,sample29,8,Medium quality,386412,2
sample29_SemiBin_26,94.47,2.76,High quality,T,T,sample29,9,HQ-MIMAG,3266167,1
sample29_SemiBin_274,82.95,1.05,Medium quality,F,T,sample29,8,Medium quality,436669,3
sample29_SemiBin_275,65.68,9.7,Medium quality,F,T,sample29,27,Medium quality,249738,5
sample29_SemiBin_278,59.17,0.04,Medium quality,F,T,sample29,14,Medium quality,515188,4
sample29_SemiBin_27,100,3.41,High quality,T,T,sample29,10,HQ-MIMAG,700862,3
sample29_SemiBin_283,79.43,0.72,Medium quality,F,T,sample29,9,Medium quality,669307,3
sample29_SemiBin_288,57.19,9.03,Medium quality,F,T,sample29,38,Medium quality,123805,11
sample29_SemiBin_289,56.44,0.92,Medium quality,F,T,sample29,42,Medium quality,196703,9
sample29_SemiBin_28,91.11,1.18,High quality,T,T,sample29,4,HQ-MIMAG,1474335,2
sample29_SemiBin_290,52.78,4.43,Medium quality,F,T,sample29,34,Medium quality,129071,9
sample29_SemiBin_29,97.23,1.08,High quality,T,T,sample29,12,HQ-MIMAG,870445,2
sample29_SemiBin_2,100,0.01,High quality,T,T,sample29,5,HQ-MIMAG,778021,2
sample29_SemiBin_30,95.83,0.46,High quality,T,T,sample29,32,HQ-MIMAG,395287,8
sample29_SemiBin_312,56.17,0.42,Medium quality,F,F,sample29,28,Medium quality,180325,6
sample29_SemiBin_313,55.25,0.82,Medium quality,F,T,sample29,18,Medium quality,284937,6
sample29_SemiBin_315,50.76,3.48,Medium quality,F,T,sample29,90,Medium quality,57968,28
sample29_SemiBin_31,98.19,3.94,High quality,T,T,sample29,11,HQ-MIMAG,531321,3
sample29_SemiBin_325,61.53,0.4,Medium quality,F,T,sample29,6,Medium quality,231570,2
sample29_SemiBin_32,94.14,6.49,Medium quality,F,T,sample29,17,Medium quality,719944,3
sample29_SemiBin_33,90.33,2.21,High quality,T,T,sample29,12,HQ-MIMAG,602245,3
sample29_SemiBin_34,96.33,1.01,High quality,T,F,sample29,3,HQ-MIMAG,3859353,1
sample29_SemiBin_350,50.01,4.76,Medium quality,F,T,sample29,48,Medium quality,139031,12
sample29_SemiBin_358,56.29,1.03,Medium quality,F,T,sample29,15,Medium quality,288945,4
sample29_SemiBin_35,93.08,1.22,High quality,T,T,sample29,8,HQ-MIMAG,1071391,2
sample29_SemiBin_36,91.37,1.53,High quality,F,T,sample29,23,High quality,318315,7
sample29_SemiBin_37,100,5.18,Medium quality,F,T,sample29,14,Medium quality,1472971,2
sample29_SemiBin_38,98.67,3.68,High quality,T,T,sample29,11,HQ-MIMAG,960243,3
sample29_SemiBin_39,88.5,0.53,Medium quality,F,T,sample29,6,Medium quality,1268587,1
sample29_SemiBin_3,95.85,0.37,High quality,T,T,sample29,1,HQ-MIMAG,5219694,1
sample29_SemiBin_407,98.89,0.68,High quality,F,F,sample29,10,High quality,536779,2
sample29_SemiBin_408,57.48,0.28,Medium quality,F,T,sample29,9,Medium quality,1138647,2
sample29_SemiBin_409,75.7,8.85,Medium quality,F,T,sample29,28,Medium quality,265639,6
sample29_SemiBin_415,77.25,0.28,Medium quality,F,T,sample29,4,Medium quality,540518,1
sample29_SemiBin_416,64.71,0.19,Medium quality,F,T,sample29,10,Medium quality,80258,4
sample29_SemiBin_418,56.88,5.95,Medium quality,F,T,sample29,47,Medium quality,116101,13
sample29_SemiBin_41,89.63,5.59,Medium quality,F,T,sample29,23,Medium quality,371992,6
sample29_SemiBin_421,93.2,3.91,High quality,T,T,sample29,10,HQ-MIMAG,371004,2
sample29_SemiBin_42,87.75,2.59,Medium quality,F,T,sample29,8,Medium quality,749353,2
sample29_SemiBin_43,88.51,3.34,Medium quality,F,T,sample29,21,Medium quality,239104,5
sample29_SemiBin_441,81.35,0.98,Medium quality,F,T,sample29,8,Medium quality,257297,2
sample29_SemiBin_459,68.14,0.3,Medium quality,F,T,sample29,11,Medium quality,436516,4
sample29_SemiBin_45,85.21,0.11,Medium quality,F,T,sample29,1,Medium quality,2670536,1
sample29_SemiBin_46,91.23,0.89,High quality,T,T,sample29,18,HQ-MIMAG,710450,3
sample29_SemiBin_471,54.45,1.72,Medium quality,F,F,sample29,6,Medium quality,628149,2
sample29_SemiBin_47,91.27,0.54,High quality,T,T,sample29,9,HQ-MIMAG,369502,3
sample29_SemiBin_48,83.11,1.22,Medium quality,F,F,sample29,22,Medium quality,182238,6
sample29_SemiBin_49,85.49,3.59,Medium quality,F,T,sample29,20,Medium quality,465397,5
sample29_SemiBin_4,99.83,3.13,High quality,T,T,sample29,14,HQ-MIMAG,848458,3
sample29_SemiBin_50,86.48,6.13,Medium quality,F,T,sample29,19,Medium quality,572430,4
sample29_SemiBin_51,97.42,4.24,High quality,T,T,sample29,18,HQ-MIMAG,379649,4
sample29_SemiBin_52,83.15,0.16,Medium quality,F,T,sample29,20,Medium quality,221650,6
sample29_SemiBin_535,55.57,0.57,Medium quality,F,F,sample29,10,Medium quality,113900,3
sample29_SemiBin_538,50.16,0.37,Medium quality,F,T,sample29,20,Medium quality,90139,6
sample29_SemiBin_53,77.14,1.45,Medium quality,F,T,sample29,9,Medium quality,558005,2
sample29_SemiBin_540,61.46,0.62,Medium quality,F,T,sample29,14,Medium quality,172901,5
sample29_SemiBin_54,94.21,0.9,High quality,T,T,sample29,24,HQ-MIMAG,467361,4
sample29_SemiBin_55,86.84,2.78,Medium quality,F,T,sample29,14,Medium quality,814109,3
sample29_SemiBin_56,94.84,7.53,Medium quality,F,T,sample29,12,Medium quality,690508,3
sample29_SemiBin_57,89.98,8.95,Medium quality,F,F,sample29,28,Medium quality,315427,7
sample29_SemiBin_58,86.4,5.01,Medium quality,F,T,sample29,38,Medium quality,202012,9
sample29_SemiBin_59,84.39,2.08,Medium quality,F,F,sample29,14,Medium quality,512334,4
sample29_SemiBin_5,98.7,0.55,High quality,T,T,sample29,3,HQ-MIMAG,1575750,1
sample29_SemiBin_604,52.67,7.97,Medium quality,F,T,sample29,52,Medium quality,86054,17
sample29_SemiBin_60,92.25,1.17,High quality,T,T,sample29,13,HQ-MIMAG,557431,3
sample29_SemiBin_61,87.89,2.42,Medium quality,F,T,sample29,12,Medium quality,1020167,3
sample29_SemiBin_62,84.21,2.42,Medium quality,F,T,sample29,6,Medium quality,1228737,2
sample29_SemiBin_63,87.12,2.79,Medium quality,F,T,sample29,22,Medium quality,241363,6
sample29_SemiBin_64,83.58,1.75,Medium quality,F,T,sample29,19,Medium quality,378922,5
sample29_SemiBin_65,76.24,5.73,Medium quality,F,T,sample29,34,Medium quality,211747,9
sample29_SemiBin_66,75.02,1.9,Medium quality,F,T,sample29,23,Medium quality,358815,4
sample29_SemiBin_67,87.56,4.38,Medium quality,F,T,sample29,18,Medium quality,519630,4
sample29_SemiBin_69,93.99,4.9,High quality,T,T,sample29,15,HQ-MIMAG,503427,4
sample29_SemiBin_6,100,2.37,High quality,T,T,sample29,1,HQ-MIMAG,3885378,1
sample29_SemiBin_71,83.41,3.01,Medium quality,F,T,sample29,32,Medium quality,480394,8
sample29_SemiBin_72,93.62,9.31,Medium quality,F,T,sample29,16,Medium quality,512230,5
sample29_SemiBin_73,82.7,1.35,Medium quality,F,T,sample29,15,Medium quality,393295,4
sample29_SemiBin_74,89.92,5.45,Medium quality,F,T,sample29,36,Medium quality,245010,9
sample29_SemiBin_75,70.21,2.65,Medium quality,F,T,sample29,30,Medium quality,193476,8
sample29_SemiBin_76,90.93,2.4,High quality,T,F,sample29,21,HQ-MIMAG,470912,4
sample29_SemiBin_77,87.04,5.49,Medium quality,F,T,sample29,45,Medium quality,124944,12
sample29_SemiBin_78,68.61,3.57,Medium quality,F,T,sample29,11,Medium quality,546361,4
sample29_SemiBin_79,77.43,5.44,Medium quality,F,T,sample29,19,Medium quality,345688,4
sample29_SemiBin_7,100,1.16,High quality,T,T,sample29,11,HQ-MIMAG,749426,3
sample29_SemiBin_80,80.55,1.77,Medium quality,F,T,sample29,21,Medium quality,116645,6
sample29_SemiBin_81,71.31,4.4,Medium quality,F,T,sample29,33,Medium quality,250380,8
sample29_SemiBin_82,87.48,8.27,Medium quality,F,T,sample29,14,Medium quality,409934,4
sample29_SemiBin_84,80.5,1.29,Medium quality,F,F,sample29,10,Medium quality,627086,3
sample29_SemiBin_85,84.64,2.2,Medium quality,F,T,sample29,10,Medium quality,913339,3
sample29_SemiBin_86,79.13,2.01,Medium quality,F,T,sample29,37,Medium quality,229272,9
sample29_SemiBin_87,81.01,7.91,Medium quality,F,F,sample29,18,Medium quality,1070041,2
sample29_SemiBin_88,82.18,3.77,Medium quality,F,T,sample29,23,Medium quality,230341,6
sample29_SemiBin_89,74.86,9.81,Medium quality,F,T,sample29,51,Medium quality,177559,15
sample29_SemiBin_8,99.97,0.22,High quality,T,T,sample29,9,HQ-MIMAG,402095,3
sample29_SemiBin_90,95.09,2.45,High quality,T,T,sample29,2,HQ-MIMAG,737532,1
sample29_SemiBin_91,67.95,1.53,Medium quality,F,T,sample29,21,Medium quality,171003,9
sample29_SemiBin_92,77.65,1.56,Medium quality,F,T,sample29,23,Medium quality,278326,5
sample29_SemiBin_93,86.84,4.21,Medium quality,F,T,sample29,24,Medium quality,478458,4
sample29_SemiBin_94,85.82,4.37,Medium quality,F,F,sample29,22,Medium quality,309473,7
sample29_SemiBin_95,78.62,2.62,Medium quality,F,T,sample29,20,Medium quality,323109,6
sample29_SemiBin_96,81.12,2.83,Medium quality,F,T,sample29,28,Medium quality,338360,6
sample29_SemiBin_97,79.35,2.85,Medium quality,F,T,sample29,10,Medium quality,526913,4
sample29_SemiBin_99,73.59,1.76,Medium quality,F,T,sample29,23,Medium quality,329773,6
sample29_SemiBin_9,89.59,0.74,Medium quality,F,T,sample29,11,Medium quality,551633,2
sample2_SemiBin_0,99.63,1.57,High quality,T,F,sample2,3,HQ-MIMAG,2491464,1
sample2_SemiBin_100,51.86,0.51,Medium quality,F,F,sample2,52,Medium quality,63510,15
sample2_SemiBin_103,60.22,0.09,Medium quality,F,T,sample2,18,Medium quality,155456,6
sample2_SemiBin_10,92.13,5.25,Medium quality,F,F,sample2,45,Medium quality,172710,9
sample2_SemiBin_116,51.9,1.59,Medium quality,F,F,sample2,22,Medium quality,320569,7
sample2_SemiBin_119,59.24,4.41,Medium quality,F,F,sample2,19,Medium quality,300877,5
sample2_SemiBin_11,94.06,0.61,High quality,F,F,sample2,8,High quality,792596,3
sample2_SemiBin_124,68.51,0.01,Medium quality,F,F,sample2,18,Medium quality,244980,6
sample2_SemiBin_12,93.28,5.54,Medium quality,F,F,sample2,40,Medium quality,215949,9
sample2_SemiBin_130,60.73,1.43,Medium quality,F,F,sample2,75,Medium quality,70626,20
sample2_SemiBin_136,52.07,0.43,Medium quality,F,T,sample2,24,Medium quality,200135,6
sample2_SemiBin_13,87.23,1.23,Medium quality,F,F,sample2,28,Medium quality,274017,7
sample2_SemiBin_14,92.02,3.41,High quality,T,F,sample2,13,HQ-MIMAG,866939,3
sample2_SemiBin_152,50.86,0.66,Medium quality,F,T,sample2,18,Medium quality,149734,6
sample2_SemiBin_15,92.08,5.87,Medium quality,F,T,sample2,19,Medium quality,1359846,4
sample2_SemiBin_16,94.53,3.86,High quality,T,F,sample2,7,HQ-MIMAG,945339,3
sample2_SemiBin_17,93.11,2.7,High quality,T,F,sample2,8,HQ-MIMAG,526860,3
sample2_SemiBin_181,96.92,0.18,High quality,F,F,sample2,7,High quality,435210,2
sample2_SemiBin_18,94.74,3.62,High quality,T,F,sample2,24,HQ-MIMAG,532577,7
sample2_SemiBin_19,73.96,4.03,Medium quality,F,F,sample2,44,Medium quality,178304,7
sample2_SemiBin_1,94.11,0.34,High quality,T,F,sample2,8,HQ-MIMAG,701421,3
sample2_SemiBin_209,50.24,0.66,Medium quality,F,T,sample2,15,Medium quality,172237,4
sample2_SemiBin_20,93.06,0.78,High quality,T,F,sample2,4,HQ-MIMAG,2251744,1
sample2_SemiBin_21,86.44,1.6,Medium quality,F,F,sample2,22,Medium quality,237658,5
sample2_SemiBin_22,72.38,2.87,Medium quality,F,T,sample2,65,Medium quality,118870,11
sample2_SemiBin_230,51.03,8.92,Medium quality,F,T,sample2,62,Medium quality,90385,15
sample2_SemiBin_23,93.1,1.46,High quality,F,T,sample2,18,High quality,539099,6
sample2_SemiBin_24,87.99,1.74,Medium quality,F,F,sample2,76,Medium quality,135691,14
sample2_SemiBin_25,72.51,3.98,Medium quality,F,F,sample2,14,Medium quality,200773,5
sample2_SemiBin_26,98.19,2.63,High quality,T,T,sample2,1,HQ-MIMAG,1291088,1
sample2_SemiBin_27,92.94,4.79,High quality,F,F,sample2,40,High quality,255433,11
sample2_SemiBin_28,88.28,1.91,Medium quality,F,F,sample2,17,Medium quality,364479,4
sample2_SemiBin_29,71.81,2.7,Medium quality,F,T,sample2,24,Medium quality,242489,7
sample2_SemiBin_2,97.21,0.12,High quality,T,F,sample2,9,HQ-MIMAG,924407,3
sample2_SemiBin_30,68.38,7.74,Medium quality,F,T,sample2,31,Medium quality,163856,9
sample2_SemiBin_31,85.87,6.34,Medium quality,F,F,sample2,37,Medium quality,224501,10
sample2_SemiBin_32,74.97,2.07,Medium quality,F,F,sample2,27,Medium quality,131016,7
sample2_SemiBin_33,74.73,6.29,Medium quality,F,F,sample2,56,Medium quality,184921,11
sample2_SemiBin_34,67.41,1.7,Medium quality,F,T,sample2,22,Medium quality,192371,7
sample2_SemiBin_35,55.7,1.44,Medium quality,F,T,sample2,100,Medium quality,59154,30
sample2_SemiBin_36,77.01,4.51,Medium quality,F,F,sample2,43,Medium quality,213059,11
sample2_SemiBin_37,63.57,3.82,Medium quality,F,F,sample2,107,Medium quality,107707,23
sample2_SemiBin_38,77.27,0.17,Medium quality,F,F,sample2,6,Medium quality,448616,3
sample2_SemiBin_39,70.38,0.49,Medium quality,F,T,sample2,30,Medium quality,274744,7
sample2_SemiBin_3,99.37,0.37,High quality,T,F,sample2,5,HQ-MIMAG,1145032,2
sample2_SemiBin_40,79.69,2.03,Medium quality,F,F,sample2,41,Medium quality,198982,11
sample2_SemiBin_414,65.66,4.87,Medium quality,F,T,sample2,86,Medium quality,147746,21
sample2_SemiBin_41,100,4.54,High quality,T,F,sample2,16,HQ-MIMAG,699667,5
sample2_SemiBin_42,62.09,2.69,Medium quality,F,F,sample2,38,Medium quality,127031,10
sample2_SemiBin_43,90.2,0.4,High quality,T,F,sample2,27,HQ-MIMAG,225647,8
sample2_SemiBin_44,70.72,2.56,Medium quality,F,F,sample2,41,Medium quality,92684,12
sample2_SemiBin_45,62.71,2.69,Medium quality,F,T,sample2,21,Medium quality,305277,6
sample2_SemiBin_460,52.39,6.11,Medium quality,F,F,sample2,36,Medium quality,186312,7
sample2_SemiBin_46,68.75,2.15,Medium quality,F,F,sample2,68,Medium quality,88195,19
sample2_SemiBin_47,63.18,3.08,Medium quality,F,T,sample2,70,Medium quality,187338,11
sample2_SemiBin_48,66.39,3.81,Medium quality,F,F,sample2,43,Medium quality,141927,10
sample2_SemiBin_49,89.9,0.5,Medium quality,F,F,sample2,32,Medium quality,176325,8
sample2_SemiBin_4,88.73,4.62,Medium quality,F,F,sample2,21,Medium quality,562056,6
sample2_SemiBin_50,72.35,4.1,Medium quality,F,F,sample2,33,Medium quality,149924,8
sample2_SemiBin_51,55.35,1.34,Medium quality,F,T,sample2,45,Medium quality,58408,13
sample2_SemiBin_52,81.32,0.17,Medium quality,F,F,sample2,15,Medium quality,277259,4
sample2_SemiBin_53,62.17,3.15,Medium quality,F,F,sample2,48,Medium quality,100164,10
sample2_SemiBin_54,65.9,3.4,Medium quality,F,T,sample2,47,Medium quality,148090,12
sample2_SemiBin_55,74.92,5.1,Medium quality,F,F,sample2,84,Medium quality,162755,8
sample2_SemiBin_56,78.47,0.42,Medium quality,F,T,sample2,17,Medium quality,81214,6
sample2_SemiBin_57,54.45,4.15,Medium quality,F,T,sample2,73,Medium quality,108670,17
sample2_SemiBin_58,57.87,0.89,Medium quality,F,F,sample2,19,Medium quality,185996,5
sample2_SemiBin_59,70.08,0.58,Medium quality,F,F,sample2,20,Medium quality,151019,5
sample2_SemiBin_5,95.15,1.18,High quality,T,F,sample2,30,HQ-MIMAG,474528,4
sample2_SemiBin_60,57.08,3.44,Medium quality,F,F,sample2,79,Medium quality,94639,24
sample2_SemiBin_61,61.54,2.3,Medium quality,F,T,sample2,90,Medium quality,144550,19
sample2_SemiBin_62,87.69,1.47,Medium quality,F,F,sample2,25,Medium quality,301136,6
sample2_SemiBin_63,67.29,1.36,Medium quality,F,F,sample2,36,Medium quality,137872,10
sample2_SemiBin_65,64.84,0.75,Medium quality,F,F,sample2,31,Medium quality,150865,7
sample2_SemiBin_66,74.29,1.48,Medium quality,F,F,sample2,21,Medium quality,147644,6
sample2_SemiBin_67,71.08,0.28,Medium quality,F,T,sample2,24,Medium quality,193755,8
sample2_SemiBin_69,53.19,5.52,Medium quality,F,T,sample2,215,Medium quality,39250,55
sample2_SemiBin_6,97.68,1.53,High quality,F,F,sample2,15,High quality,303268,5
sample2_SemiBin_71,75.98,0.34,Medium quality,F,F,sample2,28,Medium quality,168180,7
sample2_SemiBin_73,85.04,2.5,Medium quality,F,F,sample2,18,Medium quality,214004,4
sample2_SemiBin_76,52.01,4.06,Medium quality,F,F,sample2,51,Medium quality,48863,16
sample2_SemiBin_79,77.92,0.54,Medium quality,F,F,sample2,19,Medium quality,287338,7
sample2_SemiBin_7,97.57,7.86,Medium quality,F,F,sample2,74,Medium quality,175293,15
sample2_SemiBin_80,74.03,6.34,Medium quality,F,F,sample2,45,Medium quality,156270,11
sample2_SemiBin_84,53.54,3.38,Medium quality,F,T,sample2,48,Medium quality,95079,11
sample2_SemiBin_85,59.61,0.68,Medium quality,F,F,sample2,39,Medium quality,150938,12
sample2_SemiBin_88,63.68,1.67,Medium quality,F,F,sample2,67,Medium quality,65572,18
sample2_SemiBin_8,93.63,3.33,High quality,F,F,sample2,32,High quality,168277,7
sample2_SemiBin_916,54.04,7.92,Medium quality,F,T,sample2,153,Medium quality,39176,40
sample2_SemiBin_91,74.64,1.06,Medium quality,F,F,sample2,91,Medium quality,68610,24
sample2_SemiBin_93,63.53,0.15,Medium quality,F,F,sample2,51,Medium quality,107798,14
sample2_SemiBin_948,54.6,8.26,Medium quality,F,T,sample2,215,Medium quality,31977,60
sample2_SemiBin_94,74.37,2.12,Medium quality,F,F,sample2,50,Medium quality,122778,12
sample2_SemiBin_951,55.21,9.93,Medium quality,F,T,sample2,65,Medium quality,92012,21
sample2_SemiBin_97,56.42,4.11,Medium quality,F,T,sample2,17,Medium quality,178931,5
sample2_SemiBin_9,92.74,0.48,High quality,T,F,sample2,17,HQ-MIMAG,171461,5
sample30_SemiBin_104,52.98,1.24,Medium quality,F,T,sample30,9,Medium quality,270105,3
sample30_SemiBin_109,55.21,1.24,Medium quality,F,T,sample30,34,Medium quality,127170,11
sample30_SemiBin_10,90.73,8.35,Medium quality,F,F,sample30,38,Medium quality,186895,11
sample30_SemiBin_110,67.82,0.4,Medium quality,F,F,sample30,25,Medium quality,391239,4
sample30_SemiBin_1138,55.48,9.58,Medium quality,F,T,sample30,111,Medium quality,52782,30
sample30_SemiBin_1140,56.09,7.71,Medium quality,F,T,sample30,40,Medium quality,76449,11
sample30_SemiBin_119,51.57,6.94,Medium quality,F,F,sample30,16,Medium quality,121215,5
sample30_SemiBin_11,87.38,1.81,Medium quality,F,F,sample30,9,Medium quality,578556,3
sample30_SemiBin_12,79.45,3.21,Medium quality,F,T,sample30,34,Medium quality,251264,8
sample30_SemiBin_13,74.51,8.28,Medium quality,F,T,sample30,42,Medium quality,186878,10
sample30_SemiBin_14,74.22,1.19,Medium quality,F,T,sample30,27,Medium quality,167314,7
sample30_SemiBin_167,50.54,0.53,Medium quality,F,T,sample30,27,Medium quality,175659,7
sample30_SemiBin_16,97.12,0.01,High quality,T,T,sample30,4,HQ-MIMAG,404724,2
sample30_SemiBin_17,79.75,4.53,Medium quality,F,F,sample30,23,Medium quality,324825,6
sample30_SemiBin_18,64.87,1.59,Medium quality,F,T,sample30,46,Medium quality,108836,10
sample30_SemiBin_19,76.21,6.1,Medium quality,F,T,sample30,90,Medium quality,127731,16
sample30_SemiBin_1,97.23,0.29,High quality,T,T,sample30,1,HQ-MIMAG,3080037,1
sample30_SemiBin_209,60.16,2.78,Medium quality,F,F,sample30,11,Medium quality,181326,3
sample30_SemiBin_20,76.09,4.53,Medium quality,F,F,sample30,24,Medium quality,217752,7
sample30_SemiBin_217,52.41,7.82,Medium quality,F,T,sample30,141,Medium quality,73575,31
sample30_SemiBin_21,75.8,2.42,Medium quality,F,F,sample30,25,Medium quality,242013,6
sample30_SemiBin_22,70.37,1.56,Medium quality,F,T,sample30,15,Medium quality,262683,5
sample30_SemiBin_234,56.86,0.01,Medium quality,F,F,sample30,3,Medium quality,305660,2
sample30_SemiBin_236,56.36,0.41,Medium quality,F,F,sample30,33,Medium quality,59494,9
sample30_SemiBin_23,69.58,3.72,Medium quality,F,F,sample30,16,Medium quality,199846,6
sample30_SemiBin_24,74.65,7.61,Medium quality,F,T,sample30,130,Medium quality,93156,33
sample30_SemiBin_25,72.99,2.42,Medium quality,F,T,sample30,56,Medium quality,93596,17
sample30_SemiBin_26,80.94,7.66,Medium quality,F,F,sample30,36,Medium quality,129631,8
sample30_SemiBin_279,51.42,1.58,Medium quality,F,F,sample30,24,Medium quality,89123,8
sample30_SemiBin_27,75.32,1.25,Medium quality,F,T,sample30,41,Medium quality,296163,11
sample30_SemiBin_28,59.79,4.23,Medium quality,F,T,sample30,36,Medium quality,79648,10
sample30_SemiBin_29,62.52,7.22,Medium quality,F,T,sample30,49,Medium quality,219157,10
sample30_SemiBin_2,94.26,0,High quality,F,F,sample30,4,High quality,957435,2
sample30_SemiBin_31,64.67,0.86,Medium quality,F,T,sample30,49,Medium quality,85867,14
sample30_SemiBin_33,63.58,5.09,Medium quality,F,T,sample30,26,Medium quality,228185,6
sample30_SemiBin_34,60.78,3.43,Medium quality,F,T,sample30,40,Medium quality,100681,11
sample30_SemiBin_36,67.33,6.93,Medium quality,F,T,sample30,149,Medium quality,87653,33
sample30_SemiBin_37,68.17,3.81,Medium quality,F,F,sample30,23,Medium quality,315945,5
sample30_SemiBin_38,62.41,3.37,Medium quality,F,F,sample30,45,Medium quality,109597,11
sample30_SemiBin_39,62.37,1.81,Medium quality,F,T,sample30,32,Medium quality,229980,9
sample30_SemiBin_3,87.21,0.13,Medium quality,F,F,sample30,19,Medium quality,213220,6
sample30_SemiBin_40,64.31,2.88,Medium quality,F,T,sample30,49,Medium quality,103190,15
sample30_SemiBin_41,87.96,6.23,Medium quality,F,F,sample30,58,Medium quality,163651,14
sample30_SemiBin_48,52.83,8.95,Medium quality,F,T,sample30,86,Medium quality,64621,23
sample30_SemiBin_4,91.5,1.07,High quality,F,T,sample30,17,High quality,380363,4
sample30_SemiBin_51,85.82,3.35,Medium quality,F,F,sample30,29,Medium quality,187746,7
sample30_SemiBin_53,67.98,4.92,Medium quality,F,T,sample30,33,Medium quality,146270,8
sample30_SemiBin_54,58.33,0.63,Medium quality,F,T,sample30,99,Medium quality,68259,29
sample30_SemiBin_56,65.61,1.51,Medium quality,F,T,sample30,11,Medium quality,633345,2
sample30_SemiBin_57,82.77,3.53,Medium quality,F,F,sample30,22,Medium quality,264603,7
sample30_SemiBin_59,69.01,5.37,Medium quality,F,F,sample30,45,Medium quality,102706,16
sample30_SemiBin_5,91.46,0.38,High quality,T,F,sample30,7,HQ-MIMAG,436877,3
sample30_SemiBin_60,65.57,2.45,Medium quality,F,F,sample30,36,Medium quality,141838,10
sample30_SemiBin_61,81.08,0.39,Medium quality,F,F,sample30,9,Medium quality,675136,3
sample30_SemiBin_6,95.86,8.16,Medium quality,F,T,sample30,88,Medium quality,167819,12
sample30_SemiBin_75,57.94,3.42,Medium quality,F,T,sample30,34,Medium quality,150840,7
sample30_SemiBin_76,75.5,0.5,Medium quality,F,F,sample30,12,Medium quality,405161,4
sample30_SemiBin_7,88.7,7,Medium quality,F,F,sample30,27,Medium quality,244937,5
sample30_SemiBin_80,63.17,2.74,Medium quality,F,T,sample30,16,Medium quality,426639,3
sample30_SemiBin_81,58.26,1.34,Medium quality,F,F,sample30,18,Medium quality,195769,6
sample30_SemiBin_83,61.89,3.07,Medium quality,F,T,sample30,44,Medium quality,159786,12
sample30_SemiBin_87,63,0.38,Medium quality,F,F,sample30,26,Medium quality,110908,7
sample30_SemiBin_88,61.11,7.35,Medium quality,F,T,sample30,32,Medium quality,200161,8
sample30_SemiBin_8,86.59,5.69,Medium quality,F,F,sample30,48,Medium quality,201130,12
sample30_SemiBin_95,63.73,3.02,Medium quality,F,T,sample30,32,Medium quality,176539,8
sample30_SemiBin_9,81.79,4.81,Medium quality,F,F,sample30,5,Medium quality,642538,2
sample3_SemiBin_0,98.6,0,High quality,T,T,sample3,9,HQ-MIMAG,1055594,2
sample3_SemiBin_100,61.52,0.01,Medium quality,F,F,sample3,12,Medium quality,468899,3
sample3_SemiBin_101,76.46,5.73,Medium quality,F,F,sample3,81,Medium quality,67850,22
sample3_SemiBin_102,73.88,4.73,Medium quality,F,F,sample3,38,Medium quality,227559,9
sample3_SemiBin_105,59.79,0.28,Medium quality,F,F,sample3,20,Medium quality,192226,6
sample3_SemiBin_106,53.36,4.53,Medium quality,F,F,sample3,40,Medium quality,181193,9
sample3_SemiBin_108,53.07,1.38,Medium quality,F,F,sample3,39,Medium quality,135428,12
sample3_SemiBin_10,92.18,8.13,Medium quality,F,F,sample3,46,Medium quality,142455,10
sample3_SemiBin_112,82.74,0.37,Medium quality,F,F,sample3,20,Medium quality,273999,6
sample3_SemiBin_113,58.06,3.9,Medium quality,F,T,sample3,29,Medium quality,184821,8
sample3_SemiBin_115,63.69,1.57,Medium quality,F,F,sample3,38,Medium quality,187280,9
sample3_SemiBin_116,58.82,0.24,Medium quality,F,F,sample3,27,Medium quality,94142,7
sample3_SemiBin_1180,51,7.97,Medium quality,F,T,sample3,185,Medium quality,41536,47
sample3_SemiBin_118,70.67,2.69,Medium quality,F,F,sample3,30,Medium quality,196105,9
sample3_SemiBin_1229,51.45,8.52,Medium quality,F,T,sample3,62,Medium quality,82237,21
sample3_SemiBin_122,57.18,0.44,Medium quality,F,F,sample3,9,Medium quality,286728,4
sample3_SemiBin_123,57.44,0.51,Medium quality,F,T,sample3,32,Medium quality,200220,9
sample3_SemiBin_125,60.91,0.51,Medium quality,F,F,sample3,24,Medium quality,213818,8
sample3_SemiBin_127,67.71,3.26,Medium quality,F,F,sample3,21,Medium quality,267921,6
sample3_SemiBin_12,87.18,1.38,Medium quality,F,F,sample3,13,Medium quality,276582,4
sample3_SemiBin_131,61.31,0.21,Medium quality,F,F,sample3,29,Medium quality,219696,8
sample3_SemiBin_132,50.54,5.35,Medium quality,F,F,sample3,50,Medium quality,101285,12
sample3_SemiBin_136,52.85,1.36,Medium quality,F,F,sample3,12,Medium quality,162123,4
sample3_SemiBin_13,87.69,4.32,Medium quality,F,T,sample3,28,Medium quality,412034,7
sample3_SemiBin_140,57.07,1.14,Medium quality,F,F,sample3,33,Medium quality,120989,9
sample3_SemiBin_146,69.98,0.38,Medium quality,F,F,sample3,27,Medium quality,283204,8
sample3_SemiBin_14,76.59,0.06,Medium quality,F,F,sample3,9,Medium quality,322200,3
sample3_SemiBin_159,56.69,0.54,Medium quality,F,F,sample3,13,Medium quality,483138,3
sample3_SemiBin_15,85.53,0.1,Medium quality,F,F,sample3,16,Medium quality,426687,5
sample3_SemiBin_160,64.66,1.19,Medium quality,F,F,sample3,21,Medium quality,256864,6
sample3_SemiBin_161,62.09,0.15,Medium quality,F,F,sample3,26,Medium quality,214415,9
sample3_SemiBin_164,60.76,0.36,Medium quality,F,F,sample3,18,Medium quality,141387,6
sample3_SemiBin_16,92.41,1.42,High quality,F,F,sample3,28,High quality,291539,8
sample3_SemiBin_17,87.29,2.46,Medium quality,F,F,sample3,13,Medium quality,285105,4
sample3_SemiBin_182,51.35,1.29,Medium quality,F,F,sample3,16,Medium quality,259974,5
sample3_SemiBin_18,88.17,7.5,Medium quality,F,F,sample3,33,Medium quality,218020,7
sample3_SemiBin_194,51.59,2.64,Medium quality,F,T,sample3,47,Medium quality,90236,12
sample3_SemiBin_19,89.7,1.47,Medium quality,F,F,sample3,19,Medium quality,398542,5
sample3_SemiBin_1,92.89,1.92,High quality,F,F,sample3,8,High quality,648450,2
sample3_SemiBin_20,89.01,6.28,Medium quality,F,F,sample3,41,Medium quality,224558,9
sample3_SemiBin_217,96.7,0.45,High quality,F,F,sample3,9,High quality,283429,3
sample3_SemiBin_21,80.17,3.55,Medium quality,F,F,sample3,29,Medium quality,168085,7
sample3_SemiBin_22,93.49,1.59,High quality,F,F,sample3,25,High quality,298033,6
sample3_SemiBin_239,52.53,0.38,Medium quality,F,T,sample3,26,Medium quality,179524,7
sample3_SemiBin_23,79.91,0.76,Medium quality,F,T,sample3,33,Medium quality,254099,9
sample3_SemiBin_24,77.92,2.99,Medium quality,F,T,sample3,25,Medium quality,284585,7
sample3_SemiBin_25,74.51,0.27,Medium quality,F,F,sample3,18,Medium quality,292274,4
sample3_SemiBin_26,83.68,3.47,Medium quality,F,F,sample3,24,Medium quality,230442,6
sample3_SemiBin_274,51.81,2.78,Medium quality,F,T,sample3,26,Medium quality,91427,7
sample3_SemiBin_27,68.5,1.11,Medium quality,F,F,sample3,20,Medium quality,176852,6
sample3_SemiBin_28,83.95,4,Medium quality,F,F,sample3,33,Medium quality,150636,8
sample3_SemiBin_29,76.3,2.5,Medium quality,F,T,sample3,37,Medium quality,176632,9
sample3_SemiBin_2,91.08,0.8,High quality,T,F,sample3,11,HQ-MIMAG,323855,3
sample3_SemiBin_301,74.72,0.42,Medium quality,F,F,sample3,27,Medium quality,192123,7
sample3_SemiBin_30,68.1,7.05,Medium quality,F,T,sample3,78,Medium quality,122005,13
sample3_SemiBin_319,60.42,3.95,Medium quality,F,T,sample3,31,Medium quality,167597,9
sample3_SemiBin_31,76.02,0.84,Medium quality,F,F,sample3,36,Medium quality,248206,7
sample3_SemiBin_32,83.02,1.62,Medium quality,F,T,sample3,22,Medium quality,237836,5
sample3_SemiBin_33,71.77,5.45,Medium quality,F,F,sample3,32,Medium quality,169895,9
sample3_SemiBin_34,76.68,0.65,Medium quality,F,F,sample3,16,Medium quality,328842,5
sample3_SemiBin_35,76.67,2.64,Medium quality,F,F,sample3,41,Medium quality,111397,12
sample3_SemiBin_36,89.72,6.81,Medium quality,F,F,sample3,23,Medium quality,456661,6
sample3_SemiBin_374,56.47,1.11,Medium quality,F,T,sample3,46,Medium quality,128450,11
sample3_SemiBin_37,66.16,0.14,Medium quality,F,F,sample3,12,Medium quality,482320,4
sample3_SemiBin_38,58.83,0.05,Medium quality,F,F,sample3,23,Medium quality,120569,8
sample3_SemiBin_39,70.91,1.06,Medium quality,F,T,sample3,25,Medium quality,208870,6
sample3_SemiBin_3,95.88,2.17,High quality,T,F,sample3,27,HQ-MIMAG,249473,7
sample3_SemiBin_40,73.91,6.03,Medium quality,F,T,sample3,41,Medium quality,269786,7
sample3_SemiBin_41,86.59,1.89,Medium quality,F,F,sample3,30,Medium quality,286745,5
sample3_SemiBin_42,71.67,2.44,Medium quality,F,F,sample3,43,Medium quality,146835,11
sample3_SemiBin_43,64.02,0.39,Medium quality,F,F,sample3,29,Medium quality,182080,10
sample3_SemiBin_44,75.94,5.11,Medium quality,F,T,sample3,56,Medium quality,139445,14
sample3_SemiBin_45,81.25,4.15,Medium quality,F,F,sample3,21,Medium quality,219708,6
sample3_SemiBin_46,62.58,1.3,Medium quality,F,F,sample3,48,Medium quality,127426,10
sample3_SemiBin_47,61.48,0.32,Medium quality,F,F,sample3,31,Medium quality,134933,8
sample3_SemiBin_48,66.14,0.35,Medium quality,F,F,sample3,12,Medium quality,220897,4
sample3_SemiBin_49,70.54,0.43,Medium quality,F,F,sample3,10,Medium quality,369618,3
sample3_SemiBin_4,92.15,0.02,High quality,F,F,sample3,5,High quality,849181,2
sample3_SemiBin_50,76.31,0.62,Medium quality,F,T,sample3,10,Medium quality,750490,3
sample3_SemiBin_51,66.51,2.53,Medium quality,F,F,sample3,55,Medium quality,117954,14
sample3_SemiBin_52,71.37,1.32,Medium quality,F,F,sample3,47,Medium quality,95308,12
sample3_SemiBin_53,69.43,4.43,Medium quality,F,T,sample3,85,Medium quality,99529,22
sample3_SemiBin_54,93.26,5.85,Medium quality,F,F,sample3,62,Medium quality,170618,13
sample3_SemiBin_55,63.85,3.13,Medium quality,F,T,sample3,50,Medium quality,103034,13
sample3_SemiBin_56,64.84,0.34,Medium quality,F,F,sample3,23,Medium quality,203890,7
sample3_SemiBin_57,57.76,7.11,Medium quality,F,T,sample3,44,Medium quality,142390,12
sample3_SemiBin_58,66.86,3.84,Medium quality,F,F,sample3,44,Medium quality,128398,14
sample3_SemiBin_5,90.3,3.66,High quality,T,F,sample3,12,HQ-MIMAG,791183,2
sample3_SemiBin_60,58.22,2.96,Medium quality,F,F,sample3,43,Medium quality,111924,13
sample3_SemiBin_61,79.09,2.16,Medium quality,F,F,sample3,23,Medium quality,225345,7
sample3_SemiBin_62,98.64,1.16,High quality,T,F,sample3,10,HQ-MIMAG,913154,2
sample3_SemiBin_636,54.18,5.89,Medium quality,F,T,sample3,67,Medium quality,103138,18
sample3_SemiBin_63,67.58,2.3,Medium quality,F,F,sample3,44,Medium quality,88624,10
sample3_SemiBin_64,78.52,5.52,Medium quality,F,F,sample3,49,Medium quality,156738,12
sample3_SemiBin_65,68.09,0.21,Medium quality,F,F,sample3,54,Medium quality,114328,13
sample3_SemiBin_66,55.39,3.07,Medium quality,F,T,sample3,72,Medium quality,69143,15
sample3_SemiBin_67,90.37,1.87,High quality,F,F,sample3,27,High quality,284396,6
sample3_SemiBin_68,57.77,1.19,Medium quality,F,F,sample3,17,Medium quality,348836,4
sample3_SemiBin_69,53.14,5.02,Medium quality,F,F,sample3,22,Medium quality,203024,6
sample3_SemiBin_6,96,2.1,High quality,T,T,sample3,24,HQ-MIMAG,347334,7
sample3_SemiBin_71,79.33,4.16,Medium quality,F,F,sample3,21,Medium quality,614065,4
sample3_SemiBin_72,58.06,2.8,Medium quality,F,F,sample3,69,Medium quality,70117,18
sample3_SemiBin_76,56.03,4.62,Medium quality,F,F,sample3,175,Medium quality,58647,50
sample3_SemiBin_78,52.2,2.54,Medium quality,F,F,sample3,33,Medium quality,143822,10
sample3_SemiBin_79,75.91,2.18,Medium quality,F,F,sample3,15,Medium quality,521987,3
sample3_SemiBin_7,91.22,0.88,High quality,T,F,sample3,28,HQ-MIMAG,316966,6
sample3_SemiBin_82,58.17,1.26,Medium quality,F,F,sample3,19,Medium quality,201211,5
sample3_SemiBin_86,50.35,2.78,Medium quality,F,F,sample3,2,Medium quality,966411,1
sample3_SemiBin_88,53.98,3.73,Medium quality,F,T,sample3,57,Medium quality,66803,16
sample3_SemiBin_8,97.73,4.6,High quality,T,F,sample3,11,HQ-MIMAG,494373,3
sample3_SemiBin_915,53.19,6.67,Medium quality,F,T,sample3,109,Medium quality,48103,29
sample3_SemiBin_91,64.79,0.63,Medium quality,F,F,sample3,10,Medium quality,143266,2
sample3_SemiBin_92,66.64,5.71,Medium quality,F,F,sample3,66,Medium quality,138997,17
sample3_SemiBin_94,80.38,1.55,Medium quality,F,T,sample3,41,Medium quality,153781,9
sample3_SemiBin_95,53.75,3.1,Medium quality,F,T,sample3,28,Medium quality,161998,10
sample3_SemiBin_9,97.91,2.15,High quality,T,F,sample3,16,HQ-MIMAG,394450,5
sample4_SemiBin_0,98.03,0,High quality,T,F,sample4,5,HQ-MIMAG,997065,2
sample4_SemiBin_100,95.61,0.52,High quality,F,T,sample4,19,High quality,521077,5
sample4_SemiBin_101,51.35,2.05,Medium quality,F,T,sample4,25,Medium quality,129486,7
sample4_SemiBin_102,52.98,2.35,Medium quality,F,F,sample4,19,Medium quality,178010,7
sample4_SemiBin_104,53.27,6.43,Medium quality,F,T,sample4,66,Medium quality,90162,19
sample4_SemiBin_106,82.22,0.4,Medium quality,F,F,sample4,22,Medium quality,224564,6
sample4_SemiBin_107,77.76,0.28,Medium quality,F,F,sample4,20,Medium quality,277133,6
sample4_SemiBin_108,54.12,5.35,Medium quality,F,T,sample4,26,Medium quality,190392,7
sample4_SemiBin_10,86.34,0.24,Medium quality,F,F,sample4,10,Medium quality,453921,2
sample4_SemiBin_111,81.3,4.93,Medium quality,F,F,sample4,40,Medium quality,260167,9
sample4_SemiBin_113,60.93,3.61,Medium quality,F,T,sample4,45,Medium quality,173916,8
sample4_SemiBin_115,63.87,4.7,Medium quality,F,T,sample4,53,Medium quality,103257,11
sample4_SemiBin_116,68,0.97,Medium quality,F,F,sample4,15,Medium quality,231058,4
sample4_SemiBin_117,67.76,9.73,Medium quality,F,T,sample4,74,Medium quality,88438,19
sample4_SemiBin_11,90.19,0.53,High quality,T,T,sample4,15,HQ-MIMAG,451953,4
sample4_SemiBin_122,84.98,0.82,Medium quality,F,T,sample4,32,Medium quality,247759,8
sample4_SemiBin_123,51.53,2.12,Medium quality,F,F,sample4,38,Medium quality,89276,13
sample4_SemiBin_124,81.49,0.99,Medium quality,F,F,sample4,28,Medium quality,326441,6
sample4_SemiBin_125,58.54,4.73,Medium quality,F,T,sample4,82,Medium quality,71038,19
sample4_SemiBin_126,62.59,8.5,Medium quality,F,F,sample4,18,Medium quality,343353,4
sample4_SemiBin_127,52.19,3.36,Medium quality,F,F,sample4,25,Medium quality,261343,8
sample4_SemiBin_129,67.48,0.4,Medium quality,F,T,sample4,26,Medium quality,271353,7
sample4_SemiBin_12,88.99,1.37,Medium quality,F,F,sample4,6,Medium quality,3043011,1
sample4_SemiBin_135,59.47,0.89,Medium quality,F,F,sample4,18,Medium quality,350403,4
sample4_SemiBin_136,72.13,4.55,Medium quality,F,F,sample4,29,Medium quality,359264,6
sample4_SemiBin_137,69.4,0.23,Medium quality,F,F,sample4,33,Medium quality,181778,9
sample4_SemiBin_1389,90.92,9.95,Medium quality,F,T,sample4,388,Medium quality,43345,122
sample4_SemiBin_139,67.36,2.07,Medium quality,F,T,sample4,39,Medium quality,152857,12
sample4_SemiBin_13,100,2.97,High quality,F,F,sample4,20,High quality,313961,7
sample4_SemiBin_1409,55.37,9.51,Medium quality,F,T,sample4,441,Medium quality,23439,118
sample4_SemiBin_142,55.09,2.33,Medium quality,F,T,sample4,68,Medium quality,146614,18
sample4_SemiBin_143,76.52,3.95,Medium quality,F,F,sample4,33,Medium quality,286847,9
sample4_SemiBin_145,50.34,1.1,Medium quality,F,F,sample4,21,Medium quality,231417,6
sample4_SemiBin_14,98.08,0.61,High quality,F,T,sample4,20,High quality,411944,5
sample4_SemiBin_150,56.78,3.15,Medium quality,F,T,sample4,33,Medium quality,194471,8
sample4_SemiBin_151,67.92,0.62,Medium quality,F,F,sample4,16,Medium quality,184388,5
sample4_SemiBin_156,63.69,9.85,Medium quality,F,F,sample4,53,Medium quality,88075,12
sample4_SemiBin_158,51.93,1.29,Medium quality,F,F,sample4,103,Medium quality,140069,27
sample4_SemiBin_15,91.76,6,Medium quality,F,T,sample4,41,Medium quality,204122,9
sample4_SemiBin_163,80.83,0.18,Medium quality,F,F,sample4,24,Medium quality,312356,7
sample4_SemiBin_166,60.5,2.68,Medium quality,F,T,sample4,28,Medium quality,249641,6
sample4_SemiBin_167,73.25,2.86,Medium quality,F,F,sample4,21,Medium quality,211496,7
sample4_SemiBin_16,91.23,3.56,High quality,T,F,sample4,15,HQ-MIMAG,280079,3
sample4_SemiBin_173,71.06,1.66,Medium quality,F,T,sample4,21,Medium quality,317294,6
sample4_SemiBin_17,94.46,1.5,High quality,T,T,sample4,17,HQ-MIMAG,441164,5
sample4_SemiBin_183,59.48,1.55,Medium quality,F,F,sample4,22,Medium quality,175152,5
sample4_SemiBin_18,82.31,0.2,Medium quality,F,F,sample4,13,Medium quality,361448,4
sample4_SemiBin_198,54.13,0.76,Medium quality,F,F,sample4,31,Medium quality,168791,9
sample4_SemiBin_19,84.91,3.47,Medium quality,F,T,sample4,29,Medium quality,212297,7
sample4_SemiBin_1,95.88,4.32,High quality,F,F,sample4,60,High quality,143823,13
sample4_SemiBin_205,65.15,6.2,Medium quality,F,F,sample4,25,Medium quality,268230,7
sample4_SemiBin_20,92.25,0.03,High quality,T,F,sample4,10,HQ-MIMAG,550143,3
sample4_SemiBin_219,63.39,0.31,Medium quality,F,F,sample4,17,Medium quality,204737,4
sample4_SemiBin_21,88.64,3.7,Medium quality,F,F,sample4,31,Medium quality,177201,8
sample4_SemiBin_220,50.15,1.4,Medium quality,F,F,sample4,40,Medium quality,66292,12
sample4_SemiBin_227,55.5,2.46,Medium quality,F,T,sample4,52,Medium quality,70729,14
sample4_SemiBin_22,90.93,2.68,High quality,T,F,sample4,12,HQ-MIMAG,437106,4
sample4_SemiBin_232,52.02,0.53,Medium quality,F,F,sample4,46,Medium quality,83090,14
sample4_SemiBin_236,67.74,3.17,Medium quality,F,F,sample4,38,Medium quality,168676,8
sample4_SemiBin_238,59.97,8.45,Medium quality,F,F,sample4,40,Medium quality,219067,10
sample4_SemiBin_23,86.61,3.89,Medium quality,F,T,sample4,45,Medium quality,287410,9
sample4_SemiBin_24,95.48,3.41,High quality,T,F,sample4,15,HQ-MIMAG,643597,3
sample4_SemiBin_252,59.51,4.97,Medium quality,F,T,sample4,71,Medium quality,121398,19
sample4_SemiBin_261,73.92,9.34,Medium quality,F,T,sample4,60,Medium quality,113274,12
sample4_SemiBin_26,94.54,4.59,High quality,T,F,sample4,27,HQ-MIMAG,241751,6
sample4_SemiBin_273,96.23,0.14,High quality,F,F,sample4,10,High quality,255629,3
sample4_SemiBin_27,84.43,0.02,Medium quality,F,T,sample4,17,Medium quality,292881,4
sample4_SemiBin_286,53.45,4.31,Medium quality,F,F,sample4,25,Medium quality,296927,7
sample4_SemiBin_28,87.59,1.88,Medium quality,F,T,sample4,17,Medium quality,237372,3
sample4_SemiBin_296,58.68,2.22,Medium quality,F,T,sample4,25,Medium quality,258740,7
sample4_SemiBin_29,73.6,1.32,Medium quality,F,F,sample4,23,Medium quality,213158,5
sample4_SemiBin_2,97.17,0.1,High quality,F,F,sample4,10,High quality,521752,4
sample4_SemiBin_30,90.13,2.42,High quality,T,F,sample4,18,HQ-MIMAG,413880,4
sample4_SemiBin_31,95.35,0.27,High quality,T,F,sample4,36,HQ-MIMAG,214963,8
sample4_SemiBin_320,51.98,6.98,Medium quality,F,T,sample4,39,Medium quality,132049,9
sample4_SemiBin_32,96.72,7.64,Medium quality,F,F,sample4,37,Medium quality,179276,9
sample4_SemiBin_332,62.45,6.31,Medium quality,F,F,sample4,10,Medium quality,239094,3
sample4_SemiBin_33,86.15,4.75,Medium quality,F,F,sample4,24,Medium quality,217761,6
sample4_SemiBin_34,70.91,1.9,Medium quality,F,F,sample4,31,Medium quality,133728,9
sample4_SemiBin_35,84.56,1.27,Medium quality,F,F,sample4,14,Medium quality,626608,3
sample4_SemiBin_36,90.99,0.64,High quality,F,T,sample4,15,High quality,528233,4
sample4_SemiBin_37,74.65,2.41,Medium quality,F,T,sample4,57,Medium quality,108249,15
sample4_SemiBin_38,89.58,2.93,Medium quality,F,F,sample4,16,Medium quality,429005,5
sample4_SemiBin_39,90.91,2.57,High quality,T,F,sample4,8,HQ-MIMAG,1004370,3
sample4_SemiBin_3,91.82,1.36,High quality,T,F,sample4,5,HQ-MIMAG,1440207,1
sample4_SemiBin_40,84.31,1.78,Medium quality,F,F,sample4,23,Medium quality,218241,7
sample4_SemiBin_41,84.69,4.84,Medium quality,F,F,sample4,18,Medium quality,471493,6
sample4_SemiBin_42,87.95,2.4,Medium quality,F,T,sample4,32,Medium quality,345145,5
sample4_SemiBin_43,71.3,1.57,Medium quality,F,T,sample4,23,Medium quality,244924,6
sample4_SemiBin_44,84.97,1.05,Medium quality,F,F,sample4,18,Medium quality,431955,4
sample4_SemiBin_45,92.99,7.18,Medium quality,F,F,sample4,16,Medium quality,164567,4
sample4_SemiBin_46,77.68,6.93,Medium quality,F,T,sample4,92,Medium quality,172749,16
sample4_SemiBin_47,72.91,5.83,Medium quality,F,T,sample4,39,Medium quality,162253,10
sample4_SemiBin_48,77.89,4.14,Medium quality,F,F,sample4,18,Medium quality,378565,4
sample4_SemiBin_49,83.3,5.72,Medium quality,F,F,sample4,23,Medium quality,345221,5
sample4_SemiBin_4,97.8,2.49,High quality,T,F,sample4,11,HQ-MIMAG,767900,3
sample4_SemiBin_50,83.92,2.23,Medium quality,F,F,sample4,19,Medium quality,219563,6
sample4_SemiBin_51,85.93,4.26,Medium quality,F,F,sample4,18,Medium quality,431494,4
sample4_SemiBin_52,59.9,0.11,Medium quality,F,T,sample4,16,Medium quality,375233,5
sample4_SemiBin_53,70.19,0.13,Medium quality,F,T,sample4,58,Medium quality,125533,13
sample4_SemiBin_54,83.25,1.25,Medium quality,F,T,sample4,13,Medium quality,498515,4
sample4_SemiBin_558,51.12,7.16,Medium quality,F,T,sample4,16,Medium quality,172749,5
sample4_SemiBin_55,84.83,0.7,Medium quality,F,F,sample4,26,Medium quality,300256,7
sample4_SemiBin_56,79.5,1.26,Medium quality,F,F,sample4,27,Medium quality,291830,6
sample4_SemiBin_57,67.38,2.39,Medium quality,F,T,sample4,51,Medium quality,128081,13
sample4_SemiBin_58,76.69,0.85,Medium quality,F,F,sample4,25,Medium quality,407668,6
sample4_SemiBin_59,79.04,2.59,Medium quality,F,T,sample4,49,Medium quality,161641,14
sample4_SemiBin_5,96.73,0.64,High quality,T,F,sample4,6,HQ-MIMAG,537881,2
sample4_SemiBin_60,84,8.2,Medium quality,F,T,sample4,44,Medium quality,250405,10
sample4_SemiBin_61,64.54,0.59,Medium quality,F,F,sample4,20,Medium quality,535064,4
sample4_SemiBin_62,76.83,4.45,Medium quality,F,F,sample4,22,Medium quality,364041,6
sample4_SemiBin_63,73.16,2.66,Medium quality,F,T,sample4,18,Medium quality,116917,5
sample4_SemiBin_64,84.95,2.24,Medium quality,F,F,sample4,32,Medium quality,260840,9
sample4_SemiBin_65,71.05,0.17,Medium quality,F,F,sample4,13,Medium quality,454802,4
sample4_SemiBin_66,80.51,3.96,Medium quality,F,F,sample4,30,Medium quality,177971,7
sample4_SemiBin_67,55.96,0.27,Medium quality,F,T,sample4,47,Medium quality,91531,12
sample4_SemiBin_68,78.2,5.38,Medium quality,F,F,sample4,26,Medium quality,248999,7
sample4_SemiBin_69,71.78,0.63,Medium quality,F,T,sample4,12,Medium quality,230731,4
sample4_SemiBin_6,96.96,0.83,High quality,T,T,sample4,7,HQ-MIMAG,1090969,2
sample4_SemiBin_70,53.51,2.63,Medium quality,F,T,sample4,20,Medium quality,313067,5
sample4_SemiBin_71,72.64,4.23,Medium quality,F,F,sample4,36,Medium quality,155721,9
sample4_SemiBin_72,72.44,6.5,Medium quality,F,F,sample4,38,Medium quality,433018,4
sample4_SemiBin_730,50.94,7.89,Medium quality,F,T,sample4,30,Medium quality,199005,9
sample4_SemiBin_73,77.77,1.64,Medium quality,F,T,sample4,61,Medium quality,98252,19
sample4_SemiBin_75,59.87,0.77,Medium quality,F,T,sample4,39,Medium quality,163895,10
sample4_SemiBin_76,85.03,0.65,Medium quality,F,T,sample4,16,Medium quality,518846,4
sample4_SemiBin_77,74.33,4.49,Medium quality,F,F,sample4,55,Medium quality,151152,11
sample4_SemiBin_78,54.28,0.14,Medium quality,F,F,sample4,7,Medium quality,426613,3
sample4_SemiBin_79,65.89,1.56,Medium quality,F,T,sample4,23,Medium quality,182318,6
sample4_SemiBin_7,94.63,0.42,High quality,F,T,sample4,16,High quality,363401,5
sample4_SemiBin_80,85.32,0.26,Medium quality,F,F,sample4,10,Medium quality,1049142,2
sample4_SemiBin_81,57.85,2.46,Medium quality,F,T,sample4,20,Medium quality,320689,4
sample4_SemiBin_82,68.55,0.12,Medium quality,F,F,sample4,10,Medium quality,341569,4
sample4_SemiBin_83,54.39,1.11,Medium quality,F,T,sample4,74,Medium quality,102679,18
sample4_SemiBin_84,77.13,3.41,Medium quality,F,F,sample4,26,Medium quality,243667,6
sample4_SemiBin_85,77.04,5.16,Medium quality,F,F,sample4,29,Medium quality,169475,9
sample4_SemiBin_87,55.51,0.01,Medium quality,F,F,sample4,9,Medium quality,331116,3
sample4_SemiBin_8,92.21,0.55,High quality,F,F,sample4,16,High quality,258077,4
sample4_SemiBin_90,53.79,6.26,Medium quality,F,T,sample4,40,Medium quality,101619,9
sample4_SemiBin_91,54.4,3.7,Medium quality,F,T,sample4,40,Medium quality,136044,10
sample4_SemiBin_92,57.23,1.51,Medium quality,F,F,sample4,24,Medium quality,174636,7
sample4_SemiBin_94,61.57,1.97,Medium quality,F,T,sample4,49,Medium quality,106869,14
sample4_SemiBin_95,64.57,0.37,Medium quality,F,F,sample4,29,Medium quality,214090,9
sample4_SemiBin_96,58.01,0.04,Medium quality,F,F,sample4,9,Medium quality,215834,3
sample4_SemiBin_98,68.11,1.2,Medium quality,F,T,sample4,37,Medium quality,124482,9
sample4_SemiBin_99,80,2.53,Medium quality,F,F,sample4,36,Medium quality,201219,10
sample4_SemiBin_9,92.52,4.16,High quality,T,F,sample4,14,HQ-MIMAG,333918,4
sample5_SemiBin_0,97.83,2.03,High quality,T,F,sample5,18,HQ-MIMAG,382385,3
sample5_SemiBin_103,50.55,8.72,Medium quality,F,T,sample5,42,Medium quality,146060,11
sample5_SemiBin_105,59.73,5.16,Medium quality,F,F,sample5,18,Medium quality,163039,6
sample5_SemiBin_106,66.28,2.16,Medium quality,F,T,sample5,21,Medium quality,227083,5
sample5_SemiBin_10,92.07,0,High quality,T,T,sample5,6,HQ-MIMAG,820561,2
sample5_SemiBin_114,55.02,2.14,Medium quality,F,F,sample5,30,Medium quality,140834,9
sample5_SemiBin_115,68.86,0.29,Medium quality,F,F,sample5,34,Medium quality,132010,12
sample5_SemiBin_117,50.07,5.93,Medium quality,F,T,sample5,108,Medium quality,69486,25
sample5_SemiBin_118,57.73,2.9,Medium quality,F,T,sample5,18,Medium quality,288516,5
sample5_SemiBin_1199,50.53,8.41,Medium quality,F,F,sample5,75,Medium quality,101699,23
sample5_SemiBin_11,96.55,2.19,High quality,T,T,sample5,12,HQ-MIMAG,776904,3
sample5_SemiBin_124,50.66,0.95,Medium quality,F,F,sample5,27,Medium quality,151399,6
sample5_SemiBin_126,65.44,0.3,Medium quality,F,T,sample5,21,Medium quality,245386,6
sample5_SemiBin_12,98.44,2.45,High quality,T,T,sample5,19,HQ-MIMAG,629932,5
sample5_SemiBin_13,92.95,0.49,High quality,T,F,sample5,16,HQ-MIMAG,617869,5
sample5_SemiBin_14,94.14,0.27,High quality,T,T,sample5,18,HQ-MIMAG,545649,4
sample5_SemiBin_150,55,0.1,Medium quality,F,T,sample5,10,Medium quality,307890,3
sample5_SemiBin_153,61.61,9.1,Medium quality,F,T,sample5,85,Medium quality,100206,21
sample5_SemiBin_158,52.9,5.72,Medium quality,F,T,sample5,91,Medium quality,62022,30
sample5_SemiBin_15,98,1.94,High quality,T,T,sample5,8,HQ-MIMAG,927558,2
sample5_SemiBin_162,53.55,0.37,Medium quality,F,F,sample5,51,Medium quality,129678,14
sample5_SemiBin_16,98.93,0.47,High quality,T,T,sample5,11,HQ-MIMAG,828605,3
sample5_SemiBin_178,53.56,1.09,Medium quality,F,T,sample5,17,Medium quality,224300,5
sample5_SemiBin_179,50.98,0.43,Medium quality,F,F,sample5,20,Medium quality,155681,5
sample5_SemiBin_17,97.11,3.27,High quality,T,F,sample5,34,HQ-MIMAG,270508,7
sample5_SemiBin_180,51.59,5.45,Medium quality,F,T,sample5,65,Medium quality,163475,12
sample5_SemiBin_18,89.73,4.18,Medium quality,F,T,sample5,20,Medium quality,431344,6
sample5_SemiBin_195,50.25,2.78,Medium quality,F,T,sample5,61,Medium quality,110515,15
sample5_SemiBin_19,81.98,8.48,Medium quality,F,T,sample5,78,Medium quality,137975,16
sample5_SemiBin_1,98.4,0.11,High quality,T,T,sample5,16,HQ-MIMAG,548231,4
sample5_SemiBin_20,93.98,2.11,High quality,T,F,sample5,22,HQ-MIMAG,1566057,2
sample5_SemiBin_210,91.7,0.19,High quality,F,F,sample5,6,High quality,394202,3
sample5_SemiBin_21,91.79,1.28,High quality,T,T,sample5,21,HQ-MIMAG,470393,6
sample5_SemiBin_227,52.58,0.26,Medium quality,F,F,sample5,20,Medium quality,216449,7
sample5_SemiBin_22,85.25,0,Medium quality,F,F,sample5,5,Medium quality,917409,2
sample5_SemiBin_23,88,0.39,Medium quality,F,T,sample5,21,Medium quality,284666,5
sample5_SemiBin_24,87.26,2.52,Medium quality,F,F,sample5,24,Medium quality,272012,7
sample5_SemiBin_25,89.3,5.42,Medium quality,F,F,sample5,24,Medium quality,333492,5
sample5_SemiBin_26,84.01,0.61,Medium quality,F,T,sample5,26,Medium quality,228036,8
sample5_SemiBin_27,90.13,0.21,High quality,T,F,sample5,7,HQ-MIMAG,548998,3
sample5_SemiBin_28,88.34,5.76,Medium quality,F,F,sample5,21,Medium quality,273734,5
sample5_SemiBin_29,94.66,1.34,High quality,T,F,sample5,9,HQ-MIMAG,821952,2
sample5_SemiBin_2,98.7,0.4,High quality,T,F,sample5,11,HQ-MIMAG,625854,4
sample5_SemiBin_303,63.26,7.69,Medium quality,F,T,sample5,27,Medium quality,198208,8
sample5_SemiBin_30,91.69,7.53,Medium quality,F,F,sample5,23,Medium quality,480617,6
sample5_SemiBin_31,88.53,7.85,Medium quality,F,F,sample5,41,Medium quality,347331,6
sample5_SemiBin_32,84.8,0.05,Medium quality,F,T,sample5,17,Medium quality,401957,5
sample5_SemiBin_33,90.34,6.81,Medium quality,F,T,sample5,14,Medium quality,469144,4
sample5_SemiBin_34,89.06,1.82,Medium quality,F,F,sample5,10,Medium quality,644880,3
sample5_SemiBin_35,91.77,4.25,High quality,T,F,sample5,35,HQ-MIMAG,241704,8
sample5_SemiBin_36,89.65,9.31,Medium quality,F,F,sample5,41,Medium quality,272542,10
sample5_SemiBin_37,92.88,2.53,High quality,T,T,sample5,26,HQ-MIMAG,342713,5
sample5_SemiBin_38,90.1,3.38,High quality,T,F,sample5,20,HQ-MIMAG,439471,5
sample5_SemiBin_39,84.94,3.5,Medium quality,F,T,sample5,12,Medium quality,606048,4
sample5_SemiBin_3,99.76,0.38,High quality,T,T,sample5,2,HQ-MIMAG,2326142,1
sample5_SemiBin_40,91.24,9.42,Medium quality,F,T,sample5,27,Medium quality,381341,6
sample5_SemiBin_41,86.26,5.83,Medium quality,F,F,sample5,32,Medium quality,142842,8
sample5_SemiBin_42,80.56,7.69,Medium quality,F,F,sample5,30,Medium quality,194856,7
sample5_SemiBin_43,78.07,6.68,Medium quality,F,T,sample5,144,Medium quality,96632,34
sample5_SemiBin_44,86.02,1.01,Medium quality,F,F,sample5,16,Medium quality,496250,5
sample5_SemiBin_45,81.49,6.17,Medium quality,F,F,sample5,42,Medium quality,140893,12
sample5_SemiBin_46,65.13,3,Medium quality,F,T,sample5,36,Medium quality,227420,9
sample5_SemiBin_47,81.19,1.83,Medium quality,F,T,sample5,32,Medium quality,167564,9
sample5_SemiBin_48,84.3,2.86,Medium quality,F,T,sample5,10,Medium quality,803070,4
sample5_SemiBin_49,63.67,0.32,Medium quality,F,F,sample5,27,Medium quality,204890,6
sample5_SemiBin_4,99.07,0.62,High quality,T,F,sample5,18,HQ-MIMAG,506718,5
sample5_SemiBin_50,85.05,5.89,Medium quality,F,T,sample5,25,Medium quality,254460,8
sample5_SemiBin_51,83.28,0.58,Medium quality,F,F,sample5,22,Medium quality,284317,7
sample5_SemiBin_52,67.26,3.1,Medium quality,F,F,sample5,35,Medium quality,135327,10
sample5_SemiBin_53,77.19,0.59,Medium quality,F,F,sample5,17,Medium quality,256389,4
sample5_SemiBin_54,65.95,4.53,Medium quality,F,F,sample5,109,Medium quality,127692,26
sample5_SemiBin_55,74.59,2.47,Medium quality,F,T,sample5,31,Medium quality,295572,8
sample5_SemiBin_56,89.57,6.94,Medium quality,F,F,sample5,37,Medium quality,234374,7
sample5_SemiBin_57,87.88,1.91,Medium quality,F,F,sample5,17,Medium quality,515654,5
sample5_SemiBin_58,75.7,0.03,Medium quality,F,F,sample5,11,Medium quality,309675,3
sample5_SemiBin_59,62.01,2.89,Medium quality,F,F,sample5,62,Medium quality,111035,13
sample5_SemiBin_5,96.64,0.66,High quality,T,T,sample5,7,HQ-MIMAG,1176370,2
sample5_SemiBin_60,73.75,5.19,Medium quality,F,F,sample5,45,Medium quality,91563,13
sample5_SemiBin_61,73.05,4.14,Medium quality,F,T,sample5,26,Medium quality,240280,8
sample5_SemiBin_62,71.52,4.88,Medium quality,F,F,sample5,30,Medium quality,218244,9
sample5_SemiBin_63,74.21,4.24,Medium quality,F,T,sample5,63,Medium quality,186683,14
sample5_SemiBin_64,58.67,0.46,Medium quality,F,T,sample5,9,Medium quality,371753,2
sample5_SemiBin_65,71.32,1.28,Medium quality,F,T,sample5,37,Medium quality,187097,10
sample5_SemiBin_66,88.06,0.54,Medium quality,F,F,sample5,21,Medium quality,282302,5
sample5_SemiBin_68,80.13,1.37,Medium quality,F,F,sample5,20,Medium quality,367751,5
sample5_SemiBin_69,65.09,3.51,Medium quality,F,T,sample5,57,Medium quality,168447,11
sample5_SemiBin_6,94.96,0.54,High quality,T,T,sample5,4,HQ-MIMAG,2488494,2
sample5_SemiBin_70,63.56,3.29,Medium quality,F,T,sample5,57,Medium quality,76156,15
sample5_SemiBin_71,70.08,3.8,Medium quality,F,T,sample5,61,Medium quality,148941,15
sample5_SemiBin_72,59.64,0.07,Medium quality,F,T,sample5,9,Medium quality,432106,2
sample5_SemiBin_73,72.06,0.97,Medium quality,F,F,sample5,16,Medium quality,278458,5
sample5_SemiBin_74,63.27,3.32,Medium quality,F,T,sample5,81,Medium quality,107191,22
sample5_SemiBin_75,58.2,6.89,Medium quality,F,T,sample5,115,Medium quality,81786,26
sample5_SemiBin_76,87.63,0.79,Medium quality,F,F,sample5,12,Medium quality,571520,3
sample5_SemiBin_77,55.99,2.69,Medium quality,F,T,sample5,26,Medium quality,146005,8
sample5_SemiBin_78,58.42,0.26,Medium quality,F,F,sample5,44,Medium quality,121961,12
sample5_SemiBin_7,96.38,0.22,High quality,T,F,sample5,14,HQ-MIMAG,372738,4
sample5_SemiBin_80,65.88,4.69,Medium quality,F,T,sample5,59,Medium quality,129162,15
sample5_SemiBin_82,74.76,2.6,Medium quality,F,F,sample5,23,Medium quality,227062,8
sample5_SemiBin_84,83.41,2.15,Medium quality,F,F,sample5,14,Medium quality,289464,5
sample5_SemiBin_85,89.24,3.79,Medium quality,F,F,sample5,26,Medium quality,301691,4
sample5_SemiBin_86,55.01,1.92,Medium quality,F,T,sample5,14,Medium quality,247248,5
sample5_SemiBin_89,63.38,1.85,Medium quality,F,F,sample5,28,Medium quality,252794,8
sample5_SemiBin_8,98.34,0.03,High quality,T,T,sample5,4,HQ-MIMAG,2718914,1
sample5_SemiBin_92,62.09,2.25,Medium quality,F,T,sample5,40,Medium quality,207697,10
sample5_SemiBin_94,87.32,0.71,Medium quality,F,T,sample5,14,Medium quality,572519,5
sample5_SemiBin_96,51.34,3.16,Medium quality,F,F,sample5,22,Medium quality,96305,6
sample5_SemiBin_98,73.02,6.28,Medium quality,F,F,sample5,19,Medium quality,212255,6
sample5_SemiBin_9,91.65,1.22,High quality,T,T,sample5,15,HQ-MIMAG,1447619,2
sample6_SemiBin_0,98.62,0.08,High quality,T,F,sample6,5,HQ-MIMAG,1640617,1
sample6_SemiBin_100,61.06,0.49,Medium quality,F,T,sample6,34,Medium quality,189073,9
sample6_SemiBin_101,53.55,1.97,Medium quality,F,T,sample6,24,Medium quality,177256,6
sample6_SemiBin_102,53.06,2.15,Medium quality,F,F,sample6,25,Medium quality,276315,7
sample6_SemiBin_103,89.07,4.76,Medium quality,F,F,sample6,14,Medium quality,460794,5
sample6_SemiBin_104,82.95,0.71,Medium quality,F,F,sample6,21,Medium quality,189406,5
sample6_SemiBin_105,69.2,2.69,Medium quality,F,F,sample6,21,Medium quality,493597,4
sample6_SemiBin_106,52.96,0.86,Medium quality,F,T,sample6,9,Medium quality,200701,4
sample6_SemiBin_107,73.05,1.59,Medium quality,F,F,sample6,20,Medium quality,183792,6
sample6_SemiBin_108,81.22,0.3,Medium quality,F,F,sample6,19,Medium quality,313830,5
sample6_SemiBin_109,89.09,6.1,Medium quality,F,T,sample6,40,Medium quality,315578,8
sample6_SemiBin_10,90.63,4.06,High quality,T,T,sample6,31,HQ-MIMAG,175195,7
sample6_SemiBin_110,51.31,2.75,Medium quality,F,T,sample6,36,Medium quality,135950,10
sample6_SemiBin_113,51.8,5.14,Medium quality,F,T,sample6,83,Medium quality,65517,26
sample6_SemiBin_114,86.88,1.52,Medium quality,F,T,sample6,28,Medium quality,457781,5
sample6_SemiBin_117,62.53,3.45,Medium quality,F,T,sample6,62,Medium quality,118399,15
sample6_SemiBin_11,92.55,0.13,High quality,T,F,sample6,5,HQ-MIMAG,1585397,1
sample6_SemiBin_121,72.88,1.52,Medium quality,F,T,sample6,20,Medium quality,206271,5
sample6_SemiBin_122,75.8,6.88,Medium quality,F,T,sample6,38,Medium quality,185312,11
sample6_SemiBin_123,54.5,2.91,Medium quality,F,T,sample6,30,Medium quality,141852,8
sample6_SemiBin_126,74.98,4.68,Medium quality,F,F,sample6,20,Medium quality,238309,5
sample6_SemiBin_127,50.91,0.25,Medium quality,F,F,sample6,23,Medium quality,160374,6
sample6_SemiBin_12,90.14,2.61,High quality,T,F,sample6,4,HQ-MIMAG,1162469,2
sample6_SemiBin_131,87.25,3.47,Medium quality,F,F,sample6,22,Medium quality,407305,3
sample6_SemiBin_133,66.26,2.84,Medium quality,F,F,sample6,35,Medium quality,120130,11
sample6_SemiBin_135,66.68,0.7,Medium quality,F,F,sample6,22,Medium quality,257707,7
sample6_SemiBin_137,66.1,3.81,Medium quality,F,F,sample6,85,Medium quality,111240,21
sample6_SemiBin_13,96.77,2.39,High quality,F,T,sample6,1,High quality,7626568,1
sample6_SemiBin_142,71.99,5.17,Medium quality,F,F,sample6,95,Medium quality,115180,24
sample6_SemiBin_143,68.37,4.65,Medium quality,F,F,sample6,22,Medium quality,200130,7
sample6_SemiBin_144,51.99,4.12,Medium quality,F,F,sample6,52,Medium quality,90872,16
sample6_SemiBin_145,54.36,2.44,Medium quality,F,T,sample6,35,Medium quality,170170,9
sample6_SemiBin_14,95.81,1.27,High quality,T,F,sample6,4,HQ-MIMAG,1928795,2
sample6_SemiBin_152,57.43,0.21,Medium quality,F,F,sample6,10,Medium quality,235883,4
sample6_SemiBin_156,64.67,1.4,Medium quality,F,T,sample6,25,Medium quality,122452,8
sample6_SemiBin_159,57.88,2.8,Medium quality,F,F,sample6,20,Medium quality,128379,6
sample6_SemiBin_15,92.15,3.41,High quality,T,F,sample6,16,HQ-MIMAG,381152,4
sample6_SemiBin_161,80.54,3.05,Medium quality,F,F,sample6,23,Medium quality,156413,7
sample6_SemiBin_167,53.89,0.23,Medium quality,F,F,sample6,21,Medium quality,245784,5
sample6_SemiBin_16,90.06,3.53,High quality,T,T,sample6,9,HQ-MIMAG,1088888,2
sample6_SemiBin_170,74.04,1.61,Medium quality,F,F,sample6,54,Medium quality,96355,16
sample6_SemiBin_1743,58,6.6,Medium quality,F,T,sample6,52,Medium quality,56655,17
sample6_SemiBin_1766,53.24,8.96,Medium quality,F,T,sample6,133,Medium quality,40873,40
sample6_SemiBin_176,61,2.52,Medium quality,F,T,sample6,16,Medium quality,279808,4
sample6_SemiBin_177,82.05,6.5,Medium quality,F,F,sample6,47,Medium quality,132099,13
sample6_SemiBin_179,50.15,5.7,Medium quality,F,T,sample6,74,Medium quality,130789,16
sample6_SemiBin_17,95.18,0.61,High quality,T,F,sample6,5,HQ-MIMAG,1300410,2
sample6_SemiBin_182,58.29,0.58,Medium quality,F,F,sample6,3,Medium quality,657238,2
sample6_SemiBin_18,85.11,4.4,Medium quality,F,T,sample6,37,Medium quality,198114,8
sample6_SemiBin_193,66.2,5.12,Medium quality,F,T,sample6,37,Medium quality,90008,12
sample6_SemiBin_194,60.64,1.84,Medium quality,F,T,sample6,10,Medium quality,414267,4
sample6_SemiBin_195,61.18,1.28,Medium quality,F,T,sample6,22,Medium quality,238442,6
sample6_SemiBin_199,72.89,5.01,Medium quality,F,T,sample6,47,Medium quality,174327,15
sample6_SemiBin_19,86.96,2.36,Medium quality,F,T,sample6,12,Medium quality,703208,4
sample6_SemiBin_1,97.99,0.13,High quality,T,F,sample6,4,HQ-MIMAG,1852289,2
sample6_SemiBin_201,64.64,8.46,Medium quality,F,T,sample6,22,Medium quality,104427,8
sample6_SemiBin_202,52.63,0.74,Medium quality,F,T,sample6,31,Medium quality,151212,10
sample6_SemiBin_203,71.59,0.05,Medium quality,F,T,sample6,57,Medium quality,158250,14
sample6_SemiBin_209,55.58,1.23,Medium quality,F,F,sample6,13,Medium quality,304161,4
sample6_SemiBin_20,89.85,1.01,Medium quality,F,T,sample6,33,Medium quality,296495,7
sample6_SemiBin_210,53.55,4.43,Medium quality,F,F,sample6,15,Medium quality,228900,4
sample6_SemiBin_216,50.65,0.43,Medium quality,F,F,sample6,28,Medium quality,96796,9
sample6_SemiBin_217,59.79,1.67,Medium quality,F,F,sample6,10,Medium quality,303544,3
sample6_SemiBin_218,64.27,1.72,Medium quality,F,T,sample6,23,Medium quality,198485,7
sample6_SemiBin_21,100,2.77,High quality,T,F,sample6,4,HQ-MIMAG,2877322,1
sample6_SemiBin_22,88.37,3.04,Medium quality,F,T,sample6,22,Medium quality,441276,4
sample6_SemiBin_232,62.75,4.48,Medium quality,F,F,sample6,10,Medium quality,671523,2
sample6_SemiBin_236,55.34,5.47,Medium quality,F,T,sample6,39,Medium quality,163905,11
sample6_SemiBin_23,87.1,1.12,Medium quality,F,F,sample6,13,Medium quality,356067,4
sample6_SemiBin_245,72.06,9.4,Medium quality,F,T,sample6,19,Medium quality,266901,6
sample6_SemiBin_24,100,6.61,Medium quality,F,T,sample6,10,Medium quality,1064305,2
sample6_SemiBin_253,56.47,0.54,Medium quality,F,F,sample6,26,Medium quality,169405,8
sample6_SemiBin_256,70.83,2.66,Medium quality,F,T,sample6,30,Medium quality,263566,8
sample6_SemiBin_25,86.4,7.75,Medium quality,F,F,sample6,23,Medium quality,296824,6
sample6_SemiBin_260,50.55,0.39,Medium quality,F,F,sample6,40,Medium quality,63716,13
sample6_SemiBin_264,61.02,5.83,Medium quality,F,T,sample6,58,Medium quality,54464,17
sample6_SemiBin_274,50.59,1.48,Medium quality,F,F,sample6,19,Medium quality,193402,6
sample6_SemiBin_27,78.4,0.03,Medium quality,F,T,sample6,10,Medium quality,725057,3
sample6_SemiBin_28,87.14,6.62,Medium quality,F,F,sample6,27,Medium quality,278765,9
sample6_SemiBin_291,53.02,0.25,Medium quality,F,F,sample6,7,Medium quality,345912,3
sample6_SemiBin_299,61.17,1.25,Medium quality,F,T,sample6,38,Medium quality,82736,12
sample6_SemiBin_29,88.88,9.68,Medium quality,F,T,sample6,61,Medium quality,168000,14
sample6_SemiBin_2,98.86,4.73,High quality,T,F,sample6,7,HQ-MIMAG,660849,3
sample6_SemiBin_300,57.97,6.49,Medium quality,F,F,sample6,34,Medium quality,183857,10
sample6_SemiBin_307,95.86,0.31,High quality,F,F,sample6,6,High quality,395044,2
sample6_SemiBin_30,76.14,1.69,Medium quality,F,T,sample6,27,Medium quality,273699,7
sample6_SemiBin_31,86.65,2.78,Medium quality,F,T,sample6,24,Medium quality,437464,6
sample6_SemiBin_322,83.88,1.73,Medium quality,F,F,sample6,6,Medium quality,348382,2
sample6_SemiBin_323,51.49,0.4,Medium quality,F,T,sample6,17,Medium quality,282174,5
sample6_SemiBin_32,68.85,4.31,Medium quality,F,T,sample6,25,Medium quality,156678,7
sample6_SemiBin_33,83.21,0.42,Medium quality,F,T,sample6,27,Medium quality,173119,8
sample6_SemiBin_341,51.58,7.04,Medium quality,F,F,sample6,24,Medium quality,176515,7
sample6_SemiBin_36,81.88,6.36,Medium quality,F,T,sample6,22,Medium quality,612451,5
sample6_SemiBin_37,73.44,0.79,Medium quality,F,T,sample6,25,Medium quality,119061,8
sample6_SemiBin_38,77.06,1.42,Medium quality,F,F,sample6,24,Medium quality,192114,6
sample6_SemiBin_39,77.27,4.43,Medium quality,F,T,sample6,18,Medium quality,195985,6
sample6_SemiBin_3,100,0.54,High quality,T,T,sample6,5,HQ-MIMAG,867075,2
sample6_SemiBin_40,93.58,0.7,High quality,T,T,sample6,40,HQ-MIMAG,163224,11
sample6_SemiBin_41,77.65,4.94,Medium quality,F,T,sample6,17,Medium quality,147715,5
sample6_SemiBin_42,64.26,1.31,Medium quality,F,T,sample6,32,Medium quality,220773,7
sample6_SemiBin_431,65.71,7.95,Medium quality,F,T,sample6,32,Medium quality,223694,7
sample6_SemiBin_43,85.56,3.57,Medium quality,F,F,sample6,38,Medium quality,129241,8
sample6_SemiBin_44,82.34,0.86,Medium quality,F,T,sample6,30,Medium quality,141207,8
sample6_SemiBin_45,84.47,4.55,Medium quality,F,F,sample6,34,Medium quality,226562,7
sample6_SemiBin_46,90.17,7.32,Medium quality,F,T,sample6,22,Medium quality,301471,6
sample6_SemiBin_471,72.72,9.56,Medium quality,F,T,sample6,17,Medium quality,256483,3
sample6_SemiBin_48,76.07,6.49,Medium quality,F,F,sample6,34,Medium quality,337913,8
sample6_SemiBin_49,91.69,4.42,High quality,T,F,sample6,10,HQ-MIMAG,1228043,2
sample6_SemiBin_4,96.54,3.76,High quality,T,F,sample6,17,HQ-MIMAG,1061824,3
sample6_SemiBin_50,82.5,2.26,Medium quality,F,T,sample6,48,Medium quality,266915,7
sample6_SemiBin_51,85.36,2.85,Medium quality,F,T,sample6,29,Medium quality,231383,8
sample6_SemiBin_52,86.11,6.57,Medium quality,F,T,sample6,27,Medium quality,601097,5
sample6_SemiBin_53,69.59,1.59,Medium quality,F,F,sample6,16,Medium quality,242420,5
sample6_SemiBin_54,77.97,5.57,Medium quality,F,T,sample6,24,Medium quality,266944,5
sample6_SemiBin_553,64.97,5.01,Medium quality,F,T,sample6,22,Medium quality,127232,6
sample6_SemiBin_55,81.78,9.06,Medium quality,F,T,sample6,65,Medium quality,120635,14
sample6_SemiBin_56,81.47,5.18,Medium quality,F,F,sample6,60,Medium quality,383574,12
sample6_SemiBin_57,57.64,3.48,Medium quality,F,T,sample6,62,Medium quality,64498,16
sample6_SemiBin_58,86.22,2.09,Medium quality,F,F,sample6,26,Medium quality,336632,7
sample6_SemiBin_59,75.05,3.57,Medium quality,F,T,sample6,48,Medium quality,129413,14
sample6_SemiBin_5,93.1,4.3,High quality,T,T,sample6,3,HQ-MIMAG,2811579,1
sample6_SemiBin_61,68.36,2.35,Medium quality,F,T,sample6,13,Medium quality,340075,3
sample6_SemiBin_62,78.68,1.73,Medium quality,F,T,sample6,23,Medium quality,162713,7
sample6_SemiBin_64,66.45,3.13,Medium quality,F,T,sample6,14,Medium quality,334653,4
sample6_SemiBin_65,69.25,0.33,Medium quality,F,F,sample6,3,Medium quality,2076039,2
sample6_SemiBin_66,66.1,4.47,Medium quality,F,T,sample6,54,Medium quality,67995,17
sample6_SemiBin_67,62.29,4.03,Medium quality,F,F,sample6,39,Medium quality,109198,11
sample6_SemiBin_680,57.42,8.28,Medium quality,F,T,sample6,51,Medium quality,129696,14
sample6_SemiBin_68,68.84,5.72,Medium quality,F,T,sample6,177,Medium quality,60029,41
sample6_SemiBin_69,73.15,1.49,Medium quality,F,T,sample6,30,Medium quality,202009,8
sample6_SemiBin_6,98.42,0.85,High quality,T,T,sample6,7,HQ-MIMAG,4373807,1
sample6_SemiBin_71,76.5,2.49,Medium quality,F,T,sample6,16,Medium quality,201928,4
sample6_SemiBin_72,71.42,0.49,Medium quality,F,T,sample6,64,Medium quality,105597,16
sample6_SemiBin_73,73.72,3.21,Medium quality,F,T,sample6,16,Medium quality,286483,5
sample6_SemiBin_74,64.84,1.88,Medium quality,F,F,sample6,14,Medium quality,498847,4
sample6_SemiBin_75,67.78,4.05,Medium quality,F,T,sample6,29,Medium quality,300717,6
sample6_SemiBin_76,69.58,5.22,Medium quality,F,T,sample6,80,Medium quality,73991,25
sample6_SemiBin_77,92.98,2.22,High quality,T,F,sample6,26,HQ-MIMAG,280888,6
sample6_SemiBin_78,67.84,1.45,Medium quality,F,T,sample6,34,Medium quality,89177,9
sample6_SemiBin_79,69.03,4.3,Medium quality,F,F,sample6,89,Medium quality,102776,24
sample6_SemiBin_7,99.32,0.93,High quality,T,F,sample6,6,HQ-MIMAG,1658955,2
sample6_SemiBin_80,89.47,6.59,Medium quality,F,F,sample6,20,Medium quality,516073,5
sample6_SemiBin_81,69.64,4.62,Medium quality,F,F,sample6,38,Medium quality,345740,9
sample6_SemiBin_82,61.97,3.78,Medium quality,F,F,sample6,45,Medium quality,93258,14
sample6_SemiBin_83,67.49,0.21,Medium quality,F,F,sample6,8,Medium quality,287247,3
sample6_SemiBin_84,73.07,1.82,Medium quality,F,F,sample6,39,Medium quality,125986,11
sample6_SemiBin_85,68.08,3.56,Medium quality,F,F,sample6,85,Medium quality,85352,24
sample6_SemiBin_86,60.54,1.17,Medium quality,F,T,sample6,54,Medium quality,103158,13
sample6_SemiBin_87,52.87,1.05,Medium quality,F,T,sample6,14,Medium quality,209789,4
sample6_SemiBin_88,66.87,1.76,Medium quality,F,T,sample6,62,Medium quality,84781,18
sample6_SemiBin_89,70.02,1.09,Medium quality,F,T,sample6,22,Medium quality,316137,7
sample6_SemiBin_8,94.45,5.43,Medium quality,F,F,sample6,23,Medium quality,372432,6
sample6_SemiBin_90,79.04,1.16,Medium quality,F,F,sample6,11,Medium quality,530427,4
sample6_SemiBin_91,94.36,1.3,High quality,T,T,sample6,23,HQ-MIMAG,426062,7
sample6_SemiBin_92,51,2.34,Medium quality,F,F,sample6,10,Medium quality,391184,3
sample6_SemiBin_94,57.99,2.14,Medium quality,F,T,sample6,1,Medium quality,2633084,1
sample6_SemiBin_95,60.28,2.75,Medium quality,F,T,sample6,100,Medium quality,90077,25
sample6_SemiBin_96,64.01,1.03,Medium quality,F,F,sample6,62,Medium quality,166433,16
sample6_SemiBin_97,58.56,0.08,Medium quality,F,T,sample6,38,Medium quality,218214,10
sample6_SemiBin_98,92.4,3.18,High quality,F,F,sample6,43,High quality,189232,9
sample6_SemiBin_99,51.7,5.57,Medium quality,F,T,sample6,50,Medium quality,168492,9
sample6_SemiBin_9,93.92,2.07,High quality,T,T,sample6,23,HQ-MIMAG,482706,6
sample7_SemiBin_0,99.77,0.29,High quality,T,T,sample7,6,HQ-MIMAG,2010058,1
sample7_SemiBin_100,68.59,2.22,Medium quality,F,F,sample7,35,Medium quality,163605,10
sample7_SemiBin_101,73.59,2.7,Medium quality,F,T,sample7,32,Medium quality,269148,8
sample7_SemiBin_102,85.99,0,Medium quality,F,F,sample7,14,Medium quality,271381,3
sample7_SemiBin_103,57.35,1.08,Medium quality,F,F,sample7,25,Medium quality,195715,8
sample7_SemiBin_104,100,1.78,High quality,F,T,sample7,10,High quality,864767,4
sample7_SemiBin_105,52.85,0.77,Medium quality,F,T,sample7,5,Medium quality,398349,2
sample7_SemiBin_106,57.37,2.38,Medium quality,F,F,sample7,29,Medium quality,159695,7
sample7_SemiBin_107,70.47,4.8,Medium quality,F,F,sample7,8,Medium quality,639366,3
sample7_SemiBin_108,86.65,4.11,Medium quality,F,T,sample7,31,Medium quality,378167,6
sample7_SemiBin_109,60.58,4.88,Medium quality,F,F,sample7,43,Medium quality,107830,13
sample7_SemiBin_10,98.73,0.37,High quality,F,T,sample7,10,High quality,2464463,1
sample7_SemiBin_111,69.81,0.08,Medium quality,F,F,sample7,43,Medium quality,99981,11
sample7_SemiBin_112,98.08,0.48,High quality,F,T,sample7,13,High quality,653999,4
sample7_SemiBin_114,64.36,4.44,Medium quality,F,F,sample7,76,Medium quality,102340,21
sample7_SemiBin_115,58.93,0.24,Medium quality,F,T,sample7,40,Medium quality,129387,11
sample7_SemiBin_116,58.78,1.44,Medium quality,F,F,sample7,45,Medium quality,164137,14
sample7_SemiBin_117,60.26,3.04,Medium quality,F,F,sample7,73,Medium quality,89115,18
sample7_SemiBin_118,66.09,1.91,Medium quality,F,T,sample7,47,Medium quality,167658,13
sample7_SemiBin_119,66.46,3.29,Medium quality,F,T,sample7,50,Medium quality,132122,13
sample7_SemiBin_11,98.54,5.43,Medium quality,F,F,sample7,14,Medium quality,932916,2
sample7_SemiBin_120,87.86,6.97,Medium quality,F,F,sample7,21,Medium quality,244568,7
sample7_SemiBin_122,73.73,2.8,Medium quality,F,T,sample7,21,Medium quality,337208,6
sample7_SemiBin_123,79.5,5.29,Medium quality,F,F,sample7,24,Medium quality,232114,6
sample7_SemiBin_124,62.77,0.31,Medium quality,F,F,sample7,31,Medium quality,111041,10
sample7_SemiBin_126,79.23,0.61,Medium quality,F,F,sample7,19,Medium quality,257213,3
sample7_SemiBin_127,56.92,2.72,Medium quality,F,F,sample7,42,Medium quality,305217,11
sample7_SemiBin_128,50.15,7.21,Medium quality,F,T,sample7,6,Medium quality,575512,3
sample7_SemiBin_12,94.78,0,High quality,T,F,sample7,8,HQ-MIMAG,561732,3
sample7_SemiBin_131,55.25,0.24,Medium quality,F,F,sample7,40,Medium quality,159278,9
sample7_SemiBin_132,67.03,9.17,Medium quality,F,F,sample7,106,Medium quality,69445,27
sample7_SemiBin_134,57.39,3.19,Medium quality,F,F,sample7,37,Medium quality,132128,10
sample7_SemiBin_135,85.98,0.46,Medium quality,F,F,sample7,7,Medium quality,714911,2
sample7_SemiBin_136,94.77,7.33,Medium quality,F,F,sample7,31,Medium quality,598508,5
sample7_SemiBin_138,50.65,0.78,Medium quality,F,T,sample7,41,Medium quality,98241,11
sample7_SemiBin_13,98.9,0.37,High quality,T,F,sample7,7,HQ-MIMAG,1678359,2
sample7_SemiBin_140,81.23,0.94,Medium quality,F,F,sample7,15,Medium quality,354821,4
sample7_SemiBin_143,95.91,2.48,High quality,F,F,sample7,8,High quality,790475,3
sample7_SemiBin_144,55.96,8.24,Medium quality,F,T,sample7,115,Medium quality,45237,28
sample7_SemiBin_145,63.01,8.11,Medium quality,F,T,sample7,74,Medium quality,96242,20
sample7_SemiBin_146,51.84,0.38,Medium quality,F,T,sample7,36,Medium quality,147781,9
sample7_SemiBin_148,69.66,1.29,Medium quality,F,F,sample7,16,Medium quality,277198,4
sample7_SemiBin_149,60.78,1.42,Medium quality,F,F,sample7,47,Medium quality,105486,13
sample7_SemiBin_14,87.89,0.51,Medium quality,F,T,sample7,6,Medium quality,770983,2
sample7_SemiBin_151,53.84,3.41,Medium quality,F,T,sample7,58,Medium quality,105535,16
sample7_SemiBin_154,51.78,1.78,Medium quality,F,T,sample7,49,Medium quality,122558,14
sample7_SemiBin_155,52.32,3.02,Medium quality,F,T,sample7,56,Medium quality,79670,14
sample7_SemiBin_156,81.62,1.22,Medium quality,F,F,sample7,16,Medium quality,439116,5
sample7_SemiBin_157,51.43,0.11,Medium quality,F,F,sample7,24,Medium quality,136360,7
sample7_SemiBin_158,58.88,1.72,Medium quality,F,F,sample7,30,Medium quality,148459,9
sample7_SemiBin_159,75.29,0.07,Medium quality,F,F,sample7,14,Medium quality,391991,4
sample7_SemiBin_15,90.84,1.39,High quality,T,T,sample7,20,HQ-MIMAG,487898,5
sample7_SemiBin_160,66.07,8.13,Medium quality,F,T,sample7,59,Medium quality,136898,12
sample7_SemiBin_161,51.62,0.37,Medium quality,F,T,sample7,55,Medium quality,109664,15
sample7_SemiBin_1648,52.78,9.67,Medium quality,F,T,sample7,89,Medium quality,94146,26
sample7_SemiBin_166,72.16,4.88,Medium quality,F,F,sample7,69,Medium quality,176743,14
sample7_SemiBin_167,53.89,4.54,Medium quality,F,T,sample7,23,Medium quality,95205,7
sample7_SemiBin_168,68.21,4.85,Medium quality,F,F,sample7,15,Medium quality,191896,5
sample7_SemiBin_16,95.35,2.11,High quality,F,T,sample7,10,High quality,1168420,2
sample7_SemiBin_170,75.43,0.74,Medium quality,F,T,sample7,41,Medium quality,174237,12
sample7_SemiBin_1723,50.11,5.16,Medium quality,F,T,sample7,277,Medium quality,40440,77
sample7_SemiBin_177,52.41,0.02,Medium quality,F,T,sample7,6,Medium quality,444793,3
sample7_SemiBin_178,57.51,3.52,Medium quality,F,T,sample7,29,Medium quality,132860,8
sample7_SemiBin_17,100,4.36,High quality,T,F,sample7,35,HQ-MIMAG,228421,8
sample7_SemiBin_180,77.43,0.27,Medium quality,F,F,sample7,22,Medium quality,209622,7
sample7_SemiBin_181,75.3,6.34,Medium quality,F,F,sample7,20,Medium quality,314324,5
sample7_SemiBin_183,79.07,1.46,Medium quality,F,F,sample7,3,Medium quality,1760309,1
sample7_SemiBin_189,57.45,1.93,Medium quality,F,T,sample7,16,Medium quality,200842,5
sample7_SemiBin_18,94.09,0.85,High quality,T,F,sample7,10,HQ-MIMAG,1042465,3
sample7_SemiBin_191,78.57,3.21,Medium quality,F,T,sample7,25,Medium quality,249116,9
sample7_SemiBin_192,97.9,6.35,Medium quality,F,T,sample7,21,Medium quality,362637,6
sample7_SemiBin_195,50.42,0.93,Medium quality,F,F,sample7,55,Medium quality,107062,15
sample7_SemiBin_198,55.75,6.57,Medium quality,F,F,sample7,33,Medium quality,39879,9
sample7_SemiBin_19,97.84,3.23,High quality,T,F,sample7,2,HQ-MIMAG,2481997,1
sample7_SemiBin_1,99.81,2.85,High quality,T,F,sample7,9,HQ-MIMAG,787985,2
sample7_SemiBin_202,59.78,0.06,Medium quality,F,F,sample7,14,Medium quality,259540,4
sample7_SemiBin_204,51,0.65,Medium quality,F,T,sample7,40,Medium quality,87955,13
sample7_SemiBin_206,78.21,7.02,Medium quality,F,T,sample7,17,Medium quality,204136,5
sample7_SemiBin_20,99.63,1.48,High quality,F,F,sample7,23,High quality,385725,7
sample7_SemiBin_211,59.37,2.35,Medium quality,F,T,sample7,44,Medium quality,94993,14
sample7_SemiBin_213,52.94,4.34,Medium quality,F,T,sample7,26,Medium quality,228072,7
sample7_SemiBin_215,51.6,1.44,Medium quality,F,F,sample7,21,Medium quality,215934,6
sample7_SemiBin_21,95.38,0.58,High quality,T,T,sample7,3,HQ-MIMAG,2077138,1
sample7_SemiBin_220,71.96,0,Medium quality,F,F,sample7,10,Medium quality,319424,4
sample7_SemiBin_221,52.71,3.92,Medium quality,F,T,sample7,21,Medium quality,202193,5
sample7_SemiBin_222,62.14,0.85,Medium quality,F,F,sample7,52,Medium quality,108321,14
sample7_SemiBin_223,55.46,0.72,Medium quality,F,F,sample7,4,Medium quality,1367646,2
sample7_SemiBin_224,59.86,1.3,Medium quality,F,F,sample7,56,Medium quality,105947,18
sample7_SemiBin_226,72.04,1.82,Medium quality,F,T,sample7,32,Medium quality,208705,9
sample7_SemiBin_229,56.2,0.57,Medium quality,F,F,sample7,7,Medium quality,501133,3
sample7_SemiBin_22,98.08,0.41,High quality,F,F,sample7,15,High quality,414819,4
sample7_SemiBin_232,55.69,2.47,Medium quality,F,T,sample7,44,Medium quality,110182,12
sample7_SemiBin_235,52.72,0.37,Medium quality,F,F,sample7,6,Medium quality,425680,2
sample7_SemiBin_236,54.29,0.38,Medium quality,F,F,sample7,15,Medium quality,396895,4
sample7_SemiBin_238,51.62,4.71,Medium quality,F,T,sample7,55,Medium quality,114656,16
sample7_SemiBin_23,94.2,0.49,High quality,T,T,sample7,1,HQ-MIMAG,6609415,1
sample7_SemiBin_241,72.66,0.05,Medium quality,F,F,sample7,18,Medium quality,333415,5
sample7_SemiBin_245,53.88,0.27,Medium quality,F,F,sample7,26,Medium quality,117846,8
sample7_SemiBin_246,51.82,0.31,Medium quality,F,F,sample7,44,Medium quality,139099,12
sample7_SemiBin_24,100,5.42,Medium quality,F,F,sample7,7,Medium quality,5454401,1
sample7_SemiBin_253,50.61,1.89,Medium quality,F,F,sample7,34,Medium quality,139820,11
sample7_SemiBin_262,57.94,0.77,Medium quality,F,F,sample7,42,Medium quality,111945,10
sample7_SemiBin_263,65.17,4.3,Medium quality,F,F,sample7,20,Medium quality,218647,7
sample7_SemiBin_26,95.27,4.32,High quality,T,F,sample7,25,HQ-MIMAG,186082,6
sample7_SemiBin_270,66.94,1.68,Medium quality,F,F,sample7,14,Medium quality,373402,3
sample7_SemiBin_276,63.83,3.74,Medium quality,F,T,sample7,28,Medium quality,164361,9
sample7_SemiBin_27,93.14,0.04,High quality,T,F,sample7,7,HQ-MIMAG,406501,2
sample7_SemiBin_281,50.88,1.68,Medium quality,F,F,sample7,20,Medium quality,112187,4
sample7_SemiBin_282,57.82,6.34,Medium quality,F,T,sample7,17,Medium quality,243408,5
sample7_SemiBin_285,52.3,0.87,Medium quality,F,T,sample7,8,Medium quality,516793,2
sample7_SemiBin_28,97.25,1.97,High quality,F,F,sample7,38,High quality,220593,10
sample7_SemiBin_294,54.22,1.52,Medium quality,F,F,sample7,31,Medium quality,102340,9
sample7_SemiBin_29,97.08,6.12,Medium quality,F,F,sample7,9,Medium quality,1053172,3
sample7_SemiBin_2,95.58,1.11,High quality,T,T,sample7,14,HQ-MIMAG,481262,4
sample7_SemiBin_300,57.35,1.9,Medium quality,F,F,sample7,37,Medium quality,162399,11
sample7_SemiBin_30,90.65,4.71,High quality,T,F,sample7,27,HQ-MIMAG,344714,7
sample7_SemiBin_31,88.14,0.53,Medium quality,F,F,sample7,19,Medium quality,390163,3
sample7_SemiBin_322,54.37,0.74,Medium quality,F,T,sample7,31,Medium quality,130441,8
sample7_SemiBin_32,89.5,1.99,Medium quality,F,T,sample7,10,Medium quality,453538,3
sample7_SemiBin_338,53.06,0.7,Medium quality,F,T,sample7,10,Medium quality,637967,3
sample7_SemiBin_33,92.97,2.35,High quality,T,F,sample7,26,HQ-MIMAG,326098,7
sample7_SemiBin_347,88.11,0.13,Medium quality,F,F,sample7,7,Medium quality,336437,2
sample7_SemiBin_34,87.71,6.04,Medium quality,F,F,sample7,40,Medium quality,195740,7
sample7_SemiBin_35,90.99,2.49,High quality,T,F,sample7,32,HQ-MIMAG,250009,7
sample7_SemiBin_36,97.93,2.15,High quality,T,F,sample7,5,HQ-MIMAG,801937,2
sample7_SemiBin_37,92.23,0.62,High quality,F,T,sample7,3,High quality,2244874,2
sample7_SemiBin_385,52.41,8.71,Medium quality,F,T,sample7,56,Medium quality,66296,19
sample7_SemiBin_38,96.19,3.8,High quality,F,F,sample7,32,High quality,367541,5
sample7_SemiBin_394,60.68,2.99,Medium quality,F,T,sample7,59,Medium quality,101591,18
sample7_SemiBin_39,94.23,5.16,Medium quality,F,F,sample7,37,Medium quality,316367,8
sample7_SemiBin_3,99.07,4.79,High quality,T,T,sample7,1,HQ-MIMAG,6516136,1
sample7_SemiBin_40,96.53,2.06,High quality,T,F,sample7,11,HQ-MIMAG,1451180,2
sample7_SemiBin_41,89.02,1.47,Medium quality,F,F,sample7,11,Medium quality,477348,4
sample7_SemiBin_42,96.16,7.68,Medium quality,F,F,sample7,7,Medium quality,769141,2
sample7_SemiBin_43,89.39,2.11,Medium quality,F,F,sample7,28,Medium quality,239155,7
sample7_SemiBin_443,73.37,5.47,Medium quality,F,F,sample7,37,Medium quality,126066,9
sample7_SemiBin_44,85.29,2.39,Medium quality,F,T,sample7,28,Medium quality,291455,6
sample7_SemiBin_45,80.38,1.89,Medium quality,F,T,sample7,14,Medium quality,258274,4
sample7_SemiBin_46,84.08,0,Medium quality,F,F,sample7,9,Medium quality,430068,3
sample7_SemiBin_47,87.43,6.67,Medium quality,F,F,sample7,38,Medium quality,410475,7
sample7_SemiBin_49,84.36,2.3,Medium quality,F,F,sample7,26,Medium quality,169337,7
sample7_SemiBin_4,96.86,2.39,High quality,T,T,sample7,9,HQ-MIMAG,753821,3
sample7_SemiBin_50,90.79,0.27,High quality,T,F,sample7,17,HQ-MIMAG,454385,4
sample7_SemiBin_51,80.66,5.47,Medium quality,F,T,sample7,99,Medium quality,186026,12
sample7_SemiBin_52,91.26,3.66,High quality,F,T,sample7,35,High quality,311512,10
sample7_SemiBin_53,85.67,5.87,Medium quality,F,F,sample7,50,Medium quality,219404,14
sample7_SemiBin_54,79.3,6.23,Medium quality,F,F,sample7,43,Medium quality,316770,8
sample7_SemiBin_55,93.31,3.82,High quality,F,F,sample7,17,High quality,644643,4
sample7_SemiBin_56,84.15,1.48,Medium quality,F,T,sample7,19,Medium quality,285085,6
sample7_SemiBin_57,88.62,2.94,Medium quality,F,F,sample7,9,Medium quality,486410,2
sample7_SemiBin_58,89.67,5.03,Medium quality,F,F,sample7,32,Medium quality,261142,7
sample7_SemiBin_59,75.85,4.22,Medium quality,F,F,sample7,43,Medium quality,122597,9
sample7_SemiBin_5,99.53,0.67,High quality,F,F,sample7,8,High quality,805326,2
sample7_SemiBin_60,80.13,5.39,Medium quality,F,F,sample7,25,Medium quality,181250,7
sample7_SemiBin_61,85.24,0.26,Medium quality,F,T,sample7,19,Medium quality,420172,3
sample7_SemiBin_62,79.94,7.47,Medium quality,F,T,sample7,49,Medium quality,145889,11
sample7_SemiBin_63,79.54,0.89,Medium quality,F,T,sample7,74,Medium quality,77600,22
sample7_SemiBin_64,83.35,2.35,Medium quality,F,T,sample7,21,Medium quality,465950,4
sample7_SemiBin_65,81.48,9.54,Medium quality,F,T,sample7,57,Medium quality,219072,8
sample7_SemiBin_66,71.67,0.68,Medium quality,F,T,sample7,16,Medium quality,448611,3
sample7_SemiBin_68,81.96,0.32,Medium quality,F,F,sample7,28,Medium quality,151560,9
sample7_SemiBin_69,73.99,1.51,Medium quality,F,F,sample7,29,Medium quality,208987,7
sample7_SemiBin_6,97.84,2.07,High quality,T,F,sample7,6,HQ-MIMAG,1103053,2
sample7_SemiBin_70,80.95,5.16,Medium quality,F,T,sample7,29,Medium quality,226839,8
sample7_SemiBin_71,77.08,2.77,Medium quality,F,F,sample7,20,Medium quality,319225,7
sample7_SemiBin_72,77.6,1.33,Medium quality,F,F,sample7,21,Medium quality,323629,6
sample7_SemiBin_73,83.82,7.27,Medium quality,F,F,sample7,24,Medium quality,517686,5
sample7_SemiBin_74,81.96,1.37,Medium quality,F,T,sample7,26,Medium quality,205971,7
sample7_SemiBin_75,83.09,2.14,Medium quality,F,F,sample7,14,Medium quality,811556,3
sample7_SemiBin_76,81.24,1.83,Medium quality,F,T,sample7,48,Medium quality,150087,13
sample7_SemiBin_77,64.64,1.72,Medium quality,F,T,sample7,42,Medium quality,142839,11
sample7_SemiBin_78,78.48,1.61,Medium quality,F,T,sample7,13,Medium quality,293661,3
sample7_SemiBin_79,86.52,1.55,Medium quality,F,F,sample7,22,Medium quality,258366,5
sample7_SemiBin_7,99.2,2.28,High quality,T,F,sample7,26,HQ-MIMAG,362500,6
sample7_SemiBin_80,68.27,0.88,Medium quality,F,T,sample7,12,Medium quality,403267,4
sample7_SemiBin_81,88.85,1.28,Medium quality,F,F,sample7,10,Medium quality,631828,4
sample7_SemiBin_82,83.19,5.01,Medium quality,F,F,sample7,24,Medium quality,308635,7
sample7_SemiBin_83,76.17,7.81,Medium quality,F,F,sample7,38,Medium quality,350768,7
sample7_SemiBin_85,75.23,1.92,Medium quality,F,F,sample7,12,Medium quality,425999,3
sample7_SemiBin_86,80.78,6.37,Medium quality,F,T,sample7,26,Medium quality,347862,6
sample7_SemiBin_87,83.03,7.11,Medium quality,F,T,sample7,23,Medium quality,375416,6
sample7_SemiBin_88,93.01,0.18,High quality,T,F,sample7,4,HQ-MIMAG,768433,2
sample7_SemiBin_89,80.46,2.36,Medium quality,F,T,sample7,16,Medium quality,324662,5
sample7_SemiBin_8,96.37,0,High quality,T,T,sample7,5,HQ-MIMAG,606382,2
sample7_SemiBin_90,74.86,1.94,Medium quality,F,F,sample7,34,Medium quality,85100,9
sample7_SemiBin_91,79.73,6.25,Medium quality,F,T,sample7,32,Medium quality,285975,9
sample7_SemiBin_92,78.97,2.24,Medium quality,F,F,sample7,16,Medium quality,693723,5
sample7_SemiBin_93,80.33,4.62,Medium quality,F,F,sample7,9,Medium quality,506154,3
sample7_SemiBin_940,52.55,7.09,Medium quality,F,T,sample7,53,Medium quality,141204,13
sample7_SemiBin_94,67.62,3.55,Medium quality,F,T,sample7,29,Medium quality,213113,7
sample7_SemiBin_95,81.31,3.41,Medium quality,F,T,sample7,39,Medium quality,264328,8
sample7_SemiBin_96,60.97,5.11,Medium quality,F,T,sample7,53,Medium quality,54275,14
sample7_SemiBin_98,69.66,4.51,Medium quality,F,T,sample7,54,Medium quality,120109,12
sample7_SemiBin_99,59.15,1.48,Medium quality,F,F,sample7,29,Medium quality,119550,9
sample7_SemiBin_9,99.96,0.64,High quality,T,F,sample7,2,HQ-MIMAG,2188376,1
sample8_SemiBin_0,97.72,1.06,High quality,T,F,sample8,3,HQ-MIMAG,2973041,1
sample8_SemiBin_100,95.09,0.12,High quality,T,F,sample8,10,HQ-MIMAG,632862,3
sample8_SemiBin_101,85.17,9.62,Medium quality,F,F,sample8,36,Medium quality,379308,7
sample8_SemiBin_106,54.94,3.31,Medium quality,F,T,sample8,19,Medium quality,285662,5
sample8_SemiBin_107,50.15,4.28,Medium quality,F,T,sample8,42,Medium quality,113630,10
sample8_SemiBin_1118,51.88,5.37,Medium quality,F,T,sample8,17,Medium quality,152604,4
sample8_SemiBin_114,55.03,3.02,Medium quality,F,T,sample8,32,Medium quality,152819,11
sample8_SemiBin_117,84.39,3.51,Medium quality,F,F,sample8,15,Medium quality,513794,5
sample8_SemiBin_120,57.04,0.1,Medium quality,F,F,sample8,18,Medium quality,341687,4
sample8_SemiBin_121,75.13,3.93,Medium quality,F,F,sample8,13,Medium quality,714552,3
sample8_SemiBin_122,85.69,5.47,Medium quality,F,F,sample8,23,Medium quality,210882,7
sample8_SemiBin_124,82.2,8.81,Medium quality,F,F,sample8,7,Medium quality,941971,2
sample8_SemiBin_1250,58.02,9.59,Medium quality,F,T,sample8,46,Medium quality,193631,13
sample8_SemiBin_129,81.49,3.87,Medium quality,F,F,sample8,15,Medium quality,358925,3
sample8_SemiBin_12,93.33,2.26,High quality,T,F,sample8,19,HQ-MIMAG,385312,4
sample8_SemiBin_130,51.76,2.38,Medium quality,F,F,sample8,33,Medium quality,73398,10
sample8_SemiBin_131,50.39,0.66,Medium quality,F,F,sample8,71,Medium quality,74524,18
sample8_SemiBin_134,58.18,4.02,Medium quality,F,F,sample8,30,Medium quality,331540,8
sample8_SemiBin_1351,57.27,8.05,Medium quality,F,T,sample8,65,Medium quality,83181,17
sample8_SemiBin_138,52.81,0.57,Medium quality,F,T,sample8,25,Medium quality,71730,9
sample8_SemiBin_142,58.1,1.18,Medium quality,F,T,sample8,25,Medium quality,388383,7
sample8_SemiBin_145,52.56,1.16,Medium quality,F,F,sample8,48,Medium quality,89055,12
sample8_SemiBin_14,87.96,3.12,Medium quality,F,T,sample8,12,Medium quality,1234499,2
sample8_SemiBin_154,57.17,4.5,Medium quality,F,T,sample8,19,Medium quality,213436,6
sample8_SemiBin_157,75.85,0.15,Medium quality,F,F,sample8,7,Medium quality,836111,2
sample8_SemiBin_15,92.86,3.89,High quality,T,F,sample8,20,HQ-MIMAG,496405,5
sample8_SemiBin_165,54.76,2.32,Medium quality,F,F,sample8,15,Medium quality,195702,5
sample8_SemiBin_16,93.63,1.11,High quality,T,T,sample8,7,HQ-MIMAG,785739,2
sample8_SemiBin_176,55.31,1.65,Medium quality,F,T,sample8,21,Medium quality,429858,4
sample8_SemiBin_179,64.53,0.9,Medium quality,F,T,sample8,12,Medium quality,523883,4
sample8_SemiBin_1849,60.4,8.65,Medium quality,F,T,sample8,117,Medium quality,77383,27
sample8_SemiBin_186,52.79,3.36,Medium quality,F,T,sample8,56,Medium quality,93309,15
sample8_SemiBin_1898,61.28,9.63,Medium quality,F,T,sample8,40,Medium quality,55785,12
sample8_SemiBin_18,95.38,2,High quality,F,F,sample8,17,High quality,237699,6
sample8_SemiBin_199,53.89,1.45,Medium quality,F,T,sample8,59,Medium quality,114917,16
sample8_SemiBin_19,93.86,6.13,Medium quality,F,F,sample8,18,Medium quality,1458298,3
sample8_SemiBin_21,92.91,6.33,Medium quality,F,F,sample8,26,Medium quality,795415,3
sample8_SemiBin_22,92.34,4.83,High quality,T,F,sample8,40,HQ-MIMAG,271527,9
sample8_SemiBin_23,98.88,3.05,High quality,T,T,sample8,15,HQ-MIMAG,510479,5
sample8_SemiBin_24,91.05,3.18,High quality,F,T,sample8,21,High quality,322553,6
sample8_SemiBin_250,67.32,1.54,Medium quality,F,F,sample8,19,Medium quality,312095,5
sample8_SemiBin_259,54.41,1.04,Medium quality,F,T,sample8,45,Medium quality,120678,13
sample8_SemiBin_28,86.54,0.21,Medium quality,F,T,sample8,5,Medium quality,1399720,1
sample8_SemiBin_291,54.88,2.9,Medium quality,F,F,sample8,18,Medium quality,319031,6
sample8_SemiBin_292,50.83,0.65,Medium quality,F,T,sample8,17,Medium quality,214648,5
sample8_SemiBin_296,62.51,2.26,Medium quality,F,T,sample8,13,Medium quality,370099,5
sample8_SemiBin_29,88.22,0.52,Medium quality,F,T,sample8,13,Medium quality,494871,4
sample8_SemiBin_2,97.75,2.64,High quality,T,T,sample8,5,HQ-MIMAG,1194145,2
sample8_SemiBin_300,61.3,8.55,Medium quality,F,F,sample8,12,Medium quality,180360,4
sample8_SemiBin_33,86,0.52,Medium quality,F,T,sample8,9,Medium quality,685322,2
sample8_SemiBin_38,75.93,4.24,Medium quality,F,F,sample8,24,Medium quality,197632,8
sample8_SemiBin_41,88.93,5.44,Medium quality,F,F,sample8,22,Medium quality,383818,4
sample8_SemiBin_42,83.66,2.72,Medium quality,F,T,sample8,30,Medium quality,350617,6
sample8_SemiBin_45,83.56,8.45,Medium quality,F,F,sample8,33,Medium quality,223805,6
sample8_SemiBin_46,75.68,0.67,Medium quality,F,F,sample8,11,Medium quality,585713,4
sample8_SemiBin_481,50.2,4,Medium quality,F,F,sample8,57,Medium quality,93303,16
sample8_SemiBin_49,83.59,8.17,Medium quality,F,T,sample8,27,Medium quality,349563,6
sample8_SemiBin_4,99.35,0,High quality,T,F,sample8,7,HQ-MIMAG,481519,3
sample8_SemiBin_50,72.11,0.7,Medium quality,F,T,sample8,9,Medium quality,347284,2
sample8_SemiBin_51,70.51,1.01,Medium quality,F,F,sample8,23,Medium quality,216209,8
sample8_SemiBin_54,83.31,9.83,Medium quality,F,F,sample8,41,Medium quality,450861,5
sample8_SemiBin_557,56.76,9.54,Medium quality,F,T,sample8,32,Medium quality,51743,11
sample8_SemiBin_55,78.08,0.72,Medium quality,F,F,sample8,12,Medium quality,303155,5
sample8_SemiBin_60,79.64,1.57,Medium quality,F,F,sample8,14,Medium quality,476903,3
sample8_SemiBin_63,75.78,0.78,Medium quality,F,F,sample8,16,Medium quality,582053,5
sample8_SemiBin_65,72.48,1.52,Medium quality,F,F,sample8,36,Medium quality,83559,10
sample8_SemiBin_67,56.41,0.91,Medium quality,F,F,sample8,15,Medium quality,537636,3
sample8_SemiBin_68,55.3,1.93,Medium quality,F,T,sample8,26,Medium quality,237128,7
sample8_SemiBin_69,82.28,2.07,Medium quality,F,T,sample8,12,Medium quality,640325,3
sample8_SemiBin_6,87.85,8.39,Medium quality,F,F,sample8,31,Medium quality,279536,6
sample8_SemiBin_73,71.63,3.2,Medium quality,F,F,sample8,25,Medium quality,316533,5
sample8_SemiBin_74,71.64,0.15,Medium quality,F,F,sample8,11,Medium quality,466757,3
sample8_SemiBin_75,69.13,1.29,Medium quality,F,F,sample8,28,Medium quality,239636,7
sample8_SemiBin_76,63.87,0.56,Medium quality,F,F,sample8,45,Medium quality,101376,13
sample8_SemiBin_79,55.38,0.84,Medium quality,F,T,sample8,24,Medium quality,114749,8
sample8_SemiBin_81,81.32,2.04,Medium quality,F,F,sample8,20,Medium quality,240270,6
sample8_SemiBin_82,57.59,0.66,Medium quality,F,T,sample8,21,Medium quality,353292,6
sample8_SemiBin_8,96.63,0.73,High quality,T,T,sample8,10,HQ-MIMAG,529334,4
sample8_SemiBin_92,94.04,0.16,High quality,T,F,sample8,6,HQ-MIMAG,766110,2
sample8_SemiBin_99,63.73,4.76,Medium quality,F,T,sample8,33,Medium quality,168323,9
sample8_SemiBin_9,98.37,0.94,High quality,T,T,sample8,9,HQ-MIMAG,1289624,2
sample9_SemiBin_100,96.87,2.31,High quality,F,T,sample9,8,High quality,399133,3
sample9_SemiBin_122,74.3,4.46,Medium quality,F,F,sample9,25,Medium quality,325826,7
sample9_SemiBin_136,54.18,2.47,Medium quality,F,T,sample9,11,Medium quality,234152,4
sample9_SemiBin_13,94.79,6.93,Medium quality,F,F,sample9,23,Medium quality,418043,4
sample9_SemiBin_1480,59.6,8.18,Medium quality,F,F,sample9,30,Medium quality,125974,11
sample9_SemiBin_152,60.04,1.59,Medium quality,F,T,sample9,20,Medium quality,335132,6
sample9_SemiBin_15,88.31,2.24,Medium quality,F,F,sample9,29,Medium quality,267267,8
sample9_SemiBin_161,83.71,4.26,Medium quality,F,T,sample9,44,Medium quality,129420,12
sample9_SemiBin_16,96.98,2.83,High quality,T,F,sample9,23,HQ-MIMAG,305025,7
sample9_SemiBin_17,90.39,3.24,High quality,T,F,sample9,8,HQ-MIMAG,620259,3
sample9_SemiBin_189,60.17,0.96,Medium quality,F,F,sample9,11,Medium quality,265905,4
sample9_SemiBin_195,51.56,3.78,Medium quality,F,T,sample9,21,Medium quality,185838,6
sample9_SemiBin_1,96.67,3.15,High quality,T,F,sample9,21,HQ-MIMAG,318586,4
sample9_SemiBin_244,96.41,0.19,High quality,F,F,sample9,7,High quality,332870,3
sample9_SemiBin_273,70.76,4.78,Medium quality,F,F,sample9,11,Medium quality,314755,3
sample9_SemiBin_279,57.78,3.49,Medium quality,F,T,sample9,38,Medium quality,196302,11
sample9_SemiBin_285,74.65,2.04,Medium quality,F,F,sample9,6,Medium quality,217365,3
sample9_SemiBin_28,89.69,0.05,Medium quality,F,T,sample9,14,Medium quality,567978,5
sample9_SemiBin_30,88.35,8.97,Medium quality,F,F,sample9,179,Medium quality,156198,23
sample9_SemiBin_33,90.74,2.49,High quality,T,T,sample9,13,HQ-MIMAG,211283,5
sample9_SemiBin_34,90.77,4.47,High quality,T,F,sample9,17,HQ-MIMAG,355261,5
sample9_SemiBin_35,74.47,2.8,Medium quality,F,F,sample9,15,Medium quality,208117,5
sample9_SemiBin_36,75.24,2.04,Medium quality,F,T,sample9,19,Medium quality,283276,5
sample9_SemiBin_37,80.27,3.23,Medium quality,F,F,sample9,15,Medium quality,371803,4
sample9_SemiBin_40,59.1,1.75,Medium quality,F,T,sample9,59,Medium quality,75477,15
sample9_SemiBin_43,83.1,0.03,Medium quality,F,T,sample9,15,Medium quality,270009,4
sample9_SemiBin_44,71.39,8.35,Medium quality,F,F,sample9,49,Medium quality,161887,14
sample9_SemiBin_50,69.29,0.06,Medium quality,F,F,sample9,13,Medium quality,597113,4
sample9_SemiBin_521,54.62,2.1,Medium quality,F,F,sample9,14,Medium quality,97185,5
sample9_SemiBin_53,77.45,2.19,Medium quality,F,T,sample9,21,Medium quality,220806,6
sample9_SemiBin_56,63.18,9.84,Medium quality,F,T,sample9,69,Medium quality,84165,17
sample9_SemiBin_58,69.17,0.91,Medium quality,F,F,sample9,10,Medium quality,222599,3
sample9_SemiBin_59,100,1.21,High quality,T,F,sample9,5,HQ-MIMAG,872328,2
sample9_SemiBin_62,61.62,5.39,Medium quality,F,T,sample9,94,Medium quality,92479,24
sample9_SemiBin_66,92.64,0.24,High quality,T,T,sample9,4,HQ-MIMAG,928345,1
sample9_SemiBin_68,66.91,2.16,Medium quality,F,T,sample9,49,Medium quality,155945,12
sample9_SemiBin_70,61.81,1.87,Medium quality,F,F,sample9,11,Medium quality,255894,4
sample9_SemiBin_71,69.78,6.22,Medium quality,F,T,sample9,16,Medium quality,273700,5
sample9_SemiBin_79,77.72,3.4,Medium quality,F,F,sample9,35,Medium quality,219103,8
sample9_SemiBin_7,92.8,0.95,High quality,F,F,sample9,11,High quality,538547,3
sample9_SemiBin_80,60.67,2.44,Medium quality,F,F,sample9,30,Medium quality,88356,8
sample9_SemiBin_85,81.82,2.2,Medium quality,F,F,sample9,19,Medium quality,228049,5
sample9_SemiBin_86,50.22,4.3,Medium quality,F,T,sample9,43,Medium quality,86427,13
sample9_SemiBin_90,71.75,0.85,Medium quality,F,T,sample9,7,Medium quality,96924,3
sample9_SemiBin_94,58.68,2.61,Medium quality,F,F,sample9,33,Medium quality,193730,10
sample9_SemiBin_98,57.53,2.48,Medium quality,F,T,sample9,50,Medium quality,93650,13
snj01_SemiBin_0,98.57,0.54,High quality,T,F,snj01,10,HQ-MIMAG,491098,3
snj01_SemiBin_100,58.99,0.03,Medium quality,F,F,snj01,5,Medium quality,449132,2
snj01_SemiBin_104,62.31,1.4,Medium quality,F,F,snj01,48,Medium quality,79398,12
snj01_SemiBin_106,65.81,8.9,Medium quality,F,F,snj01,80,Medium quality,93039,22
snj01_SemiBin_109,55.58,4.11,Medium quality,F,T,snj01,50,Medium quality,94592,13
snj01_SemiBin_10,91.69,3.79,High quality,F,T,snj01,15,High quality,234193,5
snj01_SemiBin_110,55.19,2.92,Medium quality,F,T,snj01,8,Medium quality,321310,3
snj01_SemiBin_112,70.8,0.42,Medium quality,F,F,snj01,21,Medium quality,425078,4
snj01_SemiBin_118,55.36,0.48,Medium quality,F,F,snj01,12,Medium quality,547595,3
snj01_SemiBin_11,75.04,2.86,Medium quality,F,F,snj01,19,Medium quality,490071,3
snj01_SemiBin_122,50.11,1.39,Medium quality,F,T,snj01,10,Medium quality,281463,3
snj01_SemiBin_123,55.02,2.33,Medium quality,F,T,snj01,14,Medium quality,201795,3
snj01_SemiBin_12,75.07,0.57,Medium quality,F,T,snj01,24,Medium quality,262326,6
snj01_SemiBin_1368,56.27,7.54,Medium quality,F,T,snj01,34,Medium quality,27014,13
snj01_SemiBin_13,87.69,3.74,Medium quality,F,T,snj01,21,Medium quality,418710,3
snj01_SemiBin_140,52.76,3.79,Medium quality,F,T,snj01,8,Medium quality,403663,3
snj01_SemiBin_1410,50.6,8.12,Medium quality,F,T,snj01,80,Medium quality,51107,25
snj01_SemiBin_1430,52.85,9.31,Medium quality,F,T,snj01,77,Medium quality,64104,24
snj01_SemiBin_145,60.36,2.68,Medium quality,F,T,snj01,25,Medium quality,171252,8
snj01_SemiBin_146,53.91,2.74,Medium quality,F,F,snj01,12,Medium quality,385365,4
snj01_SemiBin_148,64.76,2.17,Medium quality,F,T,snj01,36,Medium quality,117746,11
snj01_SemiBin_149,52.48,0.94,Medium quality,F,T,snj01,42,Medium quality,181122,11
snj01_SemiBin_150,60.66,1.34,Medium quality,F,F,snj01,14,Medium quality,351079,5
snj01_SemiBin_15,92.5,0.89,High quality,T,T,snj01,9,HQ-MIMAG,500035,3
snj01_SemiBin_16,87.96,3.55,Medium quality,F,T,snj01,30,Medium quality,213419,9
snj01_SemiBin_174,54.16,8.47,Medium quality,F,T,snj01,38,Medium quality,185925,11
snj01_SemiBin_17,95.56,0.68,High quality,F,T,snj01,5,High quality,1146701,2
snj01_SemiBin_184,60.02,2.24,Medium quality,F,T,snj01,17,Medium quality,335655,5
snj01_SemiBin_186,69.46,0.46,Medium quality,F,F,snj01,24,Medium quality,270332,6
snj01_SemiBin_18,87.91,7.49,Medium quality,F,T,snj01,31,Medium quality,214671,7
snj01_SemiBin_19,83.33,5.12,Medium quality,F,F,snj01,16,Medium quality,260109,4
snj01_SemiBin_1,95.47,0.61,High quality,T,T,snj01,4,HQ-MIMAG,3084731,1
snj01_SemiBin_200,68.79,0.1,Medium quality,F,T,snj01,12,Medium quality,269372,4
snj01_SemiBin_204,51.16,3.54,Medium quality,F,T,snj01,14,Medium quality,171419,4
snj01_SemiBin_20,83.9,8.81,Medium quality,F,F,snj01,18,Medium quality,399597,4
snj01_SemiBin_21,66.46,5.04,Medium quality,F,T,snj01,23,Medium quality,313623,5
snj01_SemiBin_22,74.97,0.83,Medium quality,F,F,snj01,45,Medium quality,160538,9
snj01_SemiBin_23,78.22,3.54,Medium quality,F,F,snj01,10,Medium quality,900839,2
snj01_SemiBin_241,63.37,3.85,Medium quality,F,T,snj01,28,Medium quality,198622,5
snj01_SemiBin_24,82.09,3.86,Medium quality,F,T,snj01,14,Medium quality,422080,3
snj01_SemiBin_25,73.92,2.56,Medium quality,F,T,snj01,7,Medium quality,747629,2
snj01_SemiBin_26,85.95,8.71,Medium quality,F,T,snj01,40,Medium quality,434674,7
snj01_SemiBin_27,81.71,6.26,Medium quality,F,F,snj01,21,Medium quality,363992,5
snj01_SemiBin_28,89.93,2.74,Medium quality,F,T,snj01,37,Medium quality,187979,10
snj01_SemiBin_29,79.77,3.42,Medium quality,F,F,snj01,24,Medium quality,500088,4
snj01_SemiBin_2,99.49,0.05,High quality,F,T,snj01,3,High quality,3017375,1
snj01_SemiBin_30,72.44,3.69,Medium quality,F,F,snj01,17,Medium quality,290151,4
snj01_SemiBin_31,84.35,4.35,Medium quality,F,T,snj01,20,Medium quality,348405,5
snj01_SemiBin_32,70.5,1.78,Medium quality,F,T,snj01,24,Medium quality,303516,5
snj01_SemiBin_33,75.6,1.21,Medium quality,F,T,snj01,25,Medium quality,242379,7
snj01_SemiBin_34,79.16,2.75,Medium quality,F,T,snj01,27,Medium quality,185446,8
snj01_SemiBin_35,72.03,3.55,Medium quality,F,T,snj01,9,Medium quality,260377,3
snj01_SemiBin_36,89.21,1.42,Medium quality,F,T,snj01,7,Medium quality,1867290,2
snj01_SemiBin_37,68.61,5.6,Medium quality,F,T,snj01,31,Medium quality,150947,10
snj01_SemiBin_38,73.82,6.61,Medium quality,F,T,snj01,32,Medium quality,358649,8
snj01_SemiBin_39,70.01,0.05,Medium quality,F,T,snj01,57,Medium quality,145380,14
snj01_SemiBin_3,100,0.86,High quality,T,T,snj01,6,HQ-MIMAG,1298815,2
snj01_SemiBin_40,67.9,1.14,Medium quality,F,T,snj01,49,Medium quality,94815,12
snj01_SemiBin_410,53.27,0.33,Medium quality,F,T,snj01,9,Medium quality,135199,2
snj01_SemiBin_41,59.51,2.46,Medium quality,F,T,snj01,44,Medium quality,103916,13
snj01_SemiBin_42,56.81,3.03,Medium quality,F,T,snj01,24,Medium quality,318987,5
snj01_SemiBin_43,51.71,2.69,Medium quality,F,T,snj01,48,Medium quality,75644,12
snj01_SemiBin_45,66.48,9.05,Medium quality,F,T,snj01,20,Medium quality,203690,6
snj01_SemiBin_46,54.38,3.22,Medium quality,F,T,snj01,40,Medium quality,161081,11
snj01_SemiBin_47,58.77,1.87,Medium quality,F,F,snj01,37,Medium quality,103788,9
snj01_SemiBin_48,73.2,1.49,Medium quality,F,T,snj01,29,Medium quality,297368,6
snj01_SemiBin_49,51.76,2.05,Medium quality,F,T,snj01,44,Medium quality,134554,13
snj01_SemiBin_4,96.58,2.12,High quality,T,T,snj01,8,HQ-MIMAG,302170,2
snj01_SemiBin_500,53.33,1.49,Medium quality,F,F,snj01,11,Medium quality,350556,3
snj01_SemiBin_50,64.52,0.11,Medium quality,F,T,snj01,21,Medium quality,176599,8
snj01_SemiBin_51,88.48,2.49,Medium quality,F,T,snj01,15,Medium quality,707996,4
snj01_SemiBin_52,61.04,6.08,Medium quality,F,T,snj01,127,Medium quality,59602,35
snj01_SemiBin_53,61.79,4.29,Medium quality,F,T,snj01,61,Medium quality,157071,17
snj01_SemiBin_54,52.9,1.14,Medium quality,F,T,snj01,17,Medium quality,139113,4
snj01_SemiBin_55,54.61,1.11,Medium quality,F,T,snj01,38,Medium quality,104791,10
snj01_SemiBin_56,66.67,6.55,Medium quality,F,T,snj01,153,Medium quality,38806,50
snj01_SemiBin_57,66.05,0.16,Medium quality,F,T,snj01,12,Medium quality,107715,3
snj01_SemiBin_58,60.25,2.11,Medium quality,F,T,snj01,11,Medium quality,516056,3
snj01_SemiBin_59,50.7,1.97,Medium quality,F,F,snj01,18,Medium quality,205189,6
snj01_SemiBin_5,78.82,0.22,Medium quality,F,T,snj01,3,Medium quality,3054257,1
snj01_SemiBin_60,62.69,7.43,Medium quality,F,T,snj01,68,Medium quality,121287,15
snj01_SemiBin_61,50.51,2.01,Medium quality,F,T,snj01,12,Medium quality,226511,4
snj01_SemiBin_62,50.3,1.58,Medium quality,F,T,snj01,36,Medium quality,152343,7
snj01_SemiBin_63,91.22,0.91,High quality,T,F,snj01,16,HQ-MIMAG,448919,5
snj01_SemiBin_64,95.64,7.88,Medium quality,F,T,snj01,24,Medium quality,164170,6
snj01_SemiBin_66,56.66,0.92,Medium quality,F,T,snj01,15,Medium quality,218141,5
snj01_SemiBin_67,58.48,0.72,Medium quality,F,T,snj01,18,Medium quality,167351,7
snj01_SemiBin_68,83.76,9.65,Medium quality,F,T,snj01,34,Medium quality,278403,5
snj01_SemiBin_6,97.54,5.2,Medium quality,F,T,snj01,8,Medium quality,2373851,2
snj01_SemiBin_70,64.04,0.62,Medium quality,F,T,snj01,19,Medium quality,165200,7
snj01_SemiBin_71,68.26,0.11,Medium quality,F,T,snj01,22,Medium quality,242875,6
snj01_SemiBin_72,68.4,0.69,Medium quality,F,T,snj01,22,Medium quality,275478,6
snj01_SemiBin_73,52.66,5.97,Medium quality,F,T,snj01,58,Medium quality,59218,15
snj01_SemiBin_76,52.45,2.79,Medium quality,F,T,snj01,14,Medium quality,284943,5
snj01_SemiBin_7,98.38,0.26,High quality,T,T,snj01,6,HQ-MIMAG,1353448,2
snj01_SemiBin_81,66.26,1.13,Medium quality,F,F,snj01,11,Medium quality,95184,4
snj01_SemiBin_84,75.35,2.5,Medium quality,F,F,snj01,22,Medium quality,299999,6
snj01_SemiBin_85,55.72,1.89,Medium quality,F,T,snj01,8,Medium quality,391517,2
snj01_SemiBin_86,55.81,6.13,Medium quality,F,T,snj01,53,Medium quality,104417,14
snj01_SemiBin_8,94.19,0.5,High quality,T,T,snj01,13,HQ-MIMAG,330519,5
snj01_SemiBin_93,61.57,2.46,Medium quality,F,F,snj01,10,Medium quality,268131,3
snj01_SemiBin_96,51.06,3.19,Medium quality,F,T,snj01,40,Medium quality,122982,11
snj01_SemiBin_9,87.75,0.95,Medium quality,F,T,snj01,5,Medium quality,1081109,2
snj02_SemiBin_0,96.68,1,High quality,T,T,snj02,1,HQ-MIMAG,3136001,1
snj02_SemiBin_104,68.57,2.75,Medium quality,F,T,snj02,22,Medium quality,76514,6
snj02_SemiBin_109,59.33,1.44,Medium quality,F,T,snj02,32,Medium quality,137214,7
snj02_SemiBin_10,84.05,0.76,Medium quality,F,T,snj02,8,Medium quality,683873,2
snj02_SemiBin_111,72.37,1.98,Medium quality,F,T,snj02,22,Medium quality,439814,6
snj02_SemiBin_11,99.97,0.06,High quality,T,T,snj02,1,HQ-MIMAG,3798334,1
snj02_SemiBin_120,78.44,3.98,Medium quality,F,T,snj02,30,Medium quality,258615,7
snj02_SemiBin_125,65.69,1.66,Medium quality,F,T,snj02,9,Medium quality,201848,3
snj02_SemiBin_129,50.86,1.36,Medium quality,F,F,snj02,8,Medium quality,222136,3
snj02_SemiBin_12,79.89,0.16,Medium quality,F,T,snj02,9,Medium quality,808221,3
snj02_SemiBin_13,91.84,1.57,High quality,T,T,snj02,8,HQ-MIMAG,1798198,2
snj02_SemiBin_14,89.82,8.04,Medium quality,F,T,snj02,21,Medium quality,657751,4
snj02_SemiBin_15,72.26,3.52,Medium quality,F,T,snj02,20,Medium quality,689023,4
snj02_SemiBin_16,99,4.82,High quality,T,T,snj02,5,HQ-MIMAG,1996568,2
snj02_SemiBin_17,85.1,0.21,Medium quality,F,T,snj02,10,Medium quality,402922,3
snj02_SemiBin_18,98.8,1,High quality,T,T,snj02,1,HQ-MIMAG,892297,1
snj02_SemiBin_19,80.16,2,Medium quality,F,T,snj02,7,Medium quality,1516437,2
snj02_SemiBin_1,99.91,4.48,High quality,T,F,snj02,5,HQ-MIMAG,3064246,1
snj02_SemiBin_20,84.17,6.17,Medium quality,F,F,snj02,20,Medium quality,503510,4
snj02_SemiBin_210,50.35,0.57,Medium quality,F,T,snj02,10,Medium quality,316041,4
snj02_SemiBin_21,75.71,0.26,Medium quality,F,F,snj02,2,Medium quality,1998541,1
snj02_SemiBin_22,73.68,2.72,Medium quality,F,T,snj02,1,Medium quality,2939754,1
snj02_SemiBin_23,76.73,0.01,Medium quality,F,T,snj02,4,Medium quality,944111,2
snj02_SemiBin_24,62.96,1.11,Medium quality,F,T,snj02,22,Medium quality,182895,4
snj02_SemiBin_252,73.08,4.95,Medium quality,F,T,snj02,36,Medium quality,110514,7
snj02_SemiBin_25,76.67,3.35,Medium quality,F,T,snj02,30,Medium quality,226923,8
snj02_SemiBin_26,71.89,6.55,Medium quality,F,T,snj02,28,Medium quality,380276,7
snj02_SemiBin_27,79.99,0.96,Medium quality,F,T,snj02,2,Medium quality,2383138,1
snj02_SemiBin_28,76.56,1.8,Medium quality,F,T,snj02,10,Medium quality,1068174,3
snj02_SemiBin_29,81.51,0.17,Medium quality,F,T,snj02,3,Medium quality,1937179,1
snj02_SemiBin_2,94.78,0.13,High quality,T,T,snj02,1,HQ-MIMAG,5057268,1
snj02_SemiBin_30,81.22,3.72,Medium quality,F,T,snj02,14,Medium quality,558006,3
snj02_SemiBin_31,64.25,5.29,Medium quality,F,F,snj02,9,Medium quality,482876,2
snj02_SemiBin_32,62.76,1.53,Medium quality,F,T,snj02,16,Medium quality,286508,5
snj02_SemiBin_33,67.5,1.94,Medium quality,F,T,snj02,50,Medium quality,256399,13
snj02_SemiBin_34,83.72,6.2,Medium quality,F,T,snj02,38,Medium quality,253469,8
snj02_SemiBin_36,66.75,1.92,Medium quality,F,T,snj02,13,Medium quality,706669,4
snj02_SemiBin_37,61.47,1.26,Medium quality,F,T,snj02,14,Medium quality,878445,3
snj02_SemiBin_38,84.94,2.89,Medium quality,F,F,snj02,9,Medium quality,829565,2
snj02_SemiBin_39,73.96,3.09,Medium quality,F,T,snj02,20,Medium quality,322861,6
snj02_SemiBin_3,94.12,0.11,High quality,T,F,snj02,4,HQ-MIMAG,705196,2
snj02_SemiBin_41,51.35,3.84,Medium quality,F,T,snj02,31,Medium quality,83838,11
snj02_SemiBin_42,68.28,4.41,Medium quality,F,F,snj02,7,Medium quality,422672,3
snj02_SemiBin_43,62.12,0.38,Medium quality,F,T,snj02,8,Medium quality,672894,3
snj02_SemiBin_44,78.34,0.93,Medium quality,F,T,snj02,4,Medium quality,246884,2
snj02_SemiBin_45,56.84,5.08,Medium quality,F,T,snj02,82,Medium quality,64592,22
snj02_SemiBin_46,54.42,2.67,Medium quality,F,T,snj02,16,Medium quality,706549,6
snj02_SemiBin_47,52.25,1.81,Medium quality,F,T,snj02,36,Medium quality,162006,10
snj02_SemiBin_48,54.63,4.28,Medium quality,F,T,snj02,40,Medium quality,195815,9
snj02_SemiBin_49,53.97,3.03,Medium quality,F,T,snj02,25,Medium quality,181994,7
snj02_SemiBin_4,92.97,1.08,High quality,T,T,snj02,2,HQ-MIMAG,1501632,1
snj02_SemiBin_50,80.7,0.64,Medium quality,F,T,snj02,6,Medium quality,834073,2
snj02_SemiBin_52,62.81,1.09,Medium quality,F,F,snj02,48,Medium quality,155756,14
snj02_SemiBin_53,53.71,0.87,Medium quality,F,T,snj02,20,Medium quality,186834,6
snj02_SemiBin_540,52.75,3.85,Medium quality,F,T,snj02,34,Medium quality,112039,11
snj02_SemiBin_54,52.71,1.18,Medium quality,F,T,snj02,11,Medium quality,340975,3
snj02_SemiBin_55,54.42,0.89,Medium quality,F,T,snj02,8,Medium quality,528774,3
snj02_SemiBin_56,54.61,2.39,Medium quality,F,T,snj02,14,Medium quality,395628,4
snj02_SemiBin_57,50.35,7.39,Medium quality,F,T,snj02,37,Medium quality,138050,11
snj02_SemiBin_59,56.46,1.4,Medium quality,F,T,snj02,30,Medium quality,242134,8
snj02_SemiBin_5,96.1,0.93,High quality,T,T,snj02,3,HQ-MIMAG,4536586,1
snj02_SemiBin_60,80.33,3.82,Medium quality,F,T,snj02,11,Medium quality,637017,2
snj02_SemiBin_61,60.58,4.09,Medium quality,F,T,snj02,11,Medium quality,460712,3
snj02_SemiBin_62,55.78,6.29,Medium quality,F,T,snj02,52,Medium quality,129883,12
snj02_SemiBin_63,51.7,0.44,Medium quality,F,F,snj02,18,Medium quality,149531,5
snj02_SemiBin_66,51.63,2.04,Medium quality,F,T,snj02,14,Medium quality,145259,4
snj02_SemiBin_67,56.13,5.46,Medium quality,F,T,snj02,15,Medium quality,231269,4
snj02_SemiBin_69,70.99,4.41,Medium quality,F,T,snj02,27,Medium quality,296218,7
snj02_SemiBin_6,94.5,1.16,High quality,T,T,snj02,2,HQ-MIMAG,3000442,1
snj02_SemiBin_72,54.18,0.1,Medium quality,F,T,snj02,8,Medium quality,136148,3
snj02_SemiBin_7,99.85,2.67,High quality,T,T,snj02,8,HQ-MIMAG,1061139,3
snj02_SemiBin_80,55.87,1.88,Medium quality,F,T,snj02,11,Medium quality,225012,4
snj02_SemiBin_83,55.06,1.11,Medium quality,F,F,snj02,29,Medium quality,162700,8
snj02_SemiBin_84,58.28,6.54,Medium quality,F,T,snj02,16,Medium quality,677315,2
snj02_SemiBin_89,73.04,4.85,Medium quality,F,T,snj02,17,Medium quality,386619,4
snj02_SemiBin_8,94.61,0.77,High quality,T,T,snj02,4,HQ-MIMAG,1314507,2
snj02_SemiBin_90,59.71,1.5,Medium quality,F,T,snj02,10,Medium quality,69754,4
snj02_SemiBin_941,56,8.46,Medium quality,F,T,snj02,111,Medium quality,82199,30
snj02_SemiBin_96,53.7,6.71,Medium quality,F,T,snj02,32,Medium quality,75885,9
snj02_SemiBin_9,95.73,0.16,High quality,T,T,snj02,6,HQ-MIMAG,1057490,2
snj03_SemiBin_0,99.13,0.86,High quality,T,T,snj03,11,HQ-MIMAG,897132,3
snj03_SemiBin_103,71.56,0.61,Medium quality,F,F,snj03,27,Medium quality,189144,7
snj03_SemiBin_106,87.51,1.04,Medium quality,F,T,snj03,15,Medium quality,698660,4
snj03_SemiBin_109,66.53,0.65,Medium quality,F,F,snj03,8,Medium quality,740660,3
snj03_SemiBin_10,86.75,2.93,Medium quality,F,T,snj03,28,Medium quality,206318,7
snj03_SemiBin_111,86.5,6.67,Medium quality,F,F,snj03,33,Medium quality,329399,7
snj03_SemiBin_112,66.61,1.62,Medium quality,F,F,snj03,4,Medium quality,1362990,2
snj03_SemiBin_114,73.56,2.97,Medium quality,F,F,snj03,51,Medium quality,176815,14
snj03_SemiBin_116,57.96,9.74,Medium quality,F,T,snj03,39,Medium quality,151158,9
snj03_SemiBin_117,72.49,6.3,Medium quality,F,T,snj03,48,Medium quality,187150,9
snj03_SemiBin_118,78.81,7.35,Medium quality,F,F,snj03,17,Medium quality,399426,5
snj03_SemiBin_11,95.3,0.81,High quality,T,F,snj03,9,HQ-MIMAG,965857,2
snj03_SemiBin_123,70.21,0.17,Medium quality,F,F,snj03,21,Medium quality,257973,7
snj03_SemiBin_124,57.2,6.66,Medium quality,F,F,snj03,64,Medium quality,82964,18
snj03_SemiBin_127,66.99,0.56,Medium quality,F,T,snj03,9,Medium quality,244018,3
snj03_SemiBin_12,98.94,6.76,Medium quality,F,F,snj03,23,Medium quality,426327,5
snj03_SemiBin_130,70.55,7.6,Medium quality,F,F,snj03,12,Medium quality,511803,4
snj03_SemiBin_131,54.02,1.27,Medium quality,F,F,snj03,10,Medium quality,279995,3
snj03_SemiBin_1348,57.9,9.41,Medium quality,F,T,snj03,26,Medium quality,137931,8
snj03_SemiBin_134,66.46,0.63,Medium quality,F,F,snj03,9,Medium quality,451075,3
snj03_SemiBin_1390,55.83,7.68,Medium quality,F,T,snj03,116,Medium quality,48624,35
snj03_SemiBin_1393,53.27,8.1,Medium quality,F,T,snj03,55,Medium quality,86713,14
snj03_SemiBin_139,55.21,9.28,Medium quality,F,T,snj03,161,Medium quality,35455,49
snj03_SemiBin_13,88.63,1.18,Medium quality,F,F,snj03,15,Medium quality,442788,4
snj03_SemiBin_141,60.37,1.16,Medium quality,F,F,snj03,23,Medium quality,209088,6
snj03_SemiBin_149,50.91,1.39,Medium quality,F,F,snj03,17,Medium quality,250024,4
snj03_SemiBin_14,84.23,0.15,Medium quality,F,F,snj03,12,Medium quality,231948,4
snj03_SemiBin_154,55.88,3.08,Medium quality,F,F,snj03,54,Medium quality,69524,12
snj03_SemiBin_160,59.64,0.15,Medium quality,F,F,snj03,21,Medium quality,356602,6
snj03_SemiBin_166,57.07,0.77,Medium quality,F,F,snj03,20,Medium quality,216492,6
snj03_SemiBin_16,97.28,4.79,High quality,T,F,snj03,16,HQ-MIMAG,656170,4
snj03_SemiBin_170,54.12,7.96,Medium quality,F,T,snj03,67,Medium quality,146403,16
snj03_SemiBin_174,60.23,8.11,Medium quality,F,T,snj03,117,Medium quality,77554,23
snj03_SemiBin_17,94,1.35,High quality,T,F,snj03,14,HQ-MIMAG,440502,3
snj03_SemiBin_180,58.17,0.94,Medium quality,F,F,snj03,13,Medium quality,379111,3
snj03_SemiBin_183,54.93,4.39,Medium quality,F,T,snj03,85,Medium quality,67355,25
snj03_SemiBin_186,70.82,2.68,Medium quality,F,F,snj03,25,Medium quality,255797,8
snj03_SemiBin_189,58.51,4.36,Medium quality,F,F,snj03,22,Medium quality,298748,6
snj03_SemiBin_18,75.82,0.5,Medium quality,F,F,snj03,20,Medium quality,206905,5
snj03_SemiBin_19,82.72,1.34,Medium quality,F,F,snj03,6,Medium quality,745891,2
snj03_SemiBin_1,100,0.7,High quality,T,F,snj03,12,HQ-MIMAG,728668,4
snj03_SemiBin_20,90.36,3.8,High quality,T,F,snj03,24,HQ-MIMAG,413539,4
snj03_SemiBin_213,50.47,3.34,Medium quality,F,F,snj03,63,Medium quality,78810,18
snj03_SemiBin_21,84.03,2.64,Medium quality,F,T,snj03,15,Medium quality,354339,4
snj03_SemiBin_227,56.77,3.42,Medium quality,F,F,snj03,5,Medium quality,1083730,2
snj03_SemiBin_22,99.76,7.38,Medium quality,F,F,snj03,15,Medium quality,646482,5
snj03_SemiBin_23,92.88,9.91,Medium quality,F,F,snj03,32,Medium quality,346101,7
snj03_SemiBin_240,96.63,0.16,High quality,F,F,snj03,9,High quality,218114,4
snj03_SemiBin_24,89.95,2.83,Medium quality,F,F,snj03,9,Medium quality,655880,4
snj03_SemiBin_25,80.77,2.14,Medium quality,F,F,snj03,6,Medium quality,1062963,1
snj03_SemiBin_26,85.99,6.08,Medium quality,F,F,snj03,35,Medium quality,427689,6
snj03_SemiBin_27,89.26,1.31,Medium quality,F,F,snj03,18,Medium quality,426741,6
snj03_SemiBin_28,68.8,2.1,Medium quality,F,T,snj03,20,Medium quality,283333,6
snj03_SemiBin_29,80.58,1.83,Medium quality,F,F,snj03,7,Medium quality,580952,2
snj03_SemiBin_2,96.46,5.22,Medium quality,F,F,snj03,10,Medium quality,933781,3
snj03_SemiBin_301,68.05,0.95,Medium quality,F,T,snj03,20,Medium quality,212358,5
snj03_SemiBin_30,88.57,7.92,Medium quality,F,F,snj03,16,Medium quality,305931,4
snj03_SemiBin_32,84.8,5.96,Medium quality,F,F,snj03,8,Medium quality,1296417,2
snj03_SemiBin_33,96.6,8.38,Medium quality,F,F,snj03,10,Medium quality,982242,3
snj03_SemiBin_34,82.16,5.79,Medium quality,F,F,snj03,30,Medium quality,327681,7
snj03_SemiBin_35,72.37,0.62,Medium quality,F,F,snj03,30,Medium quality,106127,8
snj03_SemiBin_36,82.73,0.03,Medium quality,F,T,snj03,4,Medium quality,2293747,1
snj03_SemiBin_37,82.44,1.76,Medium quality,F,F,snj03,10,Medium quality,232053,4
snj03_SemiBin_38,67.16,3.74,Medium quality,F,F,snj03,32,Medium quality,203924,9
snj03_SemiBin_39,84.25,0.46,Medium quality,F,F,snj03,15,Medium quality,397228,5
snj03_SemiBin_3,97.63,6.58,Medium quality,F,F,snj03,12,Medium quality,3664051,1
snj03_SemiBin_40,92.89,6.42,Medium quality,F,F,snj03,18,Medium quality,739630,4
snj03_SemiBin_41,65.25,0.4,Medium quality,F,T,snj03,37,Medium quality,208683,9
snj03_SemiBin_42,79.04,4.28,Medium quality,F,F,snj03,17,Medium quality,674210,4
snj03_SemiBin_43,74.95,9.63,Medium quality,F,T,snj03,82,Medium quality,116873,19
snj03_SemiBin_44,81.13,0.48,Medium quality,F,F,snj03,18,Medium quality,407703,5
snj03_SemiBin_452,65.82,9.47,Medium quality,F,T,snj03,64,Medium quality,94649,15
snj03_SemiBin_45,74.43,0.65,Medium quality,F,F,snj03,15,Medium quality,194691,5
snj03_SemiBin_46,78.78,0.91,Medium quality,F,T,snj03,27,Medium quality,168529,6
snj03_SemiBin_47,73.5,1.2,Medium quality,F,F,snj03,7,Medium quality,636033,3
snj03_SemiBin_49,72.22,0.97,Medium quality,F,F,snj03,15,Medium quality,279059,5
snj03_SemiBin_4,97.76,7.37,Medium quality,F,F,snj03,6,Medium quality,2288229,2
snj03_SemiBin_50,87.55,2.02,Medium quality,F,F,snj03,18,Medium quality,425877,5
snj03_SemiBin_52,68.74,6.31,Medium quality,F,F,snj03,28,Medium quality,279495,8
snj03_SemiBin_53,75.3,5.22,Medium quality,F,F,snj03,18,Medium quality,323382,6
snj03_SemiBin_54,68.72,8.1,Medium quality,F,T,snj03,21,Medium quality,194698,5
snj03_SemiBin_55,74.56,0.24,Medium quality,F,F,snj03,11,Medium quality,612835,4
snj03_SemiBin_56,69.92,3.23,Medium quality,F,F,snj03,23,Medium quality,223799,7
snj03_SemiBin_57,74.74,2.75,Medium quality,F,F,snj03,20,Medium quality,356213,6
snj03_SemiBin_58,64.69,1.57,Medium quality,F,F,snj03,33,Medium quality,225518,9
snj03_SemiBin_59,58.65,0.56,Medium quality,F,T,snj03,41,Medium quality,142944,10
snj03_SemiBin_5,93.27,0.84,High quality,F,F,snj03,9,High quality,1208902,2
snj03_SemiBin_60,55.08,5.4,Medium quality,F,T,snj03,107,Medium quality,137183,25
snj03_SemiBin_61,83.35,1.3,Medium quality,F,T,snj03,26,Medium quality,230174,8
snj03_SemiBin_62,78.17,0.5,Medium quality,F,T,snj03,41,Medium quality,210006,10
snj03_SemiBin_63,74.1,5.09,Medium quality,F,T,snj03,12,Medium quality,522526,3
snj03_SemiBin_64,64.55,5.52,Medium quality,F,F,snj03,47,Medium quality,129242,12
snj03_SemiBin_65,56.42,1.45,Medium quality,F,F,snj03,24,Medium quality,167945,8
snj03_SemiBin_67,52.2,1.68,Medium quality,F,T,snj03,24,Medium quality,279001,5
snj03_SemiBin_69,61.75,5.72,Medium quality,F,F,snj03,7,Medium quality,398725,3
snj03_SemiBin_6,98.44,0.18,High quality,T,F,snj03,8,HQ-MIMAG,625698,2
snj03_SemiBin_70,70.33,2.85,Medium quality,F,F,snj03,38,Medium quality,123451,11
snj03_SemiBin_71,66.79,3.79,Medium quality,F,F,snj03,12,Medium quality,446141,3
snj03_SemiBin_73,60.92,0.28,Medium quality,F,T,snj03,39,Medium quality,217325,12
snj03_SemiBin_74,57.33,2.46,Medium quality,F,F,snj03,17,Medium quality,140465,5
snj03_SemiBin_75,54.68,6.03,Medium quality,F,F,snj03,109,Medium quality,104339,21
snj03_SemiBin_77,66.2,0.42,Medium quality,F,F,snj03,14,Medium quality,239270,5
snj03_SemiBin_78,82.82,0.22,Medium quality,F,F,snj03,17,Medium quality,416278,5
snj03_SemiBin_79,67.07,6.43,Medium quality,F,F,snj03,32,Medium quality,310942,8
snj03_SemiBin_7,97.84,1.59,High quality,F,F,snj03,9,High quality,792285,3
snj03_SemiBin_81,58.31,0.53,Medium quality,F,F,snj03,53,Medium quality,107189,16
snj03_SemiBin_82,63.11,1.6,Medium quality,F,T,snj03,13,Medium quality,215987,4
snj03_SemiBin_84,66.73,7.08,Medium quality,F,T,snj03,16,Medium quality,252423,5
snj03_SemiBin_87,77.71,7.34,Medium quality,F,F,snj03,20,Medium quality,377440,6
snj03_SemiBin_8,91.89,3.69,High quality,T,F,snj03,33,HQ-MIMAG,336737,6
snj03_SemiBin_909,64.17,7.34,Medium quality,F,T,snj03,33,Medium quality,158077,7
snj03_SemiBin_90,54.25,2.24,Medium quality,F,F,snj03,13,Medium quality,266485,5
snj03_SemiBin_94,61.87,4.7,Medium quality,F,F,snj03,34,Medium quality,277482,9
snj03_SemiBin_96,60.11,3.41,Medium quality,F,F,snj03,56,Medium quality,153159,13
snj03_SemiBin_97,50.92,3.18,Medium quality,F,F,snj03,57,Medium quality,77141,18
snj03_SemiBin_98,71.7,2.54,Medium quality,F,F,snj03,29,Medium quality,281053,6
snj03_SemiBin_99,95.17,6.81,Medium quality,F,F,snj03,25,Medium quality,388677,4
snj03_SemiBin_9,95.55,0.48,High quality,T,T,snj03,13,HQ-MIMAG,1056203,3
snj04_SemiBin_0,99.94,0,High quality,T,T,snj04,1,HQ-MIMAG,5383880,1
snj04_SemiBin_101,63.73,3.28,Medium quality,F,F,snj04,45,Medium quality,140802,9
snj04_SemiBin_104,55.07,4.15,Medium quality,F,F,snj04,45,Medium quality,84887,15
snj04_SemiBin_1050,62.14,8.74,Medium quality,F,T,snj04,58,Medium quality,120838,17
snj04_SemiBin_106,82.43,0.52,Medium quality,F,T,snj04,11,Medium quality,280705,3
snj04_SemiBin_107,59.22,3.65,Medium quality,F,F,snj04,27,Medium quality,186979,8
snj04_SemiBin_10,93.66,0.59,High quality,F,F,snj04,12,High quality,605473,4
snj04_SemiBin_114,63.63,8.97,Medium quality,F,F,snj04,36,Medium quality,154864,11
snj04_SemiBin_118,63.5,0.6,Medium quality,F,T,snj04,26,Medium quality,144442,8
snj04_SemiBin_119,61.72,0.99,Medium quality,F,F,snj04,30,Medium quality,181633,9
snj04_SemiBin_11,89.66,3.48,Medium quality,F,F,snj04,10,Medium quality,828287,3
snj04_SemiBin_120,65.08,7.48,Medium quality,F,T,snj04,14,Medium quality,70721,4
snj04_SemiBin_123,79.37,2.53,Medium quality,F,F,snj04,10,Medium quality,561554,4
snj04_SemiBin_126,73.14,6.19,Medium quality,F,F,snj04,22,Medium quality,344123,7
snj04_SemiBin_12,96.78,3.35,High quality,T,F,snj04,20,HQ-MIMAG,698168,4
snj04_SemiBin_138,61.6,5.35,Medium quality,F,T,snj04,19,Medium quality,117570,4
snj04_SemiBin_13,84.51,1.64,Medium quality,F,F,snj04,5,Medium quality,696532,3
snj04_SemiBin_143,59.14,1.57,Medium quality,F,F,snj04,45,Medium quality,121539,12
snj04_SemiBin_144,53.11,1.65,Medium quality,F,F,snj04,8,Medium quality,226589,3
snj04_SemiBin_146,60.74,0.17,Medium quality,F,T,snj04,6,Medium quality,437588,3
snj04_SemiBin_14,89.93,2.99,Medium quality,F,F,snj04,23,Medium quality,315090,7
snj04_SemiBin_1554,53.63,5.99,Medium quality,F,T,snj04,68,Medium quality,89725,19
snj04_SemiBin_15,94.29,2.86,High quality,T,F,snj04,17,HQ-MIMAG,341783,6
snj04_SemiBin_165,57.48,3.27,Medium quality,F,F,snj04,14,Medium quality,189301,5
snj04_SemiBin_16,89.87,2.34,Medium quality,F,F,snj04,15,Medium quality,735146,4
snj04_SemiBin_1706,50.91,6.93,Medium quality,F,T,snj04,236,Medium quality,43217,62
snj04_SemiBin_1716,53.27,6.92,Medium quality,F,T,snj04,20,Medium quality,139752,6
snj04_SemiBin_1774,56.89,8.13,Medium quality,F,T,snj04,69,Medium quality,87504,19
snj04_SemiBin_1776,51.73,7.08,Medium quality,F,T,snj04,105,Medium quality,53287,33
snj04_SemiBin_17,86.46,2.51,Medium quality,F,F,snj04,12,Medium quality,766052,3
snj04_SemiBin_1805,50.21,9.24,Medium quality,F,T,snj04,114,Medium quality,46034,37
snj04_SemiBin_181,55.26,1.64,Medium quality,F,T,snj04,61,Medium quality,86094,16
snj04_SemiBin_1833,50.52,8.83,Medium quality,F,T,snj04,113,Medium quality,44326,33
snj04_SemiBin_187,51.83,0.83,Medium quality,F,T,snj04,96,Medium quality,100383,27
snj04_SemiBin_18,85.64,3.94,Medium quality,F,T,snj04,27,Medium quality,485787,5
snj04_SemiBin_19,82.93,1.64,Medium quality,F,F,snj04,11,Medium quality,314192,4
snj04_SemiBin_1,93.29,2.19,High quality,T,T,snj04,5,HQ-MIMAG,1675243,2
snj04_SemiBin_208,51.82,3.08,Medium quality,F,F,snj04,34,Medium quality,132371,11
snj04_SemiBin_20,80.79,6.72,Medium quality,F,F,snj04,38,Medium quality,195724,8
snj04_SemiBin_21,88.95,6.93,Medium quality,F,F,snj04,11,Medium quality,646354,4
snj04_SemiBin_22,84.19,0.24,Medium quality,F,T,snj04,23,Medium quality,332424,6
snj04_SemiBin_23,83.62,2.05,Medium quality,F,F,snj04,21,Medium quality,335518,5
snj04_SemiBin_246,89.87,0.11,Medium quality,F,F,snj04,8,Medium quality,238950,3
snj04_SemiBin_24,88.62,0.44,Medium quality,F,F,snj04,17,Medium quality,325250,6
snj04_SemiBin_25,86.24,6.39,Medium quality,F,F,snj04,15,Medium quality,264083,4
snj04_SemiBin_26,73.26,2.39,Medium quality,F,T,snj04,28,Medium quality,269479,8
snj04_SemiBin_27,66.94,1.83,Medium quality,F,F,snj04,4,Medium quality,671089,2
snj04_SemiBin_28,83.63,0.1,Medium quality,F,F,snj04,11,Medium quality,518291,3
snj04_SemiBin_29,71.98,1.44,Medium quality,F,F,snj04,27,Medium quality,269351,8
snj04_SemiBin_2,100,0.1,High quality,T,T,snj04,8,HQ-MIMAG,1698960,1
snj04_SemiBin_30,84.85,4.33,Medium quality,F,F,snj04,15,Medium quality,480422,4
snj04_SemiBin_31,92.03,9.74,Medium quality,F,T,snj04,50,Medium quality,156407,12
snj04_SemiBin_32,75.54,2.12,Medium quality,F,T,snj04,14,Medium quality,452252,5
snj04_SemiBin_34,69.78,1.02,Medium quality,F,F,snj04,26,Medium quality,197054,6
snj04_SemiBin_35,69.51,0.9,Medium quality,F,F,snj04,41,Medium quality,111676,10
snj04_SemiBin_36,77.75,0.96,Medium quality,F,F,snj04,10,Medium quality,1180662,2
snj04_SemiBin_37,83.6,5.7,Medium quality,F,F,snj04,15,Medium quality,558022,5
snj04_SemiBin_38,73.69,0.92,Medium quality,F,F,snj04,12,Medium quality,344310,3
snj04_SemiBin_39,77.85,1.1,Medium quality,F,F,snj04,30,Medium quality,274301,7
snj04_SemiBin_3,95.56,0.57,High quality,T,F,snj04,13,HQ-MIMAG,700893,4
snj04_SemiBin_40,73.78,3.35,Medium quality,F,F,snj04,28,Medium quality,254101,6
snj04_SemiBin_41,58.87,4.13,Medium quality,F,T,snj04,90,Medium quality,84809,19
snj04_SemiBin_42,68.71,0.61,Medium quality,F,T,snj04,30,Medium quality,184723,7
snj04_SemiBin_43,81.17,4.25,Medium quality,F,F,snj04,12,Medium quality,510620,5
snj04_SemiBin_44,52.26,0.23,Medium quality,F,F,snj04,21,Medium quality,273853,5
snj04_SemiBin_45,61.89,1.68,Medium quality,F,T,snj04,32,Medium quality,156044,8
snj04_SemiBin_46,61.23,5.28,Medium quality,F,F,snj04,23,Medium quality,210116,7
snj04_SemiBin_47,91.6,1.64,High quality,T,T,snj04,8,HQ-MIMAG,233012,3
snj04_SemiBin_48,90.55,4.76,High quality,T,F,snj04,18,HQ-MIMAG,313107,5
snj04_SemiBin_49,65.66,5.88,Medium quality,F,T,snj04,33,Medium quality,177887,10
snj04_SemiBin_4,85.39,0.49,Medium quality,F,T,snj04,10,Medium quality,579493,3
snj04_SemiBin_50,52.93,0.66,Medium quality,F,F,snj04,9,Medium quality,432964,3
snj04_SemiBin_52,68.36,1.82,Medium quality,F,F,snj04,6,Medium quality,1963836,2
snj04_SemiBin_55,73.93,5.44,Medium quality,F,F,snj04,42,Medium quality,187270,11
snj04_SemiBin_56,54.6,3.85,Medium quality,F,T,snj04,56,Medium quality,103156,12
snj04_SemiBin_57,90.29,1.96,High quality,T,F,snj04,10,HQ-MIMAG,639578,3
snj04_SemiBin_580,73.06,8.25,Medium quality,F,F,snj04,11,Medium quality,337434,3
snj04_SemiBin_58,72.65,2.1,Medium quality,F,T,snj04,35,Medium quality,186833,11
snj04_SemiBin_59,54.26,2.83,Medium quality,F,F,snj04,37,Medium quality,130993,10
snj04_SemiBin_5,96.72,1.51,High quality,T,T,snj04,22,HQ-MIMAG,545798,5
snj04_SemiBin_60,57.7,8.28,Medium quality,F,T,snj04,45,Medium quality,116922,14
snj04_SemiBin_634,52.33,1.35,Medium quality,F,T,snj04,18,Medium quality,364982,5
snj04_SemiBin_63,55.74,2.66,Medium quality,F,T,snj04,51,Medium quality,172772,12
snj04_SemiBin_64,50.59,0.81,Medium quality,F,T,snj04,42,Medium quality,116208,13
snj04_SemiBin_65,54.71,0.78,Medium quality,F,F,snj04,23,Medium quality,260159,9
snj04_SemiBin_66,89.39,5.74,Medium quality,F,F,snj04,40,Medium quality,342953,9
snj04_SemiBin_68,50.83,5.6,Medium quality,F,F,snj04,42,Medium quality,126062,11
snj04_SemiBin_69,51.38,1.59,Medium quality,F,F,snj04,9,Medium quality,457429,3
snj04_SemiBin_6,95.57,0.1,High quality,T,F,snj04,6,HQ-MIMAG,572375,2
snj04_SemiBin_71,58.3,1.52,Medium quality,F,T,snj04,13,Medium quality,397619,4
snj04_SemiBin_72,57.96,0.19,Medium quality,F,F,snj04,31,Medium quality,242282,8
snj04_SemiBin_74,65.29,3.54,Medium quality,F,F,snj04,11,Medium quality,254411,4
snj04_SemiBin_76,59.99,2.26,Medium quality,F,F,snj04,9,Medium quality,300441,2
snj04_SemiBin_77,73.8,2.31,Medium quality,F,T,snj04,7,Medium quality,502163,2
snj04_SemiBin_785,54.75,9.06,Medium quality,F,T,snj04,54,Medium quality,130186,12
snj04_SemiBin_79,64.07,4.39,Medium quality,F,T,snj04,25,Medium quality,236387,8
snj04_SemiBin_7,92.82,3.54,High quality,T,F,snj04,6,HQ-MIMAG,458067,2
snj04_SemiBin_80,62.28,1.53,Medium quality,F,F,snj04,39,Medium quality,142477,9
snj04_SemiBin_82,52.38,0.46,Medium quality,F,F,snj04,5,Medium quality,446703,3
snj04_SemiBin_85,56.62,1.15,Medium quality,F,F,snj04,11,Medium quality,510423,4
snj04_SemiBin_86,58.18,3.03,Medium quality,F,F,snj04,32,Medium quality,152173,9
snj04_SemiBin_88,73.73,2.31,Medium quality,F,F,snj04,13,Medium quality,596514,4
snj04_SemiBin_8,94.85,2.75,High quality,F,T,snj04,14,High quality,729387,3
snj04_SemiBin_90,77.49,5.49,Medium quality,F,F,snj04,16,Medium quality,467513,6
snj04_SemiBin_92,73.49,0.38,Medium quality,F,T,snj04,5,Medium quality,645425,2
snj04_SemiBin_93,51.97,4.22,Medium quality,F,F,snj04,22,Medium quality,250885,6
snj04_SemiBin_94,58.66,5.35,Medium quality,F,T,snj04,19,Medium quality,95553,6
snj04_SemiBin_9,92.59,3.53,High quality,T,F,snj04,47,HQ-MIMAG,279928,10
snj08_SemiBin_0,99.41,2.57,High quality,T,F,snj08,15,HQ-MIMAG,791901,4
snj08_SemiBin_100,55.07,1.14,Medium quality,F,T,snj08,17,Medium quality,462933,5
snj08_SemiBin_1011,60.14,7.46,Medium quality,F,T,snj08,22,Medium quality,301631,7
snj08_SemiBin_101,65.35,3.28,Medium quality,F,F,snj08,19,Medium quality,174515,6
snj08_SemiBin_102,63.71,1.04,Medium quality,F,T,snj08,32,Medium quality,223391,10
snj08_SemiBin_104,75.92,0.28,Medium quality,F,F,snj08,10,Medium quality,432771,3
snj08_SemiBin_1059,54.42,4.78,Medium quality,F,T,snj08,71,Medium quality,157654,17
snj08_SemiBin_105,62.53,1.21,Medium quality,F,F,snj08,26,Medium quality,184710,7
snj08_SemiBin_106,65.47,1.65,Medium quality,F,T,snj08,6,Medium quality,884857,2
snj08_SemiBin_107,51.67,3.2,Medium quality,F,T,snj08,34,Medium quality,171288,10
snj08_SemiBin_108,52.63,0.76,Medium quality,F,T,snj08,18,Medium quality,251540,4
snj08_SemiBin_109,65.95,5.5,Medium quality,F,T,snj08,44,Medium quality,78336,13
snj08_SemiBin_10,95.62,3.54,High quality,T,F,snj08,22,HQ-MIMAG,272142,6
snj08_SemiBin_111,64.13,4.41,Medium quality,F,F,snj08,23,Medium quality,273377,7
snj08_SemiBin_113,63.11,0.15,Medium quality,F,F,snj08,4,Medium quality,872851,2
snj08_SemiBin_115,65.39,2.88,Medium quality,F,T,snj08,22,Medium quality,336612,6
snj08_SemiBin_116,88.67,9.89,Medium quality,F,T,snj08,22,Medium quality,421641,5
snj08_SemiBin_117,60.35,0.14,Medium quality,F,F,snj08,8,Medium quality,550475,3
snj08_SemiBin_119,53.71,7.9,Medium quality,F,F,snj08,25,Medium quality,200862,7
snj08_SemiBin_120,68.97,8.03,Medium quality,F,T,snj08,29,Medium quality,132517,8
snj08_SemiBin_122,56.56,0.77,Medium quality,F,F,snj08,13,Medium quality,231148,5
snj08_SemiBin_123,53.07,1.72,Medium quality,F,T,snj08,19,Medium quality,179628,8
snj08_SemiBin_124,53.71,4.12,Medium quality,F,T,snj08,29,Medium quality,197518,8
snj08_SemiBin_127,88.72,0.13,Medium quality,F,T,snj08,11,Medium quality,426209,3
snj08_SemiBin_129,64.77,6.46,Medium quality,F,T,snj08,26,Medium quality,270804,6
snj08_SemiBin_12,95.78,2.72,High quality,T,F,snj08,9,HQ-MIMAG,1072078,2
snj08_SemiBin_130,61.71,1.24,Medium quality,F,T,snj08,19,Medium quality,180600,6
snj08_SemiBin_131,51.03,1.97,Medium quality,F,T,snj08,44,Medium quality,112567,10
snj08_SemiBin_135,51.52,1.2,Medium quality,F,T,snj08,27,Medium quality,175855,8
snj08_SemiBin_136,83.05,1.31,Medium quality,F,T,snj08,11,Medium quality,1098105,2
snj08_SemiBin_138,75.53,0.56,Medium quality,F,F,snj08,14,Medium quality,596232,4
snj08_SemiBin_139,52.43,0.81,Medium quality,F,F,snj08,13,Medium quality,503282,3
snj08_SemiBin_13,95.94,1.97,High quality,T,F,snj08,10,HQ-MIMAG,933283,3
snj08_SemiBin_141,67.06,6.38,Medium quality,F,T,snj08,77,Medium quality,152684,17
snj08_SemiBin_142,57.62,4.12,Medium quality,F,F,snj08,68,Medium quality,122701,17
snj08_SemiBin_143,79.21,0.36,Medium quality,F,T,snj08,5,Medium quality,1421018,2
snj08_SemiBin_146,51.25,2.74,Medium quality,F,T,snj08,21,Medium quality,222103,6
snj08_SemiBin_147,93.79,4.24,High quality,F,F,snj08,22,High quality,403965,6
snj08_SemiBin_149,69.31,1.45,Medium quality,F,T,snj08,13,Medium quality,353258,4
snj08_SemiBin_14,92.37,1.76,High quality,T,T,snj08,20,HQ-MIMAG,411196,5
snj08_SemiBin_15,99.12,5.22,Medium quality,F,T,snj08,34,Medium quality,273330,6
snj08_SemiBin_161,55,1.89,Medium quality,F,F,snj08,21,Medium quality,218740,6
snj08_SemiBin_165,52.52,2.06,Medium quality,F,F,snj08,22,Medium quality,314755,7
snj08_SemiBin_166,69.3,4.19,Medium quality,F,F,snj08,35,Medium quality,143872,11
snj08_SemiBin_168,60.49,0.11,Medium quality,F,T,snj08,37,Medium quality,151418,11
snj08_SemiBin_169,56.21,1.09,Medium quality,F,F,snj08,25,Medium quality,273612,9
snj08_SemiBin_16,95.92,0.17,High quality,T,T,snj08,5,HQ-MIMAG,1038068,2
snj08_SemiBin_170,50.6,4.44,Medium quality,F,T,snj08,53,Medium quality,161830,12
snj08_SemiBin_1726,60.69,9.66,Medium quality,F,T,snj08,29,Medium quality,196605,9
snj08_SemiBin_174,80.12,0.95,Medium quality,F,T,snj08,10,Medium quality,771585,3
snj08_SemiBin_17,97.55,0.27,High quality,T,T,snj08,1,HQ-MIMAG,4006906,1
snj08_SemiBin_180,54.47,2.49,Medium quality,F,F,snj08,25,Medium quality,296874,6
snj08_SemiBin_185,61.53,0.15,Medium quality,F,F,snj08,20,Medium quality,195570,7
snj08_SemiBin_186,53.2,4.72,Medium quality,F,T,snj08,38,Medium quality,167167,11
snj08_SemiBin_188,64.75,0.78,Medium quality,F,T,snj08,17,Medium quality,178832,4
snj08_SemiBin_18,97.77,0.26,High quality,T,T,snj08,12,HQ-MIMAG,744797,4
snj08_SemiBin_191,55.58,6.51,Medium quality,F,T,snj08,21,Medium quality,97634,7
snj08_SemiBin_192,68.39,3.75,Medium quality,F,T,snj08,50,Medium quality,141204,11
snj08_SemiBin_194,50.37,0.67,Medium quality,F,F,snj08,13,Medium quality,261300,4
snj08_SemiBin_195,52.42,7.18,Medium quality,F,T,snj08,9,Medium quality,192504,4
snj08_SemiBin_1987,52.39,8.93,Medium quality,F,T,snj08,132,Medium quality,58439,45
snj08_SemiBin_199,77.1,2.37,Medium quality,F,T,snj08,14,Medium quality,365757,5
snj08_SemiBin_19,98.09,8.87,Medium quality,F,F,snj08,7,Medium quality,1206495,2
snj08_SemiBin_1,95.35,0.18,High quality,T,F,snj08,4,HQ-MIMAG,967637,2
snj08_SemiBin_206,77.28,1.75,Medium quality,F,F,snj08,24,Medium quality,388070,6
snj08_SemiBin_207,68.72,7.64,Medium quality,F,F,snj08,47,Medium quality,185340,12
snj08_SemiBin_20,99.82,8.03,Medium quality,F,F,snj08,5,Medium quality,1327369,2
snj08_SemiBin_217,54.04,0.2,Medium quality,F,F,snj08,2,Medium quality,1472962,1
snj08_SemiBin_21,99.39,2.23,High quality,T,F,snj08,10,HQ-MIMAG,752728,3
snj08_SemiBin_22,100,1.83,High quality,T,F,snj08,11,HQ-MIMAG,1365309,3
snj08_SemiBin_231,63.33,1.77,Medium quality,F,F,snj08,15,Medium quality,349931,5
snj08_SemiBin_237,50.16,2.7,Medium quality,F,T,snj08,27,Medium quality,237749,8
snj08_SemiBin_23,94.21,3.29,High quality,T,T,snj08,18,HQ-MIMAG,438616,5
snj08_SemiBin_247,62.81,2.74,Medium quality,F,T,snj08,33,Medium quality,221370,9
snj08_SemiBin_248,59.08,6.95,Medium quality,F,T,snj08,34,Medium quality,119799,9
snj08_SemiBin_24,96.71,3.01,High quality,T,F,snj08,8,HQ-MIMAG,1152008,2
snj08_SemiBin_25,94.8,3.81,High quality,T,T,snj08,23,HQ-MIMAG,547891,3
snj08_SemiBin_267,56.71,0.49,Medium quality,F,F,snj08,8,Medium quality,808718,3
snj08_SemiBin_26,82.58,0.23,Medium quality,F,F,snj08,8,Medium quality,448769,3
snj08_SemiBin_274,58.26,5.57,Medium quality,F,T,snj08,11,Medium quality,258753,3
snj08_SemiBin_27,83.89,0.49,Medium quality,F,F,snj08,25,Medium quality,234780,8
snj08_SemiBin_28,97.81,0.4,High quality,T,T,snj08,27,HQ-MIMAG,238351,8
snj08_SemiBin_292,50.66,4.26,Medium quality,F,F,snj08,53,Medium quality,81837,13
snj08_SemiBin_29,84.75,1.98,Medium quality,F,F,snj08,15,Medium quality,587119,4
snj08_SemiBin_2,97.96,0.13,High quality,T,F,snj08,5,HQ-MIMAG,972542,2
snj08_SemiBin_308,50.01,0.91,Medium quality,F,F,snj08,10,Medium quality,469780,3
snj08_SemiBin_30,98.36,6.34,Medium quality,F,F,snj08,14,Medium quality,1068071,3
snj08_SemiBin_322,52.09,3.64,Medium quality,F,T,snj08,29,Medium quality,149090,8
snj08_SemiBin_32,94.93,1.45,High quality,T,F,snj08,11,HQ-MIMAG,1267926,3
snj08_SemiBin_333,67.8,4.97,Medium quality,F,F,snj08,26,Medium quality,203428,6
snj08_SemiBin_337,95.42,0.6,High quality,F,F,snj08,11,High quality,269504,3
snj08_SemiBin_33,88.96,7.14,Medium quality,F,T,snj08,17,Medium quality,440480,4
snj08_SemiBin_340,59.17,3.63,Medium quality,F,T,snj08,32,Medium quality,181004,9
snj08_SemiBin_34,88.03,3.75,Medium quality,F,F,snj08,8,Medium quality,1424389,1
snj08_SemiBin_35,81.05,0.77,Medium quality,F,F,snj08,18,Medium quality,226164,4
snj08_SemiBin_36,95.2,7.62,Medium quality,F,F,snj08,29,Medium quality,365553,7
snj08_SemiBin_37,89.29,1.94,Medium quality,F,T,snj08,11,Medium quality,522028,4
snj08_SemiBin_38,90.9,0.42,High quality,T,T,snj08,2,HQ-MIMAG,2237017,1
snj08_SemiBin_39,86.31,1.32,Medium quality,F,T,snj08,16,Medium quality,398820,4
snj08_SemiBin_3,100,1.55,High quality,T,T,snj08,6,HQ-MIMAG,1827129,2
snj08_SemiBin_40,88.21,1.44,Medium quality,F,F,snj08,24,Medium quality,638984,4
snj08_SemiBin_41,90.6,5.1,Medium quality,F,F,snj08,19,Medium quality,722692,4
snj08_SemiBin_423,54.05,2.52,Medium quality,F,T,snj08,60,Medium quality,102076,16
snj08_SemiBin_42,88.85,8.23,Medium quality,F,T,snj08,35,Medium quality,192034,9
snj08_SemiBin_43,90.44,5.03,Medium quality,F,T,snj08,9,Medium quality,362171,3
snj08_SemiBin_44,79.86,0.2,Medium quality,F,T,snj08,8,Medium quality,455229,2
snj08_SemiBin_46,89.55,6.41,Medium quality,F,T,snj08,13,Medium quality,556949,5
snj08_SemiBin_47,76.93,5.03,Medium quality,F,T,snj08,25,Medium quality,239149,7
snj08_SemiBin_48,71.85,1.64,Medium quality,F,T,snj08,9,Medium quality,796670,2
snj08_SemiBin_49,74.35,1.85,Medium quality,F,T,snj08,20,Medium quality,333568,5
snj08_SemiBin_4,100,0.1,High quality,F,T,snj08,3,High quality,3780881,1
snj08_SemiBin_50,91.93,0.6,High quality,F,F,snj08,19,High quality,282214,5
snj08_SemiBin_51,73.72,3.07,Medium quality,F,F,snj08,47,Medium quality,189197,13
snj08_SemiBin_52,86.94,1.02,Medium quality,F,T,snj08,22,Medium quality,307670,6
snj08_SemiBin_536,64.76,9.8,Medium quality,F,T,snj08,39,Medium quality,104972,11
snj08_SemiBin_53,70.44,3.23,Medium quality,F,T,snj08,15,Medium quality,449402,5
snj08_SemiBin_54,71.82,5.1,Medium quality,F,T,snj08,32,Medium quality,270110,8
snj08_SemiBin_55,90.31,6.78,Medium quality,F,T,snj08,44,Medium quality,223420,11
snj08_SemiBin_56,79.68,6.24,Medium quality,F,T,snj08,15,Medium quality,364678,4
snj08_SemiBin_57,80.54,1.47,Medium quality,F,T,snj08,7,Medium quality,1862270,1
snj08_SemiBin_58,81.84,0.68,Medium quality,F,F,snj08,11,Medium quality,467835,3
snj08_SemiBin_59,76.79,0.62,Medium quality,F,T,snj08,11,Medium quality,422891,3
snj08_SemiBin_5,100,5.6,Medium quality,F,F,snj08,3,Medium quality,3761274,1
snj08_SemiBin_60,80.22,2.85,Medium quality,F,F,snj08,21,Medium quality,288884,7
snj08_SemiBin_61,67.46,0.99,Medium quality,F,T,snj08,3,Medium quality,1064880,1
snj08_SemiBin_62,77.24,0.81,Medium quality,F,T,snj08,13,Medium quality,705785,3
snj08_SemiBin_63,81.18,1.09,Medium quality,F,F,snj08,12,Medium quality,608711,4
snj08_SemiBin_64,80.38,0.6,Medium quality,F,T,snj08,18,Medium quality,330090,5
snj08_SemiBin_65,90.91,0.06,High quality,T,T,snj08,1,HQ-MIMAG,1395369,1
snj08_SemiBin_665,56.25,8.78,Medium quality,F,T,snj08,51,Medium quality,189665,15
snj08_SemiBin_66,85.73,8.1,Medium quality,F,T,snj08,34,Medium quality,398597,8
snj08_SemiBin_67,74.84,3.33,Medium quality,F,T,snj08,13,Medium quality,341804,4
snj08_SemiBin_68,64.1,1.32,Medium quality,F,F,snj08,9,Medium quality,275504,4
snj08_SemiBin_69,67.58,1,Medium quality,F,F,snj08,25,Medium quality,248630,7
snj08_SemiBin_6,100,2.49,High quality,T,T,snj08,15,HQ-MIMAG,866634,4
snj08_SemiBin_70,78.84,3.75,Medium quality,F,T,snj08,53,Medium quality,178539,15
snj08_SemiBin_71,77.94,2.56,Medium quality,F,T,snj08,13,Medium quality,416920,4
snj08_SemiBin_72,81.56,1.57,Medium quality,F,F,snj08,16,Medium quality,451533,5
snj08_SemiBin_73,77.22,1.89,Medium quality,F,F,snj08,26,Medium quality,262302,7
snj08_SemiBin_74,71.35,3.98,Medium quality,F,F,snj08,20,Medium quality,1013048,4
snj08_SemiBin_75,77.33,0.22,Medium quality,F,T,snj08,19,Medium quality,291706,6
snj08_SemiBin_76,80.33,6.27,Medium quality,F,F,snj08,10,Medium quality,460210,3
snj08_SemiBin_78,84.65,0.17,Medium quality,F,F,snj08,13,Medium quality,245491,4
snj08_SemiBin_79,95.99,0.26,High quality,T,F,snj08,5,HQ-MIMAG,1119573,2
snj08_SemiBin_7,100,0.21,High quality,T,T,snj08,9,HQ-MIMAG,1039161,3
snj08_SemiBin_81,74.92,1.18,Medium quality,F,F,snj08,12,Medium quality,370588,4
snj08_SemiBin_82,61.23,0.67,Medium quality,F,F,snj08,17,Medium quality,467478,4
snj08_SemiBin_83,69.96,4.49,Medium quality,F,F,snj08,29,Medium quality,284285,7
snj08_SemiBin_84,58.94,1.81,Medium quality,F,T,snj08,18,Medium quality,346811,4
snj08_SemiBin_86,81.54,0.2,Medium quality,F,F,snj08,7,Medium quality,797109,2
snj08_SemiBin_87,68,6.43,Medium quality,F,T,snj08,40,Medium quality,153093,8
snj08_SemiBin_88,68.29,4.8,Medium quality,F,T,snj08,32,Medium quality,251382,9
snj08_SemiBin_8,96.73,2.94,High quality,T,F,snj08,9,HQ-MIMAG,1079060,3
snj08_SemiBin_902,65.77,4.99,Medium quality,F,F,snj08,31,Medium quality,190863,8
snj08_SemiBin_90,74.93,6.76,Medium quality,F,F,snj08,24,Medium quality,323346,6
snj08_SemiBin_91,60.01,0.56,Medium quality,F,T,snj08,42,Medium quality,144171,12
snj08_SemiBin_92,75.76,4.98,Medium quality,F,T,snj08,15,Medium quality,668954,4
snj08_SemiBin_93,81.73,7.57,Medium quality,F,T,snj08,21,Medium quality,446372,6
snj08_SemiBin_94,68.48,1.91,Medium quality,F,T,snj08,15,Medium quality,552156,5
snj08_SemiBin_95,56.76,6.93,Medium quality,F,T,snj08,97,Medium quality,81954,25
snj08_SemiBin_96,80.42,6.89,Medium quality,F,F,snj08,15,Medium quality,744899,4
snj08_SemiBin_97,83.6,0.03,Medium quality,F,T,snj08,9,Medium quality,408385,2
snj08_SemiBin_98,61.19,3.35,Medium quality,F,F,snj08,24,Medium quality,195822,7
snj08_SemiBin_99,63.85,5.37,Medium quality,F,F,snj08,18,Medium quality,306269,5
snj08_SemiBin_9,97.06,5.26,Medium quality,F,F,snj08,17,Medium quality,812941,4
snj09_SemiBin_0,98.99,1.2,High quality,T,F,snj09,2,HQ-MIMAG,2309819,1
snj09_SemiBin_100,73.91,0.29,Medium quality,F,F,snj09,13,Medium quality,542455,4
snj09_SemiBin_101,74.97,0.66,Medium quality,F,T,snj09,8,Medium quality,1176138,2
snj09_SemiBin_102,69.32,1.07,Medium quality,F,F,snj09,27,Medium quality,292165,8
snj09_SemiBin_103,67.77,7.29,Medium quality,F,F,snj09,15,Medium quality,514968,4
snj09_SemiBin_1041,59.25,9.3,Medium quality,F,T,snj09,47,Medium quality,181082,11
snj09_SemiBin_104,69.4,1.62,Medium quality,F,T,snj09,9,Medium quality,218613,3
snj09_SemiBin_105,58.75,1.02,Medium quality,F,T,snj09,11,Medium quality,417176,2
snj09_SemiBin_106,56.87,3.04,Medium quality,F,F,snj09,26,Medium quality,137588,8
snj09_SemiBin_107,61.53,0.98,Medium quality,F,F,snj09,17,Medium quality,275717,5
snj09_SemiBin_108,62.32,1.71,Medium quality,F,T,snj09,7,Medium quality,652630,3
snj09_SemiBin_109,60.28,6.19,Medium quality,F,T,snj09,14,Medium quality,379739,4
snj09_SemiBin_10,97.46,0.59,High quality,T,T,snj09,10,HQ-MIMAG,914802,3
snj09_SemiBin_110,53.44,1.97,Medium quality,F,T,snj09,56,Medium quality,152702,15
snj09_SemiBin_111,55.75,2,Medium quality,F,T,snj09,16,Medium quality,384243,5
snj09_SemiBin_112,84.56,0.63,Medium quality,F,F,snj09,15,Medium quality,463308,4
snj09_SemiBin_113,56.92,1.46,Medium quality,F,T,snj09,35,Medium quality,192645,9
snj09_SemiBin_114,53.11,4.01,Medium quality,F,T,snj09,57,Medium quality,131698,16
snj09_SemiBin_115,51.99,0.94,Medium quality,F,T,snj09,21,Medium quality,117494,7
snj09_SemiBin_116,57.94,1.77,Medium quality,F,F,snj09,26,Medium quality,237117,5
snj09_SemiBin_117,61.1,0.78,Medium quality,F,T,snj09,27,Medium quality,211908,8
snj09_SemiBin_119,52.38,1.34,Medium quality,F,T,snj09,19,Medium quality,225611,6
snj09_SemiBin_11,94.64,0.82,High quality,T,F,snj09,9,HQ-MIMAG,449031,3
snj09_SemiBin_120,53.58,3.87,Medium quality,F,T,snj09,48,Medium quality,248980,12
snj09_SemiBin_121,98.57,7.12,Medium quality,F,F,snj09,15,Medium quality,987303,3
snj09_SemiBin_126,55.58,2.17,Medium quality,F,T,snj09,8,Medium quality,547649,3
snj09_SemiBin_127,52.52,4.61,Medium quality,F,F,snj09,34,Medium quality,166563,8
snj09_SemiBin_12,85.03,1.17,Medium quality,F,T,snj09,6,Medium quality,635939,3
snj09_SemiBin_130,76.09,4.34,Medium quality,F,T,snj09,18,Medium quality,637713,3
snj09_SemiBin_1316,54.06,9.14,Medium quality,F,T,snj09,22,Medium quality,247165,6
snj09_SemiBin_131,53.28,0.79,Medium quality,F,T,snj09,2,Medium quality,1109926,1
snj09_SemiBin_134,62.25,2.11,Medium quality,F,F,snj09,3,Medium quality,2720979,1
snj09_SemiBin_136,61.63,1.43,Medium quality,F,F,snj09,25,Medium quality,314525,7
snj09_SemiBin_138,76.14,5.98,Medium quality,F,T,snj09,23,Medium quality,397161,7
snj09_SemiBin_13,87.17,0.06,Medium quality,F,T,snj09,1,Medium quality,4833178,1
snj09_SemiBin_140,50.32,5.67,Medium quality,F,T,snj09,20,Medium quality,237561,6
snj09_SemiBin_144,94.34,0.36,High quality,F,F,snj09,5,High quality,2809149,1
snj09_SemiBin_145,56.87,0.04,Medium quality,F,F,snj09,11,Medium quality,362556,4
snj09_SemiBin_14,99.94,3.31,High quality,T,T,snj09,7,HQ-MIMAG,1081710,3
snj09_SemiBin_151,60.48,2.01,Medium quality,F,T,snj09,27,Medium quality,214851,9
snj09_SemiBin_153,56.6,1.48,Medium quality,F,F,snj09,69,Medium quality,123025,18
snj09_SemiBin_154,58.08,2.11,Medium quality,F,T,snj09,30,Medium quality,297015,7
snj09_SemiBin_1577,64.63,7.72,Medium quality,F,T,snj09,45,Medium quality,139679,12
snj09_SemiBin_159,59.15,4.8,Medium quality,F,T,snj09,51,Medium quality,112714,14
snj09_SemiBin_15,94.55,1.59,High quality,T,T,snj09,15,HQ-MIMAG,971636,4
snj09_SemiBin_163,70.42,1.87,Medium quality,F,T,snj09,31,Medium quality,195957,8
snj09_SemiBin_164,73.69,0.23,Medium quality,F,F,snj09,6,Medium quality,1010975,2
snj09_SemiBin_165,62.02,0.14,Medium quality,F,F,snj09,23,Medium quality,295733,6
snj09_SemiBin_168,83.8,5.56,Medium quality,F,T,snj09,28,Medium quality,222319,7
snj09_SemiBin_169,55.64,1,Medium quality,F,T,snj09,27,Medium quality,315989,8
snj09_SemiBin_16,91.71,0.11,High quality,T,T,snj09,18,HQ-MIMAG,242942,6
snj09_SemiBin_171,50.88,6.11,Medium quality,F,T,snj09,27,Medium quality,99689,6
snj09_SemiBin_174,57.49,0.85,Medium quality,F,F,snj09,14,Medium quality,415008,4
snj09_SemiBin_179,56.2,1.99,Medium quality,F,T,snj09,26,Medium quality,307365,5
snj09_SemiBin_17,99.96,2.2,High quality,T,F,snj09,12,HQ-MIMAG,1051032,3
snj09_SemiBin_181,63.48,3.02,Medium quality,F,F,snj09,13,Medium quality,750625,4
snj09_SemiBin_182,50.79,0.27,Medium quality,F,F,snj09,17,Medium quality,229466,5
snj09_SemiBin_189,56.94,0.86,Medium quality,F,T,snj09,38,Medium quality,129173,12
snj09_SemiBin_18,99.46,0.68,High quality,T,T,snj09,7,HQ-MIMAG,830924,2
snj09_SemiBin_190,57.52,2.17,Medium quality,F,T,snj09,23,Medium quality,299306,6
snj09_SemiBin_1924,52.31,9.25,Medium quality,F,T,snj09,57,Medium quality,75180,19
snj09_SemiBin_1927,56.84,5.41,Medium quality,F,T,snj09,49,Medium quality,137627,16
snj09_SemiBin_1929,50.03,5.53,Medium quality,F,T,snj09,18,Medium quality,127661,6
snj09_SemiBin_199,55.25,1.58,Medium quality,F,F,snj09,27,Medium quality,271393,7
snj09_SemiBin_19,100,4.21,High quality,T,F,snj09,8,HQ-MIMAG,1637113,3
snj09_SemiBin_1,97.71,3.67,High quality,T,T,snj09,21,HQ-MIMAG,469980,6
snj09_SemiBin_200,75.15,3.69,Medium quality,F,T,snj09,29,Medium quality,241766,8
snj09_SemiBin_204,61.06,5.17,Medium quality,F,F,snj09,18,Medium quality,426519,4
snj09_SemiBin_205,61.48,7.19,Medium quality,F,T,snj09,45,Medium quality,108498,16
snj09_SemiBin_20,89.56,5.43,Medium quality,F,T,snj09,17,Medium quality,623617,4
snj09_SemiBin_212,56.15,0.45,Medium quality,F,F,snj09,4,Medium quality,964267,2
snj09_SemiBin_217,54.62,2.6,Medium quality,F,T,snj09,21,Medium quality,303037,5
snj09_SemiBin_21,95.55,1.66,High quality,T,F,snj09,3,HQ-MIMAG,2073788,1
snj09_SemiBin_226,50.34,0.14,Medium quality,F,T,snj09,8,Medium quality,98674,4
snj09_SemiBin_22,90.57,4.2,High quality,F,F,snj09,23,High quality,353110,5
snj09_SemiBin_232,50.49,6.84,Medium quality,F,T,snj09,24,Medium quality,323285,5
snj09_SemiBin_239,59.35,0.06,Medium quality,F,F,snj09,6,Medium quality,663878,3
snj09_SemiBin_23,79.14,1.17,Medium quality,F,F,snj09,11,Medium quality,850862,2
snj09_SemiBin_241,79.72,2.4,Medium quality,F,T,snj09,32,Medium quality,244459,10
snj09_SemiBin_248,50.76,0.47,Medium quality,F,T,snj09,40,Medium quality,174357,10
snj09_SemiBin_258,59.55,0.8,Medium quality,F,F,snj09,45,Medium quality,250185,10
snj09_SemiBin_259,60.85,8.01,Medium quality,F,T,snj09,69,Medium quality,129615,22
snj09_SemiBin_25,93.72,5.17,Medium quality,F,F,snj09,26,Medium quality,203497,6
snj09_SemiBin_26,92.09,6.6,Medium quality,F,F,snj09,21,Medium quality,548319,4
snj09_SemiBin_27,87.89,2.78,Medium quality,F,T,snj09,18,Medium quality,695121,4
snj09_SemiBin_28,95.46,9.51,Medium quality,F,F,snj09,31,Medium quality,403457,7
snj09_SemiBin_292,50.82,2.4,Medium quality,F,T,snj09,18,Medium quality,216527,6
snj09_SemiBin_29,88.05,4.71,Medium quality,F,F,snj09,13,Medium quality,558812,4
snj09_SemiBin_2,100,2.15,High quality,T,T,snj09,5,HQ-MIMAG,3015415,2
snj09_SemiBin_30,92.56,1.64,High quality,T,F,snj09,12,HQ-MIMAG,750367,3
snj09_SemiBin_317,52.94,9.82,Medium quality,F,T,snj09,65,Medium quality,110070,15
snj09_SemiBin_31,96.52,2.05,High quality,T,T,snj09,11,HQ-MIMAG,670633,4
snj09_SemiBin_32,93.44,2.29,High quality,T,F,snj09,9,HQ-MIMAG,792885,3
snj09_SemiBin_33,93.04,4.45,High quality,T,F,snj09,10,HQ-MIMAG,737363,3
snj09_SemiBin_35,96,4.4,High quality,T,T,snj09,6,HQ-MIMAG,1205027,2
snj09_SemiBin_36,88.17,8.12,Medium quality,F,F,snj09,17,Medium quality,1244950,3
snj09_SemiBin_37,88.39,3.53,Medium quality,F,F,snj09,8,Medium quality,1047779,3
snj09_SemiBin_38,82.8,1.66,Medium quality,F,T,snj09,16,Medium quality,207478,3
snj09_SemiBin_39,76.42,0.73,Medium quality,F,F,snj09,20,Medium quality,287018,5
snj09_SemiBin_3,100,0.71,High quality,T,T,snj09,18,HQ-MIMAG,694863,3
snj09_SemiBin_40,93.52,6.99,Medium quality,F,F,snj09,19,Medium quality,506610,5
snj09_SemiBin_41,90.79,7.94,Medium quality,F,T,snj09,33,Medium quality,404481,6
snj09_SemiBin_42,79.53,3.78,Medium quality,F,F,snj09,18,Medium quality,346256,4
snj09_SemiBin_43,82.79,2.63,Medium quality,F,F,snj09,17,Medium quality,198367,5
snj09_SemiBin_44,80.98,3.29,Medium quality,F,T,snj09,34,Medium quality,167784,7
snj09_SemiBin_45,85.66,4.39,Medium quality,F,T,snj09,10,Medium quality,935218,3
snj09_SemiBin_46,85.84,0.25,Medium quality,F,F,snj09,6,Medium quality,620309,2
snj09_SemiBin_47,84.81,2.41,Medium quality,F,T,snj09,31,Medium quality,351530,7
snj09_SemiBin_48,84.81,2.1,Medium quality,F,T,snj09,24,Medium quality,284230,6
snj09_SemiBin_497,69.58,1.99,Medium quality,F,F,snj09,19,Medium quality,137694,5
snj09_SemiBin_49,88.63,6.53,Medium quality,F,F,snj09,10,Medium quality,796264,3
snj09_SemiBin_4,99.25,1.11,High quality,T,T,snj09,3,HQ-MIMAG,3511114,1
snj09_SemiBin_50,83.74,1.39,Medium quality,F,T,snj09,12,Medium quality,546647,4
snj09_SemiBin_52,78.31,1.93,Medium quality,F,F,snj09,37,Medium quality,235495,9
snj09_SemiBin_53,79.49,8.63,Medium quality,F,T,snj09,45,Medium quality,259811,10
snj09_SemiBin_54,80.66,0.83,Medium quality,F,F,snj09,6,Medium quality,1132831,3
snj09_SemiBin_56,76,2.24,Medium quality,F,F,snj09,17,Medium quality,366755,4
snj09_SemiBin_57,84.93,3.68,Medium quality,F,T,snj09,27,Medium quality,242685,6
snj09_SemiBin_58,88.47,2.65,Medium quality,F,F,snj09,19,Medium quality,422336,4
snj09_SemiBin_59,80.09,7.21,Medium quality,F,T,snj09,28,Medium quality,304751,7
snj09_SemiBin_5,95.94,0.07,High quality,T,T,snj09,6,HQ-MIMAG,1417934,2
snj09_SemiBin_60,82.82,0.39,Medium quality,F,F,snj09,2,Medium quality,3076578,1
snj09_SemiBin_61,73.01,4.25,Medium quality,F,F,snj09,35,Medium quality,190616,10
snj09_SemiBin_62,89.76,7.72,Medium quality,F,F,snj09,36,Medium quality,337710,6
snj09_SemiBin_63,72.66,0.27,Medium quality,F,T,snj09,23,Medium quality,213927,7
snj09_SemiBin_64,82.73,2.03,Medium quality,F,T,snj09,17,Medium quality,343283,5
snj09_SemiBin_66,75.77,2.89,Medium quality,F,T,snj09,23,Medium quality,294307,6
snj09_SemiBin_67,92.58,5,Medium quality,F,T,snj09,30,Medium quality,495866,7
snj09_SemiBin_68,59.52,0.17,Medium quality,F,F,snj09,12,Medium quality,248019,4
snj09_SemiBin_693,68.16,7.35,Medium quality,F,T,snj09,57,Medium quality,155821,16
snj09_SemiBin_69,79.2,1.3,Medium quality,F,T,snj09,11,Medium quality,513723,3
snj09_SemiBin_6,96,7.37,Medium quality,F,F,snj09,32,Medium quality,463452,7
snj09_SemiBin_70,74.29,1.26,Medium quality,F,T,snj09,19,Medium quality,281531,6
snj09_SemiBin_71,68.14,3.14,Medium quality,F,T,snj09,27,Medium quality,229038,7
snj09_SemiBin_72,64.25,2.71,Medium quality,F,T,snj09,6,Medium quality,864558,2
snj09_SemiBin_73,83.04,2.13,Medium quality,F,F,snj09,10,Medium quality,607024,4
snj09_SemiBin_74,71.6,0.92,Medium quality,F,F,snj09,14,Medium quality,238554,5
snj09_SemiBin_75,67.24,1.17,Medium quality,F,F,snj09,5,Medium quality,1124946,2
snj09_SemiBin_76,79.84,3.76,Medium quality,F,T,snj09,22,Medium quality,475438,5
snj09_SemiBin_770,65.36,8.73,Medium quality,F,T,snj09,65,Medium quality,100247,18
snj09_SemiBin_77,88.27,3.46,Medium quality,F,T,snj09,9,Medium quality,1387987,2
snj09_SemiBin_78,77.66,6.12,Medium quality,F,T,snj09,26,Medium quality,319783,6
snj09_SemiBin_7,100,0.95,High quality,T,T,snj09,4,HQ-MIMAG,2876613,1
snj09_SemiBin_80,79.26,8.54,Medium quality,F,F,snj09,37,Medium quality,189434,8
snj09_SemiBin_816,52.55,6.37,Medium quality,F,T,snj09,29,Medium quality,237278,8
snj09_SemiBin_81,73.95,0.66,Medium quality,F,T,snj09,32,Medium quality,283926,9
snj09_SemiBin_82,78.1,0.52,Medium quality,F,F,snj09,17,Medium quality,190229,5
snj09_SemiBin_83,74.54,1.72,Medium quality,F,F,snj09,24,Medium quality,355236,7
snj09_SemiBin_84,89.4,1.37,Medium quality,F,T,snj09,7,Medium quality,734297,2
snj09_SemiBin_85,74.19,0.93,Medium quality,F,T,snj09,11,Medium quality,316514,4
snj09_SemiBin_86,74.74,2.78,Medium quality,F,T,snj09,15,Medium quality,297869,4
snj09_SemiBin_87,66.98,3.22,Medium quality,F,T,snj09,23,Medium quality,282038,6
snj09_SemiBin_88,65.34,1.65,Medium quality,F,T,snj09,15,Medium quality,444265,4
snj09_SemiBin_89,83.98,2.3,Medium quality,F,T,snj09,35,Medium quality,289791,9
snj09_SemiBin_8,99.71,1.98,High quality,T,T,snj09,5,HQ-MIMAG,1350884,2
snj09_SemiBin_90,73.77,3.62,Medium quality,F,T,snj09,17,Medium quality,567850,4
snj09_SemiBin_91,72.48,0.4,Medium quality,F,T,snj09,11,Medium quality,527569,4
snj09_SemiBin_92,73.75,1.2,Medium quality,F,F,snj09,24,Medium quality,412908,6
snj09_SemiBin_93,70.6,0.41,Medium quality,F,T,snj09,10,Medium quality,489913,3
snj09_SemiBin_94,54.79,0.99,Medium quality,F,T,snj09,34,Medium quality,125689,10
snj09_SemiBin_95,77.27,0.24,Medium quality,F,F,snj09,23,Medium quality,506145,4
snj09_SemiBin_96,81.62,1.49,Medium quality,F,F,snj09,32,Medium quality,214621,10
snj09_SemiBin_97,65.19,3.07,Medium quality,F,F,snj09,19,Medium quality,251159,6
snj09_SemiBin_98,66.19,2.31,Medium quality,F,T,snj09,24,Medium quality,223927,6
snj09_SemiBin_99,73.97,2.23,Medium quality,F,F,snj09,2,Medium quality,3620926,1
snj09_SemiBin_9,96.81,1.93,High quality,F,F,snj09,11,High quality,1479980,3
snj10_SemiBin_0,96.43,6.26,Medium quality,F,F,snj10,28,Medium quality,367384,5
snj10_SemiBin_100,69.69,0.04,Medium quality,F,F,snj10,16,Medium quality,347739,5
snj10_SemiBin_103,55.14,8.38,Medium quality,F,T,snj10,85,Medium quality,84648,23
snj10_SemiBin_108,66.62,2.31,Medium quality,F,T,snj10,10,Medium quality,274142,4
snj10_SemiBin_10,76.82,5.79,Medium quality,F,F,snj10,22,Medium quality,232075,5
snj10_SemiBin_114,61.15,0.69,Medium quality,F,F,snj10,24,Medium quality,311072,6
snj10_SemiBin_118,64.76,1.13,Medium quality,F,T,snj10,9,Medium quality,414515,3
snj10_SemiBin_119,55.39,7.45,Medium quality,F,T,snj10,29,Medium quality,247660,7
snj10_SemiBin_11,99.89,6.22,Medium quality,F,F,snj10,11,Medium quality,623205,3
snj10_SemiBin_12,92.14,4.16,High quality,T,F,snj10,4,HQ-MIMAG,1313960,2
snj10_SemiBin_13,92.66,5.37,Medium quality,F,F,snj10,24,Medium quality,305255,7
snj10_SemiBin_154,73.98,6.86,Medium quality,F,F,snj10,14,Medium quality,541548,3
snj10_SemiBin_155,54.76,1.61,Medium quality,F,F,snj10,8,Medium quality,721874,2
snj10_SemiBin_156,58.74,0.64,Medium quality,F,T,snj10,30,Medium quality,173456,7
snj10_SemiBin_15,84.7,2.68,Medium quality,F,T,snj10,16,Medium quality,499293,6
snj10_SemiBin_163,75.8,0.68,Medium quality,F,F,snj10,12,Medium quality,471379,4
snj10_SemiBin_165,50.12,5.88,Medium quality,F,F,snj10,26,Medium quality,241576,8
snj10_SemiBin_169,63.83,8.72,Medium quality,F,F,snj10,26,Medium quality,222123,8
snj10_SemiBin_16,92.33,8.71,Medium quality,F,F,snj10,18,Medium quality,500036,5
snj10_SemiBin_172,50.99,1.21,Medium quality,F,F,snj10,30,Medium quality,273013,7
snj10_SemiBin_1730,52.23,8.23,Medium quality,F,T,snj10,54,Medium quality,80389,15
snj10_SemiBin_1731,53.18,7.31,Medium quality,F,T,snj10,64,Medium quality,95442,17
snj10_SemiBin_17,81.03,0.14,Medium quality,F,F,snj10,6,Medium quality,676905,2
snj10_SemiBin_1812,54.53,7.37,Medium quality,F,T,snj10,85,Medium quality,70711,24
snj10_SemiBin_18,78.5,1.44,Medium quality,F,F,snj10,9,Medium quality,416944,3
snj10_SemiBin_19,88.29,4.33,Medium quality,F,F,snj10,18,Medium quality,491129,4
snj10_SemiBin_1,99.34,1.24,High quality,T,F,snj10,13,HQ-MIMAG,739216,4
snj10_SemiBin_20,86.51,2.6,Medium quality,F,F,snj10,11,Medium quality,559304,3
snj10_SemiBin_214,56.91,2.66,Medium quality,F,F,snj10,12,Medium quality,421613,4
snj10_SemiBin_219,87.36,0.65,Medium quality,F,F,snj10,7,Medium quality,336530,3
snj10_SemiBin_21,71.85,0.4,Medium quality,F,T,snj10,13,Medium quality,256991,4
snj10_SemiBin_22,85.43,1.43,Medium quality,F,T,snj10,20,Medium quality,363369,6
snj10_SemiBin_23,79.2,1.26,Medium quality,F,F,snj10,9,Medium quality,556420,2
snj10_SemiBin_253,59.53,2.82,Medium quality,F,F,snj10,8,Medium quality,599275,3
snj10_SemiBin_25,79.33,3.64,Medium quality,F,F,snj10,14,Medium quality,679593,4
snj10_SemiBin_26,81.48,4.48,Medium quality,F,F,snj10,23,Medium quality,429012,6
snj10_SemiBin_27,78.2,3.56,Medium quality,F,F,snj10,15,Medium quality,565746,4
snj10_SemiBin_28,82.95,1.43,Medium quality,F,F,snj10,7,Medium quality,924208,2
snj10_SemiBin_298,56.51,9.92,Medium quality,F,T,snj10,128,Medium quality,73257,31
snj10_SemiBin_29,89.48,3.07,Medium quality,F,F,snj10,18,Medium quality,650334,4
snj10_SemiBin_2,100,1.31,High quality,T,F,snj10,14,HQ-MIMAG,469427,3
snj10_SemiBin_30,79.13,4.86,Medium quality,F,F,snj10,15,Medium quality,492488,4
snj10_SemiBin_31,83.33,3.24,Medium quality,F,T,snj10,21,Medium quality,571895,5
snj10_SemiBin_34,65.97,6.34,Medium quality,F,T,snj10,36,Medium quality,277628,8
snj10_SemiBin_35,60.54,3.97,Medium quality,F,F,snj10,13,Medium quality,373632,3
snj10_SemiBin_36,77.35,2.65,Medium quality,F,F,snj10,11,Medium quality,448269,3
snj10_SemiBin_37,75.25,1.47,Medium quality,F,T,snj10,12,Medium quality,340783,4
snj10_SemiBin_38,76.28,0.51,Medium quality,F,F,snj10,34,Medium quality,218444,9
snj10_SemiBin_3,97.89,0.96,High quality,T,F,snj10,6,HQ-MIMAG,949366,2
snj10_SemiBin_40,63.1,3.47,Medium quality,F,T,snj10,41,Medium quality,320028,10
snj10_SemiBin_41,84.99,2.5,Medium quality,F,F,snj10,33,Medium quality,277413,8
snj10_SemiBin_42,58.34,7.08,Medium quality,F,T,snj10,60,Medium quality,127940,14
snj10_SemiBin_43,72.52,2.26,Medium quality,F,F,snj10,16,Medium quality,343842,6
snj10_SemiBin_44,77.13,6.52,Medium quality,F,T,snj10,50,Medium quality,220761,12
snj10_SemiBin_450,52.98,7.17,Medium quality,F,T,snj10,30,Medium quality,72499,8
snj10_SemiBin_45,68.68,3.26,Medium quality,F,F,snj10,43,Medium quality,219432,11
snj10_SemiBin_46,73.61,5.02,Medium quality,F,F,snj10,8,Medium quality,450029,2
snj10_SemiBin_47,67.24,2.85,Medium quality,F,T,snj10,16,Medium quality,424870,3
snj10_SemiBin_48,53.71,1.94,Medium quality,F,T,snj10,43,Medium quality,125693,12
snj10_SemiBin_49,82.32,0.78,Medium quality,F,F,snj10,15,Medium quality,531397,4
snj10_SemiBin_4,91.3,2.11,High quality,T,F,snj10,22,HQ-MIMAG,545065,5
snj10_SemiBin_50,64.33,5.62,Medium quality,F,T,snj10,19,Medium quality,339222,5
snj10_SemiBin_51,60.64,4.25,Medium quality,F,F,snj10,10,Medium quality,208703,3
snj10_SemiBin_52,58.1,4.11,Medium quality,F,T,snj10,36,Medium quality,200643,8
snj10_SemiBin_53,62.01,0.85,Medium quality,F,F,snj10,2,Medium quality,2481940,1
snj10_SemiBin_54,61.53,2.41,Medium quality,F,T,snj10,9,Medium quality,178073,3
snj10_SemiBin_55,56.5,0.5,Medium quality,F,T,snj10,19,Medium quality,328002,5
snj10_SemiBin_56,67.61,0.84,Medium quality,F,F,snj10,25,Medium quality,429127,5
snj10_SemiBin_57,70.39,3.79,Medium quality,F,T,snj10,22,Medium quality,250772,5
snj10_SemiBin_58,58.34,1.39,Medium quality,F,T,snj10,39,Medium quality,184332,10
snj10_SemiBin_59,92.6,0.4,High quality,F,T,snj10,12,High quality,408623,4
snj10_SemiBin_5,88.98,3.77,Medium quality,F,T,snj10,18,Medium quality,558086,4
snj10_SemiBin_60,59.22,2.91,Medium quality,F,F,snj10,17,Medium quality,483617,2
snj10_SemiBin_61,50.85,7.97,Medium quality,F,T,snj10,74,Medium quality,108463,15
snj10_SemiBin_62,61.26,3.21,Medium quality,F,F,snj10,7,Medium quality,235000,3
snj10_SemiBin_63,72.15,1.2,Medium quality,F,T,snj10,9,Medium quality,215980,4
snj10_SemiBin_65,57.9,5.57,Medium quality,F,T,snj10,48,Medium quality,100125,11
snj10_SemiBin_66,56.69,4.62,Medium quality,F,T,snj10,41,Medium quality,173908,11
snj10_SemiBin_67,55.8,2.49,Medium quality,F,T,snj10,19,Medium quality,204518,5
snj10_SemiBin_69,51.58,7.31,Medium quality,F,F,snj10,13,Medium quality,501101,4
snj10_SemiBin_6,99.98,1.89,High quality,T,F,snj10,11,HQ-MIMAG,924429,4
snj10_SemiBin_70,67.87,6.04,Medium quality,F,T,snj10,22,Medium quality,548323,5
snj10_SemiBin_71,62.64,5.72,Medium quality,F,F,snj10,14,Medium quality,345500,4
snj10_SemiBin_73,83.4,0.41,Medium quality,F,T,snj10,14,Medium quality,679249,3
snj10_SemiBin_75,60.69,2.85,Medium quality,F,F,snj10,29,Medium quality,250395,8
snj10_SemiBin_76,58.12,9.06,Medium quality,F,T,snj10,40,Medium quality,168631,10
snj10_SemiBin_77,59.07,1.85,Medium quality,F,F,snj10,13,Medium quality,498200,4
snj10_SemiBin_7,91.6,4.34,High quality,T,F,snj10,15,HQ-MIMAG,598093,4
snj10_SemiBin_80,72.43,5.24,Medium quality,F,T,snj10,35,Medium quality,232752,9
snj10_SemiBin_88,57.33,2.35,Medium quality,F,F,snj10,24,Medium quality,296480,7
snj10_SemiBin_8,89.34,0.73,Medium quality,F,F,snj10,46,Medium quality,306790,9
snj10_SemiBin_91,84.02,0.21,Medium quality,F,F,snj10,16,Medium quality,375818,5
snj10_SemiBin_93,61.74,0.01,Medium quality,F,F,snj10,16,Medium quality,135636,4
snj10_SemiBin_96,52.16,2.51,Medium quality,F,T,snj10,30,Medium quality,309517,6
snj10_SemiBin_97,76.99,0.41,Medium quality,F,F,snj10,18,Medium quality,184300,4
snj10_SemiBin_98,65.14,0.49,Medium quality,F,F,snj10,5,Medium quality,1682762,1
snj10_SemiBin_99,62.51,0.53,Medium quality,F,F,snj10,26,Medium quality,134545,8
snj10_SemiBin_9,100,9.99,Medium quality,F,F,snj10,20,Medium quality,1017427,4
snj11_SemiBin_0,100,0.72,High quality,T,T,snj11,4,HQ-MIMAG,3741470,1
snj11_SemiBin_100,58.5,2.81,Medium quality,F,T,snj11,32,Medium quality,171438,8
snj11_SemiBin_101,60.17,3.9,Medium quality,F,F,snj11,31,Medium quality,246741,8
snj11_SemiBin_102,87.77,0.35,Medium quality,F,F,snj11,5,Medium quality,849401,2
snj11_SemiBin_103,100,8.97,Medium quality,F,T,snj11,13,Medium quality,375521,3
snj11_SemiBin_104,92.19,0.72,High quality,T,F,snj11,15,HQ-MIMAG,497449,3
snj11_SemiBin_1057,55.61,8.57,Medium quality,F,T,snj11,26,Medium quality,226892,7
snj11_SemiBin_105,69.37,0.1,Medium quality,F,F,snj11,3,Medium quality,3099831,1
snj11_SemiBin_106,59.34,2.91,Medium quality,F,T,snj11,23,Medium quality,172444,6
snj11_SemiBin_107,73.67,4.31,Medium quality,F,F,snj11,22,Medium quality,300143,5
snj11_SemiBin_108,50.22,0.44,Medium quality,F,F,snj11,2,Medium quality,1088580,1
snj11_SemiBin_109,72.1,0.99,Medium quality,F,F,snj11,11,Medium quality,670326,4
snj11_SemiBin_10,89.84,6.97,Medium quality,F,F,snj11,3,Medium quality,6204789,1
snj11_SemiBin_110,61.98,3.63,Medium quality,F,F,snj11,28,Medium quality,204999,9
snj11_SemiBin_111,58.37,4.43,Medium quality,F,T,snj11,67,Medium quality,76595,19
snj11_SemiBin_112,67.45,0.77,Medium quality,F,F,snj11,8,Medium quality,854750,2
snj11_SemiBin_113,50.35,3.01,Medium quality,F,F,snj11,18,Medium quality,184066,6
snj11_SemiBin_116,60.4,1.58,Medium quality,F,F,snj11,26,Medium quality,330973,7
snj11_SemiBin_117,53.92,0.76,Medium quality,F,F,snj11,27,Medium quality,301294,6
snj11_SemiBin_119,51.05,1.14,Medium quality,F,T,snj11,20,Medium quality,213424,5
snj11_SemiBin_11,99.72,1.88,High quality,F,T,snj11,10,High quality,1056775,2
snj11_SemiBin_120,71.41,0.82,Medium quality,F,T,snj11,10,Medium quality,614136,3
snj11_SemiBin_121,55.16,2.52,Medium quality,F,T,snj11,17,Medium quality,418900,4
snj11_SemiBin_125,61.97,1.23,Medium quality,F,F,snj11,21,Medium quality,243843,7
snj11_SemiBin_126,90.26,0.42,High quality,F,F,snj11,9,High quality,970985,3
snj11_SemiBin_127,58.78,1.62,Medium quality,F,F,snj11,74,Medium quality,247994,20
snj11_SemiBin_128,58.21,0.62,Medium quality,F,T,snj11,12,Medium quality,334488,4
snj11_SemiBin_12,98.52,0.71,High quality,T,T,snj11,29,HQ-MIMAG,407916,7
snj11_SemiBin_130,53.36,0.09,Medium quality,F,F,snj11,6,Medium quality,979278,2
snj11_SemiBin_132,66.1,6.97,Medium quality,F,T,snj11,12,Medium quality,213005,4
snj11_SemiBin_133,69.45,2.07,Medium quality,F,F,snj11,4,Medium quality,978271,2
snj11_SemiBin_134,91.8,5.57,Medium quality,F,F,snj11,36,Medium quality,324053,8
snj11_SemiBin_136,53.45,1.09,Medium quality,F,F,snj11,1,Medium quality,2511420,1
snj11_SemiBin_138,56.34,1.17,Medium quality,F,T,snj11,5,Medium quality,785166,2
snj11_SemiBin_13,100,4.21,High quality,T,F,snj11,15,HQ-MIMAG,669918,5
snj11_SemiBin_140,75.94,0.27,Medium quality,F,F,snj11,12,Medium quality,942927,3
snj11_SemiBin_141,78.01,4.37,Medium quality,F,F,snj11,27,Medium quality,224322,7
snj11_SemiBin_145,76.17,6.47,Medium quality,F,F,snj11,21,Medium quality,303400,6
snj11_SemiBin_146,52.35,3.62,Medium quality,F,T,snj11,20,Medium quality,207746,6
snj11_SemiBin_148,64.34,0.89,Medium quality,F,F,snj11,13,Medium quality,675490,3
snj11_SemiBin_149,55.18,6.74,Medium quality,F,T,snj11,168,Medium quality,51216,40
snj11_SemiBin_14,94.3,0.12,High quality,T,T,snj11,4,HQ-MIMAG,897439,2
snj11_SemiBin_151,55.27,1.41,Medium quality,F,T,snj11,5,Medium quality,645443,2
snj11_SemiBin_157,68.03,0.19,Medium quality,F,F,snj11,5,Medium quality,909276,2
snj11_SemiBin_158,63.65,0.65,Medium quality,F,F,snj11,11,Medium quality,571704,4
snj11_SemiBin_159,81.19,1.86,Medium quality,F,F,snj11,20,Medium quality,330493,5
snj11_SemiBin_15,90.97,4.98,High quality,T,F,snj11,42,HQ-MIMAG,235232,11
snj11_SemiBin_160,50.78,1.39,Medium quality,F,F,snj11,7,Medium quality,493988,2
snj11_SemiBin_162,58.98,0.11,Medium quality,F,T,snj11,10,Medium quality,415644,4
snj11_SemiBin_165,73.83,0.51,Medium quality,F,T,snj11,10,Medium quality,630386,3
snj11_SemiBin_16,98.3,0.63,High quality,T,T,snj11,9,HQ-MIMAG,604863,4
snj11_SemiBin_172,58.06,2.08,Medium quality,F,F,snj11,10,Medium quality,550698,3
snj11_SemiBin_17,96.71,4.68,High quality,T,F,snj11,15,HQ-MIMAG,757388,4
snj11_SemiBin_184,55.46,0.07,Medium quality,F,T,snj11,20,Medium quality,279619,6
snj11_SemiBin_185,73.84,0.91,Medium quality,F,F,snj11,18,Medium quality,417978,5
snj11_SemiBin_186,77.57,3.46,Medium quality,F,T,snj11,15,Medium quality,526777,4
snj11_SemiBin_187,68.37,5.9,Medium quality,F,T,snj11,54,Medium quality,131779,14
snj11_SemiBin_189,66.07,0.75,Medium quality,F,F,snj11,16,Medium quality,275924,6
snj11_SemiBin_18,96.91,2.45,High quality,T,T,snj11,13,HQ-MIMAG,841249,3
snj11_SemiBin_190,73,1.68,Medium quality,F,F,snj11,19,Medium quality,338826,6
snj11_SemiBin_193,59.51,0.92,Medium quality,F,F,snj11,23,Medium quality,346229,5
snj11_SemiBin_195,57.04,6.02,Medium quality,F,T,snj11,42,Medium quality,146897,9
snj11_SemiBin_19,94.18,3.08,High quality,F,T,snj11,8,High quality,1048738,2
snj11_SemiBin_1,93.62,0.6,High quality,T,F,snj11,8,HQ-MIMAG,675363,3
snj11_SemiBin_2054,56.44,9.32,Medium quality,F,T,snj11,91,Medium quality,100101,27
snj11_SemiBin_207,74.08,0.39,Medium quality,F,T,snj11,7,Medium quality,554599,3
snj11_SemiBin_2095,61.57,7.87,Medium quality,F,T,snj11,61,Medium quality,85932,16
snj11_SemiBin_20,83.52,1.27,Medium quality,F,T,snj11,6,Medium quality,1182917,1
snj11_SemiBin_212,57.05,4.54,Medium quality,F,F,snj11,37,Medium quality,143428,11
snj11_SemiBin_214,67.34,7.68,Medium quality,F,F,snj11,11,Medium quality,360931,3
snj11_SemiBin_2162,51.29,9.58,Medium quality,F,T,snj11,63,Medium quality,94940,18
snj11_SemiBin_21,91.22,0.97,High quality,T,T,snj11,18,HQ-MIMAG,178800,6
snj11_SemiBin_22,90.33,0.1,High quality,T,F,snj11,9,HQ-MIMAG,749434,2
snj11_SemiBin_232,52.77,1.84,Medium quality,F,F,snj11,3,Medium quality,2882090,1
snj11_SemiBin_235,55.03,1.77,Medium quality,F,F,snj11,32,Medium quality,224595,9
snj11_SemiBin_23,96.53,4.35,High quality,T,F,snj11,16,HQ-MIMAG,681369,4
snj11_SemiBin_249,55.21,0.67,Medium quality,F,F,snj11,21,Medium quality,196656,7
snj11_SemiBin_24,100,8.09,Medium quality,F,F,snj11,10,Medium quality,1268161,3
snj11_SemiBin_255,51.11,0.02,Medium quality,F,F,snj11,5,Medium quality,512004,2
snj11_SemiBin_25,89.89,1.9,Medium quality,F,T,snj11,3,Medium quality,2326645,1
snj11_SemiBin_266,51.17,1.15,Medium quality,F,F,snj11,22,Medium quality,379081,6
snj11_SemiBin_26,96.2,0.92,High quality,T,F,snj11,6,HQ-MIMAG,1257735,2
snj11_SemiBin_276,63.94,0.95,Medium quality,F,T,snj11,11,Medium quality,888866,2
snj11_SemiBin_278,50.15,8.2,Medium quality,F,T,snj11,61,Medium quality,138174,16
snj11_SemiBin_27,95.23,5.45,Medium quality,F,T,snj11,25,Medium quality,351202,7
snj11_SemiBin_28,94.84,5.78,Medium quality,F,F,snj11,19,Medium quality,487956,3
snj11_SemiBin_296,59.11,1.16,Medium quality,F,F,snj11,11,Medium quality,286032,4
snj11_SemiBin_29,82.54,0.12,Medium quality,F,F,snj11,9,Medium quality,982036,2
snj11_SemiBin_2,100,1.52,High quality,T,T,snj11,2,HQ-MIMAG,2421648,1
snj11_SemiBin_30,92.32,2.98,High quality,T,T,snj11,9,HQ-MIMAG,884032,2
snj11_SemiBin_319,53.04,2.25,Medium quality,F,F,snj11,12,Medium quality,469858,4
snj11_SemiBin_31,92.09,6.11,Medium quality,F,F,snj11,6,Medium quality,1219362,2
snj11_SemiBin_32,88.36,4.49,Medium quality,F,F,snj11,15,Medium quality,776902,4
snj11_SemiBin_33,89.04,3.41,Medium quality,F,F,snj11,15,Medium quality,528672,4
snj11_SemiBin_343,86.42,0.18,Medium quality,F,F,snj11,7,Medium quality,234283,3
snj11_SemiBin_346,57.08,3.41,Medium quality,F,T,snj11,20,Medium quality,297826,6
snj11_SemiBin_34,94.67,1.93,High quality,F,F,snj11,8,High quality,926523,3
snj11_SemiBin_35,76.54,0.06,Medium quality,F,T,snj11,7,Medium quality,665676,2
snj11_SemiBin_36,79.46,3.12,Medium quality,F,T,snj11,10,Medium quality,349110,3
snj11_SemiBin_37,86.18,2.13,Medium quality,F,F,snj11,22,Medium quality,293977,6
snj11_SemiBin_389,57.84,2.49,Medium quality,F,T,snj11,14,Medium quality,535061,3
snj11_SemiBin_38,78.01,2.08,Medium quality,F,F,snj11,10,Medium quality,435243,4
snj11_SemiBin_39,94.41,5.95,Medium quality,F,F,snj11,13,Medium quality,788968,3
snj11_SemiBin_3,92.34,0.2,High quality,T,T,snj11,9,HQ-MIMAG,571312,3
snj11_SemiBin_40,88.4,0.23,Medium quality,F,F,snj11,10,Medium quality,596664,3
snj11_SemiBin_41,95.65,7.77,Medium quality,F,F,snj11,11,Medium quality,1069854,3
snj11_SemiBin_42,82,1.86,Medium quality,F,F,snj11,6,Medium quality,935594,2
snj11_SemiBin_43,83.15,0.94,Medium quality,F,F,snj11,12,Medium quality,423911,4
snj11_SemiBin_449,60.51,3.18,Medium quality,F,T,snj11,26,Medium quality,137611,7
snj11_SemiBin_44,91.44,4.12,High quality,T,T,snj11,15,HQ-MIMAG,576722,5
snj11_SemiBin_45,98.49,1.27,High quality,F,F,snj11,11,High quality,455727,4
snj11_SemiBin_46,80.26,1.58,Medium quality,F,F,snj11,6,Medium quality,1121075,3
snj11_SemiBin_47,83.1,0.96,Medium quality,F,T,snj11,31,Medium quality,259942,9
snj11_SemiBin_49,79.35,2.6,Medium quality,F,F,snj11,10,Medium quality,707884,3
snj11_SemiBin_4,96.32,3.48,High quality,T,F,snj11,12,HQ-MIMAG,615556,3
snj11_SemiBin_50,88.29,4.1,Medium quality,F,F,snj11,15,Medium quality,434660,4
snj11_SemiBin_51,86.41,0.47,Medium quality,F,T,snj11,8,Medium quality,1338761,2
snj11_SemiBin_52,79.82,1.66,Medium quality,F,F,snj11,15,Medium quality,639635,3
snj11_SemiBin_53,86.63,4.28,Medium quality,F,F,snj11,23,Medium quality,405478,7
snj11_SemiBin_54,83.96,1.09,Medium quality,F,F,snj11,20,Medium quality,361581,6
snj11_SemiBin_55,89.45,2.76,Medium quality,F,F,snj11,16,Medium quality,689035,5
snj11_SemiBin_56,77.83,0.68,Medium quality,F,T,snj11,14,Medium quality,466513,3
snj11_SemiBin_57,84.97,7.52,Medium quality,F,F,snj11,19,Medium quality,601891,5
snj11_SemiBin_58,78.12,2.63,Medium quality,F,T,snj11,19,Medium quality,421285,4
snj11_SemiBin_593,51.9,6.81,Medium quality,F,T,snj11,14,Medium quality,335518,4
snj11_SemiBin_59,72.03,1.39,Medium quality,F,T,snj11,11,Medium quality,440177,3
snj11_SemiBin_5,100,1.22,High quality,F,F,snj11,9,High quality,970533,3
snj11_SemiBin_60,69.19,2.95,Medium quality,F,F,snj11,24,Medium quality,224384,8
snj11_SemiBin_61,77.36,4.78,Medium quality,F,F,snj11,32,Medium quality,304069,7
snj11_SemiBin_622,53.08,9.17,Medium quality,F,T,snj11,44,Medium quality,89387,10
snj11_SemiBin_62,76.1,7.2,Medium quality,F,F,snj11,30,Medium quality,286411,8
snj11_SemiBin_63,79.53,1.12,Medium quality,F,F,snj11,8,Medium quality,772132,3
snj11_SemiBin_64,68.99,3.26,Medium quality,F,F,snj11,19,Medium quality,447822,4
snj11_SemiBin_65,71.56,3.46,Medium quality,F,T,snj11,30,Medium quality,190746,10
snj11_SemiBin_66,87.78,7.88,Medium quality,F,F,snj11,15,Medium quality,443619,5
snj11_SemiBin_67,81.21,9.98,Medium quality,F,F,snj11,38,Medium quality,340592,8
snj11_SemiBin_68,65.2,0.3,Medium quality,F,T,snj11,6,Medium quality,440864,3
snj11_SemiBin_69,83.03,6.37,Medium quality,F,T,snj11,21,Medium quality,361315,5
snj11_SemiBin_6,100,0.04,High quality,T,T,snj11,6,HQ-MIMAG,4146976,1
snj11_SemiBin_70,65.91,2.33,Medium quality,F,F,snj11,21,Medium quality,150290,6
snj11_SemiBin_71,77.27,0.54,Medium quality,F,T,snj11,7,Medium quality,643621,3
snj11_SemiBin_72,78.63,1.7,Medium quality,F,F,snj11,10,Medium quality,715171,3
snj11_SemiBin_74,71.42,1.2,Medium quality,F,T,snj11,7,Medium quality,478857,2
snj11_SemiBin_75,68.48,5.79,Medium quality,F,F,snj11,26,Medium quality,216963,8
snj11_SemiBin_76,75.97,1.59,Medium quality,F,T,snj11,19,Medium quality,447962,5
snj11_SemiBin_77,82.65,2.87,Medium quality,F,T,snj11,10,Medium quality,1185992,3
snj11_SemiBin_78,70.31,6.23,Medium quality,F,F,snj11,33,Medium quality,229516,9
snj11_SemiBin_792,54.49,3.82,Medium quality,F,T,snj11,20,Medium quality,278142,5
snj11_SemiBin_79,63.62,2.64,Medium quality,F,F,snj11,16,Medium quality,224879,4
snj11_SemiBin_7,92.15,1.97,High quality,T,F,snj11,15,HQ-MIMAG,441411,4
snj11_SemiBin_81,56.08,0.92,Medium quality,F,F,snj11,9,Medium quality,312924,3
snj11_SemiBin_82,61.24,1.12,Medium quality,F,F,snj11,17,Medium quality,175697,5
snj11_SemiBin_830,66.1,9.8,Medium quality,F,T,snj11,45,Medium quality,177915,13
snj11_SemiBin_83,63.13,0.86,Medium quality,F,F,snj11,18,Medium quality,257437,6
snj11_SemiBin_84,52.97,0.81,Medium quality,F,T,snj11,29,Medium quality,320710,6
snj11_SemiBin_85,71.28,0.4,Medium quality,F,F,snj11,6,Medium quality,1116690,2
snj11_SemiBin_86,69.24,4.22,Medium quality,F,F,snj11,10,Medium quality,417222,2
snj11_SemiBin_87,68.43,1.54,Medium quality,F,F,snj11,32,Medium quality,206082,8
snj11_SemiBin_89,58.66,2.53,Medium quality,F,T,snj11,20,Medium quality,284594,5
snj11_SemiBin_8,100,0.62,High quality,T,T,snj11,10,HQ-MIMAG,919914,3
snj11_SemiBin_90,100,1.16,High quality,T,T,snj11,17,HQ-MIMAG,503646,4
snj11_SemiBin_91,67.78,0.68,Medium quality,F,F,snj11,28,Medium quality,269612,8
snj11_SemiBin_92,58.75,0.75,Medium quality,F,T,snj11,3,Medium quality,1339981,1
snj11_SemiBin_94,68.52,1.26,Medium quality,F,T,snj11,29,Medium quality,113296,8
snj11_SemiBin_95,96.87,3.69,High quality,T,T,snj11,13,HQ-MIMAG,1120919,2
snj11_SemiBin_96,62.01,6.39,Medium quality,F,F,snj11,30,Medium quality,291825,7
snj11_SemiBin_97,60.14,0.65,Medium quality,F,F,snj11,11,Medium quality,598319,4
snj11_SemiBin_98,66.5,0.35,Medium quality,F,F,snj11,7,Medium quality,1210740,2
snj11_SemiBin_99,76.75,2.45,Medium quality,F,T,snj11,11,Medium quality,418316,3
snj11_SemiBin_9,98.65,0.88,High quality,T,F,snj11,13,HQ-MIMAG,1123201,3
snj13_SemiBin_0,85.77,3.25,Medium quality,F,F,snj13,16,Medium quality,346775,6
snj13_SemiBin_102,57.09,2.59,Medium quality,F,F,snj13,26,Medium quality,119718,8
snj13_SemiBin_106,82.6,1.36,Medium quality,F,F,snj13,18,Medium quality,294350,6
snj13_SemiBin_107,70.11,3.19,Medium quality,F,F,snj13,18,Medium quality,747919,3
snj13_SemiBin_108,57.08,1.47,Medium quality,F,F,snj13,5,Medium quality,1086090,2
snj13_SemiBin_10,91.36,0.79,High quality,T,T,snj13,8,HQ-MIMAG,691930,2
snj13_SemiBin_110,68.5,5.6,Medium quality,F,T,snj13,16,Medium quality,409680,4
snj13_SemiBin_114,62.98,0.76,Medium quality,F,T,snj13,6,Medium quality,158122,2
snj13_SemiBin_11,93.73,2.51,High quality,T,T,snj13,12,HQ-MIMAG,960062,4
snj13_SemiBin_129,70.71,1.04,Medium quality,F,T,snj13,11,Medium quality,917196,2
snj13_SemiBin_12,87.45,2.43,Medium quality,F,T,snj13,17,Medium quality,289707,4
snj13_SemiBin_1337,56.92,6.99,Medium quality,F,T,snj13,42,Medium quality,136080,13
snj13_SemiBin_136,63.97,2.55,Medium quality,F,T,snj13,30,Medium quality,190456,8
snj13_SemiBin_138,55.29,1.01,Medium quality,F,F,snj13,23,Medium quality,131077,7
snj13_SemiBin_139,51.49,0.26,Medium quality,F,T,snj13,14,Medium quality,342488,4
snj13_SemiBin_13,82.8,1.46,Medium quality,F,T,snj13,3,Medium quality,1716957,1
snj13_SemiBin_140,72.54,1.16,Medium quality,F,F,snj13,5,Medium quality,1907948,1
snj13_SemiBin_142,76.31,4.47,Medium quality,F,F,snj13,16,Medium quality,503712,5
snj13_SemiBin_143,68.54,1.95,Medium quality,F,F,snj13,18,Medium quality,307689,5
snj13_SemiBin_145,65.97,0.85,Medium quality,F,F,snj13,5,Medium quality,667763,2
snj13_SemiBin_147,50.11,1.36,Medium quality,F,T,snj13,26,Medium quality,135242,7
snj13_SemiBin_148,53.97,1,Medium quality,F,F,snj13,31,Medium quality,128444,10
snj13_SemiBin_14,92.37,0.98,High quality,T,F,snj13,7,HQ-MIMAG,1031094,2
snj13_SemiBin_150,58.57,3.72,Medium quality,F,T,snj13,20,Medium quality,531805,6
snj13_SemiBin_15,92.9,2.54,High quality,T,F,snj13,18,HQ-MIMAG,388005,6
snj13_SemiBin_16,92.95,1.49,High quality,T,T,snj13,15,HQ-MIMAG,361171,3
snj13_SemiBin_17,85.56,0.36,Medium quality,F,F,snj13,14,Medium quality,383655,3
snj13_SemiBin_180,50.46,8.91,Medium quality,F,T,snj13,69,Medium quality,139803,17
snj13_SemiBin_186,64.52,0.02,Medium quality,F,F,snj13,9,Medium quality,722541,2
snj13_SemiBin_188,60.89,1.39,Medium quality,F,F,snj13,14,Medium quality,350713,4
snj13_SemiBin_18,88.6,0.3,Medium quality,F,T,snj13,13,Medium quality,894779,3
snj13_SemiBin_191,61.12,1.37,Medium quality,F,T,snj13,20,Medium quality,235155,6
snj13_SemiBin_195,62.63,1.74,Medium quality,F,T,snj13,6,Medium quality,291948,3
snj13_SemiBin_199,58.27,3.04,Medium quality,F,F,snj13,24,Medium quality,201461,7
snj13_SemiBin_19,91.12,3.73,High quality,T,T,snj13,13,HQ-MIMAG,231652,4
snj13_SemiBin_1,100,2.41,High quality,T,F,snj13,10,HQ-MIMAG,568018,3
snj13_SemiBin_207,57.69,2.1,Medium quality,F,F,snj13,5,Medium quality,2563534,1
snj13_SemiBin_2093,52.73,8.55,Medium quality,F,T,snj13,94,Medium quality,54242,24
snj13_SemiBin_20,88.47,3.1,Medium quality,F,T,snj13,13,Medium quality,416221,3
snj13_SemiBin_217,73.53,3.11,Medium quality,F,F,snj13,25,Medium quality,332476,7
snj13_SemiBin_21,84.17,2.97,Medium quality,F,T,snj13,6,Medium quality,1175059,2
snj13_SemiBin_22,91.29,4.16,High quality,T,F,snj13,26,HQ-MIMAG,336008,6
snj13_SemiBin_23,100,6.09,Medium quality,F,F,snj13,13,Medium quality,528189,4
snj13_SemiBin_244,53.03,2.69,Medium quality,F,T,snj13,15,Medium quality,355669,4
snj13_SemiBin_24,86.7,2.75,Medium quality,F,T,snj13,8,Medium quality,841161,3
snj13_SemiBin_25,80.77,0.78,Medium quality,F,F,snj13,17,Medium quality,312964,5
snj13_SemiBin_27,92.78,2.26,High quality,T,T,snj13,16,HQ-MIMAG,510256,5
snj13_SemiBin_28,77.01,0.17,Medium quality,F,F,snj13,11,Medium quality,535211,3
snj13_SemiBin_29,81.63,2.57,Medium quality,F,F,snj13,5,Medium quality,1043029,2
snj13_SemiBin_2,97.23,7.21,Medium quality,F,F,snj13,32,Medium quality,365336,6
snj13_SemiBin_308,51.09,0.54,Medium quality,F,T,snj13,8,Medium quality,525737,4
snj13_SemiBin_30,76.67,1.23,Medium quality,F,F,snj13,10,Medium quality,389180,3
snj13_SemiBin_317,92.54,0.03,High quality,F,F,snj13,7,High quality,260048,3
snj13_SemiBin_31,80.04,3.38,Medium quality,F,T,snj13,18,Medium quality,687655,4
snj13_SemiBin_32,86.08,7.54,Medium quality,F,F,snj13,15,Medium quality,429610,4
snj13_SemiBin_33,80.29,3.83,Medium quality,F,T,snj13,17,Medium quality,310774,6
snj13_SemiBin_34,71.13,1.68,Medium quality,F,T,snj13,15,Medium quality,279908,5
snj13_SemiBin_35,86.05,1.62,Medium quality,F,T,snj13,11,Medium quality,412208,4
snj13_SemiBin_36,81.88,0.21,Medium quality,F,T,snj13,9,Medium quality,711105,4
snj13_SemiBin_37,83.18,4.82,Medium quality,F,F,snj13,17,Medium quality,562404,4
snj13_SemiBin_38,73.32,6.54,Medium quality,F,F,snj13,24,Medium quality,523537,6
snj13_SemiBin_39,66.82,2.53,Medium quality,F,T,snj13,21,Medium quality,255154,5
snj13_SemiBin_3,95.44,2.1,High quality,T,T,snj13,7,HQ-MIMAG,1288868,2
snj13_SemiBin_40,67.31,1.69,Medium quality,F,F,snj13,8,Medium quality,653621,2
snj13_SemiBin_412,61.53,4.69,Medium quality,F,T,snj13,30,Medium quality,299593,6
snj13_SemiBin_41,79.24,3.13,Medium quality,F,F,snj13,23,Medium quality,162431,6
snj13_SemiBin_42,83.68,6.63,Medium quality,F,F,snj13,15,Medium quality,466429,3
snj13_SemiBin_43,57.64,1.03,Medium quality,F,T,snj13,22,Medium quality,284499,6
snj13_SemiBin_44,89.49,0.74,Medium quality,F,F,snj13,13,Medium quality,801042,4
snj13_SemiBin_45,75.95,5.81,Medium quality,F,T,snj13,26,Medium quality,174083,7
snj13_SemiBin_46,77.34,4.36,Medium quality,F,T,snj13,26,Medium quality,255584,7
snj13_SemiBin_48,70.2,5.24,Medium quality,F,T,snj13,21,Medium quality,506771,4
snj13_SemiBin_49,74.45,6,Medium quality,F,T,snj13,32,Medium quality,189052,6
snj13_SemiBin_4,95.98,6.73,Medium quality,F,F,snj13,1,Medium quality,9514230,1
snj13_SemiBin_50,75.58,4.2,Medium quality,F,T,snj13,32,Medium quality,278387,8
snj13_SemiBin_51,61.23,0.09,Medium quality,F,F,snj13,7,Medium quality,467418,2
snj13_SemiBin_52,60.03,0,Medium quality,F,F,snj13,7,Medium quality,643400,3
snj13_SemiBin_537,54.78,0.3,Medium quality,F,F,snj13,18,Medium quality,322335,4
snj13_SemiBin_53,53.28,1.19,Medium quality,F,T,snj13,49,Medium quality,215313,15
snj13_SemiBin_55,73.41,0.68,Medium quality,F,T,snj13,5,Medium quality,1446462,1
snj13_SemiBin_56,82.91,1.93,Medium quality,F,T,snj13,7,Medium quality,881749,2
snj13_SemiBin_58,77.75,1.49,Medium quality,F,F,snj13,6,Medium quality,540055,3
snj13_SemiBin_5,100,0.82,High quality,T,T,snj13,12,HQ-MIMAG,581183,3
snj13_SemiBin_60,53.54,3.81,Medium quality,F,T,snj13,14,Medium quality,523906,3
snj13_SemiBin_611,50.07,5.53,Medium quality,F,T,snj13,41,Medium quality,156601,9
snj13_SemiBin_61,59.96,2.04,Medium quality,F,T,snj13,26,Medium quality,276753,7
snj13_SemiBin_62,55.83,0.51,Medium quality,F,T,snj13,44,Medium quality,201844,11
snj13_SemiBin_63,76.65,6.59,Medium quality,F,T,snj13,18,Medium quality,547785,4
snj13_SemiBin_64,83.79,4,Medium quality,F,T,snj13,25,Medium quality,1032794,3
snj13_SemiBin_65,57.65,2.87,Medium quality,F,T,snj13,12,Medium quality,275444,4
snj13_SemiBin_66,65.17,2.54,Medium quality,F,F,snj13,10,Medium quality,708688,3
snj13_SemiBin_67,73.39,0.42,Medium quality,F,F,snj13,18,Medium quality,418374,5
snj13_SemiBin_68,75.69,3.17,Medium quality,F,F,snj13,25,Medium quality,436742,6
snj13_SemiBin_69,60.11,5.24,Medium quality,F,T,snj13,50,Medium quality,109730,13
snj13_SemiBin_6,98.11,0.94,High quality,T,T,snj13,3,HQ-MIMAG,2439030,1
snj13_SemiBin_70,92.24,0.78,High quality,T,T,snj13,10,HQ-MIMAG,751236,3
snj13_SemiBin_71,94.46,2.3,High quality,F,F,snj13,15,High quality,587922,3
snj13_SemiBin_72,54.39,0.63,Medium quality,F,F,snj13,6,Medium quality,328623,2
snj13_SemiBin_74,55.9,1.45,Medium quality,F,F,snj13,12,Medium quality,436710,3
snj13_SemiBin_75,57.97,1.41,Medium quality,F,T,snj13,4,Medium quality,810533,2
snj13_SemiBin_76,53.3,0.7,Medium quality,F,F,snj13,37,Medium quality,136020,12
snj13_SemiBin_78,55.88,2.43,Medium quality,F,T,snj13,40,Medium quality,139987,11
snj13_SemiBin_7,95.16,6.42,Medium quality,F,T,snj13,16,Medium quality,618837,4
snj13_SemiBin_80,56.87,2.25,Medium quality,F,T,snj13,37,Medium quality,105252,10
snj13_SemiBin_82,84.89,2.38,Medium quality,F,F,snj13,13,Medium quality,577997,4
snj13_SemiBin_84,64.44,6.38,Medium quality,F,F,snj13,34,Medium quality,270878,9
snj13_SemiBin_85,51.31,0.35,Medium quality,F,T,snj13,17,Medium quality,114406,5
snj13_SemiBin_87,60.82,2.2,Medium quality,F,T,snj13,21,Medium quality,268854,7
snj13_SemiBin_88,59.74,9.01,Medium quality,F,T,snj13,36,Medium quality,175811,9
snj13_SemiBin_89,57.93,3.25,Medium quality,F,T,snj13,9,Medium quality,594735,3
snj13_SemiBin_8,99.78,3.43,High quality,T,F,snj13,7,HQ-MIMAG,3255318,1
snj13_SemiBin_91,90.32,1.63,High quality,T,F,snj13,10,HQ-MIMAG,669754,4
snj13_SemiBin_92,62.67,1.24,Medium quality,F,F,snj13,10,Medium quality,367625,4
snj13_SemiBin_94,73.71,1.66,Medium quality,F,T,snj13,29,Medium quality,291012,9
snj13_SemiBin_95,81.15,2.01,Medium quality,F,T,snj13,12,Medium quality,845178,3
snj13_SemiBin_96,51.9,3.76,Medium quality,F,F,snj13,32,Medium quality,121524,11
snj13_SemiBin_97,80.4,2.58,Medium quality,F,F,snj13,15,Medium quality,455967,4
snj13_SemiBin_98,56.27,0.02,Medium quality,F,T,snj13,7,Medium quality,821241,1
snj13_SemiBin_99,52.02,0.42,Medium quality,F,T,snj13,32,Medium quality,184775,8
snj13_SemiBin_9,90.19,2.98,High quality,T,F,snj13,28,HQ-MIMAG,361162,9
snj14_SemiBin_0,99.39,0.16,High quality,T,F,snj14,16,HQ-MIMAG,299231,4
snj14_SemiBin_100,69.54,0.11,Medium quality,F,T,snj14,5,Medium quality,705946,2
snj14_SemiBin_104,52.74,0.33,Medium quality,F,T,snj14,3,Medium quality,680335,2
snj14_SemiBin_106,66.87,3.37,Medium quality,F,T,snj14,41,Medium quality,227917,10
snj14_SemiBin_107,57.5,5.12,Medium quality,F,T,snj14,63,Medium quality,151651,15
snj14_SemiBin_108,71.27,0.04,Medium quality,F,T,snj14,3,Medium quality,1533467,1
snj14_SemiBin_109,53.64,2.39,Medium quality,F,T,snj14,17,Medium quality,261657,5
snj14_SemiBin_10,97,6.86,Medium quality,F,F,snj14,9,Medium quality,592107,3
snj14_SemiBin_112,53.36,3.35,Medium quality,F,T,snj14,21,Medium quality,396192,4
snj14_SemiBin_113,58.28,4,Medium quality,F,T,snj14,19,Medium quality,205559,6
snj14_SemiBin_114,58.9,3.9,Medium quality,F,T,snj14,43,Medium quality,96835,14
snj14_SemiBin_116,52.26,0.15,Medium quality,F,F,snj14,2,Medium quality,1680122,1
snj14_SemiBin_118,56.3,6.57,Medium quality,F,F,snj14,30,Medium quality,226621,7
snj14_SemiBin_11,97.76,0.89,High quality,T,T,snj14,9,HQ-MIMAG,711244,2
snj14_SemiBin_122,59.87,8.79,Medium quality,F,T,snj14,59,Medium quality,96046,17
snj14_SemiBin_124,80.28,0.91,Medium quality,F,F,snj14,6,Medium quality,960675,3
snj14_SemiBin_127,66.18,2.89,Medium quality,F,F,snj14,15,Medium quality,503617,5
snj14_SemiBin_128,64.17,3.22,Medium quality,F,F,snj14,33,Medium quality,254874,9
snj14_SemiBin_129,50.18,8.3,Medium quality,F,T,snj14,47,Medium quality,94605,11
snj14_SemiBin_12,91.28,4.79,High quality,T,F,snj14,16,HQ-MIMAG,479828,3
snj14_SemiBin_134,78.39,2.87,Medium quality,F,F,snj14,17,Medium quality,180720,5
snj14_SemiBin_138,55.32,1.48,Medium quality,F,F,snj14,16,Medium quality,265345,5
snj14_SemiBin_13,93.21,1.36,High quality,F,T,snj14,11,High quality,915419,2
snj14_SemiBin_142,57.92,2.19,Medium quality,F,F,snj14,32,Medium quality,180741,11
snj14_SemiBin_149,61.65,3.05,Medium quality,F,F,snj14,30,Medium quality,171337,8
snj14_SemiBin_14,88.91,0.93,Medium quality,F,T,snj14,12,Medium quality,363356,3
snj14_SemiBin_153,66.07,3.2,Medium quality,F,F,snj14,28,Medium quality,400425,9
snj14_SemiBin_154,54.09,3.22,Medium quality,F,T,snj14,28,Medium quality,248375,8
snj14_SemiBin_15,91.18,3.7,High quality,T,F,snj14,9,HQ-MIMAG,2869604,1
snj14_SemiBin_163,51.84,0.87,Medium quality,F,F,snj14,24,Medium quality,260602,6
snj14_SemiBin_16,91.91,1.39,High quality,T,T,snj14,28,HQ-MIMAG,349474,6
snj14_SemiBin_172,50.81,5.16,Medium quality,F,T,snj14,42,Medium quality,184232,12
snj14_SemiBin_173,59.12,1.5,Medium quality,F,F,snj14,16,Medium quality,395892,5
snj14_SemiBin_1756,52.25,8.71,Medium quality,F,T,snj14,54,Medium quality,106402,15
snj14_SemiBin_175,53.85,0.3,Medium quality,F,T,snj14,12,Medium quality,477865,4
snj14_SemiBin_17,82.68,0.11,Medium quality,F,T,snj14,8,Medium quality,994349,2
snj14_SemiBin_1830,58.58,7.62,Medium quality,F,T,snj14,241,Medium quality,48722,68
snj14_SemiBin_1834,55.08,7.7,Medium quality,F,T,snj14,106,Medium quality,103040,34
snj14_SemiBin_18,97.68,0.35,High quality,T,T,snj14,20,HQ-MIMAG,456144,6
snj14_SemiBin_191,67.12,3.42,Medium quality,F,F,snj14,24,Medium quality,357095,8
snj14_SemiBin_19,93.12,0.68,High quality,F,F,snj14,10,High quality,723161,3
snj14_SemiBin_1,93.33,0.2,High quality,T,F,snj14,5,HQ-MIMAG,2516978,1
snj14_SemiBin_20,92.16,0.99,High quality,F,F,snj14,10,High quality,558163,3
snj14_SemiBin_211,55.5,0.1,Medium quality,F,T,snj14,4,Medium quality,526976,2
snj14_SemiBin_21,94.24,5.84,Medium quality,F,F,snj14,30,Medium quality,208999,7
snj14_SemiBin_220,52.77,3.17,Medium quality,F,F,snj14,15,Medium quality,141692,2
snj14_SemiBin_22,91.11,2.65,High quality,T,F,snj14,18,HQ-MIMAG,184160,6
snj14_SemiBin_234,51.11,0.47,Medium quality,F,F,snj14,18,Medium quality,141543,7
snj14_SemiBin_23,95.81,2.88,High quality,T,F,snj14,9,HQ-MIMAG,1134614,2
snj14_SemiBin_24,97.2,4,High quality,T,F,snj14,13,HQ-MIMAG,1076748,4
snj14_SemiBin_25,99.24,5.34,Medium quality,F,F,snj14,13,Medium quality,622468,4
snj14_SemiBin_26,91.44,4.86,High quality,T,T,snj14,26,HQ-MIMAG,508850,6
snj14_SemiBin_275,53.39,8.31,Medium quality,F,T,snj14,29,Medium quality,248240,7
snj14_SemiBin_27,85.95,1.71,Medium quality,F,F,snj14,14,Medium quality,402347,5
snj14_SemiBin_28,84.46,6.48,Medium quality,F,T,snj14,31,Medium quality,287486,7
snj14_SemiBin_29,94.27,4.29,High quality,T,T,snj14,9,HQ-MIMAG,647646,3
snj14_SemiBin_2,100,0.93,High quality,T,T,snj14,6,HQ-MIMAG,1615304,2
snj14_SemiBin_30,79.43,1.33,Medium quality,F,F,snj14,10,Medium quality,337807,3
snj14_SemiBin_31,83.55,9.79,Medium quality,F,F,snj14,33,Medium quality,339878,4
snj14_SemiBin_327,77.2,1.63,Medium quality,F,F,snj14,4,Medium quality,2782598,1
snj14_SemiBin_329,83.95,0.82,Medium quality,F,F,snj14,5,Medium quality,351343,3
snj14_SemiBin_32,85.99,1.71,Medium quality,F,F,snj14,7,Medium quality,814247,3
snj14_SemiBin_33,95.91,2.04,High quality,T,F,snj14,6,HQ-MIMAG,1041492,2
snj14_SemiBin_34,83.99,5.16,Medium quality,F,T,snj14,19,Medium quality,308202,4
snj14_SemiBin_35,95,8.13,Medium quality,F,F,snj14,24,Medium quality,280669,6
snj14_SemiBin_36,86.21,3.47,Medium quality,F,T,snj14,9,Medium quality,554417,4
snj14_SemiBin_37,94.34,1.4,High quality,T,F,snj14,11,HQ-MIMAG,716457,3
snj14_SemiBin_38,90.62,4.09,High quality,T,T,snj14,15,HQ-MIMAG,785015,3
snj14_SemiBin_39,85.84,2.88,Medium quality,F,F,snj14,7,Medium quality,875111,3
snj14_SemiBin_3,99.97,1.83,High quality,T,F,snj14,4,HQ-MIMAG,1163542,2
snj14_SemiBin_40,89.89,8.68,Medium quality,F,F,snj14,35,Medium quality,401545,7
snj14_SemiBin_42,87.57,4.42,Medium quality,F,F,snj14,55,Medium quality,185683,11
snj14_SemiBin_43,82.49,1.74,Medium quality,F,T,snj14,8,Medium quality,756502,3
snj14_SemiBin_44,82.92,0.67,Medium quality,F,F,snj14,10,Medium quality,585123,2
snj14_SemiBin_45,79.88,0.93,Medium quality,F,T,snj14,13,Medium quality,476007,4
snj14_SemiBin_48,83.24,5.72,Medium quality,F,F,snj14,11,Medium quality,488491,3
snj14_SemiBin_49,92.43,6.48,Medium quality,F,F,snj14,23,Medium quality,414058,6
snj14_SemiBin_4,100,1.09,High quality,T,F,snj14,3,HQ-MIMAG,4106083,1
snj14_SemiBin_50,75.28,1.1,Medium quality,F,F,snj14,16,Medium quality,416012,3
snj14_SemiBin_51,76.79,7.98,Medium quality,F,F,snj14,19,Medium quality,461276,3
snj14_SemiBin_52,87.17,2.31,Medium quality,F,T,snj14,15,Medium quality,595925,3
snj14_SemiBin_53,84.46,1.58,Medium quality,F,F,snj14,15,Medium quality,375884,3
snj14_SemiBin_54,62.22,0.07,Medium quality,F,T,snj14,14,Medium quality,338990,5
snj14_SemiBin_55,82.36,3.41,Medium quality,F,F,snj14,15,Medium quality,548492,3
snj14_SemiBin_56,90.76,3.07,High quality,F,F,snj14,13,High quality,523095,4
snj14_SemiBin_57,74.63,2.13,Medium quality,F,T,snj14,23,Medium quality,366130,5
snj14_SemiBin_59,80.1,2.77,Medium quality,F,F,snj14,10,Medium quality,627476,2
snj14_SemiBin_5,95,3.52,High quality,T,F,snj14,8,HQ-MIMAG,795079,3
snj14_SemiBin_60,75.57,0.44,Medium quality,F,T,snj14,10,Medium quality,385013,3
snj14_SemiBin_61,80.6,1.05,Medium quality,F,F,snj14,21,Medium quality,356892,7
snj14_SemiBin_62,83.79,8.44,Medium quality,F,F,snj14,19,Medium quality,812168,3
snj14_SemiBin_63,77.19,1.24,Medium quality,F,F,snj14,19,Medium quality,246457,6
snj14_SemiBin_64,78.67,5.84,Medium quality,F,F,snj14,27,Medium quality,371915,7
snj14_SemiBin_65,83.07,5.37,Medium quality,F,F,snj14,22,Medium quality,371065,6
snj14_SemiBin_66,63.02,1.13,Medium quality,F,T,snj14,14,Medium quality,448345,4
snj14_SemiBin_68,73.95,2.67,Medium quality,F,F,snj14,14,Medium quality,557273,4
snj14_SemiBin_69,78.82,7.96,Medium quality,F,F,snj14,41,Medium quality,239265,9
snj14_SemiBin_6,100,0.34,High quality,T,T,snj14,5,HQ-MIMAG,1733000,2
snj14_SemiBin_706,61.26,5.51,Medium quality,F,T,snj14,18,Medium quality,314407,5
snj14_SemiBin_70,74.89,0.72,Medium quality,F,F,snj14,14,Medium quality,752185,3
snj14_SemiBin_71,80.84,0.66,Medium quality,F,T,snj14,48,Medium quality,194485,15
snj14_SemiBin_72,64.94,0.91,Medium quality,F,F,snj14,22,Medium quality,160560,5
snj14_SemiBin_73,59.87,0.14,Medium quality,F,T,snj14,17,Medium quality,273807,5
snj14_SemiBin_74,63.89,1.91,Medium quality,F,T,snj14,32,Medium quality,129376,9
snj14_SemiBin_76,78.59,5.51,Medium quality,F,F,snj14,9,Medium quality,750590,3
snj14_SemiBin_77,69.38,5.15,Medium quality,F,T,snj14,20,Medium quality,390395,5
snj14_SemiBin_78,78.11,7.05,Medium quality,F,F,snj14,23,Medium quality,368613,5
snj14_SemiBin_79,62.07,1.2,Medium quality,F,F,snj14,25,Medium quality,153696,8
snj14_SemiBin_7,99.91,1.83,High quality,T,F,snj14,9,HQ-MIMAG,1166855,2
snj14_SemiBin_80,61.61,0.06,Medium quality,F,T,snj14,8,Medium quality,461180,3
snj14_SemiBin_81,61.98,0.1,Medium quality,F,F,snj14,19,Medium quality,260934,5
snj14_SemiBin_82,59.24,0.02,Medium quality,F,F,snj14,1,Medium quality,3410397,1
snj14_SemiBin_83,63.75,0.52,Medium quality,F,F,snj14,28,Medium quality,186837,7
snj14_SemiBin_84,74.36,7.37,Medium quality,F,F,snj14,18,Medium quality,356961,5
snj14_SemiBin_85,75.21,2.99,Medium quality,F,F,snj14,18,Medium quality,516219,4
snj14_SemiBin_87,67.4,3.83,Medium quality,F,T,snj14,16,Medium quality,417645,4
snj14_SemiBin_88,74.54,3.32,Medium quality,F,T,snj14,12,Medium quality,526810,4
snj14_SemiBin_89,65.02,2.61,Medium quality,F,T,snj14,23,Medium quality,353025,5
snj14_SemiBin_90,83.53,4.29,Medium quality,F,F,snj14,14,Medium quality,522366,4
snj14_SemiBin_91,58.17,1.6,Medium quality,F,T,snj14,15,Medium quality,841859,3
snj14_SemiBin_92,67.27,2.44,Medium quality,F,T,snj14,18,Medium quality,225245,6
snj14_SemiBin_94,67.13,2.84,Medium quality,F,F,snj14,24,Medium quality,308639,8
snj14_SemiBin_95,74.18,5.77,Medium quality,F,F,snj14,28,Medium quality,523465,5
snj14_SemiBin_96,64.61,2.03,Medium quality,F,F,snj14,24,Medium quality,190761,7
snj14_SemiBin_97,70.56,0.43,Medium quality,F,F,snj14,9,Medium quality,568771,3
snj14_SemiBin_99,61.62,0,Medium quality,F,F,snj14,30,Medium quality,308111,7
snj14_SemiBin_9,92.16,0.26,High quality,T,T,snj14,7,HQ-MIMAG,1123229,2
snj15_SemiBin_0,96.51,2.17,High quality,T,F,snj15,9,HQ-MIMAG,897147,3
snj15_SemiBin_1046,56.23,6.82,Medium quality,F,T,snj15,44,Medium quality,81029,12
snj15_SemiBin_109,68.98,1.02,Medium quality,F,F,snj15,16,Medium quality,424946,5
snj15_SemiBin_10,97.64,8.12,Medium quality,F,F,snj15,16,Medium quality,788877,4
snj15_SemiBin_113,74.75,1.78,Medium quality,F,F,snj15,17,Medium quality,366350,6
snj15_SemiBin_1165,61.47,5.82,Medium quality,F,F,snj15,15,Medium quality,204257,5
snj15_SemiBin_119,59.66,6.38,Medium quality,F,T,snj15,63,Medium quality,127254,13
snj15_SemiBin_11,83.75,3.16,Medium quality,F,F,snj15,13,Medium quality,627936,3
snj15_SemiBin_122,77.14,1.24,Medium quality,F,F,snj15,8,Medium quality,623930,3
snj15_SemiBin_128,59.02,0.62,Medium quality,F,F,snj15,11,Medium quality,699357,4
snj15_SemiBin_12,94.94,0.76,High quality,F,T,snj15,7,High quality,715844,3
snj15_SemiBin_13,93.87,0.74,High quality,T,F,snj15,4,HQ-MIMAG,1555046,2
snj15_SemiBin_141,66.78,9.97,Medium quality,F,T,snj15,67,Medium quality,170674,14
snj15_SemiBin_143,66.02,3.35,Medium quality,F,T,snj15,11,Medium quality,397486,3
snj15_SemiBin_14,89.21,1.45,Medium quality,F,F,snj15,13,Medium quality,552841,2
snj15_SemiBin_15,94.43,6.12,Medium quality,F,F,snj15,17,Medium quality,676216,2
snj15_SemiBin_165,51.86,5.74,Medium quality,F,T,snj15,47,Medium quality,139666,13
snj15_SemiBin_169,54.99,3.6,Medium quality,F,T,snj15,20,Medium quality,213133,7
snj15_SemiBin_16,91.25,9.68,Medium quality,F,F,snj15,19,Medium quality,461048,6
snj15_SemiBin_177,70.37,3.16,Medium quality,F,T,snj15,44,Medium quality,121367,12
snj15_SemiBin_18,81.49,0.3,Medium quality,F,F,snj15,3,Medium quality,1018626,1
snj15_SemiBin_196,54.91,4.84,Medium quality,F,F,snj15,28,Medium quality,237387,8
snj15_SemiBin_197,50.07,5.76,Medium quality,F,F,snj15,14,Medium quality,547137,3
snj15_SemiBin_19,85.83,1.21,Medium quality,F,T,snj15,4,Medium quality,2059892,1
snj15_SemiBin_1,91.4,3.43,High quality,F,F,snj15,18,High quality,471404,5
snj15_SemiBin_21,88.48,4.26,Medium quality,F,F,snj15,24,Medium quality,266536,6
snj15_SemiBin_227,53.68,1.52,Medium quality,F,T,snj15,25,Medium quality,164620,6
snj15_SemiBin_22,78.61,1.48,Medium quality,F,T,snj15,14,Medium quality,641074,3
snj15_SemiBin_242,58.17,1.29,Medium quality,F,T,snj15,34,Medium quality,170368,11
snj15_SemiBin_24,61.46,0,Medium quality,F,T,snj15,13,Medium quality,493316,3
snj15_SemiBin_254,54.76,9.14,Medium quality,F,T,snj15,63,Medium quality,129930,17
snj15_SemiBin_25,76.77,1.6,Medium quality,F,T,snj15,13,Medium quality,431223,3
snj15_SemiBin_26,77.32,4.77,Medium quality,F,F,snj15,13,Medium quality,569510,3
snj15_SemiBin_27,76.94,7.79,Medium quality,F,T,snj15,35,Medium quality,238450,8
snj15_SemiBin_287,94.26,1.76,High quality,F,F,snj15,9,High quality,281448,2
snj15_SemiBin_289,51.09,2.37,Medium quality,F,T,snj15,6,Medium quality,902017,2
snj15_SemiBin_28,75.05,2.19,Medium quality,F,F,snj15,4,Medium quality,1010226,2
snj15_SemiBin_299,50.43,1.71,Medium quality,F,F,snj15,23,Medium quality,301765,6
snj15_SemiBin_29,67.7,1.51,Medium quality,F,T,snj15,16,Medium quality,199761,3
snj15_SemiBin_2,99.33,2.61,High quality,T,F,snj15,18,HQ-MIMAG,379594,4
snj15_SemiBin_30,77.07,6.92,Medium quality,F,T,snj15,27,Medium quality,213645,5
snj15_SemiBin_31,76.86,2.3,Medium quality,F,F,snj15,15,Medium quality,508060,4
snj15_SemiBin_32,83.24,0.53,Medium quality,F,F,snj15,15,Medium quality,483210,4
snj15_SemiBin_33,53.7,2.63,Medium quality,F,T,snj15,34,Medium quality,109831,8
snj15_SemiBin_34,74.62,4.04,Medium quality,F,T,snj15,23,Medium quality,262448,5
snj15_SemiBin_36,58.45,0.34,Medium quality,F,T,snj15,6,Medium quality,648917,2
snj15_SemiBin_37,59.99,6.37,Medium quality,F,T,snj15,37,Medium quality,248204,9
snj15_SemiBin_38,64.13,0.75,Medium quality,F,F,snj15,17,Medium quality,278643,4
snj15_SemiBin_39,77.28,4.83,Medium quality,F,T,snj15,13,Medium quality,611239,4
snj15_SemiBin_3,98.52,0.24,High quality,T,T,snj15,16,HQ-MIMAG,432954,5
snj15_SemiBin_40,67.41,5.5,Medium quality,F,F,snj15,43,Medium quality,268438,9
snj15_SemiBin_41,71.97,8.91,Medium quality,F,T,snj15,31,Medium quality,224201,7
snj15_SemiBin_42,63.49,8.85,Medium quality,F,T,snj15,104,Medium quality,90988,21
snj15_SemiBin_43,62.18,0.25,Medium quality,F,F,snj15,21,Medium quality,258079,6
snj15_SemiBin_44,75.49,4.47,Medium quality,F,F,snj15,16,Medium quality,497433,4
snj15_SemiBin_45,63.25,4.49,Medium quality,F,T,snj15,39,Medium quality,188721,8
snj15_SemiBin_47,59.11,3.84,Medium quality,F,T,snj15,39,Medium quality,269173,9
snj15_SemiBin_48,64.39,2.71,Medium quality,F,F,snj15,27,Medium quality,249621,6
snj15_SemiBin_49,63.75,0.69,Medium quality,F,T,snj15,5,Medium quality,503428,2
snj15_SemiBin_4,95.62,2.73,High quality,T,F,snj15,11,HQ-MIMAG,1091729,3
snj15_SemiBin_50,56.04,3.25,Medium quality,F,F,snj15,21,Medium quality,334455,5
snj15_SemiBin_51,67.83,2.32,Medium quality,F,F,snj15,21,Medium quality,223813,6
snj15_SemiBin_52,71.07,0.01,Medium quality,F,T,snj15,26,Medium quality,179681,8
snj15_SemiBin_54,63.68,8.47,Medium quality,F,F,snj15,24,Medium quality,445594,6
snj15_SemiBin_56,56.51,1.53,Medium quality,F,T,snj15,11,Medium quality,406102,3
snj15_SemiBin_58,57.73,5.95,Medium quality,F,T,snj15,13,Medium quality,246131,3
snj15_SemiBin_59,65.68,7.47,Medium quality,F,T,snj15,25,Medium quality,183967,9
snj15_SemiBin_5,95.12,3.98,High quality,T,F,snj15,6,HQ-MIMAG,698860,2
snj15_SemiBin_61,52.23,0.48,Medium quality,F,T,snj15,39,Medium quality,138562,11
snj15_SemiBin_62,60.17,0.6,Medium quality,F,T,snj15,23,Medium quality,280993,8
snj15_SemiBin_63,50.96,1.41,Medium quality,F,F,snj15,12,Medium quality,516214,3
snj15_SemiBin_65,61.03,3.46,Medium quality,F,T,snj15,11,Medium quality,467652,3
snj15_SemiBin_66,53.49,4.6,Medium quality,F,T,snj15,39,Medium quality,126447,11
snj15_SemiBin_67,53.63,8.4,Medium quality,F,T,snj15,54,Medium quality,63866,17
snj15_SemiBin_699,52.7,4.95,Medium quality,F,T,snj15,26,Medium quality,215899,7
snj15_SemiBin_69,57.29,2.27,Medium quality,F,F,snj15,17,Medium quality,245652,5
snj15_SemiBin_6,98.85,1.99,High quality,T,F,snj15,8,HQ-MIMAG,1237645,2
snj15_SemiBin_72,52.37,1.36,Medium quality,F,T,snj15,29,Medium quality,247304,8
snj15_SemiBin_73,69.55,0.88,Medium quality,F,T,snj15,16,Medium quality,350203,4
snj15_SemiBin_74,63.17,2.53,Medium quality,F,F,snj15,16,Medium quality,255135,5
snj15_SemiBin_75,52.17,5.43,Medium quality,F,T,snj15,29,Medium quality,187721,9
snj15_SemiBin_77,51.39,0.08,Medium quality,F,F,snj15,20,Medium quality,157288,5
snj15_SemiBin_78,52.83,8.96,Medium quality,F,T,snj15,38,Medium quality,225955,10
snj15_SemiBin_79,52.43,6.79,Medium quality,F,T,snj15,71,Medium quality,101666,16
snj15_SemiBin_7,80.09,2.36,Medium quality,F,F,snj15,27,Medium quality,247908,7
snj15_SemiBin_80,52.79,1.4,Medium quality,F,F,snj15,15,Medium quality,359735,5
snj15_SemiBin_83,73.31,1.41,Medium quality,F,F,snj15,23,Medium quality,228865,5
snj15_SemiBin_85,67.34,0.84,Medium quality,F,F,snj15,7,Medium quality,745366,3
snj15_SemiBin_86,55.15,1.09,Medium quality,F,F,snj15,28,Medium quality,187094,8
snj15_SemiBin_87,52.49,2.9,Medium quality,F,T,snj15,30,Medium quality,258794,8
snj15_SemiBin_8,98.65,3.12,High quality,T,F,snj15,13,HQ-MIMAG,1085945,3
snj15_SemiBin_91,62.91,0.58,Medium quality,F,F,snj15,16,Medium quality,184988,4
snj15_SemiBin_939,58.52,8.88,Medium quality,F,T,snj15,49,Medium quality,144372,12
snj15_SemiBin_94,72.97,2.27,Medium quality,F,F,snj15,13,Medium quality,478067,4
snj15_SemiBin_99,53.44,3.69,Medium quality,F,F,snj15,32,Medium quality,152533,9
snj15_SemiBin_9,85.97,0.05,Medium quality,F,T,snj15,6,Medium quality,736555,2
snj16_SemiBin_0,95.83,0.18,High quality,T,T,snj16,4,HQ-MIMAG,2614761,1
snj16_SemiBin_101,65.45,2.34,Medium quality,F,F,snj16,13,Medium quality,603225,4
snj16_SemiBin_104,70.99,2.48,Medium quality,F,T,snj16,19,Medium quality,445902,4
snj16_SemiBin_107,61.45,5.5,Medium quality,F,F,snj16,24,Medium quality,211989,7
snj16_SemiBin_111,80.37,6.37,Medium quality,F,F,snj16,24,Medium quality,293766,6
snj16_SemiBin_112,61.15,2.71,Medium quality,F,F,snj16,23,Medium quality,243707,6
snj16_SemiBin_115,62.8,5.75,Medium quality,F,T,snj16,33,Medium quality,164135,9
snj16_SemiBin_11,90.93,0.12,High quality,F,T,snj16,14,High quality,442860,4
snj16_SemiBin_120,51.53,0.84,Medium quality,F,T,snj16,39,Medium quality,134454,10
snj16_SemiBin_131,54.5,0.3,Medium quality,F,F,snj16,17,Medium quality,172844,5
snj16_SemiBin_13,86.66,5.15,Medium quality,F,F,snj16,6,Medium quality,726685,2
snj16_SemiBin_145,50.38,1.1,Medium quality,F,T,snj16,13,Medium quality,266847,5
snj16_SemiBin_146,68.94,6.87,Medium quality,F,F,snj16,45,Medium quality,279374,10
snj16_SemiBin_1480,51.81,9.28,Medium quality,F,T,snj16,144,Medium quality,53745,43
snj16_SemiBin_14,99.46,7.97,Medium quality,F,T,snj16,11,Medium quality,323759,4
snj16_SemiBin_15,91.03,1.75,High quality,T,F,snj16,14,HQ-MIMAG,533880,4
snj16_SemiBin_16,88.72,6.98,Medium quality,F,F,snj16,20,Medium quality,337222,5
snj16_SemiBin_170,60.57,6.11,Medium quality,F,T,snj16,28,Medium quality,100797,9
snj16_SemiBin_17,88.86,7.55,Medium quality,F,T,snj16,49,Medium quality,290327,8
snj16_SemiBin_18,91.32,1.13,High quality,F,F,snj16,19,High quality,429233,5
snj16_SemiBin_19,88.23,1.71,Medium quality,F,F,snj16,15,Medium quality,555871,5
snj16_SemiBin_1,99.26,2.42,High quality,F,T,snj16,4,High quality,1096412,2
snj16_SemiBin_205,50.95,0.33,Medium quality,F,F,snj16,17,Medium quality,318376,4
snj16_SemiBin_20,84.28,6.03,Medium quality,F,F,snj16,20,Medium quality,529188,4
snj16_SemiBin_21,74.08,3.66,Medium quality,F,F,snj16,14,Medium quality,571171,3
snj16_SemiBin_22,91.17,8.29,Medium quality,F,F,snj16,19,Medium quality,505869,4
snj16_SemiBin_231,95.07,0.1,High quality,F,F,snj16,7,High quality,249386,3
snj16_SemiBin_235,50.98,2.45,Medium quality,F,T,snj16,24,Medium quality,95788,8
snj16_SemiBin_23,89.96,3.16,Medium quality,F,F,snj16,28,Medium quality,482292,6
snj16_SemiBin_24,90.85,4.74,High quality,F,F,snj16,11,High quality,509282,5
snj16_SemiBin_25,71.58,2.27,Medium quality,F,F,snj16,18,Medium quality,360376,5
snj16_SemiBin_26,77.41,1.49,Medium quality,F,F,snj16,26,Medium quality,234371,8
snj16_SemiBin_27,80.99,5.62,Medium quality,F,F,snj16,28,Medium quality,260976,9
snj16_SemiBin_28,73.51,0.02,Medium quality,F,T,snj16,12,Medium quality,400409,3
snj16_SemiBin_29,83.71,3.65,Medium quality,F,F,snj16,14,Medium quality,467401,4
snj16_SemiBin_2,99.05,1.22,High quality,F,F,snj16,10,High quality,1016682,3
snj16_SemiBin_30,79.53,3.47,Medium quality,F,F,snj16,19,Medium quality,286792,6
snj16_SemiBin_31,67.35,1.7,Medium quality,F,F,snj16,24,Medium quality,241216,6
snj16_SemiBin_32,83.18,2.3,Medium quality,F,T,snj16,16,Medium quality,283437,5
snj16_SemiBin_33,57.69,5.12,Medium quality,F,T,snj16,40,Medium quality,159481,9
snj16_SemiBin_34,78.94,1.6,Medium quality,F,F,snj16,11,Medium quality,392391,4
snj16_SemiBin_35,73.45,2.41,Medium quality,F,F,snj16,13,Medium quality,324680,4
snj16_SemiBin_36,88.75,3.68,Medium quality,F,T,snj16,26,Medium quality,258091,6
snj16_SemiBin_37,81.43,3.96,Medium quality,F,T,snj16,22,Medium quality,305651,6
snj16_SemiBin_38,72.51,1.67,Medium quality,F,F,snj16,15,Medium quality,194619,5
snj16_SemiBin_39,79.94,0.53,Medium quality,F,F,snj16,5,Medium quality,734272,2
snj16_SemiBin_3,99.99,1.43,High quality,T,T,snj16,9,HQ-MIMAG,981487,2
snj16_SemiBin_40,67.73,3.61,Medium quality,F,T,snj16,36,Medium quality,149911,11
snj16_SemiBin_41,62.69,0.91,Medium quality,F,F,snj16,28,Medium quality,235130,8
snj16_SemiBin_42,76.67,2.24,Medium quality,F,T,snj16,16,Medium quality,441057,4
snj16_SemiBin_44,60.28,3.78,Medium quality,F,T,snj16,17,Medium quality,216407,5
snj16_SemiBin_45,66.38,5.62,Medium quality,F,T,snj16,72,Medium quality,98939,20
snj16_SemiBin_46,71.9,4.47,Medium quality,F,F,snj16,31,Medium quality,252915,8
snj16_SemiBin_475,62.05,1.12,Medium quality,F,F,snj16,16,Medium quality,349792,3
snj16_SemiBin_47,65.85,2.49,Medium quality,F,T,snj16,71,Medium quality,92754,17
snj16_SemiBin_49,68.19,8.34,Medium quality,F,F,snj16,48,Medium quality,125504,14
snj16_SemiBin_4,96.82,0.04,High quality,T,T,snj16,2,HQ-MIMAG,2022273,1
snj16_SemiBin_50,60.55,4.8,Medium quality,F,F,snj16,27,Medium quality,326960,5
snj16_SemiBin_51,94.76,4.48,High quality,F,F,snj16,39,High quality,180153,9
snj16_SemiBin_53,75.07,6.02,Medium quality,F,F,snj16,36,Medium quality,259452,8
snj16_SemiBin_54,67.78,7.91,Medium quality,F,T,snj16,10,Medium quality,251543,4
snj16_SemiBin_56,59.68,1.5,Medium quality,F,T,snj16,4,Medium quality,3002617,1
snj16_SemiBin_57,59.78,0.44,Medium quality,F,F,snj16,22,Medium quality,211357,5
snj16_SemiBin_58,59.16,5.28,Medium quality,F,T,snj16,55,Medium quality,132252,14
snj16_SemiBin_59,62.3,6.65,Medium quality,F,F,snj16,22,Medium quality,195309,7
snj16_SemiBin_5,97.9,0.33,High quality,T,T,snj16,10,HQ-MIMAG,897091,3
snj16_SemiBin_60,61.19,2.19,Medium quality,F,F,snj16,39,Medium quality,208227,9
snj16_SemiBin_61,50.06,4.88,Medium quality,F,T,snj16,41,Medium quality,107754,11
snj16_SemiBin_62,85.63,6.88,Medium quality,F,T,snj16,15,Medium quality,504312,3
snj16_SemiBin_63,63.97,2.67,Medium quality,F,T,snj16,11,Medium quality,326159,3
snj16_SemiBin_64,80.76,1.37,Medium quality,F,F,snj16,7,Medium quality,1069198,2
snj16_SemiBin_65,57.83,9.62,Medium quality,F,T,snj16,62,Medium quality,107610,17
snj16_SemiBin_66,67.4,5.75,Medium quality,F,F,snj16,16,Medium quality,421441,4
snj16_SemiBin_69,69.24,6.07,Medium quality,F,F,snj16,20,Medium quality,266228,6
snj16_SemiBin_6,91.39,0.45,High quality,T,T,snj16,8,HQ-MIMAG,606161,2
snj16_SemiBin_71,61.82,0.21,Medium quality,F,T,snj16,30,Medium quality,115580,10
snj16_SemiBin_75,71.59,1.73,Medium quality,F,F,snj16,21,Medium quality,408600,5
snj16_SemiBin_76,62.54,0.14,Medium quality,F,T,snj16,10,Medium quality,193313,3
snj16_SemiBin_77,50.61,1.91,Medium quality,F,T,snj16,14,Medium quality,272216,4
snj16_SemiBin_79,60.93,5.67,Medium quality,F,T,snj16,9,Medium quality,105583,4
snj16_SemiBin_81,57.87,7.52,Medium quality,F,T,snj16,42,Medium quality,155883,14
snj16_SemiBin_82,51.5,1.3,Medium quality,F,F,snj16,30,Medium quality,86966,9
snj16_SemiBin_83,74.11,4.68,Medium quality,F,F,snj16,29,Medium quality,172664,8
snj16_SemiBin_87,56.76,2.28,Medium quality,F,T,snj16,37,Medium quality,219023,8
snj16_SemiBin_88,50.69,7.42,Medium quality,F,T,snj16,21,Medium quality,212798,6
snj16_SemiBin_8,89.93,1.01,Medium quality,F,F,snj16,6,Medium quality,779237,2
snj16_SemiBin_93,52.76,4.9,Medium quality,F,T,snj16,28,Medium quality,288929,9
snj16_SemiBin_95,62.46,5.49,Medium quality,F,F,snj16,27,Medium quality,197321,8
snj16_SemiBin_96,73.55,0.07,Medium quality,F,F,snj16,3,Medium quality,2216193,1
snj19_SemiBin_0,98.39,4.19,High quality,T,F,snj19,10,HQ-MIMAG,783415,4
snj19_SemiBin_100,52.75,2.21,Medium quality,F,T,snj19,51,Medium quality,137358,14
snj19_SemiBin_101,53.86,0.73,Medium quality,F,T,snj19,3,Medium quality,718096,2
snj19_SemiBin_102,65.46,1.23,Medium quality,F,T,snj19,34,Medium quality,107619,9
snj19_SemiBin_103,56.31,2.42,Medium quality,F,T,snj19,15,Medium quality,513345,3
snj19_SemiBin_104,64.48,1.38,Medium quality,F,F,snj19,19,Medium quality,275997,5
snj19_SemiBin_105,98.14,2,High quality,F,T,snj19,16,High quality,788221,4
snj19_SemiBin_106,58.37,2.81,Medium quality,F,F,snj19,13,Medium quality,729221,2
snj19_SemiBin_108,54.26,3.58,Medium quality,F,T,snj19,26,Medium quality,183395,8
snj19_SemiBin_109,53.06,0.96,Medium quality,F,T,snj19,11,Medium quality,181800,3
snj19_SemiBin_10,100,0.94,High quality,T,T,snj19,12,HQ-MIMAG,1180746,3
snj19_SemiBin_110,50.07,0.93,Medium quality,F,T,snj19,38,Medium quality,108213,10
snj19_SemiBin_111,81.28,0.42,Medium quality,F,F,snj19,6,Medium quality,1238299,2
snj19_SemiBin_113,52.96,5.01,Medium quality,F,T,snj19,46,Medium quality,98399,10
snj19_SemiBin_114,54.07,0.79,Medium quality,F,F,snj19,7,Medium quality,225339,3
snj19_SemiBin_115,61.39,2.13,Medium quality,F,F,snj19,31,Medium quality,143591,9
snj19_SemiBin_116,76.3,0.5,Medium quality,F,F,snj19,7,Medium quality,839678,2
snj19_SemiBin_117,53.6,3.06,Medium quality,F,F,snj19,17,Medium quality,258358,5
snj19_SemiBin_118,50.8,1.7,Medium quality,F,T,snj19,20,Medium quality,228877,6
snj19_SemiBin_119,55.25,0.12,Medium quality,F,F,snj19,7,Medium quality,459549,3
snj19_SemiBin_11,94.78,0.4,High quality,T,F,snj19,11,HQ-MIMAG,413907,3
snj19_SemiBin_121,55.21,6.38,Medium quality,F,T,snj19,40,Medium quality,107872,12
snj19_SemiBin_122,59.24,9.3,Medium quality,F,F,snj19,73,Medium quality,85287,14
snj19_SemiBin_12,88.48,0,Medium quality,F,T,snj19,1,Medium quality,4590111,1
snj19_SemiBin_130,52.2,0.82,Medium quality,F,T,snj19,19,Medium quality,311178,5
snj19_SemiBin_131,52.07,1.68,Medium quality,F,T,snj19,43,Medium quality,88372,14
snj19_SemiBin_132,52.5,0.6,Medium quality,F,T,snj19,13,Medium quality,545999,4
snj19_SemiBin_137,68.2,3.21,Medium quality,F,T,snj19,31,Medium quality,206850,9
snj19_SemiBin_139,66.84,7.47,Medium quality,F,T,snj19,37,Medium quality,124444,12
snj19_SemiBin_13,98.6,4.02,High quality,T,T,snj19,22,HQ-MIMAG,395223,7
snj19_SemiBin_140,53.22,0.93,Medium quality,F,T,snj19,6,Medium quality,253886,2
snj19_SemiBin_14,100,7.93,Medium quality,F,F,snj19,12,Medium quality,717074,4
snj19_SemiBin_150,59.39,4.73,Medium quality,F,F,snj19,8,Medium quality,555622,2
snj19_SemiBin_151,63.26,2.25,Medium quality,F,T,snj19,10,Medium quality,324488,4
snj19_SemiBin_152,55.61,3.15,Medium quality,F,T,snj19,23,Medium quality,311077,7
snj19_SemiBin_1531,59.48,8.55,Medium quality,F,T,snj19,172,Medium quality,53664,49
snj19_SemiBin_1534,51.34,8.67,Medium quality,F,T,snj19,98,Medium quality,56198,28
snj19_SemiBin_155,57.11,6.18,Medium quality,F,F,snj19,35,Medium quality,324355,6
snj19_SemiBin_1568,50.06,6.86,Medium quality,F,T,snj19,125,Medium quality,78829,35
snj19_SemiBin_159,51.8,1.8,Medium quality,F,F,snj19,65,Medium quality,154647,15
snj19_SemiBin_15,95.17,0.06,High quality,T,T,snj19,1,HQ-MIMAG,1956416,1
snj19_SemiBin_163,58.69,8.55,Medium quality,F,T,snj19,18,Medium quality,313946,4
snj19_SemiBin_165,53.85,3.38,Medium quality,F,T,snj19,4,Medium quality,1428328,1
snj19_SemiBin_167,53.01,2.1,Medium quality,F,F,snj19,39,Medium quality,173798,10
snj19_SemiBin_16,100,5.64,Medium quality,F,F,snj19,20,Medium quality,611838,5
snj19_SemiBin_178,64.58,7.09,Medium quality,F,F,snj19,15,Medium quality,353875,5
snj19_SemiBin_17,98.83,4.63,High quality,T,T,snj19,9,HQ-MIMAG,503800,4
snj19_SemiBin_184,60.21,2.39,Medium quality,F,F,snj19,4,Medium quality,896977,1
snj19_SemiBin_188,65.48,0.22,Medium quality,F,F,snj19,7,Medium quality,476217,2
snj19_SemiBin_18,100,1.79,High quality,T,F,snj19,11,HQ-MIMAG,855694,3
snj19_SemiBin_197,53.69,1.85,Medium quality,F,T,snj19,11,Medium quality,213265,4
snj19_SemiBin_19,91.6,0.23,High quality,F,F,snj19,11,High quality,1331839,2
snj19_SemiBin_1,97.64,2.27,High quality,F,F,snj19,15,High quality,765068,4
snj19_SemiBin_207,68.05,6.21,Medium quality,F,F,snj19,19,Medium quality,304345,3
snj19_SemiBin_20,95.56,0.72,High quality,T,T,snj19,8,HQ-MIMAG,1124147,2
snj19_SemiBin_210,93.87,1.48,High quality,T,T,snj19,20,HQ-MIMAG,1122551,3
snj19_SemiBin_21,98.07,0.39,High quality,T,F,snj19,15,HQ-MIMAG,416144,5
snj19_SemiBin_224,51.45,1.97,Medium quality,F,T,snj19,5,Medium quality,1108070,1
snj19_SemiBin_225,58.23,2.59,Medium quality,F,F,snj19,17,Medium quality,266281,6
snj19_SemiBin_227,58.55,1.98,Medium quality,F,F,snj19,14,Medium quality,260375,4
snj19_SemiBin_22,97.66,1.14,High quality,T,F,snj19,10,HQ-MIMAG,1233617,3
snj19_SemiBin_23,96.41,7.74,Medium quality,F,F,snj19,28,Medium quality,458762,7
snj19_SemiBin_24,97.04,4.28,High quality,F,F,snj19,15,High quality,778605,4
snj19_SemiBin_254,75.94,6.65,Medium quality,F,F,snj19,25,Medium quality,334443,7
snj19_SemiBin_25,83.87,1.61,Medium quality,F,F,snj19,1,Medium quality,1870944,1
snj19_SemiBin_261,63.41,2.67,Medium quality,F,F,snj19,18,Medium quality,776556,3
snj19_SemiBin_269,79.23,5.75,Medium quality,F,F,snj19,65,Medium quality,155434,15
snj19_SemiBin_26,93.08,2.81,High quality,T,F,snj19,18,HQ-MIMAG,579037,5
snj19_SemiBin_278,86.65,0.24,Medium quality,F,F,snj19,9,Medium quality,197433,4
snj19_SemiBin_27,82.59,2.54,Medium quality,F,T,snj19,12,Medium quality,492136,3
snj19_SemiBin_28,93.57,6.72,Medium quality,F,F,snj19,15,Medium quality,580182,4
snj19_SemiBin_29,87.11,1.38,Medium quality,F,T,snj19,8,Medium quality,1120130,2
snj19_SemiBin_2,95.66,0.72,High quality,T,T,snj19,3,HQ-MIMAG,2603446,1
snj19_SemiBin_30,91.68,2.6,High quality,T,F,snj19,32,HQ-MIMAG,304327,7
snj19_SemiBin_31,88.8,3.75,Medium quality,F,F,snj19,13,Medium quality,478123,4
snj19_SemiBin_329,66.7,8.81,Medium quality,F,T,snj19,37,Medium quality,160849,10
snj19_SemiBin_32,90.68,4.57,High quality,T,T,snj19,29,HQ-MIMAG,329377,9
snj19_SemiBin_33,82.69,0.08,Medium quality,F,T,snj19,1,Medium quality,1310634,1
snj19_SemiBin_34,88.69,5.7,Medium quality,F,F,snj19,29,Medium quality,384450,6
snj19_SemiBin_35,83.26,8.7,Medium quality,F,F,snj19,25,Medium quality,448991,6
snj19_SemiBin_361,50.55,2.39,Medium quality,F,F,snj19,5,Medium quality,266264,2
snj19_SemiBin_36,82.44,2.84,Medium quality,F,T,snj19,16,Medium quality,473562,5
snj19_SemiBin_37,89.76,4.4,Medium quality,F,F,snj19,16,Medium quality,581107,4
snj19_SemiBin_388,86.15,0.96,Medium quality,F,F,snj19,19,Medium quality,355386,5
snj19_SemiBin_38,80.01,0.49,Medium quality,F,F,snj19,12,Medium quality,312830,3
snj19_SemiBin_39,80.3,0.65,Medium quality,F,F,snj19,8,Medium quality,737602,2
snj19_SemiBin_3,95.44,0.21,High quality,T,T,snj19,4,HQ-MIMAG,891489,2
snj19_SemiBin_40,80.06,0.42,Medium quality,F,T,snj19,31,Medium quality,215289,10
snj19_SemiBin_41,85.15,4.27,Medium quality,F,T,snj19,44,Medium quality,254174,8
snj19_SemiBin_42,89.02,1.75,Medium quality,F,F,snj19,10,Medium quality,675758,3
snj19_SemiBin_436,60.96,2.53,Medium quality,F,T,snj19,26,Medium quality,196059,5
snj19_SemiBin_43,81.46,5.42,Medium quality,F,F,snj19,20,Medium quality,330430,5
snj19_SemiBin_44,80.07,0.36,Medium quality,F,F,snj19,11,Medium quality,525571,4
snj19_SemiBin_45,88.36,8.04,Medium quality,F,F,snj19,79,Medium quality,118973,19
snj19_SemiBin_46,72.32,0.93,Medium quality,F,F,snj19,12,Medium quality,301592,4
snj19_SemiBin_47,74.16,0.81,Medium quality,F,F,snj19,9,Medium quality,719978,2
snj19_SemiBin_48,73.39,5.14,Medium quality,F,T,snj19,15,Medium quality,232269,5
snj19_SemiBin_49,77.47,1.96,Medium quality,F,F,snj19,14,Medium quality,542298,4
snj19_SemiBin_4,97.75,5.07,Medium quality,F,F,snj19,5,Medium quality,784096,3
snj19_SemiBin_50,67.9,1.04,Medium quality,F,F,snj19,18,Medium quality,169732,5
snj19_SemiBin_51,77.36,0.34,Medium quality,F,F,snj19,10,Medium quality,551646,4
snj19_SemiBin_524,67.27,9.62,Medium quality,F,F,snj19,24,Medium quality,391629,6
snj19_SemiBin_52,70.81,3.56,Medium quality,F,T,snj19,24,Medium quality,214703,5
snj19_SemiBin_53,65.95,1.44,Medium quality,F,F,snj19,46,Medium quality,285118,9
snj19_SemiBin_54,75.55,6.28,Medium quality,F,F,snj19,17,Medium quality,539769,4
snj19_SemiBin_55,70.54,4.43,Medium quality,F,F,snj19,16,Medium quality,467173,4
snj19_SemiBin_56,76.88,3.78,Medium quality,F,T,snj19,22,Medium quality,231711,7
snj19_SemiBin_57,68.15,7.51,Medium quality,F,T,snj19,28,Medium quality,303396,7
snj19_SemiBin_58,87.28,5.38,Medium quality,F,F,snj19,31,Medium quality,334472,8
snj19_SemiBin_59,70.08,0.96,Medium quality,F,F,snj19,6,Medium quality,611932,3
snj19_SemiBin_5,100,3.43,High quality,T,F,snj19,16,HQ-MIMAG,835309,3
snj19_SemiBin_60,69.15,4.53,Medium quality,F,T,snj19,18,Medium quality,366046,7
snj19_SemiBin_61,64.04,1.54,Medium quality,F,T,snj19,14,Medium quality,297894,4
snj19_SemiBin_62,77.9,0.33,Medium quality,F,F,snj19,37,Medium quality,204135,9
snj19_SemiBin_63,84.93,3.59,Medium quality,F,T,snj19,30,Medium quality,254711,10
snj19_SemiBin_64,67.91,3.06,Medium quality,F,T,snj19,43,Medium quality,190764,12
snj19_SemiBin_65,78.88,3.63,Medium quality,F,F,snj19,14,Medium quality,410064,3
snj19_SemiBin_66,52.35,3.58,Medium quality,F,T,snj19,20,Medium quality,232480,6
snj19_SemiBin_678,51.28,8.28,Medium quality,F,T,snj19,23,Medium quality,290403,6
snj19_SemiBin_67,71.32,7.47,Medium quality,F,T,snj19,68,Medium quality,137861,15
snj19_SemiBin_68,63.42,1.13,Medium quality,F,T,snj19,13,Medium quality,268051,4
snj19_SemiBin_69,72.58,1.99,Medium quality,F,T,snj19,5,Medium quality,1298618,2
snj19_SemiBin_6,96.6,1.21,High quality,T,F,snj19,6,HQ-MIMAG,812677,2
snj19_SemiBin_70,65.32,0.09,Medium quality,F,F,snj19,27,Medium quality,158444,7
snj19_SemiBin_71,65.84,2.84,Medium quality,F,T,snj19,33,Medium quality,135657,10
snj19_SemiBin_72,53.01,9.51,Medium quality,F,F,snj19,85,Medium quality,121756,19
snj19_SemiBin_73,69.24,0.39,Medium quality,F,F,snj19,8,Medium quality,530564,3
snj19_SemiBin_74,55.15,2.43,Medium quality,F,T,snj19,43,Medium quality,141073,11
snj19_SemiBin_76,77.7,7.32,Medium quality,F,F,snj19,25,Medium quality,293965,7
snj19_SemiBin_77,57.58,1.7,Medium quality,F,F,snj19,88,Medium quality,155960,16
snj19_SemiBin_78,69.04,4.39,Medium quality,F,F,snj19,6,Medium quality,641561,3
snj19_SemiBin_7,96.5,3.91,High quality,T,F,snj19,6,HQ-MIMAG,1388028,2
snj19_SemiBin_80,57.78,4.84,Medium quality,F,T,snj19,32,Medium quality,145696,8
snj19_SemiBin_81,75.6,0.88,Medium quality,F,T,snj19,11,Medium quality,450872,3
snj19_SemiBin_82,67.08,1.69,Medium quality,F,F,snj19,10,Medium quality,391668,4
snj19_SemiBin_83,67.01,1.91,Medium quality,F,F,snj19,22,Medium quality,247947,6
snj19_SemiBin_84,58.15,2.64,Medium quality,F,T,snj19,43,Medium quality,62509,12
snj19_SemiBin_85,71.15,1.1,Medium quality,F,F,snj19,9,Medium quality,637040,4
snj19_SemiBin_87,77.49,2.95,Medium quality,F,T,snj19,26,Medium quality,440499,8
snj19_SemiBin_89,57.89,2.52,Medium quality,F,T,snj19,32,Medium quality,260115,8
snj19_SemiBin_8,99.9,3.09,High quality,T,F,snj19,3,HQ-MIMAG,3835243,1
snj19_SemiBin_90,54.24,0.34,Medium quality,F,F,snj19,2,Medium quality,1596651,1
snj19_SemiBin_91,60.53,7.3,Medium quality,F,F,snj19,27,Medium quality,456478,5
snj19_SemiBin_92,97.94,6.34,Medium quality,F,F,snj19,21,Medium quality,546614,5
snj19_SemiBin_93,59.75,0.6,Medium quality,F,T,snj19,22,Medium quality,277749,6
snj19_SemiBin_94,88.1,3.42,Medium quality,F,F,snj19,30,Medium quality,941425,4
snj19_SemiBin_95,70.31,0.84,Medium quality,F,F,snj19,33,Medium quality,228130,9
snj19_SemiBin_96,58.83,0.44,Medium quality,F,T,snj19,1,Medium quality,2285078,1
snj19_SemiBin_97,50.87,2.27,Medium quality,F,F,snj19,51,Medium quality,265776,13
snj19_SemiBin_98,53.94,0.22,Medium quality,F,F,snj19,7,Medium quality,495660,3
snj19_SemiBin_99,55.73,2.96,Medium quality,F,T,snj19,19,Medium quality,197215,6
snj19_SemiBin_9,100,2.49,High quality,T,T,snj19,9,HQ-MIMAG,1432857,2
snj20_SemiBin_0,94.6,0.18,High quality,T,F,snj20,4,HQ-MIMAG,489729,2
snj20_SemiBin_100,81.8,3.04,Medium quality,F,F,snj20,31,Medium quality,247622,8
snj20_SemiBin_103,71.23,7.68,Medium quality,F,F,snj20,17,Medium quality,350379,6
snj20_SemiBin_104,76.52,4.28,Medium quality,F,F,snj20,10,Medium quality,678912,3
snj20_SemiBin_105,53.15,0.35,Medium quality,F,F,snj20,4,Medium quality,1581348,1
snj20_SemiBin_106,70.36,0.08,Medium quality,F,T,snj20,17,Medium quality,228042,5
snj20_SemiBin_107,84.03,7.32,Medium quality,F,T,snj20,34,Medium quality,332828,4
snj20_SemiBin_108,62.46,5.69,Medium quality,F,T,snj20,14,Medium quality,365771,4
snj20_SemiBin_109,58.51,3.05,Medium quality,F,T,snj20,29,Medium quality,154329,7
snj20_SemiBin_10,95.66,2.74,High quality,T,T,snj20,7,HQ-MIMAG,885426,2
snj20_SemiBin_110,57.34,0.73,Medium quality,F,T,snj20,33,Medium quality,247805,8
snj20_SemiBin_111,51.84,0.53,Medium quality,F,F,snj20,20,Medium quality,263640,6
snj20_SemiBin_115,55.91,3.35,Medium quality,F,T,snj20,69,Medium quality,125068,18
snj20_SemiBin_11,97.93,2.52,High quality,T,F,snj20,10,HQ-MIMAG,593561,3
snj20_SemiBin_121,65.4,2.81,Medium quality,F,T,snj20,16,Medium quality,156997,5
snj20_SemiBin_122,55.99,3.07,Medium quality,F,T,snj20,27,Medium quality,275750,7
snj20_SemiBin_123,73.02,6.29,Medium quality,F,F,snj20,35,Medium quality,256093,10
snj20_SemiBin_12,87.74,2.31,Medium quality,F,F,snj20,7,Medium quality,1020179,2
snj20_SemiBin_136,51.58,0.33,Medium quality,F,T,snj20,18,Medium quality,168608,5
snj20_SemiBin_138,68.55,4.4,Medium quality,F,T,snj20,15,Medium quality,246743,5
snj20_SemiBin_13,93.37,2.03,High quality,T,T,snj20,16,HQ-MIMAG,493041,5
snj20_SemiBin_141,56.21,7.41,Medium quality,F,F,snj20,30,Medium quality,227416,8
snj20_SemiBin_143,50.24,0.14,Medium quality,F,T,snj20,18,Medium quality,123030,6
snj20_SemiBin_148,74.77,8.64,Medium quality,F,F,snj20,40,Medium quality,189664,7
snj20_SemiBin_14,94.65,2.65,High quality,T,T,snj20,22,HQ-MIMAG,581661,4
snj20_SemiBin_154,59.18,0.09,Medium quality,F,T,snj20,2,Medium quality,975871,1
snj20_SemiBin_155,51.08,1.02,Medium quality,F,T,snj20,3,Medium quality,1214312,1
snj20_SemiBin_15,85.59,0.95,Medium quality,F,T,snj20,6,Medium quality,1339022,2
snj20_SemiBin_162,58.86,0.1,Medium quality,F,T,snj20,17,Medium quality,246158,6
snj20_SemiBin_1696,59.09,8.59,Medium quality,F,T,snj20,85,Medium quality,51860,28
snj20_SemiBin_1699,62.84,9.43,Medium quality,F,T,snj20,204,Medium quality,55340,53
snj20_SemiBin_169,57.06,0.35,Medium quality,F,F,snj20,4,Medium quality,742986,2
snj20_SemiBin_16,92.72,5.55,Medium quality,F,F,snj20,25,Medium quality,356753,5
snj20_SemiBin_170,63.54,0.19,Medium quality,F,F,snj20,23,Medium quality,221095,8
snj20_SemiBin_172,62.07,0.49,Medium quality,F,T,snj20,14,Medium quality,232401,4
snj20_SemiBin_173,57.67,5.7,Medium quality,F,T,snj20,32,Medium quality,218485,9
snj20_SemiBin_178,55.33,1.07,Medium quality,F,T,snj20,13,Medium quality,396473,3
snj20_SemiBin_17,75.95,0,Medium quality,F,F,snj20,8,Medium quality,346309,2
snj20_SemiBin_183,77.12,6.87,Medium quality,F,F,snj20,22,Medium quality,340969,5
snj20_SemiBin_186,59.51,0.53,Medium quality,F,F,snj20,13,Medium quality,469926,4
snj20_SemiBin_18,85.96,2.41,Medium quality,F,T,snj20,20,Medium quality,224014,5
snj20_SemiBin_194,59.24,0.73,Medium quality,F,T,snj20,15,Medium quality,400316,4
snj20_SemiBin_19,83.39,7.33,Medium quality,F,T,snj20,42,Medium quality,274276,7
snj20_SemiBin_1,99.58,0.08,High quality,T,F,snj20,5,HQ-MIMAG,813884,2
snj20_SemiBin_203,56.38,3.52,Medium quality,F,F,snj20,31,Medium quality,205553,9
snj20_SemiBin_20,88.62,1.69,Medium quality,F,T,snj20,9,Medium quality,710735,3
snj20_SemiBin_212,65.83,1.38,Medium quality,F,F,snj20,7,Medium quality,684895,2
snj20_SemiBin_214,56.45,0.77,Medium quality,F,F,snj20,37,Medium quality,100590,13
snj20_SemiBin_217,80.1,5.26,Medium quality,F,T,snj20,19,Medium quality,344237,5
snj20_SemiBin_219,52.84,1.2,Medium quality,F,F,snj20,10,Medium quality,356601,4
snj20_SemiBin_21,86.23,1.96,Medium quality,F,T,snj20,10,Medium quality,442203,3
snj20_SemiBin_220,56.13,2.6,Medium quality,F,F,snj20,40,Medium quality,144013,12
snj20_SemiBin_22,93.67,1.12,High quality,T,F,snj20,6,HQ-MIMAG,782587,2
snj20_SemiBin_231,62.1,2.07,Medium quality,F,F,snj20,13,Medium quality,601781,4
snj20_SemiBin_233,54.02,4.46,Medium quality,F,F,snj20,65,Medium quality,133382,20
snj20_SemiBin_235,80.61,0.31,Medium quality,F,T,snj20,24,Medium quality,251451,7
snj20_SemiBin_23,91.34,8.9,Medium quality,F,F,snj20,17,Medium quality,724547,4
snj20_SemiBin_24,91.04,2.3,High quality,F,F,snj20,16,High quality,649439,5
snj20_SemiBin_25,94.39,0.59,High quality,T,T,snj20,2,HQ-MIMAG,2960085,1
snj20_SemiBin_262,72.47,1.81,Medium quality,F,F,snj20,14,Medium quality,334068,4
snj20_SemiBin_266,55.9,9.5,Medium quality,F,T,snj20,106,Medium quality,70183,30
snj20_SemiBin_26,82.82,0.65,Medium quality,F,T,snj20,14,Medium quality,486963,3
snj20_SemiBin_274,97.8,0.05,High quality,F,T,snj20,10,High quality,227066,4
snj20_SemiBin_27,89.02,8.7,Medium quality,F,F,snj20,25,Medium quality,652041,4
snj20_SemiBin_28,78.45,4.26,Medium quality,F,F,snj20,24,Medium quality,289705,6
snj20_SemiBin_29,88.56,1.61,Medium quality,F,F,snj20,16,Medium quality,557639,4
snj20_SemiBin_2,99.99,0.1,High quality,F,T,snj20,1,High quality,4386750,1
snj20_SemiBin_30,92.09,9.63,Medium quality,F,F,snj20,28,Medium quality,353018,7
snj20_SemiBin_31,84.84,4.4,Medium quality,F,T,snj20,19,Medium quality,435869,4
snj20_SemiBin_326,67.06,3.56,Medium quality,F,T,snj20,6,Medium quality,456452,2
snj20_SemiBin_32,77.27,8.19,Medium quality,F,F,snj20,29,Medium quality,397693,7
snj20_SemiBin_333,83.72,5.03,Medium quality,F,F,snj20,19,Medium quality,223076,5
snj20_SemiBin_334,64.54,8.95,Medium quality,F,F,snj20,33,Medium quality,162348,6
snj20_SemiBin_34,65.4,2.99,Medium quality,F,T,snj20,22,Medium quality,185052,7
snj20_SemiBin_35,81,2.79,Medium quality,F,T,snj20,20,Medium quality,345992,5
snj20_SemiBin_360,56.82,9.27,Medium quality,F,F,snj20,36,Medium quality,187498,10
snj20_SemiBin_36,76.87,2.33,Medium quality,F,T,snj20,27,Medium quality,253261,8
snj20_SemiBin_37,82.3,4.44,Medium quality,F,F,snj20,25,Medium quality,339348,6
snj20_SemiBin_38,83.29,3.97,Medium quality,F,F,snj20,16,Medium quality,200535,4
snj20_SemiBin_39,88.96,8.89,Medium quality,F,F,snj20,24,Medium quality,444885,6
snj20_SemiBin_3,100,0.71,High quality,T,F,snj20,11,HQ-MIMAG,836081,4
snj20_SemiBin_400,61.52,5.63,Medium quality,F,T,snj20,48,Medium quality,84089,11
snj20_SemiBin_40,81.9,2.69,Medium quality,F,F,snj20,20,Medium quality,354171,6
snj20_SemiBin_41,69.44,1.71,Medium quality,F,T,snj20,44,Medium quality,195907,11
snj20_SemiBin_42,74.86,2.44,Medium quality,F,T,snj20,18,Medium quality,282727,4
snj20_SemiBin_43,78.03,2.13,Medium quality,F,F,snj20,16,Medium quality,436853,5
snj20_SemiBin_44,68.32,6.07,Medium quality,F,T,snj20,45,Medium quality,364073,7
snj20_SemiBin_45,77.79,6.77,Medium quality,F,F,snj20,21,Medium quality,438056,4
snj20_SemiBin_46,53.49,0.27,Medium quality,F,F,snj20,14,Medium quality,191304,4
snj20_SemiBin_47,64.39,4.47,Medium quality,F,T,snj20,29,Medium quality,102548,10
snj20_SemiBin_48,68.6,1.81,Medium quality,F,F,snj20,26,Medium quality,212723,6
snj20_SemiBin_49,75.32,2.29,Medium quality,F,T,snj20,41,Medium quality,188929,11
snj20_SemiBin_4,98.48,0.22,High quality,T,T,snj20,19,HQ-MIMAG,507228,5
snj20_SemiBin_50,74.8,0.7,Medium quality,F,T,snj20,34,Medium quality,190496,10
snj20_SemiBin_51,53.76,0.4,Medium quality,F,T,snj20,45,Medium quality,115248,13
snj20_SemiBin_52,68.32,1.89,Medium quality,F,F,snj20,25,Medium quality,375888,6
snj20_SemiBin_53,71.86,3.56,Medium quality,F,T,snj20,53,Medium quality,140346,14
snj20_SemiBin_54,63.44,5.98,Medium quality,F,T,snj20,66,Medium quality,113008,16
snj20_SemiBin_559,50.01,2.7,Medium quality,F,T,snj20,13,Medium quality,283939,2
snj20_SemiBin_55,80.76,0.94,Medium quality,F,F,snj20,6,Medium quality,560872,2
snj20_SemiBin_56,56.14,0.74,Medium quality,F,T,snj20,35,Medium quality,145595,10
snj20_SemiBin_57,100,8.83,Medium quality,F,F,snj20,30,Medium quality,192471,6
snj20_SemiBin_58,56.46,4.27,Medium quality,F,T,snj20,49,Medium quality,109513,11
snj20_SemiBin_59,62.09,0.91,Medium quality,F,T,snj20,41,Medium quality,137124,10
snj20_SemiBin_5,97.25,0.42,High quality,T,T,snj20,3,HQ-MIMAG,2276301,1
snj20_SemiBin_607,56.52,3.04,Medium quality,F,T,snj20,13,Medium quality,256744,4
snj20_SemiBin_60,79.99,4.03,Medium quality,F,T,snj20,38,Medium quality,462588,8
snj20_SemiBin_61,64.2,4.53,Medium quality,F,F,snj20,8,Medium quality,620231,2
snj20_SemiBin_62,85.51,2.37,Medium quality,F,T,snj20,16,Medium quality,388703,5
snj20_SemiBin_64,52.82,0.52,Medium quality,F,F,snj20,5,Medium quality,294876,2
snj20_SemiBin_65,51.54,0.71,Medium quality,F,T,snj20,3,Medium quality,646815,2
snj20_SemiBin_66,76.73,4.44,Medium quality,F,F,snj20,63,Medium quality,121608,17
snj20_SemiBin_67,56.68,2.11,Medium quality,F,T,snj20,14,Medium quality,175699,5
snj20_SemiBin_68,83.17,6.19,Medium quality,F,T,snj20,10,Medium quality,154963,3
snj20_SemiBin_69,92.66,2.02,High quality,T,F,snj20,24,HQ-MIMAG,449404,6
snj20_SemiBin_6,93.59,0.96,High quality,T,T,snj20,11,HQ-MIMAG,361116,4
snj20_SemiBin_71,54.91,2.92,Medium quality,F,T,snj20,31,Medium quality,143272,11
snj20_SemiBin_73,71.25,5.11,Medium quality,F,F,snj20,14,Medium quality,383677,3
snj20_SemiBin_74,58.25,7.11,Medium quality,F,T,snj20,53,Medium quality,157507,13
snj20_SemiBin_76,60.02,1.34,Medium quality,F,F,snj20,5,Medium quality,973712,1
snj20_SemiBin_77,88.47,0.7,Medium quality,F,F,snj20,5,Medium quality,1294048,2
snj20_SemiBin_78,56.07,0.1,Medium quality,F,F,snj20,8,Medium quality,456430,2
snj20_SemiBin_7,99.39,5.44,Medium quality,F,F,snj20,9,Medium quality,525659,3
snj20_SemiBin_80,76.8,4.69,Medium quality,F,F,snj20,15,Medium quality,458849,6
snj20_SemiBin_82,62.43,2.49,Medium quality,F,F,snj20,17,Medium quality,365856,6
snj20_SemiBin_84,81.18,6.28,Medium quality,F,T,snj20,58,Medium quality,156759,16
snj20_SemiBin_85,65.81,0.36,Medium quality,F,T,snj20,8,Medium quality,683849,2
snj20_SemiBin_86,69.78,5.72,Medium quality,F,T,snj20,47,Medium quality,150539,7
snj20_SemiBin_88,62.21,1.69,Medium quality,F,T,snj20,32,Medium quality,146368,8
snj20_SemiBin_891,53.19,7.65,Medium quality,F,T,snj20,41,Medium quality,106986,13
snj20_SemiBin_8,84.19,0.78,Medium quality,F,T,snj20,11,Medium quality,875881,2
snj20_SemiBin_92,53.41,0.65,Medium quality,F,T,snj20,14,Medium quality,118297,4
snj20_SemiBin_94,66.02,0.85,Medium quality,F,T,snj20,13,Medium quality,71884,4
snj20_SemiBin_95,70.43,9.78,Medium quality,F,T,snj20,17,Medium quality,227894,4
snj20_SemiBin_963,65.69,9.61,Medium quality,F,T,snj20,25,Medium quality,212925,8
snj20_SemiBin_96,59.11,5.13,Medium quality,F,F,snj20,32,Medium quality,195695,7
snj20_SemiBin_97,53.23,4.62,Medium quality,F,T,snj20,17,Medium quality,108637,4
snj20_SemiBin_9,79.49,3.32,Medium quality,F,T,snj20,17,Medium quality,173384,5
