#seq_name,length,cov.,circ.,repeat,mult.,alt_group,graph_path,MAG
cpsnj01_contig_32185,124944,11,Y,N,2,*,32185,
cpsnj01_contig_78089,93967,6,Y,N,1,*,78089,
cpsnj01_contig_79915,90172,9,Y,N,1,*,79915,
cpsnj01_contig_78839,83127,16,Y,N,3,*,78839,
cpsnj01_contig_79604,75605,7,Y,N,1,*,79604,
cpsnj01_contig_79370,68910,17,Y,N,3,*,79370,
cpsnj01_contig_24978,68151,14,Y,N,2,*,24978,
cpsnj01_contig_79903,63612,4,Y,N,1,*,79903,
cpsnj01_contig_65986,62349,28,Y,N,5,*,65986,
cpsnj01_contig_80043,60347,9,Y,N,2,*,80043,
cpsnj01_contig_78461,59540,9,Y,N,1,*,78461,
cpsnj01_contig_80141,56383,18,Y,N,3,*,80141,
cpsnj01_contig_80097,55571,6,Y,N,1,*,80097,
cpsnj01_contig_78398,52972,7,Y,N,1,*,78398,
cpsnj01_contig_78104,48342,4,Y,N,1,*,78104,
cpsnj01_contig_66401,48023,5,Y,Y,1,*,66401,
cpsnj01_contig_78250,47875,5,Y,N,1,*,78250,
cpsnj01_contig_58747,46271,5,Y,Y,1,*,58747,
cpsnj01_contig_78740,46118,6,Y,N,1,*,78740,
cpsnj01_contig_80030,45912,14,Y,N,2,*,80030,
cpsnj01_contig_78560,44994,18,Y,N,3,*,78560,
cpsnj01_contig_80041,43962,4,Y,N,1,*,80041,
cpsnj01_contig_76269,41553,7,Y,N,1,*,76269,
cpsnj01_contig_80133,41401,8,Y,N,2,*,80133,
cpsnj01_contig_77498,40354,4,Y,N,1,*,77498,
cpsnj01_contig_80023,38649,6,Y,N,1,*,80023,
cpsnj01_contig_25622,37027,4,Y,Y,1,120,25622,
cpsnj01_contig_78628,34962,7,Y,N,1,*,78628,
cpsnj01_contig_76922,33680,8,Y,N,1,*,76922,
cpsnj01_contig_78490,33224,3,Y,N,1,*,78490,
cpsnj01_contig_76778,31112,7,Y,N,1,*,76778,
cpsnj01_contig_79720,23508,5,Y,N,1,*,79720,
cpsnj01_contig_80154,23420,7,Y,N,1,*,80154,
cpsnj01_contig_37959,23341,4,Y,Y,1,144,37959,
cpsnj01_contig_77816,21393,4,Y,N,1,*,77816,
cpsnj01_contig_78693,18398,8,Y,N,1,*,78693,
cpsnj01_contig_80027,17737,6,Y,N,1,*,80027,
cpsnj01_contig_78741,17349,5,Y,Y,1,*,78741,
cpsnj01_contig_43547,17171,4,Y,Y,1,156,43547,
cpsnj01_contig_17188,15924,8,Y,Y,1,90,17188,
cpsnj01_contig_79352,14543,4,Y,N,1,*,79352,
cpsnj01_contig_11733,14063,13,Y,N,1,*,11733,
cpsnj01_contig_11732,13117,18,Y,N,3,*,11732,
cpsnj01_contig_80169,13053,10,Y,N,2,*,80169,
cpsnj01_contig_16982,11142,3,Y,Y,1,84,16982,
cpsnj01_contig_14874,10567,6,Y,Y,1,68,14874,
cpsnj01_contig_49865,10246,15,Y,Y,5,*,49865,
cpsnj01_contig_4588,9713,3,Y,Y,1,3018,4588,
cpsnj01_contig_17207,9242,3,Y,Y,1,2436,17207,
cpsnj01_contig_78987,9098,4,Y,N,1,*,78987,
cpsnj01_contig_36097,8296,125,Y,N,25,*,36097,
cpsnj01_contig_60044,8216,4,Y,Y,1,180,60044,
cpsnj01_contig_78958,8163,6,Y,N,1,*,78958,
cpsnj01_contig_50922,7929,4,Y,Y,1,2650,50922,
cpsnj01_contig_38983,7470,7,Y,Y,2,2604,38983,
cpsnj01_contig_80107,7342,10,Y,N,1,*,80107,
cpsnj01_contig_80136,7265,4,Y,Y,1,208,80136,
cpsnj01_contig_48919,7239,5,Y,N,1,*,48919,
cpsnj01_contig_76965,7233,14,Y,Y,2,2468,76965,
cpsnj01_contig_9235,7109,4,Y,Y,1,50,9235,
cpsnj01_contig_16593,7018,7,Y,Y,1,2960,16593,
cpsnj01_contig_47002,6621,4,Y,Y,1,162,47002,
cpsnj01_contig_62970,6552,17,Y,N,3,*,62970,
cpsnj01_contig_78928,6150,7,Y,N,1,*,78928,
cpsnj01_contig_78724,6136,14,Y,N,2,*,78724,
cpsnj01_contig_31546,5297,4,Y,Y,1,*,31546,
cpsnj01_contig_32560,5263,5,Y,Y,1,130,32560,
cpsnj01_contig_1943,5160,3,Y,Y,1,2300,1943,
cpsnj01_contig_78524,5130,7,Y,N,1,*,78524,
cpsnj01_contig_77129,4928,6,Y,Y,1,*,77129,
cpsnj01_contig_80074,4860,19,Y,Y,3,*,80074,
cpsnj01_contig_37031,4560,19,Y,Y,3,*,37031,
cpsnj01_contig_80113,4545,6,Y,Y,1,*,80113,
cpsnj01_contig_77649,4102,13,Y,Y,1,*,77649,
cpsnj01_contig_15308,3952,57,Y,Y,10,*,15308,
cpsnj01_contig_50022,3559,9,Y,Y,1,*,50022,
cpsnj01_contig_5494,2592,7,Y,Y,3,30,5494,
cpsnj01_contig_77939,2131,16,Y,Y,3,3076,77939,
cpsnj01_contig_39715,1800,4,Y,Y,1,2690,39715,
cpsnj01_contig_35719,946,33,Y,Y,6,*,35719,
cpsnj01_contig_15329,779,3,Y,Y,1,2662,15329,
cpsnj01_contig_18481,690,3,Y,Y,1,3014,18481,
cpsnj01_contig_4522,679,6,Y,Y,1,2362,4522,
cpsnj01_contig_34641,668,72,Y,Y,14,*,34641,
cpsnj01_contig_71338,608,319,Y,Y,63,*,71338,
cpsnj01_contig_18398,505,4,Y,Y,1,3068,18398,
cpsnj01_contig_776,504,11,Y,Y,2,*,776,
cpsnj01_contig_31304,438,3,Y,Y,1,124,31304,
cpsnj02_contig_74383,222111,9,Y,N,2,*,74383,
cpsnj02_contig_76562,156354,13,Y,N,3,*,76562,
cpsnj02_contig_75996,151900,13,Y,N,3,*,75996,
cpsnj02_contig_74945,130917,13,Y,N,2,*,74945,
cpsnj02_contig_75148,108052,7,Y,N,1,*,75148,
cpsnj02_contig_74314,104549,8,Y,N,2,*,74314,
cpsnj02_contig_33787,76808,11,Y,N,2,*,33787,
cpsnj02_contig_76560,60277,5,Y,N,1,*,76560,
cpsnj02_contig_76640,60167,5,Y,N,1,*,76640,
cpsnj02_contig_75990,60021,7,Y,N,1,*,75990,
cpsnj02_contig_74489,59549,4,Y,N,1,*,74489,
cpsnj02_contig_76553,58437,3,Y,N,1,*,76553,
cpsnj02_contig_55043,54961,4,Y,N,1,*,55043,
cpsnj02_contig_74831,53779,17,Y,N,4,*,74831,
cpsnj02_contig_76482,49777,4,Y,N,1,*,76482,
cpsnj02_contig_76626,49355,8,Y,N,2,*,76626,
cpsnj02_contig_76434,48256,7,Y,N,1,*,76434,
cpsnj02_contig_76556,48057,6,Y,N,1,*,76556,
cpsnj02_contig_76475,46294,9,Y,N,2,*,76475,
cpsnj02_contig_76603,44476,7,Y,N,2,*,76603,
cpsnj02_contig_75002,42686,6,Y,N,1,*,75002,
cpsnj02_contig_75572,42627,4,Y,N,1,*,75572,
cpsnj02_contig_75963,40804,3,Y,N,1,*,75963,
cpsnj02_contig_76497,40129,4,Y,N,1,*,76497,
cpsnj02_contig_76433,39774,8,Y,N,2,*,76433,
cpsnj02_contig_76388,39772,5,Y,N,1,*,76388,
cpsnj02_contig_76403,39399,21,Y,N,5,*,76403,
cpsnj02_contig_75637,38975,10,Y,N,2,*,75637,
cpsnj02_contig_75809,38919,15,Y,N,3,*,75809,
cpsnj02_contig_37972,38737,7,Y,N,1,*,37972,
cpsnj02_contig_73882,38371,9,Y,N,2,*,73882,
cpsnj02_contig_75088,37889,11,Y,N,2,*,75088,
cpsnj02_contig_76290,36048,8,Y,N,2,*,76290,
cpsnj02_contig_76391,35307,8,Y,N,1,*,76391,
cpsnj02_contig_76575,34635,6,Y,N,1,*,76575,
cpsnj02_contig_76485,30610,15,Y,N,4,*,76485,
cpsnj02_contig_73715,30311,8,Y,N,2,*,73715,
cpsnj02_contig_3113,29802,16,Y,N,4,*,3113,
cpsnj02_contig_36867,28091,9,Y,Y,2,70,36867,
cpsnj02_contig_74505,27894,6,Y,N,1,*,74505,
cpsnj02_contig_76499,25024,3,Y,Y,1,*,76499,
cpsnj02_contig_76597,23734,7,Y,N,1,*,76597,
cpsnj02_contig_13827,21125,4,Y,Y,1,44,13827,
cpsnj02_contig_8655,20779,4,Y,N,1,*,8655,
cpsnj02_contig_74115,19697,7,Y,N,1,*,74115,
cpsnj02_contig_74971,19431,4,Y,N,1,*,74971,
cpsnj02_contig_499,19314,5,Y,Y,1,2,499,
cpsnj02_contig_13116,15973,6,Y,N,1,*,13116,
cpsnj02_contig_76558,13912,4,Y,N,1,*,76558,
cpsnj02_contig_45460,13695,4,Y,N,1,*,45460,
cpsnj02_contig_75684,13513,6,Y,N,1,*,75684,
cpsnj02_contig_13777,13276,3,Y,Y,1,2186,13777,
cpsnj02_contig_75666,10890,4,Y,N,1,*,75666,
cpsnj02_contig_56671,9780,8,Y,Y,1,2558,56671,
cpsnj02_contig_56243,9694,14,Y,N,3,*,56243,
cpsnj02_contig_11078,8868,9,Y,Y,4,32,11078,
cpsnj02_contig_34167,8799,12,Y,N,3,*,34167,
cpsnj02_contig_75085,8714,4,Y,N,1,*,75085,
cpsnj02_contig_3488,8451,3,Y,Y,1,2564,3488,
cpsnj02_contig_54030,8089,3,Y,Y,1,84,54030,
cpsnj02_contig_76438,7958,6,Y,N,1,*,76438,
cpsnj02_contig_58730,7809,20,Y,Y,4,2016,58730,
cpsnj02_contig_20036,7366,6,Y,Y,1,2314,20036,
cpsnj02_contig_74055,6951,12,Y,N,3,*,74055,
cpsnj02_contig_16783,6620,3,Y,Y,1,2254,16783,
cpsnj02_contig_29302,5670,10,Y,N,2,*,29302,
cpsnj02_contig_19666,5614,9,Y,Y,2,*,19666,
cpsnj02_contig_76636,5422,6,Y,N,1,*,76636,
cpsnj02_contig_8313,5354,3,Y,Y,1,2590,8313,
cpsnj02_contig_47534,4914,8,Y,Y,1,*,47534,
cpsnj02_contig_75215,4681,7,Y,Y,1,*,75215,
cpsnj02_contig_76425,4560,8,Y,Y,1,*,76425,
cpsnj02_contig_65414,4559,9,Y,Y,2,*,65414,
cpsnj02_contig_76279,4428,6,Y,Y,1,*,76279,
cpsnj02_contig_29580,4234,7,Y,Y,1,*,29580,
cpsnj02_contig_50253,3806,21,Y,Y,5,*,50253,
cpsnj02_contig_74606,1563,3,Y,Y,1,2232,74606,
cpsnj02_contig_8402,929,101,Y,Y,25,*,8402,
cpsnj02_contig_37109,668,34,Y,Y,8,*,37109,
cpsnj02_contig_70818,635,190,Y,Y,47,*,70818,
cpsnj03_contig_20783,110579,3,Y,N,1,*,20783,
cpsnj03_contig_63346,98824,6,Y,N,1,*,63346,
cpsnj03_contig_63674,72695,5,Y,N,1,*,63674,
cpsnj03_contig_63871,72434,5,Y,N,1,*,63871,
cpsnj03_contig_60901,67440,5,Y,N,1,*,60901,
cpsnj03_contig_63484,63797,11,Y,N,2,*,63484,
cpsnj03_contig_63881,63606,7,Y,N,1,*,63881,
cpsnj03_contig_62243,60963,14,Y,N,2,*,62243,
cpsnj03_contig_60651,60623,11,Y,N,2,*,60651,
cpsnj03_contig_63865,60120,8,Y,N,1,*,63865,
cpsnj03_contig_62456,52180,4,Y,N,1,*,62456,
cpsnj03_contig_61937,51741,36,Y,N,6,*,61937,
cpsnj03_contig_63672,50255,6,Y,N,1,*,63672,
cpsnj03_contig_62049,49619,9,Y,N,2,*,62049,
cpsnj03_contig_15544,49466,27,Y,N,4,*,15544,
cpsnj03_contig_63636,48989,5,Y,N,1,*,63636,
cpsnj03_contig_25363,48504,3,Y,Y,1,164,25363,
cpsnj03_contig_63820,48382,5,Y,N,1,*,63820,
cpsnj03_contig_60688,48084,5,Y,N,1,*,60688,
cpsnj03_contig_62593,47864,31,Y,N,5,*,62593,
cpsnj03_contig_55383,47198,4,Y,N,1,*,55383,
cpsnj03_contig_55384,45540,4,Y,N,1,*,55384,
cpsnj03_contig_63815,45394,3,Y,N,1,*,63815,
cpsnj03_contig_63670,45040,4,Y,N,1,*,63670,
cpsnj03_contig_61578,45039,13,Y,N,2,*,61578,
cpsnj03_contig_62942,44381,4,Y,N,1,*,62942,
cpsnj03_contig_63493,43386,6,Y,N,1,*,63493,
cpsnj03_contig_62172,43112,8,Y,Y,2,*,62172,
cpsnj03_contig_63900,42876,5,Y,N,1,*,63900,
cpsnj03_contig_63420,42281,11,Y,N,1,*,63420,
cpsnj03_contig_63886,41481,5,Y,N,1,*,63886,
cpsnj03_contig_61473,41198,8,Y,N,1,*,61473,
cpsnj03_contig_63849,39560,3,Y,N,1,*,63849,
cpsnj03_contig_62299,39304,6,Y,N,1,*,62299,
cpsnj03_contig_63328,38665,6,Y,N,1,*,63328,
cpsnj03_contig_63544,38632,12,Y,N,2,*,63544,
cpsnj03_contig_26396,38199,7,Y,N,1,*,26396,
cpsnj03_contig_61212,36771,3,Y,N,1,*,61212,
cpsnj03_contig_42116,36082,13,Y,N,2,*,42116,
cpsnj03_contig_36262,35989,6,Y,Y,1,206,36262,
cpsnj03_contig_3191,33180,4,Y,Y,1,24,3191,
cpsnj03_contig_63905,32416,6,Y,N,1,*,63905,
cpsnj03_contig_63442,31613,9,Y,N,2,*,63442,
cpsnj03_contig_62315,30793,3,Y,Y,1,298,62315,
cpsnj03_contig_63422,30252,7,Y,N,1,*,63422,
cpsnj03_contig_27958,29812,4,Y,Y,1,180,27958,
cpsnj03_contig_39253,25605,4,Y,Y,1,222,39253,
cpsnj03_contig_50508,24077,4,Y,Y,1,262,50508,
cpsnj03_contig_61276,23437,5,Y,N,1,*,61276,
cpsnj03_contig_47616,23343,5,Y,Y,1,258,47616,
cpsnj03_contig_12350,22431,4,Y,Y,1,76,12350,
cpsnj03_contig_55287,22102,4,Y,N,1,*,55287,
cpsnj03_contig_20085,21501,4,Y,Y,1,4690,20085,
cpsnj03_contig_28503,21475,3,Y,Y,1,184,28503,
cpsnj03_contig_62994,21402,8,Y,N,2,*,62994,
cpsnj03_contig_2555,19533,10,Y,Y,1,*,2555,
cpsnj03_contig_63324,19424,5,Y,N,1,*,63324,
cpsnj03_contig_39351,19315,6,Y,Y,1,224,39351,
cpsnj03_contig_63235,18809,7,Y,Y,1,5730,63235,
cpsnj03_contig_1525,17085,9,Y,N,1,*,1525,
cpsnj03_contig_61882,16512,5,Y,N,1,*,61882,
cpsnj03_contig_44974,16253,9,Y,N,1,*,44974,
cpsnj03_contig_63623,15627,20,Y,N,3,*,63623,
cpsnj03_contig_18857,15505,6,Y,Y,1,112,18857,
cpsnj03_contig_21904,15395,3,Y,Y,1,138,21904,
cpsnj03_contig_63294,15324,4,Y,N,1,*,63294,
cpsnj03_contig_9789,15218,7,Y,Y,1,5666,9789,
cpsnj03_contig_6004,14378,5,Y,Y,1,4246,6004,
cpsnj03_contig_24910,14346,5,Y,Y,1,5656,24910,
cpsnj03_contig_31171,13978,3,Y,Y,1,192,31171,
cpsnj03_contig_23249,13911,3,Y,Y,1,4072,23249,
cpsnj03_contig_18415,13554,5,Y,Y,1,108,18415,
cpsnj03_contig_242,13041,3,Y,Y,1,2,242,
cpsnj03_contig_53999,12963,5,Y,N,1,*,53999,
cpsnj03_contig_16228,12899,4,Y,Y,2,102,16228,
cpsnj03_contig_44681,12766,12,Y,Y,4,240,44681,
cpsnj03_contig_60864,12700,20,Y,N,4,*,60864,
cpsnj03_contig_63863,12427,3,Y,N,1,*,63863,
cpsnj03_contig_60778,12237,9,Y,N,1,*,60778,
cpsnj03_contig_61318,11613,4,Y,N,1,*,61318,
cpsnj03_contig_8249,11547,7,Y,N,1,*,8249,
cpsnj03_contig_25361,11414,6,Y,Y,1,5128,25361,
cpsnj03_contig_28916,11222,4,Y,Y,1,190,28916,
cpsnj03_contig_63233,9993,8,Y,N,1,*,63233,
cpsnj03_contig_9656,9892,11,Y,Y,1,*,9656,
cpsnj03_contig_45154,9787,4,Y,N,1,*,45154,
cpsnj03_contig_61484,9635,4,Y,Y,1,4260,61484,
cpsnj03_contig_548,9556,6,Y,Y,1,3806,548,
cpsnj03_contig_25089,9303,5,Y,Y,1,5158,25089,
cpsnj03_contig_31551,9232,4,Y,Y,1,4388,31551,
cpsnj03_contig_39098,9152,3,Y,Y,1,5750,39098,
cpsnj03_contig_7916,9062,20,Y,Y,4,3766,7916,
cpsnj03_contig_25254,8463,5,Y,Y,1,5610,25254,
cpsnj03_contig_46523,8356,14,Y,Y,2,5382,46523,
cpsnj03_contig_49495,8186,3,Y,Y,1,260,49495,
cpsnj03_contig_27922,8165,8,Y,Y,1,5754,27922,
cpsnj03_contig_63241,8127,4,Y,N,1,*,63241,
cpsnj03_contig_63619,8109,8,Y,N,2,*,63619,
cpsnj03_contig_61654,7262,5,Y,Y,1,4444,61654,
cpsnj03_contig_62776,6767,4,Y,Y,1,*,62776,
cpsnj03_contig_62146,6493,8,Y,N,1,*,62146,
cpsnj03_contig_43504,6164,18,Y,N,2,*,43504,
cpsnj03_contig_61399,6141,9,Y,Y,2,5598,61399,
cpsnj03_contig_55802,6075,8,Y,N,1,*,55802,
cpsnj03_contig_62307,5965,3,Y,Y,1,4202,62307,
cpsnj03_contig_1925,5906,5,Y,Y,1,3920,1925,
cpsnj03_contig_30040,5793,3,Y,N,1,*,30040,
cpsnj03_contig_37086,5451,6,Y,N,1,*,37086,
cpsnj03_contig_60849,5369,6,Y,N,1,*,60849,
cpsnj03_contig_30368,4984,5,Y,Y,1,4840,30368,
cpsnj03_contig_32417,4744,9,Y,Y,1,*,32417,
cpsnj03_contig_63000,4528,12,Y,Y,1,*,63000,
cpsnj03_contig_7764,4342,8,Y,Y,1,*,7764,
cpsnj03_contig_63772,4322,7,Y,Y,1,*,63772,
cpsnj03_contig_15637,4274,20,Y,Y,4,*,15637,
cpsnj03_contig_20729,3194,10,Y,Y,1,*,20729,
cpsnj03_contig_48883,702,196,Y,Y,39,*,48883,
cpsnj03_contig_3327,635,7,Y,Y,1,4050,3327,
cpsnj04_contig_41268,229133,9,Y,N,2,*,41268,
cpsnj04_contig_90517,192276,18,Y,N,4,*,90517,
cpsnj04_contig_86221,143521,20,Y,N,5,*,86221,
cpsnj04_contig_1276,134412,9,Y,N,2,*,1276,
cpsnj04_contig_88850,112923,17,Y,N,4,*,88850,
cpsnj04_contig_35187,98266,9,Y,N,2,*,35187,
cpsnj04_contig_59574,92907,23,Y,N,5,*,59574,
cpsnj04_contig_86946,77604,4,Y,N,1,*,86946,
cpsnj04_contig_59983,68923,6,Y,N,1,*,59983,
cpsnj04_contig_88510,66621,14,Y,N,3,*,88510,
cpsnj04_contig_90442,54332,6,Y,N,1,*,90442,
cpsnj04_contig_87998,50902,3,Y,N,1,*,87998,
cpsnj04_contig_88700,48145,60,Y,N,15,*,88700,
cpsnj04_contig_90543,45691,5,Y,N,1,*,90543,
cpsnj04_contig_16734,45657,3,Y,Y,1,96,16734,
cpsnj04_contig_24607,43166,3,Y,Y,1,132,24607,
cpsnj04_contig_90067,42469,21,Y,N,4,*,90067,
cpsnj04_contig_90576,42155,16,Y,N,4,*,90576,
cpsnj04_contig_90167,40191,5,Y,N,1,*,90167,
cpsnj04_contig_87579,40185,7,Y,N,2,*,87579,
cpsnj04_contig_89947,39502,6,Y,N,1,*,89947,
cpsnj04_contig_71789,36982,5,Y,N,1,*,71789,
cpsnj04_contig_85654,36777,4,Y,N,1,*,85654,
cpsnj04_contig_90428,36253,20,Y,N,5,*,90428,
cpsnj04_contig_89631,35241,7,Y,N,1,*,89631,
cpsnj04_contig_87967,33652,5,Y,Y,1,278,87967,
cpsnj04_contig_89299,33506,4,Y,N,1,*,89299,
cpsnj04_contig_12271,32359,6,Y,Y,1,66,12271,
cpsnj04_contig_13068,31648,6,Y,Y,1,74,13068,
cpsnj04_contig_67637,31394,19,Y,N,3,*,67637,
cpsnj04_contig_13211,30195,4,Y,Y,1,76,13211,
cpsnj04_contig_86895,25370,4,Y,Y,1,*,86895,
cpsnj04_contig_51836,24475,5,Y,Y,1,206,51836,
cpsnj04_contig_39171,24292,4,Y,Y,1,172,39171,
cpsnj04_contig_400,23217,6,Y,Y,1,6,400,
cpsnj04_contig_47040,22965,5,Y,Y,1,192,47040,
cpsnj04_contig_11201,22590,3,Y,Y,1,4832,11201,
cpsnj04_contig_90478,22319,5,Y,N,1,*,90478,
cpsnj04_contig_90532,21328,3,Y,N,1,*,90532,
cpsnj04_contig_15965,20598,3,Y,Y,1,90,15965,
cpsnj04_contig_88619,20459,6,Y,N,1,*,88619,
cpsnj04_contig_88236,19995,5,Y,Y,1,282,88236,
cpsnj04_contig_89870,17054,12,Y,N,3,*,89870,
cpsnj04_contig_32418,16444,14,Y,Y,3,4362,32418,
cpsnj04_contig_24057,16037,11,Y,Y,2,5894,24057,
cpsnj04_contig_86525,15047,11,Y,Y,2,4696,86525,
cpsnj04_contig_76064,14825,4,Y,N,1,*,76064,
cpsnj04_contig_42786,14743,7,Y,Y,1,182,42786,
cpsnj04_contig_87686,14696,11,Y,Y,2,5282,87686,
cpsnj04_contig_48900,14276,7,Y,Y,2,198,48900,
cpsnj04_contig_43160,13723,12,Y,Y,3,*,43160,
cpsnj04_contig_23865,13495,6,Y,Y,1,128,23865,
cpsnj04_contig_55151,13267,6,Y,Y,1,5870,55151,
cpsnj04_contig_57996,13170,3,Y,Y,1,5888,57996,
cpsnj04_contig_90155,12955,4,Y,N,1,*,90155,
cpsnj04_contig_24552,12480,4,Y,Y,1,6154,24552,
cpsnj04_contig_77369,12052,3,Y,Y,1,4328,77369,
cpsnj04_contig_21083,11595,5,Y,Y,1,5144,21083,
cpsnj04_contig_29810,11208,12,Y,Y,4,144,29810,
cpsnj04_contig_27467,10923,6,Y,Y,2,4200,27467,
cpsnj04_contig_22089,10642,5,Y,Y,1,118,22089,
cpsnj04_contig_808,10417,5,Y,Y,1,10,808,
cpsnj04_contig_4552,9917,18,Y,Y,3,4454,4552,
cpsnj04_contig_24011,9648,5,Y,Y,1,4668,24011,
cpsnj04_contig_23101,9429,6,Y,Y,1,122,23101,
cpsnj04_contig_7230,9155,6,Y,Y,1,4822,7230,
cpsnj04_contig_14610,9102,4,Y,Y,1,84,14610,
cpsnj04_contig_89962,9016,6,Y,N,1,*,89962,
cpsnj04_contig_29024,8886,3,Y,Y,1,5520,29024,
cpsnj04_contig_39690,8856,3,Y,Y,1,5516,39690,
cpsnj04_contig_88522,8715,11,Y,N,3,*,88522,
cpsnj04_contig_61302,8572,12,Y,N,2,*,61302,
cpsnj04_contig_8602,8370,9,Y,N,2,*,8602,
cpsnj04_contig_90508,7634,6,Y,N,1,*,90508,
cpsnj04_contig_67268,6859,4,Y,N,1,*,67268,
cpsnj04_contig_52857,6635,6,Y,N,1,*,52857,
cpsnj04_contig_56970,6163,5,Y,N,1,*,56970,
cpsnj04_contig_90577,5967,4,Y,N,1,*,90577,
cpsnj04_contig_32706,5964,7,Y,N,1,*,32706,
cpsnj04_contig_55091,5927,12,Y,N,2,*,55091,
cpsnj04_contig_37219,5858,3,Y,Y,1,4360,37219,
cpsnj04_contig_19489,5850,20,Y,N,5,*,19489,
cpsnj04_contig_72290,5727,12,Y,N,3,*,72290,
cpsnj04_contig_11748,5533,10,Y,N,2,*,11748,
cpsnj04_contig_90578,5533,11,Y,N,2,*,90578,
cpsnj04_contig_79264,5520,15,Y,N,3,*,79264,
cpsnj04_contig_61981,5508,3,Y,Y,1,230,61981,
cpsnj04_contig_55476,5281,5,Y,Y,1,*,55476,
cpsnj04_contig_56818,5110,12,Y,Y,3,*,56818,
cpsnj04_contig_63426,5013,16,Y,Y,3,*,63426,
cpsnj04_contig_46133,4731,11,Y,Y,2,*,46133,
cpsnj04_contig_86922,4238,6,Y,Y,1,6244,86922,
cpsnj04_contig_38639,3886,8,Y,Y,1,6218,38639,
cpsnj04_contig_59345,3043,3,Y,Y,1,5890,59345,
cpsnj04_contig_14726,2056,3,Y,Y,1,6102,14726,
cpsnj04_contig_88995,1814,6,Y,Y,1,4248,88995,
cpsnj04_contig_22429,801,54,Y,Y,13,*,22429,
cpsnj04_contig_18692,544,4,Y,Y,1,4400,18692,
cpsnj04_contig_15437,334,3,Y,Y,1,4332,15437,
cpsnj08_contig_95490,130983,8,Y,N,2,*,95490,
cpsnj08_contig_99175,111905,14,Y,N,2,*,99175,
cpsnj08_contig_96231,108061,48,Y,N,8,*,96231,
cpsnj08_contig_98829,104103,6,Y,N,1,*,98829,
cpsnj08_contig_98635,85743,8,Y,N,1,*,98635,
cpsnj08_contig_8442,74378,6,Y,N,1,*,8442,
cpsnj08_contig_96702,73434,4,Y,N,1,*,96702,
cpsnj08_contig_18522,72994,17,Y,N,3,*,18522,
cpsnj08_contig_97163,72970,17,Y,N,3,*,97163,
cpsnj08_contig_97723,69620,4,Y,N,1,*,97723,
cpsnj08_contig_96796,69252,32,Y,N,5,*,96796,
cpsnj08_contig_98952,63681,15,Y,N,3,*,98952,
cpsnj08_contig_99025,61015,7,Y,N,1,*,99025,
cpsnj08_contig_98300,56542,9,Y,N,1,*,98300,
cpsnj08_contig_98423,55311,9,Y,N,1,*,98423,
cpsnj08_contig_1040,54775,38,Y,N,7,*,1040,
cpsnj08_contig_98505,54298,8,Y,N,2,*,98505,
cpsnj08_contig_98307,52744,35,Y,N,6,*,98307,
cpsnj08_contig_96412,52043,24,Y,N,4,*,96412,
cpsnj08_contig_98857,50398,17,Y,N,3,*,98857,
cpsnj08_contig_99259,49694,3,Y,Y,1,*,99259,
cpsnj08_contig_96405,49330,10,Y,N,2,*,96405,
cpsnj08_contig_98790,49053,5,Y,N,1,*,98790,
cpsnj08_contig_94736,48882,6,Y,N,1,*,94736,
cpsnj08_contig_99068,48670,15,Y,N,2,*,99068,
cpsnj08_contig_65284,48566,19,Y,N,3,*,65284,
cpsnj08_contig_97746,48235,10,Y,N,2,*,97746,
cpsnj08_contig_95852,47944,5,Y,N,1,*,95852,
cpsnj08_contig_95191,47766,7,Y,N,1,*,95191,
cpsnj08_contig_99220,47180,8,Y,N,1,*,99220,
cpsnj08_contig_99253,47117,12,Y,N,2,*,99253,
cpsnj08_contig_98512,45907,60,Y,N,11,*,98512,
cpsnj08_contig_98418,45652,9,Y,N,1,*,98418,
cpsnj08_contig_98985,44591,19,Y,N,3,*,98985,
cpsnj08_contig_96509,44444,7,Y,N,1,*,96509,
cpsnj08_contig_16671,43174,9,Y,N,1,*,16671,
cpsnj08_contig_21193,41746,9,Y,N,2,*,21193,
cpsnj08_contig_99244,41731,4,Y,N,1,*,99244,
cpsnj08_contig_99139,41146,5,Y,N,1,*,99139,
cpsnj08_contig_93954,40841,5,Y,N,1,*,93954,
cpsnj08_contig_96083,40503,17,Y,N,3,*,96083,
cpsnj08_contig_99138,40489,9,Y,N,1,*,99138,
cpsnj08_contig_97336,40445,16,Y,N,3,*,97336,
cpsnj08_contig_39790,40397,10,Y,N,1,*,39790,
cpsnj08_contig_95164,40161,12,Y,N,2,*,95164,
cpsnj08_contig_42074,40152,17,Y,N,3,*,42074,
cpsnj08_contig_80361,40123,12,Y,N,2,*,80361,
cpsnj08_contig_41109,40025,17,Y,N,2,*,41109,
cpsnj08_contig_98933,39877,6,Y,N,1,*,98933,
cpsnj08_contig_16338,39788,5,Y,N,1,*,16338,
cpsnj08_contig_98303,39736,11,Y,N,2,*,98303,
cpsnj08_contig_38703,39675,39,Y,N,7,*,38703,
cpsnj08_contig_98854,39671,12,Y,N,2,*,98854,
cpsnj08_contig_74625,39614,25,Y,N,4,*,74625,
cpsnj08_contig_99028,39439,35,Y,N,6,*,99028,
cpsnj08_contig_97345,38817,4,Y,Y,1,*,97345,
cpsnj08_contig_97892,38690,15,Y,N,2,*,97892,
cpsnj08_contig_96815,38590,29,Y,N,5,*,96815,
cpsnj08_contig_74626,38497,9,Y,N,1,*,74626,
cpsnj08_contig_97891,38449,21,Y,N,4,*,97891,
cpsnj08_contig_98770,38401,9,Y,N,1,*,98770,
cpsnj08_contig_97800,38310,21,Y,N,4,*,97800,
cpsnj08_contig_94725,37535,8,Y,N,1,*,94725,
cpsnj08_contig_99230,36259,5,Y,N,1,*,99230,
cpsnj08_contig_48789,35948,8,Y,N,1,*,48789,
cpsnj08_contig_98468,34681,7,Y,N,1,*,98468,
cpsnj08_contig_99210,33654,8,Y,N,1,*,99210,
cpsnj08_contig_24843,31589,10,Y,Y,2,230,24843,
cpsnj08_contig_74078,31393,8,Y,N,1,*,74078,
cpsnj08_contig_94294,31320,10,Y,N,2,*,94294,
cpsnj08_contig_98637,29709,3,Y,Y,1,592,98637,
cpsnj08_contig_97081,28813,5,Y,N,1,*,97081,
cpsnj08_contig_99206,28749,6,Y,Y,2,*,99206,
cpsnj08_contig_98129,28551,5,Y,N,1,*,98129,
cpsnj08_contig_98862,24967,13,Y,N,2,*,98862,
cpsnj08_contig_53179,24578,3,Y,Y,1,*,53179,
cpsnj08_contig_24727,23163,7,Y,Y,1,228,24727,
cpsnj08_contig_99078,22129,10,Y,N,2,*,99078,
cpsnj08_contig_94881,21958,5,Y,Y,1,546,94881,
cpsnj08_contig_17116,21472,3,Y,Y,1,170,17116,
cpsnj08_contig_99120,20299,10,Y,N,2,*,99120,
cpsnj08_contig_97737,19254,5,Y,N,1,*,97737,
cpsnj08_contig_52751,19183,3,Y,Y,1,402,52751,
cpsnj08_contig_6857,18880,5,Y,Y,1,76,6857,
cpsnj08_contig_94601,18558,6,Y,Y,2,*,94601,
cpsnj08_contig_15689,18282,5,Y,Y,1,154,15689,
cpsnj08_contig_95057,17394,7,Y,N,1,*,95057,
cpsnj08_contig_6084,16846,3,Y,Y,1,66,6084,
cpsnj08_contig_95820,16134,3,Y,Y,1,562,95820,
cpsnj08_contig_82289,13990,4,Y,Y,1,7386,82289,
cpsnj08_contig_89638,13830,3,Y,Y,1,532,89638,
cpsnj08_contig_24844,13306,13,Y,Y,2,6456,24844,
cpsnj08_contig_14360,13017,4,Y,Y,1,5816,14360,
cpsnj08_contig_3269,12815,3,Y,Y,1,36,3269,
cpsnj08_contig_54450,12751,5,Y,Y,1,416,54450,
cpsnj08_contig_96314,12619,3,Y,N,1,*,96314,
cpsnj08_contig_99261,12382,4,Y,N,1,*,99261,
cpsnj08_contig_97838,12366,4,Y,Y,1,586,97838,
cpsnj08_contig_33888,11919,3,Y,Y,1,5378,33888,
cpsnj08_contig_95874,11897,11,Y,N,1,*,95874,
cpsnj08_contig_23050,11569,19,Y,Y,3,5454,23050,
cpsnj08_contig_28730,11488,11,Y,Y,1,266,28730,
cpsnj08_contig_169,11255,3,Y,Y,1,8,169,
cpsnj08_contig_97324,11061,7,Y,N,1,*,97324,
cpsnj08_contig_9696,11008,3,Y,Y,1,108,9696,
cpsnj08_contig_96530,10342,6,Y,N,1,*,96530,
cpsnj08_contig_96001,10174,28,Y,N,5,*,96001,
cpsnj08_contig_59612,10084,86,Y,N,16,*,59612,
cpsnj08_contig_10657,9810,19,Y,N,4,*,10657,
cpsnj08_contig_54994,9762,5,Y,N,1,*,54994,
cpsnj08_contig_31475,9734,3,Y,Y,1,284,31475,
cpsnj08_contig_80920,9609,6,Y,Y,1,6796,80920,
cpsnj08_contig_81358,9569,3,Y,Y,1,524,81358,
cpsnj08_contig_12883,9199,14,Y,Y,2,6006,12883,
cpsnj08_contig_55124,9011,9,Y,N,1,*,55124,
cpsnj08_contig_8465,8950,3,Y,Y,1,10420,8465,
cpsnj08_contig_81646,8898,6,Y,N,1,*,81646,
cpsnj08_contig_10626,8675,4,Y,Y,1,5886,10626,
cpsnj08_contig_96192,8545,10,Y,Y,2,5312,96192,
cpsnj08_contig_64751,8542,3,Y,Y,1,9324,64751,
cpsnj08_contig_18575,8500,4,Y,Y,1,6224,18575,
cpsnj08_contig_96802,8425,5,Y,Y,1,6692,96802,
cpsnj08_contig_97521,8373,63,Y,N,12,*,97521,
cpsnj08_contig_2849,7443,3,Y,Y,1,32,2849,
cpsnj08_contig_89230,7267,13,Y,N,2,*,89230,
cpsnj08_contig_20697,7248,3,Y,Y,1,190,20697,
cpsnj08_contig_97837,7226,10,Y,N,1,*,97837,
cpsnj08_contig_24195,7193,4,Y,Y,1,5740,24195,
cpsnj08_contig_54472,7028,5,Y,Y,1,5630,54472,
cpsnj08_contig_96639,7020,6,Y,N,1,*,96639,
cpsnj08_contig_45735,7003,6,Y,Y,3,362,45735,
cpsnj08_contig_3506,6777,3,Y,Y,1,7154,3506,
cpsnj08_contig_98269,6735,3,Y,Y,1,590,98269,
cpsnj08_contig_1421,6655,29,Y,Y,6,7140,1421,
cpsnj08_contig_97531,6631,4,Y,N,1,*,97531,
cpsnj08_contig_32621,6615,3,Y,Y,1,292,32621,
cpsnj08_contig_99171,6507,14,Y,N,3,*,99171,
cpsnj08_contig_12888,6494,7,Y,Y,2,144,12888,
cpsnj08_contig_50057,6462,6,Y,Y,1,388,50057,
cpsnj08_contig_74396,6388,5,Y,Y,1,6492,74396,
cpsnj08_contig_46462,6380,3,Y,Y,1,5560,46462,
cpsnj08_contig_62230,5870,3,Y,Y,1,5230,62230,
cpsnj08_contig_44128,5854,5,Y,Y,1,7316,44128,
cpsnj08_contig_17790,5646,7,Y,N,1,*,17790,
cpsnj08_contig_54027,5643,7,Y,Y,1,6940,54027,
cpsnj08_contig_36343,5608,3,Y,Y,1,*,36343,
cpsnj08_contig_30573,5528,3,Y,Y,1,*,30573,
cpsnj08_contig_63715,5466,3,Y,Y,1,5812,63715,
cpsnj08_contig_99090,5399,20,Y,N,4,*,99090,
cpsnj08_contig_47062,5306,6,Y,Y,1,370,47062,
cpsnj08_contig_37234,5198,7,Y,Y,1,6746,37234,
cpsnj08_contig_99097,5107,9,Y,N,1,*,99097,
cpsnj08_contig_12498,4941,3,Y,Y,1,5636,12498,
cpsnj08_contig_32148,4898,3,Y,Y,1,6658,32148,
cpsnj08_contig_26402,4684,3,Y,Y,1,248,26402,
cpsnj08_contig_20169,4676,5,Y,Y,1,186,20169,
cpsnj08_contig_44802,4603,3,Y,Y,1,360,44802,
cpsnj08_contig_43016,4578,6,Y,Y,1,*,43016,
cpsnj08_contig_99059,4476,5,Y,Y,1,*,99059,
cpsnj08_contig_68772,4434,13,Y,Y,2,*,68772,
cpsnj08_contig_16601,4336,8,Y,Y,1,162,16601,
cpsnj08_contig_75597,4320,3,Y,Y,1,7102,75597,
cpsnj08_contig_86832,4258,6,Y,Y,1,*,86832,
cpsnj08_contig_98156,4137,4,Y,Y,1,*,98156,
cpsnj08_contig_98807,4085,4,Y,Y,1,*,98807,
cpsnj08_contig_215,4057,4,Y,Y,1,5180,215,
cpsnj08_contig_94876,4018,18,Y,Y,3,5836,94876,
cpsnj08_contig_89772,3950,4,Y,Y,1,*,89772,
cpsnj08_contig_16081,3947,3,Y,Y,1,5768,16081,
cpsnj08_contig_99260,3923,7,Y,Y,1,*,99260,
cpsnj08_contig_98957,3855,3,Y,Y,1,*,98957,
cpsnj08_contig_17700,3782,4,Y,Y,1,*,17700,
cpsnj08_contig_89850,3546,17,Y,Y,2,*,89850,
cpsnj08_contig_63336,3486,10,Y,Y,1,*,63336,
cpsnj08_contig_98002,3467,10,Y,Y,2,*,98002,
cpsnj08_contig_51985,3395,4,Y,Y,1,7158,51985,
cpsnj08_contig_97935,3235,5,Y,Y,1,*,97935,
cpsnj08_contig_96507,3174,8,Y,Y,1,*,96507,
cpsnj08_contig_75543,3138,37,Y,Y,7,*,75543,
cpsnj08_contig_96636,3110,7,Y,Y,1,*,96636,
cpsnj08_contig_49576,3074,6,Y,Y,1,7366,49576,
cpsnj08_contig_78126,2975,17,Y,Y,3,*,78126,
cpsnj08_contig_3994,2966,23,Y,Y,4,*,3994,
cpsnj08_contig_57085,2955,7,Y,Y,1,*,57085,
cpsnj08_contig_67192,2932,7,Y,Y,1,*,67192,
cpsnj08_contig_65238,2874,5,Y,Y,1,*,65238,
cpsnj08_contig_1785,2862,13,Y,Y,2,*,1785,
cpsnj08_contig_10791,2821,3,Y,Y,1,5908,10791,
cpsnj08_contig_79432,2791,13,Y,Y,2,*,79432,
cpsnj08_contig_3574,2774,3,Y,Y,1,6552,3574,
cpsnj08_contig_96042,2756,5,Y,Y,1,6398,96042,
cpsnj08_contig_94926,1973,13,Y,Y,2,5868,94926,
cpsnj08_contig_16469,1443,11,Y,Y,1,6128,16469,
cpsnj08_contig_9388,696,4,Y,Y,1,102,9388,
cpsnj08_contig_8075,542,3,Y,Y,1,5706,8075,
cpsnj08_contig_43735,537,38,Y,Y,7,*,43735,
cpsnj08_contig_52681,531,4,Y,Y,1,400,52681,
cpsnj08_contig_52266,526,5,Y,Y,1,6926,52266,
cpsnj08_contig_25202,517,3,Y,Y,1,6470,25202,
cpsnj08_contig_2253,182,3,Y,Y,1,5328,2253,
cpsnj09_contig_73099,325144,8,Y,N,1,*,73099,
cpsnj09_contig_88990,166401,5,Y,N,1,*,88990,
cpsnj09_contig_89238,147991,26,Y,N,4,*,89238,
cpsnj09_contig_11287,140875,18,Y,N,2,*,11287,
cpsnj09_contig_88304,127378,8,Y,N,1,*,88304,
cpsnj09_contig_87673,119749,20,Y,N,3,*,87673,
cpsnj09_contig_84106,117940,16,Y,N,2,*,84106,
cpsnj09_contig_85826,117384,43,Y,N,6,*,85826,
cpsnj09_contig_87707,115691,10,Y,N,1,*,87707,
cpsnj09_contig_27950,114711,7,Y,N,1,*,27950,
cpsnj09_contig_87822,114126,14,Y,N,2,*,87822,
cpsnj09_contig_28964,111006,5,Y,N,1,*,28964,
cpsnj09_contig_12383,110141,8,Y,N,2,*,12383,
cpsnj09_contig_89186,108976,25,Y,N,4,*,89186,
cpsnj09_contig_89234,107971,11,Y,N,2,*,89234,
cpsnj09_contig_88951,105068,23,Y,N,4,*,88951,
cpsnj09_contig_61343,104949,6,Y,N,1,*,61343,
cpsnj09_contig_88223,102738,8,Y,N,1,*,88223,
cpsnj09_contig_88225,102653,11,Y,N,1,*,88225,
cpsnj09_contig_59379,101889,14,Y,N,2,*,59379,
cpsnj09_contig_87663,101776,8,Y,N,1,*,87663,
cpsnj09_contig_89468,101588,10,Y,N,2,*,89468,
cpsnj09_contig_86006,100877,10,Y,N,1,*,86006,
cpsnj09_contig_87313,100608,7,Y,N,1,*,87313,
cpsnj09_contig_88105,99941,4,Y,N,1,*,88105,
cpsnj09_contig_20107,96696,6,Y,N,1,*,20107,
cpsnj09_contig_89102,93516,13,Y,N,2,*,89102,
cpsnj09_contig_20109,93123,9,Y,N,1,*,20109,
cpsnj09_contig_64162,92484,11,Y,N,1,*,64162,
cpsnj09_contig_83678,91742,49,Y,N,8,*,83678,
cpsnj09_contig_88731,90679,12,Y,N,2,*,88731,
cpsnj09_contig_87840,89172,8,Y,N,2,*,87840,
cpsnj09_contig_87903,88448,4,Y,N,1,*,87903,
cpsnj09_contig_20289,87388,14,Y,N,2,*,20289,
cpsnj09_contig_85452,85373,13,Y,N,2,*,85452,
cpsnj09_contig_88832,84176,28,Y,N,4,*,88832,
cpsnj09_contig_89097,83543,3,Y,N,1,*,89097,
cpsnj09_contig_87267,82565,6,Y,N,1,*,87267,
cpsnj09_contig_86372,81462,6,Y,N,1,*,86372,
cpsnj09_contig_38025,81427,3,Y,N,1,*,38025,
cpsnj09_contig_83950,80145,56,Y,N,9,*,83950,
cpsnj09_contig_36823,77612,4,Y,N,1,*,36823,
cpsnj09_contig_86018,73470,5,Y,N,1,*,86018,
cpsnj09_contig_87785,73382,19,Y,N,3,*,87785,
cpsnj09_contig_88680,73363,7,Y,N,1,*,88680,
cpsnj09_contig_89457,72801,26,Y,N,4,*,89457,
cpsnj09_contig_89338,72504,14,Y,N,2,*,89338,
cpsnj09_contig_89256,72043,5,Y,N,1,*,89256,
cpsnj09_contig_89227,72002,12,Y,N,2,*,89227,
cpsnj09_contig_85129,71708,4,Y,N,1,*,85129,
cpsnj09_contig_48214,71701,14,Y,N,2,*,48214,
cpsnj09_contig_83355,71441,6,Y,N,1,*,83355,
cpsnj09_contig_89340,71197,24,Y,N,4,*,89340,
cpsnj09_contig_89271,70632,6,Y,N,1,*,89271,
cpsnj09_contig_87177,70450,10,Y,N,1,*,87177,
cpsnj09_contig_87310,70046,10,Y,N,1,*,87310,
cpsnj09_contig_85163,69618,10,Y,N,2,*,85163,
cpsnj09_contig_89363,68895,10,Y,N,2,*,89363,
cpsnj09_contig_88925,68324,17,Y,N,3,*,88925,
cpsnj09_contig_86534,68301,30,Y,N,4,*,86534,
cpsnj09_contig_89379,68048,4,Y,N,1,*,89379,
cpsnj09_contig_89324,67755,4,Y,N,1,*,89324,
cpsnj09_contig_89270,67361,10,Y,N,1,*,89270,
cpsnj09_contig_86301,67157,26,Y,N,4,*,86301,
cpsnj09_contig_84201,66664,15,Y,N,2,*,84201,
cpsnj09_contig_89140,66416,6,Y,N,1,*,89140,
cpsnj09_contig_89001,66193,6,Y,N,1,*,89001,
cpsnj09_contig_88823,66043,4,Y,N,1,*,88823,
cpsnj09_contig_88917,65651,4,Y,N,1,*,88917,
cpsnj09_contig_89453,65282,6,Y,N,1,*,89453,
cpsnj09_contig_88059,64808,36,Y,N,5,*,88059,
cpsnj09_contig_54234,63876,43,Y,N,7,*,54234,
cpsnj09_contig_83451,63736,16,Y,N,3,*,83451,
cpsnj09_contig_88639,63411,6,Y,N,1,*,88639,
cpsnj09_contig_89452,62996,83,Y,N,13,*,89452,
cpsnj09_contig_85762,62733,73,Y,N,12,*,85762,
cpsnj09_contig_85874,62558,3,Y,N,1,*,85874,
cpsnj09_contig_89332,62306,8,Y,N,1,*,89332,
cpsnj09_contig_88971,62165,7,Y,N,1,*,88971,
cpsnj09_contig_89257,61997,3,Y,N,1,*,89257,
cpsnj09_contig_88226,61599,9,Y,N,1,*,88226,
cpsnj09_contig_86429,61329,13,Y,N,2,*,86429,
cpsnj09_contig_89147,61143,26,Y,N,4,*,89147,
cpsnj09_contig_88061,60774,9,Y,N,1,*,88061,
cpsnj09_contig_88761,60755,22,Y,N,3,*,88761,
cpsnj09_contig_3309,60664,12,Y,N,2,*,3309,
cpsnj09_contig_85070,60010,5,Y,N,1,*,85070,
cpsnj09_contig_87468,59730,10,Y,N,1,*,87468,
cpsnj09_contig_84852,59708,16,Y,N,2,*,84852,
cpsnj09_contig_84357,59643,7,Y,N,1,*,84357,
cpsnj09_contig_85793,59390,8,Y,N,1,*,85793,
cpsnj09_contig_89442,59372,4,Y,N,1,*,89442,
cpsnj09_contig_88912,59085,8,Y,N,1,*,88912,
cpsnj09_contig_89139,58807,5,Y,N,1,*,89139,
cpsnj09_contig_89121,58741,34,Y,N,5,*,89121,
cpsnj09_contig_88580,58551,4,Y,N,1,*,88580,
cpsnj09_contig_89160,58337,7,Y,N,1,*,89160,
cpsnj09_contig_85003,58173,8,Y,N,1,*,85003,
cpsnj09_contig_89387,58045,6,Y,N,1,*,89387,
cpsnj09_contig_85847,57966,3,Y,N,1,*,85847,
cpsnj09_contig_89075,57755,7,Y,N,1,*,89075,
cpsnj09_contig_88755,57647,10,Y,N,3,*,88755,
cpsnj09_contig_89391,57587,5,Y,N,1,*,89391,
cpsnj09_contig_52912,57133,9,Y,N,1,*,52912,
cpsnj09_contig_89426,56825,7,Y,N,1,*,89426,
cpsnj09_contig_86896,56211,3,Y,N,1,*,86896,
cpsnj09_contig_84813,56147,12,Y,N,2,*,84813,
cpsnj09_contig_89382,55343,4,Y,N,1,*,89382,
cpsnj09_contig_88046,54410,3,Y,N,1,*,88046,
cpsnj09_contig_87276,54369,16,Y,N,2,*,87276,
cpsnj09_contig_89466,53983,16,Y,N,2,*,89466,
cpsnj09_contig_88205,53726,11,Y,N,1,*,88205,
cpsnj09_contig_89105,53641,143,Y,N,23,*,89105,
cpsnj09_contig_89329,52983,3,Y,N,1,*,89329,
cpsnj09_contig_85521,52866,36,Y,N,5,*,85521,
cpsnj09_contig_27745,52273,60,Y,N,9,*,27745,
cpsnj09_contig_87115,52077,8,Y,N,1,*,87115,
cpsnj09_contig_87575,52010,21,Y,N,3,*,87575,
cpsnj09_contig_89320,51902,82,Y,N,13,*,89320,
cpsnj09_contig_77217,51837,8,Y,N,1,*,77217,
cpsnj09_contig_89108,51345,6,Y,N,1,*,89108,
cpsnj09_contig_88312,51152,5,Y,N,1,*,88312,
cpsnj09_contig_84086,51085,13,Y,N,2,*,84086,
cpsnj09_contig_85992,50675,6,Y,N,1,*,85992,
cpsnj09_contig_87729,50675,9,Y,N,1,*,87729,
cpsnj09_contig_89189,50643,4,Y,N,1,*,89189,
cpsnj09_contig_88859,50591,22,Y,N,3,*,88859,
cpsnj09_contig_89018,50528,12,Y,N,2,*,89018,
cpsnj09_contig_85463,50523,6,Y,N,1,*,85463,
cpsnj09_contig_89198,50397,10,Y,N,1,*,89198,
cpsnj09_contig_86415,50351,67,Y,N,10,*,86415,
cpsnj09_contig_56213,50195,10,Y,N,1,*,56213,
cpsnj09_contig_14089,50141,42,Y,N,7,*,14089,
cpsnj09_contig_89450,50005,13,Y,N,2,*,89450,
cpsnj09_contig_88831,49835,9,Y,N,1,*,88831,
cpsnj09_contig_89433,49830,7,Y,N,1,*,89433,
cpsnj09_contig_89199,49616,17,Y,N,3,*,89199,
cpsnj09_contig_27395,49603,12,Y,N,2,*,27395,
cpsnj09_contig_89428,49526,26,Y,N,4,*,89428,
cpsnj09_contig_89250,49440,20,Y,N,3,*,89250,
cpsnj09_contig_84882,49192,54,Y,N,8,*,84882,
cpsnj09_contig_89196,49151,71,Y,N,11,*,89196,
cpsnj09_contig_89473,49143,4,Y,N,1,*,89473,
cpsnj09_contig_83560,49090,5,Y,N,1,*,83560,
cpsnj09_contig_63971,49022,22,Y,N,3,*,63971,
cpsnj09_contig_84951,49005,9,Y,N,1,*,84951,
cpsnj09_contig_89356,48935,39,Y,N,6,*,89356,
cpsnj09_contig_88920,48801,15,Y,N,2,*,88920,
cpsnj09_contig_85139,48696,22,Y,N,3,*,85139,
cpsnj09_contig_89438,48637,70,Y,N,11,*,89438,
cpsnj09_contig_83255,48623,21,Y,N,3,*,83255,
cpsnj09_contig_88430,48612,33,Y,N,5,*,88430,
cpsnj09_contig_88587,48552,16,Y,N,3,*,88587,
cpsnj09_contig_88873,48440,129,Y,N,21,*,88873,
cpsnj09_contig_89446,48413,5,Y,N,1,*,89446,
cpsnj09_contig_2415,48365,6,Y,Y,2,*,2415,
cpsnj09_contig_88625,48295,20,Y,N,2,*,88625,
cpsnj09_contig_89458,48294,4,Y,N,1,*,89458,
cpsnj09_contig_88261,48152,9,Y,N,1,*,88261,
cpsnj09_contig_88470,48142,3,Y,N,1,*,88470,
cpsnj09_contig_84220,47937,14,Y,N,2,*,84220,
cpsnj09_contig_87753,47915,25,Y,N,4,*,87753,
cpsnj09_contig_69155,47913,4,Y,N,1,*,69155,
cpsnj09_contig_89036,47906,9,Y,N,1,*,89036,
cpsnj09_contig_89282,47791,92,Y,N,15,*,89282,
cpsnj09_contig_87930,47739,5,Y,N,1,*,87930,
cpsnj09_contig_85605,47631,9,Y,N,1,*,85605,
cpsnj09_contig_14020,47576,4,Y,N,1,*,14020,
cpsnj09_contig_88682,47554,10,Y,N,1,*,88682,
cpsnj09_contig_88843,47537,4,Y,Y,1,*,88843,
cpsnj09_contig_86745,47394,3,Y,Y,1,*,86745,
cpsnj09_contig_89254,47385,22,Y,N,3,*,89254,
cpsnj09_contig_88655,47361,7,Y,N,1,*,88655,
cpsnj09_contig_89208,47342,6,Y,N,1,*,89208,
cpsnj09_contig_83153,47294,54,Y,N,8,*,83153,
cpsnj09_contig_89417,47292,9,Y,N,1,*,89417,
cpsnj09_contig_89432,47264,3,Y,Y,1,*,89432,
cpsnj09_contig_32976,47244,19,Y,N,2,*,32976,
cpsnj09_contig_54111,47183,30,Y,N,4,*,54111,
cpsnj09_contig_89456,47135,9,Y,N,1,*,89456,
cpsnj09_contig_88745,47129,6,Y,N,1,*,88745,
cpsnj09_contig_89455,47108,6,Y,N,1,*,89455,
cpsnj09_contig_82891,47077,43,Y,N,7,*,82891,
cpsnj09_contig_19975,47017,18,Y,N,3,*,19975,
cpsnj09_contig_54112,46959,30,Y,N,4,*,54112,
cpsnj09_contig_88799,46926,6,Y,N,1,*,88799,
cpsnj09_contig_89305,46846,12,Y,N,2,*,89305,
cpsnj09_contig_89004,46784,6,Y,N,1,*,89004,
cpsnj09_contig_89015,46763,7,Y,Y,2,*,89015,
cpsnj09_contig_84215,46543,3,Y,Y,1,*,84215,
cpsnj09_contig_86573,46456,39,Y,N,6,*,86573,
cpsnj09_contig_83800,46366,20,Y,N,2,*,83800,
cpsnj09_contig_88903,46341,18,Y,N,3,*,88903,
cpsnj09_contig_83818,46333,29,Y,N,4,*,83818,
cpsnj09_contig_88952,46237,8,Y,N,1,*,88952,
cpsnj09_contig_87303,46224,23,Y,N,3,*,87303,
cpsnj09_contig_88562,46160,6,Y,N,1,*,88562,
cpsnj09_contig_88758,46132,10,Y,N,2,*,88758,
cpsnj09_contig_88788,46110,11,Y,N,2,*,88788,
cpsnj09_contig_88643,46075,17,Y,N,3,*,88643,
cpsnj09_contig_89286,46056,15,Y,N,2,*,89286,
cpsnj09_contig_71833,46055,4,Y,N,1,*,71833,
cpsnj09_contig_86297,46050,62,Y,N,10,*,86297,
cpsnj09_contig_87260,45925,16,Y,N,2,*,87260,
cpsnj09_contig_89266,45897,11,Y,N,2,*,89266,
cpsnj09_contig_89366,45784,13,Y,N,2,*,89366,
cpsnj09_contig_84492,45736,10,Y,N,1,*,84492,
cpsnj09_contig_1492,45699,36,Y,N,6,*,1492,
cpsnj09_contig_89070,45644,6,Y,N,1,*,89070,
cpsnj09_contig_61247,45587,6,Y,Y,1,852,61247,
cpsnj09_contig_88976,45549,5,Y,N,1,*,88976,
cpsnj09_contig_88936,45494,12,Y,N,2,*,88936,
cpsnj09_contig_89012,45351,10,Y,N,1,*,89012,
cpsnj09_contig_89158,45302,4,Y,N,1,*,89158,
cpsnj09_contig_89181,45297,11,Y,N,1,*,89181,
cpsnj09_contig_88240,45135,4,Y,N,1,*,88240,
cpsnj09_contig_83658,44956,5,Y,N,1,*,83658,
cpsnj09_contig_83606,44951,3,Y,Y,1,*,83606,
cpsnj09_contig_83086,44942,33,Y,N,5,*,83086,
cpsnj09_contig_65723,44843,6,Y,N,1,*,65723,
cpsnj09_contig_61263,44729,6,Y,Y,1,858,61263,
cpsnj09_contig_89399,44704,25,Y,N,3,*,89399,
cpsnj09_contig_88853,44595,31,Y,N,5,*,88853,
cpsnj09_contig_81010,44535,8,Y,N,1,*,81010,
cpsnj09_contig_88683,44479,15,Y,N,2,*,88683,
cpsnj09_contig_88723,44465,5,Y,N,1,*,88723,
cpsnj09_contig_89284,44458,17,Y,N,3,*,89284,
cpsnj09_contig_51573,44430,30,Y,N,5,*,51573,
cpsnj09_contig_59632,44371,15,Y,N,2,*,59632,
cpsnj09_contig_88733,44268,10,Y,N,1,*,88733,
cpsnj09_contig_86537,44260,17,Y,N,3,*,86537,
cpsnj09_contig_86542,44231,29,Y,N,4,*,86542,
cpsnj09_contig_89064,44223,5,Y,N,1,*,89064,
cpsnj09_contig_89351,44203,95,Y,N,15,*,89351,
cpsnj09_contig_89044,44108,5,Y,N,1,*,89044,
cpsnj09_contig_80651,44053,3,Y,Y,1,*,80651,
cpsnj09_contig_74597,44009,6,Y,N,1,*,74597,
cpsnj09_contig_57865,43980,98,Y,N,16,*,57865,
cpsnj09_contig_87277,43911,54,Y,N,8,*,87277,
cpsnj09_contig_89057,43909,15,Y,N,2,*,89057,
cpsnj09_contig_88189,43891,10,Y,N,2,*,88189,
cpsnj09_contig_83087,43827,54,Y,N,9,*,83087,
cpsnj09_contig_89425,43742,11,Y,N,2,*,89425,
cpsnj09_contig_89406,43713,29,Y,N,4,*,89406,
cpsnj09_contig_76651,43631,6,Y,N,1,*,76651,
cpsnj09_contig_44181,43597,7,Y,N,1,*,44181,
cpsnj09_contig_23773,43491,11,Y,N,1,*,23773,
cpsnj09_contig_60536,43463,17,Y,N,2,*,60536,
cpsnj09_contig_86190,43423,48,Y,N,8,*,86190,
cpsnj09_contig_89402,43401,39,Y,N,6,*,89402,
cpsnj09_contig_88996,43373,7,Y,N,1,*,88996,
cpsnj09_contig_79325,43371,3,Y,Y,1,*,79325,
cpsnj09_contig_83902,43236,4,Y,N,1,*,83902,
cpsnj09_contig_68053,43232,7,Y,N,1,*,68053,
cpsnj09_contig_85475,43152,9,Y,N,1,*,85475,
cpsnj09_contig_89142,43118,4,Y,N,1,*,89142,
cpsnj09_contig_89130,43111,16,Y,N,2,*,89130,
cpsnj09_contig_57858,42898,151,Y,N,25,*,57858,
cpsnj09_contig_87791,42834,23,Y,N,4,*,87791,
cpsnj09_contig_89053,42789,10,Y,N,1,*,89053,
cpsnj09_contig_5034,42681,4,Y,Y,1,68,5034,
cpsnj09_contig_89144,42539,97,Y,N,16,*,89144,
cpsnj09_contig_88786,42524,39,Y,N,6,*,88786,
cpsnj09_contig_42837,42504,4,Y,N,1,*,42837,
cpsnj09_contig_83825,42495,6,Y,N,1,*,83825,
cpsnj09_contig_88874,42395,9,Y,N,1,*,88874,
cpsnj09_contig_89472,42298,6,Y,N,1,*,89472,
cpsnj09_contig_89401,42244,9,Y,N,1,*,89401,
cpsnj09_contig_88895,42231,6,Y,Y,2,*,88895,
cpsnj09_contig_88609,42218,5,Y,N,1,*,88609,
cpsnj09_contig_28420,42179,7,Y,N,1,*,28420,
cpsnj09_contig_89179,42092,9,Y,N,1,*,89179,
cpsnj09_contig_88001,42022,3,Y,Y,1,*,88001,
cpsnj09_contig_89341,42014,9,Y,N,1,*,89341,
cpsnj09_contig_88973,41981,9,Y,N,1,*,88973,
cpsnj09_contig_72229,41959,7,Y,N,1,*,72229,
cpsnj09_contig_89422,41905,3,Y,N,1,*,89422,
cpsnj09_contig_89215,41820,74,Y,N,12,*,89215,
cpsnj09_contig_52274,41812,7,Y,N,1,*,52274,
cpsnj09_contig_65777,41773,7,Y,N,1,*,65777,
cpsnj09_contig_87689,41752,50,Y,N,8,*,87689,
cpsnj09_contig_51178,41674,21,Y,N,3,*,51178,
cpsnj09_contig_51177,41651,8,Y,N,1,*,51177,
cpsnj09_contig_89334,41631,26,Y,N,4,*,89334,
cpsnj09_contig_85043,41553,4,Y,N,1,*,85043,
cpsnj09_contig_35188,41541,28,Y,N,4,*,35188,
cpsnj09_contig_10326,41536,3,Y,Y,1,144,10326,
cpsnj09_contig_62138,41476,23,Y,N,3,*,62138,
cpsnj09_contig_88898,41465,33,Y,N,5,*,88898,
cpsnj09_contig_89413,41464,8,Y,N,1,*,89413,
cpsnj09_contig_63862,41450,4,Y,Y,1,898,63862,
cpsnj09_contig_89126,41436,243,Y,N,40,*,89126,
cpsnj09_contig_48509,41381,17,Y,N,2,*,48509,
cpsnj09_contig_87358,41369,11,Y,N,2,*,87358,
cpsnj09_contig_89471,41346,10,Y,N,2,*,89471,
cpsnj09_contig_86607,41327,11,Y,N,2,*,86607,
cpsnj09_contig_84653,41241,10,Y,N,1,*,84653,
cpsnj09_contig_86126,41226,3,Y,N,1,*,86126,
cpsnj09_contig_15878,41220,21,Y,N,3,*,15878,
cpsnj09_contig_86882,41210,9,Y,N,1,*,86882,
cpsnj09_contig_87515,41171,15,Y,N,2,*,87515,
cpsnj09_contig_89050,41148,11,Y,N,2,*,89050,
cpsnj09_contig_75110,41144,19,Y,N,3,*,75110,
cpsnj09_contig_89377,41111,6,Y,N,1,*,89377,
cpsnj09_contig_89412,41082,6,Y,N,1,*,89412,
cpsnj09_contig_88644,41076,29,Y,N,4,*,88644,
cpsnj09_contig_28219,41070,31,Y,N,5,*,28219,
cpsnj09_contig_89380,41049,14,Y,N,2,*,89380,
cpsnj09_contig_85435,41044,16,Y,N,2,*,85435,
cpsnj09_contig_83402,41005,8,Y,N,1,*,83402,
cpsnj09_contig_46163,40935,10,Y,N,1,*,46163,
cpsnj09_contig_87623,40917,7,Y,N,1,*,87623,
cpsnj09_contig_87220,40829,21,Y,N,3,*,87220,
cpsnj09_contig_89172,40705,7,Y,N,1,*,89172,
cpsnj09_contig_88724,40692,10,Y,N,1,*,88724,
cpsnj09_contig_89204,40670,7,Y,N,1,*,89204,
cpsnj09_contig_5228,40626,4,Y,N,1,*,5228,
cpsnj09_contig_84325,40576,7,Y,Y,1,1036,84325,
cpsnj09_contig_84982,40576,5,Y,N,1,*,84982,
cpsnj09_contig_86153,40528,39,Y,N,6,*,86153,
cpsnj09_contig_53794,40513,10,Y,N,1,*,53794,
cpsnj09_contig_87786,40482,10,Y,N,1,*,87786,
cpsnj09_contig_84459,40474,7,Y,N,1,*,84459,
cpsnj09_contig_12456,40466,45,Y,N,6,*,12456,
cpsnj09_contig_89087,40408,22,Y,N,3,*,89087,
cpsnj09_contig_88709,40407,12,Y,N,1,*,88709,
cpsnj09_contig_18561,40406,16,Y,Y,3,292,18561,
cpsnj09_contig_88596,40401,7,Y,N,1,*,88596,
cpsnj09_contig_89357,40321,11,Y,N,1,*,89357,
cpsnj09_contig_89150,40262,10,Y,N,1,*,89150,
cpsnj09_contig_85529,40136,4,Y,N,1,*,85529,
cpsnj09_contig_42065,40133,3,Y,Y,1,*,42065,
cpsnj09_contig_67628,40095,3,Y,N,1,*,67628,
cpsnj09_contig_43371,40091,6,Y,N,1,*,43371,
cpsnj09_contig_87297,40066,17,Y,N,3,*,87297,
cpsnj09_contig_89195,40024,7,Y,N,1,*,89195,
cpsnj09_contig_83126,39921,18,Y,N,2,*,83126,
cpsnj09_contig_88686,39900,7,Y,N,1,*,88686,
cpsnj09_contig_87820,39897,18,Y,N,2,*,87820,
cpsnj09_contig_9280,39875,33,Y,N,5,*,9280,
cpsnj09_contig_89358,39867,10,Y,N,1,*,89358,
cpsnj09_contig_88751,39837,7,Y,N,1,*,88751,
cpsnj09_contig_37868,39834,18,Y,N,2,*,37868,
cpsnj09_contig_49779,39826,14,Y,N,2,*,49779,
cpsnj09_contig_37968,39806,11,Y,N,1,*,37968,
cpsnj09_contig_75993,39805,5,Y,N,1,*,75993,
cpsnj09_contig_89029,39737,5,Y,N,1,*,89029,
cpsnj09_contig_21369,39720,6,Y,Y,6,*,21369,
cpsnj09_contig_88376,39692,25,Y,N,4,*,88376,
cpsnj09_contig_89385,39636,5,Y,N,1,*,89385,
cpsnj09_contig_88250,39586,11,Y,N,1,*,88250,
cpsnj09_contig_84793,39576,8,Y,N,1,*,84793,
cpsnj09_contig_9282,39549,8,Y,N,1,*,9282,
cpsnj09_contig_89476,39532,13,Y,N,1,*,89476,
cpsnj09_contig_18378,39450,11,Y,N,1,*,18378,
cpsnj09_contig_84163,39426,25,Y,N,4,*,84163,
cpsnj09_contig_89167,39373,7,Y,N,1,*,89167,
cpsnj09_contig_48296,39338,19,Y,N,3,*,48296,
cpsnj09_contig_38620,39204,5,Y,Y,1,*,38620,
cpsnj09_contig_24226,39096,26,Y,N,4,*,24226,
cpsnj09_contig_85650,39077,3,Y,Y,1,*,85650,
cpsnj09_contig_29122,39073,4,Y,N,1,*,29122,
cpsnj09_contig_88759,39056,12,Y,N,2,*,88759,
cpsnj09_contig_41449,38978,9,Y,N,1,*,41449,
cpsnj09_contig_33444,38941,9,Y,N,1,*,33444,
cpsnj09_contig_8686,38884,7,Y,N,1,*,8686,
cpsnj09_contig_86726,38868,12,Y,N,2,*,86726,
cpsnj09_contig_38397,38817,11,Y,N,1,*,38397,
cpsnj09_contig_88101,38774,9,Y,N,1,*,88101,
cpsnj09_contig_87599,38769,5,Y,N,1,*,87599,
cpsnj09_contig_89477,38745,5,Y,N,1,*,89477,
cpsnj09_contig_79417,38742,3,Y,Y,1,*,79417,
cpsnj09_contig_89093,38652,3,Y,Y,1,*,89093,
cpsnj09_contig_87521,38624,11,Y,N,1,*,87521,
cpsnj09_contig_33675,38601,8,Y,Y,1,13384,33675,
cpsnj09_contig_89418,38591,6,Y,N,1,*,89418,
cpsnj09_contig_9281,38590,24,Y,N,3,*,9281,
cpsnj09_contig_88865,38546,6,Y,N,1,*,88865,
cpsnj09_contig_87943,38411,4,Y,Y,1,1150,87943,
cpsnj09_contig_81598,38366,4,Y,Y,1,998,81598,
cpsnj09_contig_29228,38222,4,Y,Y,1,458,29228,
cpsnj09_contig_89328,38205,10,Y,N,1,*,89328,
cpsnj09_contig_44465,38018,8,Y,N,1,*,44465,
cpsnj09_contig_60372,37898,25,Y,N,4,*,60372,
cpsnj09_contig_88538,37886,16,Y,N,2,*,88538,
cpsnj09_contig_86854,37824,29,Y,N,4,*,86854,
cpsnj09_contig_72280,37767,26,Y,N,4,*,72280,
cpsnj09_contig_88310,37759,14,Y,N,2,*,88310,
cpsnj09_contig_19980,37756,8,Y,N,2,*,19980,
cpsnj09_contig_89327,37553,7,Y,N,1,*,89327,
cpsnj09_contig_89400,37543,6,Y,N,1,*,89400,
cpsnj09_contig_88617,37356,16,Y,N,2,*,88617,
cpsnj09_contig_87135,37336,15,Y,N,2,*,87135,
cpsnj09_contig_83270,37290,4,Y,Y,1,*,83270,
cpsnj09_contig_88532,37230,5,Y,N,1,*,88532,
cpsnj09_contig_88856,37221,6,Y,N,1,*,88856,
cpsnj09_contig_89381,37203,6,Y,N,1,*,89381,
cpsnj09_contig_85109,37019,38,Y,N,6,*,85109,
cpsnj09_contig_72279,36960,21,Y,N,3,*,72279,
cpsnj09_contig_89135,36890,19,Y,N,3,*,89135,
cpsnj09_contig_85888,36793,5,Y,N,1,*,85888,
cpsnj09_contig_86147,36503,31,Y,N,5,*,86147,
cpsnj09_contig_84943,36463,11,Y,N,1,*,84943,
cpsnj09_contig_88992,36075,5,Y,N,1,*,88992,
cpsnj09_contig_89365,35950,11,Y,N,2,*,89365,
cpsnj09_contig_89421,35944,19,Y,N,3,*,89421,
cpsnj09_contig_88830,35661,8,Y,N,1,*,88830,
cpsnj09_contig_86991,35588,5,Y,N,1,*,86991,
cpsnj09_contig_89072,35529,15,Y,N,2,*,89072,
cpsnj09_contig_85202,35508,5,Y,N,1,*,85202,
cpsnj09_contig_43545,35506,12,Y,N,2,*,43545,
cpsnj09_contig_86826,35463,9,Y,N,1,*,86826,
cpsnj09_contig_89388,35369,8,Y,N,1,*,89388,
cpsnj09_contig_72535,35299,8,Y,N,1,*,72535,
cpsnj09_contig_43268,35251,7,Y,N,1,*,43268,
cpsnj09_contig_88935,35169,8,Y,N,1,*,88935,
cpsnj09_contig_86990,35143,8,Y,N,1,*,86990,
cpsnj09_contig_89026,35094,31,Y,N,5,*,89026,
cpsnj09_contig_22133,34894,92,Y,N,14,*,22133,
cpsnj09_contig_89048,34831,6,Y,N,1,*,89048,
cpsnj09_contig_85243,34830,7,Y,N,1,*,85243,
cpsnj09_contig_85922,34744,3,Y,N,1,*,85922,
cpsnj09_contig_88972,34675,8,Y,N,1,*,88972,
cpsnj09_contig_77730,34621,5,Y,Y,1,*,77730,
cpsnj09_contig_77729,34604,6,Y,N,1,*,77729,
cpsnj09_contig_81851,34602,6,Y,N,1,*,81851,
cpsnj09_contig_61260,34226,9,Y,Y,1,856,61260,
cpsnj09_contig_44265,33710,6,Y,N,1,*,44265,
cpsnj09_contig_88983,33126,11,Y,N,2,*,88983,
cpsnj09_contig_88213,32896,15,Y,N,2,*,88213,
cpsnj09_contig_88769,32890,7,Y,N,1,*,88769,
cpsnj09_contig_87031,32345,4,Y,N,1,*,87031,
cpsnj09_contig_29903,32295,9,Y,Y,1,472,29903,
cpsnj09_contig_88941,32146,29,Y,N,4,*,88941,
cpsnj09_contig_89318,31627,11,Y,N,1,*,89318,
cpsnj09_contig_61251,31605,8,Y,Y,1,854,61251,
cpsnj09_contig_56301,31410,7,Y,Y,1,778,56301,
cpsnj09_contig_85878,31054,7,Y,N,1,*,85878,
cpsnj09_contig_89411,30989,17,Y,N,2,*,89411,
cpsnj09_contig_89336,30962,6,Y,N,1,*,89336,
cpsnj09_contig_64929,30875,24,Y,N,3,*,64929,
cpsnj09_contig_82992,30652,3,Y,Y,1,*,82992,
cpsnj09_contig_89194,30489,18,Y,N,3,*,89194,
cpsnj09_contig_89470,30486,5,Y,N,1,*,89470,
cpsnj09_contig_89435,30472,5,Y,N,1,*,89435,
cpsnj09_contig_5811,30323,6,Y,N,1,*,5811,
cpsnj09_contig_89059,30226,8,Y,N,2,*,89059,
cpsnj09_contig_5810,30154,42,Y,N,7,*,5810,
cpsnj09_contig_58649,29109,6,Y,Y,1,816,58649,
cpsnj09_contig_5663,28368,4,Y,Y,1,82,5663,
cpsnj09_contig_10430,28272,4,Y,N,1,*,10430,
cpsnj09_contig_83279,28272,7,Y,N,1,*,83279,
cpsnj09_contig_88281,27913,9,Y,N,1,*,88281,
cpsnj09_contig_88033,27831,7,Y,N,1,*,88033,
cpsnj09_contig_46776,27105,7,Y,Y,1,678,46776,
cpsnj09_contig_86567,26993,6,Y,Y,1,1104,86567,
cpsnj09_contig_38667,26478,4,Y,N,1,*,38667,
cpsnj09_contig_87489,26401,3,Y,Y,1,1140,87489,
cpsnj09_contig_85321,26400,7,Y,Y,2,*,85321,
cpsnj09_contig_69072,26324,6,Y,N,1,*,69072,
cpsnj09_contig_83339,26308,4,Y,N,1,*,83339,
cpsnj09_contig_43671,26286,5,Y,Y,1,638,43671,
cpsnj09_contig_27700,26234,8,Y,N,1,*,27700,
cpsnj09_contig_18737,26226,4,Y,Y,1,12054,18737,
cpsnj09_contig_86727,25861,3,Y,N,1,*,86727,
cpsnj09_contig_34970,25781,11,Y,Y,1,538,34970,
cpsnj09_contig_83260,25728,3,Y,N,1,*,83260,
cpsnj09_contig_86470,25436,7,Y,N,1,*,86470,
cpsnj09_contig_54902,25093,14,Y,N,1,*,54902,
cpsnj09_contig_86090,24909,8,Y,N,1,*,86090,
cpsnj09_contig_14495,24383,32,Y,N,4,*,14495,
cpsnj09_contig_5581,23983,13,Y,Y,2,80,5581,
cpsnj09_contig_89101,23966,16,Y,N,2,*,89101,
cpsnj09_contig_18252,23072,6,Y,Y,1,282,18252,
cpsnj09_contig_38219,23029,3,Y,Y,1,*,38219,
cpsnj09_contig_30537,22687,5,Y,Y,1,9890,30537,
cpsnj09_contig_20684,22672,7,Y,Y,1,12134,20684,
cpsnj09_contig_78555,22634,7,Y,N,1,*,78555,
cpsnj09_contig_44530,22100,9,Y,Y,2,650,44530,
cpsnj09_contig_60365,21986,4,Y,N,1,*,60365,
cpsnj09_contig_87471,21984,6,Y,Y,2,*,87471,
cpsnj09_contig_54345,21949,10,Y,Y,1,14510,54345,
cpsnj09_contig_29137,21914,3,Y,N,1,*,29137,
cpsnj09_contig_1118,21898,3,Y,Y,1,18,1118,
cpsnj09_contig_59495,21897,6,Y,Y,1,830,59495,
cpsnj09_contig_87864,21747,6,Y,N,1,*,87864,
cpsnj09_contig_89010,21740,5,Y,N,1,*,89010,
cpsnj09_contig_55371,21728,15,Y,N,2,*,55371,
cpsnj09_contig_65136,21263,4,Y,Y,1,906,65136,
cpsnj09_contig_84684,21146,4,Y,N,1,*,84684,
cpsnj09_contig_86587,20863,8,Y,N,1,*,86587,
cpsnj09_contig_15968,20696,3,Y,Y,1,236,15968,
cpsnj09_contig_27085,20523,5,Y,Y,1,426,27085,
cpsnj09_contig_33989,20331,3,Y,Y,1,10458,33989,
cpsnj09_contig_84365,20228,34,Y,N,5,*,84365,
cpsnj09_contig_6433,20160,5,Y,Y,1,100,6433,
cpsnj09_contig_12773,20140,6,Y,Y,2,188,12773,
cpsnj09_contig_86460,20084,4,Y,N,1,*,86460,
cpsnj09_contig_84507,20028,5,Y,N,1,*,84507,
cpsnj09_contig_25596,19974,5,Y,Y,1,400,25596,
cpsnj09_contig_89475,19791,9,Y,N,1,*,89475,
cpsnj09_contig_84601,19634,13,Y,Y,2,11586,84601,
cpsnj09_contig_88998,19567,3,Y,N,1,*,88998,
cpsnj09_contig_89094,19549,14,Y,N,2,*,89094,
cpsnj09_contig_89415,19475,22,Y,N,3,*,89415,
cpsnj09_contig_52211,19470,8,Y,Y,1,14386,52211,
cpsnj09_contig_52644,19297,57,Y,Y,8,11986,52644,
cpsnj09_contig_89235,18556,11,Y,N,1,*,89235,
cpsnj09_contig_85483,18488,10,Y,N,1,*,85483,
cpsnj09_contig_2864,18442,6,Y,Y,2,42,2864,
cpsnj09_contig_89335,18310,15,Y,N,2,*,89335,
cpsnj09_contig_84184,18218,6,Y,N,1,*,84184,
cpsnj09_contig_38138,17700,6,Y,Y,1,576,38138,
cpsnj09_contig_20326,17694,3,Y,Y,1,10110,20326,
cpsnj09_contig_88798,17649,18,Y,N,3,*,88798,
cpsnj09_contig_88847,17496,28,Y,N,5,*,88847,
cpsnj09_contig_87495,17478,5,Y,N,1,*,87495,
cpsnj09_contig_86490,17361,9,Y,N,1,*,86490,
cpsnj09_contig_77472,17277,15,Y,N,2,*,77472,
cpsnj09_contig_49269,17275,21,Y,N,3,*,49269,
cpsnj09_contig_89439,17145,7,Y,N,1,*,89439,
cpsnj09_contig_88833,16998,19,Y,N,2,*,88833,
cpsnj09_contig_11169,16907,4,Y,N,1,*,11169,
cpsnj09_contig_14866,16893,5,Y,Y,1,11544,14866,
cpsnj09_contig_53853,16893,5,Y,Y,1,16710,53853,
cpsnj09_contig_84287,16834,26,Y,N,4,*,84287,
cpsnj09_contig_78476,16790,11,Y,Y,2,13868,78476,
cpsnj09_contig_157,16702,43,Y,N,7,*,157,
cpsnj09_contig_84533,16664,16,Y,N,2,*,84533,
cpsnj09_contig_77545,16656,5,Y,Y,1,992,77545,
cpsnj09_contig_89353,16651,52,Y,N,8,*,89353,
cpsnj09_contig_22568,16648,13,Y,N,1,*,22568,
cpsnj09_contig_19334,16638,11,Y,Y,2,310,19334,
cpsnj09_contig_89225,16613,6,Y,N,1,*,89225,
cpsnj09_contig_28620,16611,7,Y,Y,1,452,28620,
cpsnj09_contig_88619,16548,42,Y,N,6,*,88619,
cpsnj09_contig_33732,16530,24,Y,N,4,*,33732,
cpsnj09_contig_49685,16528,9,Y,N,1,*,49685,
cpsnj09_contig_84140,16384,4,Y,N,1,*,84140,
cpsnj09_contig_87778,16369,6,Y,N,1,*,87778,
cpsnj09_contig_86950,16288,16,Y,N,2,*,86950,
cpsnj09_contig_56538,16244,10,Y,Y,1,13796,56538,
cpsnj09_contig_89247,16236,5,Y,N,1,*,89247,
cpsnj09_contig_83530,16224,10,Y,N,2,*,83530,
cpsnj09_contig_89185,16196,17,Y,N,2,*,89185,
cpsnj09_contig_86936,16160,13,Y,N,1,*,86936,
cpsnj09_contig_49270,16147,7,Y,N,1,*,49270,
cpsnj09_contig_46472,16097,4,Y,Y,1,672,46472,
cpsnj09_contig_13029,15934,9,Y,Y,1,192,13029,
cpsnj09_contig_58719,15872,3,Y,Y,1,818,58719,
cpsnj09_contig_24877,15866,6,Y,Y,1,11210,24877,
cpsnj09_contig_89390,15849,7,Y,N,1,*,89390,
cpsnj09_contig_86385,15831,8,Y,N,1,*,86385,
cpsnj09_contig_89076,15794,12,Y,N,2,*,89076,
cpsnj09_contig_89213,15757,10,Y,N,2,*,89213,
cpsnj09_contig_13638,15697,10,Y,Y,5,200,13638,
cpsnj09_contig_87676,15679,22,Y,N,4,*,87676,
cpsnj09_contig_73821,15655,13,Y,N,2,*,73821,
cpsnj09_contig_89462,15574,5,Y,N,1,*,89462,
cpsnj09_contig_29188,15517,11,Y,Y,2,456,29188,
cpsnj09_contig_86402,15449,8,Y,Y,1,12288,86402,
cpsnj09_contig_24077,15398,13,Y,Y,2,12656,24077,
cpsnj09_contig_84020,15354,27,Y,Y,4,14422,84020,
cpsnj09_contig_74833,15249,4,Y,Y,1,974,74833,
cpsnj09_contig_26003,15206,7,Y,Y,1,410,26003,
cpsnj09_contig_89288,15099,9,Y,N,1,*,89288,
cpsnj09_contig_88813,15079,5,Y,N,1,*,88813,
cpsnj09_contig_57409,14876,6,Y,Y,1,802,57409,
cpsnj09_contig_56918,14848,12,Y,Y,1,14586,56918,
cpsnj09_contig_84320,14831,5,Y,N,1,*,84320,
cpsnj09_contig_89431,14713,17,Y,N,2,*,89431,
cpsnj09_contig_85760,14655,8,Y,N,1,*,85760,
cpsnj09_contig_63629,14536,11,Y,Y,2,892,63629,
cpsnj09_contig_39425,14499,23,Y,N,4,*,39425,
cpsnj09_contig_85180,14394,21,Y,N,3,*,85180,
cpsnj09_contig_46315,14357,5,Y,Y,1,668,46315,
cpsnj09_contig_77527,14159,10,Y,N,1,*,77527,
cpsnj09_contig_67089,13948,4,Y,Y,1,13236,67089,
cpsnj09_contig_4496,13917,16,Y,N,2,*,4496,
cpsnj09_contig_382,13846,13,Y,N,2,*,382,
cpsnj09_contig_89079,13788,63,Y,N,10,*,89079,
cpsnj09_contig_60499,13775,19,Y,N,3,*,60499,
cpsnj09_contig_56280,13774,63,Y,N,10,*,56280,
cpsnj09_contig_62803,13738,15,Y,N,2,*,62803,
cpsnj09_contig_87434,13619,7,Y,N,1,*,87434,
cpsnj09_contig_40221,13561,4,Y,Y,1,10872,40221,
cpsnj09_contig_84960,13464,81,Y,N,13,*,84960,
cpsnj09_contig_89419,13305,4,Y,N,1,*,89419,
cpsnj09_contig_89124,13207,8,Y,N,1,*,89124,
cpsnj09_contig_13120,12994,4,Y,Y,1,11254,13120,
cpsnj09_contig_89343,12994,35,Y,N,5,*,89343,
cpsnj09_contig_9610,12978,8,Y,Y,1,10762,9610,
cpsnj09_contig_47118,12949,6,Y,Y,1,10732,47118,
cpsnj09_contig_85703,12934,22,Y,N,3,*,85703,
cpsnj09_contig_61268,12911,3,Y,Y,1,10048,61268,
cpsnj09_contig_39982,12744,8,Y,Y,1,13824,39982,
cpsnj09_contig_46450,12704,14,Y,Y,2,14128,46450,
cpsnj09_contig_60907,12381,7,Y,Y,1,846,60907,
cpsnj09_contig_60022,12269,3,Y,Y,1,834,60022,
cpsnj09_contig_36436,12261,85,Y,N,14,*,36436,
cpsnj09_contig_41160,12187,3,Y,Y,1,612,41160,
cpsnj09_contig_63307,12122,7,Y,Y,1,12286,63307,
cpsnj09_contig_30291,11979,3,Y,Y,1,10654,30291,
cpsnj09_contig_41841,11931,49,Y,N,8,*,41841,
cpsnj09_contig_86870,11910,10,Y,N,2,*,86870,
cpsnj09_contig_87925,11784,7,Y,N,1,*,87925,
cpsnj09_contig_54038,11732,7,Y,Y,1,14486,54038,
cpsnj09_contig_28525,11619,5,Y,Y,1,15650,28525,
cpsnj09_contig_53757,11378,84,Y,N,13,*,53757,
cpsnj09_contig_61909,11346,5,Y,Y,1,12814,61909,
cpsnj09_contig_87068,11191,8,Y,N,1,*,87068,
cpsnj09_contig_25734,11053,8,Y,Y,1,10604,25734,
cpsnj09_contig_44955,11009,5,Y,Y,1,14622,44955,
cpsnj09_contig_24797,11006,4,Y,Y,1,15588,24797,
cpsnj09_contig_86115,10828,17,Y,N,2,*,86115,
cpsnj09_contig_50255,10763,5,Y,Y,1,714,50255,
cpsnj09_contig_87415,10657,5,Y,Y,1,14068,87415,
cpsnj09_contig_56477,10452,4,Y,Y,1,11904,56477,
cpsnj09_contig_88423,10421,7,Y,N,1,*,88423,
cpsnj09_contig_89449,10295,4,Y,N,1,*,89449,
cpsnj09_contig_87065,10268,8,Y,N,1,*,87065,
cpsnj09_contig_25956,10247,6,Y,Y,1,12810,25956,
cpsnj09_contig_88269,10247,7,Y,N,1,*,88269,
cpsnj09_contig_89113,10192,24,Y,N,3,*,89113,
cpsnj09_contig_88271,10173,3,Y,Y,1,*,88271,
cpsnj09_contig_77473,10167,10,Y,N,1,*,77473,
cpsnj09_contig_88028,10149,6,Y,N,1,*,88028,
cpsnj09_contig_85855,10096,8,Y,N,1,*,85855,
cpsnj09_contig_75863,10063,8,Y,N,1,*,75863,
cpsnj09_contig_89408,10009,6,Y,N,1,*,89408,
cpsnj09_contig_86289,9937,7,Y,N,1,*,86289,
cpsnj09_contig_58257,9907,5,Y,N,1,*,58257,
cpsnj09_contig_54039,9845,18,Y,Y,3,*,54039,
cpsnj09_contig_34068,9825,5,Y,Y,1,15724,34068,
cpsnj09_contig_24035,9743,7,Y,Y,1,12646,24035,
cpsnj09_contig_47209,9718,23,Y,Y,4,16654,47209,
cpsnj09_contig_32035,9701,5,Y,Y,1,500,32035,
cpsnj09_contig_88964,9671,11,Y,N,2,*,88964,
cpsnj09_contig_78390,9582,3,Y,Y,1,14564,78390,
cpsnj09_contig_89148,9540,5,Y,N,1,*,89148,
cpsnj09_contig_89000,9517,169,Y,N,29,*,89000,
cpsnj09_contig_68677,9504,8,Y,Y,1,10758,68677,
cpsnj09_contig_25669,9498,9,Y,Y,1,12816,25669,
cpsnj09_contig_34013,9489,8,Y,Y,1,522,34013,
cpsnj09_contig_86740,9475,9,Y,N,1,*,86740,
cpsnj09_contig_83367,9456,13,Y,N,2,*,83367,
cpsnj09_contig_2925,9385,3,Y,Y,1,22076,2925,
cpsnj09_contig_88326,9372,8,Y,N,1,*,88326,
cpsnj09_contig_21653,9283,6,Y,Y,1,11074,21653,
cpsnj09_contig_16441,9251,3,Y,Y,1,11732,16441,
cpsnj09_contig_69185,9156,12,Y,N,2,*,69185,
cpsnj09_contig_27766,9153,9,Y,Y,1,15640,27766,
cpsnj09_contig_11111,8929,8,Y,Y,1,156,11111,
cpsnj09_contig_15711,8867,20,Y,Y,3,17528,15711,
cpsnj09_contig_21979,8842,8,Y,Y,1,9798,21979,
cpsnj09_contig_62905,8838,4,Y,Y,1,878,62905,
cpsnj09_contig_85056,8821,21,Y,N,3,*,85056,
cpsnj09_contig_60553,8784,4,Y,Y,1,13718,60553,
cpsnj09_contig_88270,8778,3,Y,N,1,*,88270,
cpsnj09_contig_89443,8737,181,Y,N,29,*,89443,
cpsnj09_contig_23336,8648,12,Y,Y,1,12570,23336,
cpsnj09_contig_25865,8484,3,Y,Y,1,408,25865,
cpsnj09_contig_53690,8479,4,Y,Y,1,746,53690,
cpsnj09_contig_61119,8427,3,Y,Y,1,17420,61119,
cpsnj09_contig_68634,8376,3,Y,Y,1,14584,68634,
cpsnj09_contig_55434,8288,7,Y,N,1,*,55434,
cpsnj09_contig_32956,8266,6,Y,Y,1,13338,32956,
cpsnj09_contig_88876,8241,49,Y,N,8,*,88876,
cpsnj09_contig_63713,8239,6,Y,Y,1,13414,63713,
cpsnj09_contig_84874,8230,25,Y,N,4,*,84874,
cpsnj09_contig_16012,8166,6,Y,Y,1,11122,16012,
cpsnj09_contig_77608,8007,23,Y,N,2,*,77608,
cpsnj09_contig_86747,7930,4,Y,Y,1,11016,86747,
cpsnj09_contig_37959,7852,22,Y,Y,4,13706,37959,
cpsnj09_contig_66490,7440,9,Y,N,1,*,66490,
cpsnj09_contig_16268,7342,18,Y,Y,2,11706,16268,
cpsnj09_contig_87740,7336,11,Y,Y,1,14254,87740,
cpsnj09_contig_14728,7205,3,Y,Y,1,17430,14728,
cpsnj09_contig_45862,7182,6,Y,N,1,*,45862,
cpsnj09_contig_25910,7157,15,Y,Y,2,9868,25910,
cpsnj09_contig_71346,6910,4,Y,Y,1,14896,71346,
cpsnj09_contig_61774,6878,4,Y,Y,1,13288,61774,
cpsnj09_contig_83596,6758,3,Y,Y,1,15136,83596,
cpsnj09_contig_16030,6740,6,Y,Y,1,11682,16030,
cpsnj09_contig_24218,6576,4,Y,Y,1,*,24218,
cpsnj09_contig_15019,6559,6,Y,Y,1,11554,15019,
cpsnj09_contig_63879,6480,5,Y,Y,1,900,63879,
cpsnj09_contig_49306,6467,4,Y,Y,1,*,49306,
cpsnj09_contig_51804,6379,4,Y,N,1,*,51804,
cpsnj09_contig_88092,6379,16,Y,N,3,*,88092,
cpsnj09_contig_7567,6101,20,Y,Y,3,15168,7567,
cpsnj09_contig_12009,5970,13,Y,Y,3,11118,12009,
cpsnj09_contig_82932,5639,5,Y,Y,1,9520,82932,
cpsnj09_contig_56737,5527,10,Y,N,2,*,56737,
cpsnj09_contig_84617,5417,34,Y,Y,5,15394,84617,
cpsnj09_contig_89347,5317,9,Y,N,1,*,89347,
cpsnj09_contig_2298,5297,14,Y,N,2,*,2298,
cpsnj09_contig_35030,5202,3,Y,Y,1,15738,35030,
cpsnj09_contig_66527,4977,19,Y,Y,2,*,66527,
cpsnj09_contig_58531,4943,7,Y,Y,1,*,58531,
cpsnj09_contig_25353,4880,16,Y,Y,2,*,25353,
cpsnj09_contig_53518,4858,6,Y,Y,1,*,53518,
cpsnj09_contig_80092,4788,15,Y,Y,2,*,80092,
cpsnj09_contig_53703,4492,3,Y,Y,1,748,53703,
cpsnj09_contig_18862,4465,3,Y,Y,1,*,18862,
cpsnj09_contig_35837,4395,3,Y,Y,1,13542,35837,
cpsnj09_contig_31844,4324,3,Y,Y,1,13270,31844,
cpsnj09_contig_32341,4290,13,Y,Y,2,*,32341,
cpsnj09_contig_12617,4223,3,Y,Y,1,11196,12617,
cpsnj09_contig_59604,4140,8,Y,Y,1,*,59604,
cpsnj09_contig_84306,4137,3,Y,Y,1,11228,84306,
cpsnj09_contig_9017,3783,4,Y,Y,1,22568,9017,
cpsnj09_contig_86257,3662,10,Y,Y,1,11696,86257,
cpsnj09_contig_29547,3604,3,Y,Y,1,13112,29547,
cpsnj09_contig_84708,3536,3,Y,Y,1,11716,84708,
cpsnj09_contig_37338,3339,4,Y,Y,1,12428,37338,
cpsnj09_contig_88820,3308,3,Y,Y,1,11308,88820,
cpsnj09_contig_393,3221,4,Y,Y,1,12650,393,
cpsnj09_contig_84977,2986,6,Y,Y,1,15470,84977,
cpsnj09_contig_83437,2847,4,Y,Y,1,15086,83437,
cpsnj09_contig_84615,2792,3,Y,Y,1,14972,84615,
cpsnj09_contig_23884,2783,3,Y,Y,1,15496,23884,
cpsnj09_contig_1978,2627,3,Y,Y,1,9716,1978,
cpsnj09_contig_54007,2315,4,Y,Y,1,13866,54007,
cpsnj09_contig_65159,2277,4,Y,Y,1,*,65159,
cpsnj09_contig_24777,2271,4,Y,Y,1,12726,24777,
cpsnj09_contig_84175,2266,3,Y,Y,1,15296,84175,
cpsnj09_contig_39015,2222,4,Y,Y,1,15476,39015,
cpsnj09_contig_12229,2181,11,Y,Y,2,15324,12229,
cpsnj09_contig_84050,2054,3,Y,Y,1,10908,84050,
cpsnj09_contig_3052,2048,5,Y,Y,1,22076,3052,
cpsnj09_contig_85482,2005,7,Y,Y,1,23588,85482,
cpsnj09_contig_21186,1988,5,Y,Y,1,12338,21186,
cpsnj09_contig_2852,1609,5,Y,Y,1,9818,2852,
cpsnj09_contig_88540,1350,5,Y,Y,1,15846,88540,
cpsnj09_contig_2696,763,4,Y,Y,1,15022,2696,
cpsnj09_contig_10080,729,8,Y,Y,1,142,10080,
cpsnj09_contig_79923,669,49,Y,Y,8,*,79923,
cpsnj09_contig_50346,665,127,Y,Y,21,*,50346,
cpsnj09_contig_4579,661,5,Y,Y,1,15392,4579,
cpsnj09_contig_5099,660,5,Y,Y,1,70,5099,
cpsnj09_contig_16241,647,4,Y,Y,1,15018,16241,
cpsnj09_contig_18291,627,11,Y,Y,1,284,18291,
cpsnj09_contig_1658,593,18,Y,Y,2,14998,1658,
cpsnj09_contig_25055,573,12,Y,Y,1,12754,25055,
cpsnj09_contig_4894,543,5,Y,Y,1,10104,4894,
cpsnj09_contig_14121,522,6,Y,Y,1,11424,14121,
cpsnj09_contig_10731,518,6,Y,Y,1,13178,10731,
cpsnj09_contig_21550,398,6,Y,Y,1,15482,21550,
cpsnj09_contig_34965,383,6,Y,Y,1,15736,34965,
cpsnj10_contig_72070,253451,10,Y,N,2,*,72070,
cpsnj10_contig_72245,136516,6,Y,N,1,*,72245,
cpsnj10_contig_72649,131519,11,Y,N,2,*,72649,
cpsnj10_contig_72739,118380,12,Y,N,2,*,72739,
cpsnj10_contig_73193,116764,34,Y,N,6,*,73193,
cpsnj10_contig_72051,109124,5,Y,N,1,*,72051,
cpsnj10_contig_73047,106270,20,Y,N,3,*,73047,
cpsnj10_contig_70919,105899,26,Y,N,5,*,70919,
cpsnj10_contig_70740,105775,17,Y,N,2,*,70740,
cpsnj10_contig_70835,104127,7,Y,N,1,*,70835,
cpsnj10_contig_72563,101686,8,Y,N,1,*,72563,
cpsnj10_contig_73003,93869,6,Y,N,1,*,73003,
cpsnj10_contig_70401,93422,5,Y,N,1,*,70401,
cpsnj10_contig_72115,84539,7,Y,N,1,*,72115,
cpsnj10_contig_72974,83484,6,Y,N,1,*,72974,
cpsnj10_contig_73157,83269,6,Y,N,1,*,73157,
cpsnj10_contig_73169,82485,5,Y,N,1,*,73169,
cpsnj10_contig_72810,81512,4,Y,N,1,*,72810,
cpsnj10_contig_72541,80575,9,Y,N,1,*,72541,
cpsnj10_contig_72749,76541,4,Y,N,1,*,72749,
cpsnj10_contig_47944,73572,30,Y,N,5,*,47944,
cpsnj10_contig_22440,73303,16,Y,N,3,*,22440,
cpsnj10_contig_72590,72449,45,Y,N,9,*,72590,
cpsnj10_contig_72459,72288,5,Y,N,1,*,72459,
cpsnj10_contig_73258,72142,23,Y,N,4,*,73258,
cpsnj10_contig_71898,72074,7,Y,N,1,*,71898,
cpsnj10_contig_73028,71894,7,Y,N,1,*,73028,
cpsnj10_contig_71540,71216,13,Y,N,2,*,71540,
cpsnj10_contig_70004,70608,9,Y,N,2,*,70004,
cpsnj10_contig_72546,70420,3,Y,N,1,*,72546,
cpsnj10_contig_71006,70216,17,Y,N,3,*,71006,
cpsnj10_contig_43110,70173,7,Y,N,1,*,43110,
cpsnj10_contig_70333,69932,13,Y,N,2,*,70333,
cpsnj10_contig_68943,69630,17,Y,N,3,*,68943,
cpsnj10_contig_72679,69408,5,Y,N,1,*,72679,
cpsnj10_contig_71339,69257,6,Y,N,1,*,71339,
cpsnj10_contig_73290,68977,3,Y,N,1,*,73290,
cpsnj10_contig_73283,68340,15,Y,N,2,*,73283,
cpsnj10_contig_73031,68225,5,Y,N,1,*,73031,
cpsnj10_contig_70144,67458,36,Y,N,6,*,70144,
cpsnj10_contig_73197,67379,8,Y,N,1,*,73197,
cpsnj10_contig_73029,67372,4,Y,N,1,*,73029,
cpsnj10_contig_72598,66958,10,Y,N,1,*,72598,
cpsnj10_contig_16085,66944,17,Y,N,2,*,16085,
cpsnj10_contig_73277,66858,8,Y,N,1,*,73277,
cpsnj10_contig_70280,66642,10,Y,N,1,*,70280,
cpsnj10_contig_68454,66595,4,Y,N,1,*,68454,
cpsnj10_contig_72981,65629,16,Y,N,3,*,72981,
cpsnj10_contig_72756,65530,8,Y,N,1,*,72756,
cpsnj10_contig_4849,65497,10,Y,N,1,*,4849,
cpsnj10_contig_63572,65151,5,Y,N,1,*,63572,
cpsnj10_contig_72554,64780,9,Y,N,2,*,72554,
cpsnj10_contig_68713,64448,3,Y,N,1,*,68713,
cpsnj10_contig_22462,64208,82,Y,N,16,*,22462,
cpsnj10_contig_73054,63802,7,Y,N,1,*,73054,
cpsnj10_contig_71817,63614,13,Y,N,2,*,71817,
cpsnj10_contig_69587,63612,11,Y,N,2,*,69587,
cpsnj10_contig_71091,63253,5,Y,N,1,*,71091,
cpsnj10_contig_16504,62995,46,Y,N,9,*,16504,
cpsnj10_contig_72438,62907,4,Y,N,1,*,72438,
cpsnj10_contig_68877,62514,14,Y,N,2,*,68877,
cpsnj10_contig_73211,62377,6,Y,N,1,*,73211,
cpsnj10_contig_69350,62246,5,Y,N,1,*,69350,
cpsnj10_contig_72944,61939,10,Y,N,2,*,72944,
cpsnj10_contig_73276,61782,12,Y,N,2,*,73276,
cpsnj10_contig_46991,61712,15,Y,N,2,*,46991,
cpsnj10_contig_72845,61671,9,Y,N,1,*,72845,
cpsnj10_contig_73278,61194,16,Y,N,3,*,73278,
cpsnj10_contig_70836,61135,30,Y,N,5,*,70836,
cpsnj10_contig_72904,61109,7,Y,N,1,*,72904,
cpsnj10_contig_71901,61070,17,Y,N,3,*,71901,
cpsnj10_contig_69951,60837,5,Y,N,1,*,69951,
cpsnj10_contig_72636,60714,8,Y,N,1,*,72636,
cpsnj10_contig_73173,60538,7,Y,N,1,*,73173,
cpsnj10_contig_71996,58715,8,Y,N,1,*,71996,
cpsnj10_contig_56216,58689,10,Y,N,2,*,56216,
cpsnj10_contig_73119,58549,12,Y,N,2,*,73119,
cpsnj10_contig_73279,57394,6,Y,N,1,*,73279,
cpsnj10_contig_73069,57019,6,Y,N,1,*,73069,
cpsnj10_contig_72937,56492,19,Y,N,3,*,72937,
cpsnj10_contig_72961,56169,6,Y,N,1,*,72961,
cpsnj10_contig_20166,55904,8,Y,N,1,*,20166,
cpsnj10_contig_73294,55534,117,Y,N,22,*,73294,
cpsnj10_contig_73246,55530,4,Y,N,1,*,73246,
cpsnj10_contig_73296,55408,5,Y,N,1,*,73296,
cpsnj10_contig_72606,54490,4,Y,N,1,*,72606,
cpsnj10_contig_73271,53644,27,Y,N,5,*,73271,
cpsnj10_contig_72772,53335,4,Y,N,1,*,72772,
cpsnj10_contig_73042,53304,6,Y,N,1,*,73042,
cpsnj10_contig_73291,53196,58,Y,N,10,*,73291,
cpsnj10_contig_34366,52305,11,Y,N,1,*,34366,
cpsnj10_contig_73177,51905,87,Y,N,17,*,73177,
cpsnj10_contig_59757,51756,9,Y,N,1,*,59757,
cpsnj10_contig_72585,51511,8,Y,N,1,*,72585,
cpsnj10_contig_65319,51228,5,Y,Y,1,*,65319,
cpsnj10_contig_72954,51135,97,Y,N,19,*,72954,
cpsnj10_contig_69154,50677,6,Y,N,1,*,69154,
cpsnj10_contig_71480,50659,5,Y,N,1,*,71480,
cpsnj10_contig_73174,50595,4,Y,Y,2,*,73174,
cpsnj10_contig_73159,50529,19,Y,N,3,*,73159,
cpsnj10_contig_72191,50432,12,Y,N,1,*,72191,
cpsnj10_contig_73255,50353,7,Y,N,1,*,73255,
cpsnj10_contig_71680,50284,9,Y,N,1,*,71680,
cpsnj10_contig_48927,50196,9,Y,N,2,*,48927,
cpsnj10_contig_69791,50036,13,Y,N,2,*,69791,
cpsnj10_contig_72651,49784,5,Y,N,1,*,72651,
cpsnj10_contig_49531,49771,39,Y,N,7,*,49531,
cpsnj10_contig_70098,49703,10,Y,N,1,*,70098,
cpsnj10_contig_72123,49667,8,Y,N,1,*,72123,
cpsnj10_contig_28794,49590,31,Y,N,5,*,28794,
cpsnj10_contig_72565,49573,7,Y,N,1,*,72565,
cpsnj10_contig_73295,49554,32,Y,N,5,*,73295,
cpsnj10_contig_69965,49458,6,Y,N,1,*,69965,
cpsnj10_contig_71413,49387,10,Y,N,1,*,71413,
cpsnj10_contig_55282,49340,13,Y,N,2,*,55282,
cpsnj10_contig_72826,49292,5,Y,N,1,*,72826,
cpsnj10_contig_73227,49274,6,Y,N,1,*,73227,
cpsnj10_contig_69092,49246,8,Y,N,1,*,69092,
cpsnj10_contig_72615,49097,13,Y,N,2,*,72615,
cpsnj10_contig_72950,49057,14,Y,N,2,*,72950,
cpsnj10_contig_73151,49034,13,Y,N,2,*,73151,
cpsnj10_contig_73052,49026,10,Y,N,1,*,73052,
cpsnj10_contig_29846,49005,13,Y,N,2,*,29846,
cpsnj10_contig_72419,48999,7,Y,N,1,*,72419,
cpsnj10_contig_71822,48900,5,Y,Y,1,456,71822,
cpsnj10_contig_72828,48870,12,Y,N,2,*,72828,
cpsnj10_contig_72938,48814,90,Y,N,17,*,72938,
cpsnj10_contig_69648,48585,25,Y,N,4,*,69648,
cpsnj10_contig_70264,48509,40,Y,N,8,*,70264,
cpsnj10_contig_72582,48467,5,Y,N,1,*,72582,
cpsnj10_contig_73199,48386,3,Y,Y,1,*,73199,
cpsnj10_contig_72770,48229,9,Y,N,1,*,72770,
cpsnj10_contig_73078,48183,6,Y,N,1,*,73078,
cpsnj10_contig_73225,48148,7,Y,N,1,*,73225,
cpsnj10_contig_14660,48133,3,Y,Y,1,*,14660,
cpsnj10_contig_20048,48130,14,Y,N,2,*,20048,
cpsnj10_contig_68622,48128,4,Y,N,1,*,68622,
cpsnj10_contig_70816,48094,29,Y,N,5,*,70816,
cpsnj10_contig_73037,47937,16,Y,N,2,*,73037,
cpsnj10_contig_72324,47907,3,Y,N,1,*,72324,
cpsnj10_contig_72952,47875,9,Y,N,1,*,72952,
cpsnj10_contig_72820,47776,39,Y,N,7,*,72820,
cpsnj10_contig_37680,47772,20,Y,N,4,*,37680,
cpsnj10_contig_7133,47751,5,Y,N,1,*,7133,
cpsnj10_contig_72522,47685,11,Y,N,1,*,72522,
cpsnj10_contig_69078,47617,4,Y,N,1,*,69078,
cpsnj10_contig_71857,47578,14,Y,N,2,*,71857,
cpsnj10_contig_72933,47506,6,Y,N,1,*,72933,
cpsnj10_contig_67198,47365,11,Y,N,1,*,67198,
cpsnj10_contig_69588,47160,25,Y,N,4,*,69588,
cpsnj10_contig_22950,47086,10,Y,N,1,*,22950,
cpsnj10_contig_73112,47070,7,Y,N,1,*,73112,
cpsnj10_contig_73082,47006,5,Y,N,1,*,73082,
cpsnj10_contig_71606,47001,17,Y,N,3,*,71606,
cpsnj10_contig_1092,46951,6,Y,Y,1,8,1092,
cpsnj10_contig_48886,46883,10,Y,N,2,*,48886,
cpsnj10_contig_56799,46867,8,Y,N,1,*,56799,
cpsnj10_contig_59162,46823,24,Y,N,4,*,59162,
cpsnj10_contig_69311,46717,7,Y,N,1,*,69311,
cpsnj10_contig_72882,46711,7,Y,N,1,*,72882,
cpsnj10_contig_72356,46597,14,Y,N,3,*,72356,
cpsnj10_contig_68624,46522,9,Y,N,1,*,68624,
cpsnj10_contig_11384,46496,16,Y,N,3,*,11384,
cpsnj10_contig_71049,46490,25,Y,N,4,*,71049,
cpsnj10_contig_30248,46431,12,Y,N,1,*,30248,
cpsnj10_contig_73040,46413,8,Y,N,1,*,73040,
cpsnj10_contig_72591,46310,13,Y,N,2,*,72591,
cpsnj10_contig_63493,46240,9,Y,N,1,*,63493,
cpsnj10_contig_73282,46128,4,Y,Y,1,*,73282,
cpsnj10_contig_1752,46091,4,Y,N,1,*,1752,
cpsnj10_contig_70010,45800,41,Y,N,8,*,70010,
cpsnj10_contig_69476,45771,7,Y,N,1,*,69476,
cpsnj10_contig_73153,45751,16,Y,N,3,*,73153,
cpsnj10_contig_72258,45744,15,Y,N,3,*,72258,
cpsnj10_contig_71829,45742,5,Y,N,1,*,71829,
cpsnj10_contig_68239,45720,4,Y,N,1,*,68239,
cpsnj10_contig_70029,45549,33,Y,N,5,*,70029,
cpsnj10_contig_70050,45501,9,Y,N,1,*,70050,
cpsnj10_contig_72991,45451,15,Y,N,2,*,72991,
cpsnj10_contig_72701,45349,5,Y,N,1,*,72701,
cpsnj10_contig_68517,45300,7,Y,N,1,*,68517,
cpsnj10_contig_40590,45254,5,Y,Y,1,274,40590,
cpsnj10_contig_72929,45237,11,Y,N,2,*,72929,
cpsnj10_contig_73111,45235,3,Y,N,1,*,73111,
cpsnj10_contig_72474,45218,5,Y,N,1,*,72474,
cpsnj10_contig_72296,45212,8,Y,N,1,*,72296,
cpsnj10_contig_72728,45201,20,Y,N,3,*,72728,
cpsnj10_contig_72491,45161,3,Y,Y,1,*,72491,
cpsnj10_contig_72542,45124,4,Y,N,1,*,72542,
cpsnj10_contig_72711,45069,7,Y,N,1,*,72711,
cpsnj10_contig_72455,45039,9,Y,N,2,*,72455,
cpsnj10_contig_72811,45034,21,Y,N,4,*,72811,
cpsnj10_contig_53299,44969,5,Y,N,1,*,53299,
cpsnj10_contig_72609,44845,6,Y,N,1,*,72609,
cpsnj10_contig_69045,44844,12,Y,N,2,*,69045,
cpsnj10_contig_73187,44710,8,Y,N,1,*,73187,
cpsnj10_contig_73096,44663,11,Y,N,2,*,73096,
cpsnj10_contig_71182,44610,10,Y,N,2,*,71182,
cpsnj10_contig_72935,44569,18,Y,N,2,*,72935,
cpsnj10_contig_72735,44561,8,Y,N,1,*,72735,
cpsnj10_contig_69881,44550,11,Y,N,2,*,69881,
cpsnj10_contig_73115,44523,9,Y,N,1,*,73115,
cpsnj10_contig_68914,44492,6,Y,N,1,*,68914,
cpsnj10_contig_73118,44353,7,Y,N,1,*,73118,
cpsnj10_contig_71266,44184,18,Y,N,3,*,71266,
cpsnj10_contig_72022,44171,9,Y,N,1,*,72022,
cpsnj10_contig_72025,44150,15,Y,N,3,*,72025,
cpsnj10_contig_73207,44148,3,Y,N,1,*,73207,
cpsnj10_contig_36273,44065,5,Y,N,1,*,36273,
cpsnj10_contig_73240,44025,4,Y,N,1,*,73240,
cpsnj10_contig_72766,43999,12,Y,N,2,*,72766,
cpsnj10_contig_68858,43972,10,Y,N,2,*,68858,
cpsnj10_contig_37612,43859,5,Y,N,1,*,37612,
cpsnj10_contig_6374,43789,204,Y,N,40,*,6374,
cpsnj10_contig_73220,43764,3,Y,Y,1,*,73220,
cpsnj10_contig_73236,43677,6,Y,N,1,*,73236,
cpsnj10_contig_34431,43582,13,Y,Y,2,262,34431,
cpsnj10_contig_73292,43570,4,Y,Y,1,*,73292,
cpsnj10_contig_72096,43548,5,Y,Y,1,*,72096,
cpsnj10_contig_18761,43424,45,Y,N,9,*,18761,
cpsnj10_contig_68518,43389,12,Y,N,1,*,68518,
cpsnj10_contig_73286,43361,7,Y,N,1,*,73286,
cpsnj10_contig_72989,43295,9,Y,N,2,*,72989,
cpsnj10_contig_69454,43283,7,Y,N,1,*,69454,
cpsnj10_contig_72149,43280,8,Y,N,1,*,72149,
cpsnj10_contig_73170,43190,3,Y,N,1,*,73170,
cpsnj10_contig_72757,43156,9,Y,N,2,*,72757,
cpsnj10_contig_70397,43106,7,Y,N,1,*,70397,
cpsnj10_contig_6375,43090,126,Y,N,25,*,6375,
cpsnj10_contig_68277,43011,7,Y,N,1,*,68277,
cpsnj10_contig_69475,42962,9,Y,N,1,*,69475,
cpsnj10_contig_73158,42946,7,Y,N,1,*,73158,
cpsnj10_contig_73192,42929,8,Y,N,1,*,73192,
cpsnj10_contig_70605,42891,15,Y,N,2,*,70605,
cpsnj10_contig_73128,42764,4,Y,N,1,*,73128,
cpsnj10_contig_73166,42721,5,Y,N,1,*,73166,
cpsnj10_contig_68516,42583,9,Y,N,1,*,68516,
cpsnj10_contig_13722,42574,5,Y,N,1,*,13722,
cpsnj10_contig_56130,42484,7,Y,N,1,*,56130,
cpsnj10_contig_69642,42476,9,Y,N,1,*,69642,
cpsnj10_contig_71100,42464,6,Y,Y,2,*,71100,
cpsnj10_contig_72568,42425,7,Y,N,1,*,72568,
cpsnj10_contig_20209,42418,5,Y,Y,2,6576,20209,
cpsnj10_contig_71157,42413,6,Y,N,1,*,71157,
cpsnj10_contig_6377,42307,116,Y,N,23,*,6377,
cpsnj10_contig_69760,42086,5,Y,N,1,*,69760,
cpsnj10_contig_69816,42073,22,Y,N,3,*,69816,
cpsnj10_contig_43888,42065,17,Y,N,3,*,43888,
cpsnj10_contig_13721,42050,16,Y,N,2,*,13721,
cpsnj10_contig_15753,41945,17,Y,N,3,*,15753,
cpsnj10_contig_73202,41891,4,Y,N,1,*,73202,
cpsnj10_contig_73260,41825,6,Y,N,1,*,73260,
cpsnj10_contig_15755,41794,6,Y,N,1,*,15755,
cpsnj10_contig_6380,41719,73,Y,N,14,*,6380,
cpsnj10_contig_43889,41612,11,Y,N,1,*,43889,
cpsnj10_contig_72742,41610,6,Y,N,1,*,72742,
cpsnj10_contig_72915,41500,11,Y,N,2,*,72915,
cpsnj10_contig_73011,41459,8,Y,N,1,*,73011,
cpsnj10_contig_72583,41420,8,Y,N,1,*,72583,
cpsnj10_contig_73257,41412,8,Y,N,2,*,73257,
cpsnj10_contig_73105,41304,4,Y,N,1,*,73105,
cpsnj10_contig_72809,41287,6,Y,N,1,*,72809,
cpsnj10_contig_9715,41260,12,Y,N,2,*,9715,
cpsnj10_contig_72968,41258,8,Y,N,1,*,72968,
cpsnj10_contig_45908,41191,6,Y,N,1,*,45908,
cpsnj10_contig_71174,41144,5,Y,N,1,*,71174,
cpsnj10_contig_72840,41082,6,Y,N,1,*,72840,
cpsnj10_contig_73254,41075,21,Y,N,4,*,73254,
cpsnj10_contig_73216,41010,9,Y,N,1,*,73216,
cpsnj10_contig_70263,40954,5,Y,N,1,*,70263,
cpsnj10_contig_71175,40938,3,Y,Y,1,*,71175,
cpsnj10_contig_72956,40876,18,Y,N,3,*,72956,
cpsnj10_contig_50527,40843,12,Y,N,2,*,50527,
cpsnj10_contig_69176,40819,20,Y,N,3,*,69176,
cpsnj10_contig_72640,40741,12,Y,N,2,*,72640,
cpsnj10_contig_73068,40696,10,Y,N,2,*,73068,
cpsnj10_contig_70745,40680,5,Y,N,1,*,70745,
cpsnj10_contig_65666,40644,5,Y,N,1,*,65666,
cpsnj10_contig_8166,40588,27,Y,N,4,*,8166,
cpsnj10_contig_70934,40587,8,Y,N,1,*,70934,
cpsnj10_contig_72332,40578,13,Y,N,2,*,72332,
cpsnj10_contig_69498,40519,7,Y,N,1,*,69498,
cpsnj10_contig_68716,40511,6,Y,Y,2,*,68716,
cpsnj10_contig_73107,40456,16,Y,N,2,*,73107,
cpsnj10_contig_56833,40422,6,Y,N,1,*,56833,
cpsnj10_contig_72832,40370,15,Y,N,3,*,72832,
cpsnj10_contig_68499,40293,7,Y,N,1,*,68499,
cpsnj10_contig_28460,40248,4,Y,N,1,*,28460,
cpsnj10_contig_72969,40227,3,Y,Y,1,*,72969,
cpsnj10_contig_72437,40224,30,Y,N,6,*,72437,
cpsnj10_contig_72692,40196,7,Y,N,1,*,72692,
cpsnj10_contig_70104,40103,3,Y,Y,1,*,70104,
cpsnj10_contig_70137,40080,9,Y,N,1,*,70137,
cpsnj10_contig_9109,39991,8,Y,N,1,*,9109,
cpsnj10_contig_57841,39939,8,Y,N,1,*,57841,
cpsnj10_contig_73272,39873,12,Y,N,2,*,73272,
cpsnj10_contig_73232,39863,3,Y,N,1,*,73232,
cpsnj10_contig_71137,39759,28,Y,N,5,*,71137,
cpsnj10_contig_73092,39735,8,Y,N,1,*,73092,
cpsnj10_contig_71872,39685,16,Y,N,3,*,71872,
cpsnj10_contig_72859,39545,9,Y,N,1,*,72859,
cpsnj10_contig_72611,39474,6,Y,N,1,*,72611,
cpsnj10_contig_17331,39359,58,Y,N,11,*,17331,
cpsnj10_contig_70386,39340,11,Y,N,2,*,70386,
cpsnj10_contig_72656,39040,14,Y,N,2,*,72656,
cpsnj10_contig_73114,38979,7,Y,N,1,*,73114,
cpsnj10_contig_69344,38945,7,Y,N,1,*,69344,
cpsnj10_contig_71615,38783,12,Y,N,2,*,71615,
cpsnj10_contig_70332,38643,4,Y,N,1,*,70332,
cpsnj10_contig_70851,38582,6,Y,N,1,*,70851,
cpsnj10_contig_73265,38582,6,Y,N,1,*,73265,
cpsnj10_contig_72965,38474,8,Y,N,1,*,72965,
cpsnj10_contig_31326,38439,9,Y,N,1,*,31326,
cpsnj10_contig_73213,38423,6,Y,N,1,*,73213,
cpsnj10_contig_72708,38277,5,Y,N,1,*,72708,
cpsnj10_contig_72923,38248,10,Y,N,2,*,72923,
cpsnj10_contig_72118,38152,202,Y,N,40,*,72118,
cpsnj10_contig_46822,38072,17,Y,N,2,*,46822,
cpsnj10_contig_71765,38063,6,Y,Y,2,*,71765,
cpsnj10_contig_3034,38036,7,Y,N,1,*,3034,
cpsnj10_contig_69479,37932,7,Y,N,1,*,69479,
cpsnj10_contig_68840,37806,21,Y,N,4,*,68840,
cpsnj10_contig_71407,37764,17,Y,N,2,*,71407,
cpsnj10_contig_42479,37603,5,Y,N,1,*,42479,
cpsnj10_contig_73136,37498,5,Y,N,1,*,73136,
cpsnj10_contig_72723,37326,6,Y,N,1,*,72723,
cpsnj10_contig_73148,37247,9,Y,N,1,*,73148,
cpsnj10_contig_5254,37078,6,Y,N,1,*,5254,
cpsnj10_contig_72888,36850,8,Y,N,1,*,72888,
cpsnj10_contig_72612,36598,8,Y,N,1,*,72612,
cpsnj10_contig_73205,36420,21,Y,N,4,*,73205,
cpsnj10_contig_69251,36280,106,Y,N,21,*,69251,
cpsnj10_contig_15690,36144,6,Y,Y,1,144,15690,
cpsnj10_contig_71987,36122,3,Y,Y,1,*,71987,
cpsnj10_contig_60847,35474,8,Y,N,1,*,60847,
cpsnj10_contig_71297,35463,4,Y,N,1,*,71297,
cpsnj10_contig_69923,35350,8,Y,N,1,*,69923,
cpsnj10_contig_72874,34932,5,Y,N,1,*,72874,
cpsnj10_contig_25233,34872,5,Y,Y,1,208,25233,
cpsnj10_contig_50557,34635,7,Y,N,1,*,50557,
cpsnj10_contig_73289,34502,4,Y,N,1,*,73289,
cpsnj10_contig_2897,34368,6,Y,Y,1,36,2897,
cpsnj10_contig_53946,34033,4,Y,Y,1,340,53946,
cpsnj10_contig_71184,33975,5,Y,N,1,*,71184,
cpsnj10_contig_72657,33958,12,Y,N,2,*,72657,
cpsnj10_contig_64817,33586,9,Y,N,2,*,64817,
cpsnj10_contig_68819,32896,6,Y,N,1,*,68819,
cpsnj10_contig_72190,32672,8,Y,N,1,*,72190,
cpsnj10_contig_32946,32357,7,Y,N,1,*,32946,
cpsnj10_contig_72854,32045,12,Y,N,2,*,72854,
cpsnj10_contig_24127,31844,11,Y,N,1,*,24127,
cpsnj10_contig_72851,31827,7,Y,N,1,*,72851,
cpsnj10_contig_72939,31581,3,Y,N,1,*,72939,
cpsnj10_contig_51337,31221,6,Y,N,1,*,51337,
cpsnj10_contig_73182,31169,12,Y,N,2,*,73182,
cpsnj10_contig_73025,30965,7,Y,N,1,*,73025,
cpsnj10_contig_73076,30935,14,Y,N,2,*,73076,
cpsnj10_contig_2074,30252,6,Y,Y,1,5074,2074,
cpsnj10_contig_59547,30214,9,Y,N,1,*,59547,
cpsnj10_contig_52290,30083,3,Y,N,1,*,52290,
cpsnj10_contig_72686,29144,5,Y,N,1,*,72686,
cpsnj10_contig_72863,28507,9,Y,N,1,*,72863,
cpsnj10_contig_52611,28495,7,Y,N,1,*,52611,
cpsnj10_contig_14968,28174,5,Y,Y,1,138,14968,
cpsnj10_contig_30439,28120,19,Y,N,3,*,30439,
cpsnj10_contig_25581,27857,7,Y,Y,1,214,25581,
cpsnj10_contig_72823,27239,9,Y,N,1,*,72823,
cpsnj10_contig_72338,27092,7,Y,Y,2,*,72338,
cpsnj10_contig_71886,26706,4,Y,N,1,*,71886,
cpsnj10_contig_73249,26442,6,Y,N,1,*,73249,
cpsnj10_contig_72753,26304,4,Y,N,1,*,72753,
cpsnj10_contig_73284,26072,10,Y,N,2,*,73284,
cpsnj10_contig_72909,25865,5,Y,N,1,*,72909,
cpsnj10_contig_72777,25331,13,Y,N,2,*,72777,
cpsnj10_contig_6445,25312,13,Y,N,2,*,6445,
cpsnj10_contig_73178,25064,8,Y,N,1,*,73178,
cpsnj10_contig_69161,24743,12,Y,N,2,*,69161,
cpsnj10_contig_71284,24702,9,Y,N,1,*,71284,
cpsnj10_contig_69746,24630,6,Y,N,1,*,69746,
cpsnj10_contig_72061,23849,6,Y,N,1,*,72061,
cpsnj10_contig_69831,23631,5,Y,Y,1,402,69831,
cpsnj10_contig_44890,22562,4,Y,N,1,*,44890,
cpsnj10_contig_69759,22559,181,Y,N,36,*,69759,
cpsnj10_contig_45007,22557,4,Y,Y,1,296,45007,
cpsnj10_contig_51754,22471,3,Y,Y,1,334,51754,
cpsnj10_contig_72877,22405,5,Y,Y,1,480,72877,
cpsnj10_contig_24971,22371,3,Y,Y,1,206,24971,
cpsnj10_contig_73251,22004,6,Y,Y,2,*,73251,
cpsnj10_contig_10572,21646,10,Y,Y,3,106,10572,
cpsnj10_contig_10978,21158,3,Y,Y,1,108,10978,
cpsnj10_contig_51210,20417,4,Y,Y,1,332,51210,
cpsnj10_contig_72237,20123,6,Y,Y,1,470,72237,
cpsnj10_contig_34013,19584,6,Y,Y,1,7152,34013,
cpsnj10_contig_68698,19485,10,Y,N,1,*,68698,
cpsnj10_contig_70615,19072,5,Y,Y,1,422,70615,
cpsnj10_contig_71802,18705,3,Y,Y,1,*,71802,
cpsnj10_contig_72806,18580,17,Y,N,3,*,72806,
cpsnj10_contig_73238,18516,5,Y,N,1,*,73238,
cpsnj10_contig_70166,18397,5,Y,N,1,*,70166,
cpsnj10_contig_68773,17945,9,Y,N,2,*,68773,
cpsnj10_contig_69477,17808,6,Y,N,1,*,69477,
cpsnj10_contig_4707,17522,6,Y,N,1,*,4707,
cpsnj10_contig_50108,17423,9,Y,Y,1,324,50108,
cpsnj10_contig_73198,17393,16,Y,N,3,*,73198,
cpsnj10_contig_69040,17171,6,Y,N,1,*,69040,
cpsnj10_contig_71063,17069,8,Y,Y,1,6922,71063,
cpsnj10_contig_72795,16902,11,Y,N,2,*,72795,
cpsnj10_contig_73064,16773,10,Y,N,2,*,73064,
cpsnj10_contig_47734,16441,10,Y,N,1,*,47734,
cpsnj10_contig_51208,16421,3,Y,Y,1,7270,51208,
cpsnj10_contig_72020,16317,6,Y,N,1,*,72020,
cpsnj10_contig_73057,16109,7,Y,N,1,*,73057,
cpsnj10_contig_41931,16020,5,Y,Y,1,278,41931,
cpsnj10_contig_73168,15705,4,Y,N,1,*,73168,
cpsnj10_contig_6335,15129,8,Y,Y,1,64,6335,
cpsnj10_contig_28428,15083,4,Y,Y,1,6948,28428,
cpsnj10_contig_29637,15001,6,Y,N,1,*,29637,
cpsnj10_contig_73293,14847,8,Y,N,1,*,73293,
cpsnj10_contig_70625,14783,9,Y,N,1,*,70625,
cpsnj10_contig_15807,14746,4,Y,Y,1,150,15807,
cpsnj10_contig_14937,14531,9,Y,Y,1,6274,14937,
cpsnj10_contig_33728,14423,6,Y,Y,1,256,33728,
cpsnj10_contig_13463,14243,7,Y,N,1,*,13463,
cpsnj10_contig_68597,14051,3,Y,Y,1,7562,68597,
cpsnj10_contig_72367,14021,5,Y,Y,1,*,72367,
cpsnj10_contig_73089,13859,8,Y,N,1,*,73089,
cpsnj10_contig_46815,13774,14,Y,N,2,*,46815,
cpsnj10_contig_31531,13660,4,Y,Y,1,240,31531,
cpsnj10_contig_42024,13338,7,Y,N,1,*,42024,
cpsnj10_contig_68168,13298,6,Y,N,1,*,68168,
cpsnj10_contig_73204,13104,5,Y,N,1,*,73204,
cpsnj10_contig_71811,12920,3,Y,Y,1,*,71811,
cpsnj10_contig_70726,12916,4,Y,N,1,*,70726,
cpsnj10_contig_71188,12881,9,Y,N,2,*,71188,
cpsnj10_contig_70604,12877,7,Y,N,1,*,70604,
cpsnj10_contig_4133,12807,4,Y,N,1,*,4133,
cpsnj10_contig_64380,12691,5,Y,N,1,*,64380,
cpsnj10_contig_7305,12649,11,Y,Y,1,5682,7305,
cpsnj10_contig_4576,12550,5,Y,Y,1,5362,4576,
cpsnj10_contig_69240,12347,6,Y,N,1,*,69240,
cpsnj10_contig_13943,12313,17,Y,N,3,*,13943,
cpsnj10_contig_3453,12190,8,Y,Y,1,7560,3453,
cpsnj10_contig_72170,11765,25,Y,N,4,*,72170,
cpsnj10_contig_37576,11723,9,Y,Y,4,268,37576,
cpsnj10_contig_68386,11546,13,Y,N,2,*,68386,
cpsnj10_contig_71973,11544,22,Y,N,4,*,71973,
cpsnj10_contig_70149,11540,7,Y,N,1,*,70149,
cpsnj10_contig_23131,11378,53,Y,N,10,*,23131,
cpsnj10_contig_2473,11314,19,Y,Y,3,8196,2473,
cpsnj10_contig_23132,11265,14,Y,N,2,*,23132,
cpsnj10_contig_68138,11137,7,Y,N,1,*,68138,
cpsnj10_contig_33695,11126,7,Y,Y,1,254,33695,
cpsnj10_contig_32504,11016,21,Y,N,3,*,32504,
cpsnj10_contig_17575,10997,5,Y,Y,1,160,17575,
cpsnj10_contig_10184,10575,8,Y,Y,2,5266,10184,
cpsnj10_contig_22690,10554,7,Y,N,1,*,22690,
cpsnj10_contig_70827,10387,11,Y,N,1,*,70827,
cpsnj10_contig_2602,10379,13,Y,Y,2,5134,2602,
cpsnj10_contig_39440,10231,5,Y,N,1,*,39440,
cpsnj10_contig_68806,10168,5,Y,N,1,*,68806,
cpsnj10_contig_73179,10138,7,Y,N,1,*,73179,
cpsnj10_contig_28585,10035,4,Y,Y,1,7882,28585,
cpsnj10_contig_34944,9857,7,Y,Y,1,7142,34944,
cpsnj10_contig_70058,9841,3,Y,Y,1,6366,70058,
cpsnj10_contig_37867,9792,3,Y,N,1,*,37867,
cpsnj10_contig_72793,9792,4,Y,N,1,*,72793,
cpsnj10_contig_5673,9491,4,Y,N,1,*,5673,
cpsnj10_contig_17619,9489,6,Y,Y,1,7796,17619,
cpsnj10_contig_70837,9444,10,Y,Y,1,6812,70837,
cpsnj10_contig_42734,9361,12,Y,N,2,*,42734,
cpsnj10_contig_71539,9340,6,Y,N,1,*,71539,
cpsnj10_contig_15752,9328,8,Y,Y,1,148,15752,
cpsnj10_contig_32020,9238,3,Y,Y,1,248,32020,
cpsnj10_contig_42735,9111,16,Y,N,2,*,42735,
cpsnj10_contig_73019,8787,16,Y,N,2,*,73019,
cpsnj10_contig_72317,8468,17,Y,N,2,*,72317,
cpsnj10_contig_44043,8466,6,Y,N,1,*,44043,
cpsnj10_contig_36590,8249,4,Y,Y,1,7076,36590,
cpsnj10_contig_14430,8043,3,Y,Y,1,6238,14430,
cpsnj10_contig_7701,7826,5,Y,Y,1,5724,7701,
cpsnj10_contig_49748,7759,11,Y,N,1,*,49748,
cpsnj10_contig_12412,6959,3,Y,Y,1,6088,12412,
cpsnj10_contig_19182,6593,10,Y,N,1,*,19182,
cpsnj10_contig_64392,6484,16,Y,N,2,*,64392,
cpsnj10_contig_70408,6484,6,Y,N,1,*,70408,
cpsnj10_contig_72350,6250,7,Y,N,1,*,72350,
cpsnj10_contig_68389,5472,7,Y,Y,1,*,68389,
cpsnj10_contig_39562,5420,4,Y,Y,1,7934,39562,
cpsnj10_contig_26949,5319,9,Y,N,2,*,26949,
cpsnj10_contig_65160,5215,6,Y,N,1,*,65160,
cpsnj10_contig_66363,5078,4,Y,Y,1,*,66363,
cpsnj10_contig_71927,4931,9,Y,Y,1,*,71927,
cpsnj10_contig_69974,4827,3,Y,Y,1,412,69974,
cpsnj10_contig_31183,4034,3,Y,Y,1,5754,31183,
cpsnj10_contig_49655,3209,5,Y,Y,1,7410,49655,
cpsnj10_contig_31583,2911,4,Y,Y,1,5952,31583,
cpsnj10_contig_13632,2738,4,Y,Y,1,6192,13632,
cpsnj10_contig_48,2734,8,Y,Y,1,*,48,
cpsnj10_contig_69405,2665,9,Y,Y,1,7700,69405,
cpsnj10_contig_69063,2260,11,Y,Y,2,7656,69063,
cpsnj10_contig_2915,1346,10,Y,Y,3,38,2915,
cpsnj10_contig_57040,1005,367,Y,Y,72,*,57040,
cpsnj10_contig_7190,807,3,Y,Y,1,7646,7190,
cpsnj10_contig_8354,674,10,Y,Y,2,7668,8354,
cpsnj10_contig_52827,518,282,Y,Y,56,*,52827,
cpsnj10_contig_2225,505,12,Y,Y,2,28,2225,
cpsnj10_contig_3135,503,3,Y,Y,1,7558,3135,
cpsnj11_contig_62025,220043,7,Y,N,1,*,62025,
cpsnj11_contig_63551,168788,14,Y,N,2,*,63551,
cpsnj11_contig_61751,145902,21,Y,N,2,*,61751,
cpsnj11_contig_30223,142151,14,Y,N,1,*,30223,
cpsnj11_contig_64009,133801,9,Y,N,1,*,64009,
cpsnj11_contig_64198,132706,9,Y,N,1,*,64198,
cpsnj11_contig_1614,129320,30,Y,N,5,*,1614,
cpsnj11_contig_63869,127552,8,Y,N,1,*,63869,
cpsnj11_contig_64148,126600,124,Y,N,20,*,64148,
cpsnj11_contig_64952,124747,5,Y,N,1,*,64952,
cpsnj11_contig_39576,120940,37,Y,N,5,*,39576,
cpsnj11_contig_40180,119425,30,Y,N,4,*,40180,
cpsnj11_contig_61420,118556,18,Y,N,3,*,61420,
cpsnj11_contig_1630,118328,8,Y,N,4,*,1630,
cpsnj11_contig_25070,118187,7,Y,N,1,*,25070,
cpsnj11_contig_64562,117261,20,Y,N,3,*,64562,
cpsnj11_contig_64723,110738,22,Y,N,3,*,64723,
cpsnj11_contig_62995,110696,8,Y,N,1,*,62995,
cpsnj11_contig_26761,109643,6,Y,N,1,*,26761,
cpsnj11_contig_62357,108762,10,Y,N,2,*,62357,
cpsnj11_contig_64642,106509,18,Y,N,3,*,64642,
cpsnj11_contig_64535,106119,4,Y,N,1,*,64535,
cpsnj11_contig_64296,105782,14,Y,N,2,*,64296,
cpsnj11_contig_50785,105736,51,Y,N,8,*,50785,
cpsnj11_contig_62427,105434,12,Y,N,1,*,62427,
cpsnj11_contig_61700,102127,17,Y,N,2,*,61700,
cpsnj11_contig_63251,100950,8,Y,N,1,*,63251,
cpsnj11_contig_64448,99346,7,Y,N,1,*,64448,
cpsnj11_contig_54483,99005,4,Y,N,1,*,54483,
cpsnj11_contig_46100,97957,21,Y,N,3,*,46100,
cpsnj11_contig_27455,97743,12,Y,N,1,*,27455,
cpsnj11_contig_64053,96835,7,Y,N,1,*,64053,
cpsnj11_contig_18582,95896,5,Y,N,1,*,18582,
cpsnj11_contig_64331,95800,32,Y,N,4,*,64331,
cpsnj11_contig_63783,95590,17,Y,N,3,*,63783,
cpsnj11_contig_64748,94765,13,Y,N,1,*,64748,
cpsnj11_contig_63662,93795,25,Y,N,3,*,63662,
cpsnj11_contig_24691,93284,5,Y,N,1,*,24691,
cpsnj11_contig_42538,92555,146,Y,N,24,*,42538,
cpsnj11_contig_64517,91538,5,Y,N,1,*,64517,
cpsnj11_contig_2192,88149,7,Y,N,1,*,2192,
cpsnj11_contig_64802,87664,5,Y,N,1,*,64802,
cpsnj11_contig_41014,87410,7,Y,N,1,*,41014,
cpsnj11_contig_18284,85845,6,Y,N,1,*,18284,
cpsnj11_contig_60035,84115,6,Y,N,1,*,60035,
cpsnj11_contig_64425,81777,4,Y,N,1,*,64425,
cpsnj11_contig_62847,81223,5,Y,N,1,*,62847,
cpsnj11_contig_64856,77477,3,Y,N,1,*,64856,
cpsnj11_contig_57439,77167,15,Y,N,2,*,57439,
cpsnj11_contig_63880,76769,11,Y,N,2,*,63880,
cpsnj11_contig_63450,76432,13,Y,N,2,*,63450,
cpsnj11_contig_64491,72823,14,Y,N,2,*,64491,
cpsnj11_contig_62487,72430,8,Y,N,1,*,62487,
cpsnj11_contig_42422,72097,26,Y,N,4,*,42422,
cpsnj11_contig_63968,72019,12,Y,N,2,*,63968,
cpsnj11_contig_63625,71770,3,Y,N,1,*,63625,
cpsnj11_contig_49161,71280,3,Y,N,1,*,49161,
cpsnj11_contig_64262,70848,9,Y,N,1,*,64262,
cpsnj11_contig_64257,70792,5,Y,N,1,*,64257,
cpsnj11_contig_64421,70385,12,Y,N,2,*,64421,
cpsnj11_contig_64261,70188,5,Y,N,1,*,64261,
cpsnj11_contig_64002,70077,16,Y,N,2,*,64002,
cpsnj11_contig_60624,69999,10,Y,N,2,*,60624,
cpsnj11_contig_61307,69509,44,Y,N,6,*,61307,
cpsnj11_contig_63644,69054,10,Y,N,2,*,63644,
cpsnj11_contig_64480,68797,10,Y,N,1,*,64480,
cpsnj11_contig_64312,68073,11,Y,N,2,*,64312,
cpsnj11_contig_64124,67641,4,Y,N,1,*,64124,
cpsnj11_contig_60394,67338,39,Y,N,5,*,60394,
cpsnj11_contig_61989,66781,6,Y,N,3,*,61989,
cpsnj11_contig_3355,66683,23,Y,N,4,*,3355,
cpsnj11_contig_12988,66003,8,Y,N,1,*,12988,
cpsnj11_contig_61133,65999,3,Y,N,1,*,61133,
cpsnj11_contig_61166,65390,4,Y,N,1,*,61166,
cpsnj11_contig_62618,65303,8,Y,N,1,*,62618,
cpsnj11_contig_64711,64766,8,Y,N,1,*,64711,
cpsnj11_contig_40402,64303,3,Y,N,1,*,40402,
cpsnj11_contig_63618,63780,18,Y,N,2,*,63618,
cpsnj11_contig_64688,63666,8,Y,N,1,*,64688,
cpsnj11_contig_63973,63599,34,Y,N,5,*,63973,
cpsnj11_contig_21100,63015,7,Y,N,1,*,21100,
cpsnj11_contig_64291,62996,36,Y,N,6,*,64291,
cpsnj11_contig_64797,62966,3,Y,N,1,*,64797,
cpsnj11_contig_64756,62785,25,Y,N,4,*,64756,
cpsnj11_contig_62181,62685,7,Y,N,1,*,62181,
cpsnj11_contig_64776,62488,19,Y,N,3,*,64776,
cpsnj11_contig_14455,61725,48,Y,N,7,*,14455,
cpsnj11_contig_15306,61617,14,Y,N,2,*,15306,
cpsnj11_contig_64863,61465,3,Y,N,1,*,64863,
cpsnj11_contig_64854,61440,4,Y,N,1,*,64854,
cpsnj11_contig_64948,61145,17,Y,N,3,*,64948,
cpsnj11_contig_64623,60682,7,Y,N,1,*,64623,
cpsnj11_contig_64953,60200,43,Y,N,6,*,64953,
cpsnj11_contig_64174,59842,5,Y,N,1,*,64174,
cpsnj11_contig_64903,59821,13,Y,N,2,*,64903,
cpsnj11_contig_64779,58930,9,Y,N,1,*,64779,
cpsnj11_contig_61983,58393,4,Y,N,1,*,61983,
cpsnj11_contig_63894,58116,8,Y,N,1,*,63894,
cpsnj11_contig_61886,58114,3,Y,N,1,*,61886,
cpsnj11_contig_31677,57454,5,Y,N,1,*,31677,
cpsnj11_contig_61586,57285,28,Y,N,4,*,61586,
cpsnj11_contig_64497,57274,6,Y,N,1,*,64497,
cpsnj11_contig_64880,56706,6,Y,N,1,*,64880,
cpsnj11_contig_62635,56562,14,Y,N,1,*,62635,
cpsnj11_contig_64908,56284,3,Y,N,1,*,64908,
cpsnj11_contig_64885,56048,8,Y,N,1,*,64885,
cpsnj11_contig_61139,55542,61,Y,N,10,*,61139,
cpsnj11_contig_64937,55401,3,Y,N,1,*,64937,
cpsnj11_contig_37382,55400,20,Y,N,3,*,37382,
cpsnj11_contig_37381,55203,20,Y,N,3,*,37381,
cpsnj11_contig_37378,55190,22,Y,N,2,*,37378,
cpsnj11_contig_64631,54132,18,Y,N,2,*,64631,
cpsnj11_contig_63375,53735,3,Y,N,1,*,63375,
cpsnj11_contig_64849,53536,8,Y,N,1,*,64849,
cpsnj11_contig_64945,53279,24,Y,N,3,*,64945,
cpsnj11_contig_64778,53198,47,Y,N,7,*,64778,
cpsnj11_contig_10148,52912,4,Y,N,1,*,10148,
cpsnj11_contig_64123,51964,37,Y,N,6,*,64123,
cpsnj11_contig_63992,51701,7,Y,N,1,*,63992,
cpsnj11_contig_49183,51358,14,Y,N,1,*,49183,
cpsnj11_contig_64918,51344,7,Y,N,1,*,64918,
cpsnj11_contig_62841,51194,16,Y,N,2,*,62841,
cpsnj11_contig_38061,51030,11,Y,Y,2,316,38061,
cpsnj11_contig_64907,50898,6,Y,N,1,*,64907,
cpsnj11_contig_62035,50109,21,Y,N,3,*,62035,
cpsnj11_contig_64904,50038,15,Y,N,2,*,64904,
cpsnj11_contig_43012,50013,10,Y,N,1,*,43012,
cpsnj11_contig_64500,49762,9,Y,N,1,*,64500,
cpsnj11_contig_64343,49386,13,Y,N,1,*,64343,
cpsnj11_contig_64769,49262,3,Y,N,1,*,64769,
cpsnj11_contig_64390,49252,10,Y,N,1,*,64390,
cpsnj11_contig_63398,49204,17,Y,N,2,*,63398,
cpsnj11_contig_62436,49174,33,Y,N,5,*,62436,
cpsnj11_contig_64637,49049,10,Y,N,2,*,64637,
cpsnj11_contig_61762,48937,17,Y,N,2,*,61762,
cpsnj11_contig_64926,48813,7,Y,N,1,*,64926,
cpsnj11_contig_63538,48756,16,Y,N,2,*,63538,
cpsnj11_contig_62010,48724,13,Y,N,2,*,62010,
cpsnj11_contig_63363,48720,47,Y,N,7,*,63363,
cpsnj11_contig_64943,48624,18,Y,N,3,*,64943,
cpsnj11_contig_63327,48600,28,Y,N,4,*,63327,
cpsnj11_contig_64889,48568,5,Y,N,1,*,64889,
cpsnj11_contig_64877,48455,5,Y,N,1,*,64877,
cpsnj11_contig_63061,48453,15,Y,N,2,*,63061,
cpsnj11_contig_37313,48391,6,Y,N,1,*,37313,
cpsnj11_contig_64820,48350,5,Y,N,1,*,64820,
cpsnj11_contig_63230,48313,15,Y,N,2,*,63230,
cpsnj11_contig_31285,48251,29,Y,N,4,*,31285,
cpsnj11_contig_64022,48240,8,Y,N,1,*,64022,
cpsnj11_contig_63342,48216,19,Y,N,3,*,63342,
cpsnj11_contig_64951,48214,34,Y,N,5,*,64951,
cpsnj11_contig_61084,48192,10,Y,N,1,*,61084,
cpsnj11_contig_64946,48190,7,Y,N,1,*,64946,
cpsnj11_contig_64705,48186,4,Y,N,1,*,64705,
cpsnj11_contig_64540,48156,5,Y,N,1,*,64540,
cpsnj11_contig_64757,48128,11,Y,N,1,*,64757,
cpsnj11_contig_61415,47920,24,Y,N,3,*,61415,
cpsnj11_contig_64644,47505,8,Y,N,1,*,64644,
cpsnj11_contig_64824,47465,10,Y,N,2,*,64824,
cpsnj11_contig_64413,47289,4,Y,Y,1,*,64413,
cpsnj11_contig_64150,47078,19,Y,N,3,*,64150,
cpsnj11_contig_63479,46956,49,Y,N,8,*,63479,
cpsnj11_contig_64717,46815,7,Y,N,1,*,64717,
cpsnj11_contig_63944,46701,16,Y,N,2,*,63944,
cpsnj11_contig_1084,46667,36,Y,N,5,*,1084,
cpsnj11_contig_61987,46616,7,Y,N,1,*,61987,
cpsnj11_contig_64678,46602,3,Y,Y,1,*,64678,
cpsnj11_contig_64938,46559,8,Y,N,1,*,64938,
cpsnj11_contig_21498,46525,7,Y,N,1,*,21498,
cpsnj11_contig_64473,46378,10,Y,N,2,*,64473,
cpsnj11_contig_42809,46347,8,Y,N,1,*,42809,
cpsnj11_contig_64481,46313,11,Y,N,2,*,64481,
cpsnj11_contig_64332,46276,28,Y,N,4,*,64332,
cpsnj11_contig_28365,46272,13,Y,N,2,*,28365,
cpsnj11_contig_63752,46241,9,Y,N,1,*,63752,
cpsnj11_contig_62348,46226,4,Y,N,1,*,62348,
cpsnj11_contig_45635,46186,5,Y,N,1,*,45635,
cpsnj11_contig_64899,46126,10,Y,N,1,*,64899,
cpsnj11_contig_61715,46101,7,Y,N,1,*,61715,
cpsnj11_contig_64273,46038,6,Y,N,1,*,64273,
cpsnj11_contig_64566,46005,20,Y,N,3,*,64566,
cpsnj11_contig_30752,45939,18,Y,N,3,*,30752,
cpsnj11_contig_64307,45936,13,Y,N,2,*,64307,
cpsnj11_contig_62180,45864,7,Y,N,1,*,62180,
cpsnj11_contig_64727,45818,21,Y,N,3,*,64727,
cpsnj11_contig_38642,45781,23,Y,N,3,*,38642,
cpsnj11_contig_62965,45750,14,Y,N,2,*,62965,
cpsnj11_contig_64710,45679,4,Y,N,1,*,64710,
cpsnj11_contig_64950,45658,40,Y,N,6,*,64950,
cpsnj11_contig_63977,45584,4,Y,N,1,*,63977,
cpsnj11_contig_63233,45559,10,Y,N,1,*,63233,
cpsnj11_contig_36807,45485,4,Y,N,1,*,36807,
cpsnj11_contig_64402,45380,13,Y,N,2,*,64402,
cpsnj11_contig_62690,45367,3,Y,N,1,*,62690,
cpsnj11_contig_47996,45342,4,Y,N,1,*,47996,
cpsnj11_contig_64916,45338,5,Y,N,1,*,64916,
cpsnj11_contig_51087,45302,16,Y,N,3,*,51087,
cpsnj11_contig_62103,45186,25,Y,N,4,*,62103,
cpsnj11_contig_63859,45099,16,Y,N,2,*,63859,
cpsnj11_contig_64909,45094,3,Y,N,1,*,64909,
cpsnj11_contig_60385,45045,4,Y,N,1,*,60385,
cpsnj11_contig_54474,44888,12,Y,N,1,*,54474,
cpsnj11_contig_63560,44881,14,Y,N,2,*,63560,
cpsnj11_contig_63952,44877,9,Y,N,1,*,63952,
cpsnj11_contig_62561,44732,3,Y,N,1,*,62561,
cpsnj11_contig_64493,44729,5,Y,N,1,*,64493,
cpsnj11_contig_64941,44708,19,Y,N,3,*,64941,
cpsnj11_contig_64321,44593,8,Y,N,1,*,64321,
cpsnj11_contig_64288,44553,30,Y,N,5,*,64288,
cpsnj11_contig_64902,44395,20,Y,N,3,*,64902,
cpsnj11_contig_60913,44148,4,Y,N,1,*,60913,
cpsnj11_contig_63619,43890,7,Y,N,1,*,63619,
cpsnj11_contig_62165,43771,18,Y,N,3,*,62165,
cpsnj11_contig_59618,43770,8,Y,N,1,*,59618,
cpsnj11_contig_27353,43751,17,Y,N,3,*,27353,
cpsnj11_contig_64906,43715,20,Y,N,3,*,64906,
cpsnj11_contig_64352,43588,10,Y,N,1,*,64352,
cpsnj11_contig_60376,43504,9,Y,N,1,*,60376,
cpsnj11_contig_32929,43495,27,Y,N,4,*,32929,
cpsnj11_contig_62067,43381,14,Y,N,1,*,62067,
cpsnj11_contig_41674,43368,9,Y,N,1,*,41674,
cpsnj11_contig_60924,43365,29,Y,N,4,*,60924,
cpsnj11_contig_64782,43365,12,Y,N,2,*,64782,
cpsnj11_contig_3198,43359,4,Y,N,1,*,3198,
cpsnj11_contig_64144,43315,7,Y,N,1,*,64144,
cpsnj11_contig_21802,43300,28,Y,N,4,*,21802,
cpsnj11_contig_61506,43188,14,Y,N,1,*,61506,
cpsnj11_contig_64850,43183,8,Y,N,2,*,64850,
cpsnj11_contig_63339,43151,16,Y,N,2,*,63339,
cpsnj11_contig_61888,42960,41,Y,N,6,*,61888,
cpsnj11_contig_64260,42953,5,Y,N,1,*,64260,
cpsnj11_contig_1166,42853,8,Y,N,1,*,1166,
cpsnj11_contig_64783,42797,10,Y,N,1,*,64783,
cpsnj11_contig_61107,42762,4,Y,N,1,*,61107,
cpsnj11_contig_64067,42610,4,Y,N,1,*,64067,
cpsnj11_contig_64829,42557,8,Y,N,1,*,64829,
cpsnj11_contig_18878,42509,39,Y,N,6,*,18878,
cpsnj11_contig_64813,42499,8,Y,N,1,*,64813,
cpsnj11_contig_64922,42384,33,Y,N,5,*,64922,
cpsnj11_contig_63124,42369,9,Y,N,1,*,63124,
cpsnj11_contig_64166,42338,5,Y,N,1,*,64166,
cpsnj11_contig_64638,42177,9,Y,N,1,*,64638,
cpsnj11_contig_64012,42104,7,Y,N,1,*,64012,
cpsnj11_contig_48264,42014,19,Y,N,2,*,48264,
cpsnj11_contig_47290,41926,7,Y,N,1,*,47290,
cpsnj11_contig_25449,41749,24,Y,N,3,*,25449,
cpsnj11_contig_64811,41705,9,Y,N,1,*,64811,
cpsnj11_contig_64001,41631,5,Y,N,1,*,64001,
cpsnj11_contig_63846,41593,7,Y,N,1,*,63846,
cpsnj11_contig_64512,41567,13,Y,N,2,*,64512,
cpsnj11_contig_64522,41489,6,Y,N,1,*,64522,
cpsnj11_contig_64541,41472,6,Y,N,1,*,64541,
cpsnj11_contig_29915,41242,4,Y,N,1,*,29915,
cpsnj11_contig_61301,41229,5,Y,N,1,*,61301,
cpsnj11_contig_62422,41095,18,Y,N,2,*,62422,
cpsnj11_contig_61682,41088,23,Y,N,4,*,61682,
cpsnj11_contig_64809,41057,8,Y,N,1,*,64809,
cpsnj11_contig_12927,40853,14,Y,N,2,*,12927,
cpsnj11_contig_64765,40826,7,Y,N,1,*,64765,
cpsnj11_contig_64914,40809,10,Y,N,2,*,64914,
cpsnj11_contig_61314,40761,6,Y,N,1,*,61314,
cpsnj11_contig_64445,40753,3,Y,Y,1,*,64445,
cpsnj11_contig_64939,40669,7,Y,N,1,*,64939,
cpsnj11_contig_61196,40668,6,Y,N,1,*,61196,
cpsnj11_contig_50253,40618,14,Y,N,2,*,50253,
cpsnj11_contig_50804,40580,11,Y,N,2,*,50804,
cpsnj11_contig_64930,40573,6,Y,N,1,*,64930,
cpsnj11_contig_64442,40565,9,Y,N,1,*,64442,
cpsnj11_contig_64639,40396,7,Y,N,1,*,64639,
cpsnj11_contig_64932,40279,4,Y,N,1,*,64932,
cpsnj11_contig_63074,40202,8,Y,N,1,*,63074,
cpsnj11_contig_64349,40116,13,Y,N,1,*,64349,
cpsnj11_contig_63081,40092,3,Y,Y,1,*,63081,
cpsnj11_contig_64521,40065,12,Y,N,2,*,64521,
cpsnj11_contig_64272,40002,5,Y,N,1,*,64272,
cpsnj11_contig_64754,39960,6,Y,N,1,*,64754,
cpsnj11_contig_64718,39829,11,Y,N,2,*,64718,
cpsnj11_contig_62874,39797,4,Y,N,1,*,62874,
cpsnj11_contig_60994,39666,15,Y,N,3,*,60994,
cpsnj11_contig_64469,39508,4,Y,N,1,*,64469,
cpsnj11_contig_1695,39406,8,Y,N,1,*,1695,
cpsnj11_contig_64940,39381,13,Y,N,1,*,64940,
cpsnj11_contig_63454,39336,4,Y,N,1,*,63454,
cpsnj11_contig_64487,39144,4,Y,N,1,*,64487,
cpsnj11_contig_61761,39133,7,Y,N,1,*,61761,
cpsnj11_contig_64830,38977,9,Y,N,1,*,64830,
cpsnj11_contig_62434,38942,15,Y,N,2,*,62434,
cpsnj11_contig_64716,38930,18,Y,N,3,*,64716,
cpsnj11_contig_60647,38898,11,Y,N,2,*,60647,
cpsnj11_contig_64878,38820,6,Y,N,1,*,64878,
cpsnj11_contig_64605,38787,31,Y,N,4,*,64605,
cpsnj11_contig_63601,38761,13,Y,N,1,*,63601,
cpsnj11_contig_64934,38708,7,Y,N,1,*,64934,
cpsnj11_contig_60549,38694,4,Y,N,1,*,60549,
cpsnj11_contig_63945,38585,8,Y,N,1,*,63945,
cpsnj11_contig_64801,38523,16,Y,N,2,*,64801,
cpsnj11_contig_64359,38506,84,Y,N,14,*,64359,
cpsnj11_contig_61882,38493,57,Y,N,9,*,61882,
cpsnj11_contig_64101,38466,8,Y,N,1,*,64101,
cpsnj11_contig_46609,38453,15,Y,N,2,*,46609,
cpsnj11_contig_61012,38280,9,Y,N,1,*,61012,
cpsnj11_contig_21393,38121,4,Y,N,1,*,21393,
cpsnj11_contig_61355,38063,124,Y,N,20,*,61355,
cpsnj11_contig_61913,38055,5,Y,N,1,*,61913,
cpsnj11_contig_64661,37892,9,Y,N,1,*,64661,
cpsnj11_contig_15866,37825,10,Y,N,1,*,15866,
cpsnj11_contig_63841,37812,5,Y,N,1,*,63841,
cpsnj11_contig_11320,36850,16,Y,N,2,*,11320,
cpsnj11_contig_64455,36700,6,Y,N,1,*,64455,
cpsnj11_contig_23527,36550,3,Y,N,1,*,23527,
cpsnj11_contig_41087,36427,24,Y,N,3,*,41087,
cpsnj11_contig_63909,36221,12,Y,N,2,*,63909,
cpsnj11_contig_64735,35953,12,Y,N,2,*,64735,
cpsnj11_contig_46348,35530,9,Y,N,1,*,46348,
cpsnj11_contig_49070,35477,7,Y,Y,1,372,49070,
cpsnj11_contig_9803,35293,12,Y,N,1,*,9803,
cpsnj11_contig_64924,35257,8,Y,N,1,*,64924,
cpsnj11_contig_64570,34861,9,Y,N,1,*,64570,
cpsnj11_contig_60884,33974,17,Y,N,3,*,60884,
cpsnj11_contig_64942,33859,5,Y,N,1,*,64942,
cpsnj11_contig_63915,33790,10,Y,N,1,*,63915,
cpsnj11_contig_62896,33380,6,Y,N,1,*,62896,
cpsnj11_contig_35313,33356,3,Y,Y,1,302,35313,
cpsnj11_contig_39126,33235,3,Y,Y,1,320,39126,
cpsnj11_contig_62026,33177,4,Y,N,1,*,62026,
cpsnj11_contig_63604,33117,3,Y,Y,1,*,63604,
cpsnj11_contig_11452,33102,8,Y,N,1,*,11452,
cpsnj11_contig_5006,32782,18,Y,N,2,*,5006,
cpsnj11_contig_45256,32731,4,Y,Y,1,348,45256,
cpsnj11_contig_64311,31881,24,Y,N,3,*,64311,
cpsnj11_contig_64919,31380,6,Y,N,1,*,64919,
cpsnj11_contig_31571,31243,8,Y,Y,1,8722,31571,
cpsnj11_contig_64955,30900,10,Y,N,1,*,64955,
cpsnj11_contig_43952,30785,20,Y,N,3,*,43952,
cpsnj11_contig_44857,29629,10,Y,N,1,*,44857,
cpsnj11_contig_63441,29447,10,Y,N,2,*,63441,
cpsnj11_contig_24603,29345,3,Y,Y,1,220,24603,
cpsnj11_contig_64715,29339,20,Y,Y,3,9204,64715,
cpsnj11_contig_12049,29137,8,Y,N,1,*,12049,
cpsnj11_contig_34683,28864,3,Y,Y,1,294,34683,
cpsnj11_contig_64927,27983,4,Y,N,1,*,64927,
cpsnj11_contig_64864,27597,4,Y,N,1,*,64864,
cpsnj11_contig_60554,27476,5,Y,N,1,*,60554,
cpsnj11_contig_47928,27160,7,Y,Y,1,362,47928,
cpsnj11_contig_44050,26680,5,Y,Y,1,*,44050,
cpsnj11_contig_64897,25624,18,Y,N,3,*,64897,
cpsnj11_contig_42565,25603,6,Y,Y,1,332,42565,
cpsnj11_contig_49871,25121,10,Y,Y,1,374,49871,
cpsnj11_contig_63999,25116,5,Y,N,1,*,63999,
cpsnj11_contig_18975,24455,3,Y,Y,1,170,18975,
cpsnj11_contig_14767,23299,6,Y,Y,3,7710,14767,
cpsnj11_contig_14561,23232,6,Y,Y,1,134,14561,
cpsnj11_contig_34830,22467,4,Y,Y,1,298,34830,
cpsnj11_contig_64812,22078,4,Y,N,1,*,64812,
cpsnj11_contig_63647,21857,21,Y,N,2,*,63647,
cpsnj11_contig_63959,21810,44,Y,N,6,*,63959,
cpsnj11_contig_2875,21669,11,Y,Y,2,42,2875,
cpsnj11_contig_54988,21402,7,Y,Y,3,394,54988,
cpsnj11_contig_64777,20963,13,Y,N,2,*,64777,
cpsnj11_contig_62903,20877,46,Y,N,7,*,62903,
cpsnj11_contig_62849,20862,12,Y,N,1,*,62849,
cpsnj11_contig_2466,20497,4,Y,Y,2,36,2466,
cpsnj11_contig_60388,20284,3,Y,Y,1,400,60388,
cpsnj11_contig_64936,20060,7,Y,N,1,*,64936,
cpsnj11_contig_64792,19873,5,Y,Y,1,*,64792,
cpsnj11_contig_1399,19724,8,Y,Y,2,26,1399,
cpsnj11_contig_61341,19682,5,Y,N,1,*,61341,
cpsnj11_contig_31569,18815,7,Y,Y,1,266,31569,
cpsnj11_contig_46540,18611,4,Y,Y,1,*,46540,
cpsnj11_contig_31378,18402,3,Y,Y,1,8718,31378,
cpsnj11_contig_337,18090,4,Y,Y,2,10,337,
cpsnj11_contig_64731,17672,14,Y,N,2,*,64731,
cpsnj11_contig_19879,17185,6,Y,Y,1,176,19879,
cpsnj11_contig_51385,17113,9,Y,Y,1,9198,51385,
cpsnj11_contig_19039,16958,3,Y,N,1,*,19039,
cpsnj11_contig_27643,16948,5,Y,Y,1,242,27643,
cpsnj11_contig_52166,16644,15,Y,Y,2,7146,52166,
cpsnj11_contig_64266,16408,38,Y,N,5,*,64266,
cpsnj11_contig_61591,16355,7,Y,N,1,*,61591,
cpsnj11_contig_34851,16326,14,Y,N,2,*,34851,
cpsnj11_contig_8470,16024,3,Y,Y,1,86,8470,
cpsnj11_contig_42965,15783,4,Y,Y,1,9092,42965,
cpsnj11_contig_45178,15673,3,Y,Y,1,6626,45178,
cpsnj11_contig_53295,15555,4,Y,Y,1,9236,53295,
cpsnj11_contig_43698,15468,10,Y,N,2,*,43698,
cpsnj11_contig_44287,15457,4,Y,Y,1,9138,44287,
cpsnj11_contig_48615,15224,4,Y,Y,2,366,48615,
cpsnj11_contig_64860,15147,8,Y,N,1,*,64860,
cpsnj11_contig_44060,14868,7,Y,Y,1,336,44060,
cpsnj11_contig_1171,14770,7,Y,Y,2,20,1171,
cpsnj11_contig_27148,14447,5,Y,Y,1,8506,27148,
cpsnj11_contig_13164,14412,4,Y,Y,4,130,13164,
cpsnj11_contig_64831,14323,12,Y,N,2,*,64831,
cpsnj11_contig_62746,14172,3,Y,Y,1,452,62746,
cpsnj11_contig_61385,13965,33,Y,N,5,*,61385,
cpsnj11_contig_1186,13680,7,Y,Y,1,6220,1186,
cpsnj11_contig_63362,13528,26,Y,N,3,*,63362,
cpsnj11_contig_64751,13451,6,Y,N,1,*,64751,
cpsnj11_contig_31568,13329,15,Y,Y,1,264,31568,
cpsnj11_contig_62543,12932,4,Y,N,1,*,62543,
cpsnj11_contig_63350,12883,8,Y,N,1,*,63350,
cpsnj11_contig_62376,12655,46,Y,N,8,*,62376,
cpsnj11_contig_64117,12571,24,Y,N,4,*,64117,
cpsnj11_contig_17479,12342,5,Y,Y,1,7914,17479,
cpsnj11_contig_32842,12277,3,Y,Y,1,8984,32842,
cpsnj11_contig_61243,11874,9,Y,Y,4,6254,61243,
cpsnj11_contig_30808,11749,4,Y,Y,1,8672,30808,
cpsnj11_contig_62377,11720,22,Y,N,3,*,62377,
cpsnj11_contig_63482,11422,9,Y,N,1,*,63482,
cpsnj11_contig_9223,11411,4,Y,Y,2,98,9223,
cpsnj11_contig_62819,11156,12,Y,N,2,*,62819,
cpsnj11_contig_61410,11098,11,Y,Y,2,9450,61410,
cpsnj11_contig_63813,11062,17,Y,N,3,*,63813,
cpsnj11_contig_64558,10912,15,Y,N,2,*,64558,
cpsnj11_contig_44161,10808,3,Y,Y,1,9134,44161,
cpsnj11_contig_35697,10726,6,Y,Y,1,6382,35697,
cpsnj11_contig_64883,10545,7,Y,N,1,*,64883,
cpsnj11_contig_22763,10288,6,Y,Y,1,9546,22763,
cpsnj11_contig_26359,10123,32,Y,Y,10,*,26359,
cpsnj11_contig_406,9959,5,Y,N,1,*,406,
cpsnj11_contig_19274,9689,8,Y,N,1,*,19274,
cpsnj11_contig_52277,9262,9,Y,N,1,*,52277,
cpsnj11_contig_15199,9086,4,Y,N,1,*,15199,
cpsnj11_contig_64032,8757,4,Y,Y,1,*,64032,
cpsnj11_contig_46528,8654,25,Y,Y,3,8662,46528,
cpsnj11_contig_64954,8186,7,Y,N,1,*,64954,
cpsnj11_contig_63732,8166,11,Y,N,2,*,63732,
cpsnj11_contig_61573,8143,7,Y,N,1,*,61573,
cpsnj11_contig_63020,8007,8,Y,N,1,*,63020,
cpsnj11_contig_47289,7934,194,Y,Y,30,*,47289,
cpsnj11_contig_54225,7693,18,Y,N,2,*,54225,
cpsnj11_contig_1206,7291,4,Y,Y,1,9270,1206,
cpsnj11_contig_56484,6878,4,Y,N,1,*,56484,
cpsnj11_contig_63051,6868,20,Y,N,2,*,63051,
cpsnj11_contig_39856,6414,6,Y,Y,1,322,39856,
cpsnj11_contig_8811,5462,6,Y,N,1,*,8811,
cpsnj11_contig_33381,4801,21,Y,Y,3,7060,33381,
cpsnj11_contig_61653,3973,3,Y,Y,1,6470,61653,
cpsnj11_contig_35262,3516,4,Y,Y,1,8854,35262,
cpsnj11_contig_60946,3341,4,Y,Y,1,9352,60946,
cpsnj11_contig_5141,2052,3,Y,Y,1,6722,5141,
cpsnj11_contig_33774,1809,3,Y,Y,1,8804,33774,
cpsnj11_contig_61068,1620,6,Y,Y,1,6620,61068,
cpsnj11_contig_34852,1218,3,Y,Y,1,*,34852,
cpsnj11_contig_11212,937,10,Y,Y,1,9472,11212,
cpsnj11_contig_7805,715,13,Y,Y,2,9298,7805,
cpsnj11_contig_13660,641,10,Y,Y,3,*,13660,
cpsnj11_contig_6290,536,7,Y,Y,1,6846,6290,
cpsnj11_contig_3259,520,7,Y,Y,1,6504,3259,
cpsnj11_contig_6830,512,5,Y,Y,1,72,6830,
cpsnj11_contig_30962,487,118,Y,Y,20,*,30962,
cpsnj13_contig_35001,113081,8,Y,N,1,*,35001,
cpsnj13_contig_57726,100122,9,Y,N,2,*,57726,
cpsnj13_contig_54880,95364,34,Y,N,6,*,54880,
cpsnj13_contig_55809,93541,9,Y,N,1,*,55809,
cpsnj13_contig_14544,93152,4,Y,N,1,*,14544,
cpsnj13_contig_19368,80056,6,Y,N,1,*,19368,
cpsnj13_contig_9345,75016,4,Y,N,1,*,9345,
cpsnj13_contig_57983,72403,9,Y,N,2,*,57983,
cpsnj13_contig_57734,72382,4,Y,N,1,*,57734,
cpsnj13_contig_55639,70793,15,Y,N,2,*,55639,
cpsnj13_contig_39179,69972,4,Y,N,1,*,39179,
cpsnj13_contig_56897,69675,7,Y,N,1,*,56897,
cpsnj13_contig_57245,68886,25,Y,N,4,*,57245,
cpsnj13_contig_41041,68043,81,Y,N,15,*,41041,
cpsnj13_contig_57518,67748,41,Y,N,8,*,57518,
cpsnj13_contig_5447,66858,13,Y,N,2,*,5447,
cpsnj13_contig_57396,66633,4,Y,N,1,*,57396,
cpsnj13_contig_57237,66591,18,Y,N,3,*,57237,
cpsnj13_contig_58081,64426,11,Y,N,2,*,58081,
cpsnj13_contig_33849,64358,22,Y,N,4,*,33849,
cpsnj13_contig_57304,64087,6,Y,N,1,*,57304,
cpsnj13_contig_43318,63875,33,Y,N,6,*,43318,
cpsnj13_contig_51818,62996,40,Y,N,7,*,51818,
cpsnj13_contig_27547,62398,13,Y,N,2,*,27547,
cpsnj13_contig_56311,61561,7,Y,N,1,*,56311,
cpsnj13_contig_57689,60933,5,Y,N,1,*,57689,
cpsnj13_contig_19457,60774,16,Y,N,2,*,19457,
cpsnj13_contig_57379,60062,6,Y,N,2,*,57379,
cpsnj13_contig_57692,59396,8,Y,N,1,*,57692,
cpsnj13_contig_57602,59295,8,Y,N,1,*,57602,
cpsnj13_contig_57986,58932,31,Y,N,6,*,57986,
cpsnj13_contig_57875,58338,4,Y,N,1,*,57875,
cpsnj13_contig_57009,57293,7,Y,N,1,*,57009,
cpsnj13_contig_22177,56485,7,Y,N,1,*,22177,
cpsnj13_contig_57443,56152,9,Y,N,2,*,57443,
cpsnj13_contig_40116,55189,4,Y,N,1,*,40116,
cpsnj13_contig_57144,55137,14,Y,N,2,*,57144,
cpsnj13_contig_57724,54997,6,Y,N,1,*,57724,
cpsnj13_contig_179,53838,5,Y,N,1,*,179,
cpsnj13_contig_57645,53372,17,Y,N,3,*,57645,
cpsnj13_contig_18303,53122,13,Y,N,2,*,18303,
cpsnj13_contig_57815,52320,4,Y,N,1,*,57815,
cpsnj13_contig_24585,52267,12,Y,N,2,*,24585,
cpsnj13_contig_56691,52261,11,Y,N,2,*,56691,
cpsnj13_contig_58052,51921,4,Y,N,1,*,58052,
cpsnj13_contig_57797,51734,3,Y,N,1,*,57797,
cpsnj13_contig_56421,51601,6,Y,N,2,*,56421,
cpsnj13_contig_57910,50646,4,Y,N,1,*,57910,
cpsnj13_contig_57817,50605,39,Y,N,7,*,57817,
cpsnj13_contig_57433,50431,3,Y,N,1,*,57433,
cpsnj13_contig_57344,50270,5,Y,N,1,*,57344,
cpsnj13_contig_56119,49890,9,Y,N,2,*,56119,
cpsnj13_contig_57583,49762,18,Y,N,3,*,57583,
cpsnj13_contig_57937,49523,10,Y,N,2,*,57937,
cpsnj13_contig_56046,49464,17,Y,N,3,*,56046,
cpsnj13_contig_58035,49452,4,Y,N,1,*,58035,
cpsnj13_contig_57984,49393,18,Y,N,3,*,57984,
cpsnj13_contig_58086,49388,5,Y,N,1,*,58086,
cpsnj13_contig_43280,49286,31,Y,N,5,*,43280,
cpsnj13_contig_58094,49212,9,Y,N,1,*,58094,
cpsnj13_contig_57907,49161,28,Y,N,5,*,57907,
cpsnj13_contig_54814,49159,14,Y,N,3,*,54814,
cpsnj13_contig_55520,48904,5,Y,N,1,*,55520,
cpsnj13_contig_57567,48556,6,Y,N,1,*,57567,
cpsnj13_contig_55446,48529,16,Y,N,3,*,55446,
cpsnj13_contig_57389,48056,4,Y,N,1,*,57389,
cpsnj13_contig_57565,47996,11,Y,N,2,*,57565,
cpsnj13_contig_57862,47973,6,Y,N,1,*,57862,
cpsnj13_contig_55445,47937,23,Y,N,4,*,55445,
cpsnj13_contig_58075,47792,3,Y,N,1,*,58075,
cpsnj13_contig_57497,47125,8,Y,N,1,*,57497,
cpsnj13_contig_57392,46846,18,Y,N,3,*,57392,
cpsnj13_contig_54684,46443,20,Y,N,4,*,54684,
cpsnj13_contig_57789,46413,6,Y,N,1,*,57789,
cpsnj13_contig_58071,46310,10,Y,N,1,*,58071,
cpsnj13_contig_56747,46282,9,Y,N,1,*,56747,
cpsnj13_contig_41066,45549,5,Y,N,1,*,41066,
cpsnj13_contig_17323,45469,11,Y,N,1,*,17323,
cpsnj13_contig_56986,45411,8,Y,N,1,*,56986,
cpsnj13_contig_57318,45389,6,Y,N,1,*,57318,
cpsnj13_contig_56076,45338,8,Y,N,2,*,56076,
cpsnj13_contig_56245,45326,11,Y,N,2,*,56245,
cpsnj13_contig_57783,45227,6,Y,N,1,*,57783,
cpsnj13_contig_54563,45188,7,Y,N,1,*,54563,
cpsnj13_contig_55129,45036,13,Y,N,2,*,55129,
cpsnj13_contig_54755,45014,5,Y,Y,1,*,54755,
cpsnj13_contig_56712,44901,12,Y,N,2,*,56712,
cpsnj13_contig_46996,44762,9,Y,N,1,*,46996,
cpsnj13_contig_55767,44696,26,Y,N,4,*,55767,
cpsnj13_contig_57758,44676,10,Y,N,1,*,57758,
cpsnj13_contig_56520,44614,6,Y,N,1,*,56520,
cpsnj13_contig_57101,44520,17,Y,N,3,*,57101,
cpsnj13_contig_19456,44485,6,Y,N,1,*,19456,
cpsnj13_contig_55073,44452,4,Y,N,1,*,55073,
cpsnj13_contig_58079,44438,6,Y,N,1,*,58079,
cpsnj13_contig_57430,44306,4,Y,N,1,*,57430,
cpsnj13_contig_57979,44245,3,Y,N,1,*,57979,
cpsnj13_contig_54733,44215,7,Y,N,1,*,54733,
cpsnj13_contig_57587,44212,11,Y,N,1,*,57587,
cpsnj13_contig_57859,44173,6,Y,N,1,*,57859,
cpsnj13_contig_58082,44153,9,Y,N,1,*,58082,
cpsnj13_contig_11242,43892,10,Y,N,1,*,11242,
cpsnj13_contig_58069,43830,5,Y,N,1,*,58069,
cpsnj13_contig_58016,43556,11,Y,N,2,*,58016,
cpsnj13_contig_22954,43317,13,Y,N,2,*,22954,
cpsnj13_contig_55989,43230,4,Y,N,1,*,55989,
cpsnj13_contig_57998,43227,5,Y,N,1,*,57998,
cpsnj13_contig_55225,43186,3,Y,Y,1,*,55225,
cpsnj13_contig_57888,42902,13,Y,N,2,*,57888,
cpsnj13_contig_57729,42735,6,Y,N,1,*,57729,
cpsnj13_contig_57054,42673,10,Y,N,1,*,57054,
cpsnj13_contig_57759,42667,7,Y,Y,2,*,57759,
cpsnj13_contig_57038,42596,45,Y,N,8,*,57038,
cpsnj13_contig_43775,42313,6,Y,N,1,*,43775,
cpsnj13_contig_54804,42233,14,Y,N,2,*,54804,
cpsnj13_contig_54285,42178,25,Y,N,4,*,54285,
cpsnj13_contig_57716,42078,4,Y,N,1,*,57716,
cpsnj13_contig_58066,41556,13,Y,N,2,*,58066,
cpsnj13_contig_58093,41447,6,Y,N,1,*,58093,
cpsnj13_contig_55592,41387,3,Y,Y,1,366,55592,
cpsnj13_contig_33550,41324,4,Y,N,1,*,33550,
cpsnj13_contig_57987,41231,5,Y,N,1,*,57987,
cpsnj13_contig_58055,41108,8,Y,N,1,*,58055,
cpsnj13_contig_57126,41075,16,Y,N,3,*,57126,
cpsnj13_contig_8974,40973,6,Y,N,1,*,8974,
cpsnj13_contig_57691,40963,17,Y,N,3,*,57691,
cpsnj13_contig_6910,40956,5,Y,Y,2,*,6910,
cpsnj13_contig_57880,40929,5,Y,N,1,*,57880,
cpsnj13_contig_55469,40855,13,Y,N,2,*,55469,
cpsnj13_contig_46560,40832,16,Y,N,3,*,46560,
cpsnj13_contig_58053,40806,4,Y,N,1,*,58053,
cpsnj13_contig_57938,40674,6,Y,N,1,*,57938,
cpsnj13_contig_55589,40624,7,Y,N,1,*,55589,
cpsnj13_contig_57414,40549,16,Y,N,3,*,57414,
cpsnj13_contig_58019,40543,3,Y,N,1,*,58019,
cpsnj13_contig_40966,40219,10,Y,N,1,*,40966,
cpsnj13_contig_58095,40200,4,Y,N,1,*,58095,
cpsnj13_contig_57869,40146,7,Y,N,1,*,57869,
cpsnj13_contig_57673,40119,6,Y,N,1,*,57673,
cpsnj13_contig_57882,40080,13,Y,N,2,*,57882,
cpsnj13_contig_58073,39886,3,Y,Y,1,*,58073,
cpsnj13_contig_56810,39655,11,Y,N,1,*,56810,
cpsnj13_contig_18447,39623,7,Y,N,1,*,18447,
cpsnj13_contig_57826,39562,5,Y,N,1,*,57826,
cpsnj13_contig_54923,39551,10,Y,N,1,*,54923,
cpsnj13_contig_57971,39543,10,Y,N,1,*,57971,
cpsnj13_contig_57968,39516,7,Y,N,1,*,57968,
cpsnj13_contig_51605,39410,5,Y,N,1,*,51605,
cpsnj13_contig_57638,39385,6,Y,N,1,*,57638,
cpsnj13_contig_56907,38787,4,Y,N,1,*,56907,
cpsnj13_contig_58099,38545,8,Y,N,1,*,58099,
cpsnj13_contig_57737,38505,6,Y,N,1,*,57737,
cpsnj13_contig_56962,38444,10,Y,N,2,*,56962,
cpsnj13_contig_55192,38363,4,Y,N,1,*,55192,
cpsnj13_contig_57595,38361,20,Y,N,3,*,57595,
cpsnj13_contig_55822,38322,7,Y,N,1,*,55822,
cpsnj13_contig_57798,38194,4,Y,N,1,*,57798,
cpsnj13_contig_12407,38139,8,Y,N,1,*,12407,
cpsnj13_contig_56084,38116,14,Y,N,2,*,56084,
cpsnj13_contig_58072,37913,11,Y,N,2,*,58072,
cpsnj13_contig_54552,37711,8,Y,N,1,*,54552,
cpsnj13_contig_57294,37709,35,Y,N,6,*,57294,
cpsnj13_contig_57914,37215,12,Y,N,2,*,57914,
cpsnj13_contig_57827,37171,8,Y,N,1,*,57827,
cpsnj13_contig_45630,37091,6,Y,N,1,*,45630,
cpsnj13_contig_57889,36839,3,Y,N,1,*,57889,
cpsnj13_contig_17814,36054,3,Y,Y,1,138,17814,
cpsnj13_contig_56066,35248,6,Y,N,1,*,56066,
cpsnj13_contig_58100,34828,7,Y,N,1,*,58100,
cpsnj13_contig_2340,34382,5,Y,N,1,*,2340,
cpsnj13_contig_57687,33069,4,Y,N,1,*,57687,
cpsnj13_contig_57928,32736,4,Y,Y,1,400,57928,
cpsnj13_contig_54870,32615,9,Y,N,1,*,54870,
cpsnj13_contig_57528,32501,3,Y,N,1,*,57528,
cpsnj13_contig_58059,31594,8,Y,N,1,*,58059,
cpsnj13_contig_57836,31414,5,Y,N,1,*,57836,
cpsnj13_contig_33656,30613,6,Y,Y,3,*,33656,
cpsnj13_contig_41603,30486,3,Y,Y,1,298,41603,
cpsnj13_contig_24838,29990,4,Y,Y,1,196,24838,
cpsnj13_contig_25076,29259,8,Y,Y,1,202,25076,
cpsnj13_contig_57870,29100,8,Y,N,1,*,57870,
cpsnj13_contig_58006,29037,3,Y,Y,1,*,58006,
cpsnj13_contig_21852,28207,10,Y,Y,1,4096,21852,
cpsnj13_contig_58023,27114,9,Y,N,2,*,58023,
cpsnj13_contig_29937,27045,4,Y,Y,1,232,29937,
cpsnj13_contig_57606,26393,6,Y,N,1,*,57606,
cpsnj13_contig_8220,26192,3,Y,Y,1,86,8220,
cpsnj13_contig_58092,26166,13,Y,N,2,*,58092,
cpsnj13_contig_34015,25472,3,Y,Y,1,262,34015,
cpsnj13_contig_57227,25159,37,Y,N,7,*,57227,
cpsnj13_contig_37729,24858,4,Y,Y,1,4676,37729,
cpsnj13_contig_57650,24681,11,Y,N,2,*,57650,
cpsnj13_contig_55915,24660,4,Y,Y,1,370,55915,
cpsnj13_contig_13905,24419,6,Y,N,1,*,13905,
cpsnj13_contig_58046,24248,4,Y,N,1,*,58046,
cpsnj13_contig_57769,23354,3,Y,Y,1,*,57769,
cpsnj13_contig_2136,22377,9,Y,N,1,*,2136,
cpsnj13_contig_33905,21103,5,Y,Y,1,260,33905,
cpsnj13_contig_16985,20885,5,Y,Y,1,130,16985,
cpsnj13_contig_44168,19652,6,Y,Y,1,312,44168,
cpsnj13_contig_57805,19578,9,Y,N,1,*,57805,
cpsnj13_contig_38951,19192,9,Y,N,1,*,38951,
cpsnj13_contig_57702,19073,8,Y,N,1,*,57702,
cpsnj13_contig_36252,18913,4,Y,N,1,*,36252,
cpsnj13_contig_58033,18871,5,Y,N,1,*,58033,
cpsnj13_contig_57151,18567,4,Y,N,1,*,57151,
cpsnj13_contig_16538,18488,5,Y,Y,1,7070,16538,
cpsnj13_contig_54694,17931,7,Y,N,1,*,54694,
cpsnj13_contig_55836,17289,6,Y,N,1,*,55836,
cpsnj13_contig_41508,17053,4,Y,Y,1,294,41508,
cpsnj13_contig_40739,16459,4,Y,Y,1,5734,40739,
cpsnj13_contig_56941,16021,10,Y,N,1,*,56941,
cpsnj13_contig_18116,15847,3,Y,Y,1,4186,18116,
cpsnj13_contig_1005,14665,4,Y,Y,1,3964,1005,
cpsnj13_contig_17833,14194,3,Y,Y,1,5106,17833,
cpsnj13_contig_10382,12921,15,Y,Y,2,4712,10382,
cpsnj13_contig_45038,12768,10,Y,N,2,*,45038,
cpsnj13_contig_8187,12580,4,Y,Y,1,4036,8187,
cpsnj13_contig_7542,12507,3,Y,Y,1,5890,7542,
cpsnj13_contig_11913,11733,8,Y,Y,1,4838,11913,
cpsnj13_contig_5182,11701,11,Y,Y,2,4364,5182,
cpsnj13_contig_23952,10989,8,Y,Y,1,4030,23952,
cpsnj13_contig_21038,10840,3,Y,Y,1,5194,21038,
cpsnj13_contig_27784,10696,3,Y,Y,1,5466,27784,
cpsnj13_contig_58049,10536,7,Y,N,1,*,58049,
cpsnj13_contig_56925,10299,8,Y,N,1,*,56925,
cpsnj13_contig_26357,10127,4,Y,Y,2,212,26357,
cpsnj13_contig_33603,10068,3,Y,Y,1,5572,33603,
cpsnj13_contig_20031,9851,4,Y,Y,1,5998,20031,
cpsnj13_contig_1372,9565,6,Y,Y,1,3862,1372,
cpsnj13_contig_54945,8719,3,Y,Y,1,4162,54945,
cpsnj13_contig_54991,7643,11,Y,Y,3,*,54991,
cpsnj13_contig_25895,7615,4,Y,Y,1,5394,25895,
cpsnj13_contig_56657,7491,6,Y,N,1,*,56657,
cpsnj13_contig_38829,6869,3,Y,N,1,*,38829,
cpsnj13_contig_30801,6756,5,Y,Y,1,5442,30801,
cpsnj13_contig_22219,6750,14,Y,N,2,*,22219,
cpsnj13_contig_4992,6740,5,Y,Y,1,5848,4992,
cpsnj13_contig_8330,6488,3,Y,Y,1,4620,8330,
cpsnj13_contig_36054,6147,4,Y,Y,1,6056,36054,
cpsnj13_contig_55420,5622,12,Y,N,3,*,55420,
cpsnj13_contig_10906,5351,5,Y,Y,1,*,10906,
cpsnj13_contig_55177,4513,13,Y,Y,2,5188,55177,
cpsnj13_contig_12112,3915,8,Y,Y,1,8550,12112,
cpsnj13_contig_56580,3159,4,Y,Y,1,5880,56580,
cpsnj13_contig_57002,3151,5,Y,Y,1,5484,57002,
cpsnj13_contig_25398,3097,6,Y,Y,1,4610,25398,
cpsnj13_contig_13215,2430,3,Y,Y,1,4652,13215,
cpsnj13_contig_7246,1530,4,Y,Y,1,4044,7246,
cpsnj14_contig_66888,192765,11,Y,N,1,*,66888,
cpsnj14_contig_69327,135212,5,Y,N,1,*,69327,
cpsnj14_contig_68993,123432,6,Y,N,1,*,68993,
cpsnj14_contig_68796,122891,4,Y,N,1,*,68796,
cpsnj14_contig_65912,122870,10,Y,N,1,*,65912,
cpsnj14_contig_69375,117758,41,Y,N,8,*,69375,
cpsnj14_contig_69369,111621,15,Y,N,2,*,69369,
cpsnj14_contig_67489,111122,5,Y,N,1,*,67489,
cpsnj14_contig_58441,108934,6,Y,N,1,*,58441,
cpsnj14_contig_69290,108209,11,Y,N,2,*,69290,
cpsnj14_contig_41788,101053,11,Y,N,1,*,41788,
cpsnj14_contig_4442,99190,19,Y,N,4,*,4442,
cpsnj14_contig_68990,97109,14,Y,N,3,*,68990,
cpsnj14_contig_68792,93092,14,Y,N,2,*,68792,
cpsnj14_contig_67157,92654,14,Y,N,3,*,67157,
cpsnj14_contig_26226,84440,8,Y,N,1,*,26226,
cpsnj14_contig_67134,81990,24,Y,N,4,*,67134,
cpsnj14_contig_10496,79672,9,Y,N,1,*,10496,
cpsnj14_contig_42516,78727,10,Y,N,1,*,42516,
cpsnj14_contig_12310,75458,40,Y,N,8,*,12310,
cpsnj14_contig_66868,73284,5,Y,N,1,*,66868,
cpsnj14_contig_50809,72190,10,Y,N,2,*,50809,
cpsnj14_contig_65463,72081,21,Y,N,4,*,65463,
cpsnj14_contig_66432,71263,63,Y,N,12,*,66432,
cpsnj14_contig_66710,71000,9,Y,N,2,*,66710,
cpsnj14_contig_68620,70353,14,Y,N,2,*,68620,
cpsnj14_contig_66684,70039,5,Y,N,1,*,66684,
cpsnj14_contig_64649,68867,37,Y,N,7,*,64649,
cpsnj14_contig_69004,67472,3,Y,N,1,*,69004,
cpsnj14_contig_19095,67441,4,Y,N,1,*,19095,
cpsnj14_contig_23287,66648,9,Y,N,1,*,23287,
cpsnj14_contig_64684,66589,13,Y,N,2,*,64684,
cpsnj14_contig_21069,66548,18,Y,N,3,*,21069,
cpsnj14_contig_27046,66402,12,Y,N,2,*,27046,
cpsnj14_contig_68905,65761,7,Y,N,1,*,68905,
cpsnj14_contig_65208,65667,11,Y,N,2,*,65208,
cpsnj14_contig_61935,65099,17,Y,N,3,*,61935,
cpsnj14_contig_69372,64997,3,Y,N,1,*,69372,
cpsnj14_contig_69342,64879,5,Y,N,1,*,69342,
cpsnj14_contig_64896,64254,8,Y,N,1,*,64896,
cpsnj14_contig_46443,64122,3,Y,N,1,*,46443,
cpsnj14_contig_68815,63667,12,Y,N,2,*,68815,
cpsnj14_contig_69148,63494,11,Y,N,2,*,69148,
cpsnj14_contig_69276,62642,4,Y,N,1,*,69276,
cpsnj14_contig_67388,61728,7,Y,N,1,*,67388,
cpsnj14_contig_69256,61605,7,Y,N,1,*,69256,
cpsnj14_contig_69307,61545,3,Y,N,1,*,69307,
cpsnj14_contig_66084,61426,6,Y,N,1,*,66084,
cpsnj14_contig_69211,60065,5,Y,N,1,*,69211,
cpsnj14_contig_68265,56301,15,Y,N,3,*,68265,
cpsnj14_contig_69146,56234,3,Y,N,1,*,69146,
cpsnj14_contig_69180,54537,8,Y,N,1,*,69180,
cpsnj14_contig_69181,53397,11,Y,N,2,*,69181,
cpsnj14_contig_67556,53244,4,Y,N,1,*,67556,
cpsnj14_contig_66076,52738,4,Y,N,1,*,66076,
cpsnj14_contig_69103,51550,14,Y,N,2,*,69103,
cpsnj14_contig_68466,50940,10,Y,N,2,*,68466,
cpsnj14_contig_69213,50910,7,Y,N,1,*,69213,
cpsnj14_contig_68945,50566,32,Y,N,6,*,68945,
cpsnj14_contig_65641,50394,7,Y,N,1,*,65641,
cpsnj14_contig_69361,50125,5,Y,N,1,*,69361,
cpsnj14_contig_69373,50040,5,Y,N,1,*,69373,
cpsnj14_contig_69319,50026,11,Y,N,1,*,69319,
cpsnj14_contig_65613,49827,10,Y,N,2,*,65613,
cpsnj14_contig_69048,48921,12,Y,N,2,*,69048,
cpsnj14_contig_67484,48770,12,Y,N,2,*,67484,
cpsnj14_contig_66026,48651,3,Y,Y,1,*,66026,
cpsnj14_contig_68238,48644,5,Y,N,1,*,68238,
cpsnj14_contig_67907,48383,4,Y,N,1,*,67907,
cpsnj14_contig_69376,47954,4,Y,N,1,*,69376,
cpsnj14_contig_68584,47597,7,Y,N,1,*,68584,
cpsnj14_contig_68328,47385,17,Y,N,3,*,68328,
cpsnj14_contig_69250,47244,9,Y,N,1,*,69250,
cpsnj14_contig_69339,47144,3,Y,N,1,*,69339,
cpsnj14_contig_67462,47074,14,Y,N,2,*,67462,
cpsnj14_contig_67068,46870,9,Y,N,2,*,67068,
cpsnj14_contig_69212,46716,9,Y,N,1,*,69212,
cpsnj14_contig_69380,46643,3,Y,N,1,*,69380,
cpsnj14_contig_69112,46618,6,Y,N,1,*,69112,
cpsnj14_contig_66672,46538,11,Y,N,2,*,66672,
cpsnj14_contig_69191,46468,9,Y,N,1,*,69191,
cpsnj14_contig_14368,46409,19,Y,N,3,*,14368,
cpsnj14_contig_4050,46032,6,Y,Y,2,*,4050,
cpsnj14_contig_69277,45971,5,Y,Y,1,*,69277,
cpsnj14_contig_69130,45769,24,Y,N,4,*,69130,
cpsnj14_contig_69034,45653,7,Y,N,1,*,69034,
cpsnj14_contig_69356,45465,4,Y,N,1,*,69356,
cpsnj14_contig_26474,45359,5,Y,Y,2,272,26474,
cpsnj14_contig_19933,44810,6,Y,N,1,*,19933,
cpsnj14_contig_66784,44558,4,Y,N,1,*,66784,
cpsnj14_contig_53870,44452,5,Y,N,1,*,53870,
cpsnj14_contig_68384,44183,10,Y,N,1,*,68384,
cpsnj14_contig_59452,44131,7,Y,N,1,*,59452,
cpsnj14_contig_68141,44103,7,Y,N,1,*,68141,
cpsnj14_contig_69359,43989,12,Y,N,1,*,69359,
cpsnj14_contig_68690,43982,5,Y,N,1,*,68690,
cpsnj14_contig_67236,43861,6,Y,N,1,*,67236,
cpsnj14_contig_68398,43835,9,Y,N,2,*,68398,
cpsnj14_contig_69221,43834,8,Y,N,1,*,69221,
cpsnj14_contig_68656,43649,15,Y,N,2,*,68656,
cpsnj14_contig_69382,43229,3,Y,N,1,*,69382,
cpsnj14_contig_67355,43118,4,Y,N,1,*,67355,
cpsnj14_contig_64650,42853,5,Y,N,1,*,64650,
cpsnj14_contig_69336,42845,7,Y,N,1,*,69336,
cpsnj14_contig_68494,42831,3,Y,Y,1,*,68494,
cpsnj14_contig_13366,42760,10,Y,N,1,*,13366,
cpsnj14_contig_69341,42566,5,Y,N,1,*,69341,
cpsnj14_contig_67561,42439,12,Y,N,2,*,67561,
cpsnj14_contig_68772,42390,20,Y,N,4,*,68772,
cpsnj14_contig_69385,42387,12,Y,N,2,*,69385,
cpsnj14_contig_69305,42380,11,Y,N,2,*,69305,
cpsnj14_contig_69262,42150,4,Y,Y,1,*,69262,
cpsnj14_contig_68743,42054,28,Y,N,5,*,68743,
cpsnj14_contig_69230,41927,5,Y,N,1,*,69230,
cpsnj14_contig_69121,41911,5,Y,N,1,*,69121,
cpsnj14_contig_64882,41868,5,Y,N,1,*,64882,
cpsnj14_contig_69297,41838,9,Y,N,1,*,69297,
cpsnj14_contig_6840,41804,24,Y,N,4,*,6840,
cpsnj14_contig_66632,41773,5,Y,N,1,*,66632,
cpsnj14_contig_39021,41655,19,Y,N,2,*,39021,
cpsnj14_contig_68521,41582,8,Y,N,1,*,68521,
cpsnj14_contig_69092,41524,5,Y,N,1,*,69092,
cpsnj14_contig_69389,41430,5,Y,N,1,*,69389,
cpsnj14_contig_69231,41303,5,Y,N,1,*,69231,
cpsnj14_contig_69353,41250,4,Y,N,1,*,69353,
cpsnj14_contig_6841,41142,4,Y,N,1,*,6841,
cpsnj14_contig_67577,40958,3,Y,Y,1,*,67577,
cpsnj14_contig_19849,40693,22,Y,N,4,*,19849,
cpsnj14_contig_25845,40683,20,Y,Y,4,264,25845,
cpsnj14_contig_65094,40571,4,Y,N,1,*,65094,
cpsnj14_contig_68921,40549,14,Y,N,2,*,68921,
cpsnj14_contig_68931,40481,6,Y,N,1,*,68931,
cpsnj14_contig_64948,40207,6,Y,N,1,*,64948,
cpsnj14_contig_69333,40072,8,Y,N,1,*,69333,
cpsnj14_contig_69370,39844,5,Y,N,1,*,69370,
cpsnj14_contig_42039,39789,18,Y,N,2,*,42039,
cpsnj14_contig_26314,39705,4,Y,Y,1,270,26314,
cpsnj14_contig_68518,39570,6,Y,N,1,*,68518,
cpsnj14_contig_2851,39479,3,Y,N,1,*,2851,
cpsnj14_contig_68798,39370,7,Y,N,1,*,68798,
cpsnj14_contig_64710,39317,5,Y,N,1,*,64710,
cpsnj14_contig_68925,39270,6,Y,N,1,*,68925,
cpsnj14_contig_68948,39213,6,Y,N,1,*,68948,
cpsnj14_contig_68299,39210,3,Y,N,1,*,68299,
cpsnj14_contig_60187,39067,7,Y,N,1,*,60187,
cpsnj14_contig_64562,38992,15,Y,N,3,*,64562,
cpsnj14_contig_20708,38785,17,Y,N,3,*,20708,
cpsnj14_contig_24375,38632,11,Y,N,1,*,24375,
cpsnj14_contig_17467,38505,3,Y,Y,1,186,17467,
cpsnj14_contig_69032,38430,7,Y,N,1,*,69032,
cpsnj14_contig_69311,38418,20,Y,N,3,*,69311,
cpsnj14_contig_69151,38301,7,Y,N,1,*,69151,
cpsnj14_contig_65788,37792,10,Y,N,2,*,65788,
cpsnj14_contig_65084,37504,9,Y,N,1,*,65084,
cpsnj14_contig_69314,37313,10,Y,N,1,*,69314,
cpsnj14_contig_69120,37168,4,Y,N,1,*,69120,
cpsnj14_contig_65238,37007,3,Y,Y,1,*,65238,
cpsnj14_contig_68687,36811,6,Y,N,1,*,68687,
cpsnj14_contig_21899,36786,7,Y,Y,1,224,21899,
cpsnj14_contig_41451,35910,11,Y,N,1,*,41451,
cpsnj14_contig_65337,35647,9,Y,Y,1,460,65337,
cpsnj14_contig_12569,34736,8,Y,N,1,*,12569,
cpsnj14_contig_69150,34723,6,Y,N,1,*,69150,
cpsnj14_contig_68962,33762,12,Y,N,2,*,68962,
cpsnj14_contig_64665,33401,8,Y,N,1,*,64665,
cpsnj14_contig_69176,32557,18,Y,N,2,*,69176,
cpsnj14_contig_68781,32206,13,Y,N,2,*,68781,
cpsnj14_contig_69169,31867,6,Y,Y,2,*,69169,
cpsnj14_contig_43223,31659,5,Y,Y,1,400,43223,
cpsnj14_contig_68864,31462,5,Y,N,1,*,68864,
cpsnj14_contig_39267,31170,6,Y,Y,1,368,39267,
cpsnj14_contig_2390,30289,3,Y,Y,1,24,2390,
cpsnj14_contig_54221,30147,4,Y,Y,1,436,54221,
cpsnj14_contig_69331,30105,32,Y,N,6,*,69331,
cpsnj14_contig_22520,30001,4,Y,Y,1,232,22520,
cpsnj14_contig_51838,29941,4,Y,N,1,*,51838,
cpsnj14_contig_2686,28777,44,Y,Y,8,6204,2686,
cpsnj14_contig_64567,28586,5,Y,N,1,*,64567,
cpsnj14_contig_27837,28253,5,Y,Y,1,282,27837,
cpsnj14_contig_34913,27378,3,Y,Y,1,8408,34913,
cpsnj14_contig_69043,27318,15,Y,N,1,*,69043,
cpsnj14_contig_23408,26452,3,Y,Y,1,7952,23408,
cpsnj14_contig_19043,26365,6,Y,N,1,*,19043,
cpsnj14_contig_68836,26011,5,Y,N,1,*,68836,
cpsnj14_contig_11268,25978,6,Y,N,1,*,11268,
cpsnj14_contig_29686,25861,3,Y,Y,1,300,29686,
cpsnj14_contig_25237,25570,8,Y,Y,1,260,25237,
cpsnj14_contig_65956,25365,13,Y,Y,2,472,65956,
cpsnj14_contig_68918,25329,4,Y,N,1,*,68918,
cpsnj14_contig_69190,25165,13,Y,N,2,*,69190,
cpsnj14_contig_16241,24431,3,Y,Y,1,162,16241,
cpsnj14_contig_69189,24167,59,Y,N,11,*,69189,
cpsnj14_contig_67562,23872,3,Y,Y,1,*,67562,
cpsnj14_contig_22155,23631,3,Y,Y,1,226,22155,
cpsnj14_contig_65635,23503,10,Y,N,2,*,65635,
cpsnj14_contig_69100,23262,7,Y,N,1,*,69100,
cpsnj14_contig_68895,23253,10,Y,N,2,*,68895,
cpsnj14_contig_67328,23130,5,Y,N,1,*,67328,
cpsnj14_contig_66351,22922,4,Y,Y,2,478,66351,
cpsnj14_contig_23582,22845,3,Y,Y,1,7974,23582,
cpsnj14_contig_17388,22459,4,Y,Y,1,182,17388,
cpsnj14_contig_34878,22418,9,Y,Y,1,8404,34878,
cpsnj14_contig_18793,22178,27,Y,Y,4,7690,18793,
cpsnj14_contig_15548,20390,3,Y,Y,1,*,15548,
cpsnj14_contig_68519,19063,9,Y,N,1,*,68519,
cpsnj14_contig_31719,19053,3,Y,Y,1,320,31719,
cpsnj14_contig_69386,18893,7,Y,N,1,*,69386,
cpsnj14_contig_68788,18055,17,Y,N,2,*,68788,
cpsnj14_contig_7175,17566,3,Y,Y,1,80,7175,
cpsnj14_contig_27039,17091,4,Y,Y,2,278,27039,
cpsnj14_contig_41857,16685,3,Y,Y,1,386,41857,
cpsnj14_contig_47531,16125,14,Y,N,2,*,47531,
cpsnj14_contig_67814,16091,4,Y,Y,4,514,67814,
cpsnj14_contig_54455,14156,5,Y,N,1,*,54455,
cpsnj14_contig_29145,13814,4,Y,Y,1,294,29145,
cpsnj14_contig_69080,13771,5,Y,N,1,*,69080,
cpsnj14_contig_2077,13451,14,Y,Y,3,20,2077,
cpsnj14_contig_54227,13211,3,Y,N,1,*,54227,
cpsnj14_contig_67864,13095,6,Y,N,1,*,67864,
cpsnj14_contig_68844,12441,68,Y,Y,12,*,68844,
cpsnj14_contig_4744,12183,3,Y,Y,1,8966,4744,
cpsnj14_contig_37846,12144,6,Y,Y,1,7642,37846,
cpsnj14_contig_24370,12097,6,Y,Y,2,6518,24370,
cpsnj14_contig_9066,12063,37,Y,N,7,*,9066,
cpsnj14_contig_24103,10986,10,Y,Y,2,8012,24103,
cpsnj14_contig_15047,10769,10,Y,Y,2,7276,15047,
cpsnj14_contig_37266,10599,4,Y,Y,1,350,37266,
cpsnj14_contig_69325,10329,11,Y,N,2,*,69325,
cpsnj14_contig_42883,10191,6,Y,Y,1,8610,42883,
cpsnj14_contig_28512,10135,5,Y,Y,1,11594,28512,
cpsnj14_contig_49249,9996,3,Y,Y,1,5954,49249,
cpsnj14_contig_24397,9964,7,Y,Y,1,8026,24397,
cpsnj14_contig_30437,9791,6,Y,Y,1,8254,30437,
cpsnj14_contig_15257,9595,10,Y,Y,2,8852,15257,
cpsnj14_contig_39757,9588,3,Y,Y,1,372,39757,
cpsnj14_contig_8567,9278,3,Y,Y,1,100,8567,
cpsnj14_contig_17543,9095,3,Y,Y,1,9174,17543,
cpsnj14_contig_53896,8951,5,Y,Y,1,8132,53896,
cpsnj14_contig_16886,8898,3,Y,Y,1,7542,16886,
cpsnj14_contig_67029,8666,7,Y,N,1,*,67029,
cpsnj14_contig_4865,8603,3,Y,Y,1,58,4865,
cpsnj14_contig_42980,7949,3,Y,Y,1,9348,42980,
cpsnj14_contig_2266,7311,4,Y,Y,1,6146,2266,
cpsnj14_contig_48200,6980,16,Y,N,2,*,48200,
cpsnj14_contig_67675,6300,5,Y,N,1,*,67675,
cpsnj14_contig_4700,6131,3,Y,Y,1,56,4700,
cpsnj14_contig_30612,6006,5,Y,N,1,*,30612,
cpsnj14_contig_55364,5819,7,Y,Y,1,7998,55364,
cpsnj14_contig_39451,5745,12,Y,N,2,*,39451,
cpsnj14_contig_66576,5694,4,Y,Y,1,7704,66576,
cpsnj14_contig_65292,5496,3,Y,Y,1,9000,65292,
cpsnj14_contig_66700,4530,7,Y,Y,1,7756,66700,
cpsnj14_contig_39717,4479,6,Y,Y,1,8326,39717,
cpsnj14_contig_42582,2891,3,Y,Y,1,7912,42582,
cpsnj14_contig_8550,2490,22,Y,Y,4,6882,8550,
cpsnj14_contig_64652,2319,3,Y,Y,1,444,64652,
cpsnj14_contig_3046,2314,3,Y,Y,1,6268,3046,
cpsnj14_contig_17145,2104,3,Y,Y,1,11456,17145,
cpsnj14_contig_23304,1598,3,Y,Y,1,8628,23304,
cpsnj14_contig_5508,918,9,Y,Y,1,6564,5508,
cpsnj14_contig_15069,906,11,Y,Y,2,5952,15069,
cpsnj14_contig_20849,786,3,Y,Y,1,7794,20849,
cpsnj14_contig_6191,749,9,Y,Y,1,8988,6191,
cpsnj14_contig_37242,702,81,Y,Y,15,*,37242,
cpsnj14_contig_63625,701,3,Y,Y,1,*,63625,
cpsnj14_contig_395,676,4,Y,Y,1,5932,395,
cpsnj14_contig_42836,652,22,Y,Y,4,*,42836,
cpsnj14_contig_3831,642,5,Y,Y,1,6384,3831,
cpsnj15_contig_25612,185143,17,Y,N,4,*,25612,
cpsnj15_contig_67157,139530,3,Y,N,1,*,67157,
cpsnj15_contig_60910,108395,7,Y,N,1,*,60910,
cpsnj15_contig_74316,97154,3,Y,N,1,*,74316,
cpsnj15_contig_76051,71045,11,Y,N,3,*,76051,
cpsnj15_contig_73636,64788,7,Y,N,2,*,73636,
cpsnj15_contig_76199,62817,4,Y,N,1,*,76199,
cpsnj15_contig_76134,61699,6,Y,N,1,*,76134,
cpsnj15_contig_76163,57389,7,Y,N,2,*,76163,
cpsnj15_contig_76088,56719,5,Y,N,1,*,76088,
cpsnj15_contig_20094,55068,8,Y,N,2,*,20094,
cpsnj15_contig_26345,54749,19,Y,N,4,*,26345,
cpsnj15_contig_26346,54626,21,Y,N,5,*,26346,
cpsnj15_contig_9193,54269,9,Y,N,1,*,9193,
cpsnj15_contig_76324,51092,11,Y,N,2,*,76324,
cpsnj15_contig_63417,49090,3,Y,Y,1,*,63417,
cpsnj15_contig_67001,45815,4,Y,Y,2,*,67001,
cpsnj15_contig_76309,45372,3,Y,Y,1,*,76309,
cpsnj15_contig_76253,41149,5,Y,N,1,*,76253,
cpsnj15_contig_76252,40357,7,Y,N,1,*,76252,
cpsnj15_contig_76307,40016,8,Y,N,2,*,76307,
cpsnj15_contig_44434,39273,4,Y,N,1,*,44434,
cpsnj15_contig_76057,36940,14,Y,N,3,*,76057,
cpsnj15_contig_76091,36846,15,Y,N,4,*,76091,
cpsnj15_contig_76339,36415,8,Y,N,2,*,76339,
cpsnj15_contig_75444,36384,6,Y,N,1,*,75444,
cpsnj15_contig_76325,35280,8,Y,N,2,*,76325,
cpsnj15_contig_74798,32336,5,Y,Y,2,*,74798,
cpsnj15_contig_78,27641,5,Y,Y,1,*,78,
cpsnj15_contig_73044,26728,4,Y,N,1,*,73044,
cpsnj15_contig_65023,21253,3,Y,Y,1,3346,65023,
cpsnj15_contig_73179,20784,3,Y,Y,1,146,73179,
cpsnj15_contig_34594,17795,3,Y,Y,1,3058,34594,
cpsnj15_contig_74008,17794,3,Y,Y,1,*,74008,
cpsnj15_contig_75927,17396,4,Y,N,1,*,75927,
cpsnj15_contig_76304,17092,9,Y,N,2,*,76304,
cpsnj15_contig_14706,16968,3,Y,Y,1,3286,14706,
cpsnj15_contig_33941,16953,9,Y,Y,3,*,33941,
cpsnj15_contig_40836,16894,8,Y,N,1,*,40836,
cpsnj15_contig_73656,16521,17,Y,N,4,*,73656,
cpsnj15_contig_32687,16129,6,Y,N,1,*,32687,
cpsnj15_contig_74952,15726,10,Y,N,2,*,74952,
cpsnj15_contig_75836,14796,9,Y,N,2,*,75836,
cpsnj15_contig_74451,14713,4,Y,N,1,*,74451,
cpsnj15_contig_4337,14695,5,Y,Y,1,3780,4337,
cpsnj15_contig_72909,12108,16,Y,N,3,*,72909,
cpsnj15_contig_19357,11591,12,Y,Y,2,3404,19357,
cpsnj15_contig_69999,11153,7,Y,N,1,*,69999,
cpsnj15_contig_65143,9957,3,Y,Y,1,3164,65143,
cpsnj15_contig_26483,9024,6,Y,N,1,*,26483,
cpsnj15_contig_50248,8426,4,Y,Y,1,3868,50248,
cpsnj15_contig_22345,7752,5,Y,Y,1,3338,22345,
cpsnj15_contig_48880,7356,3,Y,Y,1,4700,48880,
cpsnj15_contig_74939,7254,8,Y,N,2,*,74939,
cpsnj15_contig_47902,7043,3,Y,Y,1,3778,47902,
cpsnj15_contig_68586,7028,9,Y,N,2,*,68586,
cpsnj15_contig_60134,7009,8,Y,N,1,*,60134,
cpsnj15_contig_75935,6756,8,Y,N,2,*,75935,
cpsnj15_contig_70676,6468,7,Y,N,2,*,70676,
cpsnj15_contig_18612,6387,4,Y,Y,1,3386,18612,
cpsnj15_contig_75931,6382,6,Y,N,1,*,75931,
cpsnj15_contig_2261,6260,3,Y,Y,1,3764,2261,
cpsnj15_contig_73877,5853,20,Y,N,4,*,73877,
cpsnj15_contig_76319,5830,9,Y,N,1,*,76319,
cpsnj15_contig_2152,5490,19,Y,Y,4,*,2152,
cpsnj15_contig_74156,5431,4,Y,N,1,*,74156,
cpsnj15_contig_59770,5210,5,Y,N,1,*,59770,
cpsnj15_contig_51381,5139,5,Y,N,1,*,51381,
cpsnj15_contig_47603,4977,5,Y,Y,1,*,47603,
cpsnj15_contig_75847,4968,6,Y,Y,1,*,75847,
cpsnj15_contig_75005,4802,8,Y,Y,1,*,75005,
cpsnj15_contig_65981,4708,20,Y,Y,5,*,65981,
cpsnj15_contig_57833,4535,20,Y,Y,4,*,57833,
cpsnj15_contig_74432,4513,5,Y,Y,1,*,74432,
cpsnj15_contig_25158,4437,6,Y,Y,1,*,25158,
cpsnj15_contig_75014,3451,3,Y,Y,1,3570,75014,
cpsnj15_contig_1221,3146,19,Y,Y,5,*,1221,
cpsnj15_contig_73287,2713,7,Y,Y,1,2946,73287,
cpsnj15_contig_48081,1462,22,Y,Y,5,*,48081,
cpsnj15_contig_5097,823,13,Y,Y,6,20,5097,
cpsnj15_contig_41925,648,123,Y,Y,30,*,41925,
cpsnj15_contig_18464,625,4,Y,Y,1,3380,18464,
cpsnj15_contig_51081,395,3,Y,Y,1,3724,51081,
cpsnj16_contig_51993,107967,9,Y,N,2,*,51993,
cpsnj16_contig_49800,106466,34,Y,N,6,*,49800,
cpsnj16_contig_52001,95618,19,Y,N,3,*,52001,
cpsnj16_contig_50525,75962,5,Y,N,1,*,50525,
cpsnj16_contig_51976,75181,7,Y,N,1,*,51976,
cpsnj16_contig_51010,72704,17,Y,N,3,*,51010,
cpsnj16_contig_51385,71910,4,Y,N,1,*,51385,
cpsnj16_contig_23306,69542,21,Y,N,3,*,23306,
cpsnj16_contig_49786,69023,25,Y,N,5,*,49786,
cpsnj16_contig_51183,68855,15,Y,N,2,*,51183,
cpsnj16_contig_11925,67935,11,Y,N,1,*,11925,
cpsnj16_contig_51250,66945,9,Y,N,2,*,51250,
cpsnj16_contig_51910,64808,6,Y,N,1,*,51910,
cpsnj16_contig_51022,64357,5,Y,N,1,*,51022,
cpsnj16_contig_23533,64162,6,Y,N,1,*,23533,
cpsnj16_contig_51901,62665,7,Y,N,1,*,51901,
cpsnj16_contig_50867,62268,6,Y,N,1,*,50867,
cpsnj16_contig_51710,60857,19,Y,N,4,*,51710,
cpsnj16_contig_51775,58168,4,Y,N,1,*,51775,
cpsnj16_contig_51079,57806,7,Y,N,1,*,51079,
cpsnj16_contig_49584,55554,7,Y,N,1,*,49584,
cpsnj16_contig_50165,54841,169,Y,N,33,*,50165,
cpsnj16_contig_51087,52393,5,Y,N,1,*,51087,
cpsnj16_contig_36773,52188,5,Y,N,1,*,36773,
cpsnj16_contig_51208,51484,9,Y,N,2,*,51208,
cpsnj16_contig_48977,49569,10,Y,N,2,*,48977,
cpsnj16_contig_51338,49002,6,Y,N,1,*,51338,
cpsnj16_contig_48690,48658,15,Y,N,3,*,48690,
cpsnj16_contig_36065,48657,47,Y,N,9,*,36065,
cpsnj16_contig_50126,48647,12,Y,N,2,*,50126,
cpsnj16_contig_48979,48592,11,Y,N,2,*,48979,
cpsnj16_contig_51111,48579,19,Y,N,3,*,51111,
cpsnj16_contig_52019,48365,4,Y,N,1,*,52019,
cpsnj16_contig_50689,48256,28,Y,N,5,*,50689,
cpsnj16_contig_51573,48208,32,Y,N,6,*,51573,
cpsnj16_contig_51996,48096,13,Y,N,2,*,51996,
cpsnj16_contig_51823,48059,10,Y,N,1,*,51823,
cpsnj16_contig_8867,48018,15,Y,N,2,*,8867,
cpsnj16_contig_49392,47879,15,Y,N,3,*,49392,
cpsnj16_contig_51962,47836,5,Y,Y,1,*,51962,
cpsnj16_contig_49116,47577,17,Y,N,3,*,49116,
cpsnj16_contig_51975,47555,34,Y,N,7,*,51975,
cpsnj16_contig_49719,47150,18,Y,N,3,*,49719,
cpsnj16_contig_49918,46526,21,Y,N,4,*,49918,
cpsnj16_contig_52017,46399,7,Y,N,1,*,52017,
cpsnj16_contig_50768,46232,12,Y,N,2,*,50768,
cpsnj16_contig_51565,46088,21,Y,N,3,*,51565,
cpsnj16_contig_51958,45931,6,Y,N,1,*,51958,
cpsnj16_contig_51444,45472,5,Y,N,1,*,51444,
cpsnj16_contig_30001,45273,3,Y,Y,1,*,30001,
cpsnj16_contig_51736,45272,8,Y,N,1,*,51736,
cpsnj16_contig_50235,45144,7,Y,N,1,*,50235,
cpsnj16_contig_49631,45141,22,Y,N,3,*,49631,
cpsnj16_contig_16819,45034,6,Y,N,1,*,16819,
cpsnj16_contig_51929,44943,10,Y,N,1,*,51929,
cpsnj16_contig_51986,44776,5,Y,N,1,*,51986,
cpsnj16_contig_50435,44719,8,Y,N,1,*,50435,
cpsnj16_contig_51935,44703,8,Y,N,1,*,51935,
cpsnj16_contig_51889,44506,6,Y,N,1,*,51889,
cpsnj16_contig_29629,44275,16,Y,N,2,*,29629,
cpsnj16_contig_51788,44240,11,Y,N,2,*,51788,
cpsnj16_contig_51564,44189,10,Y,N,1,*,51564,
cpsnj16_contig_51116,44130,5,Y,N,1,*,51116,
cpsnj16_contig_14823,43899,37,Y,N,7,*,14823,
cpsnj16_contig_50710,43461,12,Y,N,2,*,50710,
cpsnj16_contig_51287,42938,11,Y,N,2,*,51287,
cpsnj16_contig_50142,42755,7,Y,N,1,*,50142,
cpsnj16_contig_49071,42387,10,Y,N,2,*,49071,
cpsnj16_contig_48982,42352,19,Y,N,3,*,48982,
cpsnj16_contig_3218,42210,17,Y,N,2,*,3218,
cpsnj16_contig_50941,41956,31,Y,N,5,*,50941,
cpsnj16_contig_50624,41858,4,Y,Y,1,*,50624,
cpsnj16_contig_49548,41693,6,Y,N,1,*,49548,
cpsnj16_contig_14517,41209,6,Y,N,1,*,14517,
cpsnj16_contig_51474,40692,14,Y,N,2,*,51474,
cpsnj16_contig_12165,40520,21,Y,N,4,*,12165,
cpsnj16_contig_51881,40490,5,Y,N,1,*,51881,
cpsnj16_contig_49826,40095,12,Y,N,2,*,49826,
cpsnj16_contig_51982,39998,6,Y,N,1,*,51982,
cpsnj16_contig_50085,39802,13,Y,N,2,*,50085,
cpsnj16_contig_12164,39764,16,Y,N,3,*,12164,
cpsnj16_contig_14759,39431,20,Y,N,3,*,14759,
cpsnj16_contig_8112,39320,7,Y,N,1,*,8112,
cpsnj16_contig_51714,39308,6,Y,N,1,*,51714,
cpsnj16_contig_24759,39190,19,Y,N,4,*,24759,
cpsnj16_contig_51855,38914,4,Y,N,1,*,51855,
cpsnj16_contig_50109,38711,10,Y,N,2,*,50109,
cpsnj16_contig_51712,38568,7,Y,N,1,*,51712,
cpsnj16_contig_51129,38534,9,Y,N,1,*,51129,
cpsnj16_contig_51995,38344,3,Y,Y,1,*,51995,
cpsnj16_contig_51456,38311,4,Y,N,1,*,51456,
cpsnj16_contig_51771,38198,3,Y,N,1,*,51771,
cpsnj16_contig_49256,38164,24,Y,N,4,*,49256,
cpsnj16_contig_50953,38154,73,Y,N,14,*,50953,
cpsnj16_contig_31224,37854,6,Y,Y,6,*,31224,
cpsnj16_contig_51150,37842,15,Y,N,3,*,51150,
cpsnj16_contig_51877,37572,9,Y,N,1,*,51877,
cpsnj16_contig_27203,37560,9,Y,N,1,*,27203,
cpsnj16_contig_52000,37413,5,Y,N,1,*,52000,
cpsnj16_contig_51182,36668,17,Y,N,3,*,51182,
cpsnj16_contig_363,36129,7,Y,N,1,*,363,
cpsnj16_contig_51720,35807,5,Y,N,1,*,51720,
cpsnj16_contig_51718,35726,11,Y,N,1,*,51718,
cpsnj16_contig_49346,35629,3,Y,Y,1,*,49346,
cpsnj16_contig_49255,35212,9,Y,N,2,*,49255,
cpsnj16_contig_14580,35062,4,Y,Y,1,*,14580,
cpsnj16_contig_50985,34666,4,Y,N,1,*,50985,
cpsnj16_contig_50956,34346,7,Y,N,1,*,50956,
cpsnj16_contig_40285,33762,9,Y,N,1,*,40285,
cpsnj16_contig_17189,31830,8,Y,N,1,*,17189,
cpsnj16_contig_30308,31820,8,Y,N,2,*,30308,
cpsnj16_contig_3953,31739,4,Y,Y,1,36,3953,
cpsnj16_contig_29539,31193,16,Y,N,2,*,29539,
cpsnj16_contig_51844,30926,9,Y,N,1,*,51844,
cpsnj16_contig_49095,30495,3,Y,N,1,*,49095,
cpsnj16_contig_15350,30277,3,Y,Y,1,124,15350,
cpsnj16_contig_49821,29981,4,Y,Y,1,288,49821,
cpsnj16_contig_50466,28914,18,Y,N,4,*,50466,
cpsnj16_contig_51770,27069,3,Y,N,1,*,51770,
cpsnj16_contig_24455,26100,15,Y,N,3,*,24455,
cpsnj16_contig_50963,26022,18,Y,N,3,*,50963,
cpsnj16_contig_51809,25506,9,Y,N,2,*,51809,
cpsnj16_contig_31334,24971,8,Y,N,1,*,31334,
cpsnj16_contig_41761,24838,4,Y,Y,2,256,41761,
cpsnj16_contig_50919,24793,8,Y,N,1,*,50919,
cpsnj16_contig_50428,23545,7,Y,N,1,*,50428,
cpsnj16_contig_51342,22760,6,Y,N,1,*,51342,
cpsnj16_contig_23030,21518,4,Y,Y,1,180,23030,
cpsnj16_contig_2222,19596,16,Y,Y,2,18,2222,
cpsnj16_contig_50736,19212,10,Y,N,1,*,50736,
cpsnj16_contig_51355,18982,20,Y,N,3,*,51355,
cpsnj16_contig_27999,18384,3,Y,Y,1,210,27999,
cpsnj16_contig_51815,18209,11,Y,N,2,*,51815,
cpsnj16_contig_48683,17837,6,Y,N,1,*,48683,
cpsnj16_contig_51693,17641,7,Y,N,1,*,51693,
cpsnj16_contig_21311,17529,13,Y,N,2,*,21311,
cpsnj16_contig_48740,17251,13,Y,N,2,*,48740,
cpsnj16_contig_8417,17100,16,Y,Y,2,72,8417,
cpsnj16_contig_51485,16709,111,Y,N,21,*,51485,
cpsnj16_contig_51192,16082,12,Y,N,2,*,51192,
cpsnj16_contig_9721,15097,7,Y,Y,1,4954,9721,
cpsnj16_contig_50832,14882,4,Y,Y,1,*,50832,
cpsnj16_contig_51741,14216,10,Y,N,2,*,51741,
cpsnj16_contig_8394,14124,6,Y,Y,1,6038,8394,
cpsnj16_contig_15851,13981,3,Y,Y,1,5606,15851,
cpsnj16_contig_50168,13845,7,Y,N,1,*,50168,
cpsnj16_contig_1881,13318,6,Y,Y,1,16,1881,
cpsnj16_contig_2835,13047,7,Y,Y,1,22,2835,
cpsnj16_contig_51998,13010,3,Y,N,1,*,51998,
cpsnj16_contig_8010,12361,4,Y,Y,1,64,8010,
cpsnj16_contig_17923,12228,6,Y,Y,1,5400,17923,
cpsnj16_contig_13311,11848,15,Y,N,2,*,13311,
cpsnj16_contig_8364,11623,16,Y,Y,2,4834,8364,
cpsnj16_contig_49883,11607,14,Y,N,2,*,49883,
cpsnj16_contig_38762,11220,4,Y,Y,1,250,38762,
cpsnj16_contig_23154,11095,3,Y,Y,1,182,23154,
cpsnj16_contig_12639,10238,4,Y,N,1,*,12639,
cpsnj16_contig_48819,9942,11,Y,N,2,*,48819,
cpsnj16_contig_21640,8910,6,Y,Y,1,4814,21640,
cpsnj16_contig_49517,8360,6,Y,Y,1,282,49517,
cpsnj16_contig_49813,7287,3,Y,Y,1,5078,49813,
cpsnj16_contig_49841,7239,5,Y,N,1,*,49841,
cpsnj16_contig_50563,6900,5,Y,Y,1,5560,50563,
cpsnj16_contig_32389,6347,16,Y,N,2,*,32389,
cpsnj16_contig_50257,4876,8,Y,Y,1,*,50257,
cpsnj16_contig_51386,4733,3,Y,Y,1,5836,51386,
cpsnj16_contig_33426,4636,6,Y,Y,1,5002,33426,
cpsnj16_contig_46507,4597,10,Y,Y,1,*,46507,
cpsnj16_contig_1698,4189,40,Y,Y,6,*,1698,
cpsnj16_contig_50967,4149,4,Y,Y,1,5580,50967,
cpsnj16_contig_1770,4002,5,Y,Y,1,4266,1770,
cpsnj16_contig_20457,2395,7,Y,Y,1,*,20457,
cpsnj16_contig_23436,870,69,Y,Y,14,*,23436,
cpsnj16_contig_27802,616,3,Y,Y,1,204,27802,
cpsnj19_contig_79110,134040,7,Y,N,1,*,79110,
cpsnj19_contig_33964,102248,3,Y,N,1,*,33964,
cpsnj19_contig_80701,89674,4,Y,N,1,*,80701,
cpsnj19_contig_11738,89595,7,Y,N,3,*,11738,
cpsnj19_contig_41786,81198,7,Y,N,1,*,41786,
cpsnj19_contig_80966,68280,11,Y,N,1,*,80966,
cpsnj19_contig_80768,62734,7,Y,N,1,*,80768,
cpsnj19_contig_77066,59978,6,Y,N,1,*,77066,
cpsnj19_contig_80972,57414,11,Y,N,2,*,80972,
cpsnj19_contig_38472,54084,3,Y,N,1,*,38472,
cpsnj19_contig_80912,53060,20,Y,N,3,*,80912,
cpsnj19_contig_45548,52500,14,Y,N,2,*,45548,
cpsnj19_contig_77013,52182,14,Y,N,2,*,77013,
cpsnj19_contig_35150,48331,6,Y,Y,1,206,35150,
cpsnj19_contig_79616,45648,28,Y,N,5,*,79616,
cpsnj19_contig_80967,43845,6,Y,N,1,*,80967,
cpsnj19_contig_80929,43490,3,Y,N,1,*,80929,
cpsnj19_contig_80829,43143,7,Y,N,1,*,80829,
cpsnj19_contig_80409,42659,11,Y,N,2,*,80409,
cpsnj19_contig_80907,42222,5,Y,N,1,*,80907,
cpsnj19_contig_78401,41129,11,Y,N,1,*,78401,
cpsnj19_contig_80858,39654,3,Y,N,1,*,80858,
cpsnj19_contig_80040,39495,5,Y,N,1,*,80040,
cpsnj19_contig_77255,39324,8,Y,N,1,*,77255,
cpsnj19_contig_7013,38952,29,Y,N,6,*,7013,
cpsnj19_contig_80710,38790,7,Y,N,1,*,80710,
cpsnj19_contig_49816,37036,11,Y,Y,3,244,49816,
cpsnj19_contig_62021,34873,3,Y,Y,1,280,62021,
cpsnj19_contig_1935,34365,8,Y,Y,1,18,1935,
cpsnj19_contig_80976,34256,7,Y,Y,2,*,80976,
cpsnj19_contig_59732,33748,5,Y,N,1,*,59732,
cpsnj19_contig_79871,33191,12,Y,N,2,*,79871,
cpsnj19_contig_78595,33143,6,Y,N,1,*,78595,
cpsnj19_contig_32080,33069,9,Y,Y,1,184,32080,
cpsnj19_contig_1938,30552,8,Y,Y,1,20,1938,
cpsnj19_contig_76393,28440,28,Y,N,5,*,76393,
cpsnj19_contig_58256,27760,7,Y,Y,1,6642,58256,
cpsnj19_contig_76676,27483,12,Y,N,1,*,76676,
cpsnj19_contig_80218,26784,3,Y,N,1,*,80218,
cpsnj19_contig_40111,26201,3,Y,Y,1,220,40111,
cpsnj19_contig_77662,23938,5,Y,Y,1,318,77662,
cpsnj19_contig_24517,23792,3,Y,Y,1,156,24517,
cpsnj19_contig_8884,23091,10,Y,Y,2,68,8884,
cpsnj19_contig_20283,21401,13,Y,Y,2,5222,20283,
cpsnj19_contig_25386,21072,9,Y,Y,1,158,25386,
cpsnj19_contig_32901,20711,3,Y,Y,1,196,32901,
cpsnj19_contig_79603,19876,3,Y,Y,1,358,79603,
cpsnj19_contig_36810,19812,16,Y,Y,3,5908,36810,
cpsnj19_contig_80891,19140,7,Y,N,1,*,80891,
cpsnj19_contig_806,18882,3,Y,Y,1,14,806,
cpsnj19_contig_27989,18734,8,Y,Y,1,5682,27989,
cpsnj19_contig_54537,18515,3,Y,Y,1,266,54537,
cpsnj19_contig_9576,18495,3,Y,Y,1,74,9576,
cpsnj19_contig_80793,18293,17,Y,N,2,*,80793,
cpsnj19_contig_20953,18228,5,Y,Y,1,5446,20953,
cpsnj19_contig_40656,18187,18,Y,N,3,*,40656,
cpsnj19_contig_79945,18100,3,Y,N,1,*,79945,
cpsnj19_contig_16245,17644,3,Y,Y,1,112,16245,
cpsnj19_contig_19455,17378,3,Y,Y,1,122,19455,
cpsnj19_contig_79947,17272,3,Y,Y,1,*,79947,
cpsnj19_contig_80979,16152,15,Y,N,2,*,80979,
cpsnj19_contig_17568,15922,5,Y,Y,1,5286,17568,
cpsnj19_contig_33644,14951,6,Y,Y,1,200,33644,
cpsnj19_contig_45596,14927,12,Y,Y,2,4858,45596,
cpsnj19_contig_21428,13470,3,Y,Y,1,136,21428,
cpsnj19_contig_77400,13453,12,Y,N,2,*,77400,
cpsnj19_contig_7288,13288,4,Y,Y,1,5184,7288,
cpsnj19_contig_7796,12832,23,Y,Y,4,58,7796,
cpsnj19_contig_32936,12154,9,Y,Y,1,6290,32936,
cpsnj19_contig_49845,11490,7,Y,Y,1,6572,49845,
cpsnj19_contig_34037,10591,5,Y,Y,2,202,34037,
cpsnj19_contig_50639,10329,4,Y,Y,1,260,50639,
cpsnj19_contig_48129,10260,4,Y,Y,1,4960,48129,
cpsnj19_contig_9437,10197,3,Y,Y,1,5294,9437,
cpsnj19_contig_10369,9616,7,Y,Y,1,82,10369,
cpsnj19_contig_30274,9403,4,Y,Y,1,6894,30274,
cpsnj19_contig_18894,9156,4,Y,Y,1,6202,18894,
cpsnj19_contig_71508,9054,3,Y,Y,1,4836,71508,
cpsnj19_contig_80977,8839,13,Y,N,1,*,80977,
cpsnj19_contig_25315,8343,25,Y,Y,4,8394,25315,
cpsnj19_contig_30231,8068,4,Y,N,1,*,30231,
cpsnj19_contig_79314,7561,6,Y,Y,2,*,79314,
cpsnj19_contig_80983,7494,7,Y,N,1,*,80983,
cpsnj19_contig_2913,7199,6,Y,Y,1,6734,2913,
cpsnj19_contig_64096,7130,4,Y,Y,1,7490,64096,
cpsnj19_contig_33419,6952,20,Y,N,4,*,33419,
cpsnj19_contig_77675,6836,6,Y,Y,1,5558,77675,
cpsnj19_contig_37338,6620,18,Y,N,3,*,37338,
cpsnj19_contig_28060,6304,7,Y,Y,2,*,28060,
cpsnj19_contig_18675,6060,8,Y,N,1,*,18675,
cpsnj19_contig_28243,6025,5,Y,N,1,*,28243,
cpsnj19_contig_20341,5945,6,Y,N,1,*,20341,
cpsnj19_contig_73088,5855,19,Y,N,4,*,73088,
cpsnj19_contig_79800,5802,7,Y,Y,1,4628,79800,
cpsnj19_contig_65742,5675,9,Y,Y,1,6272,65742,
cpsnj19_contig_10245,5658,3,Y,Y,1,5518,10245,
cpsnj19_contig_48458,5518,10,Y,N,2,*,48458,
cpsnj19_contig_72478,5472,17,Y,N,3,*,72478,
cpsnj19_contig_8271,5445,6,Y,N,1,*,8271,
cpsnj19_contig_76397,5173,4,Y,Y,1,4594,76397,
cpsnj19_contig_55057,4863,4,Y,Y,1,*,55057,
cpsnj19_contig_6462,4746,10,Y,Y,1,*,6462,
cpsnj19_contig_39866,4643,8,Y,Y,1,*,39866,
cpsnj19_contig_34237,4291,4,Y,Y,1,6318,34237,
cpsnj19_contig_13995,3264,9,Y,Y,1,5330,13995,
cpsnj19_contig_19931,2599,3,Y,Y,1,6880,19931,
cpsnj19_contig_1732,2540,18,Y,Y,2,6716,1732,
cpsnj19_contig_78858,2510,6,Y,Y,1,6124,78858,
cpsnj19_contig_76673,2184,3,Y,Y,1,4826,76673,
cpsnj19_contig_8637,1210,18,Y,Y,3,5252,8637,
cpsnj19_contig_77014,1142,15,Y,Y,2,5110,77014,
cpsnj19_contig_33649,936,7,Y,Y,1,*,33649,
cpsnj19_contig_12140,756,177,Y,Y,35,*,12140,
cpsnj19_contig_43187,743,87,Y,Y,17,*,43187,
cpsnj19_contig_17059,581,3,Y,Y,1,114,17059,
cpsnj20_contig_52684,210762,7,Y,N,1,*,52684,
cpsnj20_contig_55115,101176,8,Y,N,1,*,55115,
cpsnj20_contig_36694,100767,4,Y,N,1,*,36694,
cpsnj20_contig_7678,98539,5,Y,N,1,*,7678,
cpsnj20_contig_30480,93426,5,Y,N,1,*,30480,
cpsnj20_contig_55858,82827,12,Y,N,2,*,55858,
cpsnj20_contig_12030,71994,22,Y,N,3,*,12030,
cpsnj20_contig_15466,68279,9,Y,N,1,*,15466,
cpsnj20_contig_56285,67936,28,Y,N,5,*,56285,
cpsnj20_contig_55555,65163,7,Y,N,1,*,55555,
cpsnj20_contig_56051,63346,6,Y,N,1,*,56051,
cpsnj20_contig_55018,61912,9,Y,N,1,*,55018,
cpsnj20_contig_54587,56091,5,Y,N,1,*,54587,
cpsnj20_contig_56202,55849,15,Y,N,3,*,56202,
cpsnj20_contig_55472,55364,15,Y,N,2,*,55472,
cpsnj20_contig_55231,50081,4,Y,N,1,*,55231,
cpsnj20_contig_55692,49185,9,Y,N,2,*,55692,
cpsnj20_contig_55905,49077,7,Y,N,1,*,55905,
cpsnj20_contig_54924,49036,8,Y,N,1,*,54924,
cpsnj20_contig_56179,48612,3,Y,Y,1,*,56179,
cpsnj20_contig_54644,48506,4,Y,N,1,*,54644,
cpsnj20_contig_35089,46764,3,Y,Y,1,154,35089,
cpsnj20_contig_54990,45059,4,Y,N,1,*,54990,
cpsnj20_contig_56145,44923,4,Y,N,1,*,56145,
cpsnj20_contig_55916,44634,4,Y,N,1,*,55916,
cpsnj20_contig_53793,43884,7,Y,N,1,*,53793,
cpsnj20_contig_56259,43792,4,Y,N,1,*,56259,
cpsnj20_contig_22494,43225,38,Y,N,6,*,22494,
cpsnj20_contig_56003,42937,8,Y,N,1,*,56003,
cpsnj20_contig_55833,42923,6,Y,N,1,*,55833,
cpsnj20_contig_54856,42629,3,Y,N,1,*,54856,
cpsnj20_contig_55929,42518,47,Y,N,8,*,55929,
cpsnj20_contig_56284,42505,19,Y,N,3,*,56284,
cpsnj20_contig_1086,41358,6,Y,Y,1,6,1086,
cpsnj20_contig_56208,41181,3,Y,Y,1,*,56208,
cpsnj20_contig_56280,40663,14,Y,N,2,*,56280,
cpsnj20_contig_53580,39682,6,Y,N,1,*,53580,
cpsnj20_contig_56153,38976,5,Y,N,1,*,56153,
cpsnj20_contig_26495,38833,7,Y,Y,1,126,26495,
cpsnj20_contig_54132,38815,7,Y,Y,1,186,54132,
cpsnj20_contig_55740,38508,5,Y,N,1,*,55740,
cpsnj20_contig_17113,36881,4,Y,Y,1,84,17113,
cpsnj20_contig_26077,35503,3,Y,Y,1,122,26077,
cpsnj20_contig_53661,34838,3,Y,N,1,*,53661,
cpsnj20_contig_56222,34546,9,Y,N,1,*,56222,
cpsnj20_contig_56283,33217,3,Y,N,1,*,56283,
cpsnj20_contig_40632,32957,12,Y,N,1,*,40632,
cpsnj20_contig_40902,32923,4,Y,Y,1,168,40902,
cpsnj20_contig_27575,31788,3,Y,Y,1,132,27575,
cpsnj20_contig_13682,31769,4,Y,Y,1,74,13682,
cpsnj20_contig_6498,28192,3,Y,Y,1,38,6498,
cpsnj20_contig_6066,27224,3,Y,Y,1,34,6066,
cpsnj20_contig_4398,26911,4,Y,Y,1,24,4398,
cpsnj20_contig_4882,24478,4,Y,Y,1,3712,4882,
cpsnj20_contig_32259,24312,5,Y,Y,1,*,32259,
cpsnj20_contig_54952,24299,5,Y,N,1,*,54952,
cpsnj20_contig_54147,23214,4,Y,Y,1,188,54147,
cpsnj20_contig_55821,22222,7,Y,N,1,*,55821,
cpsnj20_contig_56248,21360,7,Y,N,1,*,56248,
cpsnj20_contig_20604,20312,3,Y,Y,1,*,20604,
cpsnj20_contig_22354,19505,3,Y,Y,1,104,22354,
cpsnj20_contig_25067,19282,3,Y,Y,1,118,25067,
cpsnj20_contig_21779,17489,10,Y,N,1,*,21779,
cpsnj20_contig_24777,15673,13,Y,Y,2,2786,24777,
cpsnj20_contig_13511,14567,10,Y,Y,1,3238,13511,
cpsnj20_contig_4826,13505,11,Y,Y,1,2902,4826,
cpsnj20_contig_30734,13038,5,Y,Y,1,2722,30734,
cpsnj20_contig_3775,12834,5,Y,Y,1,3624,3775,
cpsnj20_contig_32260,12647,14,Y,Y,2,2690,32260,
cpsnj20_contig_2048,11889,3,Y,Y,1,2732,2048,
cpsnj20_contig_17325,11602,3,Y,Y,1,3294,17325,
cpsnj20_contig_56007,11312,10,Y,N,1,*,56007,
cpsnj20_contig_46231,11098,4,Y,N,1,*,46231,
cpsnj20_contig_56193,10974,23,Y,N,4,*,56193,
cpsnj20_contig_44466,10248,4,Y,Y,1,3146,44466,
cpsnj20_contig_10954,9769,11,Y,Y,2,3204,10954,
cpsnj20_contig_24865,9683,5,Y,Y,1,2658,24865,
cpsnj20_contig_12312,8659,8,Y,Y,2,2984,12312,
cpsnj20_contig_12747,8389,12,Y,Y,2,3274,12747,
cpsnj20_contig_55359,7911,6,Y,N,1,*,55359,
cpsnj20_contig_4039,7823,12,Y,N,2,*,4039,
cpsnj20_contig_55756,7800,7,Y,N,1,*,55756,
cpsnj20_contig_55828,7566,19,Y,N,3,*,55828,
cpsnj20_contig_734,7461,4,Y,N,1,*,734,
cpsnj20_contig_56164,6686,4,Y,N,1,*,56164,
cpsnj20_contig_56182,6461,7,Y,N,1,*,56182,
cpsnj20_contig_41438,5029,6,Y,Y,1,*,41438,
cpsnj20_contig_24127,4890,7,Y,Y,1,*,24127,
cpsnj20_contig_31749,4889,7,Y,Y,1,*,31749,
cpsnj20_contig_33917,3795,3,Y,Y,1,3776,33917,
cpsnj20_contig_54899,1468,3,Y,Y,1,2710,54899,
cpsnj20_contig_9514,710,5,Y,Y,1,3136,9514,
cpsnj20_contig_2698,676,15,Y,Y,2,14,2698,
cpsnj20_contig_9512,636,3,Y,Y,1,48,9512,
cpsnj20_contig_52092,624,50,Y,Y,10,*,52092,
sample10_contig_5912,106638,15,Y,N,2,*,5912,
sample10_contig_93098,92264,6,Y,N,1,*,93098,
sample10_contig_34041,83796,5,Y,N,1,*,34041,
sample10_contig_92988,83443,6,Y,N,1,*,92988,
sample10_contig_93091,74695,8,Y,N,1,*,93091,
sample10_contig_91159,73720,7,Y,N,1,*,91159,
sample10_contig_92967,73151,5,Y,N,1,*,92967,
sample10_contig_26875,73020,21,Y,N,3,*,26875,
sample10_contig_93383,72738,6,Y,N,1,*,93383,
sample10_contig_93367,67361,5,Y,N,1,*,93367,
sample10_contig_92863,64573,6,Y,N,1,*,92863,
sample10_contig_92172,62746,27,Y,N,4,*,92172,
sample10_contig_18180,60839,6,Y,N,1,*,18180,
sample10_contig_7232,58045,9,Y,N,1,*,7232,
sample10_contig_92546,55439,9,Y,N,1,*,92546,
sample10_contig_7231,54048,8,Y,N,1,*,7231,
sample10_contig_92490,49432,4,Y,N,1,*,92490,
sample10_contig_93226,49336,9,Y,N,1,*,93226,
sample10_contig_64941,49316,12,Y,N,1,*,64941,
sample10_contig_80806,49215,26,Y,N,4,*,80806,
sample10_contig_93288,49050,15,Y,N,2,*,93288,
sample10_contig_91692,49009,28,Y,N,4,*,91692,
sample10_contig_2980,48446,23,Y,N,3,*,2980,
sample10_contig_38293,48392,41,Y,N,6,*,38293,
sample10_contig_93201,48308,39,Y,N,6,*,93201,
sample10_contig_90605,47787,25,Y,N,4,*,90605,
sample10_contig_93414,47422,8,Y,N,1,*,93414,
sample10_contig_91431,47415,11,Y,N,2,*,91431,
sample10_contig_93401,47152,33,Y,N,6,*,93401,
sample10_contig_92944,45914,4,Y,N,1,*,92944,
sample10_contig_91392,45732,11,Y,N,1,*,91392,
sample10_contig_89352,45673,8,Y,N,1,*,89352,
sample10_contig_91506,45468,7,Y,N,1,*,91506,
sample10_contig_21553,45336,4,Y,Y,1,222,21553,
sample10_contig_93310,45313,9,Y,Y,4,*,93310,
sample10_contig_93381,45176,4,Y,Y,1,*,93381,
sample10_contig_88942,44734,14,Y,N,2,*,88942,
sample10_contig_93080,44449,10,Y,N,1,*,93080,
sample10_contig_53347,43575,7,Y,N,1,*,53347,
sample10_contig_88233,43562,32,Y,N,5,*,88233,
sample10_contig_93079,43173,17,Y,N,2,*,93079,
sample10_contig_90190,42244,10,Y,Y,1,612,90190,
sample10_contig_90371,42040,17,Y,N,2,*,90371,
sample10_contig_93030,41163,9,Y,N,1,*,93030,
sample10_contig_93011,40702,7,Y,N,1,*,93011,
sample10_contig_75667,40655,4,Y,Y,2,*,75667,
sample10_contig_19519,40346,9,Y,Y,1,208,19519,
sample10_contig_93248,39672,5,Y,N,1,*,93248,
sample10_contig_93103,39637,14,Y,N,1,*,93103,
sample10_contig_66184,39546,8,Y,N,2,*,66184,
sample10_contig_93319,38402,10,Y,N,1,*,93319,
sample10_contig_92372,37956,10,Y,N,1,*,92372,
sample10_contig_90492,37880,6,Y,N,1,*,90492,
sample10_contig_90908,37763,31,Y,N,4,*,90908,
sample10_contig_87974,37463,17,Y,N,2,*,87974,
sample10_contig_5345,36928,11,Y,N,2,*,5345,
sample10_contig_93148,36857,25,Y,N,3,*,93148,
sample10_contig_93314,34145,4,Y,N,1,*,93314,
sample10_contig_92884,33238,16,Y,N,2,*,92884,
sample10_contig_78867,33016,4,Y,Y,1,552,78867,
sample10_contig_91120,31672,3,Y,Y,1,*,91120,
sample10_contig_67771,30462,4,Y,Y,1,518,67771,
sample10_contig_88014,28962,7,Y,N,1,*,88014,
sample10_contig_93279,28929,3,Y,N,1,*,93279,
sample10_contig_8271,28217,4,Y,Y,1,102,8271,
sample10_contig_93278,27571,8,Y,N,1,*,93278,
sample10_contig_11777,27439,4,Y,Y,1,134,11777,
sample10_contig_91544,25274,6,Y,N,1,*,91544,
sample10_contig_9013,24943,8,Y,N,1,*,9013,
sample10_contig_46936,24592,3,Y,Y,1,382,46936,
sample10_contig_8598,24480,6,Y,Y,1,110,8598,
sample10_contig_11889,24081,4,Y,Y,1,140,11889,
sample10_contig_93174,23587,9,Y,N,1,*,93174,
sample10_contig_26685,22743,9,Y,N,1,*,26685,
sample10_contig_7334,21159,4,Y,Y,1,90,7334,
sample10_contig_38674,20420,9,Y,N,1,*,38674,
sample10_contig_56996,20269,3,Y,Y,1,462,56996,
sample10_contig_25177,20194,4,Y,Y,1,256,25177,
sample10_contig_89417,20006,3,Y,Y,1,600,89417,
sample10_contig_37966,19324,5,Y,Y,1,340,37966,
sample10_contig_60955,19316,9,Y,N,1,*,60955,
sample10_contig_93294,18876,6,Y,N,1,*,93294,
sample10_contig_7451,17631,7,Y,Y,1,94,7451,
sample10_contig_91242,17534,5,Y,Y,1,622,91242,
sample10_contig_59031,17320,3,Y,Y,1,474,59031,
sample10_contig_68944,17039,11,Y,Y,1,524,68944,
sample10_contig_55018,16441,3,Y,Y,1,*,55018,
sample10_contig_26666,16319,8,Y,Y,2,266,26666,
sample10_contig_40183,16011,6,Y,Y,1,354,40183,
sample10_contig_54657,15943,3,Y,Y,1,446,54657,
sample10_contig_1910,15786,12,Y,Y,4,*,1910,
sample10_contig_89766,15415,11,Y,N,2,*,89766,
sample10_contig_64259,15412,6,Y,Y,1,492,64259,
sample10_contig_66507,15206,5,Y,Y,1,508,66507,
sample10_contig_73920,15084,19,Y,N,2,*,73920,
sample10_contig_92341,14749,39,Y,Y,5,6662,92341,
sample10_contig_3249,14544,5,Y,Y,1,46,3249,
sample10_contig_93343,14540,3,Y,N,1,*,93343,
sample10_contig_10192,14488,4,Y,Y,1,120,10192,
sample10_contig_1477,14426,7,Y,N,1,*,1477,
sample10_contig_88131,14296,7,Y,N,1,*,88131,
sample10_contig_58320,14190,4,Y,Y,1,472,58320,
sample10_contig_87511,14162,15,Y,N,3,*,87511,
sample10_contig_17002,13920,3,Y,Y,1,186,17002,
sample10_contig_1627,13878,14,Y,Y,2,7616,1627,
sample10_contig_8111,13735,12,Y,Y,1,6020,8111,
sample10_contig_93405,13627,9,Y,N,1,*,93405,
sample10_contig_52638,13515,5,Y,Y,1,430,52638,
sample10_contig_19884,13050,3,Y,Y,1,210,19884,
sample10_contig_70975,12709,3,Y,Y,1,540,70975,
sample10_contig_47346,12705,4,Y,Y,1,386,47346,
sample10_contig_13041,12681,4,Y,N,1,*,13041,
sample10_contig_13060,12409,4,Y,Y,1,154,13060,
sample10_contig_17317,12227,5,Y,Y,1,194,17317,
sample10_contig_19411,12189,3,Y,Y,1,202,19411,
sample10_contig_42608,12140,3,Y,Y,1,7742,42608,
sample10_contig_33584,11882,3,Y,Y,1,312,33584,
sample10_contig_88391,11825,3,Y,Y,1,6138,88391,
sample10_contig_9248,11665,14,Y,Y,1,112,9248,
sample10_contig_20892,11350,6,Y,Y,1,216,20892,
sample10_contig_91914,11224,12,Y,N,1,*,91914,
sample10_contig_91489,11201,25,Y,N,4,*,91489,
sample10_contig_34435,11183,4,Y,Y,1,316,34435,
sample10_contig_93364,11080,4,Y,N,1,*,93364,
sample10_contig_30563,11064,6,Y,Y,1,294,30563,
sample10_contig_70574,11051,3,Y,Y,1,6046,70574,
sample10_contig_49036,11038,41,Y,Y,6,6074,49036,
sample10_contig_93145,11000,5,Y,Y,1,7320,93145,
sample10_contig_64969,10861,5,Y,N,1,*,64969,
sample10_contig_92038,10857,6,Y,N,1,*,92038,
sample10_contig_78318,10823,4,Y,Y,1,550,78318,
sample10_contig_91602,10655,5,Y,N,1,*,91602,
sample10_contig_93415,10286,5,Y,N,1,*,93415,
sample10_contig_16569,10243,4,Y,Y,1,182,16569,
sample10_contig_90612,10243,3,Y,Y,1,620,90612,
sample10_contig_57015,10069,11,Y,Y,1,6886,57015,
sample10_contig_19469,9909,4,Y,Y,1,204,19469,
sample10_contig_90711,9882,3,Y,Y,1,*,90711,
sample10_contig_33995,9775,4,Y,Y,1,6256,33995,
sample10_contig_69696,9664,11,Y,Y,1,6674,69696,
sample10_contig_5740,9542,4,Y,Y,1,72,5740,
sample10_contig_28215,9410,12,Y,Y,1,274,28215,
sample10_contig_59603,9380,4,Y,Y,1,6988,59603,
sample10_contig_37221,9240,9,Y,Y,2,334,37221,
sample10_contig_1328,9108,12,Y,N,1,*,1328,
sample10_contig_26467,9067,4,Y,Y,1,7840,26467,
sample10_contig_521,9010,3,Y,Y,1,5538,521,
sample10_contig_91765,8978,3,Y,Y,1,7462,91765,
sample10_contig_36833,8909,16,Y,Y,3,6518,36833,
sample10_contig_9888,8902,26,Y,Y,4,6136,9888,
sample10_contig_8316,8888,9,Y,Y,1,7676,8316,
sample10_contig_2926,8828,3,Y,Y,1,5718,2926,
sample10_contig_80704,8802,20,Y,Y,2,7906,80704,
sample10_contig_87920,8530,8,Y,Y,1,5898,87920,
sample10_contig_12629,8412,3,Y,Y,1,148,12629,
sample10_contig_65036,8409,4,Y,Y,1,494,65036,
sample10_contig_11250,8396,10,Y,Y,1,8552,11250,
sample10_contig_32890,8353,3,Y,Y,1,304,32890,
sample10_contig_12762,8328,3,Y,Y,1,7634,12762,
sample10_contig_65059,8175,6,Y,Y,1,6622,65059,
sample10_contig_1775,8158,3,Y,Y,1,*,1775,
sample10_contig_55641,8084,3,Y,Y,1,7252,55641,
sample10_contig_88204,8070,8,Y,Y,1,6024,88204,
sample10_contig_1701,8004,6,Y,Y,1,5630,1701,
sample10_contig_25877,7983,6,Y,Y,1,258,25877,
sample10_contig_62197,7972,3,Y,Y,1,486,62197,
sample10_contig_65627,7969,4,Y,Y,1,7824,65627,
sample10_contig_8157,7880,11,Y,Y,2,9686,8157,
sample10_contig_52652,7850,18,Y,Y,2,6038,52652,
sample10_contig_91554,7839,5,Y,N,1,*,91554,
sample10_contig_10280,7695,18,Y,N,2,*,10280,
sample10_contig_28384,7541,3,Y,Y,1,6798,28384,
sample10_contig_12018,7482,14,Y,Y,2,6294,12018,
sample10_contig_67983,7290,3,Y,Y,1,6676,67983,
sample10_contig_45113,6814,5,Y,Y,1,378,45113,
sample10_contig_81503,6509,5,Y,N,1,*,81503,
sample10_contig_51981,6425,5,Y,N,1,*,51981,
sample10_contig_9721,6419,6,Y,Y,1,6124,9721,
sample10_contig_1635,6266,4,Y,Y,1,5624,1635,
sample10_contig_80239,6183,3,Y,Y,1,554,80239,
sample10_contig_65575,6174,3,Y,Y,1,6684,65575,
sample10_contig_34872,6146,20,Y,Y,4,318,34872,
sample10_contig_13498,6122,6,Y,Y,1,158,13498,
sample10_contig_66055,6091,4,Y,Y,1,7418,66055,
sample10_contig_75993,6034,19,Y,N,3,*,75993,
sample10_contig_19912,5758,3,Y,Y,1,212,19912,
sample10_contig_14901,5601,3,Y,Y,1,6476,14901,
sample10_contig_60950,5562,3,Y,Y,1,7500,60950,
sample10_contig_88547,5477,5,Y,Y,1,6230,88547,
sample10_contig_89204,5379,15,Y,N,1,*,89204,
sample10_contig_41032,5027,15,Y,Y,1,358,41032,
sample10_contig_92519,4981,8,Y,Y,2,*,92519,
sample10_contig_91686,4952,6,Y,Y,1,*,91686,
sample10_contig_81580,4940,35,Y,Y,5,*,81580,
sample10_contig_91864,4866,4,Y,Y,1,*,91864,
sample10_contig_90776,4860,10,Y,Y,1,*,90776,
sample10_contig_87543,4447,3,Y,Y,1,5562,87543,
sample10_contig_4934,4358,5,Y,Y,1,5846,4934,
sample10_contig_82284,4194,14,Y,Y,2,5892,82284,
sample10_contig_61112,4161,10,Y,Y,2,*,61112,
sample10_contig_91556,4083,6,Y,Y,1,*,91556,
sample10_contig_90922,3902,15,Y,Y,2,7150,90922,
sample10_contig_62219,3868,7,Y,Y,1,*,62219,
sample10_contig_92770,3793,13,Y,Y,2,*,92770,
sample10_contig_72305,3763,9,Y,Y,1,7976,72305,
sample10_contig_42181,3675,5,Y,Y,1,*,42181,
sample10_contig_17159,3423,3,Y,Y,1,6592,17159,
sample10_contig_88802,3336,10,Y,Y,1,7934,88802,
sample10_contig_5738,3142,3,Y,Y,1,70,5738,
sample10_contig_27432,2044,8,Y,Y,1,6912,27432,
sample10_contig_31190,1983,15,Y,Y,3,7038,31190,
sample10_contig_89029,1915,3,Y,Y,1,7750,89029,
sample10_contig_5199,1787,3,Y,Y,1,7650,5199,
sample10_contig_87221,1754,6,Y,Y,1,5502,87221,
sample10_contig_6563,1640,8,Y,Y,1,*,6563,
sample10_contig_11888,1599,5,Y,Y,1,7720,11888,
sample10_contig_1934,1469,3,Y,Y,1,5656,1934,
sample10_contig_8504,1442,10,Y,Y,1,6056,8504,
sample10_contig_89629,1378,18,Y,Y,2,6642,89629,
sample10_contig_89490,1258,3,Y,Y,1,6690,89490,
sample10_contig_15622,1034,3,Y,Y,1,*,15622,
sample10_contig_11435,765,25,Y,Y,4,*,11435,
sample10_contig_17298,744,6,Y,Y,1,192,17298,
sample10_contig_11181,685,10,Y,Y,1,6216,11181,
sample10_contig_11409,606,4,Y,Y,1,6240,11409,
sample10_contig_46266,587,37,Y,Y,6,*,46266,
sample10_contig_13759,543,14,Y,Y,2,*,13759,
sample10_contig_24559,533,6,Y,Y,1,*,24559,
sample10_contig_1037,503,6,Y,Y,1,5576,1037,
sample10_contig_25891,260,4,Y,Y,1,260,25891,
sample11_contig_29571,206574,10,Y,N,2,*,29571,
sample11_contig_118036,74428,5,Y,N,1,*,118036,
sample11_contig_114892,58099,14,Y,N,2,*,114892,
sample11_contig_118098,57397,7,Y,N,1,*,118098,
sample11_contig_113458,49461,7,Y,N,1,*,113458,
sample11_contig_114948,47203,4,Y,N,1,*,114948,
sample11_contig_114293,46921,5,Y,Y,1,*,114293,
sample11_contig_113103,45933,59,Y,N,11,*,113103,
sample11_contig_115244,45092,14,Y,N,2,*,115244,
sample11_contig_112206,44889,4,Y,N,1,*,112206,
sample11_contig_118207,42716,4,Y,N,1,*,118207,
sample11_contig_117219,39554,6,Y,N,1,*,117219,
sample11_contig_113095,38076,9,Y,N,1,*,113095,
sample11_contig_118209,37949,12,Y,N,1,*,118209,
sample11_contig_1909,36813,7,Y,Y,1,18,1909,
sample11_contig_46503,35983,4,Y,Y,1,200,46503,
sample11_contig_118054,34096,9,Y,N,1,*,118054,
sample11_contig_115445,33236,14,Y,N,2,*,115445,
sample11_contig_117974,32859,10,Y,N,1,*,117974,
sample11_contig_3106,31522,16,Y,N,3,*,3106,
sample11_contig_114440,30250,4,Y,N,1,*,114440,
sample11_contig_26795,29133,14,Y,Y,2,124,26795,
sample11_contig_73840,27839,5,Y,Y,1,272,73840,
sample11_contig_25262,24804,4,Y,Y,2,114,25262,
sample11_contig_112473,24026,12,Y,N,2,*,112473,
sample11_contig_118194,22279,12,Y,N,2,*,118194,
sample11_contig_103566,22112,6,Y,Y,1,302,103566,
sample11_contig_118010,21999,9,Y,N,1,*,118010,
sample11_contig_43643,21964,7,Y,Y,1,192,43643,
sample11_contig_118221,21858,6,Y,N,1,*,118221,
sample11_contig_114191,20713,4,Y,Y,1,328,114191,
sample11_contig_112402,19921,8,Y,N,1,*,112402,
sample11_contig_116538,19758,5,Y,N,1,*,116538,
sample11_contig_15566,19717,7,Y,Y,1,74,15566,
sample11_contig_116772,18383,4,Y,Y,1,*,116772,
sample11_contig_5225,17779,7,Y,Y,1,38,5225,
sample11_contig_114364,17090,7,Y,N,1,*,114364,
sample11_contig_116781,16605,3,Y,Y,1,*,116781,
sample11_contig_34311,15848,3,Y,Y,1,152,34311,
sample11_contig_6375,14867,9,Y,N,1,*,6375,
sample11_contig_55101,14581,7,Y,Y,1,220,55101,
sample11_contig_43638,14223,3,Y,Y,1,190,43638,
sample11_contig_73948,14016,6,Y,Y,1,6430,73948,
sample11_contig_25998,13430,4,Y,Y,1,120,25998,
sample11_contig_30230,12629,7,Y,Y,1,140,30230,
sample11_contig_75117,12612,3,Y,Y,1,276,75117,
sample11_contig_20108,12594,27,Y,Y,4,4392,20108,
sample11_contig_27116,12265,4,Y,Y,1,128,27116,
sample11_contig_118184,11730,3,Y,Y,1,*,118184,
sample11_contig_110704,11492,6,Y,N,1,*,110704,
sample11_contig_116671,11473,16,Y,N,3,*,116671,
sample11_contig_118226,11455,13,Y,N,1,*,118226,
sample11_contig_116975,11451,3,Y,Y,1,*,116975,
sample11_contig_51580,11387,3,Y,Y,1,3894,51580,
sample11_contig_12366,11130,8,Y,Y,2,64,12366,
sample11_contig_80450,11089,4,Y,Y,1,*,80450,
sample11_contig_57006,11002,4,Y,Y,1,232,57006,
sample11_contig_17334,10742,3,Y,Y,1,4330,17334,
sample11_contig_114895,10348,4,Y,N,1,*,114895,
sample11_contig_114568,9831,8,Y,Y,2,330,114568,
sample11_contig_116689,9711,3,Y,Y,1,354,116689,
sample11_contig_55096,9701,8,Y,Y,2,4776,55096,
sample11_contig_91203,9315,4,Y,Y,1,296,91203,
sample11_contig_809,9176,6,Y,Y,3,10,809,
sample11_contig_17237,8916,3,Y,Y,1,4096,17237,
sample11_contig_20574,8636,4,Y,Y,1,4404,20574,
sample11_contig_58381,8567,9,Y,Y,1,236,58381,
sample11_contig_23419,8520,5,Y,Y,1,108,23419,
sample11_contig_33382,8176,7,Y,N,1,*,33382,
sample11_contig_113039,8018,3,Y,Y,1,4984,113039,
sample11_contig_117112,7782,14,Y,N,2,*,117112,
sample11_contig_5826,7777,6,Y,Y,1,4016,5826,
sample11_contig_115606,7617,3,Y,Y,1,*,115606,
sample11_contig_29987,7513,8,Y,N,1,*,29987,
sample11_contig_115940,7320,6,Y,N,1,*,115940,
sample11_contig_84724,7266,20,Y,Y,4,284,84724,
sample11_contig_8407,7257,5,Y,Y,1,56,8407,
sample11_contig_8710,7089,4,Y,Y,1,58,8710,
sample11_contig_36941,6998,11,Y,Y,2,164,36941,
sample11_contig_10707,6915,7,Y,Y,1,4962,10707,
sample11_contig_48366,6882,4,Y,Y,1,202,48366,
sample11_contig_41652,6770,10,Y,Y,1,4696,41652,
sample11_contig_38266,6516,5,Y,Y,1,4658,38266,
sample11_contig_30725,6327,4,Y,Y,1,142,30725,
sample11_contig_112550,6065,8,Y,Y,2,*,112550,
sample11_contig_114040,5930,15,Y,N,3,*,114040,
sample11_contig_62204,5603,9,Y,Y,1,244,62204,
sample11_contig_117567,5436,7,Y,N,1,*,117567,
sample11_contig_18502,5424,8,Y,N,1,*,18502,
sample11_contig_18392,5331,13,Y,Y,1,4352,18392,
sample11_contig_116368,5184,3,Y,Y,1,*,116368,
sample11_contig_36943,5081,3,Y,Y,1,4652,36943,
sample11_contig_117130,4830,7,Y,Y,1,*,117130,
sample11_contig_112973,4699,20,Y,Y,3,*,112973,
sample11_contig_115406,4635,9,Y,Y,1,*,115406,
sample11_contig_57208,4626,14,Y,Y,2,*,57208,
sample11_contig_116761,4570,4,Y,Y,1,4814,116761,
sample11_contig_112247,4444,7,Y,Y,1,4922,112247,
sample11_contig_53926,4391,3,Y,Y,1,*,53926,
sample11_contig_63594,4389,14,Y,Y,2,*,63594,
sample11_contig_118164,4284,18,Y,Y,2,*,118164,
sample11_contig_118068,4242,10,Y,Y,1,*,118068,
sample11_contig_115797,4062,4,Y,Y,1,*,115797,
sample11_contig_117848,3924,8,Y,Y,1,*,117848,
sample11_contig_82545,3708,15,Y,Y,2,*,82545,
sample11_contig_88336,3529,6,Y,Y,1,*,88336,
sample11_contig_16675,3516,11,Y,Y,1,*,16675,
sample11_contig_20850,3168,3,Y,Y,1,4970,20850,
sample11_contig_92354,3135,6,Y,Y,1,4372,92354,
sample11_contig_115177,1722,3,Y,Y,1,4638,115177,
sample11_contig_75064,1686,3,Y,Y,1,4874,75064,
sample11_contig_4710,937,78,Y,Y,15,*,4710,
sample11_contig_4965,809,14,Y,Y,2,3980,4965,
sample11_contig_25458,795,3,Y,Y,1,4238,25458,
sample11_contig_4793,664,6,Y,Y,1,4258,4793,
sample11_contig_34563,589,3,Y,Y,1,4384,34563,
sample11_contig_1751,546,7,Y,Y,1,3814,1751,
sample11_contig_23059,513,12,Y,Y,2,4462,23059,
sample12_contig_71278,86401,7,Y,N,1,*,71278,
sample12_contig_90355,58584,9,Y,N,2,*,90355,
sample12_contig_89645,56526,23,Y,N,5,*,89645,
sample12_contig_91169,45970,8,Y,N,2,*,91169,
sample12_contig_88426,45257,3,Y,Y,1,*,88426,
sample12_contig_87324,45130,6,Y,N,1,*,87324,
sample12_contig_90869,44685,14,Y,N,3,*,90869,
sample12_contig_17362,42661,13,Y,N,3,*,17362,
sample12_contig_34333,39271,8,Y,Y,1,118,34333,
sample12_contig_59758,35505,4,Y,Y,2,*,59758,
sample12_contig_9941,33185,10,Y,N,2,*,9941,
sample12_contig_10382,32622,12,Y,Y,2,56,10382,
sample12_contig_87495,30082,6,Y,N,1,*,87495,
sample12_contig_91171,28204,9,Y,N,2,*,91171,
sample12_contig_77392,25855,3,Y,N,1,*,77392,
sample12_contig_59602,25278,5,Y,Y,1,170,59602,
sample12_contig_31074,25199,7,Y,Y,1,108,31074,
sample12_contig_44091,23889,5,Y,Y,1,140,44091,
sample12_contig_46598,23712,5,Y,Y,1,148,46598,
sample12_contig_52014,22796,5,Y,Y,1,164,52014,
sample12_contig_90549,22087,6,Y,N,1,*,90549,
sample12_contig_66615,20314,4,Y,Y,1,192,66615,
sample12_contig_10736,18436,7,Y,Y,1,60,10736,
sample12_contig_1260,16649,6,Y,Y,1,2592,1260,
sample12_contig_3897,16275,12,Y,Y,3,28,3897,
sample12_contig_10973,15717,8,Y,N,1,*,10973,
sample12_contig_30074,15142,4,Y,N,1,*,30074,
sample12_contig_25433,13586,7,Y,Y,1,94,25433,
sample12_contig_10357,12404,3,Y,Y,1,54,10357,
sample12_contig_44992,11750,4,Y,Y,1,3526,44992,
sample12_contig_13757,11409,3,Y,Y,1,68,13757,
sample12_contig_88956,10757,21,Y,N,5,*,88956,
sample12_contig_3624,10096,18,Y,N,4,*,3624,
sample12_contig_88707,10032,14,Y,N,4,*,88707,
sample12_contig_14311,9257,3,Y,Y,1,72,14311,
sample12_contig_35633,9028,3,Y,Y,1,124,35633,
sample12_contig_38545,8904,3,Y,Y,1,3154,38545,
sample12_contig_35261,8697,10,Y,Y,2,3510,35261,
sample12_contig_90206,8521,5,Y,Y,1,3532,90206,
sample12_contig_50086,8362,3,Y,Y,1,3534,50086,
sample12_contig_4351,8096,3,Y,Y,1,32,4351,
sample12_contig_28413,8094,3,Y,Y,1,2984,28413,
sample12_contig_35426,8033,3,Y,Y,1,122,35426,
sample12_contig_91147,8001,23,Y,N,4,*,91147,
sample12_contig_91191,7972,5,Y,N,1,*,91191,
sample12_contig_64219,7916,4,Y,Y,1,184,64219,
sample12_contig_60948,7867,8,Y,Y,2,2880,60948,
sample12_contig_76299,7788,18,Y,N,4,*,76299,
sample12_contig_15034,7741,12,Y,Y,2,3012,15034,
sample12_contig_30417,7737,6,Y,Y,1,3084,30417,
sample12_contig_86859,7640,15,Y,N,3,*,86859,
sample12_contig_4762,7343,16,Y,Y,5,*,4762,
sample12_contig_1485,6270,4,Y,Y,1,2920,1485,
sample12_contig_82960,6116,3,Y,Y,1,*,82960,
sample12_contig_74471,5302,4,Y,Y,1,198,74471,
sample12_contig_87552,4852,4,Y,Y,1,*,87552,
sample12_contig_39649,4681,5,Y,Y,1,*,39649,
sample12_contig_86954,4461,14,Y,Y,2,2596,86954,
sample12_contig_26610,4332,17,Y,Y,4,*,26610,
sample12_contig_90873,3593,12,Y,Y,3,*,90873,
sample12_contig_53142,3575,4,Y,Y,1,3010,53142,
sample12_contig_89228,3500,16,Y,Y,4,*,89228,
sample12_contig_16218,2968,13,Y,Y,2,2678,16218,
sample12_contig_47266,2709,5,Y,Y,1,*,47266,
sample12_contig_87760,1929,3,Y,Y,1,2896,87760,
sample12_contig_47991,938,10,Y,Y,2,152,47991,
sample12_contig_791,843,16,Y,Y,3,*,791,
sample12_contig_14717,680,10,Y,Y,2,2982,14717,
sample12_contig_7431,667,4,Y,Y,1,2826,7431,
sample12_contig_6765,627,3,Y,Y,1,2806,6765,
sample12_contig_6999,585,3,Y,Y,1,2812,6999,
sample12_contig_1806,523,16,Y,Y,4,18,1806,
sample12_contig_29907,521,6,Y,Y,1,2978,29907,
sample13_contig_105706,248051,10,Y,N,1,*,105706,
sample13_contig_13239,202171,15,Y,N,2,*,13239,
sample13_contig_109339,185150,8,Y,N,1,*,109339,
sample13_contig_107977,128785,57,Y,N,9,*,107977,
sample13_contig_52306,88481,13,Y,N,2,*,52306,
sample13_contig_53488,86554,10,Y,N,2,*,53488,
sample13_contig_78033,84559,11,Y,N,1,*,78033,
sample13_contig_8969,81471,10,Y,N,1,*,8969,
sample13_contig_106233,75780,10,Y,N,1,*,106233,
sample13_contig_111038,73364,6,Y,N,1,*,111038,
sample13_contig_110218,68472,19,Y,N,3,*,110218,
sample13_contig_110184,66036,9,Y,N,1,*,110184,
sample13_contig_106144,65860,11,Y,N,2,*,106144,
sample13_contig_109448,65728,24,Y,N,3,*,109448,
sample13_contig_111199,64286,11,Y,N,1,*,111199,
sample13_contig_107281,64145,4,Y,N,1,*,107281,
sample13_contig_111029,63757,18,Y,N,3,*,111029,
sample13_contig_107579,63318,6,Y,N,1,*,107579,
sample13_contig_53720,62521,11,Y,N,1,*,53720,
sample13_contig_109728,59794,27,Y,N,4,*,109728,
sample13_contig_111091,58874,10,Y,N,1,*,111091,
sample13_contig_108185,58250,9,Y,N,1,*,108185,
sample13_contig_107348,57296,4,Y,N,1,*,107348,
sample13_contig_111264,57152,5,Y,N,1,*,111264,
sample13_contig_111119,56168,18,Y,N,2,*,111119,
sample13_contig_108856,54689,13,Y,N,2,*,108856,
sample13_contig_106977,54395,9,Y,N,1,*,106977,
sample13_contig_111212,54335,6,Y,N,1,*,111212,
sample13_contig_106260,53020,4,Y,N,1,*,106260,
sample13_contig_111105,51185,54,Y,N,8,*,111105,
sample13_contig_108834,49767,13,Y,N,2,*,108834,
sample13_contig_107668,49255,17,Y,N,3,*,107668,
sample13_contig_104542,49247,38,Y,N,6,*,104542,
sample13_contig_107392,48895,10,Y,N,2,*,107392,
sample13_contig_105817,48607,13,Y,N,2,*,105817,
sample13_contig_111205,48460,4,Y,N,1,*,111205,
sample13_contig_109004,48319,9,Y,N,1,*,109004,
sample13_contig_110921,48236,7,Y,N,1,*,110921,
sample13_contig_111235,48229,7,Y,N,1,*,111235,
sample13_contig_92081,47705,12,Y,N,2,*,92081,
sample13_contig_110525,47577,151,Y,N,25,*,110525,
sample13_contig_110482,47408,17,Y,N,3,*,110482,
sample13_contig_108435,47201,5,Y,N,1,*,108435,
sample13_contig_109671,47176,28,Y,N,5,*,109671,
sample13_contig_79852,47156,27,Y,N,4,*,79852,
sample13_contig_65984,46863,53,Y,N,8,*,65984,
sample13_contig_104263,46559,11,Y,N,1,*,104263,
sample13_contig_111085,46404,7,Y,N,1,*,111085,
sample13_contig_11422,46215,7,Y,N,1,*,11422,
sample13_contig_108128,45880,6,Y,N,1,*,108128,
sample13_contig_108395,45698,17,Y,N,2,*,108395,
sample13_contig_108711,45633,12,Y,N,1,*,108711,
sample13_contig_110304,45441,17,Y,N,2,*,110304,
sample13_contig_85274,45371,4,Y,N,1,*,85274,
sample13_contig_109267,45284,125,Y,N,21,*,109267,
sample13_contig_105699,45265,22,Y,N,3,*,105699,
sample13_contig_110812,45084,8,Y,N,1,*,110812,
sample13_contig_111196,45062,11,Y,N,2,*,111196,
sample13_contig_111224,44617,14,Y,N,2,*,111224,
sample13_contig_107467,44214,10,Y,N,1,*,107467,
sample13_contig_111190,44067,7,Y,N,1,*,111190,
sample13_contig_110944,43585,19,Y,N,2,*,110944,
sample13_contig_105733,42866,11,Y,N,2,*,105733,
sample13_contig_106115,42064,4,Y,N,1,*,106115,
sample13_contig_5156,42051,6,Y,N,1,*,5156,
sample13_contig_104784,41405,7,Y,N,1,*,104784,
sample13_contig_100201,40722,12,Y,N,1,*,100201,
sample13_contig_89797,40663,6,Y,N,1,*,89797,
sample13_contig_44800,40329,11,Y,N,1,*,44800,
sample13_contig_53585,40236,25,Y,N,3,*,53585,
sample13_contig_111266,39844,10,Y,N,1,*,111266,
sample13_contig_111146,39327,6,Y,N,1,*,111146,
sample13_contig_21162,39249,12,Y,N,1,*,21162,
sample13_contig_58007,39116,5,Y,N,1,*,58007,
sample13_contig_109639,38937,12,Y,N,1,*,109639,
sample13_contig_17331,38854,7,Y,N,1,*,17331,
sample13_contig_14993,38770,7,Y,N,1,*,14993,
sample13_contig_111032,38441,6,Y,N,1,*,111032,
sample13_contig_111141,38271,5,Y,N,1,*,111141,
sample13_contig_111221,38234,7,Y,N,1,*,111221,
sample13_contig_105039,37951,13,Y,N,1,*,105039,
sample13_contig_110935,37889,8,Y,N,2,*,110935,
sample13_contig_57486,37529,4,Y,Y,1,532,57486,
sample13_contig_110241,37440,25,Y,N,4,*,110241,
sample13_contig_109016,36040,9,Y,N,1,*,109016,
sample13_contig_108042,35711,5,Y,Y,1,*,108042,
sample13_contig_75664,35328,10,Y,N,1,*,75664,
sample13_contig_110933,35300,7,Y,N,1,*,110933,
sample13_contig_27357,32867,93,Y,N,15,*,27357,
sample13_contig_86247,32774,73,Y,N,12,*,86247,
sample13_contig_110884,32224,9,Y,N,1,*,110884,
sample13_contig_111037,29868,16,Y,N,2,*,111037,
sample13_contig_108791,29559,3,Y,Y,1,736,108791,
sample13_contig_76527,29419,11,Y,Y,2,612,76527,
sample13_contig_22837,29027,12,Y,N,2,*,22837,
sample13_contig_111243,28236,8,Y,N,1,*,111243,
sample13_contig_105807,28205,6,Y,Y,2,*,105807,
sample13_contig_108214,26601,58,Y,N,10,*,108214,
sample13_contig_111244,26045,4,Y,N,1,*,111244,
sample13_contig_9623,24980,4,Y,N,1,*,9623,
sample13_contig_32054,23322,3,Y,Y,1,314,32054,
sample13_contig_110792,23246,7,Y,N,1,*,110792,
sample13_contig_19237,23204,6,Y,Y,1,204,19237,
sample13_contig_39906,21334,5,Y,Y,1,400,39906,
sample13_contig_108666,20952,8,Y,N,1,*,108666,
sample13_contig_54139,20767,6,Y,Y,1,508,54139,
sample13_contig_49457,20495,6,Y,Y,1,468,49457,
sample13_contig_97833,20369,3,Y,Y,1,*,97833,
sample13_contig_19467,20070,3,Y,Y,1,206,19467,
sample13_contig_38693,19795,13,Y,Y,2,388,38693,
sample13_contig_46529,19702,13,Y,Y,2,450,46529,
sample13_contig_89867,19552,3,Y,Y,1,656,89867,
sample13_contig_693,19234,12,Y,Y,1,6,693,
sample13_contig_6388,18713,7,Y,N,1,*,6388,
sample13_contig_104041,18393,5,Y,N,1,*,104041,
sample13_contig_26354,17393,3,Y,Y,1,266,26354,
sample13_contig_104496,17230,4,Y,Y,1,682,104496,
sample13_contig_111268,17027,3,Y,N,1,*,111268,
sample13_contig_109112,16128,5,Y,Y,1,740,109112,
sample13_contig_23821,16046,6,Y,Y,1,240,23821,
sample13_contig_110713,15838,3,Y,Y,1,*,110713,
sample13_contig_111171,15536,9,Y,N,1,*,111171,
sample13_contig_84407,15489,4,Y,Y,1,640,84407,
sample13_contig_103881,15043,5,Y,N,1,*,103881,
sample13_contig_56798,14838,5,Y,Y,1,526,56798,
sample13_contig_49782,14740,3,Y,Y,1,474,49782,
sample13_contig_52085,14507,3,Y,Y,1,8118,52085,
sample13_contig_22875,14418,8,Y,Y,1,232,22875,
sample13_contig_87252,14388,3,Y,Y,1,650,87252,
sample13_contig_109281,14319,4,Y,N,1,*,109281,
sample13_contig_24550,14190,4,Y,Y,1,250,24550,
sample13_contig_109730,14127,8,Y,Y,2,*,109730,
sample13_contig_5422,14088,11,Y,Y,1,64,5422,
sample13_contig_63802,13505,3,Y,Y,1,564,63802,
sample13_contig_108253,13408,5,Y,N,1,*,108253,
sample13_contig_109661,13064,3,Y,Y,1,*,109661,
sample13_contig_45574,12602,3,Y,Y,1,442,45574,
sample13_contig_10039,12224,28,Y,N,4,*,10039,
sample13_contig_19225,11944,5,Y,Y,2,202,19225,
sample13_contig_2790,11757,11,Y,N,2,*,2790,
sample13_contig_46812,11734,8,Y,Y,2,452,46812,
sample13_contig_83334,11633,3,Y,Y,1,632,83334,
sample13_contig_66552,11630,4,Y,Y,1,570,66552,
sample13_contig_63680,11575,6,Y,Y,1,9472,63680,
sample13_contig_16052,11258,3,Y,Y,1,170,16052,
sample13_contig_30261,11050,10,Y,N,1,*,30261,
sample13_contig_6290,10851,4,Y,Y,1,*,6290,
sample13_contig_106967,10668,3,Y,Y,1,718,106967,
sample13_contig_47486,10467,3,Y,Y,1,8624,47486,
sample13_contig_32320,9966,6,Y,Y,1,320,32320,
sample13_contig_26377,9916,4,Y,Y,1,7850,26377,
sample13_contig_79835,9819,24,Y,Y,4,9598,79835,
sample13_contig_52608,9806,8,Y,Y,1,8836,52608,
sample13_contig_109520,9672,3,Y,N,1,*,109520,
sample13_contig_14722,9603,32,Y,Y,5,8044,14722,
sample13_contig_84584,9431,9,Y,Y,2,644,84584,
sample13_contig_32858,9265,3,Y,Y,1,8546,32858,
sample13_contig_27327,9195,10,Y,Y,2,276,27327,
sample13_contig_6761,9189,8,Y,Y,1,82,6761,
sample13_contig_38341,9154,3,Y,Y,1,8194,38341,
sample13_contig_57094,8963,10,Y,Y,1,528,57094,
sample13_contig_16157,8960,7,Y,Y,1,172,16157,
sample13_contig_83340,8934,3,Y,Y,1,8828,83340,
sample13_contig_105996,8931,6,Y,N,1,*,105996,
sample13_contig_88827,8728,12,Y,N,1,*,88827,
sample13_contig_91985,8583,8,Y,N,1,*,91985,
sample13_contig_37246,8560,6,Y,Y,1,368,37246,
sample13_contig_42652,8423,4,Y,Y,1,10042,42652,
sample13_contig_49602,8310,5,Y,Y,1,9218,49602,
sample13_contig_2638,8285,10,Y,Y,1,9694,2638,
sample13_contig_17876,8247,3,Y,Y,1,9888,17876,
sample13_contig_37848,8062,5,Y,Y,1,8962,37848,
sample13_contig_109167,8029,11,Y,N,2,*,109167,
sample13_contig_4991,7986,4,Y,Y,1,54,4991,
sample13_contig_105674,7960,5,Y,N,1,*,105674,
sample13_contig_10951,7946,4,Y,Y,1,124,10951,
sample13_contig_29527,7912,6,Y,Y,1,296,29527,
sample13_contig_19450,7884,18,Y,Y,2,9768,19450,
sample13_contig_60014,7846,3,Y,Y,1,*,60014,
sample13_contig_34632,7737,7,Y,Y,1,344,34632,
sample13_contig_78603,7539,5,Y,N,1,*,78603,
sample13_contig_12897,7426,7,Y,Y,1,7968,12897,
sample13_contig_68243,7290,8,Y,Y,1,580,68243,
sample13_contig_39799,7272,14,Y,Y,2,9010,39799,
sample13_contig_54631,7102,16,Y,Y,2,10068,54631,
sample13_contig_18381,7041,10,Y,Y,2,8236,18381,
sample13_contig_111134,6885,7,Y,N,1,*,111134,
sample13_contig_106007,6761,14,Y,N,1,*,106007,
sample13_contig_48014,6738,13,Y,Y,1,9180,48014,
sample13_contig_25564,6688,7,Y,N,1,*,25564,
sample13_contig_20626,6641,3,Y,Y,1,*,20626,
sample13_contig_21612,6619,22,Y,Y,3,*,21612,
sample13_contig_27777,6618,3,Y,Y,1,9894,27777,
sample13_contig_42660,6554,3,Y,Y,1,418,42660,
sample13_contig_68468,6508,3,Y,Y,1,9960,68468,
sample13_contig_19708,6466,14,Y,Y,2,208,19708,
sample13_contig_110570,6380,10,Y,N,2,*,110570,
sample13_contig_59525,6334,6,Y,N,1,*,59525,
sample13_contig_50173,6217,8,Y,Y,2,476,50173,
sample13_contig_73591,6206,4,Y,Y,1,9092,73591,
sample13_contig_40677,6199,6,Y,N,1,*,40677,
sample13_contig_70195,6177,3,Y,Y,1,9424,70195,
sample13_contig_95905,6113,8,Y,N,1,*,95905,
sample13_contig_39660,5909,7,Y,Y,1,9006,39660,
sample13_contig_24279,5883,3,Y,Y,1,246,24279,
sample13_contig_107429,5689,3,Y,Y,1,7316,107429,
sample13_contig_105799,5480,6,Y,Y,1,702,105799,
sample13_contig_104301,5408,9,Y,N,1,*,104301,
sample13_contig_58573,5394,4,Y,Y,1,540,58573,
sample13_contig_42067,5288,20,Y,N,3,*,42067,
sample13_contig_18710,5176,3,Y,Y,1,198,18710,
sample13_contig_110520,5155,13,Y,Y,2,8098,110520,
sample13_contig_111216,4921,23,Y,Y,3,*,111216,
sample13_contig_62983,4800,8,Y,Y,1,*,62983,
sample13_contig_35459,4686,24,Y,Y,3,*,35459,
sample13_contig_107949,4625,6,Y,Y,1,*,107949,
sample13_contig_100838,4621,10,Y,Y,1,*,100838,
sample13_contig_109043,4368,8,Y,Y,1,*,109043,
sample13_contig_109857,4338,14,Y,Y,1,*,109857,
sample13_contig_24897,4287,6,Y,Y,1,*,24897,
sample13_contig_43631,4250,4,Y,Y,1,*,43631,
sample13_contig_8007,4182,5,Y,Y,1,7648,8007,
sample13_contig_19650,4136,5,Y,Y,1,*,19650,
sample13_contig_105241,4037,9,Y,Y,1,7546,105241,
sample13_contig_110489,3999,13,Y,Y,1,*,110489,
sample13_contig_66478,3845,20,Y,Y,3,*,66478,
sample13_contig_110576,3825,4,Y,Y,1,*,110576,
sample13_contig_111271,3783,9,Y,Y,1,*,111271,
sample13_contig_44883,3653,5,Y,Y,1,9228,44883,
sample13_contig_8233,3381,21,Y,Y,3,*,8233,
sample13_contig_4574,3272,19,Y,Y,3,*,4574,
sample13_contig_71318,3237,9,Y,Y,1,*,71318,
sample13_contig_74664,3198,11,Y,Y,2,*,74664,
sample13_contig_94698,2970,9,Y,Y,1,9200,94698,
sample13_contig_62945,2670,6,Y,Y,1,8250,62945,
sample13_contig_15195,2580,5,Y,Y,1,7276,15195,
sample13_contig_57577,2480,3,Y,Y,1,*,57577,
sample13_contig_110479,2095,9,Y,Y,1,7672,110479,
sample13_contig_24996,2031,12,Y,Y,1,*,24996,
sample13_contig_103971,1914,4,Y,Y,1,7162,103971,
sample13_contig_1265,1710,9,Y,Y,1,7134,1265,
sample13_contig_39955,1568,8,Y,Y,1,*,39955,
sample13_contig_18410,1523,7,Y,Y,1,8238,18410,
sample13_contig_73293,1076,3,Y,Y,1,598,73293,
sample13_contig_9068,978,5,Y,Y,1,110,9068,
sample13_contig_32596,937,5,Y,Y,1,326,32596,
sample13_contig_21918,923,3,Y,Y,1,8062,21918,
sample13_contig_11696,858,6,Y,Y,1,9820,11696,
sample13_contig_31213,814,7,Y,Y,1,8608,31213,
sample13_contig_4741,808,5,Y,Y,1,9732,4741,
sample13_contig_20700,708,3,Y,Y,1,7250,20700,
sample13_contig_52624,681,7,Y,Y,1,9272,52624,
sample13_contig_7239,604,7,Y,Y,1,92,7239,
sample13_contig_27081,576,28,Y,Y,4,*,27081,
sample13_contig_61884,531,8,Y,Y,1,9418,61884,
sample13_contig_21654,505,14,Y,Y,2,10076,21654,
sample14_contig_108663,142833,8,Y,N,2,*,108663,
sample14_contig_35295,125045,21,Y,N,4,*,35295,
sample14_contig_108683,117415,5,Y,N,1,*,108683,
sample14_contig_103550,116613,17,Y,N,3,*,103550,
sample14_contig_108647,115564,16,Y,N,3,*,108647,
sample14_contig_104528,106653,6,Y,N,1,*,104528,
sample14_contig_108397,101831,7,Y,N,2,*,108397,
sample14_contig_107119,100839,13,Y,N,2,*,107119,
sample14_contig_108505,100780,9,Y,N,2,*,108505,
sample14_contig_39646,94949,45,Y,N,11,*,39646,
sample14_contig_5412,93649,25,Y,N,5,*,5412,
sample14_contig_45608,93137,13,Y,N,3,*,45608,
sample14_contig_105026,87305,10,Y,N,2,*,105026,
sample14_contig_106613,84183,14,Y,N,2,*,106613,
sample14_contig_106820,83725,17,Y,N,3,*,106820,
sample14_contig_70244,82845,13,Y,N,2,*,70244,
sample14_contig_107748,82489,15,Y,N,3,*,107748,
sample14_contig_103881,80180,8,Y,N,2,*,103881,
sample14_contig_104873,78373,14,Y,N,3,*,104873,
sample14_contig_103466,77166,10,Y,N,2,*,103466,
sample14_contig_103400,76950,9,Y,N,2,*,103400,
sample14_contig_21362,76086,11,Y,N,2,*,21362,
sample14_contig_105031,74113,10,Y,N,2,*,105031,
sample14_contig_5480,73751,5,Y,N,1,*,5480,
sample14_contig_103361,73711,15,Y,N,3,*,103361,
sample14_contig_103875,72562,35,Y,N,9,*,103875,
sample14_contig_56076,72327,33,Y,N,8,*,56076,
sample14_contig_108697,71244,6,Y,N,1,*,108697,
sample14_contig_108479,70351,9,Y,N,2,*,108479,
sample14_contig_107934,70174,10,Y,N,2,*,107934,
sample14_contig_105020,69515,6,Y,N,1,*,105020,
sample14_contig_107425,69330,10,Y,N,2,*,107425,
sample14_contig_106949,68888,55,Y,N,13,*,106949,
sample14_contig_16479,67230,34,Y,N,8,*,16479,
sample14_contig_17722,65529,8,Y,N,1,*,17722,
sample14_contig_106831,65453,12,Y,N,3,*,106831,
sample14_contig_106572,65191,23,Y,N,6,*,106572,
sample14_contig_106705,65076,23,Y,N,5,*,106705,
sample14_contig_107157,65072,33,Y,N,8,*,107157,
sample14_contig_108698,64716,8,Y,N,2,*,108698,
sample14_contig_107671,63368,12,Y,N,3,*,107671,
sample14_contig_72018,62259,35,Y,N,9,*,72018,
sample14_contig_74572,60893,11,Y,N,2,*,74572,
sample14_contig_105193,60574,7,Y,N,1,*,105193,
sample14_contig_108555,58070,6,Y,N,1,*,108555,
sample14_contig_106378,57931,15,Y,N,3,*,106378,
sample14_contig_108356,57833,17,Y,N,3,*,108356,
sample14_contig_104307,56830,18,Y,N,3,*,104307,
sample14_contig_104728,56428,8,Y,N,1,*,104728,
sample14_contig_107357,55763,17,Y,N,4,*,107357,
sample14_contig_107563,55421,17,Y,N,3,*,107563,
sample14_contig_108449,54559,11,Y,N,2,*,108449,
sample14_contig_103281,50346,15,Y,N,3,*,103281,
sample14_contig_108073,50285,15,Y,N,3,*,108073,
sample14_contig_105684,49641,11,Y,N,2,*,105684,
sample14_contig_107392,49518,37,Y,N,8,*,107392,
sample14_contig_105194,49370,6,Y,N,1,*,105194,
sample14_contig_107375,48995,11,Y,N,2,*,107375,
sample14_contig_108624,48877,11,Y,N,2,*,108624,
sample14_contig_104637,48831,21,Y,N,5,*,104637,
sample14_contig_103777,48793,20,Y,N,5,*,103777,
sample14_contig_104562,48750,20,Y,N,4,*,104562,
sample14_contig_106720,48723,11,Y,N,2,*,106720,
sample14_contig_108321,48680,22,Y,N,4,*,108321,
sample14_contig_107215,48679,8,Y,N,2,*,107215,
sample14_contig_106662,48609,24,Y,N,5,*,106662,
sample14_contig_103014,48587,7,Y,N,1,*,103014,
sample14_contig_108623,48310,33,Y,N,8,*,108623,
sample14_contig_108685,48291,9,Y,N,2,*,108685,
sample14_contig_106027,48254,22,Y,N,5,*,106027,
sample14_contig_107527,48140,27,Y,N,7,*,107527,
sample14_contig_108652,48116,15,Y,N,4,*,108652,
sample14_contig_108304,48016,9,Y,N,2,*,108304,
sample14_contig_108631,47976,7,Y,N,1,*,108631,
sample14_contig_107558,47928,16,Y,N,3,*,107558,
sample14_contig_105588,47901,15,Y,N,3,*,105588,
sample14_contig_107290,47847,13,Y,N,2,*,107290,
sample14_contig_108687,47780,11,Y,N,2,*,108687,
sample14_contig_103688,47671,6,Y,N,1,*,103688,
sample14_contig_104583,47658,6,Y,N,1,*,104583,
sample14_contig_104504,47453,5,Y,N,1,*,104504,
sample14_contig_108578,47106,8,Y,N,2,*,108578,
sample14_contig_79362,47022,13,Y,N,2,*,79362,
sample14_contig_108636,46612,8,Y,N,2,*,108636,
sample14_contig_106247,46401,6,Y,N,1,*,106247,
sample14_contig_108645,46232,10,Y,N,2,*,108645,
sample14_contig_108587,46112,4,Y,N,1,*,108587,
sample14_contig_108664,46008,13,Y,N,3,*,108664,
sample14_contig_103859,45803,8,Y,N,2,*,103859,
sample14_contig_106133,45711,9,Y,N,2,*,106133,
sample14_contig_108649,45487,45,Y,N,10,*,108649,
sample14_contig_108440,45158,7,Y,N,1,*,108440,
sample14_contig_104552,45082,6,Y,N,1,*,104552,
sample14_contig_104862,45026,6,Y,N,1,*,104862,
sample14_contig_27399,44912,19,Y,N,4,*,27399,
sample14_contig_108487,44749,30,Y,N,7,*,108487,
sample14_contig_106188,44683,12,Y,N,3,*,106188,
sample14_contig_108119,44329,5,Y,N,1,*,108119,
sample14_contig_108646,44301,12,Y,N,3,*,108646,
sample14_contig_104737,44161,12,Y,N,2,*,104737,
sample14_contig_108639,44002,5,Y,Y,1,*,108639,
sample14_contig_108603,43803,4,Y,Y,1,*,108603,
sample14_contig_108539,43750,6,Y,N,1,*,108539,
sample14_contig_108673,43463,10,Y,N,2,*,108673,
sample14_contig_107829,43441,25,Y,N,5,*,107829,
sample14_contig_105775,43327,20,Y,N,5,*,105775,
sample14_contig_53628,43225,9,Y,N,1,*,53628,
sample14_contig_108481,43223,8,Y,N,1,*,108481,
sample14_contig_35546,43164,8,Y,N,2,*,35546,
sample14_contig_106337,42968,22,Y,N,5,*,106337,
sample14_contig_105630,42899,9,Y,N,1,*,105630,
sample14_contig_104794,42881,5,Y,N,1,*,104794,
sample14_contig_108462,42727,7,Y,N,1,*,108462,
sample14_contig_5803,42715,10,Y,N,1,*,5803,
sample14_contig_65171,42459,4,Y,Y,1,156,65171,
sample14_contig_106873,42428,9,Y,N,2,*,106873,
sample14_contig_108517,42415,12,Y,N,3,*,108517,
sample14_contig_105399,42001,8,Y,N,2,*,105399,
sample14_contig_108498,41995,7,Y,N,1,*,108498,
sample14_contig_105678,41985,6,Y,N,1,*,105678,
sample14_contig_108431,41738,77,Y,N,19,*,108431,
sample14_contig_105549,41598,20,Y,N,4,*,105549,
sample14_contig_106668,41579,7,Y,N,2,*,106668,
sample14_contig_107651,41458,9,Y,N,2,*,107651,
sample14_contig_697,41384,9,Y,Y,1,6,697,
sample14_contig_108694,41316,36,Y,N,8,*,108694,
sample14_contig_105396,41305,14,Y,N,3,*,105396,
sample14_contig_108693,41115,10,Y,N,2,*,108693,
sample14_contig_105867,40968,5,Y,N,1,*,105867,
sample14_contig_108558,40913,5,Y,N,1,*,108558,
sample14_contig_108415,40910,23,Y,N,5,*,108415,
sample14_contig_103751,40563,6,Y,N,1,*,103751,
sample14_contig_108657,40480,8,Y,N,2,*,108657,
sample14_contig_107187,40319,11,Y,N,3,*,107187,
sample14_contig_107723,40280,5,Y,Y,1,212,107723,
sample14_contig_108627,39779,17,Y,N,3,*,108627,
sample14_contig_108600,39577,5,Y,N,1,*,108600,
sample14_contig_105269,39560,10,Y,N,2,*,105269,
sample14_contig_104211,39479,12,Y,N,2,*,104211,
sample14_contig_43153,39424,8,Y,N,2,*,43153,
sample14_contig_103036,39406,3,Y,N,1,*,103036,
sample14_contig_106781,39364,16,Y,N,3,*,106781,
sample14_contig_108688,39288,4,Y,N,1,*,108688,
sample14_contig_85826,38870,8,Y,N,2,*,85826,
sample14_contig_108545,38787,18,Y,N,3,*,108545,
sample14_contig_106972,38627,5,Y,N,1,*,106972,
sample14_contig_108497,38311,6,Y,N,1,*,108497,
sample14_contig_108651,38247,4,Y,N,1,*,108651,
sample14_contig_108451,37551,6,Y,N,1,*,108451,
sample14_contig_108530,37078,13,Y,N,3,*,108530,
sample14_contig_108470,35066,9,Y,N,2,*,108470,
sample14_contig_107967,32084,7,Y,N,1,*,107967,
sample14_contig_108037,31736,3,Y,Y,1,*,108037,
sample14_contig_105978,30674,6,Y,N,1,*,105978,
sample14_contig_107935,30536,3,Y,N,1,*,107935,
sample14_contig_106536,30488,5,Y,Y,1,*,106536,
sample14_contig_105903,27333,3,Y,Y,1,*,105903,
sample14_contig_107630,25492,5,Y,Y,1,210,107630,
sample14_contig_108514,25412,16,Y,N,4,*,108514,
sample14_contig_104369,24053,9,Y,N,2,*,104369,
sample14_contig_106802,23993,7,Y,N,2,*,106802,
sample14_contig_104268,23403,4,Y,N,1,*,104268,
sample14_contig_103277,23191,7,Y,N,2,*,103277,
sample14_contig_25438,23126,12,Y,N,2,*,25438,
sample14_contig_2150,22847,3,Y,Y,1,10,2150,
sample14_contig_32050,22161,5,Y,Y,1,94,32050,
sample14_contig_96671,21777,14,Y,N,3,*,96671,
sample14_contig_108666,21690,9,Y,N,1,*,108666,
sample14_contig_103108,21628,5,Y,N,1,*,103108,
sample14_contig_108702,20893,4,Y,N,1,*,108702,
sample14_contig_123,20460,3,Y,N,1,*,123,
sample14_contig_104233,16718,6,Y,N,1,*,104233,
sample14_contig_106233,16634,11,Y,N,3,*,106233,
sample14_contig_108617,16498,11,Y,N,2,*,108617,
sample14_contig_107311,16492,18,Y,N,4,*,107311,
sample14_contig_9017,16030,22,Y,N,5,*,9017,
sample14_contig_108542,15888,19,Y,N,4,*,108542,
sample14_contig_105518,15326,12,Y,N,2,*,105518,
sample14_contig_106967,14640,10,Y,N,2,*,106967,
sample14_contig_73815,13397,88,Y,N,22,*,73815,
sample14_contig_44687,12680,6,Y,Y,1,2854,44687,
sample14_contig_12361,12471,6,Y,N,1,*,12361,
sample14_contig_20805,12233,9,Y,Y,2,2902,20805,
sample14_contig_34073,12218,17,Y,Y,4,2766,34073,
sample14_contig_104336,11956,3,Y,Y,1,192,104336,
sample14_contig_38868,11496,6,Y,N,1,*,38868,
sample14_contig_33719,11493,4,Y,Y,1,102,33719,
sample14_contig_54233,11008,27,Y,N,6,*,54233,
sample14_contig_30267,10566,4,Y,Y,2,*,30267,
sample14_contig_106601,10455,17,Y,Y,3,204,106601,
sample14_contig_12519,10247,10,Y,N,1,*,12519,
sample14_contig_49318,10191,4,Y,Y,1,3508,49318,
sample14_contig_52022,10052,7,Y,Y,1,132,52022,
sample14_contig_42087,10049,4,Y,Y,1,124,42087,
sample14_contig_107423,10015,6,Y,N,1,*,107423,
sample14_contig_108659,9858,18,Y,N,3,*,108659,
sample14_contig_108165,9771,10,Y,N,1,*,108165,
sample14_contig_12736,9518,3,Y,Y,1,42,12736,
sample14_contig_12325,9186,3,Y,Y,1,3074,12325,
sample14_contig_26654,9090,3,Y,Y,1,84,26654,
sample14_contig_400,9011,3,Y,Y,1,4,400,
sample14_contig_58936,8358,4,Y,Y,1,146,58936,
sample14_contig_107851,8174,4,Y,Y,1,*,107851,
sample14_contig_84819,8095,5,Y,Y,1,3012,84819,
sample14_contig_108696,7832,6,Y,N,1,*,108696,
sample14_contig_56330,7748,3,Y,N,1,*,56330,
sample14_contig_52197,7436,4,Y,Y,1,3324,52197,
sample14_contig_63002,7415,3,Y,N,1,*,63002,
sample14_contig_106993,7105,12,Y,N,2,*,106993,
sample14_contig_39037,7085,22,Y,Y,4,3450,39037,
sample14_contig_108638,6976,11,Y,N,3,*,108638,
sample14_contig_104194,6539,8,Y,N,1,*,104194,
sample14_contig_103882,6421,13,Y,N,2,*,103882,
sample14_contig_27830,5725,5,Y,Y,1,3342,27830,
sample14_contig_107728,5406,7,Y,N,2,*,107728,
sample14_contig_104477,5400,3,Y,Y,1,3186,104477,
sample14_contig_16920,5057,6,Y,Y,1,4432,16920,
sample14_contig_103177,4944,19,Y,Y,4,*,103177,
sample14_contig_107225,4769,8,Y,Y,2,*,107225,
sample14_contig_22254,4699,11,Y,Y,3,*,22254,
sample14_contig_108519,4696,12,Y,Y,3,*,108519,
sample14_contig_77516,4590,10,Y,Y,2,*,77516,
sample14_contig_28433,4561,3,Y,Y,1,3354,28433,
sample14_contig_105253,4453,25,Y,Y,5,*,105253,
sample14_contig_107440,4368,10,Y,Y,2,*,107440,
sample14_contig_104524,4315,4,Y,Y,1,*,104524,
sample14_contig_84814,4290,10,Y,Y,1,*,84814,
sample14_contig_45029,4191,20,Y,Y,5,*,45029,
sample14_contig_64488,4127,20,Y,Y,4,*,64488,
sample14_contig_84836,3969,5,Y,Y,1,*,84836,
sample14_contig_79946,3863,5,Y,Y,1,*,79946,
sample14_contig_5133,3832,9,Y,Y,1,*,5133,
sample14_contig_26530,3748,19,Y,Y,4,*,26530,
sample14_contig_106930,3594,3,Y,Y,1,208,106930,
sample14_contig_106882,3163,3,Y,Y,1,2978,106882,
sample14_contig_32091,3028,4,Y,Y,1,3708,32091,
sample14_contig_105043,2718,3,Y,Y,1,3564,105043,
sample14_contig_12444,2005,3,Y,Y,1,2736,12444,
sample14_contig_4783,1610,8,Y,Y,1,2866,4783,
sample14_contig_17238,616,7,Y,Y,1,3196,17238,
sample14_contig_56158,467,3,Y,Y,1,3396,56158,
sample15_contig_61487,137288,14,Y,N,2,*,61487,
sample15_contig_13197,130877,34,Y,N,5,*,13197,
sample15_contig_113002,120277,44,Y,N,7,*,113002,
sample15_contig_27306,118600,13,Y,N,2,*,27306,
sample15_contig_111151,117018,13,Y,N,2,*,111151,
sample15_contig_113018,103102,5,Y,N,1,*,113018,
sample15_contig_45066,97897,23,Y,N,3,*,45066,
sample15_contig_112803,96309,24,Y,N,3,*,112803,
sample15_contig_29090,95554,23,Y,N,3,*,29090,
sample15_contig_113009,92453,5,Y,N,1,*,113009,
sample15_contig_2079,88512,22,Y,N,3,*,2079,
sample15_contig_25944,86190,12,Y,N,2,*,25944,
sample15_contig_112993,85891,7,Y,N,1,*,112993,
sample15_contig_27157,83067,14,Y,N,2,*,27157,
sample15_contig_111245,82655,17,Y,N,2,*,111245,
sample15_contig_112586,80743,12,Y,N,2,*,112586,
sample15_contig_55334,75592,16,Y,N,2,*,55334,
sample15_contig_112763,72281,49,Y,N,7,*,112763,
sample15_contig_110232,72131,9,Y,N,1,*,110232,
sample15_contig_112745,71307,7,Y,N,1,*,112745,
sample15_contig_112701,70400,19,Y,N,3,*,112701,
sample15_contig_109826,69855,11,Y,N,2,*,109826,
sample15_contig_112909,69687,5,Y,N,1,*,112909,
sample15_contig_112875,68780,3,Y,N,1,*,112875,
sample15_contig_112992,66539,29,Y,N,4,*,112992,
sample15_contig_112920,65835,11,Y,N,1,*,112920,
sample15_contig_112106,65055,5,Y,N,1,*,112106,
sample15_contig_20575,64039,19,Y,N,3,*,20575,
sample15_contig_109088,62701,28,Y,N,4,*,109088,
sample15_contig_23358,60904,43,Y,N,6,*,23358,
sample15_contig_113022,60811,3,Y,N,1,*,113022,
sample15_contig_32558,60608,13,Y,N,2,*,32558,
sample15_contig_108083,58783,14,Y,N,2,*,108083,
sample15_contig_113025,56695,6,Y,N,1,*,113025,
sample15_contig_40186,55190,15,Y,N,2,*,40186,
sample15_contig_109755,50911,16,Y,N,2,*,109755,
sample15_contig_112755,50174,43,Y,N,6,*,112755,
sample15_contig_109170,50152,9,Y,N,1,*,109170,
sample15_contig_102582,49305,44,Y,N,6,*,102582,
sample15_contig_110386,49199,6,Y,N,1,*,110386,
sample15_contig_112879,48975,10,Y,N,1,*,112879,
sample15_contig_112675,48950,31,Y,N,4,*,112675,
sample15_contig_106028,48337,11,Y,N,2,*,106028,
sample15_contig_112861,48310,15,Y,N,2,*,112861,
sample15_contig_111192,48238,5,Y,N,1,*,111192,
sample15_contig_3603,47961,9,Y,Y,1,22,3603,
sample15_contig_90719,47807,11,Y,N,2,*,90719,
sample15_contig_106244,47349,27,Y,N,4,*,106244,
sample15_contig_112535,47324,8,Y,N,1,*,112535,
sample15_contig_110801,47046,26,Y,N,4,*,110801,
sample15_contig_112751,46748,8,Y,N,1,*,112751,
sample15_contig_71921,46528,38,Y,N,6,*,71921,
sample15_contig_4122,46128,53,Y,N,8,*,4122,
sample15_contig_109635,46054,14,Y,N,2,*,109635,
sample15_contig_112275,45941,35,Y,N,5,*,112275,
sample15_contig_108555,45928,9,Y,N,1,*,108555,
sample15_contig_112990,45548,3,Y,N,1,*,112990,
sample15_contig_112512,45187,42,Y,N,6,*,112512,
sample15_contig_112080,45023,14,Y,N,2,*,112080,
sample15_contig_112933,44890,78,Y,N,12,*,112933,
sample15_contig_108038,44734,6,Y,N,1,*,108038,
sample15_contig_113013,44580,26,Y,N,4,*,113013,
sample15_contig_112703,44136,12,Y,N,2,*,112703,
sample15_contig_111746,43722,15,Y,N,2,*,111746,
sample15_contig_108842,43301,10,Y,N,1,*,108842,
sample15_contig_87512,42702,18,Y,N,3,*,87512,
sample15_contig_112936,42372,18,Y,N,2,*,112936,
sample15_contig_58048,42087,24,Y,N,3,*,58048,
sample15_contig_109728,42049,15,Y,N,2,*,109728,
sample15_contig_112718,41918,12,Y,N,2,*,112718,
sample15_contig_44726,40910,27,Y,N,3,*,44726,
sample15_contig_36091,40737,18,Y,N,3,*,36091,
sample15_contig_110314,40724,12,Y,N,2,*,110314,
sample15_contig_109076,40702,6,Y,Y,2,*,109076,
sample15_contig_36090,40647,12,Y,N,2,*,36090,
sample15_contig_106330,40196,7,Y,N,1,*,106330,
sample15_contig_107028,39957,8,Y,N,1,*,107028,
sample15_contig_112665,39930,12,Y,N,2,*,112665,
sample15_contig_59876,39250,23,Y,N,3,*,59876,
sample15_contig_9827,39014,9,Y,N,1,*,9827,
sample15_contig_112965,38976,6,Y,N,1,*,112965,
sample15_contig_112985,37940,7,Y,N,1,*,112985,
sample15_contig_112709,36903,13,Y,N,2,*,112709,
sample15_contig_112625,36597,18,Y,N,2,*,112625,
sample15_contig_31838,36237,5,Y,N,1,*,31838,
sample15_contig_38192,35222,24,Y,N,3,*,38192,
sample15_contig_107090,34828,4,Y,Y,1,*,107090,
sample15_contig_5998,34496,3,Y,Y,1,48,5998,
sample15_contig_112825,33460,9,Y,N,1,*,112825,
sample15_contig_107139,32740,31,Y,N,5,*,107139,
sample15_contig_106516,31955,6,Y,N,1,*,106516,
sample15_contig_5397,31722,70,Y,N,11,*,5397,
sample15_contig_108921,31378,6,Y,N,1,*,108921,
sample15_contig_34901,29475,7,Y,Y,1,262,34901,
sample15_contig_97247,28122,6,Y,Y,2,478,97247,
sample15_contig_37329,28070,10,Y,Y,1,278,37329,
sample15_contig_62422,27294,4,Y,Y,1,394,62422,
sample15_contig_107752,27129,7,Y,Y,1,504,107752,
sample15_contig_1020,25641,3,Y,Y,1,10,1020,
sample15_contig_14159,25302,12,Y,N,2,*,14159,
sample15_contig_103763,24050,14,Y,N,2,*,103763,
sample15_contig_112967,23667,12,Y,Y,6,*,112967,
sample15_contig_107710,23594,8,Y,N,1,*,107710,
sample15_contig_18262,22939,6,Y,Y,1,138,18262,
sample15_contig_107424,22726,14,Y,N,2,*,107424,
sample15_contig_16529,22294,4,Y,Y,1,128,16529,
sample15_contig_12257,21671,13,Y,N,2,*,12257,
sample15_contig_65631,20529,4,Y,N,1,*,65631,
sample15_contig_6407,20243,14,Y,Y,2,50,6407,
sample15_contig_82399,20197,4,Y,Y,1,450,82399,
sample15_contig_67267,19095,3,Y,Y,1,412,67267,
sample15_contig_36431,18775,5,Y,Y,1,272,36431,
sample15_contig_106707,18523,11,Y,Y,2,488,106707,
sample15_contig_34235,17900,6,Y,Y,1,252,34235,
sample15_contig_18263,17444,5,Y,Y,1,140,18263,
sample15_contig_111700,17354,5,Y,N,1,*,111700,
sample15_contig_75870,16936,11,Y,N,1,*,75870,
sample15_contig_58784,16664,6,Y,N,1,*,58784,
sample15_contig_13677,16573,3,Y,Y,1,98,13677,
sample15_contig_112930,16266,13,Y,N,2,*,112930,
sample15_contig_107452,16141,9,Y,Y,1,498,107452,
sample15_contig_112247,15879,6,Y,N,1,*,112247,
sample15_contig_112994,15827,13,Y,N,2,*,112994,
sample15_contig_38165,15757,16,Y,Y,1,8158,38165,
sample15_contig_70822,15729,8,Y,Y,1,430,70822,
sample15_contig_65179,15347,7,Y,Y,1,6742,65179,
sample15_contig_111167,15207,48,Y,N,7,*,111167,
sample15_contig_107971,14874,5,Y,Y,1,506,107971,
sample15_contig_30076,14593,6,Y,Y,1,8238,30076,
sample15_contig_107129,14590,18,Y,N,3,*,107129,
sample15_contig_16128,14535,4,Y,Y,1,6530,16128,
sample15_contig_22256,14526,7,Y,Y,1,7654,22256,
sample15_contig_41422,14277,4,Y,Y,1,302,41422,
sample15_contig_110662,14116,5,Y,N,1,*,110662,
sample15_contig_47018,14025,4,Y,Y,1,7058,47018,
sample15_contig_106113,13963,21,Y,N,3,*,106113,
sample15_contig_89949,13951,8,Y,Y,1,468,89949,
sample15_contig_33640,13950,3,Y,Y,1,248,33640,
sample15_contig_113023,13755,3,Y,Y,1,*,113023,
sample15_contig_66893,13303,6,Y,Y,1,8628,66893,
sample15_contig_20475,13194,3,Y,Y,1,164,20475,
sample15_contig_23794,13026,6,Y,Y,2,190,23794,
sample15_contig_48747,12743,14,Y,Y,2,352,48747,
sample15_contig_87418,12595,3,Y,Y,1,458,87418,
sample15_contig_62423,12559,3,Y,Y,1,6516,62423,
sample15_contig_28055,12421,4,Y,Y,1,218,28055,
sample15_contig_5669,12298,4,Y,Y,1,42,5669,
sample15_contig_74858,12156,10,Y,Y,1,440,74858,
sample15_contig_23536,12069,7,Y,Y,1,6574,23536,
sample15_contig_14958,11862,5,Y,Y,1,7304,14958,
sample15_contig_86752,11667,8,Y,Y,2,456,86752,
sample15_contig_113016,11662,6,Y,N,1,*,113016,
sample15_contig_16773,11501,13,Y,N,1,*,16773,
sample15_contig_7422,11420,9,Y,Y,1,8130,7422,
sample15_contig_67850,11390,4,Y,Y,1,416,67850,
sample15_contig_34595,11348,3,Y,Y,1,6862,34595,
sample15_contig_35794,11315,3,Y,Y,1,268,35794,
sample15_contig_34408,11263,33,Y,Y,4,7794,34408,
sample15_contig_17862,11226,6,Y,N,1,*,17862,
sample15_contig_10778,10714,3,Y,Y,1,76,10778,
sample15_contig_22480,10713,5,Y,N,1,*,22480,
sample15_contig_41410,10704,7,Y,Y,1,300,41410,
sample15_contig_112683,10688,14,Y,Y,2,6654,112683,
sample15_contig_41636,10678,4,Y,Y,1,306,41636,
sample15_contig_42966,10547,13,Y,Y,1,314,42966,
sample15_contig_12900,10218,3,Y,Y,1,7188,12900,
sample15_contig_43798,10162,4,Y,Y,1,320,43798,
sample15_contig_91478,10104,25,Y,Y,4,7620,91478,
sample15_contig_83852,9833,6,Y,Y,1,452,83852,
sample15_contig_47670,9599,48,Y,Y,8,7966,47670,
sample15_contig_33911,9494,5,Y,Y,1,7540,33911,
sample15_contig_32063,9402,3,Y,Y,1,6572,32063,
sample15_contig_110414,9387,5,Y,N,1,*,110414,
sample15_contig_23840,9355,10,Y,Y,1,8154,23840,
sample15_contig_106647,9349,13,Y,N,1,*,106647,
sample15_contig_98219,9210,3,Y,Y,1,480,98219,
sample15_contig_40767,9193,3,Y,Y,1,298,40767,
sample15_contig_4399,8844,3,Y,Y,1,6608,4399,
sample15_contig_111832,8536,6,Y,N,1,*,111832,
sample15_contig_112467,8514,3,Y,Y,1,6972,112467,
sample15_contig_11297,8469,3,Y,Y,1,7052,11297,
sample15_contig_50152,8054,14,Y,Y,1,358,50152,
sample15_contig_17855,7940,30,Y,N,4,*,17855,
sample15_contig_2277,7910,3,Y,Y,1,14,2277,
sample15_contig_10302,7690,3,Y,Y,1,74,10302,
sample15_contig_42016,7642,8,Y,Y,1,*,42016,
sample15_contig_19438,7461,11,Y,N,1,*,19438,
sample15_contig_100809,7397,30,Y,N,4,*,100809,
sample15_contig_1836,7334,18,Y,N,3,*,1836,
sample15_contig_60106,7328,8,Y,Y,1,9144,60106,
sample15_contig_53483,7255,3,Y,N,1,*,53483,
sample15_contig_108474,7151,6,Y,Y,1,7690,108474,
sample15_contig_67511,6484,3,Y,Y,1,10096,67511,
sample15_contig_108472,6180,19,Y,Y,3,7684,108472,
sample15_contig_5216,6010,4,Y,Y,1,38,5216,
sample15_contig_2952,5706,10,Y,Y,1,8818,2952,
sample15_contig_112345,5642,5,Y,N,1,*,112345,
sample15_contig_89203,5521,9,Y,N,1,*,89203,
sample15_contig_111843,5269,4,Y,Y,1,*,111843,
sample15_contig_3612,5151,16,Y,Y,2,6532,3612,
sample15_contig_17019,5122,10,Y,Y,1,6344,17019,
sample15_contig_67984,4681,7,Y,Y,1,*,67984,
sample15_contig_106435,4633,3,Y,Y,1,6554,106435,
sample15_contig_52283,4501,4,Y,Y,1,*,52283,
sample15_contig_25649,4389,26,Y,Y,4,*,25649,
sample15_contig_47917,4184,9,Y,Y,1,*,47917,
sample15_contig_27502,3989,14,Y,Y,2,7874,27502,
sample15_contig_60517,3978,13,Y,Y,2,*,60517,
sample15_contig_106141,3890,6,Y,Y,1,*,106141,
sample15_contig_14164,3817,6,Y,Y,1,7120,14164,
sample15_contig_12667,3810,3,Y,Y,1,8614,12667,
sample15_contig_4710,3779,7,Y,Y,1,8096,4710,
sample15_contig_60412,3696,11,Y,Y,1,*,60412,
sample15_contig_2766,3646,18,Y,Y,3,*,2766,
sample15_contig_112139,2642,5,Y,Y,1,7416,112139,
sample15_contig_16666,2538,9,Y,Y,1,6852,16666,
sample15_contig_111007,2439,19,Y,Y,3,8792,111007,
sample15_contig_53025,2218,5,Y,Y,1,368,53025,
sample15_contig_109897,1983,4,Y,Y,1,8170,109897,
sample15_contig_28984,1632,10,Y,Y,1,8946,28984,
sample15_contig_46381,1222,3,Y,Y,1,7490,46381,
sample15_contig_53290,936,18,Y,Y,3,*,53290,
sample15_contig_40153,851,4,Y,Y,1,292,40153,
sample15_contig_9980,670,15,Y,Y,2,7008,9980,
sample15_contig_42445,593,4,Y,Y,1,312,42445,
sample15_contig_38996,585,139,Y,Y,22,*,38996,
sample15_contig_23802,555,8,Y,Y,1,192,23802,
sample15_contig_4091,527,6,Y,Y,1,6568,4091,
sample15_contig_19934,510,20,Y,Y,3,*,19934,
sample16_contig_105941,155545,6,Y,N,1,*,105941,
sample16_contig_106461,120236,9,Y,N,1,*,106461,
sample16_contig_111553,82447,7,Y,N,1,*,111553,
sample16_contig_109687,78296,15,Y,N,2,*,109687,
sample16_contig_19002,72607,37,Y,N,7,*,19002,
sample16_contig_111249,67218,6,Y,N,1,*,111249,
sample16_contig_111488,65750,10,Y,N,2,*,111488,
sample16_contig_104394,64600,6,Y,N,1,*,104394,
sample16_contig_106600,64492,10,Y,N,2,*,106600,
sample16_contig_110978,63132,12,Y,N,2,*,110978,
sample16_contig_111545,62847,4,Y,N,1,*,111545,
sample16_contig_111568,48949,6,Y,N,1,*,111568,
sample16_contig_104722,48278,13,Y,N,2,*,104722,
sample16_contig_106049,47298,17,Y,N,3,*,106049,
sample16_contig_111345,46447,4,Y,N,1,*,111345,
sample16_contig_79984,45854,7,Y,N,1,*,79984,
sample16_contig_109974,43999,3,Y,Y,1,*,109974,
sample16_contig_78665,43550,9,Y,N,1,*,78665,
sample16_contig_3329,42440,6,Y,N,1,*,3329,
sample16_contig_111482,42351,40,Y,N,8,*,111482,
sample16_contig_111573,41463,7,Y,N,1,*,111573,
sample16_contig_110580,40959,9,Y,N,1,*,110580,
sample16_contig_111391,40093,19,Y,N,3,*,111391,
sample16_contig_111464,39914,7,Y,N,1,*,111464,
sample16_contig_111581,38887,14,Y,N,2,*,111581,
sample16_contig_111407,38755,14,Y,N,2,*,111407,
sample16_contig_109240,38518,4,Y,Y,1,584,109240,
sample16_contig_10893,37637,9,Y,Y,1,88,10893,
sample16_contig_111330,37612,11,Y,N,2,*,111330,
sample16_contig_85249,37405,4,Y,Y,1,462,85249,
sample16_contig_111370,36123,5,Y,N,1,*,111370,
sample16_contig_24612,36069,9,Y,N,1,*,24612,
sample16_contig_75464,35232,6,Y,N,1,*,75464,
sample16_contig_111185,35101,5,Y,N,1,*,111185,
sample16_contig_41285,35096,3,Y,Y,1,300,41285,
sample16_contig_32960,33901,6,Y,Y,2,*,32960,
sample16_contig_107218,33854,17,Y,N,3,*,107218,
sample16_contig_45942,30644,3,Y,Y,1,320,45942,
sample16_contig_108421,30276,9,Y,N,1,*,108421,
sample16_contig_109196,29692,4,Y,N,1,*,109196,
sample16_contig_105927,28526,17,Y,Y,3,518,105927,
sample16_contig_11322,28261,10,Y,N,2,*,11322,
sample16_contig_17468,27969,3,Y,Y,1,140,17468,
sample16_contig_16774,26242,8,Y,Y,1,134,16774,
sample16_contig_52837,24840,7,Y,Y,1,362,52837,
sample16_contig_8930,24686,18,Y,Y,3,76,8930,
sample16_contig_18101,24450,3,Y,Y,1,150,18101,
sample16_contig_10230,24350,3,Y,Y,1,80,10230,
sample16_contig_12074,23803,6,Y,Y,1,100,12074,
sample16_contig_12534,23706,8,Y,Y,2,106,12534,
sample16_contig_26365,22860,4,Y,Y,1,218,26365,
sample16_contig_111199,22856,6,Y,N,1,*,111199,
sample16_contig_11157,22677,13,Y,Y,2,92,11157,
sample16_contig_111420,22487,4,Y,N,1,*,111420,
sample16_contig_53773,22359,4,Y,Y,1,364,53773,
sample16_contig_111393,22043,3,Y,N,1,*,111393,
sample16_contig_111473,21842,6,Y,N,1,*,111473,
sample16_contig_7427,20296,4,Y,Y,1,60,7427,
sample16_contig_72080,20195,4,Y,Y,1,428,72080,
sample16_contig_59311,19111,3,Y,Y,1,388,59311,
sample16_contig_61524,19097,7,Y,Y,1,398,61524,
sample16_contig_38641,19042,4,Y,Y,1,288,38641,
sample16_contig_21611,19009,5,Y,Y,1,182,21611,
sample16_contig_49483,18599,5,Y,Y,1,342,49483,
sample16_contig_110704,17386,3,Y,Y,1,*,110704,
sample16_contig_111584,17224,5,Y,N,1,*,111584,
sample16_contig_13918,16990,4,Y,Y,1,114,13918,
sample16_contig_111450,16199,6,Y,N,1,*,111450,
sample16_contig_108641,15850,7,Y,Y,1,7446,108641,
sample16_contig_46774,15260,4,Y,Y,1,326,46774,
sample16_contig_30215,15117,8,Y,Y,1,242,30215,
sample16_contig_14606,15111,4,Y,Y,1,116,14606,
sample16_contig_109056,14166,5,Y,Y,1,*,109056,
sample16_contig_105778,13637,6,Y,N,1,*,105778,
sample16_contig_807,13607,8,Y,Y,1,6,807,
sample16_contig_19639,13434,14,Y,N,2,*,19639,
sample16_contig_5995,12661,6,Y,N,1,*,5995,
sample16_contig_31999,12471,3,Y,Y,1,260,31999,
sample16_contig_108575,12424,5,Y,Y,1,6408,108575,
sample16_contig_31268,12278,11,Y,Y,1,252,31268,
sample16_contig_29028,12260,10,Y,Y,2,230,29028,
sample16_contig_39414,12008,3,Y,Y,1,292,39414,
sample16_contig_96749,11983,4,Y,Y,1,486,96749,
sample16_contig_20526,11831,4,Y,Y,1,6834,20526,
sample16_contig_108977,11690,50,Y,N,9,*,108977,
sample16_contig_87341,11579,4,Y,Y,1,7536,87341,
sample16_contig_66879,11346,3,Y,Y,1,7640,66879,
sample16_contig_14659,11296,13,Y,Y,2,118,14659,
sample16_contig_1472,11230,4,Y,Y,1,10,1472,
sample16_contig_20574,11121,3,Y,Y,1,172,20574,
sample16_contig_78005,11039,5,Y,N,1,*,78005,
sample16_contig_69980,10670,4,Y,N,1,*,69980,
sample16_contig_84418,10624,13,Y,Y,2,5654,84418,
sample16_contig_92134,10581,4,Y,N,1,*,92134,
sample16_contig_21189,10409,4,Y,N,1,*,21189,
sample16_contig_20946,10350,8,Y,Y,1,178,20946,
sample16_contig_19826,10331,4,Y,Y,1,160,19826,
sample16_contig_22698,10313,5,Y,Y,1,6568,22698,
sample16_contig_80434,10273,7,Y,Y,2,*,80434,
sample16_contig_61308,10264,3,Y,N,1,*,61308,
sample16_contig_62599,10108,12,Y,Y,2,*,62599,
sample16_contig_107488,9775,5,Y,Y,1,6314,107488,
sample16_contig_110879,9763,3,Y,Y,1,608,110879,
sample16_contig_38999,9595,12,Y,Y,2,290,38999,
sample16_contig_8923,9545,7,Y,Y,1,6414,8923,
sample16_contig_92583,9490,5,Y,Y,1,13596,92583,
sample16_contig_86293,9475,3,Y,Y,1,7818,86293,
sample16_contig_57166,9385,8,Y,Y,1,5658,57166,
sample16_contig_107098,9306,10,Y,Y,2,6948,107098,
sample16_contig_29653,9155,3,Y,Y,1,7166,29653,
sample16_contig_23343,8881,14,Y,Y,2,192,23343,
sample16_contig_69846,8840,4,Y,N,1,*,69846,
sample16_contig_52477,8651,4,Y,Y,1,358,52477,
sample16_contig_45352,8363,10,Y,Y,2,5802,45352,
sample16_contig_56550,8081,3,Y,Y,1,8272,56550,
sample16_contig_19143,7894,4,Y,N,1,*,19143,
sample16_contig_27451,7807,4,Y,Y,1,5792,27451,
sample16_contig_27389,7641,9,Y,N,2,*,27389,
sample16_contig_109622,7633,16,Y,N,2,*,109622,
sample16_contig_69205,7633,3,Y,Y,1,7790,69205,
sample16_contig_98630,7565,3,Y,Y,1,5700,98630,
sample16_contig_2575,7558,32,Y,N,4,*,2575,
sample16_contig_47241,7327,5,Y,Y,1,7586,47241,
sample16_contig_42452,7209,19,Y,N,3,*,42452,
sample16_contig_36953,7023,12,Y,Y,2,*,36953,
sample16_contig_54128,6803,5,Y,Y,1,366,54128,
sample16_contig_72895,6423,9,Y,Y,1,432,72895,
sample16_contig_45091,6300,5,Y,Y,1,7664,45091,
sample16_contig_111557,6105,14,Y,N,2,*,111557,
sample16_contig_12490,5908,3,Y,Y,1,6500,12490,
sample16_contig_107153,5776,3,Y,Y,1,6012,107153,
sample16_contig_7672,5359,16,Y,Y,3,6206,7672,
sample16_contig_111031,5325,8,Y,N,1,*,111031,
sample16_contig_47736,4946,3,Y,Y,1,5866,47736,
sample16_contig_81440,4940,3,Y,Y,1,8132,81440,
sample16_contig_107122,4702,17,Y,Y,3,*,107122,
sample16_contig_65582,4596,8,Y,Y,1,6002,65582,
sample16_contig_110467,4251,4,Y,Y,1,8250,110467,
sample16_contig_80382,4241,6,Y,Y,1,*,80382,
sample16_contig_52043,4186,4,Y,Y,1,356,52043,
sample16_contig_109416,3934,6,Y,Y,1,8068,109416,
sample16_contig_12795,3933,4,Y,Y,1,9040,12795,
sample16_contig_88723,3927,12,Y,Y,2,*,88723,
sample16_contig_9597,3851,16,Y,Y,2,*,9597,
sample16_contig_38811,3781,13,Y,Y,2,*,38811,
sample16_contig_11807,3662,4,Y,Y,1,6284,11807,
sample16_contig_108327,3577,7,Y,Y,1,6794,108327,
sample16_contig_106290,3360,3,Y,Y,1,10172,106290,
sample16_contig_87700,3014,19,Y,Y,3,*,87700,
sample16_contig_104884,2939,3,Y,Y,1,5952,104884,
sample16_contig_109814,2937,3,Y,Y,1,8052,109814,
sample16_contig_58899,2791,9,Y,Y,1,7708,58899,
sample16_contig_110039,2788,19,Y,Y,3,7718,110039,
sample16_contig_30646,2719,5,Y,Y,1,7206,30646,
sample16_contig_15985,2701,3,Y,Y,1,8092,15985,
sample16_contig_106469,2558,6,Y,Y,1,530,106469,
sample16_contig_107933,2135,6,Y,Y,1,7916,107933,
sample16_contig_45588,1747,3,Y,Y,1,7550,45588,
sample16_contig_66825,1677,5,Y,Y,1,5684,66825,
sample16_contig_85626,1385,43,Y,Y,8,*,85626,
sample16_contig_6248,1105,5,Y,Y,1,7530,6248,
sample16_contig_7749,973,19,Y,Y,3,70,7749,
sample16_contig_20444,961,5,Y,Y,1,8120,20444,
sample16_contig_9205,903,6,Y,Y,1,7908,9205,
sample16_contig_7550,802,34,Y,Y,6,62,7550,
sample16_contig_7960,801,61,Y,Y,12,*,7960,
sample16_contig_13148,691,9,Y,Y,1,8070,13148,
sample16_contig_39730,643,10,Y,Y,1,*,39730,
sample16_contig_49200,634,20,Y,Y,6,340,49200,
sample16_contig_25037,515,19,Y,Y,3,6420,25037,
sample16_contig_42527,507,4,Y,Y,1,7618,42527,
sample16_contig_33548,376,4,Y,Y,1,7292,33548,
sample16_contig_14922,257,3,Y,Y,1,6616,14922,
sample17_contig_5083,161406,9,Y,N,1,*,5083,
sample17_contig_60502,142558,6,Y,N,1,*,60502,
sample17_contig_87155,125313,14,Y,N,3,*,87155,
sample17_contig_107717,95072,22,Y,N,3,*,107717,
sample17_contig_36980,88283,6,Y,N,1,*,36980,
sample17_contig_99694,82272,3,Y,N,1,*,99694,
sample17_contig_107779,75084,4,Y,N,1,*,107779,
sample17_contig_111044,73292,3,Y,N,1,*,111044,
sample17_contig_110834,73196,4,Y,N,1,*,110834,
sample17_contig_110880,72121,14,Y,N,2,*,110880,
sample17_contig_110618,71555,23,Y,N,4,*,110618,
sample17_contig_110649,69908,9,Y,N,2,*,110649,
sample17_contig_106392,68830,10,Y,N,1,*,106392,
sample17_contig_108878,68543,14,Y,N,2,*,108878,
sample17_contig_61339,68080,42,Y,N,8,*,61339,
sample17_contig_111032,66658,17,Y,N,2,*,111032,
sample17_contig_105738,66286,8,Y,N,1,*,105738,
sample17_contig_110989,66224,16,Y,N,2,*,110989,
sample17_contig_109828,65351,15,Y,N,2,*,109828,
sample17_contig_110865,65128,19,Y,N,3,*,110865,
sample17_contig_110861,64957,9,Y,N,1,*,110861,
sample17_contig_109698,58565,5,Y,N,1,*,109698,
sample17_contig_110386,55618,6,Y,N,1,*,110386,
sample17_contig_109002,52657,13,Y,N,2,*,109002,
sample17_contig_110822,51988,6,Y,N,1,*,110822,
sample17_contig_107334,51244,4,Y,N,1,*,107334,
sample17_contig_110680,50770,16,Y,N,3,*,110680,
sample17_contig_110700,49663,8,Y,N,1,*,110700,
sample17_contig_110983,48988,7,Y,N,1,*,110983,
sample17_contig_10087,48794,30,Y,N,5,*,10087,
sample17_contig_110717,48471,12,Y,N,2,*,110717,
sample17_contig_107016,48202,9,Y,N,1,*,107016,
sample17_contig_109730,48138,9,Y,N,1,*,109730,
sample17_contig_108805,48040,3,Y,N,1,*,108805,
sample17_contig_109376,47057,20,Y,N,3,*,109376,
sample17_contig_29383,46441,17,Y,N,2,*,29383,
sample17_contig_107367,46338,20,Y,N,3,*,107367,
sample17_contig_110944,46303,5,Y,N,1,*,110944,
sample17_contig_41552,46268,24,Y,Y,4,390,41552,
sample17_contig_106494,46136,8,Y,N,1,*,106494,
sample17_contig_107892,45740,7,Y,N,1,*,107892,
sample17_contig_110729,45441,15,Y,N,2,*,110729,
sample17_contig_107304,45094,34,Y,N,7,*,107304,
sample17_contig_106474,44419,5,Y,N,1,*,106474,
sample17_contig_109420,44156,7,Y,N,1,*,109420,
sample17_contig_24818,43977,30,Y,N,5,*,24818,
sample17_contig_38134,43868,13,Y,N,2,*,38134,
sample17_contig_110477,43713,5,Y,N,1,*,110477,
sample17_contig_102887,43419,6,Y,N,1,*,102887,
sample17_contig_108577,43110,11,Y,N,1,*,108577,
sample17_contig_110905,43000,6,Y,N,1,*,110905,
sample17_contig_11885,42532,4,Y,Y,1,140,11885,
sample17_contig_22981,42483,7,Y,Y,1,270,22981,
sample17_contig_106662,42474,5,Y,N,1,*,106662,
sample17_contig_47493,42002,8,Y,N,1,*,47493,
sample17_contig_92148,41632,18,Y,N,3,*,92148,
sample17_contig_106562,41503,5,Y,N,1,*,106562,
sample17_contig_106686,41454,25,Y,N,4,*,106686,
sample17_contig_106376,40845,8,Y,N,1,*,106376,
sample17_contig_84901,40768,7,Y,N,1,*,84901,
sample17_contig_110949,40734,6,Y,N,1,*,110949,
sample17_contig_89883,40409,6,Y,N,1,*,89883,
sample17_contig_110811,40139,56,Y,N,10,*,110811,
sample17_contig_77651,40030,21,Y,N,3,*,77651,
sample17_contig_109703,39767,12,Y,N,1,*,109703,
sample17_contig_109611,39704,11,Y,N,2,*,109611,
sample17_contig_110882,39073,22,Y,N,4,*,110882,
sample17_contig_107335,38648,3,Y,N,1,*,107335,
sample17_contig_105629,38424,14,Y,Y,2,676,105629,
sample17_contig_110967,38328,35,Y,N,7,*,110967,
sample17_contig_110227,38198,9,Y,N,1,*,110227,
sample17_contig_111007,37315,7,Y,N,1,*,111007,
sample17_contig_108548,36857,34,Y,N,7,*,108548,
sample17_contig_109592,35145,4,Y,N,1,*,109592,
sample17_contig_110958,34245,3,Y,N,1,*,110958,
sample17_contig_72935,30682,7,Y,N,1,*,72935,
sample17_contig_87735,29585,3,Y,Y,1,634,87735,
sample17_contig_110859,28159,6,Y,N,1,*,110859,
sample17_contig_106168,28003,3,Y,Y,1,*,106168,
sample17_contig_304,27486,11,Y,N,2,*,304,
sample17_contig_109758,27406,33,Y,N,5,*,109758,
sample17_contig_107780,26437,3,Y,Y,1,710,107780,
sample17_contig_96764,25346,17,Y,N,3,*,96764,
sample17_contig_6431,25266,6,Y,Y,1,66,6431,
sample17_contig_106718,24418,6,Y,Y,1,700,106718,
sample17_contig_21802,24033,3,Y,Y,1,260,21802,
sample17_contig_99219,23458,4,Y,Y,1,658,99219,
sample17_contig_6509,23160,10,Y,Y,1,68,6509,
sample17_contig_111039,22469,7,Y,N,1,*,111039,
sample17_contig_2616,21961,14,Y,Y,2,22,2616,
sample17_contig_83169,21829,4,Y,N,1,*,83169,
sample17_contig_108560,21818,5,Y,Y,1,726,108560,
sample17_contig_110984,21658,12,Y,N,1,*,110984,
sample17_contig_82752,20944,3,Y,Y,1,594,82752,
sample17_contig_61782,20833,3,Y,Y,1,*,61782,
sample17_contig_72172,20759,4,Y,Y,1,552,72172,
sample17_contig_14275,20211,3,Y,Y,1,182,14275,
sample17_contig_35931,19877,14,Y,N,3,*,35931,
sample17_contig_47066,19776,5,Y,Y,1,432,47066,
sample17_contig_12363,19774,4,Y,Y,1,152,12363,
sample17_contig_81611,19255,21,Y,Y,3,584,81611,
sample17_contig_106709,18753,3,Y,N,1,*,106709,
sample17_contig_95445,18590,4,Y,Y,1,656,95445,
sample17_contig_72464,18309,30,Y,Y,5,554,72464,
sample17_contig_13487,18018,7,Y,N,1,*,13487,
sample17_contig_2840,17584,4,Y,Y,1,24,2840,
sample17_contig_44040,17245,9,Y,Y,2,408,44040,
sample17_contig_109304,17111,9,Y,N,2,*,109304,
sample17_contig_111010,17078,44,Y,N,8,*,111010,
sample17_contig_41536,16601,15,Y,Y,2,7734,41536,
sample17_contig_86681,15731,3,Y,Y,1,626,86681,
sample17_contig_109986,15716,10,Y,Y,10,*,109986,
sample17_contig_1831,15628,4,Y,Y,1,14,1831,
sample17_contig_10057,15310,9,Y,Y,1,120,10057,
sample17_contig_82298,15298,3,Y,Y,1,588,82298,
sample17_contig_105631,15263,12,Y,Y,2,7672,105631,
sample17_contig_108782,15211,6,Y,N,1,*,108782,
sample17_contig_17822,15170,6,Y,N,1,*,17822,
sample17_contig_37556,14872,5,Y,Y,1,364,37556,
sample17_contig_111041,14740,74,Y,N,14,*,111041,
sample17_contig_92163,14328,4,Y,Y,1,648,92163,
sample17_contig_24794,14136,4,Y,Y,1,280,24794,
sample17_contig_105901,13984,5,Y,N,1,*,105901,
sample17_contig_17977,13981,6,Y,Y,1,220,17977,
sample17_contig_3614,13885,6,Y,Y,1,40,3614,
sample17_contig_110736,13634,9,Y,N,1,*,110736,
sample17_contig_49240,13496,6,Y,Y,1,446,49240,
sample17_contig_104811,13433,5,Y,N,1,*,104811,
sample17_contig_60104,13361,4,Y,N,1,*,60104,
sample17_contig_108852,12311,10,Y,Y,2,7954,108852,
sample17_contig_92959,12096,5,Y,N,1,*,92959,
sample17_contig_12481,11886,11,Y,Y,2,158,12481,
sample17_contig_32170,11464,6,Y,Y,1,336,32170,
sample17_contig_68105,11351,6,Y,Y,3,536,68105,
sample17_contig_27436,11250,15,Y,Y,1,9514,27436,
sample17_contig_109322,11244,108,Y,N,22,*,109322,
sample17_contig_77789,11072,4,Y,Y,1,566,77789,
sample17_contig_108140,10888,3,Y,Y,1,7684,108140,
sample17_contig_106371,10692,7,Y,Y,1,7624,106371,
sample17_contig_42783,10692,5,Y,Y,1,402,42783,
sample17_contig_22151,10667,5,Y,Y,1,266,22151,
sample17_contig_110996,10568,6,Y,N,1,*,110996,
sample17_contig_19368,10539,4,Y,Y,1,232,19368,
sample17_contig_110433,10526,5,Y,Y,1,9474,110433,
sample17_contig_86116,10471,8,Y,Y,2,7346,86116,
sample17_contig_41971,10412,4,Y,Y,1,394,41971,
sample17_contig_8385,10332,10,Y,Y,2,98,8385,
sample17_contig_107713,10192,6,Y,N,1,*,107713,
sample17_contig_18602,9978,10,Y,Y,3,226,18602,
sample17_contig_66226,9804,4,Y,Y,1,522,66226,
sample17_contig_71322,9734,3,Y,Y,1,546,71322,
sample17_contig_48948,9685,5,Y,Y,1,8604,48948,
sample17_contig_79925,9486,8,Y,Y,2,8620,79925,
sample17_contig_84090,9457,7,Y,Y,1,8576,84090,
sample17_contig_105359,9455,5,Y,N,1,*,105359,
sample17_contig_32554,9446,3,Y,Y,1,342,32554,
sample17_contig_66766,9383,5,Y,Y,1,524,66766,
sample17_contig_4881,9299,8,Y,Y,1,7090,4881,
sample17_contig_16218,9237,8,Y,Y,1,8320,16218,
sample17_contig_6894,9106,5,Y,Y,1,7212,6894,
sample17_contig_11221,8981,13,Y,Y,2,7532,11221,
sample17_contig_87366,8943,8,Y,Y,1,630,87366,
sample17_contig_107010,8940,10,Y,N,2,*,107010,
sample17_contig_108411,8884,8,Y,N,1,*,108411,
sample17_contig_50299,8871,6,Y,Y,1,454,50299,
sample17_contig_76207,8765,4,Y,Y,1,9550,76207,
sample17_contig_105254,8471,28,Y,Y,6,10570,105254,
sample17_contig_94777,8450,9,Y,Y,2,9470,94777,
sample17_contig_104355,8361,7,Y,Y,1,9496,104355,
sample17_contig_59710,8227,5,Y,Y,1,16270,59710,
sample17_contig_109764,8197,19,Y,Y,3,8876,109764,
sample17_contig_3541,7968,7,Y,Y,2,34,3541,
sample17_contig_18731,7827,4,Y,Y,1,8012,18731,
sample17_contig_46519,7759,8,Y,Y,1,426,46519,
sample17_contig_64028,7625,21,Y,N,5,*,64028,
sample17_contig_31558,7540,15,Y,Y,2,8600,31558,
sample17_contig_27147,7492,3,Y,Y,1,7712,27147,
sample17_contig_19755,7477,9,Y,Y,3,236,19755,
sample17_contig_27651,7399,13,Y,Y,1,302,27651,
sample17_contig_67010,7394,6,Y,Y,2,526,67010,
sample17_contig_6963,7301,6,Y,Y,1,7222,6963,
sample17_contig_85612,7296,20,Y,N,3,*,85612,
sample17_contig_19050,7198,18,Y,Y,3,*,19050,
sample17_contig_29113,7176,5,Y,Y,1,310,29113,
sample17_contig_46184,7067,5,Y,Y,1,8432,46184,
sample17_contig_110081,6949,9,Y,N,1,*,110081,
sample17_contig_110546,6870,3,Y,Y,1,9402,110546,
sample17_contig_43048,6577,31,Y,Y,6,*,43048,
sample17_contig_9797,6089,106,Y,Y,20,7432,9797,
sample17_contig_5503,5950,5,Y,Y,1,7124,5503,
sample17_contig_44271,5949,3,Y,Y,1,9528,44271,
sample17_contig_29472,5860,3,Y,Y,1,7552,29472,
sample17_contig_30864,5828,5,Y,Y,1,11082,30864,
sample17_contig_110071,5822,5,Y,N,1,*,110071,
sample17_contig_87367,5723,3,Y,Y,1,632,87367,
sample17_contig_110357,5658,5,Y,Y,1,*,110357,
sample17_contig_108075,5501,5,Y,Y,1,9864,108075,
sample17_contig_105726,5332,8,Y,N,2,*,105726,
sample17_contig_4999,5281,11,Y,Y,1,9512,4999,
sample17_contig_5848,5237,19,Y,N,2,*,5848,
sample17_contig_54866,4892,4,Y,Y,1,7362,54866,
sample17_contig_102839,4705,8,Y,Y,1,*,102839,
sample17_contig_102193,4366,12,Y,Y,2,*,102193,
sample17_contig_102866,4351,18,Y,Y,3,*,102866,
sample17_contig_109658,4272,18,Y,Y,3,*,109658,
sample17_contig_28347,4206,3,Y,Y,1,8456,28347,
sample17_contig_110893,4201,4,Y,Y,1,*,110893,
sample17_contig_9517,4036,3,Y,Y,1,7402,9517,
sample17_contig_11925,3921,4,Y,Y,1,7594,11925,
sample17_contig_107151,3771,14,Y,Y,2,*,107151,
sample17_contig_106653,3654,20,Y,Y,3,*,106653,
sample17_contig_57738,3336,9,Y,Y,1,484,57738,
sample17_contig_36110,3120,6,Y,Y,1,*,36110,
sample17_contig_84140,3025,17,Y,Y,3,*,84140,
sample17_contig_7813,3017,4,Y,Y,2,92,7813,
sample17_contig_110647,2201,10,Y,Y,1,9962,110647,
sample17_contig_57594,2000,5,Y,Y,1,6898,57594,
sample17_contig_24090,1692,3,Y,Y,1,*,24090,
sample17_contig_43485,1528,7,Y,Y,3,406,43485,
sample17_contig_109600,1246,20,Y,Y,4,6666,109600,
sample17_contig_7320,936,36,Y,Y,7,*,7320,
sample17_contig_3170,875,7,Y,Y,1,8050,3170,
sample17_contig_15338,861,15,Y,Y,2,9800,15338,
sample17_contig_52778,731,34,Y,Y,6,*,52778,
sample17_contig_25689,662,4,Y,Y,1,290,25689,
sample17_contig_7110,640,7,Y,Y,1,7238,7110,
sample17_contig_20065,611,13,Y,Y,2,*,20065,
sample17_contig_32214,535,4,Y,Y,1,12368,32214,
sample17_contig_4247,523,3,Y,Y,1,7042,4247,
sample17_contig_3136,505,3,Y,Y,1,9520,3136,
sample17_contig_6112,497,3,Y,Y,1,9566,6112,
sample18_contig_23678,437671,17,Y,N,2,*,23678,
sample18_contig_91779,183534,23,Y,N,4,*,91779,
sample18_contig_88092,153435,29,Y,N,4,*,88092,
sample18_contig_89161,149487,31,Y,N,5,*,89161,
sample18_contig_45180,145236,5,Y,N,1,*,45180,
sample18_contig_30863,143478,9,Y,N,1,*,30863,
sample18_contig_33995,136333,6,Y,N,2,*,33995,
sample18_contig_85719,125728,9,Y,N,1,*,85719,
sample18_contig_91509,121970,16,Y,N,2,*,91509,
sample18_contig_90246,110412,22,Y,N,3,*,90246,
sample18_contig_64222,106746,17,Y,N,2,*,64222,
sample18_contig_86375,106573,23,Y,N,3,*,86375,
sample18_contig_85807,101437,12,Y,N,1,*,85807,
sample18_contig_91458,101286,12,Y,N,2,*,91458,
sample18_contig_91673,100362,9,Y,N,1,*,91673,
sample18_contig_23318,96190,12,Y,N,1,*,23318,
sample18_contig_89031,93576,6,Y,N,1,*,89031,
sample18_contig_89142,87552,11,Y,N,1,*,89142,
sample18_contig_91163,87204,68,Y,N,11,*,91163,
sample18_contig_62706,85941,13,Y,N,1,*,62706,
sample18_contig_86178,85852,27,Y,N,4,*,86178,
sample18_contig_90331,82458,12,Y,N,1,*,90331,
sample18_contig_42673,78511,5,Y,N,1,*,42673,
sample18_contig_89460,77000,50,Y,N,8,*,89460,
sample18_contig_85746,76961,10,Y,N,1,*,85746,
sample18_contig_91862,76202,4,Y,N,1,*,91862,
sample18_contig_91658,76042,12,Y,N,2,*,91658,
sample18_contig_3636,75877,50,Y,N,7,*,3636,
sample18_contig_87897,75661,70,Y,N,11,*,87897,
sample18_contig_69461,74671,4,Y,N,2,*,69461,
sample18_contig_91086,74019,4,Y,N,1,*,91086,
sample18_contig_59325,73868,8,Y,N,1,*,59325,
sample18_contig_91802,73815,27,Y,N,4,*,91802,
sample18_contig_89005,72829,18,Y,N,2,*,89005,
sample18_contig_4656,72671,9,Y,N,1,*,4656,
sample18_contig_91836,72161,7,Y,N,1,*,91836,
sample18_contig_91262,72076,14,Y,N,2,*,91262,
sample18_contig_91206,71342,5,Y,N,1,*,91206,
sample18_contig_91856,71059,9,Y,N,1,*,91856,
sample18_contig_91450,71035,8,Y,N,1,*,91450,
sample18_contig_85327,70876,74,Y,N,11,*,85327,
sample18_contig_91702,69991,8,Y,N,1,*,91702,
sample18_contig_91158,69181,3,Y,N,1,*,91158,
sample18_contig_17944,68064,12,Y,N,2,*,17944,
sample18_contig_88145,67940,13,Y,N,1,*,88145,
sample18_contig_87334,67706,23,Y,N,3,*,87334,
sample18_contig_90937,67137,8,Y,N,1,*,90937,
sample18_contig_89091,67114,29,Y,N,5,*,89091,
sample18_contig_91157,67114,5,Y,N,1,*,91157,
sample18_contig_87174,67093,22,Y,N,3,*,87174,
sample18_contig_88593,67053,5,Y,N,1,*,88593,
sample18_contig_41797,66834,18,Y,N,2,*,41797,
sample18_contig_26329,66326,45,Y,N,7,*,26329,
sample18_contig_85143,66318,113,Y,N,18,*,85143,
sample18_contig_91828,65891,16,Y,N,2,*,91828,
sample18_contig_85051,65483,42,Y,N,7,*,85051,
sample18_contig_86450,65324,3,Y,N,1,*,86450,
sample18_contig_80621,64700,47,Y,N,7,*,80621,
sample18_contig_88673,64522,18,Y,N,2,*,88673,
sample18_contig_91463,64057,43,Y,N,7,*,91463,
sample18_contig_89042,63635,7,Y,N,1,*,89042,
sample18_contig_89229,63493,18,Y,N,2,*,89229,
sample18_contig_85912,63448,21,Y,N,3,*,85912,
sample18_contig_91188,63267,9,Y,N,1,*,91188,
sample18_contig_91506,62332,27,Y,N,4,*,91506,
sample18_contig_18895,62280,15,Y,N,1,*,18895,
sample18_contig_91067,61927,42,Y,N,7,*,91067,
sample18_contig_4130,61218,10,Y,N,1,*,4130,
sample18_contig_59732,61030,6,Y,N,1,*,59732,
sample18_contig_55668,60805,14,Y,N,2,*,55668,
sample18_contig_91235,60777,80,Y,N,13,*,91235,
sample18_contig_91417,59489,10,Y,N,1,*,91417,
sample18_contig_87648,59237,21,Y,N,3,*,87648,
sample18_contig_91156,59185,5,Y,N,1,*,91156,
sample18_contig_91057,58746,12,Y,N,2,*,91057,
sample18_contig_85380,58555,6,Y,N,1,*,85380,
sample18_contig_34944,56357,16,Y,N,2,*,34944,
sample18_contig_90781,56152,8,Y,N,1,*,90781,
sample18_contig_89734,56052,4,Y,N,1,*,89734,
sample18_contig_91203,55985,93,Y,N,15,*,91203,
sample18_contig_89638,55794,9,Y,N,1,*,89638,
sample18_contig_85763,55042,22,Y,N,4,*,85763,
sample18_contig_91605,55024,61,Y,N,10,*,91605,
sample18_contig_90360,52904,15,Y,N,2,*,90360,
sample18_contig_85496,52878,5,Y,N,1,*,85496,
sample18_contig_5650,52704,12,Y,N,1,*,5650,
sample18_contig_90603,52678,13,Y,N,2,*,90603,
sample18_contig_88955,52486,23,Y,N,4,*,88955,
sample18_contig_54250,52452,3,Y,Y,1,*,54250,
sample18_contig_91320,51538,14,Y,N,2,*,91320,
sample18_contig_73881,51427,50,Y,N,8,*,73881,
sample18_contig_89812,51307,17,Y,N,3,*,89812,
sample18_contig_90517,51195,12,Y,N,1,*,90517,
sample18_contig_86514,51113,30,Y,N,5,*,86514,
sample18_contig_91222,51107,19,Y,N,3,*,91222,
sample18_contig_91314,50957,17,Y,N,2,*,91314,
sample18_contig_90197,50876,12,Y,N,1,*,90197,
sample18_contig_44518,50863,24,Y,N,3,*,44518,
sample18_contig_91758,50781,5,Y,N,1,*,91758,
sample18_contig_85445,50621,6,Y,N,1,*,85445,
sample18_contig_89378,50289,10,Y,N,2,*,89378,
sample18_contig_91014,50101,21,Y,N,3,*,91014,
sample18_contig_85334,50097,17,Y,N,3,*,85334,
sample18_contig_89196,50036,7,Y,N,1,*,89196,
sample18_contig_91613,49983,21,Y,N,3,*,91613,
sample18_contig_85059,49929,38,Y,N,6,*,85059,
sample18_contig_89615,49605,10,Y,N,1,*,89615,
sample18_contig_90330,49547,10,Y,N,1,*,90330,
sample18_contig_90746,49486,27,Y,N,4,*,90746,
sample18_contig_5826,49380,16,Y,N,2,*,5826,
sample18_contig_91082,49312,45,Y,N,7,*,91082,
sample18_contig_91789,49260,3,Y,N,1,*,91789,
sample18_contig_13410,49172,42,Y,N,7,*,13410,
sample18_contig_91299,49163,10,Y,N,1,*,91299,
sample18_contig_91198,49133,5,Y,N,1,*,91198,
sample18_contig_8892,49124,4,Y,Y,1,*,8892,
sample18_contig_91462,49108,6,Y,N,1,*,91462,
sample18_contig_87690,48989,18,Y,N,2,*,87690,
sample18_contig_85133,48901,55,Y,N,9,*,85133,
sample18_contig_91675,48834,12,Y,N,2,*,91675,
sample18_contig_88749,48832,11,Y,N,2,*,88749,
sample18_contig_91254,48820,12,Y,N,1,*,91254,
sample18_contig_91099,48791,9,Y,N,1,*,91099,
sample18_contig_83007,48701,9,Y,N,1,*,83007,
sample18_contig_91859,48674,18,Y,N,3,*,91859,
sample18_contig_91672,48668,15,Y,N,2,*,91672,
sample18_contig_91817,48613,23,Y,N,4,*,91817,
sample18_contig_91341,48587,5,Y,N,1,*,91341,
sample18_contig_91551,48582,25,Y,N,3,*,91551,
sample18_contig_91650,48537,7,Y,N,1,*,91650,
sample18_contig_36381,48520,5,Y,N,1,*,36381,
sample18_contig_85960,48500,10,Y,N,1,*,85960,
sample18_contig_90714,48402,47,Y,N,7,*,90714,
sample18_contig_91396,48391,10,Y,N,1,*,91396,
sample18_contig_91483,48391,16,Y,N,3,*,91483,
sample18_contig_89679,48375,16,Y,N,2,*,89679,
sample18_contig_91345,48246,4,Y,N,1,*,91345,
sample18_contig_89391,48179,71,Y,N,11,*,89391,
sample18_contig_91027,48165,7,Y,N,1,*,91027,
sample18_contig_90928,48159,11,Y,N,1,*,90928,
sample18_contig_89206,48117,95,Y,N,15,*,89206,
sample18_contig_90970,48051,12,Y,N,2,*,90970,
sample18_contig_87542,47963,6,Y,N,1,*,87542,
sample18_contig_27145,47947,11,Y,N,1,*,27145,
sample18_contig_90387,47930,7,Y,N,1,*,90387,
sample18_contig_67499,47860,44,Y,N,7,*,67499,
sample18_contig_91734,47798,23,Y,N,4,*,91734,
sample18_contig_91063,47750,18,Y,N,2,*,91063,
sample18_contig_89763,47595,16,Y,N,3,*,89763,
sample18_contig_91793,47461,55,Y,N,9,*,91793,
sample18_contig_90573,47449,14,Y,N,2,*,90573,
sample18_contig_91575,47429,14,Y,N,2,*,91575,
sample18_contig_86940,47419,43,Y,N,6,*,86940,
sample18_contig_41874,47339,17,Y,N,2,*,41874,
sample18_contig_85232,47293,37,Y,N,5,*,85232,
sample18_contig_86224,47231,107,Y,N,18,*,86224,
sample18_contig_91656,47179,12,Y,N,1,*,91656,
sample18_contig_91401,47101,14,Y,N,2,*,91401,
sample18_contig_91384,47022,32,Y,N,5,*,91384,
sample18_contig_86138,46912,4,Y,N,1,*,86138,
sample18_contig_91819,46841,41,Y,N,6,*,91819,
sample18_contig_39609,46758,16,Y,N,2,*,39609,
sample18_contig_88397,46709,11,Y,N,1,*,88397,
sample18_contig_91503,46611,6,Y,N,1,*,91503,
sample18_contig_18047,46556,54,Y,N,9,*,18047,
sample18_contig_65726,46432,9,Y,N,1,*,65726,
sample18_contig_91692,46308,22,Y,N,3,*,91692,
sample18_contig_88403,46243,3,Y,N,1,*,88403,
sample18_contig_91455,46228,40,Y,N,6,*,91455,
sample18_contig_91313,46202,11,Y,N,2,*,91313,
sample18_contig_91381,46177,22,Y,N,3,*,91381,
sample18_contig_90776,46135,20,Y,N,2,*,90776,
sample18_contig_88604,45933,6,Y,N,1,*,88604,
sample18_contig_91852,45929,71,Y,N,11,*,91852,
sample18_contig_91107,45857,43,Y,N,6,*,91107,
sample18_contig_88386,45765,18,Y,N,2,*,88386,
sample18_contig_86328,45747,24,Y,N,4,*,86328,
sample18_contig_17797,45706,49,Y,N,8,*,17797,
sample18_contig_91582,45558,14,Y,N,2,*,91582,
sample18_contig_90227,45550,22,Y,N,3,*,90227,
sample18_contig_90875,45522,6,Y,N,1,*,90875,
sample18_contig_91497,45452,22,Y,N,3,*,91497,
sample18_contig_91391,45380,43,Y,N,7,*,91391,
sample18_contig_91456,45295,7,Y,N,1,*,91456,
sample18_contig_89122,45268,78,Y,N,12,*,89122,
sample18_contig_91445,45233,8,Y,N,1,*,91445,
sample18_contig_91827,45112,8,Y,N,1,*,91827,
sample18_contig_89972,44951,8,Y,N,1,*,89972,
sample18_contig_91470,44950,25,Y,N,3,*,91470,
sample18_contig_91593,44811,14,Y,N,1,*,91593,
sample18_contig_91842,44784,6,Y,N,1,*,91842,
sample18_contig_36156,44777,3,Y,N,1,*,36156,
sample18_contig_39880,44742,38,Y,N,5,*,39880,
sample18_contig_85221,44561,18,Y,N,3,*,85221,
sample18_contig_88854,44522,13,Y,N,2,*,88854,
sample18_contig_78473,44460,5,Y,Y,1,976,78473,
sample18_contig_88953,44394,12,Y,N,1,*,88953,
sample18_contig_86668,44287,16,Y,N,2,*,86668,
sample18_contig_90215,44220,6,Y,N,1,*,90215,
sample18_contig_91333,44171,11,Y,N,1,*,91333,
sample18_contig_91775,44133,6,Y,N,1,*,91775,
sample18_contig_20239,44127,31,Y,N,4,*,20239,
sample18_contig_90904,44118,15,Y,N,2,*,90904,
sample18_contig_89808,44106,25,Y,N,5,*,89808,
sample18_contig_91180,44013,19,Y,N,2,*,91180,
sample18_contig_91287,43994,6,Y,N,1,*,91287,
sample18_contig_91061,43936,4,Y,N,1,*,91061,
sample18_contig_91201,43906,20,Y,N,2,*,91201,
sample18_contig_89990,43881,5,Y,N,1,*,89990,
sample18_contig_91731,43845,10,Y,N,1,*,91731,
sample18_contig_6731,43749,18,Y,N,2,*,6731,
sample18_contig_89777,43642,20,Y,N,3,*,89777,
sample18_contig_91226,43638,8,Y,N,1,*,91226,
sample18_contig_91792,43583,5,Y,N,1,*,91792,
sample18_contig_90676,43511,15,Y,N,2,*,90676,
sample18_contig_66808,43404,4,Y,N,1,*,66808,
sample18_contig_91136,43347,8,Y,N,1,*,91136,
sample18_contig_91750,43193,21,Y,N,2,*,91750,
sample18_contig_90445,43149,12,Y,N,1,*,90445,
sample18_contig_89065,42975,13,Y,N,2,*,89065,
sample18_contig_91347,42959,8,Y,N,1,*,91347,
sample18_contig_6260,42843,4,Y,Y,1,88,6260,
sample18_contig_91348,42814,6,Y,N,1,*,91348,
sample18_contig_87906,42797,98,Y,N,16,*,87906,
sample18_contig_91757,42758,6,Y,N,1,*,91757,
sample18_contig_91772,42680,6,Y,N,1,*,91772,
sample18_contig_44569,42656,14,Y,N,2,*,44569,
sample18_contig_91696,42651,6,Y,N,1,*,91696,
sample18_contig_89106,42605,14,Y,N,2,*,89106,
sample18_contig_91835,42499,24,Y,N,3,*,91835,
sample18_contig_6732,42402,14,Y,N,2,*,6732,
sample18_contig_63820,42386,3,Y,Y,1,868,63820,
sample18_contig_27927,42209,16,Y,N,2,*,27927,
sample18_contig_87115,42045,6,Y,N,1,*,87115,
sample18_contig_72052,41926,4,Y,Y,1,*,72052,
sample18_contig_88909,41904,152,Y,N,24,*,88909,
sample18_contig_86764,41760,13,Y,N,2,*,86764,
sample18_contig_90897,41616,9,Y,N,1,*,90897,
sample18_contig_91805,41534,19,Y,N,2,*,91805,
sample18_contig_86476,41488,41,Y,N,6,*,86476,
sample18_contig_19882,41190,7,Y,N,1,*,19882,
sample18_contig_13929,41124,7,Y,N,1,*,13929,
sample18_contig_13928,41119,21,Y,N,3,*,13928,
sample18_contig_69395,41003,5,Y,N,1,*,69395,
sample18_contig_91713,40902,26,Y,N,4,*,91713,
sample18_contig_704,40831,31,Y,N,4,*,704,
sample18_contig_86553,40607,70,Y,N,11,*,86553,
sample18_contig_88674,40574,6,Y,N,1,*,88674,
sample18_contig_44767,40502,17,Y,N,3,*,44767,
sample18_contig_89437,40188,4,Y,N,1,*,89437,
sample18_contig_87565,40183,27,Y,N,4,*,87565,
sample18_contig_87902,40166,16,Y,N,2,*,87902,
sample18_contig_53223,40160,19,Y,N,3,*,53223,
sample18_contig_91225,40121,25,Y,N,3,*,91225,
sample18_contig_20286,40076,30,Y,N,5,*,20286,
sample18_contig_24479,40045,11,Y,N,1,*,24479,
sample18_contig_90358,39982,3,Y,N,1,*,90358,
sample18_contig_75630,39658,9,Y,N,1,*,75630,
sample18_contig_43647,39640,10,Y,N,1,*,43647,
sample18_contig_91838,39592,67,Y,N,10,*,91838,
sample18_contig_11640,39441,16,Y,N,3,*,11640,
sample18_contig_68396,39287,10,Y,N,1,*,68396,
sample18_contig_31800,39156,17,Y,N,2,*,31800,
sample18_contig_91832,39152,10,Y,N,1,*,91832,
sample18_contig_89394,39030,19,Y,N,3,*,89394,
sample18_contig_91211,38856,20,Y,N,3,*,91211,
sample18_contig_89844,38829,5,Y,N,1,*,89844,
sample18_contig_76475,38797,14,Y,N,2,*,76475,
sample18_contig_91297,38753,8,Y,N,1,*,91297,
sample18_contig_90142,38747,13,Y,N,2,*,90142,
sample18_contig_56084,38721,13,Y,Y,1,780,56084,
sample18_contig_89250,38635,29,Y,N,4,*,89250,
sample18_contig_91382,38622,13,Y,N,2,*,91382,
sample18_contig_54050,38514,14,Y,N,2,*,54050,
sample18_contig_89686,38467,16,Y,N,2,*,89686,
sample18_contig_88503,38427,10,Y,N,1,*,88503,
sample18_contig_91088,38237,20,Y,N,3,*,91088,
sample18_contig_91691,38234,17,Y,N,2,*,91691,
sample18_contig_89671,38211,11,Y,N,1,*,89671,
sample18_contig_90102,38209,5,Y,N,1,*,90102,
sample18_contig_91537,38169,8,Y,N,1,*,91537,
sample18_contig_2942,38102,19,Y,N,2,*,2942,
sample18_contig_91000,37988,255,Y,N,42,*,91000,
sample18_contig_90821,37983,5,Y,N,1,*,90821,
sample18_contig_42591,37839,23,Y,N,3,*,42591,
sample18_contig_16854,37829,5,Y,Y,1,*,16854,
sample18_contig_91860,37194,43,Y,N,6,*,91860,
sample18_contig_90611,37136,3,Y,N,1,*,90611,
sample18_contig_91756,36881,4,Y,N,1,*,91756,
sample18_contig_91048,36487,22,Y,N,3,*,91048,
sample18_contig_91760,36450,13,Y,N,2,*,91760,
sample18_contig_90271,36314,53,Y,N,9,*,90271,
sample18_contig_85329,36292,12,Y,N,1,*,85329,
sample18_contig_87301,35905,3,Y,Y,1,*,87301,
sample18_contig_47910,35840,10,Y,Y,1,682,47910,
sample18_contig_30038,35220,12,Y,N,2,*,30038,
sample18_contig_91787,35099,3,Y,N,1,*,91787,
sample18_contig_89618,34476,19,Y,N,3,*,89618,
sample18_contig_19518,34385,6,Y,N,1,*,19518,
sample18_contig_85371,34074,5,Y,N,1,*,85371,
sample18_contig_89036,33782,5,Y,Y,1,*,89036,
sample18_contig_91060,33467,24,Y,N,4,*,91060,
sample18_contig_72422,33314,3,Y,Y,1,954,72422,
sample18_contig_32236,32825,3,Y,Y,1,478,32236,
sample18_contig_12730,31845,5,Y,Y,1,176,12730,
sample18_contig_91429,31803,12,Y,N,2,*,91429,
sample18_contig_86252,31624,10,Y,N,1,*,86252,
sample18_contig_82803,31273,9,Y,N,1,*,82803,
sample18_contig_91164,30984,30,Y,N,5,*,91164,
sample18_contig_22957,29643,7,Y,N,1,*,22957,
sample18_contig_21455,29340,25,Y,Y,3,13982,21455,
sample18_contig_16057,29299,3,Y,Y,1,222,16057,
sample18_contig_9448,28712,7,Y,N,1,*,9448,
sample18_contig_26505,28580,8,Y,Y,2,374,26505,
sample18_contig_31140,28167,48,Y,N,7,*,31140,
sample18_contig_19912,27653,8,Y,Y,1,272,19912,
sample18_contig_38992,27491,5,Y,Y,1,578,38992,
sample18_contig_64637,26029,7,Y,Y,1,16922,64637,
sample18_contig_89750,25057,4,Y,Y,1,1132,89750,
sample18_contig_85678,24872,19,Y,N,3,*,85678,
sample18_contig_10838,24190,3,Y,Y,1,16782,10838,
sample18_contig_87000,24103,3,Y,Y,1,1044,87000,
sample18_contig_6377,23629,16,Y,Y,2,11976,6377,
sample18_contig_24659,23570,10,Y,Y,1,344,24659,
sample18_contig_88281,23036,35,Y,Y,5,15014,88281,
sample18_contig_6502,22111,13,Y,Y,1,92,6502,
sample18_contig_86096,21991,3,Y,Y,1,1014,86096,
sample18_contig_3625,21904,5,Y,Y,1,52,3625,
sample18_contig_91809,21576,8,Y,N,1,*,91809,
sample18_contig_2645,21093,12,Y,Y,1,40,2645,
sample18_contig_70416,21068,3,Y,N,1,*,70416,
sample18_contig_90977,20996,4,Y,N,1,*,90977,
sample18_contig_11772,20252,12,Y,Y,1,17948,11772,
sample18_contig_24695,20218,12,Y,Y,1,348,24695,
sample18_contig_69490,20093,4,Y,Y,1,926,69490,
sample18_contig_88550,19970,5,Y,N,1,*,88550,
sample18_contig_5375,19131,7,Y,Y,1,17314,5375,
sample18_contig_22709,19120,9,Y,Y,1,330,22709,
sample18_contig_17723,18983,3,Y,Y,1,13566,17723,
sample18_contig_91818,18970,11,Y,N,1,*,91818,
sample18_contig_50602,18761,4,Y,Y,1,722,50602,
sample18_contig_73093,18677,4,Y,Y,1,958,73093,
sample18_contig_90989,18676,28,Y,N,4,*,90989,
sample18_contig_40068,18560,4,Y,Y,1,14352,40068,
sample18_contig_8712,18447,4,Y,Y,1,*,8712,
sample18_contig_89721,18226,4,Y,Y,2,1128,89721,
sample18_contig_85420,18064,4,Y,N,1,*,85420,
sample18_contig_48986,18000,6,Y,N,1,*,48986,
sample18_contig_8921,17977,5,Y,Y,1,118,8921,
sample18_contig_65082,17894,5,Y,Y,1,16510,65082,
sample18_contig_1301,17650,3,Y,Y,1,20,1301,
sample18_contig_90757,17245,9,Y,N,1,*,90757,
sample18_contig_91774,16803,22,Y,N,3,*,91774,
sample18_contig_36092,16678,6,Y,Y,1,15422,36092,
sample18_contig_68847,16258,3,Y,Y,1,11100,68847,
sample18_contig_48491,15844,7,Y,N,1,*,48491,
sample18_contig_29763,15617,6,Y,Y,1,436,29763,
sample18_contig_21449,15614,9,Y,Y,1,294,21449,
sample18_contig_18114,14992,12,Y,Y,2,13610,18114,
sample18_contig_29289,14832,6,Y,Y,1,11316,29289,
sample18_contig_41837,14619,11,Y,Y,2,12964,41837,
sample18_contig_26081,14598,3,Y,Y,1,12642,26081,
sample18_contig_51215,14566,3,Y,Y,1,*,51215,
sample18_contig_18787,14394,3,Y,Y,1,13688,18787,
sample18_contig_90508,14326,10,Y,N,1,*,90508,
sample18_contig_51092,14178,4,Y,N,1,*,51092,
sample18_contig_31807,14138,5,Y,Y,1,15104,31807,
sample18_contig_73149,14050,5,Y,Y,1,11780,73149,
sample18_contig_60026,14021,4,Y,Y,1,15908,60026,
sample18_contig_90880,13968,3,Y,N,1,*,90880,
sample18_contig_91263,13902,16,Y,N,3,*,91263,
sample18_contig_90948,13696,3,Y,Y,1,16832,90948,
sample18_contig_53957,13560,9,Y,Y,1,13320,53957,
sample18_contig_45286,13145,4,Y,Y,2,658,45286,
sample18_contig_72219,13125,5,Y,Y,2,946,72219,
sample18_contig_85189,13034,4,Y,Y,1,11948,85189,
sample18_contig_91362,13032,42,Y,N,7,*,91362,
sample18_contig_12946,12904,6,Y,Y,1,184,12946,
sample18_contig_56241,12812,12,Y,N,2,*,56241,
sample18_contig_87537,12618,18,Y,N,3,*,87537,
sample18_contig_31003,12577,3,Y,Y,1,456,31003,
sample18_contig_90085,12332,21,Y,N,3,*,90085,
sample18_contig_40278,12065,4,Y,Y,1,14730,40278,
sample18_contig_5939,11978,8,Y,Y,1,11160,5939,
sample18_contig_69034,11929,10,Y,Y,1,17020,69034,
sample18_contig_21679,11681,16,Y,Y,3,300,21679,
sample18_contig_49708,11671,8,Y,Y,2,710,49708,
sample18_contig_59443,11594,4,Y,Y,1,17548,59443,
sample18_contig_84128,11536,8,Y,N,1,*,84128,
sample18_contig_28657,11489,3,Y,Y,1,410,28657,
sample18_contig_85518,11413,7,Y,Y,1,13524,85518,
sample18_contig_85575,11411,10,Y,N,1,*,85575,
sample18_contig_9106,11346,14,Y,Y,1,120,9106,
sample18_contig_32277,11306,13,Y,N,2,*,32277,
sample18_contig_10684,11287,3,Y,Y,1,144,10684,
sample18_contig_15841,11249,19,Y,Y,2,13292,15841,
sample18_contig_90487,11201,4,Y,Y,1,17794,90487,
sample18_contig_91833,10921,12,Y,N,2,*,91833,
sample18_contig_91106,10864,8,Y,N,1,*,91106,
sample18_contig_91513,10864,31,Y,N,5,*,91513,
sample18_contig_91681,10786,23,Y,N,4,*,91681,
sample18_contig_90820,10777,78,Y,N,13,*,90820,
sample18_contig_22314,10676,9,Y,Y,1,12602,22314,
sample18_contig_90882,10662,17,Y,Y,2,16230,90882,
sample18_contig_48304,10631,3,Y,Y,1,*,48304,
sample18_contig_79530,10544,20,Y,N,3,*,79530,
sample18_contig_5934,10530,6,Y,Y,1,11900,5934,
sample18_contig_30121,10506,3,Y,Y,1,14954,30121,
sample18_contig_91531,10493,26,Y,N,4,*,91531,
sample18_contig_14946,10270,3,Y,Y,1,13200,14946,
sample18_contig_55346,10207,14,Y,Y,2,16554,55346,
sample18_contig_22366,10205,4,Y,Y,1,14048,22366,
sample18_contig_17565,10189,18,Y,N,3,*,17565,
sample18_contig_30003,10183,11,Y,Y,1,13270,30003,
sample18_contig_87815,10156,9,Y,N,1,*,87815,
sample18_contig_91260,10044,11,Y,N,1,*,91260,
sample18_contig_88825,10032,5,Y,N,1,*,88825,
sample18_contig_21416,9959,3,Y,Y,1,13670,21416,
sample18_contig_9991,9943,5,Y,N,1,*,9991,
sample18_contig_44116,9848,5,Y,Y,2,15992,44116,
sample18_contig_81876,9833,7,Y,Y,1,982,81876,
sample18_contig_49112,9821,26,Y,Y,4,16216,49112,
sample18_contig_43844,9746,4,Y,Y,1,638,43844,
sample18_contig_981,9670,4,Y,Y,1,18,981,
sample18_contig_91841,9653,11,Y,N,1,*,91841,
sample18_contig_68708,9332,20,Y,Y,2,918,68708,
sample18_contig_21369,9313,3,Y,Y,1,17732,21369,
sample18_contig_18668,9291,9,Y,Y,1,15124,18668,
sample18_contig_11114,9267,21,Y,Y,3,12730,11114,
sample18_contig_58866,9258,3,Y,Y,1,12244,58866,
sample18_contig_49495,9184,3,Y,Y,1,708,49495,
sample18_contig_5936,9158,8,Y,Y,1,11904,5936,
sample18_contig_6308,9049,10,Y,Y,1,11964,6308,
sample18_contig_59234,9005,3,Y,Y,1,810,59234,
sample18_contig_79796,8896,6,Y,Y,1,978,79796,
sample18_contig_24029,8892,3,Y,Y,1,338,24029,
sample18_contig_5817,8882,4,Y,Y,1,78,5817,
sample18_contig_36150,8856,3,Y,Y,1,540,36150,
sample18_contig_48104,8745,20,Y,Y,2,16278,48104,
sample18_contig_48338,8726,3,Y,Y,1,11364,48338,
sample18_contig_40423,8467,3,Y,Y,1,15764,40423,
sample18_contig_52929,8439,11,Y,Y,2,744,52929,
sample18_contig_10901,8377,4,Y,Y,1,150,10901,
sample18_contig_5764,8317,8,Y,Y,2,76,5764,
sample18_contig_45572,8306,11,Y,Y,3,662,45572,
sample18_contig_68955,8206,8,Y,N,1,*,68955,
sample18_contig_49374,8200,20,Y,Y,3,16298,49374,
sample18_contig_48573,8150,4,Y,Y,1,18102,48573,
sample18_contig_55816,8135,5,Y,Y,1,17158,55816,
sample18_contig_74424,7854,20,Y,N,2,*,74424,
sample18_contig_91035,7773,24,Y,N,4,*,91035,
sample18_contig_8995,7760,10,Y,Y,1,12352,8995,
sample18_contig_59917,7744,6,Y,Y,1,16738,59917,
sample18_contig_65070,7593,3,Y,Y,1,23758,65070,
sample18_contig_33941,7455,4,Y,Y,1,502,33941,
sample18_contig_88154,7454,3,Y,Y,1,14912,88154,
sample18_contig_6522,7261,5,Y,Y,1,11764,6522,
sample18_contig_33220,7223,10,Y,Y,1,13180,33220,
sample18_contig_61063,7210,4,Y,Y,1,12568,61063,
sample18_contig_5130,7163,9,Y,N,1,*,5130,
sample18_contig_88958,7162,4,Y,Y,1,15554,88958,
sample18_contig_4735,7128,3,Y,Y,1,11712,4735,
sample18_contig_4616,7079,8,Y,Y,1,11694,4616,
sample18_contig_89591,6984,8,Y,N,1,*,89591,
sample18_contig_85643,6856,11,Y,Y,1,12056,85643,
sample18_contig_52222,6651,3,Y,N,1,*,52222,
sample18_contig_50691,6641,3,Y,Y,1,11604,50691,
sample18_contig_9933,6603,6,Y,Y,1,12520,9933,
sample18_contig_73108,6525,21,Y,N,3,*,73108,
sample18_contig_3580,6510,6,Y,Y,1,11520,3580,
sample18_contig_1511,6509,3,Y,Y,1,17172,1511,
sample18_contig_2619,6372,7,Y,N,1,*,2619,
sample18_contig_90441,6366,8,Y,N,1,*,90441,
sample18_contig_87568,6245,36,Y,N,5,*,87568,
sample18_contig_61965,6220,9,Y,Y,2,16660,61965,
sample18_contig_86932,5911,3,Y,Y,1,13620,86932,
sample18_contig_34155,5861,4,Y,Y,1,11682,34155,
sample18_contig_87896,5824,15,Y,N,2,*,87896,
sample18_contig_87855,5782,15,Y,Y,3,14578,87855,
sample18_contig_22573,5751,4,Y,Y,1,14066,22573,
sample18_contig_8814,5663,6,Y,N,1,*,8814,
sample18_contig_31064,5510,5,Y,Y,1,15036,31064,
sample18_contig_9133,5335,7,Y,Y,1,12382,9133,
sample18_contig_6783,5322,3,Y,Y,1,10912,6783,
sample18_contig_56043,5308,6,Y,Y,1,17294,56043,
sample18_contig_38084,5290,7,Y,N,1,*,38084,
sample18_contig_20338,5147,8,Y,Y,1,13864,20338,
sample18_contig_86346,4926,3,Y,Y,1,17512,86346,
sample18_contig_44268,4859,18,Y,Y,3,*,44268,
sample18_contig_17497,4828,4,Y,Y,1,13540,17497,
sample18_contig_42302,4827,3,Y,Y,1,22718,42302,
sample18_contig_37881,4781,3,Y,Y,1,15578,37881,
sample18_contig_86160,4705,3,Y,Y,1,12742,86160,
sample18_contig_89848,4676,5,Y,Y,1,*,89848,
sample18_contig_56726,4557,7,Y,Y,1,*,56726,
sample18_contig_36352,4492,11,Y,Y,1,13686,36352,
sample18_contig_89662,4440,10,Y,Y,1,*,89662,
sample18_contig_89747,4349,6,Y,Y,1,16128,89747,
sample18_contig_7255,4332,5,Y,Y,1,*,7255,
sample18_contig_48766,4264,11,Y,Y,1,*,48766,
sample18_contig_48963,4172,5,Y,Y,1,15150,48963,
sample18_contig_6292,4001,14,Y,Y,2,17346,6292,
sample18_contig_26443,3915,8,Y,Y,1,27316,26443,
sample18_contig_55189,3877,9,Y,Y,1,*,55189,
sample18_contig_62446,3841,10,Y,Y,2,*,62446,
sample18_contig_86778,3761,3,Y,Y,1,13468,86778,
sample18_contig_89502,3708,4,Y,Y,1,15958,89502,
sample18_contig_21618,3641,10,Y,Y,1,298,21618,
sample18_contig_85099,3571,3,Y,Y,1,11294,85099,
sample18_contig_19082,3374,13,Y,Y,1,*,19082,
sample18_contig_90958,3329,4,Y,Y,1,11524,90958,
sample18_contig_7022,3242,5,Y,Y,1,12078,7022,
sample18_contig_11921,3214,3,Y,Y,1,12826,11921,
sample18_contig_86658,2757,3,Y,Y,1,13278,86658,
sample18_contig_21727,2570,8,Y,Y,1,13996,21727,
sample18_contig_89023,2332,4,Y,Y,1,18046,89023,
sample18_contig_31301,2213,4,Y,Y,1,15048,31301,
sample18_contig_13697,2034,8,Y,Y,1,*,13697,
sample18_contig_86302,1931,6,Y,Y,1,12900,86302,
sample18_contig_17901,1743,3,Y,Y,1,13586,17901,
sample18_contig_12513,1489,5,Y,Y,1,12908,12513,
sample18_contig_29281,1474,6,Y,Y,2,14854,29281,
sample18_contig_66142,1404,74,Y,Y,12,*,66142,
sample18_contig_19698,1250,4,Y,Y,1,14986,19698,
sample18_contig_34967,1156,3,Y,Y,1,17012,34967,
sample18_contig_29276,933,6,Y,Y,1,12500,29276,
sample18_contig_137,924,13,Y,Y,2,*,137,
sample18_contig_881,858,4,Y,Y,1,11062,881,
sample18_contig_44394,849,29,Y,Y,4,644,44394,
sample18_contig_12300,734,5,Y,Y,1,12884,12300,
sample18_contig_696,676,7,Y,Y,1,11032,696,
sample18_contig_24031,643,7,Y,Y,1,14202,24031,
sample18_contig_15727,627,5,Y,Y,1,17584,15727,
sample18_contig_7051,598,5,Y,Y,1,12086,7051,
sample18_contig_13652,563,10,Y,Y,1,13046,13652,
sample18_contig_11940,562,9,Y,Y,1,12200,11940,
sample18_contig_10257,558,14,Y,Y,2,12596,10257,
sample18_contig_37458,532,6,Y,Y,1,17518,37458,
sample18_contig_39806,494,3,Y,Y,1,18066,39806,
sample18_contig_30914,378,3,Y,Y,1,15022,30914,
sample19_contig_13032,853975,11,Y,N,1,*,13032,
sample19_contig_68190,124032,8,Y,N,1,*,68190,
sample19_contig_38378,104791,11,Y,N,2,*,38378,
sample19_contig_66362,104145,11,Y,N,2,*,66362,
sample19_contig_7993,96140,35,Y,N,6,*,7993,
sample19_contig_65598,94718,9,Y,N,1,*,65598,
sample19_contig_25943,91079,9,Y,N,1,*,25943,
sample19_contig_67958,87798,9,Y,N,1,*,67958,
sample19_contig_4597,86301,9,Y,N,1,*,4597,
sample19_contig_67562,84519,33,Y,N,6,*,67562,
sample19_contig_47715,79434,7,Y,N,1,*,47715,
sample19_contig_21450,74648,23,Y,N,4,*,21450,
sample19_contig_68019,68558,5,Y,N,1,*,68019,
sample19_contig_67869,68181,5,Y,N,1,*,67869,
sample19_contig_68041,68098,7,Y,N,1,*,68041,
sample19_contig_67720,62757,6,Y,N,1,*,67720,
sample19_contig_64396,62755,8,Y,N,1,*,64396,
sample19_contig_66819,62486,3,Y,N,1,*,66819,
sample19_contig_67480,58494,4,Y,N,1,*,67480,
sample19_contig_67609,57517,6,Y,N,1,*,67609,
sample19_contig_68131,57222,8,Y,N,1,*,68131,
sample19_contig_68070,56395,9,Y,N,1,*,68070,
sample19_contig_65364,55167,19,Y,N,3,*,65364,
sample19_contig_66993,53619,9,Y,N,1,*,66993,
sample19_contig_51448,51964,7,Y,N,1,*,51448,
sample19_contig_65239,51269,6,Y,N,1,*,65239,
sample19_contig_68093,50979,21,Y,N,4,*,68093,
sample19_contig_1416,50761,9,Y,N,2,*,1416,
sample19_contig_64791,50742,6,Y,N,1,*,64791,
sample19_contig_68189,50251,7,Y,N,1,*,68189,
sample19_contig_67953,50226,7,Y,N,1,*,67953,
sample19_contig_68143,49936,7,Y,N,1,*,68143,
sample19_contig_67743,49280,21,Y,N,4,*,67743,
sample19_contig_67825,48589,6,Y,N,1,*,67825,
sample19_contig_67946,47981,3,Y,Y,1,*,67946,
sample19_contig_68104,47505,5,Y,N,1,*,68104,
sample19_contig_64479,47339,4,Y,N,1,*,64479,
sample19_contig_68145,47155,11,Y,N,1,*,68145,
sample19_contig_66338,46603,8,Y,N,1,*,66338,
sample19_contig_67955,46132,4,Y,N,1,*,67955,
sample19_contig_67833,45886,9,Y,N,2,*,67833,
sample19_contig_68147,45676,13,Y,N,2,*,68147,
sample19_contig_65323,45592,4,Y,N,1,*,65323,
sample19_contig_67128,45054,12,Y,N,2,*,67128,
sample19_contig_67906,44918,3,Y,N,1,*,67906,
sample19_contig_66332,44855,11,Y,N,2,*,66332,
sample19_contig_64334,44656,10,Y,N,1,*,64334,
sample19_contig_67571,44540,6,Y,N,1,*,67571,
sample19_contig_68136,44459,12,Y,N,2,*,68136,
sample19_contig_67939,44157,7,Y,N,1,*,67939,
sample19_contig_68033,43700,19,Y,N,3,*,68033,
sample19_contig_67976,43696,3,Y,N,1,*,67976,
sample19_contig_66276,43675,7,Y,N,1,*,66276,
sample19_contig_64942,43482,21,Y,N,3,*,64942,
sample19_contig_67883,43288,6,Y,Y,2,*,67883,
sample19_contig_68139,43013,5,Y,N,1,*,68139,
sample19_contig_65709,42965,6,Y,N,1,*,65709,
sample19_contig_67198,42564,10,Y,N,2,*,67198,
sample19_contig_68121,42515,3,Y,N,1,*,68121,
sample19_contig_67791,42231,7,Y,N,1,*,67791,
sample19_contig_68077,42099,3,Y,Y,1,*,68077,
sample19_contig_67968,42068,11,Y,N,2,*,67968,
sample19_contig_65627,41986,18,Y,N,3,*,65627,
sample19_contig_67990,41801,5,Y,N,1,*,67990,
sample19_contig_68173,41677,3,Y,Y,1,*,68173,
sample19_contig_67943,41286,6,Y,Y,2,*,67943,
sample19_contig_67891,41149,11,Y,N,2,*,67891,
sample19_contig_65704,41133,6,Y,N,1,*,65704,
sample19_contig_65958,40932,12,Y,N,1,*,65958,
sample19_contig_66675,40898,9,Y,N,1,*,66675,
sample19_contig_68146,40498,6,Y,N,1,*,68146,
sample19_contig_67530,40392,4,Y,Y,1,*,67530,
sample19_contig_68112,40279,3,Y,N,1,*,68112,
sample19_contig_67675,39830,9,Y,N,1,*,67675,
sample19_contig_38346,39331,23,Y,N,4,*,38346,
sample19_contig_53124,38143,8,Y,N,1,*,53124,
sample19_contig_23694,37853,13,Y,N,2,*,23694,
sample19_contig_68192,37256,4,Y,N,1,*,68192,
sample19_contig_67603,37154,14,Y,N,2,*,67603,
sample19_contig_48191,36428,8,Y,N,1,*,48191,
sample19_contig_66926,36281,55,Y,N,11,*,66926,
sample19_contig_19449,35681,3,Y,Y,1,126,19449,
sample19_contig_67979,35416,6,Y,N,1,*,67979,
sample19_contig_68167,34075,6,Y,N,1,*,68167,
sample19_contig_64453,32804,3,Y,Y,1,250,64453,
sample19_contig_14775,32541,5,Y,Y,1,86,14775,
sample19_contig_27547,32322,15,Y,Y,5,168,27547,
sample19_contig_68050,31025,5,Y,N,1,*,68050,
sample19_contig_67942,29830,7,Y,N,1,*,67942,
sample19_contig_68191,29814,4,Y,Y,1,*,68191,
sample19_contig_68072,29505,87,Y,N,16,*,68072,
sample19_contig_68043,28591,20,Y,N,3,*,68043,
sample19_contig_66156,25374,34,Y,N,5,*,66156,
sample19_contig_66520,25229,3,Y,Y,1,282,66520,
sample19_contig_321,25187,6,Y,Y,2,4,321,
sample19_contig_64772,25022,9,Y,N,1,*,64772,
sample19_contig_2932,24252,3,Y,Y,1,20,2932,
sample19_contig_23830,24181,5,Y,Y,1,138,23830,
sample19_contig_65964,23967,6,Y,N,1,*,65964,
sample19_contig_8483,23548,3,Y,Y,1,52,8483,
sample19_contig_38865,23187,9,Y,Y,1,208,38865,
sample19_contig_67960,23072,53,Y,N,10,*,67960,
sample19_contig_51836,22069,4,Y,Y,1,240,51836,
sample19_contig_31774,22052,3,Y,Y,1,188,31774,
sample19_contig_5616,21717,10,Y,Y,2,36,5616,
sample19_contig_131,21001,4,Y,Y,1,2,131,
sample19_contig_39941,20364,4,Y,Y,1,214,39941,
sample19_contig_8409,19772,3,Y,Y,1,50,8409,
sample19_contig_41131,19623,5,Y,Y,1,218,41131,
sample19_contig_4374,18406,3,Y,Y,1,28,4374,
sample19_contig_50470,17694,5,Y,Y,2,238,50470,
sample19_contig_6381,17009,3,Y,Y,1,46,6381,
sample19_contig_11109,16613,17,Y,Y,3,4538,11109,
sample19_contig_15630,16536,10,Y,N,1,*,15630,
sample19_contig_67821,16153,5,Y,N,1,*,67821,
sample19_contig_66383,15402,4,Y,N,1,*,66383,
sample19_contig_65949,15365,7,Y,N,1,*,65949,
sample19_contig_10433,15158,3,Y,Y,1,4488,10433,
sample19_contig_3049,14808,22,Y,Y,4,4016,3049,
sample19_contig_16174,14471,10,Y,Y,5,106,16174,
sample19_contig_18009,14212,6,Y,Y,1,5452,18009,
sample19_contig_19278,13702,6,Y,Y,1,124,19278,
sample19_contig_5892,12670,7,Y,Y,1,40,5892,
sample19_contig_18899,12548,3,Y,Y,1,120,18899,
sample19_contig_14802,11744,7,Y,Y,1,3850,14802,
sample19_contig_6346,10932,7,Y,Y,2,5398,6346,
sample19_contig_64635,9968,4,Y,Y,1,3976,64635,
sample19_contig_21980,9190,4,Y,Y,1,128,21980,
sample19_contig_17032,8954,4,Y,Y,1,4630,17032,
sample19_contig_65173,8924,21,Y,Y,4,8282,65173,
sample19_contig_11058,7898,15,Y,N,2,*,11058,
sample19_contig_7078,7886,9,Y,N,1,*,7078,
sample19_contig_54450,7761,20,Y,N,3,*,54450,
sample19_contig_68134,7396,12,Y,N,2,*,68134,
sample19_contig_1253,7223,4,Y,Y,1,14,1253,
sample19_contig_64569,6877,3,Y,Y,1,3920,64569,
sample19_contig_25504,5018,6,Y,Y,1,3932,25504,
sample19_contig_67412,4801,3,Y,Y,1,4548,67412,
sample19_contig_67246,4444,3,Y,Y,1,5566,67246,
sample19_contig_64371,4381,10,Y,Y,2,248,64371,
sample19_contig_4103,1892,4,Y,Y,1,4086,4103,
sample1_contig_179312,118194,15,Y,N,2,*,179312,
sample1_contig_173804,111172,17,Y,N,3,*,173804,
sample1_contig_28998,98602,10,Y,N,1,*,28998,
sample1_contig_179802,94844,10,Y,N,1,*,179802,
sample1_contig_72581,93778,6,Y,N,1,*,72581,
sample1_contig_181557,92703,37,Y,N,5,*,181557,
sample1_contig_178335,92237,5,Y,N,1,*,178335,
sample1_contig_182741,91690,7,Y,N,1,*,182741,
sample1_contig_74335,86574,32,Y,N,5,*,74335,
sample1_contig_83073,84579,5,Y,N,1,*,83073,
sample1_contig_68839,84567,13,Y,N,2,*,68839,
sample1_contig_177978,83089,12,Y,N,2,*,177978,
sample1_contig_173851,81384,23,Y,N,3,*,173851,
sample1_contig_182739,78009,51,Y,N,8,*,182739,
sample1_contig_135919,77416,11,Y,N,1,*,135919,
sample1_contig_181660,76316,8,Y,N,1,*,181660,
sample1_contig_181416,74498,9,Y,N,1,*,181416,
sample1_contig_182775,69827,10,Y,N,1,*,182775,
sample1_contig_67636,69535,6,Y,N,1,*,67636,
sample1_contig_174301,66940,6,Y,N,1,*,174301,
sample1_contig_178842,66214,5,Y,N,1,*,178842,
sample1_contig_160788,66178,10,Y,N,1,*,160788,
sample1_contig_180320,65989,12,Y,N,2,*,180320,
sample1_contig_109840,65888,10,Y,N,1,*,109840,
sample1_contig_171444,64199,5,Y,N,1,*,171444,
sample1_contig_177348,63754,84,Y,N,13,*,177348,
sample1_contig_182660,63623,10,Y,N,2,*,182660,
sample1_contig_74995,62506,5,Y,N,1,*,74995,
sample1_contig_179218,61317,23,Y,N,3,*,179218,
sample1_contig_182394,60774,4,Y,N,1,*,182394,
sample1_contig_69273,59817,16,Y,N,2,*,69273,
sample1_contig_182627,57880,5,Y,N,1,*,182627,
sample1_contig_182574,57669,10,Y,N,2,*,182574,
sample1_contig_182754,56543,5,Y,N,1,*,182754,
sample1_contig_182770,55251,4,Y,N,1,*,182770,
sample1_contig_180715,54290,35,Y,N,5,*,180715,
sample1_contig_182631,53372,20,Y,N,3,*,182631,
sample1_contig_182639,53137,25,Y,N,3,*,182639,
sample1_contig_92220,51881,21,Y,N,3,*,92220,
sample1_contig_176756,51833,27,Y,N,4,*,176756,
sample1_contig_6796,51444,9,Y,N,1,*,6796,
sample1_contig_67540,51248,7,Y,N,1,*,67540,
sample1_contig_180968,51125,12,Y,N,2,*,180968,
sample1_contig_176048,50354,16,Y,N,2,*,176048,
sample1_contig_175032,49669,12,Y,N,2,*,175032,
sample1_contig_182811,49008,32,Y,N,5,*,182811,
sample1_contig_175961,48818,5,Y,N,1,*,175961,
sample1_contig_181609,48352,6,Y,N,1,*,181609,
sample1_contig_175763,48312,74,Y,N,11,*,175763,
sample1_contig_181411,48242,7,Y,N,1,*,181411,
sample1_contig_182100,48190,61,Y,N,9,*,182100,
sample1_contig_178226,47984,16,Y,N,2,*,178226,
sample1_contig_157029,47791,12,Y,N,2,*,157029,
sample1_contig_178790,47037,22,Y,N,3,*,178790,
sample1_contig_80223,47036,16,Y,N,2,*,80223,
sample1_contig_182630,46834,7,Y,N,1,*,182630,
sample1_contig_180926,46792,10,Y,N,2,*,180926,
sample1_contig_174311,46597,8,Y,N,1,*,174311,
sample1_contig_177036,46437,6,Y,N,1,*,177036,
sample1_contig_175269,46013,63,Y,N,10,*,175269,
sample1_contig_181981,45688,26,Y,N,4,*,181981,
sample1_contig_177768,45511,3,Y,Y,1,*,177768,
sample1_contig_93465,45478,7,Y,Y,2,*,93465,
sample1_contig_180843,45432,16,Y,N,2,*,180843,
sample1_contig_182806,45237,9,Y,N,1,*,182806,
sample1_contig_181222,45096,4,Y,N,1,*,181222,
sample1_contig_178601,44986,6,Y,N,1,*,178601,
sample1_contig_182324,44960,14,Y,N,2,*,182324,
sample1_contig_181163,44696,11,Y,N,1,*,181163,
sample1_contig_180369,44485,3,Y,N,1,*,180369,
sample1_contig_142189,44148,27,Y,N,4,*,142189,
sample1_contig_174182,44125,4,Y,N,1,*,174182,
sample1_contig_41661,44105,10,Y,N,1,*,41661,
sample1_contig_182762,44014,10,Y,N,1,*,182762,
sample1_contig_182727,43962,10,Y,N,1,*,182727,
sample1_contig_180269,43914,10,Y,N,1,*,180269,
sample1_contig_9274,43689,4,Y,Y,1,*,9274,
sample1_contig_34268,42650,11,Y,N,1,*,34268,
sample1_contig_180847,42558,3,Y,Y,1,*,180847,
sample1_contig_26872,42398,14,Y,N,2,*,26872,
sample1_contig_182650,42087,10,Y,N,2,*,182650,
sample1_contig_50715,42012,9,Y,Y,3,*,50715,
sample1_contig_31184,41626,5,Y,Y,1,492,31184,
sample1_contig_171606,41440,6,Y,N,1,*,171606,
sample1_contig_181794,41423,19,Y,N,3,*,181794,
sample1_contig_181401,41266,8,Y,N,1,*,181401,
sample1_contig_158614,41259,10,Y,N,1,*,158614,
sample1_contig_182714,40119,6,Y,N,1,*,182714,
sample1_contig_136547,40019,4,Y,N,1,*,136547,
sample1_contig_181193,39873,17,Y,N,2,*,181193,
sample1_contig_45136,39692,7,Y,Y,1,704,45136,
sample1_contig_182789,39448,7,Y,N,1,*,182789,
sample1_contig_182519,38890,9,Y,N,1,*,182519,
sample1_contig_182654,38557,8,Y,N,1,*,182654,
sample1_contig_173432,37977,3,Y,N,1,*,173432,
sample1_contig_172535,37969,6,Y,N,1,*,172535,
sample1_contig_179306,37839,7,Y,N,1,*,179306,
sample1_contig_182738,37835,13,Y,N,2,*,182738,
sample1_contig_182729,37670,8,Y,N,1,*,182729,
sample1_contig_161288,37414,4,Y,Y,2,*,161288,
sample1_contig_182259,37400,7,Y,N,1,*,182259,
sample1_contig_182793,36813,14,Y,N,2,*,182793,
sample1_contig_176695,36585,9,Y,N,1,*,176695,
sample1_contig_45649,36341,11,Y,Y,2,722,45649,
sample1_contig_182566,36175,8,Y,N,1,*,182566,
sample1_contig_182292,35892,14,Y,N,2,*,182292,
sample1_contig_182780,35395,8,Y,N,1,*,182780,
sample1_contig_93336,34794,9,Y,Y,1,1270,93336,
sample1_contig_177528,34772,21,Y,N,3,*,177528,
sample1_contig_41207,34755,3,Y,Y,1,632,41207,
sample1_contig_180837,34694,6,Y,N,1,*,180837,
sample1_contig_176156,34564,42,Y,N,6,*,176156,
sample1_contig_180384,34497,4,Y,Y,1,*,180384,
sample1_contig_174791,33766,3,Y,N,1,*,174791,
sample1_contig_99323,33693,5,Y,N,1,*,99323,
sample1_contig_51845,33254,5,Y,N,1,*,51845,
sample1_contig_31903,30349,10,Y,N,1,*,31903,
sample1_contig_175285,30243,10,Y,Y,1,1810,175285,
sample1_contig_62766,30240,5,Y,N,1,*,62766,
sample1_contig_181819,29818,12,Y,N,2,*,181819,
sample1_contig_8710,29689,3,Y,Y,1,140,8710,
sample1_contig_5092,29083,3,Y,Y,1,70,5092,
sample1_contig_72408,27543,21,Y,N,3,*,72408,
sample1_contig_182784,27476,5,Y,Y,1,*,182784,
sample1_contig_27317,27341,10,Y,N,1,*,27317,
sample1_contig_64981,27064,13,Y,Y,1,936,64981,
sample1_contig_59998,26639,6,Y,N,1,*,59998,
sample1_contig_182559,26269,14,Y,N,2,*,182559,
sample1_contig_95176,25885,6,Y,N,1,*,95176,
sample1_contig_75151,25693,9,Y,Y,1,1072,75151,
sample1_contig_179870,25492,45,Y,N,7,*,179870,
sample1_contig_179411,24623,8,Y,N,2,*,179411,
sample1_contig_87494,24503,4,Y,Y,1,1208,87494,
sample1_contig_16427,23855,6,Y,Y,1,268,16427,
sample1_contig_63641,23330,29,Y,N,4,*,63641,
sample1_contig_130030,22843,4,Y,Y,1,1578,130030,
sample1_contig_178270,22584,6,Y,N,1,*,178270,
sample1_contig_97886,22536,8,Y,N,1,*,97886,
sample1_contig_90077,22335,4,Y,N,1,*,90077,
sample1_contig_182803,21483,5,Y,N,1,*,182803,
sample1_contig_78507,21432,5,Y,Y,1,1116,78507,
sample1_contig_180021,21277,8,Y,N,1,*,180021,
sample1_contig_40251,20447,6,Y,Y,1,622,40251,
sample1_contig_93774,19831,9,Y,Y,1,1282,93774,
sample1_contig_131801,19638,9,Y,N,1,*,131801,
sample1_contig_181260,19511,9,Y,N,1,*,181260,
sample1_contig_171914,19112,3,Y,N,1,*,171914,
sample1_contig_162929,18927,4,Y,Y,1,1702,162929,
sample1_contig_32866,18368,4,Y,Y,1,518,32866,
sample1_contig_54706,18276,3,Y,Y,1,17246,54706,
sample1_contig_47777,18264,5,Y,Y,1,750,47777,
sample1_contig_105790,18237,14,Y,N,2,*,105790,
sample1_contig_168833,17971,3,Y,Y,1,1724,168833,
sample1_contig_47393,17819,3,Y,Y,1,746,47393,
sample1_contig_182537,17799,5,Y,N,1,*,182537,
sample1_contig_182647,17712,7,Y,N,1,*,182647,
sample1_contig_34214,17612,4,Y,Y,1,548,34214,
sample1_contig_66012,17556,6,Y,Y,1,952,66012,
sample1_contig_105791,17546,4,Y,N,1,*,105791,
sample1_contig_122459,17446,3,Y,Y,1,1514,122459,
sample1_contig_731,17423,3,Y,Y,1,18,731,
sample1_contig_171913,17404,3,Y,Y,1,*,171913,
sample1_contig_181293,17187,5,Y,N,1,*,181293,
sample1_contig_61034,17183,10,Y,Y,1,896,61034,
sample1_contig_17201,17034,11,Y,Y,1,276,17201,
sample1_contig_14279,16974,7,Y,Y,1,232,14279,
sample1_contig_182431,16765,15,Y,N,2,*,182431,
sample1_contig_180111,16738,7,Y,N,1,*,180111,
sample1_contig_173772,16266,10,Y,Y,1,1778,173772,
sample1_contig_182792,16246,10,Y,N,1,*,182792,
sample1_contig_107472,16207,11,Y,N,2,*,107472,
sample1_contig_161617,16053,7,Y,N,1,*,161617,
sample1_contig_181180,15960,4,Y,Y,2,*,181180,
sample1_contig_133706,15937,6,Y,N,1,*,133706,
sample1_contig_110466,15881,4,Y,N,1,*,110466,
sample1_contig_181800,15587,9,Y,N,1,*,181800,
sample1_contig_181602,15570,9,Y,Y,1,1932,181602,
sample1_contig_180760,15236,27,Y,Y,4,18196,180760,
sample1_contig_172944,15151,5,Y,Y,1,1750,172944,
sample1_contig_160095,14919,6,Y,Y,1,1698,160095,
sample1_contig_31185,14887,5,Y,Y,1,494,31185,
sample1_contig_51860,14883,3,Y,Y,1,812,51860,
sample1_contig_175659,14658,3,Y,Y,1,*,175659,
sample1_contig_182166,14634,3,Y,Y,1,*,182166,
sample1_contig_4572,14512,9,Y,Y,1,62,4572,
sample1_contig_179841,14380,9,Y,N,1,*,179841,
sample1_contig_181385,14277,4,Y,Y,1,*,181385,
sample1_contig_9879,14141,5,Y,Y,1,160,9879,
sample1_contig_180991,14125,5,Y,N,1,*,180991,
sample1_contig_46412,14013,8,Y,Y,1,736,46412,
sample1_contig_179345,13646,11,Y,N,1,*,179345,
sample1_contig_8199,13259,6,Y,Y,1,126,8199,
sample1_contig_150182,13174,15,Y,N,1,*,150182,
sample1_contig_96558,13035,4,Y,Y,1,1312,96558,
sample1_contig_177000,12929,6,Y,N,1,*,177000,
sample1_contig_5090,12921,9,Y,Y,1,13792,5090,
sample1_contig_43964,12781,5,Y,Y,1,676,43964,
sample1_contig_180937,12675,3,Y,Y,1,1920,180937,
sample1_contig_123159,12667,5,Y,Y,1,1520,123159,
sample1_contig_56791,12540,18,Y,Y,2,15242,56791,
sample1_contig_164041,12486,6,Y,Y,1,1712,164041,
sample1_contig_136715,12484,4,Y,Y,1,1614,136715,
sample1_contig_59864,12387,3,Y,Y,1,13696,59864,
sample1_contig_176698,12379,62,Y,N,10,*,176698,
sample1_contig_182785,12273,20,Y,N,3,*,182785,
sample1_contig_173304,12232,10,Y,Y,1,15018,173304,
sample1_contig_85335,12083,12,Y,N,2,*,85335,
sample1_contig_21758,12073,4,Y,Y,1,336,21758,
sample1_contig_35980,12072,4,Y,Y,1,574,35980,
sample1_contig_178880,12057,6,Y,Y,3,*,178880,
sample1_contig_45658,12050,5,Y,Y,1,18962,45658,
sample1_contig_55749,12043,3,Y,Y,1,856,55749,
sample1_contig_181692,11944,6,Y,N,1,*,181692,
sample1_contig_181437,11925,5,Y,N,1,*,181437,
sample1_contig_178082,11865,4,Y,Y,1,1852,178082,
sample1_contig_172238,11564,11,Y,Y,1,14110,172238,
sample1_contig_33407,11537,4,Y,Y,1,530,33407,
sample1_contig_503,11465,7,Y,Y,1,10,503,
sample1_contig_63745,11424,3,Y,Y,1,926,63745,
sample1_contig_6897,11407,51,Y,N,7,*,6897,
sample1_contig_176261,11337,4,Y,Y,1,*,176261,
sample1_contig_29781,11294,3,Y,Y,1,474,29781,
sample1_contig_27035,11173,4,Y,Y,1,428,27035,
sample1_contig_3360,11111,5,Y,Y,2,44,3360,
sample1_contig_24389,11018,12,Y,Y,2,376,24389,
sample1_contig_69763,10732,14,Y,Y,2,1000,69763,
sample1_contig_87897,10730,4,Y,Y,1,1216,87897,
sample1_contig_143936,10685,7,Y,N,1,*,143936,
sample1_contig_179614,10682,13,Y,N,2,*,179614,
sample1_contig_106546,10652,6,Y,Y,1,19230,106546,
sample1_contig_182798,10420,5,Y,N,1,*,182798,
sample1_contig_177163,10320,9,Y,Y,1,17322,177163,
sample1_contig_16963,10277,8,Y,Y,1,272,16963,
sample1_contig_38802,10274,11,Y,N,1,*,38802,
sample1_contig_3521,10244,8,Y,Y,1,50,3521,
sample1_contig_123038,10196,3,Y,N,1,*,123038,
sample1_contig_38800,10167,84,Y,N,14,*,38800,
sample1_contig_182446,10150,148,Y,N,24,*,182446,
sample1_contig_77938,10113,3,Y,N,1,*,77938,
sample1_contig_34079,10075,9,Y,Y,1,546,34079,
sample1_contig_106243,9772,3,Y,Y,1,1406,106243,
sample1_contig_176171,9749,15,Y,Y,2,16880,176171,
sample1_contig_76902,9709,10,Y,Y,1,16816,76902,
sample1_contig_124561,9680,6,Y,Y,1,19422,124561,
sample1_contig_67607,9528,7,Y,N,1,*,67607,
sample1_contig_50618,9496,3,Y,Y,1,14772,50618,
sample1_contig_99609,9361,7,Y,N,1,*,99609,
sample1_contig_181799,9340,6,Y,N,1,*,181799,
sample1_contig_23810,9269,4,Y,Y,1,362,23810,
sample1_contig_79924,9220,6,Y,Y,1,1126,79924,
sample1_contig_135125,9202,3,Y,Y,1,19662,135125,
sample1_contig_57454,9176,6,Y,Y,1,868,57454,
sample1_contig_83315,9105,9,Y,Y,2,1170,83315,
sample1_contig_97487,9092,11,Y,Y,2,15404,97487,
sample1_contig_96337,9087,5,Y,N,1,*,96337,
sample1_contig_125249,8993,3,Y,Y,1,1546,125249,
sample1_contig_84816,8967,11,Y,Y,2,1186,84816,
sample1_contig_173451,8924,3,Y,Y,1,1772,173451,
sample1_contig_169093,8873,5,Y,N,1,*,169093,
sample1_contig_21171,8840,3,Y,Y,1,28524,21171,
sample1_contig_179808,8825,7,Y,N,1,*,179808,
sample1_contig_126433,8800,4,Y,Y,1,1552,126433,
sample1_contig_133292,8800,3,Y,Y,1,1592,133292,
sample1_contig_182421,8792,3,Y,N,1,*,182421,
sample1_contig_100093,8734,11,Y,N,1,*,100093,
sample1_contig_32693,8634,3,Y,Y,1,16170,32693,
sample1_contig_182813,8615,13,Y,N,2,*,182813,
sample1_contig_38186,8513,3,Y,Y,1,602,38186,
sample1_contig_26792,8510,4,Y,Y,1,424,26792,
sample1_contig_23783,8484,3,Y,Y,1,19246,23783,
sample1_contig_26006,8458,4,Y,Y,1,404,26006,
sample1_contig_1777,8431,9,Y,Y,1,16406,1777,
sample1_contig_178943,8403,5,Y,Y,1,17134,178943,
sample1_contig_40746,8349,6,Y,Y,3,630,40746,
sample1_contig_159929,8345,3,Y,Y,1,13350,159929,
sample1_contig_161723,8284,5,Y,N,1,*,161723,
sample1_contig_33419,8274,101,Y,Y,16,14874,33419,
sample1_contig_182706,8173,3,Y,N,1,*,182706,
sample1_contig_182722,8059,31,Y,N,4,*,182722,
sample1_contig_111881,7982,11,Y,Y,3,*,111881,
sample1_contig_3035,7911,9,Y,Y,1,13542,3035,
sample1_contig_28598,7846,5,Y,Y,1,17498,28598,
sample1_contig_42547,7843,107,Y,N,17,*,42547,
sample1_contig_173173,7805,25,Y,N,4,*,173173,
sample1_contig_28550,7746,16,Y,Y,2,462,28550,
sample1_contig_181562,7643,8,Y,Y,2,*,181562,
sample1_contig_105629,7549,10,Y,Y,1,1398,105629,
sample1_contig_74649,7496,14,Y,Y,4,1066,74649,
sample1_contig_87452,7486,20,Y,N,3,*,87452,
sample1_contig_179847,7471,5,Y,N,1,*,179847,
sample1_contig_64678,7419,7,Y,Y,1,930,64678,
sample1_contig_128227,7377,3,Y,Y,1,1560,128227,
sample1_contig_43530,7351,9,Y,N,1,*,43530,
sample1_contig_177767,7207,15,Y,N,2,*,177767,
sample1_contig_141508,7181,3,Y,Y,1,1634,141508,
sample1_contig_103167,7162,5,Y,N,1,*,103167,
sample1_contig_43640,7136,6,Y,Y,1,16750,43640,
sample1_contig_148534,7103,4,Y,Y,1,1656,148534,
sample1_contig_92201,7074,5,Y,Y,1,1262,92201,
sample1_contig_15114,7049,6,Y,Y,1,14756,15114,
sample1_contig_49361,7003,252,Y,N,41,*,49361,
sample1_contig_12228,6952,16,Y,Y,2,*,12228,
sample1_contig_72326,6943,3,Y,Y,1,1046,72326,
sample1_contig_17753,6917,3,Y,Y,1,15016,17753,
sample1_contig_106643,6914,7,Y,N,1,*,106643,
sample1_contig_8588,6894,11,Y,Y,1,14170,8588,
sample1_contig_51425,6794,5,Y,Y,1,804,51425,
sample1_contig_89770,6726,7,Y,N,1,*,89770,
sample1_contig_182810,6698,6,Y,N,1,*,182810,
sample1_contig_181057,6630,11,Y,N,1,*,181057,
sample1_contig_180888,6627,15,Y,N,2,*,180888,
sample1_contig_13017,6570,5,Y,Y,1,14566,13017,
sample1_contig_45634,6551,3,Y,Y,1,720,45634,
sample1_contig_176059,6548,7,Y,Y,1,1824,176059,
sample1_contig_51432,6505,3,Y,Y,1,17132,51432,
sample1_contig_94796,6477,9,Y,N,1,*,94796,
sample1_contig_81317,6390,3,Y,Y,1,17338,81317,
sample1_contig_18126,6357,5,Y,N,1,*,18126,
sample1_contig_28087,6291,10,Y,Y,3,438,28087,
sample1_contig_67278,6268,16,Y,Y,2,17706,67278,
sample1_contig_27249,6245,5,Y,Y,1,430,27249,
sample1_contig_125456,6177,5,Y,Y,1,18614,125456,
sample1_contig_182646,6176,12,Y,N,2,*,182646,
sample1_contig_31859,6156,3,Y,Y,1,16108,31859,
sample1_contig_133532,6154,3,Y,Y,1,19190,133532,
sample1_contig_120091,6141,9,Y,Y,1,14862,120091,
sample1_contig_39417,6127,9,Y,Y,1,612,39417,
sample1_contig_137024,6115,3,Y,Y,1,19336,137024,
sample1_contig_54957,6062,3,Y,Y,1,844,54957,
sample1_contig_181589,6060,7,Y,Y,1,1930,181589,
sample1_contig_173061,6034,6,Y,Y,1,1754,173061,
sample1_contig_182567,5972,5,Y,N,1,*,182567,
sample1_contig_161448,5941,9,Y,Y,1,1700,161448,
sample1_contig_100831,5927,3,Y,Y,1,1356,100831,
sample1_contig_11430,5899,68,Y,Y,11,14410,11430,
sample1_contig_29897,5876,5,Y,Y,1,15752,29897,
sample1_contig_65020,5869,6,Y,Y,1,17630,65020,
sample1_contig_4944,5868,5,Y,Y,1,13776,4944,
sample1_contig_124831,5864,11,Y,Y,1,17386,124831,
sample1_contig_103702,5828,3,Y,Y,1,14136,103702,
sample1_contig_130373,5802,7,Y,N,1,*,130373,
sample1_contig_44727,5785,9,Y,Y,1,16808,44727,
sample1_contig_96840,5750,5,Y,Y,1,16728,96840,
sample1_contig_181133,5718,4,Y,Y,1,19096,181133,
sample1_contig_70294,5698,7,Y,Y,1,17296,70294,
sample1_contig_136723,5695,13,Y,N,2,*,136723,
sample1_contig_27565,5619,34,Y,Y,5,15818,27565,
sample1_contig_21442,5596,8,Y,Y,2,334,21442,
sample1_contig_42207,5579,10,Y,Y,1,13858,42207,
sample1_contig_175202,5535,5,Y,Y,1,16384,175202,
sample1_contig_118094,5394,58,Y,N,10,*,118094,
sample1_contig_85061,5336,6,Y,Y,1,18198,85061,
sample1_contig_25843,5317,5,Y,Y,1,15482,25843,
sample1_contig_91933,5275,4,Y,Y,1,1260,91933,
sample1_contig_78195,5266,3,Y,Y,1,*,78195,
sample1_contig_104056,5177,3,Y,Y,1,*,104056,
sample1_contig_25353,5168,8,Y,Y,1,15648,25353,
sample1_contig_9884,5160,9,Y,Y,1,*,9884,
sample1_contig_80865,5149,3,Y,Y,1,1144,80865,
sample1_contig_137864,5077,13,Y,Y,3,14102,137864,
sample1_contig_94649,5035,9,Y,Y,1,*,94649,
sample1_contig_144529,5018,6,Y,Y,1,*,144529,
sample1_contig_156840,5014,4,Y,Y,1,14228,156840,
sample1_contig_50653,4994,13,Y,Y,2,16564,50653,
sample1_contig_169239,4976,15,Y,N,2,*,169239,
sample1_contig_12574,4966,3,Y,Y,1,17566,12574,
sample1_contig_82861,4927,3,Y,Y,1,16614,82861,
sample1_contig_8221,4902,34,Y,Y,5,14118,8221,
sample1_contig_19774,4866,8,Y,Y,1,15172,19774,
sample1_contig_7241,4794,3,Y,Y,1,114,7241,
sample1_contig_120874,4791,8,Y,Y,1,18240,120874,
sample1_contig_97324,4791,6,Y,Y,1,17760,97324,
sample1_contig_70343,4683,15,Y,Y,2,13308,70343,
sample1_contig_33393,4681,18,Y,Y,3,14968,33393,
sample1_contig_171836,4661,8,Y,Y,1,13742,171836,
sample1_contig_174892,4658,3,Y,Y,1,16182,174892,
sample1_contig_36565,4658,19,Y,Y,2,16436,36565,
sample1_contig_11500,4638,14,Y,Y,2,14420,11500,
sample1_contig_19323,4617,7,Y,Y,1,14290,19323,
sample1_contig_82131,4600,4,Y,Y,1,1156,82131,
sample1_contig_6180,4582,7,Y,Y,1,13894,6180,
sample1_contig_36660,4555,6,Y,Y,1,586,36660,
sample1_contig_69541,4545,5,Y,Y,1,17774,69541,
sample1_contig_115391,4528,5,Y,Y,1,*,115391,
sample1_contig_93397,4481,4,Y,Y,1,19452,93397,
sample1_contig_106060,4477,6,Y,Y,1,1404,106060,
sample1_contig_73655,4396,4,Y,Y,1,*,73655,
sample1_contig_85850,4390,6,Y,Y,1,*,85850,
sample1_contig_181832,4382,7,Y,Y,1,*,181832,
sample1_contig_96594,4380,5,Y,Y,1,1316,96594,
sample1_contig_77245,4378,3,Y,Y,1,1106,77245,
sample1_contig_94295,4376,3,Y,Y,1,18372,94295,
sample1_contig_175562,4339,5,Y,Y,1,*,175562,
sample1_contig_175461,4327,14,Y,Y,2,17678,175461,
sample1_contig_33422,4327,5,Y,Y,1,16248,33422,
sample1_contig_8553,4292,22,Y,Y,3,19052,8553,
sample1_contig_32622,4279,20,Y,Y,3,13884,32622,
sample1_contig_146579,4275,4,Y,Y,1,18210,146579,
sample1_contig_134251,4266,10,Y,Y,2,*,134251,
sample1_contig_12394,4249,5,Y,Y,1,13766,12394,
sample1_contig_181341,4236,5,Y,Y,1,*,181341,
sample1_contig_176031,4230,14,Y,Y,2,1822,176031,
sample1_contig_38188,4220,19,Y,Y,2,*,38188,
sample1_contig_22696,4120,11,Y,Y,2,14544,22696,
sample1_contig_86509,4110,4,Y,Y,1,*,86509,
sample1_contig_17837,4070,6,Y,Y,1,15030,17837,
sample1_contig_145395,4065,7,Y,Y,1,*,145395,
sample1_contig_26400,4017,16,Y,Y,2,*,26400,
sample1_contig_63287,4016,29,Y,Y,4,*,63287,
sample1_contig_177942,3978,3,Y,Y,1,16312,177942,
sample1_contig_63038,3940,3,Y,Y,1,17560,63038,
sample1_contig_180609,3933,16,Y,Y,2,*,180609,
sample1_contig_89515,3931,15,Y,Y,2,1230,89515,
sample1_contig_27400,3884,15,Y,Y,2,*,27400,
sample1_contig_5547,3878,19,Y,Y,3,*,5547,
sample1_contig_162814,3867,10,Y,Y,1,*,162814,
sample1_contig_114818,3826,18,Y,Y,3,15110,114818,
sample1_contig_128984,3817,4,Y,Y,1,18530,128984,
sample1_contig_182164,3799,7,Y,Y,1,*,182164,
sample1_contig_178970,3791,8,Y,Y,1,*,178970,
sample1_contig_28385,3782,4,Y,Y,1,19300,28385,
sample1_contig_151577,3778,4,Y,Y,1,16234,151577,
sample1_contig_181824,3771,10,Y,Y,2,*,181824,
sample1_contig_61155,3703,27,Y,Y,5,*,61155,
sample1_contig_178161,3699,13,Y,Y,1,*,178161,
sample1_contig_82899,3649,6,Y,Y,1,*,82899,
sample1_contig_49333,3647,5,Y,Y,1,14498,49333,
sample1_contig_175172,3645,24,Y,Y,4,*,175172,
sample1_contig_181513,3625,9,Y,Y,1,*,181513,
sample1_contig_72816,3572,5,Y,Y,1,17878,72816,
sample1_contig_104524,3526,7,Y,Y,1,13890,104524,
sample1_contig_52536,3494,15,Y,Y,2,*,52536,
sample1_contig_106719,3436,16,Y,Y,2,*,106719,
sample1_contig_182553,3436,4,Y,Y,1,*,182553,
sample1_contig_114948,3355,5,Y,Y,1,1468,114948,
sample1_contig_182167,3289,27,Y,Y,3,*,182167,
sample1_contig_182348,3215,5,Y,Y,1,*,182348,
sample1_contig_180931,3213,4,Y,Y,1,*,180931,
sample1_contig_325,3136,4,Y,Y,1,18958,325,
sample1_contig_83929,3109,3,Y,Y,1,1176,83929,
sample1_contig_108846,3027,11,Y,Y,2,*,108846,
sample1_contig_175784,3015,14,Y,Y,2,*,175784,
sample1_contig_89431,3015,14,Y,Y,1,*,89431,
sample1_contig_142284,2968,12,Y,Y,1,*,142284,
sample1_contig_129752,2926,16,Y,Y,2,*,129752,
sample1_contig_180689,2896,9,Y,Y,1,*,180689,
sample1_contig_102996,2876,3,Y,Y,1,13474,102996,
sample1_contig_182808,2856,17,Y,Y,2,*,182808,
sample1_contig_178692,2853,6,Y,Y,1,*,178692,
sample1_contig_93099,2823,4,Y,Y,1,*,93099,
sample1_contig_149917,2772,8,Y,Y,1,*,149917,
sample1_contig_15238,2764,20,Y,Y,3,*,15238,
sample1_contig_182744,2741,10,Y,Y,1,*,182744,
sample1_contig_144795,2681,14,Y,Y,2,*,144795,
sample1_contig_128054,2677,9,Y,Y,1,*,128054,
sample1_contig_54381,2541,30,Y,Y,4,*,54381,
sample1_contig_22106,2458,15,Y,Y,2,*,22106,
sample1_contig_116467,2425,13,Y,Y,2,*,116467,
sample1_contig_132783,2378,9,Y,Y,1,*,132783,
sample1_contig_29335,2368,8,Y,Y,1,*,29335,
sample1_contig_107412,2288,19,Y,Y,2,*,107412,
sample1_contig_101214,2193,20,Y,Y,2,*,101214,
sample1_contig_20160,2166,7,Y,Y,1,*,20160,
sample1_contig_139072,2031,16,Y,Y,2,18828,139072,
sample1_contig_178392,1511,4,Y,Y,1,19590,178392,
sample1_contig_76535,1489,4,Y,Y,1,17170,76535,
sample1_contig_175176,1451,3,Y,Y,1,15842,175176,
sample1_contig_87417,1317,12,Y,Y,6,1206,87417,
sample1_contig_174008,1228,6,Y,Y,1,15550,174008,
sample1_contig_120902,1084,36,Y,Y,6,*,120902,
sample1_contig_20559,1016,3,Y,Y,1,15248,20559,
sample1_contig_33364,1004,11,Y,Y,1,*,33364,
sample1_contig_24870,985,8,Y,Y,1,13398,24870,
sample1_contig_51287,949,3,Y,Y,1,16126,51287,
sample1_contig_52514,895,3,Y,Y,1,820,52514,
sample1_contig_135472,891,342,Y,Y,57,*,135472,
sample1_contig_21153,853,3,Y,Y,1,328,21153,
sample1_contig_64101,851,7,Y,Y,1,17592,64101,
sample1_contig_141884,832,76,Y,Y,12,*,141884,
sample1_contig_69961,798,5,Y,Y,1,17788,69961,
sample1_contig_45749,770,3,Y,Y,1,13376,45749,
sample1_contig_15823,750,464,Y,Y,77,*,15823,
sample1_contig_24865,677,7,Y,Y,1,*,24865,
sample1_contig_15562,673,3,Y,Y,1,19520,15562,
sample1_contig_5718,670,7,Y,Y,1,13846,5718,
sample1_contig_42937,639,52,Y,Y,8,*,42937,
sample1_contig_693,635,3,Y,Y,1,13300,693,
sample1_contig_26555,630,5,Y,Y,1,418,26555,
sample1_contig_90174,629,241,Y,Y,39,*,90174,
sample1_contig_30827,618,4,Y,Y,1,16032,30827,
sample1_contig_8736,595,4,Y,Y,1,19054,8736,
sample1_contig_6889,585,11,Y,Y,1,*,6889,
sample1_contig_42521,575,3,Y,Y,1,660,42521,
sample1_contig_37252,570,25,Y,Y,4,*,37252,
sample1_contig_11132,568,4,Y,Y,1,14376,11132,
sample1_contig_15175,556,6,Y,Y,1,14766,15175,
sample1_contig_8193,530,6,Y,Y,1,14106,8193,
sample1_contig_49360,529,24,Y,Y,3,*,49360,
sample1_contig_489,528,5,Y,Y,1,14138,489,
sample1_contig_30958,511,3,Y,Y,1,18994,30958,
sample1_contig_71560,510,5,Y,Y,1,14576,71560,
sample1_contig_7255,401,4,Y,Y,1,19022,7255,
sample1_contig_11320,395,10,Y,Y,1,188,11320,
sample20_contig_68799,181316,4,Y,N,1,*,68799,
sample20_contig_67308,126226,4,Y,N,1,*,67308,
sample20_contig_68959,121554,5,Y,N,1,*,68959,
sample20_contig_23907,118739,11,Y,N,2,*,23907,
sample20_contig_68730,116979,15,Y,N,3,*,68730,
sample20_contig_68527,108987,5,Y,N,1,*,68527,
sample20_contig_68538,108177,7,Y,N,1,*,68538,
sample20_contig_49421,99547,4,Y,N,1,*,49421,
sample20_contig_64552,76636,3,Y,N,1,*,64552,
sample20_contig_68735,72836,4,Y,N,1,*,68735,
sample20_contig_68557,72617,3,Y,N,1,*,68557,
sample20_contig_65315,71838,7,Y,N,1,*,65315,
sample20_contig_7688,71489,6,Y,N,1,*,7688,
sample20_contig_67467,67201,5,Y,N,1,*,67467,
sample20_contig_65035,66180,32,Y,N,6,*,65035,
sample20_contig_67401,65774,9,Y,N,2,*,67401,
sample20_contig_68928,64768,52,Y,N,10,*,68928,
sample20_contig_68920,63194,10,Y,N,2,*,68920,
sample20_contig_68866,60972,8,Y,N,1,*,68866,
sample20_contig_68980,57333,4,Y,N,1,*,68980,
sample20_contig_38317,56081,3,Y,N,1,*,38317,
sample20_contig_68676,56010,9,Y,N,1,*,68676,
sample20_contig_68931,55457,4,Y,N,1,*,68931,
sample20_contig_66783,55339,6,Y,N,1,*,66783,
sample20_contig_68718,54449,15,Y,N,3,*,68718,
sample20_contig_68340,54133,5,Y,N,1,*,68340,
sample20_contig_68955,53917,7,Y,N,1,*,68955,
sample20_contig_18637,53645,7,Y,N,1,*,18637,
sample20_contig_66231,51908,13,Y,N,2,*,66231,
sample20_contig_68042,51348,5,Y,N,1,*,68042,
sample20_contig_68936,50661,7,Y,N,1,*,68936,
sample20_contig_68443,49842,13,Y,N,2,*,68443,
sample20_contig_68874,49568,32,Y,N,6,*,68874,
sample20_contig_20420,49502,40,Y,N,7,*,20420,
sample20_contig_68843,48483,5,Y,N,1,*,68843,
sample20_contig_68889,47856,7,Y,N,1,*,68889,
sample20_contig_68643,47845,7,Y,N,1,*,68643,
sample20_contig_66509,47665,3,Y,N,1,*,66509,
sample20_contig_68749,47294,3,Y,N,1,*,68749,
sample20_contig_51653,46027,14,Y,N,2,*,51653,
sample20_contig_56534,45648,4,Y,N,1,*,56534,
sample20_contig_65888,45154,4,Y,N,1,*,65888,
sample20_contig_29039,45022,4,Y,Y,1,234,29039,
sample20_contig_68979,44882,4,Y,N,1,*,68979,
sample20_contig_66589,44375,6,Y,N,1,*,66589,
sample20_contig_22362,43857,6,Y,N,1,*,22362,
sample20_contig_67735,43535,3,Y,N,1,*,67735,
sample20_contig_56143,42349,3,Y,Y,1,*,56143,
sample20_contig_66716,41625,11,Y,N,2,*,66716,
sample20_contig_67713,41534,24,Y,N,4,*,67713,
sample20_contig_68659,41448,15,Y,N,2,*,68659,
sample20_contig_68401,41021,8,Y,N,1,*,68401,
sample20_contig_64958,40999,5,Y,N,1,*,64958,
sample20_contig_68896,40944,11,Y,N,2,*,68896,
sample20_contig_40302,40086,17,Y,N,2,*,40302,
sample20_contig_67633,39972,8,Y,N,1,*,67633,
sample20_contig_67632,39546,11,Y,N,2,*,67632,
sample20_contig_68723,39225,5,Y,N,1,*,68723,
sample20_contig_67154,38890,13,Y,N,2,*,67154,
sample20_contig_68957,37775,13,Y,N,2,*,68957,
sample20_contig_68951,37567,9,Y,N,2,*,68951,
sample20_contig_68839,36083,15,Y,N,2,*,68839,
sample20_contig_68933,35435,6,Y,N,1,*,68933,
sample20_contig_67548,34003,3,Y,Y,1,*,67548,
sample20_contig_68650,33053,6,Y,N,1,*,68650,
sample20_contig_68977,32406,9,Y,N,1,*,68977,
sample20_contig_37803,32340,28,Y,Y,5,9400,37803,
sample20_contig_28692,31721,7,Y,Y,1,232,28692,
sample20_contig_68414,31523,11,Y,N,1,*,68414,
sample20_contig_68831,28365,3,Y,N,1,*,68831,
sample20_contig_55675,28324,3,Y,Y,1,364,55675,
sample20_contig_16678,28193,4,Y,Y,1,144,16678,
sample20_contig_68367,27931,6,Y,N,1,*,68367,
sample20_contig_13329,26598,6,Y,Y,1,114,13329,
sample20_contig_24682,26553,3,Y,Y,1,198,24682,
sample20_contig_66887,26213,7,Y,Y,1,8046,66887,
sample20_contig_68976,25390,4,Y,N,1,*,68976,
sample20_contig_35667,24733,5,Y,Y,1,274,35667,
sample20_contig_42260,24058,4,Y,Y,1,296,42260,
sample20_contig_33637,23869,3,Y,Y,1,260,33637,
sample20_contig_68306,22751,14,Y,Y,2,8720,68306,
sample20_contig_68033,22221,4,Y,Y,1,8592,68033,
sample20_contig_19993,21955,4,Y,Y,1,164,19993,
sample20_contig_64535,21009,6,Y,Y,1,5950,64535,
sample20_contig_67272,17870,3,Y,Y,1,*,67272,
sample20_contig_10823,17590,5,Y,Y,1,7868,10823,
sample20_contig_23676,17584,12,Y,Y,1,7974,23676,
sample20_contig_17845,17290,21,Y,Y,3,6212,17845,
sample20_contig_2363,16997,15,Y,Y,2,6236,2363,
sample20_contig_68373,15950,8,Y,N,1,*,68373,
sample20_contig_67198,15836,4,Y,Y,1,8212,67198,
sample20_contig_39534,15525,10,Y,Y,1,9404,39534,
sample20_contig_11640,14857,4,Y,Y,1,6450,11640,
sample20_contig_65094,14417,4,Y,N,1,*,65094,
sample20_contig_29453,14087,3,Y,Y,1,6820,29453,
sample20_contig_68965,13635,11,Y,N,1,*,68965,
sample20_contig_65127,13097,5,Y,N,1,*,65127,
sample20_contig_35386,12518,4,Y,N,1,*,35386,
sample20_contig_33464,12446,3,Y,Y,1,*,33464,
sample20_contig_2962,12261,8,Y,N,1,*,2962,
sample20_contig_26613,11612,13,Y,N,2,*,26613,
sample20_contig_17536,11516,4,Y,Y,1,146,17536,
sample20_contig_60686,11204,7,Y,N,1,*,60686,
sample20_contig_24840,11118,9,Y,Y,1,7266,24840,
sample20_contig_36211,9351,4,Y,Y,1,7440,36211,
sample20_contig_28284,8949,10,Y,Y,1,9288,28284,
sample20_contig_68147,8547,4,Y,Y,1,8632,68147,
sample20_contig_64813,8167,9,Y,Y,1,6292,64813,
sample20_contig_66931,8004,6,Y,N,1,*,66931,
sample20_contig_47767,7971,15,Y,N,3,*,47767,
sample20_contig_65627,7940,8,Y,Y,1,7368,65627,
sample20_contig_68016,7552,6,Y,N,1,*,68016,
sample20_contig_4325,7126,6,Y,Y,1,38,4325,
sample20_contig_65418,7022,4,Y,Y,1,6874,65418,
sample20_contig_68746,6852,19,Y,N,3,*,68746,
sample20_contig_24205,6726,4,Y,Y,1,188,24205,
sample20_contig_32957,6605,7,Y,N,1,*,32957,
sample20_contig_63503,6290,15,Y,N,1,*,63503,
sample20_contig_43079,5870,6,Y,N,1,*,43079,
sample20_contig_41582,5685,18,Y,N,4,*,41582,
sample20_contig_54898,5652,20,Y,Y,3,*,54898,
sample20_contig_21136,5546,19,Y,Y,3,*,21136,
sample20_contig_13974,5235,4,Y,N,1,*,13974,
sample20_contig_5800,5216,4,Y,N,1,*,5800,
sample20_contig_16229,4680,5,Y,Y,1,7072,16229,
sample20_contig_67653,4140,12,Y,Y,2,*,67653,
sample20_contig_66335,3469,8,Y,Y,1,7634,66335,
sample20_contig_35791,3283,8,Y,Y,1,*,35791,
sample20_contig_40228,2473,3,Y,Y,1,8950,40228,
sample20_contig_66147,2192,3,Y,Y,1,426,66147,
sample20_contig_34708,961,89,Y,Y,17,*,34708,
sample20_contig_53909,811,86,Y,Y,17,*,53909,
sample20_contig_4602,675,5,Y,Y,1,6530,4602,
sample20_contig_13799,534,4,Y,Y,1,120,13799,
sample21_contig_15867,351653,7,Y,N,1,*,15867,
sample21_contig_30525,123242,25,Y,N,3,*,30525,
sample21_contig_78208,98833,12,Y,N,2,*,78208,
sample21_contig_77463,95150,8,Y,N,1,*,77463,
sample21_contig_38197,92049,6,Y,N,2,*,38197,
sample21_contig_77882,87455,9,Y,N,2,*,77882,
sample21_contig_76707,80482,8,Y,N,1,*,76707,
sample21_contig_77986,70692,7,Y,N,1,*,77986,
sample21_contig_13888,67031,5,Y,N,1,*,13888,
sample21_contig_78399,64647,8,Y,N,1,*,78399,
sample21_contig_78152,63092,3,Y,N,1,*,78152,
sample21_contig_78223,62138,9,Y,N,2,*,78223,
sample21_contig_78317,61673,17,Y,N,3,*,78317,
sample21_contig_75599,60413,3,Y,N,1,*,75599,
sample21_contig_11779,60075,4,Y,N,1,*,11779,
sample21_contig_76917,58691,18,Y,N,3,*,76917,
sample21_contig_16141,58154,7,Y,N,1,*,16141,
sample21_contig_77997,57924,5,Y,N,1,*,77997,
sample21_contig_78353,54070,8,Y,N,1,*,78353,
sample21_contig_78428,51210,5,Y,N,1,*,78428,
sample21_contig_41331,49363,3,Y,Y,1,*,41331,
sample21_contig_60679,49080,7,Y,N,1,*,60679,
sample21_contig_77921,48991,5,Y,N,1,*,77921,
sample21_contig_75506,48270,21,Y,N,4,*,75506,
sample21_contig_41332,48241,12,Y,N,2,*,41332,
sample21_contig_78160,48234,10,Y,N,2,*,78160,
sample21_contig_76701,48097,3,Y,Y,1,*,76701,
sample21_contig_21943,47726,15,Y,N,2,*,21943,
sample21_contig_78366,47049,29,Y,N,5,*,78366,
sample21_contig_38932,45954,12,Y,N,2,*,38932,
sample21_contig_78367,44824,4,Y,N,1,*,78367,
sample21_contig_77259,42356,5,Y,N,1,*,77259,
sample21_contig_78119,41835,6,Y,N,1,*,78119,
sample21_contig_78125,41146,8,Y,N,1,*,78125,
sample21_contig_78267,41041,49,Y,N,9,*,78267,
sample21_contig_75901,40510,5,Y,N,1,*,75901,
sample21_contig_78187,39919,20,Y,N,3,*,78187,
sample21_contig_75814,39673,6,Y,N,1,*,75814,
sample21_contig_74245,36887,3,Y,Y,1,*,74245,
sample21_contig_52826,35116,6,Y,N,1,*,52826,
sample21_contig_78297,34576,8,Y,N,1,*,78297,
sample21_contig_75928,34544,10,Y,N,1,*,75928,
sample21_contig_38050,33284,3,Y,Y,1,326,38050,
sample21_contig_77627,33028,9,Y,N,1,*,77627,
sample21_contig_40691,32956,5,Y,N,1,*,40691,
sample21_contig_73555,31067,29,Y,N,5,*,73555,
sample21_contig_12592,30953,5,Y,Y,1,134,12592,
sample21_contig_19861,29289,3,Y,Y,1,*,19861,
sample21_contig_14712,25606,6,Y,Y,1,160,14712,
sample21_contig_12965,24707,3,Y,Y,1,138,12965,
sample21_contig_40316,22539,8,Y,N,2,*,40316,
sample21_contig_76597,21950,3,Y,Y,1,*,76597,
sample21_contig_37087,20997,11,Y,Y,1,5134,37087,
sample21_contig_8096,20045,8,Y,Y,1,5694,8096,
sample21_contig_32558,17956,3,Y,Y,1,290,32558,
sample21_contig_1507,17675,4,Y,Y,1,10,1507,
sample21_contig_20986,17352,3,Y,Y,1,210,20986,
sample21_contig_27175,17292,5,Y,Y,1,6754,27175,
sample21_contig_42161,17221,4,Y,Y,1,7168,42161,
sample21_contig_41760,17079,15,Y,N,3,*,41760,
sample21_contig_78382,16915,3,Y,N,1,*,78382,
sample21_contig_78294,16319,5,Y,N,1,*,78294,
sample21_contig_27510,16290,20,Y,Y,3,5336,27510,
sample21_contig_75733,15828,6,Y,Y,1,5648,75733,
sample21_contig_52017,15595,17,Y,Y,2,384,52017,
sample21_contig_3190,15375,9,Y,Y,1,5248,3190,
sample21_contig_60455,15114,9,Y,Y,1,7464,60455,
sample21_contig_74666,14759,3,Y,Y,1,5420,74666,
sample21_contig_2760,14179,10,Y,Y,1,7022,2760,
sample21_contig_77417,13771,34,Y,N,6,*,77417,
sample21_contig_9916,13768,7,Y,Y,1,11850,9916,
sample21_contig_20169,13394,26,Y,Y,4,6168,20169,
sample21_contig_74763,12818,3,Y,Y,1,5528,74763,
sample21_contig_18213,12634,8,Y,Y,1,7612,18213,
sample21_contig_75227,12479,9,Y,N,1,*,75227,
sample21_contig_17514,11861,3,Y,Y,1,6354,17514,
sample21_contig_52240,11092,3,Y,Y,1,6094,52240,
sample21_contig_76160,11016,4,Y,Y,1,5708,76160,
sample21_contig_43052,10812,3,Y,Y,1,5272,43052,
sample21_contig_20948,10747,6,Y,Y,1,208,20948,
sample21_contig_38269,10440,4,Y,Y,1,330,38269,
sample21_contig_2594,10347,4,Y,Y,1,5202,2594,
sample21_contig_76473,10347,3,Y,Y,1,6736,76473,
sample21_contig_28945,10307,6,Y,Y,1,7694,28945,
sample21_contig_27169,10165,3,Y,Y,1,7688,27169,
sample21_contig_21587,9875,9,Y,Y,1,6562,21587,
sample21_contig_78176,9566,5,Y,N,1,*,78176,
sample21_contig_6888,9432,3,Y,Y,1,5588,6888,
sample21_contig_12176,9263,3,Y,Y,1,5550,12176,
sample21_contig_25297,9215,11,Y,Y,2,6568,25297,
sample21_contig_53240,9053,19,Y,N,3,*,53240,
sample21_contig_8148,8943,5,Y,Y,1,5710,8148,
sample21_contig_7086,8942,6,Y,Y,1,5600,7086,
sample21_contig_11530,8919,5,Y,Y,1,6032,11530,
sample21_contig_9850,8808,11,Y,N,1,*,9850,
sample21_contig_26352,8777,8,Y,N,1,*,26352,
sample21_contig_11025,8590,10,Y,Y,1,5994,11025,
sample21_contig_12151,8582,4,Y,Y,1,5156,12151,
sample21_contig_53180,8571,5,Y,Y,1,396,53180,
sample21_contig_76846,8561,5,Y,Y,1,*,76846,
sample21_contig_59635,8455,6,Y,Y,1,6114,59635,
sample21_contig_46538,8304,13,Y,Y,1,7230,46538,
sample21_contig_77625,8223,14,Y,N,1,*,77625,
sample21_contig_76378,8083,3,Y,Y,1,5292,76378,
sample21_contig_1225,7994,8,Y,Y,1,2,1225,
sample21_contig_37084,7975,3,Y,Y,1,6852,37084,
sample21_contig_27166,7950,6,Y,Y,1,5208,27166,
sample21_contig_40871,7545,4,Y,Y,2,*,40871,
sample21_contig_7469,7422,4,Y,Y,1,7514,7469,
sample21_contig_26933,7386,12,Y,Y,2,5814,26933,
sample21_contig_59695,7382,3,Y,Y,1,7362,59695,
sample21_contig_27558,7305,5,Y,Y,1,5828,27558,
sample21_contig_62968,7290,17,Y,N,3,*,62968,
sample21_contig_66669,7259,3,Y,Y,1,6792,66669,
sample21_contig_2198,7233,4,Y,Y,1,7412,2198,
sample21_contig_76782,7015,3,Y,Y,1,5080,76782,
sample21_contig_55015,7013,6,Y,Y,1,7014,55015,
sample21_contig_1277,6746,7,Y,Y,3,4,1277,
sample21_contig_46647,6620,3,Y,Y,1,372,46647,
sample21_contig_76738,6577,5,Y,Y,1,6874,76738,
sample21_contig_4993,6527,9,Y,N,2,*,4993,
sample21_contig_77579,6445,4,Y,N,1,*,77579,
sample21_contig_76625,6190,3,Y,Y,1,472,76625,
sample21_contig_18182,6186,3,Y,Y,1,6848,18182,
sample21_contig_2597,6127,9,Y,N,2,*,2597,
sample21_contig_10643,6059,3,Y,Y,1,122,10643,
sample21_contig_29895,5756,8,Y,N,1,*,29895,
sample21_contig_23339,5536,20,Y,N,3,*,23339,
sample21_contig_78271,4990,23,Y,Y,3,*,78271,
sample21_contig_52942,4664,3,Y,Y,1,7132,52942,
sample21_contig_78401,4597,8,Y,Y,1,*,78401,
sample21_contig_46029,4487,9,Y,Y,1,*,46029,
sample21_contig_13900,4340,26,Y,Y,5,*,13900,
sample21_contig_51716,4292,15,Y,Y,3,*,51716,
sample21_contig_78357,4109,20,Y,Y,3,*,78357,
sample21_contig_14564,3956,3,Y,Y,1,7560,14564,
sample21_contig_72528,3945,15,Y,Y,2,*,72528,
sample21_contig_75435,3544,7,Y,Y,1,7578,75435,
sample21_contig_5919,2664,3,Y,Y,1,5508,5919,
sample21_contig_40866,2370,13,Y,Y,2,*,40866,
sample21_contig_3263,1917,10,Y,Y,3,36,3263,
sample21_contig_14444,1394,5,Y,Y,1,5414,14444,
sample21_contig_16912,1327,12,Y,Y,2,5368,16912,
sample21_contig_77867,1303,9,Y,Y,1,494,77867,
sample21_contig_36058,900,17,Y,Y,3,*,36058,
sample21_contig_20641,820,6,Y,Y,1,6980,20641,
sample21_contig_10164,694,10,Y,Y,1,5162,10164,
sample21_contig_7955,663,5,Y,Y,1,5006,7955,
sample21_contig_23315,611,3,Y,Y,1,6620,23315,
sample21_contig_9896,574,10,Y,Y,1,5902,9896,
sample21_contig_20371,536,5,Y,Y,1,5878,20371,
sample22_contig_50705,130044,19,Y,N,3,*,50705,
sample22_contig_51331,110377,3,Y,N,1,*,51331,
sample22_contig_4511,106903,16,Y,N,2,*,4511,
sample22_contig_51310,86401,6,Y,N,1,*,51310,
sample22_contig_10953,77803,4,Y,N,1,*,10953,
sample22_contig_51208,76182,6,Y,N,1,*,51208,
sample22_contig_51754,75034,7,Y,N,1,*,51754,
sample22_contig_51405,73191,4,Y,N,1,*,51405,
sample22_contig_49996,73068,6,Y,N,1,*,49996,
sample22_contig_51028,69363,3,Y,N,1,*,51028,
sample22_contig_49198,68199,30,Y,N,5,*,49198,
sample22_contig_51719,66090,18,Y,N,3,*,51719,
sample22_contig_51192,65943,10,Y,N,1,*,51192,
sample22_contig_29201,65850,6,Y,N,1,*,29201,
sample22_contig_51633,64793,6,Y,N,1,*,51633,
sample22_contig_50307,61238,4,Y,N,1,*,50307,
sample22_contig_49761,59319,3,Y,N,1,*,49761,
sample22_contig_51695,59151,4,Y,N,1,*,51695,
sample22_contig_23723,55322,20,Y,N,3,*,23723,
sample22_contig_10261,54642,17,Y,N,3,*,10261,
sample22_contig_51477,54592,4,Y,N,1,*,51477,
sample22_contig_51783,50746,4,Y,N,1,*,51783,
sample22_contig_31623,49192,165,Y,N,32,*,31623,
sample22_contig_26683,48238,4,Y,N,1,*,26683,
sample22_contig_50902,48177,11,Y,N,2,*,50902,
sample22_contig_51279,47136,3,Y,N,1,*,51279,
sample22_contig_49471,46862,22,Y,N,4,*,49471,
sample22_contig_51799,46783,10,Y,N,2,*,51799,
sample22_contig_50047,46415,5,Y,N,1,*,50047,
sample22_contig_50078,46048,3,Y,N,1,*,50078,
sample22_contig_11074,46037,128,Y,N,25,*,11074,
sample22_contig_51324,45921,11,Y,N,2,*,51324,
sample22_contig_17629,45729,5,Y,Y,1,110,17629,
sample22_contig_51047,45081,7,Y,N,1,*,51047,
sample22_contig_49105,45059,3,Y,Y,1,*,49105,
sample22_contig_51542,44990,8,Y,N,1,*,51542,
sample22_contig_50094,44863,3,Y,Y,1,*,50094,
sample22_contig_50032,44809,3,Y,N,1,*,50032,
sample22_contig_30438,44262,4,Y,N,1,*,30438,
sample22_contig_51177,43701,3,Y,Y,1,264,51177,
sample22_contig_51166,43406,6,Y,N,1,*,51166,
sample22_contig_49644,43364,4,Y,N,1,*,49644,
sample22_contig_47394,42803,6,Y,N,1,*,47394,
sample22_contig_9064,42079,8,Y,N,1,*,9064,
sample22_contig_49162,42069,29,Y,N,5,*,49162,
sample22_contig_47393,41878,19,Y,N,3,*,47393,
sample22_contig_49177,41864,12,Y,N,2,*,49177,
sample22_contig_12657,40104,5,Y,Y,1,82,12657,
sample22_contig_20462,39367,5,Y,Y,1,124,20462,
sample22_contig_29370,38772,11,Y,N,2,*,29370,
sample22_contig_51774,38335,6,Y,N,1,*,51774,
sample22_contig_51592,37641,8,Y,N,1,*,51592,
sample22_contig_50556,37502,6,Y,N,1,*,50556,
sample22_contig_51101,36120,31,Y,N,5,*,51101,
sample22_contig_51771,34710,5,Y,N,1,*,51771,
sample22_contig_15327,32381,4,Y,Y,1,98,15327,
sample22_contig_21391,32150,3,Y,Y,1,128,21391,
sample22_contig_20099,28371,10,Y,Y,2,4426,20099,
sample22_contig_50971,27180,5,Y,N,1,*,50971,
sample22_contig_51793,26482,6,Y,N,1,*,51793,
sample22_contig_25843,21237,5,Y,Y,1,4652,25843,
sample22_contig_10130,20997,3,Y,Y,1,4818,10130,
sample22_contig_4898,20934,14,Y,Y,2,4428,4898,
sample22_contig_50785,17789,6,Y,Y,1,5584,50785,
sample22_contig_22299,17506,12,Y,Y,2,6238,22299,
sample22_contig_51474,17235,12,Y,N,2,*,51474,
sample22_contig_18237,17071,5,Y,Y,1,118,18237,
sample22_contig_26682,16813,7,Y,Y,1,4166,26682,
sample22_contig_26803,16257,11,Y,Y,2,5908,26803,
sample22_contig_32471,13044,10,Y,Y,2,4616,32471,
sample22_contig_10123,12901,10,Y,Y,2,4234,10123,
sample22_contig_8564,11711,4,Y,Y,2,44,8564,
sample22_contig_50470,11344,3,Y,N,1,*,50470,
sample22_contig_10632,11068,6,Y,Y,2,*,10632,
sample22_contig_49874,9973,9,Y,Y,3,5034,49874,
sample22_contig_10016,9746,5,Y,Y,1,4804,10016,
sample22_contig_13196,9600,3,Y,Y,1,6054,13196,
sample22_contig_10710,9420,3,Y,Y,1,4872,10710,
sample22_contig_11736,9144,4,Y,Y,1,6028,11736,
sample22_contig_49727,8088,3,Y,Y,1,4206,49727,
sample22_contig_49314,6401,4,Y,Y,1,5170,49314,
sample22_contig_40757,6303,12,Y,N,2,*,40757,
sample22_contig_49638,6158,4,Y,Y,1,4830,49638,
sample22_contig_12955,6142,10,Y,Y,1,4410,12955,
sample22_contig_12355,6024,10,Y,N,2,*,12355,
sample22_contig_51610,5985,19,Y,N,3,*,51610,
sample22_contig_48896,5976,10,Y,Y,2,5898,48896,
sample22_contig_50182,5783,7,Y,Y,1,6154,50182,
sample22_contig_23894,5654,3,Y,N,1,*,23894,
sample22_contig_12454,5549,19,Y,N,3,*,12454,
sample22_contig_7724,4355,3,Y,Y,1,4238,7724,
sample22_contig_41193,3481,6,Y,Y,1,*,41193,
sample22_contig_50450,2573,6,Y,Y,1,5370,50450,
sample22_contig_8730,2062,5,Y,Y,1,5998,8730,
sample22_contig_51132,1894,5,Y,Y,1,5640,51132,
sample22_contig_27687,432,3,Y,Y,1,5608,27687,
sample23_contig_2438,252064,12,Y,N,3,*,2438,
sample23_contig_52478,97882,13,Y,N,2,*,52478,
sample23_contig_52992,96616,6,Y,N,2,*,52992,
sample23_contig_54152,86033,4,Y,N,1,*,54152,
sample23_contig_51863,72607,10,Y,N,2,*,51863,
sample23_contig_54165,71532,5,Y,N,1,*,54165,
sample23_contig_53810,69545,8,Y,N,1,*,53810,
sample23_contig_54155,67881,3,Y,N,1,*,54155,
sample23_contig_52715,67539,6,Y,N,1,*,52715,
sample23_contig_52948,66292,9,Y,N,2,*,52948,
sample23_contig_51539,65799,9,Y,N,2,*,51539,
sample23_contig_53062,63826,8,Y,N,1,*,53062,
sample23_contig_54104,63037,6,Y,N,1,*,54104,
sample23_contig_51633,62392,5,Y,N,1,*,51633,
sample23_contig_54170,60964,6,Y,N,1,*,54170,
sample23_contig_53148,60640,35,Y,N,8,*,53148,
sample23_contig_53872,60346,3,Y,N,1,*,53872,
sample23_contig_54141,58509,7,Y,N,2,*,54141,
sample23_contig_54138,52675,47,Y,N,11,*,54138,
sample23_contig_53644,52524,39,Y,N,9,*,53644,
sample23_contig_53134,49271,17,Y,N,4,*,53134,
sample23_contig_54161,49172,4,Y,N,1,*,54161,
sample23_contig_53811,48612,5,Y,N,1,*,53811,
sample23_contig_34232,47280,21,Y,N,5,*,34232,
sample23_contig_53761,46877,3,Y,N,1,*,53761,
sample23_contig_54008,46471,93,Y,N,23,*,54008,
sample23_contig_52770,46286,13,Y,N,3,*,52770,
sample23_contig_53946,45821,5,Y,N,1,*,53946,
sample23_contig_51879,45568,7,Y,N,1,*,51879,
sample23_contig_53885,45526,5,Y,N,1,*,53885,
sample23_contig_40347,45433,8,Y,N,2,*,40347,
sample23_contig_54105,45349,12,Y,N,2,*,54105,
sample23_contig_54047,45282,3,Y,N,1,*,54047,
sample23_contig_53502,45025,36,Y,N,9,*,53502,
sample23_contig_52064,44432,14,Y,N,3,*,52064,
sample23_contig_53089,43966,5,Y,N,1,*,53089,
sample23_contig_53767,43672,4,Y,N,1,*,53767,
sample23_contig_53415,43482,10,Y,N,2,*,53415,
sample23_contig_53816,43359,6,Y,N,1,*,53816,
sample23_contig_52874,43275,10,Y,N,2,*,52874,
sample23_contig_53948,42952,12,Y,N,3,*,53948,
sample23_contig_54092,42372,13,Y,N,3,*,54092,
sample23_contig_52845,42214,39,Y,N,9,*,52845,
sample23_contig_52237,42201,3,Y,Y,1,*,52237,
sample23_contig_54013,42197,8,Y,N,2,*,54013,
sample23_contig_33730,42016,3,Y,N,1,*,33730,
sample23_contig_9429,41804,3,Y,N,1,*,9429,
sample23_contig_51600,41643,4,Y,N,1,*,51600,
sample23_contig_52091,40614,3,Y,N,1,*,52091,
sample23_contig_53376,40521,22,Y,N,5,*,53376,
sample23_contig_54136,40269,23,Y,N,5,*,54136,
sample23_contig_53992,39992,15,Y,N,4,*,53992,
sample23_contig_54010,39902,7,Y,N,1,*,54010,
sample23_contig_54023,39351,9,Y,N,1,*,54023,
sample23_contig_17642,39316,3,Y,Y,1,80,17642,
sample23_contig_53982,39251,4,Y,N,1,*,53982,
sample23_contig_53947,39147,6,Y,N,1,*,53947,
sample23_contig_27457,39098,17,Y,N,4,*,27457,
sample23_contig_7090,38356,46,Y,N,11,*,7090,
sample23_contig_27456,38329,19,Y,N,4,*,27456,
sample23_contig_53980,38090,19,Y,N,4,*,53980,
sample23_contig_53835,38019,15,Y,N,3,*,53835,
sample23_contig_53310,37582,16,Y,N,4,*,53310,
sample23_contig_53979,37351,13,Y,N,3,*,53979,
sample23_contig_52480,37284,6,Y,N,1,*,52480,
sample23_contig_24134,37240,38,Y,N,8,*,24134,
sample23_contig_54097,37097,35,Y,N,8,*,54097,
sample23_contig_53884,36591,8,Y,N,1,*,53884,
sample23_contig_54139,36491,7,Y,N,2,*,54139,
sample23_contig_54029,36469,10,Y,N,2,*,54029,
sample23_contig_54073,36435,4,Y,N,1,*,54073,
sample23_contig_51974,34561,5,Y,N,1,*,51974,
sample23_contig_53662,34054,16,Y,N,4,*,53662,
sample23_contig_25943,28980,4,Y,Y,1,102,25943,
sample23_contig_53287,25978,3,Y,Y,1,*,53287,
sample23_contig_51831,25423,10,Y,N,1,*,51831,
sample23_contig_10372,25003,4,Y,Y,1,56,10372,
sample23_contig_11267,21243,3,Y,Y,1,58,11267,
sample23_contig_17767,19986,7,Y,Y,1,4086,17767,
sample23_contig_37627,19935,5,Y,N,1,*,37627,
sample23_contig_54151,19174,3,Y,N,1,*,54151,
sample23_contig_53402,18376,4,Y,N,1,*,53402,
sample23_contig_29334,17411,18,Y,N,4,*,29334,
sample23_contig_54125,17177,14,Y,N,3,*,54125,
sample23_contig_11889,16256,31,Y,N,7,*,11889,
sample23_contig_21132,15912,5,Y,Y,1,3758,21132,
sample23_contig_14950,13189,4,Y,Y,1,3234,14950,
sample23_contig_835,13110,3,Y,Y,1,4,835,
sample23_contig_20755,11864,6,Y,Y,1,3122,20755,
sample23_contig_52214,11256,3,Y,Y,1,*,52214,
sample23_contig_16653,10756,3,Y,Y,1,78,16653,
sample23_contig_24955,8287,20,Y,Y,4,4274,24955,
sample23_contig_45581,8284,6,Y,N,1,*,45581,
sample23_contig_25353,8184,6,Y,N,1,*,25353,
sample23_contig_52000,8111,7,Y,N,1,*,52000,
sample23_contig_52489,7932,10,Y,Y,2,3660,52489,
sample23_contig_18395,7310,7,Y,Y,1,3132,18395,
sample23_contig_37339,7201,8,Y,N,2,*,37339,
sample23_contig_11741,6840,6,Y,N,1,*,11741,
sample23_contig_54153,5999,8,Y,N,1,*,54153,
sample23_contig_52893,5942,7,Y,N,2,*,52893,
sample23_contig_47764,5756,5,Y,N,1,*,47764,
sample23_contig_44121,5658,5,Y,N,1,*,44121,
sample23_contig_51722,5557,13,Y,N,3,*,51722,
sample23_contig_51250,5428,3,Y,N,1,*,51250,
sample23_contig_19337,5261,12,Y,N,2,*,19337,
sample23_contig_5622,5099,10,Y,N,2,*,5622,
sample23_contig_52542,4719,3,Y,Y,1,4660,52542,
sample23_contig_53939,3913,3,Y,Y,1,4186,53939,
sample23_contig_24067,2689,3,Y,Y,1,3300,24067,
sample23_contig_44813,2313,15,Y,Y,4,*,44813,
sample23_contig_28830,878,3,Y,Y,1,4348,28830,
sample23_contig_21760,573,238,Y,Y,59,*,21760,
sample23_contig_3068,455,3,Y,Y,1,3322,3068,
sample24_contig_38822,132486,7,Y,N,1,*,38822,
sample24_contig_86083,97126,11,Y,N,1,*,86083,
sample24_contig_100581,91541,15,Y,N,2,*,100581,
sample24_contig_103306,84096,19,Y,N,3,*,103306,
sample24_contig_104193,68246,43,Y,N,8,*,104193,
sample24_contig_57203,67003,9,Y,N,1,*,57203,
sample24_contig_103203,62893,11,Y,N,1,*,103203,
sample24_contig_102550,51272,11,Y,N,2,*,102550,
sample24_contig_104205,44054,8,Y,Y,2,*,104205,
sample24_contig_104167,35107,14,Y,N,2,*,104167,
sample24_contig_100371,32952,7,Y,N,1,*,100371,
sample24_contig_101621,31381,4,Y,Y,1,*,101621,
sample24_contig_99998,28473,6,Y,Y,2,*,99998,
sample24_contig_57356,28325,6,Y,N,1,*,57356,
sample24_contig_101949,28128,6,Y,Y,1,228,101949,
sample24_contig_77241,25296,4,Y,Y,1,176,77241,
sample24_contig_103774,24843,14,Y,N,2,*,103774,
sample24_contig_103848,24489,3,Y,Y,1,*,103848,
sample24_contig_103555,24465,12,Y,N,2,*,103555,
sample24_contig_22398,23727,3,Y,Y,1,*,22398,
sample24_contig_74812,22729,11,Y,N,2,*,74812,
sample24_contig_32887,20966,5,Y,N,1,*,32887,
sample24_contig_102652,20661,4,Y,Y,1,242,102652,
sample24_contig_30750,19798,6,Y,Y,2,*,30750,
sample24_contig_67250,19203,3,Y,Y,1,170,67250,
sample24_contig_102552,17002,5,Y,Y,1,*,102552,
sample24_contig_102511,16878,6,Y,Y,2,*,102511,
sample24_contig_12333,16677,19,Y,N,4,*,12333,
sample24_contig_49270,16309,3,Y,Y,1,146,49270,
sample24_contig_34938,15572,4,Y,Y,1,108,34938,
sample24_contig_21765,15430,6,Y,Y,1,76,21765,
sample24_contig_103240,14617,10,Y,N,2,*,103240,
sample24_contig_8335,14469,7,Y,N,1,*,8335,
sample24_contig_104069,13678,11,Y,N,1,*,104069,
sample24_contig_59762,13282,8,Y,N,2,*,59762,
sample24_contig_5452,12920,5,Y,N,1,*,5452,
sample24_contig_35469,12056,12,Y,Y,2,110,35469,
sample24_contig_99677,11645,7,Y,Y,1,196,99677,
sample24_contig_41295,11313,17,Y,Y,3,3340,41295,
sample24_contig_101563,11178,17,Y,N,3,*,101563,
sample24_contig_15554,11014,11,Y,N,2,*,15554,
sample24_contig_19917,10998,4,Y,Y,1,68,19917,
sample24_contig_89832,10919,3,Y,Y,1,188,89832,
sample24_contig_22341,10760,3,Y,Y,1,78,22341,
sample24_contig_28520,10186,4,Y,Y,1,90,28520,
sample24_contig_49712,10062,9,Y,Y,2,3606,49712,
sample24_contig_8430,9933,7,Y,Y,1,26,8430,
sample24_contig_88669,9920,3,Y,Y,1,186,88669,
sample24_contig_16632,9679,4,Y,Y,1,50,16632,
sample24_contig_104175,9319,4,Y,N,1,*,104175,
sample24_contig_83118,8974,8,Y,Y,1,182,83118,
sample24_contig_16474,8941,11,Y,N,1,*,16474,
sample24_contig_48026,8430,3,Y,Y,1,142,48026,
sample24_contig_51373,8316,3,Y,N,1,*,51373,
sample24_contig_54599,8213,3,Y,Y,1,3574,54599,
sample24_contig_41125,8201,5,Y,Y,1,3608,41125,
sample24_contig_99895,7833,10,Y,Y,1,3016,99895,
sample24_contig_30014,7774,6,Y,Y,1,94,30014,
sample24_contig_9834,7198,4,Y,Y,1,30,9834,
sample24_contig_843,7142,3,Y,Y,1,4,843,
sample24_contig_77014,7055,10,Y,Y,1,174,77014,
sample24_contig_34509,7022,8,Y,Y,1,3542,34509,
sample24_contig_2456,6855,3,Y,Y,1,2894,2456,
sample24_contig_54500,6708,3,Y,Y,1,2980,54500,
sample24_contig_36693,6524,6,Y,Y,2,114,36693,
sample24_contig_19043,6451,3,Y,Y,1,62,19043,
sample24_contig_64922,6416,4,Y,N,1,*,64922,
sample24_contig_14018,6366,4,Y,Y,1,2972,14018,
sample24_contig_90370,6204,4,Y,Y,1,3430,90370,
sample24_contig_4341,6126,14,Y,Y,2,3990,4341,
sample24_contig_102815,5747,17,Y,Y,2,3052,102815,
sample24_contig_94909,5489,11,Y,N,1,*,94909,
sample24_contig_103447,5212,5,Y,N,1,*,103447,
sample24_contig_103975,4878,9,Y,Y,2,*,103975,
sample24_contig_56440,4845,11,Y,Y,2,*,56440,
sample24_contig_16402,4761,31,Y,Y,6,*,16402,
sample24_contig_102438,4481,13,Y,Y,1,*,102438,
sample24_contig_99581,4448,3,Y,Y,1,3744,99581,
sample24_contig_92637,4398,5,Y,Y,1,*,92637,
sample24_contig_5716,4207,4,Y,Y,1,3244,5716,
sample24_contig_39313,4054,7,Y,Y,1,*,39313,
sample24_contig_101940,3865,9,Y,Y,2,*,101940,
sample24_contig_78594,3792,7,Y,Y,1,*,78594,
sample24_contig_17448,3669,16,Y,Y,2,*,17448,
sample24_contig_96894,3656,20,Y,Y,3,*,96894,
sample24_contig_74511,3360,5,Y,Y,1,*,74511,
sample24_contig_40285,3241,22,Y,Y,3,*,40285,
sample24_contig_102518,2735,3,Y,Y,1,4210,102518,
sample24_contig_41292,2572,6,Y,Y,1,126,41292,
sample24_contig_102018,2176,4,Y,Y,1,*,102018,
sample24_contig_102276,1178,4,Y,Y,1,3822,102276,
sample24_contig_7611,706,3,Y,Y,1,24,7611,
sample24_contig_20421,658,7,Y,Y,1,2968,20421,
sample24_contig_75705,616,71,Y,Y,13,*,75705,
sample25_contig_6811,131219,8,Y,N,1,*,6811,
sample25_contig_6910,103057,19,Y,N,3,*,6910,
sample25_contig_27703,81741,8,Y,N,1,*,27703,
sample25_contig_40144,77961,10,Y,N,1,*,40144,
sample25_contig_119052,73246,10,Y,N,2,*,119052,
sample25_contig_120514,72048,10,Y,N,2,*,120514,
sample25_contig_119802,69194,9,Y,N,1,*,119802,
sample25_contig_118227,66203,25,Y,N,4,*,118227,
sample25_contig_29819,54026,5,Y,N,1,*,29819,
sample25_contig_120821,53033,6,Y,N,1,*,120821,
sample25_contig_34614,52129,6,Y,N,1,*,34614,
sample25_contig_37158,50790,15,Y,N,3,*,37158,
sample25_contig_120868,49712,7,Y,N,1,*,120868,
sample25_contig_113801,49515,10,Y,N,1,*,113801,
sample25_contig_9741,48889,4,Y,Y,2,*,9741,
sample25_contig_115924,47677,32,Y,N,5,*,115924,
sample25_contig_20244,46524,15,Y,N,3,*,20244,
sample25_contig_117874,45909,7,Y,N,1,*,117874,
sample25_contig_120865,45873,4,Y,N,1,*,120865,
sample25_contig_115856,45578,21,Y,N,4,*,115856,
sample25_contig_116925,44654,8,Y,N,1,*,116925,
sample25_contig_37011,43264,3,Y,Y,1,274,37011,
sample25_contig_105877,43144,5,Y,N,1,*,105877,
sample25_contig_118776,42856,5,Y,N,1,*,118776,
sample25_contig_117413,42214,5,Y,N,1,*,117413,
sample25_contig_119155,40975,9,Y,N,1,*,119155,
sample25_contig_120787,40648,8,Y,N,1,*,120787,
sample25_contig_117569,39368,14,Y,N,2,*,117569,
sample25_contig_119264,39197,13,Y,N,2,*,119264,
sample25_contig_15508,39035,19,Y,N,2,*,15508,
sample25_contig_55202,38951,3,Y,Y,1,406,55202,
sample25_contig_120968,37614,3,Y,N,1,*,120968,
sample25_contig_120028,36886,5,Y,N,1,*,120028,
sample25_contig_116189,35980,6,Y,N,1,*,116189,
sample25_contig_45553,35235,3,Y,Y,1,324,45553,
sample25_contig_11055,34107,12,Y,N,2,*,11055,
sample25_contig_72908,33819,6,Y,Y,2,*,72908,
sample25_contig_19871,31386,11,Y,N,1,*,19871,
sample25_contig_117883,29346,8,Y,N,1,*,117883,
sample25_contig_116739,29329,4,Y,N,1,*,116739,
sample25_contig_3664,28681,16,Y,N,2,*,3664,
sample25_contig_120230,28670,21,Y,N,4,*,120230,
sample25_contig_116003,28373,12,Y,N,1,*,116003,
sample25_contig_120565,28160,6,Y,N,1,*,120565,
sample25_contig_13333,24495,8,Y,N,1,*,13333,
sample25_contig_84972,24418,9,Y,N,2,*,84972,
sample25_contig_47368,24362,4,Y,Y,1,342,47368,
sample25_contig_67244,23050,8,Y,Y,1,468,67244,
sample25_contig_48203,21810,5,Y,Y,1,352,48203,
sample25_contig_52304,21617,12,Y,Y,3,384,52304,
sample25_contig_45083,21066,3,Y,Y,1,320,45083,
sample25_contig_36750,20937,3,Y,Y,1,272,36750,
sample25_contig_51419,20742,8,Y,Y,1,372,51419,
sample25_contig_118399,20679,3,Y,Y,1,*,118399,
sample25_contig_69906,20565,7,Y,Y,2,*,69906,
sample25_contig_82100,18856,4,Y,Y,1,526,82100,
sample25_contig_70479,18807,4,Y,Y,1,484,70479,
sample25_contig_106612,17915,5,Y,Y,1,580,106612,
sample25_contig_121075,17634,6,Y,N,1,*,121075,
sample25_contig_118861,17568,12,Y,N,2,*,118861,
sample25_contig_9720,17478,3,Y,Y,1,68,9720,
sample25_contig_29787,17333,6,Y,Y,1,7808,29787,
sample25_contig_32664,17234,6,Y,Y,1,7960,32664,
sample25_contig_88581,16593,11,Y,N,1,*,88581,
sample25_contig_103076,16135,4,Y,Y,1,574,103076,
sample25_contig_7654,15931,7,Y,Y,1,52,7654,
sample25_contig_119999,15823,5,Y,N,1,*,119999,
sample25_contig_26029,15697,9,Y,Y,1,204,26029,
sample25_contig_17635,15284,3,Y,Y,1,128,17635,
sample25_contig_6192,14704,6,Y,Y,1,44,6192,
sample25_contig_120657,14401,6,Y,N,1,*,120657,
sample25_contig_120823,14311,7,Y,Y,1,664,120823,
sample25_contig_84215,14232,5,Y,N,1,*,84215,
sample25_contig_120034,14099,3,Y,N,1,*,120034,
sample25_contig_32739,13909,3,Y,N,1,*,32739,
sample25_contig_68754,13721,3,Y,Y,1,472,68754,
sample25_contig_106251,13698,6,Y,N,1,*,106251,
sample25_contig_119843,13603,5,Y,N,1,*,119843,
sample25_contig_65314,13554,4,Y,Y,1,458,65314,
sample25_contig_79463,13477,5,Y,N,1,*,79463,
sample25_contig_12023,13409,19,Y,Y,4,90,12023,
sample25_contig_113948,13345,12,Y,N,2,*,113948,
sample25_contig_89359,13288,6,Y,Y,2,546,89359,
sample25_contig_75350,13164,9,Y,Y,1,506,75350,
sample25_contig_58508,12484,4,Y,Y,1,422,58508,
sample25_contig_28142,12322,3,Y,Y,1,228,28142,
sample25_contig_5608,12137,9,Y,Y,2,38,5608,
sample25_contig_27811,11584,6,Y,Y,1,220,27811,
sample25_contig_119852,11567,17,Y,N,3,*,119852,
sample25_contig_114902,11126,23,Y,N,4,*,114902,
sample25_contig_100802,10989,5,Y,Y,1,570,100802,
sample25_contig_47911,10964,3,Y,Y,1,346,47911,
sample25_contig_121055,10722,14,Y,N,2,*,121055,
sample25_contig_19016,10702,3,Y,Y,1,7464,19016,
sample25_contig_83886,10669,8,Y,Y,2,532,83886,
sample25_contig_72296,10556,4,Y,Y,1,492,72296,
sample25_contig_47042,10447,3,Y,Y,1,340,47042,
sample25_contig_6172,10401,15,Y,Y,2,8812,6172,
sample25_contig_10520,10292,14,Y,Y,2,7050,10520,
sample25_contig_24767,10202,3,Y,Y,1,6834,24767,
sample25_contig_117198,10175,4,Y,Y,1,624,117198,
sample25_contig_25622,10105,6,Y,Y,3,202,25622,
sample25_contig_41316,9904,7,Y,Y,1,7516,41316,
sample25_contig_94172,9878,3,Y,Y,1,556,94172,
sample25_contig_29768,9656,8,Y,Y,1,7864,29768,
sample25_contig_41882,9532,7,Y,Y,2,300,41882,
sample25_contig_120945,9375,8,Y,N,2,*,120945,
sample25_contig_71772,9299,3,Y,Y,1,8586,71772,
sample25_contig_21088,9277,10,Y,Y,2,150,21088,
sample25_contig_25179,9211,10,Y,Y,1,7688,25179,
sample25_contig_98784,9052,3,Y,Y,1,8726,98784,
sample25_contig_114615,8959,3,Y,Y,1,6924,114615,
sample25_contig_118587,8896,5,Y,Y,1,*,118587,
sample25_contig_61690,8893,9,Y,Y,1,6910,61690,
sample25_contig_27187,8804,6,Y,Y,1,8508,27187,
sample25_contig_43434,8619,12,Y,Y,3,314,43434,
sample25_contig_30324,8463,11,Y,Y,1,7822,30324,
sample25_contig_52736,8318,3,Y,Y,1,6636,52736,
sample25_contig_120524,8303,8,Y,N,1,*,120524,
sample25_contig_51737,8249,3,Y,Y,1,380,51737,
sample25_contig_5251,8092,10,Y,Y,2,8784,5251,
sample25_contig_121072,8057,4,Y,N,1,*,121072,
sample25_contig_85633,8027,3,Y,Y,1,534,85633,
sample25_contig_60714,7921,3,Y,Y,1,432,60714,
sample25_contig_42892,7884,10,Y,Y,1,6980,42892,
sample25_contig_17684,7808,50,Y,Y,11,130,17684,
sample25_contig_65458,7626,17,Y,N,2,*,65458,
sample25_contig_120031,7597,3,Y,Y,1,654,120031,
sample25_contig_54183,7549,3,Y,Y,1,8020,54183,
sample25_contig_116915,7527,3,Y,Y,1,7896,116915,
sample25_contig_28262,7454,16,Y,Y,3,7416,28262,
sample25_contig_25110,7383,4,Y,Y,1,192,25110,
sample25_contig_8509,7383,3,Y,Y,1,8824,8509,
sample25_contig_53838,7377,3,Y,Y,1,8288,53838,
sample25_contig_115499,7282,5,Y,Y,1,600,115499,
sample25_contig_28563,7248,8,Y,N,1,*,28563,
sample25_contig_23761,7232,7,Y,Y,1,*,23761,
sample25_contig_120797,7229,19,Y,Y,3,13442,120797,
sample25_contig_22242,7210,3,Y,Y,1,*,22242,
sample25_contig_38686,7206,8,Y,N,2,*,38686,
sample25_contig_21413,7162,4,Y,Y,1,152,21413,
sample25_contig_4134,7088,13,Y,Y,2,8790,4134,
sample25_contig_19588,7040,8,Y,N,1,*,19588,
sample25_contig_93755,7014,3,Y,Y,1,*,93755,
sample25_contig_43347,6946,3,Y,Y,1,6430,43347,
sample25_contig_90704,6803,3,Y,Y,1,548,90704,
sample25_contig_26841,6801,4,Y,Y,1,7756,26841,
sample25_contig_38334,6735,4,Y,Y,1,6372,38334,
sample25_contig_62279,6677,6,Y,Y,1,442,62279,
sample25_contig_66990,6660,8,Y,Y,2,466,66990,
sample25_contig_72512,6618,7,Y,N,1,*,72512,
sample25_contig_27938,6566,5,Y,Y,1,8002,27938,
sample25_contig_6171,6563,6,Y,Y,1,7958,6171,
sample25_contig_54021,6532,8,Y,N,1,*,54021,
sample25_contig_92110,6489,6,Y,Y,1,8216,92110,
sample25_contig_78048,6488,4,Y,Y,1,8006,78048,
sample25_contig_69924,6465,11,Y,Y,2,480,69924,
sample25_contig_36669,6437,3,Y,Y,1,6418,36669,
sample25_contig_96983,6310,9,Y,Y,2,7512,96983,
sample25_contig_24776,6259,3,Y,Y,1,7674,24776,
sample25_contig_86335,6172,6,Y,Y,1,6724,86335,
sample25_contig_15545,6126,3,Y,Y,1,7558,15545,
sample25_contig_120579,6070,7,Y,N,1,*,120579,
sample25_contig_120420,6008,4,Y,Y,1,660,120420,
sample25_contig_5297,5951,3,Y,Y,1,6728,5297,
sample25_contig_48803,5766,5,Y,N,1,*,48803,
sample25_contig_464,5600,5,Y,Y,1,6396,464,
sample25_contig_58271,5427,5,Y,Y,1,8452,58271,
sample25_contig_115462,5357,12,Y,N,1,*,115462,
sample25_contig_82755,5346,13,Y,N,2,*,82755,
sample25_contig_119969,5106,7,Y,N,1,*,119969,
sample25_contig_119510,5095,9,Y,N,1,*,119510,
sample25_contig_120962,5032,4,Y,Y,1,*,120962,
sample25_contig_16736,5016,20,Y,Y,3,*,16736,
sample25_contig_11260,4984,3,Y,Y,1,82,11260,
sample25_contig_117374,4862,13,Y,Y,1,*,117374,
sample25_contig_97717,4620,20,Y,Y,3,*,97717,
sample25_contig_47185,4375,14,Y,Y,3,*,47185,
sample25_contig_114494,4152,5,Y,Y,1,6860,114494,
sample25_contig_51407,3915,11,Y,Y,2,*,51407,
sample25_contig_119541,3627,7,Y,Y,1,*,119541,
sample25_contig_75430,3375,5,Y,Y,1,*,75430,
sample25_contig_52139,3337,3,Y,Y,1,6672,52139,
sample25_contig_21934,2906,3,Y,Y,1,7582,21934,
sample25_contig_114619,2902,3,Y,Y,1,6932,114619,
sample25_contig_61986,2852,9,Y,Y,1,8500,61986,
sample25_contig_64742,2802,4,Y,Y,1,*,64742,
sample25_contig_51568,2576,8,Y,Y,1,8150,51568,
sample25_contig_117942,2498,3,Y,Y,1,8218,117942,
sample25_contig_72482,1985,3,Y,Y,1,*,72482,
sample25_contig_50168,1887,3,Y,Y,1,9034,50168,
sample25_contig_116211,1660,9,Y,Y,2,606,116211,
sample25_contig_117063,1464,24,Y,Y,3,6390,117063,
sample25_contig_115072,1351,4,Y,Y,1,8848,115072,
sample25_contig_1695,1323,5,Y,Y,1,6502,1695,
sample25_contig_20039,1289,4,Y,Y,1,148,20039,
sample25_contig_75445,827,8,Y,Y,1,8602,75445,
sample25_contig_41810,731,21,Y,Y,4,7256,41810,
sample25_contig_54,638,145,Y,Y,28,*,54,
sample25_contig_10487,566,15,Y,Y,2,8838,10487,
sample25_contig_86,564,13,Y,Y,2,8744,86,
sample25_contig_15415,548,3,Y,Y,1,7922,15415,
sample26_contig_51475,194236,14,Y,N,2,*,51475,
sample26_contig_18453,110291,8,Y,N,1,*,18453,
sample26_contig_122145,108140,5,Y,N,1,*,122145,
sample26_contig_120328,107666,4,Y,N,1,*,120328,
sample26_contig_123550,102821,4,Y,N,1,*,123550,
sample26_contig_122922,91594,5,Y,N,1,*,122922,
sample26_contig_125605,91253,5,Y,N,1,*,125605,
sample26_contig_125770,69231,4,Y,N,1,*,125770,
sample26_contig_121458,67576,4,Y,N,1,*,121458,
sample26_contig_125597,67341,7,Y,N,1,*,125597,
sample26_contig_125767,63155,17,Y,N,3,*,125767,
sample26_contig_4663,54832,18,Y,N,3,*,4663,
sample26_contig_121545,52155,34,Y,N,7,*,121545,
sample26_contig_125675,50791,8,Y,N,1,*,125675,
sample26_contig_36560,50724,14,Y,N,2,*,36560,
sample26_contig_125221,49356,11,Y,N,2,*,125221,
sample26_contig_123714,48752,14,Y,N,3,*,123714,
sample26_contig_125780,48588,6,Y,N,1,*,125780,
sample26_contig_122876,48060,9,Y,N,1,*,122876,
sample26_contig_122985,46869,3,Y,N,1,*,122985,
sample26_contig_122065,46003,14,Y,N,3,*,122065,
sample26_contig_36093,45889,5,Y,Y,1,306,36093,
sample26_contig_125755,45220,6,Y,N,1,*,125755,
sample26_contig_121971,44325,10,Y,N,2,*,121971,
sample26_contig_122496,42230,9,Y,N,2,*,122496,
sample26_contig_100877,41686,8,Y,N,1,*,100877,
sample26_contig_125680,41366,9,Y,N,1,*,125680,
sample26_contig_1506,40371,12,Y,N,2,*,1506,
sample26_contig_20373,40234,9,Y,N,1,*,20373,
sample26_contig_123663,40128,7,Y,N,1,*,123663,
sample26_contig_124518,39599,6,Y,N,1,*,124518,
sample26_contig_125569,38624,3,Y,N,1,*,125569,
sample26_contig_125574,38544,9,Y,N,2,*,125574,
sample26_contig_122721,35105,7,Y,Y,2,*,122721,
sample26_contig_70076,32405,6,Y,Y,1,486,70076,
sample26_contig_125073,31692,5,Y,N,1,*,125073,
sample26_contig_38907,31684,6,Y,Y,1,326,38907,
sample26_contig_122804,31111,17,Y,N,2,*,122804,
sample26_contig_28146,29948,6,Y,Y,1,266,28146,
sample26_contig_7344,29759,5,Y,Y,1,78,7344,
sample26_contig_13366,29382,18,Y,N,2,*,13366,
sample26_contig_63589,28825,8,Y,N,1,*,63589,
sample26_contig_109955,27942,6,Y,Y,3,*,109955,
sample26_contig_48559,27264,9,Y,Y,1,384,48559,
sample26_contig_124180,25761,6,Y,N,1,*,124180,
sample26_contig_125129,25752,8,Y,Y,1,690,125129,
sample26_contig_43199,24604,3,Y,Y,1,358,43199,
sample26_contig_9213,24098,8,Y,Y,1,92,9213,
sample26_contig_124882,23924,9,Y,Y,1,684,124882,
sample26_contig_120446,23861,13,Y,N,2,*,120446,
sample26_contig_124090,21717,5,Y,N,1,*,124090,
sample26_contig_13816,21608,3,Y,Y,1,146,13816,
sample26_contig_66709,21541,4,Y,Y,1,474,66709,
sample26_contig_25958,20325,4,Y,Y,1,248,25958,
sample26_contig_120731,19991,8,Y,N,1,*,120731,
sample26_contig_124692,18711,5,Y,Y,1,682,124692,
sample26_contig_100869,18516,4,Y,Y,1,592,100869,
sample26_contig_82761,18240,4,Y,Y,1,542,82761,
sample26_contig_23303,17895,6,Y,Y,1,218,23303,
sample26_contig_125248,17618,11,Y,N,2,*,125248,
sample26_contig_125710,16953,17,Y,N,3,*,125710,
sample26_contig_83423,16912,3,Y,Y,1,544,83423,
sample26_contig_78690,16508,6,Y,N,1,*,78690,
sample26_contig_20926,16363,6,Y,N,1,*,20926,
sample26_contig_122964,16321,6,Y,N,1,*,122964,
sample26_contig_41815,16116,6,Y,Y,1,348,41815,
sample26_contig_49333,15484,4,Y,Y,1,394,49333,
sample26_contig_78658,15440,5,Y,Y,1,520,78658,
sample26_contig_122465,15405,4,Y,N,1,*,122465,
sample26_contig_58085,15293,4,Y,Y,1,7406,58085,
sample26_contig_28602,15187,3,Y,Y,1,268,28602,
sample26_contig_74830,14939,3,Y,Y,1,502,74830,
sample26_contig_59269,14928,3,Y,Y,1,448,59269,
sample26_contig_124248,14806,5,Y,Y,1,676,124248,
sample26_contig_30740,14681,8,Y,N,1,*,30740,
sample26_contig_2056,14385,5,Y,N,1,*,2056,
sample26_contig_2945,14108,4,Y,Y,1,36,2945,
sample26_contig_5973,14105,6,Y,Y,1,5882,5973,
sample26_contig_74716,14097,5,Y,Y,1,500,74716,
sample26_contig_23050,14096,3,Y,Y,1,214,23050,
sample26_contig_9271,13978,5,Y,Y,1,96,9271,
sample26_contig_3195,13938,3,Y,Y,1,40,3195,
sample26_contig_125656,13689,3,Y,N,1,*,125656,
sample26_contig_33809,13328,30,Y,N,5,*,33809,
sample26_contig_87664,13311,26,Y,N,5,*,87664,
sample26_contig_3513,13088,3,Y,Y,1,42,3513,
sample26_contig_124327,12879,6,Y,Y,2,*,124327,
sample26_contig_42674,12789,3,Y,Y,1,350,42674,
sample26_contig_53949,12785,3,Y,N,1,*,53949,
sample26_contig_47794,12686,9,Y,Y,1,376,47794,
sample26_contig_56640,12667,5,Y,Y,1,428,56640,
sample26_contig_121454,12660,4,Y,N,1,*,121454,
sample26_contig_20200,12333,3,Y,Y,1,5874,20200,
sample26_contig_120076,12081,3,Y,Y,1,628,120076,
sample26_contig_12445,12007,17,Y,N,3,*,12445,
sample26_contig_125746,11417,12,Y,N,1,*,125746,
sample26_contig_121345,11204,7,Y,Y,1,7838,121345,
sample26_contig_78844,11056,6,Y,Y,1,522,78844,
sample26_contig_78402,11033,4,Y,Y,1,518,78402,
sample26_contig_27171,10855,10,Y,Y,1,258,27171,
sample26_contig_2014,10827,7,Y,Y,1,18,2014,
sample26_contig_82303,10543,3,Y,Y,1,7796,82303,
sample26_contig_6834,10432,18,Y,Y,2,6114,6834,
sample26_contig_62460,10218,5,Y,Y,1,454,62460,
sample26_contig_18812,9823,6,Y,Y,1,184,18812,
sample26_contig_30407,9814,10,Y,Y,2,6876,30407,
sample26_contig_21701,9474,3,Y,N,1,*,21701,
sample26_contig_39189,9262,6,Y,Y,1,330,39189,
sample26_contig_55024,9190,3,Y,Y,1,418,55024,
sample26_contig_55359,9139,3,Y,Y,1,422,55359,
sample26_contig_76563,8774,3,Y,Y,1,508,76563,
sample26_contig_27159,8752,6,Y,Y,1,6794,27159,
sample26_contig_19707,8747,3,Y,N,1,*,19707,
sample26_contig_57134,8718,3,Y,Y,1,436,57134,
sample26_contig_36641,8711,4,Y,N,1,*,36641,
sample26_contig_124960,8631,3,Y,Y,1,*,124960,
sample26_contig_122919,8586,12,Y,N,1,*,122919,
sample26_contig_14676,8436,3,Y,Y,1,6360,14676,
sample26_contig_125168,8420,4,Y,N,1,*,125168,
sample26_contig_3888,8041,7,Y,Y,1,52,3888,
sample26_contig_28626,7888,8,Y,Y,2,8392,28626,
sample26_contig_93722,7854,6,Y,Y,2,7588,93722,
sample26_contig_24276,7843,5,Y,Y,1,230,24276,
sample26_contig_66231,7835,5,Y,Y,1,468,66231,
sample26_contig_18156,7748,3,Y,Y,1,176,18156,
sample26_contig_66540,7706,7,Y,N,1,*,66540,
sample26_contig_11111,7640,9,Y,Y,1,114,11111,
sample26_contig_9520,7629,3,Y,Y,1,6102,9520,
sample26_contig_25362,7609,8,Y,Y,1,242,25362,
sample26_contig_39698,7553,9,Y,Y,1,5754,39698,
sample26_contig_13382,7330,32,Y,N,5,*,13382,
sample26_contig_82631,7289,9,Y,Y,1,7528,82631,
sample26_contig_71479,7272,8,Y,Y,2,*,71479,
sample26_contig_90821,7243,4,Y,Y,1,7578,90821,
sample26_contig_18161,7145,5,Y,Y,1,178,18161,
sample26_contig_49229,6997,4,Y,Y,1,7312,49229,
sample26_contig_50037,6857,3,Y,N,1,*,50037,
sample26_contig_40332,6796,7,Y,Y,1,7134,40332,
sample26_contig_45062,6639,5,Y,Y,1,368,45062,
sample26_contig_6838,6634,11,Y,Y,2,7200,6838,
sample26_contig_25659,6462,5,Y,Y,1,6406,25659,
sample26_contig_7126,6385,6,Y,Y,1,5556,7126,
sample26_contig_3729,6106,3,Y,Y,1,48,3729,
sample26_contig_28968,6086,6,Y,Y,1,272,28968,
sample26_contig_99722,6039,3,Y,Y,1,588,99722,
sample26_contig_119750,6019,3,Y,Y,1,7742,119750,
sample26_contig_72533,5987,3,Y,Y,1,496,72533,
sample26_contig_11804,5959,6,Y,Y,1,126,11804,
sample26_contig_37361,5937,4,Y,Y,1,7802,37361,
sample26_contig_46695,5887,6,Y,Y,2,6970,46695,
sample26_contig_33826,5875,3,Y,Y,1,6980,33826,
sample26_contig_120797,5804,3,Y,Y,1,638,120797,
sample26_contig_78293,5790,4,Y,Y,1,514,78293,
sample26_contig_30583,5592,3,Y,Y,1,6878,30583,
sample26_contig_194,5458,6,Y,Y,1,4,194,
sample26_contig_32021,5448,4,Y,Y,1,6220,32021,
sample26_contig_70571,5409,3,Y,Y,1,490,70571,
sample26_contig_39493,5246,5,Y,Y,1,6882,39493,
sample26_contig_124648,5204,4,Y,Y,1,*,124648,
sample26_contig_8293,4839,3,Y,Y,1,8450,8293,
sample26_contig_65884,4587,16,Y,Y,3,*,65884,
sample26_contig_124293,4224,20,Y,Y,4,*,124293,
sample26_contig_122409,4196,6,Y,Y,1,*,122409,
sample26_contig_121565,4153,6,Y,Y,1,*,121565,
sample26_contig_125333,4145,20,Y,Y,4,*,125333,
sample26_contig_121475,4144,4,Y,Y,1,6706,121475,
sample26_contig_14553,4130,8,Y,Y,2,6358,14553,
sample26_contig_59268,4027,3,Y,Y,1,7184,59268,
sample26_contig_80034,3694,5,Y,Y,1,7992,80034,
sample26_contig_120669,3690,10,Y,Y,1,*,120669,
sample26_contig_112100,3569,13,Y,Y,2,*,112100,
sample26_contig_114789,3531,15,Y,Y,3,*,114789,
sample26_contig_124261,3531,11,Y,Y,1,*,124261,
sample26_contig_34024,3522,16,Y,Y,2,6990,34024,
sample26_contig_112583,3499,6,Y,Y,1,*,112583,
sample26_contig_125776,3450,10,Y,Y,2,*,125776,
sample26_contig_25576,3337,3,Y,Y,1,244,25576,
sample26_contig_114738,3272,31,Y,Y,6,*,114738,
sample26_contig_125052,3264,5,Y,Y,1,*,125052,
sample26_contig_51908,3196,17,Y,Y,3,*,51908,
sample26_contig_62039,3181,17,Y,Y,3,*,62039,
sample26_contig_110577,3149,7,Y,Y,1,*,110577,
sample26_contig_101331,3003,6,Y,Y,1,*,101331,
sample26_contig_33029,2933,19,Y,Y,3,*,33029,
sample26_contig_98262,2920,10,Y,Y,2,*,98262,
sample26_contig_125434,2904,5,Y,Y,1,*,125434,
sample26_contig_76964,2812,17,Y,Y,3,*,76964,
sample26_contig_91141,2754,9,Y,Y,1,*,91141,
sample26_contig_37899,2308,5,Y,Y,1,7024,37899,
sample26_contig_120779,2108,3,Y,Y,1,6424,120779,
sample26_contig_22284,2049,7,Y,Y,1,6622,22284,
sample26_contig_119903,2040,18,Y,Y,3,5942,119903,
sample26_contig_125095,2005,14,Y,Y,1,7996,125095,
sample26_contig_125317,1950,3,Y,Y,1,6132,125317,
sample26_contig_120150,1577,3,Y,Y,1,7764,120150,
sample26_contig_50694,1531,8,Y,Y,1,6746,50694,
sample26_contig_5242,966,46,Y,Y,8,*,5242,
sample26_contig_89685,811,129,Y,Y,25,*,89685,
sample26_contig_20999,749,3,Y,Y,1,6588,20999,
sample26_contig_16218,743,5,Y,Y,1,164,16218,
sample26_contig_24159,734,4,Y,Y,1,6712,24159,
sample26_contig_11717,617,61,Y,Y,12,*,11717,
sample26_contig_2365,547,6,Y,Y,1,24,2365,
sample26_contig_1192,532,4,Y,Y,1,7718,1192,
sample26_contig_98365,504,36,Y,Y,7,*,98365,
sample27_contig_137326,164265,10,Y,N,1,*,137326,
sample27_contig_137218,138732,14,Y,N,3,*,137218,
sample27_contig_136747,118461,6,Y,N,1,*,136747,
sample27_contig_135180,69011,7,Y,N,2,*,135180,
sample27_contig_140097,66499,7,Y,N,1,*,140097,
sample27_contig_50923,48923,4,Y,Y,1,198,50923,
sample27_contig_139297,48374,13,Y,N,3,*,139297,
sample27_contig_134855,45812,10,Y,N,2,*,134855,
sample27_contig_138536,45381,11,Y,N,2,*,138536,
sample27_contig_140071,45192,11,Y,N,2,*,140071,
sample27_contig_139292,44904,14,Y,N,3,*,139292,
sample27_contig_140058,44889,6,Y,N,1,*,140058,
sample27_contig_133616,43865,8,Y,N,1,*,133616,
sample27_contig_140074,43388,13,Y,N,3,*,140074,
sample27_contig_1563,43224,20,Y,N,4,*,1563,
sample27_contig_139997,43088,6,Y,N,1,*,139997,
sample27_contig_140053,39615,9,Y,N,2,*,140053,
sample27_contig_72679,36108,6,Y,N,1,*,72679,
sample27_contig_137675,35492,7,Y,N,1,*,137675,
sample27_contig_118699,35019,4,Y,Y,1,292,118699,
sample27_contig_95944,34558,11,Y,N,2,*,95944,
sample27_contig_56292,29762,9,Y,N,2,*,56292,
sample27_contig_3784,27544,11,Y,Y,2,26,3784,
sample27_contig_6003,25967,12,Y,Y,3,36,6003,
sample27_contig_136612,24957,5,Y,Y,1,316,136612,
sample27_contig_139910,24672,7,Y,N,1,*,139910,
sample27_contig_140096,23853,5,Y,Y,2,*,140096,
sample27_contig_76262,22691,8,Y,N,2,*,76262,
sample27_contig_136733,22322,6,Y,N,1,*,136733,
sample27_contig_140045,21985,10,Y,N,2,*,140045,
sample27_contig_116711,21684,3,Y,Y,1,288,116711,
sample27_contig_495,21137,4,Y,N,1,*,495,
sample27_contig_96540,20740,12,Y,Y,4,*,96540,
sample27_contig_8802,20556,13,Y,N,3,*,8802,
sample27_contig_57748,20431,4,Y,Y,1,214,57748,
sample27_contig_137792,19977,5,Y,N,1,*,137792,
sample27_contig_66010,19421,3,Y,Y,1,236,66010,
sample27_contig_138635,19183,6,Y,N,1,*,138635,
sample27_contig_133838,19127,9,Y,N,2,*,133838,
sample27_contig_140086,19115,4,Y,Y,1,*,140086,
sample27_contig_140094,18214,5,Y,Y,1,*,140094,
sample27_contig_139785,17032,5,Y,N,1,*,139785,
sample27_contig_139865,16936,9,Y,Y,2,346,139865,
sample27_contig_139583,16752,12,Y,N,3,*,139583,
sample27_contig_17570,16631,14,Y,N,2,*,17570,
sample27_contig_137578,16510,6,Y,Y,3,*,137578,
sample27_contig_140029,15754,10,Y,N,2,*,140029,
sample27_contig_139429,15550,5,Y,N,1,*,139429,
sample27_contig_137941,14923,6,Y,N,1,*,137941,
sample27_contig_140084,14796,6,Y,N,1,*,140084,
sample27_contig_2647,14589,13,Y,Y,2,20,2647,
sample27_contig_140021,14364,8,Y,N,2,*,140021,
sample27_contig_140069,14288,9,Y,Y,3,*,140069,
sample27_contig_68393,14261,8,Y,N,1,*,68393,
sample27_contig_35045,13676,4,Y,Y,1,156,35045,
sample27_contig_135286,13562,23,Y,Y,5,4364,135286,
sample27_contig_17026,13528,3,Y,N,1,*,17026,
sample27_contig_10033,12545,10,Y,Y,2,54,10033,
sample27_contig_136974,12381,4,Y,N,1,*,136974,
sample27_contig_17007,12095,4,Y,Y,1,4282,17007,
sample27_contig_139920,11698,3,Y,Y,1,*,139920,
sample27_contig_138157,11422,7,Y,Y,1,328,138157,
sample27_contig_71528,11422,9,Y,N,2,*,71528,
sample27_contig_36026,11344,5,Y,Y,1,160,36026,
sample27_contig_138525,11229,4,Y,Y,1,334,138525,
sample27_contig_81791,10612,4,Y,N,1,*,81791,
sample27_contig_134712,10519,8,Y,N,2,*,134712,
sample27_contig_102609,10398,12,Y,N,3,*,102609,
sample27_contig_139434,10229,4,Y,Y,1,344,139434,
sample27_contig_52526,10081,3,Y,Y,1,202,52526,
sample27_contig_134233,9799,3,Y,Y,1,302,134233,
sample27_contig_138819,9377,12,Y,N,2,*,138819,
sample27_contig_46392,8730,4,Y,Y,1,*,46392,
sample27_contig_82745,8625,4,Y,Y,1,268,82745,
sample27_contig_66117,8570,5,Y,Y,1,4470,66117,
sample27_contig_20655,8464,6,Y,Y,1,5000,20655,
sample27_contig_10507,7914,9,Y,Y,2,4126,10507,
sample27_contig_3298,7754,9,Y,Y,1,24,3298,
sample27_contig_28699,7711,7,Y,Y,1,132,28699,
sample27_contig_23712,7553,6,Y,Y,1,4426,23712,
sample27_contig_2164,7405,9,Y,Y,1,16,2164,
sample27_contig_65648,7329,3,Y,Y,1,234,65648,
sample27_contig_34310,7128,4,Y,Y,1,150,34310,
sample27_contig_68717,7078,4,Y,Y,1,246,68717,
sample27_contig_20185,6933,3,Y,Y,1,4000,20185,
sample27_contig_14562,6918,7,Y,Y,1,3890,14562,
sample27_contig_40841,6753,3,Y,Y,1,4148,40841,
sample27_contig_90408,6728,3,Y,Y,1,3794,90408,
sample27_contig_49540,6722,10,Y,N,2,*,49540,
sample27_contig_28820,6541,4,Y,Y,1,*,28820,
sample27_contig_32405,6278,17,Y,Y,3,4452,32405,
sample27_contig_68688,6266,3,Y,Y,1,244,68688,
sample27_contig_56868,6257,4,Y,Y,1,*,56868,
sample27_contig_25518,5939,4,Y,Y,1,4462,25518,
sample27_contig_135671,5792,13,Y,Y,3,4460,135671,
sample27_contig_140073,5791,132,Y,N,33,*,140073,
sample27_contig_133753,5389,6,Y,N,1,*,133753,
sample27_contig_3910,5294,3,Y,Y,1,3936,3910,
sample27_contig_28615,5060,5,Y,Y,1,5014,28615,
sample27_contig_139473,4682,9,Y,Y,2,*,139473,
sample27_contig_26777,4255,30,Y,Y,7,*,26777,
sample27_contig_81871,4084,5,Y,Y,1,*,81871,
sample27_contig_139825,4082,5,Y,Y,1,*,139825,
sample27_contig_131641,3978,20,Y,Y,4,*,131641,
sample27_contig_51577,3960,11,Y,Y,2,*,51577,
sample27_contig_110847,3948,11,Y,Y,2,*,110847,
sample27_contig_15842,3858,12,Y,Y,3,*,15842,
sample27_contig_117768,3510,8,Y,Y,2,*,117768,
sample27_contig_104918,3493,6,Y,Y,1,*,104918,
sample27_contig_138609,3402,14,Y,Y,3,*,138609,
sample27_contig_111050,3213,6,Y,Y,1,*,111050,
sample27_contig_26573,2096,4,Y,Y,1,122,26573,
sample27_contig_138295,2059,4,Y,Y,1,330,138295,
sample27_contig_41926,1309,5,Y,Y,1,5046,41926,
sample27_contig_26385,941,4,Y,Y,1,4480,26385,
sample27_contig_128350,926,103,Y,Y,24,*,128350,
sample27_contig_10602,812,4,Y,Y,1,4130,10602,
sample27_contig_15541,758,6,Y,Y,1,*,15541,
sample28_contig_123098,118237,19,Y,N,3,*,123098,
sample28_contig_20136,118036,38,Y,N,7,*,20136,
sample28_contig_121104,115925,111,Y,N,21,*,121104,
sample28_contig_127368,114014,12,Y,N,1,*,127368,
sample28_contig_125225,110584,28,Y,N,4,*,125225,
sample28_contig_127109,107671,7,Y,N,1,*,127109,
sample28_contig_122004,106478,13,Y,N,2,*,122004,
sample28_contig_6064,97438,11,Y,N,1,*,6064,
sample28_contig_122038,96457,28,Y,N,4,*,122038,
sample28_contig_10356,96362,15,Y,N,3,*,10356,
sample28_contig_127255,77447,11,Y,N,1,*,127255,
sample28_contig_126335,72460,7,Y,N,1,*,126335,
sample28_contig_126328,72120,5,Y,N,1,*,126328,
sample28_contig_65717,71004,12,Y,N,2,*,65717,
sample28_contig_122118,69875,79,Y,N,15,*,122118,
sample28_contig_126997,68869,15,Y,N,3,*,126997,
sample28_contig_121436,68535,10,Y,N,2,*,121436,
sample28_contig_127366,68496,5,Y,N,1,*,127366,
sample28_contig_126629,68458,8,Y,N,1,*,126629,
sample28_contig_125057,65622,52,Y,N,9,*,125057,
sample28_contig_121472,65008,9,Y,N,2,*,121472,
sample28_contig_127304,64212,8,Y,N,1,*,127304,
sample28_contig_126940,60476,12,Y,N,2,*,126940,
sample28_contig_127218,59862,5,Y,N,1,*,127218,
sample28_contig_127364,59840,7,Y,N,1,*,127364,
sample28_contig_126600,59544,21,Y,N,4,*,126600,
sample28_contig_123482,58436,10,Y,N,2,*,123482,
sample28_contig_124635,56289,8,Y,N,1,*,124635,
sample28_contig_125338,54799,14,Y,N,2,*,125338,
sample28_contig_121930,52489,4,Y,N,1,*,121930,
sample28_contig_125426,52219,5,Y,N,1,*,125426,
sample28_contig_125274,52060,13,Y,N,1,*,125274,
sample28_contig_17644,51610,11,Y,N,2,*,17644,
sample28_contig_126255,51214,7,Y,N,1,*,126255,
sample28_contig_127257,50552,65,Y,N,13,*,127257,
sample28_contig_126716,50377,5,Y,N,1,*,126716,
sample28_contig_121720,50058,6,Y,N,1,*,121720,
sample28_contig_124842,49831,10,Y,N,2,*,124842,
sample28_contig_127360,49379,10,Y,N,2,*,127360,
sample28_contig_125856,49343,15,Y,N,3,*,125856,
sample28_contig_127082,48925,30,Y,N,6,*,127082,
sample28_contig_125931,48744,24,Y,N,4,*,125931,
sample28_contig_127357,48674,13,Y,N,2,*,127357,
sample28_contig_123229,48671,3,Y,N,1,*,123229,
sample28_contig_123822,47612,9,Y,N,1,*,123822,
sample28_contig_124732,47115,23,Y,N,4,*,124732,
sample28_contig_17135,47012,5,Y,N,1,*,17135,
sample28_contig_124201,47010,38,Y,N,7,*,124201,
sample28_contig_126978,46535,19,Y,N,3,*,126978,
sample28_contig_16215,46531,17,Y,N,3,*,16215,
sample28_contig_77476,46220,10,Y,N,1,*,77476,
sample28_contig_75012,45868,19,Y,N,3,*,75012,
sample28_contig_127202,45167,6,Y,N,1,*,127202,
sample28_contig_122140,45129,9,Y,N,1,*,122140,
sample28_contig_77403,44855,5,Y,N,1,*,77403,
sample28_contig_127299,44069,10,Y,N,2,*,127299,
sample28_contig_121937,43932,27,Y,N,5,*,121937,
sample28_contig_126243,43780,14,Y,N,2,*,126243,
sample28_contig_127130,43601,5,Y,N,1,*,127130,
sample28_contig_127201,43328,13,Y,N,2,*,127201,
sample28_contig_127365,42953,12,Y,N,2,*,127365,
sample28_contig_127311,42873,6,Y,N,1,*,127311,
sample28_contig_125700,42704,9,Y,N,1,*,125700,
sample28_contig_122137,42609,19,Y,N,2,*,122137,
sample28_contig_127363,42197,6,Y,N,1,*,127363,
sample28_contig_123143,42149,22,Y,N,3,*,123143,
sample28_contig_127297,42053,9,Y,N,2,*,127297,
sample28_contig_122380,42032,22,Y,N,4,*,122380,
sample28_contig_126032,42027,19,Y,N,4,*,126032,
sample28_contig_125369,41796,13,Y,N,2,*,125369,
sample28_contig_18187,41106,5,Y,Y,1,*,18187,
sample28_contig_55,40913,3,Y,Y,1,2,55,
sample28_contig_126820,40478,6,Y,N,1,*,126820,
sample28_contig_58894,40015,4,Y,Y,1,210,58894,
sample28_contig_127181,39351,6,Y,N,1,*,127181,
sample28_contig_127369,39110,15,Y,N,2,*,127369,
sample28_contig_126482,38485,32,Y,N,6,*,126482,
sample28_contig_127339,38390,4,Y,N,1,*,127339,
sample28_contig_125925,37805,13,Y,N,2,*,125925,
sample28_contig_75179,37588,4,Y,N,1,*,75179,
sample28_contig_127157,37063,32,Y,N,5,*,127157,
sample28_contig_125533,36794,9,Y,N,1,*,125533,
sample28_contig_126151,36788,11,Y,N,1,*,126151,
sample28_contig_121269,36289,27,Y,N,4,*,121269,
sample28_contig_127340,36210,8,Y,N,1,*,127340,
sample28_contig_127034,35742,8,Y,N,1,*,127034,
sample28_contig_127308,35329,5,Y,N,1,*,127308,
sample28_contig_126790,34903,10,Y,N,1,*,126790,
sample28_contig_122978,34800,8,Y,N,1,*,122978,
sample28_contig_127349,32633,12,Y,Y,4,*,127349,
sample28_contig_71653,31035,20,Y,N,4,*,71653,
sample28_contig_121331,27734,5,Y,N,1,*,121331,
sample28_contig_126903,24940,6,Y,Y,1,336,126903,
sample28_contig_48804,24809,6,Y,Y,1,182,48804,
sample28_contig_127271,23220,10,Y,N,2,*,127271,
sample28_contig_4553,22357,5,Y,Y,1,16,4553,
sample28_contig_21196,20690,5,Y,N,1,*,21196,
sample28_contig_61372,20235,9,Y,Y,3,216,61372,
sample28_contig_620,20072,13,Y,N,2,*,620,
sample28_contig_127318,19935,8,Y,N,1,*,127318,
sample28_contig_26475,19799,7,Y,Y,2,*,26475,
sample28_contig_17560,19635,11,Y,N,1,*,17560,
sample28_contig_127350,19479,6,Y,N,1,*,127350,
sample28_contig_126007,18899,4,Y,Y,1,*,126007,
sample28_contig_18749,18704,4,Y,Y,1,98,18749,
sample28_contig_127334,17628,17,Y,N,3,*,127334,
sample28_contig_122804,17400,7,Y,N,1,*,122804,
sample28_contig_126222,16883,11,Y,N,2,*,126222,
sample28_contig_124387,16793,11,Y,N,1,*,124387,
sample28_contig_47325,16783,17,Y,N,3,*,47325,
sample28_contig_123571,16339,7,Y,N,1,*,123571,
sample28_contig_124110,16188,3,Y,Y,1,*,124110,
sample28_contig_31399,15737,6,Y,Y,2,142,31399,
sample28_contig_127090,15575,29,Y,N,6,*,127090,
sample28_contig_10348,15439,4,Y,Y,1,38,10348,
sample28_contig_127256,14924,97,Y,N,19,*,127256,
sample28_contig_35783,14219,4,Y,N,1,*,35783,
sample28_contig_122112,13959,14,Y,N,2,*,122112,
sample28_contig_78842,13470,8,Y,Y,1,240,78842,
sample28_contig_97594,13333,5,Y,Y,1,4406,97594,
sample28_contig_122668,13180,8,Y,N,1,*,122668,
sample28_contig_5247,12696,3,Y,Y,1,20,5247,
sample28_contig_12738,12635,3,Y,Y,1,66,12738,
sample28_contig_17042,12557,4,Y,Y,1,82,17042,
sample28_contig_19572,12482,5,Y,Y,1,102,19572,
sample28_contig_34616,12410,25,Y,N,5,*,34616,
sample28_contig_124823,12340,3,Y,Y,1,328,124823,
sample28_contig_18979,12258,7,Y,N,1,*,18979,
sample28_contig_121449,11928,3,Y,Y,1,290,121449,
sample28_contig_125970,11477,18,Y,N,3,*,125970,
sample28_contig_8964,11459,9,Y,Y,2,30,8964,
sample28_contig_11828,11308,4,Y,Y,1,56,11828,
sample28_contig_127284,11241,9,Y,N,1,*,127284,
sample28_contig_13145,11224,4,Y,N,1,*,13145,
sample28_contig_124378,11139,15,Y,N,3,*,124378,
sample28_contig_103068,10808,7,Y,Y,2,274,103068,
sample28_contig_125317,10292,6,Y,N,1,*,125317,
sample28_contig_12682,10001,12,Y,Y,2,64,12682,
sample28_contig_79292,9995,10,Y,Y,2,5166,79292,
sample28_contig_105132,9973,8,Y,Y,1,4358,105132,
sample28_contig_20849,9721,6,Y,Y,1,3830,20849,
sample28_contig_32169,9096,3,Y,Y,1,144,32169,
sample28_contig_100057,8992,13,Y,N,2,*,100057,
sample28_contig_34925,8903,6,Y,Y,1,154,34925,
sample28_contig_20431,8712,3,Y,Y,1,106,20431,
sample28_contig_123473,8617,19,Y,N,3,*,123473,
sample28_contig_125077,8601,8,Y,N,2,*,125077,
sample28_contig_71108,8479,8,Y,Y,1,3924,71108,
sample28_contig_17356,8444,6,Y,Y,1,86,17356,
sample28_contig_123980,8135,5,Y,Y,1,3722,123980,
sample28_contig_44289,8126,4,Y,Y,1,172,44289,
sample28_contig_52559,8071,16,Y,Y,2,190,52559,
sample28_contig_12130,7971,3,Y,Y,1,3838,12130,
sample28_contig_74047,7824,11,Y,Y,2,4612,74047,
sample28_contig_84428,7594,3,Y,Y,1,252,84428,
sample28_contig_92036,7543,5,Y,Y,1,264,92036,
sample28_contig_43541,7518,4,Y,Y,1,170,43541,
sample28_contig_60181,7424,12,Y,N,1,*,60181,
sample28_contig_122328,7402,4,Y,Y,1,6986,122328,
sample28_contig_125327,6930,6,Y,N,1,*,125327,
sample28_contig_18237,6907,12,Y,Y,2,92,18237,
sample28_contig_47908,6904,7,Y,Y,1,180,47908,
sample28_contig_125640,6873,6,Y,N,1,*,125640,
sample28_contig_21938,6844,9,Y,Y,2,4058,21938,
sample28_contig_124186,6802,57,Y,N,10,*,124186,
sample28_contig_14542,6305,8,Y,Y,1,3912,14542,
sample28_contig_34185,6296,5,Y,Y,1,4434,34185,
sample28_contig_10904,6248,7,Y,Y,1,3800,10904,
sample28_contig_121256,6188,15,Y,N,3,*,121256,
sample28_contig_17584,5916,3,Y,Y,1,88,17584,
sample28_contig_121728,5108,4,Y,Y,1,*,121728,
sample28_contig_126898,4868,4,Y,Y,1,*,126898,
sample28_contig_121169,4767,3,Y,Y,1,3500,121169,
sample28_contig_123783,4604,5,Y,Y,1,4632,123783,
sample28_contig_127144,3924,7,Y,Y,1,*,127144,
sample28_contig_126421,3905,4,Y,Y,1,*,126421,
sample28_contig_76740,3467,5,Y,Y,1,*,76740,
sample28_contig_66136,3444,6,Y,Y,1,*,66136,
sample28_contig_121339,3402,15,Y,Y,2,3568,121339,
sample28_contig_27140,3299,3,Y,Y,1,4136,27140,
sample28_contig_29570,3293,4,Y,Y,1,3546,29570,
sample28_contig_99459,3168,4,Y,Y,1,*,99459,
sample28_contig_44088,3150,10,Y,Y,1,*,44088,
sample28_contig_124079,2829,6,Y,Y,1,4204,124079,
sample28_contig_11033,2544,12,Y,Y,1,3808,11033,
sample28_contig_60975,2495,3,Y,Y,1,4486,60975,
sample28_contig_49202,1356,6,Y,Y,1,4348,49202,
sample28_contig_122319,1253,5,Y,Y,1,3878,122319,
sample28_contig_24828,1228,7,Y,Y,1,4106,24828,
sample28_contig_12910,922,5,Y,Y,1,3654,12910,
sample28_contig_15147,815,17,Y,Y,3,*,15147,
sample28_contig_78374,675,35,Y,Y,6,*,78374,
sample28_contig_170,635,121,Y,Y,24,*,170,
sample28_contig_44367,592,7,Y,Y,1,3744,44367,
sample28_contig_4263,538,5,Y,Y,1,3572,4263,
sample28_contig_2043,497,4,Y,Y,1,3508,2043,
sample28_contig_13802,407,3,Y,Y,1,*,13802,
sample28_contig_7289,150,3,Y,Y,1,*,7289,
sample29_contig_2967,246416,10,Y,N,2,*,2967,
sample29_contig_18662,243183,10,Y,N,1,*,18662,
sample29_contig_53280,213340,8,Y,N,1,*,53280,
sample29_contig_53731,142886,9,Y,N,2,*,53731,
sample29_contig_52609,135491,9,Y,N,1,*,52609,
sample29_contig_53468,133553,39,Y,N,8,*,53468,
sample29_contig_172,131109,6,Y,N,1,*,172,
sample29_contig_54154,122584,6,Y,N,1,*,54154,
sample29_contig_54556,102987,8,Y,N,1,*,54556,
sample29_contig_54808,95237,11,Y,N,2,*,54808,
sample29_contig_52900,90284,4,Y,N,1,*,52900,
sample29_contig_54871,79581,8,Y,N,1,*,54871,
sample29_contig_54589,77943,6,Y,N,2,*,54589,
sample29_contig_54068,73310,11,Y,N,2,*,54068,
sample29_contig_54538,71672,13,Y,N,2,*,54538,
sample29_contig_54658,69567,6,Y,N,1,*,54658,
sample29_contig_54681,68818,6,Y,N,1,*,54681,
sample29_contig_55063,67695,5,Y,N,1,*,55063,
sample29_contig_54927,64878,10,Y,N,2,*,54927,
sample29_contig_54998,63271,6,Y,N,1,*,54998,
sample29_contig_54771,62422,7,Y,N,1,*,54771,
sample29_contig_55058,60420,6,Y,N,1,*,55058,
sample29_contig_55001,58676,5,Y,N,1,*,55001,
sample29_contig_54498,56008,17,Y,N,3,*,54498,
sample29_contig_54528,55786,4,Y,N,1,*,54528,
sample29_contig_55018,55374,16,Y,N,3,*,55018,
sample29_contig_55010,54761,23,Y,N,4,*,55010,
sample29_contig_54996,53545,8,Y,N,1,*,54996,
sample29_contig_54664,52806,3,Y,N,1,*,54664,
sample29_contig_55022,52077,7,Y,N,1,*,55022,
sample29_contig_54609,52018,13,Y,N,2,*,54609,
sample29_contig_54743,51034,8,Y,N,1,*,54743,
sample29_contig_52411,50316,9,Y,N,2,*,52411,
sample29_contig_54050,49714,13,Y,N,1,*,54050,
sample29_contig_54742,49304,14,Y,N,2,*,54742,
sample29_contig_54719,49224,34,Y,N,7,*,54719,
sample29_contig_53992,49051,3,Y,N,1,*,53992,
sample29_contig_54608,48286,11,Y,N,2,*,54608,
sample29_contig_53614,47536,5,Y,N,1,*,53614,
sample29_contig_54824,45975,12,Y,N,2,*,54824,
sample29_contig_54687,45598,12,Y,N,2,*,54687,
sample29_contig_52673,45020,4,Y,N,1,*,52673,
sample29_contig_52557,44997,32,Y,N,6,*,52557,
sample29_contig_54577,44494,28,Y,N,5,*,54577,
sample29_contig_51906,44178,4,Y,N,1,*,51906,
sample29_contig_54828,44146,28,Y,N,5,*,54828,
sample29_contig_54861,44090,7,Y,N,1,*,54861,
sample29_contig_11699,43344,13,Y,N,2,*,11699,
sample29_contig_54773,42591,11,Y,N,2,*,54773,
sample29_contig_54919,42107,4,Y,N,1,*,54919,
sample29_contig_54521,42081,5,Y,N,1,*,54521,
sample29_contig_4377,42030,5,Y,N,1,*,4377,
sample29_contig_7333,42000,8,Y,N,1,*,7333,
sample29_contig_2382,41329,10,Y,N,1,*,2382,
sample29_contig_24750,40804,11,Y,N,2,*,24750,
sample29_contig_54862,40703,11,Y,N,1,*,54862,
sample29_contig_52964,40581,8,Y,N,1,*,52964,
sample29_contig_54885,40497,4,Y,N,1,*,54885,
sample29_contig_54888,40461,17,Y,N,2,*,54888,
sample29_contig_54981,40380,4,Y,Y,1,*,54981,
sample29_contig_52166,40220,4,Y,N,1,*,52166,
sample29_contig_53509,39973,5,Y,N,1,*,53509,
sample29_contig_55024,39803,5,Y,N,1,*,55024,
sample29_contig_53301,39617,7,Y,N,1,*,53301,
sample29_contig_54333,38836,22,Y,N,4,*,54333,
sample29_contig_54825,38252,7,Y,N,1,*,54825,
sample29_contig_55066,36916,5,Y,Y,1,*,55066,
sample29_contig_46975,34630,8,Y,N,1,*,46975,
sample29_contig_8304,34614,14,Y,N,2,*,8304,
sample29_contig_43338,33607,15,Y,N,2,*,43338,
sample29_contig_54322,33048,3,Y,N,1,*,54322,
sample29_contig_54482,32303,5,Y,Y,1,274,54482,
sample29_contig_10739,31403,3,Y,Y,1,*,10739,
sample29_contig_54755,28878,5,Y,N,1,*,54755,
sample29_contig_17309,25884,4,Y,Y,1,96,17309,
sample29_contig_54169,25505,3,Y,Y,1,*,54169,
sample29_contig_32937,24835,12,Y,Y,2,*,32937,
sample29_contig_36505,22583,6,Y,N,1,*,36505,
sample29_contig_55046,22516,7,Y,N,1,*,55046,
sample29_contig_55077,22280,4,Y,N,1,*,55077,
sample29_contig_54432,21379,15,Y,N,3,*,54432,
sample29_contig_52987,20406,3,Y,N,1,*,52987,
sample29_contig_606,19851,4,Y,Y,1,3788,606,
sample29_contig_20402,17754,7,Y,Y,1,116,20402,
sample29_contig_18923,17671,5,Y,Y,1,102,18923,
sample29_contig_949,17615,17,Y,Y,3,3834,949,
sample29_contig_54947,16654,15,Y,N,2,*,54947,
sample29_contig_52304,16128,4,Y,Y,1,236,52304,
sample29_contig_55017,15927,8,Y,N,1,*,55017,
sample29_contig_7356,15384,3,Y,Y,1,58,7356,
sample29_contig_54666,15156,8,Y,N,1,*,54666,
sample29_contig_55038,15142,19,Y,N,3,*,55038,
sample29_contig_52869,14783,3,Y,N,1,*,52869,
sample29_contig_3140,14654,4,Y,Y,1,32,3140,
sample29_contig_54596,14591,27,Y,N,4,*,54596,
sample29_contig_20597,14448,3,Y,Y,1,5294,20597,
sample29_contig_6813,14348,5,Y,Y,1,5426,6813,
sample29_contig_52431,13971,7,Y,N,1,*,52431,
sample29_contig_3694,13882,3,Y,Y,1,4110,3694,
sample29_contig_51775,13410,7,Y,Y,1,224,51775,
sample29_contig_22348,13371,3,Y,N,1,*,22348,
sample29_contig_8256,13051,4,Y,Y,1,4406,8256,
sample29_contig_52756,12995,6,Y,N,1,*,52756,
sample29_contig_55057,12855,16,Y,N,2,*,55057,
sample29_contig_54648,12834,4,Y,Y,1,*,54648,
sample29_contig_31972,12320,3,Y,Y,1,174,31972,
sample29_contig_35626,11465,7,Y,Y,1,5472,35626,
sample29_contig_29039,11117,4,Y,Y,1,4652,29039,
sample29_contig_20249,10960,6,Y,Y,1,112,20249,
sample29_contig_10831,10802,5,Y,Y,1,78,10831,
sample29_contig_54869,10783,6,Y,N,1,*,54869,
sample29_contig_22830,9726,3,Y,Y,1,5578,22830,
sample29_contig_36914,9313,3,Y,Y,1,4688,36914,
sample29_contig_51863,8358,5,Y,N,1,*,51863,
sample29_contig_7000,7137,7,Y,N,1,*,7000,
sample29_contig_51778,6872,14,Y,N,3,*,51778,
sample29_contig_16156,6722,15,Y,N,3,*,16156,
sample29_contig_7270,6425,3,Y,N,1,*,7270,
sample29_contig_44370,6143,6,Y,N,1,*,44370,
sample29_contig_33167,5132,6,Y,N,1,*,33167,
sample29_contig_53832,5113,5,Y,N,1,*,53832,
sample29_contig_53741,4750,3,Y,Y,1,5246,53741,
sample29_contig_29648,4565,23,Y,Y,4,*,29648,
sample29_contig_52196,3422,11,Y,Y,2,4254,52196,
sample29_contig_1980,1741,4,Y,Y,1,4622,1980,
sample29_contig_13226,539,4,Y,Y,1,4654,13226,
sample2_contig_105502,118442,8,Y,N,1,*,105502,
sample2_contig_106216,91284,6,Y,N,1,*,106216,
sample2_contig_105576,77887,14,Y,N,1,*,105576,
sample2_contig_101147,76577,3,Y,N,1,*,101147,
sample2_contig_37476,73725,32,Y,N,6,*,37476,
sample2_contig_106098,71072,5,Y,N,1,*,106098,
sample2_contig_104502,67140,62,Y,N,12,*,104502,
sample2_contig_102847,64280,21,Y,N,3,*,102847,
sample2_contig_65948,62918,9,Y,N,2,*,65948,
sample2_contig_105506,61055,10,Y,N,2,*,105506,
sample2_contig_101113,59500,215,Y,N,42,*,101113,
sample2_contig_90639,55684,5,Y,N,1,*,90639,
sample2_contig_105470,49954,6,Y,N,1,*,105470,
sample2_contig_106099,48680,6,Y,N,1,*,106099,
sample2_contig_106052,47459,4,Y,N,1,*,106052,
sample2_contig_104270,47143,26,Y,N,5,*,104270,
sample2_contig_102125,45191,3,Y,Y,1,*,102125,
sample2_contig_9509,42858,9,Y,N,1,*,9509,
sample2_contig_105870,42606,6,Y,N,1,*,105870,
sample2_contig_4876,42569,9,Y,N,1,*,4876,
sample2_contig_106089,42549,14,Y,N,2,*,106089,
sample2_contig_101491,40835,6,Y,N,1,*,101491,
sample2_contig_105805,39348,11,Y,N,1,*,105805,
sample2_contig_106193,39039,5,Y,N,1,*,106193,
sample2_contig_104012,38829,8,Y,N,1,*,104012,
sample2_contig_106268,38313,6,Y,N,1,*,106268,
sample2_contig_102060,37828,4,Y,N,1,*,102060,
sample2_contig_86148,35731,11,Y,N,2,*,86148,
sample2_contig_33975,33843,61,Y,N,11,*,33975,
sample2_contig_62648,33444,6,Y,Y,1,470,62648,
sample2_contig_103945,32345,7,Y,N,1,*,103945,
sample2_contig_96131,31377,4,Y,N,1,*,96131,
sample2_contig_105756,27194,19,Y,N,2,*,105756,
sample2_contig_101666,26575,3,Y,N,1,*,101666,
sample2_contig_101288,26509,8,Y,N,1,*,101288,
sample2_contig_106076,25725,6,Y,N,1,*,106076,
sample2_contig_32199,24542,10,Y,Y,1,290,32199,
sample2_contig_106102,23304,3,Y,N,1,*,106102,
sample2_contig_18532,22941,5,Y,Y,1,170,18532,
sample2_contig_106295,22368,5,Y,N,1,*,106295,
sample2_contig_21020,22333,5,Y,N,1,*,21020,
sample2_contig_106056,21487,3,Y,Y,1,*,106056,
sample2_contig_106044,20330,12,Y,N,2,*,106044,
sample2_contig_21543,19765,14,Y,N,2,*,21543,
sample2_contig_53849,19437,12,Y,Y,2,432,53849,
sample2_contig_81602,19432,5,Y,Y,1,530,81602,
sample2_contig_24267,19007,79,Y,N,14,*,24267,
sample2_contig_26090,17689,3,Y,Y,1,236,26090,
sample2_contig_16875,17589,12,Y,N,3,*,16875,
sample2_contig_106286,17445,11,Y,N,1,*,106286,
sample2_contig_9984,16823,3,Y,Y,1,98,9984,
sample2_contig_45087,16588,3,Y,Y,1,384,45087,
sample2_contig_106135,16576,9,Y,N,1,*,106135,
sample2_contig_75657,15286,3,Y,Y,1,508,75657,
sample2_contig_6237,15129,3,Y,Y,1,72,6237,
sample2_contig_101798,14950,6,Y,N,1,*,101798,
sample2_contig_106257,14732,7,Y,N,1,*,106257,
sample2_contig_16331,14676,10,Y,Y,1,6102,16331,
sample2_contig_19560,14335,5,Y,Y,1,192,19560,
sample2_contig_101341,13968,3,Y,Y,1,578,101341,
sample2_contig_3341,13612,6,Y,Y,1,46,3341,
sample2_contig_105128,13591,9,Y,N,2,*,105128,
sample2_contig_92898,13004,4,Y,Y,1,564,92898,
sample2_contig_80729,12783,3,Y,Y,1,528,80729,
sample2_contig_6046,12681,233,Y,N,45,*,6046,
sample2_contig_104556,12316,79,Y,N,16,*,104556,
sample2_contig_35622,12191,12,Y,Y,2,6770,35622,
sample2_contig_14314,12050,8,Y,N,1,*,14314,
sample2_contig_18079,11963,9,Y,N,1,*,18079,
sample2_contig_106172,11734,9,Y,N,1,*,106172,
sample2_contig_58186,11663,12,Y,Y,4,452,58186,
sample2_contig_737,11562,12,Y,N,2,*,737,
sample2_contig_105011,11536,5,Y,N,1,*,105011,
sample2_contig_104711,11405,113,Y,N,21,*,104711,
sample2_contig_106200,11358,8,Y,N,1,*,106200,
sample2_contig_98507,11333,4,Y,N,1,*,98507,
sample2_contig_72612,11108,4,Y,Y,1,496,72612,
sample2_contig_26105,10759,128,Y,N,25,*,26105,
sample2_contig_50813,10732,3,Y,Y,1,418,50813,
sample2_contig_102760,10398,6,Y,N,1,*,102760,
sample2_contig_77322,10383,4,Y,Y,1,516,77322,
sample2_contig_19750,10313,4,Y,Y,1,6196,19750,
sample2_contig_104555,10294,379,Y,N,74,*,104555,
sample2_contig_104431,10209,145,Y,N,29,*,104431,
sample2_contig_11644,10092,4,Y,Y,1,*,11644,
sample2_contig_50268,9604,4,Y,Y,1,414,50268,
sample2_contig_105109,9563,6,Y,N,1,*,105109,
sample2_contig_18389,9171,8,Y,Y,8,168,18389,
sample2_contig_54341,9118,12,Y,N,2,*,54341,
sample2_contig_68619,9032,5,Y,Y,1,480,68619,
sample2_contig_5324,8980,816,Y,N,163,*,5324,
sample2_contig_82788,8953,4,Y,Y,1,5182,82788,
sample2_contig_15900,8518,4,Y,Y,1,142,15900,
sample2_contig_69390,8499,6,Y,Y,1,6444,69390,
sample2_contig_35455,8494,4,Y,N,1,*,35455,
sample2_contig_93210,8101,3,Y,Y,1,7332,93210,
sample2_contig_13469,8086,133,Y,N,26,*,13469,
sample2_contig_94903,8059,6,Y,N,1,*,94903,
sample2_contig_28277,7943,9,Y,Y,1,5114,28277,
sample2_contig_50101,7875,5,Y,Y,1,5198,50101,
sample2_contig_101730,7861,73,Y,N,14,*,101730,
sample2_contig_104393,7758,7,Y,N,1,*,104393,
sample2_contig_53672,7663,3,Y,Y,1,6608,53672,
sample2_contig_50108,7648,8,Y,Y,2,9694,50108,
sample2_contig_103943,7608,798,Y,N,160,*,103943,
sample2_contig_33126,7595,5,Y,Y,1,8852,33126,
sample2_contig_41867,7244,4,Y,Y,1,5494,41867,
sample2_contig_26660,7223,4,Y,Y,1,*,26660,
sample2_contig_106296,7213,12,Y,N,2,*,106296,
sample2_contig_83455,6985,4,Y,N,1,*,83455,
sample2_contig_105794,6804,29,Y,N,5,*,105794,
sample2_contig_12654,6802,6,Y,Y,1,5970,12654,
sample2_contig_106083,6770,9,Y,N,1,*,106083,
sample2_contig_86841,6760,3,Y,Y,1,5646,86841,
sample2_contig_20362,6728,10,Y,Y,1,204,20362,
sample2_contig_77059,6680,7,Y,Y,1,6394,77059,
sample2_contig_36018,6633,4,Y,N,1,*,36018,
sample2_contig_28354,6456,3,Y,Y,1,*,28354,
sample2_contig_103884,6324,21,Y,N,3,*,103884,
sample2_contig_80403,6208,22,Y,N,4,*,80403,
sample2_contig_94363,6199,18,Y,N,3,*,94363,
sample2_contig_13557,6195,5,Y,Y,1,5988,13557,
sample2_contig_2287,6160,5,Y,Y,1,34,2287,
sample2_contig_101375,6146,5,Y,Y,1,5394,101375,
sample2_contig_81741,6073,5,Y,Y,1,7308,81741,
sample2_contig_83803,5974,3,Y,Y,1,*,83803,
sample2_contig_18842,5942,6,Y,Y,1,176,18842,
sample2_contig_4406,5838,4,Y,Y,1,5458,4406,
sample2_contig_62505,5788,3,Y,Y,1,6990,62505,
sample2_contig_16407,5763,3,Y,Y,1,156,16407,
sample2_contig_49815,5748,6,Y,Y,1,7322,49815,
sample2_contig_12413,5739,4,Y,Y,1,114,12413,
sample2_contig_1288,5736,4,Y,Y,1,22,1288,
sample2_contig_105918,5733,11,Y,N,1,*,105918,
sample2_contig_26381,5676,13,Y,Y,4,240,26381,
sample2_contig_59465,5621,5,Y,N,1,*,59465,
sample2_contig_12870,5554,12,Y,N,2,*,12870,
sample2_contig_27403,5551,15,Y,Y,3,6384,27403,
sample2_contig_20405,5538,6,Y,Y,1,6278,20405,
sample2_contig_32804,5524,4,Y,Y,1,9068,32804,
sample2_contig_2424,5481,3,Y,Y,1,5318,2424,
sample2_contig_101164,5452,5,Y,Y,1,5156,101164,
sample2_contig_105896,5447,25,Y,N,5,*,105896,
sample2_contig_54202,5442,9,Y,Y,1,7030,54202,
sample2_contig_103736,5413,3,Y,N,1,*,103736,
sample2_contig_13690,5396,10,Y,Y,1,6000,13690,
sample2_contig_57534,5263,3,Y,Y,1,6360,57534,
sample2_contig_6855,5171,3,Y,Y,1,80,6855,
sample2_contig_36568,5093,3,Y,Y,1,5812,36568,
sample2_contig_69358,5013,3,Y,Y,1,*,69358,
sample2_contig_17694,4949,8,Y,Y,1,*,17694,
sample2_contig_26399,4922,4,Y,Y,1,6488,26399,
sample2_contig_67057,4874,7,Y,Y,1,*,67057,
sample2_contig_25543,4790,6,Y,Y,1,*,25543,
sample2_contig_21769,4606,8,Y,Y,1,*,21769,
sample2_contig_18335,4581,6,Y,Y,1,6216,18335,
sample2_contig_41087,4564,9,Y,Y,2,5086,41087,
sample2_contig_104066,4512,8,Y,Y,2,*,104066,
sample2_contig_37235,4510,14,Y,Y,3,5446,37235,
sample2_contig_103635,4440,5,Y,Y,1,6036,103635,
sample2_contig_30195,4401,3,Y,Y,1,268,30195,
sample2_contig_105311,4170,6,Y,Y,1,*,105311,
sample2_contig_46848,4136,8,Y,Y,1,5120,46848,
sample2_contig_35943,4065,4,Y,Y,1,*,35943,
sample2_contig_13637,4060,7,Y,Y,1,5996,13637,
sample2_contig_31522,4045,5,Y,Y,1,6582,31522,
sample2_contig_46436,4043,5,Y,Y,1,*,46436,
sample2_contig_74056,4030,5,Y,Y,1,*,74056,
sample2_contig_104202,4010,6,Y,Y,1,*,104202,
sample2_contig_102786,3934,10,Y,Y,1,*,102786,
sample2_contig_102436,3860,4,Y,Y,1,7284,102436,
sample2_contig_103263,3846,4,Y,Y,1,6502,103263,
sample2_contig_54918,3840,6,Y,Y,1,*,54918,
sample2_contig_36758,3630,9,Y,Y,1,*,36758,
sample2_contig_14800,3587,12,Y,Y,2,6046,14800,
sample2_contig_81826,3553,102,Y,Y,20,*,81826,
sample2_contig_51754,3526,4,Y,Y,1,6678,51754,
sample2_contig_60388,3519,14,Y,Y,1,*,60388,
sample2_contig_34661,3492,5,Y,Y,1,*,34661,
sample2_contig_101374,3457,109,Y,Y,21,*,101374,
sample2_contig_40870,3364,3,Y,Y,1,7360,40870,
sample2_contig_104421,3274,6,Y,Y,1,*,104421,
sample2_contig_103038,3064,20,Y,Y,3,*,103038,
sample2_contig_103837,3054,17,Y,Y,2,*,103837,
sample2_contig_105324,3038,7,Y,Y,1,7108,105324,
sample2_contig_105346,2961,8,Y,Y,1,*,105346,
sample2_contig_105469,2929,9,Y,Y,1,*,105469,
sample2_contig_52281,2870,21,Y,Y,3,*,52281,
sample2_contig_72895,2700,6,Y,Y,1,*,72895,
sample2_contig_51369,2575,6,Y,Y,1,*,51369,
sample2_contig_28307,2522,11,Y,Y,2,*,28307,
sample2_contig_104411,2459,6,Y,Y,1,*,104411,
sample2_contig_38635,2428,7,Y,Y,1,*,38635,
sample2_contig_63601,2376,6,Y,Y,1,*,63601,
sample2_contig_105948,2253,93,Y,Y,18,*,105948,
sample2_contig_103206,2016,3,Y,Y,1,7706,103206,
sample2_contig_18938,1931,6,Y,Y,1,6238,18938,
sample2_contig_103398,1918,3,Y,Y,1,6562,103398,
sample2_contig_35624,1787,11,Y,Y,2,7344,35624,
sample2_contig_103177,1753,29,Y,Y,6,*,103177,
sample2_contig_36619,1130,280,Y,Y,55,*,36619,
sample2_contig_99740,1037,113,Y,Y,23,*,99740,
sample2_contig_102111,1001,3,Y,Y,1,6182,102111,
sample2_contig_77788,911,182,Y,Y,36,*,77788,
sample2_contig_4189,897,30,Y,Y,5,*,4189,
sample2_contig_6669,868,4,Y,Y,1,78,6669,
sample2_contig_1082,851,8,Y,Y,1,20,1082,
sample2_contig_13583,680,5,Y,Y,1,8154,13583,
sample2_contig_68454,668,447,Y,Y,89,*,68454,
sample2_contig_5535,544,7,Y,Y,1,66,5535,
sample2_contig_24900,542,3,Y,Y,1,5612,24900,
sample2_contig_35277,532,5,Y,Y,1,318,35277,
sample2_contig_37827,522,69,Y,Y,12,*,37827,
sample2_contig_12810,511,33,Y,Y,6,5712,12810,
sample2_contig_15011,476,4,Y,Y,1,8228,15011,
sample2_contig_3304,74,6,Y,Y,1,5380,3304,
sample30_contig_114310,92679,13,Y,N,3,*,114310,
sample30_contig_114002,81281,15,Y,N,3,*,114002,
sample30_contig_5842,76719,19,Y,N,4,*,5842,
sample30_contig_115452,69978,14,Y,N,2,*,115452,
sample30_contig_113152,67827,7,Y,N,2,*,113152,
sample30_contig_117730,66159,6,Y,N,1,*,117730,
sample30_contig_114853,64580,8,Y,N,2,*,114853,
sample30_contig_18167,61098,21,Y,N,4,*,18167,
sample30_contig_118007,60290,17,Y,N,4,*,118007,
sample30_contig_117851,54793,10,Y,N,2,*,117851,
sample30_contig_116055,50907,57,Y,N,14,*,116055,
sample30_contig_117631,50378,17,Y,N,3,*,117631,
sample30_contig_117883,44901,10,Y,N,2,*,117883,
sample30_contig_118045,44612,6,Y,N,1,*,118045,
sample30_contig_116643,41779,7,Y,N,1,*,116643,
sample30_contig_117523,41677,9,Y,N,1,*,117523,
sample30_contig_112855,40118,10,Y,N,2,*,112855,
sample30_contig_113287,40082,4,Y,Y,1,194,113287,
sample30_contig_116994,38986,15,Y,N,3,*,116994,
sample30_contig_117043,37757,29,Y,N,6,*,117043,
sample30_contig_61856,37288,11,Y,N,2,*,61856,
sample30_contig_10163,34448,3,Y,Y,1,38,10163,
sample30_contig_50298,30601,9,Y,Y,3,*,50298,
sample30_contig_118180,29127,14,Y,N,3,*,118180,
sample30_contig_114980,28979,5,Y,N,1,*,114980,
sample30_contig_115523,27924,8,Y,N,2,*,115523,
sample30_contig_118050,27844,6,Y,Y,3,*,118050,
sample30_contig_46469,22684,5,Y,N,1,*,46469,
sample30_contig_50695,22624,3,Y,Y,1,130,50695,
sample30_contig_115767,21698,14,Y,N,2,*,115767,
sample30_contig_118169,21228,4,Y,Y,1,*,118169,
sample30_contig_116169,20772,6,Y,N,1,*,116169,
sample30_contig_118107,18061,8,Y,N,1,*,118107,
sample30_contig_118093,17489,7,Y,Y,2,*,118093,
sample30_contig_117808,17416,11,Y,N,2,*,117808,
sample30_contig_37736,16489,4,Y,Y,1,120,37736,
sample30_contig_112988,15944,3,Y,Y,1,192,112988,
sample30_contig_105430,15599,13,Y,N,3,*,105430,
sample30_contig_56132,15347,4,Y,Y,1,144,56132,
sample30_contig_116855,14302,25,Y,N,6,*,116855,
sample30_contig_116603,13829,4,Y,Y,2,*,116603,
sample30_contig_51298,13274,19,Y,N,5,*,51298,
sample30_contig_42070,12952,4,Y,Y,1,122,42070,
sample30_contig_14482,12694,12,Y,N,3,*,14482,
sample30_contig_116384,12565,8,Y,N,2,*,116384,
sample30_contig_9672,12431,13,Y,N,3,*,9672,
sample30_contig_118096,12370,12,Y,N,3,*,118096,
sample30_contig_34642,12228,3,Y,Y,1,114,34642,
sample30_contig_32939,12201,6,Y,Y,1,2318,32939,
sample30_contig_90306,12167,4,Y,Y,1,178,90306,
sample30_contig_118111,11883,5,Y,N,1,*,118111,
sample30_contig_83835,11849,6,Y,N,1,*,83835,
sample30_contig_118167,11641,17,Y,N,4,*,118167,
sample30_contig_55860,11525,23,Y,Y,5,2384,55860,
sample30_contig_68322,11145,4,Y,Y,1,158,68322,
sample30_contig_64016,9662,3,Y,Y,1,154,64016,
sample30_contig_71418,9444,3,Y,Y,1,162,71418,
sample30_contig_103592,9069,6,Y,Y,1,2354,103592,
sample30_contig_62155,8999,5,Y,Y,1,152,62155,
sample30_contig_2905,8989,10,Y,N,2,*,2905,
sample30_contig_30982,8837,3,Y,Y,1,104,30982,
sample30_contig_81288,8749,13,Y,Y,3,172,81288,
sample30_contig_36122,8289,5,Y,Y,1,2360,36122,
sample30_contig_25668,8113,5,Y,Y,1,92,25668,
sample30_contig_36457,8024,3,Y,Y,1,2470,36457,
sample30_contig_44043,7846,5,Y,N,1,*,44043,
sample30_contig_114106,7801,9,Y,N,2,*,114106,
sample30_contig_54606,7561,5,Y,Y,1,136,54606,
sample30_contig_81659,7190,9,Y,N,2,*,81659,
sample30_contig_24569,6973,11,Y,Y,3,3134,24569,
sample30_contig_55896,6768,3,Y,Y,1,142,55896,
sample30_contig_110172,6618,3,Y,Y,1,190,110172,
sample30_contig_46975,6211,3,Y,Y,1,*,46975,
sample30_contig_71779,6201,4,Y,N,1,*,71779,
sample30_contig_79031,6084,14,Y,N,3,*,79031,
sample30_contig_21793,6015,3,Y,Y,1,84,21793,
sample30_contig_114782,5548,20,Y,N,4,*,114782,
sample30_contig_118125,4660,8,Y,Y,1,*,118125,
sample30_contig_116733,4560,8,Y,Y,1,*,116733,
sample30_contig_115809,3734,12,Y,Y,2,*,115809,
sample30_contig_8461,3731,5,Y,Y,1,*,8461,
sample30_contig_103833,3650,26,Y,Y,6,*,103833,
sample30_contig_115335,3539,7,Y,Y,1,*,115335,
sample30_contig_17615,3499,20,Y,Y,5,*,17615,
sample30_contig_114464,2226,4,Y,Y,1,2720,114464,
sample30_contig_116204,1609,7,Y,Y,1,2630,116204,
sample30_contig_12138,840,7,Y,Y,1,2486,12138,
sample30_contig_94,806,4,Y,Y,1,*,94,
sample30_contig_12169,790,5,Y,Y,1,3044,12169,
sample30_contig_45001,729,5,Y,Y,1,2972,45001,
sample30_contig_29655,717,3,Y,Y,1,3138,29655,
sample30_contig_17918,702,4,Y,Y,1,2728,17918,
sample30_contig_4550,701,6,Y,Y,1,2442,4550,
sample3_contig_12335,316915,12,Y,N,2,*,12335,
sample3_contig_4427,118451,13,Y,N,2,*,4427,
sample3_contig_61747,102568,8,Y,N,1,*,61747,
sample3_contig_154776,95903,16,Y,N,2,*,154776,
sample3_contig_149350,70732,9,Y,N,1,*,149350,
sample3_contig_156217,67924,17,Y,N,3,*,156217,
sample3_contig_154461,67572,7,Y,N,1,*,154461,
sample3_contig_156486,67385,13,Y,N,2,*,156486,
sample3_contig_153122,65249,15,Y,N,2,*,153122,
sample3_contig_152965,62096,7,Y,N,1,*,152965,
sample3_contig_156234,61657,5,Y,N,1,*,156234,
sample3_contig_58035,54770,17,Y,N,3,*,58035,
sample3_contig_154653,54582,8,Y,N,1,*,154653,
sample3_contig_152120,52592,10,Y,N,1,*,152120,
sample3_contig_156024,52181,10,Y,N,2,*,156024,
sample3_contig_156476,51760,10,Y,N,2,*,156476,
sample3_contig_153848,51392,13,Y,N,2,*,153848,
sample3_contig_156399,51320,11,Y,N,2,*,156399,
sample3_contig_154405,51029,11,Y,N,2,*,154405,
sample3_contig_156494,49442,20,Y,N,3,*,156494,
sample3_contig_156401,49046,7,Y,N,1,*,156401,
sample3_contig_155325,48798,72,Y,N,13,*,155325,
sample3_contig_156057,48509,14,Y,N,2,*,156057,
sample3_contig_151287,48453,8,Y,N,1,*,151287,
sample3_contig_156406,48173,17,Y,N,3,*,156406,
sample3_contig_107049,48161,8,Y,N,1,*,107049,
sample3_contig_152539,47990,22,Y,N,4,*,152539,
sample3_contig_156393,47828,10,Y,N,2,*,156393,
sample3_contig_82054,47342,3,Y,Y,1,*,82054,
sample3_contig_148554,47245,5,Y,N,1,*,148554,
sample3_contig_155584,47180,19,Y,N,3,*,155584,
sample3_contig_147387,46987,6,Y,N,1,*,147387,
sample3_contig_155980,46847,15,Y,N,2,*,155980,
sample3_contig_148579,46171,11,Y,N,2,*,148579,
sample3_contig_156335,46055,10,Y,N,2,*,156335,
sample3_contig_152974,45935,49,Y,N,9,*,152974,
sample3_contig_156395,45922,5,Y,N,1,*,156395,
sample3_contig_155905,45753,11,Y,N,2,*,155905,
sample3_contig_153939,45699,5,Y,N,1,*,153939,
sample3_contig_155331,45093,13,Y,N,2,*,155331,
sample3_contig_150745,44945,6,Y,N,1,*,150745,
sample3_contig_125273,44863,11,Y,N,1,*,125273,
sample3_contig_149271,44566,6,Y,N,1,*,149271,
sample3_contig_156387,44526,7,Y,N,1,*,156387,
sample3_contig_65315,44376,6,Y,N,1,*,65315,
sample3_contig_156328,44043,7,Y,N,1,*,156328,
sample3_contig_152853,43451,7,Y,N,1,*,152853,
sample3_contig_153616,43426,6,Y,N,1,*,153616,
sample3_contig_154808,43316,9,Y,N,1,*,154808,
sample3_contig_156306,43159,16,Y,N,3,*,156306,
sample3_contig_149549,43000,6,Y,N,1,*,149549,
sample3_contig_156427,42889,12,Y,N,2,*,156427,
sample3_contig_112414,42853,22,Y,N,3,*,112414,
sample3_contig_147620,42790,7,Y,N,1,*,147620,
sample3_contig_148318,42303,5,Y,N,1,*,148318,
sample3_contig_154068,42262,15,Y,N,2,*,154068,
sample3_contig_30213,40989,12,Y,N,2,*,30213,
sample3_contig_156283,40719,6,Y,N,1,*,156283,
sample3_contig_57015,40333,14,Y,N,2,*,57015,
sample3_contig_152091,40281,32,Y,N,6,*,152091,
sample3_contig_155380,40184,13,Y,N,2,*,155380,
sample3_contig_120554,39170,19,Y,N,3,*,120554,
sample3_contig_13921,38926,12,Y,N,1,*,13921,
sample3_contig_48555,38528,15,Y,N,3,*,48555,
sample3_contig_79963,38177,9,Y,N,2,*,79963,
sample3_contig_150535,37737,5,Y,N,1,*,150535,
sample3_contig_156410,36383,52,Y,N,9,*,156410,
sample3_contig_149357,36345,7,Y,N,1,*,149357,
sample3_contig_150778,36139,6,Y,N,1,*,150778,
sample3_contig_156273,36107,8,Y,N,1,*,156273,
sample3_contig_44289,35819,18,Y,N,3,*,44289,
sample3_contig_16470,35774,12,Y,N,2,*,16470,
sample3_contig_156415,35644,5,Y,N,1,*,156415,
sample3_contig_70603,34466,16,Y,N,2,*,70603,
sample3_contig_56383,34379,24,Y,N,5,*,56383,
sample3_contig_147500,33424,8,Y,N,1,*,147500,
sample3_contig_151595,33289,3,Y,Y,1,1126,151595,
sample3_contig_18424,32569,9,Y,N,1,*,18424,
sample3_contig_27914,31889,7,Y,N,1,*,27914,
sample3_contig_156135,31486,4,Y,N,1,*,156135,
sample3_contig_153344,30658,5,Y,N,1,*,153344,
sample3_contig_72998,28016,4,Y,Y,1,728,72998,
sample3_contig_155688,27957,6,Y,Y,1,1192,155688,
sample3_contig_94813,27691,12,Y,N,3,*,94813,
sample3_contig_156478,27492,5,Y,N,1,*,156478,
sample3_contig_154971,25971,10,Y,N,2,*,154971,
sample3_contig_28673,25547,3,Y,Y,1,328,28673,
sample3_contig_155770,25458,3,Y,Y,1,*,155770,
sample3_contig_156470,24034,5,Y,N,1,*,156470,
sample3_contig_112900,23660,14,Y,Y,1,934,112900,
sample3_contig_27688,23554,4,Y,Y,1,312,27688,
sample3_contig_156371,23347,16,Y,N,2,*,156371,
sample3_contig_41578,22950,16,Y,N,3,*,41578,
sample3_contig_1510,21851,3,Y,Y,1,16,1510,
sample3_contig_89079,20766,7,Y,Y,1,816,89079,
sample3_contig_64898,20615,9,Y,N,1,*,64898,
sample3_contig_72992,20348,4,Y,Y,1,726,72992,
sample3_contig_76351,20270,6,Y,N,1,*,76351,
sample3_contig_156348,19816,12,Y,N,1,*,156348,
sample3_contig_156000,19722,6,Y,N,1,*,156000,
sample3_contig_135124,19709,3,Y,Y,1,1022,135124,
sample3_contig_156441,19565,4,Y,Y,1,*,156441,
sample3_contig_34035,19314,5,Y,N,1,*,34035,
sample3_contig_9698,18785,3,Y,Y,1,124,9698,
sample3_contig_147575,18710,3,Y,Y,1,1052,147575,
sample3_contig_122858,18567,4,Y,Y,1,978,122858,
sample3_contig_149379,18276,9,Y,N,1,*,149379,
sample3_contig_41593,18130,6,Y,Y,2,*,41593,
sample3_contig_48704,18123,4,Y,Y,1,534,48704,
sample3_contig_154692,17773,5,Y,N,1,*,154692,
sample3_contig_151182,17706,3,Y,Y,1,1110,151182,
sample3_contig_67722,17047,10,Y,N,1,*,67722,
sample3_contig_52913,17005,3,Y,Y,1,582,52913,
sample3_contig_147704,16584,5,Y,Y,1,1054,147704,
sample3_contig_29932,16194,7,Y,Y,1,358,29932,
sample3_contig_9509,16163,4,Y,Y,1,122,9509,
sample3_contig_156055,16130,6,Y,N,1,*,156055,
sample3_contig_156184,16046,6,Y,N,1,*,156184,
sample3_contig_49840,16030,5,Y,Y,1,544,49840,
sample3_contig_58683,15921,3,Y,Y,1,624,58683,
sample3_contig_8571,15767,9,Y,N,1,*,8571,
sample3_contig_152057,15605,4,Y,N,1,*,152057,
sample3_contig_105554,15347,5,Y,Y,1,890,105554,
sample3_contig_3903,15128,13,Y,N,2,*,3903,
sample3_contig_12471,15059,8,Y,Y,1,150,12471,
sample3_contig_103028,14526,7,Y,N,1,*,103028,
sample3_contig_53978,14480,7,Y,N,1,*,53978,
sample3_contig_156495,14270,5,Y,N,1,*,156495,
sample3_contig_156497,14149,24,Y,N,4,*,156497,
sample3_contig_119390,14043,5,Y,Y,1,970,119390,
sample3_contig_36389,13979,4,Y,Y,1,418,36389,
sample3_contig_156472,13811,5,Y,N,1,*,156472,
sample3_contig_142582,12913,9,Y,N,1,*,142582,
sample3_contig_131324,12686,20,Y,Y,3,11534,131324,
sample3_contig_61189,12557,11,Y,N,2,*,61189,
sample3_contig_135720,12444,10,Y,N,1,*,135720,
sample3_contig_21104,12253,3,Y,Y,1,254,21104,
sample3_contig_155550,12171,4,Y,N,1,*,155550,
sample3_contig_151010,11915,4,Y,Y,1,10340,151010,
sample3_contig_33126,11757,22,Y,N,4,*,33126,
sample3_contig_2116,11697,12,Y,N,2,*,2116,
sample3_contig_33599,11639,3,Y,Y,1,386,33599,
sample3_contig_50701,11583,3,Y,Y,1,560,50701,
sample3_contig_149745,11573,7,Y,N,1,*,149745,
sample3_contig_153572,11456,5,Y,Y,1,1166,153572,
sample3_contig_154943,11362,3,Y,Y,1,1182,154943,
sample3_contig_51684,11243,5,Y,N,1,*,51684,
sample3_contig_2865,11218,4,Y,Y,1,38,2865,
sample3_contig_9017,11215,6,Y,Y,1,116,9017,
sample3_contig_119389,11044,22,Y,Y,4,968,119389,
sample3_contig_57035,10968,4,Y,Y,1,610,57035,
sample3_contig_155684,10901,7,Y,N,1,*,155684,
sample3_contig_43,10900,3,Y,Y,1,2,43,
sample3_contig_155761,10870,3,Y,N,1,*,155761,
sample3_contig_153794,10815,24,Y,N,4,*,153794,
sample3_contig_114325,10656,4,Y,Y,1,942,114325,
sample3_contig_87367,10656,12,Y,N,2,*,87367,
sample3_contig_26050,10469,8,Y,Y,1,298,26050,
sample3_contig_151447,10267,4,Y,Y,1,1120,151447,
sample3_contig_59486,10181,3,Y,Y,1,638,59486,
sample3_contig_101287,10032,3,Y,Y,1,8578,101287,
sample3_contig_151273,9973,7,Y,Y,1,1114,151273,
sample3_contig_5634,9932,3,Y,Y,1,64,5634,
sample3_contig_38666,9741,11,Y,Y,2,436,38666,
sample3_contig_148522,9693,5,Y,N,1,*,148522,
sample3_contig_58983,9622,4,Y,Y,1,630,58983,
sample3_contig_156464,9514,16,Y,N,2,*,156464,
sample3_contig_29926,9482,6,Y,Y,1,356,29926,
sample3_contig_107072,9360,6,Y,Y,1,910,107072,
sample3_contig_24646,9353,4,Y,Y,1,282,24646,
sample3_contig_10744,9280,8,Y,Y,1,9082,10744,
sample3_contig_39653,9272,4,Y,Y,1,448,39653,
sample3_contig_108943,8916,3,Y,Y,1,10078,108943,
sample3_contig_54933,8874,11,Y,Y,1,592,54933,
sample3_contig_152792,8812,12,Y,N,2,*,152792,
sample3_contig_149860,8746,3,Y,Y,1,1086,149860,
sample3_contig_154718,8680,9,Y,Y,1,10170,154718,
sample3_contig_9009,8655,15,Y,Y,2,114,9009,
sample3_contig_156484,8632,13,Y,N,2,*,156484,
sample3_contig_82493,8629,4,Y,Y,1,786,82493,
sample3_contig_156492,8624,22,Y,N,4,*,156492,
sample3_contig_155795,8527,3,Y,Y,1,*,155795,
sample3_contig_90912,8354,3,Y,N,1,*,90912,
sample3_contig_129070,8319,11,Y,N,2,*,129070,
sample3_contig_154645,8300,3,Y,Y,1,1176,154645,
sample3_contig_140625,8258,3,Y,Y,1,10790,140625,
sample3_contig_110076,8110,9,Y,N,1,*,110076,
sample3_contig_12475,8104,4,Y,Y,1,152,12475,
sample3_contig_154734,8076,8,Y,N,1,*,154734,
sample3_contig_105336,8056,10,Y,N,1,*,105336,
sample3_contig_151067,8046,6,Y,Y,1,9740,151067,
sample3_contig_126419,7881,4,Y,Y,1,10508,126419,
sample3_contig_126418,7822,4,Y,Y,1,990,126418,
sample3_contig_33618,7728,4,Y,Y,1,388,33618,
sample3_contig_13631,7720,10,Y,Y,2,166,13631,
sample3_contig_119172,7685,38,Y,N,7,*,119172,
sample3_contig_140132,7668,17,Y,N,3,*,140132,
sample3_contig_82105,7585,4,Y,Y,1,11240,82105,
sample3_contig_154087,7578,12,Y,N,2,*,154087,
sample3_contig_126566,7559,3,Y,Y,1,994,126566,
sample3_contig_33900,7542,11,Y,N,1,*,33900,
sample3_contig_24070,7509,7,Y,N,1,*,24070,
sample3_contig_33772,7491,4,Y,Y,1,396,33772,
sample3_contig_59327,7472,4,Y,Y,2,632,59327,
sample3_contig_152424,7325,8,Y,N,1,*,152424,
sample3_contig_155944,7266,43,Y,N,8,*,155944,
sample3_contig_5656,7191,11,Y,Y,1,8654,5656,
sample3_contig_97032,7102,3,Y,Y,1,8310,97032,
sample3_contig_11664,7064,9,Y,N,2,*,11664,
sample3_contig_156299,7003,15,Y,N,2,*,156299,
sample3_contig_29569,6983,3,Y,Y,1,348,29569,
sample3_contig_6340,6980,3,Y,Y,1,8698,6340,
sample3_contig_75406,6936,3,Y,N,1,*,75406,
sample3_contig_22675,6927,3,Y,Y,1,264,22675,
sample3_contig_110734,6868,37,Y,N,7,*,110734,
sample3_contig_28432,6847,4,Y,Y,2,322,28432,
sample3_contig_153561,6793,11,Y,N,2,*,153561,
sample3_contig_17684,6744,3,Y,Y,1,9466,17684,
sample3_contig_4642,6682,12,Y,Y,1,52,4642,
sample3_contig_39827,6646,3,Y,Y,1,452,39827,
sample3_contig_5556,6605,11,Y,Y,2,8636,5556,
sample3_contig_105657,6555,5,Y,Y,2,894,105657,
sample3_contig_6804,6525,8,Y,Y,4,84,6804,
sample3_contig_67909,6506,9,Y,Y,1,702,67909,
sample3_contig_3256,6443,3,Y,Y,1,*,3256,
sample3_contig_153171,6365,3,Y,Y,1,10148,153171,
sample3_contig_150657,6288,8,Y,N,1,*,150657,
sample3_contig_64320,6277,3,Y,Y,1,676,64320,
sample3_contig_151927,6246,5,Y,Y,1,10206,151927,
sample3_contig_82473,6226,4,Y,Y,1,10808,82473,
sample3_contig_156140,6138,3,Y,Y,1,*,156140,
sample3_contig_101114,6032,3,Y,Y,1,11414,101114,
sample3_contig_153021,6013,11,Y,Y,1,8718,153021,
sample3_contig_66651,5956,4,Y,Y,1,696,66651,
sample3_contig_78565,5949,5,Y,Y,1,*,78565,
sample3_contig_12858,5914,17,Y,Y,3,15330,12858,
sample3_contig_16227,5860,3,Y,Y,1,9374,16227,
sample3_contig_49118,5839,6,Y,Y,1,11110,49118,
sample3_contig_106860,5807,3,Y,Y,1,*,106860,
sample3_contig_153580,5802,16,Y,N,3,*,153580,
sample3_contig_67910,5708,4,Y,Y,1,9476,67910,
sample3_contig_48150,5698,7,Y,Y,3,*,48150,
sample3_contig_29900,5585,9,Y,Y,1,11626,29900,
sample3_contig_25905,5538,3,Y,Y,1,292,25905,
sample3_contig_117141,5475,4,Y,N,1,*,117141,
sample3_contig_13314,5468,11,Y,Y,1,10758,13314,
sample3_contig_16953,5449,4,Y,Y,1,9432,16953,
sample3_contig_74029,5439,7,Y,Y,1,10126,74029,
sample3_contig_60678,5408,12,Y,Y,2,9176,60678,
sample3_contig_150313,5406,114,Y,Y,22,10084,150313,
sample3_contig_43806,5384,11,Y,Y,1,9602,43806,
sample3_contig_24006,5328,14,Y,N,2,*,24006,
sample3_contig_111895,5327,3,Y,Y,1,11952,111895,
sample3_contig_95173,5291,7,Y,Y,2,*,95173,
sample3_contig_10742,5270,8,Y,Y,1,9078,10742,
sample3_contig_52139,5243,4,Y,Y,1,17768,52139,
sample3_contig_7554,5118,3,Y,Y,1,96,7554,
sample3_contig_134075,5078,10,Y,Y,1,9160,134075,
sample3_contig_78233,5047,3,Y,Y,1,756,78233,
sample3_contig_79793,5044,3,Y,Y,1,766,79793,
sample3_contig_2842,4890,5,Y,Y,1,36,2842,
sample3_contig_147846,4874,19,Y,Y,3,*,147846,
sample3_contig_52483,4841,4,Y,Y,1,10120,52483,
sample3_contig_639,4795,3,Y,Y,1,8242,639,
sample3_contig_45689,4784,7,Y,Y,1,10036,45689,
sample3_contig_56432,4767,3,Y,Y,1,10846,56432,
sample3_contig_136342,4709,4,Y,Y,1,11404,136342,
sample3_contig_155288,4677,5,Y,Y,1,*,155288,
sample3_contig_95146,4608,3,Y,Y,1,11136,95146,
sample3_contig_6174,4516,37,Y,Y,6,*,6174,
sample3_contig_113264,4495,52,Y,Y,10,*,113264,
sample3_contig_98589,4473,3,Y,Y,1,8694,98589,
sample3_contig_109370,4463,8,Y,Y,1,9902,109370,
sample3_contig_122267,4418,27,Y,Y,5,*,122267,
sample3_contig_155559,4413,4,Y,Y,1,*,155559,
sample3_contig_156191,4371,17,Y,Y,3,*,156191,
sample3_contig_124381,4334,9,Y,Y,1,11512,124381,
sample3_contig_80461,4308,5,Y,Y,1,*,80461,
sample3_contig_91320,4179,3,Y,Y,1,830,91320,
sample3_contig_28204,4168,5,Y,Y,1,10664,28204,
sample3_contig_25539,4149,13,Y,Y,2,10430,25539,
sample3_contig_152212,4137,19,Y,Y,4,*,152212,
sample3_contig_18372,4118,3,Y,Y,1,9520,18372,
sample3_contig_60855,4090,4,Y,Y,1,*,60855,
sample3_contig_127590,4065,4,Y,Y,1,11234,127590,
sample3_contig_117249,4060,3,Y,Y,1,11454,117249,
sample3_contig_55477,4035,4,Y,Y,1,598,55477,
sample3_contig_153119,3991,10,Y,Y,1,*,153119,
sample3_contig_156011,3990,6,Y,Y,1,*,156011,
sample3_contig_42365,3939,3,Y,Y,1,472,42365,
sample3_contig_148298,3904,5,Y,Y,1,8952,148298,
sample3_contig_147302,3807,3,Y,Y,1,11554,147302,
sample3_contig_51195,3769,3,Y,Y,1,564,51195,
sample3_contig_154065,3760,10,Y,Y,1,*,154065,
sample3_contig_20564,3736,3,Y,Y,1,9512,20564,
sample3_contig_65785,3648,11,Y,Y,1,*,65785,
sample3_contig_148147,3614,4,Y,Y,1,*,148147,
sample3_contig_155469,3549,7,Y,Y,1,*,155469,
sample3_contig_115104,3474,7,Y,Y,3,948,115104,
sample3_contig_85242,3467,9,Y,Y,1,*,85242,
sample3_contig_156491,3442,4,Y,Y,1,*,156491,
sample3_contig_10290,3409,7,Y,Y,1,9040,10290,
sample3_contig_71225,3386,9,Y,Y,1,*,71225,
sample3_contig_138240,3339,10,Y,Y,1,*,138240,
sample3_contig_77593,3326,4,Y,Y,1,11188,77593,
sample3_contig_154294,3307,9,Y,Y,1,*,154294,
sample3_contig_155897,3297,7,Y,Y,1,*,155897,
sample3_contig_156225,3274,4,Y,Y,1,*,156225,
sample3_contig_27072,3234,6,Y,Y,1,*,27072,
sample3_contig_156477,3208,20,Y,Y,4,*,156477,
sample3_contig_144906,3207,16,Y,Y,2,*,144906,
sample3_contig_155995,3162,10,Y,Y,1,*,155995,
sample3_contig_95703,3079,9,Y,Y,1,*,95703,
sample3_contig_156220,3072,11,Y,Y,1,*,156220,
sample3_contig_155122,3067,19,Y,Y,4,*,155122,
sample3_contig_156139,3052,18,Y,Y,3,*,156139,
sample3_contig_155501,3030,8,Y,Y,1,*,155501,
sample3_contig_155580,3009,3,Y,Y,1,*,155580,
sample3_contig_148164,2933,17,Y,Y,3,*,148164,
sample3_contig_130316,2916,3,Y,Y,1,10840,130316,
sample3_contig_151062,2878,5,Y,Y,1,*,151062,
sample3_contig_152023,2871,20,Y,Y,3,*,152023,
sample3_contig_42062,2841,5,Y,Y,2,470,42062,
sample3_contig_31798,2826,15,Y,Y,2,10018,31798,
sample3_contig_155558,2803,4,Y,Y,2,1188,155558,
sample3_contig_17934,2784,4,Y,Y,1,8834,17934,
sample3_contig_132741,2776,6,Y,Y,1,*,132741,
sample3_contig_155828,2703,9,Y,Y,1,*,155828,
sample3_contig_25622,2663,20,Y,Y,3,*,25622,
sample3_contig_98180,2610,9,Y,Y,1,*,98180,
sample3_contig_113751,2501,18,Y,Y,3,*,113751,
sample3_contig_103862,2489,10,Y,Y,1,*,103862,
sample3_contig_94887,2484,11,Y,Y,1,*,94887,
sample3_contig_120769,2411,22,Y,Y,3,*,120769,
sample3_contig_154644,2410,10,Y,Y,1,*,154644,
sample3_contig_67214,2393,5,Y,Y,1,*,67214,
sample3_contig_151917,2359,5,Y,Y,1,8470,151917,
sample3_contig_140110,2317,16,Y,Y,2,*,140110,
sample3_contig_82985,2317,19,Y,Y,2,*,82985,
sample3_contig_148648,2311,3,Y,Y,1,11656,148648,
sample3_contig_146311,2273,16,Y,Y,3,*,146311,
sample3_contig_102376,2250,5,Y,Y,1,*,102376,
sample3_contig_43535,2176,3,Y,Y,1,11638,43535,
sample3_contig_45297,1876,3,Y,Y,1,11074,45297,
sample3_contig_156345,1756,8,Y,Y,1,8260,156345,
sample3_contig_153269,1673,5,Y,Y,1,9750,153269,
sample3_contig_95023,1660,3,Y,Y,1,11796,95023,
sample3_contig_17894,1587,18,Y,Y,4,11692,17894,
sample3_contig_89302,1305,16,Y,Y,2,*,89302,
sample3_contig_71042,1197,3,Y,Y,1,10502,71042,
sample3_contig_40425,1108,3,Y,Y,1,10394,40425,
sample3_contig_147568,1094,4,Y,Y,1,11566,147568,
sample3_contig_155958,1029,12,Y,Y,2,10600,155958,
sample3_contig_39887,1017,4,Y,Y,1,10088,39887,
sample3_contig_43160,935,5,Y,Y,1,482,43160,
sample3_contig_3363,919,5,Y,Y,1,*,3363,
sample3_contig_66130,896,3,Y,Y,1,10526,66130,
sample3_contig_14684,858,3,Y,Y,1,172,14684,
sample3_contig_7791,857,3,Y,Y,1,8816,7791,
sample3_contig_12638,828,5,Y,Y,1,11654,12638,
sample3_contig_25662,788,4,Y,Y,1,290,25662,
sample3_contig_34367,748,3,Y,Y,1,406,34367,
sample3_contig_24971,739,31,Y,Y,6,*,24971,
sample3_contig_38379,735,10,Y,Y,2,11616,38379,
sample3_contig_35934,703,3,Y,Y,1,9506,35934,
sample3_contig_4773,694,3,Y,Y,1,11662,4773,
sample3_contig_45497,688,5,Y,Y,1,10338,45497,
sample3_contig_109691,681,33,Y,Y,6,*,109691,
sample3_contig_20742,671,3,Y,Y,1,11712,20742,
sample3_contig_16439,600,12,Y,Y,2,11684,16439,
sample3_contig_604,588,17,Y,Y,3,10,604,
sample3_contig_12770,575,4,Y,Y,1,*,12770,
sample3_contig_19254,569,3,Y,Y,1,13166,19254,
sample3_contig_1930,563,3,Y,Y,1,8352,1930,
sample3_contig_25287,563,6,Y,Y,1,286,25287,
sample3_contig_9056,560,3,Y,Y,1,118,9056,
sample3_contig_3962,545,7,Y,Y,1,44,3962,
sample3_contig_13053,487,7,Y,Y,1,9196,13053,
sample3_contig_41212,469,8,Y,Y,1,*,41212,
sample3_contig_25329,426,3,Y,Y,1,13518,25329,
sample4_contig_60542,210479,7,Y,N,1,*,60542,
sample4_contig_142778,144853,6,Y,N,1,*,142778,
sample4_contig_138314,141474,14,Y,N,2,*,138314,
sample4_contig_39987,123641,11,Y,N,1,*,39987,
sample4_contig_143003,119526,4,Y,N,1,*,143003,
sample4_contig_10063,117891,14,Y,N,2,*,10063,
sample4_contig_143018,109418,9,Y,N,1,*,143018,
sample4_contig_76038,104391,5,Y,N,1,*,76038,
sample4_contig_154,90284,17,Y,N,2,*,154,
sample4_contig_47952,84503,6,Y,N,1,*,47952,
sample4_contig_139305,75587,14,Y,N,2,*,139305,
sample4_contig_43716,72407,9,Y,N,1,*,43716,
sample4_contig_141690,67919,14,Y,N,2,*,141690,
sample4_contig_141931,63895,10,Y,N,2,*,141931,
sample4_contig_141762,63754,4,Y,N,1,*,141762,
sample4_contig_142333,61986,7,Y,N,1,*,142333,
sample4_contig_15474,61823,5,Y,N,1,*,15474,
sample4_contig_142857,61435,5,Y,N,1,*,142857,
sample4_contig_141068,59098,6,Y,N,1,*,141068,
sample4_contig_143014,57420,4,Y,N,1,*,143014,
sample4_contig_96590,54471,4,Y,N,1,*,96590,
sample4_contig_142835,51354,9,Y,N,1,*,142835,
sample4_contig_142959,51110,16,Y,N,3,*,142959,
sample4_contig_55757,51051,11,Y,N,2,*,55757,
sample4_contig_7123,50681,12,Y,N,2,*,7123,
sample4_contig_142884,50082,9,Y,N,1,*,142884,
sample4_contig_143051,49476,20,Y,N,4,*,143051,
sample4_contig_142120,49415,24,Y,N,4,*,142120,
sample4_contig_139939,49214,10,Y,N,2,*,139939,
sample4_contig_17439,49081,14,Y,N,2,*,17439,
sample4_contig_142040,48885,11,Y,N,2,*,142040,
sample4_contig_22551,48282,16,Y,N,3,*,22551,
sample4_contig_143089,48241,22,Y,N,4,*,143089,
sample4_contig_136269,48144,8,Y,N,1,*,136269,
sample4_contig_136945,47991,23,Y,N,4,*,136945,
sample4_contig_143019,47929,9,Y,N,1,*,143019,
sample4_contig_44530,47885,5,Y,N,1,*,44530,
sample4_contig_137672,47502,19,Y,N,3,*,137672,
sample4_contig_142385,47410,7,Y,N,1,*,142385,
sample4_contig_143134,47402,8,Y,N,1,*,143134,
sample4_contig_143127,46978,7,Y,N,1,*,143127,
sample4_contig_143136,46840,20,Y,N,3,*,143136,
sample4_contig_135056,46637,7,Y,N,1,*,135056,
sample4_contig_142831,46308,12,Y,N,2,*,142831,
sample4_contig_140329,45935,52,Y,N,10,*,140329,
sample4_contig_142220,45475,10,Y,N,1,*,142220,
sample4_contig_137985,45178,9,Y,N,1,*,137985,
sample4_contig_70865,44262,4,Y,Y,1,*,70865,
sample4_contig_143077,43982,8,Y,N,1,*,143077,
sample4_contig_138207,43472,7,Y,N,1,*,138207,
sample4_contig_143028,43412,9,Y,N,2,*,143028,
sample4_contig_75445,43160,19,Y,N,3,*,75445,
sample4_contig_64707,42763,5,Y,Y,1,848,64707,
sample4_contig_73867,42675,33,Y,N,6,*,73867,
sample4_contig_4698,42667,6,Y,Y,1,54,4698,
sample4_contig_140855,42624,9,Y,N,1,*,140855,
sample4_contig_142016,42083,14,Y,N,2,*,142016,
sample4_contig_143059,41999,9,Y,N,1,*,143059,
sample4_contig_24401,41947,20,Y,N,3,*,24401,
sample4_contig_142833,41862,10,Y,N,1,*,142833,
sample4_contig_43791,41668,8,Y,N,1,*,43791,
sample4_contig_143085,41642,5,Y,N,1,*,143085,
sample4_contig_142938,40982,15,Y,N,2,*,142938,
sample4_contig_143108,40754,5,Y,N,1,*,143108,
sample4_contig_136524,40628,8,Y,N,1,*,136524,
sample4_contig_142943,40557,6,Y,N,1,*,142943,
sample4_contig_50123,40531,7,Y,N,1,*,50123,
sample4_contig_139280,40309,8,Y,N,1,*,139280,
sample4_contig_52948,40305,7,Y,N,1,*,52948,
sample4_contig_142761,40300,34,Y,N,7,*,142761,
sample4_contig_138051,40173,25,Y,N,4,*,138051,
sample4_contig_84408,40103,6,Y,N,1,*,84408,
sample4_contig_143046,39673,10,Y,N,1,*,143046,
sample4_contig_140237,39541,5,Y,N,1,*,140237,
sample4_contig_139574,39478,5,Y,N,1,*,139574,
sample4_contig_143098,39470,3,Y,N,1,*,143098,
sample4_contig_25905,39442,10,Y,Y,1,382,25905,
sample4_contig_62923,39257,26,Y,N,5,*,62923,
sample4_contig_143128,39159,8,Y,N,1,*,143128,
sample4_contig_143102,38598,3,Y,N,1,*,143102,
sample4_contig_138748,38554,12,Y,N,1,*,138748,
sample4_contig_142892,38487,10,Y,N,1,*,142892,
sample4_contig_143122,37745,6,Y,N,1,*,143122,
sample4_contig_142877,37309,4,Y,N,1,*,142877,
sample4_contig_107635,37114,7,Y,N,1,*,107635,
sample4_contig_38394,36432,9,Y,N,1,*,38394,
sample4_contig_139270,36366,49,Y,N,9,*,139270,
sample4_contig_142931,34827,7,Y,N,1,*,142931,
sample4_contig_138283,34479,4,Y,N,1,*,138283,
sample4_contig_143058,34339,23,Y,N,4,*,143058,
sample4_contig_139352,33706,13,Y,N,2,*,139352,
sample4_contig_139063,33650,10,Y,N,2,*,139063,
sample4_contig_10174,33319,6,Y,N,1,*,10174,
sample4_contig_34084,33188,4,Y,Y,1,486,34084,
sample4_contig_139459,32276,5,Y,N,1,*,139459,
sample4_contig_141092,32250,9,Y,N,1,*,141092,
sample4_contig_12603,32164,3,Y,Y,1,156,12603,
sample4_contig_140504,31371,6,Y,N,1,*,140504,
sample4_contig_142974,30523,11,Y,N,2,*,142974,
sample4_contig_74785,29657,4,Y,Y,1,924,74785,
sample4_contig_68835,28772,4,Y,Y,1,878,68835,
sample4_contig_59613,28042,3,Y,Y,1,788,59613,
sample4_contig_17073,28030,8,Y,N,1,*,17073,
sample4_contig_135682,23072,11,Y,Y,1,1266,135682,
sample4_contig_142479,22655,5,Y,Y,1,*,142479,
sample4_contig_17707,22558,8,Y,N,1,*,17707,
sample4_contig_141372,22440,4,Y,N,1,*,141372,
sample4_contig_19906,21998,3,Y,Y,1,*,19906,
sample4_contig_126395,21682,4,Y,Y,1,1226,126395,
sample4_contig_143135,21644,6,Y,N,1,*,143135,
sample4_contig_12257,21299,3,Y,N,1,*,12257,
sample4_contig_98802,20240,3,Y,Y,1,1096,98802,
sample4_contig_139467,20208,6,Y,N,1,*,139467,
sample4_contig_141911,19784,5,Y,N,1,*,141911,
sample4_contig_90888,18700,6,Y,Y,1,1052,90888,
sample4_contig_110064,18488,10,Y,Y,1,1162,110064,
sample4_contig_139462,18322,24,Y,N,4,*,139462,
sample4_contig_83085,18291,6,Y,Y,1,990,83085,
sample4_contig_143129,18008,11,Y,N,2,*,143129,
sample4_contig_142531,17845,6,Y,Y,2,*,142531,
sample4_contig_127608,17715,3,Y,N,1,*,127608,
sample4_contig_71992,17697,6,Y,N,1,*,71992,
sample4_contig_18715,17573,32,Y,N,4,*,18715,
sample4_contig_45018,17148,3,Y,Y,1,634,45018,
sample4_contig_141513,17043,3,Y,Y,1,*,141513,
sample4_contig_142628,16994,8,Y,N,1,*,142628,
sample4_contig_134807,16424,4,Y,Y,1,*,134807,
sample4_contig_138113,16393,3,Y,Y,1,1320,138113,
sample4_contig_140976,16181,4,Y,N,1,*,140976,
sample4_contig_74176,16110,15,Y,N,2,*,74176,
sample4_contig_143095,15850,8,Y,N,1,*,143095,
sample4_contig_138433,15767,7,Y,N,1,*,138433,
sample4_contig_51666,15656,4,Y,N,1,*,51666,
sample4_contig_125648,15613,7,Y,N,1,*,125648,
sample4_contig_143096,15535,5,Y,N,1,*,143096,
sample4_contig_84488,15349,25,Y,N,5,*,84488,
sample4_contig_138611,14758,7,Y,N,1,*,138611,
sample4_contig_33259,14643,3,Y,Y,1,*,33259,
sample4_contig_143115,14504,5,Y,N,1,*,143115,
sample4_contig_64301,14280,3,Y,Y,1,14640,64301,
sample4_contig_25160,14163,6,Y,Y,1,370,25160,
sample4_contig_142376,14150,33,Y,N,6,*,142376,
sample4_contig_38498,14038,4,Y,Y,1,13574,38498,
sample4_contig_143076,13930,6,Y,N,1,*,143076,
sample4_contig_61291,13738,4,Y,Y,1,806,61291,
sample4_contig_67746,13686,4,Y,Y,1,872,67746,
sample4_contig_81970,13146,5,Y,Y,1,976,81970,
sample4_contig_140591,12877,18,Y,N,3,*,140591,
sample4_contig_7285,12512,3,Y,Y,1,88,7285,
sample4_contig_82535,12091,7,Y,Y,1,982,82535,
sample4_contig_20541,12063,3,Y,N,1,*,20541,
sample4_contig_44555,12007,5,Y,Y,1,12712,44555,
sample4_contig_48115,11944,5,Y,Y,1,674,48115,
sample4_contig_114751,11831,4,Y,Y,1,*,114751,
sample4_contig_35896,11699,5,Y,Y,1,518,35896,
sample4_contig_57334,11671,6,Y,Y,1,13816,57334,
sample4_contig_55551,11615,4,Y,Y,1,762,55551,
sample4_contig_87485,11510,4,Y,N,1,*,87485,
sample4_contig_827,11484,4,Y,Y,1,10600,827,
sample4_contig_87804,11469,4,Y,N,1,*,87804,
sample4_contig_4101,11454,7,Y,Y,1,10916,4101,
sample4_contig_122604,11438,9,Y,N,2,*,122604,
sample4_contig_130640,11399,15,Y,N,3,*,130640,
sample4_contig_105059,11353,5,Y,Y,1,1134,105059,
sample4_contig_73541,11308,5,Y,Y,1,14868,73541,
sample4_contig_140450,10873,13,Y,N,2,*,140450,
sample4_contig_136658,10841,4,Y,N,1,*,136658,
sample4_contig_47406,10766,6,Y,N,1,*,47406,
sample4_contig_76658,10734,11,Y,Y,1,22410,76658,
sample4_contig_28755,10460,19,Y,N,3,*,28755,
sample4_contig_29624,10390,6,Y,N,1,*,29624,
sample4_contig_28399,10354,12,Y,N,2,*,28399,
sample4_contig_61294,10276,6,Y,Y,1,808,61294,
sample4_contig_135330,10192,4,Y,Y,1,1256,135330,
sample4_contig_29897,10153,7,Y,Y,2,442,29897,
sample4_contig_30579,10137,5,Y,Y,1,456,30579,
sample4_contig_89363,10136,8,Y,Y,1,1040,89363,
sample4_contig_86800,10115,10,Y,Y,2,1020,86800,
sample4_contig_40184,10024,8,Y,Y,2,568,40184,
sample4_contig_23079,10021,4,Y,N,1,*,23079,
sample4_contig_142368,9977,4,Y,Y,1,*,142368,
sample4_contig_138740,9909,11,Y,N,2,*,138740,
sample4_contig_78427,9907,3,Y,Y,1,14416,78427,
sample4_contig_134925,9799,5,Y,Y,1,*,134925,
sample4_contig_87486,9767,3,Y,N,1,*,87486,
sample4_contig_86321,9744,3,Y,Y,1,13262,86321,
sample4_contig_31216,9733,18,Y,N,3,*,31216,
sample4_contig_140799,9683,3,Y,Y,1,1382,140799,
sample4_contig_15888,9607,4,Y,Y,1,11992,15888,
sample4_contig_87457,9546,5,Y,N,1,*,87457,
sample4_contig_139630,9506,3,Y,Y,1,1360,139630,
sample4_contig_29244,9471,3,Y,Y,1,12450,29244,
sample4_contig_142508,9463,4,Y,N,1,*,142508,
sample4_contig_20683,9463,4,Y,Y,1,12860,20683,
sample4_contig_143072,9361,8,Y,N,1,*,143072,
sample4_contig_54945,9314,4,Y,Y,1,754,54945,
sample4_contig_61268,9287,21,Y,Y,3,15968,61268,
sample4_contig_36329,9276,4,Y,Y,1,524,36329,
sample4_contig_40378,9221,3,Y,N,1,*,40378,
sample4_contig_140210,9183,3,Y,N,1,*,140210,
sample4_contig_49232,9169,3,Y,Y,1,686,49232,
sample4_contig_136032,9132,5,Y,Y,2,*,136032,
sample4_contig_83086,8994,4,Y,Y,2,*,83086,
sample4_contig_81735,8737,9,Y,Y,1,15042,81735,
sample4_contig_103277,8735,4,Y,Y,1,1130,103277,
sample4_contig_41904,8610,12,Y,Y,2,*,41904,
sample4_contig_24053,8578,5,Y,Y,1,12682,24053,
sample4_contig_45035,8506,6,Y,Y,1,11560,45035,
sample4_contig_65405,8493,3,Y,Y,1,854,65405,
sample4_contig_102455,8428,4,Y,Y,1,12690,102455,
sample4_contig_138965,8421,4,Y,N,1,*,138965,
sample4_contig_19146,8416,4,Y,Y,1,282,19146,
sample4_contig_3537,8289,9,Y,Y,1,42,3537,
sample4_contig_140637,8232,3,Y,Y,1,13308,140637,
sample4_contig_111323,8147,4,Y,Y,1,15070,111323,
sample4_contig_23543,8132,3,Y,Y,1,10558,23543,
sample4_contig_117053,8074,3,Y,Y,1,14686,117053,
sample4_contig_58944,8064,10,Y,Y,1,20458,58944,
sample4_contig_4505,8058,18,Y,Y,3,10978,4505,
sample4_contig_142914,7979,12,Y,N,2,*,142914,
sample4_contig_138346,7960,3,Y,Y,1,1324,138346,
sample4_contig_64669,7914,8,Y,N,1,*,64669,
sample4_contig_142828,7913,12,Y,N,2,*,142828,
sample4_contig_104803,7832,5,Y,N,1,*,104803,
sample4_contig_16710,7788,3,Y,Y,1,232,16710,
sample4_contig_124889,7551,11,Y,N,1,*,124889,
sample4_contig_84858,7499,5,Y,Y,1,1004,84858,
sample4_contig_75336,7486,3,Y,Y,1,930,75336,
sample4_contig_143126,7467,18,Y,N,3,*,143126,
sample4_contig_105340,7462,5,Y,Y,1,1136,105340,
sample4_contig_142724,7406,3,Y,N,1,*,142724,
sample4_contig_41195,7321,16,Y,N,3,*,41195,
sample4_contig_126129,7300,3,Y,Y,1,12316,126129,
sample4_contig_13107,7239,12,Y,N,2,*,13107,
sample4_contig_49204,7211,4,Y,N,1,*,49204,
sample4_contig_25344,7145,7,Y,Y,1,18138,25344,
sample4_contig_22629,7143,6,Y,Y,1,15658,22629,
sample4_contig_118505,7112,5,Y,Y,1,1188,118505,
sample4_contig_91726,6960,11,Y,N,1,*,91726,
sample4_contig_77290,6929,5,Y,N,1,*,77290,
sample4_contig_138601,6917,4,Y,N,1,*,138601,
sample4_contig_41008,6800,3,Y,Y,1,13680,41008,
sample4_contig_20866,6638,18,Y,N,3,*,20866,
sample4_contig_74808,6635,11,Y,Y,2,14892,74808,
sample4_contig_45318,6633,5,Y,Y,1,15866,45318,
sample4_contig_15580,6559,3,Y,Y,1,15578,15580,
sample4_contig_97201,6500,3,Y,Y,1,12586,97201,
sample4_contig_17059,6480,60,Y,N,11,*,17059,
sample4_contig_16092,6425,8,Y,Y,1,220,16092,
sample4_contig_136564,6335,7,Y,Y,1,12318,136564,
sample4_contig_140542,6331,20,Y,N,3,*,140542,
sample4_contig_37996,6329,12,Y,Y,1,13564,37996,
sample4_contig_6433,6273,8,Y,N,1,*,6433,
sample4_contig_26816,6246,5,Y,Y,1,12906,26816,
sample4_contig_136315,6214,4,Y,Y,1,12088,136315,
sample4_contig_141459,6176,7,Y,N,1,*,141459,
sample4_contig_65857,6160,5,Y,Y,1,858,65857,
sample4_contig_137486,6148,10,Y,Y,1,13080,137486,
sample4_contig_31219,6095,3,Y,Y,1,462,31219,
sample4_contig_122177,6047,6,Y,N,1,*,122177,
sample4_contig_139148,5992,7,Y,N,1,*,139148,
sample4_contig_16890,5966,7,Y,Y,1,12082,16890,
sample4_contig_102133,5964,27,Y,Y,13,*,102133,
sample4_contig_81322,5957,10,Y,Y,2,970,81322,
sample4_contig_56276,5936,3,Y,Y,1,772,56276,
sample4_contig_12668,5875,3,Y,Y,1,158,12668,
sample4_contig_135075,5850,5,Y,Y,1,10988,135075,
sample4_contig_36096,5825,6,Y,Y,2,*,36096,
sample4_contig_34266,5771,3,Y,Y,1,10598,34266,
sample4_contig_27810,5759,20,Y,Y,2,15712,27810,
sample4_contig_14398,5696,4,Y,Y,1,194,14398,
sample4_contig_136121,5674,4,Y,Y,1,11942,136121,
sample4_contig_31864,5648,4,Y,Y,1,13468,31864,
sample4_contig_7793,5609,6,Y,Y,1,11322,7793,
sample4_contig_101140,5601,4,Y,Y,1,13384,101140,
sample4_contig_79042,5601,3,Y,Y,1,15996,79042,
sample4_contig_46154,5569,8,Y,Y,1,13978,46154,
sample4_contig_95390,5555,3,Y,Y,1,12320,95390,
sample4_contig_29494,5527,4,Y,Y,1,430,29494,
sample4_contig_7696,5359,3,Y,Y,1,15502,7696,
sample4_contig_56673,5352,10,Y,Y,2,14440,56673,
sample4_contig_36723,5344,4,Y,Y,1,13508,36723,
sample4_contig_61461,5341,3,Y,Y,1,13352,61461,
sample4_contig_93511,5319,3,Y,Y,1,*,93511,
sample4_contig_27643,5276,3,Y,Y,1,11706,27643,
sample4_contig_69009,5273,3,Y,Y,1,12736,69009,
sample4_contig_24931,5200,12,Y,Y,2,12732,24931,
sample4_contig_96100,5192,5,Y,Y,1,14672,96100,
sample4_contig_62866,5190,4,Y,Y,1,830,62866,
sample4_contig_29732,5187,6,Y,Y,1,11782,29732,
sample4_contig_5192,5128,8,Y,Y,1,14352,5192,
sample4_contig_8513,5100,19,Y,Y,3,11048,8513,
sample4_contig_56258,5087,5,Y,Y,1,12920,56258,
sample4_contig_24968,5055,19,Y,Y,3,12740,24968,
sample4_contig_30106,5041,13,Y,Y,2,12468,30106,
sample4_contig_12508,4994,4,Y,Y,1,154,12508,
sample4_contig_44808,4973,4,Y,Y,1,13906,44808,
sample4_contig_40642,4924,4,Y,Y,1,13662,40642,
sample4_contig_82027,4921,3,Y,Y,1,978,82027,
sample4_contig_25019,4872,10,Y,Y,2,12744,25019,
sample4_contig_42132,4858,5,Y,Y,1,594,42132,
sample4_contig_102855,4857,6,Y,Y,1,13830,102855,
sample4_contig_49755,4854,7,Y,Y,1,698,49755,
sample4_contig_133924,4790,6,Y,Y,1,*,133924,
sample4_contig_139671,4786,12,Y,Y,2,*,139671,
sample4_contig_28517,4785,5,Y,Y,1,410,28517,
sample4_contig_124449,4766,20,Y,Y,2,*,124449,
sample4_contig_100775,4740,3,Y,Y,1,1108,100775,
sample4_contig_141337,4696,6,Y,Y,1,13810,141337,
sample4_contig_86804,4688,6,Y,Y,1,1022,86804,
sample4_contig_53856,4661,10,Y,Y,2,738,53856,
sample4_contig_65231,4636,3,Y,Y,1,852,65231,
sample4_contig_43660,4632,5,Y,Y,1,616,43660,
sample4_contig_15799,4612,8,Y,Y,1,*,15799,
sample4_contig_46356,4590,9,Y,Y,1,*,46356,
sample4_contig_40435,4559,5,Y,Y,1,15826,40435,
sample4_contig_107287,4553,20,Y,Y,6,1146,107287,
sample4_contig_61287,4547,22,Y,Y,4,14326,61287,
sample4_contig_718,4543,14,Y,Y,2,15418,718,
sample4_contig_110538,4531,17,Y,Y,2,*,110538,
sample4_contig_42993,4487,10,Y,Y,1,13798,42993,
sample4_contig_17062,4486,32,Y,Y,4,*,17062,
sample4_contig_25227,4440,4,Y,Y,1,12770,25227,
sample4_contig_19694,4371,9,Y,Y,1,*,19694,
sample4_contig_114623,4348,6,Y,Y,1,*,114623,
sample4_contig_50495,4346,3,Y,Y,1,12154,50495,
sample4_contig_122083,4301,7,Y,Y,1,11046,122083,
sample4_contig_53497,4299,4,Y,Y,1,14314,53497,
sample4_contig_142390,4268,6,Y,Y,1,*,142390,
sample4_contig_5811,4222,9,Y,Y,1,11126,5811,
sample4_contig_26396,4192,35,Y,Y,6,14224,26396,
sample4_contig_91743,4119,3,Y,Y,1,*,91743,
sample4_contig_30889,4041,4,Y,Y,1,13158,30889,
sample4_contig_107141,4016,3,Y,Y,1,1144,107141,
sample4_contig_56401,3993,6,Y,Y,1,774,56401,
sample4_contig_76514,3968,6,Y,Y,1,24240,76514,
sample4_contig_132192,3902,14,Y,Y,3,*,132192,
sample4_contig_35103,3851,6,Y,Y,1,12862,35103,
sample4_contig_85315,3600,9,Y,Y,1,*,85315,
sample4_contig_78472,3577,8,Y,Y,1,11886,78472,
sample4_contig_94260,3575,31,Y,Y,6,*,94260,
sample4_contig_30063,3558,4,Y,Y,1,13106,30063,
sample4_contig_29770,3544,7,Y,Y,1,*,29770,
sample4_contig_61300,3422,7,Y,Y,1,11938,61300,
sample4_contig_12165,3417,4,Y,Y,1,11702,12165,
sample4_contig_118250,3402,22,Y,Y,4,*,118250,
sample4_contig_8666,3310,17,Y,Y,2,*,8666,
sample4_contig_94196,3292,3,Y,Y,1,*,94196,
sample4_contig_138107,3278,14,Y,Y,2,12866,138107,
sample4_contig_37980,3208,6,Y,Y,1,23996,37980,
sample4_contig_141895,3205,21,Y,Y,4,*,141895,
sample4_contig_14685,3161,10,Y,Y,1,*,14685,
sample4_contig_120102,3107,20,Y,Y,3,*,120102,
sample4_contig_37791,3107,9,Y,Y,1,13550,37791,
sample4_contig_137879,3106,5,Y,Y,1,*,137879,
sample4_contig_82287,3075,8,Y,Y,1,*,82287,
sample4_contig_108628,3062,17,Y,Y,2,*,108628,
sample4_contig_59014,3057,12,Y,Y,2,*,59014,
sample4_contig_140251,3043,21,Y,Y,4,*,140251,
sample4_contig_109964,2978,12,Y,Y,1,*,109964,
sample4_contig_97353,2949,8,Y,Y,1,*,97353,
sample4_contig_48480,2905,19,Y,Y,3,*,48480,
sample4_contig_129790,2896,28,Y,Y,5,*,129790,
sample4_contig_139965,2876,3,Y,Y,1,14400,139965,
sample4_contig_69673,2860,4,Y,Y,1,*,69673,
sample4_contig_142876,2843,12,Y,Y,2,*,142876,
sample4_contig_141985,2824,8,Y,Y,1,*,141985,
sample4_contig_74317,2801,6,Y,Y,1,15734,74317,
sample4_contig_141341,2703,3,Y,Y,1,16024,141341,
sample4_contig_99355,2656,5,Y,Y,1,*,99355,
sample4_contig_142057,2630,4,Y,Y,1,*,142057,
sample4_contig_141802,2618,5,Y,Y,1,1406,141802,
sample4_contig_67549,2583,7,Y,Y,1,13130,67549,
sample4_contig_66422,2520,7,Y,Y,1,*,66422,
sample4_contig_35349,2490,18,Y,Y,3,*,35349,
sample4_contig_140479,2467,6,Y,Y,1,*,140479,
sample4_contig_137024,2415,6,Y,Y,1,11700,137024,
sample4_contig_108128,2406,9,Y,Y,1,*,108128,
sample4_contig_143084,2405,4,Y,Y,1,*,143084,
sample4_contig_81129,2377,26,Y,Y,5,*,81129,
sample4_contig_9422,2318,10,Y,Y,2,23244,9422,
sample4_contig_16656,2293,7,Y,Y,1,*,16656,
sample4_contig_135419,2153,3,Y,Y,1,11330,135419,
sample4_contig_25348,1944,4,Y,Y,1,12792,25348,
sample4_contig_139598,1917,7,Y,Y,1,18378,139598,
sample4_contig_67324,1875,5,Y,Y,1,13902,67324,
sample4_contig_90872,1768,4,Y,Y,4,1050,90872,
sample4_contig_135689,1671,3,Y,Y,1,11584,135689,
sample4_contig_21947,1640,4,Y,Y,1,*,21947,
sample4_contig_141822,1424,3,Y,Y,1,15424,141822,
sample4_contig_48188,1413,13,Y,Y,3,14074,48188,
sample4_contig_112252,1213,18,Y,Y,3,*,112252,
sample4_contig_62877,1187,3,Y,Y,1,14600,62877,
sample4_contig_54394,925,3,Y,Y,1,15924,54394,
sample4_contig_23805,886,3,Y,Y,1,12662,23805,
sample4_contig_46225,791,3,Y,Y,1,12568,46225,
sample4_contig_33757,763,3,Y,Y,1,15614,33757,
sample4_contig_5691,759,5,Y,Y,1,10542,5691,
sample4_contig_21478,685,7,Y,Y,1,15664,21478,
sample4_contig_4317,682,3,Y,Y,1,10944,4317,
sample4_contig_6093,595,9,Y,Y,1,11164,6093,
sample4_contig_35768,584,3,Y,Y,1,512,35768,
sample4_contig_21277,580,4,Y,Y,1,12452,21277,
sample4_contig_5541,571,9,Y,Y,1,15482,5541,
sample4_contig_115585,566,44,Y,Y,8,*,115585,
sample4_contig_11352,565,7,Y,Y,1,15538,11352,
sample4_contig_21311,548,6,Y,Y,1,12460,21311,
sample4_contig_40782,527,5,Y,Y,2,*,40782,
sample4_contig_25055,526,3,Y,Y,1,12750,25055,
sample4_contig_32162,523,4,Y,Y,1,*,32162,
sample4_contig_8188,512,4,Y,Y,1,11346,8188,
sample4_contig_49691,405,4,Y,Y,1,696,49691,
sample5_contig_49935,141330,14,Y,N,2,*,49935,
sample5_contig_137792,129625,38,Y,N,5,*,137792,
sample5_contig_92565,116672,11,Y,N,2,*,92565,
sample5_contig_137829,99835,10,Y,N,1,*,137829,
sample5_contig_132902,96921,70,Y,N,11,*,132902,
sample5_contig_136393,95796,14,Y,N,2,*,136393,
sample5_contig_14676,80381,6,Y,N,1,*,14676,
sample5_contig_1368,75886,13,Y,N,1,*,1368,
sample5_contig_134130,74532,37,Y,N,5,*,134130,
sample5_contig_32401,73971,62,Y,N,10,*,32401,
sample5_contig_135214,73373,20,Y,N,3,*,135214,
sample5_contig_36849,72983,21,Y,N,3,*,36849,
sample5_contig_32511,72166,50,Y,N,7,*,32511,
sample5_contig_138411,70786,43,Y,N,6,*,138411,
sample5_contig_138467,67118,6,Y,N,1,*,138467,
sample5_contig_133365,66493,7,Y,N,1,*,133365,
sample5_contig_91195,66385,35,Y,N,5,*,91195,
sample5_contig_138484,58721,4,Y,N,1,*,138484,
sample5_contig_132437,58057,4,Y,N,1,*,132437,
sample5_contig_119578,57552,4,Y,N,1,*,119578,
sample5_contig_35931,57197,8,Y,N,1,*,35931,
sample5_contig_84431,56485,7,Y,N,1,*,84431,
sample5_contig_138383,54974,45,Y,N,7,*,138383,
sample5_contig_131271,51324,18,Y,N,2,*,131271,
sample5_contig_138440,50757,25,Y,N,3,*,138440,
sample5_contig_135721,49371,68,Y,N,10,*,135721,
sample5_contig_131432,49120,17,Y,N,3,*,131432,
sample5_contig_132786,49052,25,Y,N,4,*,132786,
sample5_contig_18855,48009,29,Y,N,4,*,18855,
sample5_contig_135505,47928,16,Y,N,2,*,135505,
sample5_contig_42684,46955,11,Y,N,1,*,42684,
sample5_contig_134324,46543,14,Y,N,2,*,134324,
sample5_contig_93615,46543,33,Y,N,4,*,93615,
sample5_contig_138267,46465,10,Y,N,1,*,138267,
sample5_contig_135997,46299,25,Y,N,4,*,135997,
sample5_contig_132781,46160,4,Y,N,1,*,132781,
sample5_contig_137296,46065,202,Y,N,33,*,137296,
sample5_contig_138477,45871,21,Y,N,3,*,138477,
sample5_contig_134166,45247,15,Y,N,2,*,134166,
sample5_contig_135524,44943,27,Y,N,4,*,135524,
sample5_contig_134368,44895,38,Y,N,6,*,134368,
sample5_contig_98078,44418,33,Y,N,5,*,98078,
sample5_contig_30148,44200,6,Y,N,1,*,30148,
sample5_contig_138254,43851,8,Y,N,1,*,138254,
sample5_contig_133980,43402,14,Y,N,2,*,133980,
sample5_contig_137571,43351,31,Y,N,4,*,137571,
sample5_contig_30250,43298,11,Y,N,2,*,30250,
sample5_contig_135511,43074,26,Y,N,4,*,135511,
sample5_contig_137313,43073,26,Y,N,4,*,137313,
sample5_contig_119411,42963,5,Y,N,1,*,119411,
sample5_contig_134582,42875,12,Y,N,2,*,134582,
sample5_contig_37000,42550,9,Y,N,1,*,37000,
sample5_contig_137679,42302,28,Y,N,4,*,137679,
sample5_contig_133353,42178,9,Y,N,1,*,133353,
sample5_contig_131186,42088,5,Y,N,1,*,131186,
sample5_contig_134479,41970,21,Y,N,3,*,134479,
sample5_contig_122226,40879,9,Y,N,1,*,122226,
sample5_contig_1116,40798,12,Y,N,1,*,1116,
sample5_contig_134277,40022,30,Y,N,5,*,134277,
sample5_contig_109592,39825,41,Y,N,6,*,109592,
sample5_contig_113028,39704,9,Y,Y,1,1066,113028,
sample5_contig_138447,39581,10,Y,N,1,*,138447,
sample5_contig_136754,39373,24,Y,N,4,*,136754,
sample5_contig_96262,38704,14,Y,N,2,*,96262,
sample5_contig_136205,38541,18,Y,N,3,*,136205,
sample5_contig_132850,38460,3,Y,N,1,*,132850,
sample5_contig_11733,37114,4,Y,Y,1,140,11733,
sample5_contig_138339,36411,9,Y,N,1,*,138339,
sample5_contig_133464,35986,7,Y,N,1,*,133464,
sample5_contig_137232,35457,14,Y,N,2,*,137232,
sample5_contig_133208,35449,3,Y,Y,1,*,133208,
sample5_contig_138275,34573,5,Y,N,1,*,138275,
sample5_contig_134581,34098,3,Y,N,1,*,134581,
sample5_contig_71407,33334,4,Y,N,1,*,71407,
sample5_contig_24986,33300,10,Y,N,1,*,24986,
sample5_contig_24985,33084,22,Y,N,4,*,24985,
sample5_contig_24988,32976,20,Y,N,3,*,24988,
sample5_contig_407,32948,6,Y,Y,1,4,407,
sample5_contig_100866,30979,5,Y,Y,1,1006,100866,
sample5_contig_133142,30911,101,Y,N,16,*,133142,
sample5_contig_137312,30572,5,Y,Y,1,1214,137312,
sample5_contig_33935,30307,27,Y,N,4,*,33935,
sample5_contig_138090,27871,8,Y,N,1,*,138090,
sample5_contig_27576,27266,12,Y,N,1,*,27576,
sample5_contig_80740,26749,9,Y,N,1,*,80740,
sample5_contig_58460,26675,9,Y,N,1,*,58460,
sample5_contig_138212,26527,11,Y,N,1,*,138212,
sample5_contig_131141,25859,6,Y,N,1,*,131141,
sample5_contig_24198,25186,3,Y,Y,1,324,24198,
sample5_contig_132910,24906,4,Y,Y,1,*,132910,
sample5_contig_19303,24904,4,Y,Y,1,250,19303,
sample5_contig_136846,24122,4,Y,N,1,*,136846,
sample5_contig_49255,23586,6,Y,N,1,*,49255,
sample5_contig_61482,23543,3,Y,Y,1,734,61482,
sample5_contig_104489,23301,4,Y,Y,1,1018,104489,
sample5_contig_43736,22944,8,Y,Y,1,562,43736,
sample5_contig_94452,22926,5,Y,Y,1,976,94452,
sample5_contig_30348,22146,3,Y,Y,1,402,30348,
sample5_contig_138463,21325,15,Y,N,2,*,138463,
sample5_contig_27144,20786,3,Y,Y,1,366,27144,
sample5_contig_136798,20247,9,Y,N,1,*,136798,
sample5_contig_138465,20103,4,Y,N,1,*,138465,
sample5_contig_138242,19249,3,Y,Y,1,1230,138242,
sample5_contig_23262,19059,7,Y,Y,1,314,23262,
sample5_contig_133020,18968,9,Y,N,1,*,133020,
sample5_contig_21301,18777,4,Y,Y,1,288,21301,
sample5_contig_714,18536,4,Y,Y,1,6,714,
sample5_contig_65465,18183,10,Y,Y,1,778,65465,
sample5_contig_138272,17889,7,Y,N,1,*,138272,
sample5_contig_134173,17821,9,Y,N,1,*,134173,
sample5_contig_138306,17806,4,Y,N,1,*,138306,
sample5_contig_132720,17770,4,Y,Y,1,1140,132720,
sample5_contig_138459,17698,8,Y,N,2,*,138459,
sample5_contig_136213,17440,5,Y,N,1,*,136213,
sample5_contig_15434,16699,11,Y,Y,1,196,15434,
sample5_contig_133432,16664,57,Y,N,10,*,133432,
sample5_contig_138474,16664,5,Y,Y,1,*,138474,
sample5_contig_136577,16569,7,Y,N,1,*,136577,
sample5_contig_138265,16461,7,Y,N,1,*,138265,
sample5_contig_135589,16388,6,Y,Y,2,*,135589,
sample5_contig_131027,16168,9,Y,Y,1,9360,131027,
sample5_contig_86396,16006,13,Y,N,2,*,86396,
sample5_contig_138349,15981,33,Y,N,5,*,138349,
sample5_contig_137267,15911,5,Y,N,1,*,137267,
sample5_contig_132504,15890,5,Y,Y,1,*,132504,
sample5_contig_136863,15788,5,Y,N,1,*,136863,
sample5_contig_138370,15109,15,Y,N,3,*,138370,
sample5_contig_75588,14843,14,Y,N,1,*,75588,
sample5_contig_133382,14808,20,Y,N,3,*,133382,
sample5_contig_96845,14720,3,Y,Y,1,986,96845,
sample5_contig_69968,14719,9,Y,Y,1,828,69968,
sample5_contig_68473,14474,5,Y,Y,1,806,68473,
sample5_contig_135699,14303,6,Y,Y,3,*,135699,
sample5_contig_32696,14111,3,Y,Y,1,438,32696,
sample5_contig_135388,14003,4,Y,Y,1,1176,135388,
sample5_contig_30596,13587,3,Y,Y,1,412,30596,
sample5_contig_4449,13544,3,Y,Y,1,54,4449,
sample5_contig_70033,13448,11,Y,N,2,*,70033,
sample5_contig_135347,13366,4,Y,N,1,*,135347,
sample5_contig_19930,13335,6,Y,N,1,*,19930,
sample5_contig_137959,12878,4,Y,Y,1,*,137959,
sample5_contig_131426,12599,11,Y,N,2,*,131426,
sample5_contig_68492,12247,7,Y,Y,1,808,68492,
sample5_contig_11977,12165,3,Y,Y,1,10400,11977,
sample5_contig_137079,11912,6,Y,N,1,*,137079,
sample5_contig_118752,11689,9,Y,N,2,*,118752,
sample5_contig_137861,11540,4,Y,Y,1,1222,137861,
sample5_contig_58359,11059,4,Y,Y,1,718,58359,
sample5_contig_138344,10990,8,Y,N,1,*,138344,
sample5_contig_24128,10903,7,Y,N,1,*,24128,
sample5_contig_137977,10782,7,Y,N,1,*,137977,
sample5_contig_8938,10736,7,Y,Y,1,9542,8938,
sample5_contig_15542,10669,5,Y,Y,1,204,15542,
sample5_contig_48847,10540,3,Y,Y,1,9810,48847,
sample5_contig_27211,10513,31,Y,N,5,*,27211,
sample5_contig_137600,10419,7,Y,N,1,*,137600,
sample5_contig_63039,10405,12,Y,N,1,*,63039,
sample5_contig_132224,10327,19,Y,Y,3,10692,132224,
sample5_contig_138483,10105,3,Y,Y,1,*,138483,
sample5_contig_105542,10081,3,Y,Y,1,1020,105542,
sample5_contig_99280,10064,3,Y,Y,1,1002,99280,
sample5_contig_19101,9833,5,Y,Y,1,11032,19101,
sample5_contig_60581,9703,4,Y,Y,1,728,60581,
sample5_contig_136839,9685,3,Y,Y,1,1208,136839,
sample5_contig_40550,9660,25,Y,N,5,*,40550,
sample5_contig_74760,9644,4,Y,Y,1,864,74760,
sample5_contig_3542,9643,3,Y,Y,1,9486,3542,
sample5_contig_137862,9591,4,Y,N,1,*,137862,
sample5_contig_8355,9550,10,Y,Y,1,9998,8355,
sample5_contig_132907,9198,4,Y,Y,1,11248,132907,
sample5_contig_21592,9107,3,Y,Y,1,10970,21592,
sample5_contig_29353,8995,8,Y,Y,1,388,29353,
sample5_contig_17836,8841,9,Y,Y,1,230,17836,
sample5_contig_39401,8718,4,Y,Y,1,510,39401,
sample5_contig_40822,8713,8,Y,Y,1,526,40822,
sample5_contig_83209,8699,4,Y,Y,1,9374,83209,
sample5_contig_18308,8686,26,Y,N,4,*,18308,
sample5_contig_31270,8605,9,Y,Y,1,11830,31270,
sample5_contig_32790,8320,7,Y,Y,1,442,32790,
sample5_contig_4423,8258,8,Y,Y,1,9582,4423,
sample5_contig_30182,8158,6,Y,Y,1,12064,30182,
sample5_contig_44568,8080,5,Y,Y,1,13896,44568,
sample5_contig_131024,8031,9,Y,Y,1,9356,131024,
sample5_contig_5513,8014,6,Y,Y,1,12786,5513,
sample5_contig_34951,7946,3,Y,Y,1,*,34951,
sample5_contig_29890,7901,8,Y,Y,1,9950,29890,
sample5_contig_75542,7840,3,Y,Y,1,876,75542,
sample5_contig_56222,7832,6,Y,N,1,*,56222,
sample5_contig_137053,7817,12,Y,N,1,*,137053,
sample5_contig_136548,7791,6,Y,Y,1,10278,136548,
sample5_contig_135084,7733,3,Y,Y,1,11120,135084,
sample5_contig_37787,7680,3,Y,Y,1,500,37787,
sample5_contig_36197,7621,4,Y,Y,1,478,36197,
sample5_contig_71490,7567,4,Y,Y,1,12044,71490,
sample5_contig_22891,7536,3,Y,Y,1,308,22891,
sample5_contig_106202,7521,3,Y,Y,1,1030,106202,
sample5_contig_53461,7514,44,Y,N,8,*,53461,
sample5_contig_56595,7452,4,Y,Y,1,*,56595,
sample5_contig_133560,7435,6,Y,N,1,*,133560,
sample5_contig_120881,7343,4,Y,Y,1,12934,120881,
sample5_contig_135788,7250,3,Y,Y,1,1182,135788,
sample5_contig_63739,7237,20,Y,Y,6,12944,63739,
sample5_contig_77918,7227,5,Y,Y,1,12662,77918,
sample5_contig_16601,7061,9,Y,N,1,*,16601,
sample5_contig_135328,7055,39,Y,Y,6,12666,135328,
sample5_contig_101424,7051,3,Y,Y,1,1010,101424,
sample5_contig_45942,7026,5,Y,Y,1,11928,45942,
sample5_contig_69101,7004,4,Y,Y,1,818,69101,
sample5_contig_127193,6997,12,Y,N,1,*,127193,
sample5_contig_136916,6934,3,Y,N,1,*,136916,
sample5_contig_48727,6881,10,Y,Y,1,622,48727,
sample5_contig_15358,6868,6,Y,Y,1,15092,15358,
sample5_contig_66437,6771,18,Y,Y,3,13036,66437,
sample5_contig_126532,6724,6,Y,N,1,*,126532,
sample5_contig_136364,6710,3,Y,Y,1,10920,136364,
sample5_contig_41875,6707,12,Y,Y,2,546,41875,
sample5_contig_44563,6683,3,Y,Y,1,10522,44563,
sample5_contig_138470,6678,5,Y,N,1,*,138470,
sample5_contig_134759,6631,3,Y,Y,1,1164,134759,
sample5_contig_15329,6595,6,Y,Y,1,9578,15329,
sample5_contig_41012,6558,14,Y,N,2,*,41012,
sample5_contig_13998,6455,6,Y,Y,1,10660,13998,
sample5_contig_94757,6396,9,Y,Y,1,11806,94757,
sample5_contig_131381,6358,42,Y,Y,7,9722,131381,
sample5_contig_125938,6257,21,Y,N,3,*,125938,
sample5_contig_131474,6247,6,Y,N,1,*,131474,
sample5_contig_91150,6209,4,Y,Y,1,966,91150,
sample5_contig_15587,6179,4,Y,Y,1,10790,15587,
sample5_contig_75051,6138,3,Y,Y,1,13966,75051,
sample5_contig_66407,6134,6,Y,Y,1,10126,66407,
sample5_contig_54427,6049,123,Y,N,20,*,54427,
sample5_contig_131511,6041,21,Y,N,3,*,131511,
sample5_contig_82147,6039,3,Y,Y,1,12818,82147,
sample5_contig_135547,6004,13,Y,N,1,*,135547,
sample5_contig_28741,5978,3,Y,Y,1,378,28741,
sample5_contig_41251,5908,9,Y,Y,1,12282,41251,
sample5_contig_40904,5809,4,Y,Y,1,12274,40904,
sample5_contig_54861,5800,3,Y,Y,1,686,54861,
sample5_contig_134060,5768,25,Y,N,4,*,134060,
sample5_contig_65715,5663,5,Y,Y,1,784,65715,
sample5_contig_38276,5598,4,Y,Y,1,504,38276,
sample5_contig_138154,5578,8,Y,N,1,*,138154,
sample5_contig_49502,5568,4,Y,Y,1,12636,49502,
sample5_contig_46041,5554,8,Y,Y,1,13912,46041,
sample5_contig_137454,5542,15,Y,N,3,*,137454,
sample5_contig_68752,5477,4,Y,Y,1,810,68752,
sample5_contig_137667,5467,6,Y,N,1,*,137667,
sample5_contig_65608,5436,9,Y,Y,1,13004,65608,
sample5_contig_106471,5430,4,Y,Y,1,14056,106471,
sample5_contig_137816,5430,4,Y,N,1,*,137816,
sample5_contig_119536,5412,8,Y,Y,1,10934,119536,
sample5_contig_21685,5355,5,Y,N,1,*,21685,
sample5_contig_138228,5112,5,Y,N,1,*,138228,
sample5_contig_138429,5074,20,Y,N,3,*,138429,
sample5_contig_137442,4973,6,Y,Y,1,*,137442,
sample5_contig_108461,4958,8,Y,Y,1,21912,108461,
sample5_contig_138211,4955,9,Y,Y,1,*,138211,
sample5_contig_133124,4926,3,Y,Y,1,9782,133124,
sample5_contig_2489,4901,18,Y,Y,2,19806,2489,
sample5_contig_122813,4807,5,Y,Y,1,9266,122813,
sample5_contig_107613,4753,14,Y,Y,2,14058,107613,
sample5_contig_133823,4738,5,Y,Y,1,13700,133823,
sample5_contig_27878,4689,4,Y,Y,1,9514,27878,
sample5_contig_134965,4627,7,Y,Y,1,*,134965,
sample5_contig_98580,4627,5,Y,Y,1,11750,98580,
sample5_contig_112050,4626,10,Y,Y,1,9806,112050,
sample5_contig_25075,4625,8,Y,Y,1,11444,25075,
sample5_contig_30447,4565,7,Y,Y,1,*,30447,
sample5_contig_98858,4545,6,Y,Y,1,12938,98858,
sample5_contig_73080,4544,7,Y,Y,1,*,73080,
sample5_contig_65716,4528,12,Y,Y,1,786,65716,
sample5_contig_44788,4519,8,Y,Y,1,12018,44788,
sample5_contig_20673,4508,3,Y,Y,1,*,20673,
sample5_contig_47910,4484,6,Y,N,1,*,47910,
sample5_contig_32414,4479,3,Y,Y,1,*,32414,
sample5_contig_83889,4449,9,Y,Y,1,*,83889,
sample5_contig_132808,4434,8,Y,Y,1,13732,132808,
sample5_contig_9472,4425,4,Y,Y,1,10114,9472,
sample5_contig_88806,4407,3,Y,Y,1,13344,88806,
sample5_contig_4958,4322,30,Y,Y,7,12318,4958,
sample5_contig_70546,4298,3,Y,Y,1,832,70546,
sample5_contig_115832,4294,3,Y,Y,1,1080,115832,
sample5_contig_136600,4243,8,Y,Y,1,13106,136600,
sample5_contig_137873,4240,11,Y,Y,1,*,137873,
sample5_contig_7048,4217,15,Y,Y,2,9870,7048,
sample5_contig_138473,4205,5,Y,Y,1,*,138473,
sample5_contig_69100,4173,5,Y,Y,1,816,69100,
sample5_contig_29327,4167,4,Y,Y,1,*,29327,
sample5_contig_134149,4155,14,Y,Y,2,*,134149,
sample5_contig_72025,4151,5,Y,Y,1,18392,72025,
sample5_contig_5491,4108,11,Y,Y,2,9680,5491,
sample5_contig_49748,4065,22,Y,Y,3,12580,49748,
sample5_contig_136284,4045,7,Y,Y,1,*,136284,
sample5_contig_28991,4031,4,Y,Y,1,13612,28991,
sample5_contig_109050,4002,14,Y,Y,2,*,109050,
sample5_contig_39166,4000,7,Y,Y,1,13802,39166,
sample5_contig_44079,3986,7,Y,Y,1,10870,44079,
sample5_contig_132699,3841,4,Y,Y,1,*,132699,
sample5_contig_114866,3826,15,Y,Y,2,*,114866,
sample5_contig_65120,3788,14,Y,Y,2,12986,65120,
sample5_contig_132995,3745,15,Y,Y,3,*,132995,
sample5_contig_14345,3737,3,Y,Y,1,20484,14345,
sample5_contig_138457,3696,8,Y,Y,1,*,138457,
sample5_contig_36005,3663,3,Y,Y,1,11390,36005,
sample5_contig_68999,3635,11,Y,Y,2,*,68999,
sample5_contig_16247,3622,10,Y,Y,2,10434,16247,
sample5_contig_138126,3604,12,Y,Y,2,*,138126,
sample5_contig_135073,3601,7,Y,Y,1,*,135073,
sample5_contig_138475,3597,6,Y,Y,1,*,138475,
sample5_contig_4254,3592,5,Y,Y,1,9566,4254,
sample5_contig_138276,3588,5,Y,Y,1,*,138276,
sample5_contig_131576,3583,6,Y,Y,1,9974,131576,
sample5_contig_58606,3511,11,Y,Y,2,*,58606,
sample5_contig_82834,3452,14,Y,Y,1,*,82834,
sample5_contig_132372,3438,6,Y,Y,1,*,132372,
sample5_contig_138274,3438,7,Y,Y,1,*,138274,
sample5_contig_137361,3382,6,Y,Y,1,*,137361,
sample5_contig_56503,3338,16,Y,Y,2,*,56503,
sample5_contig_92264,3334,3,Y,Y,1,970,92264,
sample5_contig_70378,3318,20,Y,Y,3,*,70378,
sample5_contig_95689,3288,5,Y,Y,1,*,95689,
sample5_contig_71164,3282,13,Y,Y,2,*,71164,
sample5_contig_133132,3272,19,Y,Y,2,*,133132,
sample5_contig_40696,3231,11,Y,Y,1,*,40696,
sample5_contig_137034,3207,3,Y,Y,1,*,137034,
sample5_contig_60836,3111,20,Y,Y,3,*,60836,
sample5_contig_102489,3094,10,Y,Y,1,*,102489,
sample5_contig_122426,3092,6,Y,Y,1,*,122426,
sample5_contig_50307,3083,7,Y,Y,1,9204,50307,
sample5_contig_36747,3079,3,Y,Y,1,13656,36747,
sample5_contig_132705,2984,29,Y,Y,5,*,132705,
sample5_contig_137473,2935,11,Y,Y,1,*,137473,
sample5_contig_119913,2889,11,Y,Y,1,*,119913,
sample5_contig_8433,2882,31,Y,Y,5,*,8433,
sample5_contig_34450,2838,18,Y,Y,3,12014,34450,
sample5_contig_138460,2812,25,Y,Y,4,*,138460,
sample5_contig_137586,2809,4,Y,Y,1,13388,137586,
sample5_contig_136665,2798,15,Y,Y,1,*,136665,
sample5_contig_134987,2772,4,Y,Y,2,1168,134987,
sample5_contig_131246,2699,14,Y,Y,2,9554,131246,
sample5_contig_12733,2660,9,Y,Y,1,*,12733,
sample5_contig_136177,2618,3,Y,Y,1,12380,136177,
sample5_contig_35005,2612,20,Y,Y,3,*,35005,
sample5_contig_131477,2568,3,Y,Y,1,9878,131477,
sample5_contig_51432,2561,4,Y,Y,1,13772,51432,
sample5_contig_26259,2553,3,Y,Y,1,11520,26259,
sample5_contig_32027,2521,7,Y,Y,1,*,32027,
sample5_contig_22725,2519,37,Y,Y,6,*,22725,
sample5_contig_84121,2517,19,Y,Y,3,*,84121,
sample5_contig_28672,2422,7,Y,Y,1,*,28672,
sample5_contig_67106,2394,3,Y,Y,1,9964,67106,
sample5_contig_137509,2324,3,Y,Y,1,13372,137509,
sample5_contig_110081,2296,13,Y,Y,2,*,110081,
sample5_contig_76410,2260,35,Y,Y,6,*,76410,
sample5_contig_97439,2233,14,Y,Y,1,*,97439,
sample5_contig_30668,2223,8,Y,Y,1,*,30668,
sample5_contig_13422,2094,30,Y,Y,4,11512,13422,
sample5_contig_25485,1967,6,Y,Y,1,*,25485,
sample5_contig_65237,1862,3,Y,Y,1,21182,65237,
sample5_contig_137244,1815,10,Y,Y,1,10326,137244,
sample5_contig_17075,1735,8,Y,Y,1,10306,17075,
sample5_contig_134980,1669,10,Y,Y,1,12498,134980,
sample5_contig_6724,1622,5,Y,Y,1,9832,6724,
sample5_contig_91828,1560,12,Y,Y,2,*,91828,
sample5_contig_7174,1538,4,Y,Y,1,*,7174,
sample5_contig_24364,1493,4,Y,Y,1,11404,24364,
sample5_contig_12537,1267,5,Y,Y,1,10456,12537,
sample5_contig_136487,1129,30,Y,Y,4,*,136487,
sample5_contig_5632,929,3,Y,Y,1,11998,5632,
sample5_contig_3533,904,3,Y,Y,1,13574,3533,
sample5_contig_54181,867,3,Y,Y,1,12714,54181,
sample5_contig_15591,855,8,Y,Y,1,10792,15591,
sample5_contig_86531,830,3,Y,Y,1,11798,86531,
sample5_contig_32591,798,4,Y,Y,1,15096,32591,
sample5_contig_13808,775,7,Y,Y,1,10632,13808,
sample5_contig_68755,756,5,Y,Y,1,10240,68755,
sample5_contig_95297,737,24,Y,Y,4,*,95297,
sample5_contig_13623,736,7,Y,Y,1,10596,13623,
sample5_contig_28677,736,3,Y,Y,1,13814,28677,
sample5_contig_13928,729,7,Y,Y,1,13672,13928,
sample5_contig_29040,695,4,Y,Y,1,13820,29040,
sample5_contig_5881,679,8,Y,Y,1,9740,5881,
sample5_contig_59907,661,4,Y,Y,1,12858,59907,
sample5_contig_34002,641,3,Y,Y,1,456,34002,
sample5_contig_111222,625,3,Y,Y,1,11108,111222,
sample5_contig_16782,596,4,Y,Y,1,12842,16782,
sample5_contig_85288,577,4,Y,Y,1,13366,85288,
sample5_contig_41098,570,3,Y,Y,1,532,41098,
sample5_contig_36974,569,17,Y,Y,2,12682,36974,
sample5_contig_13911,564,6,Y,Y,1,13670,13911,
sample5_contig_15477,551,3,Y,Y,1,198,15477,
sample5_contig_18246,536,3,Y,Y,1,236,18246,
sample5_contig_33892,533,7,Y,Y,1,13294,33892,
sample5_contig_12312,506,5,Y,Y,1,10440,12312,
sample5_contig_16688,459,3,Y,Y,1,*,16688,
sample5_contig_56612,384,5,Y,Y,1,11186,56612,
sample5_contig_8384,286,3,Y,Y,1,10010,8384,
sample5_contig_51242,166,4,Y,Y,1,11664,51242,
sample6_contig_99823,131543,13,Y,N,2,*,99823,
sample6_contig_102474,123498,10,Y,N,2,*,102474,
sample6_contig_19414,81110,5,Y,N,1,*,19414,
sample6_contig_102139,77470,9,Y,N,1,*,102139,
sample6_contig_81755,74557,6,Y,N,1,*,81755,
sample6_contig_104363,61598,7,Y,N,1,*,104363,
sample6_contig_104471,58936,6,Y,N,1,*,104471,
sample6_contig_99774,55089,8,Y,N,1,*,99774,
sample6_contig_104403,53707,17,Y,N,3,*,104403,
sample6_contig_104454,52835,5,Y,N,1,*,104454,
sample6_contig_101318,51056,6,Y,N,1,*,101318,
sample6_contig_32345,50702,18,Y,N,3,*,32345,
sample6_contig_16678,50148,11,Y,N,1,*,16678,
sample6_contig_101182,48305,3,Y,Y,1,*,101182,
sample6_contig_103468,47879,6,Y,N,1,*,103468,
sample6_contig_49575,46113,22,Y,N,4,*,49575,
sample6_contig_11438,45099,12,Y,Y,2,58,11438,
sample6_contig_104539,44152,6,Y,N,1,*,104539,
sample6_contig_104519,42446,11,Y,N,2,*,104519,
sample6_contig_66689,42399,6,Y,Y,2,*,66689,
sample6_contig_104430,42127,5,Y,N,1,*,104430,
sample6_contig_101207,40832,7,Y,N,1,*,101207,
sample6_contig_47509,39238,7,Y,N,1,*,47509,
sample6_contig_1784,37951,11,Y,N,1,*,1784,
sample6_contig_104341,37711,4,Y,Y,1,*,104341,
sample6_contig_65991,37001,5,Y,Y,1,268,65991,
sample6_contig_104541,35994,7,Y,N,1,*,104541,
sample6_contig_101550,35930,4,Y,N,1,*,101550,
sample6_contig_103227,35494,6,Y,Y,2,*,103227,
sample6_contig_99389,32088,8,Y,N,1,*,99389,
sample6_contig_57023,31487,8,Y,N,1,*,57023,
sample6_contig_103732,30440,8,Y,N,1,*,103732,
sample6_contig_1406,29975,9,Y,N,2,*,1406,
sample6_contig_103851,27092,3,Y,Y,1,*,103851,
sample6_contig_101192,26753,4,Y,Y,1,328,101192,
sample6_contig_57154,26691,3,Y,Y,1,244,57154,
sample6_contig_104522,25574,4,Y,Y,1,*,104522,
sample6_contig_104435,23531,15,Y,N,2,*,104435,
sample6_contig_7059,20046,11,Y,N,1,*,7059,
sample6_contig_100115,18260,3,Y,Y,1,314,100115,
sample6_contig_24853,18206,4,Y,Y,1,124,24853,
sample6_contig_100361,18175,8,Y,N,1,*,100361,
sample6_contig_57300,18043,9,Y,Y,1,248,57300,
sample6_contig_99508,17697,6,Y,Y,1,308,99508,
sample6_contig_29544,17547,8,Y,Y,2,166,29544,
sample6_contig_7152,16976,3,Y,Y,1,34,7152,
sample6_contig_103460,16896,4,Y,N,1,*,103460,
sample6_contig_8642,16371,3,Y,Y,1,40,8642,
sample6_contig_11002,15044,4,Y,Y,1,54,11002,
sample6_contig_33825,14060,11,Y,N,2,*,33825,
sample6_contig_17640,13305,3,Y,Y,1,86,17640,
sample6_contig_1409,12757,4,Y,Y,1,8,1409,
sample6_contig_100621,11903,4,Y,Y,1,5088,100621,
sample6_contig_41468,11652,3,Y,Y,1,212,41468,
sample6_contig_67178,11639,8,Y,N,1,*,67178,
sample6_contig_49030,10945,11,Y,Y,2,5832,49030,
sample6_contig_64963,10563,4,Y,Y,1,4422,64963,
sample6_contig_43030,10550,4,Y,Y,1,4820,43030,
sample6_contig_16610,10463,33,Y,N,5,*,16610,
sample6_contig_67595,10387,5,Y,Y,1,272,67595,
sample6_contig_26169,10263,6,Y,Y,1,132,26169,
sample6_contig_33870,9915,32,Y,Y,6,4460,33870,
sample6_contig_103969,9877,13,Y,N,2,*,103969,
sample6_contig_103658,9831,3,Y,Y,1,354,103658,
sample6_contig_102406,9671,12,Y,Y,2,346,102406,
sample6_contig_32135,9116,26,Y,Y,4,4450,32135,
sample6_contig_23385,9054,3,Y,Y,1,116,23385,
sample6_contig_70048,8881,3,Y,Y,1,*,70048,
sample6_contig_103653,8772,4,Y,N,1,*,103653,
sample6_contig_26580,8772,9,Y,Y,1,138,26580,
sample6_contig_6221,8556,4,Y,Y,1,4590,6221,
sample6_contig_14874,8353,4,Y,Y,1,4958,14874,
sample6_contig_12101,8027,13,Y,Y,1,4840,12101,
sample6_contig_101789,7972,10,Y,N,1,*,101789,
sample6_contig_101749,7899,3,Y,Y,1,4458,101749,
sample6_contig_54610,7755,11,Y,Y,1,6020,54610,
sample6_contig_9875,7736,9,Y,Y,1,46,9875,
sample6_contig_67458,7691,7,Y,Y,1,4698,67458,
sample6_contig_86965,7537,5,Y,Y,1,296,86965,
sample6_contig_52629,7497,9,Y,Y,2,5324,52629,
sample6_contig_100415,7350,12,Y,Y,1,4272,100415,
sample6_contig_39852,7263,8,Y,Y,1,5978,39852,
sample6_contig_29178,7206,11,Y,Y,1,4918,29178,
sample6_contig_19147,7120,4,Y,Y,1,94,19147,
sample6_contig_25462,7048,8,Y,Y,1,130,25462,
sample6_contig_94942,6796,7,Y,N,1,*,94942,
sample6_contig_53425,6650,4,Y,Y,1,4630,53425,
sample6_contig_55720,6453,9,Y,Y,3,4558,55720,
sample6_contig_2517,6380,13,Y,Y,2,5812,2517,
sample6_contig_79603,6351,28,Y,N,5,*,79603,
sample6_contig_103020,6318,4,Y,N,1,*,103020,
sample6_contig_39381,6318,9,Y,N,1,*,39381,
sample6_contig_9545,6313,5,Y,Y,1,44,9545,
sample6_contig_13134,6253,24,Y,N,4,*,13134,
sample6_contig_102686,6156,3,Y,Y,1,*,102686,
sample6_contig_21,5694,4,Y,Y,1,4276,21,
sample6_contig_535,5636,3,Y,Y,1,4,535,
sample6_contig_104362,5363,5,Y,N,1,*,104362,
sample6_contig_76430,4949,12,Y,Y,1,*,76430,
sample6_contig_1335,4896,6,Y,Y,1,6,1335,
sample6_contig_89092,4572,15,Y,Y,3,*,89092,
sample6_contig_99632,4370,12,Y,Y,1,*,99632,
sample6_contig_95882,4348,19,Y,Y,3,*,95882,
sample6_contig_26156,4266,20,Y,Y,3,*,26156,
sample6_contig_79013,4152,6,Y,Y,1,*,79013,
sample6_contig_104055,4104,4,Y,Y,1,*,104055,
sample6_contig_103448,3911,8,Y,Y,1,*,103448,
sample6_contig_70643,3642,9,Y,Y,1,*,70643,
sample6_contig_76246,3556,6,Y,Y,1,*,76246,
sample6_contig_103183,2571,3,Y,Y,1,5510,103183,
sample6_contig_11155,610,4,Y,Y,1,56,11155,
sample6_contig_15089,572,6,Y,Y,1,4952,15089,
sample6_contig_29657,535,11,Y,Y,2,5362,29657,
sample6_contig_27615,513,4,Y,Y,1,5936,27615,
sample6_contig_12025,498,11,Y,Y,2,4834,12025,
sample7_contig_98372,175425,13,Y,N,2,*,98372,
sample7_contig_100003,173044,7,Y,N,1,*,100003,
sample7_contig_101694,130224,15,Y,N,2,*,101694,
sample7_contig_100991,118481,14,Y,N,2,*,100991,
sample7_contig_96205,95106,12,Y,N,2,*,96205,
sample7_contig_100061,94516,5,Y,N,1,*,100061,
sample7_contig_34761,91403,9,Y,N,1,*,34761,
sample7_contig_100657,75584,129,Y,N,21,*,100657,
sample7_contig_101594,73761,5,Y,N,1,*,101594,
sample7_contig_98580,72747,5,Y,N,1,*,98580,
sample7_contig_97292,70762,22,Y,N,3,*,97292,
sample7_contig_95803,69785,17,Y,N,3,*,95803,
sample7_contig_100971,67015,114,Y,N,18,*,100971,
sample7_contig_101684,66121,3,Y,N,1,*,101684,
sample7_contig_100556,65742,5,Y,N,1,*,100556,
sample7_contig_99345,60550,15,Y,N,2,*,99345,
sample7_contig_101500,58816,7,Y,N,1,*,101500,
sample7_contig_18411,53607,13,Y,N,2,*,18411,
sample7_contig_47159,53137,8,Y,N,1,*,47159,
sample7_contig_101476,52571,8,Y,N,1,*,101476,
sample7_contig_101232,51206,53,Y,N,8,*,101232,
sample7_contig_101489,51188,8,Y,N,1,*,101489,
sample7_contig_96304,49704,66,Y,N,10,*,96304,
sample7_contig_99773,49154,29,Y,N,5,*,99773,
sample7_contig_101686,48851,4,Y,N,1,*,101686,
sample7_contig_100702,48340,8,Y,N,1,*,100702,
sample7_contig_100242,48278,41,Y,N,6,*,100242,
sample7_contig_95840,48042,9,Y,N,1,*,95840,
sample7_contig_99440,47961,10,Y,N,1,*,99440,
sample7_contig_95829,46945,5,Y,Y,1,474,95829,
sample7_contig_101556,46508,12,Y,N,1,*,101556,
sample7_contig_101697,46185,29,Y,N,5,*,101697,
sample7_contig_101200,46016,14,Y,N,1,*,101200,
sample7_contig_101592,45929,6,Y,N,1,*,101592,
sample7_contig_101563,45784,10,Y,N,1,*,101563,
sample7_contig_101480,45737,13,Y,N,2,*,101480,
sample7_contig_101539,45581,17,Y,N,2,*,101539,
sample7_contig_101665,45335,8,Y,N,1,*,101665,
sample7_contig_101655,43768,14,Y,N,2,*,101655,
sample7_contig_24900,42840,17,Y,N,3,*,24900,
sample7_contig_101695,42538,4,Y,N,1,*,101695,
sample7_contig_97436,41997,10,Y,Y,1,504,97436,
sample7_contig_101179,41887,3,Y,N,1,*,101179,
sample7_contig_101561,41764,9,Y,N,1,*,101561,
sample7_contig_3446,41526,11,Y,N,2,*,3446,
sample7_contig_24901,41307,8,Y,N,1,*,24901,
sample7_contig_80097,40506,12,Y,N,2,*,80097,
sample7_contig_101475,40302,9,Y,N,1,*,101475,
sample7_contig_101499,39139,8,Y,N,1,*,101499,
sample7_contig_101616,37930,5,Y,N,1,*,101616,
sample7_contig_49709,37418,3,Y,Y,1,334,49709,
sample7_contig_22929,37101,5,Y,Y,1,194,22929,
sample7_contig_66296,35780,3,Y,Y,1,388,66296,
sample7_contig_101625,35237,7,Y,N,1,*,101625,
sample7_contig_9134,35120,18,Y,Y,3,92,9134,
sample7_contig_96334,34320,11,Y,N,2,*,96334,
sample7_contig_39209,31661,14,Y,N,2,*,39209,
sample7_contig_101533,31140,6,Y,N,1,*,101533,
sample7_contig_10305,31056,4,Y,Y,1,*,10305,
sample7_contig_101513,30670,4,Y,N,1,*,101513,
sample7_contig_76112,27947,3,Y,Y,1,418,76112,
sample7_contig_101596,27909,7,Y,N,1,*,101596,
sample7_contig_28435,25838,3,Y,Y,1,216,28435,
sample7_contig_101575,25542,4,Y,N,1,*,101575,
sample7_contig_101599,25144,4,Y,N,1,*,101599,
sample7_contig_21554,24245,5,Y,Y,1,184,21554,
sample7_contig_8815,24203,13,Y,Y,1,78,8815,
sample7_contig_99717,23771,13,Y,Y,2,544,99717,
sample7_contig_49435,23557,11,Y,N,1,*,49435,
sample7_contig_99840,23440,3,Y,Y,1,*,99840,
sample7_contig_12812,22046,5,Y,Y,1,124,12812,
sample7_contig_100811,21983,7,Y,Y,2,*,100811,
sample7_contig_8981,21911,8,Y,Y,1,80,8981,
sample7_contig_98480,21613,4,Y,Y,1,526,98480,
sample7_contig_43539,21063,5,Y,Y,1,302,43539,
sample7_contig_97398,19468,16,Y,Y,2,502,97398,
sample7_contig_1795,19360,7,Y,N,1,*,1795,
sample7_contig_101059,18889,4,Y,Y,1,556,101059,
sample7_contig_5830,18796,3,Y,Y,1,54,5830,
sample7_contig_65654,18664,5,Y,Y,1,*,65654,
sample7_contig_29288,18575,3,Y,Y,1,222,29288,
sample7_contig_15613,18214,17,Y,N,1,*,15613,
sample7_contig_101685,17341,4,Y,N,1,*,101685,
sample7_contig_31063,17297,6,Y,Y,1,8008,31063,
sample7_contig_101698,17145,8,Y,N,1,*,101698,
sample7_contig_59728,16843,18,Y,Y,2,362,59728,
sample7_contig_46133,16620,3,Y,N,1,*,46133,
sample7_contig_100108,16539,10,Y,N,1,*,100108,
sample7_contig_12355,16428,3,Y,Y,1,120,12355,
sample7_contig_62672,15590,3,Y,Y,1,372,62672,
sample7_contig_101696,15197,5,Y,N,1,*,101696,
sample7_contig_1958,15195,6,Y,Y,6,24,1958,
sample7_contig_3358,14574,8,Y,Y,1,38,3358,
sample7_contig_41059,14545,11,Y,Y,1,286,41059,
sample7_contig_3965,14410,6,Y,Y,1,46,3965,
sample7_contig_35316,14374,7,Y,Y,1,248,35316,
sample7_contig_9107,14352,17,Y,Y,2,6226,9107,
sample7_contig_39125,14312,5,Y,Y,1,278,39125,
sample7_contig_38713,14124,6,Y,Y,1,272,38713,
sample7_contig_27891,14006,6,Y,N,1,*,27891,
sample7_contig_37946,13167,6,Y,Y,1,266,37946,
sample7_contig_22403,13152,14,Y,Y,2,8928,22403,
sample7_contig_30891,13019,4,Y,Y,1,6348,30891,
sample7_contig_6333,12848,10,Y,Y,1,5980,6333,
sample7_contig_11822,12795,7,Y,Y,1,114,11822,
sample7_contig_10106,12610,4,Y,Y,1,96,10106,
sample7_contig_70159,12605,3,Y,Y,1,400,70159,
sample7_contig_13358,12512,5,Y,Y,1,130,13358,
sample7_contig_20487,12302,3,Y,Y,1,172,20487,
sample7_contig_73040,11693,3,Y,Y,1,408,73040,
sample7_contig_18918,11404,9,Y,Y,1,164,18918,
sample7_contig_33400,11237,22,Y,Y,3,7176,33400,
sample7_contig_40292,11235,3,Y,Y,1,284,40292,
sample7_contig_42198,10788,14,Y,Y,3,5630,42198,
sample7_contig_4868,10672,16,Y,Y,2,5976,4868,
sample7_contig_20398,10504,4,Y,Y,1,170,20398,
sample7_contig_20717,9970,5,Y,Y,1,174,20717,
sample7_contig_99364,9813,21,Y,Y,3,6496,99364,
sample7_contig_31085,9788,7,Y,Y,1,234,31085,
sample7_contig_9617,9755,5,Y,Y,1,6272,9617,
sample7_contig_9090,9495,6,Y,Y,1,6224,9090,
sample7_contig_49751,9477,7,Y,Y,1,6048,49751,
sample7_contig_41138,9373,3,Y,Y,1,288,41138,
sample7_contig_99768,9331,3,Y,Y,1,546,99768,
sample7_contig_70527,9035,8,Y,Y,2,*,70527,
sample7_contig_96449,8952,5,Y,Y,1,6398,96449,
sample7_contig_63476,8828,5,Y,Y,1,374,63476,
sample7_contig_4479,8640,3,Y,Y,1,48,4479,
sample7_contig_16699,8256,7,Y,Y,1,7374,16699,
sample7_contig_1042,8176,4,Y,Y,1,10,1042,
sample7_contig_85298,8150,8,Y,Y,2,444,85298,
sample7_contig_95324,7949,7,Y,Y,1,5704,95324,
sample7_contig_98357,7714,3,Y,Y,1,6998,98357,
sample7_contig_37936,7661,15,Y,Y,2,5808,37936,
sample7_contig_67996,7347,5,Y,N,1,*,67996,
sample7_contig_44589,7309,5,Y,Y,1,5872,44589,
sample7_contig_22576,7278,13,Y,Y,1,6874,22576,
sample7_contig_6550,7239,3,Y,Y,1,58,6550,
sample7_contig_99651,7214,10,Y,N,1,*,99651,
sample7_contig_87232,6841,7,Y,Y,1,8112,87232,
sample7_contig_99368,6796,10,Y,N,2,*,99368,
sample7_contig_49145,6287,3,Y,Y,1,6268,49145,
sample7_contig_100360,6142,398,Y,N,65,*,100360,
sample7_contig_48043,5661,7,Y,Y,1,6214,48043,
sample7_contig_87354,5386,3,Y,Y,1,450,87354,
sample7_contig_100923,5384,20,Y,N,2,*,100923,
sample7_contig_97938,5367,29,Y,Y,5,6952,97938,
sample7_contig_20979,4614,9,Y,Y,1,6818,20979,
sample7_contig_98209,4523,3,Y,Y,1,5890,98209,
sample7_contig_21054,4442,3,Y,Y,1,6824,21054,
sample7_contig_50994,4315,5,Y,Y,1,*,50994,
sample7_contig_31359,4096,16,Y,Y,3,*,31359,
sample7_contig_96084,3988,16,Y,Y,2,*,96084,
sample7_contig_37740,3840,7,Y,Y,1,*,37740,
sample7_contig_1919,3562,7,Y,Y,1,5742,1919,
sample7_contig_101295,3494,3,Y,Y,1,7708,101295,
sample7_contig_95596,2046,3,Y,Y,1,5914,95596,
sample7_contig_98646,1813,4,Y,Y,1,7156,98646,
sample7_contig_381,871,5,Y,Y,1,6596,381,
sample7_contig_3803,685,7,Y,Y,1,7792,3803,
sample7_contig_30917,591,28,Y,Y,4,232,30917,
sample7_contig_7415,565,15,Y,Y,2,*,7415,
sample7_contig_9115,559,6,Y,Y,1,6228,9115,
sample7_contig_2849,252,3,Y,Y,1,5842,2849,
sample8_contig_119568,235637,6,Y,N,1,*,119568,
sample8_contig_117893,144327,13,Y,N,2,*,117893,
sample8_contig_116356,141445,24,Y,N,4,*,116356,
sample8_contig_112350,109219,11,Y,N,2,*,112350,
sample8_contig_32978,105399,9,Y,N,1,*,32978,
sample8_contig_23130,102714,14,Y,N,2,*,23130,
sample8_contig_119905,102589,13,Y,N,2,*,119905,
sample8_contig_120251,94387,33,Y,N,6,*,120251,
sample8_contig_120212,83737,6,Y,N,1,*,120212,
sample8_contig_119115,75545,18,Y,N,3,*,119115,
sample8_contig_119926,68086,14,Y,N,2,*,119926,
sample8_contig_112715,67388,11,Y,N,2,*,112715,
sample8_contig_120142,66208,6,Y,N,1,*,120142,
sample8_contig_113138,65583,7,Y,N,1,*,113138,
sample8_contig_39448,65317,20,Y,N,3,*,39448,
sample8_contig_120070,64362,11,Y,N,2,*,120070,
sample8_contig_120255,63726,17,Y,N,3,*,120255,
sample8_contig_119189,63049,13,Y,N,2,*,119189,
sample8_contig_120250,62819,6,Y,N,1,*,120250,
sample8_contig_115424,62261,5,Y,N,1,*,115424,
sample8_contig_115849,61523,10,Y,N,1,*,115849,
sample8_contig_41674,57338,5,Y,N,1,*,41674,
sample8_contig_119415,55582,4,Y,N,1,*,119415,
sample8_contig_72435,55580,6,Y,N,1,*,72435,
sample8_contig_120258,54571,9,Y,N,1,*,120258,
sample8_contig_118221,53960,4,Y,N,1,*,118221,
sample8_contig_113656,52758,7,Y,N,1,*,113656,
sample8_contig_119996,51105,30,Y,N,5,*,119996,
sample8_contig_120147,50413,4,Y,N,1,*,120147,
sample8_contig_115222,49382,9,Y,N,2,*,115222,
sample8_contig_120190,49207,10,Y,N,1,*,120190,
sample8_contig_120254,49135,3,Y,N,1,*,120254,
sample8_contig_109450,48389,5,Y,N,1,*,109450,
sample8_contig_117391,48375,6,Y,N,1,*,117391,
sample8_contig_86277,48196,10,Y,N,2,*,86277,
sample8_contig_113197,47933,8,Y,N,1,*,113197,
sample8_contig_114148,47849,7,Y,N,1,*,114148,
sample8_contig_73170,47611,5,Y,N,1,*,73170,
sample8_contig_99251,47496,9,Y,N,1,*,99251,
sample8_contig_119971,47247,19,Y,N,3,*,119971,
sample8_contig_120191,47101,4,Y,N,1,*,120191,
sample8_contig_115994,46748,13,Y,N,2,*,115994,
sample8_contig_120071,46721,8,Y,N,1,*,120071,
sample8_contig_43193,46717,18,Y,N,3,*,43193,
sample8_contig_118913,46560,7,Y,N,1,*,118913,
sample8_contig_114355,46348,9,Y,N,2,*,114355,
sample8_contig_119693,46250,27,Y,N,5,*,119693,
sample8_contig_113069,45921,111,Y,N,21,*,113069,
sample8_contig_40366,45920,9,Y,N,1,*,40366,
sample8_contig_117131,45897,16,Y,N,3,*,117131,
sample8_contig_26623,45316,8,Y,N,1,*,26623,
sample8_contig_120075,44491,10,Y,N,2,*,120075,
sample8_contig_120184,44335,4,Y,N,1,*,120184,
sample8_contig_116315,43843,3,Y,N,1,*,116315,
sample8_contig_118677,43553,10,Y,N,2,*,118677,
sample8_contig_37366,43517,5,Y,Y,1,356,37366,
sample8_contig_120101,43406,9,Y,N,2,*,120101,
sample8_contig_120260,43269,11,Y,N,2,*,120260,
sample8_contig_119811,43242,11,Y,N,2,*,119811,
sample8_contig_119871,43179,9,Y,N,1,*,119871,
sample8_contig_17907,42918,29,Y,N,5,*,17907,
sample8_contig_119616,42867,10,Y,N,1,*,119616,
sample8_contig_119464,42674,24,Y,N,4,*,119464,
sample8_contig_117709,41948,20,Y,N,3,*,117709,
sample8_contig_4746,41812,5,Y,N,1,*,4746,
sample8_contig_119821,41731,14,Y,N,3,*,119821,
sample8_contig_112575,41398,5,Y,N,1,*,112575,
sample8_contig_120197,41231,4,Y,N,1,*,120197,
sample8_contig_114408,41158,6,Y,Y,1,694,114408,
sample8_contig_115905,41051,7,Y,N,1,*,115905,
sample8_contig_120259,41014,9,Y,N,1,*,120259,
sample8_contig_73888,40337,4,Y,Y,1,562,73888,
sample8_contig_120106,40282,32,Y,N,6,*,120106,
sample8_contig_120192,39982,4,Y,N,1,*,120192,
sample8_contig_66180,39974,8,Y,N,1,*,66180,
sample8_contig_118205,39565,7,Y,N,1,*,118205,
sample8_contig_117363,39548,9,Y,N,2,*,117363,
sample8_contig_120248,38537,29,Y,N,5,*,120248,
sample8_contig_113707,38360,15,Y,N,2,*,113707,
sample8_contig_120253,38311,9,Y,N,1,*,120253,
sample8_contig_113967,38014,6,Y,N,1,*,113967,
sample8_contig_7049,37426,4,Y,Y,1,64,7049,
sample8_contig_93620,37242,4,Y,N,1,*,93620,
sample8_contig_65727,36747,16,Y,N,2,*,65727,
sample8_contig_116892,36379,23,Y,N,4,*,116892,
sample8_contig_120124,36231,10,Y,N,2,*,120124,
sample8_contig_117550,34315,8,Y,N,1,*,117550,
sample8_contig_62783,34247,18,Y,N,3,*,62783,
sample8_contig_120252,34103,15,Y,N,3,*,120252,
sample8_contig_4185,33937,3,Y,Y,1,*,4185,
sample8_contig_113729,33725,17,Y,N,3,*,113729,
sample8_contig_19404,33635,8,Y,Y,1,200,19404,
sample8_contig_120137,33178,8,Y,N,1,*,120137,
sample8_contig_27525,31245,4,Y,Y,1,276,27525,
sample8_contig_43690,29845,4,Y,Y,2,410,43690,
sample8_contig_52192,29577,13,Y,N,2,*,52192,
sample8_contig_58717,29257,4,Y,Y,1,498,58717,
sample8_contig_35070,28908,21,Y,N,3,*,35070,
sample8_contig_34572,28229,7,Y,Y,1,328,34572,
sample8_contig_62411,27712,3,Y,Y,1,520,62411,
sample8_contig_115437,27620,4,Y,Y,1,*,115437,
sample8_contig_112102,27165,6,Y,N,1,*,112102,
sample8_contig_9453,26811,11,Y,Y,2,90,9453,
sample8_contig_120263,25919,12,Y,N,2,*,120263,
sample8_contig_47098,25877,3,Y,Y,1,426,47098,
sample8_contig_37973,25859,15,Y,Y,3,360,37973,
sample8_contig_98849,25424,5,Y,Y,1,640,98849,
sample8_contig_114174,25245,6,Y,N,1,*,114174,
sample8_contig_120235,25185,4,Y,N,1,*,120235,
sample8_contig_33306,24854,6,Y,N,1,*,33306,
sample8_contig_95866,23225,6,Y,Y,1,628,95866,
sample8_contig_33431,23186,5,Y,Y,1,318,33431,
sample8_contig_120207,21694,6,Y,N,1,*,120207,
sample8_contig_35927,21332,17,Y,N,3,*,35927,
sample8_contig_119895,21022,5,Y,N,1,*,119895,
sample8_contig_42875,20846,5,Y,Y,1,394,42875,
sample8_contig_54822,20036,3,Y,Y,1,478,54822,
sample8_contig_119585,19805,8,Y,N,1,*,119585,
sample8_contig_5194,19745,3,Y,Y,1,48,5194,
sample8_contig_18495,19734,16,Y,Y,2,8908,18495,
sample8_contig_20127,19505,3,Y,Y,1,214,20127,
sample8_contig_44260,19441,4,Y,Y,1,416,44260,
sample8_contig_58413,19114,4,Y,Y,1,494,58413,
sample8_contig_15587,18789,7,Y,Y,1,8508,15587,
sample8_contig_118863,18436,4,Y,N,1,*,118863,
sample8_contig_119000,18412,5,Y,N,1,*,119000,
sample8_contig_120244,17745,6,Y,N,1,*,120244,
sample8_contig_99053,17373,4,Y,Y,1,642,99053,
sample8_contig_120227,17271,6,Y,N,1,*,120227,
sample8_contig_35827,17128,3,Y,Y,1,342,35827,
sample8_contig_89675,17097,3,Y,Y,1,606,89675,
sample8_contig_116199,16630,11,Y,N,2,*,116199,
sample8_contig_59447,16595,8,Y,Y,1,508,59447,
sample8_contig_116610,16405,13,Y,Y,4,*,116610,
sample8_contig_36780,16392,3,Y,Y,1,352,36780,
sample8_contig_18433,16178,22,Y,Y,3,178,18433,
sample8_contig_45303,15938,12,Y,N,1,*,45303,
sample8_contig_44519,15858,3,Y,Y,1,418,44519,
sample8_contig_117040,15662,3,Y,Y,1,732,117040,
sample8_contig_3649,15538,6,Y,Y,1,34,3649,
sample8_contig_74021,15433,4,Y,N,1,*,74021,
sample8_contig_23624,15418,15,Y,Y,5,240,23624,
sample8_contig_21206,15387,7,Y,Y,1,222,21206,
sample8_contig_13391,14794,3,Y,Y,1,118,13391,
sample8_contig_29833,14773,3,Y,Y,1,292,29833,
sample8_contig_95541,14711,14,Y,N,3,*,95541,
sample8_contig_38859,14370,4,Y,Y,1,366,38859,
sample8_contig_20229,13817,3,Y,Y,1,9016,20229,
sample8_contig_50581,13699,16,Y,Y,2,458,50581,
sample8_contig_39518,13322,9,Y,Y,1,368,39518,
sample8_contig_85511,12809,5,Y,Y,1,11328,85511,
sample8_contig_117107,12672,3,Y,Y,1,736,117107,
sample8_contig_65041,12647,3,Y,Y,1,530,65041,
sample8_contig_8797,12646,14,Y,Y,2,78,8797,
sample8_contig_15181,12643,6,Y,Y,1,8308,15181,
sample8_contig_117109,12576,3,Y,Y,1,738,117109,
sample8_contig_5829,12420,14,Y,Y,3,52,5829,
sample8_contig_115488,11942,14,Y,Y,3,714,115488,
sample8_contig_17979,11554,3,Y,Y,1,*,17979,
sample8_contig_117119,11350,4,Y,Y,1,740,117119,
sample8_contig_81226,11266,4,Y,Y,1,584,81226,
sample8_contig_19649,11061,8,Y,Y,1,12456,19649,
sample8_contig_23054,11035,11,Y,N,2,*,23054,
sample8_contig_24331,10989,6,Y,Y,3,246,24331,
sample8_contig_18421,10943,24,Y,Y,4,10722,18421,
sample8_contig_4457,10697,5,Y,Y,1,42,4457,
sample8_contig_117675,10436,11,Y,N,1,*,117675,
sample8_contig_119896,10425,53,Y,N,8,*,119896,
sample8_contig_119587,10304,5,Y,Y,1,*,119587,
sample8_contig_18427,10275,10,Y,Y,1,176,18427,
sample8_contig_32121,10272,7,Y,N,1,*,32121,
sample8_contig_107838,10236,3,Y,Y,1,10720,107838,
sample8_contig_116206,10148,28,Y,N,5,*,116206,
sample8_contig_119945,10032,13,Y,N,2,*,119945,
sample8_contig_119062,10000,10,Y,Y,2,762,119062,
sample8_contig_65852,9775,3,Y,Y,1,532,65852,
sample8_contig_120211,9768,7,Y,N,1,*,120211,
sample8_contig_39110,9756,5,Y,Y,1,8080,39110,
sample8_contig_104432,9669,3,Y,Y,1,9460,104432,
sample8_contig_18497,9500,11,Y,Y,2,184,18497,
sample8_contig_43221,9482,3,Y,Y,1,396,43221,
sample8_contig_17863,9461,21,Y,Y,3,8844,17863,
sample8_contig_25079,9406,12,Y,Y,1,*,25079,
sample8_contig_57954,9403,7,Y,Y,1,8264,57954,
sample8_contig_76791,9146,3,Y,Y,1,7672,76791,
sample8_contig_51478,9032,4,Y,Y,1,466,51478,
sample8_contig_2029,8878,6,Y,Y,1,20,2029,
sample8_contig_46623,8799,13,Y,Y,2,13936,46623,
sample8_contig_72625,8774,4,Y,N,1,*,72625,
sample8_contig_31138,8694,3,Y,Y,1,10542,31138,
sample8_contig_22988,8629,12,Y,Y,2,9154,22988,
sample8_contig_57376,8450,4,Y,Y,1,*,57376,
sample8_contig_119242,8415,6,Y,N,1,*,119242,
sample8_contig_73696,8409,3,Y,Y,1,8052,73696,
sample8_contig_10349,8182,9,Y,Y,2,*,10349,
sample8_contig_21288,8137,3,Y,N,1,*,21288,
sample8_contig_16481,8125,3,Y,Y,1,10780,16481,
sample8_contig_87819,7963,17,Y,Y,3,10086,87819,
sample8_contig_84695,7884,15,Y,Y,2,11168,84695,
sample8_contig_118108,7873,8,Y,N,1,*,118108,
sample8_contig_14224,7856,3,Y,Y,1,124,14224,
sample8_contig_86923,7800,6,Y,N,1,*,86923,
sample8_contig_93260,7745,104,Y,N,20,*,93260,
sample8_contig_18507,7720,16,Y,Y,3,8846,18507,
sample8_contig_78094,7633,4,Y,Y,1,10580,78094,
sample8_contig_64372,7585,16,Y,Y,5,*,64372,
sample8_contig_50456,7502,6,Y,N,1,*,50456,
sample8_contig_6496,7439,3,Y,Y,1,58,6496,
sample8_contig_47239,7343,8,Y,N,1,*,47239,
sample8_contig_94625,7326,4,Y,Y,1,11062,94625,
sample8_contig_95720,7275,191,Y,N,37,*,95720,
sample8_contig_31668,7218,4,Y,Y,2,306,31668,
sample8_contig_56624,7103,8,Y,Y,2,7758,56624,
sample8_contig_44401,7033,6,Y,Y,1,8626,44401,
sample8_contig_97486,6972,3,Y,Y,1,11188,97486,
sample8_contig_83523,6655,3,Y,Y,1,7942,83523,
sample8_contig_91512,6632,3,Y,Y,1,11076,91512,
sample8_contig_78877,6584,5,Y,Y,1,8734,78877,
sample8_contig_38720,6569,3,Y,Y,1,11024,38720,
sample8_contig_19235,6471,3,Y,Y,1,198,19235,
sample8_contig_112510,6374,5,Y,Y,1,7734,112510,
sample8_contig_16384,6004,3,Y,Y,1,9144,16384,
sample8_contig_119516,5581,11,Y,N,2,*,119516,
sample8_contig_100460,5075,11,Y,N,2,*,100460,
sample8_contig_112616,4842,3,Y,Y,1,9290,112616,
sample8_contig_118161,4732,8,Y,Y,1,*,118161,
sample8_contig_16467,4647,6,Y,Y,1,8738,16467,
sample8_contig_107981,4618,16,Y,Y,2,*,107981,
sample8_contig_115479,4498,5,Y,Y,2,8156,115479,
sample8_contig_18513,4463,3,Y,Y,1,8102,18513,
sample8_contig_22467,4282,9,Y,Y,3,230,22467,
sample8_contig_115184,4237,3,Y,Y,1,9380,115184,
sample8_contig_10060,3865,6,Y,Y,1,8336,10060,
sample8_contig_115381,3840,16,Y,Y,2,*,115381,
sample8_contig_60703,3696,5,Y,Y,1,*,60703,
sample8_contig_118042,3595,3,Y,Y,1,8484,118042,
sample8_contig_51455,3406,4,Y,Y,1,11094,51455,
sample8_contig_12134,2780,3,Y,Y,1,8504,12134,
sample8_contig_99009,2705,18,Y,Y,3,*,99009,
sample8_contig_77683,2639,14,Y,Y,2,*,77683,
sample8_contig_59065,2265,3,Y,Y,1,10348,59065,
sample8_contig_36387,2217,11,Y,Y,2,9444,36387,
sample8_contig_21894,2088,3,Y,Y,1,8764,21894,
sample8_contig_120156,2037,25,Y,Y,4,*,120156,
sample8_contig_18410,2034,43,Y,Y,8,10772,18410,
sample8_contig_4124,1902,10,Y,Y,1,10762,4124,
sample8_contig_72013,1406,4,Y,Y,1,10522,72013,
sample8_contig_15552,1341,5,Y,Y,1,8578,15552,
sample8_contig_4563,1119,14,Y,Y,2,10814,4563,
sample8_contig_5584,837,24,Y,Y,4,50,5584,
sample8_contig_27009,795,4,Y,Y,1,9368,27009,
sample8_contig_1652,793,4,Y,Y,1,*,1652,
sample8_contig_33115,751,5,Y,Y,1,8278,33115,
sample8_contig_14916,722,6,Y,Y,1,8674,14916,
sample8_contig_10444,694,10,Y,Y,1,8368,10444,
sample8_contig_9471,672,6,Y,Y,1,10808,9471,
sample8_contig_5337,657,11,Y,Y,2,10776,5337,
sample8_contig_39546,653,3,Y,Y,1,372,39546,
sample8_contig_3992,644,6,Y,Y,1,8360,3992,
sample8_contig_17032,637,6,Y,Y,1,160,17032,
sample8_contig_8539,563,4,Y,Y,1,*,8539,
sample8_contig_17556,525,19,Y,Y,3,10884,17556,
sample8_contig_18438,506,17,Y,Y,3,180,18438,
sample8_contig_7509,466,6,Y,Y,1,*,7509,
sample8_contig_47310,294,6,Y,Y,1,*,47310,
sample9_contig_86715,272224,11,Y,N,1,*,86715,
sample9_contig_19423,88506,8,Y,N,1,*,19423,
sample9_contig_44783,73789,19,Y,N,3,*,44783,
sample9_contig_88126,72585,33,Y,N,5,*,88126,
sample9_contig_87456,72481,14,Y,N,2,*,87456,
sample9_contig_89741,71569,17,Y,N,2,*,89741,
sample9_contig_7829,70650,28,Y,N,5,*,7829,
sample9_contig_86998,68588,16,Y,N,3,*,86998,
sample9_contig_89621,67998,4,Y,N,1,*,89621,
sample9_contig_86023,66717,6,Y,N,1,*,86023,
sample9_contig_84836,66063,99,Y,N,18,*,84836,
sample9_contig_88454,66041,34,Y,N,6,*,88454,
sample9_contig_86827,64393,9,Y,N,1,*,86827,
sample9_contig_17925,57934,10,Y,N,1,*,17925,
sample9_contig_85113,57572,7,Y,N,1,*,85113,
sample9_contig_89226,54978,40,Y,N,8,*,89226,
sample9_contig_89579,51450,5,Y,N,1,*,89579,
sample9_contig_88976,49398,33,Y,N,6,*,88976,
sample9_contig_89709,48560,12,Y,N,1,*,89709,
sample9_contig_89695,46517,8,Y,N,1,*,89695,
sample9_contig_89330,46261,8,Y,N,1,*,89330,
sample9_contig_85924,46185,4,Y,N,1,*,85924,
sample9_contig_4632,46148,107,Y,N,21,*,4632,
sample9_contig_36267,46075,162,Y,N,32,*,36267,
sample9_contig_86960,45932,15,Y,N,2,*,86960,
sample9_contig_63619,45864,25,Y,N,5,*,63619,
sample9_contig_87580,45821,16,Y,N,3,*,87580,
sample9_contig_8984,44978,18,Y,N,3,*,8984,
sample9_contig_89737,44822,33,Y,N,6,*,89737,
sample9_contig_89438,44705,8,Y,N,1,*,89438,
sample9_contig_89647,43423,15,Y,N,3,*,89647,
sample9_contig_89562,43337,5,Y,N,1,*,89562,
sample9_contig_85790,43229,10,Y,N,2,*,85790,
sample9_contig_23765,42864,5,Y,Y,1,94,23765,
sample9_contig_87971,42108,17,Y,N,2,*,87971,
sample9_contig_86181,41569,4,Y,Y,1,*,86181,
sample9_contig_85590,40319,4,Y,N,1,*,85590,
sample9_contig_88114,39382,19,Y,N,3,*,88114,
sample9_contig_85559,39251,12,Y,N,2,*,85559,
sample9_contig_89450,39040,6,Y,N,1,*,89450,
sample9_contig_85376,38730,12,Y,N,2,*,85376,
sample9_contig_89112,38494,5,Y,N,1,*,89112,
sample9_contig_88116,38294,19,Y,N,2,*,88116,
sample9_contig_14023,38114,9,Y,N,1,*,14023,
sample9_contig_88031,37669,11,Y,N,1,*,88031,
sample9_contig_9424,37604,15,Y,N,2,*,9424,
sample9_contig_88461,35342,21,Y,N,4,*,88461,
sample9_contig_86129,33018,5,Y,N,1,*,86129,
sample9_contig_80298,32686,9,Y,N,1,*,80298,
sample9_contig_12877,31369,9,Y,Y,1,60,12877,
sample9_contig_18048,31269,4,Y,Y,1,78,18048,
sample9_contig_87340,31062,34,Y,N,6,*,87340,
sample9_contig_768,29392,4,Y,Y,1,2,768,
sample9_contig_89036,28168,3,Y,Y,1,*,89036,
sample9_contig_78273,27209,3,Y,Y,1,208,78273,
sample9_contig_89444,26493,7,Y,N,1,*,89444,
sample9_contig_21439,26310,16,Y,Y,3,88,21439,
sample9_contig_28743,25007,9,Y,Y,1,110,28743,
sample9_contig_88202,24573,6,Y,Y,2,*,88202,
sample9_contig_89326,24551,3,Y,Y,1,*,89326,
sample9_contig_6835,23817,8,Y,Y,1,26,6835,
sample9_contig_66005,23448,7,Y,Y,1,184,66005,
sample9_contig_87897,22340,26,Y,N,5,*,87897,
sample9_contig_88859,22147,15,Y,N,2,*,88859,
sample9_contig_11545,22119,7,Y,Y,1,48,11545,
sample9_contig_86840,21929,5,Y,Y,1,222,86840,
sample9_contig_88766,21871,3,Y,Y,1,*,88766,
sample9_contig_84834,19908,6,Y,N,1,*,84834,
sample9_contig_86792,19716,3,Y,Y,1,220,86792,
sample9_contig_88755,18962,18,Y,N,3,*,88755,
sample9_contig_74972,16024,10,Y,Y,1,200,74972,
sample9_contig_89697,15946,3,Y,N,1,*,89697,
sample9_contig_88873,15894,6,Y,N,1,*,88873,
sample9_contig_64623,15142,4,Y,Y,1,174,64623,
sample9_contig_54591,14801,3,Y,Y,1,160,54591,
sample9_contig_88851,14340,5,Y,N,1,*,88851,
sample9_contig_31999,14210,11,Y,Y,2,126,31999,
sample9_contig_14575,14191,3,Y,Y,1,72,14575,
sample9_contig_61076,14164,17,Y,N,3,*,61076,
sample9_contig_67388,13306,4,Y,Y,1,186,67388,
sample9_contig_89168,12485,11,Y,N,1,*,89168,
sample9_contig_87262,12193,7,Y,Y,1,228,87262,
sample9_contig_12109,11739,4,Y,Y,1,3778,12109,
sample9_contig_50250,11052,5,Y,Y,1,152,50250,
sample9_contig_37865,10259,4,Y,Y,1,3460,37865,
sample9_contig_49148,10199,3,Y,Y,1,148,49148,
sample9_contig_1854,10019,4,Y,Y,1,8,1854,
sample9_contig_64903,9909,5,Y,Y,1,3574,64903,
sample9_contig_64188,9718,9,Y,Y,3,172,64188,
sample9_contig_50176,9590,11,Y,Y,1,150,50176,
sample9_contig_77981,9113,9,Y,N,1,*,77981,
sample9_contig_40398,8738,4,Y,Y,1,4230,40398,
sample9_contig_64784,8663,3,Y,Y,1,3814,64784,
sample9_contig_36276,8660,24,Y,Y,3,4372,36276,
sample9_contig_45011,7638,3,Y,Y,1,142,45011,
sample9_contig_85973,7434,3,Y,Y,1,216,85973,
sample9_contig_84962,6790,48,Y,N,9,*,84962,
sample9_contig_63549,6720,20,Y,N,4,*,63549,
sample9_contig_80342,6713,19,Y,N,3,*,80342,
sample9_contig_10619,6710,18,Y,Y,4,44,10619,
sample9_contig_15393,6553,9,Y,N,2,*,15393,
sample9_contig_89057,6236,19,Y,Y,6,*,89057,
sample9_contig_21988,6086,11,Y,N,1,*,21988,
sample9_contig_87663,5496,5,Y,Y,1,4220,87663,
sample9_contig_30094,5451,17,Y,N,2,*,30094,
sample9_contig_62769,4675,9,Y,Y,3,*,62769,
sample9_contig_5250,4503,8,Y,Y,1,*,5250,
sample9_contig_21725,4288,32,Y,Y,5,*,21725,
sample9_contig_82229,4213,12,Y,Y,2,*,82229,
sample9_contig_86885,4026,3,Y,Y,1,4150,86885,
sample9_contig_45630,3883,9,Y,Y,3,144,45630,
sample9_contig_20759,3266,7,Y,Y,1,3824,20759,
sample9_contig_85658,2502,3,Y,Y,1,4472,85658,
sample9_contig_87646,2461,14,Y,Y,3,3510,87646,
sample9_contig_12351,2374,3,Y,Y,1,3786,12351,
sample9_contig_45576,1617,3,Y,Y,1,*,45576,
sample9_contig_14013,1340,4,Y,Y,1,3534,14013,
sample9_contig_10584,581,4,Y,Y,1,3736,10584,
sample9_contig_31406,395,4,Y,Y,1,3900,31406,
snj01_contig_4770,237644,25,Y,N,5,*,4770,
snj01_contig_55069,156482,9,Y,N,2,*,55069,
snj01_contig_73757,129332,5,Y,N,1,*,73757,
snj01_contig_81,79846,18,Y,N,4,*,81,
snj01_contig_73405,68611,8,Y,N,2,*,73405,
snj01_contig_73714,67946,12,Y,N,2,*,73714,
snj01_contig_49542,62006,6,Y,N,1,*,49542,
snj01_contig_70991,60260,20,Y,N,5,*,70991,
snj01_contig_61750,59333,11,Y,N,2,*,61750,
snj01_contig_73231,59010,4,Y,N,1,*,73231,
snj01_contig_33919,54349,10,Y,N,2,*,33919,
snj01_contig_73648,53143,3,Y,N,1,*,73648,
snj01_contig_73432,48943,8,Y,N,2,*,73432,
snj01_contig_73387,47793,7,Y,N,1,*,73387,
snj01_contig_73471,47413,6,Y,N,1,*,73471,
snj01_contig_71892,46406,15,Y,N,3,*,71892,
snj01_contig_73680,46273,3,Y,Y,1,*,73680,
snj01_contig_73761,46199,5,Y,N,1,*,73761,
snj01_contig_73181,44428,12,Y,N,3,*,73181,
snj01_contig_72687,41836,18,Y,N,4,*,72687,
snj01_contig_72626,41211,10,Y,N,2,*,72626,
snj01_contig_73700,41046,9,Y,N,2,*,73700,
snj01_contig_73685,40623,7,Y,N,1,*,73685,
snj01_contig_72347,39866,34,Y,N,8,*,72347,
snj01_contig_73716,39372,5,Y,N,1,*,73716,
snj01_contig_73808,39032,5,Y,N,1,*,73808,
snj01_contig_72353,37728,5,Y,N,1,*,72353,
snj01_contig_71420,36928,4,Y,Y,1,120,71420,
snj01_contig_73798,34921,10,Y,N,2,*,73798,
snj01_contig_72096,33617,4,Y,Y,1,*,72096,
snj01_contig_73094,31632,4,Y,N,1,*,73094,
snj01_contig_54602,30698,13,Y,N,2,*,54602,
snj01_contig_73657,29532,9,Y,N,1,*,73657,
snj01_contig_72128,28790,5,Y,N,1,*,72128,
snj01_contig_43524,28409,5,Y,Y,1,84,43524,
snj01_contig_20784,27827,3,Y,Y,1,50,20784,
snj01_contig_12357,27404,18,Y,N,3,*,12357,
snj01_contig_11607,26883,4,Y,Y,1,28,11607,
snj01_contig_11938,26224,4,Y,Y,1,30,11938,
snj01_contig_73840,25573,11,Y,N,2,*,73840,
snj01_contig_73360,25196,16,Y,N,4,*,73360,
snj01_contig_73812,24734,9,Y,Y,3,*,73812,
snj01_contig_4649,20947,3,Y,Y,1,10,4649,
snj01_contig_72614,19650,20,Y,Y,4,2298,72614,
snj01_contig_33360,18393,9,Y,Y,2,72,33360,
snj01_contig_4169,17821,4,Y,Y,1,*,4169,
snj01_contig_34902,15805,3,Y,Y,1,2060,34902,
snj01_contig_11036,14707,6,Y,Y,1,24,11036,
snj01_contig_73839,13226,21,Y,N,5,*,73839,
snj01_contig_71893,12763,33,Y,Y,7,2460,71893,
snj01_contig_25229,12443,5,Y,Y,1,1938,25229,
snj01_contig_71319,11077,6,Y,Y,1,118,71319,
snj01_contig_71209,10291,114,Y,N,28,*,71209,
snj01_contig_39621,9356,3,Y,Y,1,1750,39621,
snj01_contig_72271,8332,3,Y,Y,1,*,72271,
snj01_contig_71731,8242,10,Y,N,2,*,71731,
snj01_contig_73713,7467,24,Y,N,6,*,73713,
snj01_contig_73409,7157,10,Y,N,2,*,73409,
snj01_contig_28134,6931,20,Y,N,4,*,28134,
snj01_contig_40430,6848,9,Y,N,1,*,40430,
snj01_contig_8414,6774,3,Y,Y,1,2008,8414,
snj01_contig_33473,6385,10,Y,N,1,*,33473,
snj01_contig_72266,6342,14,Y,N,2,*,72266,
snj01_contig_73826,5960,6,Y,N,1,*,73826,
snj01_contig_71252,5538,6,Y,N,1,*,71252,
snj01_contig_73149,5463,12,Y,N,3,*,73149,
snj01_contig_73456,5460,6,Y,N,1,*,73456,
snj01_contig_72279,5361,23,Y,N,6,*,72279,
snj01_contig_31696,5258,11,Y,N,3,*,31696,
snj01_contig_48224,5244,5,Y,N,1,*,48224,
snj01_contig_72111,5230,12,Y,N,3,*,72111,
snj01_contig_16611,5124,20,Y,Y,4,*,16611,
snj01_contig_40013,5040,74,Y,Y,18,*,40013,
snj01_contig_73139,4998,8,Y,N,2,*,73139,
snj01_contig_592,4922,10,Y,Y,2,*,592,
snj01_contig_18786,4876,12,Y,Y,2,*,18786,
snj01_contig_58479,4785,20,Y,Y,5,*,58479,
snj01_contig_73168,4562,5,Y,Y,1,*,73168,
snj01_contig_34956,4350,19,Y,Y,5,*,34956,
snj01_contig_49451,4332,5,Y,Y,1,*,49451,
snj01_contig_33695,4320,9,Y,Y,2,*,33695,
snj01_contig_27436,4267,7,Y,Y,2,*,27436,
snj01_contig_71524,3447,3,Y,Y,1,2074,71524,
snj01_contig_25748,2486,3,Y,Y,1,1792,25748,
snj01_contig_62421,1306,144,Y,Y,36,*,62421,
snj01_contig_17466,765,11,Y,Y,2,*,17466,
snj01_contig_712,567,17,Y,Y,4,*,712,
snj01_contig_2716,506,3,Y,Y,1,*,2716,
snj02_contig_82562,348506,11,Y,N,3,*,82562,
snj02_contig_48235,286317,23,Y,N,5,*,48235,
snj02_contig_477,249623,27,Y,N,6,*,477,
snj02_contig_54952,244957,12,Y,N,3,*,54952,
snj02_contig_80034,194529,5,Y,N,1,*,80034,
snj02_contig_80955,156245,10,Y,N,1,*,80955,
snj02_contig_82447,151940,24,Y,N,5,*,82447,
snj02_contig_82051,142155,11,Y,N,2,*,82051,
snj02_contig_31101,125978,13,Y,N,2,*,31101,
snj02_contig_7572,123657,11,Y,N,3,*,7572,
snj02_contig_978,120221,24,Y,N,6,*,978,
snj02_contig_79965,118849,32,Y,N,7,*,79965,
snj02_contig_80129,118628,39,Y,N,9,*,80129,
snj02_contig_82569,116343,12,Y,N,3,*,82569,
snj02_contig_80266,115311,9,Y,N,2,*,80266,
snj02_contig_81774,114737,20,Y,N,4,*,81774,
snj02_contig_82175,107971,10,Y,N,2,*,82175,
snj02_contig_82658,99962,7,Y,N,1,*,82658,
snj02_contig_81154,99118,19,Y,N,4,*,81154,
snj02_contig_82622,97259,10,Y,N,2,*,82622,
snj02_contig_80301,90992,11,Y,N,2,*,80301,
snj02_contig_80920,89123,6,Y,N,1,*,80920,
snj02_contig_81191,81223,12,Y,N,3,*,81191,
snj02_contig_19662,80601,24,Y,N,5,*,19662,
snj02_contig_53446,73093,8,Y,N,1,*,53446,
snj02_contig_44970,69397,24,Y,N,6,*,44970,
snj02_contig_81975,67491,6,Y,N,1,*,81975,
snj02_contig_81422,67131,7,Y,N,2,*,81422,
snj02_contig_82307,67058,6,Y,N,1,*,82307,
snj02_contig_81481,66366,18,Y,N,4,*,81481,
snj02_contig_82681,64663,22,Y,N,4,*,82681,
snj02_contig_82744,62681,7,Y,N,1,*,82744,
snj02_contig_80761,62627,24,Y,N,5,*,80761,
snj02_contig_8165,57370,27,Y,N,6,*,8165,
snj02_contig_80698,57317,17,Y,N,4,*,80698,
snj02_contig_58135,57301,21,Y,N,5,*,58135,
snj02_contig_55564,57037,6,Y,N,1,*,55564,
snj02_contig_82578,56170,4,Y,N,1,*,82578,
snj02_contig_80328,55504,12,Y,N,2,*,80328,
snj02_contig_82638,54308,39,Y,N,10,*,82638,
snj02_contig_82567,53773,111,Y,N,27,*,82567,
snj02_contig_82725,53044,5,Y,N,1,*,82725,
snj02_contig_80109,52110,6,Y,N,1,*,80109,
snj02_contig_82561,51497,4,Y,N,1,*,82561,
snj02_contig_55114,43463,19,Y,N,4,*,55114,
snj02_contig_82282,42720,5,Y,N,1,*,82282,
snj02_contig_80912,39897,4,Y,N,1,*,80912,
snj02_contig_81124,38065,17,Y,N,4,*,81124,
snj02_contig_82619,37959,9,Y,N,2,*,82619,
snj02_contig_80874,37924,8,Y,N,2,*,80874,
snj02_contig_82759,37766,13,Y,N,2,*,82759,
snj02_contig_80885,37460,5,Y,N,1,*,80885,
snj02_contig_22569,37420,3,Y,Y,1,40,22569,
snj02_contig_81807,36013,18,Y,N,4,*,81807,
snj02_contig_81379,35797,5,Y,N,1,*,81379,
snj02_contig_44079,33242,4,Y,Y,1,58,44079,
snj02_contig_82611,30536,6,Y,N,1,*,82611,
snj02_contig_82655,30246,9,Y,N,2,*,82655,
snj02_contig_82694,29790,17,Y,N,3,*,82694,
snj02_contig_79979,27765,10,Y,N,2,*,79979,
snj02_contig_30578,25784,5,Y,Y,1,46,30578,
snj02_contig_80162,24741,5,Y,Y,1,*,80162,
snj02_contig_55822,24496,11,Y,N,2,*,55822,
snj02_contig_80594,23585,3,Y,Y,1,72,80594,
snj02_contig_80887,22964,6,Y,N,1,*,80887,
snj02_contig_501,20970,6,Y,N,1,*,501,
snj02_contig_82745,17639,10,Y,N,2,*,82745,
snj02_contig_64424,16878,12,Y,N,3,*,64424,
snj02_contig_29717,13504,9,Y,Y,2,1592,29717,
snj02_contig_23122,13057,8,Y,Y,2,1590,23122,
snj02_contig_82756,12985,39,Y,N,9,*,82756,
snj02_contig_28687,12710,3,Y,Y,1,44,28687,
snj02_contig_4969,12685,6,Y,N,1,*,4969,
snj02_contig_18105,12408,5,Y,Y,1,1500,18105,
snj02_contig_79858,12257,3,Y,N,1,*,79858,
snj02_contig_82750,11650,7,Y,N,1,*,82750,
snj02_contig_8997,10319,5,Y,Y,1,16,8997,
snj02_contig_13355,9540,4,Y,Y,1,30,13355,
snj02_contig_33259,9377,4,Y,N,1,*,33259,
snj02_contig_11294,9337,16,Y,Y,4,1452,11294,
snj02_contig_43904,9177,7,Y,N,1,*,43904,
snj02_contig_64235,9168,10,Y,Y,2,1508,64235,
snj02_contig_36385,8848,67,Y,N,14,*,36385,
snj02_contig_57796,8382,7,Y,N,1,*,57796,
snj02_contig_46399,8092,3,Y,Y,1,60,46399,
snj02_contig_82648,6742,3,Y,Y,1,*,82648,
snj02_contig_21384,6581,7,Y,Y,1,1588,21384,
snj02_contig_49940,6095,3,Y,Y,1,1692,49940,
snj02_contig_24412,5865,7,Y,N,2,*,24412,
snj02_contig_81240,5735,3,Y,N,1,*,81240,
snj02_contig_13357,5713,16,Y,N,3,*,13357,
snj02_contig_62237,5249,19,Y,N,5,*,62237,
snj02_contig_80484,5030,7,Y,N,2,*,80484,
snj02_contig_63319,4881,10,Y,Y,2,*,63319,
snj02_contig_82335,4860,8,Y,Y,1,*,82335,
snj02_contig_53313,4790,11,Y,Y,3,*,53313,
snj02_contig_82680,4578,7,Y,Y,1,*,82680,
snj02_contig_44415,4212,16,Y,Y,4,*,44415,
snj02_contig_61398,4080,8,Y,Y,2,*,61398,
snj02_contig_7412,539,5,Y,Y,1,1316,7412,
snj03_contig_25339,138447,7,Y,N,1,*,25339,
snj03_contig_67782,119072,10,Y,N,2,*,67782,
snj03_contig_65445,62256,8,Y,N,1,*,65445,
snj03_contig_64954,51885,4,Y,N,1,*,64954,
snj03_contig_67912,51878,6,Y,N,1,*,67912,
snj03_contig_67778,42909,10,Y,N,1,*,67778,
snj03_contig_67910,42821,6,Y,N,1,*,67910,
snj03_contig_67724,42678,10,Y,N,2,*,67724,
snj03_contig_67998,40895,5,Y,N,1,*,67998,
snj03_contig_67505,39765,4,Y,N,1,*,67505,
snj03_contig_548,38130,5,Y,Y,1,*,548,
snj03_contig_66920,35589,13,Y,Y,4,*,66920,
snj03_contig_66690,33794,5,Y,Y,1,264,66690,
snj03_contig_65563,29667,3,Y,Y,1,*,65563,
snj03_contig_67858,29489,16,Y,N,3,*,67858,
snj03_contig_41780,29186,7,Y,Y,1,194,41780,
snj03_contig_64835,28404,11,Y,N,1,*,64835,
snj03_contig_64844,27985,8,Y,Y,1,238,64844,
snj03_contig_29762,26964,4,Y,Y,1,142,29762,
snj03_contig_8636,25843,7,Y,N,1,*,8636,
snj03_contig_50533,24459,3,Y,Y,1,218,50533,
snj03_contig_29696,23852,3,Y,Y,1,140,29696,
snj03_contig_64983,22530,6,Y,Y,1,240,64983,
snj03_contig_38461,17850,6,Y,Y,1,178,38461,
snj03_contig_68010,17803,5,Y,N,1,*,68010,
snj03_contig_67905,17722,3,Y,Y,1,288,67905,
snj03_contig_29789,16126,7,Y,Y,1,144,29789,
snj03_contig_67846,15096,4,Y,Y,1,2934,67846,
snj03_contig_32173,14332,3,Y,Y,1,152,32173,
snj03_contig_65470,14087,5,Y,Y,1,244,65470,
snj03_contig_16042,14057,4,Y,Y,1,74,16042,
snj03_contig_65028,12760,3,Y,Y,1,242,65028,
snj03_contig_65581,12648,20,Y,Y,3,3396,65581,
snj03_contig_41324,12373,3,Y,Y,1,190,41324,
snj03_contig_66235,12085,15,Y,Y,2,3384,66235,
snj03_contig_3176,10893,3,Y,Y,1,18,3176,
snj03_contig_65550,10632,3,Y,Y,1,4120,65550,
snj03_contig_65673,10266,62,Y,N,12,*,65673,
snj03_contig_18831,10221,7,Y,N,1,*,18831,
snj03_contig_19050,8709,20,Y,Y,2,3712,19050,
snj03_contig_16768,8588,3,Y,Y,1,3632,16768,
snj03_contig_46535,8549,5,Y,Y,1,4142,46535,
snj03_contig_64808,8140,6,Y,N,1,*,64808,
snj03_contig_19676,7951,4,Y,Y,1,92,19676,
snj03_contig_48094,7584,16,Y,N,3,*,48094,
snj03_contig_21552,6939,3,Y,Y,1,108,21552,
snj03_contig_65787,6268,4,Y,N,1,*,65787,
snj03_contig_38872,6053,5,Y,Y,1,3102,38872,
snj03_contig_37946,5959,3,Y,N,1,*,37946,
snj03_contig_33948,5783,4,Y,Y,1,4240,33948,
snj03_contig_18510,5711,5,Y,Y,1,3692,18510,
snj03_contig_58305,5400,8,Y,N,1,*,58305,
snj03_contig_68011,4925,13,Y,Y,1,*,68011,
snj03_contig_66457,4811,3,Y,Y,1,4202,66457,
snj03_contig_32215,4801,9,Y,Y,1,*,32215,
snj03_contig_3186,4560,20,Y,Y,4,*,3186,
snj03_contig_73,3919,9,Y,Y,1,*,73,
snj03_contig_25034,2003,3,Y,Y,1,3182,25034,
snj03_contig_25746,1450,3,Y,Y,1,3828,25746,
snj03_contig_7791,693,3,Y,Y,1,3300,7791,
snj03_contig_8045,608,3,Y,Y,1,3312,8045,
snj04_contig_100977,98399,14,Y,N,3,*,100977,
snj04_contig_101040,94817,6,Y,N,1,*,101040,
snj04_contig_101117,69841,4,Y,N,1,*,101117,
snj04_contig_101141,63152,4,Y,N,1,*,101141,
snj04_contig_99320,62623,27,Y,N,6,*,99320,
snj04_contig_85,61688,6,Y,N,1,*,85,
snj04_contig_101136,59182,4,Y,N,1,*,101136,
snj04_contig_97769,56428,3,Y,N,1,*,97769,
snj04_contig_20117,52401,5,Y,Y,1,*,20117,
snj04_contig_100944,50739,5,Y,N,1,*,100944,
snj04_contig_98445,47069,9,Y,Y,3,*,98445,
snj04_contig_101134,47057,17,Y,N,4,*,101134,
snj04_contig_97087,43922,12,Y,N,2,*,97087,
snj04_contig_33205,43889,7,Y,N,1,*,33205,
snj04_contig_101108,43529,3,Y,N,1,*,101108,
snj04_contig_31543,43179,3,Y,N,1,*,31543,
snj04_contig_100464,43149,31,Y,N,8,*,100464,
snj04_contig_31544,42308,8,Y,N,1,*,31544,
snj04_contig_101113,41690,10,Y,N,2,*,101113,
snj04_contig_101143,40934,6,Y,Y,2,*,101143,
snj04_contig_100070,39442,3,Y,N,1,*,100070,
snj04_contig_100978,37944,26,Y,N,6,*,100978,
snj04_contig_99692,37088,6,Y,N,1,*,99692,
snj04_contig_100474,36197,9,Y,N,2,*,100474,
snj04_contig_101145,35669,7,Y,N,2,*,101145,
snj04_contig_101147,31487,7,Y,N,2,*,101147,
snj04_contig_38436,30461,4,Y,N,1,*,38436,
snj04_contig_20598,30187,12,Y,Y,4,76,20598,
snj04_contig_97131,29524,9,Y,N,2,*,97131,
snj04_contig_101080,27932,11,Y,N,1,*,101080,
snj04_contig_99663,27648,5,Y,Y,1,*,99663,
snj04_contig_101150,25021,6,Y,Y,2,*,101150,
snj04_contig_100423,22913,6,Y,N,1,*,100423,
snj04_contig_101099,20932,11,Y,N,2,*,101099,
snj04_contig_100967,20349,7,Y,N,2,*,100967,
snj04_contig_24085,18877,3,Y,Y,1,88,24085,
snj04_contig_15792,18865,3,Y,Y,1,62,15792,
snj04_contig_87365,17501,3,Y,Y,1,174,87365,
snj04_contig_101146,17050,4,Y,N,1,*,101146,
snj04_contig_4033,16951,5,Y,Y,1,24,4033,
snj04_contig_45331,15527,3,Y,Y,1,132,45331,
snj04_contig_13455,15183,4,Y,Y,1,56,13455,
snj04_contig_28689,15145,5,Y,Y,1,106,28689,
snj04_contig_6813,14731,4,Y,Y,1,30,6813,
snj04_contig_72557,13464,5,Y,Y,1,3688,72557,
snj04_contig_1352,12472,3,Y,Y,1,8,1352,
snj04_contig_24302,11076,5,Y,Y,1,3296,24302,
snj04_contig_47105,10698,5,Y,Y,1,2676,47105,
snj04_contig_7644,10183,9,Y,Y,2,2996,7644,
snj04_contig_4515,9689,8,Y,Y,2,2852,4515,
snj04_contig_98630,9496,4,Y,Y,1,*,98630,
snj04_contig_14317,9465,5,Y,Y,2,*,14317,
snj04_contig_26222,9434,3,Y,Y,1,3230,26222,
snj04_contig_100641,9066,7,Y,N,1,*,100641,
snj04_contig_30674,9061,10,Y,Y,3,112,30674,
snj04_contig_41357,8634,3,Y,Y,1,122,41357,
snj04_contig_34863,8537,3,Y,Y,1,2662,34863,
snj04_contig_2255,8283,9,Y,Y,3,*,2255,
snj04_contig_48104,8038,3,Y,Y,1,3084,48104,
snj04_contig_98985,7533,12,Y,N,2,*,98985,
snj04_contig_96729,7405,3,Y,Y,1,178,96729,
snj04_contig_98179,7389,3,Y,Y,1,3176,98179,
snj04_contig_101152,7293,5,Y,N,1,*,101152,
snj04_contig_100759,7060,6,Y,N,1,*,100759,
snj04_contig_1187,6828,7,Y,Y,1,4,1187,
snj04_contig_100410,6696,3,Y,N,1,*,100410,
snj04_contig_13094,6436,17,Y,N,3,*,13094,
snj04_contig_12168,6245,6,Y,Y,2,*,12168,
snj04_contig_99985,6175,6,Y,N,1,*,99985,
snj04_contig_100035,6006,9,Y,N,2,*,100035,
snj04_contig_100599,5810,6,Y,N,1,*,100599,
snj04_contig_101139,5760,9,Y,N,2,*,101139,
snj04_contig_78268,5694,6,Y,N,1,*,78268,
snj04_contig_100774,4736,5,Y,Y,1,*,100774,
snj04_contig_61894,4557,14,Y,Y,3,*,61894,
snj04_contig_96897,4076,4,Y,Y,1,3028,96897,
snj04_contig_16235,3162,9,Y,Y,2,*,16235,
snj04_contig_55339,665,5,Y,Y,1,*,55339,
snj04_contig_5492,552,4,Y,Y,1,*,5492,
snj08_contig_77556,107599,12,Y,N,1,*,77556,
snj08_contig_30466,103352,10,Y,N,1,*,30466,
snj08_contig_78195,103008,19,Y,N,3,*,78195,
snj08_contig_76032,86631,6,Y,N,1,*,76032,
snj08_contig_78999,84703,11,Y,N,2,*,78999,
snj08_contig_77740,79090,7,Y,N,1,*,77740,
snj08_contig_77352,76986,8,Y,N,1,*,77352,
snj08_contig_68218,75340,36,Y,N,7,*,68218,
snj08_contig_77534,72309,6,Y,N,1,*,77534,
snj08_contig_78961,69466,9,Y,N,1,*,78961,
snj08_contig_79050,67537,6,Y,N,1,*,79050,
snj08_contig_76146,66852,3,Y,N,1,*,76146,
snj08_contig_76518,65268,15,Y,N,2,*,76518,
snj08_contig_12551,63169,7,Y,N,1,*,12551,
snj08_contig_78566,62287,4,Y,N,1,*,78566,
snj08_contig_76139,61543,5,Y,N,1,*,76139,
snj08_contig_77331,61372,3,Y,N,1,*,77331,
snj08_contig_873,58968,5,Y,N,1,*,873,
snj08_contig_76000,53476,12,Y,N,2,*,76000,
snj08_contig_78752,52735,18,Y,N,3,*,78752,
snj08_contig_79043,50479,13,Y,N,2,*,79043,
snj08_contig_78222,50000,14,Y,N,2,*,78222,
snj08_contig_63192,49452,7,Y,N,1,*,63192,
snj08_contig_78783,48177,14,Y,N,3,*,78783,
snj08_contig_56027,47217,9,Y,N,1,*,56027,
snj08_contig_78974,46727,9,Y,N,1,*,78974,
snj08_contig_78064,46060,7,Y,N,1,*,78064,
snj08_contig_78962,45760,10,Y,N,1,*,78962,
snj08_contig_78887,45665,6,Y,N,1,*,78887,
snj08_contig_76391,45512,3,Y,Y,1,*,76391,
snj08_contig_79047,45319,3,Y,N,1,*,79047,
snj08_contig_72508,44863,4,Y,N,1,*,72508,
snj08_contig_79048,44767,5,Y,N,1,*,79048,
snj08_contig_41300,43639,10,Y,N,1,*,41300,
snj08_contig_13277,43492,10,Y,N,2,*,13277,
snj08_contig_78864,43144,3,Y,N,1,*,78864,
snj08_contig_24102,42888,7,Y,N,1,*,24102,
snj08_contig_78602,42374,3,Y,Y,1,450,78602,
snj08_contig_79038,42116,7,Y,N,1,*,79038,
snj08_contig_78988,41976,3,Y,Y,1,*,78988,
snj08_contig_78829,41791,5,Y,N,1,*,78829,
snj08_contig_53498,41528,6,Y,N,1,*,53498,
snj08_contig_74978,41448,5,Y,N,1,*,74978,
snj08_contig_78412,41255,5,Y,N,1,*,78412,
snj08_contig_76849,41251,6,Y,N,1,*,76849,
snj08_contig_79046,41146,8,Y,N,1,*,79046,
snj08_contig_78932,41086,7,Y,N,1,*,78932,
snj08_contig_76257,40775,4,Y,Y,1,*,76257,
snj08_contig_77429,40663,3,Y,Y,1,*,77429,
snj08_contig_57143,39859,14,Y,N,2,*,57143,
snj08_contig_78849,39847,4,Y,N,1,*,78849,
snj08_contig_78997,39757,20,Y,N,4,*,78997,
snj08_contig_37910,39748,10,Y,N,1,*,37910,
snj08_contig_79014,39699,7,Y,N,1,*,79014,
snj08_contig_79026,39697,3,Y,N,1,*,79026,
snj08_contig_79005,39445,16,Y,N,2,*,79005,
snj08_contig_79023,39261,4,Y,N,1,*,79023,
snj08_contig_77693,39143,36,Y,N,7,*,77693,
snj08_contig_79006,39139,5,Y,N,1,*,79006,
snj08_contig_58402,38644,12,Y,N,2,*,58402,
snj08_contig_17250,36045,3,Y,Y,1,124,17250,
snj08_contig_72969,35763,7,Y,N,1,*,72969,
snj08_contig_66429,35391,27,Y,N,4,*,66429,
snj08_contig_11165,35370,13,Y,N,2,*,11165,
snj08_contig_78933,33495,11,Y,N,2,*,78933,
snj08_contig_75141,32985,11,Y,N,1,*,75141,
snj08_contig_35189,32409,5,Y,Y,1,264,35189,
snj08_contig_76764,31614,4,Y,Y,1,*,76764,
snj08_contig_2983,31358,4,Y,Y,1,26,2983,
snj08_contig_72692,30508,10,Y,N,2,*,72692,
snj08_contig_10625,30025,3,Y,Y,1,76,10625,
snj08_contig_64745,28332,6,Y,Y,1,386,64745,
snj08_contig_11457,27420,6,Y,Y,1,82,11457,
snj08_contig_78936,27082,5,Y,N,1,*,78936,
snj08_contig_62657,25157,6,Y,Y,1,380,62657,
snj08_contig_12399,24627,5,Y,N,1,*,12399,
snj08_contig_33692,24244,4,Y,Y,1,256,33692,
snj08_contig_28555,23792,3,Y,Y,1,222,28555,
snj08_contig_76563,23498,4,Y,N,1,*,76563,
snj08_contig_33358,23399,6,Y,N,1,*,33358,
snj08_contig_78890,23298,4,Y,N,1,*,78890,
snj08_contig_47358,22792,6,Y,Y,1,6224,47358,
snj08_contig_30995,21614,5,Y,Y,1,238,30995,
snj08_contig_32580,21481,3,Y,Y,1,246,32580,
snj08_contig_25070,20545,4,Y,Y,1,192,25070,
snj08_contig_7178,19964,9,Y,Y,1,5716,7178,
snj08_contig_21221,18855,5,Y,Y,1,160,21221,
snj08_contig_12881,18775,5,Y,N,1,*,12881,
snj08_contig_25300,18071,4,Y,Y,1,7604,25300,
snj08_contig_19421,18058,3,Y,Y,1,*,19421,
snj08_contig_46524,17854,3,Y,Y,1,312,46524,
snj08_contig_79019,16881,9,Y,N,1,*,79019,
snj08_contig_1294,16538,4,Y,Y,1,14,1294,
snj08_contig_78461,16318,35,Y,N,7,*,78461,
snj08_contig_77753,15753,4,Y,N,1,*,77753,
snj08_contig_34709,14924,4,Y,Y,1,260,34709,
snj08_contig_16227,14891,5,Y,Y,1,110,16227,
snj08_contig_19604,14654,4,Y,Y,1,6408,19604,
snj08_contig_5224,14550,12,Y,Y,4,46,5224,
snj08_contig_75273,13274,13,Y,N,2,*,75273,
snj08_contig_55203,13132,3,Y,Y,1,6490,55203,
snj08_contig_78377,12995,13,Y,N,2,*,78377,
snj08_contig_78304,12298,3,Y,Y,1,442,78304,
snj08_contig_78946,11705,31,Y,N,6,*,78946,
snj08_contig_77710,11594,4,Y,N,1,*,77710,
snj08_contig_26704,11477,6,Y,Y,1,6110,26704,
snj08_contig_36408,11152,3,Y,Y,1,266,36408,
snj08_contig_2049,10920,3,Y,Y,1,7372,2049,
snj08_contig_51882,10641,4,Y,Y,1,5582,51882,
snj08_contig_8118,10412,5,Y,Y,1,11154,8118,
snj08_contig_9081,10201,9,Y,Y,1,5088,9081,
snj08_contig_59644,9958,3,Y,Y,1,362,59644,
snj08_contig_27710,9641,6,Y,Y,1,6726,27710,
snj08_contig_48852,9529,5,Y,N,1,*,48852,
snj08_contig_51429,9111,13,Y,Y,1,7698,51429,
snj08_contig_57795,9098,3,Y,Y,1,6780,57795,
snj08_contig_78886,8709,4,Y,N,1,*,78886,
snj08_contig_17034,8593,6,Y,Y,1,6258,17034,
snj08_contig_43320,8567,4,Y,N,1,*,43320,
snj08_contig_17879,8360,4,Y,Y,1,7276,17879,
snj08_contig_49375,8263,5,Y,N,1,*,49375,
snj08_contig_76179,8117,28,Y,N,5,*,76179,
snj08_contig_20581,7856,4,Y,Y,1,6938,20581,
snj08_contig_47208,7828,3,Y,Y,1,314,47208,
snj08_contig_17765,7685,23,Y,Y,4,*,17765,
snj08_contig_22667,7572,5,Y,Y,1,174,22667,
snj08_contig_31837,6930,5,Y,Y,1,*,31837,
snj08_contig_56043,6612,39,Y,N,8,*,56043,
snj08_contig_62599,6384,17,Y,N,3,*,62599,
snj08_contig_78902,5565,19,Y,N,3,*,78902,
snj08_contig_21172,5527,3,Y,Y,1,158,21172,
snj08_contig_34036,5527,3,Y,Y,1,6908,34036,
snj08_contig_4371,5158,3,Y,Y,1,10864,4371,
snj08_contig_346,4956,5,Y,Y,1,5112,346,
snj08_contig_77380,4883,7,Y,Y,2,*,77380,
snj08_contig_63518,4560,8,Y,Y,1,*,63518,
snj08_contig_53781,4301,5,Y,Y,1,*,53781,
snj08_contig_34487,4243,3,Y,Y,1,*,34487,
snj08_contig_37829,4169,36,Y,Y,6,*,37829,
snj08_contig_30178,4158,17,Y,Y,3,*,30178,
snj08_contig_78481,3870,6,Y,Y,1,7216,78481,
snj08_contig_76993,3598,6,Y,Y,1,6710,76993,
snj08_contig_60557,2542,3,Y,Y,1,7298,60557,
snj08_contig_19226,1860,3,Y,Y,1,6030,19226,
snj08_contig_18290,1156,66,Y,Y,12,*,18290,
snj08_contig_9820,803,8,Y,Y,1,5870,9820,
snj08_contig_37219,587,148,Y,Y,29,*,37219,
snj09_contig_72851,289582,11,Y,N,1,*,72851,
snj09_contig_69277,281103,10,Y,N,1,*,69277,
snj09_contig_26191,194742,7,Y,N,1,*,26191,
snj09_contig_189,135274,5,Y,N,1,*,189,
snj09_contig_72750,135050,6,Y,N,1,*,72750,
snj09_contig_5678,121897,5,Y,N,1,*,5678,
snj09_contig_71959,117790,16,Y,N,2,*,71959,
snj09_contig_71557,111165,9,Y,N,1,*,71557,
snj09_contig_72995,110513,15,Y,N,3,*,72995,
snj09_contig_69615,108274,6,Y,N,1,*,69615,
snj09_contig_72574,105722,7,Y,N,1,*,72574,
snj09_contig_71687,105398,6,Y,N,1,*,71687,
snj09_contig_72825,104206,10,Y,N,2,*,72825,
snj09_contig_72420,100564,9,Y,N,2,*,72420,
snj09_contig_68749,98217,17,Y,N,3,*,68749,
snj09_contig_68862,91700,55,Y,N,10,*,68862,
snj09_contig_60203,89542,7,Y,N,1,*,60203,
snj09_contig_71526,86263,5,Y,N,1,*,71526,
snj09_contig_50076,80542,4,Y,N,2,*,50076,
snj09_contig_26227,80197,6,Y,N,1,*,26227,
snj09_contig_70489,79443,61,Y,N,12,*,70489,
snj09_contig_72469,77349,9,Y,N,1,*,72469,
snj09_contig_71132,75131,10,Y,N,1,*,71132,
snj09_contig_68803,73835,9,Y,N,1,*,68803,
snj09_contig_73003,73714,5,Y,N,1,*,73003,
snj09_contig_68664,72750,8,Y,N,1,*,68664,
snj09_contig_72946,72179,4,Y,N,1,*,72946,
snj09_contig_73084,72084,17,Y,N,3,*,73084,
snj09_contig_71621,71989,24,Y,N,4,*,71621,
snj09_contig_72323,71659,5,Y,N,1,*,72323,
snj09_contig_69309,71658,24,Y,N,5,*,69309,
snj09_contig_69971,70321,6,Y,N,1,*,69971,
snj09_contig_73091,68343,6,Y,N,1,*,73091,
snj09_contig_5815,66966,4,Y,N,1,*,5815,
snj09_contig_72956,66108,16,Y,N,3,*,72956,
snj09_contig_72228,65425,4,Y,N,1,*,72228,
snj09_contig_55920,65092,3,Y,N,1,*,55920,
snj09_contig_12088,65021,6,Y,N,1,*,12088,
snj09_contig_72820,64613,9,Y,N,2,*,72820,
snj09_contig_69771,64288,13,Y,N,2,*,69771,
snj09_contig_50174,63803,8,Y,N,1,*,50174,
snj09_contig_71051,63580,9,Y,N,1,*,71051,
snj09_contig_52252,62830,15,Y,N,3,*,52252,
snj09_contig_72715,62219,12,Y,N,2,*,72715,
snj09_contig_67536,61886,4,Y,N,1,*,67536,
snj09_contig_70812,61563,7,Y,N,1,*,70812,
snj09_contig_29491,60690,11,Y,N,1,*,29491,
snj09_contig_72903,60370,11,Y,N,2,*,72903,
snj09_contig_71315,60263,10,Y,N,2,*,71315,
snj09_contig_72965,60065,5,Y,N,1,*,72965,
snj09_contig_72939,59997,4,Y,N,1,*,72939,
snj09_contig_68933,59924,3,Y,N,1,*,68933,
snj09_contig_72561,58643,4,Y,N,1,*,72561,
snj09_contig_72981,57715,48,Y,N,9,*,72981,
snj09_contig_73101,57478,8,Y,N,1,*,73101,
snj09_contig_73023,57077,12,Y,N,2,*,73023,
snj09_contig_71200,56534,3,Y,N,1,*,71200,
snj09_contig_54973,56376,6,Y,N,1,*,54973,
snj09_contig_72278,56253,12,Y,N,1,*,72278,
snj09_contig_71730,55949,6,Y,N,1,*,71730,
snj09_contig_1167,55654,4,Y,N,1,*,1167,
snj09_contig_25862,54419,8,Y,N,1,*,25862,
snj09_contig_72624,53649,15,Y,N,2,*,72624,
snj09_contig_72976,53204,5,Y,Y,1,*,72976,
snj09_contig_72889,53096,3,Y,N,1,*,72889,
snj09_contig_71024,52939,10,Y,N,2,*,71024,
snj09_contig_70577,52568,10,Y,N,1,*,70577,
snj09_contig_72606,52369,6,Y,N,1,*,72606,
snj09_contig_72841,52082,9,Y,N,1,*,72841,
snj09_contig_70216,51513,31,Y,N,6,*,70216,
snj09_contig_72959,51404,6,Y,N,1,*,72959,
snj09_contig_71109,51315,6,Y,N,1,*,71109,
snj09_contig_69651,51265,8,Y,N,1,*,69651,
snj09_contig_69417,51104,8,Y,N,1,*,69417,
snj09_contig_25784,50514,10,Y,N,2,*,25784,
snj09_contig_73117,50505,5,Y,N,1,*,73117,
snj09_contig_39782,49837,5,Y,N,1,*,39782,
snj09_contig_52857,49646,16,Y,N,3,*,52857,
snj09_contig_72845,49564,9,Y,N,1,*,72845,
snj09_contig_72867,49517,5,Y,N,1,*,72867,
snj09_contig_71657,49478,10,Y,N,2,*,71657,
snj09_contig_72963,49369,7,Y,Y,2,*,72963,
snj09_contig_70465,49118,3,Y,N,1,*,70465,
snj09_contig_50939,49073,40,Y,N,8,*,50939,
snj09_contig_69326,49010,7,Y,N,1,*,69326,
snj09_contig_68682,48769,14,Y,N,2,*,68682,
snj09_contig_27839,48679,11,Y,N,1,*,27839,
snj09_contig_72897,48662,4,Y,Y,1,*,72897,
snj09_contig_73116,48596,34,Y,N,6,*,73116,
snj09_contig_72372,48595,22,Y,N,4,*,72372,
snj09_contig_69781,48470,52,Y,N,10,*,69781,
snj09_contig_38207,48319,124,Y,N,24,*,38207,
snj09_contig_71539,48319,8,Y,N,1,*,71539,
snj09_contig_72292,48285,7,Y,N,1,*,72292,
snj09_contig_56690,48266,4,Y,Y,2,356,56690,
snj09_contig_71853,48233,9,Y,N,1,*,71853,
snj09_contig_53363,48216,18,Y,N,3,*,53363,
snj09_contig_71318,48016,34,Y,N,6,*,71318,
snj09_contig_72291,47924,14,Y,N,2,*,72291,
snj09_contig_58942,47845,17,Y,N,2,*,58942,
snj09_contig_72955,47845,11,Y,N,1,*,72955,
snj09_contig_68824,47765,25,Y,N,4,*,68824,
snj09_contig_68599,47507,8,Y,N,1,*,68599,
snj09_contig_72927,47385,32,Y,N,5,*,72927,
snj09_contig_72884,47272,9,Y,N,2,*,72884,
snj09_contig_71630,47183,7,Y,N,1,*,71630,
snj09_contig_72718,47145,5,Y,N,1,*,72718,
snj09_contig_73029,47134,24,Y,N,4,*,73029,
snj09_contig_72535,46798,38,Y,N,7,*,72535,
snj09_contig_49007,46703,4,Y,N,1,*,49007,
snj09_contig_73077,46639,8,Y,N,1,*,73077,
snj09_contig_73058,46548,6,Y,N,1,*,73058,
snj09_contig_72931,46457,11,Y,N,2,*,72931,
snj09_contig_69911,46266,7,Y,N,1,*,69911,
snj09_contig_71117,46030,9,Y,N,2,*,71117,
snj09_contig_72778,45614,8,Y,N,1,*,72778,
snj09_contig_73113,45534,9,Y,N,1,*,73113,
snj09_contig_73009,45438,7,Y,N,1,*,73009,
snj09_contig_70681,45235,70,Y,N,13,*,70681,
snj09_contig_73068,44708,7,Y,N,1,*,73068,
snj09_contig_71655,44455,9,Y,N,1,*,71655,
snj09_contig_68825,44347,7,Y,N,1,*,68825,
snj09_contig_71045,44160,35,Y,N,6,*,71045,
snj09_contig_72909,44120,7,Y,N,1,*,72909,
snj09_contig_73015,44109,12,Y,N,2,*,73015,
snj09_contig_72879,44070,6,Y,N,1,*,72879,
snj09_contig_72415,44011,5,Y,N,1,*,72415,
snj09_contig_69968,43997,5,Y,N,1,*,69968,
snj09_contig_36466,43943,17,Y,N,3,*,36466,
snj09_contig_73106,43846,7,Y,N,1,*,73106,
snj09_contig_732,43843,111,Y,N,22,*,732,
snj09_contig_71632,43775,5,Y,N,1,*,71632,
snj09_contig_72082,43747,6,Y,N,1,*,72082,
snj09_contig_73017,43647,9,Y,N,1,*,73017,
snj09_contig_39941,43570,7,Y,N,1,*,39941,
snj09_contig_62982,43396,159,Y,N,32,*,62982,
snj09_contig_72753,43392,4,Y,N,1,*,72753,
snj09_contig_72625,43371,15,Y,N,3,*,72625,
snj09_contig_72702,43332,16,Y,N,3,*,72702,
snj09_contig_733,43315,131,Y,N,25,*,733,
snj09_contig_72204,43277,4,Y,N,1,*,72204,
snj09_contig_72552,43249,4,Y,N,1,*,72552,
snj09_contig_72676,43156,18,Y,N,3,*,72676,
snj09_contig_72754,43096,5,Y,N,1,*,72754,
snj09_contig_69240,43089,29,Y,N,5,*,69240,
snj09_contig_70446,42843,12,Y,N,2,*,70446,
snj09_contig_72798,42835,4,Y,N,1,*,72798,
snj09_contig_70158,42828,9,Y,N,1,*,70158,
snj09_contig_69158,42800,8,Y,N,2,*,69158,
snj09_contig_72534,42759,3,Y,N,1,*,72534,
snj09_contig_70083,42705,3,Y,N,1,*,70083,
snj09_contig_72938,42552,17,Y,N,2,*,72938,
snj09_contig_46423,42439,20,Y,N,3,*,46423,
snj09_contig_14570,42197,17,Y,Y,3,142,14570,
snj09_contig_34507,42044,10,Y,N,1,*,34507,
snj09_contig_73050,41586,18,Y,N,3,*,73050,
snj09_contig_7688,41439,7,Y,N,1,*,7688,
snj09_contig_72801,41407,9,Y,N,2,*,72801,
snj09_contig_72556,41387,10,Y,N,1,*,72556,
snj09_contig_19938,41331,6,Y,N,1,*,19938,
snj09_contig_71559,41326,6,Y,N,1,*,71559,
snj09_contig_26386,41312,12,Y,N,2,*,26386,
snj09_contig_72973,41286,6,Y,N,1,*,72973,
snj09_contig_73027,41172,66,Y,N,12,*,73027,
snj09_contig_53895,41071,17,Y,N,3,*,53895,
snj09_contig_72989,41069,4,Y,N,1,*,72989,
snj09_contig_68468,40892,7,Y,N,1,*,68468,
snj09_contig_70867,40803,5,Y,Y,1,*,70867,
snj09_contig_10194,40788,19,Y,N,4,*,10194,
snj09_contig_71790,40762,5,Y,N,1,*,71790,
snj09_contig_72855,40679,14,Y,N,3,*,72855,
snj09_contig_71198,40601,4,Y,N,1,*,71198,
snj09_contig_73026,40572,12,Y,N,2,*,73026,
snj09_contig_70815,40501,54,Y,N,10,*,70815,
snj09_contig_72940,40434,9,Y,N,1,*,72940,
snj09_contig_73059,40359,11,Y,N,2,*,73059,
snj09_contig_72345,40335,7,Y,N,1,*,72345,
snj09_contig_73043,40311,11,Y,N,2,*,73043,
snj09_contig_73010,40162,9,Y,N,1,*,73010,
snj09_contig_73112,40115,8,Y,N,1,*,73112,
snj09_contig_72335,40085,9,Y,N,2,*,72335,
snj09_contig_5778,40083,3,Y,Y,1,66,5778,
snj09_contig_36953,40078,6,Y,N,1,*,36953,
snj09_contig_69296,40000,12,Y,N,2,*,69296,
snj09_contig_8415,39954,3,Y,Y,1,102,8415,
snj09_contig_70655,39933,4,Y,Y,1,*,70655,
snj09_contig_72772,39765,4,Y,Y,1,*,72772,
snj09_contig_33380,39703,5,Y,N,1,*,33380,
snj09_contig_72521,39690,28,Y,N,5,*,72521,
snj09_contig_72875,39649,16,Y,N,3,*,72875,
snj09_contig_43734,39607,11,Y,N,2,*,43734,
snj09_contig_44259,39476,8,Y,N,1,*,44259,
snj09_contig_72610,38965,17,Y,N,3,*,72610,
snj09_contig_73004,38922,7,Y,N,1,*,73004,
snj09_contig_69719,38849,5,Y,Y,1,384,69719,
snj09_contig_18893,38750,9,Y,N,1,*,18893,
snj09_contig_72371,38408,23,Y,N,4,*,72371,
snj09_contig_63806,38296,5,Y,N,1,*,63806,
snj09_contig_51144,37500,20,Y,N,3,*,51144,
snj09_contig_63260,37378,4,Y,Y,1,362,63260,
snj09_contig_71055,37175,4,Y,N,1,*,71055,
snj09_contig_56137,36378,23,Y,N,4,*,56137,
snj09_contig_71368,36365,4,Y,N,1,*,71368,
snj09_contig_20026,35777,5,Y,N,1,*,20026,
snj09_contig_71861,35558,4,Y,Y,1,418,71861,
snj09_contig_72735,35483,7,Y,N,1,*,72735,
snj09_contig_73111,34843,6,Y,N,1,*,73111,
snj09_contig_48808,34339,10,Y,N,2,*,48808,
snj09_contig_72581,33744,6,Y,N,1,*,72581,
snj09_contig_69229,33580,8,Y,N,1,*,69229,
snj09_contig_73098,33375,14,Y,N,2,*,73098,
snj09_contig_72348,33374,12,Y,N,1,*,72348,
snj09_contig_59746,33330,16,Y,N,2,*,59746,
snj09_contig_39876,33072,6,Y,Y,2,272,39876,
snj09_contig_68854,32762,5,Y,N,1,*,68854,
snj09_contig_72428,32664,3,Y,N,1,*,72428,
snj09_contig_72752,32643,11,Y,N,2,*,72752,
snj09_contig_68317,32423,9,Y,N,2,*,68317,
snj09_contig_21958,32407,4,Y,Y,1,184,21958,
snj09_contig_72910,32152,16,Y,N,3,*,72910,
snj09_contig_69732,32151,7,Y,N,1,*,69732,
snj09_contig_57591,31531,12,Y,N,2,*,57591,
snj09_contig_17723,29956,5,Y,N,1,*,17723,
snj09_contig_73053,29636,6,Y,Y,2,*,73053,
snj09_contig_69830,29341,4,Y,N,1,*,69830,
snj09_contig_73069,29295,8,Y,N,1,*,73069,
snj09_contig_72593,29161,12,Y,Y,6,*,72593,
snj09_contig_73070,28588,4,Y,N,1,*,73070,
snj09_contig_71978,28111,4,Y,Y,1,*,71978,
snj09_contig_1824,27901,5,Y,Y,1,28,1824,
snj09_contig_52772,27631,5,Y,Y,1,*,52772,
snj09_contig_19420,27026,4,Y,Y,1,170,19420,
snj09_contig_11649,26325,9,Y,Y,2,132,11649,
snj09_contig_72899,26126,56,Y,N,11,*,72899,
snj09_contig_9844,26079,13,Y,Y,2,5714,9844,
snj09_contig_14967,25933,10,Y,Y,2,6182,14967,
snj09_contig_17453,25838,18,Y,N,4,*,17453,
snj09_contig_67616,25785,9,Y,N,1,*,67616,
snj09_contig_71891,25288,28,Y,N,5,*,71891,
snj09_contig_72449,24944,3,Y,N,1,*,72449,
snj09_contig_7412,24358,13,Y,Y,2,7578,7412,
snj09_contig_70342,23128,14,Y,N,3,*,70342,
snj09_contig_72969,23025,17,Y,N,3,*,72969,
snj09_contig_55741,22640,6,Y,Y,1,5888,55741,
snj09_contig_45142,22213,16,Y,N,2,*,45142,
snj09_contig_72766,22081,13,Y,N,2,*,72766,
snj09_contig_71501,21490,26,Y,N,5,*,71501,
snj09_contig_21603,20806,6,Y,Y,1,7452,21603,
snj09_contig_3380,20611,10,Y,Y,2,5188,3380,
snj09_contig_72427,19693,9,Y,N,1,*,72427,
snj09_contig_71225,19076,18,Y,Y,3,5088,71225,
snj09_contig_8942,18996,4,Y,Y,1,108,8942,
snj09_contig_73096,18512,8,Y,N,1,*,73096,
snj09_contig_72126,17708,14,Y,N,2,*,72126,
snj09_contig_69495,17454,8,Y,N,1,*,69495,
snj09_contig_6007,17412,3,Y,Y,1,70,6007,
snj09_contig_69759,17012,14,Y,N,2,*,69759,
snj09_contig_73018,17004,9,Y,N,2,*,73018,
snj09_contig_72817,16996,3,Y,N,1,*,72817,
snj09_contig_7072,16907,7,Y,Y,1,5610,7072,
snj09_contig_40066,16873,5,Y,Y,1,276,40066,
snj09_contig_11111,16562,7,Y,Y,1,5922,11111,
snj09_contig_50452,16218,8,Y,N,1,*,50452,
snj09_contig_70594,16207,17,Y,N,3,*,70594,
snj09_contig_73081,15930,14,Y,N,2,*,73081,
snj09_contig_51779,15615,5,Y,Y,1,7746,51779,
snj09_contig_68685,15425,15,Y,N,2,*,68685,
snj09_contig_72059,15217,3,Y,N,1,*,72059,
snj09_contig_70919,14963,8,Y,Y,1,6136,70919,
snj09_contig_70272,14671,12,Y,N,1,*,70272,
snj09_contig_69113,14465,5,Y,N,1,*,69113,
snj09_contig_1744,14344,4,Y,Y,1,24,1744,
snj09_contig_72974,14060,10,Y,N,1,*,72974,
snj09_contig_13531,13985,48,Y,Y,9,5460,13531,
snj09_contig_53244,13916,3,Y,Y,1,7832,53244,
snj09_contig_72993,13857,5,Y,N,1,*,72993,
snj09_contig_71691,13520,4,Y,N,1,*,71691,
snj09_contig_23129,13513,22,Y,N,4,*,23129,
snj09_contig_72977,13479,9,Y,N,2,*,72977,
snj09_contig_68948,13396,30,Y,N,6,*,68948,
snj09_contig_33288,13330,3,Y,Y,1,248,33288,
snj09_contig_49536,13221,3,Y,Y,1,7296,49536,
snj09_contig_72990,12962,19,Y,N,2,*,72990,
snj09_contig_73092,12633,12,Y,N,2,*,73092,
snj09_contig_73115,12483,7,Y,N,1,*,73115,
snj09_contig_71491,11855,5,Y,N,1,*,71491,
snj09_contig_35752,11772,11,Y,Y,2,5394,35752,
snj09_contig_46792,11712,4,Y,Y,1,304,46792,
snj09_contig_47573,11252,5,Y,N,1,*,47573,
snj09_contig_63621,11211,8,Y,N,1,*,63621,
snj09_contig_35987,11017,4,Y,Y,1,7850,35987,
snj09_contig_38280,11000,6,Y,Y,1,12172,38280,
snj09_contig_71116,10962,11,Y,N,1,*,71116,
snj09_contig_72433,10911,41,Y,N,7,*,72433,
snj09_contig_69251,10860,10,Y,N,2,*,69251,
snj09_contig_51778,10746,6,Y,Y,1,328,51778,
snj09_contig_73103,10724,7,Y,N,1,*,73103,
snj09_contig_10253,10547,6,Y,Y,1,5848,10253,
snj09_contig_71275,10532,7,Y,N,1,*,71275,
snj09_contig_70593,10197,8,Y,N,1,*,70593,
snj09_contig_71355,10091,3,Y,N,1,*,71355,
snj09_contig_72566,10003,65,Y,N,12,*,72566,
snj09_contig_39360,9883,7,Y,N,1,*,39360,
snj09_contig_71135,9397,3,Y,Y,1,410,71135,
snj09_contig_71841,9295,4,Y,N,1,*,71841,
snj09_contig_29700,9096,4,Y,Y,1,6606,29700,
snj09_contig_3461,7395,12,Y,N,1,*,3461,
snj09_contig_71813,6999,6,Y,N,1,*,71813,
snj09_contig_28090,6953,3,Y,Y,1,6108,28090,
snj09_contig_1208,6143,6,Y,Y,1,4954,1208,
snj09_contig_14224,4779,3,Y,Y,1,7654,14224,
snj09_contig_5526,2862,3,Y,Y,1,62,5526,
snj09_contig_11197,2606,6,Y,Y,1,5014,11197,
snj09_contig_34972,2186,5,Y,Y,1,6998,34972,
snj09_contig_68901,1884,3,Y,Y,1,5272,68901,
snj09_contig_17490,1020,97,Y,Y,19,*,17490,
snj09_contig_9685,640,5,Y,Y,1,118,9685,
snj09_contig_15611,632,20,Y,Y,3,146,15611,
snj09_contig_8024,599,5,Y,Y,1,7594,8024,
snj09_contig_9419,577,26,Y,Y,5,114,9419,
snj09_contig_25206,576,16,Y,Y,3,*,25206,
snj10_contig_66641,195749,6,Y,N,1,*,66641,
snj10_contig_47440,130651,63,Y,N,16,*,47440,
snj10_contig_64111,103783,14,Y,N,3,*,64111,
snj10_contig_9974,92054,11,Y,N,2,*,9974,
snj10_contig_65215,86206,3,Y,N,1,*,65215,
snj10_contig_66835,80235,11,Y,N,3,*,66835,
snj10_contig_67045,73017,4,Y,N,1,*,67045,
snj10_contig_64143,72267,12,Y,N,3,*,64143,
snj10_contig_66820,71425,4,Y,N,1,*,66820,
snj10_contig_64955,71376,4,Y,N,1,*,64955,
snj10_contig_64636,63575,7,Y,N,2,*,64636,
snj10_contig_67092,63193,4,Y,N,1,*,67092,
snj10_contig_9597,61906,30,Y,N,7,*,9597,
snj10_contig_67189,53363,6,Y,N,1,*,67189,
snj10_contig_66821,51516,6,Y,N,1,*,66821,
snj10_contig_67201,51315,5,Y,N,1,*,67201,
snj10_contig_66926,49929,3,Y,Y,1,*,66926,
snj10_contig_67198,49735,3,Y,N,1,*,67198,
snj10_contig_67025,47774,5,Y,N,1,*,67025,
snj10_contig_67061,47063,4,Y,N,1,*,67061,
snj10_contig_64953,46146,4,Y,N,1,*,64953,
snj10_contig_67181,44704,6,Y,N,1,*,67181,
snj10_contig_27096,44272,17,Y,N,4,*,27096,
snj10_contig_66876,44166,39,Y,N,10,*,66876,
snj10_contig_46278,43522,17,Y,N,4,*,46278,
snj10_contig_65944,43359,51,Y,N,12,*,65944,
snj10_contig_66468,41413,3,Y,Y,1,222,66468,
snj10_contig_64422,41326,8,Y,N,1,*,64422,
snj10_contig_11614,41292,20,Y,N,5,*,11614,
snj10_contig_65325,41171,30,Y,N,7,*,65325,
snj10_contig_65186,40621,7,Y,N,1,*,65186,
snj10_contig_49934,39406,8,Y,N,1,*,49934,
snj10_contig_10985,38724,3,Y,Y,1,50,10985,
snj10_contig_67000,38190,3,Y,N,1,*,67000,
snj10_contig_67068,37899,9,Y,N,1,*,67068,
snj10_contig_66237,37777,8,Y,N,1,*,66237,
snj10_contig_34873,37576,8,Y,N,1,*,34873,
snj10_contig_64963,37552,5,Y,N,1,*,64963,
snj10_contig_6663,37320,15,Y,N,3,*,6663,
snj10_contig_24007,34483,4,Y,Y,1,108,24007,
snj10_contig_2110,29202,3,Y,Y,1,4,2110,
snj10_contig_47638,27996,3,Y,Y,1,162,47638,
snj10_contig_49938,27584,5,Y,Y,1,166,49938,
snj10_contig_4988,26134,3,Y,Y,1,24,4988,
snj10_contig_64352,24816,4,Y,N,1,*,64352,
snj10_contig_42545,24149,3,Y,Y,1,150,42545,
snj10_contig_67185,21903,20,Y,N,3,*,67185,
snj10_contig_20139,20638,4,Y,Y,1,3484,20139,
snj10_contig_63895,16526,8,Y,N,1,*,63895,
snj10_contig_36608,15376,3,Y,N,1,*,36608,
snj10_contig_19211,15211,3,Y,Y,1,4084,19211,
snj10_contig_65812,14610,3,Y,Y,1,3350,65812,
snj10_contig_41557,13977,5,Y,Y,1,4026,41557,
snj10_contig_66190,12384,12,Y,N,3,*,66190,
snj10_contig_63845,12215,5,Y,N,1,*,63845,
snj10_contig_66276,11981,4,Y,Y,1,4370,66276,
snj10_contig_66115,11955,9,Y,N,1,*,66115,
snj10_contig_45636,10723,11,Y,Y,2,3588,45636,
snj10_contig_53618,10556,15,Y,N,3,*,53618,
snj10_contig_67148,10532,10,Y,N,2,*,67148,
snj10_contig_32075,10337,4,Y,N,1,*,32075,
snj10_contig_66428,10118,5,Y,N,1,*,66428,
snj10_contig_8799,9627,18,Y,N,4,*,8799,
snj10_contig_66694,9219,4,Y,N,1,*,66694,
snj10_contig_24299,7867,3,Y,Y,1,3632,24299,
snj10_contig_23075,7359,6,Y,Y,2,4192,23075,
snj10_contig_27172,7071,14,Y,N,3,*,27172,
snj10_contig_64194,6609,7,Y,Y,1,3552,64194,
snj10_contig_66545,6342,18,Y,N,5,*,66545,
snj10_contig_31432,5649,5,Y,N,1,*,31432,
snj10_contig_35754,5628,3,Y,Y,1,4746,35754,
snj10_contig_22271,5431,3,Y,N,1,*,22271,
snj10_contig_7554,4933,8,Y,Y,2,3200,7554,
snj10_contig_37120,4697,6,Y,Y,1,*,37120,
snj10_contig_37365,3854,3,Y,Y,1,4434,37365,
snj10_contig_2103,1413,3,Y,Y,1,3266,2103,
snj10_contig_10027,910,3,Y,Y,1,3780,10027,
snj11_contig_76045,136772,8,Y,N,1,*,76045,
snj11_contig_80516,133265,6,Y,N,1,*,80516,
snj11_contig_70482,126437,89,Y,N,17,*,70482,
snj11_contig_78661,120915,17,Y,N,3,*,78661,
snj11_contig_19833,118395,12,Y,N,2,*,19833,
snj11_contig_80647,117426,12,Y,N,2,*,80647,
snj11_contig_34990,110199,8,Y,N,1,*,34990,
snj11_contig_80683,106092,13,Y,N,2,*,80683,
snj11_contig_76236,99501,7,Y,N,1,*,76236,
snj11_contig_64016,97896,25,Y,N,4,*,64016,
snj11_contig_76949,94666,16,Y,N,3,*,76949,
snj11_contig_80690,93554,22,Y,N,4,*,80690,
snj11_contig_11103,93094,6,Y,N,1,*,11103,
snj11_contig_78269,90537,4,Y,N,1,*,78269,
snj11_contig_76492,88505,8,Y,N,1,*,76492,
snj11_contig_80360,87121,10,Y,N,1,*,80360,
snj11_contig_78118,86065,7,Y,N,1,*,78118,
snj11_contig_80508,80917,11,Y,N,2,*,80508,
snj11_contig_78623,79055,10,Y,N,1,*,78623,
snj11_contig_60996,76551,3,Y,N,1,*,60996,
snj11_contig_78529,75981,14,Y,N,2,*,78529,
snj11_contig_80177,74363,5,Y,N,1,*,80177,
snj11_contig_79547,73870,10,Y,N,1,*,79547,
snj11_contig_77438,72440,19,Y,N,3,*,77438,
snj11_contig_80495,71433,6,Y,N,1,*,80495,
snj11_contig_80335,70422,11,Y,N,2,*,80335,
snj11_contig_79763,70060,17,Y,N,3,*,79763,
snj11_contig_60565,69673,7,Y,N,1,*,60565,
snj11_contig_79220,67472,21,Y,N,3,*,79220,
snj11_contig_80605,66756,28,Y,N,5,*,80605,
snj11_contig_80577,66519,13,Y,N,2,*,80577,
snj11_contig_77010,66018,4,Y,N,1,*,77010,
snj11_contig_77225,65459,5,Y,N,1,*,77225,
snj11_contig_11102,64551,10,Y,N,2,*,11102,
snj11_contig_80496,64253,5,Y,N,1,*,80496,
snj11_contig_14499,63716,10,Y,N,2,*,14499,
snj11_contig_80171,63595,7,Y,N,1,*,80171,
snj11_contig_80574,62406,4,Y,N,1,*,80574,
snj11_contig_79484,62091,13,Y,N,2,*,79484,
snj11_contig_66014,61816,6,Y,N,1,*,66014,
snj11_contig_79998,61781,15,Y,N,3,*,79998,
snj11_contig_76300,60442,8,Y,N,1,*,76300,
snj11_contig_77028,60375,8,Y,N,1,*,77028,
snj11_contig_80613,60231,33,Y,N,6,*,80613,
snj11_contig_80618,60184,7,Y,N,1,*,80618,
snj11_contig_79932,59772,5,Y,N,1,*,79932,
snj11_contig_79518,59621,7,Y,N,1,*,79518,
snj11_contig_80600,58831,4,Y,N,1,*,80600,
snj11_contig_4060,58335,19,Y,N,4,*,4060,
snj11_contig_80686,57061,3,Y,N,1,*,80686,
snj11_contig_31644,56965,5,Y,N,1,*,31644,
snj11_contig_58179,56590,7,Y,N,1,*,58179,
snj11_contig_79269,55891,13,Y,N,2,*,79269,
snj11_contig_80646,55541,28,Y,N,5,*,80646,
snj11_contig_20478,55422,21,Y,N,3,*,20478,
snj11_contig_65836,54658,5,Y,N,1,*,65836,
snj11_contig_20611,53328,16,Y,N,2,*,20611,
snj11_contig_15809,53231,4,Y,Y,1,142,15809,
snj11_contig_80687,53197,58,Y,N,11,*,80687,
snj11_contig_78678,51706,6,Y,N,1,*,78678,
snj11_contig_6687,51453,5,Y,N,1,*,6687,
snj11_contig_39573,51366,29,Y,N,5,*,39573,
snj11_contig_80649,50655,36,Y,N,6,*,80649,
snj11_contig_80619,50443,9,Y,N,1,*,80619,
snj11_contig_80527,50042,10,Y,N,2,*,80527,
snj11_contig_80184,50024,31,Y,N,6,*,80184,
snj11_contig_78027,50012,6,Y,N,1,*,78027,
snj11_contig_80215,49933,26,Y,N,5,*,80215,
snj11_contig_80655,49338,8,Y,N,1,*,80655,
snj11_contig_24782,49164,15,Y,N,3,*,24782,
snj11_contig_30140,49035,11,Y,N,2,*,30140,
snj11_contig_80124,49018,6,Y,N,1,*,80124,
snj11_contig_51609,48908,4,Y,Y,1,392,51609,
snj11_contig_80438,48842,8,Y,N,1,*,80438,
snj11_contig_77998,48761,12,Y,N,1,*,77998,
snj11_contig_80227,48644,6,Y,N,1,*,80227,
snj11_contig_80506,48622,12,Y,N,2,*,80506,
snj11_contig_79626,48519,13,Y,N,2,*,79626,
snj11_contig_79990,48230,8,Y,N,1,*,79990,
snj11_contig_77420,48170,21,Y,N,3,*,77420,
snj11_contig_80075,48054,6,Y,N,1,*,80075,
snj11_contig_77522,48031,9,Y,N,1,*,77522,
snj11_contig_26976,47973,4,Y,N,1,*,26976,
snj11_contig_80626,47652,21,Y,N,3,*,80626,
snj11_contig_80682,47624,8,Y,N,1,*,80682,
snj11_contig_80560,47464,11,Y,N,2,*,80560,
snj11_contig_60758,47335,20,Y,N,3,*,60758,
snj11_contig_80672,47271,8,Y,N,1,*,80672,
snj11_contig_80695,47193,37,Y,N,7,*,80695,
snj11_contig_76766,47075,31,Y,N,6,*,76766,
snj11_contig_80400,46934,25,Y,N,5,*,80400,
snj11_contig_80697,46867,7,Y,N,1,*,80697,
snj11_contig_80617,46826,25,Y,N,4,*,80617,
snj11_contig_63731,46803,20,Y,N,4,*,63731,
snj11_contig_78993,46432,38,Y,N,7,*,78993,
snj11_contig_80061,46318,8,Y,N,1,*,80061,
snj11_contig_79961,46272,12,Y,N,2,*,79961,
snj11_contig_76413,46237,3,Y,Y,1,*,76413,
snj11_contig_78990,46209,5,Y,N,1,*,78990,
snj11_contig_8126,46054,48,Y,N,8,*,8126,
snj11_contig_77485,46025,5,Y,N,1,*,77485,
snj11_contig_80664,45907,4,Y,N,1,*,80664,
snj11_contig_52766,45869,36,Y,N,6,*,52766,
snj11_contig_80146,45744,3,Y,N,1,*,80146,
snj11_contig_80659,45666,16,Y,N,3,*,80659,
snj11_contig_76982,45557,9,Y,N,2,*,76982,
snj11_contig_78502,45080,4,Y,N,1,*,78502,
snj11_contig_79437,45071,3,Y,Y,1,*,79437,
snj11_contig_70035,45062,7,Y,N,1,*,70035,
snj11_contig_80289,44997,17,Y,N,2,*,80289,
snj11_contig_78926,44813,14,Y,N,3,*,78926,
snj11_contig_77591,44604,4,Y,N,1,*,77591,
snj11_contig_79261,44546,7,Y,N,1,*,79261,
snj11_contig_80149,44536,9,Y,N,1,*,80149,
snj11_contig_80593,44248,6,Y,N,1,*,80593,
snj11_contig_50355,44069,33,Y,N,6,*,50355,
snj11_contig_80632,44019,5,Y,N,1,*,80632,
snj11_contig_80152,43854,13,Y,N,2,*,80152,
snj11_contig_79296,43799,5,Y,N,1,*,79296,
snj11_contig_80500,43750,18,Y,N,3,*,80500,
snj11_contig_22720,43741,17,Y,N,2,*,22720,
snj11_contig_80207,43610,12,Y,N,1,*,80207,
snj11_contig_80628,43462,9,Y,N,1,*,80628,
snj11_contig_3031,43333,3,Y,Y,1,28,3031,
snj11_contig_80631,43321,5,Y,N,1,*,80631,
snj11_contig_80591,43261,50,Y,N,9,*,80591,
snj11_contig_30068,43156,26,Y,N,4,*,30068,
snj11_contig_80469,43149,6,Y,N,1,*,80469,
snj11_contig_80698,42969,22,Y,N,4,*,80698,
snj11_contig_80557,42949,10,Y,N,1,*,80557,
snj11_contig_80536,42902,10,Y,N,2,*,80536,
snj11_contig_80455,42893,33,Y,N,5,*,80455,
snj11_contig_77319,42824,4,Y,N,1,*,77319,
snj11_contig_80525,42753,4,Y,N,1,*,80525,
snj11_contig_80161,42548,12,Y,N,2,*,80161,
snj11_contig_80203,42437,11,Y,N,2,*,80203,
snj11_contig_77983,42394,11,Y,N,2,*,77983,
snj11_contig_78731,42095,15,Y,N,2,*,78731,
snj11_contig_80290,42081,5,Y,N,1,*,80290,
snj11_contig_80393,41897,26,Y,N,4,*,80393,
snj11_contig_78183,41812,19,Y,N,4,*,78183,
snj11_contig_78315,41749,32,Y,N,6,*,78315,
snj11_contig_80620,41537,21,Y,N,4,*,80620,
snj11_contig_77083,41452,6,Y,N,1,*,77083,
snj11_contig_25144,41280,14,Y,N,3,*,25144,
snj11_contig_79628,41192,8,Y,N,1,*,79628,
snj11_contig_79668,40917,13,Y,N,2,*,79668,
snj11_contig_80023,40890,3,Y,Y,1,*,80023,
snj11_contig_78824,40827,12,Y,N,2,*,78824,
snj11_contig_78246,40791,7,Y,N,1,*,78246,
snj11_contig_73759,40768,4,Y,N,1,*,73759,
snj11_contig_77141,40651,4,Y,N,1,*,77141,
snj11_contig_76429,40521,7,Y,N,1,*,76429,
snj11_contig_80564,40520,16,Y,N,3,*,80564,
snj11_contig_65929,40438,20,Y,N,4,*,65929,
snj11_contig_79133,40398,7,Y,N,1,*,79133,
snj11_contig_76822,39857,5,Y,N,1,*,76822,
snj11_contig_76979,39763,4,Y,N,1,*,76979,
snj11_contig_80239,39724,6,Y,N,1,*,80239,
snj11_contig_80691,39308,16,Y,N,2,*,80691,
snj11_contig_22084,39275,8,Y,N,1,*,22084,
snj11_contig_80202,39166,7,Y,N,1,*,80202,
snj11_contig_47754,39083,18,Y,N,3,*,47754,
snj11_contig_18385,39005,16,Y,N,3,*,18385,
snj11_contig_79362,38777,41,Y,N,7,*,79362,
snj11_contig_76607,38588,3,Y,Y,1,*,76607,
snj11_contig_79294,38518,6,Y,N,1,*,79294,
snj11_contig_53592,38360,20,Y,N,3,*,53592,
snj11_contig_56207,38237,44,Y,N,8,*,56207,
snj11_contig_78891,38220,6,Y,N,1,*,78891,
snj11_contig_80163,38063,138,Y,N,27,*,80163,
snj11_contig_80427,37890,5,Y,Y,1,*,80427,
snj11_contig_79459,37855,6,Y,N,1,*,79459,
snj11_contig_80578,37636,6,Y,N,1,*,80578,
snj11_contig_79104,37375,3,Y,Y,1,580,79104,
snj11_contig_80457,37280,5,Y,N,1,*,80457,
snj11_contig_80623,36678,4,Y,Y,1,*,80623,
snj11_contig_80510,36670,7,Y,N,1,*,80510,
snj11_contig_70964,36479,8,Y,N,1,*,70964,
snj11_contig_80485,36429,22,Y,N,4,*,80485,
snj11_contig_80255,36134,5,Y,N,1,*,80255,
snj11_contig_80670,35868,6,Y,N,1,*,80670,
snj11_contig_80635,35621,17,Y,N,2,*,80635,
snj11_contig_8888,34175,3,Y,Y,1,70,8888,
snj11_contig_73760,34170,6,Y,N,1,*,73760,
snj11_contig_78800,33525,3,Y,N,1,*,78800,
snj11_contig_14607,33230,15,Y,N,2,*,14607,
snj11_contig_65056,33210,3,Y,Y,1,466,65056,
snj11_contig_75962,32573,14,Y,N,3,*,75962,
snj11_contig_12611,32236,3,Y,Y,1,98,12611,
snj11_contig_13093,31317,3,Y,Y,1,108,13093,
snj11_contig_56096,30634,3,Y,Y,1,424,56096,
snj11_contig_54557,29746,3,Y,Y,1,414,54557,
snj11_contig_80254,29530,6,Y,N,1,*,80254,
snj11_contig_37609,29463,10,Y,N,1,*,37609,
snj11_contig_78653,29153,7,Y,N,1,*,78653,
snj11_contig_79734,29043,16,Y,N,3,*,79734,
snj11_contig_80621,28968,9,Y,N,2,*,80621,
snj11_contig_53620,28935,4,Y,Y,1,410,53620,
snj11_contig_9620,27743,4,Y,Y,2,74,9620,
snj11_contig_80660,27579,4,Y,N,1,*,80660,
snj11_contig_78473,27263,10,Y,N,2,*,78473,
snj11_contig_45389,26800,7,Y,N,1,*,45389,
snj11_contig_14714,26240,4,Y,Y,1,132,14714,
snj11_contig_80680,25244,6,Y,N,1,*,80680,
snj11_contig_79064,25220,3,Y,N,1,*,79064,
snj11_contig_79152,23981,4,Y,N,1,*,79152,
snj11_contig_80676,23737,5,Y,N,1,*,80676,
snj11_contig_5441,23672,6,Y,N,1,*,5441,
snj11_contig_5315,23265,5,Y,Y,1,46,5315,
snj11_contig_19969,23084,4,Y,Y,1,186,19969,
snj11_contig_20520,23038,3,Y,Y,1,192,20520,
snj11_contig_29306,22972,3,Y,Y,1,258,29306,
snj11_contig_16239,22706,9,Y,Y,2,148,16239,
snj11_contig_2773,22145,9,Y,Y,1,26,2773,
snj11_contig_79496,22116,6,Y,N,1,*,79496,
snj11_contig_79649,21727,3,Y,Y,1,*,79649,
snj11_contig_72371,21685,11,Y,N,1,*,72371,
snj11_contig_8965,21513,6,Y,Y,1,6094,8965,
snj11_contig_80533,20554,19,Y,N,3,*,80533,
snj11_contig_3924,20109,3,Y,Y,1,6494,3924,
snj11_contig_57830,19965,3,Y,Y,1,8404,57830,
snj11_contig_19100,19838,3,Y,Y,1,178,19100,
snj11_contig_80685,19793,8,Y,N,1,*,80685,
snj11_contig_24021,18752,4,Y,Y,1,226,24021,
snj11_contig_19376,18486,7,Y,Y,2,180,19376,
snj11_contig_3256,18484,5,Y,Y,1,32,3256,
snj11_contig_22424,18141,3,Y,Y,1,212,22424,
snj11_contig_63213,17945,4,Y,Y,1,7968,63213,
snj11_contig_13482,17709,3,Y,Y,1,7410,13482,
snj11_contig_79289,17597,5,Y,N,1,*,79289,
snj11_contig_80530,17352,5,Y,Y,1,*,80530,
snj11_contig_30584,17327,3,Y,Y,1,270,30584,
snj11_contig_80359,16807,5,Y,N,1,*,80359,
snj11_contig_80554,16611,3,Y,Y,1,7256,80554,
snj11_contig_80269,16448,5,Y,N,1,*,80269,
snj11_contig_80694,16312,15,Y,N,3,*,80694,
snj11_contig_80671,16301,8,Y,N,1,*,80671,
snj11_contig_4264,15822,19,Y,Y,3,6554,4264,
snj11_contig_9834,15734,18,Y,Y,3,*,9834,
snj11_contig_80482,15471,5,Y,N,1,*,80482,
snj11_contig_79136,15278,5,Y,N,1,*,79136,
snj11_contig_18085,14847,3,Y,Y,1,164,18085,
snj11_contig_80595,14191,3,Y,Y,1,*,80595,
snj11_contig_80418,14114,10,Y,N,1,*,80418,
snj11_contig_38037,14036,3,Y,Y,1,9378,38037,
snj11_contig_67838,13292,6,Y,N,1,*,67838,
snj11_contig_34900,13252,4,Y,Y,1,8314,34900,
snj11_contig_80087,13141,4,Y,N,1,*,80087,
snj11_contig_12968,13103,3,Y,Y,1,6774,12968,
snj11_contig_80579,13089,10,Y,N,2,*,80579,
snj11_contig_56367,13011,24,Y,N,4,*,56367,
snj11_contig_55882,12795,35,Y,N,7,*,55882,
snj11_contig_66105,12531,5,Y,N,1,*,66105,
snj11_contig_80661,11980,8,Y,N,1,*,80661,
snj11_contig_78927,11730,6,Y,N,1,*,78927,
snj11_contig_80401,11627,35,Y,N,6,*,80401,
snj11_contig_80609,11343,9,Y,N,1,*,80609,
snj11_contig_28347,11322,5,Y,Y,1,8262,28347,
snj11_contig_80166,11265,10,Y,N,2,*,80166,
snj11_contig_8876,11241,8,Y,Y,2,7026,8876,
snj11_contig_70869,11079,3,Y,Y,1,488,70869,
snj11_contig_10509,11054,4,Y,Y,1,10216,10509,
snj11_contig_11970,11023,3,Y,Y,1,92,11970,
snj11_contig_80017,10929,14,Y,N,2,*,80017,
snj11_contig_27660,10737,3,Y,Y,1,13072,27660,
snj11_contig_28359,10662,7,Y,Y,2,250,28359,
snj11_contig_77357,10269,5,Y,N,1,*,77357,
snj11_contig_12660,10192,6,Y,Y,1,7042,12660,
snj11_contig_73630,10154,12,Y,N,2,*,73630,
snj11_contig_80644,10132,12,Y,N,1,*,80644,
snj11_contig_52730,9882,6,Y,N,1,*,52730,
snj11_contig_51518,9871,3,Y,Y,1,388,51518,
snj11_contig_44564,9720,10,Y,N,2,*,44564,
snj11_contig_77577,9700,11,Y,N,2,*,77577,
snj11_contig_14520,9014,3,Y,Y,1,126,14520,
snj11_contig_79681,9011,5,Y,Y,1,590,79681,
snj11_contig_79845,8476,3,Y,N,1,*,79845,
snj11_contig_80528,8333,7,Y,N,1,*,80528,
snj11_contig_30049,7889,3,Y,Y,1,262,30049,
snj11_contig_68749,7802,3,Y,Y,1,6248,68749,
snj11_contig_49778,7688,4,Y,Y,1,8430,49778,
snj11_contig_69807,7537,6,Y,N,1,*,69807,
snj11_contig_61062,7496,3,Y,Y,1,8920,61062,
snj11_contig_15343,6970,4,Y,Y,1,138,15343,
snj11_contig_77695,6905,3,Y,N,1,*,77695,
snj11_contig_79983,6630,5,Y,N,1,*,79983,
snj11_contig_79731,6403,4,Y,N,1,*,79731,
snj11_contig_80688,6158,10,Y,N,2,*,80688,
snj11_contig_80679,5991,7,Y,N,1,*,80679,
snj11_contig_80442,5960,7,Y,N,1,*,80442,
snj11_contig_31368,5929,20,Y,N,4,*,31368,
snj11_contig_40440,5280,8,Y,N,1,*,40440,
snj11_contig_68424,5248,20,Y,N,4,*,68424,
snj11_contig_34103,4934,8,Y,Y,1,*,34103,
snj11_contig_80548,4896,13,Y,Y,1,*,80548,
snj11_contig_80668,4725,11,Y,Y,2,*,80668,
snj11_contig_76956,4622,6,Y,Y,1,*,76956,
snj11_contig_54289,4510,4,Y,Y,1,*,54289,
snj11_contig_51633,4389,4,Y,Y,1,*,51633,
snj11_contig_36038,4288,5,Y,Y,1,*,36038,
snj11_contig_78058,4138,5,Y,Y,1,6320,78058,
snj11_contig_17699,4134,16,Y,Y,3,*,17699,
snj11_contig_28119,3168,3,Y,Y,1,8156,28119,
snj11_contig_15598,2056,3,Y,Y,1,7864,15598,
snj11_contig_14992,1827,5,Y,Y,1,*,14992,
snj11_contig_29755,1166,3,Y,Y,1,8218,29755,
snj11_contig_56431,990,6,Y,Y,1,8610,56431,
snj11_contig_7082,971,3,Y,Y,1,8522,7082,
snj11_contig_53405,740,3,Y,Y,1,6998,53405,
snj11_contig_17309,734,6,Y,Y,1,158,17309,
snj11_contig_60820,711,711,Y,Y,141,*,60820,
snj11_contig_2992,570,3,Y,Y,1,6396,2992,
snj13_contig_78402,169745,16,Y,N,4,*,78402,
snj13_contig_78100,150694,9,Y,N,1,*,78100,
snj13_contig_3308,147492,13,Y,N,2,*,3308,
snj13_contig_6614,130430,6,Y,N,2,*,6614,
snj13_contig_26800,118018,6,Y,N,1,*,26800,
snj13_contig_78457,115617,9,Y,N,2,*,78457,
snj13_contig_78403,109967,5,Y,N,1,*,78403,
snj13_contig_76496,107130,17,Y,N,4,*,76496,
snj13_contig_78387,105177,5,Y,N,1,*,78387,
snj13_contig_32539,103983,5,Y,N,1,*,32539,
snj13_contig_77943,98772,3,Y,N,1,*,77943,
snj13_contig_76597,76705,10,Y,N,2,*,76597,
snj13_contig_77771,75317,5,Y,N,1,*,77771,
snj13_contig_10465,74748,7,Y,N,1,*,10465,
snj13_contig_75922,73831,6,Y,N,1,*,75922,
snj13_contig_77630,72269,4,Y,N,1,*,77630,
snj13_contig_78272,72104,5,Y,N,1,*,78272,
snj13_contig_43676,72056,15,Y,N,3,*,43676,
snj13_contig_75415,71475,3,Y,N,1,*,75415,
snj13_contig_77790,70671,3,Y,N,1,*,77790,
snj13_contig_59725,69600,5,Y,N,1,*,59725,
snj13_contig_77966,69472,22,Y,N,4,*,77966,
snj13_contig_75975,69187,6,Y,N,1,*,75975,
snj13_contig_78425,67164,9,Y,N,1,*,78425,
snj13_contig_75296,66926,3,Y,N,1,*,75296,
snj13_contig_78309,66886,8,Y,N,2,*,78309,
snj13_contig_76576,66688,87,Y,N,21,*,76576,
snj13_contig_78051,65655,5,Y,N,1,*,78051,
snj13_contig_78027,65177,9,Y,N,2,*,78027,
snj13_contig_74701,64064,5,Y,N,1,*,74701,
snj13_contig_78433,63502,9,Y,N,1,*,78433,
snj13_contig_76392,62848,32,Y,N,8,*,76392,
snj13_contig_78412,61729,13,Y,N,3,*,78412,
snj13_contig_77262,60942,20,Y,N,4,*,77262,
snj13_contig_78111,60680,14,Y,N,3,*,78111,
snj13_contig_77834,60628,6,Y,N,1,*,77834,
snj13_contig_76351,59085,7,Y,N,1,*,76351,
snj13_contig_46467,58954,7,Y,N,1,*,46467,
snj13_contig_78165,58360,3,Y,N,1,*,78165,
snj13_contig_74667,56919,4,Y,N,1,*,74667,
snj13_contig_77939,54783,5,Y,N,1,*,77939,
snj13_contig_78054,54300,3,Y,N,1,*,78054,
snj13_contig_78455,54027,4,Y,N,1,*,78455,
snj13_contig_78304,52514,11,Y,N,3,*,78304,
snj13_contig_78396,52483,5,Y,N,1,*,78396,
snj13_contig_76014,50652,26,Y,N,5,*,76014,
snj13_contig_78203,50631,5,Y,N,1,*,78203,
snj13_contig_76274,49728,17,Y,N,3,*,76274,
snj13_contig_57398,49655,6,Y,N,1,*,57398,
snj13_contig_32918,49044,18,Y,N,4,*,32918,
snj13_contig_78421,48906,15,Y,N,4,*,78421,
snj13_contig_27450,48883,9,Y,N,1,*,27450,
snj13_contig_78167,48848,6,Y,N,1,*,78167,
snj13_contig_24939,48325,14,Y,N,3,*,24939,
snj13_contig_76688,48208,17,Y,N,4,*,76688,
snj13_contig_78178,48101,10,Y,N,2,*,78178,
snj13_contig_78284,47725,7,Y,N,1,*,78284,
snj13_contig_38812,47600,20,Y,N,4,*,38812,
snj13_contig_55267,47591,19,Y,N,5,*,55267,
snj13_contig_23158,47512,5,Y,Y,1,*,23158,
snj13_contig_76681,47172,3,Y,Y,1,*,76681,
snj13_contig_76218,47046,32,Y,N,7,*,76218,
snj13_contig_47348,46853,7,Y,N,1,*,47348,
snj13_contig_78446,46808,9,Y,N,2,*,78446,
snj13_contig_77890,46746,14,Y,N,3,*,77890,
snj13_contig_78085,46618,10,Y,N,2,*,78085,
snj13_contig_75596,46500,7,Y,N,1,*,75596,
snj13_contig_34264,46377,4,Y,N,1,*,34264,
snj13_contig_77106,46305,32,Y,N,8,*,77106,
snj13_contig_78379,45938,3,Y,N,1,*,78379,
snj13_contig_78267,45888,7,Y,N,2,*,78267,
snj13_contig_78298,45503,16,Y,N,4,*,78298,
snj13_contig_78376,45470,12,Y,N,3,*,78376,
snj13_contig_75151,45202,5,Y,N,1,*,75151,
snj13_contig_75962,44872,9,Y,N,2,*,75962,
snj13_contig_78119,44299,15,Y,N,4,*,78119,
snj13_contig_77358,44289,5,Y,N,1,*,77358,
snj13_contig_77511,44050,13,Y,N,3,*,77511,
snj13_contig_77631,43873,3,Y,N,1,*,77631,
snj13_contig_77040,43743,90,Y,N,22,*,77040,
snj13_contig_54608,43688,3,Y,N,1,*,54608,
snj13_contig_78115,43621,6,Y,N,1,*,78115,
snj13_contig_78242,43523,6,Y,N,1,*,78242,
snj13_contig_68015,43447,20,Y,N,5,*,68015,
snj13_contig_58948,43025,3,Y,N,1,*,58948,
snj13_contig_78116,42698,6,Y,N,1,*,78116,
snj13_contig_53508,42686,9,Y,N,2,*,53508,
snj13_contig_78179,42639,3,Y,Y,1,*,78179,
snj13_contig_77955,42508,15,Y,N,3,*,77955,
snj13_contig_78441,42403,3,Y,Y,1,*,78441,
snj13_contig_78063,42341,12,Y,N,2,*,78063,
snj13_contig_78103,42264,6,Y,N,1,*,78103,
snj13_contig_78349,42167,9,Y,N,2,*,78349,
snj13_contig_78214,41821,11,Y,N,3,*,78214,
snj13_contig_78148,41700,5,Y,N,1,*,78148,
snj13_contig_76314,41681,7,Y,N,1,*,76314,
snj13_contig_72118,41519,9,Y,N,2,*,72118,
snj13_contig_63279,41422,5,Y,N,1,*,63279,
snj13_contig_78114,41200,7,Y,N,1,*,78114,
snj13_contig_74813,41089,6,Y,N,1,*,74813,
snj13_contig_76811,40885,8,Y,N,1,*,76811,
snj13_contig_75534,40567,4,Y,N,1,*,75534,
snj13_contig_75259,40372,17,Y,N,3,*,75259,
snj13_contig_8422,40352,6,Y,N,1,*,8422,
snj13_contig_47133,40205,24,Y,N,5,*,47133,
snj13_contig_76398,40006,7,Y,N,2,*,76398,
snj13_contig_78001,39794,12,Y,N,2,*,78001,
snj13_contig_31571,39773,24,Y,N,6,*,31571,
snj13_contig_78432,39760,9,Y,N,1,*,78432,
snj13_contig_77696,39656,10,Y,N,2,*,77696,
snj13_contig_23319,39363,5,Y,N,1,*,23319,
snj13_contig_78470,39362,8,Y,N,2,*,78470,
snj13_contig_78380,39104,11,Y,N,2,*,78380,
snj13_contig_78078,38816,4,Y,N,1,*,78078,
snj13_contig_75544,38735,24,Y,N,6,*,75544,
snj13_contig_78071,38694,14,Y,N,3,*,78071,
snj13_contig_78400,38437,18,Y,N,3,*,78400,
snj13_contig_18079,38179,23,Y,N,5,*,18079,
snj13_contig_78319,38117,7,Y,N,2,*,78319,
snj13_contig_78385,38020,6,Y,N,1,*,78385,
snj13_contig_18501,37836,3,Y,N,1,*,18501,
snj13_contig_78183,37750,15,Y,N,4,*,78183,
snj13_contig_30253,37254,8,Y,N,1,*,30253,
snj13_contig_78414,37160,8,Y,N,2,*,78414,
snj13_contig_75112,37083,5,Y,N,1,*,75112,
snj13_contig_75936,36718,5,Y,N,1,*,75936,
snj13_contig_78215,36175,5,Y,N,1,*,78215,
snj13_contig_78229,36105,4,Y,N,1,*,78229,
snj13_contig_78407,35921,4,Y,N,1,*,78407,
snj13_contig_63183,35718,11,Y,N,3,*,63183,
snj13_contig_40850,34867,3,Y,Y,1,166,40850,
snj13_contig_74688,34839,5,Y,N,1,*,74688,
snj13_contig_78439,34147,5,Y,N,1,*,78439,
snj13_contig_60562,34077,13,Y,N,3,*,60562,
snj13_contig_76465,33330,31,Y,N,8,*,76465,
snj13_contig_55268,32596,4,Y,N,1,*,55268,
snj13_contig_25558,31860,3,Y,Y,1,132,25558,
snj13_contig_19808,31566,7,Y,Y,1,102,19808,
snj13_contig_78271,31289,21,Y,N,4,*,78271,
snj13_contig_69931,30878,5,Y,N,1,*,69931,
snj13_contig_37748,28909,5,Y,N,1,*,37748,
snj13_contig_78124,27093,74,Y,N,17,*,78124,
snj13_contig_42676,26802,3,Y,Y,1,170,42676,
snj13_contig_27712,26375,3,Y,Y,1,138,27712,
snj13_contig_74112,25619,4,Y,Y,1,*,74112,
snj13_contig_74959,25456,10,Y,Y,2,4814,74959,
snj13_contig_20514,23619,3,Y,Y,1,5278,20514,
snj13_contig_16784,23377,3,Y,Y,1,92,16784,
snj13_contig_77463,22803,3,Y,Y,1,*,77463,
snj13_contig_75691,22551,6,Y,Y,1,4880,75691,
snj13_contig_6539,20915,10,Y,Y,2,6006,6539,
snj13_contig_49521,20500,4,Y,Y,1,192,49521,
snj13_contig_78162,19763,10,Y,N,2,*,78162,
snj13_contig_77441,19648,3,Y,Y,1,*,77441,
snj13_contig_75526,18201,10,Y,N,2,*,75526,
snj13_contig_66500,18140,32,Y,N,8,*,66500,
snj13_contig_76708,17754,24,Y,N,6,*,76708,
snj13_contig_21771,17641,5,Y,Y,1,120,21771,
snj13_contig_78355,17283,75,Y,N,19,*,78355,
snj13_contig_78341,17125,20,Y,N,5,*,78341,
snj13_contig_78158,16880,15,Y,N,3,*,78158,
snj13_contig_76734,16560,21,Y,N,4,*,76734,
snj13_contig_75155,16559,55,Y,N,14,*,75155,
snj13_contig_3731,16545,64,Y,N,15,*,3731,
snj13_contig_41094,16329,4,Y,Y,2,*,41094,
snj13_contig_7399,15689,6,Y,Y,1,40,7399,
snj13_contig_12739,15197,4,Y,Y,1,70,12739,
snj13_contig_17101,15127,5,Y,Y,1,4756,17101,
snj13_contig_55830,15003,13,Y,Y,3,5632,55830,
snj13_contig_864,14663,3,Y,Y,1,8,864,
snj13_contig_14725,14594,7,Y,Y,2,*,14725,
snj13_contig_8025,14535,3,Y,Y,1,46,8025,
snj13_contig_53906,13277,4,Y,Y,1,6214,53906,
snj13_contig_74472,13006,8,Y,N,1,*,74472,
snj13_contig_52481,12987,3,Y,N,1,*,52481,
snj13_contig_64722,12519,5,Y,Y,1,216,64722,
snj13_contig_5468,12480,5,Y,Y,1,32,5468,
snj13_contig_78395,12418,10,Y,N,2,*,78395,
snj13_contig_19984,12266,4,Y,Y,1,5132,19984,
snj13_contig_26747,11361,9,Y,Y,2,*,26747,
snj13_contig_51618,10993,3,Y,Y,1,194,51618,
snj13_contig_78419,10831,11,Y,N,1,*,78419,
snj13_contig_14340,10686,6,Y,Y,1,5116,14340,
snj13_contig_66984,10368,4,Y,N,1,*,66984,
snj13_contig_13033,10340,7,Y,N,1,*,13033,
snj13_contig_77797,9665,5,Y,N,1,*,77797,
snj13_contig_24487,9636,3,Y,Y,1,5886,24487,
snj13_contig_48176,9453,3,Y,Y,1,5180,48176,
snj13_contig_64410,9344,3,Y,Y,1,6222,64410,
snj13_contig_4690,9340,10,Y,Y,2,4576,4690,
snj13_contig_47269,9260,13,Y,N,3,*,47269,
snj13_contig_75827,8771,3,Y,Y,1,5256,75827,
snj13_contig_60157,8339,13,Y,N,3,*,60157,
snj13_contig_66152,8199,20,Y,Y,10,218,66152,
snj13_contig_10509,8121,3,Y,Y,1,4918,10509,
snj13_contig_2598,8029,5,Y,Y,1,4412,2598,
snj13_contig_76583,7895,6,Y,N,1,*,76583,
snj13_contig_77559,7566,8,Y,N,1,*,77559,
snj13_contig_78469,7238,20,Y,N,5,*,78469,
snj13_contig_44312,7136,7,Y,N,1,*,44312,
snj13_contig_77838,7037,9,Y,N,1,*,77838,
snj13_contig_78263,6000,6,Y,N,1,*,78263,
snj13_contig_64068,5928,16,Y,N,3,*,64068,
snj13_contig_30405,5883,6,Y,N,1,*,30405,
snj13_contig_67493,5575,9,Y,N,2,*,67493,
snj13_contig_75560,5544,14,Y,N,3,*,75560,
snj13_contig_47955,5453,7,Y,N,2,*,47955,
snj13_contig_41458,5430,10,Y,Y,2,*,41458,
snj13_contig_70733,5404,6,Y,N,1,*,70733,
snj13_contig_77639,5394,17,Y,N,3,*,77639,
snj13_contig_63750,5393,49,Y,Y,12,*,63750,
snj13_contig_52058,5313,13,Y,N,3,*,52058,
snj13_contig_78411,5263,15,Y,N,4,*,78411,
snj13_contig_35343,5181,35,Y,Y,8,*,35343,
snj13_contig_54854,5100,16,Y,Y,4,*,54854,
snj13_contig_78308,5100,65,Y,Y,16,*,78308,
snj13_contig_54223,4877,8,Y,Y,2,*,54223,
snj13_contig_38497,4040,3,Y,Y,1,*,38497,
snj13_contig_76171,3661,3,Y,Y,1,5414,76171,
snj13_contig_74651,3574,3,Y,Y,1,4648,74651,
snj13_contig_12530,3274,5,Y,Y,1,5042,12530,
snj13_contig_75955,2922,7,Y,Y,1,4410,75955,
snj13_contig_74768,2349,6,Y,Y,1,236,74768,
snj13_contig_6381,2033,5,Y,Y,1,4698,6381,
snj13_contig_38120,1358,49,Y,Y,12,*,38120,
snj13_contig_44502,1135,6,Y,Y,1,*,44502,
snj13_contig_68971,747,120,Y,Y,29,*,68971,
snj13_contig_1773,698,5,Y,Y,1,4354,1773,
snj13_contig_12235,612,756,Y,Y,189,*,12235,
snj13_contig_43880,577,356,Y,Y,89,*,43880,
snj14_contig_69262,108468,7,Y,N,1,*,69262,
snj14_contig_69771,108205,11,Y,N,2,*,69771,
snj14_contig_56604,107674,4,Y,N,1,*,56604,
snj14_contig_71887,95750,9,Y,N,1,*,71887,
snj14_contig_71841,93532,20,Y,N,4,*,71841,
snj14_contig_71086,85074,10,Y,N,1,*,71086,
snj14_contig_68919,82215,4,Y,N,1,*,68919,
snj14_contig_72171,79222,8,Y,N,1,*,72171,
snj14_contig_71625,79130,6,Y,N,1,*,71625,
snj14_contig_50950,72993,6,Y,N,1,*,50950,
snj14_contig_72062,71182,6,Y,N,1,*,72062,
snj14_contig_72157,70917,8,Y,N,1,*,72157,
snj14_contig_72117,70476,4,Y,N,1,*,72117,
snj14_contig_70484,66592,23,Y,N,4,*,70484,
snj14_contig_69488,64797,7,Y,N,1,*,69488,
snj14_contig_72316,64791,7,Y,N,1,*,72316,
snj14_contig_72072,64487,11,Y,N,1,*,72072,
snj14_contig_72151,64381,11,Y,N,2,*,72151,
snj14_contig_71155,63426,35,Y,N,6,*,71155,
snj14_contig_72262,62995,24,Y,N,4,*,72262,
snj14_contig_70618,62727,5,Y,N,1,*,70618,
snj14_contig_71632,62418,6,Y,N,1,*,71632,
snj14_contig_71293,62133,18,Y,N,3,*,71293,
snj14_contig_71870,61729,12,Y,N,2,*,71870,
snj14_contig_72200,61624,6,Y,N,1,*,72200,
snj14_contig_53565,60445,9,Y,N,1,*,53565,
snj14_contig_70380,58508,9,Y,N,1,*,70380,
snj14_contig_27786,58195,5,Y,N,1,*,27786,
snj14_contig_72088,57059,63,Y,N,12,*,72088,
snj14_contig_21883,56360,13,Y,N,2,*,21883,
snj14_contig_68295,55969,3,Y,N,1,*,68295,
snj14_contig_71933,53953,13,Y,N,2,*,71933,
snj14_contig_72321,51605,4,Y,Y,1,*,72321,
snj14_contig_70114,50827,18,Y,N,3,*,70114,
snj14_contig_72305,49856,13,Y,N,2,*,72305,
snj14_contig_68475,49085,23,Y,N,2,*,68475,
snj14_contig_71554,48860,4,Y,N,1,*,71554,
snj14_contig_51347,48634,5,Y,N,1,*,51347,
snj14_contig_56568,48233,6,Y,N,1,*,56568,
snj14_contig_71995,47970,7,Y,N,1,*,71995,
snj14_contig_70643,47833,11,Y,Y,3,*,70643,
snj14_contig_12504,47690,5,Y,Y,1,*,12504,
snj14_contig_72322,47079,18,Y,N,3,*,72322,
snj14_contig_71862,46971,8,Y,Y,2,*,71862,
snj14_contig_72187,46922,7,Y,N,1,*,72187,
snj14_contig_68854,46826,6,Y,Y,3,*,68854,
snj14_contig_27039,46760,14,Y,N,2,*,27039,
snj14_contig_66239,46674,3,Y,Y,1,252,66239,
snj14_contig_72284,46038,5,Y,N,1,*,72284,
snj14_contig_69191,45967,13,Y,N,2,*,69191,
snj14_contig_72256,45495,3,Y,Y,1,*,72256,
snj14_contig_69010,44967,4,Y,N,1,*,69010,
snj14_contig_40800,44744,9,Y,Y,1,202,40800,
snj14_contig_68573,44712,6,Y,N,1,*,68573,
snj14_contig_69966,44087,70,Y,N,13,*,69966,
snj14_contig_68942,44015,6,Y,N,1,*,68942,
snj14_contig_69073,43954,45,Y,N,9,*,69073,
snj14_contig_69919,43576,6,Y,N,1,*,69919,
snj14_contig_70699,43536,11,Y,Y,3,*,70699,
snj14_contig_32912,43059,8,Y,Y,2,*,32912,
snj14_contig_72263,42902,11,Y,N,1,*,72263,
snj14_contig_72293,42682,10,Y,N,1,*,72293,
snj14_contig_72207,42658,7,Y,N,1,*,72207,
snj14_contig_72245,42658,13,Y,N,1,*,72245,
snj14_contig_70481,42614,17,Y,N,3,*,70481,
snj14_contig_72323,42433,8,Y,N,1,*,72323,
snj14_contig_72114,42070,23,Y,N,4,*,72114,
snj14_contig_72286,41959,3,Y,N,1,*,72286,
snj14_contig_71238,41834,9,Y,N,1,*,71238,
snj14_contig_72188,41709,16,Y,N,2,*,72188,
snj14_contig_71495,41675,10,Y,N,2,*,71495,
snj14_contig_71975,41654,26,Y,N,4,*,71975,
snj14_contig_71900,41624,11,Y,N,2,*,71900,
snj14_contig_71352,41396,4,Y,N,1,*,71352,
snj14_contig_72292,41383,8,Y,N,1,*,72292,
snj14_contig_72261,41277,14,Y,N,2,*,72261,
snj14_contig_69833,41203,16,Y,N,2,*,69833,
snj14_contig_18852,41140,3,Y,Y,1,114,18852,
snj14_contig_72029,41092,5,Y,N,1,*,72029,
snj14_contig_72319,41059,3,Y,Y,1,*,72319,
snj14_contig_71782,41022,11,Y,N,1,*,71782,
snj14_contig_856,40615,6,Y,Y,1,10,856,
snj14_contig_71587,40512,6,Y,N,1,*,71587,
snj14_contig_72028,40475,12,Y,N,2,*,72028,
snj14_contig_53211,40395,10,Y,N,2,*,53211,
snj14_contig_72273,40390,6,Y,N,1,*,72273,
snj14_contig_72143,40345,7,Y,N,1,*,72143,
snj14_contig_70885,40340,3,Y,Y,1,*,70885,
snj14_contig_69962,40236,11,Y,N,2,*,69962,
snj14_contig_72281,40174,6,Y,N,1,*,72281,
snj14_contig_70306,40164,8,Y,N,1,*,70306,
snj14_contig_72032,39978,17,Y,N,2,*,72032,
snj14_contig_71934,39976,9,Y,N,1,*,71934,
snj14_contig_44725,39827,6,Y,N,1,*,44725,
snj14_contig_53083,39773,8,Y,N,1,*,53083,
snj14_contig_72320,39763,4,Y,Y,1,*,72320,
snj14_contig_34116,39744,15,Y,N,2,*,34116,
snj14_contig_71059,39679,22,Y,N,4,*,71059,
snj14_contig_72053,39676,14,Y,N,2,*,72053,
snj14_contig_38823,39675,12,Y,N,2,*,38823,
snj14_contig_71141,39662,4,Y,N,1,*,71141,
snj14_contig_72312,39534,13,Y,N,2,*,72312,
snj14_contig_72057,39531,28,Y,N,5,*,72057,
snj14_contig_60935,39496,8,Y,N,2,*,60935,
snj14_contig_72155,39037,12,Y,N,2,*,72155,
snj14_contig_70921,39025,11,Y,N,1,*,70921,
snj14_contig_44220,38918,11,Y,N,2,*,44220,
snj14_contig_550,38829,3,Y,Y,1,6,550,
snj14_contig_69450,38480,3,Y,N,1,*,69450,
snj14_contig_72317,38381,13,Y,N,2,*,72317,
snj14_contig_2328,38125,30,Y,N,6,*,2328,
snj14_contig_72299,37922,16,Y,N,2,*,72299,
snj14_contig_5945,37841,3,Y,N,1,*,5945,
snj14_contig_69973,37802,7,Y,N,1,*,69973,
snj14_contig_72216,37707,31,Y,N,5,*,72216,
snj14_contig_49014,36784,41,Y,N,7,*,49014,
snj14_contig_70392,36444,49,Y,N,9,*,70392,
snj14_contig_72228,35494,8,Y,N,1,*,72228,
snj14_contig_23626,35370,5,Y,Y,1,142,23626,
snj14_contig_57670,35201,10,Y,N,1,*,57670,
snj14_contig_68422,35166,10,Y,N,1,*,68422,
snj14_contig_72254,34508,4,Y,N,1,*,72254,
snj14_contig_69363,34295,3,Y,Y,1,274,69363,
snj14_contig_71939,33925,6,Y,N,1,*,71939,
snj14_contig_72037,32411,79,Y,N,15,*,72037,
snj14_contig_53905,32171,4,Y,Y,1,234,53905,
snj14_contig_71129,32054,52,Y,N,9,*,71129,
snj14_contig_26312,30610,8,Y,Y,1,156,26312,
snj14_contig_46140,30576,7,Y,N,1,*,46140,
snj14_contig_68372,30247,15,Y,N,2,*,68372,
snj14_contig_14504,29887,4,Y,Y,1,92,14504,
snj14_contig_71029,28874,9,Y,N,1,*,71029,
snj14_contig_72226,28516,10,Y,N,1,*,72226,
snj14_contig_839,28048,4,Y,Y,1,8,839,
snj14_contig_70783,26751,5,Y,N,1,*,70783,
snj14_contig_70696,25441,5,Y,N,1,*,70696,
snj14_contig_50211,24946,19,Y,N,3,*,50211,
snj14_contig_44258,24792,9,Y,N,1,*,44258,
snj14_contig_2963,24123,7,Y,N,1,*,2963,
snj14_contig_68945,23868,7,Y,N,1,*,68945,
snj14_contig_36432,22965,3,Y,Y,1,4494,36432,
snj14_contig_24821,22796,6,Y,Y,1,6394,24821,
snj14_contig_68920,21995,3,Y,N,1,*,68920,
snj14_contig_57035,20814,3,Y,Y,1,5732,57035,
snj14_contig_70303,20697,4,Y,Y,1,*,70303,
snj14_contig_3962,20267,8,Y,Y,2,4762,3962,
snj14_contig_71349,20098,6,Y,N,1,*,71349,
snj14_contig_71058,19457,4,Y,N,1,*,71058,
snj14_contig_72202,19194,17,Y,N,3,*,72202,
snj14_contig_16263,18997,6,Y,Y,2,*,16263,
snj14_contig_68255,18938,5,Y,Y,1,254,68255,
snj14_contig_72311,18265,8,Y,N,1,*,72311,
snj14_contig_69887,18194,5,Y,N,1,*,69887,
snj14_contig_71672,18158,3,Y,N,1,*,71672,
snj14_contig_72133,18063,10,Y,N,2,*,72133,
snj14_contig_70761,17318,4,Y,N,1,*,70761,
snj14_contig_72279,16699,10,Y,N,1,*,72279,
snj14_contig_22541,16362,19,Y,Y,2,5826,22541,
snj14_contig_68632,16188,7,Y,N,1,*,68632,
snj14_contig_26604,16161,5,Y,Y,1,5998,26604,
snj14_contig_70152,15949,8,Y,N,1,*,70152,
snj14_contig_42398,15725,5,Y,N,1,*,42398,
snj14_contig_70347,15284,10,Y,N,1,*,70347,
snj14_contig_70106,14990,5,Y,Y,1,*,70106,
snj14_contig_69850,14806,11,Y,Y,1,280,69850,
snj14_contig_22714,14734,4,Y,Y,1,5846,22714,
snj14_contig_31519,14539,4,Y,Y,1,6672,31519,
snj14_contig_18139,14460,3,Y,Y,1,5616,18139,
snj14_contig_68575,13229,22,Y,N,4,*,68575,
snj14_contig_7464,12880,9,Y,Y,3,5042,7464,
snj14_contig_41631,12632,5,Y,N,1,*,41631,
snj14_contig_71807,12299,8,Y,N,1,*,71807,
snj14_contig_9237,11924,3,Y,Y,1,5706,9237,
snj14_contig_725,11760,20,Y,Y,3,6580,725,
snj14_contig_69187,11715,8,Y,Y,1,4378,69187,
snj14_contig_16206,11270,5,Y,Y,1,6940,16206,
snj14_contig_25074,10822,4,Y,Y,1,152,25074,
snj14_contig_61076,10819,10,Y,Y,2,248,61076,
snj14_contig_49418,10744,5,Y,Y,1,6842,49418,
snj14_contig_22379,10054,3,Y,Y,1,5820,22379,
snj14_contig_50126,9189,10,Y,Y,2,5368,50126,
snj14_contig_26777,9183,5,Y,N,1,*,26777,
snj14_contig_72147,8807,15,Y,N,2,*,72147,
snj14_contig_17204,8757,10,Y,Y,5,108,17204,
snj14_contig_42079,7942,6,Y,N,1,*,42079,
snj14_contig_56555,7194,3,Y,Y,1,6540,56555,
snj14_contig_71094,6545,7,Y,N,1,*,71094,
snj14_contig_34771,6453,10,Y,N,2,*,34771,
snj14_contig_62037,6205,3,Y,N,1,*,62037,
snj14_contig_43797,5668,21,Y,N,4,*,43797,
snj14_contig_71895,5454,15,Y,N,2,*,71895,
snj14_contig_28391,4115,10,Y,Y,2,*,28391,
snj14_contig_70479,3999,3,Y,Y,1,4590,70479,
snj14_contig_16348,3609,3,Y,Y,1,*,16348,
snj14_contig_5206,2391,5,Y,Y,1,*,5206,
snj14_contig_70149,2182,4,Y,Y,1,6774,70149,
snj14_contig_5952,1210,4,Y,Y,1,4936,5952,
snj14_contig_12965,1174,4,Y,Y,1,*,12965,
snj14_contig_24460,892,3,Y,Y,1,6784,24460,
snj14_contig_52761,697,168,Y,Y,32,*,52761,
snj14_contig_19264,592,3,Y,Y,1,5680,19264,
snj14_contig_11565,446,4,Y,Y,1,5296,11565,
snj15_contig_81172,120679,5,Y,N,1,*,81172,
snj15_contig_81362,78281,7,Y,N,1,*,81362,
snj15_contig_45660,76850,16,Y,N,4,*,45660,
snj15_contig_78725,72740,4,Y,N,1,*,78725,
snj15_contig_72867,71787,6,Y,N,1,*,72867,
snj15_contig_79510,71234,8,Y,N,1,*,79510,
snj15_contig_24349,70663,7,Y,N,1,*,24349,
snj15_contig_80871,69842,11,Y,N,3,*,80871,
snj15_contig_82698,69010,8,Y,N,2,*,82698,
snj15_contig_80049,68680,13,Y,N,3,*,80049,
snj15_contig_82702,65696,15,Y,N,3,*,82702,
snj15_contig_82680,64865,4,Y,N,1,*,82680,
snj15_contig_82588,64200,9,Y,N,1,*,82588,
snj15_contig_82220,62523,3,Y,N,1,*,82220,
snj15_contig_82308,62124,8,Y,N,2,*,82308,
snj15_contig_82672,61664,7,Y,N,1,*,82672,
snj15_contig_8479,60757,3,Y,N,1,*,8479,
snj15_contig_81158,60359,5,Y,N,1,*,81158,
snj15_contig_82607,60227,8,Y,N,2,*,82607,
snj15_contig_73070,58766,3,Y,N,1,*,73070,
snj15_contig_82701,55769,6,Y,N,1,*,82701,
snj15_contig_80900,49599,10,Y,N,2,*,80900,
snj15_contig_82395,47267,3,Y,Y,1,*,82395,
snj15_contig_46662,46102,5,Y,Y,1,120,46662,
snj15_contig_80219,46014,4,Y,N,1,*,80219,
snj15_contig_78680,45401,9,Y,N,2,*,78680,
snj15_contig_82750,45180,5,Y,Y,1,*,82750,
snj15_contig_82726,44863,7,Y,N,1,*,82726,
snj15_contig_82709,44690,8,Y,N,2,*,82709,
snj15_contig_80809,44632,5,Y,N,1,*,80809,
snj15_contig_79124,44585,3,Y,Y,1,*,79124,
snj15_contig_82222,44574,7,Y,N,1,*,82222,
snj15_contig_78966,44474,6,Y,N,1,*,78966,
snj15_contig_81557,43585,7,Y,N,1,*,81557,
snj15_contig_54859,43115,6,Y,N,1,*,54859,
snj15_contig_21423,42344,9,Y,N,2,*,21423,
snj15_contig_79880,42209,6,Y,N,1,*,79880,
snj15_contig_78724,42012,7,Y,N,1,*,78724,
snj15_contig_81155,41700,10,Y,N,2,*,81155,
snj15_contig_80128,39430,6,Y,Y,2,*,80128,
snj15_contig_81565,39000,4,Y,N,1,*,81565,
snj15_contig_82438,38586,5,Y,N,1,*,82438,
snj15_contig_81637,38438,112,Y,N,28,*,81637,
snj15_contig_81760,37858,3,Y,N,1,*,81760,
snj15_contig_16420,36312,3,Y,Y,1,60,16420,
snj15_contig_80262,30251,4,Y,N,1,*,80262,
snj15_contig_82596,25817,3,Y,N,1,*,82596,
snj15_contig_11089,23836,5,Y,N,1,*,11089,
snj15_contig_35643,22066,3,Y,Y,1,98,35643,
snj15_contig_60489,21639,6,Y,Y,2,3688,60489,
snj15_contig_24597,21247,12,Y,Y,2,3746,24597,
snj15_contig_81063,20155,7,Y,N,1,*,81063,
snj15_contig_82417,19600,3,Y,Y,1,*,82417,
snj15_contig_79804,17089,15,Y,N,3,*,79804,
snj15_contig_29893,16639,3,Y,Y,1,90,29893,
snj15_contig_82209,16303,3,Y,Y,1,*,82209,
snj15_contig_82740,15790,21,Y,N,4,*,82740,
snj15_contig_65100,15592,10,Y,Y,3,148,65100,
snj15_contig_2886,15540,3,Y,N,1,*,2886,
snj15_contig_17035,15535,13,Y,Y,2,5320,17035,
snj15_contig_81288,15493,4,Y,N,1,*,81288,
snj15_contig_80460,15332,7,Y,N,1,*,80460,
snj15_contig_61222,13453,7,Y,Y,2,3970,61222,
snj15_contig_12985,12749,9,Y,Y,1,4296,12985,
snj15_contig_53394,12706,3,Y,Y,1,130,53394,
snj15_contig_44350,11465,6,Y,N,1,*,44350,
snj15_contig_80914,11268,5,Y,N,1,*,80914,
snj15_contig_69422,11241,7,Y,N,1,*,69422,
snj15_contig_81827,10674,6,Y,N,1,*,81827,
snj15_contig_82128,10078,9,Y,N,1,*,82128,
snj15_contig_80561,9228,3,Y,Y,1,4520,80561,
snj15_contig_81460,9085,5,Y,N,1,*,81460,
snj15_contig_35278,8457,5,Y,N,1,*,35278,
snj15_contig_35940,7985,3,Y,Y,1,100,35940,
snj15_contig_42068,7768,3,Y,Y,1,3810,42068,
snj15_contig_79164,7727,17,Y,N,3,*,79164,
snj15_contig_80730,7030,8,Y,N,1,*,80730,
snj15_contig_82138,6973,8,Y,N,2,*,82138,
snj15_contig_79219,6633,10,Y,N,2,*,79219,
snj15_contig_55701,6285,5,Y,N,1,*,55701,
snj15_contig_79526,6071,9,Y,N,2,*,79526,
snj15_contig_55541,5591,3,Y,N,1,*,55541,
snj15_contig_30275,5445,7,Y,Y,2,92,30275,
snj15_contig_82429,4999,9,Y,Y,2,*,82429,
snj15_contig_22432,3999,3,Y,Y,1,4242,22432,
snj15_contig_78855,3374,8,Y,Y,4,166,78855,
snj15_contig_9404,1717,5,Y,Y,1,5268,9404,
snj15_contig_23383,814,101,Y,Y,25,*,23383,
snj15_contig_1609,695,4,Y,Y,1,3736,1609,
snj16_contig_26960,386778,8,Y,N,1,*,26960,
snj16_contig_38221,168750,7,Y,N,1,*,38221,
snj16_contig_52340,100161,5,Y,N,1,*,52340,
snj16_contig_21900,97428,10,Y,N,2,*,21900,
snj16_contig_51023,68208,25,Y,N,5,*,51023,
snj16_contig_52093,52753,4,Y,N,1,*,52093,
snj16_contig_50752,50726,3,Y,N,1,*,50752,
snj16_contig_30194,48196,14,Y,N,3,*,30194,
snj16_contig_18174,48135,7,Y,N,1,*,18174,
snj16_contig_50150,46656,3,Y,N,1,*,50150,
snj16_contig_19899,46640,6,Y,N,1,*,19899,
snj16_contig_35502,44472,12,Y,N,3,*,35502,
snj16_contig_52348,42987,6,Y,N,1,*,52348,
snj16_contig_52103,42696,11,Y,N,2,*,52103,
snj16_contig_52330,42591,3,Y,N,1,*,52330,
snj16_contig_52284,42186,10,Y,N,2,*,52284,
snj16_contig_42920,41990,4,Y,Y,1,*,42920,
snj16_contig_16314,40069,5,Y,Y,1,*,16314,
snj16_contig_50557,38731,3,Y,N,1,*,50557,
snj16_contig_52343,38519,3,Y,N,1,*,52343,
snj16_contig_51794,38239,9,Y,N,1,*,51794,
snj16_contig_52331,38080,5,Y,N,1,*,52331,
snj16_contig_48172,37885,4,Y,N,1,*,48172,
snj16_contig_51574,37406,10,Y,N,2,*,51574,
snj16_contig_52072,36419,11,Y,N,3,*,52072,
snj16_contig_32674,34105,7,Y,N,1,*,32674,
snj16_contig_50839,33837,4,Y,N,1,*,50839,
snj16_contig_50303,31000,7,Y,N,1,*,50303,
snj16_contig_50106,30551,8,Y,N,2,*,50106,
snj16_contig_52322,30506,3,Y,N,1,*,52322,
snj16_contig_13183,29591,3,Y,Y,1,38,13183,
snj16_contig_51755,27928,3,Y,Y,1,*,51755,
snj16_contig_52287,26522,6,Y,N,1,*,52287,
snj16_contig_34922,23932,3,Y,Y,1,2236,34922,
snj16_contig_52265,22524,5,Y,Y,1,*,52265,
snj16_contig_51654,21898,5,Y,Y,1,*,51654,
snj16_contig_22593,20526,4,Y,Y,2,64,22593,
snj16_contig_33152,19351,18,Y,Y,4,2912,33152,
snj16_contig_51820,16811,3,Y,Y,1,*,51820,
snj16_contig_49975,16458,5,Y,Y,1,2078,49975,
snj16_contig_51702,15814,11,Y,N,2,*,51702,
snj16_contig_3220,15805,23,Y,N,5,*,3220,
snj16_contig_20879,15455,6,Y,Y,1,2264,20879,
snj16_contig_50192,15342,3,Y,Y,1,2206,50192,
snj16_contig_50795,13406,4,Y,Y,1,2552,50795,
snj16_contig_39690,10097,4,Y,N,1,*,39690,
snj16_contig_10938,9359,3,Y,Y,1,2884,10938,
snj16_contig_4354,9063,4,Y,N,1,*,4354,
snj16_contig_52355,9039,15,Y,N,2,*,52355,
snj16_contig_22053,8955,9,Y,Y,1,2410,22053,
snj16_contig_31939,8730,7,Y,Y,2,2378,31939,
snj16_contig_51932,8216,5,Y,N,1,*,51932,
snj16_contig_52352,8027,15,Y,N,2,*,52352,
snj16_contig_50445,7854,4,Y,N,1,*,50445,
snj16_contig_52349,7739,7,Y,N,1,*,52349,
snj16_contig_41812,7586,20,Y,N,4,*,41812,
snj16_contig_51340,7537,3,Y,Y,1,*,51340,
snj16_contig_24115,7198,3,Y,Y,1,68,24115,
snj16_contig_51837,6979,9,Y,N,2,*,51837,
snj16_contig_49505,6228,7,Y,N,1,*,49505,
snj16_contig_31257,6128,14,Y,N,2,*,31257,
snj16_contig_31258,5657,20,Y,Y,4,*,31258,
snj16_contig_46644,5233,10,Y,N,2,*,46644,
snj16_contig_52138,5230,16,Y,N,3,*,52138,
snj16_contig_50270,5024,9,Y,N,2,*,50270,
snj16_contig_29119,4978,6,Y,N,1,*,29119,
snj16_contig_13668,4770,6,Y,Y,1,*,13668,
snj16_contig_38748,4656,6,Y,Y,1,*,38748,
snj16_contig_37009,4378,7,Y,Y,1,*,37009,
snj16_contig_11193,2488,17,Y,Y,4,*,11193,
snj16_contig_11184,1008,33,Y,Y,8,*,11184,
snj16_contig_20914,922,20,Y,Y,4,*,20914,
snj16_contig_11709,549,3,Y,Y,1,34,11709,
snj19_contig_3166,173816,14,Y,N,1,*,3166,
snj19_contig_65689,144326,5,Y,N,1,*,65689,
snj19_contig_44788,138140,6,Y,N,1,*,44788,
snj19_contig_65898,108947,4,Y,N,1,*,65898,
snj19_contig_32628,83317,11,Y,N,1,*,32628,
snj19_contig_66007,81493,5,Y,N,1,*,66007,
snj19_contig_12055,53952,4,Y,N,1,*,12055,
snj19_contig_65739,49286,13,Y,N,2,*,65739,
snj19_contig_64354,46964,13,Y,N,2,*,64354,
snj19_contig_64185,45707,19,Y,N,3,*,64185,
snj19_contig_65740,45328,215,Y,N,42,*,65740,
snj19_contig_65895,43577,10,Y,N,1,*,65895,
snj19_contig_63833,38877,10,Y,N,2,*,63833,
snj19_contig_62492,38260,4,Y,Y,1,*,62492,
snj19_contig_65735,33909,6,Y,Y,1,252,65735,
snj19_contig_65854,31950,6,Y,N,1,*,65854,
snj19_contig_27243,31491,6,Y,Y,1,138,27243,
snj19_contig_2109,31464,8,Y,Y,1,16,2109,
snj19_contig_48871,30564,10,Y,Y,1,194,48871,
snj19_contig_63396,28586,4,Y,Y,4,*,63396,
snj19_contig_63385,28017,8,Y,Y,2,*,63385,
snj19_contig_65488,25293,12,Y,N,2,*,65488,
snj19_contig_64166,25057,8,Y,Y,2,*,64166,
snj19_contig_31789,24745,31,Y,N,5,*,31789,
snj19_contig_9082,23047,6,Y,Y,1,3696,9082,
snj19_contig_39194,22978,4,Y,Y,1,170,39194,
snj19_contig_25536,22690,4,Y,Y,1,134,25536,
snj19_contig_65025,21032,6,Y,Y,1,242,65025,
snj19_contig_37352,20509,7,Y,Y,1,168,37352,
snj19_contig_65999,19515,5,Y,N,1,*,65999,
snj19_contig_11134,19425,5,Y,Y,1,60,11134,
snj19_contig_39942,18525,4,Y,Y,1,174,39942,
snj19_contig_63689,17842,6,Y,N,1,*,63689,
snj19_contig_18422,15933,5,Y,Y,1,92,18422,
snj19_contig_23496,15750,6,Y,Y,1,128,23496,
snj19_contig_46325,15578,6,Y,Y,2,192,46325,
snj19_contig_62510,15427,21,Y,Y,4,3598,62510,
snj19_contig_37679,14850,6,Y,Y,1,5142,37679,
snj19_contig_36839,14608,11,Y,N,2,*,36839,
snj19_contig_23164,14516,4,Y,Y,1,4022,23164,
snj19_contig_15862,13814,10,Y,Y,2,4254,15862,
snj19_contig_14862,13812,4,Y,Y,1,3980,14862,
snj19_contig_3375,13444,5,Y,Y,1,4932,3375,
snj19_contig_19411,12789,9,Y,Y,2,94,19411,
snj19_contig_6563,12764,20,Y,Y,2,40,6563,
snj19_contig_34012,12733,4,Y,Y,1,4738,34012,
snj19_contig_5082,12560,3,Y,Y,1,30,5082,
snj19_contig_42990,12240,4,Y,Y,1,4952,42990,
snj19_contig_3301,12199,18,Y,Y,3,20,3301,
snj19_contig_11072,11597,5,Y,Y,1,58,11072,
snj19_contig_65577,11553,13,Y,Y,1,4324,65577,
snj19_contig_56252,11222,5,Y,Y,1,4110,56252,
snj19_contig_63389,10979,7,Y,N,1,*,63389,
snj19_contig_65781,10154,4,Y,N,1,*,65781,
snj19_contig_23005,9963,5,Y,Y,1,4824,23005,
snj19_contig_4151,9364,5,Y,Y,1,4876,4151,
snj19_contig_62917,9315,3,Y,Y,1,*,62917,
snj19_contig_21893,9259,3,Y,Y,1,*,21893,
snj19_contig_57947,9019,19,Y,Y,3,*,57947,
snj19_contig_63425,8973,14,Y,N,2,*,63425,
snj19_contig_40418,7980,8,Y,N,1,*,40418,
snj19_contig_10936,7961,3,Y,Y,1,4218,10936,
snj19_contig_59723,7613,3,Y,Y,1,4792,59723,
snj19_contig_65883,6993,38,Y,N,7,*,65883,
snj19_contig_41262,6319,6,Y,N,1,*,41262,
snj19_contig_65179,6094,184,Y,N,36,*,65179,
snj19_contig_9860,6000,5,Y,Y,1,*,9860,
snj19_contig_61686,5681,6,Y,N,1,*,61686,
snj19_contig_58620,5561,15,Y,N,3,*,58620,
snj19_contig_6973,5346,20,Y,N,3,*,6973,
snj19_contig_22287,5244,18,Y,N,3,*,22287,
snj19_contig_27059,5145,20,Y,Y,3,*,27059,
snj19_contig_16798,4978,6,Y,N,1,*,16798,
snj19_contig_64947,4864,5,Y,Y,1,*,64947,
snj19_contig_39894,4637,9,Y,Y,1,*,39894,
snj19_contig_25585,4063,3,Y,Y,1,4830,25585,
snj19_contig_43655,4036,4,Y,Y,1,5094,43655,
snj19_contig_35806,3404,3,Y,Y,1,4122,35806,
snj19_contig_64651,2530,5,Y,Y,1,5112,64651,
snj19_contig_62838,1786,3,Y,Y,1,3876,62838,
snj20_contig_26508,110415,8,Y,N,1,*,26508,
snj20_contig_2318,96459,10,Y,N,1,*,2318,
snj20_contig_87427,84016,7,Y,N,1,*,87427,
snj20_contig_86591,73265,6,Y,N,2,*,86591,
snj20_contig_88332,64812,5,Y,N,1,*,88332,
snj20_contig_88569,60883,6,Y,N,1,*,88569,
snj20_contig_86761,52074,3,Y,N,1,*,86761,
snj20_contig_88336,50326,5,Y,N,1,*,88336,
snj20_contig_87872,46849,4,Y,N,1,*,87872,
snj20_contig_85986,44927,5,Y,N,1,*,85986,
snj20_contig_87463,44749,11,Y,N,2,*,87463,
snj20_contig_86464,44645,5,Y,N,1,*,86464,
snj20_contig_88494,43758,3,Y,N,1,*,88494,
snj20_contig_84355,42892,6,Y,N,1,*,84355,
snj20_contig_86065,41112,9,Y,N,1,*,86065,
snj20_contig_87879,40950,4,Y,Y,1,194,87879,
snj20_contig_88121,40387,5,Y,N,1,*,88121,
snj20_contig_88102,40279,8,Y,N,2,*,88102,
snj20_contig_88541,39712,8,Y,N,2,*,88541,
snj20_contig_88501,38483,9,Y,N,2,*,88501,
snj20_contig_16902,37965,12,Y,Y,2,60,16902,
snj20_contig_88429,37835,20,Y,N,5,*,88429,
snj20_contig_88324,36775,4,Y,N,1,*,88324,
snj20_contig_88477,34772,7,Y,N,2,*,88477,
snj20_contig_406,29909,8,Y,Y,1,2,406,
snj20_contig_65909,24697,4,Y,Y,1,154,65909,
snj20_contig_39766,21380,5,Y,Y,1,116,39766,
snj20_contig_70295,19881,11,Y,N,2,*,70295,
snj20_contig_52377,19464,19,Y,N,3,*,52377,
snj20_contig_3661,18566,6,Y,Y,1,12,3661,
snj20_contig_20404,17864,4,Y,Y,1,76,20404,
snj20_contig_58366,16357,5,Y,Y,1,3570,58366,
snj20_contig_67161,15630,27,Y,Y,6,4046,67161,
snj20_contig_17990,14695,4,Y,Y,1,70,17990,
snj20_contig_88556,14401,16,Y,N,3,*,88556,
snj20_contig_9149,13611,15,Y,Y,3,3296,9149,
snj20_contig_15703,13579,14,Y,N,3,*,15703,
snj20_contig_9687,13434,3,Y,Y,1,40,9687,
snj20_contig_63421,13429,16,Y,Y,4,3330,63421,
snj20_contig_5925,13340,3,Y,Y,1,16,5925,
snj20_contig_13301,13147,4,Y,Y,1,50,13301,
snj20_contig_86542,12920,3,Y,Y,1,190,86542,
snj20_contig_9593,11707,7,Y,Y,1,3272,9593,
snj20_contig_26810,11582,21,Y,Y,4,86,26810,
snj20_contig_15045,11267,7,Y,Y,2,54,15045,
snj20_contig_63855,10729,16,Y,Y,3,3986,63855,
snj20_contig_39904,9940,3,Y,Y,1,*,39904,
snj20_contig_14257,9847,5,Y,Y,1,52,14257,
snj20_contig_9557,9799,3,Y,Y,1,36,9557,
snj20_contig_88334,9076,7,Y,N,1,*,88334,
snj20_contig_5772,8606,6,Y,Y,1,3136,5772,
snj20_contig_75603,8424,13,Y,N,3,*,75603,
snj20_contig_87740,8194,5,Y,Y,1,3780,87740,
snj20_contig_87534,7807,3,Y,Y,1,*,87534,
snj20_contig_64348,7386,9,Y,Y,2,144,64348,
snj20_contig_88605,6932,14,Y,N,3,*,88605,
snj20_contig_88323,6239,14,Y,N,3,*,88323,
snj20_contig_88251,6123,5,Y,N,1,*,88251,
snj20_contig_44968,5678,13,Y,N,2,*,44968,
snj20_contig_85178,5636,7,Y,Y,1,176,85178,
snj20_contig_88136,5616,9,Y,N,2,*,88136,
snj20_contig_13129,5210,12,Y,Y,2,*,13129,
snj20_contig_46093,5049,5,Y,N,1,*,46093,
snj20_contig_57047,5025,39,Y,Y,9,*,57047,
snj20_contig_73471,4908,9,Y,Y,1,*,73471,
snj20_contig_58838,4885,9,Y,Y,2,*,58838,
snj20_contig_88595,4764,20,Y,Y,4,*,88595,
snj20_contig_29932,4656,17,Y,Y,4,*,29932,
snj20_contig_49262,4414,5,Y,Y,1,*,49262,
snj20_contig_56601,4255,4,Y,Y,1,3142,56601,
snj20_contig_49696,4238,7,Y,Y,2,*,49696,
snj20_contig_1561,3701,4,Y,Y,1,2956,1561,
snj20_contig_4573,2020,4,Y,Y,1,*,4573,
snj20_contig_67346,1182,29,Y,Y,7,*,67346,
snj20_contig_314,740,6,Y,Y,1,3078,314,
snj20_contig_30143,685,5,Y,Y,1,3812,30143,
snj20_contig_18334,642,5,Y,Y,1,72,18334,
