cpsnj01_SemiBin_0	4476	4138
cpsnj01_SemiBin_10	5588	4741
cpsnj01_SemiBin_110	4795	3725
cpsnj01_SemiBin_112	6042	4563
cpsnj01_SemiBin_115	4899	4178
cpsnj01_SemiBin_118	2839	2173
cpsnj01_SemiBin_11	3720	3450
cpsnj01_SemiBin_1216	2597	2237
cpsnj01_SemiBin_1234	2609	2014
cpsnj01_SemiBin_123	4364	3666
cpsnj01_SemiBin_124	4748	3981
cpsnj01_SemiBin_1263	4884	3847
cpsnj01_SemiBin_127	3727	2976
cpsnj01_SemiBin_12	5959	5270
cpsnj01_SemiBin_146	2367	2185
cpsnj01_SemiBin_14	6768	5846
cpsnj01_SemiBin_156	4255	3311
cpsnj01_SemiBin_15	4508	3675
cpsnj01_SemiBin_16	2907	2619
cpsnj01_SemiBin_17	6643	5602
cpsnj01_SemiBin_18	4862	4258
cpsnj01_SemiBin_19	5724	4952
cpsnj01_SemiBin_1	5184	4590
cpsnj01_SemiBin_208	3892	3096
cpsnj01_SemiBin_20	3018	2761
cpsnj01_SemiBin_21	7448	6236
cpsnj01_SemiBin_22	8072	6032
cpsnj01_SemiBin_23	3443	2726
cpsnj01_SemiBin_24	4257	3610
cpsnj01_SemiBin_25	4792	4071
cpsnj01_SemiBin_26	3660	3333
cpsnj01_SemiBin_275	4703	3087
cpsnj01_SemiBin_286	4197	3537
cpsnj01_SemiBin_28	3246	2931
cpsnj01_SemiBin_29	2580	2048
cpsnj01_SemiBin_2	3542	3248
cpsnj01_SemiBin_30	11314	7842
cpsnj01_SemiBin_32	4321	3740
cpsnj01_SemiBin_34	2970	2660
cpsnj01_SemiBin_35	5019	3605
cpsnj01_SemiBin_37	4568	3284
cpsnj01_SemiBin_38	8322	5589
cpsnj01_SemiBin_399	2974	2659
cpsnj01_SemiBin_39	4441	3982
cpsnj01_SemiBin_409	4717	3634
cpsnj01_SemiBin_40	4418	3783
cpsnj01_SemiBin_42	1683	1207
cpsnj01_SemiBin_43	5639	4762
cpsnj01_SemiBin_45	3940	3628
cpsnj01_SemiBin_47	2992	2454
cpsnj01_SemiBin_48	2254	1812
cpsnj01_SemiBin_49	10455	7972
cpsnj01_SemiBin_4	5835	4902
cpsnj01_SemiBin_51	4492	3431
cpsnj01_SemiBin_52	6636	5344
cpsnj01_SemiBin_54	3006	2725
cpsnj01_SemiBin_56	2116	1909
cpsnj01_SemiBin_57	2441	2283
cpsnj01_SemiBin_59	3589	2960
cpsnj01_SemiBin_5	4940	3997
cpsnj01_SemiBin_61	2472	2110
cpsnj01_SemiBin_62	4188	3263
cpsnj01_SemiBin_63	1882	1713
cpsnj01_SemiBin_64	3720	2998
cpsnj01_SemiBin_65	4141	3226
cpsnj01_SemiBin_66	5383	4042
cpsnj01_SemiBin_6	5577	4908
cpsnj01_SemiBin_71	4882	4116
cpsnj01_SemiBin_73	10130	6721
cpsnj01_SemiBin_77	3063	2529
cpsnj01_SemiBin_7	2884	2566
cpsnj01_SemiBin_82	3618	3098
cpsnj01_SemiBin_83	2759	2266
cpsnj01_SemiBin_85	4913	4073
cpsnj01_SemiBin_87	3617	2770
cpsnj01_SemiBin_8	3313	2826
cpsnj01_SemiBin_90	4961	3940
cpsnj01_SemiBin_92	2542	2172
cpsnj01_SemiBin_95	6539	5521
cpsnj01_SemiBin_9	3549	3183
cpsnj02_SemiBin_0	2233	2077
cpsnj02_SemiBin_102	3669	3331
cpsnj02_SemiBin_104	2515	2314
cpsnj02_SemiBin_106	1992	1595
cpsnj02_SemiBin_107	3581	3229
cpsnj02_SemiBin_109	2007	1786
cpsnj02_SemiBin_10	3844	3391
cpsnj02_SemiBin_111	4298	3879
cpsnj02_SemiBin_112	3356	2566
cpsnj02_SemiBin_11	6564	5725
cpsnj02_SemiBin_126	4862	3685
cpsnj02_SemiBin_12	2566	2372
cpsnj02_SemiBin_132	5635	4503
cpsnj02_SemiBin_135	1965	1751
cpsnj02_SemiBin_137	4781	3609
cpsnj02_SemiBin_138	4040	3187
cpsnj02_SemiBin_13	2137	1789
cpsnj02_SemiBin_146	4205	3240
cpsnj02_SemiBin_14	3646	2839
cpsnj02_SemiBin_159	4432	3836
cpsnj02_SemiBin_15	8252	6458
cpsnj02_SemiBin_1617	5716	4087
cpsnj02_SemiBin_1629	10186	8260
cpsnj02_SemiBin_165	6410	5649
cpsnj02_SemiBin_1670	9470	8372
cpsnj02_SemiBin_16	6026	4769
cpsnj02_SemiBin_1731	7061	5113
cpsnj02_SemiBin_17	4859	4240
cpsnj02_SemiBin_18	7212	6339
cpsnj02_SemiBin_1	3978	3640
cpsnj02_SemiBin_206	1993	1500
cpsnj02_SemiBin_20	4707	3841
cpsnj02_SemiBin_213	7138	2433
cpsnj02_SemiBin_21	2612	2341
cpsnj02_SemiBin_22	4535	3747
cpsnj02_SemiBin_23	6030	5011
cpsnj02_SemiBin_24	3848	3716
cpsnj02_SemiBin_256	5963	5061
cpsnj02_SemiBin_25	7210	5826
cpsnj02_SemiBin_26	3420	2981
cpsnj02_SemiBin_27	5624	4602
cpsnj02_SemiBin_28	5087	3982
cpsnj02_SemiBin_29	6582	5844
cpsnj02_SemiBin_2	3129	2725
cpsnj02_SemiBin_30	5776	4796
cpsnj02_SemiBin_31	6330	5476
cpsnj02_SemiBin_33	4307	3288
cpsnj02_SemiBin_34	6778	5256
cpsnj02_SemiBin_35	2617	2336
cpsnj02_SemiBin_36	4555	3600
cpsnj02_SemiBin_37	5106	4174
cpsnj02_SemiBin_38	3700	2834
cpsnj02_SemiBin_39	5155	3979
cpsnj02_SemiBin_3	3983	3091
cpsnj02_SemiBin_40	8657	6915
cpsnj02_SemiBin_42	4284	3756
cpsnj02_SemiBin_43	3892	3230
cpsnj02_SemiBin_44	2039	1582
cpsnj02_SemiBin_45	5687	4957
cpsnj02_SemiBin_46	1985	1788
cpsnj02_SemiBin_47	7071	5241
cpsnj02_SemiBin_4	4359	3516
cpsnj02_SemiBin_54	2253	1889
cpsnj02_SemiBin_55	2312	1965
cpsnj02_SemiBin_56	6151	4464
cpsnj02_SemiBin_59	4800	3739
cpsnj02_SemiBin_5	3631	3212
cpsnj02_SemiBin_60	2321	2098
cpsnj02_SemiBin_61	3232	2768
cpsnj02_SemiBin_638	5022	3580
cpsnj02_SemiBin_63	5617	4675
cpsnj02_SemiBin_64	4348	3653
cpsnj02_SemiBin_66	4988	4094
cpsnj02_SemiBin_68	9187	6410
cpsnj02_SemiBin_69	5534	3790
cpsnj02_SemiBin_71	5671	4343
cpsnj02_SemiBin_74	4307	3715
cpsnj02_SemiBin_76	5952	4347
cpsnj02_SemiBin_78	2160	1946
cpsnj02_SemiBin_7	6163	5001
cpsnj02_SemiBin_80	4123	3125
cpsnj02_SemiBin_81	4349	3381
cpsnj02_SemiBin_88	3772	3310
cpsnj02_SemiBin_8	5227	4365
cpsnj02_SemiBin_94	2203	2021
cpsnj02_SemiBin_97	2558	2110
cpsnj02_SemiBin_99	3805	3073
cpsnj02_SemiBin_9	2685	2200
cpsnj03_SemiBin_0	6440	5962
cpsnj03_SemiBin_100	4344	3515
cpsnj03_SemiBin_101	5468	4177
cpsnj03_SemiBin_103	3185	2460
cpsnj03_SemiBin_104	4429	3327
cpsnj03_SemiBin_105	3499	3042
cpsnj03_SemiBin_106	5048	4372
cpsnj03_SemiBin_107	4928	4372
cpsnj03_SemiBin_108	3311	2685
cpsnj03_SemiBin_10	5255	4589
cpsnj03_SemiBin_110	4301	3488
cpsnj03_SemiBin_111	6350	5045
cpsnj03_SemiBin_113	3565	3165
cpsnj03_SemiBin_114	7506	6130
cpsnj03_SemiBin_116	4619	4040
cpsnj03_SemiBin_118	4740	3980
cpsnj03_SemiBin_11	7095	6077
cpsnj03_SemiBin_125	3156	2833
cpsnj03_SemiBin_127	7592	5902
cpsnj03_SemiBin_12	3939	3489
cpsnj03_SemiBin_132	4011	3344
cpsnj03_SemiBin_135	3146	2819
cpsnj03_SemiBin_13	5178	4371
cpsnj03_SemiBin_142	3963	2703
cpsnj03_SemiBin_144	6939	4868
cpsnj03_SemiBin_1482	5876	4800
cpsnj03_SemiBin_1483	6132	4681
cpsnj03_SemiBin_1486	5220	4023
cpsnj03_SemiBin_1491	2968	2364
cpsnj03_SemiBin_1493	3631	3254
cpsnj03_SemiBin_14	2796	2382
cpsnj03_SemiBin_153	5359	4366
cpsnj03_SemiBin_154	4444	3840
cpsnj03_SemiBin_15	3430	2778
cpsnj03_SemiBin_165	3733	3077
cpsnj03_SemiBin_166	4213	3553
cpsnj03_SemiBin_16	7541	6137
cpsnj03_SemiBin_17	6850	5967
cpsnj03_SemiBin_180	4695	3457
cpsnj03_SemiBin_189	7782	6231
cpsnj03_SemiBin_18	4374	3908
cpsnj03_SemiBin_191	3878	3306
cpsnj03_SemiBin_192	8907	5675
cpsnj03_SemiBin_19	8513	6167
cpsnj03_SemiBin_1	4595	4091
cpsnj03_SemiBin_200	2928	2363
cpsnj03_SemiBin_201	1878	1504
cpsnj03_SemiBin_205	7847	5827
cpsnj03_SemiBin_20	6595	5524
cpsnj03_SemiBin_210	1767	1612
cpsnj03_SemiBin_216	2198	1887
cpsnj03_SemiBin_217	3251	2952
cpsnj03_SemiBin_21	6899	5674
cpsnj03_SemiBin_22	9223	7690
cpsnj03_SemiBin_237	3906	3042
cpsnj03_SemiBin_23	6997	5342
cpsnj03_SemiBin_25	5555	4326
cpsnj03_SemiBin_264	1672	1323
cpsnj03_SemiBin_26	5329	4694
cpsnj03_SemiBin_27	5012	4368
cpsnj03_SemiBin_283	6456	4664
cpsnj03_SemiBin_28	2639	2101
cpsnj03_SemiBin_29	2681	2226
cpsnj03_SemiBin_2	2686	2381
cpsnj03_SemiBin_30	3831	3245
cpsnj03_SemiBin_31	3662	3037
cpsnj03_SemiBin_32	3550	2744
cpsnj03_SemiBin_33	9458	6690
cpsnj03_SemiBin_34	5256	4184
cpsnj03_SemiBin_35	2729	1816
cpsnj03_SemiBin_36	4405	3602
cpsnj03_SemiBin_37	6576	5511
cpsnj03_SemiBin_38	4825	4402
cpsnj03_SemiBin_39	4058	3319
cpsnj03_SemiBin_3	5616	4803
cpsnj03_SemiBin_40	3013	2555
cpsnj03_SemiBin_41	8374	7513
cpsnj03_SemiBin_42	4744	4068
cpsnj03_SemiBin_43	6570	5329
cpsnj03_SemiBin_44	4937	4393
cpsnj03_SemiBin_45	4524	4059
cpsnj03_SemiBin_46	2611	2349
cpsnj03_SemiBin_47	5120	3805
cpsnj03_SemiBin_48	4488	3706
cpsnj03_SemiBin_49	5193	4491
cpsnj03_SemiBin_4	5821	4896
cpsnj03_SemiBin_50	5445	4799
cpsnj03_SemiBin_51	9601	6590
cpsnj03_SemiBin_52	4592	3449
cpsnj03_SemiBin_53	6570	5581
cpsnj03_SemiBin_54	4316	3917
cpsnj03_SemiBin_55	5135	4428
cpsnj03_SemiBin_56	4555	3752
cpsnj03_SemiBin_57	5443	4522
cpsnj03_SemiBin_58	6204	4764
cpsnj03_SemiBin_59	3934	3414
cpsnj03_SemiBin_5	6633	5732
cpsnj03_SemiBin_60	5099	4507
cpsnj03_SemiBin_61	2834	2357
cpsnj03_SemiBin_62	6607	4923
cpsnj03_SemiBin_63	3254	2431
cpsnj03_SemiBin_641	7526	5820
cpsnj03_SemiBin_64	5483	4819
cpsnj03_SemiBin_65	6968	5062
cpsnj03_SemiBin_66	2737	2127
cpsnj03_SemiBin_67	4853	4348
cpsnj03_SemiBin_68	7677	4949
cpsnj03_SemiBin_69	5461	4090
cpsnj03_SemiBin_6	6149	5419
cpsnj03_SemiBin_70	3753	2145
cpsnj03_SemiBin_71	6476	5104
cpsnj03_SemiBin_72	8052	5156
cpsnj03_SemiBin_74	2247	1800
cpsnj03_SemiBin_75	7866	6649
cpsnj03_SemiBin_778	6785	5159
cpsnj03_SemiBin_77	3029	2325
cpsnj03_SemiBin_78	4106	3609
cpsnj03_SemiBin_792	4863	4107
cpsnj03_SemiBin_79	3360	2822
cpsnj03_SemiBin_7	4808	3923
cpsnj03_SemiBin_80	4734	3399
cpsnj03_SemiBin_81	5899	5365
cpsnj03_SemiBin_82	4871	4100
cpsnj03_SemiBin_83	4992	4376
cpsnj03_SemiBin_84	4908	4046
cpsnj03_SemiBin_85	4607	3413
cpsnj03_SemiBin_88	5407	4030
cpsnj03_SemiBin_8	5687	4962
cpsnj03_SemiBin_91	4897	3937
cpsnj03_SemiBin_93	5330	4689
cpsnj03_SemiBin_94	2621	2442
cpsnj03_SemiBin_99	5834	4925
cpsnj03_SemiBin_9	3030	2578
cpsnj04_SemiBin_0	2241	2083
cpsnj04_SemiBin_100	2341	1975
cpsnj04_SemiBin_101	5759	4928
cpsnj04_SemiBin_102	4713	3879
cpsnj04_SemiBin_104	4464	3516
cpsnj04_SemiBin_105	10634	7055
cpsnj04_SemiBin_106	4782	4295
cpsnj04_SemiBin_1080	7309	5526
cpsnj04_SemiBin_108	4799	3816
cpsnj04_SemiBin_10	7125	6303
cpsnj04_SemiBin_110	5078	4395
cpsnj04_SemiBin_111	7327	5715
cpsnj04_SemiBin_112	5624	4856
cpsnj04_SemiBin_113	5971	4626
cpsnj04_SemiBin_118	3717	2574
cpsnj04_SemiBin_119	6270	5043
cpsnj04_SemiBin_11	4872	4220
cpsnj04_SemiBin_121	2332	2171
cpsnj04_SemiBin_122	2183	2002
cpsnj04_SemiBin_125	3167	2624
cpsnj04_SemiBin_126	6029	4696
cpsnj04_SemiBin_128	2352	2015
cpsnj04_SemiBin_129	3135	2836
cpsnj04_SemiBin_12	5509	4870
cpsnj04_SemiBin_131	4676	3621
cpsnj04_SemiBin_135	3410	3106
cpsnj04_SemiBin_136	3516	3240
cpsnj04_SemiBin_137	4959	3746
cpsnj04_SemiBin_138	4985	3702
cpsnj04_SemiBin_139	7489	6145
cpsnj04_SemiBin_13	5103	4423
cpsnj04_SemiBin_141	4766	3626
cpsnj04_SemiBin_143	6040	4950
cpsnj04_SemiBin_144	5139	4358
cpsnj04_SemiBin_145	2709	2361
cpsnj04_SemiBin_149	3409	2776
cpsnj04_SemiBin_14	6606	5788
cpsnj04_SemiBin_150	10868	6538
cpsnj04_SemiBin_158	8035	6459
cpsnj04_SemiBin_15	2676	2451
cpsnj04_SemiBin_163	3839	3274
cpsnj04_SemiBin_164	3653	3244
cpsnj04_SemiBin_168	6313	5187
cpsnj04_SemiBin_16	3312	2977
cpsnj04_SemiBin_170	3392	3066
cpsnj04_SemiBin_175	4230	3762
cpsnj04_SemiBin_177	4933	4112
cpsnj04_SemiBin_17	5585	4612
cpsnj04_SemiBin_189	3226	2871
cpsnj04_SemiBin_18	6296	5089
cpsnj04_SemiBin_19	4900	4230
cpsnj04_SemiBin_1	6599	5126
cpsnj04_SemiBin_200	4484	3874
cpsnj04_SemiBin_20	2840	2556
cpsnj04_SemiBin_210	7594	6093
cpsnj04_SemiBin_21	3295	2665
cpsnj04_SemiBin_222	11006	8812
cpsnj04_SemiBin_2241	5278	4280
cpsnj04_SemiBin_2289	2802	2265
cpsnj04_SemiBin_228	4097	3343
cpsnj04_SemiBin_22	3146	2808
cpsnj04_SemiBin_23	6133	5364
cpsnj04_SemiBin_24	6619	5300
cpsnj04_SemiBin_250	5392	4618
cpsnj04_SemiBin_25	3128	2794
cpsnj04_SemiBin_260	2053	1613
cpsnj04_SemiBin_26	5207	4613
cpsnj04_SemiBin_278	3374	3008
cpsnj04_SemiBin_27	3962	3548
cpsnj04_SemiBin_28	2980	2740
cpsnj04_SemiBin_29	5380	4984
cpsnj04_SemiBin_2	4334	3752
cpsnj04_SemiBin_30	4481	3544
cpsnj04_SemiBin_31	6654	5682
cpsnj04_SemiBin_32	4286	3605
cpsnj04_SemiBin_33	4760	3906
cpsnj04_SemiBin_34	3502	2951
cpsnj04_SemiBin_35	3425	2830
cpsnj04_SemiBin_36	7654	6840
cpsnj04_SemiBin_371	2171	1553
cpsnj04_SemiBin_37	6421	5495
cpsnj04_SemiBin_38	4197	3678
cpsnj04_SemiBin_39	6055	5055
cpsnj04_SemiBin_3	6144	4936
cpsnj04_SemiBin_40	2854	2261
cpsnj04_SemiBin_41	5276	4292
cpsnj04_SemiBin_42	3220	2628
cpsnj04_SemiBin_439	4796	4076
cpsnj04_SemiBin_43	3145	2427
cpsnj04_SemiBin_443	2823	2310
cpsnj04_SemiBin_44	4954	3896
cpsnj04_SemiBin_45	3449	2769
cpsnj04_SemiBin_46	4222	3634
cpsnj04_SemiBin_47	5569	4910
cpsnj04_SemiBin_481	4407	3796
cpsnj04_SemiBin_48	6620	5722
cpsnj04_SemiBin_49	4117	3277
cpsnj04_SemiBin_4	1915	1660
cpsnj04_SemiBin_50	5310	4459
cpsnj04_SemiBin_51	5428	4312
cpsnj04_SemiBin_52	4039	3555
cpsnj04_SemiBin_53	5184	4000
cpsnj04_SemiBin_54	5540	4833
cpsnj04_SemiBin_55	2858	2593
cpsnj04_SemiBin_56	5879	5046
cpsnj04_SemiBin_57	6217	5147
cpsnj04_SemiBin_58	5141	4554
cpsnj04_SemiBin_59	4283	3543
cpsnj04_SemiBin_5	2865	2481
cpsnj04_SemiBin_60	4055	3701
cpsnj04_SemiBin_625	6972	5134
cpsnj04_SemiBin_62	5686	4945
cpsnj04_SemiBin_63	6734	5612
cpsnj04_SemiBin_64	6695	5739
cpsnj04_SemiBin_65	4004	3328
cpsnj04_SemiBin_66	5457	4688
cpsnj04_SemiBin_67	3641	2543
cpsnj04_SemiBin_68	6634	5321
cpsnj04_SemiBin_69	4045	3439
cpsnj04_SemiBin_6	3038	2668
cpsnj04_SemiBin_70	2958	2396
cpsnj04_SemiBin_71	1972	1769
cpsnj04_SemiBin_72	5552	4254
cpsnj04_SemiBin_73	5387	4107
cpsnj04_SemiBin_74	8449	6439
cpsnj04_SemiBin_750	6902	4919
cpsnj04_SemiBin_75	4509	3979
cpsnj04_SemiBin_76	4456	3574
cpsnj04_SemiBin_78	4595	3908
cpsnj04_SemiBin_79	1956	1771
cpsnj04_SemiBin_7	4846	4243
cpsnj04_SemiBin_80	4082	3575
cpsnj04_SemiBin_82	3842	2878
cpsnj04_SemiBin_83	3764	2961
cpsnj04_SemiBin_84	5642	4415
cpsnj04_SemiBin_87	6023	5197
cpsnj04_SemiBin_88	6096	3538
cpsnj04_SemiBin_89	2989	2371
cpsnj04_SemiBin_8	6060	5018
cpsnj04_SemiBin_91	6592	5367
cpsnj04_SemiBin_92	3884	3075
cpsnj04_SemiBin_93	5367	4438
cpsnj04_SemiBin_94	8061	6269
cpsnj04_SemiBin_953	6697	5677
cpsnj04_SemiBin_95	3930	2646
cpsnj04_SemiBin_96	8656	7235
cpsnj04_SemiBin_99	5399	3744
cpsnj04_SemiBin_9	4490	3905
cpsnj08_SemiBin_0	5902	5183
cpsnj08_SemiBin_100	4187	3527
cpsnj08_SemiBin_101	5848	5258
cpsnj08_SemiBin_102	6065	5355
cpsnj08_SemiBin_103	4965	3996
cpsnj08_SemiBin_104	5574	4656
cpsnj08_SemiBin_106	2011	1831
cpsnj08_SemiBin_10	4991	4321
cpsnj08_SemiBin_110	3959	3280
cpsnj08_SemiBin_112	3934	3435
cpsnj08_SemiBin_116	4749	4158
cpsnj08_SemiBin_117	2829	2261
cpsnj08_SemiBin_11	4555	3970
cpsnj08_SemiBin_120	2515	2008
cpsnj08_SemiBin_1239	3993	3277
cpsnj08_SemiBin_1244	8812	6640
cpsnj08_SemiBin_127	8479	5507
cpsnj08_SemiBin_12	5538	4803
cpsnj08_SemiBin_130	5682	4811
cpsnj08_SemiBin_1311	5543	4063
cpsnj08_SemiBin_131	4118	3795
cpsnj08_SemiBin_134	2580	2172
cpsnj08_SemiBin_135	3763	2633
cpsnj08_SemiBin_13	2996	2537
cpsnj08_SemiBin_144	2348	2011
cpsnj08_SemiBin_146	4851	4105
cpsnj08_SemiBin_148	7877	5938
cpsnj08_SemiBin_14	5129	4607
cpsnj08_SemiBin_152	4815	4158
cpsnj08_SemiBin_153	3401	2576
cpsnj08_SemiBin_156	4243	3698
cpsnj08_SemiBin_15	6836	6083
cpsnj08_SemiBin_168	4244	3756
cpsnj08_SemiBin_16	4491	3933
cpsnj08_SemiBin_170	6238	5428
cpsnj08_SemiBin_17	2930	2434
cpsnj08_SemiBin_18	5416	4779
cpsnj08_SemiBin_195	5053	4073
cpsnj08_SemiBin_19	3096	2631
cpsnj08_SemiBin_1	6192	5493
cpsnj08_SemiBin_20	5791	5125
cpsnj08_SemiBin_211	4706	3589
cpsnj08_SemiBin_212	2001	1527
cpsnj08_SemiBin_21	2749	2137
cpsnj08_SemiBin_229	1682	1293
cpsnj08_SemiBin_22	2112	1814
cpsnj08_SemiBin_23	4904	4052
cpsnj08_SemiBin_24	2450	2101
cpsnj08_SemiBin_25	2646	2273
cpsnj08_SemiBin_26	3212	2748
cpsnj08_SemiBin_27	4490	3684
cpsnj08_SemiBin_28	7208	6018
cpsnj08_SemiBin_29	6262	4566
cpsnj08_SemiBin_2	5861	5228
cpsnj08_SemiBin_30	4134	3436
cpsnj08_SemiBin_31	4691	3969
cpsnj08_SemiBin_32	3693	3076
cpsnj08_SemiBin_33	6175	5220
cpsnj08_SemiBin_342	4076	2522
cpsnj08_SemiBin_34	6287	5013
cpsnj08_SemiBin_35	2246	1887
cpsnj08_SemiBin_366	4618	3952
cpsnj08_SemiBin_36	4335	3810
cpsnj08_SemiBin_37	4037	3215
cpsnj08_SemiBin_38	5428	4585
cpsnj08_SemiBin_39	4790	4284
cpsnj08_SemiBin_3	5689	4855
cpsnj08_SemiBin_40	5657	4825
cpsnj08_SemiBin_41	7029	5341
cpsnj08_SemiBin_42	6637	6037
cpsnj08_SemiBin_43	8348	7115
cpsnj08_SemiBin_44	6765	5650
cpsnj08_SemiBin_45	5048	4399
cpsnj08_SemiBin_46	2994	2511
cpsnj08_SemiBin_47	7595	5655
cpsnj08_SemiBin_48	3916	3483
cpsnj08_SemiBin_49	6629	5706
cpsnj08_SemiBin_4	3769	3205
cpsnj08_SemiBin_50	4612	3729
cpsnj08_SemiBin_514	2649	1976
cpsnj08_SemiBin_51	5709	4529
cpsnj08_SemiBin_52	3533	3083
cpsnj08_SemiBin_53	4616	3920
cpsnj08_SemiBin_54	6089	5243
cpsnj08_SemiBin_561	4452	3807
cpsnj08_SemiBin_56	3603	2979
cpsnj08_SemiBin_57	4217	3380
cpsnj08_SemiBin_58	6174	4042
cpsnj08_SemiBin_59	7215	6380
cpsnj08_SemiBin_5	8931	7233
cpsnj08_SemiBin_60	8064	6284
cpsnj08_SemiBin_61	4389	3935
cpsnj08_SemiBin_62	4500	3544
cpsnj08_SemiBin_63	2188	1916
cpsnj08_SemiBin_64	3928	3603
cpsnj08_SemiBin_65	2838	2493
cpsnj08_SemiBin_67	2170	1562
cpsnj08_SemiBin_68	2739	2259
cpsnj08_SemiBin_69	4070	3338
cpsnj08_SemiBin_6	3143	2652
cpsnj08_SemiBin_70	5969	4841
cpsnj08_SemiBin_71	8187	5520
cpsnj08_SemiBin_72	4269	3693
cpsnj08_SemiBin_73	3996	3159
cpsnj08_SemiBin_74	6557	5756
cpsnj08_SemiBin_75	2273	1837
cpsnj08_SemiBin_76	4335	3709
cpsnj08_SemiBin_77	6207	4310
cpsnj08_SemiBin_78	2552	2133
cpsnj08_SemiBin_79	4496	3659
cpsnj08_SemiBin_7	8019	6832
cpsnj08_SemiBin_80	2664	2258
cpsnj08_SemiBin_81	3853	3024
cpsnj08_SemiBin_82	4561	3679
cpsnj08_SemiBin_84	2712	2209
cpsnj08_SemiBin_85	4318	3509
cpsnj08_SemiBin_89	2699	2146
cpsnj08_SemiBin_8	3200	2748
cpsnj08_SemiBin_91	3423	2494
cpsnj08_SemiBin_92	8348	6520
cpsnj08_SemiBin_93	5051	3089
cpsnj08_SemiBin_94	7280	5575
cpsnj08_SemiBin_95	7055	4796
cpsnj08_SemiBin_96	6289	5165
cpsnj08_SemiBin_97	2205	1726
cpsnj08_SemiBin_99	3532	3195
cpsnj08_SemiBin_9	5983	5598
cpsnj09_SemiBin_0	4196	3855
cpsnj09_SemiBin_100	5096	3776
cpsnj09_SemiBin_102	5430	4602
cpsnj09_SemiBin_103	10437	6100
cpsnj09_SemiBin_104	3737	3143
cpsnj09_SemiBin_105	4871	3803
cpsnj09_SemiBin_107	7076	5459
cpsnj09_SemiBin_108	6131	4724
cpsnj09_SemiBin_109	4753	3909
cpsnj09_SemiBin_10	7255	6337
cpsnj09_SemiBin_110	4436	3753
cpsnj09_SemiBin_111	6437	5456
cpsnj09_SemiBin_112	7817	5844
cpsnj09_SemiBin_113	3973	3375
cpsnj09_SemiBin_114	4995	3481
cpsnj09_SemiBin_115	4148	3495
cpsnj09_SemiBin_116	5050	4321
cpsnj09_SemiBin_117	6146	5189
cpsnj09_SemiBin_118	4071	3449
cpsnj09_SemiBin_119	5215	4031
cpsnj09_SemiBin_11	4286	3855
cpsnj09_SemiBin_120	1915	1523
cpsnj09_SemiBin_122	4534	3916
cpsnj09_SemiBin_123	3913	3135
cpsnj09_SemiBin_124	5725	4660
cpsnj09_SemiBin_125	7128	6032
cpsnj09_SemiBin_126	6276	5414
cpsnj09_SemiBin_127	7344	4955
cpsnj09_SemiBin_128	6737	5707
cpsnj09_SemiBin_129	4091	3115
cpsnj09_SemiBin_12	5545	4810
cpsnj09_SemiBin_131	6276	4505
cpsnj09_SemiBin_132	6068	4694
cpsnj09_SemiBin_133	5729	4474
cpsnj09_SemiBin_135	4035	2859
cpsnj09_SemiBin_136	5918	4781
cpsnj09_SemiBin_137	10595	8196
cpsnj09_SemiBin_138	2858	2583
cpsnj09_SemiBin_139	8795	7212
cpsnj09_SemiBin_13	3722	3053
cpsnj09_SemiBin_140	15478	9585
cpsnj09_SemiBin_141	7569	5738
cpsnj09_SemiBin_142	3715	3272
cpsnj09_SemiBin_143	3289	2790
cpsnj09_SemiBin_144	8482	7106
cpsnj09_SemiBin_147	6481	5406
cpsnj09_SemiBin_148	3299	2512
cpsnj09_SemiBin_149	3822	2828
cpsnj09_SemiBin_14	5002	4283
cpsnj09_SemiBin_150	5324	4534
cpsnj09_SemiBin_1515	6691	5167
cpsnj09_SemiBin_151	5683	4153
cpsnj09_SemiBin_158	4873	3559
cpsnj09_SemiBin_159	6097	5414
cpsnj09_SemiBin_15	5881	5138
cpsnj09_SemiBin_160	4872	4246
cpsnj09_SemiBin_161	4353	3832
cpsnj09_SemiBin_165	1782	1643
cpsnj09_SemiBin_167	5680	5111
cpsnj09_SemiBin_169	5476	4253
cpsnj09_SemiBin_16	7366	6246
cpsnj09_SemiBin_172	5357	3860
cpsnj09_SemiBin_173	3983	3332
cpsnj09_SemiBin_174	5672	4624
cpsnj09_SemiBin_17	7430	6354
cpsnj09_SemiBin_18	5708	5178
cpsnj09_SemiBin_192	5944	4697
cpsnj09_SemiBin_1949	5573	4556
cpsnj09_SemiBin_197	3442	2705
cpsnj09_SemiBin_198	2973	2441
cpsnj09_SemiBin_19	6036	5076
cpsnj09_SemiBin_1	4116	3839
cpsnj09_SemiBin_207	8199	6809
cpsnj09_SemiBin_20	6903	6045
cpsnj09_SemiBin_212	3603	3131
cpsnj09_SemiBin_216	5792	4491
cpsnj09_SemiBin_2176	8032	7074
cpsnj09_SemiBin_217	5424	4486
cpsnj09_SemiBin_21	7193	5864
cpsnj09_SemiBin_221	3451	2881
cpsnj09_SemiBin_223	5371	3779
cpsnj09_SemiBin_22	5503	4963
cpsnj09_SemiBin_23	5473	4736
cpsnj09_SemiBin_242	5666	5035
cpsnj09_SemiBin_243	7878	6135
cpsnj09_SemiBin_244	3874	3364
cpsnj09_SemiBin_246	4827	4086
cpsnj09_SemiBin_24	4647	4253
cpsnj09_SemiBin_257	6461	4541
cpsnj09_SemiBin_25	4412	3325
cpsnj09_SemiBin_264	4769	4071
cpsnj09_SemiBin_26	3466	2758
cpsnj09_SemiBin_275	3406	2672
cpsnj09_SemiBin_279	3957	3252
cpsnj09_SemiBin_27	7251	6223
cpsnj09_SemiBin_287	7840	5899
cpsnj09_SemiBin_28	6095	5322
cpsnj09_SemiBin_292	5323	4184
cpsnj09_SemiBin_298	4372	3705
cpsnj09_SemiBin_29	5125	4438
cpsnj09_SemiBin_2	2504	2302
cpsnj09_SemiBin_302	3043	2434
cpsnj09_SemiBin_30	5126	4260
cpsnj09_SemiBin_315	5058	3989
cpsnj09_SemiBin_319	3338	2626
cpsnj09_SemiBin_31	6439	5726
cpsnj09_SemiBin_320	3472	3056
cpsnj09_SemiBin_321	7435	5618
cpsnj09_SemiBin_32	7317	6349
cpsnj09_SemiBin_336	3004	2600
cpsnj09_SemiBin_33	3853	3026
cpsnj09_SemiBin_344	2881	2573
cpsnj09_SemiBin_346	3579	2940
cpsnj09_SemiBin_34	3319	2772
cpsnj09_SemiBin_351	3720	2367
cpsnj09_SemiBin_35	6495	5572
cpsnj09_SemiBin_369	7443	4615
cpsnj09_SemiBin_36	9552	8185
cpsnj09_SemiBin_377	2200	1936
cpsnj09_SemiBin_37	5072	4508
cpsnj09_SemiBin_38	3269	2670
cpsnj09_SemiBin_390	3847	3111
cpsnj09_SemiBin_394	1438	1083
cpsnj09_SemiBin_39	3258	2752
cpsnj09_SemiBin_3	2940	2585
cpsnj09_SemiBin_40	6615	5193
cpsnj09_SemiBin_41	6408	5804
cpsnj09_SemiBin_42	6641	5349
cpsnj09_SemiBin_43	4010	3018
cpsnj09_SemiBin_44	3994	3146
cpsnj09_SemiBin_45	4302	3692
cpsnj09_SemiBin_46	5729	4745
cpsnj09_SemiBin_47	10009	8010
cpsnj09_SemiBin_48	3640	3293
cpsnj09_SemiBin_49	5348	4713
cpsnj09_SemiBin_4	6121	5366
cpsnj09_SemiBin_50	8386	7119
cpsnj09_SemiBin_51	3302	2853
cpsnj09_SemiBin_52	9105	7429
cpsnj09_SemiBin_53	3521	3028
cpsnj09_SemiBin_54	2712	2472
cpsnj09_SemiBin_55	6639	5892
cpsnj09_SemiBin_56	6587	5913
cpsnj09_SemiBin_57	8775	6316
cpsnj09_SemiBin_58	2314	1920
cpsnj09_SemiBin_59	3346	3033
cpsnj09_SemiBin_5	5339	4722
cpsnj09_SemiBin_60	5995	5240
cpsnj09_SemiBin_61	6494	5556
cpsnj09_SemiBin_626	3113	2794
cpsnj09_SemiBin_62	7834	6631
cpsnj09_SemiBin_63	4872	4082
cpsnj09_SemiBin_64	5438	4533
cpsnj09_SemiBin_65	5044	4235
cpsnj09_SemiBin_663	2172	1783
cpsnj09_SemiBin_66	6070	4808
cpsnj09_SemiBin_67	5973	5078
cpsnj09_SemiBin_681	2631	2026
cpsnj09_SemiBin_68	4948	4269
cpsnj09_SemiBin_69	4265	3534
cpsnj09_SemiBin_6	5976	5093
cpsnj09_SemiBin_70	4639	3659
cpsnj09_SemiBin_718	5478	4571
cpsnj09_SemiBin_71	12289	8387
cpsnj09_SemiBin_72	3260	2686
cpsnj09_SemiBin_735	2956	2365
cpsnj09_SemiBin_73	4139	3332
cpsnj09_SemiBin_74	4913	4193
cpsnj09_SemiBin_76	4394	4023
cpsnj09_SemiBin_77	4172	3274
cpsnj09_SemiBin_78	3739	2947
cpsnj09_SemiBin_7	4664	4091
cpsnj09_SemiBin_80	4641	3277
cpsnj09_SemiBin_81	5030	4397
cpsnj09_SemiBin_82	6096	4884
cpsnj09_SemiBin_84	2611	2191
cpsnj09_SemiBin_85	5020	4037
cpsnj09_SemiBin_86	5364	4503
cpsnj09_SemiBin_87	2918	2376
cpsnj09_SemiBin_885	10378	7732
cpsnj09_SemiBin_88	3307	2843
cpsnj09_SemiBin_8	5610	5157
cpsnj09_SemiBin_90	8019	6083
cpsnj09_SemiBin_91	4625	4174
cpsnj09_SemiBin_92	8751	7370
cpsnj09_SemiBin_93	4102	2808
cpsnj09_SemiBin_94	8190	6144
cpsnj09_SemiBin_95	3499	3012
cpsnj09_SemiBin_96	6349	5367
cpsnj09_SemiBin_97	4140	3185
cpsnj09_SemiBin_98	3868	3226
cpsnj09_SemiBin_99	3925	3109
cpsnj09_SemiBin_9	6545	5802
cpsnj10_SemiBin_0	5368	4737
cpsnj10_SemiBin_102	3213	2562
cpsnj10_SemiBin_103	5285	4187
cpsnj10_SemiBin_104	5080	4156
cpsnj10_SemiBin_105	4260	3558
cpsnj10_SemiBin_106	5172	4544
cpsnj10_SemiBin_107	2242	1907
cpsnj10_SemiBin_108	3862	3479
cpsnj10_SemiBin_109	1369	1159
cpsnj10_SemiBin_10	4608	4029
cpsnj10_SemiBin_110	4822	3869
cpsnj10_SemiBin_112	4388	3224
cpsnj10_SemiBin_113	4232	3763
cpsnj10_SemiBin_114	6332	5444
cpsnj10_SemiBin_115	4152	3554
cpsnj10_SemiBin_117	4590	3674
cpsnj10_SemiBin_119	6353	5609
cpsnj10_SemiBin_120	3009	2615
cpsnj10_SemiBin_121	5300	4380
cpsnj10_SemiBin_122	2497	2162
cpsnj10_SemiBin_124	3111	1861
cpsnj10_SemiBin_125	5673	5224
cpsnj10_SemiBin_126	2238	1683
cpsnj10_SemiBin_128	7682	6536
cpsnj10_SemiBin_129	3723	2851
cpsnj10_SemiBin_12	7270	6123
cpsnj10_SemiBin_130	4687	4199
cpsnj10_SemiBin_131	8762	7030
cpsnj10_SemiBin_135	5746	4532
cpsnj10_SemiBin_136	4672	3653
cpsnj10_SemiBin_139	5215	4567
cpsnj10_SemiBin_13	3631	3412
cpsnj10_SemiBin_140	3100	2336
cpsnj10_SemiBin_141	5324	4097
cpsnj10_SemiBin_143	4014	3521
cpsnj10_SemiBin_145	3523	2882
cpsnj10_SemiBin_148	3753	2930
cpsnj10_SemiBin_149	4505	3528
cpsnj10_SemiBin_14	4096	3727
cpsnj10_SemiBin_1505	6429	4859
cpsnj10_SemiBin_154	4025	3487
cpsnj10_SemiBin_156	2212	2043
cpsnj10_SemiBin_159	3626	2868
cpsnj10_SemiBin_15	4231	3879
cpsnj10_SemiBin_162	4512	3297
cpsnj10_SemiBin_164	2009	1852
cpsnj10_SemiBin_165	4555	3834
cpsnj10_SemiBin_167	3702	3285
cpsnj10_SemiBin_169	3966	3525
cpsnj10_SemiBin_16	3769	3078
cpsnj10_SemiBin_174	6603	5574
cpsnj10_SemiBin_175	1937	1731
cpsnj10_SemiBin_179	3566	3094
cpsnj10_SemiBin_1817	9988	7409
cpsnj10_SemiBin_1846	10987	6550
cpsnj10_SemiBin_1872	9338	7007
cpsnj10_SemiBin_189	2634	2261
cpsnj10_SemiBin_18	2928	2698
cpsnj10_SemiBin_191	3353	2750
cpsnj10_SemiBin_19	3308	3088
cpsnj10_SemiBin_1	6470	5883
cpsnj10_SemiBin_208	2546	2117
cpsnj10_SemiBin_209	3513	2952
cpsnj10_SemiBin_210	2521	2012
cpsnj10_SemiBin_217	2052	1847
cpsnj10_SemiBin_219	4094	3541
cpsnj10_SemiBin_21	4251	3672
cpsnj10_SemiBin_224	6004	4924
cpsnj10_SemiBin_22	7110	5965
cpsnj10_SemiBin_238	5766	4860
cpsnj10_SemiBin_23	4695	4032
cpsnj10_SemiBin_244	6683	5176
cpsnj10_SemiBin_247	2758	2263
cpsnj10_SemiBin_24	2738	2332
cpsnj10_SemiBin_25	4011	3260
cpsnj10_SemiBin_265	2494	2176
cpsnj10_SemiBin_26	5993	5249
cpsnj10_SemiBin_27	4066	3693
cpsnj10_SemiBin_281	4105	3561
cpsnj10_SemiBin_28	6517	5454
cpsnj10_SemiBin_291	2927	2444
cpsnj10_SemiBin_293	3793	3184
cpsnj10_SemiBin_29	5339	4463
cpsnj10_SemiBin_2	7033	6402
cpsnj10_SemiBin_302	6436	5333
cpsnj10_SemiBin_30	5102	4399
cpsnj10_SemiBin_31	3733	3407
cpsnj10_SemiBin_33	4314	2807
cpsnj10_SemiBin_34	6109	5544
cpsnj10_SemiBin_35	5523	4854
cpsnj10_SemiBin_361	6531	5184
cpsnj10_SemiBin_36	7238	6220
cpsnj10_SemiBin_38	4797	4161
cpsnj10_SemiBin_39	5531	4758
cpsnj10_SemiBin_3	6688	5979
cpsnj10_SemiBin_40	4057	3365
cpsnj10_SemiBin_41	5087	4140
cpsnj10_SemiBin_42	5059	4608
cpsnj10_SemiBin_43	4188	3589
cpsnj10_SemiBin_44	3388	2523
cpsnj10_SemiBin_45	7201	5751
cpsnj10_SemiBin_469	1920	1208
cpsnj10_SemiBin_46	4016	3465
cpsnj10_SemiBin_47	3858	3435
cpsnj10_SemiBin_49	5187	4315
cpsnj10_SemiBin_4	3186	2781
cpsnj10_SemiBin_50	4596	4163
cpsnj10_SemiBin_51	4225	3480
cpsnj10_SemiBin_523	3966	3376
cpsnj10_SemiBin_52	7113	5674
cpsnj10_SemiBin_53	3221	2585
cpsnj10_SemiBin_55	6086	5065
cpsnj10_SemiBin_56	7439	6358
cpsnj10_SemiBin_57	3021	2284
cpsnj10_SemiBin_58	3809	3052
cpsnj10_SemiBin_59	3456	2924
cpsnj10_SemiBin_5	5750	5046
cpsnj10_SemiBin_60	5829	5264
cpsnj10_SemiBin_62	6932	5294
cpsnj10_SemiBin_63	3736	3371
cpsnj10_SemiBin_64	4528	3800
cpsnj10_SemiBin_658	2670	2320
cpsnj10_SemiBin_65	3732	2899
cpsnj10_SemiBin_66	6572	5906
cpsnj10_SemiBin_67	6927	5265
cpsnj10_SemiBin_68	3590	3097
cpsnj10_SemiBin_69	3054	2635
cpsnj10_SemiBin_6	5751	4955
cpsnj10_SemiBin_70	5630	5060
cpsnj10_SemiBin_71	3127	2497
cpsnj10_SemiBin_736	4189	3502
cpsnj10_SemiBin_73	5701	4584
cpsnj10_SemiBin_74	6704	5715
cpsnj10_SemiBin_75	5896	4882
cpsnj10_SemiBin_76	6451	5658
cpsnj10_SemiBin_77	8798	6215
cpsnj10_SemiBin_78	1594	1452
cpsnj10_SemiBin_79	4342	3721
cpsnj10_SemiBin_7	3557	2767
cpsnj10_SemiBin_81	2475	2010
cpsnj10_SemiBin_827	2012	1361
cpsnj10_SemiBin_82	5322	4192
cpsnj10_SemiBin_83	6678	5634
cpsnj10_SemiBin_85	4676	3996
cpsnj10_SemiBin_87	5787	4924
cpsnj10_SemiBin_88	5425	4130
cpsnj10_SemiBin_89	5970	4888
cpsnj10_SemiBin_8	4964	4486
cpsnj10_SemiBin_90	4956	4070
cpsnj10_SemiBin_91	5660	4394
cpsnj10_SemiBin_92	5424	4594
cpsnj10_SemiBin_93	4693	3743
cpsnj10_SemiBin_94	3578	3180
cpsnj10_SemiBin_95	5036	4556
cpsnj10_SemiBin_968	7754	6151
cpsnj10_SemiBin_96	2520	2194
cpsnj10_SemiBin_97	4903	3729
cpsnj10_SemiBin_99	7856	6010
cpsnj10_SemiBin_9	6636	5777
cpsnj11_SemiBin_0	3638	3312
cpsnj11_SemiBin_100	7000	5068
cpsnj11_SemiBin_101	6182	4874
cpsnj11_SemiBin_102	2493	2165
cpsnj11_SemiBin_103	1868	1673
cpsnj11_SemiBin_104	2583	1993
cpsnj11_SemiBin_106	6999	5562
cpsnj11_SemiBin_107	6393	5262
cpsnj11_SemiBin_10	6469	5606
cpsnj11_SemiBin_110	11914	7066
cpsnj11_SemiBin_111	7548	6462
cpsnj11_SemiBin_112	2295	2110
cpsnj11_SemiBin_115	4959	3329
cpsnj11_SemiBin_116	5265	4141
cpsnj11_SemiBin_118	7289	6242
cpsnj11_SemiBin_119	5736	4969
cpsnj11_SemiBin_11	4673	4103
cpsnj11_SemiBin_120	5034	4330
cpsnj11_SemiBin_121	2569	2296
cpsnj11_SemiBin_122	3861	2799
cpsnj11_SemiBin_123	7869	5904
cpsnj11_SemiBin_124	5853	4621
cpsnj11_SemiBin_125	5451	4445
cpsnj11_SemiBin_128	3310	2795
cpsnj11_SemiBin_129	4597	3848
cpsnj11_SemiBin_12	4148	3643
cpsnj11_SemiBin_130	4059	3381
cpsnj11_SemiBin_131	7353	6457
cpsnj11_SemiBin_133	2803	2465
cpsnj11_SemiBin_134	5224	4594
cpsnj11_SemiBin_137	2131	1864
cpsnj11_SemiBin_13	5497	4772
cpsnj11_SemiBin_140	2920	2385
cpsnj11_SemiBin_141	5604	4731
cpsnj11_SemiBin_142	11270	7327
cpsnj11_SemiBin_143	5534	4639
cpsnj11_SemiBin_14	5097	4277
cpsnj11_SemiBin_151	3850	3231
cpsnj11_SemiBin_152	4788	4056
cpsnj11_SemiBin_153	3314	2883
cpsnj11_SemiBin_156	5298	4743
cpsnj11_SemiBin_158	2992	2366
cpsnj11_SemiBin_15	4974	4321
cpsnj11_SemiBin_162	5123	4391
cpsnj11_SemiBin_164	1997	1795
cpsnj11_SemiBin_167	4717	4212
cpsnj11_SemiBin_16	3861	3457
cpsnj11_SemiBin_174	5270	3339
cpsnj11_SemiBin_176	3280	2900
cpsnj11_SemiBin_179	3180	2736
cpsnj11_SemiBin_17	3529	2925
cpsnj11_SemiBin_1855	6027	4698
cpsnj11_SemiBin_1859	4739	3866
cpsnj11_SemiBin_1862	5005	3933
cpsnj11_SemiBin_1865	4952	3972
cpsnj11_SemiBin_188	4557	3783
cpsnj11_SemiBin_18	6322	5297
cpsnj11_SemiBin_190	3158	2827
cpsnj11_SemiBin_192	2973	2500
cpsnj11_SemiBin_195	4713	4049
cpsnj11_SemiBin_198	5989	4883
cpsnj11_SemiBin_19	2558	2236
cpsnj11_SemiBin_1	2613	2389
cpsnj11_SemiBin_200	5692	4936
cpsnj11_SemiBin_207	6564	5672
cpsnj11_SemiBin_208	3350	2862
cpsnj11_SemiBin_209	3137	2825
cpsnj11_SemiBin_20	6345	5549
cpsnj11_SemiBin_217	3486	3041
cpsnj11_SemiBin_21	3294	2751
cpsnj11_SemiBin_221	2427	2157
cpsnj11_SemiBin_22	5227	4704
cpsnj11_SemiBin_230	1505	1368
cpsnj11_SemiBin_234	3950	3377
cpsnj11_SemiBin_235	5115	4267
cpsnj11_SemiBin_23	4094	3273
cpsnj11_SemiBin_24	6560	5883
cpsnj11_SemiBin_26	4758	4326
cpsnj11_SemiBin_271	4859	3840
cpsnj11_SemiBin_27	3440	3091
cpsnj11_SemiBin_284	2376	1892
cpsnj11_SemiBin_286	1714	1519
cpsnj11_SemiBin_28	6169	5727
cpsnj11_SemiBin_293	3458	3033
cpsnj11_SemiBin_29	8614	7663
cpsnj11_SemiBin_2	4453	4141
cpsnj11_SemiBin_301	3824	3470
cpsnj11_SemiBin_30	2669	2418
cpsnj11_SemiBin_31	4116	3267
cpsnj11_SemiBin_329	2151	1636
cpsnj11_SemiBin_32	3751	3520
cpsnj11_SemiBin_33	3979	3119
cpsnj11_SemiBin_345	2660	1754
cpsnj11_SemiBin_348	6578	5422
cpsnj11_SemiBin_349	3874	3037
cpsnj11_SemiBin_34	7244	6332
cpsnj11_SemiBin_35	6101	5153
cpsnj11_SemiBin_361	4455	3639
cpsnj11_SemiBin_37	4592	3904
cpsnj11_SemiBin_38	3398	2747
cpsnj11_SemiBin_397	2902	2263
cpsnj11_SemiBin_39	4536	3910
cpsnj11_SemiBin_3	3873	3375
cpsnj11_SemiBin_40	5738	5296
cpsnj11_SemiBin_41	7883	6411
cpsnj11_SemiBin_42	4910	4276
cpsnj11_SemiBin_43	7577	6667
cpsnj11_SemiBin_44	5120	4343
cpsnj11_SemiBin_46	4547	3908
cpsnj11_SemiBin_47	3908	3363
cpsnj11_SemiBin_48	4991	4537
cpsnj11_SemiBin_49	4569	4329
cpsnj11_SemiBin_4	5563	4874
cpsnj11_SemiBin_501	5287	4529
cpsnj11_SemiBin_50	5314	4205
cpsnj11_SemiBin_51	6334	5584
cpsnj11_SemiBin_52	5649	4659
cpsnj11_SemiBin_53	2341	1962
cpsnj11_SemiBin_54	5682	5067
cpsnj11_SemiBin_55	4588	3952
cpsnj11_SemiBin_56	6897	6035
cpsnj11_SemiBin_57	3942	3385
cpsnj11_SemiBin_58	5967	4547
cpsnj11_SemiBin_59	4983	3972
cpsnj11_SemiBin_5	7834	6032
cpsnj11_SemiBin_601	4373	3566
cpsnj11_SemiBin_603	6197	3700
cpsnj11_SemiBin_60	6345	5499
cpsnj11_SemiBin_61	4016	3129
cpsnj11_SemiBin_62	5642	4743
cpsnj11_SemiBin_63	7140	5796
cpsnj11_SemiBin_64	2521	2072
cpsnj11_SemiBin_65	4603	3979
cpsnj11_SemiBin_66	4583	3959
cpsnj11_SemiBin_675	3716	2982
cpsnj11_SemiBin_67	4978	4344
cpsnj11_SemiBin_68	6381	5615
cpsnj11_SemiBin_69	3510	3149
cpsnj11_SemiBin_6	4728	4012
cpsnj11_SemiBin_70	5423	4839
cpsnj11_SemiBin_71	8293	6348
cpsnj11_SemiBin_73	5057	4374
cpsnj11_SemiBin_74	5674	4521
cpsnj11_SemiBin_75	5009	4036
cpsnj11_SemiBin_76	3863	3210
cpsnj11_SemiBin_77	3868	3393
cpsnj11_SemiBin_78	7809	6747
cpsnj11_SemiBin_79	4896	3888
cpsnj11_SemiBin_7	5853	5061
cpsnj11_SemiBin_81	4988	3971
cpsnj11_SemiBin_82	4683	4005
cpsnj11_SemiBin_83	6785	5978
cpsnj11_SemiBin_84	3604	3239
cpsnj11_SemiBin_85	7370	5847
cpsnj11_SemiBin_88	4376	3500
cpsnj11_SemiBin_89	4375	3772
cpsnj11_SemiBin_8	5353	4835
cpsnj11_SemiBin_90	4958	4491
cpsnj11_SemiBin_91	2851	2640
cpsnj11_SemiBin_92	3871	3232
cpsnj11_SemiBin_93	10182	7101
cpsnj11_SemiBin_94	6086	5140
cpsnj11_SemiBin_95	3569	2813
cpsnj11_SemiBin_966	5210	4149
cpsnj11_SemiBin_96	3921	2803
cpsnj11_SemiBin_97	5462	4285
cpsnj11_SemiBin_984	3371	2990
cpsnj11_SemiBin_98	5158	4408
cpsnj11_SemiBin_99	5281	4561
cpsnj11_SemiBin_9	4639	4023
cpsnj13_SemiBin_0	3910	3628
cpsnj13_SemiBin_102	2285	1912
cpsnj13_SemiBin_104	3488	2557
cpsnj13_SemiBin_105	5915	4646
cpsnj13_SemiBin_107	5584	3814
cpsnj13_SemiBin_10	6119	5373
cpsnj13_SemiBin_110	9490	7705
cpsnj13_SemiBin_111	5505	4327
cpsnj13_SemiBin_113	4936	3551
cpsnj13_SemiBin_114	2235	1781
cpsnj13_SemiBin_115	3687	3280
cpsnj13_SemiBin_116	7853	5985
cpsnj13_SemiBin_118	6289	5566
cpsnj13_SemiBin_11	6040	5534
cpsnj13_SemiBin_120	4754	4130
cpsnj13_SemiBin_122	2900	2390
cpsnj13_SemiBin_125	3760	2942
cpsnj13_SemiBin_128	6721	5360
cpsnj13_SemiBin_12	7810	6908
cpsnj13_SemiBin_13	8323	6277
cpsnj13_SemiBin_141	5798	4831
cpsnj13_SemiBin_143	12088	8509
cpsnj13_SemiBin_144	4634	3970
cpsnj13_SemiBin_145	3689	3230
cpsnj13_SemiBin_1479	15133	8532
cpsnj13_SemiBin_1487	6166	4683
cpsnj13_SemiBin_148	6188	5400
cpsnj13_SemiBin_14	4692	4228
cpsnj13_SemiBin_154	7443	6294
cpsnj13_SemiBin_156	5089	4434
cpsnj13_SemiBin_15	5862	5099
cpsnj13_SemiBin_169	3277	2757
cpsnj13_SemiBin_16	7793	6791
cpsnj13_SemiBin_178	2137	1911
cpsnj13_SemiBin_17	2744	2352
cpsnj13_SemiBin_181	5101	4492
cpsnj13_SemiBin_185	2999	2310
cpsnj13_SemiBin_187	5811	4970
cpsnj13_SemiBin_18	4949	3768
cpsnj13_SemiBin_199	3508	2918
cpsnj13_SemiBin_19	4847	4285
cpsnj13_SemiBin_1	2511	2330
cpsnj13_SemiBin_200	2145	1910
cpsnj13_SemiBin_211	2698	2371
cpsnj13_SemiBin_21	3306	2966
cpsnj13_SemiBin_222	5206	4087
cpsnj13_SemiBin_22	3853	3158
cpsnj13_SemiBin_231	2947	2570
cpsnj13_SemiBin_23	6028	4837
cpsnj13_SemiBin_24	2538	2337
cpsnj13_SemiBin_25	3748	3449
cpsnj13_SemiBin_269	2900	2694
cpsnj13_SemiBin_26	6443	5058
cpsnj13_SemiBin_27	5513	4994
cpsnj13_SemiBin_28	6168	5405
cpsnj13_SemiBin_29	3802	2945
cpsnj13_SemiBin_2	3962	3692
cpsnj13_SemiBin_30	3167	2782
cpsnj13_SemiBin_310	3558	2880
cpsnj13_SemiBin_31	4468	3800
cpsnj13_SemiBin_32	4813	4365
cpsnj13_SemiBin_33	8186	6462
cpsnj13_SemiBin_34	3792	3066
cpsnj13_SemiBin_35	3530	3014
cpsnj13_SemiBin_36	4776	3287
cpsnj13_SemiBin_370	4897	3856
cpsnj13_SemiBin_37	5781	4934
cpsnj13_SemiBin_39	5346	4932
cpsnj13_SemiBin_3	6122	5226
cpsnj13_SemiBin_40	5410	4408
cpsnj13_SemiBin_41	2919	2442
cpsnj13_SemiBin_429	4541	3877
cpsnj13_SemiBin_42	5006	4164
cpsnj13_SemiBin_43	5650	4372
cpsnj13_SemiBin_44	5355	4677
cpsnj13_SemiBin_45	3189	2612
cpsnj13_SemiBin_46	6802	5870
cpsnj13_SemiBin_47	4046	3393
cpsnj13_SemiBin_48	5299	4664
cpsnj13_SemiBin_49	5678	4732
cpsnj13_SemiBin_4	6120	5330
cpsnj13_SemiBin_52	2822	2260
cpsnj13_SemiBin_53	4598	3584
cpsnj13_SemiBin_541	5968	4935
cpsnj13_SemiBin_54	4607	4151
cpsnj13_SemiBin_55	5205	4476
cpsnj13_SemiBin_56	5389	4274
cpsnj13_SemiBin_58	8286	7001
cpsnj13_SemiBin_59	5529	4583
cpsnj13_SemiBin_5	4617	4048
cpsnj13_SemiBin_60	6052	4451
cpsnj13_SemiBin_61	2928	2372
cpsnj13_SemiBin_62	4159	3448
cpsnj13_SemiBin_63	4765	3416
cpsnj13_SemiBin_65	2894	2180
cpsnj13_SemiBin_66	3523	3167
cpsnj13_SemiBin_67	6187	5010
cpsnj13_SemiBin_68	4234	3159
cpsnj13_SemiBin_69	9085	6524
cpsnj13_SemiBin_6	6869	5996
cpsnj13_SemiBin_70	4609	3941
cpsnj13_SemiBin_71	1915	1601
cpsnj13_SemiBin_72	2756	2338
cpsnj13_SemiBin_73	2620	1885
cpsnj13_SemiBin_74	4143	3330
cpsnj13_SemiBin_75	4855	3687
cpsnj13_SemiBin_76	6603	5278
cpsnj13_SemiBin_77	6044	4681
cpsnj13_SemiBin_79	2716	2118
cpsnj13_SemiBin_7	3061	2666
cpsnj13_SemiBin_81	3408	2890
cpsnj13_SemiBin_82	10999	8108
cpsnj13_SemiBin_83	6649	5754
cpsnj13_SemiBin_86	5336	4430
cpsnj13_SemiBin_87	6491	5437
cpsnj13_SemiBin_88	3523	3230
cpsnj13_SemiBin_89	4296	3725
cpsnj13_SemiBin_8	5730	5200
cpsnj13_SemiBin_90	5216	3976
cpsnj13_SemiBin_91	5397	4533
cpsnj13_SemiBin_92	6575	5205
cpsnj13_SemiBin_94	6932	6038
cpsnj13_SemiBin_95	3824	2971
cpsnj13_SemiBin_97	4493	3820
cpsnj13_SemiBin_98	3813	3284
cpsnj13_SemiBin_99	4059	3481
cpsnj13_SemiBin_9	2954	2521
cpsnj14_SemiBin_0	3566	2703
cpsnj14_SemiBin_100	2946	2600
cpsnj14_SemiBin_101	4840	3762
cpsnj14_SemiBin_102	4949	3929
cpsnj14_SemiBin_103	4077	3623
cpsnj14_SemiBin_104	6709	5211
cpsnj14_SemiBin_105	4517	3583
cpsnj14_SemiBin_106	6849	4908
cpsnj14_SemiBin_107	5159	4211
cpsnj14_SemiBin_108	2585	2203
cpsnj14_SemiBin_109	4422	3580
cpsnj14_SemiBin_10	5056	4380
cpsnj14_SemiBin_110	5363	3394
cpsnj14_SemiBin_111	5852	4757
cpsnj14_SemiBin_112	3077	2566
cpsnj14_SemiBin_1136	4814	4196
cpsnj14_SemiBin_113	5013	3980
cpsnj14_SemiBin_114	9139	6943
cpsnj14_SemiBin_1157	4930	3965
cpsnj14_SemiBin_115	2330	2118
cpsnj14_SemiBin_116	3140	2506
cpsnj14_SemiBin_117	5500	4574
cpsnj14_SemiBin_118	5366	3327
cpsnj14_SemiBin_119	4466	3789
cpsnj14_SemiBin_11	6389	5542
cpsnj14_SemiBin_120	3708	2976
cpsnj14_SemiBin_121	3988	3564
cpsnj14_SemiBin_122	2709	2319
cpsnj14_SemiBin_123	6504	5570
cpsnj14_SemiBin_124	9440	7569
cpsnj14_SemiBin_125	3491	2451
cpsnj14_SemiBin_126	3135	2710
cpsnj14_SemiBin_127	6264	5299
cpsnj14_SemiBin_129	4467	3440
cpsnj14_SemiBin_12	4437	3835
cpsnj14_SemiBin_130	3417	2955
cpsnj14_SemiBin_131	2697	2117
cpsnj14_SemiBin_132	5936	4546
cpsnj14_SemiBin_133	4525	3549
cpsnj14_SemiBin_134	3867	3019
cpsnj14_SemiBin_135	5389	4796
cpsnj14_SemiBin_137	2509	1867
cpsnj14_SemiBin_138	2233	1947
cpsnj14_SemiBin_139	6466	5362
cpsnj14_SemiBin_13	5891	4782
cpsnj14_SemiBin_141	3323	2990
cpsnj14_SemiBin_142	5643	4365
cpsnj14_SemiBin_1449	5492	4214
cpsnj14_SemiBin_144	2472	1909
cpsnj14_SemiBin_145	3726	3229
cpsnj14_SemiBin_147	4377	3704
cpsnj14_SemiBin_149	5979	4531
cpsnj14_SemiBin_14	4712	4320
cpsnj14_SemiBin_150	2662	2351
cpsnj14_SemiBin_153	2200	2006
cpsnj14_SemiBin_155	4548	3404
cpsnj14_SemiBin_156	4680	4047
cpsnj14_SemiBin_158	6668	4920
cpsnj14_SemiBin_159	4082	3531
cpsnj14_SemiBin_15	4830	4294
cpsnj14_SemiBin_160	4566	2918
cpsnj14_SemiBin_162	7413	6613
cpsnj14_SemiBin_1645	4551	3825
cpsnj14_SemiBin_164	2766	2235
cpsnj14_SemiBin_168	4833	4473
cpsnj14_SemiBin_169	6194	4204
cpsnj14_SemiBin_16	6955	5956
cpsnj14_SemiBin_174	1837	1676
cpsnj14_SemiBin_178	8252	6111
cpsnj14_SemiBin_17	5065	4569
cpsnj14_SemiBin_180	6984	5459
cpsnj14_SemiBin_183	2782	2163
cpsnj14_SemiBin_184	3676	2997
cpsnj14_SemiBin_185	8850	7417
cpsnj14_SemiBin_188	2375	1867
cpsnj14_SemiBin_189	5071	3836
cpsnj14_SemiBin_192	3661	3182
cpsnj14_SemiBin_19	5669	4905
cpsnj14_SemiBin_1	3854	3112
cpsnj14_SemiBin_2008	7954	5814
cpsnj14_SemiBin_201	5421	4566
cpsnj14_SemiBin_202	3967	3397
cpsnj14_SemiBin_205	4170	3513
cpsnj14_SemiBin_209	3449	2797
cpsnj14_SemiBin_20	5412	4603
cpsnj14_SemiBin_212	3552	3094
cpsnj14_SemiBin_217	2836	2363
cpsnj14_SemiBin_21	3622	2405
cpsnj14_SemiBin_222	2179	1966
cpsnj14_SemiBin_223	1582	1331
cpsnj14_SemiBin_229	4238	3292
cpsnj14_SemiBin_22	4709	4043
cpsnj14_SemiBin_232	3235	3002
cpsnj14_SemiBin_23	5634	4607
cpsnj14_SemiBin_242	3351	2575
cpsnj14_SemiBin_244	3603	2856
cpsnj14_SemiBin_245	6694	4049
cpsnj14_SemiBin_24	5732	4646
cpsnj14_SemiBin_253	3939	3287
cpsnj14_SemiBin_254	7289	6097
cpsnj14_SemiBin_25	3713	3417
cpsnj14_SemiBin_26	4253	3839
cpsnj14_SemiBin_279	6066	4350
cpsnj14_SemiBin_27	4508	3770
cpsnj14_SemiBin_287	3745	3302
cpsnj14_SemiBin_28	3013	2819
cpsnj14_SemiBin_290	4365	3607
cpsnj14_SemiBin_29	6328	5519
cpsnj14_SemiBin_2	6006	5148
cpsnj14_SemiBin_307	5809	4966
cpsnj14_SemiBin_30	6175	5433
cpsnj14_SemiBin_31	7511	5890
cpsnj14_SemiBin_32	4734	4310
cpsnj14_SemiBin_338	2277	1683
cpsnj14_SemiBin_33	3280	2756
cpsnj14_SemiBin_34	4613	4059
cpsnj14_SemiBin_35	6252	5274
cpsnj14_SemiBin_36	3800	3140
cpsnj14_SemiBin_37	4670	3804
cpsnj14_SemiBin_38	4529	4102
cpsnj14_SemiBin_39	5090	4042
cpsnj14_SemiBin_3	3646	3199
cpsnj14_SemiBin_40	4009	3303
cpsnj14_SemiBin_41	5752	5121
cpsnj14_SemiBin_425	4639	3976
cpsnj14_SemiBin_42	4542	3580
cpsnj14_SemiBin_43	8043	6823
cpsnj14_SemiBin_44	2000	1869
cpsnj14_SemiBin_45	7414	5301
cpsnj14_SemiBin_46	2850	2621
cpsnj14_SemiBin_47	7290	5544
cpsnj14_SemiBin_48	6189	4827
cpsnj14_SemiBin_494	5677	4924
cpsnj14_SemiBin_49	2995	2582
cpsnj14_SemiBin_4	4381	3804
cpsnj14_SemiBin_50	4230	3208
cpsnj14_SemiBin_51	3863	3559
cpsnj14_SemiBin_52	4685	4072
cpsnj14_SemiBin_53	4424	3981
cpsnj14_SemiBin_54	4587	4063
cpsnj14_SemiBin_55	5897	5072
cpsnj14_SemiBin_56	4388	3737
cpsnj14_SemiBin_57	5989	4565
cpsnj14_SemiBin_58	5544	4837
cpsnj14_SemiBin_59	3444	2751
cpsnj14_SemiBin_5	4452	4100
cpsnj14_SemiBin_60	4226	3124
cpsnj14_SemiBin_61	3078	2474
cpsnj14_SemiBin_62	5574	4459
cpsnj14_SemiBin_63	6434	5637
cpsnj14_SemiBin_64	3227	2670
cpsnj14_SemiBin_66	5521	5026
cpsnj14_SemiBin_67	4600	4094
cpsnj14_SemiBin_68	4277	3646
cpsnj14_SemiBin_69	5370	4657
cpsnj14_SemiBin_6	6954	6131
cpsnj14_SemiBin_70	3512	2758
cpsnj14_SemiBin_71	6461	5722
cpsnj14_SemiBin_72	5849	5052
cpsnj14_SemiBin_73	3018	2728
cpsnj14_SemiBin_74	3251	2913
cpsnj14_SemiBin_75	6091	5193
cpsnj14_SemiBin_76	7288	5149
cpsnj14_SemiBin_77	6926	5850
cpsnj14_SemiBin_78	5780	4558
cpsnj14_SemiBin_79	6262	5526
cpsnj14_SemiBin_7	3489	2973
cpsnj14_SemiBin_804	2739	2276
cpsnj14_SemiBin_80	7991	5507
cpsnj14_SemiBin_81	2725	2293
cpsnj14_SemiBin_82	4461	3274
cpsnj14_SemiBin_830	4000	3377
cpsnj14_SemiBin_83	4726	4084
cpsnj14_SemiBin_84	3057	2722
cpsnj14_SemiBin_85	5947	4574
cpsnj14_SemiBin_87	3865	2923
cpsnj14_SemiBin_88	8359	6991
cpsnj14_SemiBin_89	5446	4423
cpsnj14_SemiBin_8	5039	4587
cpsnj14_SemiBin_90	2753	2316
cpsnj14_SemiBin_91	2982	2669
cpsnj14_SemiBin_92	3296	2921
cpsnj14_SemiBin_93	6999	5815
cpsnj14_SemiBin_94	4517	3838
cpsnj14_SemiBin_96	5169	4115
cpsnj14_SemiBin_97	5671	4844
cpsnj14_SemiBin_99	2288	2134
cpsnj14_SemiBin_9	6017	5156
cpsnj15_SemiBin_0	6104	4914
cpsnj15_SemiBin_103	5612	4403
cpsnj15_SemiBin_105	3407	2922
cpsnj15_SemiBin_106	6100	5215
cpsnj15_SemiBin_10	4717	4196
cpsnj15_SemiBin_110	3047	2648
cpsnj15_SemiBin_113	5730	4719
cpsnj15_SemiBin_116	4518	3490
cpsnj15_SemiBin_118	4274	3582
cpsnj15_SemiBin_11	4473	3837
cpsnj15_SemiBin_122	3404	2815
cpsnj15_SemiBin_1258	6396	5203
cpsnj15_SemiBin_127	5208	4279
cpsnj15_SemiBin_129	5388	3732
cpsnj15_SemiBin_12	6982	5752
cpsnj15_SemiBin_13	4455	3576
cpsnj15_SemiBin_14	3147	2636
cpsnj15_SemiBin_150	4826	3552
cpsnj15_SemiBin_159	4725	3708
cpsnj15_SemiBin_15	6104	5279
cpsnj15_SemiBin_16	3621	3256
cpsnj15_SemiBin_170	5344	4108
cpsnj15_SemiBin_1728	3396	2801
cpsnj15_SemiBin_17	5004	4249
cpsnj15_SemiBin_18	2641	2424
cpsnj15_SemiBin_19	5256	4341
cpsnj15_SemiBin_1	6067	5041
cpsnj15_SemiBin_206	4895	4161
cpsnj15_SemiBin_20	4504	3490
cpsnj15_SemiBin_21	5085	4016
cpsnj15_SemiBin_22	2909	2602
cpsnj15_SemiBin_23	3885	3119
cpsnj15_SemiBin_25	4762	4219
cpsnj15_SemiBin_26	3517	2636
cpsnj15_SemiBin_27	6359	5272
cpsnj15_SemiBin_280	3838	3185
cpsnj15_SemiBin_28	6879	4996
cpsnj15_SemiBin_29	4253	3323
cpsnj15_SemiBin_2	3838	3525
cpsnj15_SemiBin_30	4175	3362
cpsnj15_SemiBin_31	5938	4763
cpsnj15_SemiBin_32	5848	4384
cpsnj15_SemiBin_33	6571	5256
cpsnj15_SemiBin_34	7989	5746
cpsnj15_SemiBin_35	4334	3248
cpsnj15_SemiBin_36	4685	3987
cpsnj15_SemiBin_37	3131	2846
cpsnj15_SemiBin_38	3152	2480
cpsnj15_SemiBin_39	2422	1798
cpsnj15_SemiBin_3	5771	5354
cpsnj15_SemiBin_40	2530	2261
cpsnj15_SemiBin_41	5275	4333
cpsnj15_SemiBin_42	5468	4649
cpsnj15_SemiBin_43	6018	4514
cpsnj15_SemiBin_44	5413	4697
cpsnj15_SemiBin_45	7295	4830
cpsnj15_SemiBin_47	6449	5386
cpsnj15_SemiBin_49	3895	3103
cpsnj15_SemiBin_4	2550	2308
cpsnj15_SemiBin_50	6865	5879
cpsnj15_SemiBin_517	2043	1472
cpsnj15_SemiBin_51	2390	2211
cpsnj15_SemiBin_52	6197	4075
cpsnj15_SemiBin_53	2442	1676
cpsnj15_SemiBin_55	3841	2681
cpsnj15_SemiBin_56	5137	4189
cpsnj15_SemiBin_58	2581	2149
cpsnj15_SemiBin_59	3050	2339
cpsnj15_SemiBin_5	2904	2384
cpsnj15_SemiBin_607	2674	2124
cpsnj15_SemiBin_60	2380	2030
cpsnj15_SemiBin_611	8675	6894
cpsnj15_SemiBin_61	7566	5374
cpsnj15_SemiBin_62	4782	4118
cpsnj15_SemiBin_64	4222	2950
cpsnj15_SemiBin_65	3462	2655
cpsnj15_SemiBin_67	5043	3899
cpsnj15_SemiBin_69	3814	2871
cpsnj15_SemiBin_6	5190	4607
cpsnj15_SemiBin_72	4824	4082
cpsnj15_SemiBin_73	5585	3926
cpsnj15_SemiBin_74	3838	3004
cpsnj15_SemiBin_78	5446	4312
cpsnj15_SemiBin_7	5637	4441
cpsnj15_SemiBin_81	6523	5413
cpsnj15_SemiBin_8	5564	4522
cpsnj15_SemiBin_90	6485	5072
cpsnj15_SemiBin_97	3132	2799
cpsnj15_SemiBin_98	4846	3789
cpsnj15_SemiBin_99	4230	3931
cpsnj15_SemiBin_9	4413	3880
cpsnj16_SemiBin_0	4243	3777
cpsnj16_SemiBin_100	5987	5059
cpsnj16_SemiBin_104	5769	5095
cpsnj16_SemiBin_106	5080	4010
cpsnj16_SemiBin_108	4104	3285
cpsnj16_SemiBin_109	5397	4593
cpsnj16_SemiBin_10	4698	4090
cpsnj16_SemiBin_111	3246	3008
cpsnj16_SemiBin_112	4328	3621
cpsnj16_SemiBin_115	3388	2645
cpsnj16_SemiBin_1187	5455	4640
cpsnj16_SemiBin_1193	6589	5492
cpsnj16_SemiBin_11	2650	2364
cpsnj16_SemiBin_121	3310	2555
cpsnj16_SemiBin_122	2181	1796
cpsnj16_SemiBin_12	4323	3592
cpsnj16_SemiBin_130	2986	2206
cpsnj16_SemiBin_132	6820	4683
cpsnj16_SemiBin_133	4599	3927
cpsnj16_SemiBin_13	4194	3479
cpsnj16_SemiBin_140	6608	5224
cpsnj16_SemiBin_145	4568	3625
cpsnj16_SemiBin_146	6052	4816
cpsnj16_SemiBin_1487	7449	5574
cpsnj16_SemiBin_1492	7314	4905
cpsnj16_SemiBin_1499	2399	1803
cpsnj16_SemiBin_149	3545	2739
cpsnj16_SemiBin_14	3995	3657
cpsnj16_SemiBin_150	5331	4287
cpsnj16_SemiBin_154	2551	2152
cpsnj16_SemiBin_155	1831	1691
cpsnj16_SemiBin_156	4270	3701
cpsnj16_SemiBin_158	3619	2924
cpsnj16_SemiBin_15	7996	6091
cpsnj16_SemiBin_162	2953	2404
cpsnj16_SemiBin_165	6273	5476
cpsnj16_SemiBin_167	5081	4553
cpsnj16_SemiBin_16	5462	4961
cpsnj16_SemiBin_170	3173	2683
cpsnj16_SemiBin_178	5272	3656
cpsnj16_SemiBin_17	6004	5311
cpsnj16_SemiBin_182	3620	3082
cpsnj16_SemiBin_186	5148	3980
cpsnj16_SemiBin_187	5485	4631
cpsnj16_SemiBin_18	6691	5799
cpsnj16_SemiBin_192	4064	3229
cpsnj16_SemiBin_193	5249	4403
cpsnj16_SemiBin_195	5082	3946
cpsnj16_SemiBin_19	4523	3750
cpsnj16_SemiBin_1	5067	4640
cpsnj16_SemiBin_201	4328	3541
cpsnj16_SemiBin_204	4747	3689
cpsnj16_SemiBin_205	8722	6562
cpsnj16_SemiBin_209	1811	1383
cpsnj16_SemiBin_20	8027	7170
cpsnj16_SemiBin_211	4626	3732
cpsnj16_SemiBin_21	3848	3485
cpsnj16_SemiBin_22	3358	2738
cpsnj16_SemiBin_239	4162	3294
cpsnj16_SemiBin_23	4672	4086
cpsnj16_SemiBin_24	3893	3359
cpsnj16_SemiBin_256	10004	7694
cpsnj16_SemiBin_25	7021	6326
cpsnj16_SemiBin_26	3988	3598
cpsnj16_SemiBin_270	5566	4159
cpsnj16_SemiBin_274	2176	1648
cpsnj16_SemiBin_27	3565	3024
cpsnj16_SemiBin_28	5787	5101
cpsnj16_SemiBin_29	6332	5462
cpsnj16_SemiBin_2	3519	2369
cpsnj16_SemiBin_30	4720	4082
cpsnj16_SemiBin_31	4926	4098
cpsnj16_SemiBin_32	6670	5805
cpsnj16_SemiBin_33	3745	3475
cpsnj16_SemiBin_35	3375	3080
cpsnj16_SemiBin_36	5225	4245
cpsnj16_SemiBin_37	4212	3575
cpsnj16_SemiBin_38	8235	6718
cpsnj16_SemiBin_39	6813	5995
cpsnj16_SemiBin_3	2684	2308
cpsnj16_SemiBin_40	5511	4663
cpsnj16_SemiBin_41	8414	7046
cpsnj16_SemiBin_43	6607	5824
cpsnj16_SemiBin_44	11597	7614
cpsnj16_SemiBin_46	5686	4647
cpsnj16_SemiBin_47	5269	4665
cpsnj16_SemiBin_48	5431	4032
cpsnj16_SemiBin_49	6920	5865
cpsnj16_SemiBin_4	3803	3256
cpsnj16_SemiBin_50	8231	6656
cpsnj16_SemiBin_515	3962	3482
cpsnj16_SemiBin_516	4766	4040
cpsnj16_SemiBin_51	4745	3748
cpsnj16_SemiBin_52	4998	4381
cpsnj16_SemiBin_53	6277	5392
cpsnj16_SemiBin_54	4724	4268
cpsnj16_SemiBin_55	3011	2561
cpsnj16_SemiBin_56	8467	6743
cpsnj16_SemiBin_59	6755	5623
cpsnj16_SemiBin_5	3277	2781
cpsnj16_SemiBin_60	3655	3164
cpsnj16_SemiBin_61	4908	4262
cpsnj16_SemiBin_62	2686	2064
cpsnj16_SemiBin_63	5651	4415
cpsnj16_SemiBin_64	2705	2322
cpsnj16_SemiBin_650	4410	3722
cpsnj16_SemiBin_66	5241	4146
cpsnj16_SemiBin_67	6773	5276
cpsnj16_SemiBin_68	5107	4083
cpsnj16_SemiBin_69	3859	3557
cpsnj16_SemiBin_6	6234	5513
cpsnj16_SemiBin_70	3412	2770
cpsnj16_SemiBin_71	4873	4083
cpsnj16_SemiBin_72	4755	3866
cpsnj16_SemiBin_73	10904	8776
cpsnj16_SemiBin_74	6761	5062
cpsnj16_SemiBin_75	3473	2925
cpsnj16_SemiBin_76	4394	3721
cpsnj16_SemiBin_77	6524	5742
cpsnj16_SemiBin_79	3706	3171
cpsnj16_SemiBin_7	6424	5696
cpsnj16_SemiBin_80	6375	5065
cpsnj16_SemiBin_81	3941	3133
cpsnj16_SemiBin_83	2813	2345
cpsnj16_SemiBin_841	5056	4134
cpsnj16_SemiBin_84	3780	3222
cpsnj16_SemiBin_85	7002	5489
cpsnj16_SemiBin_86	2659	2197
cpsnj16_SemiBin_87	5257	4623
cpsnj16_SemiBin_88	4384	3582
cpsnj16_SemiBin_89	4783	3040
cpsnj16_SemiBin_8	4531	3897
cpsnj16_SemiBin_90	1400	1275
cpsnj16_SemiBin_94	6150	3453
cpsnj16_SemiBin_96	4312	3950
cpsnj16_SemiBin_97	5158	4452
cpsnj16_SemiBin_98	3912	3101
cpsnj16_SemiBin_99	3382	2893
cpsnj16_SemiBin_9	5750	5390
cpsnj19_SemiBin_0	3467	3193
cpsnj19_SemiBin_100	5787	3645
cpsnj19_SemiBin_101	5215	3876
cpsnj19_SemiBin_102	2775	2231
cpsnj19_SemiBin_103	5189	4359
cpsnj19_SemiBin_104	4707	3973
cpsnj19_SemiBin_105	2884	1740
cpsnj19_SemiBin_106	2593	2220
cpsnj19_SemiBin_107	2564	2292
cpsnj19_SemiBin_109	2804	2302
cpsnj19_SemiBin_10	7090	6163
cpsnj19_SemiBin_110	9607	7031
cpsnj19_SemiBin_111	10718	8226
cpsnj19_SemiBin_112	2254	1911
cpsnj19_SemiBin_113	8585	4968
cpsnj19_SemiBin_114	6025	4602
cpsnj19_SemiBin_117	3576	2788
cpsnj19_SemiBin_1181	7589	5735
cpsnj19_SemiBin_118	3188	2654
cpsnj19_SemiBin_11	7504	5636
cpsnj19_SemiBin_120	2165	1947
cpsnj19_SemiBin_123	6991	5254
cpsnj19_SemiBin_124	2299	2003
cpsnj19_SemiBin_125	5709	4912
cpsnj19_SemiBin_126	6413	4483
cpsnj19_SemiBin_128	3548	2843
cpsnj19_SemiBin_12	1977	1685
cpsnj19_SemiBin_130	2732	2301
cpsnj19_SemiBin_134	3263	2924
cpsnj19_SemiBin_135	3603	3117
cpsnj19_SemiBin_136	4465	3760
cpsnj19_SemiBin_139	5912	4902
cpsnj19_SemiBin_13	3566	2998
cpsnj19_SemiBin_140	7605	5029
cpsnj19_SemiBin_142	4030	3271
cpsnj19_SemiBin_145	4474	3638
cpsnj19_SemiBin_146	4551	3602
cpsnj19_SemiBin_148	2099	1855
cpsnj19_SemiBin_14	4097	3742
cpsnj19_SemiBin_153	3391	3029
cpsnj19_SemiBin_15	2187	1838
cpsnj19_SemiBin_160	3580	2979
cpsnj19_SemiBin_162	6555	5505
cpsnj19_SemiBin_166	5378	4606
cpsnj19_SemiBin_167	7908	5704
cpsnj19_SemiBin_169	5047	4130
cpsnj19_SemiBin_16	6722	5751
cpsnj19_SemiBin_171	3295	2601
cpsnj19_SemiBin_179	4494	3828
cpsnj19_SemiBin_1817	3720	3096
cpsnj19_SemiBin_182	4990	4367
cpsnj19_SemiBin_189	4686	4054
cpsnj19_SemiBin_18	6712	5913
cpsnj19_SemiBin_190	3745	2951
cpsnj19_SemiBin_198	5086	4401
cpsnj19_SemiBin_199	4932	4279
cpsnj19_SemiBin_1	3074	2525
cpsnj19_SemiBin_20	6362	4939
cpsnj19_SemiBin_215	3099	2691
cpsnj19_SemiBin_21	3981	3287
cpsnj19_SemiBin_224	5711	4444
cpsnj19_SemiBin_22	3934	3220
cpsnj19_SemiBin_234	4042	3504
cpsnj19_SemiBin_23	3835	3136
cpsnj19_SemiBin_242	5611	5052
cpsnj19_SemiBin_24	4208	3493
cpsnj19_SemiBin_255	5145	3890
cpsnj19_SemiBin_257	4606	3863
cpsnj19_SemiBin_25	2373	2044
cpsnj19_SemiBin_26	5172	4517
cpsnj19_SemiBin_27	2577	2182
cpsnj19_SemiBin_28	7362	5939
cpsnj19_SemiBin_297	3768	3448
cpsnj19_SemiBin_29	4546	3837
cpsnj19_SemiBin_2	5921	5154
cpsnj19_SemiBin_307	2901	2534
cpsnj19_SemiBin_30	4224	3479
cpsnj19_SemiBin_310	5472	4762
cpsnj19_SemiBin_31	5865	5127
cpsnj19_SemiBin_33	4566	4199
cpsnj19_SemiBin_34	5105	4305
cpsnj19_SemiBin_35	10132	8750
cpsnj19_SemiBin_363	1880	1426
cpsnj19_SemiBin_36	7172	5969
cpsnj19_SemiBin_37	7470	5847
cpsnj19_SemiBin_38	6468	5282
cpsnj19_SemiBin_39	4423	3960
cpsnj19_SemiBin_3	3133	2696
cpsnj19_SemiBin_406	4951	3998
cpsnj19_SemiBin_40	5091	4655
cpsnj19_SemiBin_416	6563	5277
cpsnj19_SemiBin_41	5018	4202
cpsnj19_SemiBin_42	6215	4898
cpsnj19_SemiBin_43	6053	4961
cpsnj19_SemiBin_44	2956	2288
cpsnj19_SemiBin_45	5365	4705
cpsnj19_SemiBin_46	4698	3859
cpsnj19_SemiBin_47	5346	4517
cpsnj19_SemiBin_487	5070	3902
cpsnj19_SemiBin_48	5268	4035
cpsnj19_SemiBin_49	3607	3002
cpsnj19_SemiBin_4	3813	3381
cpsnj19_SemiBin_50	3379	2653
cpsnj19_SemiBin_51	6867	5860
cpsnj19_SemiBin_522	4202	3369
cpsnj19_SemiBin_52	6589	5497
cpsnj19_SemiBin_53	6682	5929
cpsnj19_SemiBin_54	3623	2977
cpsnj19_SemiBin_55	6042	5057
cpsnj19_SemiBin_56	6489	5400
cpsnj19_SemiBin_57	4474	3915
cpsnj19_SemiBin_58	2479	1967
cpsnj19_SemiBin_59	3615	3162
cpsnj19_SemiBin_5	4125	3634
cpsnj19_SemiBin_60	5332	4257
cpsnj19_SemiBin_61	2407	1873
cpsnj19_SemiBin_62	3253	2667
cpsnj19_SemiBin_63	3573	2900
cpsnj19_SemiBin_64	3260	3001
cpsnj19_SemiBin_65	4086	3153
cpsnj19_SemiBin_66	5448	4604
cpsnj19_SemiBin_67	5551	4726
cpsnj19_SemiBin_685	5842	3988
cpsnj19_SemiBin_68	3219	2477
cpsnj19_SemiBin_69	11851	7651
cpsnj19_SemiBin_6	5905	4990
cpsnj19_SemiBin_70	5621	4092
cpsnj19_SemiBin_71	6961	4759
cpsnj19_SemiBin_72	2376	2000
cpsnj19_SemiBin_73	3044	2719
cpsnj19_SemiBin_74	3106	2322
cpsnj19_SemiBin_75	4501	3718
cpsnj19_SemiBin_76	5174	4572
cpsnj19_SemiBin_77	7216	5420
cpsnj19_SemiBin_78	2507	2005
cpsnj19_SemiBin_79	2467	2282
cpsnj19_SemiBin_7	3140	2724
cpsnj19_SemiBin_80	5882	4929
cpsnj19_SemiBin_810	2736	2456
cpsnj19_SemiBin_81	5523	4885
cpsnj19_SemiBin_83	2304	1944
cpsnj19_SemiBin_84	5317	4743
cpsnj19_SemiBin_85	6837	5127
cpsnj19_SemiBin_88	5359	4025
cpsnj19_SemiBin_89	3081	2442
cpsnj19_SemiBin_8	6187	5452
cpsnj19_SemiBin_90	4431	3726
cpsnj19_SemiBin_91	3799	3026
cpsnj19_SemiBin_92	5358	4240
cpsnj19_SemiBin_93	7563	6369
cpsnj19_SemiBin_94	4417	3519
cpsnj19_SemiBin_95	6786	4987
cpsnj19_SemiBin_96	4450	3472
cpsnj19_SemiBin_97	2452	1936
cpsnj19_SemiBin_98	6795	5466
cpsnj19_SemiBin_99	6931	5252
cpsnj19_SemiBin_9	3132	2709
cpsnj20_SemiBin_0	2804	2691
cpsnj20_SemiBin_101	3053	2785
cpsnj20_SemiBin_102	3214	2767
cpsnj20_SemiBin_104	6008	5019
cpsnj20_SemiBin_105	2980	2531
cpsnj20_SemiBin_106	1389	1326
cpsnj20_SemiBin_109	3863	3362
cpsnj20_SemiBin_10	3154	2693
cpsnj20_SemiBin_114	7955	5600
cpsnj20_SemiBin_116	2695	2095
cpsnj20_SemiBin_118	1918	1755
cpsnj20_SemiBin_119	3363	2572
cpsnj20_SemiBin_11	6569	5499
cpsnj20_SemiBin_121	3663	3212
cpsnj20_SemiBin_123	5796	4815
cpsnj20_SemiBin_125	2935	2298
cpsnj20_SemiBin_126	3471	3250
cpsnj20_SemiBin_129	4769	4021
cpsnj20_SemiBin_12	4116	3684
cpsnj20_SemiBin_132	4792	4133
cpsnj20_SemiBin_135	2014	1783
cpsnj20_SemiBin_138	4070	3296
cpsnj20_SemiBin_13	4193	3819
cpsnj20_SemiBin_148	1835	1716
cpsnj20_SemiBin_149	3423	3008
cpsnj20_SemiBin_14	3924	3083
cpsnj20_SemiBin_158	4151	3743
cpsnj20_SemiBin_15	3418	3069
cpsnj20_SemiBin_1607	2183	1955
cpsnj20_SemiBin_1612	5691	4253
cpsnj20_SemiBin_163	3937	3292
cpsnj20_SemiBin_1646	5223	4181
cpsnj20_SemiBin_164	2457	2254
cpsnj20_SemiBin_169	2150	1740
cpsnj20_SemiBin_16	4576	4261
cpsnj20_SemiBin_171	2668	2192
cpsnj20_SemiBin_172	3481	2958
cpsnj20_SemiBin_174	4848	4046
cpsnj20_SemiBin_17	2487	2135
cpsnj20_SemiBin_18	4979	4275
cpsnj20_SemiBin_195	7095	4309
cpsnj20_SemiBin_19	5851	5144
cpsnj20_SemiBin_1	3136	2877
cpsnj20_SemiBin_200	827	529
cpsnj20_SemiBin_205	2580	2028
cpsnj20_SemiBin_207	4467	3890
cpsnj20_SemiBin_209	3287	2852
cpsnj20_SemiBin_20	2732	2181
cpsnj20_SemiBin_21	5733	4853
cpsnj20_SemiBin_221	5125	3775
cpsnj20_SemiBin_222	4790	3649
cpsnj20_SemiBin_22	2125	1780
cpsnj20_SemiBin_23	4057	3704
cpsnj20_SemiBin_24	3844	3589
cpsnj20_SemiBin_25	3886	3363
cpsnj20_SemiBin_26	10135	7664
cpsnj20_SemiBin_27	5840	4878
cpsnj20_SemiBin_28	2103	1714
cpsnj20_SemiBin_29	3168	2573
cpsnj20_SemiBin_2	3651	3430
cpsnj20_SemiBin_301	1931	1483
cpsnj20_SemiBin_30	6577	5787
cpsnj20_SemiBin_31	3669	3271
cpsnj20_SemiBin_320	3852	3020
cpsnj20_SemiBin_32	3310	3063
cpsnj20_SemiBin_33	2820	2269
cpsnj20_SemiBin_34	3424	3305
cpsnj20_SemiBin_35	3888	3149
cpsnj20_SemiBin_36	5158	4520
cpsnj20_SemiBin_37	3929	3263
cpsnj20_SemiBin_38	988	735
cpsnj20_SemiBin_39	5095	4525
cpsnj20_SemiBin_3	3142	2932
cpsnj20_SemiBin_40	4792	3686
cpsnj20_SemiBin_41	2815	2450
cpsnj20_SemiBin_42	5496	4732
cpsnj20_SemiBin_431	3322	3041
cpsnj20_SemiBin_436	1958	1817
cpsnj20_SemiBin_44	3362	2923
cpsnj20_SemiBin_45	4685	3420
cpsnj20_SemiBin_46	3739	3382
cpsnj20_SemiBin_47	6111	5178
cpsnj20_SemiBin_48	2522	2436
cpsnj20_SemiBin_49	4764	4328
cpsnj20_SemiBin_4	2955	2688
cpsnj20_SemiBin_51	3206	2939
cpsnj20_SemiBin_52	4238	3182
cpsnj20_SemiBin_53	4754	4284
cpsnj20_SemiBin_540	7207	5462
cpsnj20_SemiBin_554	5526	4854
cpsnj20_SemiBin_55	5582	5088
cpsnj20_SemiBin_56	3003	2518
cpsnj20_SemiBin_57	4470	3836
cpsnj20_SemiBin_59	7642	5976
cpsnj20_SemiBin_5	3494	2941
cpsnj20_SemiBin_60	4358	3737
cpsnj20_SemiBin_61	4470	3501
cpsnj20_SemiBin_62	4302	3222
cpsnj20_SemiBin_63	4531	3878
cpsnj20_SemiBin_64	4791	4256
cpsnj20_SemiBin_65	1959	1855
cpsnj20_SemiBin_66	4262	3222
cpsnj20_SemiBin_67	2835	2688
cpsnj20_SemiBin_68	2821	2134
cpsnj20_SemiBin_69	1800	1683
cpsnj20_SemiBin_6	2750	2546
cpsnj20_SemiBin_70	4644	3500
cpsnj20_SemiBin_71	6581	5600
cpsnj20_SemiBin_72	2897	2339
cpsnj20_SemiBin_73	1086	713
cpsnj20_SemiBin_74	5439	4685
cpsnj20_SemiBin_75	1641	1088
cpsnj20_SemiBin_76	5202	4459
cpsnj20_SemiBin_774	6891	5921
cpsnj20_SemiBin_77	4879	4180
cpsnj20_SemiBin_78	5884	5184
cpsnj20_SemiBin_790	3575	3126
cpsnj20_SemiBin_79	4444	3497
cpsnj20_SemiBin_7	2988	2693
cpsnj20_SemiBin_81	4506	3752
cpsnj20_SemiBin_82	2483	2168
cpsnj20_SemiBin_83	4148	3064
cpsnj20_SemiBin_84	4278	3475
cpsnj20_SemiBin_85	3246	2817
cpsnj20_SemiBin_86	2887	2699
cpsnj20_SemiBin_87	7742	5767
cpsnj20_SemiBin_88	2741	2515
cpsnj20_SemiBin_89	7290	6447
cpsnj20_SemiBin_8	4771	4296
cpsnj20_SemiBin_90	3239	2603
cpsnj20_SemiBin_92	1493	947
cpsnj20_SemiBin_93	4796	3999
cpsnj20_SemiBin_94	3721	3411
cpsnj20_SemiBin_95	4959	3721
cpsnj20_SemiBin_96	3198	2606
cpsnj20_SemiBin_99	4553	4129
cpsnj20_SemiBin_9	3839	3423
sample10_SemiBin_0	3881	3651
sample10_SemiBin_100	4209	3488
sample10_SemiBin_127	2760	2312
sample10_SemiBin_133	5984	4911
sample10_SemiBin_135	3264	2674
sample10_SemiBin_136	5428	4210
sample10_SemiBin_13	3402	3158
sample10_SemiBin_142	2403	2058
sample10_SemiBin_153	2113	1799
sample10_SemiBin_155	2543	2283
sample10_SemiBin_156	2702	2223
sample10_SemiBin_165	7924	6114
sample10_SemiBin_175	3108	2770
sample10_SemiBin_17	3597	3087
sample10_SemiBin_180	4154	3591
sample10_SemiBin_197	1493	1392
sample10_SemiBin_1	4083	3708
sample10_SemiBin_211	3414	2758
sample10_SemiBin_230	2594	2192
sample10_SemiBin_231	5386	4704
sample10_SemiBin_286	2417	1753
sample10_SemiBin_28	5445	4839
sample10_SemiBin_309	2664	2220
sample10_SemiBin_30	4772	4076
sample10_SemiBin_320	2862	1853
sample10_SemiBin_34	2932	2407
sample10_SemiBin_36	3065	2547
sample10_SemiBin_37	2972	2496
sample10_SemiBin_40	3663	3407
sample10_SemiBin_41	2356	1963
sample10_SemiBin_43	7010	5909
sample10_SemiBin_44	3628	3135
sample10_SemiBin_4	4099	3559
sample10_SemiBin_53	4649	2720
sample10_SemiBin_54	2763	2437
sample10_SemiBin_56	3126	2570
sample10_SemiBin_57	3460	3014
sample10_SemiBin_58	3752	3151
sample10_SemiBin_59	2718	2299
sample10_SemiBin_62	5274	4093
sample10_SemiBin_63	6957	5606
sample10_SemiBin_66	4919	3871
sample10_SemiBin_70	4865	4227
sample10_SemiBin_7	4697	4329
sample10_SemiBin_80	3641	3064
sample10_SemiBin_83	7992	5830
sample10_SemiBin_84	2639	2155
sample10_SemiBin_85	3694	3218
sample10_SemiBin_86	3893	3420
sample10_SemiBin_90	4821	3739
sample10_SemiBin_94	2769	2166
sample10_SemiBin_98	4002	3551
sample10_SemiBin_99	2524	2248
sample10_SemiBin_9	10017	7635
sample11_SemiBin_0	3670	2948
sample11_SemiBin_101	4064	3306
sample11_SemiBin_103	4940	4251
sample11_SemiBin_106	783	477
sample11_SemiBin_10	3223	3021
sample11_SemiBin_112	2089	1858
sample11_SemiBin_117	3850	2744
sample11_SemiBin_11	3608	3389
sample11_SemiBin_122	2810	2270
sample11_SemiBin_125	5937	4919
sample11_SemiBin_12	4908	4127
sample11_SemiBin_130	2625	2000
sample11_SemiBin_140	2482	2165
sample11_SemiBin_14	3269	3027
sample11_SemiBin_15	1046	748
sample11_SemiBin_1625	3348	2857
sample11_SemiBin_164	3742	3251
sample11_SemiBin_16	4837	4151
sample11_SemiBin_196	2569	1754
sample11_SemiBin_19	4272	3562
sample11_SemiBin_20	3421	2929
sample11_SemiBin_217	2689	1817
sample11_SemiBin_21	3061	2667
sample11_SemiBin_22	2825	2346
sample11_SemiBin_23	4415	3668
sample11_SemiBin_24	3930	3410
sample11_SemiBin_25	5356	4204
sample11_SemiBin_26	3179	2597
sample11_SemiBin_27	6048	4859
sample11_SemiBin_29	2801	2292
sample11_SemiBin_2	4383	3934
sample11_SemiBin_31	7268	6347
sample11_SemiBin_32	3554	2955
sample11_SemiBin_33	3882	2935
sample11_SemiBin_38	3786	3511
sample11_SemiBin_39	4758	4125
sample11_SemiBin_3	3738	2920
sample11_SemiBin_42	4301	3888
sample11_SemiBin_45	3760	2960
sample11_SemiBin_46	3444	3032
sample11_SemiBin_47	3373	2668
sample11_SemiBin_49	4072	3322
sample11_SemiBin_4	3216	2793
sample11_SemiBin_50	3362	3036
sample11_SemiBin_51	3685	3257
sample11_SemiBin_52	5588	4915
sample11_SemiBin_54	3665	2868
sample11_SemiBin_55	6124	4813
sample11_SemiBin_5	4785	4299
sample11_SemiBin_61	7841	5360
sample11_SemiBin_63	3031	2713
sample11_SemiBin_64	2359	2128
sample11_SemiBin_65	4995	4251
sample11_SemiBin_67	4703	3865
sample11_SemiBin_69	2942	2349
sample11_SemiBin_6	2411	2096
sample11_SemiBin_73	3992	3390
sample11_SemiBin_74	2809	2234
sample11_SemiBin_75	4524	3333
sample11_SemiBin_76	5259	4516
sample11_SemiBin_79	1961	1455
sample11_SemiBin_82	4043	3639
sample11_SemiBin_87	6019	4888
sample11_SemiBin_88	1943	1626
sample11_SemiBin_89	3742	3265
sample11_SemiBin_8	4759	4093
sample11_SemiBin_90	2544	2069
sample11_SemiBin_911	4193	3580
sample11_SemiBin_99	3202	2571
sample11_SemiBin_9	3330	2823
sample12_SemiBin_0	3964	3176
sample12_SemiBin_101	4342	3650
sample12_SemiBin_10	2646	2176
sample12_SemiBin_1163	5116	3892
sample12_SemiBin_1168	7926	5801
sample12_SemiBin_11	5715	5051
sample12_SemiBin_1225	6078	5077
sample12_SemiBin_127	1901	1704
sample12_SemiBin_12	3599	3306
sample12_SemiBin_13	5287	4337
sample12_SemiBin_14	2674	2510
sample12_SemiBin_156	2311	1698
sample12_SemiBin_158	2896	1917
sample12_SemiBin_15	3357	2709
sample12_SemiBin_16	4383	3655
sample12_SemiBin_17	5254	4076
sample12_SemiBin_18	4774	3848
sample12_SemiBin_19	5806	4902
sample12_SemiBin_20	4790	3815
sample12_SemiBin_21	1092	767
sample12_SemiBin_22	2852	2453
sample12_SemiBin_24	3179	2706
sample12_SemiBin_25	4242	3556
sample12_SemiBin_26	1652	1389
sample12_SemiBin_27	5643	4314
sample12_SemiBin_28	6298	4646
sample12_SemiBin_29	3880	3004
sample12_SemiBin_2	3360	2851
sample12_SemiBin_31	2876	2337
sample12_SemiBin_32	3627	3019
sample12_SemiBin_33	4183	3544
sample12_SemiBin_34	2317	2097
sample12_SemiBin_37	2457	2293
sample12_SemiBin_38	2946	2424
sample12_SemiBin_39	2872	2629
sample12_SemiBin_3	4340	4021
sample12_SemiBin_40	3761	3109
sample12_SemiBin_41	4232	3196
sample12_SemiBin_42	4944	3947
sample12_SemiBin_43	4607	3973
sample12_SemiBin_44	5799	4799
sample12_SemiBin_46	2625	2261
sample12_SemiBin_47	2373	1956
sample12_SemiBin_48	5090	4364
sample12_SemiBin_49	3069	2373
sample12_SemiBin_4	5327	4334
sample12_SemiBin_504	3762	3060
sample12_SemiBin_50	4577	3983
sample12_SemiBin_546	5518	4366
sample12_SemiBin_54	5421	4306
sample12_SemiBin_57	4267	3484
sample12_SemiBin_5	2427	2185
sample12_SemiBin_61	5074	4365
sample12_SemiBin_64	4345	3909
sample12_SemiBin_65	4997	4351
sample12_SemiBin_6	3786	3360
sample12_SemiBin_72	4834	4100
sample12_SemiBin_73	5629	4428
sample12_SemiBin_76	5529	3813
sample12_SemiBin_7	3316	2706
sample12_SemiBin_83	4471	3315
sample12_SemiBin_8	5816	4775
sample12_SemiBin_92	3804	2966
sample12_SemiBin_9	5080	4336
sample13_SemiBin_0	3372	3109
sample13_SemiBin_100	7507	6156
sample13_SemiBin_101	3569	2851
sample13_SemiBin_1023	5024	3902
sample13_SemiBin_102	5621	4710
sample13_SemiBin_104	5290	4588
sample13_SemiBin_106	2915	2496
sample13_SemiBin_107	4083	3225
sample13_SemiBin_1085	4161	3491
sample13_SemiBin_108	2752	2243
sample13_SemiBin_109	3212	2227
sample13_SemiBin_10	4682	4038
sample13_SemiBin_110	3523	3051
sample13_SemiBin_111	3420	2638
sample13_SemiBin_112	3344	3086
sample13_SemiBin_113	6042	4831
sample13_SemiBin_114	5546	4434
sample13_SemiBin_115	6635	4958
sample13_SemiBin_1162	4685	4014
sample13_SemiBin_117	4495	3541
sample13_SemiBin_118	1913	1615
sample13_SemiBin_11	3860	3605
sample13_SemiBin_120	5181	4409
sample13_SemiBin_121	2729	2297
sample13_SemiBin_122	3890	3112
sample13_SemiBin_123	4999	3702
sample13_SemiBin_124	6986	6161
sample13_SemiBin_125	5025	4343
sample13_SemiBin_126	5644	4550
sample13_SemiBin_127	10100	6564
sample13_SemiBin_12	3415	2964
sample13_SemiBin_130	1507	1278
sample13_SemiBin_131	3068	2617
sample13_SemiBin_133	4503	3537
sample13_SemiBin_137	3499	2963
sample13_SemiBin_139	5300	3429
sample13_SemiBin_13	4150	3448
sample13_SemiBin_140	5619	4042
sample13_SemiBin_141	4495	3917
sample13_SemiBin_142	5559	4784
sample13_SemiBin_145	2209	1894
sample13_SemiBin_146	4447	3852
sample13_SemiBin_147	2486	2278
sample13_SemiBin_148	5035	4019
sample13_SemiBin_14	4202	3657
sample13_SemiBin_151	2103	1627
sample13_SemiBin_153	6611	5398
sample13_SemiBin_154	4167	3750
sample13_SemiBin_156	3018	2636
sample13_SemiBin_157	3265	2836
sample13_SemiBin_158	6139	5001
sample13_SemiBin_1590	3596	2956
sample13_SemiBin_1592	4908	4157
sample13_SemiBin_1597	5340	4159
sample13_SemiBin_159	5036	3443
sample13_SemiBin_15	2069	1711
sample13_SemiBin_1619	2396	2228
sample13_SemiBin_163	3298	2749
sample13_SemiBin_165	3214	2231
sample13_SemiBin_169	2888	2565
sample13_SemiBin_16	3080	2652
sample13_SemiBin_172	3195	2506
sample13_SemiBin_173	3770	3267
sample13_SemiBin_176	4327	3294
sample13_SemiBin_179	3613	2978
sample13_SemiBin_17	4612	3864
sample13_SemiBin_182	1774	1466
sample13_SemiBin_184	3494	2923
sample13_SemiBin_188	3983	3089
sample13_SemiBin_18	5049	4192
sample13_SemiBin_191	5468	4407
sample13_SemiBin_194	3027	2556
sample13_SemiBin_197	6234	4621
sample13_SemiBin_19	3170	2771
sample13_SemiBin_1	3581	2886
sample13_SemiBin_202	3554	2969
sample13_SemiBin_203	3983	3089
sample13_SemiBin_206	2986	2332
sample13_SemiBin_20	4830	4247
sample13_SemiBin_211	4860	3853
sample13_SemiBin_215	4088	3399
sample13_SemiBin_216	7048	4539
sample13_SemiBin_217	4287	3662
sample13_SemiBin_21	2807	2475
sample13_SemiBin_221	3796	2857
sample13_SemiBin_225	3892	3028
sample13_SemiBin_232	3178	2322
sample13_SemiBin_233	3147	2724
sample13_SemiBin_237	9203	6550
sample13_SemiBin_23	2270	2097
sample13_SemiBin_244	3564	2955
sample13_SemiBin_247	3180	2595
sample13_SemiBin_24	3144	2710
sample13_SemiBin_253	2134	1995
sample13_SemiBin_259	3105	2650
sample13_SemiBin_25	2363	2149
sample13_SemiBin_263	4850	3663
sample13_SemiBin_267	2800	2615
sample13_SemiBin_26	5980	5005
sample13_SemiBin_27	6167	5037
sample13_SemiBin_28	4268	3935
sample13_SemiBin_296	3431	2912
sample13_SemiBin_29	3165	2929
sample13_SemiBin_2	5370	4684
sample13_SemiBin_30	3591	2909
sample13_SemiBin_316	2162	1611
sample13_SemiBin_319	2924	1924
sample13_SemiBin_31	4260	3607
sample13_SemiBin_32	4536	4061
sample13_SemiBin_334	5995	4718
sample13_SemiBin_33	3340	2751
sample13_SemiBin_34	4832	4142
sample13_SemiBin_35	4948	4430
sample13_SemiBin_367	4035	3598
sample13_SemiBin_36	4159	3518
sample13_SemiBin_37	3462	2893
sample13_SemiBin_388	2898	2708
sample13_SemiBin_38	4313	3633
sample13_SemiBin_39	5174	4069
sample13_SemiBin_3	5474	4699
sample13_SemiBin_40	4240	3499
sample13_SemiBin_41	3097	2680
sample13_SemiBin_42	4012	3227
sample13_SemiBin_43	5397	4510
sample13_SemiBin_44	6117	5547
sample13_SemiBin_453	5618	3145
sample13_SemiBin_45	4626	4274
sample13_SemiBin_46	3662	3031
sample13_SemiBin_47	4158	3760
sample13_SemiBin_487	4872	3906
sample13_SemiBin_48	3364	2908
sample13_SemiBin_49	4537	3993
sample13_SemiBin_4	6138	5178
sample13_SemiBin_50	7492	6352
sample13_SemiBin_51	5500	4605
sample13_SemiBin_521	4064	3322
sample13_SemiBin_52	4287	3515
sample13_SemiBin_53	2849	2307
sample13_SemiBin_54	3478	2840
sample13_SemiBin_55	3168	2342
sample13_SemiBin_56	2987	2607
sample13_SemiBin_57	4026	3108
sample13_SemiBin_59	3054	2625
sample13_SemiBin_5	6155	5220
sample13_SemiBin_60	3567	3142
sample13_SemiBin_61	6616	5322
sample13_SemiBin_63	4760	3909
sample13_SemiBin_648	4491	3905
sample13_SemiBin_64	5892	4745
sample13_SemiBin_65	3662	3387
sample13_SemiBin_66	3898	3549
sample13_SemiBin_67	6893	5330
sample13_SemiBin_68	2674	2442
sample13_SemiBin_69	4525	3631
sample13_SemiBin_6	4459	3697
sample13_SemiBin_70	4819	3883
sample13_SemiBin_72	3080	2381
sample13_SemiBin_73	3711	2891
sample13_SemiBin_74	2953	2595
sample13_SemiBin_76	4828	3622
sample13_SemiBin_77	1870	1638
sample13_SemiBin_78	2685	2382
sample13_SemiBin_79	7836	5218
sample13_SemiBin_7	5652	4843
sample13_SemiBin_80	7847	5548
sample13_SemiBin_81	7364	6148
sample13_SemiBin_82	4045	3708
sample13_SemiBin_84	4775	3641
sample13_SemiBin_85	4736	3559
sample13_SemiBin_86	1551	1263
sample13_SemiBin_87	5906	4616
sample13_SemiBin_88	5354	4540
sample13_SemiBin_89	4929	4395
sample13_SemiBin_8	3361	3139
sample13_SemiBin_90	5116	4524
sample13_SemiBin_91	3089	2690
sample13_SemiBin_92	7633	5987
sample13_SemiBin_93	4478	3745
sample13_SemiBin_94	6156	4557
sample13_SemiBin_95	3490	2862
sample13_SemiBin_96	4397	3864
sample13_SemiBin_97	6038	4232
sample13_SemiBin_98	1063	896
sample13_SemiBin_99	5191	3981
sample13_SemiBin_9	6659	5867
sample14_SemiBin_0	3297	2756
sample14_SemiBin_103	2265	1902
sample14_SemiBin_10	3234	3041
sample14_SemiBin_114	3001	2674
sample14_SemiBin_11	6903	5729
sample14_SemiBin_121	3809	3065
sample14_SemiBin_124	2248	1860
sample14_SemiBin_12	4894	4260
sample14_SemiBin_133	2494	2149
sample14_SemiBin_13	5051	4276
sample14_SemiBin_145	2162	1830
sample14_SemiBin_149	3464	3033
sample14_SemiBin_14	3693	2874
sample14_SemiBin_1521	11027	5905
sample14_SemiBin_1525	5976	5248
sample14_SemiBin_153	2805	2207
sample14_SemiBin_1577	2711	2074
sample14_SemiBin_1582	4966	3857
sample14_SemiBin_15	3696	3040
sample14_SemiBin_16	2609	2015
sample14_SemiBin_184	2149	1605
sample14_SemiBin_18	4962	4137
sample14_SemiBin_19	1230	1001
sample14_SemiBin_1	5107	4473
sample14_SemiBin_203	2411	2077
sample14_SemiBin_20	5610	3741
sample14_SemiBin_21	4031	3027
sample14_SemiBin_22	4186	3613
sample14_SemiBin_231	2435	1683
sample14_SemiBin_23	4763	4070
sample14_SemiBin_24	3252	2587
sample14_SemiBin_250	1749	1199
sample14_SemiBin_25	9370	6345
sample14_SemiBin_26	6886	5676
sample14_SemiBin_27	5080	4266
sample14_SemiBin_28	3475	2981
sample14_SemiBin_29	3407	2690
sample14_SemiBin_2	5391	4782
sample14_SemiBin_31	5186	4102
sample14_SemiBin_32	3004	2276
sample14_SemiBin_33	6394	5108
sample14_SemiBin_34	4250	3863
sample14_SemiBin_35	6460	5694
sample14_SemiBin_36	4674	4291
sample14_SemiBin_38	5587	4961
sample14_SemiBin_39	2473	2041
sample14_SemiBin_3	6101	5594
sample14_SemiBin_40	2776	2381
sample14_SemiBin_43	2796	2019
sample14_SemiBin_44	4521	3691
sample14_SemiBin_46	4985	3902
sample14_SemiBin_47	5544	4243
sample14_SemiBin_49	3481	3170
sample14_SemiBin_4	3598	3106
sample14_SemiBin_50	5330	4587
sample14_SemiBin_52	2678	2127
sample14_SemiBin_53	4497	3820
sample14_SemiBin_54	3285	2723
sample14_SemiBin_55	6203	4258
sample14_SemiBin_57	4614	3874
sample14_SemiBin_59	9123	7541
sample14_SemiBin_5	4208	3853
sample14_SemiBin_60	4535	3484
sample14_SemiBin_61	2886	2246
sample14_SemiBin_63	8407	7067
sample14_SemiBin_64	2979	2520
sample14_SemiBin_68	3134	2745
sample14_SemiBin_70	3044	2152
sample14_SemiBin_73	3900	3380
sample14_SemiBin_74	7243	5143
sample14_SemiBin_77	2673	2183
sample14_SemiBin_79	2049	1669
sample14_SemiBin_7	5088	4411
sample14_SemiBin_80	4640	3780
sample14_SemiBin_83	4663	4228
sample14_SemiBin_86	4862	3939
sample14_SemiBin_89	2994	2526
sample14_SemiBin_8	5458	4744
sample14_SemiBin_91	5831	4244
sample14_SemiBin_93	3607	3073
sample14_SemiBin_97	4996	3833
sample14_SemiBin_9	9202	6171
sample15_SemiBin_0	3555	3272
sample15_SemiBin_100	2755	2227
sample15_SemiBin_101	3325	2521
sample15_SemiBin_102	3399	2400
sample15_SemiBin_103	5294	3690
sample15_SemiBin_104	3595	3168
sample15_SemiBin_105	2997	2575
sample15_SemiBin_106	2425	1804
sample15_SemiBin_107	5752	4681
sample15_SemiBin_108	7224	5836
sample15_SemiBin_109	3281	2799
sample15_SemiBin_10	3844	3589
sample15_SemiBin_110	3697	3179
sample15_SemiBin_111	4461	3670
sample15_SemiBin_112	5414	4999
sample15_SemiBin_113	3624	2764
sample15_SemiBin_114	6027	5271
sample15_SemiBin_115	5072	3989
sample15_SemiBin_116	2885	2347
sample15_SemiBin_118	3003	2685
sample15_SemiBin_119	6398	4980
sample15_SemiBin_120	6547	4839
sample15_SemiBin_121	4544	3957
sample15_SemiBin_123	4740	3641
sample15_SemiBin_124	5012	4180
sample15_SemiBin_125	3595	2711
sample15_SemiBin_127	2193	1927
sample15_SemiBin_129	4977	3823
sample15_SemiBin_12	3431	2929
sample15_SemiBin_130	5381	3596
sample15_SemiBin_131	3910	3109
sample15_SemiBin_132	4160	3611
sample15_SemiBin_133	10243	6554
sample15_SemiBin_135	4316	3714
sample15_SemiBin_136	5102	4273
sample15_SemiBin_138	2940	2529
sample15_SemiBin_139	4851	3541
sample15_SemiBin_13	3390	2866
sample15_SemiBin_140	4323	3488
sample15_SemiBin_141	3619	2743
sample15_SemiBin_142	2048	1756
sample15_SemiBin_143	3718	3105
sample15_SemiBin_144	9834	6302
sample15_SemiBin_145	12984	8310
sample15_SemiBin_146	6690	5703
sample15_SemiBin_14	2581	2287
sample15_SemiBin_151	3475	3091
sample15_SemiBin_152	4000	2924
sample15_SemiBin_155	5076	4498
sample15_SemiBin_157	4199	3298
sample15_SemiBin_158	3450	2807
sample15_SemiBin_15	3117	2618
sample15_SemiBin_160	4421	3449
sample15_SemiBin_161	2073	1800
sample15_SemiBin_163	2058	1751
sample15_SemiBin_166	1557	1352
sample15_SemiBin_167	1561	1348
sample15_SemiBin_168	2867	2464
sample15_SemiBin_169	3930	3528
sample15_SemiBin_16	3651	3122
sample15_SemiBin_171	2813	2322
sample15_SemiBin_173	2358	1981
sample15_SemiBin_174	3272	2803
sample15_SemiBin_175	6473	4509
sample15_SemiBin_176	4338	3513
sample15_SemiBin_17	5152	4679
sample15_SemiBin_180	4383	3446
sample15_SemiBin_181	4038	3064
sample15_SemiBin_184	3308	2603
sample15_SemiBin_1856	3121	2025
sample15_SemiBin_186	4870	4025
sample15_SemiBin_187	3016	2776
sample15_SemiBin_188	2196	1809
sample15_SemiBin_18	1918	1661
sample15_SemiBin_190	5161	3671
sample15_SemiBin_193	3069	2706
sample15_SemiBin_195	3654	3280
sample15_SemiBin_1988	1314	1042
sample15_SemiBin_198	3013	2322
sample15_SemiBin_1	12206	8723
sample15_SemiBin_200	3294	2796
sample15_SemiBin_201	4070	3517
sample15_SemiBin_206	4083	3588
sample15_SemiBin_208	4367	3373
sample15_SemiBin_209	3886	3400
sample15_SemiBin_20	5677	5127
sample15_SemiBin_213	2641	2198
sample15_SemiBin_214	3882	2962
sample15_SemiBin_215	5793	4367
sample15_SemiBin_21	4934	4130
sample15_SemiBin_220	4436	3793
sample15_SemiBin_224	3946	3357
sample15_SemiBin_227	2316	1896
sample15_SemiBin_228	3390	2908
sample15_SemiBin_22	6413	5707
sample15_SemiBin_23	3111	2855
sample15_SemiBin_24	4641	4005
sample15_SemiBin_256	2629	2418
sample15_SemiBin_25	3126	2902
sample15_SemiBin_264	4725	3688
sample15_SemiBin_266	5649	4869
sample15_SemiBin_26	4841	4094
sample15_SemiBin_270	3734	3072
sample15_SemiBin_271	3276	2800
sample15_SemiBin_274	3903	2706
sample15_SemiBin_277	3278	2648
sample15_SemiBin_27	3737	3336
sample15_SemiBin_284	3300	2688
sample15_SemiBin_285	2278	2078
sample15_SemiBin_287	3063	2727
sample15_SemiBin_288	2343	1829
sample15_SemiBin_289	3611	2980
sample15_SemiBin_28	3261	2857
sample15_SemiBin_294	2246	1767
sample15_SemiBin_297	4818	4075
sample15_SemiBin_29	3377	2900
sample15_SemiBin_2	3218	2899
sample15_SemiBin_30	4396	3984
sample15_SemiBin_317	4891	4059
sample15_SemiBin_31	4871	4142
sample15_SemiBin_323	2541	2068
sample15_SemiBin_32	4887	4037
sample15_SemiBin_331	2166	1630
sample15_SemiBin_334	5126	4261
sample15_SemiBin_33	6302	5363
sample15_SemiBin_34	3062	2650
sample15_SemiBin_35	4934	4268
sample15_SemiBin_37	4724	3678
sample15_SemiBin_384	2166	1491
sample15_SemiBin_39	4885	4178
sample15_SemiBin_3	3841	3613
sample15_SemiBin_41	2734	2171
sample15_SemiBin_42	4241	3649
sample15_SemiBin_43	6403	5417
sample15_SemiBin_44	4674	4075
sample15_SemiBin_451	2256	1475
sample15_SemiBin_45	9435	7470
sample15_SemiBin_46	3568	3041
sample15_SemiBin_475	2220	1463
sample15_SemiBin_47	5415	5045
sample15_SemiBin_49	2801	2494
sample15_SemiBin_4	3952	3371
sample15_SemiBin_50	3544	2938
sample15_SemiBin_51	5946	5094
sample15_SemiBin_523	3493	2860
sample15_SemiBin_52	3357	2827
sample15_SemiBin_54	4303	3594
sample15_SemiBin_55	5921	4788
sample15_SemiBin_56	4492	4122
sample15_SemiBin_57	3040	2582
sample15_SemiBin_58	5163	4126
sample15_SemiBin_59	8144	6073
sample15_SemiBin_5	3810	3181
sample15_SemiBin_60	3268	2549
sample15_SemiBin_61	5666	5151
sample15_SemiBin_62	3281	2791
sample15_SemiBin_63	5153	4598
sample15_SemiBin_64	3183	2527
sample15_SemiBin_65	5583	4675
sample15_SemiBin_66	4916	3858
sample15_SemiBin_67	4901	4093
sample15_SemiBin_68	5485	4397
sample15_SemiBin_69	7314	6288
sample15_SemiBin_6	5363	4363
sample15_SemiBin_70	3916	3143
sample15_SemiBin_71	9657	6896
sample15_SemiBin_72	5708	4749
sample15_SemiBin_733	5358	4398
sample15_SemiBin_73	8765	7350
sample15_SemiBin_74	4850	4305
sample15_SemiBin_75	4062	3599
sample15_SemiBin_76	3871	3192
sample15_SemiBin_77	5717	4985
sample15_SemiBin_78	6724	5266
sample15_SemiBin_79	4472	3516
sample15_SemiBin_7	4325	3953
sample15_SemiBin_80	4246	3580
sample15_SemiBin_81	3474	2825
sample15_SemiBin_82	2892	2302
sample15_SemiBin_83	3140	2631
sample15_SemiBin_84	5311	4549
sample15_SemiBin_85	9174	5806
sample15_SemiBin_86	3595	3234
sample15_SemiBin_87	4177	3573
sample15_SemiBin_88	3561	2526
sample15_SemiBin_89	4085	3639
sample15_SemiBin_8	3334	2881
sample15_SemiBin_90	4525	3993
sample15_SemiBin_91	4703	3640
sample15_SemiBin_92	2663	2252
sample15_SemiBin_94	4087	3281
sample15_SemiBin_95	4700	3842
sample15_SemiBin_96	8673	5810
sample15_SemiBin_97	2426	2026
sample15_SemiBin_99	3415	2853
sample15_SemiBin_9	3656	3215
sample16_SemiBin_0	3652	2956
sample16_SemiBin_100	3999	2959
sample16_SemiBin_101	5153	4845
sample16_SemiBin_102	3997	3204
sample16_SemiBin_103	4446	3904
sample16_SemiBin_104	6508	4411
sample16_SemiBin_105	3685	2969
sample16_SemiBin_106	2397	2226
sample16_SemiBin_107	5933	4460
sample16_SemiBin_108	4744	4204
sample16_SemiBin_109	5951	4294
sample16_SemiBin_10	5237	4609
sample16_SemiBin_110	4909	3882
sample16_SemiBin_111	6371	4861
sample16_SemiBin_112	5665	4284
sample16_SemiBin_114	4620	4038
sample16_SemiBin_116	4382	3649
sample16_SemiBin_118	8606	6414
sample16_SemiBin_11	3503	2759
sample16_SemiBin_120	9712	7110
sample16_SemiBin_121	5238	3950
sample16_SemiBin_122	2923	2508
sample16_SemiBin_123	7091	5863
sample16_SemiBin_124	1691	1561
sample16_SemiBin_125	3123	2794
sample16_SemiBin_126	6756	5428
sample16_SemiBin_127	3689	2580
sample16_SemiBin_128	6049	4215
sample16_SemiBin_129	5245	4139
sample16_SemiBin_12	5812	4717
sample16_SemiBin_130	5834	4927
sample16_SemiBin_131	5819	5022
sample16_SemiBin_132	5578	4550
sample16_SemiBin_133	6126	4972
sample16_SemiBin_134	1844	1484
sample16_SemiBin_135	2416	2016
sample16_SemiBin_136	4558	3634
sample16_SemiBin_138	2804	2146
sample16_SemiBin_13	4481	3911
sample16_SemiBin_140	3463	2915
sample16_SemiBin_141	5957	4289
sample16_SemiBin_142	8064	6139
sample16_SemiBin_143	2959	2734
sample16_SemiBin_144	2748	2132
sample16_SemiBin_145	5182	4322
sample16_SemiBin_146	7855	5970
sample16_SemiBin_147	5223	4376
sample16_SemiBin_148	4634	3292
sample16_SemiBin_14	5957	5215
sample16_SemiBin_151	2821	2309
sample16_SemiBin_157	2866	2332
sample16_SemiBin_15	3254	2695
sample16_SemiBin_161	4168	3772
sample16_SemiBin_163	4371	3178
sample16_SemiBin_164	4505	3789
sample16_SemiBin_167	4213	3348
sample16_SemiBin_168	5885	5108
sample16_SemiBin_169	3092	2587
sample16_SemiBin_16	5039	4674
sample16_SemiBin_171	5212	3656
sample16_SemiBin_172	916	784
sample16_SemiBin_173	4088	3269
sample16_SemiBin_1749	4994	3782
sample16_SemiBin_1755	4231	3110
sample16_SemiBin_176	5256	4101
sample16_SemiBin_177	7370	5571
sample16_SemiBin_1786	8414	5817
sample16_SemiBin_178	10836	7547
sample16_SemiBin_17	4388	3865
sample16_SemiBin_180	4384	3696
sample16_SemiBin_1826	4906	3933
sample16_SemiBin_182	3940	3188
sample16_SemiBin_1836	7802	6589
sample16_SemiBin_1839	5079	4090
sample16_SemiBin_183	3724	3138
sample16_SemiBin_184	4464	3947
sample16_SemiBin_185	6333	5243
sample16_SemiBin_18	5998	5069
sample16_SemiBin_190	2430	2021
sample16_SemiBin_192	2618	2021
sample16_SemiBin_193	2999	2601
sample16_SemiBin_194	3971	3223
sample16_SemiBin_198	3187	2734
sample16_SemiBin_199	3064	2582
sample16_SemiBin_19	4273	3535
sample16_SemiBin_1	4237	3626
sample16_SemiBin_200	3628	3187
sample16_SemiBin_201	5062	3962
sample16_SemiBin_205	3227	2534
sample16_SemiBin_20	3112	2629
sample16_SemiBin_211	2966	2693
sample16_SemiBin_212	4328	3508
sample16_SemiBin_219	2465	2197
sample16_SemiBin_21	5061	4486
sample16_SemiBin_220	5509	4619
sample16_SemiBin_223	2731	2404
sample16_SemiBin_225	4298	3381
sample16_SemiBin_226	5461	4309
sample16_SemiBin_22	3759	3105
sample16_SemiBin_236	2237	1993
sample16_SemiBin_237	4638	3612
sample16_SemiBin_23	3410	2949
sample16_SemiBin_241	4813	4153
sample16_SemiBin_243	2383	1946
sample16_SemiBin_247	2614	2116
sample16_SemiBin_24	4023	3643
sample16_SemiBin_250	5267	4409
sample16_SemiBin_255	3065	2217
sample16_SemiBin_258	1758	1472
sample16_SemiBin_25	3478	2831
sample16_SemiBin_263	6828	5159
sample16_SemiBin_26	3750	3409
sample16_SemiBin_274	4547	3609
sample16_SemiBin_275	4626	3537
sample16_SemiBin_27	5962	5242
sample16_SemiBin_299	3178	2637
sample16_SemiBin_29	7617	6248
sample16_SemiBin_2	2900	2566
sample16_SemiBin_305	2716	2314
sample16_SemiBin_30	3449	2865
sample16_SemiBin_311	3824	3386
sample16_SemiBin_31	4179	3823
sample16_SemiBin_323	5522	4499
sample16_SemiBin_326	2098	1574
sample16_SemiBin_32	6852	5753
sample16_SemiBin_33	3540	3191
sample16_SemiBin_34	2304	1969
sample16_SemiBin_35	3623	2980
sample16_SemiBin_36	5447	4812
sample16_SemiBin_37	3970	3364
sample16_SemiBin_38	4143	3660
sample16_SemiBin_39	4818	3983
sample16_SemiBin_3	3938	3608
sample16_SemiBin_40	4131	3737
sample16_SemiBin_41	5207	4405
sample16_SemiBin_428	2954	2135
sample16_SemiBin_42	4729	3698
sample16_SemiBin_43	5510	4744
sample16_SemiBin_44	5428	4752
sample16_SemiBin_455	2604	1740
sample16_SemiBin_458	3521	2505
sample16_SemiBin_45	4014	3615
sample16_SemiBin_46	2754	2165
sample16_SemiBin_47	4061	3150
sample16_SemiBin_487	2823	2301
sample16_SemiBin_48	4024	3234
sample16_SemiBin_49	9883	6617
sample16_SemiBin_4	3123	2703
sample16_SemiBin_50	3572	2839
sample16_SemiBin_51	4479	3757
sample16_SemiBin_52	7628	6424
sample16_SemiBin_54	5343	3715
sample16_SemiBin_55	4334	3606
sample16_SemiBin_56	4873	4037
sample16_SemiBin_57	4756	3470
sample16_SemiBin_59	6385	5018
sample16_SemiBin_5	3289	2833
sample16_SemiBin_60	2385	1989
sample16_SemiBin_61	4813	4299
sample16_SemiBin_62	3112	2620
sample16_SemiBin_63	4094	3506
sample16_SemiBin_64	7118	5872
sample16_SemiBin_65	3052	2576
sample16_SemiBin_66	3322	2673
sample16_SemiBin_67	4556	3778
sample16_SemiBin_68	7043	5539
sample16_SemiBin_69	5250	4466
sample16_SemiBin_6	4369	3718
sample16_SemiBin_70	3014	2423
sample16_SemiBin_71	3717	3112
sample16_SemiBin_72	8836	7399
sample16_SemiBin_73	8822	6824
sample16_SemiBin_74	4396	3811
sample16_SemiBin_75	5312	4812
sample16_SemiBin_76	3809	3298
sample16_SemiBin_77	4054	3279
sample16_SemiBin_78	3270	2727
sample16_SemiBin_79	4244	3584
sample16_SemiBin_7	4547	4065
sample16_SemiBin_80	3805	3303
sample16_SemiBin_81	5957	4513
sample16_SemiBin_82	4548	3518
sample16_SemiBin_83	4080	3563
sample16_SemiBin_84	4481	3626
sample16_SemiBin_85	6155	4819
sample16_SemiBin_86	4171	3476
sample16_SemiBin_87	6160	5453
sample16_SemiBin_88	3702	3198
sample16_SemiBin_89	4091	3573
sample16_SemiBin_8	3779	3534
sample16_SemiBin_90	5358	3924
sample16_SemiBin_91	5363	4463
sample16_SemiBin_92	5195	4737
sample16_SemiBin_93	4364	3872
sample16_SemiBin_94	4183	3448
sample16_SemiBin_96	5343	4788
sample16_SemiBin_97	2513	2160
sample16_SemiBin_981	5340	4244
sample16_SemiBin_98	6314	5552
sample16_SemiBin_99	7929	5957
sample16_SemiBin_9	5177	4199
sample17_SemiBin_0	4040	3660
sample17_SemiBin_100	3934	3152
sample17_SemiBin_101	2454	2002
sample17_SemiBin_102	5133	4021
sample17_SemiBin_103	2461	1964
sample17_SemiBin_104	3313	2830
sample17_SemiBin_105	4937	3957
sample17_SemiBin_106	3231	2697
sample17_SemiBin_108	4929	3767
sample17_SemiBin_109	3631	2841
sample17_SemiBin_10	5896	4999
sample17_SemiBin_110	4982	3785
sample17_SemiBin_111	2014	1618
sample17_SemiBin_112	2764	2259
sample17_SemiBin_114	4073	3397
sample17_SemiBin_117	3173	2514
sample17_SemiBin_118	4208	3661
sample17_SemiBin_119	4382	3703
sample17_SemiBin_11	2855	2505
sample17_SemiBin_121	2524	1898
sample17_SemiBin_125	2823	2424
sample17_SemiBin_126	1484	1302
sample17_SemiBin_127	3306	3056
sample17_SemiBin_128	4029	3513
sample17_SemiBin_12	4481	3901
sample17_SemiBin_130	2792	2358
sample17_SemiBin_132	3045	2605
sample17_SemiBin_136	3228	2340
sample17_SemiBin_137	3846	3364
sample17_SemiBin_13	6409	5551
sample17_SemiBin_140	4929	4363
sample17_SemiBin_144	3760	3353
sample17_SemiBin_145	3732	3194
sample17_SemiBin_146	3409	2878
sample17_SemiBin_147	7363	5419
sample17_SemiBin_148	3534	2882
sample17_SemiBin_149	2084	1694
sample17_SemiBin_14	3433	2967
sample17_SemiBin_150	3313	2374
sample17_SemiBin_151	4405	3633
sample17_SemiBin_152	2878	2310
sample17_SemiBin_154	2409	2147
sample17_SemiBin_1553	5189	4066
sample17_SemiBin_1562	2751	2505
sample17_SemiBin_157	3746	2996
sample17_SemiBin_158	5053	3972
sample17_SemiBin_15	4326	3914
sample17_SemiBin_160	2243	2042
sample17_SemiBin_161	3206	2707
sample17_SemiBin_163	2886	2084
sample17_SemiBin_165	4145	3205
sample17_SemiBin_167	4499	3650
sample17_SemiBin_16	3932	3356
sample17_SemiBin_171	3325	2763
sample17_SemiBin_175	3088	2842
sample17_SemiBin_178	2614	2097
sample17_SemiBin_179	4547	4017
sample17_SemiBin_17	5066	4296
sample17_SemiBin_180	3108	2468
sample17_SemiBin_181	4350	3904
sample17_SemiBin_184	888	535
sample17_SemiBin_188	4889	4097
sample17_SemiBin_189	5254	4102
sample17_SemiBin_18	5299	4618
sample17_SemiBin_191	4061	3351
sample17_SemiBin_192	3875	3068
sample17_SemiBin_193	4175	3249
sample17_SemiBin_19	3635	3418
sample17_SemiBin_1	2884	2406
sample17_SemiBin_202	1823	1581
sample17_SemiBin_204	4027	3112
sample17_SemiBin_205	4706	3713
sample17_SemiBin_206	4987	3995
sample17_SemiBin_20	6443	5071
sample17_SemiBin_216	3193	2970
sample17_SemiBin_21	4036	3631
sample17_SemiBin_220	4742	4116
sample17_SemiBin_221	4468	3864
sample17_SemiBin_222	4206	3423
sample17_SemiBin_223	6676	5412
sample17_SemiBin_224	7340	5731
sample17_SemiBin_230	3642	3005
sample17_SemiBin_234	4088	3349
sample17_SemiBin_248	5584	4536
sample17_SemiBin_24	3292	2736
sample17_SemiBin_251	2963	2606
sample17_SemiBin_256	1674	1430
sample17_SemiBin_25	3009	2567
sample17_SemiBin_262	4343	3700
sample17_SemiBin_26	5909	5056
sample17_SemiBin_272	3710	3054
sample17_SemiBin_273	5259	4190
sample17_SemiBin_27	6551	5159
sample17_SemiBin_285	3917	3141
sample17_SemiBin_289	3091	2635
sample17_SemiBin_291	6976	5446
sample17_SemiBin_29	4841	4213
sample17_SemiBin_2	3768	2980
sample17_SemiBin_30	3693	3087
sample17_SemiBin_31	6652	5648
sample17_SemiBin_328	2133	1535
sample17_SemiBin_32	3582	3070
sample17_SemiBin_331	3343	2738
sample17_SemiBin_33	4095	3722
sample17_SemiBin_341	2264	1686
sample17_SemiBin_34	4399	3673
sample17_SemiBin_35	4824	4253
sample17_SemiBin_36	4207	3611
sample17_SemiBin_37	2870	2402
sample17_SemiBin_38	5496	4739
sample17_SemiBin_390	2716	2333
sample17_SemiBin_399	2059	1427
sample17_SemiBin_39	2607	2327
sample17_SemiBin_3	2696	2333
sample17_SemiBin_40	5228	4613
sample17_SemiBin_412	2245	1586
sample17_SemiBin_41	8354	6653
sample17_SemiBin_42	4174	3656
sample17_SemiBin_436	3401	2250
sample17_SemiBin_43	5996	5005
sample17_SemiBin_44	4429	4037
sample17_SemiBin_459	6998	5208
sample17_SemiBin_45	4606	4151
sample17_SemiBin_46	3060	2549
sample17_SemiBin_471	1270	1146
sample17_SemiBin_47	4740	4026
sample17_SemiBin_49	7088	5307
sample17_SemiBin_4	4533	4152
sample17_SemiBin_50	4568	3616
sample17_SemiBin_51	5025	4375
sample17_SemiBin_52	3056	2550
sample17_SemiBin_53	3009	2409
sample17_SemiBin_54	3849	3426
sample17_SemiBin_556	3020	2743
sample17_SemiBin_55	3226	2704
sample17_SemiBin_56	4108	3682
sample17_SemiBin_57	6082	4764
sample17_SemiBin_585	3850	2954
sample17_SemiBin_58	3547	2936
sample17_SemiBin_590	6780	4963
sample17_SemiBin_59	3260	2995
sample17_SemiBin_5	5011	4230
sample17_SemiBin_602	2450	1741
sample17_SemiBin_607	2182	1540
sample17_SemiBin_60	4238	3822
sample17_SemiBin_61	6150	5235
sample17_SemiBin_62	4201	3530
sample17_SemiBin_63	3359	2591
sample17_SemiBin_64	3060	2486
sample17_SemiBin_65	2275	1935
sample17_SemiBin_66	3681	2950
sample17_SemiBin_67	3083	2530
sample17_SemiBin_68	2659	2250
sample17_SemiBin_69	4469	3563
sample17_SemiBin_6	3811	3239
sample17_SemiBin_70	5073	4421
sample17_SemiBin_714	1647	1165
sample17_SemiBin_71	5148	4165
sample17_SemiBin_72	3553	3037
sample17_SemiBin_73	6923	5476
sample17_SemiBin_74	2271	1827
sample17_SemiBin_75	2657	2211
sample17_SemiBin_76	3332	2838
sample17_SemiBin_78	4370	3790
sample17_SemiBin_79	4931	4119
sample17_SemiBin_7	2602	2212
sample17_SemiBin_80	3873	3240
sample17_SemiBin_81	2719	2315
sample17_SemiBin_82	4409	3550
sample17_SemiBin_84	4179	3703
sample17_SemiBin_85	3058	2474
sample17_SemiBin_86	1757	1431
sample17_SemiBin_87	2992	2327
sample17_SemiBin_88	2557	2237
sample17_SemiBin_89	4946	3667
sample17_SemiBin_8	3914	3600
sample17_SemiBin_904	3356	2832
sample17_SemiBin_90	3564	2964
sample17_SemiBin_91	981	622
sample17_SemiBin_92	6381	5162
sample17_SemiBin_93	5642	4571
sample17_SemiBin_941	1950	1832
sample17_SemiBin_94	8915	6502
sample17_SemiBin_955	1303	967
sample17_SemiBin_95	3352	2680
sample17_SemiBin_96	3903	3472
sample17_SemiBin_97	6664	5437
sample17_SemiBin_98	3871	2767
sample17_SemiBin_99	6405	4892
sample17_SemiBin_9	5186	4502
sample18_SemiBin_0	2152	1979
sample18_SemiBin_100	3370	2629
sample18_SemiBin_101	5589	4827
sample18_SemiBin_103	7016	5450
sample18_SemiBin_104	4018	3583
sample18_SemiBin_105	4482	3913
sample18_SemiBin_106	5803	4632
sample18_SemiBin_107	6326	4583
sample18_SemiBin_1090	3677	2818
sample18_SemiBin_109	3630	2834
sample18_SemiBin_10	3685	3356
sample18_SemiBin_110	4151	2983
sample18_SemiBin_111	4822	4251
sample18_SemiBin_112	5222	4379
sample18_SemiBin_113	3652	3076
sample18_SemiBin_114	4983	3944
sample18_SemiBin_115	7310	5418
sample18_SemiBin_116	1925	1623
sample18_SemiBin_117	4003	3158
sample18_SemiBin_118	4340	2938
sample18_SemiBin_119	3036	2620
sample18_SemiBin_11	4455	3909
sample18_SemiBin_120	3587	2765
sample18_SemiBin_121	5269	4537
sample18_SemiBin_122	2765	2196
sample18_SemiBin_123	8420	7072
sample18_SemiBin_124	4834	3273
sample18_SemiBin_125	4371	3364
sample18_SemiBin_126	5938	4754
sample18_SemiBin_127	4884	4220
sample18_SemiBin_128	3391	2690
sample18_SemiBin_129	2995	2225
sample18_SemiBin_12	3904	3424
sample18_SemiBin_130	3804	3181
sample18_SemiBin_131	6304	4432
sample18_SemiBin_1328	5377	4688
sample18_SemiBin_132	6538	5508
sample18_SemiBin_133	7440	5283
sample18_SemiBin_134	9800	6856
sample18_SemiBin_135	7718	6326
sample18_SemiBin_136	4672	4245
sample18_SemiBin_137	5021	3750
sample18_SemiBin_139	5083	4310
sample18_SemiBin_13	3379	3192
sample18_SemiBin_140	5577	4959
sample18_SemiBin_141	5215	4537
sample18_SemiBin_142	2663	2237
sample18_SemiBin_143	2953	2614
sample18_SemiBin_144	3193	2506
sample18_SemiBin_145	4039	3333
sample18_SemiBin_146	3621	3035
sample18_SemiBin_147	4796	4183
sample18_SemiBin_148	3616	2995
sample18_SemiBin_149	4713	4298
sample18_SemiBin_14	4079	3569
sample18_SemiBin_150	8206	6910
sample18_SemiBin_151	5797	4822
sample18_SemiBin_152	3285	2881
sample18_SemiBin_153	3780	2927
sample18_SemiBin_154	1611	1516
sample18_SemiBin_155	3846	2979
sample18_SemiBin_156	3686	2727
sample18_SemiBin_157	2950	2450
sample18_SemiBin_158	3605	2743
sample18_SemiBin_159	2991	2259
sample18_SemiBin_15	5298	4540
sample18_SemiBin_160	2940	2533
sample18_SemiBin_161	3200	2360
sample18_SemiBin_162	4659	4171
sample18_SemiBin_163	3392	3126
sample18_SemiBin_164	3937	3410
sample18_SemiBin_165	5522	4378
sample18_SemiBin_166	3743	2923
sample18_SemiBin_167	3468	2632
sample18_SemiBin_168	5742	5016
sample18_SemiBin_169	3329	2653
sample18_SemiBin_16	4764	4154
sample18_SemiBin_170	8116	4972
sample18_SemiBin_171	10206	7618
sample18_SemiBin_172	4609	3763
sample18_SemiBin_173	2933	2274
sample18_SemiBin_174	3102	2680
sample18_SemiBin_175	3220	2519
sample18_SemiBin_176	4821	3773
sample18_SemiBin_177	5625	4208
sample18_SemiBin_178	5372	3994
sample18_SemiBin_179	2961	2426
sample18_SemiBin_17	5137	4214
sample18_SemiBin_180	4217	3513
sample18_SemiBin_181	3676	2574
sample18_SemiBin_182	1754	1480
sample18_SemiBin_183	3963	3524
sample18_SemiBin_185	3390	2778
sample18_SemiBin_186	3101	2599
sample18_SemiBin_187	5000	4215
sample18_SemiBin_188	6106	4539
sample18_SemiBin_189	5241	3898
sample18_SemiBin_18	5844	4561
sample18_SemiBin_190	2942	2490
sample18_SemiBin_191	2136	1900
sample18_SemiBin_192	2123	1824
sample18_SemiBin_193	3757	3006
sample18_SemiBin_194	3691	2842
sample18_SemiBin_195	2326	2047
sample18_SemiBin_196	2862	2270
sample18_SemiBin_197	3343	2510
sample18_SemiBin_198	3863	3267
sample18_SemiBin_199	3512	2940
sample18_SemiBin_19	3046	2669
sample18_SemiBin_1	3175	2730
sample18_SemiBin_200	6165	4132
sample18_SemiBin_201	3665	3107
sample18_SemiBin_2022	3975	3559
sample18_SemiBin_203	3282	2540
sample18_SemiBin_204	4642	3816
sample18_SemiBin_2059	3627	2688
sample18_SemiBin_205	4439	3788
sample18_SemiBin_207	3521	2918
sample18_SemiBin_208	3725	3073
sample18_SemiBin_209	5812	3763
sample18_SemiBin_20	3895	3298
sample18_SemiBin_2111	12254	6911
sample18_SemiBin_211	4350	3496
sample18_SemiBin_212	7193	4846
sample18_SemiBin_213	5821	3957
sample18_SemiBin_216	3398	2775
sample18_SemiBin_217	3776	3124
sample18_SemiBin_218	3506	3087
sample18_SemiBin_219	2931	2451
sample18_SemiBin_21	4118	3735
sample18_SemiBin_220	4362	3486
sample18_SemiBin_221	4629	3751
sample18_SemiBin_223	5164	3861
sample18_SemiBin_224	3196	2458
sample18_SemiBin_226	1688	1428
sample18_SemiBin_227	2952	2443
sample18_SemiBin_228	4331	3427
sample18_SemiBin_22	6494	5380
sample18_SemiBin_230	3273	2989
sample18_SemiBin_231	6000	4846
sample18_SemiBin_235	2789	2074
sample18_SemiBin_236	5893	5177
sample18_SemiBin_23	3954	3675
sample18_SemiBin_240	3542	3210
sample18_SemiBin_241	6946	4590
sample18_SemiBin_245	3113	2126
sample18_SemiBin_247	4184	3169
sample18_SemiBin_248	2493	1824
sample18_SemiBin_249	3488	2829
sample18_SemiBin_24	2598	2277
sample18_SemiBin_250	7416	5591
sample18_SemiBin_251	6852	5058
sample18_SemiBin_252	5152	4374
sample18_SemiBin_255	7418	5360
sample18_SemiBin_256	3400	3195
sample18_SemiBin_257	4493	3306
sample18_SemiBin_25	2980	2614
sample18_SemiBin_264	5868	4880
sample18_SemiBin_266	3069	2495
sample18_SemiBin_26	3272	3006
sample18_SemiBin_270	6117	5258
sample18_SemiBin_273	2908	2340
sample18_SemiBin_274	3837	2832
sample18_SemiBin_275	3672	2932
sample18_SemiBin_27	3475	2977
sample18_SemiBin_283	4288	3694
sample18_SemiBin_284	4409	3596
sample18_SemiBin_285	3438	2742
sample18_SemiBin_28	3875	3135
sample18_SemiBin_292	7178	5842
sample18_SemiBin_296	3620	3167
sample18_SemiBin_298	1746	1505
sample18_SemiBin_29	4480	3907
sample18_SemiBin_2	3215	2824
sample18_SemiBin_300	3793	3200
sample18_SemiBin_304	4123	3454
sample18_SemiBin_305	9670	6260
sample18_SemiBin_306	2696	2081
sample18_SemiBin_30	5233	4128
sample18_SemiBin_310	4415	3478
sample18_SemiBin_311	5369	4617
sample18_SemiBin_312	3179	2356
sample18_SemiBin_315	2525	2056
sample18_SemiBin_317	4367	3744
sample18_SemiBin_318	3579	3052
sample18_SemiBin_319	2333	1673
sample18_SemiBin_31	2675	2347
sample18_SemiBin_321	5333	4034
sample18_SemiBin_327	1797	1675
sample18_SemiBin_32	3181	3022
sample18_SemiBin_336	5712	4657
sample18_SemiBin_339	3635	3160
sample18_SemiBin_33	4131	3729
sample18_SemiBin_347	4987	4159
sample18_SemiBin_348	3910	3217
sample18_SemiBin_34	4390	3669
sample18_SemiBin_355	2602	2333
sample18_SemiBin_357	4783	4113
sample18_SemiBin_358	3083	2570
sample18_SemiBin_35	5348	4590
sample18_SemiBin_364	2186	1709
sample18_SemiBin_36	4756	3846
sample18_SemiBin_371	3346	2473
sample18_SemiBin_373	3182	2506
sample18_SemiBin_37	3229	2444
sample18_SemiBin_38	5705	4907
sample18_SemiBin_390	2213	1929
sample18_SemiBin_392	3400	2256
sample18_SemiBin_39	3927	3327
sample18_SemiBin_3	3781	3332
sample18_SemiBin_403	2788	2322
sample18_SemiBin_40	6181	5457
sample18_SemiBin_413	4771	3728
sample18_SemiBin_414	1896	1662
sample18_SemiBin_415	3323	2582
sample18_SemiBin_416	4554	3415
sample18_SemiBin_41	6121	5408
sample18_SemiBin_422	2987	2311
sample18_SemiBin_42	2599	2269
sample18_SemiBin_43	4991	4314
sample18_SemiBin_440	4090	3508
sample18_SemiBin_44	5687	4944
sample18_SemiBin_452	3850	3183
sample18_SemiBin_45	2815	2431
sample18_SemiBin_466	3258	2712
sample18_SemiBin_46	3097	2454
sample18_SemiBin_476	2198	1643
sample18_SemiBin_47	3752	3459
sample18_SemiBin_48	3788	3241
sample18_SemiBin_494	2841	1924
sample18_SemiBin_49	4074	3397
sample18_SemiBin_4	4342	3707
sample18_SemiBin_50	4371	3753
sample18_SemiBin_51	7327	6372
sample18_SemiBin_52	7192	6450
sample18_SemiBin_53	3505	2974
sample18_SemiBin_54	5893	5229
sample18_SemiBin_55	4143	3511
sample18_SemiBin_569	2559	2046
sample18_SemiBin_56	5294	4374
sample18_SemiBin_57	4883	4229
sample18_SemiBin_58	3498	2930
sample18_SemiBin_595	2874	2472
sample18_SemiBin_59	6278	5315
sample18_SemiBin_5	3938	3365
sample18_SemiBin_60	5149	4268
sample18_SemiBin_613	4138	3417
sample18_SemiBin_61	5907	4750
sample18_SemiBin_62	5341	4713
sample18_SemiBin_63	3677	3386
sample18_SemiBin_64	4666	4066
sample18_SemiBin_65	4430	3884
sample18_SemiBin_660	2289	2033
sample18_SemiBin_66	6108	5015
sample18_SemiBin_671	6063	4566
sample18_SemiBin_673	3103	2526
sample18_SemiBin_67	6870	5751
sample18_SemiBin_68	2360	2026
sample18_SemiBin_69	4448	3825
sample18_SemiBin_6	4137	3582
sample18_SemiBin_70	5320	4810
sample18_SemiBin_71	4868	3824
sample18_SemiBin_72	3975	3375
sample18_SemiBin_73	4293	3615
sample18_SemiBin_74	3867	3235
sample18_SemiBin_75	4385	3679
sample18_SemiBin_76	7413	5973
sample18_SemiBin_77	5696	5108
sample18_SemiBin_78	5443	4691
sample18_SemiBin_79	3735	3111
sample18_SemiBin_7	4853	4141
sample18_SemiBin_80	6995	5685
sample18_SemiBin_81	3635	3150
sample18_SemiBin_82	4377	3858
sample18_SemiBin_83	5602	5036
sample18_SemiBin_84	4376	3601
sample18_SemiBin_85	4420	3382
sample18_SemiBin_86	4646	3929
sample18_SemiBin_87	5416	4653
sample18_SemiBin_88	7447	5909
sample18_SemiBin_89	3846	3270
sample18_SemiBin_8	6719	5931
sample18_SemiBin_90	3320	2706
sample18_SemiBin_91	4798	3551
sample18_SemiBin_92	3040	2605
sample18_SemiBin_94	3644	3053
sample18_SemiBin_95	7088	6161
sample18_SemiBin_96	6874	5480
sample18_SemiBin_97	3802	3059
sample18_SemiBin_98	6579	5201
sample18_SemiBin_99	7891	6273
sample18_SemiBin_9	6336	5605
sample19_SemiBin_0	5052	4563
sample19_SemiBin_100	2896	2412
sample19_SemiBin_101	6293	5191
sample19_SemiBin_102	3244	2696
sample19_SemiBin_103	2755	2332
sample19_SemiBin_104	2608	2076
sample19_SemiBin_105	3993	3320
sample19_SemiBin_107	3533	3007
sample19_SemiBin_108	4856	3751
sample19_SemiBin_109	969	656
sample19_SemiBin_10	3802	3386
sample19_SemiBin_111	6987	5390
sample19_SemiBin_112	3399	2600
sample19_SemiBin_113	4639	3652
sample19_SemiBin_114	4067	3682
sample19_SemiBin_115	1679	1482
sample19_SemiBin_116	4159	3388
sample19_SemiBin_117	1283	1197
sample19_SemiBin_119	3818	2878
sample19_SemiBin_11	5237	4618
sample19_SemiBin_120	3980	3477
sample19_SemiBin_121	3837	3076
sample19_SemiBin_122	2060	1752
sample19_SemiBin_124	2700	2272
sample19_SemiBin_127	2345	1947
sample19_SemiBin_128	4584	3545
sample19_SemiBin_1291	3206	2872
sample19_SemiBin_129	5369	4589
sample19_SemiBin_12	3027	2636
sample19_SemiBin_130	6497	4371
sample19_SemiBin_131	7588	6270
sample19_SemiBin_132	3079	2704
sample19_SemiBin_135	1776	1339
sample19_SemiBin_138	3767	3175
sample19_SemiBin_139	6206	5560
sample19_SemiBin_13	4971	4505
sample19_SemiBin_140	2730	2339
sample19_SemiBin_141	2568	2025
sample19_SemiBin_142	2952	2386
sample19_SemiBin_143	6929	5202
sample19_SemiBin_144	2856	1910
sample19_SemiBin_147	1574	1458
sample19_SemiBin_148	2219	2064
sample19_SemiBin_149	1197	1029
sample19_SemiBin_14	3902	3661
sample19_SemiBin_154	4973	3878
sample19_SemiBin_155	5949	4151
sample19_SemiBin_157	5355	4738
sample19_SemiBin_15	4078	3604
sample19_SemiBin_161	4032	3280
sample19_SemiBin_162	5283	3984
sample19_SemiBin_163	3080	2569
sample19_SemiBin_165	2596	2297
sample19_SemiBin_167	2981	2641
sample19_SemiBin_168	4447	3737
sample19_SemiBin_169	3480	2945
sample19_SemiBin_16	4807	4201
sample19_SemiBin_170	4862	3813
sample19_SemiBin_1712	7708	6286
sample19_SemiBin_1716	3667	2851
sample19_SemiBin_1724	5633	4284
sample19_SemiBin_172	1305	1236
sample19_SemiBin_174	7627	5880
sample19_SemiBin_178	5134	4512
sample19_SemiBin_179	6061	4915
sample19_SemiBin_17	5123	4375
sample19_SemiBin_183	3090	2429
sample19_SemiBin_186	1205	682
sample19_SemiBin_187	3917	3283
sample19_SemiBin_189	4412	3746
sample19_SemiBin_18	3654	3197
sample19_SemiBin_190	3776	3396
sample19_SemiBin_193	5597	4349
sample19_SemiBin_195	1310	1193
sample19_SemiBin_196	5430	4599
sample19_SemiBin_198	2180	1805
sample19_SemiBin_19	5346	4795
sample19_SemiBin_1	2814	2490
sample19_SemiBin_206	5495	4443
sample19_SemiBin_207	1978	1590
sample19_SemiBin_20	3263	2933
sample19_SemiBin_211	2381	2165
sample19_SemiBin_212	5541	4238
sample19_SemiBin_217	2919	2177
sample19_SemiBin_21	5640	4953
sample19_SemiBin_221	680	475
sample19_SemiBin_22	3589	3082
sample19_SemiBin_233	2749	2240
sample19_SemiBin_245	3113	2326
sample19_SemiBin_246	4497	3471
sample19_SemiBin_24	2918	2527
sample19_SemiBin_251	2622	1907
sample19_SemiBin_25	5147	4284
sample19_SemiBin_263	2055	1638
sample19_SemiBin_26	2854	2430
sample19_SemiBin_271	2790	2568
sample19_SemiBin_273	6550	5360
sample19_SemiBin_27	3819	3504
sample19_SemiBin_289	5970	4589
sample19_SemiBin_28	4179	3915
sample19_SemiBin_29	3586	3326
sample19_SemiBin_2	4769	4524
sample19_SemiBin_303	4978	3709
sample19_SemiBin_30	4331	4045
sample19_SemiBin_313	7845	6798
sample19_SemiBin_31	6621	5725
sample19_SemiBin_32	7343	6192
sample19_SemiBin_33	3675	3160
sample19_SemiBin_343	3766	2784
sample19_SemiBin_34	5569	4713
sample19_SemiBin_354	6065	4535
sample19_SemiBin_35	4731	4419
sample19_SemiBin_36	2690	2517
sample19_SemiBin_37	4334	3536
sample19_SemiBin_382	2504	1874
sample19_SemiBin_38	4430	3849
sample19_SemiBin_39	2247	1876
sample19_SemiBin_3	2930	2495
sample19_SemiBin_406	2162	1637
sample19_SemiBin_40	5198	4366
sample19_SemiBin_411	2179	1985
sample19_SemiBin_416	5906	4580
sample19_SemiBin_41	3367	3056
sample19_SemiBin_422	2513	1623
sample19_SemiBin_427	5108	3984
sample19_SemiBin_42	3188	2688
sample19_SemiBin_43	3777	3415
sample19_SemiBin_44	3707	3120
sample19_SemiBin_458	2028	1447
sample19_SemiBin_45	3133	2503
sample19_SemiBin_46	4804	3825
sample19_SemiBin_47	3426	2751
sample19_SemiBin_492	4148	3498
sample19_SemiBin_49	5073	3958
sample19_SemiBin_4	3840	3360
sample19_SemiBin_50	4151	3362
sample19_SemiBin_51	3062	2542
sample19_SemiBin_52	4421	3456
sample19_SemiBin_538	2132	1919
sample19_SemiBin_54	2515	2402
sample19_SemiBin_55	3003	2687
sample19_SemiBin_56	2608	2285
sample19_SemiBin_57	3399	2627
sample19_SemiBin_58	3619	2938
sample19_SemiBin_59	2982	2709
sample19_SemiBin_5	4197	3819
sample19_SemiBin_60	5825	5074
sample19_SemiBin_61	6646	6361
sample19_SemiBin_62	4339	3787
sample19_SemiBin_63	4985	4055
sample19_SemiBin_65	5492	4619
sample19_SemiBin_66	4112	3887
sample19_SemiBin_67	4903	3872
sample19_SemiBin_68	3305	2874
sample19_SemiBin_69	3055	2545
sample19_SemiBin_6	5584	4962
sample19_SemiBin_70	828	572
sample19_SemiBin_72	2680	2247
sample19_SemiBin_73	2928	1998
sample19_SemiBin_74	2705	2277
sample19_SemiBin_75	3956	3314
sample19_SemiBin_76	3827	3038
sample19_SemiBin_77	3077	2929
sample19_SemiBin_78	4416	3667
sample19_SemiBin_79	3831	2876
sample19_SemiBin_7	5924	5086
sample19_SemiBin_80	2112	2016
sample19_SemiBin_81	1978	1691
sample19_SemiBin_82	2868	2534
sample19_SemiBin_83	3398	3161
sample19_SemiBin_84	6267	5296
sample19_SemiBin_85	7749	6325
sample19_SemiBin_86	3093	2565
sample19_SemiBin_87	1533	1458
sample19_SemiBin_881	4235	3464
sample19_SemiBin_88	3384	2648
sample19_SemiBin_89	2999	2519
sample19_SemiBin_8	3217	2876
sample19_SemiBin_90	2618	2287
sample19_SemiBin_91	2994	2766
sample19_SemiBin_92	3642	2934
sample19_SemiBin_94	3516	2425
sample19_SemiBin_95	5905	5351
sample19_SemiBin_96	3094	2423
sample19_SemiBin_97	1734	1612
sample19_SemiBin_98	3731	3494
sample19_SemiBin_99	2499	2323
sample19_SemiBin_9	3840	3508
sample1_SemiBin_0	3690	3352
sample1_SemiBin_100	4089	2999
sample1_SemiBin_101	4095	3435
sample1_SemiBin_102	3927	3521
sample1_SemiBin_103	3008	2351
sample1_SemiBin_104	3748	3510
sample1_SemiBin_1058	3225	3004
sample1_SemiBin_105	4177	3504
sample1_SemiBin_106	5625	4425
sample1_SemiBin_107	4998	4270
sample1_SemiBin_108	4161	3721
sample1_SemiBin_109	4973	4380
sample1_SemiBin_10	6661	6039
sample1_SemiBin_110	5790	5012
sample1_SemiBin_111	2717	2234
sample1_SemiBin_112	7856	6159
sample1_SemiBin_113	8834	5880
sample1_SemiBin_114	12131	8241
sample1_SemiBin_115	3294	2908
sample1_SemiBin_116	3803	2389
sample1_SemiBin_117	8480	6423
sample1_SemiBin_119	3008	2254
sample1_SemiBin_11	3085	2686
sample1_SemiBin_120	6528	5217
sample1_SemiBin_121	5103	4345
sample1_SemiBin_122	6547	5206
sample1_SemiBin_123	5260	4294
sample1_SemiBin_124	4988	4201
sample1_SemiBin_125	3032	2619
sample1_SemiBin_126	4796	3382
sample1_SemiBin_127	9414	6058
sample1_SemiBin_128	5150	4281
sample1_SemiBin_129	3091	2838
sample1_SemiBin_12	4713	3682
sample1_SemiBin_130	6023	4557
sample1_SemiBin_131	4140	3320
sample1_SemiBin_132	3177	2603
sample1_SemiBin_133	11004	6960
sample1_SemiBin_134	3256	2782
sample1_SemiBin_135	5098	3769
sample1_SemiBin_136	6065	4752
sample1_SemiBin_137	4649	4120
sample1_SemiBin_138	3081	2394
sample1_SemiBin_139	2961	2701
sample1_SemiBin_13	6888	6029
sample1_SemiBin_140	5348	4292
sample1_SemiBin_142	4561	3032
sample1_SemiBin_143	3458	2699
sample1_SemiBin_144	1615	1340
sample1_SemiBin_145	4085	3671
sample1_SemiBin_146	3553	2880
sample1_SemiBin_147	4774	3362
sample1_SemiBin_148	4114	3636
sample1_SemiBin_149	4740	3644
sample1_SemiBin_14	5031	4311
sample1_SemiBin_150	3578	3277
sample1_SemiBin_152	2253	2054
sample1_SemiBin_153	4844	4067
sample1_SemiBin_155	2173	2042
sample1_SemiBin_158	7291	6171
sample1_SemiBin_159	3183	2909
sample1_SemiBin_15	3421	2913
sample1_SemiBin_160	4187	3093
sample1_SemiBin_161	8526	6612
sample1_SemiBin_162	6694	5574
sample1_SemiBin_165	2926	2214
sample1_SemiBin_16	3690	3042
sample1_SemiBin_173	3735	2899
sample1_SemiBin_174	3176	2583
sample1_SemiBin_175	5884	4706
sample1_SemiBin_176	4466	3996
sample1_SemiBin_1789	3821	2849
sample1_SemiBin_178	2182	1769
sample1_SemiBin_179	3163	2774
sample1_SemiBin_17	3769	3514
sample1_SemiBin_1801	1938	1701
sample1_SemiBin_1820	6365	5119
sample1_SemiBin_182	4838	4179
sample1_SemiBin_183	2474	1959
sample1_SemiBin_1843	13044	10602
sample1_SemiBin_184	6271	5007
sample1_SemiBin_185	3192	2551
sample1_SemiBin_187	9590	6388
sample1_SemiBin_188	3935	3203
sample1_SemiBin_18	5513	4868
sample1_SemiBin_191	4427	3759
sample1_SemiBin_194	3407	2657
sample1_SemiBin_197	4582	3926
sample1_SemiBin_199	4889	3689
sample1_SemiBin_19	3032	2543
sample1_SemiBin_1	3501	2720
sample1_SemiBin_200	3835	3409
sample1_SemiBin_207	2669	2203
sample1_SemiBin_209	3071	2137
sample1_SemiBin_20	4190	3800
sample1_SemiBin_210	4411	3900
sample1_SemiBin_211	3318	2452
sample1_SemiBin_213	2212	1861
sample1_SemiBin_216	3852	3366
sample1_SemiBin_217	4148	3697
sample1_SemiBin_218	5502	4666
sample1_SemiBin_21	6285	5559
sample1_SemiBin_220	4660	4087
sample1_SemiBin_221	5192	3793
sample1_SemiBin_222	3593	3106
sample1_SemiBin_223	7146	5448
sample1_SemiBin_22	6954	5825
sample1_SemiBin_236	4060	3479
sample1_SemiBin_237	1553	946
sample1_SemiBin_23	2811	2466
sample1_SemiBin_244	3135	2506
sample1_SemiBin_249	2331	1909
sample1_SemiBin_24	4281	3912
sample1_SemiBin_251	4622	4106
sample1_SemiBin_255	3884	2881
sample1_SemiBin_257	5191	4493
sample1_SemiBin_258	8391	6876
sample1_SemiBin_25	3877	3530
sample1_SemiBin_262	4533	3593
sample1_SemiBin_263	3578	3160
sample1_SemiBin_266	3326	2384
sample1_SemiBin_269	3789	3259
sample1_SemiBin_26	6076	5203
sample1_SemiBin_275	4430	3642
sample1_SemiBin_276	2718	2236
sample1_SemiBin_278	3473	3086
sample1_SemiBin_27	8046	5893
sample1_SemiBin_285	2088	1738
sample1_SemiBin_28	6004	5054
sample1_SemiBin_297	5368	4373
sample1_SemiBin_29	5287	4886
sample1_SemiBin_2	3077	2717
sample1_SemiBin_307	3516	3091
sample1_SemiBin_30	3043	2608
sample1_SemiBin_31	5643	4872
sample1_SemiBin_32	5252	4626
sample1_SemiBin_332	3696	2893
sample1_SemiBin_33	5320	3754
sample1_SemiBin_344	2437	2165
sample1_SemiBin_34	5919	5187
sample1_SemiBin_354	3538	2612
sample1_SemiBin_357	2058	1551
sample1_SemiBin_35	3291	2788
sample1_SemiBin_361	3997	3238
sample1_SemiBin_36	2930	2469
sample1_SemiBin_378	5147	4296
sample1_SemiBin_37	3711	3119
sample1_SemiBin_38	3359	2798
sample1_SemiBin_39	4688	3902
sample1_SemiBin_3	3821	3067
sample1_SemiBin_40	5643	4989
sample1_SemiBin_41	4092	3389
sample1_SemiBin_42	5716	4706
sample1_SemiBin_430	4469	3870
sample1_SemiBin_43	2998	2557
sample1_SemiBin_44	2992	2664
sample1_SemiBin_45	5023	4245
sample1_SemiBin_460	3288	2659
sample1_SemiBin_46	6380	5525
sample1_SemiBin_47	6639	5638
sample1_SemiBin_48	3374	2766
sample1_SemiBin_497	4685	3907
sample1_SemiBin_49	4420	4022
sample1_SemiBin_4	5069	4608
sample1_SemiBin_50	5665	4972
sample1_SemiBin_51	6962	5770
sample1_SemiBin_52	5078	4261
sample1_SemiBin_53	3088	2405
sample1_SemiBin_54	3858	3123
sample1_SemiBin_55	5135	4304
sample1_SemiBin_56	4252	3743
sample1_SemiBin_57	8278	6901
sample1_SemiBin_58	3383	2774
sample1_SemiBin_59	4230	3718
sample1_SemiBin_5	6566	5349
sample1_SemiBin_606	1986	1113
sample1_SemiBin_60	3747	2960
sample1_SemiBin_62	2699	2502
sample1_SemiBin_63	3974	3337
sample1_SemiBin_64	5044	4354
sample1_SemiBin_65	3696	3078
sample1_SemiBin_66	1868	1606
sample1_SemiBin_672	1731	1166
sample1_SemiBin_67	3927	3003
sample1_SemiBin_68	3635	3199
sample1_SemiBin_69	4996	3648
sample1_SemiBin_6	5236	4600
sample1_SemiBin_70	7335	5857
sample1_SemiBin_71	5412	4398
sample1_SemiBin_72	5861	4852
sample1_SemiBin_732	3847	3193
sample1_SemiBin_73	5817	4682
sample1_SemiBin_74	1924	1631
sample1_SemiBin_76	5580	4329
sample1_SemiBin_77	4969	3860
sample1_SemiBin_78	5595	4387
sample1_SemiBin_79	8995	6914
sample1_SemiBin_7	5868	4762
sample1_SemiBin_80	4852	4183
sample1_SemiBin_81	4740	2987
sample1_SemiBin_82	3507	2906
sample1_SemiBin_83	2913	2544
sample1_SemiBin_84	4089	3170
sample1_SemiBin_85	4340	3817
sample1_SemiBin_86	1321	898
sample1_SemiBin_87	4089	3726
sample1_SemiBin_88	4668	4078
sample1_SemiBin_89	3435	2671
sample1_SemiBin_8	2879	2547
sample1_SemiBin_90	4949	2958
sample1_SemiBin_91	5197	4355
sample1_SemiBin_92	4489	3986
sample1_SemiBin_93	5846	4786
sample1_SemiBin_94	7189	5546
sample1_SemiBin_95	5981	3738
sample1_SemiBin_96	4369	3749
sample1_SemiBin_97	3968	2826
sample1_SemiBin_98	3850	3476
sample1_SemiBin_99	1473	1296
sample1_SemiBin_9	3628	3098
sample20_SemiBin_0	3708	2919
sample20_SemiBin_100	3149	2636
sample20_SemiBin_101	6283	5307
sample20_SemiBin_102	5242	4190
sample20_SemiBin_103	4936	4363
sample20_SemiBin_104	4271	3076
sample20_SemiBin_105	5499	4383
sample20_SemiBin_106	2964	2458
sample20_SemiBin_107	5575	4586
sample20_SemiBin_1087	3948	3160
sample20_SemiBin_108	7557	6023
sample20_SemiBin_109	12514	8436
sample20_SemiBin_10	5780	5369
sample20_SemiBin_110	5107	4103
sample20_SemiBin_111	5643	4185
sample20_SemiBin_112	6818	5884
sample20_SemiBin_113	3473	2753
sample20_SemiBin_114	2903	2497
sample20_SemiBin_115	4430	3683
sample20_SemiBin_116	9311	7011
sample20_SemiBin_117	4054	3438
sample20_SemiBin_118	4936	4227
sample20_SemiBin_119	4385	4033
sample20_SemiBin_11	2820	2482
sample20_SemiBin_120	10558	6008
sample20_SemiBin_121	4353	3857
sample20_SemiBin_122	2071	1826
sample20_SemiBin_123	2208	2012
sample20_SemiBin_124	4974	4256
sample20_SemiBin_126	6401	5535
sample20_SemiBin_127	6945	5523
sample20_SemiBin_128	2815	2535
sample20_SemiBin_129	4336	3326
sample20_SemiBin_12	3634	3119
sample20_SemiBin_130	4402	3249
sample20_SemiBin_131	5913	5035
sample20_SemiBin_132	6189	4793
sample20_SemiBin_133	5035	3987
sample20_SemiBin_134	3213	2825
sample20_SemiBin_135	4347	3381
sample20_SemiBin_136	4060	3562
sample20_SemiBin_137	4399	3600
sample20_SemiBin_138	2285	2006
sample20_SemiBin_139	3080	2568
sample20_SemiBin_13	5325	4817
sample20_SemiBin_140	4789	4101
sample20_SemiBin_141	5711	4453
sample20_SemiBin_142	4971	3925
sample20_SemiBin_143	7434	6301
sample20_SemiBin_1442	5695	4877
sample20_SemiBin_144	5150	3776
sample20_SemiBin_145	3983	3263
sample20_SemiBin_148	4503	3586
sample20_SemiBin_149	5207	4577
sample20_SemiBin_14	4364	3915
sample20_SemiBin_150	3951	3053
sample20_SemiBin_151	1540	871
sample20_SemiBin_152	2917	2624
sample20_SemiBin_153	3195	2643
sample20_SemiBin_154	3910	2650
sample20_SemiBin_156	3609	3291
sample20_SemiBin_157	4861	4189
sample20_SemiBin_158	3037	2517
sample20_SemiBin_159	3998	3340
sample20_SemiBin_15	3232	2712
sample20_SemiBin_160	2844	2161
sample20_SemiBin_161	6058	5116
sample20_SemiBin_162	7436	5722
sample20_SemiBin_1630	4388	3772
sample20_SemiBin_163	3855	3026
sample20_SemiBin_164	3664	2657
sample20_SemiBin_166	3100	2309
sample20_SemiBin_167	5355	3513
sample20_SemiBin_168	5517	4901
sample20_SemiBin_16	4253	3873
sample20_SemiBin_170	4067	3313
sample20_SemiBin_171	6139	4779
sample20_SemiBin_172	5214	4296
sample20_SemiBin_173	5378	4181
sample20_SemiBin_174	2185	1801
sample20_SemiBin_175	4751	3774
sample20_SemiBin_176	3473	3134
sample20_SemiBin_177	5215	4116
sample20_SemiBin_178	5669	4259
sample20_SemiBin_179	2606	2035
sample20_SemiBin_17	4207	3669
sample20_SemiBin_180	3696	3288
sample20_SemiBin_181	4022	2979
sample20_SemiBin_183	6229	5419
sample20_SemiBin_186	3762	3259
sample20_SemiBin_187	4275	3509
sample20_SemiBin_188	5424	4486
sample20_SemiBin_189	4111	2873
sample20_SemiBin_18	4941	4327
sample20_SemiBin_190	6200	5107
sample20_SemiBin_191	7542	5608
sample20_SemiBin_192	3443	2689
sample20_SemiBin_193	3402	3081
sample20_SemiBin_196	4124	3576
sample20_SemiBin_198	5442	4992
sample20_SemiBin_199	5363	4580
sample20_SemiBin_19	6212	5211
sample20_SemiBin_1	3395	3117
sample20_SemiBin_200	5678	3965
sample20_SemiBin_201	4611	3358
sample20_SemiBin_203	4389	3260
sample20_SemiBin_205	4553	3683
sample20_SemiBin_207	3598	2926
sample20_SemiBin_208	5943	5258
sample20_SemiBin_209	2559	2115
sample20_SemiBin_20	4802	4113
sample20_SemiBin_210	2686	2128
sample20_SemiBin_212	1683	1399
sample20_SemiBin_214	3599	3283
sample20_SemiBin_218	2746	2193
sample20_SemiBin_21	5719	4648
sample20_SemiBin_221	5359	4416
sample20_SemiBin_223	4387	3353
sample20_SemiBin_2265	4436	3790
sample20_SemiBin_229	3683	2991
sample20_SemiBin_22	5820	4951
sample20_SemiBin_234	4210	3645
sample20_SemiBin_23	1976	1710
sample20_SemiBin_242	4893	4114
sample20_SemiBin_24	4301	3523
sample20_SemiBin_257	4366	3430
sample20_SemiBin_258	4772	3819
sample20_SemiBin_25	3941	3262
sample20_SemiBin_262	3566	2663
sample20_SemiBin_263	5235	4514
sample20_SemiBin_268	4620	3686
sample20_SemiBin_26	4161	3585
sample20_SemiBin_273	4138	3366
sample20_SemiBin_278	6400	5347
sample20_SemiBin_27	4068	3754
sample20_SemiBin_283	3847	3403
sample20_SemiBin_289	3025	2409
sample20_SemiBin_28	4131	3328
sample20_SemiBin_290	3142	2889
sample20_SemiBin_295	5141	4141
sample20_SemiBin_296	5990	5129
sample20_SemiBin_298	4024	3208
sample20_SemiBin_29	6865	5857
sample20_SemiBin_2	3800	3419
sample20_SemiBin_304	4261	3584
sample20_SemiBin_306	4136	3606
sample20_SemiBin_307	2873	2526
sample20_SemiBin_309	6542	4855
sample20_SemiBin_30	3661	2981
sample20_SemiBin_315	6256	5100
sample20_SemiBin_31	3852	3154
sample20_SemiBin_32	6359	5513
sample20_SemiBin_331	3617	3133
sample20_SemiBin_33	4477	4065
sample20_SemiBin_34	3967	3219
sample20_SemiBin_357	4739	4103
sample20_SemiBin_35	6784	5741
sample20_SemiBin_361	1919	1662
sample20_SemiBin_364	2102	1843
sample20_SemiBin_369	1768	1641
sample20_SemiBin_36	5795	4954
sample20_SemiBin_37	3600	2881
sample20_SemiBin_38	4279	3702
sample20_SemiBin_391	3123	2535
sample20_SemiBin_394	5249	4447
sample20_SemiBin_39	5756	4615
sample20_SemiBin_3	3939	3626
sample20_SemiBin_403	6299	5257
sample20_SemiBin_40	3833	3499
sample20_SemiBin_41	5239	4493
sample20_SemiBin_42	5852	4976
sample20_SemiBin_431	2330	1712
sample20_SemiBin_435	3359	2787
sample20_SemiBin_43	4589	3792
sample20_SemiBin_44	3849	3198
sample20_SemiBin_45	5937	5021
sample20_SemiBin_46	1136	798
sample20_SemiBin_47	2535	2186
sample20_SemiBin_484	2973	1977
sample20_SemiBin_48	4083	3201
sample20_SemiBin_499	2334	2042
sample20_SemiBin_49	4551	3960
sample20_SemiBin_4	5458	4717
sample20_SemiBin_50	3862	3175
sample20_SemiBin_51	5692	5147
sample20_SemiBin_53	2852	2662
sample20_SemiBin_54	5084	4449
sample20_SemiBin_55	3748	3214
sample20_SemiBin_56	6670	5506
sample20_SemiBin_57	5135	4216
sample20_SemiBin_58	4477	3694
sample20_SemiBin_59	4565	3531
sample20_SemiBin_5	5832	5177
sample20_SemiBin_60	5678	4929
sample20_SemiBin_61	4415	3622
sample20_SemiBin_62	4956	4307
sample20_SemiBin_63	4688	4211
sample20_SemiBin_64	7096	5549
sample20_SemiBin_65	3479	2905
sample20_SemiBin_66	6083	5286
sample20_SemiBin_67	4975	3664
sample20_SemiBin_689	4799	4243
sample20_SemiBin_68	4481	3490
sample20_SemiBin_69	3810	3009
sample20_SemiBin_6	2978	2616
sample20_SemiBin_703	5821	4272
sample20_SemiBin_71	5626	4778
sample20_SemiBin_72	4145	3088
sample20_SemiBin_73	5372	4836
sample20_SemiBin_75	4872	3656
sample20_SemiBin_76	4726	4118
sample20_SemiBin_77	3744	3413
sample20_SemiBin_78	3587	3348
sample20_SemiBin_79	5564	4363
sample20_SemiBin_7	3118	2688
sample20_SemiBin_80	4544	3665
sample20_SemiBin_81	5686	4205
sample20_SemiBin_82	3194	2600
sample20_SemiBin_83	4121	3328
sample20_SemiBin_84	4147	3248
sample20_SemiBin_85	5478	4363
sample20_SemiBin_86	4314	3821
sample20_SemiBin_88	4066	3758
sample20_SemiBin_8	3564	3069
sample20_SemiBin_90	3617	2730
sample20_SemiBin_91	5047	4106
sample20_SemiBin_92	2335	1985
sample20_SemiBin_94	4943	4189
sample20_SemiBin_95	3768	3317
sample20_SemiBin_97	12042	7666
sample20_SemiBin_987	4824	3423
sample20_SemiBin_98	5274	4333
sample20_SemiBin_9	4240	3826
sample21_SemiBin_0	3631	3386
sample21_SemiBin_100	2773	2254
sample21_SemiBin_101	1505	1207
sample21_SemiBin_103	3656	2805
sample21_SemiBin_105	5104	3963
sample21_SemiBin_107	3828	3370
sample21_SemiBin_108	3094	2518
sample21_SemiBin_109	5527	4901
sample21_SemiBin_10	3905	3455
sample21_SemiBin_115	4764	4062
sample21_SemiBin_117	4261	3754
sample21_SemiBin_118	6288	5183
sample21_SemiBin_11	4951	4151
sample21_SemiBin_120	3363	3062
sample21_SemiBin_125	5931	4091
sample21_SemiBin_12	6453	5682
sample21_SemiBin_130	3120	2837
sample21_SemiBin_132	2830	2402
sample21_SemiBin_136	3655	3171
sample21_SemiBin_13	3353	2834
sample21_SemiBin_141	3572	2717
sample21_SemiBin_1433	3821	2789
sample21_SemiBin_145	2085	1763
sample21_SemiBin_149	3371	2793
sample21_SemiBin_14	5287	4182
sample21_SemiBin_150	4093	3641
sample21_SemiBin_153	4263	3364
sample21_SemiBin_157	3911	3053
sample21_SemiBin_159	3691	2858
sample21_SemiBin_15	4231	3892
sample21_SemiBin_164	4395	3638
sample21_SemiBin_16	5057	4414
sample21_SemiBin_170	3661	3378
sample21_SemiBin_1786	3155	2898
sample21_SemiBin_1792	8318	6282
sample21_SemiBin_17	6101	5195
sample21_SemiBin_1804	4465	3399
sample21_SemiBin_1862	4981	3936
sample21_SemiBin_1864	10213	8514
sample21_SemiBin_1889	4539	2708
sample21_SemiBin_189	3192	2535
sample21_SemiBin_18	3489	3119
sample21_SemiBin_190	2668	2047
sample21_SemiBin_195	4379	3577
sample21_SemiBin_19	3118	2595
sample21_SemiBin_1	3098	2734
sample21_SemiBin_206	3518	2767
sample21_SemiBin_207	3843	3146
sample21_SemiBin_216	3227	2536
sample21_SemiBin_21	3791	3107
sample21_SemiBin_22	3321	3035
sample21_SemiBin_23	3104	2691
sample21_SemiBin_244	2099	1907
sample21_SemiBin_24	8058	6812
sample21_SemiBin_25	1779	1361
sample21_SemiBin_267	5013	3934
sample21_SemiBin_26	6093	5431
sample21_SemiBin_27	5562	4688
sample21_SemiBin_283	2393	2069
sample21_SemiBin_285	9419	7501
sample21_SemiBin_28	3277	3011
sample21_SemiBin_29	8236	6868
sample21_SemiBin_2	5051	4651
sample21_SemiBin_30	3460	2909
sample21_SemiBin_318	1638	1373
sample21_SemiBin_31	3922	3472
sample21_SemiBin_32	4795	4210
sample21_SemiBin_33	3307	2875
sample21_SemiBin_34	3787	3508
sample21_SemiBin_35	3680	3317
sample21_SemiBin_36	5138	4294
sample21_SemiBin_378	5149	3919
sample21_SemiBin_37	5378	4591
sample21_SemiBin_380	2535	2278
sample21_SemiBin_38	6550	4964
sample21_SemiBin_39	2061	1754
sample21_SemiBin_3	4447	3928
sample21_SemiBin_40	5033	4098
sample21_SemiBin_41	3418	3118
sample21_SemiBin_42	5825	4736
sample21_SemiBin_43	3434	2904
sample21_SemiBin_44	4001	3662
sample21_SemiBin_45	3952	3277
sample21_SemiBin_46	6642	5719
sample21_SemiBin_47	4637	3720
sample21_SemiBin_48	5287	4422
sample21_SemiBin_49	3986	3139
sample21_SemiBin_4	5733	4614
sample21_SemiBin_503	3947	3033
sample21_SemiBin_50	5226	4516
sample21_SemiBin_513	5229	4429
sample21_SemiBin_51	2362	1955
sample21_SemiBin_52	4452	3939
sample21_SemiBin_534	2453	2166
sample21_SemiBin_53	3918	2729
sample21_SemiBin_54	5347	4631
sample21_SemiBin_55	3686	2881
sample21_SemiBin_56	4233	3399
sample21_SemiBin_57	3346	2488
sample21_SemiBin_599	7071	5757
sample21_SemiBin_59	3239	2568
sample21_SemiBin_5	6121	5140
sample21_SemiBin_60	5825	3705
sample21_SemiBin_61	7034	6045
sample21_SemiBin_62	4337	3423
sample21_SemiBin_63	4417	3136
sample21_SemiBin_64	4817	3855
sample21_SemiBin_656	3033	2645
sample21_SemiBin_65	7178	5831
sample21_SemiBin_66	6419	5447
sample21_SemiBin_67	4231	3435
sample21_SemiBin_68	5836	5375
sample21_SemiBin_69	7981	5044
sample21_SemiBin_6	3469	3180
sample21_SemiBin_70	2350	2166
sample21_SemiBin_71	3596	3080
sample21_SemiBin_72	4577	3532
sample21_SemiBin_73	3037	2457
sample21_SemiBin_74	3313	2750
sample21_SemiBin_75	5641	4385
sample21_SemiBin_76	2295	1721
sample21_SemiBin_77	3786	3354
sample21_SemiBin_78	4324	3776
sample21_SemiBin_79	6003	5304
sample21_SemiBin_7	5634	5032
sample21_SemiBin_80	3114	2940
sample21_SemiBin_81	3605	2976
sample21_SemiBin_82	4625	3609
sample21_SemiBin_84	4775	3849
sample21_SemiBin_87	5421	4226
sample21_SemiBin_88	3143	2481
sample21_SemiBin_89	2389	2042
sample21_SemiBin_8	2971	2414
sample21_SemiBin_90	2755	2120
sample21_SemiBin_91	4454	3504
sample21_SemiBin_94	5755	4721
sample21_SemiBin_96	2930	2707
sample21_SemiBin_98	3498	2676
sample21_SemiBin_99	5774	4346
sample21_SemiBin_9	4199	3539
sample22_SemiBin_0	4072	3772
sample22_SemiBin_100	6053	5006
sample22_SemiBin_101	2590	2381
sample22_SemiBin_102	4368	3416
sample22_SemiBin_103	1033	712
sample22_SemiBin_104	2191	1878
sample22_SemiBin_105	2988	2046
sample22_SemiBin_106	2743	2072
sample22_SemiBin_107	4456	3921
sample22_SemiBin_109	4741	3585
sample22_SemiBin_10	3359	2913
sample22_SemiBin_110	3755	3080
sample22_SemiBin_111	3759	3268
sample22_SemiBin_112	5846	4488
sample22_SemiBin_113	3141	2670
sample22_SemiBin_115	4729	3715
sample22_SemiBin_116	3771	3230
sample22_SemiBin_117	5385	4356
sample22_SemiBin_118	10730	8756
sample22_SemiBin_119	10954	6388
sample22_SemiBin_11	5998	4797
sample22_SemiBin_121	3756	3054
sample22_SemiBin_122	4431	4108
sample22_SemiBin_124	6741	5785
sample22_SemiBin_126	2309	2122
sample22_SemiBin_127	5912	4853
sample22_SemiBin_12	4088	3820
sample22_SemiBin_130	7335	5765
sample22_SemiBin_131	1713	1485
sample22_SemiBin_135	4049	3311
sample22_SemiBin_136	4030	2864
sample22_SemiBin_137	4238	3266
sample22_SemiBin_13	5124	4706
sample22_SemiBin_142	6759	5584
sample22_SemiBin_143	3808	2819
sample22_SemiBin_144	2900	2329
sample22_SemiBin_145	4206	3214
sample22_SemiBin_146	7808	6577
sample22_SemiBin_147	4653	3774
sample22_SemiBin_14	3570	3047
sample22_SemiBin_150	3322	2675
sample22_SemiBin_151	4912	3593
sample22_SemiBin_152	4369	3775
sample22_SemiBin_158	3305	3030
sample22_SemiBin_1595	5676	4164
sample22_SemiBin_1596	2545	2272
sample22_SemiBin_1598	5026	3840
sample22_SemiBin_159	5418	4462
sample22_SemiBin_15	4712	4160
sample22_SemiBin_160	4257	3418
sample22_SemiBin_162	5783	4813
sample22_SemiBin_16	3713	3348
sample22_SemiBin_174	3410	3114
sample22_SemiBin_175	4872	4311
sample22_SemiBin_177	3956	3556
sample22_SemiBin_17	2820	2427
sample22_SemiBin_180	1244	959
sample22_SemiBin_181	2029	1763
sample22_SemiBin_182	4986	4344
sample22_SemiBin_189	4781	3821
sample22_SemiBin_18	4524	4150
sample22_SemiBin_191	5928	5026
sample22_SemiBin_194	3184	2554
sample22_SemiBin_19	3421	2761
sample22_SemiBin_1	4079	3698
sample22_SemiBin_201	9282	6610
sample22_SemiBin_205	1916	1532
sample22_SemiBin_20	5632	4975
sample22_SemiBin_215	3560	2953
sample22_SemiBin_21	5601	4637
sample22_SemiBin_223	3145	2679
sample22_SemiBin_22	6518	5756
sample22_SemiBin_238	4989	3864
sample22_SemiBin_239	4471	3713
sample22_SemiBin_23	1936	1676
sample22_SemiBin_247	2272	2049
sample22_SemiBin_249	5502	4217
sample22_SemiBin_24	3197	2602
sample22_SemiBin_25	4508	3927
sample22_SemiBin_260	2837	2451
sample22_SemiBin_261	3500	2869
sample22_SemiBin_267	3868	3149
sample22_SemiBin_26	10932	7989
sample22_SemiBin_279	4770	4137
sample22_SemiBin_27	5082	4083
sample22_SemiBin_28	2804	2430
sample22_SemiBin_292	2644	2380
sample22_SemiBin_29	3335	2795
sample22_SemiBin_2	5786	5340
sample22_SemiBin_30	3524	3213
sample22_SemiBin_314	3751	3477
sample22_SemiBin_319	5008	3854
sample22_SemiBin_31	3793	3348
sample22_SemiBin_338	2248	1646
sample22_SemiBin_33	5512	4892
sample22_SemiBin_342	4887	4215
sample22_SemiBin_34	3763	3176
sample22_SemiBin_35	2485	2280
sample22_SemiBin_36	5588	4750
sample22_SemiBin_37	6255	5415
sample22_SemiBin_38	3539	2929
sample22_SemiBin_394	4530	2631
sample22_SemiBin_39	4631	4231
sample22_SemiBin_3	3705	3169
sample22_SemiBin_40	5756	4708
sample22_SemiBin_416	3291	2928
sample22_SemiBin_41	3477	2871
sample22_SemiBin_42	4476	3768
sample22_SemiBin_43	3521	2537
sample22_SemiBin_45	7016	6223
sample22_SemiBin_46	5103	4626
sample22_SemiBin_47	3802	2967
sample22_SemiBin_492	2020	1624
sample22_SemiBin_493	3284	2619
sample22_SemiBin_49	3056	2557
sample22_SemiBin_4	4248	3924
sample22_SemiBin_50	5242	4692
sample22_SemiBin_51	9494	7768
sample22_SemiBin_52	2995	2632
sample22_SemiBin_53	3053	2613
sample22_SemiBin_54	3964	3614
sample22_SemiBin_55	2273	1924
sample22_SemiBin_56	5350	4994
sample22_SemiBin_57	9999	7192
sample22_SemiBin_58	6328	5140
sample22_SemiBin_59	4083	3246
sample22_SemiBin_5	3009	2625
sample22_SemiBin_60	7937	6865
sample22_SemiBin_62	4069	3326
sample22_SemiBin_63	5408	4369
sample22_SemiBin_64	5462	4749
sample22_SemiBin_65	3019	2438
sample22_SemiBin_66	4123	3704
sample22_SemiBin_67	6866	5715
sample22_SemiBin_68	5615	4693
sample22_SemiBin_69	6159	4128
sample22_SemiBin_6	3727	3404
sample22_SemiBin_713	5547	4624
sample22_SemiBin_71	4286	3814
sample22_SemiBin_72	2425	2133
sample22_SemiBin_73	2356	2188
sample22_SemiBin_74	4580	4090
sample22_SemiBin_75	6388	5243
sample22_SemiBin_77	4205	3475
sample22_SemiBin_78	5004	4291
sample22_SemiBin_79	5262	4347
sample22_SemiBin_7	5052	4232
sample22_SemiBin_80	4881	4012
sample22_SemiBin_81	4016	2873
sample22_SemiBin_82	5764	4469
sample22_SemiBin_83	9253	6447
sample22_SemiBin_84	13070	8812
sample22_SemiBin_85	3989	3244
sample22_SemiBin_86	5790	4351
sample22_SemiBin_87	6592	5076
sample22_SemiBin_88	5747	4254
sample22_SemiBin_89	2216	1808
sample22_SemiBin_8	5362	4656
sample22_SemiBin_90	3212	2481
sample22_SemiBin_91	2210	1768
sample22_SemiBin_92	8001	5789
sample22_SemiBin_93	5944	4749
sample22_SemiBin_94	4696	3957
sample22_SemiBin_95	4527	3503
sample22_SemiBin_96	5465	4518
sample22_SemiBin_97	2360	2099
sample22_SemiBin_98	4280	3504
sample22_SemiBin_99	3013	2520
sample22_SemiBin_9	3633	3324
sample23_SemiBin_0	3676	2881
sample23_SemiBin_100	4605	3451
sample23_SemiBin_104	4846	3882
sample23_SemiBin_10	5602	5107
sample23_SemiBin_112	1938	1716
sample23_SemiBin_116	5118	4294
sample23_SemiBin_1197	6149	5244
sample23_SemiBin_119	3352	2113
sample23_SemiBin_11	2693	2480
sample23_SemiBin_124	1955	1773
sample23_SemiBin_125	6380	5542
sample23_SemiBin_128	5808	4831
sample23_SemiBin_12	2977	2574
sample23_SemiBin_130	5231	4415
sample23_SemiBin_133	1686	1521
sample23_SemiBin_13	3709	3156
sample23_SemiBin_140	4417	3775
sample23_SemiBin_14	4103	3293
sample23_SemiBin_153	3352	2818
sample23_SemiBin_154	3234	2407
sample23_SemiBin_159	2518	2259
sample23_SemiBin_15	2999	2718
sample23_SemiBin_161	3787	3136
sample23_SemiBin_162	5076	4266
sample23_SemiBin_16	3532	2973
sample23_SemiBin_174	5735	5027
sample23_SemiBin_17	2099	1781
sample23_SemiBin_18	2802	2374
sample23_SemiBin_191	2592	2071
sample23_SemiBin_193	3596	2774
sample23_SemiBin_1969	6474	4755
sample23_SemiBin_198	3200	2818
sample23_SemiBin_19	3972	3327
sample23_SemiBin_1	3739	3012
sample23_SemiBin_2003	8538	5992
sample23_SemiBin_200	3746	3208
sample23_SemiBin_20	3039	2524
sample23_SemiBin_21	6636	6045
sample23_SemiBin_223	2790	2520
sample23_SemiBin_224	3599	3054
sample23_SemiBin_226	4093	3618
sample23_SemiBin_232	2843	2425
sample23_SemiBin_233	3022	2475
sample23_SemiBin_23	4090	3400
sample23_SemiBin_24	2419	2189
sample23_SemiBin_25	4987	4259
sample23_SemiBin_26	5373	4279
sample23_SemiBin_27	6270	5503
sample23_SemiBin_281	4268	3395
sample23_SemiBin_28	4763	4270
sample23_SemiBin_291	4271	3351
sample23_SemiBin_29	4392	3478
sample23_SemiBin_2	4722	4305
sample23_SemiBin_30	4911	4197
sample23_SemiBin_317	2087	1558
sample23_SemiBin_31	3846	3184
sample23_SemiBin_322	4055	3318
sample23_SemiBin_32	4720	3709
sample23_SemiBin_33	5598	4812
sample23_SemiBin_356	6526	4881
sample23_SemiBin_358	2662	2094
sample23_SemiBin_35	2052	1642
sample23_SemiBin_36	3880	3513
sample23_SemiBin_37	2434	2202
sample23_SemiBin_388	4701	3718
sample23_SemiBin_38	3844	3285
sample23_SemiBin_39	5145	4047
sample23_SemiBin_3	5153	4682
sample23_SemiBin_401	5875	4929
sample23_SemiBin_403	3886	3302
sample23_SemiBin_40	6942	5429
sample23_SemiBin_41	2700	2174
sample23_SemiBin_42	3072	2586
sample23_SemiBin_431	2994	1946
sample23_SemiBin_43	7447	5625
sample23_SemiBin_444	6569	4922
sample23_SemiBin_44	6150	4740
sample23_SemiBin_45	6003	4822
sample23_SemiBin_462	3062	2571
sample23_SemiBin_46	5444	4632
sample23_SemiBin_47	6563	5119
sample23_SemiBin_48	6145	4668
sample23_SemiBin_49	6262	5272
sample23_SemiBin_4	4334	4001
sample23_SemiBin_506	4491	3111
sample23_SemiBin_50	2775	2527
sample23_SemiBin_51	8586	6500
sample23_SemiBin_52	4034	3175
sample23_SemiBin_54	3789	3470
sample23_SemiBin_55	6286	5228
sample23_SemiBin_56	8109	6703
sample23_SemiBin_57	5550	4726
sample23_SemiBin_58	4383	3566
sample23_SemiBin_59	5378	4480
sample23_SemiBin_5	5331	4696
sample23_SemiBin_60	4247	3928
sample23_SemiBin_61	6284	5391
sample23_SemiBin_62	3352	2755
sample23_SemiBin_63	3854	3319
sample23_SemiBin_64	3265	2679
sample23_SemiBin_65	8389	6852
sample23_SemiBin_66	3069	2563
sample23_SemiBin_67	2397	2240
sample23_SemiBin_68	4207	3417
sample23_SemiBin_69	2511	2069
sample23_SemiBin_6	5530	4475
sample23_SemiBin_70	5071	4082
sample23_SemiBin_71	4206	3675
sample23_SemiBin_72	5397	4744
sample23_SemiBin_73	3331	2842
sample23_SemiBin_74	5158	4022
sample23_SemiBin_75	4664	3717
sample23_SemiBin_76	2109	1862
sample23_SemiBin_78	3926	3417
sample23_SemiBin_79	4954	4275
sample23_SemiBin_7	3143	2895
sample23_SemiBin_80	4961	3928
sample23_SemiBin_81	6392	4449
sample23_SemiBin_82	4942	4150
sample23_SemiBin_84	4574	3590
sample23_SemiBin_85	5885	5087
sample23_SemiBin_87	4650	4145
sample23_SemiBin_88	5310	4375
sample23_SemiBin_89	3896	2943
sample23_SemiBin_8	5957	5252
sample23_SemiBin_90	6036	4975
sample23_SemiBin_91	1216	1063
sample23_SemiBin_93	4385	3246
sample23_SemiBin_95	5590	4527
sample23_SemiBin_97	6040	4827
sample23_SemiBin_9	5634	4940
sample24_SemiBin_0	3581	3065
sample24_SemiBin_101	2956	2436
sample24_SemiBin_103	6896	5782
sample24_SemiBin_104	5605	4567
sample24_SemiBin_10	3984	3342
sample24_SemiBin_114	2434	2031
sample24_SemiBin_116	4878	4153
sample24_SemiBin_1183	5058	4141
sample24_SemiBin_1185	6650	6106
sample24_SemiBin_1187	6840	5142
sample24_SemiBin_11	4257	3450
sample24_SemiBin_1204	3161	2622
sample24_SemiBin_1237	6924	5551
sample24_SemiBin_123	4059	3286
sample24_SemiBin_12	5739	4993
sample24_SemiBin_130	4015	3717
sample24_SemiBin_133	1705	1395
sample24_SemiBin_13	2767	2350
sample24_SemiBin_142	2628	2287
sample24_SemiBin_14	3119	2790
sample24_SemiBin_15	2719	2375
sample24_SemiBin_166	3727	3224
sample24_SemiBin_16	6179	5289
sample24_SemiBin_174	2300	1680
sample24_SemiBin_17	4927	4020
sample24_SemiBin_181	2124	1791
sample24_SemiBin_18	5270	4391
sample24_SemiBin_19	5439	4329
sample24_SemiBin_1	5409	4664
sample24_SemiBin_207	3682	3030
sample24_SemiBin_20	7111	6393
sample24_SemiBin_212	2332	1498
sample24_SemiBin_21	5411	4427
sample24_SemiBin_22	1398	841
sample24_SemiBin_23	5131	4350
sample24_SemiBin_240	4011	2619
sample24_SemiBin_245	5159	4006
sample24_SemiBin_24	2257	1916
sample24_SemiBin_256	2884	1889
sample24_SemiBin_25	6970	5599
sample24_SemiBin_26	5161	4481
sample24_SemiBin_278	5593	4264
sample24_SemiBin_27	3987	3645
sample24_SemiBin_29	3854	3051
sample24_SemiBin_2	5119	4366
sample24_SemiBin_30	4853	3980
sample24_SemiBin_31	5432	4099
sample24_SemiBin_32	2151	1843
sample24_SemiBin_33	6283	5068
sample24_SemiBin_35	5073	4258
sample24_SemiBin_363	6574	5680
sample24_SemiBin_365	4523	3578
sample24_SemiBin_36	2647	2246
sample24_SemiBin_379	5421	3387
sample24_SemiBin_37	3712	2878
sample24_SemiBin_38	3258	2621
sample24_SemiBin_3	5060	4339
sample24_SemiBin_40	836	600
sample24_SemiBin_41	5635	4997
sample24_SemiBin_42	3687	3281
sample24_SemiBin_43	2346	1978
sample24_SemiBin_447	1613	1350
sample24_SemiBin_44	2738	2166
sample24_SemiBin_45	6309	5310
sample24_SemiBin_46	3795	3037
sample24_SemiBin_47	4470	3822
sample24_SemiBin_48	3547	3174
sample24_SemiBin_49	2943	2316
sample24_SemiBin_4	1920	1626
sample24_SemiBin_50	2281	1826
sample24_SemiBin_51	3396	2557
sample24_SemiBin_53	3574	3076
sample24_SemiBin_55	4083	3472
sample24_SemiBin_56	4816	4026
sample24_SemiBin_57	5941	4038
sample24_SemiBin_588	4383	3543
sample24_SemiBin_58	2337	1923
sample24_SemiBin_59	3118	2424
sample24_SemiBin_5	4333	3832
sample24_SemiBin_67	6326	5130
sample24_SemiBin_69	3371	2953
sample24_SemiBin_6	3057	2560
sample24_SemiBin_70	6220	5392
sample24_SemiBin_71	4908	4164
sample24_SemiBin_72	2841	2404
sample24_SemiBin_73	2611	2375
sample24_SemiBin_74	7638	5765
sample24_SemiBin_76	3347	2636
sample24_SemiBin_79	2345	2042
sample24_SemiBin_7	7394	6143
sample24_SemiBin_85	2522	2153
sample24_SemiBin_8	3628	3248
sample24_SemiBin_92	5113	4524
sample24_SemiBin_9	2810	2415
sample25_SemiBin_0	2969	2584
sample25_SemiBin_100	3316	2714
sample25_SemiBin_101	4637	3809
sample25_SemiBin_103	5131	4372
sample25_SemiBin_104	2843	2574
sample25_SemiBin_105	3485	2698
sample25_SemiBin_107	2695	2400
sample25_SemiBin_108	4416	3670
sample25_SemiBin_109	4910	3587
sample25_SemiBin_10	3814	3470
sample25_SemiBin_110	2872	2462
sample25_SemiBin_111	1937	1647
sample25_SemiBin_112	1714	1469
sample25_SemiBin_114	5797	4994
sample25_SemiBin_115	3562	3236
sample25_SemiBin_116	9069	7618
sample25_SemiBin_119	5179	4055
sample25_SemiBin_11	4040	3303
sample25_SemiBin_120	5470	4244
sample25_SemiBin_124	4453	3391
sample25_SemiBin_125	7844	6285
sample25_SemiBin_126	4374	3391
sample25_SemiBin_127	3977	3075
sample25_SemiBin_129	2245	1929
sample25_SemiBin_12	2721	2508
sample25_SemiBin_130	2971	2501
sample25_SemiBin_133	5809	4353
sample25_SemiBin_135	2407	2071
sample25_SemiBin_139	3623	2925
sample25_SemiBin_13	4015	3216
sample25_SemiBin_140	3151	2376
sample25_SemiBin_141	3287	2530
sample25_SemiBin_143	5014	4035
sample25_SemiBin_144	5012	4307
sample25_SemiBin_145	8047	5832
sample25_SemiBin_148	3903	3547
sample25_SemiBin_149	6617	5382
sample25_SemiBin_14	5485	4425
sample25_SemiBin_1529	5545	4495
sample25_SemiBin_153	3690	3230
sample25_SemiBin_154	3625	3330
sample25_SemiBin_155	2803	2275
sample25_SemiBin_1571	5478	3360
sample25_SemiBin_159	3303	2936
sample25_SemiBin_15	3871	3225
sample25_SemiBin_160	5005	4281
sample25_SemiBin_163	5762	4344
sample25_SemiBin_164	6153	4634
sample25_SemiBin_167	2730	2183
sample25_SemiBin_16	3127	2694
sample25_SemiBin_171	4900	3652
sample25_SemiBin_174	5542	4261
sample25_SemiBin_178	2699	2092
sample25_SemiBin_179	2944	2703
sample25_SemiBin_17	4075	3658
sample25_SemiBin_181	4736	3502
sample25_SemiBin_183	5221	4674
sample25_SemiBin_185	6469	5565
sample25_SemiBin_186	4457	3769
sample25_SemiBin_189	4444	3654
sample25_SemiBin_18	3965	3429
sample25_SemiBin_190	6469	4793
sample25_SemiBin_193	4906	4238
sample25_SemiBin_196	3009	2404
sample25_SemiBin_19	4137	3666
sample25_SemiBin_1	5258	4388
sample25_SemiBin_200	2583	2177
sample25_SemiBin_201	3177	2544
sample25_SemiBin_203	4671	3476
sample25_SemiBin_204	6120	3945
sample25_SemiBin_206	4181	3245
sample25_SemiBin_209	5182	4143
sample25_SemiBin_20	5455	5042
sample25_SemiBin_213	2752	2404
sample25_SemiBin_215	2373	1831
sample25_SemiBin_216	3043	2503
sample25_SemiBin_21	6738	5288
sample25_SemiBin_221	3291	2921
sample25_SemiBin_224	2954	2587
sample25_SemiBin_225	2642	2203
sample25_SemiBin_227	4772	3916
sample25_SemiBin_228	4757	3678
sample25_SemiBin_22	2826	2501
sample25_SemiBin_231	5342	4150
sample25_SemiBin_232	1785	1485
sample25_SemiBin_234	5399	4444
sample25_SemiBin_237	3713	3344
sample25_SemiBin_23	3637	3108
sample25_SemiBin_240	3575	2842
sample25_SemiBin_24	4587	4079
sample25_SemiBin_254	4008	3365
sample25_SemiBin_256	4887	3997
sample25_SemiBin_25	5735	5047
sample25_SemiBin_263	5352	4537
sample25_SemiBin_264	5196	3774
sample25_SemiBin_269	2912	2475
sample25_SemiBin_26	3299	2740
sample25_SemiBin_270	3733	2751
sample25_SemiBin_277	4261	3572
sample25_SemiBin_27	3939	3312
sample25_SemiBin_281	4454	3580
sample25_SemiBin_28	3742	3066
sample25_SemiBin_290	2128	1591
sample25_SemiBin_292	2264	1582
sample25_SemiBin_29	3559	3080
sample25_SemiBin_2	3795	3552
sample25_SemiBin_301	4259	3528
sample25_SemiBin_30	4827	3917
sample25_SemiBin_31	5629	4889
sample25_SemiBin_32	2948	2728
sample25_SemiBin_33	7186	6037
sample25_SemiBin_34	5905	4954
sample25_SemiBin_35	6024	4863
sample25_SemiBin_366	1094	855
sample25_SemiBin_36	5370	4359
sample25_SemiBin_37	7537	5836
sample25_SemiBin_38	3532	2916
sample25_SemiBin_39	4190	3898
sample25_SemiBin_3	3277	2883
sample25_SemiBin_40	5448	4856
sample25_SemiBin_41	5449	4568
sample25_SemiBin_42	1542	910
sample25_SemiBin_434	6152	5223
sample25_SemiBin_43	5104	3652
sample25_SemiBin_44	2615	2204
sample25_SemiBin_45	4635	4250
sample25_SemiBin_468	4372	3771
sample25_SemiBin_46	4272	3444
sample25_SemiBin_47	4857	4133
sample25_SemiBin_487	3636	2843
sample25_SemiBin_48	4216	3552
sample25_SemiBin_49	4539	3618
sample25_SemiBin_4	4290	3631
sample25_SemiBin_50	4694	3913
sample25_SemiBin_51	3000	2504
sample25_SemiBin_52	3756	3312
sample25_SemiBin_53	5676	3958
sample25_SemiBin_54	2634	2214
sample25_SemiBin_55	5632	4817
sample25_SemiBin_565	2588	2345
sample25_SemiBin_57	5913	5060
sample25_SemiBin_59	4345	3726
sample25_SemiBin_5	5263	4549
sample25_SemiBin_60	6744	5725
sample25_SemiBin_61	4496	3896
sample25_SemiBin_62	3752	2969
sample25_SemiBin_63	7784	6000
sample25_SemiBin_64	8160	6862
sample25_SemiBin_65	9131	6811
sample25_SemiBin_66	3554	2964
sample25_SemiBin_67	5691	4574
sample25_SemiBin_68	3039	2455
sample25_SemiBin_6	3452	3015
sample25_SemiBin_708	4668	3926
sample25_SemiBin_70	4864	4206
sample25_SemiBin_71	3974	3230
sample25_SemiBin_72	4440	3477
sample25_SemiBin_73	5115	4474
sample25_SemiBin_74	3778	3381
sample25_SemiBin_75	5213	4324
sample25_SemiBin_76	5357	4801
sample25_SemiBin_77	5256	4174
sample25_SemiBin_78	2405	1835
sample25_SemiBin_79	3924	3449
sample25_SemiBin_7	4221	3806
sample25_SemiBin_80	2944	2433
sample25_SemiBin_81	3448	2718
sample25_SemiBin_82	4716	3276
sample25_SemiBin_83	2085	1830
sample25_SemiBin_84	6541	4564
sample25_SemiBin_85	3139	2765
sample25_SemiBin_86	3236	2703
sample25_SemiBin_87	2550	2118
sample25_SemiBin_88	4876	3919
sample25_SemiBin_89	5702	4788
sample25_SemiBin_8	3655	3432
sample25_SemiBin_906	6877	5157
sample25_SemiBin_90	4468	3949
sample25_SemiBin_92	3740	2937
sample25_SemiBin_94	5101	4377
sample25_SemiBin_95	7434	5696
sample25_SemiBin_96	3540	2984
sample25_SemiBin_97	3277	2545
sample25_SemiBin_98	3126	2565
sample25_SemiBin_99	3107	2807
sample25_SemiBin_9	5324	4696
sample26_SemiBin_0	5579	4843
sample26_SemiBin_100	4184	3344
sample26_SemiBin_108	4167	3708
sample26_SemiBin_109	3505	3199
sample26_SemiBin_10	3903	3555
sample26_SemiBin_112	2913	2332
sample26_SemiBin_113	3932	3191
sample26_SemiBin_116	2404	1904
sample26_SemiBin_117	4447	3837
sample26_SemiBin_1194	4048	3106
sample26_SemiBin_11	2450	2379
sample26_SemiBin_126	6725	5423
sample26_SemiBin_1297	5283	3747
sample26_SemiBin_129	5414	4275
sample26_SemiBin_12	2601	2202
sample26_SemiBin_130	2144	1665
sample26_SemiBin_131	3689	3267
sample26_SemiBin_132	4697	3962
sample26_SemiBin_133	2185	1856
sample26_SemiBin_135	3231	2795
sample26_SemiBin_139	3180	2735
sample26_SemiBin_13	6393	5247
sample26_SemiBin_142	3725	3132
sample26_SemiBin_143	4904	3781
sample26_SemiBin_149	5075	4512
sample26_SemiBin_14	3215	2736
sample26_SemiBin_153	2951	2365
sample26_SemiBin_157	4246	3446
sample26_SemiBin_158	4292	3451
sample26_SemiBin_15	5540	4458
sample26_SemiBin_165	2297	1936
sample26_SemiBin_167	5729	5128
sample26_SemiBin_16	5747	5178
sample26_SemiBin_173	2788	2421
sample26_SemiBin_175	3751	3212
sample26_SemiBin_17	5092	4364
sample26_SemiBin_18	4896	4137
sample26_SemiBin_199	5514	4256
sample26_SemiBin_19	3625	2993
sample26_SemiBin_1	4431	4083
sample26_SemiBin_205	4792	3918
sample26_SemiBin_20	4054	3521
sample26_SemiBin_21	4123	3350
sample26_SemiBin_226	2045	1554
sample26_SemiBin_22	4730	4128
sample26_SemiBin_23	4500	3843
sample26_SemiBin_24	3821	3548
sample26_SemiBin_25	3247	2641
sample26_SemiBin_26	7922	6841
sample26_SemiBin_27	4958	4481
sample26_SemiBin_28	3084	2731
sample26_SemiBin_29	5605	4862
sample26_SemiBin_2	4908	4232
sample26_SemiBin_30	2370	2210
sample26_SemiBin_31	2942	2515
sample26_SemiBin_32	8493	7203
sample26_SemiBin_33	4111	3511
sample26_SemiBin_34	5325	4690
sample26_SemiBin_35	4504	4129
sample26_SemiBin_36	3574	3336
sample26_SemiBin_37	6958	5875
sample26_SemiBin_38	2843	2435
sample26_SemiBin_39	5985	4962
sample26_SemiBin_3	5551	5152
sample26_SemiBin_40	3941	2949
sample26_SemiBin_42	7004	5797
sample26_SemiBin_446	3281	2620
sample26_SemiBin_44	5257	4583
sample26_SemiBin_45	2386	1975
sample26_SemiBin_47	2695	2274
sample26_SemiBin_48	4035	3430
sample26_SemiBin_49	3185	2562
sample26_SemiBin_4	6738	5912
sample26_SemiBin_50	6938	5393
sample26_SemiBin_51	2495	2236
sample26_SemiBin_52	3762	3395
sample26_SemiBin_539	3822	3350
sample26_SemiBin_53	2843	2483
sample26_SemiBin_54	3524	2643
sample26_SemiBin_55	4325	3539
sample26_SemiBin_56	3171	2488
sample26_SemiBin_57	3485	3037
sample26_SemiBin_58	2934	2171
sample26_SemiBin_59	3316	2800
sample26_SemiBin_5	4083	3338
sample26_SemiBin_60	4020	2602
sample26_SemiBin_61	4355	3991
sample26_SemiBin_62	6334	4791
sample26_SemiBin_64	2220	1927
sample26_SemiBin_655	3859	3208
sample26_SemiBin_65	4614	3960
sample26_SemiBin_67	2304	1816
sample26_SemiBin_68	4978	3934
sample26_SemiBin_69	4102	3589
sample26_SemiBin_6	2893	2521
sample26_SemiBin_70	3704	2997
sample26_SemiBin_71	4541	3479
sample26_SemiBin_72	5212	4469
sample26_SemiBin_73	5047	4302
sample26_SemiBin_74	3263	2894
sample26_SemiBin_75	4758	3454
sample26_SemiBin_76	3663	2943
sample26_SemiBin_77	4455	3618
sample26_SemiBin_78	4418	3691
sample26_SemiBin_79	2903	2413
sample26_SemiBin_7	5581	4983
sample26_SemiBin_80	4879	4033
sample26_SemiBin_81	7719	5483
sample26_SemiBin_82	4455	3546
sample26_SemiBin_83	3846	2899
sample26_SemiBin_84	6730	5906
sample26_SemiBin_86	4232	3473
sample26_SemiBin_873	4103	2575
sample26_SemiBin_87	5756	5190
sample26_SemiBin_8	4829	4263
sample26_SemiBin_90	5547	4762
sample26_SemiBin_95	7160	6042
sample26_SemiBin_9	2567	2244
sample27_SemiBin_0	3662	3399
sample27_SemiBin_100	3149	2468
sample27_SemiBin_101	3730	2844
sample27_SemiBin_102	4089	3455
sample27_SemiBin_103	3015	2734
sample27_SemiBin_107	907	604
sample27_SemiBin_109	4750	4036
sample27_SemiBin_10	2115	1774
sample27_SemiBin_110	4052	2925
sample27_SemiBin_111	3722	3326
sample27_SemiBin_113	5190	4485
sample27_SemiBin_115	3475	3073
sample27_SemiBin_118	3483	3155
sample27_SemiBin_119	3561	3061
sample27_SemiBin_11	6363	5441
sample27_SemiBin_121	4147	3662
sample27_SemiBin_122	1927	1772
sample27_SemiBin_124	2143	1883
sample27_SemiBin_125	5913	4160
sample27_SemiBin_126	1872	1763
sample27_SemiBin_12	6568	5654
sample27_SemiBin_130	4372	3643
sample27_SemiBin_131	1879	1735
sample27_SemiBin_133	3587	2821
sample27_SemiBin_136	3491	2745
sample27_SemiBin_138	4817	4095
sample27_SemiBin_13	3567	3266
sample27_SemiBin_140	4936	4206
sample27_SemiBin_143	4043	3467
sample27_SemiBin_144	3821	3211
sample27_SemiBin_1479	2876	2410
sample27_SemiBin_149	2386	2186
sample27_SemiBin_14	2612	2209
sample27_SemiBin_1528	5354	4645
sample27_SemiBin_1530	7230	5500
sample27_SemiBin_15	4313	3796
sample27_SemiBin_161	2724	2492
sample27_SemiBin_16	3427	2686
sample27_SemiBin_176	2043	1772
sample27_SemiBin_17	3524	3139
sample27_SemiBin_181	3675	3186
sample27_SemiBin_183	5608	4492
sample27_SemiBin_187	4887	3986
sample27_SemiBin_18	4871	4172
sample27_SemiBin_193	5113	4382
sample27_SemiBin_197	2287	2105
sample27_SemiBin_19	4371	3630
sample27_SemiBin_1	3958	3168
sample27_SemiBin_20	4835	4120
sample27_SemiBin_21	4813	4058
sample27_SemiBin_22	4312	3369
sample27_SemiBin_235	2492	2182
sample27_SemiBin_23	4537	4105
sample27_SemiBin_245	3258	2739
sample27_SemiBin_24	5191	4403
sample27_SemiBin_252	1961	1480
sample27_SemiBin_25	4361	3969
sample27_SemiBin_26	2492	1844
sample27_SemiBin_27	3900	3364
sample27_SemiBin_28	3343	2693
sample27_SemiBin_29	6139	4768
sample27_SemiBin_2	3272	2929
sample27_SemiBin_30	3238	2979
sample27_SemiBin_310	1889	1261
sample27_SemiBin_31	3720	3027
sample27_SemiBin_32	4521	4006
sample27_SemiBin_33	5788	5003
sample27_SemiBin_342	5211	2910
sample27_SemiBin_34	4052	3680
sample27_SemiBin_35	5782	5115
sample27_SemiBin_36	4076	3321
sample27_SemiBin_37	4999	4434
sample27_SemiBin_38	3952	3348
sample27_SemiBin_398	2343	1958
sample27_SemiBin_39	5414	4415
sample27_SemiBin_3	5290	4733
sample27_SemiBin_40	2458	2072
sample27_SemiBin_41	4398	3914
sample27_SemiBin_42	3933	3362
sample27_SemiBin_430	4827	4226
sample27_SemiBin_434	4160	3709
sample27_SemiBin_43	3130	2512
sample27_SemiBin_45	4233	3753
sample27_SemiBin_462	3874	3318
sample27_SemiBin_46	5012	4462
sample27_SemiBin_47	3832	3345
sample27_SemiBin_48	5430	4561
sample27_SemiBin_4	4680	4024
sample27_SemiBin_50	4380	3622
sample27_SemiBin_51	4352	3582
sample27_SemiBin_52	3451	3164
sample27_SemiBin_55	3347	2845
sample27_SemiBin_56	4746	3562
sample27_SemiBin_57	2992	2413
sample27_SemiBin_58	3068	2553
sample27_SemiBin_59	7755	6586
sample27_SemiBin_5	5497	4504
sample27_SemiBin_60	3690	3380
sample27_SemiBin_61	9361	6483
sample27_SemiBin_62	4641	3921
sample27_SemiBin_63	3526	2991
sample27_SemiBin_64	5161	4304
sample27_SemiBin_66	7052	5097
sample27_SemiBin_67	3723	3241
sample27_SemiBin_68	4930	4251
sample27_SemiBin_69	2341	2024
sample27_SemiBin_6	4468	3696
sample27_SemiBin_70	5107	4554
sample27_SemiBin_71	4063	3178
sample27_SemiBin_72	3871	3315
sample27_SemiBin_73	4555	3439
sample27_SemiBin_74	3525	3024
sample27_SemiBin_75	7105	6170
sample27_SemiBin_764	4188	3295
sample27_SemiBin_77	4303	3512
sample27_SemiBin_7	3576	3228
sample27_SemiBin_80	5224	4421
sample27_SemiBin_81	6580	5266
sample27_SemiBin_84	4260	3783
sample27_SemiBin_86	9639	6627
sample27_SemiBin_88	4003	3186
sample27_SemiBin_8	5193	4512
sample27_SemiBin_93	2876	2671
sample27_SemiBin_94	4566	3427
sample27_SemiBin_95	5517	4444
sample27_SemiBin_9	5137	4139
sample28_SemiBin_0	3224	2898
sample28_SemiBin_101	2512	2240
sample28_SemiBin_102	2112	1767
sample28_SemiBin_107	6499	5777
sample28_SemiBin_10	2984	2409
sample28_SemiBin_110	2928	2352
sample28_SemiBin_116	3359	2909
sample28_SemiBin_11	5309	4658
sample28_SemiBin_120	1261	1125
sample28_SemiBin_122	7626	5883
sample28_SemiBin_126	4115	3741
sample28_SemiBin_12	7301	6029
sample28_SemiBin_130	4846	4227
sample28_SemiBin_1337	3652	2876
sample28_SemiBin_1348	5515	3958
sample28_SemiBin_1357	5056	4356
sample28_SemiBin_135	978	702
sample28_SemiBin_13	3073	2608
sample28_SemiBin_140	5295	3720
sample28_SemiBin_143	1495	1248
sample28_SemiBin_14	4391	3642
sample28_SemiBin_15	5499	4895
sample28_SemiBin_162	4642	4107
sample28_SemiBin_163	3501	3164
sample28_SemiBin_164	4636	4008
sample28_SemiBin_168	3004	2386
sample28_SemiBin_16	4020	3402
sample28_SemiBin_172	4201	3465
sample28_SemiBin_17	4825	3998
sample28_SemiBin_18	2860	2391
sample28_SemiBin_19	7695	6480
sample28_SemiBin_1	3207	2836
sample28_SemiBin_201	3136	2693
sample28_SemiBin_20	4390	4022
sample28_SemiBin_219	1666	1276
sample28_SemiBin_21	5290	4539
sample28_SemiBin_22	4902	4013
sample28_SemiBin_23	5975	4954
sample28_SemiBin_24	5464	4671
sample28_SemiBin_25	2766	2265
sample28_SemiBin_26	5475	4740
sample28_SemiBin_27	6534	5685
sample28_SemiBin_28	5609	4827
sample28_SemiBin_29	1119	777
sample28_SemiBin_2	6438	5539
sample28_SemiBin_30	4906	3514
sample28_SemiBin_31	2179	1701
sample28_SemiBin_32	5770	4886
sample28_SemiBin_33	7038	5573
sample28_SemiBin_34	2258	1924
sample28_SemiBin_351	5790	4769
sample28_SemiBin_36	8643	6112
sample28_SemiBin_37	3272	2759
sample28_SemiBin_38	5744	5189
sample28_SemiBin_39	3529	3016
sample28_SemiBin_3	2121	1820
sample28_SemiBin_40	5597	4631
sample28_SemiBin_41	5762	4656
sample28_SemiBin_429	3003	1858
sample28_SemiBin_42	3067	2433
sample28_SemiBin_43	4755	4265
sample28_SemiBin_46	3610	3045
sample28_SemiBin_47	5793	4861
sample28_SemiBin_48	5720	5164
sample28_SemiBin_49	15548	10295
sample28_SemiBin_4	6127	4859
sample28_SemiBin_50	2706	2323
sample28_SemiBin_51	3820	3343
sample28_SemiBin_52	4075	2855
sample28_SemiBin_53	3831	3111
sample28_SemiBin_54	5833	4168
sample28_SemiBin_55	3081	2733
sample28_SemiBin_56	2125	1898
sample28_SemiBin_578	2918	2550
sample28_SemiBin_57	3630	3006
sample28_SemiBin_58	3824	3155
sample28_SemiBin_5	4283	3744
sample28_SemiBin_60	5253	4171
sample28_SemiBin_61	4530	3473
sample28_SemiBin_62	2895	2337
sample28_SemiBin_63	5833	5141
sample28_SemiBin_65	3799	3027
sample28_SemiBin_66	5220	3872
sample28_SemiBin_67	4771	4066
sample28_SemiBin_69	3681	2838
sample28_SemiBin_70	5534	4552
sample28_SemiBin_71	3410	2905
sample28_SemiBin_72	8073	5722
sample28_SemiBin_73	5237	4526
sample28_SemiBin_74	8819	6581
sample28_SemiBin_76	4818	4131
sample28_SemiBin_77	8537	6885
sample28_SemiBin_79	2227	1930
sample28_SemiBin_7	4726	4189
sample28_SemiBin_80	3529	3278
sample28_SemiBin_81	4550	3649
sample28_SemiBin_83	3623	3365
sample28_SemiBin_84	3714	3117
sample28_SemiBin_85	3865	3554
sample28_SemiBin_86	5474	4273
sample28_SemiBin_87	6220	5277
sample28_SemiBin_88	1434	1255
sample28_SemiBin_8	6274	5597
sample28_SemiBin_94	4210	3525
sample28_SemiBin_95	3451	3036
sample28_SemiBin_96	2741	2278
sample28_SemiBin_98	2509	2311
sample28_SemiBin_99	4808	3573
sample28_SemiBin_9	6046	5252
sample29_SemiBin_0	2878	2701
sample29_SemiBin_100	830	566
sample29_SemiBin_101	4517	3889
sample29_SemiBin_102	4748	3258
sample29_SemiBin_103	7234	5595
sample29_SemiBin_104	3526	2734
sample29_SemiBin_105	2864	2288
sample29_SemiBin_106	4675	3971
sample29_SemiBin_107	3164	2713
sample29_SemiBin_108	4895	4048
sample29_SemiBin_109	3698	3159
sample29_SemiBin_10	3538	3256
sample29_SemiBin_110	5118	3681
sample29_SemiBin_111	4490	3760
sample29_SemiBin_112	3552	3083
sample29_SemiBin_113	5529	4028
sample29_SemiBin_114	4523	3628
sample29_SemiBin_115	6459	4949
sample29_SemiBin_116	1045	992
sample29_SemiBin_118	4851	3903
sample29_SemiBin_119	3745	3179
sample29_SemiBin_11	3901	3135
sample29_SemiBin_120	4340	3518
sample29_SemiBin_121	4883	3965
sample29_SemiBin_122	1218	794
sample29_SemiBin_123	5016	4277
sample29_SemiBin_124	4113	3244
sample29_SemiBin_125	3611	3001
sample29_SemiBin_126	2469	2055
sample29_SemiBin_127	3767	3218
sample29_SemiBin_128	2658	2161
sample29_SemiBin_129	3306	2532
sample29_SemiBin_12	3819	3380
sample29_SemiBin_130	4216	3589
sample29_SemiBin_131	4127	3576
sample29_SemiBin_133	5581	4830
sample29_SemiBin_134	3157	2562
sample29_SemiBin_135	3442	2835
sample29_SemiBin_136	1394	1220
sample29_SemiBin_137	3600	3174
sample29_SemiBin_138	6724	4820
sample29_SemiBin_139	7550	4991
sample29_SemiBin_13	3837	3361
sample29_SemiBin_141	2538	2108
sample29_SemiBin_142	4028	3731
sample29_SemiBin_143	5662	4901
sample29_SemiBin_144	5619	4443
sample29_SemiBin_145	3429	3082
sample29_SemiBin_146	3340	3072
sample29_SemiBin_147	3518	2840
sample29_SemiBin_148	5470	4304
sample29_SemiBin_149	4272	3382
sample29_SemiBin_14	3232	2765
sample29_SemiBin_150	5039	4332
sample29_SemiBin_151	4804	3791
sample29_SemiBin_152	2756	1975
sample29_SemiBin_153	2780	2290
sample29_SemiBin_155	3815	3121
sample29_SemiBin_156	7075	4875
sample29_SemiBin_157	2307	1856
sample29_SemiBin_158	3449	3021
sample29_SemiBin_15	3902	3414
sample29_SemiBin_160	6696	5156
sample29_SemiBin_161	3706	2704
sample29_SemiBin_163	5027	4563
sample29_SemiBin_165	1306	791
sample29_SemiBin_1683	5388	4685
sample29_SemiBin_1697	3250	2605
sample29_SemiBin_169	850	512
sample29_SemiBin_16	4118	3709
sample29_SemiBin_173	3413	3108
sample29_SemiBin_175	4808	3925
sample29_SemiBin_1791	8045	5345
sample29_SemiBin_17	5694	5091
sample29_SemiBin_181	3931	3439
sample29_SemiBin_182	1254	792
sample29_SemiBin_183	4288	3651
sample29_SemiBin_186	4788	3849
sample29_SemiBin_187	3394	3119
sample29_SemiBin_189	3548	3007
sample29_SemiBin_18	4242	3972
sample29_SemiBin_190	4368	3873
sample29_SemiBin_191	5425	3766
sample29_SemiBin_194	3300	2679
sample29_SemiBin_195	3580	2988
sample29_SemiBin_19	2667	2409
sample29_SemiBin_1	4577	4210
sample29_SemiBin_200	3734	3087
sample29_SemiBin_207	2794	2350
sample29_SemiBin_20	6223	5376
sample29_SemiBin_210	4726	3830
sample29_SemiBin_211	6843	5708
sample29_SemiBin_214	3331	2996
sample29_SemiBin_218	2743	2398
sample29_SemiBin_21	5873	5062
sample29_SemiBin_221	2980	2566
sample29_SemiBin_222	5188	4446
sample29_SemiBin_227	4436	4038
sample29_SemiBin_22	4256	3690
sample29_SemiBin_232	1042	665
sample29_SemiBin_236	6325	5219
sample29_SemiBin_23	4472	4088
sample29_SemiBin_242	1883	1702
sample29_SemiBin_245	3667	3056
sample29_SemiBin_247	3366	2823
sample29_SemiBin_248	1579	922
sample29_SemiBin_24	6748	5844
sample29_SemiBin_251	3553	3220
sample29_SemiBin_256	2267	2091
sample29_SemiBin_25	6851	5526
sample29_SemiBin_260	529	353
sample29_SemiBin_261	1666	1112
sample29_SemiBin_264	2306	1832
sample29_SemiBin_26	4439	3828
sample29_SemiBin_274	2665	2441
sample29_SemiBin_275	3502	3183
sample29_SemiBin_278	4549	3741
sample29_SemiBin_27	4535	3938
sample29_SemiBin_283	5469	4578
sample29_SemiBin_288	4452	3760
sample29_SemiBin_289	5388	3704
sample29_SemiBin_28	3513	3037
sample29_SemiBin_290	3801	3114
sample29_SemiBin_29	5200	4595
sample29_SemiBin_2	2830	2456
sample29_SemiBin_30	7761	6686
sample29_SemiBin_312	4620	3841
sample29_SemiBin_313	4427	3660
sample29_SemiBin_315	6255	4672
sample29_SemiBin_31	3662	3247
sample29_SemiBin_325	1138	701
sample29_SemiBin_32	4450	3855
sample29_SemiBin_33	5392	4547
sample29_SemiBin_34	5149	4519
sample29_SemiBin_350	4643	3963
sample29_SemiBin_358	2744	2485
sample29_SemiBin_35	4867	4334
sample29_SemiBin_36	4979	4337
sample29_SemiBin_37	5383	4657
sample29_SemiBin_38	6573	5665
sample29_SemiBin_39	2459	2240
sample29_SemiBin_3	4504	4088
sample29_SemiBin_407	2928	1868
sample29_SemiBin_408	3695	2854
sample29_SemiBin_409	4398	3493
sample29_SemiBin_415	943	509
sample29_SemiBin_416	1052	628
sample29_SemiBin_418	5273	3947
sample29_SemiBin_41	4988	4233
sample29_SemiBin_421	2389	1999
sample29_SemiBin_42	4813	4066
sample29_SemiBin_43	3710	2981
sample29_SemiBin_441	2258	1961
sample29_SemiBin_459	3950	3279
sample29_SemiBin_45	2532	2324
sample29_SemiBin_46	4557	3950
sample29_SemiBin_471	3044	2575
sample29_SemiBin_47	2547	2325
sample29_SemiBin_48	3239	2960
sample29_SemiBin_49	5195	4558
sample29_SemiBin_4	5662	5122
sample29_SemiBin_50	5481	4561
sample29_SemiBin_51	5548	4851
sample29_SemiBin_52	3067	2690
sample29_SemiBin_535	1464	1041
sample29_SemiBin_538	2115	1538
sample29_SemiBin_53	3045	2499
sample29_SemiBin_540	3281	2298
sample29_SemiBin_54	5139	4276
sample29_SemiBin_55	5002	4242
sample29_SemiBin_56	4502	4009
sample29_SemiBin_57	6542	5968
sample29_SemiBin_58	5821	4869
sample29_SemiBin_59	4594	4129
sample29_SemiBin_5	2727	2508
sample29_SemiBin_604	3537	2926
sample29_SemiBin_60	4554	4039
sample29_SemiBin_61	6513	5889
sample29_SemiBin_62	3814	3398
sample29_SemiBin_63	3909	3319
sample29_SemiBin_64	5450	4610
sample29_SemiBin_65	4450	3930
sample29_SemiBin_66	4753	3953
sample29_SemiBin_67	5861	5240
sample29_SemiBin_69	5527	4663
sample29_SemiBin_6	3646	3205
sample29_SemiBin_71	8296	6354
sample29_SemiBin_72	5058	4279
sample29_SemiBin_73	3549	3114
sample29_SemiBin_74	6957	5678
sample29_SemiBin_75	4923	4243
sample29_SemiBin_76	5608	4491
sample29_SemiBin_77	4862	3673
sample29_SemiBin_78	3912	3487
sample29_SemiBin_79	4586	3813
sample29_SemiBin_7	5599	4762
sample29_SemiBin_80	2394	1819
sample29_SemiBin_81	6331	5327
sample29_SemiBin_82	3704	3081
sample29_SemiBin_84	3925	3617
sample29_SemiBin_85	4849	4007
sample29_SemiBin_86	5495	3882
sample29_SemiBin_87	6770	5868
sample29_SemiBin_88	4612	4110
sample29_SemiBin_89	7830	6760
sample29_SemiBin_8	2684	2521
sample29_SemiBin_90	877	579
sample29_SemiBin_91	3779	2903
sample29_SemiBin_92	4936	4253
sample29_SemiBin_93	5589	4340
sample29_SemiBin_94	4917	4105
sample29_SemiBin_95	4767	4332
sample29_SemiBin_96	6374	5314
sample29_SemiBin_97	4338	3787
sample29_SemiBin_99	5216	4120
sample29_SemiBin_9	3019	2534
sample2_SemiBin_0	3393	2707
sample2_SemiBin_100	2966	2332
sample2_SemiBin_103	2422	1972
sample2_SemiBin_10	4173	3831
sample2_SemiBin_116	4402	3679
sample2_SemiBin_119	4134	3507
sample2_SemiBin_11	4841	4183
sample2_SemiBin_124	3063	2543
sample2_SemiBin_12	6657	5789
sample2_SemiBin_130	5215	4313
sample2_SemiBin_136	3705	3260
sample2_SemiBin_13	5359	4504
sample2_SemiBin_14	6004	5384
sample2_SemiBin_152	2493	2183
sample2_SemiBin_15	11760	8417
sample2_SemiBin_16	4329	3602
sample2_SemiBin_17	3098	2621
sample2_SemiBin_181	2327	1681
sample2_SemiBin_18	7380	6344
sample2_SemiBin_19	5431	4239
sample2_SemiBin_1	3744	3011
sample2_SemiBin_209	2041	1815
sample2_SemiBin_20	3702	3187
sample2_SemiBin_21	4384	4018
sample2_SemiBin_22	4699	4214
sample2_SemiBin_230	5363	4149
sample2_SemiBin_23	6648	5793
sample2_SemiBin_24	8024	6147
sample2_SemiBin_25	2714	2316
sample2_SemiBin_26	1467	1029
sample2_SemiBin_27	6524	5257
sample2_SemiBin_28	3807	3250
sample2_SemiBin_29	4751	4190
sample2_SemiBin_2	5329	4384
sample2_SemiBin_30	4137	3679
sample2_SemiBin_31	5960	5084
sample2_SemiBin_32	3978	3046
sample2_SemiBin_33	7848	6777
sample2_SemiBin_34	3948	2996
sample2_SemiBin_35	5363	3922
sample2_SemiBin_36	6568	5450
sample2_SemiBin_37	8528	5920
sample2_SemiBin_38	2512	2157
sample2_SemiBin_39	5525	4298
sample2_SemiBin_3	3418	2958
sample2_SemiBin_40	6917	5768
sample2_SemiBin_414	8388	7344
sample2_SemiBin_41	6592	5761
sample2_SemiBin_42	4095	2571
sample2_SemiBin_43	4842	4304
sample2_SemiBin_44	3843	3185
sample2_SemiBin_45	3901	2997
sample2_SemiBin_460	3334	2964
sample2_SemiBin_46	5535	4749
sample2_SemiBin_47	7126	5982
sample2_SemiBin_48	3980	2963
sample2_SemiBin_49	4139	3797
sample2_SemiBin_4	8156	6786
sample2_SemiBin_50	4756	3869
sample2_SemiBin_51	3274	2695
sample2_SemiBin_52	2572	2194
sample2_SemiBin_53	3947	3383
sample2_SemiBin_54	5468	4079
sample2_SemiBin_55	6219	5072
sample2_SemiBin_56	1595	1101
sample2_SemiBin_57	6985	5124
sample2_SemiBin_58	3152	2611
sample2_SemiBin_59	2041	1651
sample2_SemiBin_5	4243	3937
sample2_SemiBin_60	5801	3651
sample2_SemiBin_61	9586	6197
sample2_SemiBin_62	5846	4835
sample2_SemiBin_63	3853	3028
sample2_SemiBin_65	2969	2685
sample2_SemiBin_66	3117	2500
sample2_SemiBin_67	4164	3341
sample2_SemiBin_69	8783	5039
sample2_SemiBin_6	3069	2687
sample2_SemiBin_71	3216	2569
sample2_SemiBin_73	3299	2632
sample2_SemiBin_76	3048	2322
sample2_SemiBin_79	4099	3478
sample2_SemiBin_7	7180	6233
sample2_SemiBin_80	4831	4415
sample2_SemiBin_84	4286	3522
sample2_SemiBin_85	5127	4237
sample2_SemiBin_88	3799	2837
sample2_SemiBin_8	3526	3089
sample2_SemiBin_916	5591	3965
sample2_SemiBin_91	8097	6580
sample2_SemiBin_93	4240	3495
sample2_SemiBin_948	9858	7048
sample2_SemiBin_94	5627	4540
sample2_SemiBin_951	5963	4596
sample2_SemiBin_97	3050	2468
sample2_SemiBin_9	2084	1792
sample30_SemiBin_104	1901	1519
sample30_SemiBin_109	4193	3132
sample30_SemiBin_10	6109	5132
sample30_SemiBin_110	3859	3058
sample30_SemiBin_1138	6150	4831
sample30_SemiBin_1140	2525	2317
sample30_SemiBin_119	2170	1732
sample30_SemiBin_11	3312	2913
sample30_SemiBin_12	5848	5150
sample30_SemiBin_13	5489	4914
sample30_SemiBin_14	3580	3164
sample30_SemiBin_167	4333	3357
sample30_SemiBin_16	1180	765
sample30_SemiBin_17	5033	4306
sample30_SemiBin_18	3833	2864
sample30_SemiBin_19	7366	5965
sample30_SemiBin_1	3044	2740
sample30_SemiBin_209	2432	1622
sample30_SemiBin_20	4896	4305
sample30_SemiBin_217	10118	6842
sample30_SemiBin_21	3866	3044
sample30_SemiBin_22	2883	2479
sample30_SemiBin_234	1136	860
sample30_SemiBin_236	2338	1583
sample30_SemiBin_23	3019	2508
sample30_SemiBin_24	9383	6832
sample30_SemiBin_25	5018	4152
sample30_SemiBin_26	3910	3589
sample30_SemiBin_279	3142	2282
sample30_SemiBin_27	9070	8256
sample30_SemiBin_28	2884	2611
sample30_SemiBin_29	7869	7091
sample30_SemiBin_2	2655	2274
sample30_SemiBin_31	3983	3120
sample30_SemiBin_33	4214	3634
sample30_SemiBin_34	3439	2968
sample30_SemiBin_36	9892	6699
sample30_SemiBin_37	5157	4543
sample30_SemiBin_38	4557	3627
sample30_SemiBin_39	5583	4639
sample30_SemiBin_3	2862	2685
sample30_SemiBin_40	4724	3792
sample30_SemiBin_41	7350	5791
sample30_SemiBin_48	5315	4083
sample30_SemiBin_4	3551	2971
sample30_SemiBin_51	3407	3057
sample30_SemiBin_53	2990	2750
sample30_SemiBin_54	6063	5250
sample30_SemiBin_56	3968	3470
sample30_SemiBin_57	3942	3604
sample30_SemiBin_59	4562	3653
sample30_SemiBin_5	2374	2083
sample30_SemiBin_60	4607	4042
sample30_SemiBin_61	4140	3494
sample30_SemiBin_6	10379	8702
sample30_SemiBin_75	4228	3251
sample30_SemiBin_76	3805	3224
sample30_SemiBin_7	3950	3354
sample30_SemiBin_80	3540	2865
sample30_SemiBin_81	3189	2586
sample30_SemiBin_83	5328	4533
sample30_SemiBin_87	2352	1916
sample30_SemiBin_88	4657	3718
sample30_SemiBin_8	7188	5468
sample30_SemiBin_95	5529	4280
sample30_SemiBin_9	2564	2255
sample3_SemiBin_0	3709	3429
sample3_SemiBin_100	2423	2050
sample3_SemiBin_101	5676	4775
sample3_SemiBin_102	5840	4947
sample3_SemiBin_105	2901	2226
sample3_SemiBin_106	4595	3825
sample3_SemiBin_108	4321	3364
sample3_SemiBin_10	4654	3945
sample3_SemiBin_112	4329	3686
sample3_SemiBin_113	3898	3399
sample3_SemiBin_115	4563	3570
sample3_SemiBin_116	1985	1647
sample3_SemiBin_1180	8769	6246
sample3_SemiBin_118	5478	4467
sample3_SemiBin_1229	4547	3642
sample3_SemiBin_122	2490	2099
sample3_SemiBin_123	3657	2846
sample3_SemiBin_125	4213	3543
sample3_SemiBin_127	4191	3670
sample3_SemiBin_12	2324	1987
sample3_SemiBin_131	4560	3965
sample3_SemiBin_132	4122	3719
sample3_SemiBin_136	1707	1428
sample3_SemiBin_13	7049	6150
sample3_SemiBin_140	2898	2238
sample3_SemiBin_146	4293	3726
sample3_SemiBin_14	2316	2039
sample3_SemiBin_159	3113	2561
sample3_SemiBin_15	5294	4152
sample3_SemiBin_160	3617	2951
sample3_SemiBin_161	4940	4058
sample3_SemiBin_164	2307	1881
sample3_SemiBin_16	5364	4531
sample3_SemiBin_17	3168	2636
sample3_SemiBin_182	2821	2484
sample3_SemiBin_18	6046	5238
sample3_SemiBin_194	4909	3711
sample3_SemiBin_19	4477	3687
sample3_SemiBin_1	2749	2299
sample3_SemiBin_20	6304	5316
sample3_SemiBin_217	2014	1498
sample3_SemiBin_21	3419	2739
sample3_SemiBin_22	5046	4309
sample3_SemiBin_239	3749	3161
sample3_SemiBin_23	5244	3930
sample3_SemiBin_24	5424	4326
sample3_SemiBin_25	3175	2615
sample3_SemiBin_26	3878	3434
sample3_SemiBin_274	2256	2001
sample3_SemiBin_27	2978	2614
sample3_SemiBin_28	3958	3650
sample3_SemiBin_29	4949	4316
sample3_SemiBin_2	2905	2490
sample3_SemiBin_301	3195	2904
sample3_SemiBin_30	6090	5193
sample3_SemiBin_319	4345	3802
sample3_SemiBin_31	6778	5386
sample3_SemiBin_32	3570	3044
sample3_SemiBin_33	5109	3929
sample3_SemiBin_34	4011	3405
sample3_SemiBin_35	4058	3239
sample3_SemiBin_36	7038	3884
sample3_SemiBin_374	4516	3902
sample3_SemiBin_37	3796	3345
sample3_SemiBin_38	3238	2498
sample3_SemiBin_39	3966	3152
sample3_SemiBin_3	4192	3869
sample3_SemiBin_40	5413	3868
sample3_SemiBin_41	3435	2807
sample3_SemiBin_42	5188	4400
sample3_SemiBin_43	4962	3937
sample3_SemiBin_44	8158	6702
sample3_SemiBin_45	3206	2747
sample3_SemiBin_46	3845	2898
sample3_SemiBin_47	3603	2843
sample3_SemiBin_48	2618	2159
sample3_SemiBin_49	2609	2101
sample3_SemiBin_4	3801	3537
sample3_SemiBin_50	3539	3090
sample3_SemiBin_51	4993	4281
sample3_SemiBin_52	3974	3397
sample3_SemiBin_53	7854	6736
sample3_SemiBin_54	6727	5972
sample3_SemiBin_55	5250	3885
sample3_SemiBin_56	4101	3657
sample3_SemiBin_57	4356	3192
sample3_SemiBin_58	4428	3541
sample3_SemiBin_5	3885	3197
sample3_SemiBin_60	5520	4152
sample3_SemiBin_61	4132	3769
sample3_SemiBin_62	3055	2632
sample3_SemiBin_636	6113	4463
sample3_SemiBin_63	3771	3011
sample3_SemiBin_64	5894	5407
sample3_SemiBin_65	5145	4568
sample3_SemiBin_66	4601	3288
sample3_SemiBin_67	5172	4518
sample3_SemiBin_68	3966	2993
sample3_SemiBin_69	3997	3189
sample3_SemiBin_6	5598	4821
sample3_SemiBin_71	5371	4719
sample3_SemiBin_72	5835	4543
sample3_SemiBin_76	11764	7368
sample3_SemiBin_78	4500	3459
sample3_SemiBin_79	4115	3788
sample3_SemiBin_7	5719	4807
sample3_SemiBin_82	3252	2432
sample3_SemiBin_86	1780	1671
sample3_SemiBin_88	3978	2300
sample3_SemiBin_8	4145	3538
sample3_SemiBin_915	7065	5151
sample3_SemiBin_91	1123	928
sample3_SemiBin_92	7909	5872
sample3_SemiBin_94	4516	3839
sample3_SemiBin_95	4564	3475
sample3_SemiBin_9	4956	4480
sample4_SemiBin_0	3788	3480
sample4_SemiBin_100	6917	5675
sample4_SemiBin_101	3150	2746
sample4_SemiBin_102	3105	2337
sample4_SemiBin_104	8038	5514
sample4_SemiBin_106	3365	2735
sample4_SemiBin_107	4159	3745
sample4_SemiBin_108	3884	2885
sample4_SemiBin_10	2688	2324
sample4_SemiBin_111	7887	6147
sample4_SemiBin_113	5861	4250
sample4_SemiBin_115	5091	4110
sample4_SemiBin_116	2499	2352
sample4_SemiBin_117	4999	4471
sample4_SemiBin_11	5646	4804
sample4_SemiBin_122	5377	4526
sample4_SemiBin_123	3654	3033
sample4_SemiBin_124	6269	5143
sample4_SemiBin_125	7374	6288
sample4_SemiBin_126	3296	2672
sample4_SemiBin_127	4900	3992
sample4_SemiBin_129	5039	4080
sample4_SemiBin_12	3980	3309
sample4_SemiBin_135	4542	3713
sample4_SemiBin_136	4951	3817
sample4_SemiBin_137	4728	3532
sample4_SemiBin_1389	23365	14707
sample4_SemiBin_139	6167	4694
sample4_SemiBin_13	4792	4094
sample4_SemiBin_1409	12888	8564
sample4_SemiBin_142	8258	5743
sample4_SemiBin_143	7060	5580
sample4_SemiBin_145	4203	3371
sample4_SemiBin_14	5192	4584
sample4_SemiBin_150	5370	4559
sample4_SemiBin_151	3062	2709
sample4_SemiBin_156	3789	3290
sample4_SemiBin_158	11805	7484
sample4_SemiBin_15	6216	5430
sample4_SemiBin_163	5646	4607
sample4_SemiBin_166	4434	3891
sample4_SemiBin_167	3213	2923
sample4_SemiBin_16	2871	2476
sample4_SemiBin_173	5557	4253
sample4_SemiBin_17	5433	4627
sample4_SemiBin_183	3186	2420
sample4_SemiBin_18	2607	2070
sample4_SemiBin_198	4326	3644
sample4_SemiBin_19	3999	3604
sample4_SemiBin_1	6245	5748
sample4_SemiBin_205	5499	4341
sample4_SemiBin_20	3220	2756
sample4_SemiBin_219	1987	1644
sample4_SemiBin_21	4537	3951
sample4_SemiBin_220	3087	2564
sample4_SemiBin_227	2642	2160
sample4_SemiBin_22	3932	3190
sample4_SemiBin_232	3312	2719
sample4_SemiBin_236	4766	4062
sample4_SemiBin_238	5599	4573
sample4_SemiBin_23	7015	6159
sample4_SemiBin_24	6168	4917
sample4_SemiBin_252	8754	6628
sample4_SemiBin_261	4336	3897
sample4_SemiBin_26	3266	2714
sample4_SemiBin_273	2049	1529
sample4_SemiBin_27	3335	2726
sample4_SemiBin_286	4840	4268
sample4_SemiBin_28	3365	2734
sample4_SemiBin_296	4874	3808
sample4_SemiBin_29	3884	3044
sample4_SemiBin_2	3848	3551
sample4_SemiBin_30	3589	2889
sample4_SemiBin_31	5536	4923
sample4_SemiBin_320	4536	3792
sample4_SemiBin_32	5241	4693
sample4_SemiBin_332	1820	1502
sample4_SemiBin_33	3973	3259
sample4_SemiBin_34	3610	3115
sample4_SemiBin_35	4381	3583
sample4_SemiBin_36	4650	3926
sample4_SemiBin_37	5602	4751
sample4_SemiBin_38	4556	3861
sample4_SemiBin_39	5011	4547
sample4_SemiBin_3	2716	2297
sample4_SemiBin_40	3292	2785
sample4_SemiBin_41	6298	5530
sample4_SemiBin_42	7048	5618
sample4_SemiBin_43	4143	3040
sample4_SemiBin_44	4808	4139
sample4_SemiBin_45	2283	1889
sample4_SemiBin_46	9326	7917
sample4_SemiBin_47	4871	4232
sample4_SemiBin_48	4089	3313
sample4_SemiBin_49	6505	5644
sample4_SemiBin_4	4753	4355
sample4_SemiBin_50	3309	2717
sample4_SemiBin_51	5069	4496
sample4_SemiBin_52	4915	3677
sample4_SemiBin_53	4692	3562
sample4_SemiBin_54	5159	4569
sample4_SemiBin_558	2020	1721
sample4_SemiBin_55	4937	4272
sample4_SemiBin_56	3848	3369
sample4_SemiBin_57	6150	5309
sample4_SemiBin_58	5374	3963
sample4_SemiBin_59	7657	5779
sample4_SemiBin_5	2928	2517
sample4_SemiBin_60	9565	7808
sample4_SemiBin_61	4851	3808
sample4_SemiBin_62	6196	3398
sample4_SemiBin_63	1915	1701
sample4_SemiBin_64	5924	5029
sample4_SemiBin_65	3751	3241
sample4_SemiBin_66	4962	3833
sample4_SemiBin_67	4010	2782
sample4_SemiBin_68	4411	3812
sample4_SemiBin_69	2761	2245
sample4_SemiBin_6	3691	3123
sample4_SemiBin_70	5094	3925
sample4_SemiBin_71	4516	3859
sample4_SemiBin_72	4618	3417
sample4_SemiBin_730	5555	4403
sample4_SemiBin_73	5981	5139
sample4_SemiBin_75	5220	3148
sample4_SemiBin_76	4038	3297
sample4_SemiBin_77	5539	4829
sample4_SemiBin_78	2576	1994
sample4_SemiBin_79	3499	2816
sample4_SemiBin_7	3852	3249
sample4_SemiBin_80	4629	4105
sample4_SemiBin_81	3029	2322
sample4_SemiBin_82	2327	1985
sample4_SemiBin_83	6393	4598
sample4_SemiBin_84	3616	2887
sample4_SemiBin_85	5482	4361
sample4_SemiBin_87	2128	1813
sample4_SemiBin_8	3084	2519
sample4_SemiBin_90	3484	2645
sample4_SemiBin_91	4702	3564
sample4_SemiBin_92	3579	2819
sample4_SemiBin_94	4710	3127
sample4_SemiBin_95	4441	3863
sample4_SemiBin_96	1895	1635
sample4_SemiBin_98	3960	3163
sample4_SemiBin_99	5386	4812
sample4_SemiBin_9	4384	4038
sample5_SemiBin_0	3714	3420
sample5_SemiBin_103	5192	4254
sample5_SemiBin_105	2725	2393
sample5_SemiBin_106	4115	3276
sample5_SemiBin_10	3159	2692
sample5_SemiBin_114	3929	3187
sample5_SemiBin_115	4510	3616
sample5_SemiBin_117	8488	6928
sample5_SemiBin_118	4603	3508
sample5_SemiBin_1199	7869	5765
sample5_SemiBin_11	4703	4227
sample5_SemiBin_124	3177	2467
sample5_SemiBin_126	3802	3245
sample5_SemiBin_12	6711	5848
sample5_SemiBin_13	6060	5225
sample5_SemiBin_14	4416	3755
sample5_SemiBin_150	1900	1421
sample5_SemiBin_153	7774	5945
sample5_SemiBin_158	7184	5082
sample5_SemiBin_15	3231	2793
sample5_SemiBin_162	5287	4229
sample5_SemiBin_16	5426	4754
sample5_SemiBin_178	2674	2327
sample5_SemiBin_179	2094	1955
sample5_SemiBin_17	5379	4858
sample5_SemiBin_180	5486	3311
sample5_SemiBin_18	5529	4398
sample5_SemiBin_195	6256	5082
sample5_SemiBin_19	6785	5990
sample5_SemiBin_1	5425	4619
sample5_SemiBin_20	5351	4741
sample5_SemiBin_210	2150	1563
sample5_SemiBin_21	6436	5470
sample5_SemiBin_227	3717	2923
sample5_SemiBin_22	3367	3083
sample5_SemiBin_23	4228	3866
sample5_SemiBin_24	5492	4806
sample5_SemiBin_25	6110	5035
sample5_SemiBin_26	4845	4040
sample5_SemiBin_27	2866	2459
sample5_SemiBin_28	4175	3300
sample5_SemiBin_29	4600	3772
sample5_SemiBin_2	5670	4543
sample5_SemiBin_303	4100	3444
sample5_SemiBin_30	6033	4855
sample5_SemiBin_31	6703	5989
sample5_SemiBin_32	4846	4059
sample5_SemiBin_33	4926	4047
sample5_SemiBin_34	3078	2711
sample5_SemiBin_35	6411	5602
sample5_SemiBin_36	6833	5960
sample5_SemiBin_37	7320	6373
sample5_SemiBin_38	4696	3980
sample5_SemiBin_39	5583	4708
sample5_SemiBin_3	3271	2827
sample5_SemiBin_40	5524	4794
sample5_SemiBin_41	3473	2849
sample5_SemiBin_42	4597	4196
sample5_SemiBin_43	11653	7814
sample5_SemiBin_44	5207	4572
sample5_SemiBin_45	5151	4548
sample5_SemiBin_46	6177	5780
sample5_SemiBin_47	4359	3880
sample5_SemiBin_48	6479	5513
sample5_SemiBin_49	3462	2630
sample5_SemiBin_4	5533	4785
sample5_SemiBin_50	5019	4216
sample5_SemiBin_51	5882	4866
sample5_SemiBin_52	3688	3314
sample5_SemiBin_53	3273	2602
sample5_SemiBin_54	11784	7496
sample5_SemiBin_55	5515	4408
sample5_SemiBin_56	5138	4617
sample5_SemiBin_57	5071	4440
sample5_SemiBin_58	2655	2174
sample5_SemiBin_59	5556	4305
sample5_SemiBin_5	4242	3635
sample5_SemiBin_60	3266	3023
sample5_SemiBin_61	5115	3927
sample5_SemiBin_62	4811	3322
sample5_SemiBin_63	9347	5718
sample5_SemiBin_64	1999	1576
sample5_SemiBin_65	5211	4423
sample5_SemiBin_66	4968	4585
sample5_SemiBin_68	5276	4298
sample5_SemiBin_69	7422	4855
sample5_SemiBin_6	4975	4418
sample5_SemiBin_70	4469	3404
sample5_SemiBin_71	8255	5649
sample5_SemiBin_72	2026	1926
sample5_SemiBin_73	3389	2891
sample5_SemiBin_74	7895	6038
sample5_SemiBin_75	6707	4172
sample5_SemiBin_76	3216	2847
sample5_SemiBin_77	3872	2885
sample5_SemiBin_78	5148	4153
sample5_SemiBin_7	3647	3069
sample5_SemiBin_80	6780	5429
sample5_SemiBin_82	4381	3736
sample5_SemiBin_84	2986	2434
sample5_SemiBin_85	3561	2920
sample5_SemiBin_86	2952	2307
sample5_SemiBin_89	5809	4897
sample5_SemiBin_8	3950	3392
sample5_SemiBin_92	6326	4627
sample5_SemiBin_94	4898	4249
sample5_SemiBin_96	2212	1732
sample5_SemiBin_98	3711	2983
sample5_SemiBin_9	6422	5188
sample6_SemiBin_0	3055	2685
sample6_SemiBin_100	5176	4205
sample6_SemiBin_101	3081	2599
sample6_SemiBin_102	5465	4752
sample6_SemiBin_103	4573	3939
sample6_SemiBin_104	3042	2554
sample6_SemiBin_105	5562	4857
sample6_SemiBin_106	2004	1684
sample6_SemiBin_107	2807	2575
sample6_SemiBin_108	4244	3588
sample6_SemiBin_109	6990	5906
sample6_SemiBin_10	4381	3278
sample6_SemiBin_110	4233	3342
sample6_SemiBin_113	5268	4144
sample6_SemiBin_114	5898	5103
sample6_SemiBin_117	6335	4786
sample6_SemiBin_11	2103	1782
sample6_SemiBin_121	2993	2709
sample6_SemiBin_122	6145	4883
sample6_SemiBin_123	3896	3329
sample6_SemiBin_126	2927	2631
sample6_SemiBin_127	3336	2483
sample6_SemiBin_12	3075	2598
sample6_SemiBin_131	4386	4040
sample6_SemiBin_133	3844	3286
sample6_SemiBin_135	4231	3549
sample6_SemiBin_137	7475	5934
sample6_SemiBin_13	5828	4822
sample6_SemiBin_142	7978	5395
sample6_SemiBin_143	4391	3720
sample6_SemiBin_144	4067	3382
sample6_SemiBin_145	4937	3760
sample6_SemiBin_14	4697	3842
sample6_SemiBin_152	1946	1652
sample6_SemiBin_156	2812	2397
sample6_SemiBin_159	2649	2411
sample6_SemiBin_15	3504	2938
sample6_SemiBin_161	3547	2906
sample6_SemiBin_167	3420	3143
sample6_SemiBin_16	4572	3777
sample6_SemiBin_170	4456	3577
sample6_SemiBin_1743	3156	2448
sample6_SemiBin_1766	6213	4769
sample6_SemiBin_176	3323	2593
sample6_SemiBin_177	4357	3800
sample6_SemiBin_179	7569	5588
sample6_SemiBin_17	4792	4190
sample6_SemiBin_182	2217	1896
sample6_SemiBin_18	5061	4036
sample6_SemiBin_193	2992	2494
sample6_SemiBin_194	2954	2581
sample6_SemiBin_195	3449	2991
sample6_SemiBin_199	6704	5653
sample6_SemiBin_19	5865	5180
sample6_SemiBin_1	3541	3050
sample6_SemiBin_201	1963	1654
sample6_SemiBin_202	3506	2878
sample6_SemiBin_203	5444	4230
sample6_SemiBin_209	2904	2454
sample6_SemiBin_20	5186	4457
sample6_SemiBin_210	2329	2134
sample6_SemiBin_216	2929	2358
sample6_SemiBin_217	2893	2471
sample6_SemiBin_218	3436	2846
sample6_SemiBin_21	4413	3915
sample6_SemiBin_22	3750	3030
sample6_SemiBin_232	3052	2755
sample6_SemiBin_236	4656	3915
sample6_SemiBin_23	3173	2756
sample6_SemiBin_245	4004	3457
sample6_SemiBin_24	5913	5182
sample6_SemiBin_253	3330	2649
sample6_SemiBin_256	5579	5261
sample6_SemiBin_25	5585	4752
sample6_SemiBin_260	2316	1910
sample6_SemiBin_264	3461	2640
sample6_SemiBin_274	3288	2575
sample6_SemiBin_27	3795	3079
sample6_SemiBin_28	5520	4563
sample6_SemiBin_291	1930	1700
sample6_SemiBin_299	2950	2419
sample6_SemiBin_29	7503	5960
sample6_SemiBin_2	3836	3104
sample6_SemiBin_300	4778	3949
sample6_SemiBin_307	2178	1623
sample6_SemiBin_30	5459	4825
sample6_SemiBin_31	6579	5648
sample6_SemiBin_322	2419	1578
sample6_SemiBin_323	3761	3227
sample6_SemiBin_32	3110	2385
sample6_SemiBin_33	3610	3104
sample6_SemiBin_341	3453	2794
sample6_SemiBin_36	5325	4441
sample6_SemiBin_37	3016	2469
sample6_SemiBin_38	2829	2278
sample6_SemiBin_39	2868	2484
sample6_SemiBin_3	4010	3539
sample6_SemiBin_40	5669	4427
sample6_SemiBin_41	2412	2079
sample6_SemiBin_42	5110	3830
sample6_SemiBin_431	5266	4304
sample6_SemiBin_43	3358	2737
sample6_SemiBin_44	3141	2558
sample6_SemiBin_45	4028	3712
sample6_SemiBin_46	4648	4106
sample6_SemiBin_471	2226	2021
sample6_SemiBin_48	8416	6210
sample6_SemiBin_49	5581	5013
sample6_SemiBin_4	6698	5930
sample6_SemiBin_50	5940	4918
sample6_SemiBin_51	4423	3844
sample6_SemiBin_52	6592	5557
sample6_SemiBin_53	3582	2924
sample6_SemiBin_54	4346	3858
sample6_SemiBin_553	2489	2241
sample6_SemiBin_55	6446	4828
sample6_SemiBin_56	13396	9246
sample6_SemiBin_57	4152	2965
sample6_SemiBin_58	4947	4213
sample6_SemiBin_59	5656	4740
sample6_SemiBin_5	4920	4352
sample6_SemiBin_61	2435	2084
sample6_SemiBin_62	3497	2822
sample6_SemiBin_64	3832	3380
sample6_SemiBin_65	4060	3562
sample6_SemiBin_66	3883	3261
sample6_SemiBin_67	3909	3210
sample6_SemiBin_680	5496	4753
sample6_SemiBin_68	8205	5277
sample6_SemiBin_69	4263	3564
sample6_SemiBin_6	5584	4836
sample6_SemiBin_71	2560	2068
sample6_SemiBin_72	5994	4164
sample6_SemiBin_73	3221	2647
sample6_SemiBin_74	4358	3833
sample6_SemiBin_75	5686	4379
sample6_SemiBin_76	5219	3861
sample6_SemiBin_77	4143	3793
sample6_SemiBin_78	2579	1958
sample6_SemiBin_79	7676	6503
sample6_SemiBin_7	5767	5023
sample6_SemiBin_80	6204	5226
sample6_SemiBin_81	8053	6209
sample6_SemiBin_82	3841	3200
sample6_SemiBin_83	2234	1936
sample6_SemiBin_84	4391	3703
sample6_SemiBin_85	5622	4697
sample6_SemiBin_86	4543	3625
sample6_SemiBin_87	2788	2311
sample6_SemiBin_88	4389	3506
sample6_SemiBin_89	5655	4712
sample6_SemiBin_8	6071	5353
sample6_SemiBin_90	4092	3487
sample6_SemiBin_91	6706	5752
sample6_SemiBin_92	2711	2370
sample6_SemiBin_94	2383	2088
sample6_SemiBin_95	7781	6871
sample6_SemiBin_96	8017	6130
sample6_SemiBin_97	5094	4368
sample6_SemiBin_98	4774	4271
sample6_SemiBin_99	5094	3984
sample6_SemiBin_9	6584	5333
sample7_SemiBin_0	3329	2623
sample7_SemiBin_100	4887	4034
sample7_SemiBin_101	6119	5022
sample7_SemiBin_102	2926	2540
sample7_SemiBin_103	3738	3091
sample7_SemiBin_104	5659	4890
sample7_SemiBin_105	1672	1518
sample7_SemiBin_106	3808	3085
sample7_SemiBin_107	4842	4328
sample7_SemiBin_108	6532	5616
sample7_SemiBin_109	3826	3200
sample7_SemiBin_10	3722	3260
sample7_SemiBin_111	3114	2287
sample7_SemiBin_112	5293	4543
sample7_SemiBin_114	6148	4915
sample7_SemiBin_115	3266	2503
sample7_SemiBin_116	7400	5660
sample7_SemiBin_117	4506	3007
sample7_SemiBin_118	7166	5592
sample7_SemiBin_119	5992	5050
sample7_SemiBin_11	6167	5031
sample7_SemiBin_120	4524	4188
sample7_SemiBin_122	5676	4880
sample7_SemiBin_123	4502	4058
sample7_SemiBin_124	3006	2677
sample7_SemiBin_126	2943	2475
sample7_SemiBin_127	9094	6120
sample7_SemiBin_128	2946	2634
sample7_SemiBin_12	4056	3760
sample7_SemiBin_131	4969	3917
sample7_SemiBin_132	7210	5457
sample7_SemiBin_134	4016	2911
sample7_SemiBin_135	2475	2196
sample7_SemiBin_136	6923	6088
sample7_SemiBin_138	4932	4087
sample7_SemiBin_13	3762	3243
sample7_SemiBin_140	3650	2943
sample7_SemiBin_143	4619	3991
sample7_SemiBin_144	6214	4706
sample7_SemiBin_145	6361	4697
sample7_SemiBin_146	3746	2881
sample7_SemiBin_148	2722	2509
sample7_SemiBin_149	4503	3858
sample7_SemiBin_14	3874	3105
sample7_SemiBin_151	5329	3968
sample7_SemiBin_154	5405	4457
sample7_SemiBin_155	4924	3782
sample7_SemiBin_156	4921	4274
sample7_SemiBin_157	2494	2043
sample7_SemiBin_158	4433	3865
sample7_SemiBin_159	3600	3296
sample7_SemiBin_15	4911	4221
sample7_SemiBin_160	5538	4332
sample7_SemiBin_161	6335	4583
sample7_SemiBin_1648	8860	5360
sample7_SemiBin_166	9581	6315
sample7_SemiBin_167	2389	1826
sample7_SemiBin_168	2404	2057
sample7_SemiBin_16	5102	4535
sample7_SemiBin_170	6011	4247
sample7_SemiBin_1723	12542	10275
sample7_SemiBin_177	2535	2211
sample7_SemiBin_178	3583	3128
sample7_SemiBin_17	5557	4825
sample7_SemiBin_180	3791	3177
sample7_SemiBin_181	4162	3637
sample7_SemiBin_183	2267	1871
sample7_SemiBin_189	2952	2298
sample7_SemiBin_18	5175	4565
sample7_SemiBin_191	5529	4821
sample7_SemiBin_192	5750	4929
sample7_SemiBin_195	6660	4928
sample7_SemiBin_198	1635	903
sample7_SemiBin_19	3559	3060
sample7_SemiBin_1	3891	3154
sample7_SemiBin_202	2465	2053
sample7_SemiBin_204	3039	2368
sample7_SemiBin_206	3349	2717
sample7_SemiBin_20	6507	5528
sample7_SemiBin_211	4242	3436
sample7_SemiBin_213	4535	3653
sample7_SemiBin_215	4056	3667
sample7_SemiBin_21	2831	2443
sample7_SemiBin_220	2627	2217
sample7_SemiBin_221	3422	2481
sample7_SemiBin_222	4953	4131
sample7_SemiBin_223	4030	3408
sample7_SemiBin_224	5585	4727
sample7_SemiBin_226	6172	4704
sample7_SemiBin_229	2681	2375
sample7_SemiBin_22	5010	4362
sample7_SemiBin_232	4477	3272
sample7_SemiBin_235	1600	1372
sample7_SemiBin_236	3530	2788
sample7_SemiBin_238	4926	3450
sample7_SemiBin_23	5279	4298
sample7_SemiBin_241	3852	3293
sample7_SemiBin_245	2818	2460
sample7_SemiBin_246	5406	4381
sample7_SemiBin_24	7923	6886
sample7_SemiBin_253	4028	3215
sample7_SemiBin_262	3767	3286
sample7_SemiBin_263	4053	3388
sample7_SemiBin_26	3398	3150
sample7_SemiBin_270	2860	2386
sample7_SemiBin_276	4399	3604
sample7_SemiBin_27	1974	1694
sample7_SemiBin_281	1878	1535
sample7_SemiBin_282	3051	2639
sample7_SemiBin_285	1683	1418
sample7_SemiBin_28	5927	5008
sample7_SemiBin_294	3233	2831
sample7_SemiBin_29	5592	4707
sample7_SemiBin_2	4307	3455
sample7_SemiBin_300	4205	3395
sample7_SemiBin_30	6193	5470
sample7_SemiBin_31	2773	2398
sample7_SemiBin_322	3111	2828
sample7_SemiBin_32	3857	3397
sample7_SemiBin_338	3660	3124
sample7_SemiBin_33	5524	4842
sample7_SemiBin_347	2132	1581
sample7_SemiBin_34	5397	4775
sample7_SemiBin_35	3924	3265
sample7_SemiBin_36	3455	2981
sample7_SemiBin_37	5312	4678
sample7_SemiBin_385	3779	2779
sample7_SemiBin_38	5725	4855
sample7_SemiBin_394	5405	4055
sample7_SemiBin_39	6456	5359
sample7_SemiBin_3	6092	5552
sample7_SemiBin_40	5119	4435
sample7_SemiBin_41	3436	2877
sample7_SemiBin_42	3372	2909
sample7_SemiBin_43	4142	3368
sample7_SemiBin_443	4373	2503
sample7_SemiBin_44	5971	5076
sample7_SemiBin_45	2825	2368
sample7_SemiBin_46	2543	2198
sample7_SemiBin_47	7904	6598
sample7_SemiBin_49	3668	3265
sample7_SemiBin_4	5026	4513
sample7_SemiBin_50	4371	3624
sample7_SemiBin_51	9154	6708
sample7_SemiBin_52	5737	4710
sample7_SemiBin_53	7020	5816
sample7_SemiBin_54	6086	4953
sample7_SemiBin_55	6195	5366
sample7_SemiBin_56	4956	4100
sample7_SemiBin_57	2161	1812
sample7_SemiBin_58	5368	4790
sample7_SemiBin_59	3693	2564
sample7_SemiBin_5	3122	2732
sample7_SemiBin_60	4024	3225
sample7_SemiBin_61	4317	3463
sample7_SemiBin_62	5477	4726
sample7_SemiBin_63	5393	4208
sample7_SemiBin_64	3582	2992
sample7_SemiBin_65	4782	3604
sample7_SemiBin_66	4692	3737
sample7_SemiBin_68	3636	3134
sample7_SemiBin_69	4602	3720
sample7_SemiBin_6	3763	3209
sample7_SemiBin_70	5155	4116
sample7_SemiBin_71	5333	4770
sample7_SemiBin_72	4992	4203
sample7_SemiBin_73	6343	5598
sample7_SemiBin_74	4346	3323
sample7_SemiBin_75	4849	4196
sample7_SemiBin_76	5724	4560
sample7_SemiBin_77	4692	3233
sample7_SemiBin_78	3118	2605
sample7_SemiBin_79	3478	3260
sample7_SemiBin_7	5351	4832
sample7_SemiBin_80	3795	3069
sample7_SemiBin_81	5261	4523
sample7_SemiBin_82	5827	5110
sample7_SemiBin_83	7189	6382
sample7_SemiBin_85	3252	3005
sample7_SemiBin_86	5783	4783
sample7_SemiBin_87	6873	6070
sample7_SemiBin_88	2758	2441
sample7_SemiBin_89	4205	3547
sample7_SemiBin_8	3222	2936
sample7_SemiBin_90	2289	1901
sample7_SemiBin_91	7845	6240
sample7_SemiBin_92	5742	4810
sample7_SemiBin_93	3807	3507
sample7_SemiBin_940	7038	4877
sample7_SemiBin_94	3886	2594
sample7_SemiBin_95	6916	5269
sample7_SemiBin_96	2977	2518
sample7_SemiBin_98	4690	3987
sample7_SemiBin_99	3369	2792
sample7_SemiBin_9	3367	2927
sample8_SemiBin_0	3496	3226
sample8_SemiBin_100	3354	2860
sample8_SemiBin_101	7826	6591
sample8_SemiBin_106	3000	2422
sample8_SemiBin_107	4818	3878
sample8_SemiBin_1118	1817	1562
sample8_SemiBin_114	4613	3724
sample8_SemiBin_117	5509	4574
sample8_SemiBin_120	4364	3432
sample8_SemiBin_121	4589	4165
sample8_SemiBin_122	3840	3101
sample8_SemiBin_124	4087	3266
sample8_SemiBin_1250	6733	5257
sample8_SemiBin_129	2695	2191
sample8_SemiBin_12	3975	3149
sample8_SemiBin_130	2844	2194
sample8_SemiBin_131	5082	3944
sample8_SemiBin_134	5368	4579
sample8_SemiBin_1351	4884	3544
sample8_SemiBin_138	2407	1926
sample8_SemiBin_142	9048	6562
sample8_SemiBin_145	3698	2699
sample8_SemiBin_14	6007	5359
sample8_SemiBin_154	3972	2987
sample8_SemiBin_157	3130	2855
sample8_SemiBin_15	6159	5331
sample8_SemiBin_165	2258	1871
sample8_SemiBin_16	3163	2658
sample8_SemiBin_176	4903	4181
sample8_SemiBin_179	4579	3632
sample8_SemiBin_1849	8411	6081
sample8_SemiBin_186	5411	4673
sample8_SemiBin_1898	2352	1975
sample8_SemiBin_18	3639	3166
sample8_SemiBin_199	6276	4961
sample8_SemiBin_19	11427	8217
sample8_SemiBin_21	6841	5741
sample8_SemiBin_22	6551	6044
sample8_SemiBin_23	6074	5097
sample8_SemiBin_24	5932	5179
sample8_SemiBin_250	4750	3890
sample8_SemiBin_259	5611	4735
sample8_SemiBin_28	2802	2471
sample8_SemiBin_291	4296	3648
sample8_SemiBin_292	2631	2146
sample8_SemiBin_296	4688	3529
sample8_SemiBin_29	4272	3503
sample8_SemiBin_2	3736	3119
sample8_SemiBin_300	2097	1554
sample8_SemiBin_33	4074	3725
sample8_SemiBin_38	3813	3427
sample8_SemiBin_41	6080	5360
sample8_SemiBin_42	5732	4999
sample8_SemiBin_45	4593	3687
sample8_SemiBin_46	4760	3984
sample8_SemiBin_481	4540	3115
sample8_SemiBin_49	7983	6715
sample8_SemiBin_4	3134	2722
sample8_SemiBin_50	2603	2388
sample8_SemiBin_51	4693	3749
sample8_SemiBin_54	5652	4800
sample8_SemiBin_557	2861	2430
sample8_SemiBin_55	3028	2593
sample8_SemiBin_60	3533	2815
sample8_SemiBin_63	5990	4928
sample8_SemiBin_65	2405	2007
sample8_SemiBin_67	5429	4116
sample8_SemiBin_68	5117	4760
sample8_SemiBin_69	4572	3784
sample8_SemiBin_6	3785	3092
sample8_SemiBin_73	5022	3933
sample8_SemiBin_74	4140	3280
sample8_SemiBin_75	4019	3025
sample8_SemiBin_76	4261	2986
sample8_SemiBin_79	2851	2137
sample8_SemiBin_81	4057	3523
sample8_SemiBin_82	4762	4089
sample8_SemiBin_8	3638	3027
sample8_SemiBin_92	3067	2532
sample8_SemiBin_99	6741	5654
sample8_SemiBin_9	4760	4121
sample9_SemiBin_100	2594	2153
sample9_SemiBin_122	6193	5455
sample9_SemiBin_136	2172	1791
sample9_SemiBin_13	4838	4317
sample9_SemiBin_1480	3685	3118
sample9_SemiBin_152	4299	3534
sample9_SemiBin_15	4984	4354
sample9_SemiBin_161	4652	3528
sample9_SemiBin_16	6031	5173
sample9_SemiBin_17	4095	3771
sample9_SemiBin_189	2551	2177
sample9_SemiBin_195	3448	2757
sample9_SemiBin_1	4099	3683
sample9_SemiBin_244	2055	1547
sample9_SemiBin_273	2956	2558
sample9_SemiBin_279	5499	4860
sample9_SemiBin_285	1792	1268
sample9_SemiBin_28	4955	4278
sample9_SemiBin_30	12321	8943
sample9_SemiBin_33	3026	2543
sample9_SemiBin_34	3831	3093
sample9_SemiBin_35	2504	2037
sample9_SemiBin_36	4054	3159
sample9_SemiBin_37	3971	3289
sample9_SemiBin_40	3948	3196
sample9_SemiBin_43	2700	2372
sample9_SemiBin_44	6895	5937
sample9_SemiBin_50	3692	3102
sample9_SemiBin_521	1995	1403
sample9_SemiBin_53	3150	2593
sample9_SemiBin_56	4942	3343
sample9_SemiBin_58	2189	1868
sample9_SemiBin_59	3052	2747
sample9_SemiBin_62	8053	5961
sample9_SemiBin_66	1318	844
sample9_SemiBin_68	5362	4020
sample9_SemiBin_70	2406	2071
sample9_SemiBin_71	2877	2509
sample9_SemiBin_79	5576	4840
sample9_SemiBin_7	3534	2941
sample9_SemiBin_80	2297	1887
sample9_SemiBin_85	3859	3533
sample9_SemiBin_86	3992	2898
sample9_SemiBin_90	627	438
sample9_SemiBin_94	5588	4758
sample9_SemiBin_98	4154	3078
snj01_SemiBin_0	3514	3234
snj01_SemiBin_100	1827	1731
snj01_SemiBin_104	3421	3017
snj01_SemiBin_106	7552	6172
snj01_SemiBin_109	5639	4746
snj01_SemiBin_10	3190	2810
snj01_SemiBin_110	2076	1889
snj01_SemiBin_112	5192	4332
snj01_SemiBin_118	3371	3117
snj01_SemiBin_11	4419	3882
snj01_SemiBin_122	2767	2026
snj01_SemiBin_123	3224	2848
snj01_SemiBin_12	4884	4311
snj01_SemiBin_1368	1475	846
snj01_SemiBin_13	4839	4430
snj01_SemiBin_140	2452	2042
snj01_SemiBin_1410	4561	3561
snj01_SemiBin_1430	5998	4920
snj01_SemiBin_145	3569	2861
snj01_SemiBin_146	4402	3524
snj01_SemiBin_148	4845	4224
snj01_SemiBin_149	6930	5041
snj01_SemiBin_150	4120	3470
snj01_SemiBin_15	3837	2839
snj01_SemiBin_16	5627	4767
snj01_SemiBin_174	6738	5178
snj01_SemiBin_17	3954	3554
snj01_SemiBin_184	4421	3521
snj01_SemiBin_186	4654	4117
snj01_SemiBin_18	4541	3781
snj01_SemiBin_19	2959	2436
snj01_SemiBin_1	4468	4214
snj01_SemiBin_200	2649	2392
snj01_SemiBin_204	2129	1905
snj01_SemiBin_20	3249	3035
snj01_SemiBin_21	4058	3395
snj01_SemiBin_22	6429	4935
snj01_SemiBin_23	3961	3483
snj01_SemiBin_241	4255	3732
snj01_SemiBin_24	3754	3087
snj01_SemiBin_25	3385	3008
snj01_SemiBin_26	8174	6137
snj01_SemiBin_27	3996	3589
snj01_SemiBin_28	5791	5131
snj01_SemiBin_29	6488	5646
snj01_SemiBin_2	4252	3848
snj01_SemiBin_30	3021	2608
snj01_SemiBin_31	4485	4228
snj01_SemiBin_32	4022	3492
snj01_SemiBin_33	4916	4041
snj01_SemiBin_34	4053	3374
snj01_SemiBin_35	2004	1820
snj01_SemiBin_36	4900	4244
snj01_SemiBin_37	4958	3544
snj01_SemiBin_38	5882	5029
snj01_SemiBin_39	6394	4663
snj01_SemiBin_3	5236	4606
snj01_SemiBin_40	4476	3727
snj01_SemiBin_410	885	573
snj01_SemiBin_41	4619	3747
snj01_SemiBin_42	4877	3931
snj01_SemiBin_43	3541	2777
snj01_SemiBin_45	3372	2763
snj01_SemiBin_46	5732	4097
snj01_SemiBin_47	3787	2950
snj01_SemiBin_48	5472	4773
snj01_SemiBin_49	5453	4039
snj01_SemiBin_4	2427	2304
snj01_SemiBin_500	2679	1639
snj01_SemiBin_50	3341	2637
snj01_SemiBin_51	4936	4352
snj01_SemiBin_52	7134	4725
snj01_SemiBin_53	6413	4812
snj01_SemiBin_54	1943	1687
snj01_SemiBin_55	3938	3141
snj01_SemiBin_56	8767	6494
snj01_SemiBin_57	1145	708
snj01_SemiBin_58	3456	2941
snj01_SemiBin_59	3542	3087
snj01_SemiBin_5	3760	3405
snj01_SemiBin_60	6112	5126
snj01_SemiBin_61	2603	2138
snj01_SemiBin_62	3806	2914
snj01_SemiBin_63	4665	4082
snj01_SemiBin_64	2517	2225
snj01_SemiBin_66	3506	3045
snj01_SemiBin_67	3143	2468
snj01_SemiBin_68	3707	3156
snj01_SemiBin_6	7243	5532
snj01_SemiBin_70	2500	2180
snj01_SemiBin_71	4183	3612
snj01_SemiBin_72	4464	4017
snj01_SemiBin_73	3913	3058
snj01_SemiBin_76	2522	1936
snj01_SemiBin_7	4282	3524
snj01_SemiBin_81	1199	738
snj01_SemiBin_84	5034	4199
snj01_SemiBin_85	1813	1658
snj01_SemiBin_86	5462	3841
snj01_SemiBin_8	3667	3160
snj01_SemiBin_93	2749	2321
snj01_SemiBin_96	4927	3555
snj01_SemiBin_9	3495	3046
snj02_SemiBin_0	3207	2862
snj02_SemiBin_104	1977	1481
snj02_SemiBin_109	3497	2833
snj02_SemiBin_10	4258	2910
snj02_SemiBin_111	7434	5711
snj02_SemiBin_11	3420	2993
snj02_SemiBin_120	5023	3872
snj02_SemiBin_125	2054	1646
snj02_SemiBin_129	1395	1279
snj02_SemiBin_12	4782	3835
snj02_SemiBin_13	4759	3899
snj02_SemiBin_14	8439	6957
snj02_SemiBin_15	6500	5587
snj02_SemiBin_16	6946	5683
snj02_SemiBin_17	3903	3381
snj02_SemiBin_18	897	637
snj02_SemiBin_19	7098	5984
snj02_SemiBin_1	3995	3136
snj02_SemiBin_20	5348	4761
snj02_SemiBin_210	3585	2791
snj02_SemiBin_21	3302	2785
snj02_SemiBin_22	3138	2413
snj02_SemiBin_23	3879	3155
snj02_SemiBin_24	3762	3248
snj02_SemiBin_252	3431	2224
snj02_SemiBin_25	6017	5120
snj02_SemiBin_26	8720	6498
snj02_SemiBin_27	4088	3560
snj02_SemiBin_28	7447	6032
snj02_SemiBin_29	3168	2773
snj02_SemiBin_2	4288	3494
snj02_SemiBin_30	4933	4077
snj02_SemiBin_31	2764	2551
snj02_SemiBin_32	5160	4235
snj02_SemiBin_33	8805	6559
snj02_SemiBin_34	7783	6625
snj02_SemiBin_36	5936	4465
snj02_SemiBin_37	7019	5181
snj02_SemiBin_38	3995	3470
snj02_SemiBin_39	5376	4354
snj02_SemiBin_3	2252	2081
snj02_SemiBin_41	2856	2129
snj02_SemiBin_42	2327	2069
snj02_SemiBin_43	3583	3013
snj02_SemiBin_44	1262	837
snj02_SemiBin_45	6624	5330
snj02_SemiBin_46	9551	6317
snj02_SemiBin_47	5265	4069
snj02_SemiBin_48	6099	4814
snj02_SemiBin_49	4177	3207
snj02_SemiBin_4	2738	2374
snj02_SemiBin_50	3690	3214
snj02_SemiBin_52	6400	5308
snj02_SemiBin_53	3342	2853
snj02_SemiBin_540	4292	3152
snj02_SemiBin_54	3259	2533
snj02_SemiBin_55	4307	3225
snj02_SemiBin_56	4929	3489
snj02_SemiBin_57	5320	4164
snj02_SemiBin_59	6153	4893
snj02_SemiBin_5	4815	3935
snj02_SemiBin_60	4271	3797
snj02_SemiBin_61	3840	3363
snj02_SemiBin_62	7439	5055
snj02_SemiBin_63	2739	2064
snj02_SemiBin_66	2177	1820
snj02_SemiBin_67	2269	1953
snj02_SemiBin_69	5543	4830
snj02_SemiBin_6	4896	3945
snj02_SemiBin_72	1109	678
snj02_SemiBin_7	6075	4983
snj02_SemiBin_80	2831	2489
snj02_SemiBin_83	5176	4363
snj02_SemiBin_84	3432	3021
snj02_SemiBin_89	3369	2675
snj02_SemiBin_8	4013	3547
snj02_SemiBin_90	1024	586
snj02_SemiBin_941	11311	8030
snj02_SemiBin_96	2690	2151
snj02_SemiBin_9	4253	3550
snj03_SemiBin_0	6575	6119
snj03_SemiBin_103	3784	3068
snj03_SemiBin_106	5257	4538
snj03_SemiBin_109	4805	4040
snj03_SemiBin_10	4847	4053
snj03_SemiBin_111	6368	5573
snj03_SemiBin_112	3740	3299
snj03_SemiBin_114	6946	5708
snj03_SemiBin_116	5538	4792
snj03_SemiBin_117	6241	5200
snj03_SemiBin_118	5143	4467
snj03_SemiBin_11	4151	3611
snj03_SemiBin_123	4635	3678
snj03_SemiBin_124	5032	4388
snj03_SemiBin_127	1650	1413
snj03_SemiBin_12	4980	4163
snj03_SemiBin_130	5313	4630
snj03_SemiBin_131	1687	1409
snj03_SemiBin_1348	4063	3087
snj03_SemiBin_134	2758	2511
snj03_SemiBin_1390	7043	5575
snj03_SemiBin_1393	4200	3380
snj03_SemiBin_139	8937	6509
snj03_SemiBin_13	3965	3651
snj03_SemiBin_141	3288	3021
snj03_SemiBin_149	2984	2542
snj03_SemiBin_14	2522	2074
snj03_SemiBin_154	4218	3047
snj03_SemiBin_160	4734	3911
snj03_SemiBin_166	3602	3227
snj03_SemiBin_16	6468	5299
snj03_SemiBin_170	6612	5488
snj03_SemiBin_174	7166	4923
snj03_SemiBin_17	4793	3899
snj03_SemiBin_180	2873	2485
snj03_SemiBin_183	5977	4592
snj03_SemiBin_186	4597	3983
snj03_SemiBin_189	4196	3583
snj03_SemiBin_18	2873	2412
snj03_SemiBin_19	3278	2589
snj03_SemiBin_1	5638	4963
snj03_SemiBin_20	5372	4485
snj03_SemiBin_213	4903	3934
snj03_SemiBin_21	3796	3015
snj03_SemiBin_227	3500	2974
snj03_SemiBin_22	5752	5022
snj03_SemiBin_23	5930	5330
snj03_SemiBin_240	1849	1406
snj03_SemiBin_24	5248	4540
snj03_SemiBin_25	1930	1598
snj03_SemiBin_26	8621	6096
snj03_SemiBin_27	6037	5294
snj03_SemiBin_28	4307	3358
snj03_SemiBin_29	2560	2263
snj03_SemiBin_2	6306	5356
snj03_SemiBin_301	4118	2618
snj03_SemiBin_30	3956	3352
snj03_SemiBin_32	6800	5890
snj03_SemiBin_33	6863	6121
snj03_SemiBin_34	6171	5009
snj03_SemiBin_35	3155	2840
snj03_SemiBin_36	3768	3134
snj03_SemiBin_37	2690	2270
snj03_SemiBin_38	5206	4421
snj03_SemiBin_39	4879	3852
snj03_SemiBin_3	6158	5523
snj03_SemiBin_40	6811	5888
snj03_SemiBin_41	5907	4491
snj03_SemiBin_42	6114	5326
snj03_SemiBin_43	7962	6849
snj03_SemiBin_44	5029	4361
snj03_SemiBin_452	5805	4042
snj03_SemiBin_45	2652	2170
snj03_SemiBin_46	3624	3353
snj03_SemiBin_47	3795	3205
snj03_SemiBin_49	3463	2970
snj03_SemiBin_4	6704	5907
snj03_SemiBin_50	5081	4578
snj03_SemiBin_52	6368	5497
snj03_SemiBin_53	4926	3983
snj03_SemiBin_54	3574	2781
snj03_SemiBin_55	4506	4007
snj03_SemiBin_56	4455	3629
snj03_SemiBin_57	4941	4296
snj03_SemiBin_58	6411	4547
snj03_SemiBin_59	5156	3912
snj03_SemiBin_5	6733	5717
snj03_SemiBin_60	11225	6681
snj03_SemiBin_61	5984	5205
snj03_SemiBin_62	6531	4570
snj03_SemiBin_63	3622	3050
snj03_SemiBin_64	5241	3873
snj03_SemiBin_65	3955	3175
snj03_SemiBin_67	4802	3264
snj03_SemiBin_69	2333	1950
snj03_SemiBin_6	3614	3283
snj03_SemiBin_70	5278	4219
snj03_SemiBin_71	5241	4728
snj03_SemiBin_73	7593	5761
snj03_SemiBin_74	2541	1884
snj03_SemiBin_75	8387	6015
snj03_SemiBin_77	2886	2404
snj03_SemiBin_78	5143	4276
snj03_SemiBin_79	7940	5269
snj03_SemiBin_7	6889	5926
snj03_SemiBin_81	5464	4201
snj03_SemiBin_82	2366	1949
snj03_SemiBin_84	3151	2832
snj03_SemiBin_87	5293	4552
snj03_SemiBin_8	5383	4591
snj03_SemiBin_909	3710	3294
snj03_SemiBin_90	3254	2525
snj03_SemiBin_94	6451	5410
snj03_SemiBin_96	6447	4403
snj03_SemiBin_97	4609	3596
snj03_SemiBin_98	5019	4204
snj03_SemiBin_99	5144	4475
snj03_SemiBin_9	5371	4743
snj04_SemiBin_0	4552	4017
snj04_SemiBin_101	3784	2998
snj04_SemiBin_104	3907	3274
snj04_SemiBin_1050	7886	6034
snj04_SemiBin_106	2638	2397
snj04_SemiBin_107	4570	3754
snj04_SemiBin_10	5787	4863
snj04_SemiBin_114	6356	5053
snj04_SemiBin_118	4070	3497
snj04_SemiBin_119	4234	3678
snj04_SemiBin_11	5481	4679
snj04_SemiBin_120	1279	800
snj04_SemiBin_123	5144	4348
snj04_SemiBin_126	5600	4586
snj04_SemiBin_12	5720	4753
snj04_SemiBin_138	2173	1812
snj04_SemiBin_13	3304	2616
snj04_SemiBin_143	5209	4401
snj04_SemiBin_144	1935	1709
snj04_SemiBin_146	2473	1982
snj04_SemiBin_14	5405	4563
snj04_SemiBin_1554	6488	4320
snj04_SemiBin_15	4857	4047
snj04_SemiBin_165	2592	2062
snj04_SemiBin_16	6914	5731
snj04_SemiBin_1706	9685	6239
snj04_SemiBin_1716	2970	2571
snj04_SemiBin_1774	6197	4353
snj04_SemiBin_1776	6817	4827
snj04_SemiBin_17	5966	5172
snj04_SemiBin_1805	6751	5467
snj04_SemiBin_181	5634	4580
snj04_SemiBin_1833	6572	4639
snj04_SemiBin_187	9966	5655
snj04_SemiBin_18	6308	5166
snj04_SemiBin_19	2990	2603
snj04_SemiBin_1	4527	3784
snj04_SemiBin_208	5443	4216
snj04_SemiBin_20	5009	4381
snj04_SemiBin_21	6635	5901
snj04_SemiBin_22	4591	3992
snj04_SemiBin_23	4458	3867
snj04_SemiBin_246	1864	1432
snj04_SemiBin_24	5159	4237
snj04_SemiBin_25	2944	2513
snj04_SemiBin_26	6861	5912
snj04_SemiBin_27	2565	2376
snj04_SemiBin_28	4195	3597
snj04_SemiBin_29	5982	4716
snj04_SemiBin_2	2890	2514
snj04_SemiBin_30	3219	2659
snj04_SemiBin_31	6705	6283
snj04_SemiBin_32	6049	4828
snj04_SemiBin_34	4192	3514
snj04_SemiBin_35	3713	2843
snj04_SemiBin_36	5570	4658
snj04_SemiBin_37	5478	4538
snj04_SemiBin_38	3732	3410
snj04_SemiBin_39	5527	4623
snj04_SemiBin_3	5854	4708
snj04_SemiBin_40	5072	3895
snj04_SemiBin_41	6079	4429
snj04_SemiBin_42	4163	2866
snj04_SemiBin_43	5106	4126
snj04_SemiBin_44	3662	3017
snj04_SemiBin_45	3499	2770
snj04_SemiBin_46	4434	3663
snj04_SemiBin_47	1562	972
snj04_SemiBin_48	3851	3044
snj04_SemiBin_49	4993	3749
snj04_SemiBin_4	4141	3750
snj04_SemiBin_50	2928	2496
snj04_SemiBin_52	5706	5190
snj04_SemiBin_55	7712	6406
snj04_SemiBin_56	4437	2920
snj04_SemiBin_57	4774	3883
snj04_SemiBin_580	2554	2048
snj04_SemiBin_58	5602	4427
snj04_SemiBin_59	3757	2715
snj04_SemiBin_5	6434	5510
snj04_SemiBin_60	4475	3545
snj04_SemiBin_634	4932	4060
snj04_SemiBin_63	6872	3916
snj04_SemiBin_64	5278	3954
snj04_SemiBin_65	5423	4403
snj04_SemiBin_66	7378	5588
snj04_SemiBin_68	5187	4265
snj04_SemiBin_69	2818	2486
snj04_SemiBin_6	1950	1684
snj04_SemiBin_71	3796	3090
snj04_SemiBin_72	6490	5265
snj04_SemiBin_74	2208	1978
snj04_SemiBin_76	1751	1589
snj04_SemiBin_77	2374	1941
snj04_SemiBin_785	7524	5688
snj04_SemiBin_79	4774	3712
snj04_SemiBin_7	2866	2490
snj04_SemiBin_80	4018	3444
snj04_SemiBin_82	1934	1731
snj04_SemiBin_85	4146	3567
snj04_SemiBin_86	4410	3487
snj04_SemiBin_88	5863	4763
snj04_SemiBin_8	5827	5073
snj04_SemiBin_90	6818	5405
snj04_SemiBin_92	3172	2654
snj04_SemiBin_93	3635	3021
snj04_SemiBin_94	2285	2150
snj04_SemiBin_9	6770	6251
snj08_SemiBin_0	6382	5924
snj08_SemiBin_100	5249	4527
snj08_SemiBin_1011	6355	5156
snj08_SemiBin_101	3049	2450
snj08_SemiBin_102	6458	4938
snj08_SemiBin_104	3347	2568
snj08_SemiBin_1059	10023	6966
snj08_SemiBin_105	4986	4164
snj08_SemiBin_106	3590	2908
snj08_SemiBin_107	4990	4052
snj08_SemiBin_108	2592	2267
snj08_SemiBin_109	4035	2978
snj08_SemiBin_10	4942	4508
snj08_SemiBin_111	4810	4060
snj08_SemiBin_113	2357	2034
snj08_SemiBin_115	5408	4278
snj08_SemiBin_116	6580	5285
snj08_SemiBin_117	2954	2425
snj08_SemiBin_119	4801	3675
snj08_SemiBin_120	4984	3676
snj08_SemiBin_122	2920	2489
snj08_SemiBin_123	3536	3213
snj08_SemiBin_124	4605	3646
snj08_SemiBin_127	2847	2610
snj08_SemiBin_129	4738	3832
snj08_SemiBin_12	4540	3938
snj08_SemiBin_130	3521	2818
snj08_SemiBin_131	4716	3585
snj08_SemiBin_135	4492	3810
snj08_SemiBin_136	4853	4111
snj08_SemiBin_138	5499	4661
snj08_SemiBin_139	3838	3082
snj08_SemiBin_13	6433	5567
snj08_SemiBin_141	7468	5212
snj08_SemiBin_142	6691	5077
snj08_SemiBin_143	4406	3777
snj08_SemiBin_146	4518	3665
snj08_SemiBin_147	6582	5690
snj08_SemiBin_149	3634	3268
snj08_SemiBin_14	6416	5576
snj08_SemiBin_15	5039	4488
snj08_SemiBin_161	3707	3259
snj08_SemiBin_165	5721	4469
snj08_SemiBin_166	4554	3947
snj08_SemiBin_168	5797	4407
snj08_SemiBin_169	5603	4551
snj08_SemiBin_16	3364	2906
snj08_SemiBin_170	7330	5238
snj08_SemiBin_1726	5693	5064
snj08_SemiBin_174	5455	4393
snj08_SemiBin_17	3931	3227
snj08_SemiBin_180	5324	3955
snj08_SemiBin_185	3542	2703
snj08_SemiBin_186	8056	6882
snj08_SemiBin_188	3313	2946
snj08_SemiBin_18	5864	4852
snj08_SemiBin_191	2512	2110
snj08_SemiBin_192	5663	4967
snj08_SemiBin_194	3136	2810
snj08_SemiBin_195	1688	1529
snj08_SemiBin_1987	10881	7299
snj08_SemiBin_199	4478	3600
snj08_SemiBin_19	3872	3373
snj08_SemiBin_1	2728	2410
snj08_SemiBin_206	6386	5055
snj08_SemiBin_207	7370	5723
snj08_SemiBin_20	6003	5371
snj08_SemiBin_217	1846	1585
snj08_SemiBin_21	5315	4233
snj08_SemiBin_22	5831	5101
snj08_SemiBin_231	4416	3589
snj08_SemiBin_237	6554	4880
snj08_SemiBin_23	4922	4239
snj08_SemiBin_247	7877	6558
snj08_SemiBin_248	4071	3531
snj08_SemiBin_24	4108	3439
snj08_SemiBin_25	7622	6233
snj08_SemiBin_267	4557	3816
snj08_SemiBin_26	2786	2460
snj08_SemiBin_274	2629	2331
snj08_SemiBin_27	5148	4621
snj08_SemiBin_28	6014	4662
snj08_SemiBin_292	4815	3774
snj08_SemiBin_29	5784	4424
snj08_SemiBin_2	3575	3287
snj08_SemiBin_308	3683	3153
snj08_SemiBin_30	6292	5522
snj08_SemiBin_322	4353	3564
snj08_SemiBin_32	6595	5664
snj08_SemiBin_333	3885	3453
snj08_SemiBin_337	2117	1601
snj08_SemiBin_33	6053	4727
snj08_SemiBin_340	5247	3987
snj08_SemiBin_34	2290	1940
snj08_SemiBin_35	3779	2992
snj08_SemiBin_36	6926	6085
snj08_SemiBin_37	3968	3410
snj08_SemiBin_38	3725	3249
snj08_SemiBin_39	4640	3727
snj08_SemiBin_3	5821	5153
snj08_SemiBin_40	7606	5957
snj08_SemiBin_41	8363	6990
snj08_SemiBin_423	6917	4486
snj08_SemiBin_42	5555	4323
snj08_SemiBin_43	2861	2540
snj08_SemiBin_44	2113	1914
snj08_SemiBin_46	5571	4688
snj08_SemiBin_47	4312	3883
snj08_SemiBin_48	2696	2400
snj08_SemiBin_49	4686	3660
snj08_SemiBin_4	5448	4836
snj08_SemiBin_50	4926	4339
snj08_SemiBin_51	8257	7020
snj08_SemiBin_52	3754	3090
snj08_SemiBin_536	4151	3136
snj08_SemiBin_53	5475	4245
snj08_SemiBin_54	7290	5574
snj08_SemiBin_55	9924	8185
snj08_SemiBin_56	3825	3370
snj08_SemiBin_57	3358	2770
snj08_SemiBin_58	4446	3698
snj08_SemiBin_59	4084	2995
snj08_SemiBin_5	5873	5104
snj08_SemiBin_60	4895	4031
snj08_SemiBin_61	1879	1745
snj08_SemiBin_62	5637	3747
snj08_SemiBin_63	4410	3886
snj08_SemiBin_64	4994	3894
snj08_SemiBin_65	1541	952
snj08_SemiBin_665	6937	5869
snj08_SemiBin_66	7877	6734
snj08_SemiBin_67	3625	3289
snj08_SemiBin_68	2346	2075
snj08_SemiBin_69	4891	4216
snj08_SemiBin_6	6546	5484
snj08_SemiBin_70	8267	6964
snj08_SemiBin_71	5192	4219
snj08_SemiBin_72	4739	3678
snj08_SemiBin_73	5177	4206
snj08_SemiBin_74	9280	6368
snj08_SemiBin_75	4527	3897
snj08_SemiBin_76	3102	2469
snj08_SemiBin_78	3476	3230
snj08_SemiBin_79	4372	3999
snj08_SemiBin_7	6271	5315
snj08_SemiBin_81	4006	3529
snj08_SemiBin_82	5486	4228
snj08_SemiBin_83	6122	4630
snj08_SemiBin_84	4919	3850
snj08_SemiBin_86	2582	2203
snj08_SemiBin_87	3941	3050
snj08_SemiBin_88	6554	5581
snj08_SemiBin_8	7084	5986
snj08_SemiBin_902	4158	3701
snj08_SemiBin_90	6630	5655
snj08_SemiBin_91	6132	4862
snj08_SemiBin_92	6728	5664
snj08_SemiBin_93	6688	5720
snj08_SemiBin_94	5835	5006
snj08_SemiBin_95	7419	5189
snj08_SemiBin_96	7379	6580
snj08_SemiBin_97	2716	2374
snj08_SemiBin_98	4773	3723
snj08_SemiBin_99	4683	4047
snj08_SemiBin_9	8103	7344
snj09_SemiBin_0	4099	3771
snj09_SemiBin_100	4638	3843
snj09_SemiBin_101	4358	3583
snj09_SemiBin_102	6982	5573
snj09_SemiBin_103	5058	4464
snj09_SemiBin_1041	6373	5208
snj09_SemiBin_104	1720	1400
snj09_SemiBin_105	2456	2158
snj09_SemiBin_106	3571	3163
snj09_SemiBin_107	4373	3869
snj09_SemiBin_108	3464	2791
snj09_SemiBin_109	4140	3343
snj09_SemiBin_10	5058	4419
snj09_SemiBin_110	7703	5788
snj09_SemiBin_111	4952	4284
snj09_SemiBin_112	4356	3578
snj09_SemiBin_113	5757	4721
snj09_SemiBin_114	5916	4434
snj09_SemiBin_115	2751	2091
snj09_SemiBin_116	4393	3386
snj09_SemiBin_117	4130	3163
snj09_SemiBin_119	4327	3379
snj09_SemiBin_11	2466	2275
snj09_SemiBin_120	10901	7603
snj09_SemiBin_121	6642	5282
snj09_SemiBin_126	4051	3472
snj09_SemiBin_127	4607	3641
snj09_SemiBin_12	3607	2847
snj09_SemiBin_130	4969	4200
snj09_SemiBin_1316	5057	3954
snj09_SemiBin_131	1604	1419
snj09_SemiBin_134	3588	3107
snj09_SemiBin_136	4716	3827
snj09_SemiBin_138	7403	6010
snj09_SemiBin_13	3924	3162
snj09_SemiBin_140	4058	2944
snj09_SemiBin_144	4361	3730
snj09_SemiBin_145	3364	2965
snj09_SemiBin_14	5074	4353
snj09_SemiBin_151	5186	4283
snj09_SemiBin_153	8057	5970
snj09_SemiBin_154	6898	5199
snj09_SemiBin_1577	4745	4241
snj09_SemiBin_159	5487	4087
snj09_SemiBin_15	6863	5698
snj09_SemiBin_163	5918	4901
snj09_SemiBin_164	3824	3367
snj09_SemiBin_165	6012	4686
snj09_SemiBin_168	5370	4231
snj09_SemiBin_169	7060	5366
snj09_SemiBin_16	4002	3567
snj09_SemiBin_171	2413	2284
snj09_SemiBin_174	4107	3716
snj09_SemiBin_179	6321	5165
snj09_SemiBin_17	7090	6193
snj09_SemiBin_181	5990	5125
snj09_SemiBin_182	2940	2228
snj09_SemiBin_189	4619	4017
snj09_SemiBin_18	5201	4658
snj09_SemiBin_190	6185	5045
snj09_SemiBin_1924	4693	3239
snj09_SemiBin_1927	6965	5189
snj09_SemiBin_1929	1834	1492
snj09_SemiBin_199	6307	4952
snj09_SemiBin_19	7192	6205
snj09_SemiBin_1	7175	6296
snj09_SemiBin_200	6076	4682
snj09_SemiBin_204	4530	3868
snj09_SemiBin_205	4987	4064
snj09_SemiBin_20	5856	5058
snj09_SemiBin_212	3001	2445
snj09_SemiBin_217	5494	4269
snj09_SemiBin_21	2970	2605
snj09_SemiBin_226	831	435
snj09_SemiBin_22	4666	4247
snj09_SemiBin_232	4242	3687
snj09_SemiBin_239	3213	2751
snj09_SemiBin_23	3973	3138
snj09_SemiBin_241	6837	5540
snj09_SemiBin_248	5816	4277
snj09_SemiBin_258	10015	5781
snj09_SemiBin_259	11577	8011
snj09_SemiBin_25	3107	2690
snj09_SemiBin_26	4633	4171
snj09_SemiBin_27	6999	5504
snj09_SemiBin_28	6975	5594
snj09_SemiBin_292	3680	2847
snj09_SemiBin_29	6439	5594
snj09_SemiBin_2	6998	6102
snj09_SemiBin_30	5943	5066
snj09_SemiBin_317	6460	4385
snj09_SemiBin_31	5202	4384
snj09_SemiBin_32	4298	3930
snj09_SemiBin_33	5883	5175
snj09_SemiBin_35	3743	3204
snj09_SemiBin_36	8352	6910
snj09_SemiBin_37	5857	4921
snj09_SemiBin_38	2720	2002
snj09_SemiBin_39	4025	3148
snj09_SemiBin_3	6244	5035
snj09_SemiBin_40	6729	5871
snj09_SemiBin_41	6096	5192
snj09_SemiBin_42	5258	4443
snj09_SemiBin_43	3316	2591
snj09_SemiBin_44	5696	4976
snj09_SemiBin_45	5949	5122
snj09_SemiBin_46	2686	2281
snj09_SemiBin_47	7320	5698
snj09_SemiBin_48	4128	3217
snj09_SemiBin_497	2936	1950
snj09_SemiBin_49	6202	5099
snj09_SemiBin_4	4269	3622
snj09_SemiBin_50	5768	4721
snj09_SemiBin_52	6591	5297
snj09_SemiBin_53	7977	6737
snj09_SemiBin_54	5462	4607
snj09_SemiBin_56	4262	3256
snj09_SemiBin_57	5412	4582
snj09_SemiBin_58	5219	4668
snj09_SemiBin_59	7135	6386
snj09_SemiBin_5	4198	3830
snj09_SemiBin_60	4062	3684
snj09_SemiBin_61	6131	5367
snj09_SemiBin_62	6333	5647
snj09_SemiBin_63	3862	3010
snj09_SemiBin_64	4366	3860
snj09_SemiBin_66	5512	4058
snj09_SemiBin_67	10768	7921
snj09_SemiBin_68	2471	2251
snj09_SemiBin_693	7270	6176
snj09_SemiBin_69	4384	3897
snj09_SemiBin_6	8381	7109
snj09_SemiBin_70	5095	4260
snj09_SemiBin_71	4462	3638
snj09_SemiBin_72	3474	2604
snj09_SemiBin_73	5617	4696
snj09_SemiBin_74	3861	3076
snj09_SemiBin_75	4678	4100
snj09_SemiBin_76	5663	4690
snj09_SemiBin_770	6484	5467
snj09_SemiBin_77	5038	4132
snj09_SemiBin_78	6019	5124
snj09_SemiBin_7	4264	3696
snj09_SemiBin_80	4905	4305
snj09_SemiBin_816	6215	5212
snj09_SemiBin_81	8302	6498
snj09_SemiBin_82	3025	2529
snj09_SemiBin_83	7777	5800
snj09_SemiBin_84	4901	4408
snj09_SemiBin_85	2834	2341
snj09_SemiBin_86	3566	3132
snj09_SemiBin_87	4591	3971
snj09_SemiBin_88	4441	3339
snj09_SemiBin_89	8384	5954
snj09_SemiBin_8	4780	4138
snj09_SemiBin_90	5237	4298
snj09_SemiBin_91	4917	4433
snj09_SemiBin_92	5538	4482
snj09_SemiBin_93	3831	3048
snj09_SemiBin_94	4519	3733
snj09_SemiBin_95	7162	5674
snj09_SemiBin_96	6187	5348
snj09_SemiBin_97	4988	3856
snj09_SemiBin_98	4296	3201
snj09_SemiBin_99	4831	4364
snj09_SemiBin_9	7735	6752
snj10_SemiBin_0	5050	4353
snj10_SemiBin_100	4671	3730
snj10_SemiBin_103	8528	6629
snj10_SemiBin_108	2965	2270
snj10_SemiBin_10	3088	2765
snj10_SemiBin_114	4947	4087
snj10_SemiBin_118	3232	2842
snj10_SemiBin_119	5604	4729
snj10_SemiBin_11	4230	3336
snj10_SemiBin_12	4273	3690
snj10_SemiBin_13	5663	4538
snj10_SemiBin_154	5215	4294
snj10_SemiBin_155	2696	2306
snj10_SemiBin_156	4212	3262
snj10_SemiBin_15	5588	4771
snj10_SemiBin_163	4575	3743
snj10_SemiBin_165	6005	4540
snj10_SemiBin_169	5439	4532
snj10_SemiBin_16	5059	4551
snj10_SemiBin_172	5920	4814
snj10_SemiBin_1730	4920	4055
snj10_SemiBin_1731	6537	5414
snj10_SemiBin_17	3519	2882
snj10_SemiBin_1812	6880	5505
snj10_SemiBin_18	2334	2090
snj10_SemiBin_19	7020	6079
snj10_SemiBin_1	6089	5434
snj10_SemiBin_20	4303	3877
snj10_SemiBin_214	4133	3592
snj10_SemiBin_219	2148	1598
snj10_SemiBin_21	2546	2210
snj10_SemiBin_22	6028	4742
snj10_SemiBin_23	2253	2038
snj10_SemiBin_253	3257	2701
snj10_SemiBin_25	6958	5842
snj10_SemiBin_26	6923	5596
snj10_SemiBin_27	4744	3740
snj10_SemiBin_28	4119	3746
snj10_SemiBin_298	10252	7483
snj10_SemiBin_29	5813	5047
snj10_SemiBin_2	3316	3081
snj10_SemiBin_30	5085	4196
snj10_SemiBin_31	6901	5979
snj10_SemiBin_34	7591	5063
snj10_SemiBin_35	3830	3034
snj10_SemiBin_36	4957	3726
snj10_SemiBin_37	4493	3455
snj10_SemiBin_38	6189	5346
snj10_SemiBin_3	4128	3804
snj10_SemiBin_40	8982	7037
snj10_SemiBin_41	6210	5368
snj10_SemiBin_42	7171	6051
snj10_SemiBin_43	5082	3997
snj10_SemiBin_44	10565	8723
snj10_SemiBin_450	3208	2136
snj10_SemiBin_45	8108	6960
snj10_SemiBin_46	2491	2179
snj10_SemiBin_47	4129	3019
snj10_SemiBin_48	5659	4351
snj10_SemiBin_49	5396	4357
snj10_SemiBin_4	6642	6078
snj10_SemiBin_50	4301	3731
snj10_SemiBin_51	1978	1596
snj10_SemiBin_52	5884	4882
snj10_SemiBin_53	3361	2813
snj10_SemiBin_54	1842	1586
snj10_SemiBin_55	4878	3921
snj10_SemiBin_56	5880	4851
snj10_SemiBin_57	4187	3544
snj10_SemiBin_58	6428	4467
snj10_SemiBin_59	3450	3145
snj10_SemiBin_5	5264	4518
snj10_SemiBin_60	3095	2426
snj10_SemiBin_61	7718	5052
snj10_SemiBin_62	2216	1783
snj10_SemiBin_63	1933	1781
snj10_SemiBin_65	5642	5254
snj10_SemiBin_66	6851	5027
snj10_SemiBin_67	3199	2511
snj10_SemiBin_69	5052	4161
snj10_SemiBin_6	7103	6158
snj10_SemiBin_70	7173	6000
snj10_SemiBin_71	3892	3323
snj10_SemiBin_73	4448	3859
snj10_SemiBin_75	6422	5333
snj10_SemiBin_76	6987	5007
snj10_SemiBin_77	5093	4059
snj10_SemiBin_7	6072	5351
snj10_SemiBin_80	6957	5708
snj10_SemiBin_88	6096	4755
snj10_SemiBin_8	9296	7241
snj10_SemiBin_91	3956	3386
snj10_SemiBin_93	1653	1523
snj10_SemiBin_96	6721	5655
snj10_SemiBin_97	2924	2301
snj10_SemiBin_98	2845	2571
snj10_SemiBin_99	2977	2699
snj10_SemiBin_9	7980	6864
snj11_SemiBin_0	4735	4115
snj11_SemiBin_100	3307	2928
snj11_SemiBin_101	5967	4930
snj11_SemiBin_102	2770	2571
snj11_SemiBin_103	3906	3562
snj11_SemiBin_104	3317	3073
snj11_SemiBin_1057	5286	3958
snj11_SemiBin_105	3777	3279
snj11_SemiBin_106	3176	2849
snj11_SemiBin_107	5121	4037
snj11_SemiBin_108	2046	1799
snj11_SemiBin_109	4813	3879
snj11_SemiBin_10	8233	6160
snj11_SemiBin_110	5942	4779
snj11_SemiBin_111	5217	3527
snj11_SemiBin_112	4207	3612
snj11_SemiBin_113	4018	3070
snj11_SemiBin_116	5337	4207
snj11_SemiBin_117	5121	3668
snj11_SemiBin_119	3310	2950
snj11_SemiBin_11	5353	4859
snj11_SemiBin_120	4521	3714
snj11_SemiBin_121	5068	3679
snj11_SemiBin_125	5195	3993
snj11_SemiBin_126	4943	4119
snj11_SemiBin_127	14445	9246
snj11_SemiBin_128	3226	2800
snj11_SemiBin_12	6743	5870
snj11_SemiBin_130	3797	3296
snj11_SemiBin_132	2196	2020
snj11_SemiBin_133	3376	2885
snj11_SemiBin_134	8075	6885
snj11_SemiBin_136	2301	1874
snj11_SemiBin_138	3480	2548
snj11_SemiBin_13	6076	5389
snj11_SemiBin_140	6064	5273
snj11_SemiBin_141	4249	3779
snj11_SemiBin_145	4309	3806
snj11_SemiBin_146	4066	3085
snj11_SemiBin_148	4300	3930
snj11_SemiBin_149	9684	6288
snj11_SemiBin_14	2576	2323
snj11_SemiBin_151	2420	1854
snj11_SemiBin_157	3111	2884
snj11_SemiBin_158	3739	3164
snj11_SemiBin_159	3744	3249
snj11_SemiBin_15	7144	5880
snj11_SemiBin_160	2030	1818
snj11_SemiBin_162	3035	2371
snj11_SemiBin_165	3429	2860
snj11_SemiBin_16	4655	3886
snj11_SemiBin_172	3295	2917
snj11_SemiBin_17	5591	4756
snj11_SemiBin_184	4754	3646
snj11_SemiBin_185	5126	4533
snj11_SemiBin_186	4949	3943
snj11_SemiBin_187	6462	4431
snj11_SemiBin_189	4746	3634
snj11_SemiBin_18	6476	5385
snj11_SemiBin_190	5022	4328
snj11_SemiBin_193	5072	4446
snj11_SemiBin_195	4327	3956
snj11_SemiBin_19	6375	5247
snj11_SemiBin_1	3860	3483
snj11_SemiBin_2054	9817	7310
snj11_SemiBin_207	3127	2742
snj11_SemiBin_2095	5823	4745
snj11_SemiBin_20	2291	2019
snj11_SemiBin_212	5725	4162
snj11_SemiBin_214	2860	2589
snj11_SemiBin_2162	6160	5028
snj11_SemiBin_21	2350	2204
snj11_SemiBin_22	4061	3290
snj11_SemiBin_232	3792	3313
snj11_SemiBin_235	6384	5007
snj11_SemiBin_23	6138	4905
snj11_SemiBin_249	4259	3297
snj11_SemiBin_24	7154	6332
snj11_SemiBin_255	2066	1894
snj11_SemiBin_25	3455	2902
snj11_SemiBin_266	5805	4799
snj11_SemiBin_26	5062	4277
snj11_SemiBin_276	3077	2621
snj11_SemiBin_278	6440	5205
snj11_SemiBin_27	5476	4803
snj11_SemiBin_28	3517	2935
snj11_SemiBin_296	2473	1912
snj11_SemiBin_29	3515	2861
snj11_SemiBin_2	4046	3523
snj11_SemiBin_30	2915	2707
snj11_SemiBin_319	4048	3619
snj11_SemiBin_31	5517	4764
snj11_SemiBin_32	6966	5860
snj11_SemiBin_33	6326	5142
snj11_SemiBin_343	1685	1332
snj11_SemiBin_346	5148	4026
snj11_SemiBin_34	5423	4646
snj11_SemiBin_35	2531	2102
snj11_SemiBin_36	2986	2445
snj11_SemiBin_37	4576	3962
snj11_SemiBin_389	5368	4636
snj11_SemiBin_38	3954	3276
snj11_SemiBin_39	6640	5748
snj11_SemiBin_3	4511	4084
snj11_SemiBin_40	5798	4906
snj11_SemiBin_41	6470	5584
snj11_SemiBin_42	3951	3125
snj11_SemiBin_43	3680	3043
snj11_SemiBin_449	3602	2308
snj11_SemiBin_44	6236	5217
snj11_SemiBin_45	4766	4183
snj11_SemiBin_46	5995	5581
snj11_SemiBin_47	5624	4563
snj11_SemiBin_49	4303	3457
snj11_SemiBin_4	4594	4001
snj11_SemiBin_50	4368	3820
snj11_SemiBin_51	4145	3483
snj11_SemiBin_52	5014	3653
snj11_SemiBin_53	5394	4697
snj11_SemiBin_54	5963	4954
snj11_SemiBin_55	6856	5980
snj11_SemiBin_56	4133	3617
snj11_SemiBin_57	7163	6346
snj11_SemiBin_58	4359	3559
snj11_SemiBin_593	4046	3355
snj11_SemiBin_59	4059	3232
snj11_SemiBin_5	5173	4499
snj11_SemiBin_60	5456	4346
snj11_SemiBin_61	6727	5629
snj11_SemiBin_622	3980	3204
snj11_SemiBin_62	8222	7083
snj11_SemiBin_63	3463	3070
snj11_SemiBin_64	4903	4214
snj11_SemiBin_65	5427	4270
snj11_SemiBin_66	4962	4240
snj11_SemiBin_67	9504	8000
snj11_SemiBin_68	2880	2230
snj11_SemiBin_69	6010	4574
snj11_SemiBin_6	5377	4621
snj11_SemiBin_70	3244	2603
snj11_SemiBin_71	3264	2783
snj11_SemiBin_72	5457	4231
snj11_SemiBin_74	2668	2156
snj11_SemiBin_75	5207	4240
snj11_SemiBin_76	5575	3779
snj11_SemiBin_77	5798	4921
snj11_SemiBin_78	6682	5657
snj11_SemiBin_792	3673	2920
snj11_SemiBin_79	3547	3068
snj11_SemiBin_7	4910	4452
snj11_SemiBin_81	2852	2209
snj11_SemiBin_82	3458	2523
snj11_SemiBin_830	6288	5034
snj11_SemiBin_83	3891	3217
snj11_SemiBin_84	5183	4453
snj11_SemiBin_85	5376	4766
snj11_SemiBin_86	3721	3033
snj11_SemiBin_87	5957	4549
snj11_SemiBin_89	4420	3405
snj11_SemiBin_8	5466	4601
snj11_SemiBin_90	5806	5112
snj11_SemiBin_91	6165	4526
snj11_SemiBin_92	2279	1965
snj11_SemiBin_94	3628	3278
snj11_SemiBin_95	6349	5536
snj11_SemiBin_96	6752	5630
snj11_SemiBin_97	4692	3807
snj11_SemiBin_98	4166	3676
snj11_SemiBin_99	3175	2663
snj11_SemiBin_9	6112	5343
snj13_SemiBin_0	4481	4073
snj13_SemiBin_102	2896	2323
snj13_SemiBin_106	4261	3335
snj13_SemiBin_107	6385	5465
snj13_SemiBin_108	4080	3427
snj13_SemiBin_10	4538	4033
snj13_SemiBin_110	4122	3722
snj13_SemiBin_114	968	600
snj13_SemiBin_11	6541	5669
snj13_SemiBin_129	3983	3141
snj13_SemiBin_12	3020	2734
snj13_SemiBin_1337	5726	4457
snj13_SemiBin_136	5675	4943
snj13_SemiBin_138	3242	2927
snj13_SemiBin_139	3234	2466
snj13_SemiBin_13	3292	2592
snj13_SemiBin_140	3297	3028
snj13_SemiBin_142	4866	4294
snj13_SemiBin_143	4533	3997
snj13_SemiBin_145	3247	2900
snj13_SemiBin_147	4786	3221
snj13_SemiBin_148	3926	3371
snj13_SemiBin_14	5640	4847
snj13_SemiBin_150	6887	4694
snj13_SemiBin_15	5932	5133
snj13_SemiBin_16	4567	3647
snj13_SemiBin_17	4013	3476
snj13_SemiBin_180	7392	6437
snj13_SemiBin_186	2639	2410
snj13_SemiBin_188	4299	3394
snj13_SemiBin_18	6184	5411
snj13_SemiBin_191	4249	3640
snj13_SemiBin_195	1828	1552
snj13_SemiBin_199	5437	4096
snj13_SemiBin_19	2704	2418
snj13_SemiBin_1	4773	4032
snj13_SemiBin_207	3374	2607
snj13_SemiBin_2093	8583	8011
snj13_SemiBin_20	3448	3135
snj13_SemiBin_217	4979	4111
snj13_SemiBin_21	4460	3437
snj13_SemiBin_22	6509	5249
snj13_SemiBin_23	6115	4991
snj13_SemiBin_244	4279	3524
snj13_SemiBin_24	5155	4246
snj13_SemiBin_25	3979	3079
snj13_SemiBin_27	5947	5271
snj13_SemiBin_28	3333	3084
snj13_SemiBin_29	4247	3275
snj13_SemiBin_2	6530	6051
snj13_SemiBin_308	4232	3204
snj13_SemiBin_30	3707	3009
snj13_SemiBin_317	1767	1384
snj13_SemiBin_31	5909	4722
snj13_SemiBin_32	4675	3978
snj13_SemiBin_33	3744	3279
snj13_SemiBin_34	3659	2757
snj13_SemiBin_35	4063	3411
snj13_SemiBin_36	5030	4151
snj13_SemiBin_37	6085	4662
snj13_SemiBin_38	8535	6803
snj13_SemiBin_39	4856	4098
snj13_SemiBin_3	4480	3876
snj13_SemiBin_40	2754	2474
snj13_SemiBin_412	4908	4210
snj13_SemiBin_41	4160	3657
snj13_SemiBin_42	4455	4075
snj13_SemiBin_43	4460	3432
snj13_SemiBin_44	5567	4896
snj13_SemiBin_45	4484	3841
snj13_SemiBin_46	6643	5121
snj13_SemiBin_48	7015	5056
snj13_SemiBin_49	5152	4433
snj13_SemiBin_4	8148	6237
snj13_SemiBin_50	8642	7021
snj13_SemiBin_51	2182	1944
snj13_SemiBin_52	2785	2282
snj13_SemiBin_537	2942	2624
snj13_SemiBin_53	9919	6266
snj13_SemiBin_55	2924	2728
snj13_SemiBin_56	4632	4034
snj13_SemiBin_58	3044	2651
snj13_SemiBin_5	4460	3879
snj13_SemiBin_60	4423	3903
snj13_SemiBin_611	5293	3667
snj13_SemiBin_61	6177	5317
snj13_SemiBin_62	5571	3465
snj13_SemiBin_63	7501	6396
snj13_SemiBin_64	8057	5954
snj13_SemiBin_65	2463	2196
snj13_SemiBin_66	4592	3676
snj13_SemiBin_67	5024	4169
snj13_SemiBin_68	6439	5344
snj13_SemiBin_69	4506	3016
snj13_SemiBin_6	4169	3701
snj13_SemiBin_70	4146	3781
snj13_SemiBin_71	4213	3821
snj13_SemiBin_72	1889	1476
snj13_SemiBin_74	4359	3401
snj13_SemiBin_75	3220	2885
snj13_SemiBin_76	4679	4023
snj13_SemiBin_78	5500	4458
snj13_SemiBin_7	6163	5422
snj13_SemiBin_80	4930	3447
snj13_SemiBin_82	4957	4104
snj13_SemiBin_84	7957	5988
snj13_SemiBin_85	1816	1605
snj13_SemiBin_87	5998	4206
snj13_SemiBin_88	6571	5469
snj13_SemiBin_89	4426	3841
snj13_SemiBin_8	5640	5088
snj13_SemiBin_91	5484	4443
snj13_SemiBin_92	3265	2849
snj13_SemiBin_94	5761	4731
snj13_SemiBin_95	6383	5573
snj13_SemiBin_96	4902	3777
snj13_SemiBin_97	5693	4691
snj13_SemiBin_98	1479	1313
snj13_SemiBin_99	5322	4447
snj13_SemiBin_9	8261	7368
snj14_SemiBin_0	4022	3722
snj14_SemiBin_100	2007	1672
snj14_SemiBin_104	1779	1439
snj14_SemiBin_106	8657	6856
snj14_SemiBin_107	9035	6018
snj14_SemiBin_108	1981	1683
snj14_SemiBin_109	3790	2812
snj14_SemiBin_10	3865	3599
snj14_SemiBin_112	4977	3604
snj14_SemiBin_113	3276	2907
snj14_SemiBin_114	5423	3552
snj14_SemiBin_116	2283	1767
snj14_SemiBin_118	5347	4247
snj14_SemiBin_11	4249	3926
snj14_SemiBin_122	6353	4941
snj14_SemiBin_124	4401	3604
snj14_SemiBin_127	6157	5174
snj14_SemiBin_128	6959	6076
snj14_SemiBin_129	5256	3901
snj14_SemiBin_12	5210	4495
snj14_SemiBin_134	2294	2067
snj14_SemiBin_138	3736	2915
snj14_SemiBin_13	4190	3834
snj14_SemiBin_142	6250	5309
snj14_SemiBin_149	6070	4374
snj14_SemiBin_14	3135	2618
snj14_SemiBin_153	6668	5756
snj14_SemiBin_154	6474	4734
snj14_SemiBin_15	4102	3390
snj14_SemiBin_163	4647	3917
snj14_SemiBin_16	5713	5187
snj14_SemiBin_172	6636	4797
snj14_SemiBin_173	5328	4170
snj14_SemiBin_1756	6111	4582
snj14_SemiBin_175	4918	3767
snj14_SemiBin_17	3513	3185
snj14_SemiBin_1830	12995	9408
snj14_SemiBin_1834	11694	10195
snj14_SemiBin_18	5940	5202
snj14_SemiBin_191	6225	5392
snj14_SemiBin_19	4986	4134
snj14_SemiBin_1	3603	3326
snj14_SemiBin_20	4164	3838
snj14_SemiBin_211	2007	1800
snj14_SemiBin_21	4852	4423
snj14_SemiBin_220	1774	1642
snj14_SemiBin_22	3001	2729
snj14_SemiBin_234	2539	1866
snj14_SemiBin_23	5469	4756
snj14_SemiBin_24	8213	6966
snj14_SemiBin_25	5273	4605
snj14_SemiBin_26	7306	5131
snj14_SemiBin_275	5749	4371
snj14_SemiBin_27	4595	4191
snj14_SemiBin_28	6501	5792
snj14_SemiBin_29	4037	3250
snj14_SemiBin_2	6024	5146
snj14_SemiBin_30	3393	2935
snj14_SemiBin_31	5021	3821
snj14_SemiBin_327	4085	3411
snj14_SemiBin_329	2077	1525
snj14_SemiBin_32	5446	4824
snj14_SemiBin_33	4789	3963
snj14_SemiBin_34	3959	3212
snj14_SemiBin_35	4441	3582
snj14_SemiBin_36	4527	3862
snj14_SemiBin_37	4296	3758
snj14_SemiBin_38	5710	4249
snj14_SemiBin_39	5201	4438
snj14_SemiBin_3	3778	2815
snj14_SemiBin_40	7017	6035
snj14_SemiBin_42	6253	5021
snj14_SemiBin_43	3644	2973
snj14_SemiBin_44	2876	2365
snj14_SemiBin_45	5111	4152
snj14_SemiBin_48	5368	4087
snj14_SemiBin_49	7010	5876
snj14_SemiBin_4	4585	3997
snj14_SemiBin_50	4809	4095
snj14_SemiBin_51	4934	4119
snj14_SemiBin_52	5560	4514
snj14_SemiBin_53	3722	3099
snj14_SemiBin_54	3704	2716
snj14_SemiBin_55	5889	5255
snj14_SemiBin_56	5866	5064
snj14_SemiBin_57	5791	4297
snj14_SemiBin_59	3240	2615
snj14_SemiBin_5	4403	3968
snj14_SemiBin_60	4088	3609
snj14_SemiBin_61	5936	5132
snj14_SemiBin_62	6710	4496
snj14_SemiBin_63	3614	3250
snj14_SemiBin_64	6542	5201
snj14_SemiBin_65	6104	5102
snj14_SemiBin_66	4419	3773
snj14_SemiBin_68	4776	3677
snj14_SemiBin_69	6404	5279
snj14_SemiBin_6	5120	4570
snj14_SemiBin_706	5458	4348
snj14_SemiBin_70	5311	4246
snj14_SemiBin_71	7263	5506
snj14_SemiBin_72	3963	3076
snj14_SemiBin_73	3638	2880
snj14_SemiBin_74	4692	3523
snj14_SemiBin_76	4544	3738
snj14_SemiBin_77	6302	4849
snj14_SemiBin_78	6538	5661
snj14_SemiBin_79	3649	2795
snj14_SemiBin_7	4357	3760
snj14_SemiBin_80	3258	2213
snj14_SemiBin_81	4005	3017
snj14_SemiBin_82	3053	2737
snj14_SemiBin_83	4099	2897
snj14_SemiBin_84	5510	4563
snj14_SemiBin_85	5929	5039
snj14_SemiBin_87	6035	5213
snj14_SemiBin_88	4540	3891
snj14_SemiBin_89	6437	4927
snj14_SemiBin_90	4752	4242
snj14_SemiBin_91	6099	4709
snj14_SemiBin_92	2880	2626
snj14_SemiBin_94	5933	4517
snj14_SemiBin_95	7394	6362
snj14_SemiBin_96	4509	3431
snj14_SemiBin_97	3385	3071
snj14_SemiBin_99	6745	5284
snj14_SemiBin_9	3722	3443
snj15_SemiBin_0	4623	4267
snj15_SemiBin_1046	3982	3281
snj15_SemiBin_109	5253	4606
snj15_SemiBin_10	6360	5458
snj15_SemiBin_113	4400	3389
snj15_SemiBin_1165	3089	2248
snj15_SemiBin_119	9947	7650
snj15_SemiBin_11	4285	3727
snj15_SemiBin_122	4528	3673
snj15_SemiBin_128	5608	4596
snj15_SemiBin_12	3696	3001
snj15_SemiBin_13	4187	3597
snj15_SemiBin_141	8707	6868
snj15_SemiBin_143	3952	3076
snj15_SemiBin_14	5480	4634
snj15_SemiBin_15	3664	3039
snj15_SemiBin_165	6199	4413
snj15_SemiBin_169	3368	2682
snj15_SemiBin_16	7673	6482
snj15_SemiBin_177	5260	4417
snj15_SemiBin_18	2086	1698
snj15_SemiBin_196	5943	4992
snj15_SemiBin_197	4663	4023
snj15_SemiBin_19	3520	2944
snj15_SemiBin_1	6248	5793
snj15_SemiBin_21	5010	4296
snj15_SemiBin_227	4290	3329
snj15_SemiBin_22	5979	5152
snj15_SemiBin_242	6241	4559
snj15_SemiBin_24	3403	2849
snj15_SemiBin_254	7829	5863
snj15_SemiBin_25	4297	3436
snj15_SemiBin_26	4362	3840
snj15_SemiBin_27	6816	6355
snj15_SemiBin_287	2061	1575
snj15_SemiBin_289	2648	2211
snj15_SemiBin_28	3647	2777
snj15_SemiBin_299	5512	4237
snj15_SemiBin_29	2988	2166
snj15_SemiBin_2	5358	4826
snj15_SemiBin_30	4068	3302
snj15_SemiBin_31	5801	5065
snj15_SemiBin_32	4278	3460
snj15_SemiBin_33	3368	2677
snj15_SemiBin_34	4230	3500
snj15_SemiBin_36	3283	2505
snj15_SemiBin_37	6656	5040
snj15_SemiBin_38	3722	3170
snj15_SemiBin_39	7176	5976
snj15_SemiBin_3	5030	4277
snj15_SemiBin_40	7900	4695
snj15_SemiBin_41	6005	5585
snj15_SemiBin_42	7830	4524
snj15_SemiBin_43	4225	2919
snj15_SemiBin_44	5285	4140
snj15_SemiBin_45	6013	4979
snj15_SemiBin_47	7520	5860
snj15_SemiBin_48	4483	3744
snj15_SemiBin_49	2538	2170
snj15_SemiBin_4	6970	5810
snj15_SemiBin_50	5039	3706
snj15_SemiBin_51	4351	3336
snj15_SemiBin_52	3627	3062
snj15_SemiBin_54	7595	5963
snj15_SemiBin_56	3991	3050
snj15_SemiBin_58	2561	2186
snj15_SemiBin_59	4562	3733
snj15_SemiBin_5	3479	2894
snj15_SemiBin_61	5551	4502
snj15_SemiBin_62	6082	4055
snj15_SemiBin_63	4637	3198
snj15_SemiBin_65	4444	3465
snj15_SemiBin_66	5484	4244
snj15_SemiBin_67	5215	4327
snj15_SemiBin_699	5922	4959
snj15_SemiBin_69	3194	2935
snj15_SemiBin_6	4734	4125
snj15_SemiBin_72	5956	4441
snj15_SemiBin_73	3937	3234
snj15_SemiBin_74	3565	2705
snj15_SemiBin_75	5276	4512
snj15_SemiBin_77	3033	2527
snj15_SemiBin_78	6989	5324
snj15_SemiBin_79	6103	4199
snj15_SemiBin_7	5211	4461
snj15_SemiBin_80	5820	4896
snj15_SemiBin_83	3421	2979
snj15_SemiBin_85	3624	3273
snj15_SemiBin_86	4641	3418
snj15_SemiBin_87	5897	4909
snj15_SemiBin_8	6087	5304
snj15_SemiBin_91	2540	2342
snj15_SemiBin_939	6687	4597
snj15_SemiBin_94	4040	3574
snj15_SemiBin_99	5208	3977
snj15_SemiBin_9	3722	3116
snj16_SemiBin_0	3119	2897
snj16_SemiBin_101	4115	3499
snj16_SemiBin_104	5664	4758
snj16_SemiBin_107	5552	4119
snj16_SemiBin_111	6063	5206
snj16_SemiBin_112	3713	3153
snj16_SemiBin_115	4237	3387
snj16_SemiBin_11	4871	4089
snj16_SemiBin_120	4704	3834
snj16_SemiBin_131	3182	2432
snj16_SemiBin_13	2847	2661
snj16_SemiBin_145	3569	2987
snj16_SemiBin_146	8917	6634
snj16_SemiBin_1480	8315	7014
snj16_SemiBin_14	2677	2441
snj16_SemiBin_15	5247	4664
snj16_SemiBin_16	5320	4543
snj16_SemiBin_170	2695	2366
snj16_SemiBin_17	10659	8778
snj16_SemiBin_18	5371	4645
snj16_SemiBin_19	6760	5380
snj16_SemiBin_1	4139	3811
snj16_SemiBin_205	4043	3328
snj16_SemiBin_20	5422	4798
snj16_SemiBin_21	4137	3371
snj16_SemiBin_22	5576	5037
snj16_SemiBin_231	2259	1633
snj16_SemiBin_235	2435	1990
snj16_SemiBin_23	8048	6605
snj16_SemiBin_24	4982	4417
snj16_SemiBin_25	4569	3780
snj16_SemiBin_26	6058	4803
snj16_SemiBin_27	5811	5158
snj16_SemiBin_28	3424	3129
snj16_SemiBin_29	4820	4230
snj16_SemiBin_2	6417	5966
snj16_SemiBin_30	4951	4311
snj16_SemiBin_31	4840	4014
snj16_SemiBin_32	3385	3231
snj16_SemiBin_33	5124	4067
snj16_SemiBin_34	3802	3198
snj16_SemiBin_35	3772	3151
snj16_SemiBin_36	4963	4486
snj16_SemiBin_37	6113	4737
snj16_SemiBin_38	3312	2579
snj16_SemiBin_39	3335	3008
snj16_SemiBin_3	3816	3628
snj16_SemiBin_40	4571	3912
snj16_SemiBin_41	5992	5110
snj16_SemiBin_42	4833	4102
snj16_SemiBin_44	3073	2476
snj16_SemiBin_45	6863	5172
snj16_SemiBin_46	6436	5819
snj16_SemiBin_475	3452	3056
snj16_SemiBin_47	4465	3517
snj16_SemiBin_49	7393	5360
snj16_SemiBin_4	2413	2212
snj16_SemiBin_50	6238	4372
snj16_SemiBin_51	4982	4470
snj16_SemiBin_53	7266	6224
snj16_SemiBin_54	2743	2399
snj16_SemiBin_56	3438	2760
snj16_SemiBin_57	3995	3179
snj16_SemiBin_58	6757	4170
snj16_SemiBin_59	4020	3021
snj16_SemiBin_5	5061	4458
snj16_SemiBin_60	5591	4371
snj16_SemiBin_61	3632	3126
snj16_SemiBin_62	3142	2825
snj16_SemiBin_63	3262	2647
snj16_SemiBin_64	4290	3711
snj16_SemiBin_65	6811	4942
snj16_SemiBin_66	4298	3870
snj16_SemiBin_69	4043	3572
snj16_SemiBin_6	2704	2349
snj16_SemiBin_71	2764	2401
snj16_SemiBin_75	5958	5128
snj16_SemiBin_76	1776	1611
snj16_SemiBin_77	2835	2245
snj16_SemiBin_79	1562	959
snj16_SemiBin_81	6386	4796
snj16_SemiBin_82	2833	1643
snj16_SemiBin_83	4616	3989
snj16_SemiBin_87	5344	4440
snj16_SemiBin_88	3888	3073
snj16_SemiBin_8	3974	3308
snj16_SemiBin_93	6799	5242
snj16_SemiBin_95	4303	3293
snj16_SemiBin_96	3460	2841
snj19_SemiBin_0	5835	5016
snj19_SemiBin_100	6581	4986
snj19_SemiBin_101	1978	1622
snj19_SemiBin_102	3654	2925
snj19_SemiBin_103	4079	3523
snj19_SemiBin_104	4420	3505
snj19_SemiBin_105	6188	5327
snj19_SemiBin_106	4093	3041
snj19_SemiBin_108	4360	3307
snj19_SemiBin_109	2604	2110
snj19_SemiBin_10	5994	5206
snj19_SemiBin_110	4619	3397
snj19_SemiBin_111	4716	4067
snj19_SemiBin_113	3807	2982
snj19_SemiBin_114	1367	1185
snj19_SemiBin_115	4486	3367
snj19_SemiBin_116	4170	3569
snj19_SemiBin_117	3463	2798
snj19_SemiBin_118	4118	3105
snj19_SemiBin_119	2183	1873
snj19_SemiBin_11	4358	3978
snj19_SemiBin_121	3843	2967
snj19_SemiBin_122	6874	4908
snj19_SemiBin_12	3873	3249
snj19_SemiBin_130	4014	3494
snj19_SemiBin_131	5452	4158
snj19_SemiBin_132	4703	3881
snj19_SemiBin_137	6093	5289
snj19_SemiBin_139	5370	3993
snj19_SemiBin_13	6171	5429
snj19_SemiBin_140	2441	1860
snj19_SemiBin_14	6180	5367
snj19_SemiBin_150	2551	2050
snj19_SemiBin_151	3119	2291
snj19_SemiBin_152	5702	4572
snj19_SemiBin_1531	9448	6994
snj19_SemiBin_1534	5913	4553
snj19_SemiBin_155	7048	5636
snj19_SemiBin_1568	12335	6475
snj19_SemiBin_159	8417	6635
snj19_SemiBin_15	1959	1680
snj19_SemiBin_163	4079	3322
snj19_SemiBin_165	2349	2017
snj19_SemiBin_167	6730	4460
snj19_SemiBin_16	7071	6171
snj19_SemiBin_178	4360	3784
snj19_SemiBin_17	4242	3778
snj19_SemiBin_184	1634	1303
snj19_SemiBin_188	3208	2838
snj19_SemiBin_18	4396	3649
snj19_SemiBin_197	2679	2126
snj19_SemiBin_19	4705	4313
snj19_SemiBin_1	6520	6027
snj19_SemiBin_207	3443	3134
snj19_SemiBin_20	4321	3596
snj19_SemiBin_210	6680	5631
snj19_SemiBin_21	4464	3859
snj19_SemiBin_224	2036	1800
snj19_SemiBin_225	3866	3217
snj19_SemiBin_227	3259	2554
snj19_SemiBin_22	7056	6026
snj19_SemiBin_23	8798	7909
snj19_SemiBin_24	5086	4397
snj19_SemiBin_254	6264	4800
snj19_SemiBin_25	1917	1583
snj19_SemiBin_261	5826	5031
snj19_SemiBin_269	7870	6754
snj19_SemiBin_26	6442	5433
snj19_SemiBin_278	1644	1296
snj19_SemiBin_27	3554	3040
snj19_SemiBin_28	4679	3843
snj19_SemiBin_29	5702	5220
snj19_SemiBin_2	3574	2978
snj19_SemiBin_30	5349	4774
snj19_SemiBin_31	5575	4749
snj19_SemiBin_329	5387	4689
snj19_SemiBin_32	7065	5772
snj19_SemiBin_33	1229	1115
snj19_SemiBin_34	7231	6273
snj19_SemiBin_35	7168	6041
snj19_SemiBin_361	1561	1383
snj19_SemiBin_36	5401	4744
snj19_SemiBin_37	4597	3903
snj19_SemiBin_388	5522	4351
snj19_SemiBin_38	3526	3235
snj19_SemiBin_39	2894	2328
snj19_SemiBin_3	3179	2722
snj19_SemiBin_40	5608	4685
snj19_SemiBin_41	8645	7209
snj19_SemiBin_42	4792	4110
snj19_SemiBin_436	4874	2917
snj19_SemiBin_43	5598	4357
snj19_SemiBin_44	4006	3345
snj19_SemiBin_45	8385	6580
snj19_SemiBin_46	3327	2557
snj19_SemiBin_47	2889	2402
snj19_SemiBin_48	3145	2345
snj19_SemiBin_49	4882	4095
snj19_SemiBin_4	3515	3242
snj19_SemiBin_50	2982	2399
snj19_SemiBin_51	4634	3718
snj19_SemiBin_524	5378	4876
snj19_SemiBin_52	4308	3181
snj19_SemiBin_53	7556	5171
snj19_SemiBin_54	5869	4964
snj19_SemiBin_55	4906	4355
snj19_SemiBin_56	6412	5156
snj19_SemiBin_57	6039	4821
snj19_SemiBin_58	6921	5577
snj19_SemiBin_59	3543	3081
snj19_SemiBin_5	7116	6224
snj19_SemiBin_60	5552	4657
snj19_SemiBin_61	3565	2615
snj19_SemiBin_62	5435	4720
snj19_SemiBin_63	6542	4941
snj19_SemiBin_64	6749	5418
snj19_SemiBin_65	2818	2402
snj19_SemiBin_66	3688	3097
snj19_SemiBin_678	4531	3629
snj19_SemiBin_67	7889	5857
snj19_SemiBin_68	2616	2334
snj19_SemiBin_69	3684	3293
snj19_SemiBin_6	2962	2558
snj19_SemiBin_70	4179	3120
snj19_SemiBin_71	4541	3390
snj19_SemiBin_72	10696	7862
snj19_SemiBin_73	3283	2670
snj19_SemiBin_74	5043	3871
snj19_SemiBin_76	5316	4226
snj19_SemiBin_77	8384	5791
snj19_SemiBin_78	3418	2963
snj19_SemiBin_7	3416	2980
snj19_SemiBin_80	3812	3360
snj19_SemiBin_81	3765	3178
snj19_SemiBin_82	3783	2843
snj19_SemiBin_83	4705	3684
snj19_SemiBin_84	2975	2168
snj19_SemiBin_85	4826	3852
snj19_SemiBin_87	6603	5412
snj19_SemiBin_89	6907	5185
snj19_SemiBin_8	5413	4899
snj19_SemiBin_90	2182	2000
snj19_SemiBin_91	6318	5378
snj19_SemiBin_92	5759	4805
snj19_SemiBin_93	5825	4622
snj19_SemiBin_94	7488	6023
snj19_SemiBin_95	5721	4909
snj19_SemiBin_96	2250	1790
snj19_SemiBin_97	9520	6008
snj19_SemiBin_98	3649	3028
snj19_SemiBin_99	3780	3054
snj19_SemiBin_9	6298	5542
snj20_SemiBin_0	2386	2188
snj20_SemiBin_100	5144	4480
snj20_SemiBin_103	4613	3950
snj20_SemiBin_104	4016	3406
snj20_SemiBin_105	2461	2221
snj20_SemiBin_106	3041	2634
snj20_SemiBin_107	4811	4041
snj20_SemiBin_108	3337	2845
snj20_SemiBin_109	3690	3135
snj20_SemiBin_10	4185	3396
snj20_SemiBin_110	5542	4853
snj20_SemiBin_111	3596	3071
snj20_SemiBin_115	6801	5420
snj20_SemiBin_11	5445	4629
snj20_SemiBin_121	2565	2187
snj20_SemiBin_122	6159	3616
snj20_SemiBin_123	6557	5378
snj20_SemiBin_12	4201	3796
snj20_SemiBin_136	2706	2388
snj20_SemiBin_138	3497	2800
snj20_SemiBin_13	4788	4056
snj20_SemiBin_141	4988	3880
snj20_SemiBin_143	2498	2139
snj20_SemiBin_148	4583	3797
snj20_SemiBin_14	6984	6084
snj20_SemiBin_154	1422	1215
snj20_SemiBin_155	2481	2250
snj20_SemiBin_15	5089	3878
snj20_SemiBin_162	3586	3266
snj20_SemiBin_1696	6294	4713
snj20_SemiBin_1699	12173	8924
snj20_SemiBin_169	3043	2516
snj20_SemiBin_16	5289	4530
snj20_SemiBin_170	3765	3265
snj20_SemiBin_172	2131	1783
snj20_SemiBin_173	6160	5112
snj20_SemiBin_178	4336	3734
snj20_SemiBin_17	2136	1937
snj20_SemiBin_183	5114	4379
snj20_SemiBin_186	3833	3286
snj20_SemiBin_18	2728	2525
snj20_SemiBin_194	4648	3906
snj20_SemiBin_19	6542	5842
snj20_SemiBin_1	3039	2620
snj20_SemiBin_203	5213	4174
snj20_SemiBin_20	4896	4026
snj20_SemiBin_212	2736	2335
snj20_SemiBin_214	3711	3239
snj20_SemiBin_217	4366	3742
snj20_SemiBin_219	3088	2570
snj20_SemiBin_21	3703	3105
snj20_SemiBin_220	5011	4348
snj20_SemiBin_22	4112	3675
snj20_SemiBin_231	4506	3871
snj20_SemiBin_233	8658	6612
snj20_SemiBin_235	5182	4114
snj20_SemiBin_23	6061	5338
snj20_SemiBin_24	6220	5455
snj20_SemiBin_25	3275	3045
snj20_SemiBin_262	4409	3750
snj20_SemiBin_266	8490	6590
snj20_SemiBin_26	4028	3398
snj20_SemiBin_274	1986	1518
snj20_SemiBin_27	7416	6520
snj20_SemiBin_28	5146	4282
snj20_SemiBin_29	5651	4882
snj20_SemiBin_2	3834	3452
snj20_SemiBin_30	5574	4777
snj20_SemiBin_31	5918	5138
snj20_SemiBin_326	1889	1310
snj20_SemiBin_32	6829	6001
snj20_SemiBin_333	2898	2675
snj20_SemiBin_334	3514	3106
snj20_SemiBin_34	3885	3216
snj20_SemiBin_35	4913	3838
snj20_SemiBin_360	6204	4910
snj20_SemiBin_36	5090	4043
snj20_SemiBin_37	5715	5006
snj20_SemiBin_38	2472	1869
snj20_SemiBin_39	7371	6164
snj20_SemiBin_3	5967	5190
snj20_SemiBin_400	4289	2427
snj20_SemiBin_40	5547	4563
snj20_SemiBin_41	5196	4613
snj20_SemiBin_42	4016	3664
snj20_SemiBin_43	4331	3510
snj20_SemiBin_44	7365	5027
snj20_SemiBin_45	5260	4552
snj20_SemiBin_46	2464	1798
snj20_SemiBin_47	3225	2823
snj20_SemiBin_48	4009	3001
snj20_SemiBin_49	6359	4624
snj20_SemiBin_4	6361	5588
snj20_SemiBin_50	6017	4686
snj20_SemiBin_51	4487	3886
snj20_SemiBin_52	6341	5670
snj20_SemiBin_53	6756	5270
snj20_SemiBin_54	7276	5419
snj20_SemiBin_559	2151	1730
snj20_SemiBin_55	2939	2298
snj20_SemiBin_56	4797	3730
snj20_SemiBin_57	3203	2918
snj20_SemiBin_58	4865	3656
snj20_SemiBin_59	5090	4040
snj20_SemiBin_5	3924	3470
snj20_SemiBin_607	3217	2685
snj20_SemiBin_60	9969	8834
snj20_SemiBin_61	2080	1899
snj20_SemiBin_62	3848	3604
snj20_SemiBin_64	1168	1025
snj20_SemiBin_65	1877	1539
snj20_SemiBin_66	8286	6879
snj20_SemiBin_67	2640	2312
snj20_SemiBin_68	1328	835
snj20_SemiBin_69	7311	5948
snj20_SemiBin_6	3105	2799
snj20_SemiBin_71	4775	3652
snj20_SemiBin_73	4031	3666
snj20_SemiBin_74	7125	5319
snj20_SemiBin_76	1471	1354
snj20_SemiBin_77	4028	3338
snj20_SemiBin_78	2888	2363
snj20_SemiBin_7	3942	3127
snj20_SemiBin_80	5580	4374
snj20_SemiBin_82	4398	3923
snj20_SemiBin_84	8155	6411
snj20_SemiBin_85	3006	2560
snj20_SemiBin_86	3850	3303
snj20_SemiBin_88	4480	3144
snj20_SemiBin_891	4370	3624
snj20_SemiBin_8	4137	3716
snj20_SemiBin_92	1755	1516
snj20_SemiBin_94	1138	699
snj20_SemiBin_95	2871	2554
snj20_SemiBin_963	4414	3539
snj20_SemiBin_96	4839	4014
snj20_SemiBin_97	2474	2067
snj20_SemiBin_9	3025	2653
