Genome	Mean
cpsnj01_SemiBin_71	33.09549
cpsnj01_SemiBin_11	64.14305
cpsnj01_SemiBin_24	26.739128
cpsnj01_SemiBin_9	73.79866
cpsnj01_SemiBin_90	27.136549
cpsnj01_SemiBin_146	142.91199
cpsnj01_SemiBin_409	5.533358
cpsnj01_SemiBin_47	33.306038
cpsnj01_SemiBin_42	32.413445
cpsnj01_SemiBin_92	95.44675
cpsnj01_SemiBin_43	19.14684
cpsnj01_SemiBin_127	59.03734
cpsnj01_SemiBin_95	13.743643
cpsnj01_SemiBin_73	15.060528
cpsnj01_SemiBin_59	51.38038
cpsnj01_SemiBin_115	7.443835
cpsnj01_SemiBin_57	47.17616
cpsnj01_SemiBin_1234	38.419834
cpsnj01_SemiBin_51	69.04946
cpsnj01_SemiBin_63	337.68765
cpsnj01_SemiBin_1	17.28323
cpsnj01_SemiBin_112	17.357775
cpsnj01_SemiBin_2	18.674797
cpsnj01_SemiBin_7	100.61444
cpsnj01_SemiBin_65	38.17884
cpsnj01_SemiBin_123	30.548618
cpsnj01_SemiBin_77	13.300696
cpsnj01_SemiBin_10	44.55235
cpsnj01_SemiBin_399	36.563816
cpsnj01_SemiBin_39	40.145897
cpsnj01_SemiBin_45	60.919353
cpsnj01_SemiBin_8	23.060905
cpsnj01_SemiBin_6	23.431986
cpsnj01_SemiBin_30	13.619037
cpsnj01_SemiBin_32	23.690594
cpsnj01_SemiBin_61	46.05476
cpsnj01_SemiBin_4	19.137623
cpsnj01_SemiBin_0	25.170507
cpsnj01_SemiBin_38	8.405361
cpsnj01_SemiBin_40	51.140167
cpsnj01_SemiBin_18	58.17847
cpsnj01_SemiBin_286	23.078821
cpsnj01_SemiBin_208	17.857029
cpsnj01_SemiBin_110	53.04153
cpsnj01_SemiBin_5	20.082357
cpsnj01_SemiBin_83	72.849396
cpsnj01_SemiBin_124	29.098503
cpsnj01_SemiBin_82	12.779852
cpsnj01_SemiBin_37	47.5845
cpsnj01_SemiBin_20	105.018776
cpsnj01_SemiBin_275	8.178558
cpsnj01_SemiBin_16	72.48802
cpsnj01_SemiBin_156	27.49948
cpsnj01_SemiBin_54	66.776115
cpsnj01_SemiBin_28	112.89865
cpsnj01_SemiBin_56	13.687011
cpsnj01_SemiBin_22	18.599157
cpsnj01_SemiBin_64	11.003935
cpsnj01_SemiBin_17	20.786568
cpsnj01_SemiBin_26	44.51448
cpsnj01_SemiBin_52	31.898735
cpsnj01_SemiBin_48	29.527502
cpsnj01_SemiBin_87	8.296461
cpsnj01_SemiBin_62	68.34285
cpsnj01_SemiBin_66	37.2801
cpsnj01_SemiBin_14	52.13385
cpsnj01_SemiBin_1263	28.710415
cpsnj01_SemiBin_118	57.36981
cpsnj01_SemiBin_12	28.255402
cpsnj01_SemiBin_49	25.102196
cpsnj01_SemiBin_21	25.72318
cpsnj01_SemiBin_85	11.391359
cpsnj01_SemiBin_25	82.65975
cpsnj01_SemiBin_15	35.71604
cpsnj01_SemiBin_23	17.808407
cpsnj01_SemiBin_19	16.679667
cpsnj01_SemiBin_29	27.71843
cpsnj01_SemiBin_35	12.645072
cpsnj01_SemiBin_1216	61.75224
cpsnj01_SemiBin_34	53.201225
Genome	cpsnj02_ont_trim_filter_500_porechop.fastq.gz Mean
cpsnj02_SemiBin_22	55.48374
cpsnj02_SemiBin_7	42.379845
cpsnj02_SemiBin_213	25.061405
cpsnj02_SemiBin_26	54.26563
cpsnj02_SemiBin_63	27.325237
cpsnj02_SemiBin_47	15.209784
cpsnj02_SemiBin_165	39.920692
cpsnj02_SemiBin_1670	59.76074
cpsnj02_SemiBin_61	31.962591
cpsnj02_SemiBin_638	31.677982
cpsnj02_SemiBin_132	11.737607
cpsnj02_SemiBin_66	54.189556
cpsnj02_SemiBin_33	9.018609
cpsnj02_SemiBin_17	17.264763
cpsnj02_SemiBin_1629	41.713993
cpsnj02_SemiBin_18	40.50779
cpsnj02_SemiBin_109	33.762497
cpsnj02_SemiBin_55	57.99339
cpsnj02_SemiBin_112	24.872435
cpsnj02_SemiBin_44	29.422266
cpsnj02_SemiBin_97	53.328064
cpsnj02_SemiBin_99	39.869976
cpsnj02_SemiBin_1731	46.044334
cpsnj02_SemiBin_206	103.76493
cpsnj02_SemiBin_71	15.615904
cpsnj02_SemiBin_94	124.466324
cpsnj02_SemiBin_64	13.053219
cpsnj02_SemiBin_43	55.511803
cpsnj02_SemiBin_1	56.000355
cpsnj02_SemiBin_0	87.76535
cpsnj02_SemiBin_14	33.781868
cpsnj02_SemiBin_38	42.157257
cpsnj02_SemiBin_59	25.47817
cpsnj02_SemiBin_24	6.6613955
cpsnj02_SemiBin_5	31.177935
cpsnj02_SemiBin_31	50.62455
cpsnj02_SemiBin_111	77.94116
cpsnj02_SemiBin_3	17.569439
cpsnj02_SemiBin_102	18.747091
cpsnj02_SemiBin_88	70.55506
cpsnj02_SemiBin_2	54.68695
cpsnj02_SemiBin_56	59.175594
cpsnj02_SemiBin_28	20.920374
cpsnj02_SemiBin_12	89.77992
cpsnj02_SemiBin_4	24.410822
cpsnj02_SemiBin_68	12.728551
cpsnj02_SemiBin_126	8.29919
cpsnj02_SemiBin_10	30.63005
cpsnj02_SemiBin_20	47.812172
cpsnj02_SemiBin_40	28.341867
cpsnj02_SemiBin_159	18.1943
cpsnj02_SemiBin_35	41.446987
cpsnj02_SemiBin_135	16.698843
cpsnj02_SemiBin_16	13.160558
cpsnj02_SemiBin_36	35.564545
cpsnj02_SemiBin_46	51.886837
cpsnj02_SemiBin_15	16.907846
cpsnj02_SemiBin_69	17.852257
cpsnj02_SemiBin_80	15.1013
cpsnj02_SemiBin_39	88.64077
cpsnj02_SemiBin_27	28.440832
cpsnj02_SemiBin_8	25.401234
cpsnj02_SemiBin_21	23.988981
cpsnj02_SemiBin_25	40.462418
cpsnj02_SemiBin_11	64.65746
cpsnj02_SemiBin_138	77.844185
cpsnj02_SemiBin_13	45.496185
cpsnj02_SemiBin_60	101.37031
cpsnj02_SemiBin_137	42.845947
cpsnj02_SemiBin_23	52.671455
cpsnj02_SemiBin_30	27.823065
cpsnj02_SemiBin_9	38.797867
cpsnj02_SemiBin_104	20.985985
cpsnj02_SemiBin_81	58.81475
cpsnj02_SemiBin_78	69.639824
cpsnj02_SemiBin_42	74.3667
cpsnj02_SemiBin_54	79.906166
cpsnj02_SemiBin_146	20.474598
cpsnj02_SemiBin_29	67.18813
cpsnj02_SemiBin_1617	13.666273
cpsnj02_SemiBin_45	20.676853
cpsnj02_SemiBin_34	50.98773
cpsnj02_SemiBin_107	57.113102
cpsnj02_SemiBin_74	56.909924
cpsnj02_SemiBin_37	28.985294
cpsnj02_SemiBin_106	53.483467
cpsnj02_SemiBin_76	8.247271
cpsnj02_SemiBin_256	46.740025
Genome	cpsnj03_ont_trim_filter_500_porechop.fastq.gz Mean
cpsnj03_SemiBin_14	33.177795
cpsnj03_SemiBin_20	26.697262
cpsnj03_SemiBin_237	49.769825
cpsnj03_SemiBin_27	11.329745
cpsnj03_SemiBin_78	31.738308
cpsnj03_SemiBin_19	20.67806
cpsnj03_SemiBin_132	25.412283
cpsnj03_SemiBin_18	29.74244
cpsnj03_SemiBin_6	44.878098
cpsnj03_SemiBin_53	25.224237
cpsnj03_SemiBin_264	62.695686
cpsnj03_SemiBin_52	13.260608
cpsnj03_SemiBin_165	25.996746
cpsnj03_SemiBin_88	24.214203
cpsnj03_SemiBin_38	66.34176
cpsnj03_SemiBin_26	42.597073
cpsnj03_SemiBin_205	6.927806
cpsnj03_SemiBin_217	50.047493
cpsnj03_SemiBin_45	31.558285
cpsnj03_SemiBin_9	18.670862
cpsnj03_SemiBin_91	9.644132
cpsnj03_SemiBin_108	23.18457
cpsnj03_SemiBin_58	7.8367934
cpsnj03_SemiBin_62	11.938637
cpsnj03_SemiBin_12	52.769024
cpsnj03_SemiBin_111	8.6134615
cpsnj03_SemiBin_48	28.863731
cpsnj03_SemiBin_154	32.934513
cpsnj03_SemiBin_65	15.871219
cpsnj03_SemiBin_114	8.8148775
cpsnj03_SemiBin_16	11.838755
cpsnj03_SemiBin_31	9.455957
cpsnj03_SemiBin_37	27.009317
cpsnj03_SemiBin_15	7.527494
cpsnj03_SemiBin_75	8.6094265
cpsnj03_SemiBin_63	18.584877
cpsnj03_SemiBin_107	43.87195
cpsnj03_SemiBin_79	39.85482
cpsnj03_SemiBin_113	31.29934
cpsnj03_SemiBin_166	37.544197
cpsnj03_SemiBin_189	19.795065
cpsnj03_SemiBin_283	29.059841
cpsnj03_SemiBin_54	36.83369
cpsnj03_SemiBin_142	22.921019
cpsnj03_SemiBin_33	21.967218
cpsnj03_SemiBin_40	31.471825
cpsnj03_SemiBin_64	30.313766
cpsnj03_SemiBin_1486	34.154713
cpsnj03_SemiBin_80	23.469112
cpsnj03_SemiBin_44	34.727444
cpsnj03_SemiBin_93	41.42278
cpsnj03_SemiBin_47	24.923246
cpsnj03_SemiBin_84	33.521088
cpsnj03_SemiBin_55	15.644604
cpsnj03_SemiBin_191	19.95276
cpsnj03_SemiBin_106	49.25624
cpsnj03_SemiBin_83	28.71848
cpsnj03_SemiBin_144	24.556715
cpsnj03_SemiBin_82	17.351442
cpsnj03_SemiBin_101	15.49741
cpsnj03_SemiBin_641	16.976559
cpsnj03_SemiBin_23	17.198399
cpsnj03_SemiBin_30	13.657677
cpsnj03_SemiBin_49	68.77877
cpsnj03_SemiBin_51	19.386993
cpsnj03_SemiBin_68	33.64578
cpsnj03_SemiBin_81	32.09409
cpsnj03_SemiBin_4	48.847576
cpsnj03_SemiBin_60	37.618687
cpsnj03_SemiBin_7	19.77807
cpsnj03_SemiBin_135	38.216053
cpsnj03_SemiBin_36	43.221725
cpsnj03_SemiBin_34	23.801994
cpsnj03_SemiBin_110	28.10669
cpsnj03_SemiBin_100	25.843386
cpsnj03_SemiBin_61	10.555381
cpsnj03_SemiBin_5	27.170038
cpsnj03_SemiBin_180	16.667215
cpsnj03_SemiBin_70	4.896288
cpsnj03_SemiBin_57	38.064297
cpsnj03_SemiBin_1482	20.040743
cpsnj03_SemiBin_201	42.405155
cpsnj03_SemiBin_104	9.844937
cpsnj03_SemiBin_1491	18.417519
cpsnj03_SemiBin_25	24.677279
cpsnj03_SemiBin_41	53.430668
cpsnj03_SemiBin_103	13.442006
cpsnj03_SemiBin_46	87.37697
cpsnj03_SemiBin_3	18.210392
cpsnj03_SemiBin_28	38.011288
cpsnj03_SemiBin_99	8.724961
cpsnj03_SemiBin_778	14.90321
cpsnj03_SemiBin_67	19.889437
cpsnj03_SemiBin_35	5.523379
cpsnj03_SemiBin_94	54.36775
cpsnj03_SemiBin_43	12.429535
cpsnj03_SemiBin_71	8.044768
cpsnj03_SemiBin_192	18.809736
cpsnj03_SemiBin_42	18.290222
cpsnj03_SemiBin_22	17.968418
cpsnj03_SemiBin_29	26.998892
cpsnj03_SemiBin_200	45.616184
cpsnj03_SemiBin_17	23.217884
cpsnj03_SemiBin_1493	45.982044
cpsnj03_SemiBin_66	21.94945
cpsnj03_SemiBin_792	31.359915
cpsnj03_SemiBin_216	45.077217
cpsnj03_SemiBin_153	19.61379
cpsnj03_SemiBin_127	6.3934116
cpsnj03_SemiBin_8	37.441216
cpsnj03_SemiBin_77	8.550451
cpsnj03_SemiBin_118	21.331707
cpsnj03_SemiBin_50	30.88092
cpsnj03_SemiBin_39	12.829622
cpsnj03_SemiBin_21	13.237818
cpsnj03_SemiBin_56	7.266892
cpsnj03_SemiBin_59	52.115837
cpsnj03_SemiBin_10	46.82019
cpsnj03_SemiBin_72	36.075954
cpsnj03_SemiBin_116	32.11988
cpsnj03_SemiBin_210	48.51024
cpsnj03_SemiBin_2	19.376032
cpsnj03_SemiBin_32	8.272228
cpsnj03_SemiBin_11	34.66629
cpsnj03_SemiBin_13	19.495325
cpsnj03_SemiBin_105	29.667482
cpsnj03_SemiBin_125	12.694569
cpsnj03_SemiBin_1	16.556597
cpsnj03_SemiBin_85	19.418846
cpsnj03_SemiBin_0	35.099434
cpsnj03_SemiBin_74	49.634132
cpsnj03_SemiBin_69	11.723487
cpsnj03_SemiBin_1483	15.431309
Genome	cpsnj04_ont_trim_filter_500_porechop.fastq.gz Mean
cpsnj04_SemiBin_79	106.71917
cpsnj04_SemiBin_143	10.468267
cpsnj04_SemiBin_102	54.77303
cpsnj04_SemiBin_1080	41.179928
cpsnj04_SemiBin_55	96.132904
cpsnj04_SemiBin_278	18.894934
cpsnj04_SemiBin_122	13.880679
cpsnj04_SemiBin_2289	70.65072
cpsnj04_SemiBin_112	49.277843
cpsnj04_SemiBin_16	27.257305
cpsnj04_SemiBin_74	10.744866
cpsnj04_SemiBin_228	5.729938
cpsnj04_SemiBin_75	59.59388
cpsnj04_SemiBin_14	44.552517
cpsnj04_SemiBin_39	31.137074
cpsnj04_SemiBin_12	35.50682
cpsnj04_SemiBin_125	57.008274
cpsnj04_SemiBin_118	15.790893
cpsnj04_SemiBin_104	28.94742
cpsnj04_SemiBin_17	45.008987
cpsnj04_SemiBin_25	91.948524
cpsnj04_SemiBin_15	75.799995
cpsnj04_SemiBin_3	29.556736
cpsnj04_SemiBin_200	77.2549
cpsnj04_SemiBin_40	25.013924
cpsnj04_SemiBin_35	21.091152
cpsnj04_SemiBin_129	12.310084
cpsnj04_SemiBin_26	57.837788
cpsnj04_SemiBin_76	26.606121
cpsnj04_SemiBin_113	26.366213
cpsnj04_SemiBin_37	10.487307
cpsnj04_SemiBin_33	43.36694
cpsnj04_SemiBin_7	14.866936
cpsnj04_SemiBin_8	25.100002
cpsnj04_SemiBin_4	74.34645
cpsnj04_SemiBin_100	22.420988
cpsnj04_SemiBin_10	29.478113
cpsnj04_SemiBin_20	63.47387
cpsnj04_SemiBin_250	26.52552
cpsnj04_SemiBin_222	22.673244
cpsnj04_SemiBin_49	29.868391
cpsnj04_SemiBin_62	41.763386
cpsnj04_SemiBin_135	51.66745
cpsnj04_SemiBin_46	12.540487
cpsnj04_SemiBin_48	12.532675
cpsnj04_SemiBin_443	14.24336
cpsnj04_SemiBin_126	17.78161
cpsnj04_SemiBin_59	14.502386
cpsnj04_SemiBin_625	56.92154
cpsnj04_SemiBin_108	20.451916
cpsnj04_SemiBin_168	55.035774
cpsnj04_SemiBin_189	70.31707
cpsnj04_SemiBin_11	14.70445
cpsnj04_SemiBin_5	29.955292
cpsnj04_SemiBin_68	18.017376
cpsnj04_SemiBin_84	20.417463
cpsnj04_SemiBin_170	88.95675
cpsnj04_SemiBin_53	12.542466
cpsnj04_SemiBin_94	35.87191
cpsnj04_SemiBin_67	7.4393277
cpsnj04_SemiBin_164	48.585697
cpsnj04_SemiBin_131	12.460379
cpsnj04_SemiBin_38	46.099907
cpsnj04_SemiBin_111	14.485972
cpsnj04_SemiBin_28	45.47821
cpsnj04_SemiBin_24	15.129672
cpsnj04_SemiBin_65	33.407093
cpsnj04_SemiBin_481	66.48051
cpsnj04_SemiBin_78	16.332483
cpsnj04_SemiBin_149	21.157866
cpsnj04_SemiBin_260	92.29519
cpsnj04_SemiBin_60	78.41763
cpsnj04_SemiBin_95	29.532148
cpsnj04_SemiBin_50	40.921745
cpsnj04_SemiBin_22	27.234047
cpsnj04_SemiBin_58	32.594105
cpsnj04_SemiBin_27	57.59429
cpsnj04_SemiBin_47	79.8176
cpsnj04_SemiBin_158	12.917783
cpsnj04_SemiBin_56	19.129242
cpsnj04_SemiBin_63	15.416965
cpsnj04_SemiBin_31	36.838825
cpsnj04_SemiBin_2241	45.068737
cpsnj04_SemiBin_69	97.65446
cpsnj04_SemiBin_177	40.164078
cpsnj04_SemiBin_105	28.29896
cpsnj04_SemiBin_70	39.34767
cpsnj04_SemiBin_96	11.485623
cpsnj04_SemiBin_136	92.42255
cpsnj04_SemiBin_71	26.344835
cpsnj04_SemiBin_119	25.240381
cpsnj04_SemiBin_57	53.38041
cpsnj04_SemiBin_110	17.689102
cpsnj04_SemiBin_439	15.468995
cpsnj04_SemiBin_41	37.25819
cpsnj04_SemiBin_83	30.700384
cpsnj04_SemiBin_1	64.8137
cpsnj04_SemiBin_82	23.927122
cpsnj04_SemiBin_36	32.15177
cpsnj04_SemiBin_137	18.512678
cpsnj04_SemiBin_953	43.229958
cpsnj04_SemiBin_750	30.112648
cpsnj04_SemiBin_64	37.128277
cpsnj04_SemiBin_87	16.433588
cpsnj04_SemiBin_6	25.975418
cpsnj04_SemiBin_19	13.546946
cpsnj04_SemiBin_80	61.06434
cpsnj04_SemiBin_88	13.342805
cpsnj04_SemiBin_92	18.221987
cpsnj04_SemiBin_89	54.96257
cpsnj04_SemiBin_138	19.019224
cpsnj04_SemiBin_144	66.273506
cpsnj04_SemiBin_54	39.274113
cpsnj04_SemiBin_44	10.297547
cpsnj04_SemiBin_99	12.812623
cpsnj04_SemiBin_121	15.954651
cpsnj04_SemiBin_34	22.789997
cpsnj04_SemiBin_106	45.09812
cpsnj04_SemiBin_52	32.708046
cpsnj04_SemiBin_45	11.284641
cpsnj04_SemiBin_2	21.67512
cpsnj04_SemiBin_18	27.38299
cpsnj04_SemiBin_30	27.911919
cpsnj04_SemiBin_42	7.119176
cpsnj04_SemiBin_51	48.099724
cpsnj04_SemiBin_141	30.937878
cpsnj04_SemiBin_23	30.98842
cpsnj04_SemiBin_371	80.58539
cpsnj04_SemiBin_73	33.74523
cpsnj04_SemiBin_93	43.505123
cpsnj04_SemiBin_175	66.509155
cpsnj04_SemiBin_66	14.858727
cpsnj04_SemiBin_91	36.65418
cpsnj04_SemiBin_101	49.27617
cpsnj04_SemiBin_150	47.25021
cpsnj04_SemiBin_145	48.2043
cpsnj04_SemiBin_21	94.8228
cpsnj04_SemiBin_0	88.216324
cpsnj04_SemiBin_72	35.686935
cpsnj04_SemiBin_139	20.012115
cpsnj04_SemiBin_128	11.986969
cpsnj04_SemiBin_210	21.906984
cpsnj04_SemiBin_29	53.54072
cpsnj04_SemiBin_32	13.642938
cpsnj04_SemiBin_163	27.305853
cpsnj04_SemiBin_13	24.98335
cpsnj04_SemiBin_9	66.86162
cpsnj04_SemiBin_43	14.844002
Genome	cpsnj08_ont_trim_filter_500_porechop.fastq Mean
cpsnj08_SemiBin_89	14.811439
cpsnj08_SemiBin_33	10.271283
cpsnj08_SemiBin_514	48.899006
cpsnj08_SemiBin_99	11.231614
cpsnj08_SemiBin_74	32.816757
cpsnj08_SemiBin_21	23.822676
cpsnj08_SemiBin_35	22.61517
cpsnj08_SemiBin_53	36.381836
cpsnj08_SemiBin_1	48.06775
cpsnj08_SemiBin_366	53.08464
cpsnj08_SemiBin_168	25.698326
cpsnj08_SemiBin_23	33.884007
cpsnj08_SemiBin_16	29.84597
cpsnj08_SemiBin_11	23.48439
cpsnj08_SemiBin_19	13.467835
cpsnj08_SemiBin_195	37.11829
cpsnj08_SemiBin_42	53.89543
cpsnj08_SemiBin_58	18.29877
cpsnj08_SemiBin_79	9.070382
cpsnj08_SemiBin_8	11.536585
cpsnj08_SemiBin_65	7.6013417
cpsnj08_SemiBin_13	14.223035
cpsnj08_SemiBin_81	14.236164
cpsnj08_SemiBin_85	20.402008
cpsnj08_SemiBin_30	7.1615596
cpsnj08_SemiBin_20	27.824091
cpsnj08_SemiBin_148	12.028521
cpsnj08_SemiBin_5	15.336462
cpsnj08_SemiBin_9	54.297783
cpsnj08_SemiBin_61	29.151026
cpsnj08_SemiBin_15	41.37673
cpsnj08_SemiBin_36	18.218271
cpsnj08_SemiBin_10	21.437733
cpsnj08_SemiBin_64	20.252798
cpsnj08_SemiBin_91	9.051945
cpsnj08_SemiBin_39	40.204807
cpsnj08_SemiBin_106	14.161134
cpsnj08_SemiBin_41	14.48265
cpsnj08_SemiBin_12	44.609123
cpsnj08_SemiBin_120	13.542627
cpsnj08_SemiBin_117	53.461246
cpsnj08_SemiBin_342	6.8693027
cpsnj08_SemiBin_68	27.084023
cpsnj08_SemiBin_4	39.046074
cpsnj08_SemiBin_1311	13.745547
cpsnj08_SemiBin_95	10.63035
cpsnj08_SemiBin_27	19.457346
cpsnj08_SemiBin_17	7.9830155
cpsnj08_SemiBin_49	35.477
cpsnj08_SemiBin_31	17.008091
cpsnj08_SemiBin_67	19.827816
cpsnj08_SemiBin_102	55.193573
cpsnj08_SemiBin_101	24.253178
cpsnj08_SemiBin_62	10.512911
cpsnj08_SemiBin_50	32.472355
cpsnj08_SemiBin_92	11.690336
cpsnj08_SemiBin_134	14.700099
cpsnj08_SemiBin_71	10.716778
cpsnj08_SemiBin_100	16.245575
cpsnj08_SemiBin_156	25.14013
cpsnj08_SemiBin_51	21.496635
cpsnj08_SemiBin_22	33.756756
cpsnj08_SemiBin_37	8.787565
cpsnj08_SemiBin_70	13.995101
cpsnj08_SemiBin_135	21.063885
cpsnj08_SemiBin_18	16.322931
cpsnj08_SemiBin_40	40.63418
cpsnj08_SemiBin_24	45.86338
cpsnj08_SemiBin_72	14.43972
cpsnj08_SemiBin_1239	25.41266
cpsnj08_SemiBin_76	21.556942
cpsnj08_SemiBin_80	7.369101
cpsnj08_SemiBin_0	23.204182
cpsnj08_SemiBin_131	49.475147
cpsnj08_SemiBin_59	24.330296
cpsnj08_SemiBin_52	30.737785
cpsnj08_SemiBin_2	22.425734
cpsnj08_SemiBin_77	17.703827
cpsnj08_SemiBin_1244	12.182669
cpsnj08_SemiBin_54	24.188622
cpsnj08_SemiBin_69	5.228345
cpsnj08_SemiBin_104	50.916195
cpsnj08_SemiBin_26	43.566536
cpsnj08_SemiBin_29	29.275795
cpsnj08_SemiBin_152	9.604952
cpsnj08_SemiBin_94	6.558356
cpsnj08_SemiBin_116	24.708603
cpsnj08_SemiBin_34	6.9675283
cpsnj08_SemiBin_6	29.11018
cpsnj08_SemiBin_3	18.891003
cpsnj08_SemiBin_78	10.12497
cpsnj08_SemiBin_144	34.223045
cpsnj08_SemiBin_60	31.790985
cpsnj08_SemiBin_25	52.260155
cpsnj08_SemiBin_63	18.717741
cpsnj08_SemiBin_103	7.0821857
cpsnj08_SemiBin_47	36.929554
cpsnj08_SemiBin_28	36.1575
cpsnj08_SemiBin_7	40.845215
cpsnj08_SemiBin_43	36.473717
cpsnj08_SemiBin_127	23.27574
cpsnj08_SemiBin_561	61.741028
cpsnj08_SemiBin_170	53.4797
cpsnj08_SemiBin_82	25.136587
cpsnj08_SemiBin_96	15.059253
cpsnj08_SemiBin_93	7.7854786
cpsnj08_SemiBin_73	21.493744
cpsnj08_SemiBin_110	55.35817
cpsnj08_SemiBin_45	34.978806
cpsnj08_SemiBin_75	46.938507
cpsnj08_SemiBin_112	43.321964
cpsnj08_SemiBin_38	31.106209
cpsnj08_SemiBin_57	10.518751
cpsnj08_SemiBin_97	8.850826
cpsnj08_SemiBin_229	21.627193
cpsnj08_SemiBin_211	10.175078
cpsnj08_SemiBin_44	22.136631
cpsnj08_SemiBin_14	33.33429
cpsnj08_SemiBin_56	12.283636
cpsnj08_SemiBin_146	9.406142
cpsnj08_SemiBin_84	24.070732
cpsnj08_SemiBin_46	20.658371
cpsnj08_SemiBin_130	71.328186
cpsnj08_SemiBin_48	50.3354
cpsnj08_SemiBin_212	145.90608
cpsnj08_SemiBin_153	24.687653
cpsnj08_SemiBin_32	16.664867
Genome	cpsnj09_ont_trim_filter_500_porechop.fastq.gz Mean
cpsnj09_SemiBin_35	6.2359076
cpsnj09_SemiBin_95	4.2921815
cpsnj09_SemiBin_117	10.582237
cpsnj09_SemiBin_2	40.459328
cpsnj09_SemiBin_663	72.350784
cpsnj09_SemiBin_1515	8.619761
cpsnj09_SemiBin_66	9.489797
cpsnj09_SemiBin_174	3.0172138
cpsnj09_SemiBin_377	8.738101
cpsnj09_SemiBin_302	5.080715
cpsnj09_SemiBin_3	6.5849743
cpsnj09_SemiBin_135	3.6450856
cpsnj09_SemiBin_315	12.892803
cpsnj09_SemiBin_321	9.768502
cpsnj09_SemiBin_192	6.745747
cpsnj09_SemiBin_31	43.16527
cpsnj09_SemiBin_2176	11.743879
cpsnj09_SemiBin_73	5.621817
cpsnj09_SemiBin_90	15.658174
cpsnj09_SemiBin_112	3.1767938
cpsnj09_SemiBin_119	5.633835
cpsnj09_SemiBin_244	14.201561
cpsnj09_SemiBin_207	13.598813
cpsnj09_SemiBin_127	6.689251
cpsnj09_SemiBin_133	5.4194317
cpsnj09_SemiBin_71	3.7031746
cpsnj09_SemiBin_34	5.9746532
cpsnj09_SemiBin_319	10.0407095
cpsnj09_SemiBin_65	7.724493
cpsnj09_SemiBin_1	8.030611
cpsnj09_SemiBin_149	7.7070975
cpsnj09_SemiBin_116	15.925396
cpsnj09_SemiBin_32	20.446875
cpsnj09_SemiBin_102	11.651709
cpsnj09_SemiBin_24	7.967087
cpsnj09_SemiBin_12	9.561748
cpsnj09_SemiBin_42	6.1622767
cpsnj09_SemiBin_735	3.770585
cpsnj09_SemiBin_141	10.590858
cpsnj09_SemiBin_0	14.575891
cpsnj09_SemiBin_40	5.5634403
cpsnj09_SemiBin_13	7.959467
cpsnj09_SemiBin_63	10.686824
cpsnj09_SemiBin_143	15.561487
cpsnj09_SemiBin_257	15.686178
cpsnj09_SemiBin_298	17.716372
cpsnj09_SemiBin_148	1.9513167
cpsnj09_SemiBin_98	10.687872
cpsnj09_SemiBin_129	5.2690573
cpsnj09_SemiBin_351	3.5826948
cpsnj09_SemiBin_150	11.130513
cpsnj09_SemiBin_81	20.976795
cpsnj09_SemiBin_885	13.65055
cpsnj09_SemiBin_97	7.010795
cpsnj09_SemiBin_38	35.098682
cpsnj09_SemiBin_80	8.377174
cpsnj09_SemiBin_11	21.312996
cpsnj09_SemiBin_22	21.765873
cpsnj09_SemiBin_197	8.42033
cpsnj09_SemiBin_394	19.444569
cpsnj09_SemiBin_169	13.800082
cpsnj09_SemiBin_64	2.6945722
cpsnj09_SemiBin_37	28.554697
cpsnj09_SemiBin_87	5.2542386
cpsnj09_SemiBin_681	13.756284
cpsnj09_SemiBin_27	19.924742
cpsnj09_SemiBin_147	3.2391853
cpsnj09_SemiBin_60	19.698694
cpsnj09_SemiBin_48	6.4726276
cpsnj09_SemiBin_51	6.247715
cpsnj09_SemiBin_41	10.724484
cpsnj09_SemiBin_62	8.680181
cpsnj09_SemiBin_10	23.40299
cpsnj09_SemiBin_26	17.60831
cpsnj09_SemiBin_172	5.3043747
cpsnj09_SemiBin_59	26.50897
cpsnj09_SemiBin_45	9.42027
cpsnj09_SemiBin_216	3.272779
cpsnj09_SemiBin_70	8.898597
cpsnj09_SemiBin_369	7.0530157
cpsnj09_SemiBin_96	11.118619
cpsnj09_SemiBin_61	10.06097
cpsnj09_SemiBin_242	70.39432
cpsnj09_SemiBin_264	3.544194
cpsnj09_SemiBin_105	6.5868993
cpsnj09_SemiBin_144	3.9967933
cpsnj09_SemiBin_15	9.611566
cpsnj09_SemiBin_85	9.421577
cpsnj09_SemiBin_161	10.161712
cpsnj09_SemiBin_243	6.959872
cpsnj09_SemiBin_139	4.257059
cpsnj09_SemiBin_151	12.614753
cpsnj09_SemiBin_390	11.128134
cpsnj09_SemiBin_93	6.4699736
cpsnj09_SemiBin_9	13.700954
cpsnj09_SemiBin_131	3.8697174
cpsnj09_SemiBin_20	16.663988
cpsnj09_SemiBin_18	29.322853
cpsnj09_SemiBin_336	12.824692
cpsnj09_SemiBin_8	18.572828
cpsnj09_SemiBin_118	10.960346
cpsnj09_SemiBin_91	19.703642
cpsnj09_SemiBin_718	20.307014
cpsnj09_SemiBin_94	8.558234
cpsnj09_SemiBin_7	15.035319
cpsnj09_SemiBin_74	7.0729456
cpsnj09_SemiBin_246	12.430465
cpsnj09_SemiBin_158	6.190812
cpsnj09_SemiBin_1949	7.265454
cpsnj09_SemiBin_69	21.43408
cpsnj09_SemiBin_39	5.481548
cpsnj09_SemiBin_136	12.4051075
cpsnj09_SemiBin_292	11.158103
cpsnj09_SemiBin_128	21.056536
cpsnj09_SemiBin_115	18.87834
cpsnj09_SemiBin_109	7.5792255
cpsnj09_SemiBin_217	12.218256
cpsnj09_SemiBin_99	6.3249993
cpsnj09_SemiBin_138	17.95137
cpsnj09_SemiBin_21	8.497376
cpsnj09_SemiBin_36	10.495386
cpsnj09_SemiBin_123	12.655281
cpsnj09_SemiBin_72	5.064219
cpsnj09_SemiBin_46	4.5900564
cpsnj09_SemiBin_275	8.825463
cpsnj09_SemiBin_33	8.196901
cpsnj09_SemiBin_107	12.107712
cpsnj09_SemiBin_346	11.220049
cpsnj09_SemiBin_100	3.3849688
cpsnj09_SemiBin_53	12.315241
cpsnj09_SemiBin_159	5.9657254
cpsnj09_SemiBin_142	11.458756
cpsnj09_SemiBin_140	5.550177
cpsnj09_SemiBin_173	7.467671
cpsnj09_SemiBin_86	9.557643
cpsnj09_SemiBin_104	18.432549
cpsnj09_SemiBin_279	10.095348
cpsnj09_SemiBin_17	8.494509
cpsnj09_SemiBin_120	9.992002
cpsnj09_SemiBin_111	4.53008
cpsnj09_SemiBin_49	4.639784
cpsnj09_SemiBin_43	9.483502
cpsnj09_SemiBin_223	2.6899579
cpsnj09_SemiBin_14	15.867823
cpsnj09_SemiBin_137	5.8128233
cpsnj09_SemiBin_212	24.56574
cpsnj09_SemiBin_76	5.368794
cpsnj09_SemiBin_78	9.049833
cpsnj09_SemiBin_44	8.335515
cpsnj09_SemiBin_167	11.548941
cpsnj09_SemiBin_198	16.347595
cpsnj09_SemiBin_110	9.305801
cpsnj09_SemiBin_125	10.335023
cpsnj09_SemiBin_68	9.56921
cpsnj09_SemiBin_77	9.468652
cpsnj09_SemiBin_287	6.866589
cpsnj09_SemiBin_124	8.670917
cpsnj09_SemiBin_19	13.074612
cpsnj09_SemiBin_92	22.242826
cpsnj09_SemiBin_47	7.4919605
cpsnj09_SemiBin_56	20.168743
cpsnj09_SemiBin_221	8.953432
cpsnj09_SemiBin_29	11.469729
cpsnj09_SemiBin_6	13.106756
cpsnj09_SemiBin_160	13.267547
cpsnj09_SemiBin_320	72.09742
cpsnj09_SemiBin_344	23.772465
cpsnj09_SemiBin_165	25.35747
cpsnj09_SemiBin_132	6.780596
cpsnj09_SemiBin_626	14.389511
cpsnj09_SemiBin_30	9.183246
cpsnj09_SemiBin_67	10.263521
cpsnj09_SemiBin_55	7.3268585
cpsnj09_SemiBin_50	6.090398
cpsnj09_SemiBin_54	60.117294
cpsnj09_SemiBin_4	19.612965
cpsnj09_SemiBin_23	10.397089
cpsnj09_SemiBin_28	15.219429
cpsnj09_SemiBin_103	6.9456997
cpsnj09_SemiBin_108	10.644777
cpsnj09_SemiBin_122	17.68299
cpsnj09_SemiBin_58	16.60147
cpsnj09_SemiBin_82	9.775142
cpsnj09_SemiBin_52	13.277555
cpsnj09_SemiBin_126	4.242823
cpsnj09_SemiBin_113	6.7906203
cpsnj09_SemiBin_57	9.194791
cpsnj09_SemiBin_5	9.867688
cpsnj09_SemiBin_114	5.7313714
cpsnj09_SemiBin_88	16.939356
cpsnj09_SemiBin_84	12.783384
cpsnj09_SemiBin_25	13.468792
cpsnj09_SemiBin_16	7.7544684
Genome	cpsnj10_ont_trim_filter_500_porechop.fastq.gz Mean
cpsnj10_SemiBin_56	45.112823
cpsnj10_SemiBin_62	20.998966
cpsnj10_SemiBin_1505	17.09518
cpsnj10_SemiBin_265	13.136842
cpsnj10_SemiBin_5	35.81348
cpsnj10_SemiBin_175	53.43083
cpsnj10_SemiBin_73	9.469628
cpsnj10_SemiBin_74	30.615606
cpsnj10_SemiBin_31	47.746452
cpsnj10_SemiBin_90	12.981805
cpsnj10_SemiBin_129	7.224797
cpsnj10_SemiBin_154	34.830246
cpsnj10_SemiBin_224	13.901157
cpsnj10_SemiBin_4	14.876522
cpsnj10_SemiBin_169	35.8244
cpsnj10_SemiBin_208	24.246817
cpsnj10_SemiBin_21	11.877696
cpsnj10_SemiBin_70	9.3803
cpsnj10_SemiBin_89	32.827206
cpsnj10_SemiBin_14	57.417156
cpsnj10_SemiBin_22	26.98894
cpsnj10_SemiBin_27	30.855053
cpsnj10_SemiBin_44	21.414373
cpsnj10_SemiBin_51	22.930553
cpsnj10_SemiBin_26	22.821407
cpsnj10_SemiBin_42	57.060944
cpsnj10_SemiBin_68	29.649082
cpsnj10_SemiBin_93	18.366217
cpsnj10_SemiBin_114	39.298904
cpsnj10_SemiBin_94	34.086964
cpsnj10_SemiBin_238	16.62564
cpsnj10_SemiBin_50	87.55528
cpsnj10_SemiBin_97	11.003239
cpsnj10_SemiBin_75	12.422647
cpsnj10_SemiBin_162	7.711651
cpsnj10_SemiBin_9	29.82738
cpsnj10_SemiBin_110	17.154354
cpsnj10_SemiBin_167	38.95992
cpsnj10_SemiBin_53	57.680405
cpsnj10_SemiBin_1872	9.971671
cpsnj10_SemiBin_469	6.8524504
cpsnj10_SemiBin_10	23.211716
cpsnj10_SemiBin_83	29.038408
cpsnj10_SemiBin_148	9.5527725
cpsnj10_SemiBin_210	24.8853
cpsnj10_SemiBin_28	12.4820795
cpsnj10_SemiBin_19	37.125183
cpsnj10_SemiBin_165	19.305464
cpsnj10_SemiBin_109	133.1734
cpsnj10_SemiBin_281	135.5188
cpsnj10_SemiBin_25	13.230413
cpsnj10_SemiBin_361	11.496197
cpsnj10_SemiBin_128	19.122341
cpsnj10_SemiBin_34	21.36432
cpsnj10_SemiBin_107	18.217516
cpsnj10_SemiBin_117	29.430471
cpsnj10_SemiBin_67	7.9667478
cpsnj10_SemiBin_82	28.236816
cpsnj10_SemiBin_124	7.2420034
cpsnj10_SemiBin_47	23.522238
cpsnj10_SemiBin_179	72.41659
cpsnj10_SemiBin_130	16.276476
cpsnj10_SemiBin_88	27.799292
cpsnj10_SemiBin_122	37.255108
cpsnj10_SemiBin_43	13.865805
cpsnj10_SemiBin_15	21.165546
cpsnj10_SemiBin_102	15.468144
cpsnj10_SemiBin_36	20.971287
cpsnj10_SemiBin_174	10.262008
cpsnj10_SemiBin_143	23.484987
cpsnj10_SemiBin_189	7.0532184
cpsnj10_SemiBin_69	30.869228
cpsnj10_SemiBin_209	44.43613
cpsnj10_SemiBin_23	18.553877
cpsnj10_SemiBin_136	8.34096
cpsnj10_SemiBin_131	13.541311
cpsnj10_SemiBin_18	149.05635
cpsnj10_SemiBin_141	11.490822
cpsnj10_SemiBin_968	8.731636
cpsnj10_SemiBin_159	9.662814
cpsnj10_SemiBin_35	14.131346
cpsnj10_SemiBin_81	32.652
cpsnj10_SemiBin_103	24.335945
cpsnj10_SemiBin_293	43.930885
cpsnj10_SemiBin_139	42.841125
cpsnj10_SemiBin_106	17.564535
cpsnj10_SemiBin_135	14.938231
cpsnj10_SemiBin_291	15.524943
cpsnj10_SemiBin_41	8.3393955
cpsnj10_SemiBin_45	22.318354
cpsnj10_SemiBin_46	47.196617
cpsnj10_SemiBin_99	25.37362
cpsnj10_SemiBin_247	22.600525
cpsnj10_SemiBin_1846	15.970493
cpsnj10_SemiBin_0	14.395671
cpsnj10_SemiBin_78	58.54649
cpsnj10_SemiBin_105	8.165691
cpsnj10_SemiBin_12	15.60889
cpsnj10_SemiBin_115	63.208923
cpsnj10_SemiBin_6	33.14254
cpsnj10_SemiBin_827	5.082061
cpsnj10_SemiBin_60	17.260942
cpsnj10_SemiBin_76	32.407207
cpsnj10_SemiBin_156	19.187082
cpsnj10_SemiBin_217	13.956267
cpsnj10_SemiBin_87	38.669773
cpsnj10_SemiBin_64	47.06987
cpsnj10_SemiBin_219	19.344296
cpsnj10_SemiBin_71	10.396085
cpsnj10_SemiBin_104	35.635796
cpsnj10_SemiBin_38	27.814392
cpsnj10_SemiBin_95	66.57551
cpsnj10_SemiBin_85	20.516712
cpsnj10_SemiBin_1817	12.173527
cpsnj10_SemiBin_7	87.96915
cpsnj10_SemiBin_96	35.823746
cpsnj10_SemiBin_1	46.465626
cpsnj10_SemiBin_59	32.207912
cpsnj10_SemiBin_244	19.003288
cpsnj10_SemiBin_149	33.741817
cpsnj10_SemiBin_66	30.538782
cpsnj10_SemiBin_52	26.611172
cpsnj10_SemiBin_140	8.323679
cpsnj10_SemiBin_16	32.106
cpsnj10_SemiBin_77	28.849245
cpsnj10_SemiBin_125	43.961784
cpsnj10_SemiBin_3	49.19098
cpsnj10_SemiBin_736	56.497852
cpsnj10_SemiBin_523	28.618084
cpsnj10_SemiBin_108	14.44496
cpsnj10_SemiBin_113	74.982315
cpsnj10_SemiBin_63	105.09762
cpsnj10_SemiBin_120	25.081787
cpsnj10_SemiBin_57	13.712239
cpsnj10_SemiBin_65	23.807076
cpsnj10_SemiBin_24	29.765184
cpsnj10_SemiBin_91	28.069912
cpsnj10_SemiBin_145	13.719787
cpsnj10_SemiBin_58	22.763428
cpsnj10_SemiBin_164	77.548355
cpsnj10_SemiBin_79	17.679647
cpsnj10_SemiBin_39	35.976643
cpsnj10_SemiBin_8	39.013393
cpsnj10_SemiBin_30	34.938004
cpsnj10_SemiBin_33	7.021712
cpsnj10_SemiBin_658	42.170586
cpsnj10_SemiBin_40	29.96785
cpsnj10_SemiBin_121	26.74284
cpsnj10_SemiBin_302	16.539669
cpsnj10_SemiBin_112	36.753178
cpsnj10_SemiBin_191	23.42779
cpsnj10_SemiBin_92	34.995464
cpsnj10_SemiBin_2	23.633036
cpsnj10_SemiBin_126	20.9069
cpsnj10_SemiBin_49	50.001904
cpsnj10_SemiBin_55	51.12224
cpsnj10_SemiBin_119	27.334406
cpsnj10_SemiBin_13	21.097769
cpsnj10_SemiBin_29	19.89293
Genome	cpsnj11_ont_trim_filter_500_porechop.fastq.gz Mean
cpsnj11_SemiBin_20	39.98755
cpsnj11_SemiBin_91	48.85153
cpsnj11_SemiBin_73	18.835743
cpsnj11_SemiBin_158	50.22721
cpsnj11_SemiBin_82	16.457195
cpsnj11_SemiBin_55	22.95813
cpsnj11_SemiBin_65	71.08542
cpsnj11_SemiBin_49	38.65715
cpsnj11_SemiBin_501	22.847048
cpsnj11_SemiBin_188	16.097664
cpsnj11_SemiBin_207	28.583569
cpsnj11_SemiBin_1862	23.605751
cpsnj11_SemiBin_37	13.784389
cpsnj11_SemiBin_66	16.533747
cpsnj11_SemiBin_56	20.965105
cpsnj11_SemiBin_64	22.170502
cpsnj11_SemiBin_42	34.956707
cpsnj11_SemiBin_221	55.184963
cpsnj11_SemiBin_4	23.50514
cpsnj11_SemiBin_125	26.141994
cpsnj11_SemiBin_22	22.238144
cpsnj11_SemiBin_62	19.618113
cpsnj11_SemiBin_200	18.763285
cpsnj11_SemiBin_33	20.177555
cpsnj11_SemiBin_675	20.753296
cpsnj11_SemiBin_14	15.642856
cpsnj11_SemiBin_69	28.313887
cpsnj11_SemiBin_79	11.71733
cpsnj11_SemiBin_32	25.628916
cpsnj11_SemiBin_1859	26.435307
cpsnj11_SemiBin_54	42.81507
cpsnj11_SemiBin_24	10.533374
cpsnj11_SemiBin_85	15.631921
cpsnj11_SemiBin_17	10.183128
cpsnj11_SemiBin_81	23.54393
cpsnj11_SemiBin_70	64.02762
cpsnj11_SemiBin_137	20.4591
cpsnj11_SemiBin_192	26.45593
cpsnj11_SemiBin_58	20.14426
cpsnj11_SemiBin_11	33.27537
cpsnj11_SemiBin_28	35.52764
cpsnj11_SemiBin_95	15.262288
cpsnj11_SemiBin_1	35.25821
cpsnj11_SemiBin_130	14.519144
cpsnj11_SemiBin_41	14.255507
cpsnj11_SemiBin_34	40.332207
cpsnj11_SemiBin_21	54.90961
cpsnj11_SemiBin_208	14.818158
cpsnj11_SemiBin_13	23.71559
cpsnj11_SemiBin_134	23.874065
cpsnj11_SemiBin_99	48.613846
cpsnj11_SemiBin_195	23.348299
cpsnj11_SemiBin_151	13.1611185
cpsnj11_SemiBin_129	26.997538
cpsnj11_SemiBin_27	12.138356
cpsnj11_SemiBin_1855	19.206789
cpsnj11_SemiBin_5	22.606794
cpsnj11_SemiBin_103	17.013676
cpsnj11_SemiBin_51	52.56678
cpsnj11_SemiBin_60	23.003778
cpsnj11_SemiBin_38	15.276142
cpsnj11_SemiBin_71	15.699086
cpsnj11_SemiBin_104	27.04479
cpsnj11_SemiBin_43	10.146404
cpsnj11_SemiBin_301	47.014107
cpsnj11_SemiBin_167	13.517782
cpsnj11_SemiBin_10	29.781212
cpsnj11_SemiBin_142	11.32631
cpsnj11_SemiBin_39	15.706506
cpsnj11_SemiBin_361	42.687984
cpsnj11_SemiBin_984	20.650454
cpsnj11_SemiBin_44	24.547163
cpsnj11_SemiBin_97	15.014134
cpsnj11_SemiBin_94	8.631771
cpsnj11_SemiBin_15	22.066595
cpsnj11_SemiBin_164	16.373837
cpsnj11_SemiBin_118	8.3161745
cpsnj11_SemiBin_96	21.515732
cpsnj11_SemiBin_77	20.953993
cpsnj11_SemiBin_284	29.92789
cpsnj11_SemiBin_190	63.88291
cpsnj11_SemiBin_100	19.82249
cpsnj11_SemiBin_0	8.989721
cpsnj11_SemiBin_345	10.126396
cpsnj11_SemiBin_179	49.300545
cpsnj11_SemiBin_271	12.385566
cpsnj11_SemiBin_106	13.025132
cpsnj11_SemiBin_30	36.90091
cpsnj11_SemiBin_156	49.100452
cpsnj11_SemiBin_162	27.48446
cpsnj11_SemiBin_26	31.84783
cpsnj11_SemiBin_174	7.232288
cpsnj11_SemiBin_75	15.651923
cpsnj11_SemiBin_293	32.80986
cpsnj11_SemiBin_84	30.177614
cpsnj11_SemiBin_9	36.55857
cpsnj11_SemiBin_286	28.813707
cpsnj11_SemiBin_47	38.651337
cpsnj11_SemiBin_116	20.631191
cpsnj11_SemiBin_78	10.918913
cpsnj11_SemiBin_59	12.980173
cpsnj11_SemiBin_6	23.129509
cpsnj11_SemiBin_209	17.157478
cpsnj11_SemiBin_3	15.528965
cpsnj11_SemiBin_153	28.20272
cpsnj11_SemiBin_61	27.13672
cpsnj11_SemiBin_329	99.32135
cpsnj11_SemiBin_18	15.922654
cpsnj11_SemiBin_90	60.982925
cpsnj11_SemiBin_128	19.811815
cpsnj11_SemiBin_31	15.341179
cpsnj11_SemiBin_123	16.689312
cpsnj11_SemiBin_7	23.964766
cpsnj11_SemiBin_198	13.845672
cpsnj11_SemiBin_101	21.913265
cpsnj11_SemiBin_46	20.822277
cpsnj11_SemiBin_35	11.446624
cpsnj11_SemiBin_121	34.9276
cpsnj11_SemiBin_603	12.306491
cpsnj11_SemiBin_122	6.371142
cpsnj11_SemiBin_83	19.697191
cpsnj11_SemiBin_1865	32.78218
cpsnj11_SemiBin_349	11.144369
cpsnj11_SemiBin_111	44.499866
cpsnj11_SemiBin_8	62.738663
cpsnj11_SemiBin_2	28.851225
cpsnj11_SemiBin_115	16.90569
cpsnj11_SemiBin_397	29.856817
cpsnj11_SemiBin_12	38.278004
cpsnj11_SemiBin_16	60.605167
cpsnj11_SemiBin_235	11.285024
cpsnj11_SemiBin_348	53.20783
cpsnj11_SemiBin_63	14.445627
cpsnj11_SemiBin_89	38.48414
cpsnj11_SemiBin_112	44.868324
cpsnj11_SemiBin_29	66.15869
cpsnj11_SemiBin_88	10.475115
cpsnj11_SemiBin_120	24.820713
cpsnj11_SemiBin_176	33.138687
cpsnj11_SemiBin_143	26.763563
cpsnj11_SemiBin_152	18.916426
cpsnj11_SemiBin_133	33.760643
cpsnj11_SemiBin_74	15.927991
cpsnj11_SemiBin_119	18.651978
cpsnj11_SemiBin_141	31.776705
cpsnj11_SemiBin_124	20.696896
cpsnj11_SemiBin_23	32.974747
cpsnj11_SemiBin_48	52.960587
cpsnj11_SemiBin_50	28.35055
cpsnj11_SemiBin_217	48.34914
cpsnj11_SemiBin_110	20.016459
cpsnj11_SemiBin_19	26.068384
cpsnj11_SemiBin_67	43.33318
cpsnj11_SemiBin_57	14.771958
cpsnj11_SemiBin_234	18.719881
cpsnj11_SemiBin_107	8.650208
cpsnj11_SemiBin_966	15.540617
cpsnj11_SemiBin_140	10.986238
cpsnj11_SemiBin_230	39.69788
cpsnj11_SemiBin_601	13.580608
cpsnj11_SemiBin_93	10.86287
cpsnj11_SemiBin_68	24.63808
cpsnj11_SemiBin_76	34.076477
cpsnj11_SemiBin_53	34.02615
cpsnj11_SemiBin_40	57.22343
cpsnj11_SemiBin_102	62.68877
cpsnj11_SemiBin_92	32.38495
cpsnj11_SemiBin_52	30.948708
cpsnj11_SemiBin_131	31.51733
cpsnj11_SemiBin_98	16.21783
Genome	cpsnj13_ont_trim_filter_500_porechop.fastq.gz Mean
cpsnj13_SemiBin_5	25.050732
cpsnj13_SemiBin_187	35.21104
cpsnj13_SemiBin_22	17.866587
cpsnj13_SemiBin_154	32.425644
cpsnj13_SemiBin_125	7.6509166
cpsnj13_SemiBin_53	10.12129
cpsnj13_SemiBin_145	24.132833
cpsnj13_SemiBin_144	33.539642
cpsnj13_SemiBin_143	20.498005
cpsnj13_SemiBin_65	15.345367
cpsnj13_SemiBin_46	33.056538
cpsnj13_SemiBin_44	12.972344
cpsnj13_SemiBin_40	12.881728
cpsnj13_SemiBin_72	35.292976
cpsnj13_SemiBin_73	9.191891
cpsnj13_SemiBin_6	26.418638
cpsnj13_SemiBin_4	35.12603
cpsnj13_SemiBin_110	17.340033
cpsnj13_SemiBin_54	26.811804
cpsnj13_SemiBin_104	11.023399
cpsnj13_SemiBin_75	15.559271
cpsnj13_SemiBin_42	5.4417653
cpsnj13_SemiBin_39	53.59673
cpsnj13_SemiBin_8	36.58918
cpsnj13_SemiBin_41	9.202067
cpsnj13_SemiBin_185	40.129143
cpsnj13_SemiBin_199	24.960829
cpsnj13_SemiBin_107	13.927134
cpsnj13_SemiBin_16	14.667882
cpsnj13_SemiBin_79	22.93256
cpsnj13_SemiBin_1	36.572052
cpsnj13_SemiBin_45	26.851177
cpsnj13_SemiBin_90	12.9102125
cpsnj13_SemiBin_31	16.97831
cpsnj13_SemiBin_61	17.850796
cpsnj13_SemiBin_120	27.037207
cpsnj13_SemiBin_43	30.191433
cpsnj13_SemiBin_47	10.320474
cpsnj13_SemiBin_70	30.852137
cpsnj13_SemiBin_95	27.015602
cpsnj13_SemiBin_9	63.099945
cpsnj13_SemiBin_102	24.376844
cpsnj13_SemiBin_33	9.235441
cpsnj13_SemiBin_37	44.987797
cpsnj13_SemiBin_211	30.595026
cpsnj13_SemiBin_24	52.185825
cpsnj13_SemiBin_23	25.907822
cpsnj13_SemiBin_86	48.353767
cpsnj13_SemiBin_141	25.913368
cpsnj13_SemiBin_7	13.965777
cpsnj13_SemiBin_3	43.0125
cpsnj13_SemiBin_231	19.28376
cpsnj13_SemiBin_18	20.77679
cpsnj13_SemiBin_113	22.76992
cpsnj13_SemiBin_69	7.944271
cpsnj13_SemiBin_58	14.096
cpsnj13_SemiBin_14	33.431828
cpsnj13_SemiBin_94	26.77702
cpsnj13_SemiBin_10	27.879442
cpsnj13_SemiBin_0	23.783344
cpsnj13_SemiBin_128	21.720734
cpsnj13_SemiBin_60	33.14188
cpsnj13_SemiBin_26	15.329053
cpsnj13_SemiBin_34	11.280676
cpsnj13_SemiBin_49	19.136967
cpsnj13_SemiBin_59	25.637476
cpsnj13_SemiBin_21	140.6616
cpsnj13_SemiBin_15	13.600709
cpsnj13_SemiBin_2	25.456089
cpsnj13_SemiBin_63	19.900343
cpsnj13_SemiBin_1479	14.430035
cpsnj13_SemiBin_222	33.2558
cpsnj13_SemiBin_181	50.18735
cpsnj13_SemiBin_77	22.196877
cpsnj13_SemiBin_13	25.060064
cpsnj13_SemiBin_370	18.919605
cpsnj13_SemiBin_27	38.93688
cpsnj13_SemiBin_89	20.548233
cpsnj13_SemiBin_81	11.020687
cpsnj13_SemiBin_99	28.520578
cpsnj13_SemiBin_68	12.985201
cpsnj13_SemiBin_200	25.214706
cpsnj13_SemiBin_541	41.3173
cpsnj13_SemiBin_62	42.055367
cpsnj13_SemiBin_156	20.028316
cpsnj13_SemiBin_116	31.260483
cpsnj13_SemiBin_148	37.715355
cpsnj13_SemiBin_76	10.93049
cpsnj13_SemiBin_269	44.608643
cpsnj13_SemiBin_55	22.781027
cpsnj13_SemiBin_91	31.221992
cpsnj13_SemiBin_83	39.981396
cpsnj13_SemiBin_115	28.601702
cpsnj13_SemiBin_82	23.73791
cpsnj13_SemiBin_28	45.433887
cpsnj13_SemiBin_87	50.669334
cpsnj13_SemiBin_88	17.28096
cpsnj13_SemiBin_310	34.723404
cpsnj13_SemiBin_48	31.645256
cpsnj13_SemiBin_169	41.032085
cpsnj13_SemiBin_114	13.726735
cpsnj13_SemiBin_67	12.904586
cpsnj13_SemiBin_92	6.533161
cpsnj13_SemiBin_74	12.599493
cpsnj13_SemiBin_429	40.631363
cpsnj13_SemiBin_12	34.96481
cpsnj13_SemiBin_97	22.440075
cpsnj13_SemiBin_30	24.060448
cpsnj13_SemiBin_19	30.008224
cpsnj13_SemiBin_25	48.01909
cpsnj13_SemiBin_111	16.327446
cpsnj13_SemiBin_56	37.54717
cpsnj13_SemiBin_35	8.958075
cpsnj13_SemiBin_29	40.50761
cpsnj13_SemiBin_98	17.550203
cpsnj13_SemiBin_118	111.2815
cpsnj13_SemiBin_17	19.068983
cpsnj13_SemiBin_32	12.371462
cpsnj13_SemiBin_105	45.335606
cpsnj13_SemiBin_178	6.8585935
cpsnj13_SemiBin_11	19.424292
cpsnj13_SemiBin_1487	14.152942
cpsnj13_SemiBin_52	8.443023
cpsnj13_SemiBin_122	18.262829
cpsnj13_SemiBin_36	15.91206
cpsnj13_SemiBin_71	134.66171
cpsnj13_SemiBin_66	15.909471
cpsnj14_Genome	cpsnj14_ont_trim_filter_500_porechop.fastq Mean
cpsnj14_SemiBin_159	24.711115
cpsnj14_SemiBin_137	17.637503
cpsnj14_SemiBin_34	28.237795
cpsnj14_SemiBin_96	15.5202265
cpsnj14_SemiBin_149	10.719931
cpsnj14_SemiBin_184	14.983687
cpsnj14_SemiBin_425	29.869448
cpsnj14_SemiBin_77	22.805237
cpsnj14_SemiBin_253	19.369143
cpsnj14_SemiBin_13	14.542466
cpsnj14_SemiBin_82	26.25948
cpsnj14_SemiBin_144	48.733715
cpsnj14_SemiBin_127	27.004044
cpsnj14_SemiBin_5	45.45761
cpsnj14_SemiBin_209	12.794185
cpsnj14_SemiBin_104	9.987968
cpsnj14_SemiBin_15	17.776703
cpsnj14_SemiBin_6	47.40006
cpsnj14_SemiBin_183	16.845486
cpsnj14_SemiBin_307	10.043042
cpsnj14_SemiBin_119	18.442669
cpsnj14_SemiBin_178	8.205721
cpsnj14_SemiBin_10	11.319347
cpsnj14_SemiBin_101	16.119455
cpsnj14_SemiBin_75	44.227455
cpsnj14_SemiBin_51	61.2831
cpsnj14_SemiBin_217	24.130072
cpsnj14_SemiBin_33	23.745441
cpsnj14_SemiBin_116	38.94335
cpsnj14_SemiBin_57	26.95271
cpsnj14_SemiBin_54	16.51398
cpsnj14_SemiBin_14	13.922746
cpsnj14_SemiBin_43	12.405821
cpsnj14_SemiBin_113	16.321054
cpsnj14_SemiBin_125	12.4345455
cpsnj14_SemiBin_105	11.647335
cpsnj14_SemiBin_0	27.838655
cpsnj14_SemiBin_4	44.51643
cpsnj14_SemiBin_155	26.078072
cpsnj14_SemiBin_45	10.897016
cpsnj14_SemiBin_223	31.336863
cpsnj14_SemiBin_153	156.24171
cpsnj14_SemiBin_87	9.274811
cpsnj14_SemiBin_189	12.593409
cpsnj14_SemiBin_338	21.912132
cpsnj14_SemiBin_70	9.07247
cpsnj14_SemiBin_44	25.283659
cpsnj14_SemiBin_47	18.31138
cpsnj14_SemiBin_50	9.390198
cpsnj14_SemiBin_11	83.08079
cpsnj14_SemiBin_494	30.579311
cpsnj14_SemiBin_180	13.918511
cpsnj14_SemiBin_36	14.094968
cpsnj14_SemiBin_124	9.288127
cpsnj14_SemiBin_162	57.873604
cpsnj14_SemiBin_84	81.55582
cpsnj14_SemiBin_53	36.61742
cpsnj14_SemiBin_20	21.29382
cpsnj14_SemiBin_64	21.810616
cpsnj14_SemiBin_139	37.640972
cpsnj14_SemiBin_804	24.57045
cpsnj14_SemiBin_94	32.999348
cpsnj14_SemiBin_185	35.75189
cpsnj14_SemiBin_90	15.008015
cpsnj14_SemiBin_109	37.30293
cpsnj14_SemiBin_107	18.03014
cpsnj14_SemiBin_290	5.7136793
cpsnj14_SemiBin_92	23.836006
cpsnj14_SemiBin_35	22.487753
cpsnj14_SemiBin_69	16.560785
cpsnj14_SemiBin_1645	31.784306
cpsnj14_SemiBin_131	4.7265134
cpsnj14_SemiBin_66	53.85823
cpsnj14_SemiBin_17	46.38681
cpsnj14_SemiBin_52	39.27279
cpsnj14_SemiBin_8	54.55888
cpsnj14_SemiBin_279	16.55181
cpsnj14_SemiBin_126	28.775616
cpsnj14_SemiBin_67	23.782768
cpsnj14_SemiBin_28	26.295406
cpsnj14_SemiBin_242	14.065038
cpsnj14_SemiBin_9	31.96782
cpsnj14_SemiBin_38	39.34275
cpsnj14_SemiBin_145	46.77234
cpsnj14_SemiBin_72	19.084518
cpsnj14_SemiBin_102	7.9021215
cpsnj14_SemiBin_93	29.551289
cpsnj14_SemiBin_135	35.129887
cpsnj14_SemiBin_63	24.774746
cpsnj14_SemiBin_29	18.191528
cpsnj14_SemiBin_2008	21.313684
cpsnj14_SemiBin_32	86.801346
cpsnj14_SemiBin_100	34.741516
cpsnj14_SemiBin_174	41.19901
cpsnj14_SemiBin_830	30.433258
cpsnj14_SemiBin_42	26.027386
cpsnj14_SemiBin_61	15.378113
cpsnj14_SemiBin_130	22.591866
cpsnj14_SemiBin_160	12.291922
cpsnj14_SemiBin_55	30.402304
cpsnj14_SemiBin_133	8.267737
cpsnj14_SemiBin_1157	38.965145
cpsnj14_SemiBin_132	16.956743
cpsnj14_SemiBin_83	20.249186
cpsnj14_SemiBin_232	47.663006
cpsnj14_SemiBin_30	15.71358
cpsnj14_SemiBin_287	16.072378
cpsnj14_SemiBin_1	19.001509
cpsnj14_SemiBin_78	9.725919
cpsnj14_SemiBin_71	17.539274
cpsnj14_SemiBin_26	19.70189
cpsnj14_SemiBin_129	12.856808
cpsnj14_SemiBin_111	14.379004
cpsnj14_SemiBin_40	17.416245
cpsnj14_SemiBin_76	8.3493
cpsnj14_SemiBin_49	16.026848
cpsnj14_SemiBin_201	6.5945077
cpsnj14_SemiBin_39	38.490932
cpsnj14_SemiBin_68	6.559852
cpsnj14_SemiBin_168	44.306316
cpsnj14_SemiBin_150	21.988806
cpsnj14_SemiBin_97	30.617582
cpsnj14_SemiBin_58	23.776936
cpsnj14_SemiBin_202	42.313747
cpsnj14_SemiBin_2	48.36723
cpsnj14_SemiBin_141	33.927475
cpsnj14_SemiBin_37	17.690609
cpsnj14_SemiBin_73	17.014465
cpsnj14_SemiBin_25	23.167889
cpsnj14_SemiBin_123	24.831343
cpsnj14_SemiBin_158	35.87776
cpsnj14_SemiBin_12	21.05195
cpsnj14_SemiBin_134	14.242907
cpsnj14_SemiBin_120	11.964577
cpsnj14_SemiBin_23	12.666468
cpsnj14_SemiBin_103	13.924879
cpsnj14_SemiBin_156	18.865358
cpsnj14_SemiBin_118	8.142417
cpsnj14_SemiBin_41	46.410145
cpsnj14_SemiBin_81	22.964445
cpsnj14_SemiBin_85	41.065834
cpsnj14_SemiBin_1449	10.243188
cpsnj14_SemiBin_80	20.396769
cpsnj14_SemiBin_110	10.24531
cpsnj14_SemiBin_147	22.022762
cpsnj14_SemiBin_60	8.083912
cpsnj14_SemiBin_31	13.830705
cpsnj14_SemiBin_99	63.088814
cpsnj14_SemiBin_121	32.9174
cpsnj14_SemiBin_1136	21.231783
cpsnj14_SemiBin_108	13.837233
cpsnj14_SemiBin_19	64.205635
cpsnj14_SemiBin_46	78.90559
cpsnj14_SemiBin_164	21.931252
cpsnj14_SemiBin_244	14.851002
cpsnj14_SemiBin_79	49.68122
cpsnj14_SemiBin_89	40.252674
cpsnj14_SemiBin_138	50.819775
cpsnj14_SemiBin_222	52.468636
cpsnj14_SemiBin_7	9.842651
cpsnj14_SemiBin_254	27.800333
cpsnj14_SemiBin_212	29.616543
cpsnj14_SemiBin_91	74.93262
cpsnj14_SemiBin_48	20.904366
cpsnj14_SemiBin_106	12.34379
cpsnj14_SemiBin_142	13.535017
cpsnj14_SemiBin_22	26.326733
cpsnj14_SemiBin_3	19.709187
cpsnj14_SemiBin_56	17.637148
cpsnj14_SemiBin_112	35.643486
cpsnj14_SemiBin_115	34.845356
cpsnj14_SemiBin_21	9.622903
cpsnj14_SemiBin_74	9.770587
cpsnj14_SemiBin_62	19.681585
cpsnj14_SemiBin_245	18.254782
cpsnj14_SemiBin_169	29.77261
cpsnj14_SemiBin_59	13.477575
cpsnj14_SemiBin_192	7.746125
cpsnj14_SemiBin_27	15.459134
cpsnj14_SemiBin_188	42.847702
cpsnj14_SemiBin_88	10.625527
cpsnj14_SemiBin_122	32.488544
cpsnj14_SemiBin_114	19.89686
cpsnj14_SemiBin_24	34.59594
cpsnj14_SemiBin_16	13.045227
cpsnj14_SemiBin_229	15.403668
cpsnj14_SemiBin_117	19.65138
cpsnj14_SemiBin_205	16.714094
cpsnj15_Genome	cpsnj15_ont_trim_filter_500_porechop.fastq Mean
cpsnj15_SemiBin_159	50.89001
cpsnj15_SemiBin_34	25.317823
cpsnj15_SemiBin_611	44.004616
cpsnj15_SemiBin_13	11.986984
cpsnj15_SemiBin_127	15.304848
cpsnj15_SemiBin_5	17.270962
cpsnj15_SemiBin_15	48.5179
cpsnj15_SemiBin_6	32.751865
cpsnj15_SemiBin_10	51.95602
cpsnj15_SemiBin_51	32.270035
cpsnj15_SemiBin_33	68.56996
cpsnj15_SemiBin_116	57.4364
cpsnj15_SemiBin_14	35.23237
cpsnj15_SemiBin_43	16.146206
cpsnj15_SemiBin_113	49.732628
cpsnj15_SemiBin_105	31.753809
cpsnj15_SemiBin_0	26.64497
cpsnj15_SemiBin_4	93.27485
cpsnj15_SemiBin_45	43.053375
cpsnj15_SemiBin_517	56.91326
cpsnj15_SemiBin_44	31.433216
cpsnj15_SemiBin_47	26.629833
cpsnj15_SemiBin_50	63.95954
cpsnj15_SemiBin_11	60.69613
cpsnj15_SemiBin_36	29.04198
cpsnj15_SemiBin_1258	37.155277
cpsnj15_SemiBin_53	13.135762
cpsnj15_SemiBin_20	9.019885
cpsnj15_SemiBin_64	13.161949
cpsnj15_SemiBin_98	56.837746
cpsnj15_SemiBin_90	10.185362
cpsnj15_SemiBin_35	19.893087
cpsnj15_SemiBin_69	35.146408
cpsnj15_SemiBin_17	88.083664
cpsnj15_SemiBin_52	38.151764
cpsnj15_SemiBin_8	18.751799
cpsnj15_SemiBin_67	47.898403
cpsnj15_SemiBin_28	64.27979
cpsnj15_SemiBin_9	75.260025
cpsnj15_SemiBin_38	43.413254
cpsnj15_SemiBin_72	45.740623
cpsnj15_SemiBin_29	15.851337
cpsnj15_SemiBin_18	72.24956
cpsnj15_SemiBin_32	23.850328
cpsnj15_SemiBin_42	12.124915
cpsnj15_SemiBin_61	14.879989
cpsnj15_SemiBin_55	20.437038
cpsnj15_SemiBin_30	21.525661
cpsnj15_SemiBin_1	40.418865
cpsnj15_SemiBin_78	39.299248
cpsnj15_SemiBin_26	12.90807
cpsnj15_SemiBin_129	13.882737
cpsnj15_SemiBin_65	50.834457
cpsnj15_SemiBin_40	74.732864
cpsnj15_SemiBin_49	6.375427
cpsnj15_SemiBin_39	23.003344
cpsnj15_SemiBin_150	58.189316
cpsnj15_SemiBin_97	16.519869
cpsnj15_SemiBin_58	74.10742
cpsnj15_SemiBin_206	39.018715
cpsnj15_SemiBin_2	37.769135
cpsnj15_SemiBin_37	68.475296
cpsnj15_SemiBin_73	25.730843
cpsnj15_SemiBin_25	82.48202
cpsnj15_SemiBin_12	26.664135
cpsnj15_SemiBin_23	25.90965
cpsnj15_SemiBin_103	50.59461
cpsnj15_SemiBin_118	32.14268
cpsnj15_SemiBin_41	33.76069
cpsnj15_SemiBin_81	12.458414
cpsnj15_SemiBin_110	31.618612
cpsnj15_SemiBin_60	39.16591
cpsnj15_SemiBin_31	35.21569
cpsnj15_SemiBin_99	60.892788
cpsnj15_SemiBin_19	33.199596
cpsnj15_SemiBin_607	61.44904
cpsnj15_SemiBin_7	48.76929
cpsnj15_SemiBin_170	65.63283
cpsnj15_SemiBin_106	14.170741
cpsnj15_SemiBin_22	48.355267
cpsnj15_SemiBin_3	96.14757
cpsnj15_SemiBin_56	14.546674
cpsnj15_SemiBin_21	32.063377
cpsnj15_SemiBin_74	36.92823
cpsnj15_SemiBin_1728	68.297615
cpsnj15_SemiBin_280	46.20086
cpsnj15_SemiBin_62	74.60857
cpsnj15_SemiBin_59	14.362297
cpsnj15_SemiBin_27	26.875702
cpsnj15_SemiBin_122	28.897318
cpsnj15_SemiBin_16	11.517005
cpsnj16_Genome	cpsnj16_ont_trim_filter_500_porechop.fastq Mean
cpsnj16_SemiBin_650	16.635744
cpsnj16_SemiBin_96	78.9048
cpsnj16_SemiBin_149	8.651817
cpsnj16_SemiBin_193	13.421564
cpsnj16_SemiBin_204	10.211436
cpsnj16_SemiBin_77	53.409233
cpsnj16_SemiBin_1187	26.803082
cpsnj16_SemiBin_195	24.822645
cpsnj16_SemiBin_13	13.731774
cpsnj16_SemiBin_1499	16.440542
cpsnj16_SemiBin_5	20.177948
cpsnj16_SemiBin_209	45.187683
cpsnj16_SemiBin_104	54.75902
cpsnj16_SemiBin_15	20.570822
cpsnj16_SemiBin_6	32.806152
cpsnj16_SemiBin_182	5.571408
cpsnj16_SemiBin_178	21.184551
cpsnj16_SemiBin_10	20.70287
cpsnj16_SemiBin_75	13.833666
cpsnj16_SemiBin_51	11.628186
cpsnj16_SemiBin_33	54.476227
cpsnj16_SemiBin_187	34.551926
cpsnj16_SemiBin_515	18.672806
cpsnj16_SemiBin_54	23.140253
cpsnj16_SemiBin_14	16.417776
cpsnj16_SemiBin_43	46.037506
cpsnj16_SemiBin_211	22.587744
cpsnj16_SemiBin_841	18.328287
cpsnj16_SemiBin_516	19.859463
cpsnj16_SemiBin_0	21.668213
cpsnj16_SemiBin_4	22.405914
cpsnj16_SemiBin_155	48.725792
cpsnj16_SemiBin_87	32.511265
cpsnj16_SemiBin_70	27.529312
cpsnj16_SemiBin_44	15.602034
cpsnj16_SemiBin_47	6.457896
cpsnj16_SemiBin_50	14.0606985
cpsnj16_SemiBin_11	22.959282
cpsnj16_SemiBin_36	21.154335
cpsnj16_SemiBin_162	16.408133
cpsnj16_SemiBin_84	13.747591
cpsnj16_SemiBin_1487	9.912943
cpsnj16_SemiBin_53	17.33687
cpsnj16_SemiBin_20	37.36197
cpsnj16_SemiBin_1492	24.384296
cpsnj16_SemiBin_64	16.431507
cpsnj16_SemiBin_98	15.343674
cpsnj16_SemiBin_94	5.489306
cpsnj16_SemiBin_90	10.769135
cpsnj16_SemiBin_109	40.02489
cpsnj16_SemiBin_270	15.821497
cpsnj16_SemiBin_35	49.740845
cpsnj16_SemiBin_69	37.78858
cpsnj16_SemiBin_167	34.456497
cpsnj16_SemiBin_256	13.319762
cpsnj16_SemiBin_66	6.456491
cpsnj16_SemiBin_17	27.431774
cpsnj16_SemiBin_52	31.83127
cpsnj16_SemiBin_8	27.103642
cpsnj16_SemiBin_239	11.4826145
cpsnj16_SemiBin_67	17.97454
cpsnj16_SemiBin_28	23.12069
cpsnj16_SemiBin_154	18.763992
cpsnj16_SemiBin_9	45.872524
cpsnj16_SemiBin_38	12.513648
cpsnj16_SemiBin_145	8.496208
cpsnj16_SemiBin_1193	31.273943
cpsnj16_SemiBin_72	17.027077
cpsnj16_SemiBin_274	98.59442
cpsnj16_SemiBin_63	31.91718
cpsnj16_SemiBin_29	24.12909
cpsnj16_SemiBin_18	18.599085
cpsnj16_SemiBin_32	30.119917
cpsnj16_SemiBin_100	20.49748
cpsnj16_SemiBin_61	18.365097
cpsnj16_SemiBin_130	17.579096
cpsnj16_SemiBin_55	9.735716
cpsnj16_SemiBin_133	39.47925
cpsnj16_SemiBin_132	8.524907
cpsnj16_SemiBin_83	12.530883
cpsnj16_SemiBin_30	18.681004
cpsnj16_SemiBin_165	16.72877
cpsnj16_SemiBin_1	24.698154
cpsnj16_SemiBin_71	25.082136
cpsnj16_SemiBin_26	10.467874
cpsnj16_SemiBin_111	37.381645
cpsnj16_SemiBin_40	10.028713
cpsnj16_SemiBin_76	29.379433
cpsnj16_SemiBin_49	15.500475
cpsnj16_SemiBin_201	28.587967
cpsnj16_SemiBin_39	15.332179
cpsnj16_SemiBin_68	13.398065
cpsnj16_SemiBin_150	13.042716
cpsnj16_SemiBin_97	17.571377
cpsnj16_SemiBin_2	13.882201
cpsnj16_SemiBin_37	47.647717
cpsnj16_SemiBin_73	7.41328
cpsnj16_SemiBin_25	32.360077
cpsnj16_SemiBin_158	9.963823
cpsnj16_SemiBin_12	13.63871
cpsnj16_SemiBin_186	21.92329
cpsnj16_SemiBin_23	14.474534
cpsnj16_SemiBin_156	33.49458
cpsnj16_SemiBin_41	13.057227
cpsnj16_SemiBin_81	13.1544
cpsnj16_SemiBin_85	5.681975
cpsnj16_SemiBin_80	8.261868
cpsnj16_SemiBin_60	4.5246997
cpsnj16_SemiBin_31	17.42525
cpsnj16_SemiBin_99	12.699818
cpsnj16_SemiBin_121	8.228025
cpsnj16_SemiBin_86	12.852346
cpsnj16_SemiBin_140	10.209093
cpsnj16_SemiBin_108	5.225584
cpsnj16_SemiBin_19	12.013832
cpsnj16_SemiBin_46	14.71348
cpsnj16_SemiBin_79	15.431977
cpsnj16_SemiBin_89	18.666357
cpsnj16_SemiBin_7	25.302597
cpsnj16_SemiBin_170	26.66707
cpsnj16_SemiBin_48	13.666998
cpsnj16_SemiBin_106	20.151567
cpsnj16_SemiBin_22	5.869675
cpsnj16_SemiBin_3	19.960024
cpsnj16_SemiBin_56	12.943578
cpsnj16_SemiBin_112	27.902493
cpsnj16_SemiBin_146	29.396515
cpsnj16_SemiBin_115	16.658516
cpsnj16_SemiBin_21	16.709398
cpsnj16_SemiBin_74	14.795964
cpsnj16_SemiBin_62	33.37784
cpsnj16_SemiBin_59	19.006346
cpsnj16_SemiBin_192	39.422478
cpsnj16_SemiBin_27	24.810196
cpsnj16_SemiBin_88	14.121481
cpsnj16_SemiBin_122	27.984812
cpsnj16_SemiBin_24	21.46448
cpsnj16_SemiBin_16	50.181366
cpsnj16_SemiBin_205	11.658962
cpsnj19_Genome	cpsnj19_ont_trim_filter_500_porechop.fastq Mean
cpsnj19_SemiBin_34	32.300667
cpsnj19_SemiBin_96	39.489155
cpsnj19_SemiBin_224	29.211395
cpsnj19_SemiBin_77	19.717644
cpsnj19_SemiBin_810	68.160255
cpsnj19_SemiBin_310	58.603226
cpsnj19_SemiBin_13	28.443743
cpsnj19_SemiBin_5	36.164314
cpsnj19_SemiBin_104	52.07626
cpsnj19_SemiBin_685	15.707343
cpsnj19_SemiBin_15	24.135458
cpsnj19_SemiBin_6	87.076935
cpsnj19_SemiBin_199	57.89504
cpsnj19_SemiBin_182	38.238743
cpsnj19_SemiBin_307	38.659122
cpsnj19_SemiBin_10	24.168367
cpsnj19_SemiBin_101	7.3599143
cpsnj19_SemiBin_75	50.482903
cpsnj19_SemiBin_51	24.620752
cpsnj19_SemiBin_33	76.755646
cpsnj19_SemiBin_57	45.49653
cpsnj19_SemiBin_54	6.885991
cpsnj19_SemiBin_14	28.924318
cpsnj19_SemiBin_43	40.93191
cpsnj19_SemiBin_113	11.015315
cpsnj19_SemiBin_125	24.095318
cpsnj19_SemiBin_105	4.4771667
cpsnj19_SemiBin_0	28.289999
cpsnj19_SemiBin_4	23.64566
cpsnj19_SemiBin_45	57.606018
cpsnj19_SemiBin_153	33.691383
cpsnj19_SemiBin_166	13.565541
cpsnj19_SemiBin_189	12.006202
cpsnj19_SemiBin_70	21.317993
cpsnj19_SemiBin_44	27.116257
cpsnj19_SemiBin_47	14.074595
cpsnj19_SemiBin_487	15.077033
cpsnj19_SemiBin_297	53.400417
cpsnj19_SemiBin_50	10.60409
cpsnj19_SemiBin_11	22.38353
cpsnj19_SemiBin_136	43.098797
cpsnj19_SemiBin_1817	35.01045
cpsnj19_SemiBin_36	19.448303
cpsnj19_SemiBin_124	38.26867
cpsnj19_SemiBin_198	55.94133
cpsnj19_SemiBin_162	40.768333
cpsnj19_SemiBin_84	18.98856
cpsnj19_SemiBin_53	66.01149
cpsnj19_SemiBin_20	18.843239
cpsnj19_SemiBin_64	33.437275
cpsnj19_SemiBin_98	25.696377
cpsnj19_SemiBin_139	22.155344
cpsnj19_SemiBin_94	27.869326
cpsnj19_SemiBin_90	29.718584
cpsnj19_SemiBin_109	7.0968995
cpsnj19_SemiBin_107	36.7293
cpsnj19_SemiBin_92	9.00934
cpsnj19_SemiBin_35	31.128525
cpsnj19_SemiBin_69	18.690092
cpsnj19_SemiBin_190	52.709885
cpsnj19_SemiBin_257	42.396152
cpsnj19_SemiBin_255	10.79923
cpsnj19_SemiBin_167	28.008945
cpsnj19_SemiBin_66	60.2111
cpsnj19_SemiBin_52	24.509409
cpsnj19_SemiBin_8	60.28491
cpsnj19_SemiBin_126	7.8456254
cpsnj19_SemiBin_67	50.80545
cpsnj19_SemiBin_28	30.324053
cpsnj19_SemiBin_242	34.492184
cpsnj19_SemiBin_9	24.315483
cpsnj19_SemiBin_38	33.913486
cpsnj19_SemiBin_145	22.406733
cpsnj19_SemiBin_72	30.230947
cpsnj19_SemiBin_102	14.876702
cpsnj19_SemiBin_93	13.389141
cpsnj19_SemiBin_135	76.65646
cpsnj19_SemiBin_63	8.964322
cpsnj19_SemiBin_29	33.989967
cpsnj19_SemiBin_18	28.70192
cpsnj19_SemiBin_100	24.53755
cpsnj19_SemiBin_42	32.765553
cpsnj19_SemiBin_61	14.598208
cpsnj19_SemiBin_130	48.104897
cpsnj19_SemiBin_160	26.906881
cpsnj19_SemiBin_55	19.345575
cpsnj19_SemiBin_522	35.043964
cpsnj19_SemiBin_83	22.049212
cpsnj19_SemiBin_30	30.87616
cpsnj19_SemiBin_1	61.628933
cpsnj19_SemiBin_78	10.981571
cpsnj19_SemiBin_71	30.972965
cpsnj19_SemiBin_234	41.245255
cpsnj19_SemiBin_26	77.95011
cpsnj19_SemiBin_111	14.1851015
cpsnj19_SemiBin_171	22.615118
cpsnj19_SemiBin_65	13.516769
cpsnj19_SemiBin_40	79.748955
cpsnj19_SemiBin_76	61.495857
cpsnj19_SemiBin_49	65.50638
cpsnj19_SemiBin_416	28.760593
cpsnj19_SemiBin_39	38.86557
cpsnj19_SemiBin_68	10.492094
cpsnj19_SemiBin_363	107.427185
cpsnj19_SemiBin_97	59.23532
cpsnj19_SemiBin_58	36.13787
cpsnj19_SemiBin_2	30.832884
cpsnj19_SemiBin_37	14.056551
cpsnj19_SemiBin_73	8.708496
cpsnj19_SemiBin_25	59.423576
cpsnj19_SemiBin_123	32.961884
cpsnj19_SemiBin_406	27.53803
cpsnj19_SemiBin_12	43.24628
cpsnj19_SemiBin_128	53.65785
cpsnj19_SemiBin_134	91.80195
cpsnj19_SemiBin_120	38.95911
cpsnj19_SemiBin_23	10.02037
cpsnj19_SemiBin_103	50.04243
cpsnj19_SemiBin_118	20.76027
cpsnj19_SemiBin_41	41.733883
cpsnj19_SemiBin_81	32.411972
cpsnj19_SemiBin_179	65.440575
cpsnj19_SemiBin_85	11.936885
cpsnj19_SemiBin_1181	30.675625
cpsnj19_SemiBin_80	14.012631
cpsnj19_SemiBin_110	11.442026
cpsnj19_SemiBin_60	7.057815
cpsnj19_SemiBin_31	35.67768
cpsnj19_SemiBin_99	20.451803
cpsnj19_SemiBin_140	17.028511
cpsnj19_SemiBin_46	32.261974
cpsnj19_SemiBin_148	51.66604
cpsnj19_SemiBin_79	64.80818
cpsnj19_SemiBin_89	12.771819
cpsnj19_SemiBin_7	43.172966
cpsnj19_SemiBin_91	41.98773
cpsnj19_SemiBin_48	13.247263
cpsnj19_SemiBin_106	46.42925
cpsnj19_SemiBin_142	25.368465
cpsnj19_SemiBin_22	19.559652
cpsnj19_SemiBin_3	21.414324
cpsnj19_SemiBin_56	35.660595
cpsnj19_SemiBin_112	50.368965
cpsnj19_SemiBin_95	8.382593
cpsnj19_SemiBin_146	25.280464
cpsnj19_SemiBin_21	19.672594
cpsnj19_SemiBin_74	23.050268
cpsnj19_SemiBin_62	8.301393
cpsnj19_SemiBin_169	58.03942
cpsnj19_SemiBin_215	30.933022
cpsnj19_SemiBin_59	84.95304
cpsnj19_SemiBin_27	21.733387
cpsnj19_SemiBin_88	22.444616
cpsnj19_SemiBin_114	19.40471
cpsnj19_SemiBin_24	32.342712
cpsnj19_SemiBin_16	37.155632
cpsnj19_SemiBin_117	8.619322
cpsnj20_Genome	cpsnj20_ont_trim_filter_500_porechop.fastq Mean
cpsnj20_SemiBin_34	67.56756
cpsnj20_SemiBin_96	28.280994
cpsnj20_SemiBin_149	16.524918
cpsnj20_SemiBin_77	25.86237
cpsnj20_SemiBin_195	29.373363
cpsnj20_SemiBin_13	13.450513
cpsnj20_SemiBin_82	24.223785
cpsnj20_SemiBin_5	32.073036
cpsnj20_SemiBin_1612	16.674213
cpsnj20_SemiBin_209	11.850634
cpsnj20_SemiBin_104	13.508924
cpsnj20_SemiBin_15	16.205585
cpsnj20_SemiBin_6	18.86748
cpsnj20_SemiBin_119	36.440517
cpsnj20_SemiBin_10	13.707928
cpsnj20_SemiBin_101	17.170357
cpsnj20_SemiBin_75	6.2562337
cpsnj20_SemiBin_51	11.932092
cpsnj20_SemiBin_33	41.98845
cpsnj20_SemiBin_116	18.88898
cpsnj20_SemiBin_207	49.835163
cpsnj20_SemiBin_57	25.995644
cpsnj20_SemiBin_14	62.247776
cpsnj20_SemiBin_125	21.253267
cpsnj20_SemiBin_105	7.3007727
cpsnj20_SemiBin_0	13.933673
cpsnj20_SemiBin_4	140.41177
cpsnj20_SemiBin_45	35.059837
cpsnj20_SemiBin_87	22.36334
cpsnj20_SemiBin_431	25.93335
cpsnj20_SemiBin_554	40.89706
cpsnj20_SemiBin_70	24.294552
cpsnj20_SemiBin_44	59.37326
cpsnj20_SemiBin_47	32.426586
cpsnj20_SemiBin_11	19.795677
cpsnj20_SemiBin_36	20.68582
cpsnj20_SemiBin_790	23.927317
cpsnj20_SemiBin_84	62.374817
cpsnj20_SemiBin_53	44.758984
cpsnj20_SemiBin_20	64.61986
cpsnj20_SemiBin_540	29.448233
cpsnj20_SemiBin_64	20.659258
cpsnj20_SemiBin_94	19.149607
cpsnj20_SemiBin_90	28.497112
cpsnj20_SemiBin_109	64.53693
cpsnj20_SemiBin_92	8.124651
cpsnj20_SemiBin_35	17.81954
cpsnj20_SemiBin_69	65.61176
cpsnj20_SemiBin_221	26.595306
cpsnj20_SemiBin_774	17.058138
cpsnj20_SemiBin_66	28.76198
cpsnj20_SemiBin_17	24.149067
cpsnj20_SemiBin_52	21.652306
cpsnj20_SemiBin_8	19.124846
cpsnj20_SemiBin_126	50.152832
cpsnj20_SemiBin_67	132.19016
cpsnj20_SemiBin_28	30.763659
cpsnj20_SemiBin_9	25.08957
cpsnj20_SemiBin_38	11.37675
cpsnj20_SemiBin_72	12.2978945
cpsnj20_SemiBin_102	7.0033464
cpsnj20_SemiBin_93	12.26979
cpsnj20_SemiBin_135	43.30706
cpsnj20_SemiBin_63	19.409971
cpsnj20_SemiBin_29	9.130391
cpsnj20_SemiBin_18	18.245047
cpsnj20_SemiBin_32	32.052094
cpsnj20_SemiBin_174	37.414642
cpsnj20_SemiBin_42	50.910473
cpsnj20_SemiBin_163	25.101387
cpsnj20_SemiBin_61	14.815796
cpsnj20_SemiBin_55	18.399233
cpsnj20_SemiBin_132	22.728724
cpsnj20_SemiBin_83	10.889048
cpsnj20_SemiBin_30	28.142216
cpsnj20_SemiBin_1	29.187767
cpsnj20_SemiBin_78	26.240324
cpsnj20_SemiBin_71	49.86473
cpsnj20_SemiBin_26	25.612816
cpsnj20_SemiBin_129	11.502679
cpsnj20_SemiBin_171	33.094242
cpsnj20_SemiBin_65	62.409836
cpsnj20_SemiBin_40	14.077895
cpsnj20_SemiBin_76	62.580685
cpsnj20_SemiBin_49	55.228077
cpsnj20_SemiBin_39	14.471372
cpsnj20_SemiBin_68	21.543198
cpsnj20_SemiBin_436	70.10955
cpsnj20_SemiBin_2	31.83872
cpsnj20_SemiBin_37	26.856995
cpsnj20_SemiBin_73	8.638692
cpsnj20_SemiBin_25	15.867183
cpsnj20_SemiBin_123	39.77782
cpsnj20_SemiBin_158	25.986418
cpsnj20_SemiBin_12	27.13908
cpsnj20_SemiBin_23	19.113367
cpsnj20_SemiBin_118	20.02695
cpsnj20_SemiBin_41	16.370718
cpsnj20_SemiBin_81	42.33984
cpsnj20_SemiBin_85	9.337109
cpsnj20_SemiBin_200	9.31587
cpsnj20_SemiBin_301	50.218636
cpsnj20_SemiBin_60	22.555166
cpsnj20_SemiBin_31	59.633934
cpsnj20_SemiBin_320	42.64877
cpsnj20_SemiBin_99	44.006382
cpsnj20_SemiBin_121	15.518571
cpsnj20_SemiBin_86	64.84017
cpsnj20_SemiBin_19	55.7885
cpsnj20_SemiBin_46	9.3530035
cpsnj20_SemiBin_148	21.434177
cpsnj20_SemiBin_164	19.855726
cpsnj20_SemiBin_79	11.42525
cpsnj20_SemiBin_89	8.287958
cpsnj20_SemiBin_1607	67.92531
cpsnj20_SemiBin_172	14.570232
cpsnj20_SemiBin_138	8.270035
cpsnj20_SemiBin_222	19.651915
cpsnj20_SemiBin_7	26.706657
cpsnj20_SemiBin_1646	35.552483
cpsnj20_SemiBin_48	79.7903
cpsnj20_SemiBin_106	33.713684
cpsnj20_SemiBin_22	20.092215
cpsnj20_SemiBin_3	34.83882
cpsnj20_SemiBin_56	13.8416
cpsnj20_SemiBin_95	47.399284
cpsnj20_SemiBin_21	22.703728
cpsnj20_SemiBin_74	12.348907
cpsnj20_SemiBin_62	57.857536
cpsnj20_SemiBin_169	23.27142
cpsnj20_SemiBin_59	32.187138
cpsnj20_SemiBin_27	41.506
cpsnj20_SemiBin_88	60.69937
cpsnj20_SemiBin_114	17.012989
cpsnj20_SemiBin_24	34.72746
cpsnj20_SemiBin_16	32.06937
cpsnj20_SemiBin_205	66.5773
Genome	fq1_ont_trim_filter_500_porechop.fastq.gz Mean
sample1_SemiBin_90	7.797986
sample1_SemiBin_307	44.302063
sample1_SemiBin_150	31.756645
sample1_SemiBin_65	13.371999
sample1_SemiBin_80	40.227837
sample1_SemiBin_262	12.076824
sample1_SemiBin_100	10.832272
sample1_SemiBin_42	27.031385
sample1_SemiBin_218	41.15312
sample1_SemiBin_30	50.698143
sample1_SemiBin_199	10.544097
sample1_SemiBin_249	27.250877
sample1_SemiBin_28	20.284216
sample1_SemiBin_357	177.69913
sample1_SemiBin_62	109.82541
sample1_SemiBin_8	38.816757
sample1_SemiBin_142	13.617177
sample1_SemiBin_354	18.819178
sample1_SemiBin_12	9.5309515
sample1_SemiBin_278	62.295654
sample1_SemiBin_35	24.295246
sample1_SemiBin_70	15.860039
sample1_SemiBin_39	14.348663
sample1_SemiBin_106	61.482548
sample1_SemiBin_60	26.695423
sample1_SemiBin_197	63.454327
sample1_SemiBin_216	63.066696
sample1_SemiBin_1789	6.6982107
sample1_SemiBin_40	14.410004
sample1_SemiBin_78	18.043863
sample1_SemiBin_83	12.221832
sample1_SemiBin_10	24.825624
sample1_SemiBin_33	15.6128
sample1_SemiBin_112	46.15803
sample1_SemiBin_275	24.13029
sample1_SemiBin_47	45.539204
sample1_SemiBin_96	34.281334
sample1_SemiBin_258	33.349487
sample1_SemiBin_187	9.205734
sample1_SemiBin_185	10.395791
sample1_SemiBin_176	25.015917
sample1_SemiBin_58	25.473671
sample1_SemiBin_115	31.789593
sample1_SemiBin_137	24.276272
sample1_SemiBin_207	26.276081
sample1_SemiBin_220	48.458656
sample1_SemiBin_276	26.778395
sample1_SemiBin_460	33.790936
sample1_SemiBin_32	86.503296
sample1_SemiBin_132	52.470886
sample1_SemiBin_129	25.435688
sample1_SemiBin_56	18.873615
sample1_SemiBin_91	23.303202
sample1_SemiBin_11	28.685701
sample1_SemiBin_92	40.018467
sample1_SemiBin_191	40.277843
sample1_SemiBin_88	9.342104
sample1_SemiBin_174	23.920479
sample1_SemiBin_162	13.347648
sample1_SemiBin_213	96.77208
sample1_SemiBin_31	8.007756
sample1_SemiBin_110	43.969948
sample1_SemiBin_38	22.921286
sample1_SemiBin_68	28.036299
sample1_SemiBin_263	88.49711
sample1_SemiBin_95	11.532038
sample1_SemiBin_46	12.101487
sample1_SemiBin_109	18.240465
sample1_SemiBin_285	22.21107
sample1_SemiBin_82	25.544508
sample1_SemiBin_19	23.542915
sample1_SemiBin_59	15.969199
sample1_SemiBin_183	7.0914645
sample1_SemiBin_236	83.363205
sample1_SemiBin_194	7.06352
sample1_SemiBin_34	56.132355
sample1_SemiBin_87	24.15677
sample1_SemiBin_217	32.45608
sample1_SemiBin_9	26.941442
sample1_SemiBin_130	8.261229
sample1_SemiBin_41	17.705097
sample1_SemiBin_251	58.761818
sample1_SemiBin_222	15.943493
sample1_SemiBin_606	14.366177
sample1_SemiBin_430	84.07556
sample1_SemiBin_179	14.199242
sample1_SemiBin_158	12.6791935
sample1_SemiBin_160	16.596712
sample1_SemiBin_20	39.500805
sample1_SemiBin_6	57.395164
sample1_SemiBin_143	14.987357
sample1_SemiBin_107	52.29947
sample1_SemiBin_266	12.553782
sample1_SemiBin_269	25.036848
sample1_SemiBin_45	40.127228
sample1_SemiBin_182	35.48395
sample1_SemiBin_244	15.738457
sample1_SemiBin_15	13.5616
sample1_SemiBin_165	46.361263
sample1_SemiBin_67	16.053324
sample1_SemiBin_136	11.350787
sample1_SemiBin_361	17.716278
sample1_SemiBin_2	14.660007
sample1_SemiBin_173	7.0424123
sample1_SemiBin_159	138.6418
sample1_SemiBin_119	25.61483
sample1_SemiBin_732	26.638086
sample1_SemiBin_147	14.846973
sample1_SemiBin_85	34.678783
sample1_SemiBin_18	12.521463
sample1_SemiBin_146	23.038641
sample1_SemiBin_125	47.126095
sample1_SemiBin_128	25.23557
sample1_SemiBin_79	22.81657
sample1_SemiBin_297	19.923132
sample1_SemiBin_121	28.100746
sample1_SemiBin_131	18.459518
sample1_SemiBin_3	41.326313
sample1_SemiBin_5	22.118393
sample1_SemiBin_86	10.760768
sample1_SemiBin_52	25.533476
sample1_SemiBin_17	61.19289
sample1_SemiBin_114	16.130869
sample1_SemiBin_200	12.4268465
sample1_SemiBin_98	34.416405
sample1_SemiBin_55	34.840046
sample1_SemiBin_1801	68.72879
sample1_SemiBin_99	20.308155
sample1_SemiBin_44	23.925665
sample1_SemiBin_81	25.107285
sample1_SemiBin_14	29.243912
sample1_SemiBin_113	21.908903
sample1_SemiBin_93	14.052803
sample1_SemiBin_149	5.7671776
sample1_SemiBin_77	31.689764
sample1_SemiBin_120	7.746169
sample1_SemiBin_50	48.451492
sample1_SemiBin_378	40.769783
sample1_SemiBin_148	29.057291
sample1_SemiBin_135	18.359985
sample1_SemiBin_29	30.77886
sample1_SemiBin_108	41.42419
sample1_SemiBin_76	14.395449
sample1_SemiBin_153	33.249462
sample1_SemiBin_127	8.921704
sample1_SemiBin_237	4.930959
sample1_SemiBin_140	22.32009
sample1_SemiBin_104	75.72341
sample1_SemiBin_116	13.910528
sample1_SemiBin_97	19.035477
sample1_SemiBin_111	14.566193
sample1_SemiBin_51	29.22546
sample1_SemiBin_210	39.047302
sample1_SemiBin_0	35.86495
sample1_SemiBin_161	42.291584
sample1_SemiBin_221	31.641071
sample1_SemiBin_134	46.94323
sample1_SemiBin_133	8.417803
sample1_SemiBin_71	21.321613
sample1_SemiBin_84	9.850285
sample1_SemiBin_22	33.070637
sample1_SemiBin_101	8.957262
sample1_SemiBin_48	13.170216
sample1_SemiBin_122	22.672283
sample1_SemiBin_255	27.801264
sample1_SemiBin_152	42.890377
sample1_SemiBin_209	15.21532
sample1_SemiBin_497	54.05909
sample1_SemiBin_672	29.906073
sample1_SemiBin_211	7.3378854
sample1_SemiBin_37	18.12717
sample1_SemiBin_49	176.34659
sample1_SemiBin_23	15.58025
sample1_SemiBin_175	21.954903
sample1_SemiBin_72	24.38251
sample1_SemiBin_21	50.8479
sample1_SemiBin_36	12.171127
sample1_SemiBin_178	59.95485
sample1_SemiBin_139	85.74967
sample1_SemiBin_124	15.229015
sample1_SemiBin_74	43.719078
sample1_SemiBin_138	17.402357
sample1_SemiBin_1843	20.353058
sample1_SemiBin_57	15.278746
sample1_SemiBin_123	35.632286
sample1_SemiBin_155	150.39986
sample1_SemiBin_54	13.735533
sample1_SemiBin_89	16.70244
sample1_SemiBin_223	14.842981
sample1_SemiBin_43	38.995174
sample1_SemiBin_4	20.26678
sample1_SemiBin_27	33.97675
sample1_SemiBin_16	23.39942
sample1_SemiBin_24	67.813934
sample1_SemiBin_66	47.665916
sample1_SemiBin_126	20.492397
sample1_SemiBin_188	21.214247
sample1_SemiBin_103	8.0624075
sample1_SemiBin_144	9.347929
sample1_SemiBin_25	29.909956
sample1_SemiBin_69	11.446642
sample1_SemiBin_7	20.32276
sample1_SemiBin_63	18.612926
sample1_SemiBin_1820	10.973852
sample1_SemiBin_1	16.559303
sample1_SemiBin_332	21.588179
sample1_SemiBin_145	50.810528
sample1_SemiBin_94	41.314438
sample1_SemiBin_73	18.328749
sample1_SemiBin_64	27.676626
sample1_SemiBin_257	27.750114
sample1_SemiBin_102	22.852684
sample1_SemiBin_13	44.84117
sample1_SemiBin_105	17.047812
sample1_SemiBin_117	27.213472
sample1_SemiBin_1058	43.41464
sample1_SemiBin_26	35.85186
sample1_SemiBin_344	55.708405
sample1_SemiBin_53	27.715023
sample1_SemiBin_184	32.863235
sample10_Genome	10_ont_trim_filter_500_porechop.fastq Mean
sample10_SemiBin_34	29.136131
sample10_SemiBin_13	72.84416
sample10_SemiBin_175	39.407936
sample10_SemiBin_197	139.86816
sample10_SemiBin_127	13.442796
sample10_SemiBin_57	53.433823
sample10_SemiBin_54	97.12482
sample10_SemiBin_43	15.36811
sample10_SemiBin_211	67.133865
sample10_SemiBin_0	51.409603
sample10_SemiBin_4	52.624805
sample10_SemiBin_155	109.89822
sample10_SemiBin_309	5.0867248
sample10_SemiBin_153	71.698586
sample10_SemiBin_70	44.981148
sample10_SemiBin_44	109.07264
sample10_SemiBin_136	62.7205
sample10_SemiBin_180	65.882545
sample10_SemiBin_36	6.493992
sample10_SemiBin_84	7.53038
sample10_SemiBin_53	8.022909
sample10_SemiBin_98	129.57916
sample10_SemiBin_94	29.495619
sample10_SemiBin_90	13.846375
sample10_SemiBin_286	104.57142
sample10_SemiBin_66	23.467243
sample10_SemiBin_17	28.259672
sample10_SemiBin_230	6.981973
sample10_SemiBin_28	176.02676
sample10_SemiBin_9	36.16672
sample10_SemiBin_135	76.684425
sample10_SemiBin_63	49.71509
sample10_SemiBin_100	38.80498
sample10_SemiBin_133	58.31819
sample10_SemiBin_83	18.675524
sample10_SemiBin_30	83.34837
sample10_SemiBin_165	34.52181
sample10_SemiBin_1	51.288513
sample10_SemiBin_40	67.664986
sample10_SemiBin_58	33.876526
sample10_SemiBin_37	25.082724
sample10_SemiBin_156	47.13148
sample10_SemiBin_41	11.967539
sample10_SemiBin_85	183.85222
sample10_SemiBin_80	62.009693
sample10_SemiBin_320	5.853159
sample10_SemiBin_99	86.77432
sample10_SemiBin_86	47.05343
sample10_SemiBin_231	5.3751645
sample10_SemiBin_7	174.27158
sample10_SemiBin_142	96.43565
sample10_SemiBin_56	14.431029
sample10_SemiBin_62	22.410295
sample10_SemiBin_59	36.52463
sample11_Genome	11_ont_trim_filter_500_porechop.fastq Mean
sample11_SemiBin_82	108.21509
sample11_SemiBin_5	12.161891
sample11_SemiBin_15	7.930878
sample11_SemiBin_6	26.38309
sample11_SemiBin_10	291.1576
sample11_SemiBin_101	26.789778
sample11_SemiBin_75	22.085495
sample11_SemiBin_51	86.06233
sample11_SemiBin_217	14.760006
sample11_SemiBin_33	8.163787
sample11_SemiBin_54	44.87611
sample11_SemiBin_14	71.134544
sample11_SemiBin_125	19.375938
sample11_SemiBin_0	55.82759
sample11_SemiBin_4	22.132229
sample11_SemiBin_45	7.827069
sample11_SemiBin_87	7.0514674
sample11_SemiBin_47	55.510086
sample11_SemiBin_50	57.92545
sample11_SemiBin_11	86.49249
sample11_SemiBin_20	73.7075
sample11_SemiBin_64	76.147026
sample11_SemiBin_1625	66.320305
sample11_SemiBin_90	6.086899
sample11_SemiBin_69	66.97144
sample11_SemiBin_52	80.5776
sample11_SemiBin_8	14.229668
sample11_SemiBin_67	123.38484
sample11_SemiBin_196	33.242104
sample11_SemiBin_9	21.632042
sample11_SemiBin_38	29.225803
sample11_SemiBin_63	13.915722
sample11_SemiBin_29	14.502358
sample11_SemiBin_32	20.288769
sample11_SemiBin_42	103.64305
sample11_SemiBin_61	138.28506
sample11_SemiBin_130	44.699554
sample11_SemiBin_55	36.76789
sample11_SemiBin_26	36.627365
sample11_SemiBin_65	80.24567
sample11_SemiBin_76	55.57379
sample11_SemiBin_49	34.72703
sample11_SemiBin_39	91.36005
sample11_SemiBin_2	24.223318
sample11_SemiBin_73	42.595745
sample11_SemiBin_25	21.465122
sample11_SemiBin_12	32.38138
sample11_SemiBin_911	70.18407
sample11_SemiBin_23	42.667442
sample11_SemiBin_103	184.79195
sample11_SemiBin_31	13.830661
sample11_SemiBin_99	15.508206
sample11_SemiBin_140	17.31347
sample11_SemiBin_19	20.853079
sample11_SemiBin_46	54.74943
sample11_SemiBin_164	55.913845
sample11_SemiBin_79	32.03756
sample11_SemiBin_89	64.371994
sample11_SemiBin_106	5.6034665
sample11_SemiBin_22	37.889385
sample11_SemiBin_3	25.6924
sample11_SemiBin_112	36.69379
sample11_SemiBin_21	29.043943
sample11_SemiBin_74	25.447933
sample11_SemiBin_27	34.779198
sample11_SemiBin_88	23.372868
sample11_SemiBin_122	28.635454
sample11_SemiBin_24	55.615414
sample11_SemiBin_16	100.13369
sample11_SemiBin_117	23.537241
sample12_Genome	12_ont_trim_filter_500_porechop.fastq Mean
sample12_SemiBin_34	96.29754
sample12_SemiBin_1168	45.42754
sample12_SemiBin_13	44.29773
sample12_SemiBin_1225	70.212776
sample12_SemiBin_127	58.937584
sample12_SemiBin_5	33.355118
sample12_SemiBin_15	60.660606
sample12_SemiBin_6	36.818127
sample12_SemiBin_10	34.86017
sample12_SemiBin_101	56.355843
sample12_SemiBin_33	11.237915
sample12_SemiBin_57	32.984818
sample12_SemiBin_54	29.810831
sample12_SemiBin_14	172.6217
sample12_SemiBin_43	60.694626
sample12_SemiBin_0	39.534428
sample12_SemiBin_4	12.815262
sample12_SemiBin_44	69.04116
sample12_SemiBin_47	11.67763
sample12_SemiBin_50	64.22833
sample12_SemiBin_11	10.029261
sample12_SemiBin_20	28.821497
sample12_SemiBin_64	70.654526
sample12_SemiBin_92	19.867369
sample12_SemiBin_17	25.839083
sample12_SemiBin_8	10.9190645
sample12_SemiBin_28	11.716504
sample12_SemiBin_9	62.402855
sample12_SemiBin_38	21.35908
sample12_SemiBin_546	74.559906
sample12_SemiBin_72	72.39626
sample12_SemiBin_29	26.50484
sample12_SemiBin_18	21.632343
sample12_SemiBin_32	18.144114
sample12_SemiBin_42	7.39365
sample12_SemiBin_61	59.787952
sample12_SemiBin_83	59.742016
sample12_SemiBin_26	14.463513
sample12_SemiBin_65	104.441765
sample12_SemiBin_40	63.33952
sample12_SemiBin_76	42.09709
sample12_SemiBin_49	42.856873
sample12_SemiBin_39	62.622597
sample12_SemiBin_504	46.70603
sample12_SemiBin_2	19.976019
sample12_SemiBin_37	113.22813
sample12_SemiBin_73	25.214617
sample12_SemiBin_25	70.526505
sample12_SemiBin_158	16.667412
sample12_SemiBin_12	59.73253
sample12_SemiBin_156	21.81428
sample12_SemiBin_41	13.181893
sample12_SemiBin_1163	20.26566
sample12_SemiBin_31	14.659823
sample12_SemiBin_19	12.936793
sample12_SemiBin_46	17.104946
sample12_SemiBin_7	33.396935
sample12_SemiBin_48	39.769848
sample12_SemiBin_22	58.80898
sample12_SemiBin_3	44.637787
sample12_SemiBin_21	6.280612
sample12_SemiBin_27	33.98427
sample12_SemiBin_24	69.34607
sample12_SemiBin_16	66.63199
sample13_Genome	13_ont_trim_filter_500_porechop.fastq Mean
sample13_SemiBin_521	31.828161
sample13_SemiBin_159	23.530247
sample13_SemiBin_137	72.177734
sample13_SemiBin_34	11.583347
sample13_SemiBin_96	22.513153
sample13_SemiBin_225	19.05693
sample13_SemiBin_1592	27.18832
sample13_SemiBin_184	38.539036
sample13_SemiBin_388	143.87862
sample13_SemiBin_77	16.68404
sample13_SemiBin_453	6.741874
sample13_SemiBin_253	27.544155
sample13_SemiBin_13	10.034665
sample13_SemiBin_82	81.79872
sample13_SemiBin_197	21.636524
sample13_SemiBin_127	9.853295
sample13_SemiBin_5	18.790426
sample13_SemiBin_104	24.011017
sample13_SemiBin_15	41.836185
sample13_SemiBin_6	15.053653
sample13_SemiBin_182	38.020397
sample13_SemiBin_10	48.963306
sample13_SemiBin_101	22.080091
sample13_SemiBin_51	50.746014
sample13_SemiBin_217	30.383986
sample13_SemiBin_33	15.073942
sample13_SemiBin_151	5.683949
sample13_SemiBin_157	83.99161
sample13_SemiBin_233	24.380947
sample13_SemiBin_57	27.803297
sample13_SemiBin_54	7.1744246
sample13_SemiBin_14	26.404522
sample13_SemiBin_43	28.42217
sample13_SemiBin_113	39.003
sample13_SemiBin_125	66.872025
sample13_SemiBin_211	19.396223
sample13_SemiBin_296	63.34219
sample13_SemiBin_0	22.604904
sample13_SemiBin_4	16.91313
sample13_SemiBin_1162	38.198498
sample13_SemiBin_45	56.924717
sample13_SemiBin_153	62.073006
sample13_SemiBin_87	18.01416
sample13_SemiBin_1590	30.11896
sample13_SemiBin_267	77.67398
sample13_SemiBin_70	16.35124
sample13_SemiBin_44	49.201313
sample13_SemiBin_47	17.967041
sample13_SemiBin_487	13.551562
sample13_SemiBin_50	16.375399
sample13_SemiBin_367	64.32396
sample13_SemiBin_11	45.906937
sample13_SemiBin_194	26.980196
sample13_SemiBin_36	13.420279
sample13_SemiBin_124	23.13451
sample13_SemiBin_203	11.642963
sample13_SemiBin_84	14.944205
sample13_SemiBin_53	9.024929
sample13_SemiBin_20	29.834642
sample13_SemiBin_64	8.077406
sample13_SemiBin_98	29.735113
sample13_SemiBin_216	12.279754
sample13_SemiBin_139	18.300741
sample13_SemiBin_94	37.679405
sample13_SemiBin_90	9.159032
sample13_SemiBin_109	11.726809
sample13_SemiBin_107	28.531599
sample13_SemiBin_92	18.287481
sample13_SemiBin_35	32.964
sample13_SemiBin_176	20.76111
sample13_SemiBin_69	10.978355
sample13_SemiBin_221	9.219561
sample13_SemiBin_1085	68.775795
sample13_SemiBin_237	22.14128
sample13_SemiBin_648	67.47501
sample13_SemiBin_131	10.80301
sample13_SemiBin_66	36.88114
sample13_SemiBin_319	19.152267
sample13_SemiBin_17	21.312626
sample13_SemiBin_52	16.906672
sample13_SemiBin_8	49.856834
sample13_SemiBin_126	31.11371
sample13_SemiBin_67	29.0703
sample13_SemiBin_28	214.51578
sample13_SemiBin_154	32.65256
sample13_SemiBin_9	48.85472
sample13_SemiBin_38	14.619335
sample13_SemiBin_145	29.512363
sample13_SemiBin_72	10.034615
sample13_SemiBin_102	22.638817
sample13_SemiBin_1619	109.9844
sample13_SemiBin_93	24.959257
sample13_SemiBin_63	10.986294
sample13_SemiBin_29	37.021084
sample13_SemiBin_18	10.834253
sample13_SemiBin_32	48.783268
sample13_SemiBin_100	7.854785
sample13_SemiBin_42	33.215946
sample13_SemiBin_163	22.617601
sample13_SemiBin_61	22.730513
sample13_SemiBin_130	64.11148
sample13_SemiBin_55	8.87523
sample13_SemiBin_133	5.6870303
sample13_SemiBin_232	31.145615
sample13_SemiBin_30	23.124786
sample13_SemiBin_165	20.007915
sample13_SemiBin_1	51.997604
sample13_SemiBin_78	22.353354
sample13_SemiBin_26	17.116842
sample13_SemiBin_173	59.97839
sample13_SemiBin_111	8.294757
sample13_SemiBin_65	28.708845
sample13_SemiBin_40	18.500885
sample13_SemiBin_76	45.33818
sample13_SemiBin_49	39.39256
sample13_SemiBin_39	10.543305
sample13_SemiBin_68	18.057295
sample13_SemiBin_97	11.739597
sample13_SemiBin_202	29.45505
sample13_SemiBin_206	17.182606
sample13_SemiBin_2	36.367764
sample13_SemiBin_141	18.720116
sample13_SemiBin_37	10.425498
sample13_SemiBin_73	10.679282
sample13_SemiBin_334	5.8369164
sample13_SemiBin_25	98.76927
sample13_SemiBin_123	6.3742027
sample13_SemiBin_247	17.502699
sample13_SemiBin_158	13.240124
sample13_SemiBin_1023	26.915373
sample13_SemiBin_12	26.971842
sample13_SemiBin_120	8.338301
sample13_SemiBin_23	70.705925
sample13_SemiBin_191	24.304588
sample13_SemiBin_263	24.16428
sample13_SemiBin_156	24.34267
sample13_SemiBin_118	28.775572
sample13_SemiBin_41	99.15776
sample13_SemiBin_81	13.524644
sample13_SemiBin_179	37.65239
sample13_SemiBin_85	32.677773
sample13_SemiBin_80	10.939995
sample13_SemiBin_110	8.114007
sample13_SemiBin_147	44.393425
sample13_SemiBin_60	17.783089
sample13_SemiBin_31	13.858214
sample13_SemiBin_99	15.551971
sample13_SemiBin_121	53.979218
sample13_SemiBin_86	9.716991
sample13_SemiBin_140	7.501483
sample13_SemiBin_108	40.912807
sample13_SemiBin_19	12.402044
sample13_SemiBin_46	24.05291
sample13_SemiBin_148	56.465984
sample13_SemiBin_1597	17.421972
sample13_SemiBin_244	122.26942
sample13_SemiBin_79	20.437996
sample13_SemiBin_89	42.908943
sample13_SemiBin_172	14.67681
sample13_SemiBin_7	71.37743
sample13_SemiBin_91	14.061138
sample13_SemiBin_48	51.048645
sample13_SemiBin_106	24.412418
sample13_SemiBin_142	56.163418
sample13_SemiBin_3	23.76309
sample13_SemiBin_56	15.403735
sample13_SemiBin_112	82.0976
sample13_SemiBin_95	41.316334
sample13_SemiBin_146	80.60911
sample13_SemiBin_259	56.19707
sample13_SemiBin_316	72.413956
sample13_SemiBin_115	13.809426
sample13_SemiBin_21	30.799965
sample13_SemiBin_74	51.341225
sample13_SemiBin_169	25.013079
sample13_SemiBin_215	12.493661
sample13_SemiBin_59	12.07175
sample13_SemiBin_27	25.120659
sample13_SemiBin_188	15.824252
sample13_SemiBin_88	37.35011
sample13_SemiBin_122	11.266701
sample13_SemiBin_114	8.185222
sample13_SemiBin_24	23.706469
sample13_SemiBin_16	30.232754
sample13_SemiBin_117	19.067997
sample14_Genome	14_ont_trim_filter_500_porechop.fastq Mean
sample14_SemiBin_34	156.06985
sample14_SemiBin_149	85.27508
sample14_SemiBin_184	261.9489
sample14_SemiBin_77	84.99832
sample14_SemiBin_1521	32.734253
sample14_SemiBin_1582	20.50638
sample14_SemiBin_13	32.910076
sample14_SemiBin_5	41.318882
sample14_SemiBin_15	25.583878
sample14_SemiBin_250	11.507476
sample14_SemiBin_10	46.860523
sample14_SemiBin_33	51.22303
sample14_SemiBin_57	12.383552
sample14_SemiBin_54	21.17933
sample14_SemiBin_14	15.046685
sample14_SemiBin_43	20.664059
sample14_SemiBin_0	8.391624
sample14_SemiBin_4	44.33036
sample14_SemiBin_153	18.464577
sample14_SemiBin_70	76.31117
sample14_SemiBin_44	35.52702
sample14_SemiBin_47	23.777782
sample14_SemiBin_50	36.50995
sample14_SemiBin_11	28.066664
sample14_SemiBin_36	50.568886
sample14_SemiBin_124	72.02393
sample14_SemiBin_203	25.254164
sample14_SemiBin_53	60.62911
sample14_SemiBin_20	39.344017
sample14_SemiBin_64	14.356255
sample14_SemiBin_1577	24.741535
sample14_SemiBin_35	28.361008
sample14_SemiBin_52	37.547737
sample14_SemiBin_8	87.55028
sample14_SemiBin_28	74.72992
sample14_SemiBin_9	23.432755
sample14_SemiBin_38	12.371111
sample14_SemiBin_145	17.696589
sample14_SemiBin_93	62.66707
sample14_SemiBin_63	14.363975
sample14_SemiBin_29	17.000587
sample14_SemiBin_18	44.486904
sample14_SemiBin_32	15.418746
sample14_SemiBin_61	13.209459
sample14_SemiBin_55	20.73115
sample14_SemiBin_133	35.874104
sample14_SemiBin_83	53.164898
sample14_SemiBin_1	48.496452
sample14_SemiBin_26	26.097656
sample14_SemiBin_40	19.967476
sample14_SemiBin_49	75.15719
sample14_SemiBin_39	153.9825
sample14_SemiBin_68	83.497025
sample14_SemiBin_97	8.114704
sample14_SemiBin_2	46.854195
sample14_SemiBin_73	13.3033495
sample14_SemiBin_25	9.465584
sample14_SemiBin_12	60.06833
sample14_SemiBin_23	42.320225
sample14_SemiBin_103	33.484734
sample14_SemiBin_1525	114.0794
sample14_SemiBin_80	62.72989
sample14_SemiBin_60	34.028755
sample14_SemiBin_31	86.09326
sample14_SemiBin_121	38.9364
sample14_SemiBin_86	36.135136
sample14_SemiBin_19	45.121075
sample14_SemiBin_46	99.68226
sample14_SemiBin_79	69.87537
sample14_SemiBin_89	120.30215
sample14_SemiBin_231	14.263066
sample14_SemiBin_7	31.41031
sample14_SemiBin_91	38.184433
sample14_SemiBin_22	99.00751
sample14_SemiBin_3	104.17343
sample14_SemiBin_21	36.11387
sample14_SemiBin_74	22.793545
sample14_SemiBin_59	10.298192
sample14_SemiBin_27	19.464743
sample14_SemiBin_114	14.950967
sample14_SemiBin_24	15.508985
sample14_SemiBin_16	49.858894
sample15_Genome	15_ont_trim_filter_500_porechop.fastq Mean
sample15_SemiBin_34	12.947612
sample15_SemiBin_96	18.564552
sample15_SemiBin_224	45.333767
sample15_SemiBin_289	25.961874
sample15_SemiBin_184	68.20322
sample15_SemiBin_193	85.7729
sample15_SemiBin_77	33.363953
sample15_SemiBin_195	57.96718
sample15_SemiBin_13	29.540253
sample15_SemiBin_175	28.542982
sample15_SemiBin_82	10.259467
sample15_SemiBin_144	14.208549
sample15_SemiBin_127	54.71384
sample15_SemiBin_214	13.915593
sample15_SemiBin_5	29.550657
sample15_SemiBin_284	59.804752
sample15_SemiBin_209	60.987305
sample15_SemiBin_104	52.038513
sample15_SemiBin_15	19.697561
sample15_SemiBin_6	23.82669
sample15_SemiBin_119	17.021454
sample15_SemiBin_294	8.434455
sample15_SemiBin_10	33.052708
sample15_SemiBin_101	23.585894
sample15_SemiBin_75	14.327577
sample15_SemiBin_51	65.391014
sample15_SemiBin_33	19.690912
sample15_SemiBin_151	33.098503
sample15_SemiBin_187	55.54106
sample15_SemiBin_157	54.749283
sample15_SemiBin_116	7.760109
sample15_SemiBin_57	24.233568
sample15_SemiBin_54	23.811356
sample15_SemiBin_14	39.046562
sample15_SemiBin_43	45.46501
sample15_SemiBin_152	10.790847
sample15_SemiBin_113	28.882448
sample15_SemiBin_125	17.896914
sample15_SemiBin_264	9.393274
sample15_SemiBin_105	13.477601
sample15_SemiBin_0	93.13364
sample15_SemiBin_4	32.4602
sample15_SemiBin_155	42.333286
sample15_SemiBin_733	35.319736
sample15_SemiBin_45	19.938335
sample15_SemiBin_271	24.123556
sample15_SemiBin_87	60.465675
sample15_SemiBin_166	16.481941
sample15_SemiBin_161	36.22447
sample15_SemiBin_70	8.744203
sample15_SemiBin_44	44.10264
sample15_SemiBin_47	65.24778
sample15_SemiBin_297	52.92704
sample15_SemiBin_50	21.239475
sample15_SemiBin_136	46.634403
sample15_SemiBin_220	20.237373
sample15_SemiBin_180	29.489037
sample15_SemiBin_124	43.229816
sample15_SemiBin_451	11.730776
sample15_SemiBin_198	15.187018
sample15_SemiBin_84	24.437817
sample15_SemiBin_20	41.95681
sample15_SemiBin_64	25.869728
sample15_SemiBin_139	16.78008
sample15_SemiBin_94	12.663235
sample15_SemiBin_90	24.62666
sample15_SemiBin_109	69.625465
sample15_SemiBin_107	7.1232057
sample15_SemiBin_270	15.387009
sample15_SemiBin_92	50.962524
sample15_SemiBin_35	27.722712
sample15_SemiBin_176	19.27619
sample15_SemiBin_69	8.959912
sample15_SemiBin_190	9.273729
sample15_SemiBin_131	40.603508
sample15_SemiBin_167	14.277095
sample15_SemiBin_256	49.310917
sample15_SemiBin_66	7.7787952
sample15_SemiBin_17	85.180984
sample15_SemiBin_52	44.92991
sample15_SemiBin_8	16.681263
sample15_SemiBin_67	29.778902
sample15_SemiBin_323	20.202827
sample15_SemiBin_28	17.707907
sample15_SemiBin_9	41.74154
sample15_SemiBin_145	10.520606
sample15_SemiBin_285	38.929237
sample15_SemiBin_72	27.201773
sample15_SemiBin_102	28.463554
sample15_SemiBin_274	21.468142
sample15_SemiBin_208	9.438788
sample15_SemiBin_135	42.920387
sample15_SemiBin_63	88.96521
sample15_SemiBin_29	15.683302
sample15_SemiBin_18	80.984924
sample15_SemiBin_32	33.55912
sample15_SemiBin_100	89.55512
sample15_SemiBin_174	12.281317
sample15_SemiBin_42	42.902607
sample15_SemiBin_163	37.2461
sample15_SemiBin_61	35.03838
sample15_SemiBin_130	17.079983
sample15_SemiBin_160	24.97789
sample15_SemiBin_55	27.232151
sample15_SemiBin_133	8.611928
sample15_SemiBin_132	23.507565
sample15_SemiBin_83	10.396608
sample15_SemiBin_30	32.397274
sample15_SemiBin_317	28.978354
sample15_SemiBin_287	51.666866
sample15_SemiBin_1	17.242113
sample15_SemiBin_78	32.391388
sample15_SemiBin_71	12.287454
sample15_SemiBin_143	51.13279
sample15_SemiBin_266	22.202204
sample15_SemiBin_26	38.58819
sample15_SemiBin_173	15.511832
sample15_SemiBin_227	33.448544
sample15_SemiBin_129	27.077726
sample15_SemiBin_111	12.100421
sample15_SemiBin_171	26.939316
sample15_SemiBin_277	27.742382
sample15_SemiBin_65	20.808344
sample15_SemiBin_76	14.996064
sample15_SemiBin_49	27.169308
sample15_SemiBin_201	30.014235
sample15_SemiBin_475	8.183412
sample15_SemiBin_39	14.259916
sample15_SemiBin_213	11.094332
sample15_SemiBin_68	15.459947
sample15_SemiBin_228	12.586735
sample15_SemiBin_168	11.694854
sample15_SemiBin_97	25.686117
sample15_SemiBin_288	14.445995
sample15_SemiBin_58	14.258938
sample15_SemiBin_206	60.10074
sample15_SemiBin_2	41.1725
sample15_SemiBin_141	14.848376
sample15_SemiBin_37	6.1077375
sample15_SemiBin_73	12.3716755
sample15_SemiBin_334	23.819706
sample15_SemiBin_25	64.38223
sample15_SemiBin_123	46.420547
sample15_SemiBin_158	31.991665
sample15_SemiBin_12	50.641785
sample15_SemiBin_186	34.45476
sample15_SemiBin_120	45.83332
sample15_SemiBin_23	42.358
sample15_SemiBin_103	15.415916
sample15_SemiBin_118	19.757324
sample15_SemiBin_41	15.139241
sample15_SemiBin_81	54.788578
sample15_SemiBin_85	9.507467
sample15_SemiBin_200	24.305635
sample15_SemiBin_80	32.797436
sample15_SemiBin_110	34.640842
sample15_SemiBin_60	9.38591
sample15_SemiBin_31	16.95331
sample15_SemiBin_99	20.013046
sample15_SemiBin_121	30.134043
sample15_SemiBin_86	13.347664
sample15_SemiBin_140	7.511503
sample15_SemiBin_108	19.38775
sample15_SemiBin_46	32.03718
sample15_SemiBin_331	211.9058
sample15_SemiBin_1988	32.77738
sample15_SemiBin_1856	13.813558
sample15_SemiBin_79	9.516569
sample15_SemiBin_89	26.34624
sample15_SemiBin_138	119.858376
sample15_SemiBin_7	208.94829
sample15_SemiBin_523	32.88041
sample15_SemiBin_91	9.8048935
sample15_SemiBin_384	12.165013
sample15_SemiBin_106	61.43186
sample15_SemiBin_142	32.164703
sample15_SemiBin_22	14.481173
sample15_SemiBin_3	34.74829
sample15_SemiBin_56	26.653822
sample15_SemiBin_112	74.913864
sample15_SemiBin_95	19.995419
sample15_SemiBin_146	43.79581
sample15_SemiBin_115	31.40857
sample15_SemiBin_21	19.856998
sample15_SemiBin_74	34.86017
sample15_SemiBin_62	24.361544
sample15_SemiBin_181	9.6073
sample15_SemiBin_169	41.656834
sample15_SemiBin_215	8.631894
sample15_SemiBin_59	36.39273
sample15_SemiBin_27	28.996782
sample15_SemiBin_188	7.5491686
sample15_SemiBin_88	9.225865
sample15_SemiBin_114	89.24721
sample15_SemiBin_24	17.187588
sample15_SemiBin_16	23.638882
sample16_Genome	16_ont_trim_filter_500_porechop.fastq Mean
sample16_SemiBin_258	62.63649
sample16_SemiBin_1839	22.35134
sample16_SemiBin_34	30.223118
sample16_SemiBin_96	115.82955
sample16_SemiBin_225	12.328944
sample16_SemiBin_184	87.974724
sample16_SemiBin_458	8.430903
sample16_SemiBin_193	15.593115
sample16_SemiBin_77	20.954405
sample16_SemiBin_13	60.508507
sample16_SemiBin_243	29.602749
sample16_SemiBin_82	10.586358
sample16_SemiBin_144	33.27032
sample16_SemiBin_127	9.413376
sample16_SemiBin_5	16.648914
sample16_SemiBin_104	21.332783
sample16_SemiBin_15	17.292194
sample16_SemiBin_6	31.716648
sample16_SemiBin_199	63.650116
sample16_SemiBin_183	81.03471
sample16_SemiBin_182	23.401411
sample16_SemiBin_178	9.493382
sample16_SemiBin_250	39.326485
sample16_SemiBin_10	30.504396
sample16_SemiBin_101	16.960747
sample16_SemiBin_75	42.115757
sample16_SemiBin_51	15.917904
sample16_SemiBin_33	14.43411
sample16_SemiBin_151	8.323393
sample16_SemiBin_157	12.205479
sample16_SemiBin_116	30.776905
sample16_SemiBin_57	15.041048
sample16_SemiBin_54	14.838315
sample16_SemiBin_14	14.711072
sample16_SemiBin_43	8.8995
sample16_SemiBin_125	12.104926
sample16_SemiBin_211	21.832083
sample16_SemiBin_105	22.544365
sample16_SemiBin_0	71.03929
sample16_SemiBin_4	28.945707
sample16_SemiBin_45	25.929853
sample16_SemiBin_223	68.32422
sample16_SemiBin_87	52.151814
sample16_SemiBin_161	32.244423
sample16_SemiBin_70	11.731918
sample16_SemiBin_44	39.766884
sample16_SemiBin_47	13.770766
sample16_SemiBin_487	64.60207
sample16_SemiBin_226	33.069904
sample16_SemiBin_50	7.0854278
sample16_SemiBin_11	26.680437
sample16_SemiBin_136	11.275332
sample16_SemiBin_299	29.914082
sample16_SemiBin_220	14.774835
sample16_SemiBin_194	23.212278
sample16_SemiBin_180	80.235855
sample16_SemiBin_36	38.7237
sample16_SemiBin_124	87.558136
sample16_SemiBin_1786	21.923647
sample16_SemiBin_198	66.743385
sample16_SemiBin_84	16.607744
sample16_SemiBin_20	9.747873
sample16_SemiBin_64	17.916878
sample16_SemiBin_98	28.053228
sample16_SemiBin_1836	46.795914
sample16_SemiBin_326	190.0848
sample16_SemiBin_94	57.57841
sample16_SemiBin_185	12.2778225
sample16_SemiBin_90	35.57917
sample16_SemiBin_109	24.274391
sample16_SemiBin_107	51.571575
sample16_SemiBin_92	59.48296
sample16_SemiBin_35	16.730684
sample16_SemiBin_177	8.529685
sample16_SemiBin_1749	14.050525
sample16_SemiBin_176	29.732092
sample16_SemiBin_69	28.508753
sample16_SemiBin_190	73.272316
sample16_SemiBin_237	47.512276
sample16_SemiBin_131	12.352737
sample16_SemiBin_255	8.040105
sample16_SemiBin_167	16.551739
sample16_SemiBin_66	10.007225
sample16_SemiBin_17	18.033432
sample16_SemiBin_52	11.747774
sample16_SemiBin_8	30.54761
sample16_SemiBin_126	22.345825
sample16_SemiBin_67	14.574075
sample16_SemiBin_323	15.67946
sample16_SemiBin_9	14.630848
sample16_SemiBin_38	24.227032
sample16_SemiBin_145	34.95525
sample16_SemiBin_72	7.9565415
sample16_SemiBin_1826	43.98224
sample16_SemiBin_102	11.299707
sample16_SemiBin_274	12.644973
sample16_SemiBin_93	26.067728
sample16_SemiBin_135	23.47768
sample16_SemiBin_63	17.887451
sample16_SemiBin_29	17.640188
sample16_SemiBin_18	20.64031
sample16_SemiBin_32	31.140982
sample16_SemiBin_100	14.159491
sample16_SemiBin_42	28.666584
sample16_SemiBin_163	11.821654
sample16_SemiBin_61	100.650246
sample16_SemiBin_130	7.483576
sample16_SemiBin_55	19.853338
sample16_SemiBin_133	34.253338
sample16_SemiBin_132	8.883224
sample16_SemiBin_83	48.568058
sample16_SemiBin_30	27.174034
sample16_SemiBin_1	26.062943
sample16_SemiBin_78	10.927217
sample16_SemiBin_71	6.202541
sample16_SemiBin_143	189.098
sample16_SemiBin_26	21.334538
sample16_SemiBin_1755	9.123132
sample16_SemiBin_173	5.76743
sample16_SemiBin_129	59.16316
sample16_SemiBin_111	21.812035
sample16_SemiBin_171	23.081505
sample16_SemiBin_65	11.579159
sample16_SemiBin_40	48.80926
sample16_SemiBin_76	45.63333
sample16_SemiBin_49	11.9454565
sample16_SemiBin_201	20.183733
sample16_SemiBin_39	24.04076
sample16_SemiBin_68	11.057024
sample16_SemiBin_168	10.802008
sample16_SemiBin_97	57.614517
sample16_SemiBin_219	44.266003
sample16_SemiBin_2	23.248253
sample16_SemiBin_141	6.8761067
sample16_SemiBin_37	25.083218
sample16_SemiBin_73	17.712175
sample16_SemiBin_25	23.991425
sample16_SemiBin_236	62.320915
sample16_SemiBin_123	11.2663
sample16_SemiBin_247	9.070572
sample16_SemiBin_12	25.488
sample16_SemiBin_128	12.025998
sample16_SemiBin_305	15.850997
sample16_SemiBin_134	8.280853
sample16_SemiBin_120	42.91621
sample16_SemiBin_428	8.058131
sample16_SemiBin_23	35.424793
sample16_SemiBin_263	11.15259
sample16_SemiBin_981	11.681875
sample16_SemiBin_103	43.16373
sample16_SemiBin_118	40.548786
sample16_SemiBin_41	19.66288
sample16_SemiBin_81	28.53844
sample16_SemiBin_85	11.430165
sample16_SemiBin_455	7.575904
sample16_SemiBin_200	21.277601
sample16_SemiBin_80	55.807236
sample16_SemiBin_110	22.743025
sample16_SemiBin_147	18.576643
sample16_SemiBin_60	30.170046
sample16_SemiBin_275	20.561342
sample16_SemiBin_31	41.319054
sample16_SemiBin_99	33.605125
sample16_SemiBin_121	6.856753
sample16_SemiBin_86	26.281227
sample16_SemiBin_140	27.667963
sample16_SemiBin_108	26.541859
sample16_SemiBin_19	23.262838
sample16_SemiBin_46	16.687586
sample16_SemiBin_241	75.770164
sample16_SemiBin_148	29.443932
sample16_SemiBin_164	29.140446
sample16_SemiBin_79	22.694515
sample16_SemiBin_89	9.468363
sample16_SemiBin_172	78.9792
sample16_SemiBin_138	10.849497
sample16_SemiBin_7	60.486248
sample16_SemiBin_212	11.862595
sample16_SemiBin_91	44.250652
sample16_SemiBin_48	8.676668
sample16_SemiBin_106	109.190956
sample16_SemiBin_142	29.410679
sample16_SemiBin_22	8.657961
sample16_SemiBin_3	56.758713
sample16_SemiBin_56	30.604523
sample16_SemiBin_112	16.848969
sample16_SemiBin_311	44.843155
sample16_SemiBin_146	16.73392
sample16_SemiBin_21	23.554707
sample16_SemiBin_74	58.333324
sample16_SemiBin_62	15.107916
sample16_SemiBin_169	12.33857
sample16_SemiBin_59	14.996399
sample16_SemiBin_192	26.122908
sample16_SemiBin_27	56.3528
sample16_SemiBin_88	22.709473
sample16_SemiBin_122	12.844408
sample16_SemiBin_114	30.411316
sample16_SemiBin_24	50.280704
sample16_SemiBin_16	19.2507
sample16_SemiBin_205	24.730623
sample17_Genome	17_ont_trim_filter_500_porechop.fastq Mean
sample17_SemiBin_137	58.74898
sample17_SemiBin_34	25.03339
sample17_SemiBin_328	25.640932
sample17_SemiBin_96	25.9465
sample17_SemiBin_224	9.787393
sample17_SemiBin_149	17.839752
sample17_SemiBin_289	19.950249
sample17_SemiBin_184	4.4516397
sample17_SemiBin_341	139.44789
sample17_SemiBin_193	25.981846
sample17_SemiBin_204	24.605806
sample17_SemiBin_272	7.508394
sample17_SemiBin_13	36.740032
sample17_SemiBin_175	122.53411
sample17_SemiBin_82	24.29751
sample17_SemiBin_144	43.965637
sample17_SemiBin_127	111.886086
sample17_SemiBin_5	28.676222
sample17_SemiBin_104	32.49019
sample17_SemiBin_15	51.639088
sample17_SemiBin_6	23.847578
sample17_SemiBin_119	14.696951
sample17_SemiBin_602	9.699604
sample17_SemiBin_178	12.007825
sample17_SemiBin_10	20.13762
sample17_SemiBin_101	45.64225
sample17_SemiBin_75	20.735325
sample17_SemiBin_51	22.879719
sample17_SemiBin_33	31.996853
sample17_SemiBin_151	15.569469
sample17_SemiBin_157	9.951164
sample17_SemiBin_57	19.302044
sample17_SemiBin_54	52.47757
sample17_SemiBin_14	28.94395
sample17_SemiBin_43	18.604746
sample17_SemiBin_152	22.889408
sample17_SemiBin_125	12.65897
sample17_SemiBin_105	51.93663
sample17_SemiBin_0	22.916355
sample17_SemiBin_4	20.246025
sample17_SemiBin_390	41.921432
sample17_SemiBin_714	21.667828
sample17_SemiBin_45	52.5773
sample17_SemiBin_223	10.303625
sample17_SemiBin_87	18.478573
sample17_SemiBin_189	40.57081
sample17_SemiBin_161	22.532095
sample17_SemiBin_1562	32.432766
sample17_SemiBin_70	38.690304
sample17_SemiBin_44	42.70912
sample17_SemiBin_47	48.518772
sample17_SemiBin_412	9.331067
sample17_SemiBin_50	9.144133
sample17_SemiBin_11	19.867912
sample17_SemiBin_136	13.48129
sample17_SemiBin_220	26.829372
sample17_SemiBin_180	17.305155
sample17_SemiBin_36	16.122097
sample17_SemiBin_84	25.82397
sample17_SemiBin_53	12.540888
sample17_SemiBin_20	24.013638
sample17_SemiBin_64	6.040374
sample17_SemiBin_98	19.350515
sample17_SemiBin_216	25.575619
sample17_SemiBin_94	12.781855
sample17_SemiBin_90	11.494248
sample17_SemiBin_109	10.5886545
sample17_SemiBin_92	43.698647
sample17_SemiBin_35	35.772957
sample17_SemiBin_69	12.5461855
sample17_SemiBin_221	50.514725
sample17_SemiBin_167	9.004509
sample17_SemiBin_256	68.973915
sample17_SemiBin_66	21.981056
sample17_SemiBin_17	19.622066
sample17_SemiBin_52	9.4350395
sample17_SemiBin_8	162.35353
sample17_SemiBin_126	38.28709
sample17_SemiBin_67	12.186085
sample17_SemiBin_230	30.800581
sample17_SemiBin_154	14.712073
sample17_SemiBin_9	56.041325
sample17_SemiBin_38	77.585686
sample17_SemiBin_145	45.627094
sample17_SemiBin_285	67.553375
sample17_SemiBin_72	35.813393
sample17_SemiBin_102	19.326784
sample17_SemiBin_93	30.73094
sample17_SemiBin_63	25.94747
sample17_SemiBin_904	15.568069
sample17_SemiBin_29	18.841217
sample17_SemiBin_18	67.024376
sample17_SemiBin_32	14.643927
sample17_SemiBin_100	9.326421
sample17_SemiBin_42	7.2135725
sample17_SemiBin_163	36.958305
sample17_SemiBin_61	33.990456
sample17_SemiBin_471	11.571431
sample17_SemiBin_130	29.869333
sample17_SemiBin_160	39.44014
sample17_SemiBin_55	55.2945
sample17_SemiBin_132	14.17639
sample17_SemiBin_30	46.87424
sample17_SemiBin_165	4.2860584
sample17_SemiBin_1	15.125476
sample17_SemiBin_262	39.448128
sample17_SemiBin_78	73.96919
sample17_SemiBin_71	10.783992
sample17_SemiBin_234	18.555492
sample17_SemiBin_26	14.141329
sample17_SemiBin_111	9.118964
sample17_SemiBin_171	16.450508
sample17_SemiBin_65	23.66824
sample17_SemiBin_40	31.64495
sample17_SemiBin_76	8.345003
sample17_SemiBin_49	23.041689
sample17_SemiBin_39	44.97431
sample17_SemiBin_68	21.723862
sample17_SemiBin_150	11.044995
sample17_SemiBin_97	19.28504
sample17_SemiBin_436	8.781215
sample17_SemiBin_58	13.682487
sample17_SemiBin_202	41.923206
sample17_SemiBin_206	19.07147
sample17_SemiBin_2	42.259487
sample17_SemiBin_37	21.005033
sample17_SemiBin_73	38.559467
sample17_SemiBin_248	34.054905
sample17_SemiBin_1553	23.618647
sample17_SemiBin_25	24.234575
sample17_SemiBin_158	10.581818
sample17_SemiBin_12	13.355198
sample17_SemiBin_251	46.540295
sample17_SemiBin_128	23.048565
sample17_SemiBin_590	37.46634
sample17_SemiBin_191	32.17073
sample17_SemiBin_103	12.562708
sample17_SemiBin_118	9.639758
sample17_SemiBin_41	14.4552965
sample17_SemiBin_81	12.122481
sample17_SemiBin_179	5.6230636
sample17_SemiBin_85	17.592474
sample17_SemiBin_941	49.943504
sample17_SemiBin_80	35.47046
sample17_SemiBin_110	7.230276
sample17_SemiBin_147	9.047363
sample17_SemiBin_60	18.623587
sample17_SemiBin_31	11.088984
sample17_SemiBin_99	15.371869
sample17_SemiBin_121	12.354384
sample17_SemiBin_86	31.691284
sample17_SemiBin_140	55.78027
sample17_SemiBin_108	10.93805
sample17_SemiBin_19	40.29787
sample17_SemiBin_46	10.937106
sample17_SemiBin_955	27.2536
sample17_SemiBin_331	31.14439
sample17_SemiBin_148	32.125275
sample17_SemiBin_79	24.158682
sample17_SemiBin_585	12.359969
sample17_SemiBin_89	20.991997
sample17_SemiBin_459	33.49151
sample17_SemiBin_399	9.5434675
sample17_SemiBin_222	49.890446
sample17_SemiBin_607	16.163471
sample17_SemiBin_7	55.763336
sample17_SemiBin_91	5.515348
sample17_SemiBin_106	22.079035
sample17_SemiBin_3	20.175503
sample17_SemiBin_56	72.65049
sample17_SemiBin_112	31.758575
sample17_SemiBin_95	9.132235
sample17_SemiBin_146	42.310677
sample17_SemiBin_21	60.649296
sample17_SemiBin_291	15.562313
sample17_SemiBin_74	14.6220875
sample17_SemiBin_556	141.18607
sample17_SemiBin_62	28.176712
sample17_SemiBin_181	95.35621
sample17_SemiBin_59	27.126863
sample17_SemiBin_192	29.386576
sample17_SemiBin_27	13.132711
sample17_SemiBin_188	41.608086
sample17_SemiBin_88	12.780202
sample17_SemiBin_273	24.265799
sample17_SemiBin_114	13.481794
sample17_SemiBin_24	25.134178
sample17_SemiBin_16	22.105026
sample17_SemiBin_117	30.51726
sample17_SemiBin_205	29.89211
sample18_Genome	18_ont_trim_filter_500_porechop.fastq Mean
sample18_SemiBin_159	10.778538
sample18_SemiBin_137	18.023346
sample18_SemiBin_34	19.09706
sample18_SemiBin_96	28.577936
sample18_SemiBin_224	6.444372
sample18_SemiBin_149	122.58171
sample18_SemiBin_193	10.804562
sample18_SemiBin_204	18.09211
sample18_SemiBin_77	36.70423
sample18_SemiBin_292	15.017169
sample18_SemiBin_195	6.655143
sample18_SemiBin_310	18.340155
sample18_SemiBin_252	71.80498
sample18_SemiBin_414	26.020414
sample18_SemiBin_13	98.41052
sample18_SemiBin_175	11.549286
sample18_SemiBin_82	21.269135
sample18_SemiBin_144	7.9591484
sample18_SemiBin_197	6.435459
sample18_SemiBin_127	33.73995
sample18_SemiBin_1090	24.739603
sample18_SemiBin_5	14.050615
sample18_SemiBin_284	38.612534
sample18_SemiBin_209	15.363433
sample18_SemiBin_104	7.265275
sample18_SemiBin_15	27.165373
sample18_SemiBin_6	22.281746
sample18_SemiBin_199	18.663475
sample18_SemiBin_183	46.31393
sample18_SemiBin_182	16.246208
sample18_SemiBin_119	85.74073
sample18_SemiBin_235	5.8099704
sample18_SemiBin_178	12.121406
sample18_SemiBin_250	17.548891
sample18_SemiBin_371	5.178934
sample18_SemiBin_10	15.279826
sample18_SemiBin_101	57.277744
sample18_SemiBin_75	33.101997
sample18_SemiBin_51	32.059395
sample18_SemiBin_217	15.462073
sample18_SemiBin_33	46.06605
sample18_SemiBin_151	19.312687
sample18_SemiBin_187	17.821274
sample18_SemiBin_157	18.700012
sample18_SemiBin_116	69.455124
sample18_SemiBin_207	24.400597
sample18_SemiBin_57	65.89835
sample18_SemiBin_54	24.60811
sample18_SemiBin_673	23.201754
sample18_SemiBin_14	12.256748
sample18_SemiBin_43	12.959453
sample18_SemiBin_152	44.59757
sample18_SemiBin_113	13.791252
sample18_SemiBin_358	12.180696
sample18_SemiBin_125	9.145921
sample18_SemiBin_264	12.378241
sample18_SemiBin_211	10.123996
sample18_SemiBin_1328	56.903202
sample18_SemiBin_105	36.108604
sample18_SemiBin_296	8.133678
sample18_SemiBin_0	25.91733
sample18_SemiBin_4	20.932167
sample18_SemiBin_155	8.3691
sample18_SemiBin_390	38.131763
sample18_SemiBin_45	43.74298
sample18_SemiBin_671	32.699604
sample18_SemiBin_223	6.803274
sample18_SemiBin_2111	10.132918
sample18_SemiBin_153	5.4374347
sample18_SemiBin_87	24.234407
sample18_SemiBin_166	17.407303
sample18_SemiBin_189	14.967452
sample18_SemiBin_312	19.376362
sample18_SemiBin_161	4.946753
sample18_SemiBin_70	27.253931
sample18_SemiBin_44	40.955666
sample18_SemiBin_298	73.3516
sample18_SemiBin_47	49.309956
sample18_SemiBin_226	15.22154
sample18_SemiBin_50	22.407581
sample18_SemiBin_660	36.113796
sample18_SemiBin_11	21.26968
sample18_SemiBin_494	7.855226
sample18_SemiBin_136	49.05103
sample18_SemiBin_220	15.04232
sample18_SemiBin_194	15.79793
sample18_SemiBin_180	18.282007
sample18_SemiBin_347	28.766054
sample18_SemiBin_36	11.700957
sample18_SemiBin_124	8.319868
sample18_SemiBin_203	22.405718
sample18_SemiBin_198	15.860859
sample18_SemiBin_162	32.828438
sample18_SemiBin_413	20.717642
sample18_SemiBin_84	9.529088
sample18_SemiBin_415	13.99923
sample18_SemiBin_53	43.043144
sample18_SemiBin_403	19.636398
sample18_SemiBin_2022	28.714767
sample18_SemiBin_20	17.129707
sample18_SemiBin_613	17.962387
sample18_SemiBin_64	46.376396
sample18_SemiBin_98	13.516494
sample18_SemiBin_476	73.15347
sample18_SemiBin_216	22.594404
sample18_SemiBin_139	27.15561
sample18_SemiBin_240	26.754063
sample18_SemiBin_94	15.11479
sample18_SemiBin_185	37.5454
sample18_SemiBin_90	7.160866
sample18_SemiBin_109	9.312595
sample18_SemiBin_107	11.603908
sample18_SemiBin_270	31.994612
sample18_SemiBin_315	10.463327
sample18_SemiBin_92	12.109783
sample18_SemiBin_35	62.770042
sample18_SemiBin_177	10.622159
sample18_SemiBin_176	9.764758
sample18_SemiBin_69	18.500858
sample18_SemiBin_221	12.611845
sample18_SemiBin_452	10.383585
sample18_SemiBin_190	52.800922
sample18_SemiBin_257	52.156677
sample18_SemiBin_131	28.286972
sample18_SemiBin_255	7.200263
sample18_SemiBin_167	5.986814
sample18_SemiBin_256	93.49825
sample18_SemiBin_66	7.5953703
sample18_SemiBin_319	6.392118
sample18_SemiBin_17	15.382082
sample18_SemiBin_52	37.541702
sample18_SemiBin_364	13.082608
sample18_SemiBin_8	33.299202
sample18_SemiBin_126	25.082245
sample18_SemiBin_67	15.049168
sample18_SemiBin_230	84.647194
sample18_SemiBin_196	7.19419
sample18_SemiBin_28	28.449745
sample18_SemiBin_154	42.278164
sample18_SemiBin_9	36.10713
sample18_SemiBin_38	40.541595
sample18_SemiBin_145	14.482102
sample18_SemiBin_285	8.846715
sample18_SemiBin_249	19.11682
sample18_SemiBin_357	32.63411
sample18_SemiBin_72	11.5959215
sample18_SemiBin_274	11.28246
sample18_SemiBin_208	14.131771
sample18_SemiBin_135	32.30633
sample18_SemiBin_304	18.44275
sample18_SemiBin_63	165.51782
sample18_SemiBin_29	16.274557
sample18_SemiBin_18	15.00767
sample18_SemiBin_32	272.74762
sample18_SemiBin_100	13.090562
sample18_SemiBin_174	43.242847
sample18_SemiBin_42	29.571947
sample18_SemiBin_163	24.455952
sample18_SemiBin_61	15.081249
sample18_SemiBin_130	26.021269
sample18_SemiBin_160	36.79227
sample18_SemiBin_55	10.166216
sample18_SemiBin_133	9.932766
sample18_SemiBin_132	16.138577
sample18_SemiBin_83	25.527452
sample18_SemiBin_30	19.94163
sample18_SemiBin_317	27.192451
sample18_SemiBin_165	7.3291636
sample18_SemiBin_1	17.706203
sample18_SemiBin_78	18.424273
sample18_SemiBin_71	8.463067
sample18_SemiBin_327	162.83272
sample18_SemiBin_143	83.75834
sample18_SemiBin_266	12.70564
sample18_SemiBin_440	12.240509
sample18_SemiBin_26	30.6066
sample18_SemiBin_173	6.901065
sample18_SemiBin_227	7.555629
sample18_SemiBin_129	30.315458
sample18_SemiBin_355	30.0568
sample18_SemiBin_111	11.985316
sample18_SemiBin_171	12.60941
sample18_SemiBin_65	22.152864
sample18_SemiBin_40	55.550327
sample18_SemiBin_2059	12.3718815
sample18_SemiBin_76	46.18001
sample18_SemiBin_49	11.238444
sample18_SemiBin_201	29.19544
sample18_SemiBin_416	12.675916
sample18_SemiBin_39	12.109395
sample18_SemiBin_213	22.331633
sample18_SemiBin_68	26.66663
sample18_SemiBin_228	5.283181
sample18_SemiBin_168	11.979257
sample18_SemiBin_373	12.154683
sample18_SemiBin_150	10.67806
sample18_SemiBin_97	10.104484
sample18_SemiBin_569	34.29914
sample18_SemiBin_58	20.076956
sample18_SemiBin_219	18.835567
sample18_SemiBin_2	15.667396
sample18_SemiBin_141	32.200115
sample18_SemiBin_37	27.989706
sample18_SemiBin_218	22.275455
sample18_SemiBin_73	14.348678
sample18_SemiBin_248	20.522263
sample18_SemiBin_25	10.020468
sample18_SemiBin_236	8.255383
sample18_SemiBin_123	9.279217
sample18_SemiBin_247	8.265449
sample18_SemiBin_158	12.352785
sample18_SemiBin_12	47.706272
sample18_SemiBin_251	11.946193
sample18_SemiBin_318	98.01615
sample18_SemiBin_348	18.978165
sample18_SemiBin_128	9.152601
sample18_SemiBin_305	20.627407
sample18_SemiBin_134	11.133623
sample18_SemiBin_186	9.872909
sample18_SemiBin_120	26.94777
sample18_SemiBin_23	14.306402
sample18_SemiBin_191	103.04953
sample18_SemiBin_103	15.439669
sample18_SemiBin_156	6.128759
sample18_SemiBin_118	8.561067
sample18_SemiBin_41	41.22676
sample18_SemiBin_81	67.398125
sample18_SemiBin_179	7.6910133
sample18_SemiBin_85	17.530975
sample18_SemiBin_200	9.322642
sample18_SemiBin_80	24.091051
sample18_SemiBin_110	9.485583
sample18_SemiBin_147	56.420578
sample18_SemiBin_60	42.526592
sample18_SemiBin_275	9.134937
sample18_SemiBin_31	13.309449
sample18_SemiBin_99	9.550054
sample18_SemiBin_121	16.001125
sample18_SemiBin_86	14.816513
sample18_SemiBin_140	36.63311
sample18_SemiBin_19	11.503835
sample18_SemiBin_46	30.528444
sample18_SemiBin_241	12.512017
sample18_SemiBin_300	21.760092
sample18_SemiBin_339	18.848522
sample18_SemiBin_148	6.494454
sample18_SemiBin_164	9.485162
sample18_SemiBin_79	9.967708
sample18_SemiBin_89	33.295586
sample18_SemiBin_283	15.304803
sample18_SemiBin_172	12.97768
sample18_SemiBin_231	20.802238
sample18_SemiBin_321	19.92041
sample18_SemiBin_7	23.365467
sample18_SemiBin_170	9.6862545
sample18_SemiBin_212	10.864167
sample18_SemiBin_91	23.718641
sample18_SemiBin_48	13.102687
sample18_SemiBin_106	26.776068
sample18_SemiBin_142	17.21463
sample18_SemiBin_22	11.553548
sample18_SemiBin_3	13.81628
sample18_SemiBin_56	15.452509
sample18_SemiBin_112	18.130741
sample18_SemiBin_311	38.62584
sample18_SemiBin_95	36.489254
sample18_SemiBin_146	29.335377
sample18_SemiBin_392	23.491343
sample18_SemiBin_306	7.699937
sample18_SemiBin_115	14.177156
sample18_SemiBin_21	22.60261
sample18_SemiBin_74	16.89762
sample18_SemiBin_62	23.591085
sample18_SemiBin_181	8.000459
sample18_SemiBin_245	6.787938
sample18_SemiBin_169	6.809244
sample18_SemiBin_595	32.821247
sample18_SemiBin_59	27.996386
sample18_SemiBin_192	42.369884
sample18_SemiBin_27	12.738515
sample18_SemiBin_188	10.185817
sample18_SemiBin_88	17.838213
sample18_SemiBin_422	11.440454
sample18_SemiBin_336	18.824308
sample18_SemiBin_273	41.85853
sample18_SemiBin_122	9.115457
sample18_SemiBin_114	10.978476
sample18_SemiBin_24	21.707666
sample18_SemiBin_16	56.714615
sample18_SemiBin_117	20.566608
sample18_SemiBin_466	22.312094
sample18_SemiBin_205	16.384272
sample19_Genome	19_ont_trim_filter_500_porechop.fastq Mean
sample19_SemiBin_34	27.706528
sample19_SemiBin_96	9.386546
sample19_SemiBin_1712	34.685444
sample19_SemiBin_149	34.02692
sample19_SemiBin_289	18.44483
sample19_SemiBin_492	19.165995
sample19_SemiBin_458	23.109419
sample19_SemiBin_193	8.236656
sample19_SemiBin_1291	26.082262
sample19_SemiBin_77	83.057
sample19_SemiBin_303	56.093884
sample19_SemiBin_195	40.486454
sample19_SemiBin_13	51.44061
sample19_SemiBin_82	21.054874
sample19_SemiBin_144	10.286636
sample19_SemiBin_538	7.4701257
sample19_SemiBin_127	22.53736
sample19_SemiBin_5	29.754099
sample19_SemiBin_104	23.123348
sample19_SemiBin_15	29.280636
sample19_SemiBin_6	50.099953
sample19_SemiBin_183	21.189121
sample19_SemiBin_119	25.912973
sample19_SemiBin_178	27.650087
sample19_SemiBin_10	17.31039
sample19_SemiBin_101	12.351628
sample19_SemiBin_75	47.38163
sample19_SemiBin_51	17.033329
sample19_SemiBin_217	10.854859
sample19_SemiBin_33	80.07555
sample19_SemiBin_187	26.610527
sample19_SemiBin_157	14.648624
sample19_SemiBin_116	11.180836
sample19_SemiBin_233	9.098557
sample19_SemiBin_207	7.243833
sample19_SemiBin_57	19.413452
sample19_SemiBin_54	122.50671
sample19_SemiBin_14	40.455517
sample19_SemiBin_43	17.64169
sample19_SemiBin_113	36.794792
sample19_SemiBin_211	27.312634
sample19_SemiBin_105	14.525693
sample19_SemiBin_0	21.268574
sample19_SemiBin_4	15.31059
sample19_SemiBin_155	24.24237
sample19_SemiBin_45	31.272104
sample19_SemiBin_271	33.723686
sample19_SemiBin_87	183.12175
sample19_SemiBin_189	22.558752
sample19_SemiBin_161	10.926195
sample19_SemiBin_70	10.687498
sample19_SemiBin_313	7.1357927
sample19_SemiBin_44	20.413485
sample19_SemiBin_1724	37.512455
sample19_SemiBin_47	30.581518
sample19_SemiBin_50	18.368681
sample19_SemiBin_354	10.345422
sample19_SemiBin_11	35.971783
sample19_SemiBin_36	76.625435
sample19_SemiBin_124	29.702002
sample19_SemiBin_382	19.93407
sample19_SemiBin_198	16.343243
sample19_SemiBin_162	10.332434
sample19_SemiBin_84	44.741432
sample19_SemiBin_20	32.08052
sample19_SemiBin_98	19.219332
sample19_SemiBin_139	46.35924
sample19_SemiBin_94	16.955511
sample19_SemiBin_90	12.041082
sample19_SemiBin_881	30.390757
sample19_SemiBin_109	7.5124025
sample19_SemiBin_107	16.552399
sample19_SemiBin_92	5.8286858
sample19_SemiBin_35	21.985409
sample19_SemiBin_69	23.852257
sample19_SemiBin_221	8.023496
sample19_SemiBin_190	63.45308
sample19_SemiBin_131	10.639213
sample19_SemiBin_167	49.849663
sample19_SemiBin_66	74.79752
sample19_SemiBin_17	20.859589
sample19_SemiBin_52	21.403378
sample19_SemiBin_8	45.011215
sample19_SemiBin_67	35.665466
sample19_SemiBin_196	19.590748
sample19_SemiBin_28	85.087456
sample19_SemiBin_154	32.9701
sample19_SemiBin_9	44.74626
sample19_SemiBin_38	18.295187
sample19_SemiBin_72	13.030364
sample19_SemiBin_102	32.718826
sample19_SemiBin_135	21.059504
sample19_SemiBin_63	41.036766
sample19_SemiBin_29	56.175926
sample19_SemiBin_18	24.441448
sample19_SemiBin_32	19.522959
sample19_SemiBin_100	14.346068
sample19_SemiBin_174	9.774887
sample19_SemiBin_42	69.89648
sample19_SemiBin_163	21.800306
sample19_SemiBin_61	24.090843
sample19_SemiBin_130	17.924265
sample19_SemiBin_55	8.743108
sample19_SemiBin_132	17.333477
sample19_SemiBin_83	31.240473
sample19_SemiBin_30	37.442673
sample19_SemiBin_165	32.231262
sample19_SemiBin_1	36.482063
sample19_SemiBin_78	51.068523
sample19_SemiBin_143	7.5266967
sample19_SemiBin_26	13.85536
sample19_SemiBin_343	28.970058
sample19_SemiBin_129	7.3250365
sample19_SemiBin_111	22.842278
sample19_SemiBin_65	14.92865
sample19_SemiBin_40	41.55186
sample19_SemiBin_76	15.465236
sample19_SemiBin_49	13.032017
sample19_SemiBin_416	37.733513
sample19_SemiBin_39	36.266953
sample19_SemiBin_68	14.864786
sample19_SemiBin_168	30.215467
sample19_SemiBin_97	98.89469
sample19_SemiBin_58	12.815869
sample19_SemiBin_206	24.363806
sample19_SemiBin_246	17.14178
sample19_SemiBin_2	28.450777
sample19_SemiBin_141	6.833271
sample19_SemiBin_37	26.06446
sample19_SemiBin_73	13.53178
sample19_SemiBin_1716	21.081202
sample19_SemiBin_25	13.613688
sample19_SemiBin_406	23.689823
sample19_SemiBin_12	31.821508
sample19_SemiBin_427	51.749134
sample19_SemiBin_251	6.0509515
sample19_SemiBin_128	17.445555
sample19_SemiBin_186	4.704219
sample19_SemiBin_120	107.79026
sample19_SemiBin_263	45.959385
sample19_SemiBin_103	27.770176
sample19_SemiBin_41	11.738919
sample19_SemiBin_81	32.508984
sample19_SemiBin_179	27.577965
sample19_SemiBin_85	13.902684
sample19_SemiBin_80	32.941677
sample19_SemiBin_147	32.663532
sample19_SemiBin_411	32.97665
sample19_SemiBin_60	28.23314
sample19_SemiBin_31	28.366661
sample19_SemiBin_99	156.10696
sample19_SemiBin_121	22.682379
sample19_SemiBin_86	9.415662
sample19_SemiBin_140	5.2209764
sample19_SemiBin_108	16.229517
sample19_SemiBin_19	33.346153
sample19_SemiBin_46	15.440224
sample19_SemiBin_148	33.75082
sample19_SemiBin_79	31.510035
sample19_SemiBin_89	10.91882
sample19_SemiBin_172	169.53497
sample19_SemiBin_138	19.586031
sample19_SemiBin_7	31.648312
sample19_SemiBin_170	18.537111
sample19_SemiBin_212	13.502521
sample19_SemiBin_91	24.104628
sample19_SemiBin_142	55.794373
sample19_SemiBin_22	19.661163
sample19_SemiBin_3	46.665264
sample19_SemiBin_56	24.409891
sample19_SemiBin_112	27.14636
sample19_SemiBin_95	21.608927
sample19_SemiBin_115	46.90626
sample19_SemiBin_21	51.308437
sample19_SemiBin_74	16.380547
sample19_SemiBin_62	39.730663
sample19_SemiBin_245	12.486364
sample19_SemiBin_169	51.844666
sample19_SemiBin_59	49.734444
sample19_SemiBin_27	21.484634
sample19_SemiBin_88	50.80613
sample19_SemiBin_422	10.425156
sample19_SemiBin_273	52.33439
sample19_SemiBin_122	15.120425
sample19_SemiBin_114	31.928509
sample19_SemiBin_24	36.97119
sample19_SemiBin_16	37.976128
sample19_SemiBin_117	62.58485
sample20_Genome	20_ont_trim_filter_500_porechop.fastq Mean
sample20_SemiBin_159	14.668591
sample20_SemiBin_258	17.675034
sample20_SemiBin_137	20.385153
sample20_SemiBin_34	10.16206
sample20_SemiBin_149	43.975517
sample20_SemiBin_289	7.1726804
sample20_SemiBin_193	37.908215
sample20_SemiBin_689	27.436989
sample20_SemiBin_77	21.274256
sample20_SemiBin_13	40.928623
sample20_SemiBin_175	7.1969147
sample20_SemiBin_82	11.460933
sample20_SemiBin_144	40.844105
sample20_SemiBin_127	9.263788
sample20_SemiBin_214	20.164864
sample20_SemiBin_5	28.302238
sample20_SemiBin_209	10.111419
sample20_SemiBin_104	30.919104
sample20_SemiBin_15	15.460455
sample20_SemiBin_6	22.70487
sample20_SemiBin_199	8.955217
sample20_SemiBin_183	29.774961
sample20_SemiBin_307	26.225018
sample20_SemiBin_119	53.724564
sample20_SemiBin_1087	20.249739
sample20_SemiBin_178	11.01446
sample20_SemiBin_10	63.094093
sample20_SemiBin_101	12.362726
sample20_SemiBin_75	9.159473
sample20_SemiBin_295	13.693781
sample20_SemiBin_51	20.743172
sample20_SemiBin_33	133.13718
sample20_SemiBin_151	7.118298
sample20_SemiBin_187	28.653267
sample20_SemiBin_157	30.948233
sample20_SemiBin_361	40.64804
sample20_SemiBin_116	8.411507
sample20_SemiBin_207	13.764727
sample20_SemiBin_57	9.590769
sample20_SemiBin_54	14.67267
sample20_SemiBin_14	22.167788
sample20_SemiBin_43	19.074276
sample20_SemiBin_152	49.08056
sample20_SemiBin_113	11.076369
sample20_SemiBin_105	11.530746
sample20_SemiBin_296	28.866407
sample20_SemiBin_0	21.771374
sample20_SemiBin_4	19.851082
sample20_SemiBin_499	50.384083
sample20_SemiBin_309	12.204232
sample20_SemiBin_45	19.25209
sample20_SemiBin_223	11.844149
sample20_SemiBin_153	41.04375
sample20_SemiBin_431	41.88104
sample20_SemiBin_1630	25.416742
sample20_SemiBin_166	13.535613
sample20_SemiBin_189	17.080397
sample20_SemiBin_161	12.630317
sample20_SemiBin_44	10.822135
sample20_SemiBin_298	21.088856
sample20_SemiBin_47	76.47664
sample20_SemiBin_50	13.070369
sample20_SemiBin_11	45.46719
sample20_SemiBin_136	24.594864
sample20_SemiBin_180	30.201694
sample20_SemiBin_36	21.576637
sample20_SemiBin_124	32.727596
sample20_SemiBin_203	15.438872
sample20_SemiBin_198	48.34314
sample20_SemiBin_162	41.518375
sample20_SemiBin_84	11.049948
sample20_SemiBin_53	36.106243
sample20_SemiBin_403	10.537069
sample20_SemiBin_20	13.041792
sample20_SemiBin_64	8.809806
sample20_SemiBin_98	15.460009
sample20_SemiBin_139	9.237954
sample20_SemiBin_94	30.02947
sample20_SemiBin_90	27.686193
sample20_SemiBin_703	11.650357
sample20_SemiBin_109	13.63123
sample20_SemiBin_107	20.291672
sample20_SemiBin_1442	15.625994
sample20_SemiBin_315	23.144743
sample20_SemiBin_290	53.00779
sample20_SemiBin_92	24.16963
sample20_SemiBin_35	24.009497
sample20_SemiBin_177	36.76756
sample20_SemiBin_176	79.249435
sample20_SemiBin_69	8.60184
sample20_SemiBin_221	16.860285
sample20_SemiBin_190	14.789965
sample20_SemiBin_257	19.98946
sample20_SemiBin_131	28.937458
sample20_SemiBin_167	9.274679
sample20_SemiBin_66	36.033585
sample20_SemiBin_17	42.25339
sample20_SemiBin_364	36.26767
sample20_SemiBin_8	17.681656
sample20_SemiBin_126	29.844847
sample20_SemiBin_67	15.453013
sample20_SemiBin_196	8.248719
sample20_SemiBin_28	35.79038
sample20_SemiBin_154	8.257693
sample20_SemiBin_278	28.86309
sample20_SemiBin_242	19.370085
sample20_SemiBin_9	17.310547
sample20_SemiBin_38	26.384956
sample20_SemiBin_145	19.41059
sample20_SemiBin_357	36.037003
sample20_SemiBin_72	27.453283
sample20_SemiBin_987	12.967415
sample20_SemiBin_102	16.048094
sample20_SemiBin_208	14.603628
sample20_SemiBin_135	6.3133144
sample20_SemiBin_304	25.275421
sample20_SemiBin_63	16.843359
sample20_SemiBin_29	23.037764
sample20_SemiBin_18	13.349931
sample20_SemiBin_32	18.319202
sample20_SemiBin_100	14.867611
sample20_SemiBin_174	31.112604
sample20_SemiBin_42	33.077946
sample20_SemiBin_163	36.56298
sample20_SemiBin_61	14.910614
sample20_SemiBin_130	8.321026
sample20_SemiBin_484	9.163854
sample20_SemiBin_160	25.37545
sample20_SemiBin_55	21.068172
sample20_SemiBin_133	6.080344
sample20_SemiBin_132	28.782278
sample20_SemiBin_83	12.622294
sample20_SemiBin_30	22.768766
sample20_SemiBin_391	33.353416
sample20_SemiBin_1	30.770853
sample20_SemiBin_262	7.4258866
sample20_SemiBin_78	17.11571
sample20_SemiBin_71	27.481304
sample20_SemiBin_234	23.586601
sample20_SemiBin_143	29.761118
sample20_SemiBin_26	28.990513
sample20_SemiBin_173	26.95865
sample20_SemiBin_129	6.1338305
sample20_SemiBin_111	25.60263
sample20_SemiBin_171	14.174608
sample20_SemiBin_65	19.307093
sample20_SemiBin_40	13.476903
sample20_SemiBin_76	55.929615
sample20_SemiBin_49	9.230872
sample20_SemiBin_201	5.2052813
sample20_SemiBin_39	21.816286
sample20_SemiBin_68	8.861907
sample20_SemiBin_168	25.623695
sample20_SemiBin_150	25.023071
sample20_SemiBin_97	10.077083
sample20_SemiBin_58	12.128361
sample20_SemiBin_2	12.37596
sample20_SemiBin_141	27.253138
sample20_SemiBin_37	10.94947
sample20_SemiBin_218	12.11495
sample20_SemiBin_73	11.895059
sample20_SemiBin_25	9.043553
sample20_SemiBin_123	23.96995
sample20_SemiBin_158	11.7239685
sample20_SemiBin_12	24.478865
sample20_SemiBin_2265	18.193274
sample20_SemiBin_128	9.401937
sample20_SemiBin_134	34.029686
sample20_SemiBin_186	9.219662
sample20_SemiBin_120	17.749678
sample20_SemiBin_23	87.22685
sample20_SemiBin_191	22.319218
sample20_SemiBin_263	36.12059
sample20_SemiBin_103	54.693356
sample20_SemiBin_156	14.403023
sample20_SemiBin_118	13.737237
sample20_SemiBin_41	19.732006
sample20_SemiBin_81	12.104722
sample20_SemiBin_179	14.702294
sample20_SemiBin_85	11.898871
sample20_SemiBin_200	18.983992
sample20_SemiBin_268	28.867224
sample20_SemiBin_80	12.985407
sample20_SemiBin_110	51.29143
sample20_SemiBin_60	24.701988
sample20_SemiBin_31	14.021262
sample20_SemiBin_210	16.053625
sample20_SemiBin_121	37.967056
sample20_SemiBin_86	7.751804
sample20_SemiBin_140	33.27284
sample20_SemiBin_108	19.148294
sample20_SemiBin_19	15.661517
sample20_SemiBin_46	8.628592
sample20_SemiBin_331	33.911335
sample20_SemiBin_148	7.9829044
sample20_SemiBin_164	7.4514303
sample20_SemiBin_79	17.544226
sample20_SemiBin_283	35.73983
sample20_SemiBin_172	16.104986
sample20_SemiBin_138	57.82964
sample20_SemiBin_7	25.801472
sample20_SemiBin_170	14.118619
sample20_SemiBin_212	12.695354
sample20_SemiBin_91	17.459608
sample20_SemiBin_48	9.612123
sample20_SemiBin_106	29.596518
sample20_SemiBin_142	21.812967
sample20_SemiBin_22	21.651964
sample20_SemiBin_3	17.699543
sample20_SemiBin_56	18.921217
sample20_SemiBin_112	26.148464
sample20_SemiBin_95	22.4753
sample20_SemiBin_306	25.452393
sample20_SemiBin_115	13.845509
sample20_SemiBin_21	13.431739
sample20_SemiBin_62	47.670994
sample20_SemiBin_181	10.991855
sample20_SemiBin_59	9.714002
sample20_SemiBin_192	25.342186
sample20_SemiBin_27	27.061037
sample20_SemiBin_188	8.385969
sample20_SemiBin_394	15.842561
sample20_SemiBin_88	55.512676
sample20_SemiBin_273	17.661898
sample20_SemiBin_122	29.7087
sample20_SemiBin_114	28.889366
sample20_SemiBin_24	21.439503
sample20_SemiBin_16	34.96463
sample20_SemiBin_229	14.022557
sample20_SemiBin_369	77.500084
sample20_SemiBin_117	19.475702
sample20_SemiBin_205	7.5706253
sample20_SemiBin_435	59.28115
sample21_Genome	21_ont_trim_filter_500_porechop.fastq Mean
sample21_SemiBin_159	22.898611
sample21_SemiBin_34	32.38366
sample21_SemiBin_96	33.12476
sample21_SemiBin_149	30.846842
sample21_SemiBin_503	31.516565
sample21_SemiBin_77	40.46194
sample21_SemiBin_378	22.898235
sample21_SemiBin_195	62.397446
sample21_SemiBin_13	33.053646
sample21_SemiBin_82	8.421942
sample21_SemiBin_5	17.483494
sample21_SemiBin_15	161.93924
sample21_SemiBin_6	24.451778
sample21_SemiBin_10	20.056194
sample21_SemiBin_101	18.166225
sample21_SemiBin_75	30.379568
sample21_SemiBin_51	7.6712413
sample21_SemiBin_33	11.498364
sample21_SemiBin_157	37.80677
sample21_SemiBin_207	15.979728
sample21_SemiBin_57	23.082201
sample21_SemiBin_54	74.843
sample21_SemiBin_14	17.142136
sample21_SemiBin_43	23.265247
sample21_SemiBin_125	22.687366
sample21_SemiBin_105	6.4144754
sample21_SemiBin_0	35.062134
sample21_SemiBin_4	34.36071
sample21_SemiBin_45	15.804071
sample21_SemiBin_1862	22.588865
sample21_SemiBin_153	22.909746
sample21_SemiBin_87	33.110558
sample21_SemiBin_380	45.335236
sample21_SemiBin_267	31.036587
sample21_SemiBin_189	34.77369
sample21_SemiBin_534	14.213663
sample21_SemiBin_70	88.92171
sample21_SemiBin_44	13.598858
sample21_SemiBin_47	12.566958
sample21_SemiBin_50	7.944268
sample21_SemiBin_1792	34.412647
sample21_SemiBin_11	31.834482
sample21_SemiBin_136	12.809939
sample21_SemiBin_1889	29.442732
sample21_SemiBin_36	34.307556
sample21_SemiBin_1786	64.83805
sample21_SemiBin_84	44.938168
sample21_SemiBin_53	11.351308
sample21_SemiBin_64	13.745346
sample21_SemiBin_98	17.605782
sample21_SemiBin_216	10.120314
sample21_SemiBin_94	64.49565
sample21_SemiBin_90	20.526556
sample21_SemiBin_109	45.553093
sample21_SemiBin_107	15.15925
sample21_SemiBin_35	30.39056
sample21_SemiBin_69	33.919525
sample21_SemiBin_190	24.509031
sample21_SemiBin_66	16.550142
sample21_SemiBin_17	48.007748
sample21_SemiBin_52	17.119226
sample21_SemiBin_1864	36.867016
sample21_SemiBin_8	37.241566
sample21_SemiBin_67	9.1827345
sample21_SemiBin_28	69.48886
sample21_SemiBin_9	17.806915
sample21_SemiBin_38	19.043646
sample21_SemiBin_145	26.018728
sample21_SemiBin_285	27.246489
sample21_SemiBin_72	28.134254
sample21_SemiBin_63	36.876686
sample21_SemiBin_29	10.451569
sample21_SemiBin_18	30.819818
sample21_SemiBin_32	22.214582
sample21_SemiBin_100	20.823809
sample21_SemiBin_42	10.928679
sample21_SemiBin_61	35.282513
sample21_SemiBin_130	97.339874
sample21_SemiBin_55	14.374639
sample21_SemiBin_132	53.907627
sample21_SemiBin_30	10.841211
sample21_SemiBin_1	55.070366
sample21_SemiBin_78	12.890263
sample21_SemiBin_71	23.092041
sample21_SemiBin_26	34.505127
sample21_SemiBin_65	13.496125
sample21_SemiBin_40	43.835445
sample21_SemiBin_76	4.9119215
sample21_SemiBin_49	24.19687
sample21_SemiBin_39	29.456408
sample21_SemiBin_68	9.499802
sample21_SemiBin_150	28.477976
sample21_SemiBin_206	13.144152
sample21_SemiBin_2	86.40686
sample21_SemiBin_141	9.1039295
sample21_SemiBin_37	68.70039
sample21_SemiBin_73	26.619286
sample21_SemiBin_25	5.341736
sample21_SemiBin_12	14.708134
sample21_SemiBin_599	43.37285
sample21_SemiBin_318	26.164108
sample21_SemiBin_120	11.784315
sample21_SemiBin_23	22.16965
sample21_SemiBin_1804	28.556473
sample21_SemiBin_103	19.183332
sample21_SemiBin_118	15.655841
sample21_SemiBin_41	29.623064
sample21_SemiBin_81	27.492792
sample21_SemiBin_80	100.76471
sample21_SemiBin_60	28.429935
sample21_SemiBin_31	9.67224
sample21_SemiBin_99	32.922176
sample21_SemiBin_108	12.112328
sample21_SemiBin_19	14.506275
sample21_SemiBin_46	24.765163
sample21_SemiBin_513	28.717796
sample21_SemiBin_164	18.106367
sample21_SemiBin_244	75.33835
sample21_SemiBin_79	16.357265
sample21_SemiBin_89	67.0816
sample21_SemiBin_283	64.553154
sample21_SemiBin_656	10.986093
sample21_SemiBin_7	26.293602
sample21_SemiBin_170	59.024605
sample21_SemiBin_91	32.443764
sample21_SemiBin_48	9.430668
sample21_SemiBin_22	81.70745
sample21_SemiBin_3	19.494308
sample21_SemiBin_56	39.661568
sample21_SemiBin_115	7.340668
sample21_SemiBin_21	10.290568
sample21_SemiBin_74	34.74083
sample21_SemiBin_1433	8.877611
sample21_SemiBin_62	29.054346
sample21_SemiBin_59	34.02455
sample21_SemiBin_27	22.534224
sample21_SemiBin_88	47.276306
sample21_SemiBin_24	29.739355
sample21_SemiBin_16	42.279243
sample21_SemiBin_117	19.232687
sample22_Genome	22_ont_trim_filter_500_porechop.fastq Mean
sample22_SemiBin_159	31.79272
sample22_SemiBin_137	9.893035
sample22_SemiBin_34	37.995327
sample22_SemiBin_96	8.653497
sample22_SemiBin_492	9.371978
sample22_SemiBin_77	18.383728
sample22_SemiBin_292	14.083235
sample22_SemiBin_13	49.372433
sample22_SemiBin_175	38.883205
sample22_SemiBin_342	26.999174
sample22_SemiBin_82	20.19623
sample22_SemiBin_144	25.368296
sample22_SemiBin_127	35.590958
sample22_SemiBin_5	25.543758
sample22_SemiBin_104	18.83605
sample22_SemiBin_15	15.82658
sample22_SemiBin_6	23.434805
sample22_SemiBin_182	10.367952
sample22_SemiBin_119	11.637811
sample22_SemiBin_10	19.980371
sample22_SemiBin_101	27.300922
sample22_SemiBin_75	14.843457
sample22_SemiBin_51	7.1680465
sample22_SemiBin_33	11.667278
sample22_SemiBin_151	28.073471
sample22_SemiBin_116	12.538791
sample22_SemiBin_57	13.142516
sample22_SemiBin_54	13.8429985
sample22_SemiBin_14	40.88331
sample22_SemiBin_43	12.277416
sample22_SemiBin_152	28.497454
sample22_SemiBin_113	11.505326
sample22_SemiBin_105	8.594822
sample22_SemiBin_0	46.333286
sample22_SemiBin_4	22.34221
sample22_SemiBin_45	23.750132
sample22_SemiBin_223	5.9599557
sample22_SemiBin_87	20.737122
sample22_SemiBin_267	35.956852
sample22_SemiBin_189	32.44009
sample22_SemiBin_338	36.44998
sample22_SemiBin_47	16.143614
sample22_SemiBin_50	20.799885
sample22_SemiBin_11	10.921489
sample22_SemiBin_136	8.998052
sample22_SemiBin_1595	6.2330275
sample22_SemiBin_194	9.360136
sample22_SemiBin_180	9.229726
sample22_SemiBin_36	41.16329
sample22_SemiBin_124	17.609941
sample22_SemiBin_162	13.1848955
sample22_SemiBin_84	9.075035
sample22_SemiBin_53	11.538146
sample22_SemiBin_20	48.628178
sample22_SemiBin_64	42.630287
sample22_SemiBin_98	5.315181
sample22_SemiBin_94	16.641977
sample22_SemiBin_90	20.116226
sample22_SemiBin_109	12.807384
sample22_SemiBin_107	18.002003
sample22_SemiBin_92	15.536438
sample22_SemiBin_35	19.720007
sample22_SemiBin_177	29.805977
sample22_SemiBin_69	14.228717
sample22_SemiBin_131	20.390596
sample22_SemiBin_66	21.9888
sample22_SemiBin_319	8.085493
sample22_SemiBin_17	19.231743
sample22_SemiBin_52	10.918151
sample22_SemiBin_8	49.939186
sample22_SemiBin_279	22.921488
sample22_SemiBin_126	29.26061
sample22_SemiBin_239	46.731113
sample22_SemiBin_67	29.655422
sample22_SemiBin_28	21.99818
sample22_SemiBin_9	31.084156
sample22_SemiBin_38	12.7121105
sample22_SemiBin_145	13.510905
sample22_SemiBin_249	13.485187
sample22_SemiBin_72	14.139241
sample22_SemiBin_102	37.544968
sample22_SemiBin_93	8.8789425
sample22_SemiBin_135	18.40057
sample22_SemiBin_63	16.796032
sample22_SemiBin_29	7.056576
sample22_SemiBin_260	31.040442
sample22_SemiBin_18	34.437088
sample22_SemiBin_100	37.21977
sample22_SemiBin_174	22.503908
sample22_SemiBin_42	28.691298
sample22_SemiBin_130	5.4152846
sample22_SemiBin_160	18.915401
sample22_SemiBin_55	29.56461
sample22_SemiBin_83	16.320854
sample22_SemiBin_30	11.117544
sample22_SemiBin_1	11.018147
sample22_SemiBin_78	21.264765
sample22_SemiBin_71	11.255267
sample22_SemiBin_143	11.519002
sample22_SemiBin_26	8.82468
sample22_SemiBin_111	13.770079
sample22_SemiBin_65	12.64924
sample22_SemiBin_40	20.145395
sample22_SemiBin_49	14.041342
sample22_SemiBin_201	7.9678907
sample22_SemiBin_416	55.13283
sample22_SemiBin_39	155.95786
sample22_SemiBin_68	21.717762
sample22_SemiBin_150	8.338797
sample22_SemiBin_97	61.168846
sample22_SemiBin_58	7.7044454
sample22_SemiBin_2	35.58128
sample22_SemiBin_37	45.74566
sample22_SemiBin_73	34.33813
sample22_SemiBin_25	12.158491
sample22_SemiBin_247	7.6241603
sample22_SemiBin_158	54.003925
sample22_SemiBin_12	20.802116
sample22_SemiBin_314	25.190622
sample22_SemiBin_23	30.00163
sample22_SemiBin_191	42.43395
sample22_SemiBin_103	5.1331673
sample22_SemiBin_118	5.059703
sample22_SemiBin_41	15.914277
sample22_SemiBin_81	12.216575
sample22_SemiBin_85	19.438457
sample22_SemiBin_80	37.69738
sample22_SemiBin_110	39.23606
sample22_SemiBin_147	11.227172
sample22_SemiBin_60	9.437666
sample22_SemiBin_31	42.627018
sample22_SemiBin_99	11.656924
sample22_SemiBin_121	17.383896
sample22_SemiBin_86	37.89446
sample22_SemiBin_19	20.673319
sample22_SemiBin_46	38.36763
sample22_SemiBin_79	28.973244
sample22_SemiBin_89	37.791035
sample22_SemiBin_713	28.289085
sample22_SemiBin_7	22.75479
sample22_SemiBin_91	15.785188
sample22_SemiBin_106	19.660067
sample22_SemiBin_1598	21.63657
sample22_SemiBin_142	22.23718
sample22_SemiBin_22	59.14075
sample22_SemiBin_3	24.966219
sample22_SemiBin_56	43.484093
sample22_SemiBin_112	14.781203
sample22_SemiBin_95	15.897211
sample22_SemiBin_146	13.20217
sample22_SemiBin_238	13.74157
sample22_SemiBin_115	6.879538
sample22_SemiBin_261	55.655785
sample22_SemiBin_21	15.512227
sample22_SemiBin_74	25.620823
sample22_SemiBin_62	14.738508
sample22_SemiBin_181	56.65519
sample22_SemiBin_215	30.68406
sample22_SemiBin_59	14.402483
sample22_SemiBin_27	14.380268
sample22_SemiBin_394	5.5985785
sample22_SemiBin_88	12.856202
sample22_SemiBin_493	8.839677
sample22_SemiBin_122	29.36216
sample22_SemiBin_24	7.0564218
sample22_SemiBin_16	26.381857
sample22_SemiBin_1596	23.7567
sample22_SemiBin_117	19.367682
sample22_SemiBin_205	18.314848
sample23_Genome	23_ont_trim_filter_500_porechop.fastq Mean
sample23_SemiBin_159	64.83646
sample23_SemiBin_224	7.6421266
sample23_SemiBin_388	15.0592575
sample23_SemiBin_193	71.33744
sample23_SemiBin_462	29.213087
sample23_SemiBin_13	25.599445
sample23_SemiBin_82	39.489365
sample23_SemiBin_5	32.30935
sample23_SemiBin_104	9.358142
sample23_SemiBin_15	9.144054
sample23_SemiBin_6	29.771513
sample23_SemiBin_444	24.28614
sample23_SemiBin_119	14.260292
sample23_SemiBin_10	65.381386
sample23_SemiBin_75	36.06595
sample23_SemiBin_51	31.483635
sample23_SemiBin_33	16.957794
sample23_SemiBin_116	21.79628
sample23_SemiBin_233	10.576995
sample23_SemiBin_57	20.878649
sample23_SemiBin_54	10.577169
sample23_SemiBin_14	10.956766
sample23_SemiBin_43	29.281517
sample23_SemiBin_358	7.687857
sample23_SemiBin_125	16.695906
sample23_SemiBin_0	26.83326
sample23_SemiBin_4	60.463425
sample23_SemiBin_45	26.627155
sample23_SemiBin_223	8.133692
sample23_SemiBin_153	33.279823
sample23_SemiBin_87	63.722946
sample23_SemiBin_431	13.074525
sample23_SemiBin_161	39.987305
sample23_SemiBin_70	23.514397
sample23_SemiBin_44	32.467182
sample23_SemiBin_47	12.74282
sample23_SemiBin_226	24.769243
sample23_SemiBin_50	48.74016
sample23_SemiBin_11	54.671234
sample23_SemiBin_36	36.30945
sample23_SemiBin_124	39.08246
sample23_SemiBin_198	89.11314
sample23_SemiBin_162	20.560362
sample23_SemiBin_84	9.528039
sample23_SemiBin_356	27.21253
sample23_SemiBin_403	48.96574
sample23_SemiBin_20	13.737127
sample23_SemiBin_64	13.166377
sample23_SemiBin_90	21.692875
sample23_SemiBin_322	16.112118
sample23_SemiBin_35	18.827179
sample23_SemiBin_69	23.374538
sample23_SemiBin_66	14.481783
sample23_SemiBin_17	23.51122
sample23_SemiBin_52	5.930543
sample23_SemiBin_8	49.55083
sample23_SemiBin_67	45.331203
sample23_SemiBin_28	14.829781
sample23_SemiBin_154	16.749798
sample23_SemiBin_9	35.07749
sample23_SemiBin_38	16.57634
sample23_SemiBin_72	55.37169
sample23_SemiBin_93	20.861486
sample23_SemiBin_63	52.194664
sample23_SemiBin_29	20.846357
sample23_SemiBin_18	10.914595
sample23_SemiBin_32	24.074205
sample23_SemiBin_100	13.194315
sample23_SemiBin_174	54.742226
sample23_SemiBin_42	22.5853
sample23_SemiBin_61	12.722439
sample23_SemiBin_130	38.134846
sample23_SemiBin_55	30.012775
sample23_SemiBin_133	48.51518
sample23_SemiBin_232	70.7956
sample23_SemiBin_30	16.585936
sample23_SemiBin_1969	10.870979
sample23_SemiBin_317	216.08498
sample23_SemiBin_1	47.8352
sample23_SemiBin_1197	55.162697
sample23_SemiBin_78	56.577026
sample23_SemiBin_71	32.852234
sample23_SemiBin_26	11.263867
sample23_SemiBin_65	8.444916
sample23_SemiBin_40	28.03946
sample23_SemiBin_76	11.9761
sample23_SemiBin_49	46.03009
sample23_SemiBin_39	9.851259
sample23_SemiBin_68	11.0223465
sample23_SemiBin_97	18.923815
sample23_SemiBin_58	14.059396
sample23_SemiBin_2	35.085384
sample23_SemiBin_37	71.45618
sample23_SemiBin_73	37.43789
sample23_SemiBin_25	24.560024
sample23_SemiBin_12	24.046799
sample23_SemiBin_506	37.260513
sample23_SemiBin_128	9.230008
sample23_SemiBin_23	19.766518
sample23_SemiBin_191	11.020673
sample23_SemiBin_41	11.639171
sample23_SemiBin_81	31.561768
sample23_SemiBin_85	9.653909
sample23_SemiBin_200	5.0317
sample23_SemiBin_80	29.928392
sample23_SemiBin_60	8.849253
sample23_SemiBin_31	8.573364
sample23_SemiBin_140	18.396418
sample23_SemiBin_19	23.467243
sample23_SemiBin_46	40.74547
sample23_SemiBin_79	23.803343
sample23_SemiBin_89	8.905875
sample23_SemiBin_7	33.803486
sample23_SemiBin_91	35.47956
sample23_SemiBin_48	7.956679
sample23_SemiBin_3	31.889797
sample23_SemiBin_56	11.131388
sample23_SemiBin_112	38.416195
sample23_SemiBin_401	27.461374
sample23_SemiBin_281	19.033718
sample23_SemiBin_95	12.004333
sample23_SemiBin_21	24.518778
sample23_SemiBin_291	14.273929
sample23_SemiBin_74	15.634751
sample23_SemiBin_62	8.439445
sample23_SemiBin_59	6.6446486
sample23_SemiBin_27	38.70589
sample23_SemiBin_88	11.114255
sample23_SemiBin_24	60.249985
sample23_SemiBin_16	22.540283
sample23_SemiBin_2003	19.923908
Genome	24_ont_trim_filter_500_porechop.fastq.gz Mean
sample24_SemiBin_36	54.67583
sample24_SemiBin_74	33.239727
sample24_SemiBin_101	12.242892
sample24_SemiBin_15	12.322206
sample24_SemiBin_13	27.02178
sample24_SemiBin_72	156.2609
sample24_SemiBin_1187	53.557858
sample24_SemiBin_174	135.2306
sample24_SemiBin_18	56.51862
sample24_SemiBin_73	102.36064
sample24_SemiBin_104	41.23537
sample24_SemiBin_55	41.39209
sample24_SemiBin_1	42.768585
sample24_SemiBin_49	45.06259
sample24_SemiBin_133	66.980934
sample24_SemiBin_142	28.227829
sample24_SemiBin_212	26.72764
sample24_SemiBin_14	12.157968
sample24_SemiBin_256	7.74636
sample24_SemiBin_2	42.94697
sample24_SemiBin_9	127.39759
sample24_SemiBin_70	11.767676
sample24_SemiBin_22	7.4625883
sample24_SemiBin_85	53.402058
sample24_SemiBin_0	18.741446
sample24_SemiBin_71	54.69172
sample24_SemiBin_19	11.440869
sample24_SemiBin_42	44.08925
sample24_SemiBin_46	45.59204
sample24_SemiBin_38	17.400501
sample24_SemiBin_17	16.519894
sample24_SemiBin_207	20.581432
sample24_SemiBin_33	11.471449
sample24_SemiBin_67	19.618017
sample24_SemiBin_30	35.622772
sample24_SemiBin_79	127.64595
sample24_SemiBin_47	46.34387
sample24_SemiBin_278	14.7266445
sample24_SemiBin_103	6.6010933
sample24_SemiBin_50	82.25272
sample24_SemiBin_27	118.622574
sample24_SemiBin_130	74.860916
sample24_SemiBin_114	35.42113
sample24_SemiBin_181	98.84149
sample24_SemiBin_3	32.678486
sample24_SemiBin_10	16.582388
sample24_SemiBin_588	30.558847
sample24_SemiBin_363	34.852924
sample24_SemiBin_1185	41.802376
sample24_SemiBin_245	36.913025
sample24_SemiBin_43	11.710816
sample24_SemiBin_45	34.928955
sample24_SemiBin_59	15.596604
sample24_SemiBin_25	11.25962
sample24_SemiBin_11	45.733456
sample24_SemiBin_69	20.722147
sample24_SemiBin_1204	72.63248
sample24_SemiBin_5	26.89695
sample24_SemiBin_21	21.284374
sample24_SemiBin_53	69.836075
sample24_SemiBin_123	31.810625
sample24_SemiBin_40	11.110868
sample24_SemiBin_12	74.77581
sample24_SemiBin_240	9.83248
sample24_SemiBin_379	32.99502
sample24_SemiBin_20	48.44092
sample24_SemiBin_23	22.004549
sample24_SemiBin_48	46.860535
sample24_SemiBin_37	10.246637
sample24_SemiBin_35	35.786495
sample24_SemiBin_57	25.53917
sample24_SemiBin_26	31.949148
sample24_SemiBin_1183	13.010617
sample24_SemiBin_8	56.018166
sample24_SemiBin_41	113.272354
sample24_SemiBin_1237	54.563065
sample24_SemiBin_365	22.492352
sample24_SemiBin_51	9.132218
sample24_SemiBin_32	142.56335
sample24_SemiBin_56	42.63556
sample24_SemiBin_16	62.1383
sample24_SemiBin_24	102.278595
sample24_SemiBin_29	22.425346
sample24_SemiBin_76	41.938778
sample24_SemiBin_44	22.158987
sample24_SemiBin_166	64.351006
sample24_SemiBin_447	79.40088
sample24_SemiBin_92	61.02103
sample24_SemiBin_31	22.068626
sample24_SemiBin_6	15.862224
sample24_SemiBin_7	17.426838
sample24_SemiBin_116	43.100945
sample24_SemiBin_58	101.10196
sample24_SemiBin_4	54.405445
Genome	25_ont_trim_filter_500_porechop.fastq.gz Mean
sample25_SemiBin_66	46.105648
sample25_SemiBin_73	19.999493
sample25_SemiBin_1	19.111992
sample25_SemiBin_46	13.5545225
sample25_SemiBin_44	14.901725
sample25_SemiBin_159	10.265374
sample25_SemiBin_54	16.693527
sample25_SemiBin_221	29.648224
sample25_SemiBin_28	13.748261
sample25_SemiBin_62	49.428493
sample25_SemiBin_23	21.17905
sample25_SemiBin_0	26.09149
sample25_SemiBin_42	9.7001095
sample25_SemiBin_135	32.729744
sample25_SemiBin_1529	16.543736
sample25_SemiBin_174	7.206768
sample25_SemiBin_33	8.982655
sample25_SemiBin_153	59.37578
sample25_SemiBin_171	43.24679
sample25_SemiBin_216	30.73919
sample25_SemiBin_149	49.218826
sample25_SemiBin_110	17.487047
sample25_SemiBin_45	38.39015
sample25_SemiBin_201	16.900253
sample25_SemiBin_160	56.80239
sample25_SemiBin_144	43.61581
sample25_SemiBin_57	47.28989
sample25_SemiBin_52	73.333046
sample25_SemiBin_71	22.152725
sample25_SemiBin_86	25.488174
sample25_SemiBin_101	24.495243
sample25_SemiBin_112	48.873386
sample25_SemiBin_213	28.865654
sample25_SemiBin_237	28.799925
sample25_SemiBin_109	15.350857
sample25_SemiBin_366	47.254757
sample25_SemiBin_120	7.1565943
sample25_SemiBin_90	20.323704
sample25_SemiBin_154	160.67789
sample25_SemiBin_116	13.269367
sample25_SemiBin_27	22.965378
sample25_SemiBin_55	7.5645204
sample25_SemiBin_16	81.72373
sample25_SemiBin_47	18.652851
sample25_SemiBin_98	10.950559
sample25_SemiBin_85	18.07675
sample25_SemiBin_181	29.98716
sample25_SemiBin_277	17.758774
sample25_SemiBin_7	111.079865
sample25_SemiBin_36	13.357512
sample25_SemiBin_75	14.862883
sample25_SemiBin_82	12.729766
sample25_SemiBin_21	18.951366
sample25_SemiBin_80	46.472744
sample25_SemiBin_61	44.571896
sample25_SemiBin_76	23.094585
sample25_SemiBin_143	53.18836
sample25_SemiBin_232	18.709011
sample25_SemiBin_204	16.54251
sample25_SemiBin_2	40.163784
sample25_SemiBin_67	10.897716
sample25_SemiBin_35	10.987501
sample25_SemiBin_264	25.708107
sample25_SemiBin_129	20.356771
sample25_SemiBin_183	87.954796
sample25_SemiBin_196	8.463058
sample25_SemiBin_141	5.4804416
sample25_SemiBin_127	26.414108
sample25_SemiBin_4	18.229292
sample25_SemiBin_12	65.66002
sample25_SemiBin_84	10.938154
sample25_SemiBin_105	8.266089
sample25_SemiBin_167	18.277212
sample25_SemiBin_64	7.2661815
sample25_SemiBin_25	48.87162
sample25_SemiBin_125	7.981589
sample25_SemiBin_103	11.228817
sample25_SemiBin_209	22.120626
sample25_SemiBin_72	11.251133
sample25_SemiBin_13	70.319115
sample25_SemiBin_215	22.723135
sample25_SemiBin_9	47.99149
sample25_SemiBin_145	15.482
sample25_SemiBin_24	33.289448
sample25_SemiBin_227	14.727992
sample25_SemiBin_434	64.92907
sample25_SemiBin_10	45.036083
sample25_SemiBin_94	51.75392
sample25_SemiBin_34	47.78751
sample25_SemiBin_60	30.247946
sample25_SemiBin_148	44.548748
sample25_SemiBin_38	19.428642
sample25_SemiBin_100	43.403534
sample25_SemiBin_190	42.609886
sample25_SemiBin_140	7.0528674
sample25_SemiBin_178	13.21457
sample25_SemiBin_263	10.250707
sample25_SemiBin_17	30.201908
sample25_SemiBin_487	48.699627
sample25_SemiBin_19	16.833414
sample25_SemiBin_163	45.448547
sample25_SemiBin_5	28.88929
sample25_SemiBin_224	19.202944
sample25_SemiBin_104	12.996964
sample25_SemiBin_15	19.71896
sample25_SemiBin_225	20.43145
sample25_SemiBin_200	25.024136
sample25_SemiBin_107	29.560879
sample25_SemiBin_130	57.09312
sample25_SemiBin_87	9.768924
sample25_SemiBin_124	26.643263
sample25_SemiBin_290	227.5931
sample25_SemiBin_281	22.125174
sample25_SemiBin_186	30.42007
sample25_SemiBin_83	63.969185
sample25_SemiBin_26	10.7302475
sample25_SemiBin_301	21.94798
sample25_SemiBin_32	57.86959
sample25_SemiBin_37	8.667395
sample25_SemiBin_20	83.606224
sample25_SemiBin_1571	21.8514
sample25_SemiBin_179	75.8374
sample25_SemiBin_189	33.344425
sample25_SemiBin_74	38.62577
sample25_SemiBin_708	32.79826
sample25_SemiBin_97	21.705233
sample25_SemiBin_88	14.994678
sample25_SemiBin_269	25.73551
sample25_SemiBin_292	49.365135
sample25_SemiBin_3	21.167032
sample25_SemiBin_48	39.767757
sample25_SemiBin_89	11.308711
sample25_SemiBin_155	22.765013
sample25_SemiBin_114	41.389194
sample25_SemiBin_39	55.779045
sample25_SemiBin_565	53.68007
sample25_SemiBin_79	63.12982
sample25_SemiBin_53	13.50897
sample25_SemiBin_30	18.579908
sample25_SemiBin_231	27.733282
sample25_SemiBin_133	23.95262
sample25_SemiBin_81	14.534676
sample25_SemiBin_40	75.8894
sample25_SemiBin_11	18.691523
sample25_SemiBin_92	11.945434
sample25_SemiBin_126	6.813527
sample25_SemiBin_240	9.081847
sample25_SemiBin_59	81.222755
sample25_SemiBin_193	39.98777
sample25_SemiBin_6	31.979235
sample25_SemiBin_108	14.568406
sample25_SemiBin_43	11.803252
sample25_SemiBin_14	15.347796
sample25_SemiBin_256	15.297365
sample25_SemiBin_51	13.189513
sample25_SemiBin_95	30.993587
sample25_SemiBin_8	48.91413
sample25_SemiBin_203	38.848194
sample25_SemiBin_77	20.603188
sample25_SemiBin_254	19.374851
sample25_SemiBin_70	71.36267
sample25_SemiBin_185	8.436037
sample25_SemiBin_22	13.599286
sample25_SemiBin_468	59.324497
sample25_SemiBin_65	14.892658
sample25_SemiBin_31	59.76372
sample25_SemiBin_270	20.400915
sample25_SemiBin_41	21.44448
sample25_SemiBin_111	65.61208
sample25_SemiBin_68	7.5498395
sample25_SemiBin_18	62.080307
sample25_SemiBin_29	66.51703
sample25_SemiBin_49	9.2653055
sample25_SemiBin_206	9.924505
sample25_SemiBin_228	17.94507
sample25_SemiBin_906	34.654594
sample25_SemiBin_164	7.0555406
sample25_SemiBin_99	15.68051
sample25_SemiBin_234	10.703929
sample25_SemiBin_50	14.396017
sample25_SemiBin_119	19.77513
sample25_SemiBin_63	9.232734
sample25_SemiBin_96	42.605316
sample25_SemiBin_78	14.670893
sample25_SemiBin_115	56.848557
sample25_SemiBin_139	6.806947
Genome	26_ont_trim_filter_500_porechop.fastq.gz Mean
sample26_SemiBin_446	6.7518015
sample26_SemiBin_133	76.779
sample26_SemiBin_78	14.496586
sample26_SemiBin_95	7.870303
sample26_SemiBin_34	19.892828
sample26_SemiBin_76	16.378454
sample26_SemiBin_873	10.636083
sample26_SemiBin_0	18.88458
sample26_SemiBin_11	25.745253
sample26_SemiBin_62	20.955862
sample26_SemiBin_7	49.96352
sample26_SemiBin_116	10.906429
sample26_SemiBin_49	30.62871
sample26_SemiBin_131	45.88385
sample26_SemiBin_205	10.810362
sample26_SemiBin_71	9.402652
sample26_SemiBin_3	86.06049
sample26_SemiBin_58	10.431229
sample26_SemiBin_135	77.9196
sample26_SemiBin_80	24.89983
sample26_SemiBin_59	18.942886
sample26_SemiBin_83	13.579805
sample26_SemiBin_1	47.205933
sample26_SemiBin_55	36.25271
sample26_SemiBin_36	20.171349
sample26_SemiBin_77	14.422641
sample26_SemiBin_40	21.176672
sample26_SemiBin_1194	30.753288
sample26_SemiBin_39	37.771507
sample26_SemiBin_75	44.67865
sample26_SemiBin_100	6.5577154
sample26_SemiBin_24	85.28213
sample26_SemiBin_1297	28.364847
sample26_SemiBin_25	15.409745
sample26_SemiBin_539	41.688602
sample26_SemiBin_22	48.535038
sample26_SemiBin_19	24.705544
sample26_SemiBin_143	30.0461
sample26_SemiBin_68	38.880993
sample26_SemiBin_112	10.966377
sample26_SemiBin_48	77.3036
sample26_SemiBin_86	29.841269
sample26_SemiBin_149	37.73837
sample26_SemiBin_167	29.215185
sample26_SemiBin_226	240.66753
sample26_SemiBin_117	46.20786
sample26_SemiBin_20	8.693246
sample26_SemiBin_30	31.19644
sample26_SemiBin_13	18.148653
sample26_SemiBin_23	13.022927
sample26_SemiBin_72	26.657013
sample26_SemiBin_173	29.156536
sample26_SemiBin_38	18.273888
sample26_SemiBin_67	43.586735
sample26_SemiBin_79	12.904435
sample26_SemiBin_139	24.773306
sample26_SemiBin_69	28.391315
sample26_SemiBin_18	48.208546
sample26_SemiBin_108	71.33671
sample26_SemiBin_70	23.586164
sample26_SemiBin_54	33.59689
sample26_SemiBin_655	35.464684
sample26_SemiBin_31	50.76526
sample26_SemiBin_90	23.901741
sample26_SemiBin_32	10.105878
sample26_SemiBin_42	23.417517
sample26_SemiBin_81	19.556007
sample26_SemiBin_6	18.88533
sample26_SemiBin_47	22.84243
sample26_SemiBin_87	94.12125
sample26_SemiBin_10	39.81269
sample26_SemiBin_26	44.730316
sample26_SemiBin_132	53.98516
sample26_SemiBin_57	22.167143
sample26_SemiBin_60	10.575393
sample26_SemiBin_28	13.989048
sample26_SemiBin_56	18.00346
sample26_SemiBin_126	78.9697
sample26_SemiBin_52	31.674686
sample26_SemiBin_27	44.587067
sample26_SemiBin_8	51.31266
sample26_SemiBin_175	8.332383
sample26_SemiBin_142	78.862946
sample26_SemiBin_53	33.152565
sample26_SemiBin_61	17.822268
sample26_SemiBin_29	9.94435
sample26_SemiBin_82	23.76432
sample26_SemiBin_15	17.779804
sample26_SemiBin_64	30.31161
sample26_SemiBin_109	73.60199
sample26_SemiBin_51	12.165961
sample26_SemiBin_33	23.138565
sample26_SemiBin_50	12.452716
sample26_SemiBin_9	69.37625
sample26_SemiBin_16	65.97821
sample26_SemiBin_113	10.456178
sample26_SemiBin_199	9.910922
sample26_SemiBin_73	34.913662
sample26_SemiBin_5	16.113928
sample26_SemiBin_2	56.84089
sample26_SemiBin_44	54.098644
sample26_SemiBin_37	44.86777
sample26_SemiBin_130	21.499454
sample26_SemiBin_17	34.83195
sample26_SemiBin_4	52.04455
sample26_SemiBin_14	14.805585
sample26_SemiBin_65	34.08208
sample26_SemiBin_153	40.836636
sample26_SemiBin_12	56.109737
sample26_SemiBin_21	11.659838
sample26_SemiBin_84	41.111702
sample26_SemiBin_157	10.306302
sample26_SemiBin_35	26.74467
sample26_SemiBin_74	37.068977
sample26_SemiBin_129	45.851418
sample26_SemiBin_165	67.95554
sample26_SemiBin_45	51.29496
sample26_SemiBin_158	32.70533
Genome	27_ont_trim_filter_500_porechop.fastq.gz Mean
sample27_SemiBin_113	12.509101
sample27_SemiBin_103	46.85774
sample27_SemiBin_110	23.05156
sample27_SemiBin_41	15.226204
sample27_SemiBin_36	17.144123
sample27_SemiBin_2	18.747046
sample27_SemiBin_42	18.668158
sample27_SemiBin_140	45.16804
sample27_SemiBin_45	38.912045
sample27_SemiBin_77	13.736157
sample27_SemiBin_187	45.779755
sample27_SemiBin_81	15.334013
sample27_SemiBin_4	70.797554
sample27_SemiBin_46	33.461555
sample27_SemiBin_144	33.97813
sample27_SemiBin_67	29.860107
sample27_SemiBin_74	57.645348
sample27_SemiBin_149	40.03669
sample27_SemiBin_100	49.906784
sample27_SemiBin_121	32.60529
sample27_SemiBin_109	72.48698
sample27_SemiBin_122	58.018356
sample27_SemiBin_14	17.721724
sample27_SemiBin_19	11.717607
sample27_SemiBin_68	51.410107
sample27_SemiBin_51	9.600418
sample27_SemiBin_133	10.580194
sample27_SemiBin_94	9.941439
sample27_SemiBin_1530	17.539362
sample27_SemiBin_29	15.549267
sample27_SemiBin_138	62.31652
sample27_SemiBin_56	63.12182
sample27_SemiBin_17	69.271324
sample27_SemiBin_72	43.888058
sample27_SemiBin_1	39.326477
sample27_SemiBin_8	11.011107
sample27_SemiBin_38	20.439293
sample27_SemiBin_40	21.78226
sample27_SemiBin_24	61.225456
sample27_SemiBin_462	127.478714
sample27_SemiBin_193	47.97049
sample27_SemiBin_0	16.179417
sample27_SemiBin_93	117.99108
sample27_SemiBin_342	7.0959787
sample27_SemiBin_22	29.598726
sample27_SemiBin_118	88.72378
sample27_SemiBin_28	13.680992
sample27_SemiBin_9	30.969261
sample27_SemiBin_26	5.7064757
sample27_SemiBin_48	37.363487
sample27_SemiBin_115	81.04121
sample27_SemiBin_86	34.04422
sample27_SemiBin_130	60.738663
sample27_SemiBin_47	24.839859
sample27_SemiBin_161	38.18434
sample27_SemiBin_176	10.168027
sample27_SemiBin_30	15.352364
sample27_SemiBin_136	35.03603
sample27_SemiBin_23	59.01206
sample27_SemiBin_21	45.92837
sample27_SemiBin_80	26.923231
sample27_SemiBin_252	43.498188
sample27_SemiBin_64	24.152096
sample27_SemiBin_119	66.950134
sample27_SemiBin_6	26.819782
sample27_SemiBin_95	31.929483
sample27_SemiBin_125	51.97737
sample27_SemiBin_183	20.30465
sample27_SemiBin_11	73.81328
sample27_SemiBin_70	25.41751
sample27_SemiBin_50	22.92675
sample27_SemiBin_62	45.711323
sample27_SemiBin_18	10.260868
sample27_SemiBin_235	77.62379
sample27_SemiBin_63	64.15803
sample27_SemiBin_102	67.24712
sample27_SemiBin_57	23.899948
sample27_SemiBin_1528	38.64698
sample27_SemiBin_31	85.54586
sample27_SemiBin_197	59.619247
sample27_SemiBin_10	43.444607
sample27_SemiBin_84	55.613064
sample27_SemiBin_35	51.27948
sample27_SemiBin_33	7.4745436
sample27_SemiBin_25	78.89288
sample27_SemiBin_107	6.01562
sample27_SemiBin_61	11.49703
sample27_SemiBin_13	25.429707
sample27_SemiBin_58	20.549562
sample27_SemiBin_434	48.994244
sample27_SemiBin_5	15.376375
sample27_SemiBin_15	35.681267
sample27_SemiBin_20	34.043274
sample27_SemiBin_66	10.862189
sample27_SemiBin_60	32.80414
sample27_SemiBin_55	22.029573
sample27_SemiBin_39	15.387686
sample27_SemiBin_16	11.56672
sample27_SemiBin_52	117.30651
sample27_SemiBin_124	43.270344
sample27_SemiBin_310	20.10554
sample27_SemiBin_143	27.784739
sample27_SemiBin_59	14.431869
sample27_SemiBin_27	27.651783
sample27_SemiBin_1479	39.66097
sample27_SemiBin_430	68.01286
sample27_SemiBin_69	75.26723
sample27_SemiBin_88	13.98035
sample27_SemiBin_245	96.16391
sample27_SemiBin_37	59.75969
sample27_SemiBin_71	7.7839746
sample27_SemiBin_73	15.305419
sample27_SemiBin_131	91.25011
sample27_SemiBin_7	19.921618
sample27_SemiBin_111	66.57221
sample27_SemiBin_12	14.919326
sample27_SemiBin_43	13.505267
sample27_SemiBin_34	25.643496
sample27_SemiBin_32	32.47973
sample27_SemiBin_181	120.32329
sample27_SemiBin_101	26.118511
sample27_SemiBin_398	12.616277
sample27_SemiBin_75	84.348946
sample27_SemiBin_764	28.302563
sample27_SemiBin_3	40.46492
sample27_SemiBin_126	44.6144
sample28_Genome	28_ont_trim_filter_500_porechop.fastq Mean
sample28_SemiBin_1348	19.850733
sample28_SemiBin_34	33.615013
sample28_SemiBin_96	34.115757
sample28_SemiBin_77	18.156977
sample28_SemiBin_1337	14.3879175
sample28_SemiBin_13	85.435165
sample28_SemiBin_5	12.808129
sample28_SemiBin_15	42.15578
sample28_SemiBin_10	19.346916
sample28_SemiBin_101	69.65071
sample28_SemiBin_51	94.990036
sample28_SemiBin_33	12.631838
sample28_SemiBin_116	38.026325
sample28_SemiBin_57	48.293137
sample28_SemiBin_54	30.115778
sample28_SemiBin_14	32.13166
sample28_SemiBin_43	106.62306
sample28_SemiBin_0	21.257505
sample28_SemiBin_4	21.804506
sample28_SemiBin_87	68.817245
sample28_SemiBin_70	110.4768
sample28_SemiBin_47	31.003904
sample28_SemiBin_50	27.921839
sample28_SemiBin_11	46.907387
sample28_SemiBin_36	22.236078
sample28_SemiBin_162	45.78251
sample28_SemiBin_84	64.999176
sample28_SemiBin_53	90.88946
sample28_SemiBin_20	33.197742
sample28_SemiBin_98	98.507515
sample28_SemiBin_94	25.497046
sample28_SemiBin_107	51.626575
sample28_SemiBin_69	39.07858
sample28_SemiBin_66	29.841465
sample28_SemiBin_17	59.34459
sample28_SemiBin_52	23.539732
sample28_SemiBin_8	9.968455
sample28_SemiBin_126	30.684633
sample28_SemiBin_67	38.31507
sample28_SemiBin_28	79.267685
sample28_SemiBin_9	46.65175
sample28_SemiBin_38	45.910206
sample28_SemiBin_72	19.06664
sample28_SemiBin_102	70.59505
sample28_SemiBin_135	6.950264
sample28_SemiBin_63	55.74056
sample28_SemiBin_29	14.789539
sample28_SemiBin_18	11.110974
sample28_SemiBin_32	12.173085
sample28_SemiBin_42	40.606377
sample28_SemiBin_163	36.752693
sample28_SemiBin_61	22.253677
sample28_SemiBin_578	107.117805
sample28_SemiBin_130	32.42445
sample28_SemiBin_55	43.001255
sample28_SemiBin_83	113.80019
sample28_SemiBin_30	12.821117
sample28_SemiBin_1	16.049091
sample28_SemiBin_71	93.50145
sample28_SemiBin_143	68.043045
sample28_SemiBin_26	44.481182
sample28_SemiBin_1357	63.584
sample28_SemiBin_65	24.84245
sample28_SemiBin_40	23.184942
sample28_SemiBin_76	79.36258
sample28_SemiBin_49	18.194292
sample28_SemiBin_201	34.058502
sample28_SemiBin_39	49.136826
sample28_SemiBin_429	11.3870735
sample28_SemiBin_168	34.08068
sample28_SemiBin_58	24.572886
sample28_SemiBin_219	57.99758
sample28_SemiBin_2	34.086273
sample28_SemiBin_37	71.68091
sample28_SemiBin_73	52.23229
sample28_SemiBin_25	40.371326
sample28_SemiBin_12	18.897898
sample28_SemiBin_120	78.73077
sample28_SemiBin_23	13.532057
sample28_SemiBin_41	44.27391
sample28_SemiBin_81	19.200832
sample28_SemiBin_85	85.860466
sample28_SemiBin_351	21.417372
sample28_SemiBin_80	81.571686
sample28_SemiBin_110	79.89304
sample28_SemiBin_60	12.473655
sample28_SemiBin_31	44.46474
sample28_SemiBin_99	6.7447915
sample28_SemiBin_86	23.595978
sample28_SemiBin_140	31.257488
sample28_SemiBin_19	7.8066664
sample28_SemiBin_46	26.791101
sample28_SemiBin_164	28.70888
sample28_SemiBin_79	77.58246
sample28_SemiBin_172	21.19868
sample28_SemiBin_7	23.251753
sample28_SemiBin_48	34.628838
sample28_SemiBin_22	25.028393
sample28_SemiBin_3	37.562035
sample28_SemiBin_56	67.41785
sample28_SemiBin_95	49.956444
sample28_SemiBin_21	8.223288
sample28_SemiBin_74	37.181164
sample28_SemiBin_62	81.75194
sample28_SemiBin_27	16.683954
sample28_SemiBin_88	36.188385
sample28_SemiBin_122	11.370905
sample28_SemiBin_24	22.067728
sample28_SemiBin_16	86.75266
Genome	29_ont_trim_filter_500_porechop.fastq.gz Mean
sample29_SemiBin_200	10.000525
sample29_SemiBin_103	8.916478
sample29_SemiBin_62	35.08169
sample29_SemiBin_10	26.40794
sample29_SemiBin_27	34.600376
sample29_SemiBin_173	24.44461
sample29_SemiBin_51	39.704002
sample29_SemiBin_104	35.759
sample29_SemiBin_57	28.50105
sample29_SemiBin_48	27.821
sample29_SemiBin_82	28.53511
sample29_SemiBin_7	25.630339
sample29_SemiBin_121	17.382402
sample29_SemiBin_77	8.721389
sample29_SemiBin_113	26.671186
sample29_SemiBin_260	5.5489945
sample29_SemiBin_165	5.3192983
sample29_SemiBin_107	13.685157
sample29_SemiBin_186	16.895514
sample29_SemiBin_63	9.323312
sample29_SemiBin_46	8.9149065
sample29_SemiBin_60	62.041416
sample29_SemiBin_17	8.773794
sample29_SemiBin_175	35.570618
sample29_SemiBin_18	19.441923
sample29_SemiBin_251	63.445435
sample29_SemiBin_75	12.706669
sample29_SemiBin_91	20.405684
sample29_SemiBin_194	13.087338
sample29_SemiBin_54	7.205079
sample29_SemiBin_129	8.675396
sample29_SemiBin_108	12.927758
sample29_SemiBin_25	11.457955
sample29_SemiBin_16	12.351441
sample29_SemiBin_30	17.591927
sample29_SemiBin_325	5.937633
sample29_SemiBin_31	20.743265
sample29_SemiBin_80	5.551756
sample29_SemiBin_105	7.034134
sample29_SemiBin_29	30.006435
sample29_SemiBin_50	31.904018
sample29_SemiBin_42	37.641605
sample29_SemiBin_93	10.480568
sample29_SemiBin_45	20.029198
sample29_SemiBin_313	16.592772
sample29_SemiBin_96	9.761885
sample29_SemiBin_211	10.175398
sample29_SemiBin_535	5.0064263
sample29_SemiBin_100	9.90525
sample29_SemiBin_102	12.934636
sample29_SemiBin_126	6.043513
sample29_SemiBin_538	5.7542562
sample29_SemiBin_36	11.205602
sample29_SemiBin_14	13.547428
sample29_SemiBin_47	28.783272
sample29_SemiBin_127	21.604795
sample29_SemiBin_90	7.862381
sample29_SemiBin_156	17.613071
sample29_SemiBin_248	3.8113034
sample29_SemiBin_5	29.577375
sample29_SemiBin_43	12.627181
sample29_SemiBin_13	22.591314
sample29_SemiBin_85	15.717184
sample29_SemiBin_160	10.98603
sample29_SemiBin_19	28.643759
sample29_SemiBin_190	14.620589
sample29_SemiBin_78	11.284384
sample29_SemiBin_92	13.226834
sample29_SemiBin_39	25.134499
sample29_SemiBin_15	46.742695
sample29_SemiBin_26	18.99412
sample29_SemiBin_38	56.961548
sample29_SemiBin_23	10.34984
sample29_SemiBin_94	17.106361
sample29_SemiBin_9	14.908627
sample29_SemiBin_122	9.747531
sample29_SemiBin_125	13.143114
sample29_SemiBin_118	9.32801
sample29_SemiBin_116	20.52972
sample29_SemiBin_245	40.321968
sample29_SemiBin_106	23.807379
sample29_SemiBin_11	55.60451
sample29_SemiBin_64	13.16995
sample29_SemiBin_142	21.817616
sample29_SemiBin_119	12.646528
sample29_SemiBin_87	17.031847
sample29_SemiBin_418	13.343024
sample29_SemiBin_275	21.009602
sample29_SemiBin_218	7.8054543
sample29_SemiBin_134	9.652436
sample29_SemiBin_416	5.321533
sample29_SemiBin_274	29.1817
sample29_SemiBin_1791	21.700237
sample29_SemiBin_67	24.841864
sample29_SemiBin_128	8.736488
sample29_SemiBin_358	53.40558
sample29_SemiBin_120	16.250893
sample29_SemiBin_65	9.448095
sample29_SemiBin_242	18.549557
sample29_SemiBin_227	16.887087
sample29_SemiBin_151	8.115581
sample29_SemiBin_264	37.755653
sample29_SemiBin_441	12.534138
sample29_SemiBin_22	20.086515
sample29_SemiBin_8	61.754494
sample29_SemiBin_88	59.363075
sample29_SemiBin_1	31.159096
sample29_SemiBin_408	16.679653
sample29_SemiBin_290	7.66806
sample29_SemiBin_81	12.590331
sample29_SemiBin_155	30.00508
sample29_SemiBin_187	26.260359
sample29_SemiBin_149	12.29976
sample29_SemiBin_136	19.18516
sample29_SemiBin_232	4.116942
sample29_SemiBin_1697	25.185364
sample29_SemiBin_161	6.2184806
sample29_SemiBin_123	5.5083823
sample29_SemiBin_148	18.889786
sample29_SemiBin_221	17.824402
sample29_SemiBin_183	10.371418
sample29_SemiBin_130	9.1431465
sample29_SemiBin_283	14.679231
sample29_SemiBin_143	13.937423
sample29_SemiBin_3	27.67606
sample29_SemiBin_112	18.786589
sample29_SemiBin_61	13.9132
sample29_SemiBin_350	9.043481
sample29_SemiBin_95	11.577537
sample29_SemiBin_421	8.249349
sample29_SemiBin_459	20.376753
sample29_SemiBin_181	16.545536
sample29_SemiBin_37	27.832266
sample29_SemiBin_21	44.664223
sample29_SemiBin_115	7.0974474
sample29_SemiBin_28	14.191584
sample29_SemiBin_97	18.071974
sample29_SemiBin_72	13.621281
sample29_SemiBin_137	33.469604
sample29_SemiBin_89	19.543694
sample29_SemiBin_74	22.828247
sample29_SemiBin_163	24.407822
sample29_SemiBin_604	19.697845
sample29_SemiBin_52	13.804511
sample29_SemiBin_169	5.5105186
sample29_SemiBin_141	27.810467
sample29_SemiBin_261	4.97494
sample29_SemiBin_139	9.758438
sample29_SemiBin_34	29.55107
sample29_SemiBin_138	6.205392
sample29_SemiBin_2	17.350573
sample29_SemiBin_157	18.148779
sample29_SemiBin_55	10.362058
sample29_SemiBin_49	7.399325
sample29_SemiBin_189	18.042713
sample29_SemiBin_33	13.920981
sample29_SemiBin_111	27.931402
sample29_SemiBin_471	26.421324
sample29_SemiBin_69	17.894615
sample29_SemiBin_101	7.2893243
sample29_SemiBin_540	7.1145887
sample29_SemiBin_315	8.582236
sample29_SemiBin_312	8.409756
sample29_SemiBin_409	17.752996
sample29_SemiBin_76	8.768755
sample29_SemiBin_86	10.276594
sample29_SemiBin_20	17.275661
sample29_SemiBin_35	42.365414
sample29_SemiBin_124	21.003336
sample29_SemiBin_415	7.3411
sample29_SemiBin_59	15.215053
sample29_SemiBin_6	68.40662
sample29_SemiBin_56	36.954994
sample29_SemiBin_12	12.234807
sample29_SemiBin_278	13.31406
sample29_SemiBin_146	69.83713
sample29_SemiBin_41	7.88028
sample29_SemiBin_84	34.473648
sample29_SemiBin_407	10.699281
sample29_SemiBin_150	10.830384
sample29_SemiBin_66	24.928001
sample29_SemiBin_135	10.279108
sample29_SemiBin_114	20.524914
sample29_SemiBin_4	15.707332
sample29_SemiBin_32	16.588905
sample29_SemiBin_214	20.979542
sample29_SemiBin_110	5.1908555
sample29_SemiBin_145	33.82933
sample29_SemiBin_1683	20.015026
sample29_SemiBin_99	9.880976
sample29_SemiBin_131	27.312225
sample29_SemiBin_133	26.691795
sample29_SemiBin_147	19.249376
sample29_SemiBin_195	56.467274
sample29_SemiBin_24	14.483692
sample29_SemiBin_153	37.909748
sample29_SemiBin_222	9.885671
sample29_SemiBin_247	25.563524
sample29_SemiBin_53	37.525215
sample29_SemiBin_288	10.372655
sample29_SemiBin_73	8.0521145
sample29_SemiBin_109	19.39076
sample29_SemiBin_182	4.1125875
sample29_SemiBin_79	24.022797
sample29_SemiBin_158	20.62188
sample29_SemiBin_289	14.432752
sample29_SemiBin_0	31.942734
sample29_SemiBin_144	11.618927
sample29_SemiBin_207	12.040503
sample29_SemiBin_58	10.876865
sample29_SemiBin_71	10.842856
sample29_SemiBin_152	74.31915
sample29_SemiBin_256	21.283142
sample29_SemiBin_210	19.131536
sample29_SemiBin_191	24.52238
sample29_SemiBin_236	24.886574
sample2_Genome	fq2_ont_trim_filter_500_porechop.fastq.gz Mean
sample2_SemiBin_34	22.462936
sample2_SemiBin_414	20.268482
sample2_SemiBin_13	67.93974
sample2_SemiBin_948	16.14311
sample2_SemiBin_5	24.411264
sample2_SemiBin_209	52.974747
sample2_SemiBin_15	23.158825
sample2_SemiBin_6	17.165964
sample2_SemiBin_119	26.714285
sample2_SemiBin_10	48.702362
sample2_SemiBin_51	13.744356
sample2_SemiBin_33	41.45763
sample2_SemiBin_116	42.467678
sample2_SemiBin_57	36.457153
sample2_SemiBin_54	12.321402
sample2_SemiBin_14	19.549274
sample2_SemiBin_43	32.586994
sample2_SemiBin_152	60.365746
sample2_SemiBin_0	14.869574
sample2_SemiBin_4	16.806604
sample2_SemiBin_45	48.929543
sample2_SemiBin_916	10.559104
sample2_SemiBin_44	12.9379835
sample2_SemiBin_460	55.317837
sample2_SemiBin_47	33.766987
sample2_SemiBin_50	22.920544
sample2_SemiBin_11	32.73436
sample2_SemiBin_136	19.734911
sample2_SemiBin_36	57.21927
sample2_SemiBin_124	10.208668
sample2_SemiBin_84	30.723778
sample2_SemiBin_53	33.251625
sample2_SemiBin_20	28.304827
sample2_SemiBin_94	16.133043
sample2_SemiBin_35	31.285398
sample2_SemiBin_69	12.256388
sample2_SemiBin_66	80.69803
sample2_SemiBin_17	10.87543
sample2_SemiBin_52	11.914871
sample2_SemiBin_8	75.763405
sample2_SemiBin_67	23.476124
sample2_SemiBin_230	31.189274
sample2_SemiBin_28	47.81888
sample2_SemiBin_9	32.031662
sample2_SemiBin_38	16.22885
sample2_SemiBin_93	22.168577
sample2_SemiBin_63	12.514342
sample2_SemiBin_29	19.26378
sample2_SemiBin_18	35.536175
sample2_SemiBin_32	8.388558
sample2_SemiBin_100	9.117614
sample2_SemiBin_42	18.599348
sample2_SemiBin_61	16.252462
sample2_SemiBin_130	7.7222705
sample2_SemiBin_55	12.519705
sample2_SemiBin_30	41.772465
sample2_SemiBin_1	23.52785
sample2_SemiBin_71	10.633448
sample2_SemiBin_26	9.20406
sample2_SemiBin_65	30.418272
sample2_SemiBin_40	8.67087
sample2_SemiBin_76	5.9079385
sample2_SemiBin_49	82.83725
sample2_SemiBin_39	42.703938
sample2_SemiBin_97	13.133231
sample2_SemiBin_58	10.4544735
sample2_SemiBin_2	25.60232
sample2_SemiBin_37	10.413619
sample2_SemiBin_73	12.32824
sample2_SemiBin_25	51.657326
sample2_SemiBin_12	46.535084
sample2_SemiBin_23	68.11896
sample2_SemiBin_103	60.254265
sample2_SemiBin_41	36.930527
sample2_SemiBin_85	14.981925
sample2_SemiBin_80	44.277924
sample2_SemiBin_60	15.240885
sample2_SemiBin_31	56.409595
sample2_SemiBin_19	37.281326
sample2_SemiBin_46	7.68194
sample2_SemiBin_951	14.290673
sample2_SemiBin_79	46.689625
sample2_SemiBin_7	77.79693
sample2_SemiBin_91	6.65486
sample2_SemiBin_48	13.02049
sample2_SemiBin_22	68.90729
sample2_SemiBin_3	34.55685
sample2_SemiBin_56	5.047164
sample2_SemiBin_21	63.654526
sample2_SemiBin_62	34.412617
sample2_SemiBin_181	78.50976
sample2_SemiBin_59	25.735603
sample2_SemiBin_27	22.994373
sample2_SemiBin_88	5.845747
sample2_SemiBin_24	12.406411
sample2_SemiBin_16	15.192803
Genome	30_ont_trim_filter_500_porechop.fastq.gz Mean
sample30_SemiBin_2	29.17755
sample30_SemiBin_59	64.87375
sample30_SemiBin_9	16.175985
sample30_SemiBin_167	57.68021
sample30_SemiBin_104	66.57723
sample30_SemiBin_17	64.548134
sample30_SemiBin_22	112.68229
sample30_SemiBin_19	16.848965
sample30_SemiBin_4	16.917831
sample30_SemiBin_57	70.77116
sample30_SemiBin_10	28.109333
sample30_SemiBin_16	8.548463
sample30_SemiBin_12	108.27932
sample30_SemiBin_81	14.908664
sample30_SemiBin_13	48.67985
sample30_SemiBin_209	10.358499
sample30_SemiBin_3	198.77962
sample30_SemiBin_1138	15.958573
sample30_SemiBin_34	31.281147
sample30_SemiBin_33	95.124794
sample30_SemiBin_21	34.311543
sample30_SemiBin_95	47.51316
sample30_SemiBin_29	17.850258
sample30_SemiBin_40	33.260586
sample30_SemiBin_76	78.22433
sample30_SemiBin_53	35.62362
sample30_SemiBin_39	69.94223
sample30_SemiBin_48	47.964657
sample30_SemiBin_6	15.023486
sample30_SemiBin_54	8.037332
sample30_SemiBin_28	17.004814
sample30_SemiBin_75	43.98963
sample30_SemiBin_61	41.21378
sample30_SemiBin_25	15.015172
sample30_SemiBin_7	34.168537
sample30_SemiBin_5	25.689362
sample30_SemiBin_234	66.20992
sample30_SemiBin_1	65.472084
sample30_SemiBin_14	57.239246
sample30_SemiBin_31	25.017012
sample30_SemiBin_279	6.137965
sample30_SemiBin_109	51.601383
sample30_SemiBin_20	131.58687
sample30_SemiBin_60	106.59065
sample30_SemiBin_37	26.930777
sample30_SemiBin_51	75.61393
sample30_SemiBin_26	190.97636
sample30_SemiBin_87	22.958279
sample30_SemiBin_1140	53.852642
sample30_SemiBin_38	38.63682
sample30_SemiBin_11	18.188416
sample30_SemiBin_56	92.1044
sample30_SemiBin_23	97.566
sample30_SemiBin_88	77.4421
sample30_SemiBin_110	22.555902
sample30_SemiBin_236	8.048294
sample30_SemiBin_80	29.52068
sample30_SemiBin_18	21.18941
sample30_SemiBin_8	30.37896
sample30_SemiBin_83	75.38136
sample30_SemiBin_36	31.423267
sample30_SemiBin_27	28.319878
sample30_SemiBin_119	47.864803
sample30_SemiBin_24	14.556136
sample30_SemiBin_41	20.433723
sample30_SemiBin_217	81.88495
sample3_Genome	fq3_ont_trim_filter_500_porechop.fastq.gz Mean
sample3_SemiBin_159	68.12072
sample3_SemiBin_34	39.02867
sample3_SemiBin_13	38.639126
sample3_SemiBin_82	30.231987
sample3_SemiBin_127	47.841705
sample3_SemiBin_5	19.600006
sample3_SemiBin_1180	34.953423
sample3_SemiBin_15	17.44766
sample3_SemiBin_6	57.311993
sample3_SemiBin_182	54.174583
sample3_SemiBin_10	31.73524
sample3_SemiBin_101	19.809496
sample3_SemiBin_51	11.297731
sample3_SemiBin_217	136.19495
sample3_SemiBin_33	9.853043
sample3_SemiBin_116	39.486713
sample3_SemiBin_57	34.476242
sample3_SemiBin_54	26.552227
sample3_SemiBin_14	42.849796
sample3_SemiBin_43	28.255331
sample3_SemiBin_113	43.277405
sample3_SemiBin_125	39.86515
sample3_SemiBin_105	21.210054
sample3_SemiBin_0	39.738712
sample3_SemiBin_4	19.920551
sample3_SemiBin_45	63.19457
sample3_SemiBin_161	29.40076
sample3_SemiBin_44	12.148631
sample3_SemiBin_47	20.964785
sample3_SemiBin_50	25.032364
sample3_SemiBin_136	33.33829
sample3_SemiBin_194	53.154095
sample3_SemiBin_36	8.501791
sample3_SemiBin_53	38.487835
sample3_SemiBin_20	56.664753
sample3_SemiBin_64	63.875317
sample3_SemiBin_374	43.84476
sample3_SemiBin_94	62.92216
sample3_SemiBin_92	13.323587
sample3_SemiBin_35	7.621754
sample3_SemiBin_69	15.765146
sample3_SemiBin_131	77.927216
sample3_SemiBin_66	12.475905
sample3_SemiBin_319	45.075493
sample3_SemiBin_17	16.07227
sample3_SemiBin_52	11.833478
sample3_SemiBin_8	20.98557
sample3_SemiBin_239	58.5082
sample3_SemiBin_67	18.373043
sample3_SemiBin_28	122.32947
sample3_SemiBin_9	63.825794
sample3_SemiBin_38	10.281098
sample3_SemiBin_72	7.2540574
sample3_SemiBin_102	62.115265
sample3_SemiBin_274	23.81881
sample3_SemiBin_63	6.0133224
sample3_SemiBin_29	87.088394
sample3_SemiBin_18	46.95863
sample3_SemiBin_32	68.800255
sample3_SemiBin_100	33.18941
sample3_SemiBin_42	8.222985
sample3_SemiBin_61	11.026126
sample3_SemiBin_160	20.075323
sample3_SemiBin_55	11.967468
sample3_SemiBin_132	32.477314
sample3_SemiBin_30	42.86621
sample3_SemiBin_1	21.82582
sample3_SemiBin_78	34.87706
sample3_SemiBin_71	68.14133
sample3_SemiBin_26	36.060516
sample3_SemiBin_636	38.99872
sample3_SemiBin_65	8.096724
sample3_SemiBin_40	28.829178
sample3_SemiBin_76	10.44808
sample3_SemiBin_49	13.347389
sample3_SemiBin_39	25.388468
sample3_SemiBin_68	35.88633
sample3_SemiBin_1229	32.72415
sample3_SemiBin_58	39.071743
sample3_SemiBin_2	31.17948
sample3_SemiBin_37	76.935356
sample3_SemiBin_25	43.618732
sample3_SemiBin_123	20.956917
sample3_SemiBin_12	32.737904
sample3_SemiBin_23	22.907257
sample3_SemiBin_118	64.52939
sample3_SemiBin_41	41.53525
sample3_SemiBin_301	62.027416
sample3_SemiBin_60	29.660679
sample3_SemiBin_31	36.39246
sample3_SemiBin_86	116.373505
sample3_SemiBin_140	13.801719
sample3_SemiBin_108	51.63154
sample3_SemiBin_19	9.043361
sample3_SemiBin_46	31.48191
sample3_SemiBin_164	35.74858
sample3_SemiBin_79	35.850506
sample3_SemiBin_7	12.963293
sample3_SemiBin_91	39.946995
sample3_SemiBin_48	19.444235
sample3_SemiBin_106	46.254745
sample3_SemiBin_915	12.347133
sample3_SemiBin_22	64.91658
sample3_SemiBin_3	41.354736
sample3_SemiBin_56	33.811207
sample3_SemiBin_112	49.470783
sample3_SemiBin_95	28.140749
sample3_SemiBin_146	50.707188
sample3_SemiBin_115	46.91739
sample3_SemiBin_21	20.885817
sample3_SemiBin_62	15.476025
sample3_SemiBin_27	12.089035
sample3_SemiBin_88	16.541708
sample3_SemiBin_122	29.328869
sample3_SemiBin_24	56.797672
sample3_SemiBin_16	39.36502
Genome	fq4_ont_trim_filter_500_porechop.fastq.gz Mean
sample4_SemiBin_730	14.493989
sample4_SemiBin_142	39.38922
sample4_SemiBin_137	39.141216
sample4_SemiBin_54	49.527023
sample4_SemiBin_261	43.069622
sample4_SemiBin_83	32.37457
sample4_SemiBin_72	26.489872
sample4_SemiBin_55	45.520245
sample4_SemiBin_129	32.436115
sample4_SemiBin_0	33.223648
sample4_SemiBin_50	12.989796
sample4_SemiBin_23	21.37455
sample4_SemiBin_238	42.36552
sample4_SemiBin_24	18.942192
sample4_SemiBin_16	16.456177
sample4_SemiBin_558	50.004665
sample4_SemiBin_232	29.21126
sample4_SemiBin_47	24.63376
sample4_SemiBin_80	68.14126
sample4_SemiBin_127	43.656467
sample4_SemiBin_43	12.70784
sample4_SemiBin_44	52.51639
sample4_SemiBin_13	37.620106
sample4_SemiBin_73	5.378627
sample4_SemiBin_151	24.219608
sample4_SemiBin_20	28.167292
sample4_SemiBin_273	146.8856
sample4_SemiBin_12	16.506044
sample4_SemiBin_135	54.56111
sample4_SemiBin_75	9.420388
sample4_SemiBin_81	18.001314
sample4_SemiBin_5	32.14211
sample4_SemiBin_2	20.574099
sample4_SemiBin_84	22.995525
sample4_SemiBin_46	32.686047
sample4_SemiBin_8	15.229493
sample4_SemiBin_96	32.081886
sample4_SemiBin_117	58.242397
sample4_SemiBin_173	11.258008
sample4_SemiBin_163	17.86161
sample4_SemiBin_100	23.040188
sample4_SemiBin_34	8.783644
sample4_SemiBin_76	13.726313
sample4_SemiBin_45	31.260736
sample4_SemiBin_94	11.797565
sample4_SemiBin_1	65.68375
sample4_SemiBin_65	28.692074
sample4_SemiBin_115	25.589386
sample4_SemiBin_77	62.075443
sample4_SemiBin_66	19.191187
sample4_SemiBin_113	25.723114
sample4_SemiBin_116	127.09497
sample4_SemiBin_17	8.607535
sample4_SemiBin_68	44.012897
sample4_SemiBin_27	19.952082
sample4_SemiBin_3	21.167858
sample4_SemiBin_236	43.51869
sample4_SemiBin_19	23.00263
sample4_SemiBin_87	61.42273
sample4_SemiBin_58	22.050634
sample4_SemiBin_29	10.095887
sample4_SemiBin_21	36.993675
sample4_SemiBin_106	10.819156
sample4_SemiBin_56	52.680004
sample4_SemiBin_90	31.736689
sample4_SemiBin_11	12.475407
sample4_SemiBin_219	25.415697
sample4_SemiBin_98	9.125061
sample4_SemiBin_53	11.702898
sample4_SemiBin_42	28.336462
sample4_SemiBin_41	36.953773
sample4_SemiBin_92	12.696925
sample4_SemiBin_125	9.443233
sample4_SemiBin_32	70.31351
sample4_SemiBin_14	14.828878
sample4_SemiBin_101	21.12167
sample4_SemiBin_156	14.325453
sample4_SemiBin_150	40.744534
sample4_SemiBin_64	41.000694
sample4_SemiBin_31	7.2968025
sample4_SemiBin_143	31.3439
sample4_SemiBin_78	31.481924
sample4_SemiBin_136	14.771686
sample4_SemiBin_39	41.24617
sample4_SemiBin_63	105.33412
sample4_SemiBin_62	8.939358
sample4_SemiBin_1389	20.598343
sample4_SemiBin_91	69.81219
sample4_SemiBin_35	8.196496
sample4_SemiBin_15	31.233797
sample4_SemiBin_124	14.341048
sample4_SemiBin_205	44.415314
sample4_SemiBin_123	21.772667
sample4_SemiBin_108	16.86815
sample4_SemiBin_99	33.905296
sample4_SemiBin_122	33.504436
sample4_SemiBin_49	47.402355
sample4_SemiBin_6	18.436045
sample4_SemiBin_40	23.275784
sample4_SemiBin_18	17.641068
sample4_SemiBin_61	82.63717
sample4_SemiBin_107	9.280795
sample4_SemiBin_167	47.2868
sample4_SemiBin_158	9.319677
sample4_SemiBin_145	33.96256
sample4_SemiBin_10	38.244766
sample4_SemiBin_82	47.37515
sample4_SemiBin_252	42.288498
sample4_SemiBin_51	24.93674
sample4_SemiBin_60	12.192206
sample4_SemiBin_70	32.57319
sample4_SemiBin_38	30.98081
sample4_SemiBin_30	32.32595
sample4_SemiBin_85	17.181011
sample4_SemiBin_111	29.804024
sample4_SemiBin_139	19.518538
sample4_SemiBin_28	12.114697
sample4_SemiBin_332	18.342016
sample4_SemiBin_52	34.70859
sample4_SemiBin_320	31.418854
sample4_SemiBin_57	8.872602
sample4_SemiBin_296	46.128105
sample4_SemiBin_1409	21.154932
sample4_SemiBin_183	31.239563
sample4_SemiBin_102	22.287304
sample4_SemiBin_166	63.06159
sample4_SemiBin_126	30.653784
sample4_SemiBin_227	16.93771
sample4_SemiBin_33	8.788739
sample4_SemiBin_95	66.73854
sample4_SemiBin_37	15.441432
sample4_SemiBin_26	33.655067
sample4_SemiBin_4	26.245338
sample4_SemiBin_22	13.444025
sample4_SemiBin_69	17.999659
sample4_SemiBin_7	33.111687
sample4_SemiBin_220	5.4442873
sample4_SemiBin_36	30.541311
sample4_SemiBin_71	12.004089
sample4_SemiBin_286	42.22885
sample4_SemiBin_59	14.674905
sample4_SemiBin_198	25.97367
sample4_SemiBin_104	31.137217
sample4_SemiBin_67	15.144906
sample4_SemiBin_48	23.207338
sample4_SemiBin_9	30.503387
sample4_SemiBin_79	6.1860504
Genome	fq5_ont_trim_filter_500_porechop.fastq.gz Mean
sample5_SemiBin_58	28.368753
sample5_SemiBin_62	13.689521
sample5_SemiBin_227	19.745392
sample5_SemiBin_98	75.390076
sample5_SemiBin_37	16.99255
sample5_SemiBin_64	80.58535
sample5_SemiBin_23	40.295086
sample5_SemiBin_35	39.42729
sample5_SemiBin_105	59.67239
sample5_SemiBin_74	15.534468
sample5_SemiBin_124	30.437153
sample5_SemiBin_57	34.766926
sample5_SemiBin_1	25.514122
sample5_SemiBin_65	63.24728
sample5_SemiBin_82	19.276382
sample5_SemiBin_26	50.959747
sample5_SemiBin_46	49.18933
sample5_SemiBin_89	30.756292
sample5_SemiBin_85	13.665594
sample5_SemiBin_39	18.056612
sample5_SemiBin_117	22.2993
sample5_SemiBin_21	38.148193
sample5_SemiBin_2	25.084051
sample5_SemiBin_78	32.171745
sample5_SemiBin_30	23.499409
sample5_SemiBin_75	15.657926
sample5_SemiBin_34	17.708122
sample5_SemiBin_303	33.554695
sample5_SemiBin_50	25.533737
sample5_SemiBin_70	13.280707
sample5_SemiBin_54	9.094574
sample5_SemiBin_59	13.175991
sample5_SemiBin_103	40.768627
sample5_SemiBin_24	13.613504
sample5_SemiBin_126	82.94827
sample5_SemiBin_42	88.75227
sample5_SemiBin_77	20.085402
sample5_SemiBin_22	29.09013
sample5_SemiBin_41	38.357807
sample5_SemiBin_49	12.593853
sample5_SemiBin_15	23.862919
sample5_SemiBin_44	58.95375
sample5_SemiBin_150	28.667004
sample5_SemiBin_28	15.218062
sample5_SemiBin_158	8.362118
sample5_SemiBin_32	37.762203
sample5_SemiBin_80	22.901205
sample5_SemiBin_118	12.123921
sample5_SemiBin_61	31.676928
sample5_SemiBin_73	70.14683
sample5_SemiBin_66	65.92779
sample5_SemiBin_13	24.269884
sample5_SemiBin_11	60.14333
sample5_SemiBin_68	34.150887
sample5_SemiBin_29	19.450567
sample5_SemiBin_48	68.89308
sample5_SemiBin_106	76.94833
sample5_SemiBin_56	78.47437
sample5_SemiBin_43	5.6597548
sample5_SemiBin_45	72.967834
sample5_SemiBin_36	57.004696
sample5_SemiBin_33	43.10381
sample5_SemiBin_210	70.36923
sample5_SemiBin_3	35.661762
sample5_SemiBin_8	21.914076
sample5_SemiBin_47	39.965786
sample5_SemiBin_69	32.585308
sample5_SemiBin_52	57.78151
sample5_SemiBin_1199	50.363934
sample5_SemiBin_162	24.864626
sample5_SemiBin_10	17.940075
sample5_SemiBin_92	16.658373
sample5_SemiBin_19	51.688553
sample5_SemiBin_20	27.723986
sample5_SemiBin_84	13.48931
sample5_SemiBin_60	174.70468
sample5_SemiBin_63	18.372986
sample5_SemiBin_14	72.12685
sample5_SemiBin_17	78.87668
sample5_SemiBin_179	30.815332
sample5_SemiBin_51	41.221672
sample5_SemiBin_7	21.639109
sample5_SemiBin_5	20.826101
sample5_SemiBin_18	36.720913
sample5_SemiBin_55	31.960726
sample5_SemiBin_53	16.029367
sample5_SemiBin_114	21.674515
sample5_SemiBin_31	36.37772
sample5_SemiBin_40	71.5275
sample5_SemiBin_153	15.183707
sample5_SemiBin_9	17.49335
sample5_SemiBin_25	23.701777
sample5_SemiBin_94	71.32866
sample5_SemiBin_195	17.35423
sample5_SemiBin_0	59.83824
sample5_SemiBin_16	11.586191
sample5_SemiBin_180	17.526482
sample5_SemiBin_115	18.622438
sample5_SemiBin_27	149.34634
sample5_SemiBin_72	86.79188
sample5_SemiBin_12	61.69522
sample5_SemiBin_96	5.7550817
sample5_SemiBin_178	60.38966
sample5_SemiBin_71	11.128956
sample5_SemiBin_86	25.25968
sample5_SemiBin_6	23.635838
sample5_SemiBin_38	42.460777
sample5_SemiBin_76	18.337673
sample5_SemiBin_4	40.940716
sample6_Genome	6_ont_trim_filter_500_porechop.fastq Mean
sample6_SemiBin_159	12.727188
sample6_SemiBin_137	8.189073
sample6_SemiBin_96	37.019524
sample6_SemiBin_341	28.06747
sample6_SemiBin_193	42.41125
sample6_SemiBin_77	31.34802
sample6_SemiBin_253	31.117882
sample6_SemiBin_195	72.34586
sample6_SemiBin_13	24.131474
sample6_SemiBin_82	9.71985
sample6_SemiBin_144	11.60116
sample6_SemiBin_127	16.312878
sample6_SemiBin_5	13.774349
sample6_SemiBin_209	34.413685
sample6_SemiBin_104	9.467919
sample6_SemiBin_15	29.066313
sample6_SemiBin_6	24.405886
sample6_SemiBin_199	33.22555
sample6_SemiBin_182	65.84148
sample6_SemiBin_307	128.93031
sample6_SemiBin_10	17.88147
sample6_SemiBin_101	45.209095
sample6_SemiBin_75	16.052038
sample6_SemiBin_51	24.03155
sample6_SemiBin_217	34.2927
sample6_SemiBin_33	15.113171
sample6_SemiBin_57	13.631005
sample6_SemiBin_54	71.9768
sample6_SemiBin_14	20.120691
sample6_SemiBin_43	10.527368
sample6_SemiBin_152	97.55518
sample6_SemiBin_113	8.482842
sample6_SemiBin_264	7.7073336
sample6_SemiBin_105	46.968292
sample6_SemiBin_0	25.0334
sample6_SemiBin_680	34.07536
sample6_SemiBin_4	11.438833
sample6_SemiBin_45	54.83938
sample6_SemiBin_87	53.361374
sample6_SemiBin_431	34.919197
sample6_SemiBin_161	14.55481
sample6_SemiBin_44	8.6302595
sample6_SemiBin_50	8.728734
sample6_SemiBin_11	24.062977
sample6_SemiBin_299	7.253119
sample6_SemiBin_194	28.607838
sample6_SemiBin_36	23.204884
sample6_SemiBin_203	23.158443
sample6_SemiBin_84	23.177319
sample6_SemiBin_53	91.88976
sample6_SemiBin_20	9.496562
sample6_SemiBin_64	33.408806
sample6_SemiBin_98	44.768845
sample6_SemiBin_216	13.985522
sample6_SemiBin_94	32.80047
sample6_SemiBin_90	30.46835
sample6_SemiBin_109	29.844902
sample6_SemiBin_107	108.24813
sample6_SemiBin_322	10.881153
sample6_SemiBin_92	11.256088
sample6_SemiBin_177	112.85659
sample6_SemiBin_176	44.54619
sample6_SemiBin_1743	18.804028
sample6_SemiBin_69	21.96742
sample6_SemiBin_131	153.32661
sample6_SemiBin_167	39.403606
sample6_SemiBin_256	60.88713
sample6_SemiBin_66	9.944427
sample6_SemiBin_17	61.17025
sample6_SemiBin_52	44.42137
sample6_SemiBin_8	24.242727
sample6_SemiBin_126	50.17689
sample6_SemiBin_67	23.819729
sample6_SemiBin_323	38.66132
sample6_SemiBin_28	24.276024
sample6_SemiBin_9	10.854433
sample6_SemiBin_38	9.833876
sample6_SemiBin_145	22.93238
sample6_SemiBin_72	11.449361
sample6_SemiBin_102	46.319817
sample6_SemiBin_274	11.967954
sample6_SemiBin_135	23.92768
sample6_SemiBin_29	12.248071
sample6_SemiBin_260	7.495014
sample6_SemiBin_18	23.623545
sample6_SemiBin_32	13.277308
sample6_SemiBin_1766	13.49975
sample6_SemiBin_100	28.449974
sample6_SemiBin_42	42.014877
sample6_SemiBin_61	55.425236
sample6_SemiBin_471	69.84479
sample6_SemiBin_55	11.775734
sample6_SemiBin_133	34.709927
sample6_SemiBin_83	43.35387
sample6_SemiBin_232	29.900177
sample6_SemiBin_30	57.04699
sample6_SemiBin_1	47.008007
sample6_SemiBin_78	5.487225
sample6_SemiBin_71	21.275288
sample6_SemiBin_143	12.750341
sample6_SemiBin_65	38.87991
sample6_SemiBin_40	26.869284
sample6_SemiBin_76	10.853497
sample6_SemiBin_49	51.397285
sample6_SemiBin_201	40.56389
sample6_SemiBin_39	49.286827
sample6_SemiBin_68	11.702935
sample6_SemiBin_97	19.396227
sample6_SemiBin_58	24.541203
sample6_SemiBin_202	45.925877
sample6_SemiBin_2	34.952885
sample6_SemiBin_37	10.553186
sample6_SemiBin_218	68.35977
sample6_SemiBin_73	26.954494
sample6_SemiBin_25	17.996298
sample6_SemiBin_236	34.834625
sample6_SemiBin_123	12.449102
sample6_SemiBin_12	15.162355
sample6_SemiBin_23	9.352192
sample6_SemiBin_103	41.359623
sample6_SemiBin_156	23.380976
sample6_SemiBin_41	73.29749
sample6_SemiBin_81	21.463562
sample6_SemiBin_179	33.82423
sample6_SemiBin_85	6.3854494
sample6_SemiBin_80	34.77989
sample6_SemiBin_110	37.445618
sample6_SemiBin_31	61.133327
sample6_SemiBin_99	30.64702
sample6_SemiBin_210	19.423084
sample6_SemiBin_121	15.464442
sample6_SemiBin_86	25.624765
sample6_SemiBin_108	32.285313
sample6_SemiBin_19	22.834208
sample6_SemiBin_46	25.511257
sample6_SemiBin_553	57.658333
sample6_SemiBin_300	33.727108
sample6_SemiBin_79	27.097708
sample6_SemiBin_89	69.604095
sample6_SemiBin_7	54.669174
sample6_SemiBin_170	13.204215
sample6_SemiBin_91	40.76348
sample6_SemiBin_48	22.237812
sample6_SemiBin_106	60.223793
sample6_SemiBin_142	17.979826
sample6_SemiBin_22	14.05835
sample6_SemiBin_3	23.526007
sample6_SemiBin_56	14.4123
sample6_SemiBin_95	7.470264
sample6_SemiBin_21	21.518019
sample6_SemiBin_291	17.98537
sample6_SemiBin_74	42.667595
sample6_SemiBin_62	6.6841273
sample6_SemiBin_245	26.14437
sample6_SemiBin_59	13.34942
sample6_SemiBin_27	12.706563
sample6_SemiBin_88	6.299336
sample6_SemiBin_122	61.531322
sample6_SemiBin_114	8.93731
sample6_SemiBin_24	42.37535
sample6_SemiBin_16	11.519769
sample6_SemiBin_117	33.855614
sample7_Genome	7_ont_trim_filter_500_porechop.fastq Mean
sample7_SemiBin_159	175.75002
sample7_SemiBin_34	24.982096
sample7_SemiBin_96	11.632416
sample7_SemiBin_224	12.508746
sample7_SemiBin_149	5.4411516
sample7_SemiBin_204	15.914997
sample7_SemiBin_77	20.251474
sample7_SemiBin_253	20.204138
sample7_SemiBin_195	13.984742
sample7_SemiBin_13	24.870241
sample7_SemiBin_82	9.810501
sample7_SemiBin_144	6.0458384
sample7_SemiBin_127	19.060532
sample7_SemiBin_5	18.906467
sample7_SemiBin_104	65.42797
sample7_SemiBin_15	14.174441
sample7_SemiBin_6	18.287203
sample7_SemiBin_183	16.967064
sample7_SemiBin_1723	27.432987
sample7_SemiBin_119	9.668818
sample7_SemiBin_235	65.89336
sample7_SemiBin_178	32.17983
sample7_SemiBin_294	15.560879
sample7_SemiBin_10	15.851985
sample7_SemiBin_101	12.694069
sample7_SemiBin_75	24.248089
sample7_SemiBin_51	12.379344
sample7_SemiBin_33	8.896821
sample7_SemiBin_151	31.189487
sample7_SemiBin_157	11.156932
sample7_SemiBin_116	28.356565
sample7_SemiBin_57	40.230946
sample7_SemiBin_54	51.7094
sample7_SemiBin_14	22.884565
sample7_SemiBin_43	11.895288
sample7_SemiBin_211	8.911317
sample7_SemiBin_105	73.299706
sample7_SemiBin_0	18.994425
sample7_SemiBin_4	24.640886
sample7_SemiBin_155	33.24861
sample7_SemiBin_45	70.32438
sample7_SemiBin_223	41.02045
sample7_SemiBin_87	45.34903
sample7_SemiBin_166	14.857142
sample7_SemiBin_189	31.444155
sample7_SemiBin_161	8.956889
sample7_SemiBin_338	45.838573
sample7_SemiBin_70	67.19115
sample7_SemiBin_44	14.048768
sample7_SemiBin_47	14.503492
sample7_SemiBin_226	17.000635
sample7_SemiBin_50	14.021785
sample7_SemiBin_11	29.570019
sample7_SemiBin_136	11.069375
sample7_SemiBin_220	19.954027
sample7_SemiBin_180	16.116543
sample7_SemiBin_347	191.75081
sample7_SemiBin_36	26.993885
sample7_SemiBin_124	20.056362
sample7_SemiBin_385	11.9243355
sample7_SemiBin_198	4.5744934
sample7_SemiBin_53	13.93768
sample7_SemiBin_20	33.9363
sample7_SemiBin_64	20.909676
sample7_SemiBin_98	29.700243
sample7_SemiBin_94	9.04765
sample7_SemiBin_90	22.528465
sample7_SemiBin_109	7.5501904
sample7_SemiBin_107	59.523663
sample7_SemiBin_322	48.682026
sample7_SemiBin_270	36.63489
sample7_SemiBin_92	50.76435
sample7_SemiBin_35	13.241262
sample7_SemiBin_177	55.328827
sample7_SemiBin_69	30.879908
sample7_SemiBin_221	41.257977
sample7_SemiBin_131	9.606363
sample7_SemiBin_167	43.073956
sample7_SemiBin_66	48.99277
sample7_SemiBin_17	90.65397
sample7_SemiBin_52	30.423819
sample7_SemiBin_8	35.47085
sample7_SemiBin_126	11.375946
sample7_SemiBin_28	61.89879
sample7_SemiBin_154	26.101831
sample7_SemiBin_9	28.865519
sample7_SemiBin_38	17.24284
sample7_SemiBin_145	25.71066
sample7_SemiBin_285	55.227985
sample7_SemiBin_72	22.005068
sample7_SemiBin_102	10.297365
sample7_SemiBin_93	114.01817
sample7_SemiBin_135	58.911705
sample7_SemiBin_282	45.91001
sample7_SemiBin_63	5.523217
sample7_SemiBin_29	27.36386
sample7_SemiBin_18	21.144848
sample7_SemiBin_32	20.797138
sample7_SemiBin_100	7.307456
sample7_SemiBin_42	12.120682
sample7_SemiBin_61	12.552514
sample7_SemiBin_160	14.695115
sample7_SemiBin_55	54.155704
sample7_SemiBin_132	7.4086204
sample7_SemiBin_83	37.568787
sample7_SemiBin_232	27.887775
sample7_SemiBin_30	65.54183
sample7_SemiBin_1	59.9887
sample7_SemiBin_262	16.03594
sample7_SemiBin_78	13.608978
sample7_SemiBin_71	17.444717
sample7_SemiBin_143	59.304585
sample7_SemiBin_26	90.44657
sample7_SemiBin_111	11.18911
sample7_SemiBin_65	10.032106
sample7_SemiBin_40	34.70857
sample7_SemiBin_76	8.200634
sample7_SemiBin_49	13.003277
sample7_SemiBin_39	28.64401
sample7_SemiBin_213	40.65851
sample7_SemiBin_68	12.319359
sample7_SemiBin_168	52.697575
sample7_SemiBin_58	28.26497
sample7_SemiBin_202	9.234138
sample7_SemiBin_206	57.491325
sample7_SemiBin_246	8.756379
sample7_SemiBin_2	10.729936
sample7_SemiBin_37	44.6003
sample7_SemiBin_73	62.242214
sample7_SemiBin_236	36.131084
sample7_SemiBin_123	84.02773
sample7_SemiBin_158	12.045871
sample7_SemiBin_12	16.368534
sample7_SemiBin_128	31.396942
sample7_SemiBin_134	15.898308
sample7_SemiBin_120	62.42746
sample7_SemiBin_23	55.839718
sample7_SemiBin_191	21.926989
sample7_SemiBin_263	13.345813
sample7_SemiBin_103	22.400215
sample7_SemiBin_156	55.77378
sample7_SemiBin_118	15.436435
sample7_SemiBin_41	22.689901
sample7_SemiBin_81	35.97174
sample7_SemiBin_85	55.59656
sample7_SemiBin_80	51.75946
sample7_SemiBin_60	21.354824
sample7_SemiBin_31	43.96378
sample7_SemiBin_99	14.799199
sample7_SemiBin_86	22.218225
sample7_SemiBin_140	15.056597
sample7_SemiBin_108	34.008575
sample7_SemiBin_19	11.668058
sample7_SemiBin_46	86.63901
sample7_SemiBin_241	40.797512
sample7_SemiBin_300	21.204432
sample7_SemiBin_148	55.965427
sample7_SemiBin_276	19.629864
sample7_SemiBin_79	26.923796
sample7_SemiBin_89	19.94694
sample7_SemiBin_1648	15.753029
sample7_SemiBin_138	10.93366
sample7_SemiBin_222	9.386534
sample7_SemiBin_7	46.941288
sample7_SemiBin_170	9.924319
sample7_SemiBin_91	34.88655
sample7_SemiBin_106	40.8181
sample7_SemiBin_22	53.041573
sample7_SemiBin_3	41.68554
sample7_SemiBin_56	18.904064
sample7_SemiBin_112	37.11611
sample7_SemiBin_281	7.6485696
sample7_SemiBin_95	9.274024
sample7_SemiBin_146	17.395145
sample7_SemiBin_238	12.209047
sample7_SemiBin_940	17.151703
sample7_SemiBin_115	14.503239
sample7_SemiBin_21	26.64479
sample7_SemiBin_74	13.894106
sample7_SemiBin_62	21.479258
sample7_SemiBin_181	31.30027
sample7_SemiBin_245	17.300901
sample7_SemiBin_215	88.24065
sample7_SemiBin_59	15.094069
sample7_SemiBin_192	21.624786
sample7_SemiBin_27	42.74452
sample7_SemiBin_394	19.811922
sample7_SemiBin_88	22.396412
sample7_SemiBin_122	24.265215
sample7_SemiBin_114	18.934052
sample7_SemiBin_24	81.49758
sample7_SemiBin_16	49.281155
sample7_SemiBin_229	22.73254
sample7_SemiBin_443	8.176994
sample7_SemiBin_117	12.457683
sample8_Genome	8_ont_trim_filter_500_porechop.fastq Mean
sample8_SemiBin_292	84.523346
sample8_SemiBin_1849	62.640697
sample8_SemiBin_82	67.48989
sample8_SemiBin_15	32.727924
sample8_SemiBin_6	50.79003
sample8_SemiBin_199	28.068335
sample8_SemiBin_250	62.707195
sample8_SemiBin_101	107.79975
sample8_SemiBin_75	20.754023
sample8_SemiBin_51	41.93571
sample8_SemiBin_33	26.298018
sample8_SemiBin_157	54.83225
sample8_SemiBin_54	21.6423
sample8_SemiBin_14	85.39792
sample8_SemiBin_296	15.415638
sample8_SemiBin_0	69.86974
sample8_SemiBin_4	23.51666
sample8_SemiBin_45	26.828321
sample8_SemiBin_50	87.4672
sample8_SemiBin_124	31.147926
sample8_SemiBin_1250	50.015064
sample8_SemiBin_107	41.76287
sample8_SemiBin_557	13.775669
sample8_SemiBin_92	24.264725
sample8_SemiBin_176	78.91597
sample8_SemiBin_69	24.18495
sample8_SemiBin_131	25.00758
sample8_SemiBin_8	37.219154
sample8_SemiBin_67	61.155354
sample8_SemiBin_1898	7.430338
sample8_SemiBin_28	22.082724
sample8_SemiBin_154	15.059124
sample8_SemiBin_9	82.42261
sample8_SemiBin_38	75.96836
sample8_SemiBin_145	24.219679
sample8_SemiBin_481	27.793121
sample8_SemiBin_63	63.45482
sample8_SemiBin_29	11.214664
sample8_SemiBin_18	62.37096
sample8_SemiBin_100	25.770191
sample8_SemiBin_42	83.4085
sample8_SemiBin_130	5.7092476
sample8_SemiBin_55	73.430984
sample8_SemiBin_1351	17.27384
sample8_SemiBin_165	45.13009
sample8_SemiBin_129	81.50963
sample8_SemiBin_65	13.100602
sample8_SemiBin_76	14.654739
sample8_SemiBin_49	10.464544
sample8_SemiBin_68	66.57574
sample8_SemiBin_2	20.810541
sample8_SemiBin_73	40.33031
sample8_SemiBin_12	15.295346
sample8_SemiBin_134	85.451866
sample8_SemiBin_186	10.9037285
sample8_SemiBin_120	47.10168
sample8_SemiBin_23	50.812622
sample8_SemiBin_41	14.233383
sample8_SemiBin_81	16.400019
sample8_SemiBin_179	153.93114
sample8_SemiBin_60	29.402699
sample8_SemiBin_99	10.088052
sample8_SemiBin_121	119.85666
sample8_SemiBin_19	17.36952
sample8_SemiBin_46	47.290287
sample8_SemiBin_300	394.53732
sample8_SemiBin_79	15.850028
sample8_SemiBin_138	10.271696
sample8_SemiBin_106	86.48063
sample8_SemiBin_142	40.77968
sample8_SemiBin_22	159.69089
sample8_SemiBin_1118	87.97808
sample8_SemiBin_259	6.6902075
sample8_SemiBin_21	20.05746
sample8_SemiBin_291	116.44758
sample8_SemiBin_74	35.201797
sample8_SemiBin_122	22.090776
sample8_SemiBin_114	24.012293
sample8_SemiBin_24	110.17064
sample8_SemiBin_16	57.933872
sample8_SemiBin_117	56.710064
sample9_Genome	9_ont_trim_filter_500_porechop.fastq Mean
sample9_SemiBin_521	5.7162323
sample9_SemiBin_34	34.799324
sample9_SemiBin_195	101.11857
sample9_SemiBin_13	35.812157
sample9_SemiBin_15	52.530586
sample9_SemiBin_33	55.03164
sample9_SemiBin_43	14.689992
sample9_SemiBin_152	74.87287
sample9_SemiBin_189	146.97624
sample9_SemiBin_161	46.291073
sample9_SemiBin_70	22.33156
sample9_SemiBin_44	32.177517
sample9_SemiBin_50	96.0587
sample9_SemiBin_136	147.55171
sample9_SemiBin_36	66.91042
sample9_SemiBin_53	18.961187
sample9_SemiBin_1480	91.000305
sample9_SemiBin_98	19.962875
sample9_SemiBin_94	92.65728
sample9_SemiBin_90	6.043343
sample9_SemiBin_35	17.38813
sample9_SemiBin_66	8.267613
sample9_SemiBin_17	73.74816
sample9_SemiBin_279	120.801544
sample9_SemiBin_28	73.380226
sample9_SemiBin_285	11.716538
sample9_SemiBin_100	30.554264
sample9_SemiBin_30	21.331657
sample9_SemiBin_1	93.54267
sample9_SemiBin_71	170.56105
sample9_SemiBin_40	95.8371
sample9_SemiBin_68	65.961914
sample9_SemiBin_58	61.456314
sample9_SemiBin_37	61.778767
sample9_SemiBin_85	184.1351
sample9_SemiBin_80	22.91341
sample9_SemiBin_86	35.902283
sample9_SemiBin_244	169.91379
sample9_SemiBin_79	109.44207
sample9_SemiBin_7	38.840942
sample9_SemiBin_56	33.945625
sample9_SemiBin_62	17.464527
sample9_SemiBin_59	36.690556
sample9_SemiBin_273	108.7685
sample9_SemiBin_122	152.06985
sample9_SemiBin_16	65.207726
Genome	snj01_ont_trim_filter_500_porechop.fastq.gz Mean
snj01_SemiBin_84	15.614316
snj01_SemiBin_0	23.33573
snj01_SemiBin_123	107.77771
snj01_SemiBin_410	12.586766
snj01_SemiBin_70	171.86943
snj01_SemiBin_100	58.64383
snj01_SemiBin_47	19.529663
snj01_SemiBin_40	20.103836
snj01_SemiBin_81	7.010987
snj01_SemiBin_61	94.74931
snj01_SemiBin_56	11.161804
snj01_SemiBin_72	7.851711
snj01_SemiBin_1368	9.581948
snj01_SemiBin_28	6.7841415
snj01_SemiBin_204	51.427757
snj01_SemiBin_150	57.617718
snj01_SemiBin_66	11.938265
snj01_SemiBin_149	24.819155
snj01_SemiBin_52	21.829594
snj01_SemiBin_63	42.05169
snj01_SemiBin_26	16.101303
snj01_SemiBin_146	19.151953
snj01_SemiBin_33	35.284046
snj01_SemiBin_200	27.794308
snj01_SemiBin_7	20.20291
snj01_SemiBin_85	153.8105
snj01_SemiBin_15	35.663498
snj01_SemiBin_1410	33.21848
snj01_SemiBin_9	64.29785
snj01_SemiBin_76	44.632915
snj01_SemiBin_23	22.252405
snj01_SemiBin_122	53.771946
snj01_SemiBin_41	20.95155
snj01_SemiBin_67	29.305006
snj01_SemiBin_39	11.524301
snj01_SemiBin_45	23.065653
snj01_SemiBin_104	9.744804
snj01_SemiBin_16	14.107005
snj01_SemiBin_58	19.850706
snj01_SemiBin_4	15.584343
snj01_SemiBin_109	11.931938
snj01_SemiBin_500	14.81982
snj01_SemiBin_73	6.5353794
snj01_SemiBin_1430	31.487328
snj01_SemiBin_140	72.23811
snj01_SemiBin_112	36.381355
snj01_SemiBin_93	86.997574
snj01_SemiBin_96	16.811995
snj01_SemiBin_59	19.786661
snj01_SemiBin_43	32.044323
snj01_SemiBin_86	30.184557
snj01_SemiBin_46	41.29739
snj01_SemiBin_34	36.23376
snj01_SemiBin_11	20.114635
snj01_SemiBin_54	73.17416
snj01_SemiBin_62	20.336487
snj01_SemiBin_38	46.198338
snj01_SemiBin_29	32.42343
snj01_SemiBin_20	46.016373
snj01_SemiBin_241	59.914997
snj01_SemiBin_50	16.177687
snj01_SemiBin_35	221.23157
snj01_SemiBin_19	36.751785
snj01_SemiBin_1	46.903934
snj01_SemiBin_49	39.573135
snj01_SemiBin_31	74.07378
snj01_SemiBin_118	44.801502
snj01_SemiBin_2	15.43616
snj01_SemiBin_55	5.633609
snj01_SemiBin_110	38.817265
snj01_SemiBin_18	37.528904
snj01_SemiBin_184	41.918095
snj01_SemiBin_148	17.221064
snj01_SemiBin_37	18.179346
snj01_SemiBin_21	31.355827
snj01_SemiBin_186	43.978603
snj01_SemiBin_60	59.436127
snj01_SemiBin_13	14.166481
snj01_SemiBin_51	19.472082
snj01_SemiBin_32	89.69143
snj01_SemiBin_3	19.514147
snj01_SemiBin_8	43.70005
snj01_SemiBin_24	56.481434
snj01_SemiBin_5	21.530302
snj01_SemiBin_25	22.206612
snj01_SemiBin_36	40.968334
snj01_SemiBin_10	103.853714
snj01_SemiBin_12	74.56813
snj01_SemiBin_17	21.609426
snj01_SemiBin_71	11.611315
snj01_SemiBin_106	6.73414
snj01_SemiBin_27	34.687653
snj01_SemiBin_145	77.71018
snj01_SemiBin_174	32.62072
snj01_SemiBin_48	9.99352
snj01_SemiBin_42	61.925056
snj01_SemiBin_57	7.107775
snj01_SemiBin_68	36.866676
snj01_SemiBin_53	25.059677
snj01_SemiBin_6	26.842178
snj01_SemiBin_64	94.08271
snj01_SemiBin_22	25.4175
snj01_SemiBin_30	58.546886
snj02_Genome	snj02_ont_trim_filter_500_porechop.fastq.gz Mean
snj02_SemiBin_34	16.145706
snj02_SemiBin_96	14.904026
snj02_SemiBin_252	10.33914
snj02_SemiBin_13	59.594234
snj02_SemiBin_5	71.56079
snj02_SemiBin_104	7.7119403
snj02_SemiBin_15	48.40149
snj02_SemiBin_6	51.96633
snj02_SemiBin_10	39.03507
snj02_SemiBin_33	26.755493
snj02_SemiBin_57	27.229876
snj02_SemiBin_54	28.287155
snj02_SemiBin_14	30.03
snj02_SemiBin_43	32.75629
snj02_SemiBin_125	56.169224
snj02_SemiBin_0	122.16268
snj02_SemiBin_4	44.093483
snj02_SemiBin_45	17.722452
snj02_SemiBin_44	9.06402
snj02_SemiBin_47	32.566704
snj02_SemiBin_50	73.84248
snj02_SemiBin_11	10.11963
snj02_SemiBin_36	40.710495
snj02_SemiBin_84	35.51308
snj02_SemiBin_53	48.23402
snj02_SemiBin_20	29.184061
snj02_SemiBin_540	42.23794
snj02_SemiBin_90	5.7131877
snj02_SemiBin_109	7.183641
snj02_SemiBin_69	63.04111
snj02_SemiBin_66	145.21138
snj02_SemiBin_17	12.383349
snj02_SemiBin_52	22.153893
snj02_SemiBin_8	104.40563
snj02_SemiBin_67	143.3775
snj02_SemiBin_28	14.642493
snj02_SemiBin_9	14.397169
snj02_SemiBin_38	22.308685
snj02_SemiBin_72	5.965474
snj02_SemiBin_63	50.262367
snj02_SemiBin_29	10.549653
snj02_SemiBin_18	9.782822
snj02_SemiBin_32	75.869385
snj02_SemiBin_42	31.15564
snj02_SemiBin_61	22.278145
snj02_SemiBin_55	18.358267
snj02_SemiBin_83	13.172466
snj02_SemiBin_30	64.18456
snj02_SemiBin_1	20.54535
snj02_SemiBin_26	26.573647
snj02_SemiBin_129	26.894855
snj02_SemiBin_111	20.090101
snj02_SemiBin_49	56.51385
snj02_SemiBin_39	112.444016
snj02_SemiBin_2	219.59717
snj02_SemiBin_37	55.417694
snj02_SemiBin_25	27.61106
snj02_SemiBin_12	32.760395
snj02_SemiBin_120	53.57922
snj02_SemiBin_23	46.113068
snj02_SemiBin_41	85.86503
snj02_SemiBin_941	16.792032
snj02_SemiBin_80	49.092403
snj02_SemiBin_60	118.53827
snj02_SemiBin_31	44.975533
snj02_SemiBin_210	34.29322
snj02_SemiBin_19	44.786575
snj02_SemiBin_46	31.40701
snj02_SemiBin_89	34.715256
snj02_SemiBin_7	46.72943
snj02_SemiBin_48	34.934105
snj02_SemiBin_22	74.47703
snj02_SemiBin_3	115.03562
snj02_SemiBin_56	53.0896
snj02_SemiBin_21	32.727062
snj02_SemiBin_62	19.750677
snj02_SemiBin_59	29.053621
snj02_SemiBin_27	83.486374
snj02_SemiBin_24	35.64309
snj02_SemiBin_16	56.245007
snj03_Genome	snj03_ont_trim_filter_500_porechop.fastq.gz Mean
snj03_SemiBin_1348	11.353544
snj03_SemiBin_34	32.770905
snj03_SemiBin_96	19.89514
snj03_SemiBin_149	8.902721
snj03_SemiBin_77	19.72721
snj03_SemiBin_13	47.02241
snj03_SemiBin_82	48.124683
snj03_SemiBin_127	62.061306
snj03_SemiBin_5	19.561098
snj03_SemiBin_6	13.276594
snj03_SemiBin_183	11.600264
snj03_SemiBin_1393	23.423569
snj03_SemiBin_10	25.076721
snj03_SemiBin_75	11.693974
snj03_SemiBin_33	18.693823
snj03_SemiBin_116	25.541208
snj03_SemiBin_57	64.2149
snj03_SemiBin_54	45.5282
snj03_SemiBin_14	10.32697
snj03_SemiBin_43	40.24
snj03_SemiBin_0	34.33207
snj03_SemiBin_4	24.427088
snj03_SemiBin_45	19.668327
snj03_SemiBin_87	20.003473
snj03_SemiBin_166	27.695993
snj03_SemiBin_189	66.806175
snj03_SemiBin_70	5.308998
snj03_SemiBin_44	61.880154
snj03_SemiBin_47	15.535856
snj03_SemiBin_50	28.178673
snj03_SemiBin_11	52.474396
snj03_SemiBin_180	8.969342
snj03_SemiBin_36	25.395449
snj03_SemiBin_124	48.444103
snj03_SemiBin_84	47.582005
snj03_SemiBin_53	37.39608
snj03_SemiBin_20	59.157097
snj03_SemiBin_64	12.645963
snj03_SemiBin_98	11.850925
snj03_SemiBin_139	16.47294
snj03_SemiBin_240	41.179413
snj03_SemiBin_94	23.95981
snj03_SemiBin_90	13.250913
snj03_SemiBin_109	35.173782
snj03_SemiBin_35	6.7354007
snj03_SemiBin_69	12.265563
snj03_SemiBin_452	11.870442
snj03_SemiBin_131	51.347565
snj03_SemiBin_17	21.01447
snj03_SemiBin_52	28.762442
snj03_SemiBin_8	56.26428
snj03_SemiBin_67	28.966312
snj03_SemiBin_28	32.310352
snj03_SemiBin_154	7.474414
snj03_SemiBin_9	53.12273
snj03_SemiBin_38	22.839334
snj03_SemiBin_63	54.65882
snj03_SemiBin_29	123.71066
snj03_SemiBin_18	41.43747
snj03_SemiBin_32	31.423391
snj03_SemiBin_174	19.27062
snj03_SemiBin_42	23.168377
snj03_SemiBin_61	14.429087
snj03_SemiBin_130	25.806175
snj03_SemiBin_160	24.547968
snj03_SemiBin_55	30.654955
snj03_SemiBin_1390	32.24196
snj03_SemiBin_30	12.941309
snj03_SemiBin_1	39.221207
snj03_SemiBin_78	38.079056
snj03_SemiBin_71	33.940937
snj03_SemiBin_26	16.74301
snj03_SemiBin_227	50.305218
snj03_SemiBin_111	37.394238
snj03_SemiBin_65	28.181696
snj03_SemiBin_40	38.346382
snj03_SemiBin_49	53.44531
snj03_SemiBin_909	43.487923
snj03_SemiBin_39	23.83615
snj03_SemiBin_213	8.194059
snj03_SemiBin_97	6.708644
snj03_SemiBin_58	26.722786
snj03_SemiBin_2	17.899834
snj03_SemiBin_141	25.107946
snj03_SemiBin_37	37.463337
snj03_SemiBin_73	28.446867
snj03_SemiBin_25	38.75073
snj03_SemiBin_123	24.042458
snj03_SemiBin_12	17.922167
snj03_SemiBin_134	37.214714
snj03_SemiBin_186	23.105219
snj03_SemiBin_23	34.866207
snj03_SemiBin_103	31.610794
snj03_SemiBin_118	18.058401
snj03_SemiBin_41	18.712168
snj03_SemiBin_81	5.9879436
snj03_SemiBin_301	7.0896025
snj03_SemiBin_60	18.515516
snj03_SemiBin_99	22.932158
snj03_SemiBin_19	27.06171
snj03_SemiBin_46	69.468185
snj03_SemiBin_79	35.37674
snj03_SemiBin_7	31.207506
snj03_SemiBin_170	18.435024
snj03_SemiBin_106	49.667194
snj03_SemiBin_22	54.31867
snj03_SemiBin_3	31.88652
snj03_SemiBin_56	20.760124
snj03_SemiBin_112	49.25929
snj03_SemiBin_21	21.091948
snj03_SemiBin_74	23.932613
snj03_SemiBin_62	10.391955
snj03_SemiBin_59	6.6667876
snj03_SemiBin_27	13.497023
snj03_SemiBin_114	16.244576
snj03_SemiBin_24	23.985363
snj03_SemiBin_16	31.483475
snj03_SemiBin_117	28.287859
Genome	snj04_ont_trim_filter_500_porechop.fastq.gz Mean
snj04_SemiBin_785	22.232866
snj04_SemiBin_1805	50.87635
snj04_SemiBin_187	21.199312
snj04_SemiBin_35	9.9834175
snj04_SemiBin_18	51.949463
snj04_SemiBin_47	10.681157
snj04_SemiBin_71	31.490646
snj04_SemiBin_114	20.240742
snj04_SemiBin_46	21.146149
snj04_SemiBin_10	23.226103
snj04_SemiBin_30	28.471422
snj04_SemiBin_106	24.627903
snj04_SemiBin_2	34.124435
snj04_SemiBin_143	14.556749
snj04_SemiBin_1	22.856058
snj04_SemiBin_118	14.013072
snj04_SemiBin_41	34.255886
snj04_SemiBin_79	36.45893
snj04_SemiBin_82	86.47909
snj04_SemiBin_22	23.593899
snj04_SemiBin_60	59.823696
snj04_SemiBin_126	73.61087
snj04_SemiBin_69	60.897957
snj04_SemiBin_26	72.01815
snj04_SemiBin_85	35.755512
snj04_SemiBin_28	38.148884
snj04_SemiBin_76	190.52786
snj04_SemiBin_49	30.092253
snj04_SemiBin_165	78.36357
snj04_SemiBin_146	50.698112
snj04_SemiBin_92	33.292744
snj04_SemiBin_42	49.22846
snj04_SemiBin_64	40.904457
snj04_SemiBin_52	32.689636
snj04_SemiBin_39	32.45517
snj04_SemiBin_17	39.6206
snj04_SemiBin_31	17.816854
snj04_SemiBin_57	16.811214
snj04_SemiBin_29	11.673184
snj04_SemiBin_1554	42.822792
snj04_SemiBin_1050	28.062172
snj04_SemiBin_63	12.000211
snj04_SemiBin_246	85.58671
snj04_SemiBin_77	44.12311
snj04_SemiBin_43	70.31169
snj04_SemiBin_15	15.459718
snj04_SemiBin_1833	55.692574
snj04_SemiBin_32	25.231485
snj04_SemiBin_44	45.86929
snj04_SemiBin_20	73.068436
snj04_SemiBin_3	34.444633
snj04_SemiBin_138	45.110554
snj04_SemiBin_25	64.7814
snj04_SemiBin_45	12.951112
snj04_SemiBin_74	180.68102
snj04_SemiBin_90	47.766705
snj04_SemiBin_19	40.852596
snj04_SemiBin_38	118.37793
snj04_SemiBin_7	19.479221
snj04_SemiBin_36	20.261658
snj04_SemiBin_68	33.401363
snj04_SemiBin_1774	38.48444
snj04_SemiBin_580	22.691986
snj04_SemiBin_40	21.517271
snj04_SemiBin_34	19.700605
snj04_SemiBin_11	14.409003
snj04_SemiBin_94	7.8838434
snj04_SemiBin_208	14.431492
snj04_SemiBin_634	75.558685
snj04_SemiBin_123	38.538635
snj04_SemiBin_88	33.85292
snj04_SemiBin_93	33.399708
snj04_SemiBin_14	61.584454
snj04_SemiBin_12	45.24548
snj04_SemiBin_86	22.453955
snj04_SemiBin_5	27.676714
snj04_SemiBin_24	15.523445
snj04_SemiBin_13	20.3226
snj04_SemiBin_48	39.123158
snj04_SemiBin_80	50.355797
snj04_SemiBin_120	8.967612
snj04_SemiBin_181	40.200165
snj04_SemiBin_56	12.48147
snj04_SemiBin_9	65.94219
snj04_SemiBin_23	47.53323
snj04_SemiBin_50	19.879593
snj04_SemiBin_55	10.690024
snj04_SemiBin_72	18.098497
snj04_SemiBin_21	52.666092
snj04_SemiBin_1716	45.2844
snj04_SemiBin_65	56.566105
snj04_SemiBin_0	29.39735
snj04_SemiBin_119	44.28321
snj04_SemiBin_104	18.022032
snj04_SemiBin_6	78.8264
snj04_SemiBin_37	67.37558
snj04_SemiBin_59	25.476355
snj04_SemiBin_27	62.97746
snj04_SemiBin_66	24.51783
snj04_SemiBin_16	41.23631
snj04_SemiBin_4	60.855644
snj04_SemiBin_101	9.654149
snj04_SemiBin_58	24.531393
snj04_SemiBin_1776	24.954985
snj04_SemiBin_1706	19.449257
snj04_SemiBin_144	117.42916
snj04_SemiBin_8	28.402248
snj04_SemiBin_107	23.280516
Genome	snj08_ont_trim_filter_500_porechop.fastq.gz Mean
snj08_SemiBin_161	7.349153
snj08_SemiBin_1726	18.319096
snj08_SemiBin_106	29.093184
snj08_SemiBin_6	24.490417
snj08_SemiBin_46	25.89376
snj08_SemiBin_39	18.619194
snj08_SemiBin_4	16.89588
snj08_SemiBin_104	30.105688
snj08_SemiBin_99	40.660427
snj08_SemiBin_5	43.959007
snj08_SemiBin_34	32.45099
snj08_SemiBin_231	20.954828
snj08_SemiBin_20	37.48047
snj08_SemiBin_23	36.562893
snj08_SemiBin_248	33.631752
snj08_SemiBin_83	14.663589
snj08_SemiBin_18	16.639479
snj08_SemiBin_27	50.253853
snj08_SemiBin_186	14.005333
snj08_SemiBin_165	35.57816
snj08_SemiBin_44	133.4171
snj08_SemiBin_87	7.9903426
snj08_SemiBin_322	44.744213
snj08_SemiBin_170	16.568766
snj08_SemiBin_14	15.702864
snj08_SemiBin_92	25.22106
snj08_SemiBin_124	18.372416
snj08_SemiBin_38	34.29319
snj08_SemiBin_54	15.935735
snj08_SemiBin_94	32.67303
snj08_SemiBin_180	32.628017
snj08_SemiBin_15	35.451267
snj08_SemiBin_119	8.08777
snj08_SemiBin_0	44.097797
snj08_SemiBin_107	22.579313
snj08_SemiBin_51	11.962144
snj08_SemiBin_423	15.360785
snj08_SemiBin_64	39.84862
snj08_SemiBin_90	17.300508
snj08_SemiBin_7	15.210832
snj08_SemiBin_192	18.002592
snj08_SemiBin_247	8.298232
snj08_SemiBin_111	36.259132
snj08_SemiBin_95	29.138735
snj08_SemiBin_174	25.011171
snj08_SemiBin_185	14.35314
snj08_SemiBin_50	13.810426
snj08_SemiBin_65	11.372852
snj08_SemiBin_21	11.915126
snj08_SemiBin_102	18.176428
snj08_SemiBin_101	17.33847
snj08_SemiBin_9	54.417755
snj08_SemiBin_117	35.97803
snj08_SemiBin_43	39.589848
snj08_SemiBin_274	33.729397
snj08_SemiBin_149	37.469944
snj08_SemiBin_41	22.992605
snj08_SemiBin_146	12.028659
snj08_SemiBin_191	36.80306
snj08_SemiBin_82	21.319899
snj08_SemiBin_3	31.539103
snj08_SemiBin_67	10.540585
snj08_SemiBin_116	15.398652
snj08_SemiBin_194	98.778824
snj08_SemiBin_135	19.346802
snj08_SemiBin_69	24.812141
snj08_SemiBin_122	12.649836
snj08_SemiBin_120	21.68976
snj08_SemiBin_74	27.595903
snj08_SemiBin_1059	35.46909
snj08_SemiBin_75	61.7474
snj08_SemiBin_129	24.132107
snj08_SemiBin_40	12.648841
snj08_SemiBin_130	17.367807
snj08_SemiBin_52	9.528371
snj08_SemiBin_123	19.517746
snj08_SemiBin_1011	10.798955
snj08_SemiBin_340	21.196552
snj08_SemiBin_136	28.812325
snj08_SemiBin_78	117.20998
snj08_SemiBin_169	30.163794
snj08_SemiBin_30	33.41386
snj08_SemiBin_199	25.023252
snj08_SemiBin_98	5.7493153
snj08_SemiBin_141	19.01991
snj08_SemiBin_42	20.773945
snj08_SemiBin_333	28.907747
snj08_SemiBin_47	48.141655
snj08_SemiBin_337	53.007874
snj08_SemiBin_33	16.235662
snj08_SemiBin_292	6.1070313
snj08_SemiBin_100	28.14385
snj08_SemiBin_536	8.667919
snj08_SemiBin_49	15.065375
snj08_SemiBin_57	35.50562
snj08_SemiBin_32	17.189533
snj08_SemiBin_86	17.621439
snj08_SemiBin_308	25.183725
snj08_SemiBin_217	36.906086
snj08_SemiBin_76	18.86125
snj08_SemiBin_26	39.15224
snj08_SemiBin_188	9.938969
snj08_SemiBin_138	31.196653
snj08_SemiBin_108	76.455086
snj08_SemiBin_81	11.426033
snj08_SemiBin_13	34.5485
snj08_SemiBin_97	11.525976
snj08_SemiBin_58	20.262129
snj08_SemiBin_1987	23.768679
snj08_SemiBin_207	9.208855
snj08_SemiBin_59	10.942128
snj08_SemiBin_28	10.879953
snj08_SemiBin_55	10.723886
snj08_SemiBin_8	14.942402
snj08_SemiBin_115	32.656704
snj08_SemiBin_63	28.079102
snj08_SemiBin_113	55.45577
snj08_SemiBin_127	19.529102
snj08_SemiBin_902	25.307041
snj08_SemiBin_2	15.898402
snj08_SemiBin_29	33.840298
snj08_SemiBin_61	117.84091
snj08_SemiBin_88	23.193008
snj08_SemiBin_267	36.33309
snj08_SemiBin_35	8.783385
snj08_SemiBin_70	9.177957
snj08_SemiBin_22	37.545277
snj08_SemiBin_139	45.59601
snj08_SemiBin_168	15.214937
snj08_SemiBin_109	10.553692
snj08_SemiBin_665	48.00788
snj08_SemiBin_166	65.51803
snj08_SemiBin_12	28.620523
snj08_SemiBin_36	50.038776
snj08_SemiBin_71	10.80899
snj08_SemiBin_147	24.644363
snj08_SemiBin_68	15.720412
snj08_SemiBin_195	85.96737
snj08_SemiBin_62	10.197437
snj08_SemiBin_25	36.322384
snj08_SemiBin_93	39.92534
snj08_SemiBin_84	38.322033
snj08_SemiBin_10	41.30434
snj08_SemiBin_16	13.363262
snj08_SemiBin_53	36.85782
snj08_SemiBin_24	37.07056
snj08_SemiBin_105	5.7544765
snj08_SemiBin_143	21.517122
snj08_SemiBin_131	4.3103366
snj08_SemiBin_19	17.99366
snj08_SemiBin_96	31.873627
snj08_SemiBin_66	50.755
snj08_SemiBin_37	72.64276
snj08_SemiBin_17	20.752417
snj08_SemiBin_142	9.829711
snj08_SemiBin_1	38.15491
snj08_SemiBin_91	11.087606
snj08_SemiBin_206	8.094826
snj08_SemiBin_72	35.232
snj08_SemiBin_73	6.4639997
snj08_SemiBin_48	46.782932
snj08_SemiBin_56	50.232327
snj08_SemiBin_79	23.952188
snj08_SemiBin_60	12.2439995
snj08_SemiBin_237	32.652687
snj09_Genome	snj09_ont_trim_filter_500_porechop.fastq Mean
snj09_SemiBin_159	10.739495
snj09_SemiBin_258	25.386793
snj09_SemiBin_96	9.979455
snj09_SemiBin_204	15.900145
snj09_SemiBin_77	32.312336
snj09_SemiBin_292	23.148836
snj09_SemiBin_1924	38.315365
snj09_SemiBin_693	62.31359
snj09_SemiBin_13	20.770866
snj09_SemiBin_82	39.84633
snj09_SemiBin_144	20.22731
snj09_SemiBin_127	11.786307
snj09_SemiBin_5	21.294123
snj09_SemiBin_104	167.93376
snj09_SemiBin_15	27.56893
snj09_SemiBin_6	31.115772
snj09_SemiBin_199	23.064724
snj09_SemiBin_182	24.184677
snj09_SemiBin_119	6.729682
snj09_SemiBin_10	31.841242
snj09_SemiBin_101	74.297745
snj09_SemiBin_75	26.214893
snj09_SemiBin_217	23.197803
snj09_SemiBin_33	10.248384
snj09_SemiBin_151	16.97496
snj09_SemiBin_116	22.109447
snj09_SemiBin_57	13.199133
snj09_SemiBin_54	22.91432
snj09_SemiBin_14	17.860695
snj09_SemiBin_43	18.942501
snj09_SemiBin_113	32.728474
snj09_SemiBin_105	51.84656
snj09_SemiBin_0	13.189804
snj09_SemiBin_4	17.93137
snj09_SemiBin_1929	303.7156
snj09_SemiBin_45	18.591753
snj09_SemiBin_153	6.4060764
snj09_SemiBin_87	52.846992
snj09_SemiBin_189	11.252935
snj09_SemiBin_70	43.44694
snj09_SemiBin_44	25.632687
snj09_SemiBin_47	19.542578
snj09_SemiBin_226	4.201928
snj09_SemiBin_50	29.581448
snj09_SemiBin_11	137.65604
snj09_SemiBin_136	12.789472
snj09_SemiBin_36	46.18701
snj09_SemiBin_84	30.211073
snj09_SemiBin_53	9.148843
snj09_SemiBin_20	24.931536
snj09_SemiBin_64	36.95982
snj09_SemiBin_98	9.78851
snj09_SemiBin_1577	29.457502
snj09_SemiBin_94	7.9156084
snj09_SemiBin_90	23.434317
snj09_SemiBin_109	16.016233
snj09_SemiBin_107	28.7762
snj09_SemiBin_92	42.513206
snj09_SemiBin_35	25.731596
snj09_SemiBin_69	32.61508
snj09_SemiBin_190	12.775728
snj09_SemiBin_131	75.61454
snj09_SemiBin_66	26.214294
snj09_SemiBin_17	39.20095
snj09_SemiBin_52	13.243436
snj09_SemiBin_8	28.021982
snj09_SemiBin_126	43.624935
snj09_SemiBin_239	23.870716
snj09_SemiBin_67	8.833778
snj09_SemiBin_28	23.112095
snj09_SemiBin_154	46.26125
snj09_SemiBin_9	34.855755
snj09_SemiBin_38	7.8581915
snj09_SemiBin_145	49.275566
snj09_SemiBin_72	28.32682
snj09_SemiBin_102	11.408158
snj09_SemiBin_93	18.38908
snj09_SemiBin_63	8.076552
snj09_SemiBin_29	16.639706
snj09_SemiBin_18	21.644037
snj09_SemiBin_32	12.672192
snj09_SemiBin_100	15.749715
snj09_SemiBin_174	44.132206
snj09_SemiBin_42	35.12127
snj09_SemiBin_163	8.769471
snj09_SemiBin_61	54.393124
snj09_SemiBin_130	48.5451
snj09_SemiBin_83	20.996304
snj09_SemiBin_232	28.402437
snj09_SemiBin_30	15.092569
snj09_SemiBin_317	24.06558
snj09_SemiBin_1927	14.718462
snj09_SemiBin_165	16.374458
snj09_SemiBin_1	49.320396
snj09_SemiBin_78	27.189442
snj09_SemiBin_71	17.35256
snj09_SemiBin_26	47.938026
snj09_SemiBin_111	16.202562
snj09_SemiBin_171	5.4080906
snj09_SemiBin_40	46.547863
snj09_SemiBin_76	24.559116
snj09_SemiBin_49	30.369236
snj09_SemiBin_39	8.049112
snj09_SemiBin_68	128.99986
snj09_SemiBin_168	50.9448
snj09_SemiBin_97	19.35563
snj09_SemiBin_58	39.18628
snj09_SemiBin_2	57.615967
snj09_SemiBin_37	19.447926
snj09_SemiBin_73	34.040516
snj09_SemiBin_248	21.676836
snj09_SemiBin_25	60.745983
snj09_SemiBin_12	36.231323
snj09_SemiBin_1316	14.937863
snj09_SemiBin_134	25.61419
snj09_SemiBin_120	25.167517
snj09_SemiBin_497	15.67553
snj09_SemiBin_23	15.56768
snj09_SemiBin_103	30.10843
snj09_SemiBin_41	28.63543
snj09_SemiBin_81	13.995333
snj09_SemiBin_179	11.54507
snj09_SemiBin_85	6.3174596
snj09_SemiBin_200	18.138123
snj09_SemiBin_80	59.98227
snj09_SemiBin_110	9.010129
snj09_SemiBin_60	43.084156
snj09_SemiBin_31	26.848381
snj09_SemiBin_99	18.08319
snj09_SemiBin_121	13.511143
snj09_SemiBin_86	42.053936
snj09_SemiBin_140	71.57293
snj09_SemiBin_108	15.325311
snj09_SemiBin_19	21.243597
snj09_SemiBin_46	86.86034
snj09_SemiBin_241	11.806156
snj09_SemiBin_164	30.399195
snj09_SemiBin_89	18.400831
snj09_SemiBin_138	25.832209
snj09_SemiBin_7	52.47242
snj09_SemiBin_212	18.510513
snj09_SemiBin_91	35.939674
snj09_SemiBin_48	10.453107
snj09_SemiBin_106	15.447304
snj09_SemiBin_22	61.71069
snj09_SemiBin_3	22.84787
snj09_SemiBin_56	16.505453
snj09_SemiBin_112	38.11737
snj09_SemiBin_816	41.291195
snj09_SemiBin_770	29.422129
snj09_SemiBin_95	11.009804
snj09_SemiBin_259	21.101479
snj09_SemiBin_115	39.19293
snj09_SemiBin_21	20.476646
snj09_SemiBin_74	11.757009
snj09_SemiBin_62	42.043026
snj09_SemiBin_181	25.140097
snj09_SemiBin_169	18.09009
snj09_SemiBin_59	20.80752
snj09_SemiBin_27	18.014662
snj09_SemiBin_88	12.13061
snj09_SemiBin_114	25.142113
snj09_SemiBin_1041	35.71858
snj09_SemiBin_16	10.295835
snj09_SemiBin_117	17.075268
snj09_SemiBin_205	20.942873
snj10_Genome	snj10_ont_trim_filter_500_porechop.fastq Mean
snj10_SemiBin_34	36.349087
snj10_SemiBin_96	16.41423
snj10_SemiBin_77	19.766666
snj10_SemiBin_253	62.58535
snj10_SemiBin_1730	33.5076
snj10_SemiBin_13	45.13664
snj10_SemiBin_214	26.875315
snj10_SemiBin_5	22.481321
snj10_SemiBin_15	50.176075
snj10_SemiBin_6	66.17381
snj10_SemiBin_119	23.368809
snj10_SemiBin_10	57.67258
snj10_SemiBin_75	14.225087
snj10_SemiBin_51	46.719078
snj10_SemiBin_57	53.910557
snj10_SemiBin_54	65.19002
snj10_SemiBin_43	63.392456
snj10_SemiBin_0	36.96277
snj10_SemiBin_4	45.706165
snj10_SemiBin_155	27.951765
snj10_SemiBin_45	51.760735
snj10_SemiBin_70	12.016153
snj10_SemiBin_44	10.588437
snj10_SemiBin_298	14.203635
snj10_SemiBin_47	40.030163
snj10_SemiBin_50	47.283707
snj10_SemiBin_11	20.87046
snj10_SemiBin_36	19.250227
snj10_SemiBin_53	30.480255
snj10_SemiBin_20	28.237919
snj10_SemiBin_98	19.49455
snj10_SemiBin_35	11.238845
snj10_SemiBin_69	20.678446
snj10_SemiBin_66	31.786444
snj10_SemiBin_17	29.528885
snj10_SemiBin_52	37.997307
snj10_SemiBin_8	19.62254
snj10_SemiBin_67	36.15872
snj10_SemiBin_28	15.000773
snj10_SemiBin_154	37.01233
snj10_SemiBin_9	40.31115
snj10_SemiBin_38	13.035165
snj10_SemiBin_93	12.344525
snj10_SemiBin_63	122.939445
snj10_SemiBin_29	87.67712
snj10_SemiBin_18	62.299576
snj10_SemiBin_100	36.288162
snj10_SemiBin_42	37.227535
snj10_SemiBin_163	36.27364
snj10_SemiBin_61	16.731987
snj10_SemiBin_55	70.13945
snj10_SemiBin_30	51.662323
snj10_SemiBin_165	16.625061
snj10_SemiBin_1	49.702133
snj10_SemiBin_71	24.108429
snj10_SemiBin_26	58.021065
snj10_SemiBin_65	12.60577
snj10_SemiBin_40	25.719093
snj10_SemiBin_76	14.134061
snj10_SemiBin_49	79.82948
snj10_SemiBin_97	17.355556
snj10_SemiBin_58	33.010136
snj10_SemiBin_450	6.339705
snj10_SemiBin_219	21.92946
snj10_SemiBin_2	22.291065
snj10_SemiBin_37	33.449963
snj10_SemiBin_73	85.53005
snj10_SemiBin_25	31.779716
snj10_SemiBin_12	25.126753
snj10_SemiBin_1812	42.93153
snj10_SemiBin_23	47.724693
snj10_SemiBin_103	10.02663
snj10_SemiBin_156	23.227688
snj10_SemiBin_118	37.68428
snj10_SemiBin_41	14.932589
snj10_SemiBin_80	16.262993
snj10_SemiBin_60	38.954094
snj10_SemiBin_31	41.747944
snj10_SemiBin_99	130.36906
snj10_SemiBin_108	18.489891
snj10_SemiBin_19	18.812994
snj10_SemiBin_46	126.05111
snj10_SemiBin_172	31.369034
snj10_SemiBin_1731	21.334497
snj10_SemiBin_7	30.557117
snj10_SemiBin_91	36.594906
snj10_SemiBin_48	14.865144
snj10_SemiBin_22	12.764574
snj10_SemiBin_3	13.20421
snj10_SemiBin_56	18.292484
snj10_SemiBin_21	51.818604
snj10_SemiBin_62	12.498029
snj10_SemiBin_169	24.000156
snj10_SemiBin_59	13.012831
snj10_SemiBin_27	17.813353
snj10_SemiBin_88	17.46411
snj10_SemiBin_114	43.213295
snj10_SemiBin_16	37.94413
snj11_Genome	snj11_ont_trim_filter_500_porechop.fastq Mean
snj11_SemiBin_159	48.61053
snj11_SemiBin_34	23.440126
snj11_SemiBin_96	37.39482
snj11_SemiBin_149	8.9316
snj11_SemiBin_184	14.132763
snj11_SemiBin_193	21.99689
snj11_SemiBin_77	23.694393
snj11_SemiBin_195	53.54073
snj11_SemiBin_13	45.275616
snj11_SemiBin_82	11.244384
snj11_SemiBin_127	15.4059515
snj11_SemiBin_214	33.080708
snj11_SemiBin_5	25.26944
snj11_SemiBin_104	13.836372
snj11_SemiBin_15	12.597356
snj11_SemiBin_6	23.450369
snj11_SemiBin_119	32.89189
snj11_SemiBin_235	12.009052
snj11_SemiBin_10	29.810953
snj11_SemiBin_101	26.774597
snj11_SemiBin_75	24.321484
snj11_SemiBin_51	75.4013
snj11_SemiBin_33	16.234634
snj11_SemiBin_151	31.068169
snj11_SemiBin_187	19.896458
snj11_SemiBin_157	44.81562
snj11_SemiBin_116	63.137398
snj11_SemiBin_207	20.387177
snj11_SemiBin_57	28.86911
snj11_SemiBin_54	9.864096
snj11_SemiBin_14	52.115677
snj11_SemiBin_43	27.032713
snj11_SemiBin_113	10.689206
snj11_SemiBin_125	51.187923
snj11_SemiBin_105	31.101759
snj11_SemiBin_296	26.649242
snj11_SemiBin_0	40.88799
snj11_SemiBin_4	41.393196
snj11_SemiBin_389	35.994305
snj11_SemiBin_593	29.857615
snj11_SemiBin_45	18.796602
snj11_SemiBin_2095	50.2978
snj11_SemiBin_346	23.703512
snj11_SemiBin_87	19.999277
snj11_SemiBin_189	11.945251
snj11_SemiBin_70	22.68838
snj11_SemiBin_44	28.135586
snj11_SemiBin_47	8.2993145
snj11_SemiBin_50	20.270578
snj11_SemiBin_11	36.729095
snj11_SemiBin_136	21.274385
snj11_SemiBin_36	32.657738
snj11_SemiBin_162	24.711315
snj11_SemiBin_84	43.14946
snj11_SemiBin_53	43.549072
snj11_SemiBin_20	60.79258
snj11_SemiBin_64	32.315994
snj11_SemiBin_98	36.95133
snj11_SemiBin_94	14.598336
snj11_SemiBin_185	40.45811
snj11_SemiBin_90	35.822906
snj11_SemiBin_109	30.441116
snj11_SemiBin_107	23.774822
snj11_SemiBin_92	35.159946
snj11_SemiBin_35	39.72624
snj11_SemiBin_69	17.599949
snj11_SemiBin_190	15.6000805
snj11_SemiBin_255	29.195541
snj11_SemiBin_449	11.46216
snj11_SemiBin_66	26.13809
snj11_SemiBin_319	41.37536
snj11_SemiBin_17	26.93363
snj11_SemiBin_52	13.115815
snj11_SemiBin_8	27.378824
snj11_SemiBin_126	26.091156
snj11_SemiBin_67	10.592521
snj11_SemiBin_28	31.314886
snj11_SemiBin_278	15.8789625
snj11_SemiBin_9	28.306293
snj11_SemiBin_38	21.653633
snj11_SemiBin_145	24.922033
snj11_SemiBin_249	13.03223
snj11_SemiBin_72	32.291405
snj11_SemiBin_102	22.805422
snj11_SemiBin_63	33.42236
snj11_SemiBin_29	11.794773
snj11_SemiBin_18	28.134844
snj11_SemiBin_32	20.809021
snj11_SemiBin_100	32.381893
snj11_SemiBin_830	40.86432
snj11_SemiBin_42	26.286802
snj11_SemiBin_2054	10.741015
snj11_SemiBin_61	14.3690815
snj11_SemiBin_130	38.539547
snj11_SemiBin_160	22.245697
snj11_SemiBin_55	41.109776
snj11_SemiBin_133	46.249367
snj11_SemiBin_132	93.93111
snj11_SemiBin_83	22.903889
snj11_SemiBin_232	43.363518
snj11_SemiBin_30	41.898132
snj11_SemiBin_165	22.832582
snj11_SemiBin_1	12.151953
snj11_SemiBin_78	23.08932
snj11_SemiBin_71	33.09427
snj11_SemiBin_266	12.949299
snj11_SemiBin_26	19.534658
snj11_SemiBin_343	37.844326
snj11_SemiBin_111	14.11341
snj11_SemiBin_65	13.523128
snj11_SemiBin_40	12.994815
snj11_SemiBin_76	10.440779
snj11_SemiBin_49	16.461838
snj11_SemiBin_39	46.353657
snj11_SemiBin_68	53.962246
snj11_SemiBin_97	20.904219
snj11_SemiBin_58	6.9430423
snj11_SemiBin_2	32.842533
snj11_SemiBin_141	54.373135
snj11_SemiBin_37	47.98806
snj11_SemiBin_25	55.241283
snj11_SemiBin_158	46.451553
snj11_SemiBin_12	35.403534
snj11_SemiBin_128	31.57852
snj11_SemiBin_134	8.597711
snj11_SemiBin_186	15.094954
snj11_SemiBin_120	19.157534
snj11_SemiBin_23	15.087856
snj11_SemiBin_103	26.551659
snj11_SemiBin_41	13.536829
snj11_SemiBin_81	46.410156
snj11_SemiBin_85	53.561516
snj11_SemiBin_110	11.966934
snj11_SemiBin_60	14.227482
snj11_SemiBin_31	33.907356
snj11_SemiBin_99	25.58822
snj11_SemiBin_121	20.482674
snj11_SemiBin_86	11.404117
snj11_SemiBin_140	23.991005
snj11_SemiBin_108	32.82299
snj11_SemiBin_19	16.944736
snj11_SemiBin_46	43.425407
snj11_SemiBin_148	33.906353
snj11_SemiBin_1057	18.56776
snj11_SemiBin_276	34.052254
snj11_SemiBin_79	21.098848
snj11_SemiBin_89	28.921976
snj11_SemiBin_172	28.610765
snj11_SemiBin_138	22.548986
snj11_SemiBin_7	82.58227
snj11_SemiBin_212	13.405483
snj11_SemiBin_91	18.763805
snj11_SemiBin_106	62.60174
snj11_SemiBin_622	31.313374
snj11_SemiBin_22	9.365905
snj11_SemiBin_3	38.573772
snj11_SemiBin_56	13.708075
snj11_SemiBin_112	30.335783
snj11_SemiBin_95	20.544632
snj11_SemiBin_146	19.765295
snj11_SemiBin_21	9.990479
snj11_SemiBin_74	22.651733
snj11_SemiBin_62	11.535786
snj11_SemiBin_59	42.031372
snj11_SemiBin_792	29.999086
snj11_SemiBin_27	48.34568
snj11_SemiBin_2162	53.02221
snj11_SemiBin_24	24.889725
snj11_SemiBin_16	17.69219
snj11_SemiBin_117	11.448602
snj13_Genome	snj13_ont_trim_filter_500_porechop.fastq Mean
snj13_SemiBin_34	16.54568
snj13_SemiBin_96	13.977565
snj13_SemiBin_611	26.356445
snj13_SemiBin_2093	13.433808
snj13_SemiBin_1337	43.445316
snj13_SemiBin_195	29.705273
snj13_SemiBin_13	36.92985
snj13_SemiBin_82	30.3719
snj13_SemiBin_5	61.236794
snj13_SemiBin_308	23.648914
snj13_SemiBin_15	41.42561
snj13_SemiBin_6	54.243134
snj13_SemiBin_199	23.24142
snj13_SemiBin_10	7.9048715
snj13_SemiBin_75	27.45708
snj13_SemiBin_51	83.454185
snj13_SemiBin_217	60.796825
snj13_SemiBin_33	47.146656
snj13_SemiBin_207	25.488266
snj13_SemiBin_14	11.229175
snj13_SemiBin_43	28.771494
snj13_SemiBin_0	106.49179
snj13_SemiBin_4	34.978638
snj13_SemiBin_45	45.606895
snj13_SemiBin_87	19.245234
snj13_SemiBin_70	47.77431
snj13_SemiBin_44	36.66756
snj13_SemiBin_412	34.09439
snj13_SemiBin_50	11.776854
snj13_SemiBin_11	19.231485
snj13_SemiBin_136	39.9469
snj13_SemiBin_180	63.45971
snj13_SemiBin_36	46.085697
snj13_SemiBin_84	42.364315
snj13_SemiBin_53	23.340942
snj13_SemiBin_20	24.244656
snj13_SemiBin_64	25.001467
snj13_SemiBin_98	102.05019
snj13_SemiBin_139	60.818417
snj13_SemiBin_94	70.03035
snj13_SemiBin_107	18.532768
snj13_SemiBin_92	12.101221
snj13_SemiBin_35	59.553486
snj13_SemiBin_69	14.606262
snj13_SemiBin_66	37.114426
snj13_SemiBin_17	28.056877
snj13_SemiBin_52	23.149918
snj13_SemiBin_8	48.71978
snj13_SemiBin_67	42.421547
snj13_SemiBin_28	43.77797
snj13_SemiBin_9	53.88006
snj13_SemiBin_38	22.709139
snj13_SemiBin_145	54.790894
snj13_SemiBin_72	35.64369
snj13_SemiBin_102	22.739279
snj13_SemiBin_63	21.944534
snj13_SemiBin_29	27.81449
snj13_SemiBin_18	16.13122
snj13_SemiBin_32	40.00989
snj13_SemiBin_42	79.68207
snj13_SemiBin_61	35.62989
snj13_SemiBin_55	63.79861
snj13_SemiBin_30	23.549957
snj13_SemiBin_317	67.259445
snj13_SemiBin_1	43.65709
snj13_SemiBin_78	31.0236
snj13_SemiBin_71	32.81993
snj13_SemiBin_537	74.13896
snj13_SemiBin_143	12.494315
snj13_SemiBin_129	46.303555
snj13_SemiBin_65	73.38698
snj13_SemiBin_40	68.073875
snj13_SemiBin_76	6.5205183
snj13_SemiBin_49	10.754322
snj13_SemiBin_39	50.698925
snj13_SemiBin_68	27.038841
snj13_SemiBin_150	48.37323
snj13_SemiBin_97	35.011353
snj13_SemiBin_58	28.547606
snj13_SemiBin_2	47.783466
snj13_SemiBin_37	35.609795
snj13_SemiBin_25	10.900746
snj13_SemiBin_12	80.02609
snj13_SemiBin_186	17.888912
snj13_SemiBin_23	37.831127
snj13_SemiBin_191	32.329235
snj13_SemiBin_41	10.881785
snj13_SemiBin_85	5.7204156
snj13_SemiBin_80	13.096623
snj13_SemiBin_110	18.338932
snj13_SemiBin_147	13.629252
snj13_SemiBin_60	16.354082
snj13_SemiBin_31	45.335785
snj13_SemiBin_99	44.40368
snj13_SemiBin_140	22.60213
snj13_SemiBin_108	27.36454
snj13_SemiBin_19	9.580006
snj13_SemiBin_46	8.918087
snj13_SemiBin_148	92.1935
snj13_SemiBin_244	77.499435
snj13_SemiBin_89	28.009083
snj13_SemiBin_138	22.874973
snj13_SemiBin_7	34.951305
snj13_SemiBin_91	20.273003
snj13_SemiBin_48	19.413359
snj13_SemiBin_106	16.652384
snj13_SemiBin_142	42.864426
snj13_SemiBin_22	27.887573
snj13_SemiBin_3	25.93083
snj13_SemiBin_56	40.432434
snj13_SemiBin_95	13.288371
snj13_SemiBin_21	31.70135
snj13_SemiBin_74	37.035213
snj13_SemiBin_62	11.950426
snj13_SemiBin_27	11.925197
snj13_SemiBin_188	21.67855
snj13_SemiBin_88	21.135923
snj13_SemiBin_114	5.7662344
snj13_SemiBin_24	15.734072
snj13_SemiBin_16	21.00482
snj14_Genome	snj14_ont_trim_filter_500_porechop.fastq Mean
snj14_SemiBin_34	28.656317
snj14_SemiBin_96	9.392823
snj14_SemiBin_149	15.659763
snj14_SemiBin_77	25.703749
snj14_SemiBin_13	65.317825
snj14_SemiBin_175	25.728928
snj14_SemiBin_82	37.288425
snj14_SemiBin_127	23.250576
snj14_SemiBin_5	20.22232
snj14_SemiBin_104	42.66722
snj14_SemiBin_15	12.252274
snj14_SemiBin_6	46.048508
snj14_SemiBin_10	42.421257
snj14_SemiBin_51	45.371662
snj14_SemiBin_33	28.964197
snj14_SemiBin_116	35.132755
snj14_SemiBin_57	36.882877
snj14_SemiBin_54	19.449059
snj14_SemiBin_14	11.339558
snj14_SemiBin_43	17.683865
snj14_SemiBin_113	10.943736
snj14_SemiBin_211	135.19414
snj14_SemiBin_0	26.551935
snj14_SemiBin_4	40.20732
snj14_SemiBin_45	24.638317
snj14_SemiBin_153	62.18589
snj14_SemiBin_87	25.742184
snj14_SemiBin_1830	15.850082
snj14_SemiBin_70	21.033035
snj14_SemiBin_44	31.448166
snj14_SemiBin_50	14.631413
snj14_SemiBin_11	33.68241
snj14_SemiBin_220	53.691086
snj14_SemiBin_36	23.754303
snj14_SemiBin_124	30.08923
snj14_SemiBin_84	31.398563
snj14_SemiBin_53	6.8409615
snj14_SemiBin_20	67.57074
snj14_SemiBin_64	26.327362
snj14_SemiBin_94	23.404684
snj14_SemiBin_90	28.984821
snj14_SemiBin_109	40.380756
snj14_SemiBin_107	24.05887
snj14_SemiBin_92	58.716152
snj14_SemiBin_35	24.697361
snj14_SemiBin_69	46.54123
snj14_SemiBin_66	26.363234
snj14_SemiBin_17	89.117645
snj14_SemiBin_52	20.005054
snj14_SemiBin_28	29.564285
snj14_SemiBin_154	17.482117
snj14_SemiBin_9	20.52405
snj14_SemiBin_38	17.508709
snj14_SemiBin_72	15.397021
snj14_SemiBin_63	89.64864
snj14_SemiBin_29	20.091856
snj14_SemiBin_18	60.612812
snj14_SemiBin_32	13.308881
snj14_SemiBin_100	26.756275
snj14_SemiBin_42	14.248978
snj14_SemiBin_163	31.8939
snj14_SemiBin_61	43.55802
snj14_SemiBin_55	38.479042
snj14_SemiBin_83	8.648215
snj14_SemiBin_30	7.7296553
snj14_SemiBin_706	33.714005
snj14_SemiBin_1	12.860878
snj14_SemiBin_1834	38.772675
snj14_SemiBin_78	18.779877
snj14_SemiBin_71	18.497044
snj14_SemiBin_234	13.671522
snj14_SemiBin_327	28.117773
snj14_SemiBin_26	29.041317
snj14_SemiBin_173	18.42103
snj14_SemiBin_129	7.095259
snj14_SemiBin_65	37.872013
snj14_SemiBin_40	44.305885
snj14_SemiBin_76	18.835447
snj14_SemiBin_49	50.037968
snj14_SemiBin_39	37.230217
snj14_SemiBin_68	18.524002
snj14_SemiBin_97	38.87409
snj14_SemiBin_2	50.455597
snj14_SemiBin_37	32.70568
snj14_SemiBin_73	39.89251
snj14_SemiBin_25	82.63053
snj14_SemiBin_12	20.705143
snj14_SemiBin_128	69.22472
snj14_SemiBin_134	71.26888
snj14_SemiBin_23	12.878725
snj14_SemiBin_191	40.552357
snj14_SemiBin_118	14.900873
snj14_SemiBin_81	16.2645
snj14_SemiBin_85	18.693266
snj14_SemiBin_80	45.405746
snj14_SemiBin_60	24.601238
snj14_SemiBin_275	40.485153
snj14_SemiBin_31	12.736984
snj14_SemiBin_99	12.063392
snj14_SemiBin_108	41.323814
snj14_SemiBin_19	16.438663
snj14_SemiBin_329	16.631268
snj14_SemiBin_79	6.590537
snj14_SemiBin_89	41.521126
snj14_SemiBin_172	27.244974
snj14_SemiBin_138	19.911366
snj14_SemiBin_7	39.685596
snj14_SemiBin_91	43.796738
snj14_SemiBin_48	15.072396
snj14_SemiBin_106	22.696655
snj14_SemiBin_142	8.037221
snj14_SemiBin_22	111.0324
snj14_SemiBin_3	45.81557
snj14_SemiBin_56	39.140244
snj14_SemiBin_112	18.710423
snj14_SemiBin_95	16.320288
snj14_SemiBin_1756	26.031456
snj14_SemiBin_21	109.03871
snj14_SemiBin_74	12.733602
snj14_SemiBin_62	15.800801
snj14_SemiBin_59	28.661587
snj14_SemiBin_27	74.33286
snj14_SemiBin_88	48.585415
snj14_SemiBin_122	20.508968
snj14_SemiBin_114	10.1536045
snj14_SemiBin_24	29.646017
snj14_SemiBin_16	57.95202
snj15_Genome	snj15_ont_trim_filter_500_porechop.fastq Mean
snj15_SemiBin_34	41.778275
snj15_SemiBin_289	101.30289
snj15_SemiBin_77	33.322742
snj15_SemiBin_13	75.3388
snj15_SemiBin_699	36.28065
snj15_SemiBin_197	24.1468
snj15_SemiBin_5	44.013885
snj15_SemiBin_15	22.32453
snj15_SemiBin_6	49.141064
snj15_SemiBin_119	31.184776
snj15_SemiBin_10	65.800255
snj15_SemiBin_75	56.57745
snj15_SemiBin_51	45.62338
snj15_SemiBin_33	42.76394
snj15_SemiBin_54	34.85421
snj15_SemiBin_14	39.62062
snj15_SemiBin_43	24.16063
snj15_SemiBin_113	13.88165
snj15_SemiBin_0	49.95492
snj15_SemiBin_4	28.996208
snj15_SemiBin_45	52.679653
snj15_SemiBin_87	40.37029
snj15_SemiBin_939	39.12016
snj15_SemiBin_44	35.337006
snj15_SemiBin_47	22.149582
snj15_SemiBin_50	50.427765
snj15_SemiBin_11	55.702732
snj15_SemiBin_299	58.432194
snj15_SemiBin_36	40.02907
snj15_SemiBin_94	17.670288
snj15_SemiBin_109	48.76626
snj15_SemiBin_177	24.156357
snj15_SemiBin_69	60.377964
snj15_SemiBin_66	45.936687
snj15_SemiBin_52	16.59567
snj15_SemiBin_8	42.300335
snj15_SemiBin_67	16.198593
snj15_SemiBin_196	59.410595
snj15_SemiBin_28	18.756634
snj15_SemiBin_242	13.4930725
snj15_SemiBin_9	22.490086
snj15_SemiBin_38	7.2278686
snj15_SemiBin_72	74.14282
snj15_SemiBin_63	38.86781
snj15_SemiBin_29	23.405167
snj15_SemiBin_18	23.609768
snj15_SemiBin_32	34.709084
snj15_SemiBin_42	23.416363
snj15_SemiBin_61	9.499413
snj15_SemiBin_83	62.70253
snj15_SemiBin_30	34.536297
snj15_SemiBin_287	58.485348
snj15_SemiBin_165	48.130367
snj15_SemiBin_1	95.91132
snj15_SemiBin_78	31.829504
snj15_SemiBin_143	75.3193
snj15_SemiBin_26	22.064466
snj15_SemiBin_227	29.989687
snj15_SemiBin_65	31.735743
snj15_SemiBin_40	12.759357
snj15_SemiBin_49	48.210976
snj15_SemiBin_39	16.111353
snj15_SemiBin_58	29.370865
snj15_SemiBin_1046	16.392849
snj15_SemiBin_2	39.327515
snj15_SemiBin_141	48.59264
snj15_SemiBin_37	19.010332
snj15_SemiBin_73	21.976267
snj15_SemiBin_25	13.702721
snj15_SemiBin_12	60.470203
snj15_SemiBin_1165	42.940075
snj15_SemiBin_128	70.24433
snj15_SemiBin_41	12.311716
snj15_SemiBin_85	46.3836
snj15_SemiBin_80	25.286547
snj15_SemiBin_31	63.938725
snj15_SemiBin_99	7.8251734
snj15_SemiBin_86	23.16347
snj15_SemiBin_19	9.504075
snj15_SemiBin_79	35.726353
snj15_SemiBin_7	102.94318
snj15_SemiBin_254	32.83114
snj15_SemiBin_91	98.31231
snj15_SemiBin_48	49.787758
snj15_SemiBin_22	11.607788
snj15_SemiBin_3	65.019264
snj15_SemiBin_56	19.939096
snj15_SemiBin_21	41.466805
snj15_SemiBin_74	12.724203
snj15_SemiBin_62	31.780754
snj15_SemiBin_169	45.186028
snj15_SemiBin_59	72.24484
snj15_SemiBin_27	15.281332
snj15_SemiBin_122	34.420288
snj15_SemiBin_24	31.10796
snj15_SemiBin_16	38.896008
snj16_Genome	snj16_ont_trim_filter_500_porechop.fastq Mean
snj16_SemiBin_34	17.065987
snj16_SemiBin_96	15.106733
snj16_SemiBin_77	14.485286
snj16_SemiBin_13	45.854164
snj16_SemiBin_82	5.183893
snj16_SemiBin_5	71.27281
snj16_SemiBin_104	37.21081
snj16_SemiBin_15	29.817827
snj16_SemiBin_6	16.257826
snj16_SemiBin_235	34.420483
snj16_SemiBin_101	54.9371
snj16_SemiBin_75	18.146255
snj16_SemiBin_51	97.6971
snj16_SemiBin_33	50.283348
snj16_SemiBin_57	25.517262
snj16_SemiBin_54	100.76153
snj16_SemiBin_14	48.261955
snj16_SemiBin_0	31.968037
snj16_SemiBin_4	80.868935
snj16_SemiBin_45	8.177866
snj16_SemiBin_87	30.870472
snj16_SemiBin_44	38.65037
snj16_SemiBin_47	14.96883
snj16_SemiBin_50	33.5407
snj16_SemiBin_11	26.958294
snj16_SemiBin_36	11.233348
snj16_SemiBin_53	9.20247
snj16_SemiBin_20	37.526394
snj16_SemiBin_64	16.284077
snj16_SemiBin_1480	43.332775
snj16_SemiBin_107	17.848179
snj16_SemiBin_35	13.891975
snj16_SemiBin_69	19.331999
snj16_SemiBin_131	23.29583
snj16_SemiBin_66	16.713585
snj16_SemiBin_17	13.368373
snj16_SemiBin_8	13.89555
snj16_SemiBin_28	19.766163
snj16_SemiBin_38	6.351634
snj16_SemiBin_145	38.00587
snj16_SemiBin_93	30.29789
snj16_SemiBin_63	29.618376
snj16_SemiBin_29	32.068584
snj16_SemiBin_18	45.8078
snj16_SemiBin_32	30.12532
snj16_SemiBin_42	24.356441
snj16_SemiBin_61	51.19737
snj16_SemiBin_83	26.134508
snj16_SemiBin_30	23.142466
snj16_SemiBin_1	14.384541
snj16_SemiBin_71	14.2160845
snj16_SemiBin_26	12.939515
snj16_SemiBin_111	24.131893
snj16_SemiBin_65	32.066345
snj16_SemiBin_40	29.80585
snj16_SemiBin_76	127.16243
snj16_SemiBin_49	10.181655
snj16_SemiBin_475	31.296942
snj16_SemiBin_39	13.878028
snj16_SemiBin_58	9.731849
snj16_SemiBin_2	39.84061
snj16_SemiBin_37	27.028526
snj16_SemiBin_25	28.681665
snj16_SemiBin_120	9.66148
snj16_SemiBin_23	15.035377
snj16_SemiBin_41	10.511266
snj16_SemiBin_81	20.740957
snj16_SemiBin_60	20.611956
snj16_SemiBin_31	22.290907
snj16_SemiBin_19	13.701371
snj16_SemiBin_46	55.816307
snj16_SemiBin_79	7.406243
snj16_SemiBin_231	17.454733
snj16_SemiBin_170	33.18656
snj16_SemiBin_22	47.09215
snj16_SemiBin_3	26.365513
snj16_SemiBin_56	35.440857
snj16_SemiBin_112	63.806637
snj16_SemiBin_95	27.508932
snj16_SemiBin_146	30.748934
snj16_SemiBin_115	67.53011
snj16_SemiBin_21	15.957034
snj16_SemiBin_62	57.324593
snj16_SemiBin_59	34.354713
snj16_SemiBin_27	48.96566
snj16_SemiBin_88	31.152039
snj16_SemiBin_24	17.57788
snj16_SemiBin_16	47.638306
snj16_SemiBin_205	49.068687
snj19_Genome	snj19_ont_trim_filter_500_porechop.fastq Mean
snj19_SemiBin_159	16.480618
snj19_SemiBin_137	10.888534
snj19_SemiBin_34	11.419739
snj19_SemiBin_96	15.031796
snj19_SemiBin_224	24.751755
snj19_SemiBin_225	31.051327
snj19_SemiBin_184	17.64699
snj19_SemiBin_388	17.046444
snj19_SemiBin_77	15.568338
snj19_SemiBin_13	36.483173
snj19_SemiBin_82	10.880816
snj19_SemiBin_197	8.63984
snj19_SemiBin_5	43.52568
snj19_SemiBin_104	21.166796
snj19_SemiBin_15	61.61665
snj19_SemiBin_6	29.661808
snj19_SemiBin_119	56.039326
snj19_SemiBin_178	27.045559
snj19_SemiBin_10	62.844807
snj19_SemiBin_101	28.878965
snj19_SemiBin_51	37.76867
snj19_SemiBin_33	38.50087
snj19_SemiBin_151	25.658268
snj19_SemiBin_361	51.96092
snj19_SemiBin_116	25.585999
snj19_SemiBin_207	87.597885
snj19_SemiBin_57	19.19794
snj19_SemiBin_54	28.27409
snj19_SemiBin_14	41.90997
snj19_SemiBin_43	7.8196335
snj19_SemiBin_152	24.676777
snj19_SemiBin_1531	13.155877
snj19_SemiBin_113	45.464684
snj19_SemiBin_105	66.93051
snj19_SemiBin_0	20.193426
snj19_SemiBin_4	46.742794
snj19_SemiBin_155	23.402573
snj19_SemiBin_45	9.591039
snj19_SemiBin_87	43.621006
snj19_SemiBin_70	6.475011
snj19_SemiBin_44	27.078913
snj19_SemiBin_47	32.3677
snj19_SemiBin_50	20.09372
snj19_SemiBin_11	90.13746
snj19_SemiBin_36	36.75635
snj19_SemiBin_269	42.450073
snj19_SemiBin_84	12.337636
snj19_SemiBin_53	28.909353
snj19_SemiBin_20	12.856912
snj19_SemiBin_64	25.734196
snj19_SemiBin_98	45.227234
snj19_SemiBin_139	8.5651455
snj19_SemiBin_94	17.870064
snj19_SemiBin_90	26.335707
snj19_SemiBin_109	103.24954
snj19_SemiBin_92	45.61996
snj19_SemiBin_35	23.760738
snj19_SemiBin_69	71.939606
snj19_SemiBin_131	18.805151
snj19_SemiBin_167	11.817467
snj19_SemiBin_66	30.763195
snj19_SemiBin_17	30.532415
snj19_SemiBin_52	9.71615
snj19_SemiBin_8	58.192383
snj19_SemiBin_67	9.335851
snj19_SemiBin_28	19.812237
snj19_SemiBin_278	96.308914
snj19_SemiBin_9	57.158905
snj19_SemiBin_38	10.860823
snj19_SemiBin_72	13.311445
snj19_SemiBin_102	6.019689
snj19_SemiBin_93	6.578931
snj19_SemiBin_63	12.973904
snj19_SemiBin_29	34.42508
snj19_SemiBin_18	36.32171
snj19_SemiBin_32	10.505578
snj19_SemiBin_100	16.860529
snj19_SemiBin_42	15.479267
snj19_SemiBin_163	33.872467
snj19_SemiBin_61	23.894741
snj19_SemiBin_130	21.064959
snj19_SemiBin_55	28.192974
snj19_SemiBin_524	23.397562
snj19_SemiBin_132	28.314259
snj19_SemiBin_83	19.760792
snj19_SemiBin_1568	26.746975
snj19_SemiBin_30	25.654335
snj19_SemiBin_165	22.977207
snj19_SemiBin_1	29.81193
snj19_SemiBin_1534	16.929306
snj19_SemiBin_78	20.58927
snj19_SemiBin_71	19.752024
snj19_SemiBin_26	29.719547
snj19_SemiBin_227	27.167437
snj19_SemiBin_111	23.943207
snj19_SemiBin_65	53.68755
snj19_SemiBin_40	8.2827835
snj19_SemiBin_76	33.404026
snj19_SemiBin_49	47.563538
snj19_SemiBin_39	33.867912
snj19_SemiBin_68	41.42981
snj19_SemiBin_150	50.638145
snj19_SemiBin_97	21.644022
snj19_SemiBin_436	6.9879007
snj19_SemiBin_58	38.7184
snj19_SemiBin_678	52.984394
snj19_SemiBin_2	19.468508
snj19_SemiBin_37	39.457058
snj19_SemiBin_73	16.274813
snj19_SemiBin_25	24.879301
snj19_SemiBin_12	19.471968
snj19_SemiBin_23	60.862125
snj19_SemiBin_103	18.287674
snj19_SemiBin_118	13.539826
snj19_SemiBin_41	9.912997
snj19_SemiBin_81	15.17747
snj19_SemiBin_85	26.98383
snj19_SemiBin_80	37.362286
snj19_SemiBin_110	8.43111
snj19_SemiBin_60	28.661377
snj19_SemiBin_31	23.836246
snj19_SemiBin_99	11.06288
snj19_SemiBin_210	24.545343
snj19_SemiBin_121	12.1575
snj19_SemiBin_140	28.39067
snj19_SemiBin_108	12.206164
snj19_SemiBin_19	37.153706
snj19_SemiBin_46	8.241918
snj19_SemiBin_329	43.601265
snj19_SemiBin_89	33.422085
snj19_SemiBin_7	27.145622
snj19_SemiBin_254	22.239351
snj19_SemiBin_91	22.103693
snj19_SemiBin_48	82.7654
snj19_SemiBin_106	17.086224
snj19_SemiBin_22	33.28332
snj19_SemiBin_3	20.656006
snj19_SemiBin_56	20.784851
snj19_SemiBin_95	23.317717
snj19_SemiBin_115	7.8641505
snj19_SemiBin_261	33.92743
snj19_SemiBin_21	58.701145
snj19_SemiBin_74	32.048683
snj19_SemiBin_62	12.718328
snj19_SemiBin_59	73.71535
snj19_SemiBin_27	29.061573
snj19_SemiBin_188	52.875908
snj19_SemiBin_122	7.3937554
snj19_SemiBin_114	51.450974
snj19_SemiBin_24	47.887333
snj19_SemiBin_16	77.66313
snj19_SemiBin_117	18.871132
snj20_Genome	snj20_ont_trim_filter_500_porechop.fastq Mean
snj20_SemiBin_34	13.23493
snj20_SemiBin_96	75.48237
snj20_SemiBin_77	22.963297
snj20_SemiBin_1699	27.4998
snj20_SemiBin_13	34.295177
snj20_SemiBin_82	46.35491
snj20_SemiBin_214	11.947176
snj20_SemiBin_5	15.378662
snj20_SemiBin_333	37.308548
snj20_SemiBin_104	25.122429
snj20_SemiBin_15	22.140171
snj20_SemiBin_6	9.277948
snj20_SemiBin_183	33.988464
snj20_SemiBin_235	48.84849
snj20_SemiBin_178	19.28703
snj20_SemiBin_10	37.93578
snj20_SemiBin_51	15.864648
snj20_SemiBin_217	42.23222
snj20_SemiBin_233	17.362963
snj20_SemiBin_891	24.498064
snj20_SemiBin_57	97.157845
snj20_SemiBin_54	32.914227
snj20_SemiBin_14	12.746276
snj20_SemiBin_43	14.289866
snj20_SemiBin_105	30.975977
snj20_SemiBin_0	97.80058
snj20_SemiBin_4	14.5297575
snj20_SemiBin_155	29.139719
snj20_SemiBin_45	18.956104
snj20_SemiBin_360	47.57736
snj20_SemiBin_44	27.486135
snj20_SemiBin_47	11.292728
snj20_SemiBin_50	21.924435
snj20_SemiBin_11	18.774405
snj20_SemiBin_136	27.718945
snj20_SemiBin_220	37.94363
snj20_SemiBin_194	48.651703
snj20_SemiBin_36	36.66789
snj20_SemiBin_203	35.081203
snj20_SemiBin_162	79.17248
snj20_SemiBin_84	19.671942
snj20_SemiBin_53	11.975564
snj20_SemiBin_20	20.504217
snj20_SemiBin_64	21.538279
snj20_SemiBin_326	20.666172
snj20_SemiBin_94	5.95654
snj20_SemiBin_109	49.89412
snj20_SemiBin_107	15.22376
snj20_SemiBin_92	63.31636
snj20_SemiBin_35	21.723597
snj20_SemiBin_69	17.31401
snj20_SemiBin_66	8.543451
snj20_SemiBin_17	129.30006
snj20_SemiBin_52	72.84481
snj20_SemiBin_8	54.30209
snj20_SemiBin_67	49.03316
snj20_SemiBin_28	15.43591
snj20_SemiBin_154	46.909073
snj20_SemiBin_559	37.147503
snj20_SemiBin_9	6.7166214
snj20_SemiBin_38	22.4561
snj20_SemiBin_274	72.39775
snj20_SemiBin_29	41.145374
snj20_SemiBin_18	50.61577
snj20_SemiBin_32	38.90077
snj20_SemiBin_100	24.132544
snj20_SemiBin_42	19.85687
snj20_SemiBin_400	16.13172
snj20_SemiBin_61	43.413437
snj20_SemiBin_55	14.673963
snj20_SemiBin_30	68.28023
snj20_SemiBin_1	28.67272
snj20_SemiBin_262	64.87472
snj20_SemiBin_78	34.627094
snj20_SemiBin_71	20.05244
snj20_SemiBin_143	67.161156
snj20_SemiBin_266	23.212198
snj20_SemiBin_26	14.7254305
snj20_SemiBin_173	24.760603
snj20_SemiBin_111	35.12323
snj20_SemiBin_65	34.72695
snj20_SemiBin_40	35.923748
snj20_SemiBin_76	76.83377
snj20_SemiBin_49	15.5819
snj20_SemiBin_39	23.75339
snj20_SemiBin_68	10.120926
snj20_SemiBin_97	99.18294
snj20_SemiBin_58	41.595436
snj20_SemiBin_219	15.364517
snj20_SemiBin_2	38.51297
snj20_SemiBin_141	71.1402
snj20_SemiBin_37	13.471328
snj20_SemiBin_73	60.50429
snj20_SemiBin_334	23.175644
snj20_SemiBin_25	19.977303
snj20_SemiBin_123	47.697346
snj20_SemiBin_12	42.128555
snj20_SemiBin_186	86.924255
snj20_SemiBin_23	40.22005
snj20_SemiBin_103	40.189304
snj20_SemiBin_41	13.900042
snj20_SemiBin_85	25.412603
snj20_SemiBin_80	23.934328
snj20_SemiBin_110	57.43389
snj20_SemiBin_60	25.47257
snj20_SemiBin_31	21.502422
snj20_SemiBin_121	49.522682
snj20_SemiBin_86	53.133835
snj20_SemiBin_108	26.26179
snj20_SemiBin_19	64.79905
snj20_SemiBin_46	42.80256
snj20_SemiBin_963	30.661114
snj20_SemiBin_148	45.70175
snj20_SemiBin_172	111.582184
snj20_SemiBin_231	39.346394
snj20_SemiBin_138	78.7881
snj20_SemiBin_607	27.95468
snj20_SemiBin_7	37.128517
snj20_SemiBin_170	36.37849
snj20_SemiBin_212	45.730793
snj20_SemiBin_48	12.668676
snj20_SemiBin_106	8.641106
snj20_SemiBin_22	13.932542
snj20_SemiBin_3	26.948324
snj20_SemiBin_56	18.563118
snj20_SemiBin_1696	19.295294
snj20_SemiBin_95	88.22817
snj20_SemiBin_115	15.627137
snj20_SemiBin_21	12.6184025
snj20_SemiBin_74	34.042557
snj20_SemiBin_62	19.891222
snj20_SemiBin_169	27.305696
snj20_SemiBin_59	5.489571
snj20_SemiBin_27	44.15666
snj20_SemiBin_88	12.479121
snj20_SemiBin_122	13.325371
snj20_SemiBin_24	18.7069
snj20_SemiBin_16	38.419067
