Record	GBK	Record_Type	Record_Number	CC	Family
sample6_SemiBin_15.fa.gz_k141_5266614.region001.gbk_region_1	sample6_SemiBin_15.fa.gz_k141_5266614.region001	region	1	1	FAM_00001
sample15_SemiBin_86.fa.gz_k141_521985.region001.gbk_region_1	sample15_SemiBin_86.fa.gz_k141_521985.region001	region	1	1	FAM_00001
cpsnj03_SemiBin_22.fa.gz_k141_603896.region001.gbk_region_1	cpsnj03_SemiBin_22.fa.gz_k141_603896.region001	region	1	1	FAM_00001
snj19_SemiBin_166.fa.gz_k141_2033851.region001.gbk_region_1	snj19_SemiBin_166.fa.gz_k141_2033851.region001	region	1	1	FAM_00001
sample7_SemiBin_67.fa.gz_k141_3524610.region001.gbk_region_1	sample7_SemiBin_67.fa.gz_k141_3524610.region001	region	1	1	FAM_00001
sample16_SemiBin_56.fa.gz_k141_5090270.region001.gbk_region_1	sample16_SemiBin_56.fa.gz_k141_5090270.region001	region	1	1	FAM_00001
sample21_SemiBin_17.fa.gz_k141_3185799.region001.gbk_region_1	sample21_SemiBin_17.fa.gz_k141_3185799.region001	region	1	1	FAM_00001
sample22_SemiBin_26.fa.gz_k141_4510291.region001.gbk_region_1	sample22_SemiBin_26.fa.gz_k141_4510291.region001	region	1	1	FAM_00001
sample3_SemiBin_27.fa.gz_k141_2426860.region001.gbk_region_1	sample3_SemiBin_27.fa.gz_k141_2426860.region001	region	1	1	FAM_00001
sample20_SemiBin_12.fa.gz_k141_1509136.region001.gbk_region_1	sample20_SemiBin_12.fa.gz_k141_1509136.region001	region	1	1	FAM_00001
sample8_SemiBin_16.fa.gz_k141_154276.region001.gbk_region_1	sample8_SemiBin_16.fa.gz_k141_154276.region001	region	1	1	FAM_00001
sample4_SemiBin_32.fa.gz_k141_2485514.region001.gbk_region_1	sample4_SemiBin_32.fa.gz_k141_2485514.region001	region	1	1	FAM_00001
cpsnj19_SemiBin_57.fa.gz_k141_238513.region001.gbk_region_1	cpsnj19_SemiBin_57.fa.gz_k141_238513.region001	region	1	1	FAM_00001
sample9_SemiBin_34.fa.gz_k141_4094039.region001.gbk_region_1	sample9_SemiBin_34.fa.gz_k141_4094039.region001	region	1	1	FAM_00001
snj13_SemiBin_16.fa.gz_k141_1955653.region001.gbk_region_1	snj13_SemiBin_16.fa.gz_k141_1955653.region001	region	1	1	FAM_00001
snj03_SemiBin_173.fa.gz_k141_2629255.region001.gbk_region_1	snj03_SemiBin_173.fa.gz_k141_2629255.region001	region	1	1	FAM_00001
snj08_SemiBin_65.fa.gz_k141_151851.region001.gbk_region_1	snj08_SemiBin_65.fa.gz_k141_151851.region001	region	1	1	FAM_00001
cpsnj14_SemiBin_34.fa.gz_k141_2901491.region001.gbk_region_1	cpsnj14_SemiBin_34.fa.gz_k141_2901491.region001	region	1	1	FAM_00002
snj09_SemiBin_65.fa.gz_k141_909872.region001.gbk_region_1	snj09_SemiBin_65.fa.gz_k141_909872.region001	region	1	1	FAM_00002
cpsnj03_SemiBin_22.fa.gz_k141_2533162.region001.gbk_region_1	cpsnj03_SemiBin_22.fa.gz_k141_2533162.region001	region	1	1	FAM_00002
cpsnj10_SemiBin_93.fa.gz_k141_4363815.region001.gbk_region_1	cpsnj10_SemiBin_93.fa.gz_k141_4363815.region001	region	1	1	FAM_00002
cpsnj09_SemiBin_13.fa.gz_k141_2668382.region001.gbk_region_1	cpsnj09_SemiBin_13.fa.gz_k141_2668382.region001	region	1	1	FAM_00002
cpsnj13_SemiBin_142.fa.gz_k141_2937006.region001.gbk_region_1	cpsnj13_SemiBin_142.fa.gz_k141_2937006.region001	region	1	1	FAM_00002
snj15_SemiBin_23.fa.gz_k141_1168297.region001.gbk_region_1	snj15_SemiBin_23.fa.gz_k141_1168297.region001	region	1	1	FAM_00003
sample2_SemiBin_10.fa.gz_k141_146466.region001.gbk_region_1	sample2_SemiBin_10.fa.gz_k141_146466.region001	region	1	1	FAM_00003
sample5_SemiBin_7.fa.gz_k141_1475833.region001.gbk_region_1	sample5_SemiBin_7.fa.gz_k141_1475833.region001	region	1	1	FAM_00003
sample26_SemiBin_130.fa.gz_k141_4406179.region001.gbk_region_1	sample26_SemiBin_130.fa.gz_k141_4406179.region001	region	1	1	FAM_00003
sample28_SemiBin_63.fa.gz_k141_3604829.region001.gbk_region_1	sample28_SemiBin_63.fa.gz_k141_3604829.region001	region	1	1	FAM_00003
sample15_SemiBin_8.fa.gz_k141_5468528.region001.gbk_region_1	sample15_SemiBin_8.fa.gz_k141_5468528.region001	region	1	1	FAM_00004
sample18_SemiBin_6.fa.gz_k141_2668803.region001.gbk_region_1	sample18_SemiBin_6.fa.gz_k141_2668803.region001	region	1	1	FAM_00004
sample13_SemiBin_99.fa.gz_k141_1009577.region001.gbk_region_1	sample13_SemiBin_99.fa.gz_k141_1009577.region001	region	1	1	FAM_00004
sample14_SemiBin_19.fa.gz_k141_4514849.region001.gbk_region_1	sample14_SemiBin_19.fa.gz_k141_4514849.region001	region	1	1	FAM_00004
sample10_SemiBin_64.fa.gz_k141_3548683.region001.gbk_region_1	sample10_SemiBin_64.fa.gz_k141_3548683.region001	region	1	1	FAM_00004
sample15_SemiBin_9.fa.gz_k141_3204830.region001.gbk_region_1	sample15_SemiBin_9.fa.gz_k141_3204830.region001	region	1	1	FAM_00005
sample22_SemiBin_7.fa.gz_k141_5946538.region001.gbk_region_1	sample22_SemiBin_7.fa.gz_k141_5946538.region001	region	1	1	FAM_00005
sample1_SemiBin_110.fa.gz_k141_2538299.region001.gbk_region_1	sample1_SemiBin_110.fa.gz_k141_2538299.region001	region	1	1	FAM_00005
sample7_SemiBin_38.fa.gz_k141_1435644.region001.gbk_region_1	sample7_SemiBin_38.fa.gz_k141_1435644.region001	region	1	1	FAM_00005
cpsnj10_SemiBin_32.fa.gz_k141_3378457.region001.gbk_region_1	cpsnj10_SemiBin_32.fa.gz_k141_3378457.region001	region	1	1	FAM_00005
sample5_SemiBin_88.fa.gz_k141_1555354.region001.gbk_region_1	sample5_SemiBin_88.fa.gz_k141_1555354.region001	region	1	1	FAM_00006
sample7_SemiBin_37.fa.gz_k141_405152.region001.gbk_region_1	sample7_SemiBin_37.fa.gz_k141_405152.region001	region	1	1	FAM_00006
sample7_SemiBin_37.fa.gz_k141_4689885.region001.gbk_region_1	sample7_SemiBin_37.fa.gz_k141_4689885.region001	region	1	1	FAM_00006
sample9_SemiBin_20.fa.gz_k141_2537039.region001.gbk_region_1	sample9_SemiBin_20.fa.gz_k141_2537039.region001	region	1	1	FAM_00006
snj20_SemiBin_22.fa.gz_k141_786850.region001.gbk_region_1	snj20_SemiBin_22.fa.gz_k141_786850.region001	region	1	5	FAM_00007
sample7_SemiBin_29.fa.gz_k141_4058672.region001.gbk_region_1	sample7_SemiBin_29.fa.gz_k141_4058672.region001	region	1	5	FAM_00007
sample29_SemiBin_47.fa.gz_k141_3505506.region001.gbk_region_1	sample29_SemiBin_47.fa.gz_k141_3505506.region001	region	1	5	FAM_00007
snj20_SemiBin_22.fa.gz_k141_1952308.region001.gbk_region_1	snj20_SemiBin_22.fa.gz_k141_1952308.region001	region	1	5	FAM_00008
cpsnj01_SemiBin_25.fa.gz_k141_3063699.region001.gbk_region_1	cpsnj01_SemiBin_25.fa.gz_k141_3063699.region001	region	1	5	FAM_00008
snj10_SemiBin_31.fa.gz_k141_1515859.region001.gbk_region_1	snj10_SemiBin_31.fa.gz_k141_1515859.region001	region	1	5	FAM_00008
snj20_SemiBin_40.fa.gz_k141_1042970.region001.gbk_region_1	snj20_SemiBin_40.fa.gz_k141_1042970.region001	region	1	5	FAM_00008
snj01_SemiBin_39.fa.gz_k141_164556.region001.gbk_region_1	snj01_SemiBin_39.fa.gz_k141_164556.region001	region	1	5	FAM_00008
snj19_SemiBin_13.fa.gz_k141_738879.region001.gbk_region_1	snj19_SemiBin_13.fa.gz_k141_738879.region001	region	1	5	FAM_00008
snj09_SemiBin_112.fa.gz_k141_2182819.region001.gbk_region_1	snj09_SemiBin_112.fa.gz_k141_2182819.region001	region	1	5	FAM_00008
cpsnj19_SemiBin_13.fa.gz_k141_76611.region001.gbk_region_1	cpsnj19_SemiBin_13.fa.gz_k141_76611.region001	region	1	5	FAM_00008
sample19_SemiBin_66.fa.gz_k141_1759691.region001.gbk_region_1	sample19_SemiBin_66.fa.gz_k141_1759691.region001	region	1	5	FAM_00009
sample16_SemiBin_65.fa.gz_k141_1982234.region001.gbk_region_1	sample16_SemiBin_65.fa.gz_k141_1982234.region001	region	1	5	FAM_00009
sample8_SemiBin_40.fa.gz_k141_829619.region001.gbk_region_1	sample8_SemiBin_40.fa.gz_k141_829619.region001	region	1	5	FAM_00009
sample17_SemiBin_54.fa.gz_k141_1852968.region001.gbk_region_1	sample17_SemiBin_54.fa.gz_k141_1852968.region001	region	1	5	FAM_00009
sample13_SemiBin_64.fa.gz_k141_2295260.region001.gbk_region_1	sample13_SemiBin_64.fa.gz_k141_2295260.region001	region	1	5	FAM_00009
cpsnj03_SemiBin_131.fa.gz_k141_3078158.region001.gbk_region_1	cpsnj03_SemiBin_131.fa.gz_k141_3078158.region001	region	1	5	FAM_00009
sample20_SemiBin_91.fa.gz_k141_3828233.region001.gbk_region_1	sample20_SemiBin_91.fa.gz_k141_3828233.region001	region	1	5	FAM_00009
sample22_SemiBin_47.fa.gz_k141_996592.region001.gbk_region_1	sample22_SemiBin_47.fa.gz_k141_996592.region001	region	1	5	FAM_00009
cpsnj08_SemiBin_10.fa.gz_k141_708388.region001.gbk_region_1	cpsnj08_SemiBin_10.fa.gz_k141_708388.region001	region	1	5	FAM_00009
sample19_SemiBin_128.fa.gz_k141_5110513.region001.gbk_region_1	sample19_SemiBin_128.fa.gz_k141_5110513.region001	region	1	5	FAM_00009
snj03_SemiBin_60.fa.gz_k141_1387504.region001.gbk_region_1	snj03_SemiBin_60.fa.gz_k141_1387504.region001	region	1	5	FAM_00009
sample22_SemiBin_120.fa.gz_k141_4018375.region001.gbk_region_1	sample22_SemiBin_120.fa.gz_k141_4018375.region001	region	1	5	FAM_00009
sample11_SemiBin_50.fa.gz_k141_4376485.region001.gbk_region_1	sample11_SemiBin_50.fa.gz_k141_4376485.region001	region	1	5	FAM_00009
sample27_SemiBin_44.fa.gz_k141_5133541.region001.gbk_region_1	sample27_SemiBin_44.fa.gz_k141_5133541.region001	region	1	5	FAM_00009
cpsnj04_SemiBin_10.fa.gz_k141_708388.region001.gbk_region_1	cpsnj04_SemiBin_10.fa.gz_k141_708388.region001	region	1	5	FAM_00009
sample1_SemiBin_95.fa.gz_k141_835004.region001.gbk_region_1	sample1_SemiBin_95.fa.gz_k141_835004.region001	region	1	5	FAM_00009
sample24_SemiBin_14.fa.gz_k141_1334413.region001.gbk_region_1	sample24_SemiBin_14.fa.gz_k141_1334413.region001	region	1	5	FAM_00009
cpsnj19_SemiBin_44.fa.gz_k141_661290.region001.gbk_region_1	cpsnj19_SemiBin_44.fa.gz_k141_661290.region001	region	1	5	FAM_00009
cpsnj03_SemiBin_60.fa.gz_k141_1592493.region001.gbk_region_1	cpsnj03_SemiBin_60.fa.gz_k141_1592493.region001	region	1	5	FAM_00009
sample3_SemiBin_72.fa.gz_k141_33241.region001.gbk_region_1	sample3_SemiBin_72.fa.gz_k141_33241.region001	region	1	5	FAM_00010
sample24_SemiBin_14.fa.gz_k141_3233709.region001.gbk_region_1	sample24_SemiBin_14.fa.gz_k141_3233709.region001	region	1	5	FAM_00010
sample29_SemiBin_37.fa.gz_k141_3591436.region001.gbk_region_1	sample29_SemiBin_37.fa.gz_k141_3591436.region001	region	1	5	FAM_00010
sample18_SemiBin_11.fa.gz_k141_4579320.region001.gbk_region_1	sample18_SemiBin_11.fa.gz_k141_4579320.region001	region	1	5	FAM_00010
sample13_SemiBin_31.fa.gz_k141_3087267.region001.gbk_region_1	sample13_SemiBin_31.fa.gz_k141_3087267.region001	region	1	5	FAM_00010
sample20_SemiBin_91.fa.gz_k141_259653.region001.gbk_region_1	sample20_SemiBin_91.fa.gz_k141_259653.region001	region	1	5	FAM_00010
sample7_SemiBin_6.fa.gz_k141_1391893.region001.gbk_region_1	sample7_SemiBin_6.fa.gz_k141_1391893.region001	region	1	5	FAM_00010
sample6_SemiBin_30.fa.gz_k141_4882945.region001.gbk_region_1	sample6_SemiBin_30.fa.gz_k141_4882945.region001	region	1	5	FAM_00010
sample21_SemiBin_83.fa.gz_k141_3819389.region001.gbk_region_1	sample21_SemiBin_83.fa.gz_k141_3819389.region001	region	1	5	FAM_00010
sample8_SemiBin_40.fa.gz_k141_1683740.region001.gbk_region_1	sample8_SemiBin_40.fa.gz_k141_1683740.region001	region	1	5	FAM_00010
sample4_SemiBin_21.fa.gz_k141_2097460.region001.gbk_region_1	sample4_SemiBin_21.fa.gz_k141_2097460.region001	region	1	5	FAM_00010
sample12_SemiBin_12.fa.gz_k141_1762779.region001.gbk_region_1	sample12_SemiBin_12.fa.gz_k141_1762779.region001	region	1	5	FAM_00010
sample10_SemiBin_43.fa.gz_k141_5712812.region001.gbk_region_1	sample10_SemiBin_43.fa.gz_k141_5712812.region001	region	1	5	FAM_00010
sample29_SemiBin_54.fa.gz_k141_3629867.region001.gbk_region_1	sample29_SemiBin_54.fa.gz_k141_3629867.region001	region	1	5	FAM_00011
sample7_SemiBin_35.fa.gz_k141_1573713.region001.gbk_region_1	sample7_SemiBin_35.fa.gz_k141_1573713.region001	region	1	5	FAM_00011
sample6_SemiBin_96.fa.gz_k141_1031631.region001.gbk_region_1	sample6_SemiBin_96.fa.gz_k141_1031631.region001	region	1	5	FAM_00011
sample24_SemiBin_76.fa.gz_k141_3525646.region001.gbk_region_1	sample24_SemiBin_76.fa.gz_k141_3525646.region001	region	1	5	FAM_00011
sample9_SemiBin_14.fa.gz_k141_336191.region001.gbk_region_1	sample9_SemiBin_14.fa.gz_k141_336191.region001	region	1	5	FAM_00011
sample9_SemiBin_14.fa.gz_k141_1611214.region001.gbk_region_1	sample9_SemiBin_14.fa.gz_k141_1611214.region001	region	1	5	FAM_00011
cpsnj16_SemiBin_60.fa.gz_k141_1196425.region001.gbk_region_1	cpsnj16_SemiBin_60.fa.gz_k141_1196425.region001	region	1	5	FAM_00011
cpsnj01_SemiBin_76.fa.gz_k141_3228147.region001.gbk_region_1	cpsnj01_SemiBin_76.fa.gz_k141_3228147.region001	region	1	5	FAM_00011
sample16_SemiBin_11.fa.gz_k141_2452906.region001.gbk_region_1	sample16_SemiBin_11.fa.gz_k141_2452906.region001	region	1	5	FAM_00011
sample20_SemiBin_35.fa.gz_k141_3607685.region001.gbk_region_1	sample20_SemiBin_35.fa.gz_k141_3607685.region001	region	1	5	FAM_00011
snj08_SemiBin_35.fa.gz_k141_2919078.region001.gbk_region_1	snj08_SemiBin_35.fa.gz_k141_2919078.region001	region	1	5	FAM_00011
snj13_SemiBin_36.fa.gz_k141_1979455.region001.gbk_region_1	snj13_SemiBin_36.fa.gz_k141_1979455.region001	region	1	5	FAM_00011
sample27_SemiBin_15.fa.gz_k141_5383841.region001.gbk_region_1	sample27_SemiBin_15.fa.gz_k141_5383841.region001	region	1	5	FAM_00011
sample5_SemiBin_1.fa.gz_k141_2666863.region001.gbk_region_1	sample5_SemiBin_1.fa.gz_k141_2666863.region001	region	1	5	FAM_00011
cpsnj19_SemiBin_34.fa.gz_k141_1663535.region001.gbk_region_1	cpsnj19_SemiBin_34.fa.gz_k141_1663535.region001	region	1	5	FAM_00011
cpsnj04_SemiBin_10.fa.gz_k141_2191268.region001.gbk_region_1	cpsnj04_SemiBin_10.fa.gz_k141_2191268.region001	region	1	5	FAM_00011
cpsnj01_SemiBin_76.fa.gz_k141_1944242.region001.gbk_region_1	cpsnj01_SemiBin_76.fa.gz_k141_1944242.region001	region	1	5	FAM_00011
sample15_SemiBin_141.fa.gz_k141_4950610.region001.gbk_region_1	sample15_SemiBin_141.fa.gz_k141_4950610.region001	region	1	5	FAM_00011
sample21_SemiBin_55.fa.gz_k141_1340949.region001.gbk_region_1	sample21_SemiBin_55.fa.gz_k141_1340949.region001	region	1	5	FAM_00011
sample30_SemiBin_35.fa.gz_k141_1484058.region001.gbk_region_1	sample30_SemiBin_35.fa.gz_k141_1484058.region001	region	1	5	FAM_00011
cpsnj03_SemiBin_24.fa.gz_k141_1651541.region001.gbk_region_1	cpsnj03_SemiBin_24.fa.gz_k141_1651541.region001	region	1	5	FAM_00011
snj19_SemiBin_49.fa.gz_k141_736205.region001.gbk_region_1	snj19_SemiBin_49.fa.gz_k141_736205.region001	region	1	5	FAM_00011
cpsnj08_SemiBin_10.fa.gz_k141_2191268.region001.gbk_region_1	cpsnj08_SemiBin_10.fa.gz_k141_2191268.region001	region	1	5	FAM_00011
snj16_SemiBin_41.fa.gz_k141_1218778.region001.gbk_region_1	snj16_SemiBin_41.fa.gz_k141_1218778.region001	region	1	5	FAM_00011
sample22_SemiBin_2.fa.gz_k141_542267.region001.gbk_region_1	sample22_SemiBin_2.fa.gz_k141_542267.region001	region	1	5	FAM_00011
snj03_SemiBin_8.fa.gz_k141_2920952.region001.gbk_region_1	snj03_SemiBin_8.fa.gz_k141_2920952.region001	region	1	5	FAM_00011
sample13_SemiBin_192.fa.gz_k141_429373.region001.gbk_region_1	sample13_SemiBin_192.fa.gz_k141_429373.region001	region	1	5	FAM_00012
sample5_SemiBin_24.fa.gz_k141_1041963.region001.gbk_region_1	sample5_SemiBin_24.fa.gz_k141_1041963.region001	region	1	5	FAM_00012
sample13_SemiBin_13.fa.gz_k141_3083221.region001.gbk_region_1	sample13_SemiBin_13.fa.gz_k141_3083221.region001	region	1	5	FAM_00012
sample19_SemiBin_4.fa.gz_k141_5134126.region001.gbk_region_1	sample19_SemiBin_4.fa.gz_k141_5134126.region001	region	1	5	FAM_00012
sample1_SemiBin_22.fa.gz_k141_1142435.region001.gbk_region_1	sample1_SemiBin_22.fa.gz_k141_1142435.region001	region	1	5	FAM_00012
sample15_SemiBin_20.fa.gz_k141_2929540.region001.gbk_region_1	sample15_SemiBin_20.fa.gz_k141_2929540.region001	region	1	5	FAM_00012
sample12_SemiBin_3.fa.gz_k141_2383514.region001.gbk_region_1	sample12_SemiBin_3.fa.gz_k141_2383514.region001	region	1	5	FAM_00012
sample11_SemiBin_14.fa.gz_k141_3946074.region001.gbk_region_1	sample11_SemiBin_14.fa.gz_k141_3946074.region001	region	1	5	FAM_00012
snj13_SemiBin_33.fa.gz_k141_1971944.region001.gbk_region_1	snj13_SemiBin_33.fa.gz_k141_1971944.region001	region	1	5	FAM_00013
sample8_SemiBin_3.fa.gz_k141_1893195.region001.gbk_region_1	sample8_SemiBin_3.fa.gz_k141_1893195.region001	region	1	5	FAM_00013
sample4_SemiBin_1.fa.gz_k141_872571.region001.gbk_region_1	sample4_SemiBin_1.fa.gz_k141_872571.region001	region	1	5	FAM_00013
sample1_SemiBin_52.fa.gz_k141_656517.region001.gbk_region_1	sample1_SemiBin_52.fa.gz_k141_656517.region001	region	1	5	FAM_00013
snj16_SemiBin_65.fa.gz_k141_2586713.region001.gbk_region_1	snj16_SemiBin_65.fa.gz_k141_2586713.region001	region	1	5	FAM_00013
sample22_SemiBin_106.fa.gz_k141_5563794.region001.gbk_region_1	sample22_SemiBin_106.fa.gz_k141_5563794.region001	region	1	5	FAM_00013
cpsnj16_SemiBin_17.fa.gz_k141_2447609.region001.gbk_region_1	cpsnj16_SemiBin_17.fa.gz_k141_2447609.region001	region	1	5	FAM_00013
snj08_SemiBin_31.fa.gz_k141_137260.region001.gbk_region_1	snj08_SemiBin_31.fa.gz_k141_137260.region001	region	1	5	FAM_00013
cpsnj11_SemiBin_38.fa.gz_k141_1383869.region001.gbk_region_1	cpsnj11_SemiBin_38.fa.gz_k141_1383869.region001	region	1	5	FAM_00013
snj03_SemiBin_107.fa.gz_k141_898753.region001.gbk_region_1	snj03_SemiBin_107.fa.gz_k141_898753.region001	region	1	5	FAM_00013
sample26_SemiBin_47.fa.gz_k141_2373746.region001.gbk_region_1	sample26_SemiBin_47.fa.gz_k141_2373746.region001	region	1	5	FAM_00013
sample15_SemiBin_82.fa.gz_k141_5594846.region001.gbk_region_1	sample15_SemiBin_82.fa.gz_k141_5594846.region001	region	1	5	FAM_00013
cpsnj03_SemiBin_77.fa.gz_k141_1343486.region001.gbk_region_1	cpsnj03_SemiBin_77.fa.gz_k141_1343486.region001	region	1	5	FAM_00013
snj11_SemiBin_32.fa.gz_k141_567104.region001.gbk_region_1	snj11_SemiBin_32.fa.gz_k141_567104.region001	region	1	5	FAM_00013
sample15_SemiBin_149.fa.gz_k141_4996534.region001.gbk_region_1	sample15_SemiBin_149.fa.gz_k141_4996534.region001	region	1	5	FAM_00013
snj15_SemiBin_13.fa.gz_k141_393644.region001.gbk_region_1	snj15_SemiBin_13.fa.gz_k141_393644.region001	region	1	5	FAM_00013
snj14_SemiBin_49.fa.gz_k141_1606644.region001.gbk_region_1	snj14_SemiBin_49.fa.gz_k141_1606644.region001	region	1	5	FAM_00014
cpsnj09_SemiBin_47.fa.gz_k141_2303696.region001.gbk_region_1	cpsnj09_SemiBin_47.fa.gz_k141_2303696.region001	region	1	5	FAM_00014
cpsnj10_SemiBin_184.fa.gz_k141_3900377.region001.gbk_region_1	cpsnj10_SemiBin_184.fa.gz_k141_3900377.region001	region	1	5	FAM_00014
snj01_SemiBin_26.fa.gz_k141_165291.region001.gbk_region_1	snj01_SemiBin_26.fa.gz_k141_165291.region001	region	1	5	FAM_00014
sample15_SemiBin_20.fa.gz_k141_3209998.region001.gbk_region_1	sample15_SemiBin_20.fa.gz_k141_3209998.region001	region	1	5	FAM_00014
cpsnj14_SemiBin_116.fa.gz_k141_2304113.region001.gbk_region_1	cpsnj14_SemiBin_116.fa.gz_k141_2304113.region001	region	1	5	FAM_00014
sample15_SemiBin_116.fa.gz_k141_1934941.region001.gbk_region_1	sample15_SemiBin_116.fa.gz_k141_1934941.region001	region	1	5	FAM_00015
cpsnj10_SemiBin_67.fa.gz_k141_2248432.region001.gbk_region_1	cpsnj10_SemiBin_67.fa.gz_k141_2248432.region001	region	1	5	FAM_00015
snj08_SemiBin_91.fa.gz_k141_1135640.region001.gbk_region_1	snj08_SemiBin_91.fa.gz_k141_1135640.region001	region	1	5	FAM_00015
sample2_SemiBin_4.fa.gz_k141_2287802.region001.gbk_region_1	sample2_SemiBin_4.fa.gz_k141_2287802.region001	region	1	5	FAM_00015
sample7_SemiBin_41.fa.gz_k141_4146937.region001.gbk_region_1	sample7_SemiBin_41.fa.gz_k141_4146937.region001	region	1	5	FAM_00015
cpsnj11_SemiBin_89.fa.gz_k141_2388130.region001.gbk_region_1	cpsnj11_SemiBin_89.fa.gz_k141_2388130.region001	region	1	5	FAM_00015
cpsnj13_SemiBin_53.fa.gz_k141_2138764.region001.gbk_region_1	cpsnj13_SemiBin_53.fa.gz_k141_2138764.region001	region	1	5	FAM_00016
snj20_SemiBin_22.fa.gz_k141_973390.region001.gbk_region_1	snj20_SemiBin_22.fa.gz_k141_973390.region001	region	1	5	FAM_00016
sample6_SemiBin_6.fa.gz_k141_382177.region001.gbk_region_1	sample6_SemiBin_6.fa.gz_k141_382177.region001	region	1	5	FAM_00016
sample27_SemiBin_64.fa.gz_k141_207110.region001.gbk_region_1	sample27_SemiBin_64.fa.gz_k141_207110.region001	region	1	5	FAM_00016
sample8_SemiBin_54.fa.gz_k141_2403346.region001.gbk_region_1	sample8_SemiBin_54.fa.gz_k141_2403346.region001	region	1	5	FAM_00016
snj14_SemiBin_3.fa.gz_k141_679392.region001.gbk_region_1	snj14_SemiBin_3.fa.gz_k141_679392.region001	region	1	5	FAM_00016
sample29_SemiBin_47.fa.gz_k141_3888643.region001.gbk_region_1	sample29_SemiBin_47.fa.gz_k141_3888643.region001	region	1	5	FAM_00016
cpsnj01_SemiBin_28.fa.gz_k141_102836.region001.gbk_region_1	cpsnj01_SemiBin_28.fa.gz_k141_102836.region001	region	1	5	FAM_00017
cpsnj13_SemiBin_20.fa.gz_k141_8060.region001.gbk_region_1	cpsnj13_SemiBin_20.fa.gz_k141_8060.region001	region	1	5	FAM_00017
snj09_SemiBin_112.fa.gz_k141_279648.region001.gbk_region_1	snj09_SemiBin_112.fa.gz_k141_279648.region001	region	1	5	FAM_00017
sample10_SemiBin_24.fa.gz_k141_2519984.region001.gbk_region_1	sample10_SemiBin_24.fa.gz_k141_2519984.region001	region	1	5	FAM_00017
sample21_SemiBin_41.fa.gz_k141_4491092.region001.gbk_region_1	sample21_SemiBin_41.fa.gz_k141_4491092.region001	region	1	5	FAM_00017
sample13_SemiBin_37.fa.gz_k141_3613521.region001.gbk_region_1	sample13_SemiBin_37.fa.gz_k141_3613521.region001	region	1	5	FAM_00017
sample3_SemiBin_20.fa.gz_k141_2636782.region001.gbk_region_1	sample3_SemiBin_20.fa.gz_k141_2636782.region001	region	1	5	FAM_00017
sample4_SemiBin_82.fa.gz_k141_2706364.region001.gbk_region_1	sample4_SemiBin_82.fa.gz_k141_2706364.region001	region	1	5	FAM_00017
cpsnj08_SemiBin_25.fa.gz_k141_1924110.region001.gbk_region_1	cpsnj08_SemiBin_25.fa.gz_k141_1924110.region001	region	1	5	FAM_00018
cpsnj04_SemiBin_25.fa.gz_k141_1924110.region001.gbk_region_1	cpsnj04_SemiBin_25.fa.gz_k141_1924110.region001	region	1	5	FAM_00018
cpsnj19_SemiBin_45.fa.gz_k141_1847817.region001.gbk_region_1	cpsnj19_SemiBin_45.fa.gz_k141_1847817.region001	region	1	5	FAM_00018
cpsnj03_SemiBin_59.fa.gz_k141_2842241.region001.gbk_region_1	cpsnj03_SemiBin_59.fa.gz_k141_2842241.region001	region	1	5	FAM_00018
snj03_SemiBin_40.fa.gz_k141_2338463.region001.gbk_region_1	snj03_SemiBin_40.fa.gz_k141_2338463.region001	region	1	5	FAM_00018
sample18_SemiBin_46.fa.gz_k141_1506036.region001.gbk_region_1	sample18_SemiBin_46.fa.gz_k141_1506036.region001	region	1	5	FAM_00018
sample19_SemiBin_2.fa.gz_k141_140540.region001.gbk_region_1	sample19_SemiBin_2.fa.gz_k141_140540.region001	region	1	5	FAM_00018
sample9_SemiBin_7.fa.gz_k141_3551109.region001.gbk_region_1	sample9_SemiBin_7.fa.gz_k141_3551109.region001	region	1	5	FAM_00019
sample17_SemiBin_52.fa.gz_k141_2957785.region001.gbk_region_1	sample17_SemiBin_52.fa.gz_k141_2957785.region001	region	1	5	FAM_00019
sample13_SemiBin_68.fa.gz_k141_3465150.region001.gbk_region_1	sample13_SemiBin_68.fa.gz_k141_3465150.region001	region	1	5	FAM_00019
sample13_SemiBin_192.fa.gz_k141_198520.region001.gbk_region_1	sample13_SemiBin_192.fa.gz_k141_198520.region001	region	1	5	FAM_00019
sample10_SemiBin_55.fa.gz_k141_3814364.region001.gbk_region_1	sample10_SemiBin_55.fa.gz_k141_3814364.region001	region	1	5	FAM_00019
cpsnj14_SemiBin_156.fa.gz_k141_1166738.region001.gbk_region_1	cpsnj14_SemiBin_156.fa.gz_k141_1166738.region001	region	1	5	FAM_00019
sample10_SemiBin_67.fa.gz_k141_3586051.region001.gbk_region_1	sample10_SemiBin_67.fa.gz_k141_3586051.region001	region	1	5	FAM_00020
cpsnj20_SemiBin_95.fa.gz_k141_891001.region001.gbk_region_1	cpsnj20_SemiBin_95.fa.gz_k141_891001.region001	region	1	5	FAM_00020
sample21_SemiBin_82.fa.gz_k141_3347506.region001.gbk_region_1	sample21_SemiBin_82.fa.gz_k141_3347506.region001	region	1	5	FAM_00020
sample13_SemiBin_105.fa.gz_k141_3549381.region001.gbk_region_1	sample13_SemiBin_105.fa.gz_k141_3549381.region001	region	1	5	FAM_00020
sample15_SemiBin_80.fa.gz_k141_4912769.region001.gbk_region_1	sample15_SemiBin_80.fa.gz_k141_4912769.region001	region	1	5	FAM_00020
sample7_SemiBin_41.fa.gz_k141_3080987.region001.gbk_region_1	sample7_SemiBin_41.fa.gz_k141_3080987.region001	region	1	5	FAM_00020
sample29_SemiBin_75.fa.gz_k141_472066.region001.gbk_region_1	sample29_SemiBin_75.fa.gz_k141_472066.region001	region	1	5	FAM_00020
sample4_SemiBin_79.fa.gz_k141_263206.region001.gbk_region_1	sample4_SemiBin_79.fa.gz_k141_263206.region001	region	1	5	FAM_00020
sample17_SemiBin_13.fa.gz_k141_1635663.region001.gbk_region_1	sample17_SemiBin_13.fa.gz_k141_1635663.region001	region	1	5	FAM_00020
sample13_SemiBin_64.fa.gz_k141_3446275.region001.gbk_region_1	sample13_SemiBin_64.fa.gz_k141_3446275.region001	region	1	5	FAM_00021
sample18_SemiBin_46.fa.gz_k141_5710826.region001.gbk_region_1	sample18_SemiBin_46.fa.gz_k141_5710826.region001	region	1	5	FAM_00021
cpsnj04_SemiBin_14.fa.gz_k141_1492896.region001.gbk_region_1	cpsnj04_SemiBin_14.fa.gz_k141_1492896.region001	region	1	9	FAM_00022
snj04_SemiBin_4.fa.gz_k141_1786735.region001.gbk_region_1	snj04_SemiBin_4.fa.gz_k141_1786735.region001	region	1	9	FAM_00022
cpsnj08_SemiBin_14.fa.gz_k141_1492896.region001.gbk_region_1	cpsnj08_SemiBin_14.fa.gz_k141_1492896.region001	region	1	9	FAM_00022
sample6_SemiBin_18.fa.gz_k141_4962676.region001.gbk_region_1	sample6_SemiBin_18.fa.gz_k141_4962676.region001	region	1	13	FAM_00023
snj19_SemiBin_42.fa.gz_k141_643284.region001.gbk_region_1	snj19_SemiBin_42.fa.gz_k141_643284.region001	region	1	13	FAM_00023
sample6_SemiBin_18.fa.gz_k141_4451990.region001.gbk_region_1	sample6_SemiBin_18.fa.gz_k141_4451990.region001	region	1	13	FAM_00023
sample19_SemiBin_51.fa.gz_k141_1291233.region001.gbk_region_1	sample19_SemiBin_51.fa.gz_k141_1291233.region001	region	1	13	FAM_00024
sample7_SemiBin_80.fa.gz_k141_1408207.region001.gbk_region_1	sample7_SemiBin_80.fa.gz_k141_1408207.region001	region	1	13	FAM_00024
snj08_SemiBin_40.fa.gz_k141_265095.region001.gbk_region_1	snj08_SemiBin_40.fa.gz_k141_265095.region001	region	1	13	FAM_00024
sample2_SemiBin_39.fa.gz_k141_2209219.region001.gbk_region_1	sample2_SemiBin_39.fa.gz_k141_2209219.region001	region	1	13	FAM_00024
sample21_SemiBin_44.fa.gz_k141_968935.region001.gbk_region_1	sample21_SemiBin_44.fa.gz_k141_968935.region001	region	1	13	FAM_00025
sample2_SemiBin_46.fa.gz_k141_2117336.region001.gbk_region_1	sample2_SemiBin_46.fa.gz_k141_2117336.region001	region	1	13	FAM_00025
sample5_SemiBin_34.fa.gz_k141_2382764.region001.gbk_region_1	sample5_SemiBin_34.fa.gz_k141_2382764.region001	region	1	13	FAM_00025
snj08_SemiBin_40.fa.gz_k141_31198.region001.gbk_region_1	snj08_SemiBin_40.fa.gz_k141_31198.region001	region	1	13	FAM_00025
sample22_SemiBin_88.fa.gz_k141_1592848.region001.gbk_region_1	sample22_SemiBin_88.fa.gz_k141_1592848.region001	region	1	13	FAM_00025
sample21_SemiBin_44.fa.gz_k141_3642579.region001.gbk_region_1	sample21_SemiBin_44.fa.gz_k141_3642579.region001	region	1	13	FAM_00026
sample23_SemiBin_27.fa.gz_k141_4434133.region001.gbk_region_1	sample23_SemiBin_27.fa.gz_k141_4434133.region001	region	1	13	FAM_00026
sample1_SemiBin_24.fa.gz_k141_2094013.region001.gbk_region_1	sample1_SemiBin_24.fa.gz_k141_2094013.region001	region	1	13	FAM_00026
sample15_SemiBin_268.fa.gz_k141_3796115.region001.gbk_region_1	sample15_SemiBin_268.fa.gz_k141_3796115.region001	region	1	13	FAM_00026
sample5_SemiBin_34.fa.gz_k141_1551555.region001.gbk_region_1	sample5_SemiBin_34.fa.gz_k141_1551555.region001	region	1	13	FAM_00026
sample2_SemiBin_46.fa.gz_k141_89483.region001.gbk_region_1	sample2_SemiBin_46.fa.gz_k141_89483.region001	region	1	13	FAM_00026
sample22_SemiBin_88.fa.gz_k141_3752463.region001.gbk_region_1	sample22_SemiBin_88.fa.gz_k141_3752463.region001	region	1	13	FAM_00026
snj04_SemiBin_30.fa.gz_k141_2130739.region001.gbk_region_1	snj04_SemiBin_30.fa.gz_k141_2130739.region001	region	1	13	FAM_00026
sample7_SemiBin_116.fa.gz_k141_3709566.region001.gbk_region_1	sample7_SemiBin_116.fa.gz_k141_3709566.region001	region	1	13	FAM_00026
sample6_SemiBin_18.fa.gz_k141_107141.region001.gbk_region_1	sample6_SemiBin_18.fa.gz_k141_107141.region001	region	1	13	FAM_00027
sample16_SemiBin_81.fa.gz_k141_3198353.region001.gbk_region_1	sample16_SemiBin_81.fa.gz_k141_3198353.region001	region	1	13	FAM_00027
snj15_SemiBin_18.fa.gz_k141_1645511.region001.gbk_region_1	snj15_SemiBin_18.fa.gz_k141_1645511.region001	region	1	13	FAM_00027
sample21_SemiBin_44.fa.gz_k141_884801.region001.gbk_region_1	sample21_SemiBin_44.fa.gz_k141_884801.region001	region	1	13	FAM_00027
sample23_SemiBin_27.fa.gz_k141_1582366.region001.gbk_region_1	sample23_SemiBin_27.fa.gz_k141_1582366.region001	region	1	13	FAM_00027
sample6_SemiBin_18.fa.gz_k141_4087933.region001.gbk_region_1	sample6_SemiBin_18.fa.gz_k141_4087933.region001	region	1	13	FAM_00028
cpsnj08_SemiBin_15.fa.gz_k141_2673834.region001.gbk_region_1	cpsnj08_SemiBin_15.fa.gz_k141_2673834.region001	region	1	13	FAM_00028
cpsnj16_SemiBin_62.fa.gz_k141_1492096.region001.gbk_region_1	cpsnj16_SemiBin_62.fa.gz_k141_1492096.region001	region	1	13	FAM_00028
snj16_SemiBin_58.fa.gz_k141_1445558.region001.gbk_region_1	snj16_SemiBin_58.fa.gz_k141_1445558.region001	region	1	13	FAM_00028
cpsnj04_SemiBin_15.fa.gz_k141_2673834.region001.gbk_region_1	cpsnj04_SemiBin_15.fa.gz_k141_2673834.region001	region	1	13	FAM_00028
sample26_SemiBin_1.fa.gz_k141_231983.region001.gbk_region_1	sample26_SemiBin_1.fa.gz_k141_231983.region001	region	1	21	FAM_00029
sample12_SemiBin_9.fa.gz_k141_2001089.region001.gbk_region_1	sample12_SemiBin_9.fa.gz_k141_2001089.region001	region	1	21	FAM_00029
sample12_SemiBin_9.fa.gz_k141_1803647.region001.gbk_region_1	sample12_SemiBin_9.fa.gz_k141_1803647.region001	region	1	21	FAM_00029
sample10_SemiBin_57.fa.gz_k141_3087158.region001.gbk_region_1	sample10_SemiBin_57.fa.gz_k141_3087158.region001	region	1	21	FAM_00029
snj13_SemiBin_5.fa.gz_k141_1652255.region001.gbk_region_1	snj13_SemiBin_5.fa.gz_k141_1652255.region001	region	1	21	FAM_00029
sample2_SemiBin_46.fa.gz_k141_2736413.region001.gbk_region_1	sample2_SemiBin_46.fa.gz_k141_2736413.region001	region	1	29	FAM_00030
sample1_SemiBin_24.fa.gz_k141_3310580.region001.gbk_region_1	sample1_SemiBin_24.fa.gz_k141_3310580.region001	region	1	29	FAM_00030
sample7_SemiBin_116.fa.gz_k141_5941249.region001.gbk_region_1	sample7_SemiBin_116.fa.gz_k141_5941249.region001	region	1	29	FAM_00030
sample23_SemiBin_27.fa.gz_k141_2758098.region001.gbk_region_1	sample23_SemiBin_27.fa.gz_k141_2758098.region001	region	1	29	FAM_00030
sample22_SemiBin_88.fa.gz_k141_4270617.region001.gbk_region_1	sample22_SemiBin_88.fa.gz_k141_4270617.region001	region	1	29	FAM_00030
sample21_SemiBin_44.fa.gz_k141_3993082.region001.gbk_region_1	sample21_SemiBin_44.fa.gz_k141_3993082.region001	region	1	29	FAM_00030
sample10_SemiBin_10.fa.gz_k141_1508985.region001.gbk_region_1	sample10_SemiBin_10.fa.gz_k141_1508985.region001	region	1	29	FAM_00030
cpsnj19_SemiBin_45.fa.gz_k141_2860671.region001.gbk_region_1	cpsnj19_SemiBin_45.fa.gz_k141_2860671.region001	region	1	37	FAM_00031
cpsnj08_SemiBin_25.fa.gz_k141_802632.region001.gbk_region_1	cpsnj08_SemiBin_25.fa.gz_k141_802632.region001	region	1	37	FAM_00031
cpsnj08_SemiBin_25.fa.gz_k141_799656.region001.gbk_region_1	cpsnj08_SemiBin_25.fa.gz_k141_799656.region001	region	1	37	FAM_00031
snj03_SemiBin_60.fa.gz_k141_593903.region001.gbk_region_1	snj03_SemiBin_60.fa.gz_k141_593903.region001	region	1	37	FAM_00031
cpsnj19_SemiBin_45.fa.gz_k141_1308932.region001.gbk_region_1	cpsnj19_SemiBin_45.fa.gz_k141_1308932.region001	region	1	37	FAM_00031
cpsnj04_SemiBin_25.fa.gz_k141_799656.region001.gbk_region_1	cpsnj04_SemiBin_25.fa.gz_k141_799656.region001	region	1	37	FAM_00031
snj03_SemiBin_60.fa.gz_k141_1415993.region001.gbk_region_1	snj03_SemiBin_60.fa.gz_k141_1415993.region001	region	1	37	FAM_00031
cpsnj03_SemiBin_60.fa.gz_k141_1525356.region001.gbk_region_1	cpsnj03_SemiBin_60.fa.gz_k141_1525356.region001	region	1	37	FAM_00031
cpsnj19_SemiBin_44.fa.gz_k141_2720076.region001.gbk_region_1	cpsnj19_SemiBin_44.fa.gz_k141_2720076.region001	region	1	37	FAM_00031
cpsnj03_SemiBin_59.fa.gz_k141_1554153.region001.gbk_region_1	cpsnj03_SemiBin_59.fa.gz_k141_1554153.region001	region	1	37	FAM_00031
snj04_SemiBin_28.fa.gz_k141_946517.region001.gbk_region_1	snj04_SemiBin_28.fa.gz_k141_946517.region001	region	1	37	FAM_00031
cpsnj04_SemiBin_25.fa.gz_k141_802632.region001.gbk_region_1	cpsnj04_SemiBin_25.fa.gz_k141_802632.region001	region	1	37	FAM_00031
sample9_SemiBin_14.fa.gz_k141_1015619.region001.gbk_region_1	sample9_SemiBin_14.fa.gz_k141_1015619.region001	region	1	37	FAM_00032
cpsnj19_SemiBin_34.fa.gz_k141_2930719.region001.gbk_region_1	cpsnj19_SemiBin_34.fa.gz_k141_2930719.region001	region	1	37	FAM_00032
snj19_SemiBin_49.fa.gz_k141_1312418.region001.gbk_region_1	snj19_SemiBin_49.fa.gz_k141_1312418.region001	region	1	37	FAM_00032
sample21_SemiBin_55.fa.gz_k141_2030940.region001.gbk_region_1	sample21_SemiBin_55.fa.gz_k141_2030940.region001	region	1	37	FAM_00032
snj03_SemiBin_40.fa.gz_k141_1244867.region001.gbk_region_1	snj03_SemiBin_40.fa.gz_k141_1244867.region001	region	1	37	FAM_00032
cpsnj08_SemiBin_10.fa.gz_k141_1805432.region001.gbk_region_1	cpsnj08_SemiBin_10.fa.gz_k141_1805432.region001	region	1	37	FAM_00032
sample26_SemiBin_50.fa.gz_k141_6026648.region001.gbk_region_1	sample26_SemiBin_50.fa.gz_k141_6026648.region001	region	1	37	FAM_00032
sample6_SemiBin_96.fa.gz_k141_7394830.region001.gbk_region_1	sample6_SemiBin_96.fa.gz_k141_7394830.region001	region	1	37	FAM_00032
sample29_SemiBin_54.fa.gz_k141_275450.region001.gbk_region_1	sample29_SemiBin_54.fa.gz_k141_275450.region001	region	1	37	FAM_00032
sample15_SemiBin_141.fa.gz_k141_1201769.region001.gbk_region_1	sample15_SemiBin_141.fa.gz_k141_1201769.region001	region	1	37	FAM_00032
snj08_SemiBin_35.fa.gz_k141_1830910.region001.gbk_region_1	snj08_SemiBin_35.fa.gz_k141_1830910.region001	region	1	37	FAM_00032
sample5_SemiBin_1.fa.gz_k141_2428816.region001.gbk_region_1	sample5_SemiBin_1.fa.gz_k141_2428816.region001	region	1	37	FAM_00032
snj13_SemiBin_36.fa.gz_k141_2277562.region001.gbk_region_1	snj13_SemiBin_36.fa.gz_k141_2277562.region001	region	1	37	FAM_00032
cpsnj03_SemiBin_24.fa.gz_k141_834710.region001.gbk_region_1	cpsnj03_SemiBin_24.fa.gz_k141_834710.region001	region	1	37	FAM_00032
snj16_SemiBin_41.fa.gz_k141_1273531.region001.gbk_region_1	snj16_SemiBin_41.fa.gz_k141_1273531.region001	region	1	37	FAM_00032
sample30_SemiBin_35.fa.gz_k141_1792375.region001.gbk_region_1	sample30_SemiBin_35.fa.gz_k141_1792375.region001	region	1	37	FAM_00032
sample27_SemiBin_15.fa.gz_k141_1116691.region001.gbk_region_1	sample27_SemiBin_15.fa.gz_k141_1116691.region001	region	1	37	FAM_00032
snj03_SemiBin_8.fa.gz_k141_1715071.region001.gbk_region_1	snj03_SemiBin_8.fa.gz_k141_1715071.region001	region	1	37	FAM_00032
cpsnj04_SemiBin_10.fa.gz_k141_1805432.region001.gbk_region_1	cpsnj04_SemiBin_10.fa.gz_k141_1805432.region001	region	1	37	FAM_00032
sample22_SemiBin_2.fa.gz_k141_3824312.region001.gbk_region_1	sample22_SemiBin_2.fa.gz_k141_3824312.region001	region	1	37	FAM_00032
sample20_SemiBin_35.fa.gz_k141_4698303.region001.gbk_region_1	sample20_SemiBin_35.fa.gz_k141_4698303.region001	region	1	37	FAM_00032
sample7_SemiBin_35.fa.gz_k141_4078782.region001.gbk_region_1	sample7_SemiBin_35.fa.gz_k141_4078782.region001	region	1	37	FAM_00032
sample16_SemiBin_11.fa.gz_k141_141991.region001.gbk_region_1	sample16_SemiBin_11.fa.gz_k141_141991.region001	region	1	37	FAM_00032
sample24_SemiBin_76.fa.gz_k141_5049819.region001.gbk_region_1	sample24_SemiBin_76.fa.gz_k141_5049819.region001	region	1	37	FAM_00032
cpsnj16_SemiBin_60.fa.gz_k141_1182033.region001.gbk_region_1	cpsnj16_SemiBin_60.fa.gz_k141_1182033.region001	region	1	37	FAM_00032
sample18_SemiBin_98.fa.gz_k141_3734616.region001.gbk_region_1	sample18_SemiBin_98.fa.gz_k141_3734616.region001	region	1	37	FAM_00033
sample21_SemiBin_82.fa.gz_k141_4873636.region001.gbk_region_1	sample21_SemiBin_82.fa.gz_k141_4873636.region001	region	1	37	FAM_00033
sample3_SemiBin_62.fa.gz_k141_692318.region001.gbk_region_1	sample3_SemiBin_62.fa.gz_k141_692318.region001	region	1	37	FAM_00033
sample1_SemiBin_52.fa.gz_k141_2727243.region001.gbk_region_1	sample1_SemiBin_52.fa.gz_k141_2727243.region001	region	1	37	FAM_00034
cpsnj16_SemiBin_17.fa.gz_k141_1957168.region001.gbk_region_1	cpsnj16_SemiBin_17.fa.gz_k141_1957168.region001	region	1	37	FAM_00034
snj08_SemiBin_31.fa.gz_k141_1609675.region001.gbk_region_1	snj08_SemiBin_31.fa.gz_k141_1609675.region001	region	1	37	FAM_00034
sample3_SemiBin_79.fa.gz_k141_163342.region001.gbk_region_1	sample3_SemiBin_79.fa.gz_k141_163342.region001	region	1	37	FAM_00034
sample22_SemiBin_106.fa.gz_k141_3946057.region001.gbk_region_1	sample22_SemiBin_106.fa.gz_k141_3946057.region001	region	1	37	FAM_00034
sample15_SemiBin_82.fa.gz_k141_2689517.region001.gbk_region_1	sample15_SemiBin_82.fa.gz_k141_2689517.region001	region	1	37	FAM_00034
snj13_SemiBin_33.fa.gz_k141_1778648.region001.gbk_region_1	snj13_SemiBin_33.fa.gz_k141_1778648.region001	region	1	37	FAM_00034
cpsnj11_SemiBin_38.fa.gz_k141_3964731.region001.gbk_region_1	cpsnj11_SemiBin_38.fa.gz_k141_3964731.region001	region	1	37	FAM_00034
snj15_SemiBin_13.fa.gz_k141_2488747.region001.gbk_region_1	snj15_SemiBin_13.fa.gz_k141_2488747.region001	region	1	37	FAM_00034
cpsnj03_SemiBin_77.fa.gz_k141_76875.region001.gbk_region_1	cpsnj03_SemiBin_77.fa.gz_k141_76875.region001	region	1	37	FAM_00034
sample8_SemiBin_3.fa.gz_k141_1778701.region001.gbk_region_1	sample8_SemiBin_3.fa.gz_k141_1778701.region001	region	1	37	FAM_00034
snj11_SemiBin_32.fa.gz_k141_1596282.region001.gbk_region_1	snj11_SemiBin_32.fa.gz_k141_1596282.region001	region	1	37	FAM_00034
cpsnj10_SemiBin_70.fa.gz_k141_3562772.region001.gbk_region_1	cpsnj10_SemiBin_70.fa.gz_k141_3562772.region001	region	1	37	FAM_00034
snj16_SemiBin_65.fa.gz_k141_1971517.region001.gbk_region_1	snj16_SemiBin_65.fa.gz_k141_1971517.region001	region	1	37	FAM_00034
sample4_SemiBin_1.fa.gz_k141_137108.region001.gbk_region_1	sample4_SemiBin_1.fa.gz_k141_137108.region001	region	1	37	FAM_00034
snj03_SemiBin_107.fa.gz_k141_1216185.region001.gbk_region_1	snj03_SemiBin_107.fa.gz_k141_1216185.region001	region	1	37	FAM_00034
sample26_SemiBin_47.fa.gz_k141_363372.region001.gbk_region_1	sample26_SemiBin_47.fa.gz_k141_363372.region001	region	1	37	FAM_00035
sample11_SemiBin_14.fa.gz_k141_4926931.region001.gbk_region_1	sample11_SemiBin_14.fa.gz_k141_4926931.region001	region	1	37	FAM_00035
sample12_SemiBin_3.fa.gz_k141_2410942.region001.gbk_region_1	sample12_SemiBin_3.fa.gz_k141_2410942.region001	region	1	37	FAM_00035
sample13_SemiBin_13.fa.gz_k141_3575405.region001.gbk_region_1	sample13_SemiBin_13.fa.gz_k141_3575405.region001	region	1	37	FAM_00035
snj14_SemiBin_49.fa.gz_k141_2482404.region001.gbk_region_1	snj14_SemiBin_49.fa.gz_k141_2482404.region001	region	1	37	FAM_00035
sample15_SemiBin_116.fa.gz_k141_2733818.region001.gbk_region_1	sample15_SemiBin_116.fa.gz_k141_2733818.region001	region	1	37	FAM_00035
sample17_SemiBin_52.fa.gz_k141_3993469.region001.gbk_region_1	sample17_SemiBin_52.fa.gz_k141_3993469.region001	region	1	37	FAM_00035
sample13_SemiBin_192.fa.gz_k141_3025447.region001.gbk_region_1	sample13_SemiBin_192.fa.gz_k141_3025447.region001	region	1	37	FAM_00035
cpsnj20_SemiBin_95.fa.gz_k141_396643.region001.gbk_region_1	cpsnj20_SemiBin_95.fa.gz_k141_396643.region001	region	1	37	FAM_00035
sample9_SemiBin_7.fa.gz_k141_4898865.region001.gbk_region_1	sample9_SemiBin_7.fa.gz_k141_4898865.region001	region	1	37	FAM_00035
sample13_SemiBin_105.fa.gz_k141_2010724.region001.gbk_region_1	sample13_SemiBin_105.fa.gz_k141_2010724.region001	region	1	37	FAM_00035
cpsnj19_SemiBin_45.fa.gz_k141_1068267.region001.gbk_region_1	cpsnj19_SemiBin_45.fa.gz_k141_1068267.region001	region	1	37	FAM_00035
sample18_SemiBin_46.fa.gz_k141_967128.region001.gbk_region_1	sample18_SemiBin_46.fa.gz_k141_967128.region001	region	1	37	FAM_00035
sample6_SemiBin_30.fa.gz_k141_2515770.region001.gbk_region_1	sample6_SemiBin_30.fa.gz_k141_2515770.region001	region	1	37	FAM_00036
cpsnj08_SemiBin_25.fa.gz_k141_2540227.region001.gbk_region_1	cpsnj08_SemiBin_25.fa.gz_k141_2540227.region001	region	1	37	FAM_00036
cpsnj19_SemiBin_44.fa.gz_k141_1072619.region001.gbk_region_1	cpsnj19_SemiBin_44.fa.gz_k141_1072619.region001	region	1	37	FAM_00036
cpsnj03_SemiBin_59.fa.gz_k141_1161170.region001.gbk_region_1	cpsnj03_SemiBin_59.fa.gz_k141_1161170.region001	region	1	37	FAM_00036
sample13_SemiBin_31.fa.gz_k141_3721349.region001.gbk_region_1	sample13_SemiBin_31.fa.gz_k141_3721349.region001	region	1	37	FAM_00036
sample24_SemiBin_14.fa.gz_k141_1408920.region001.gbk_region_1	sample24_SemiBin_14.fa.gz_k141_1408920.region001	region	1	37	FAM_00036
sample1_SemiBin_95.fa.gz_k141_3020965.region001.gbk_region_1	sample1_SemiBin_95.fa.gz_k141_3020965.region001	region	1	37	FAM_00036
sample18_SemiBin_75.fa.gz_k141_5675037.region001.gbk_region_1	sample18_SemiBin_75.fa.gz_k141_5675037.region001	region	1	37	FAM_00036
sample12_SemiBin_24.fa.gz_k141_2105281.region001.gbk_region_1	sample12_SemiBin_24.fa.gz_k141_2105281.region001	region	1	37	FAM_00036
sample21_SemiBin_83.fa.gz_k141_196934.region001.gbk_region_1	sample21_SemiBin_83.fa.gz_k141_196934.region001	region	1	37	FAM_00036
cpsnj04_SemiBin_25.fa.gz_k141_2025344.region001.gbk_region_1	cpsnj04_SemiBin_25.fa.gz_k141_2025344.region001	region	1	37	FAM_00036
sample7_SemiBin_6.fa.gz_k141_1685669.region001.gbk_region_1	sample7_SemiBin_6.fa.gz_k141_1685669.region001	region	1	37	FAM_00036
sample29_SemiBin_37.fa.gz_k141_1747507.region001.gbk_region_1	sample29_SemiBin_37.fa.gz_k141_1747507.region001	region	1	37	FAM_00036
sample16_SemiBin_65.fa.gz_k141_589204.region001.gbk_region_1	sample16_SemiBin_65.fa.gz_k141_589204.region001	region	1	37	FAM_00036
sample22_SemiBin_120.fa.gz_k141_1670756.region001.gbk_region_1	sample22_SemiBin_120.fa.gz_k141_1670756.region001	region	1	37	FAM_00036
sample8_SemiBin_40.fa.gz_k141_898482.region001.gbk_region_1	sample8_SemiBin_40.fa.gz_k141_898482.region001	region	1	37	FAM_00036
sample4_SemiBin_21.fa.gz_k141_50329.region001.gbk_region_1	sample4_SemiBin_21.fa.gz_k141_50329.region001	region	1	37	FAM_00036
sample27_SemiBin_44.fa.gz_k141_5743988.region001.gbk_region_1	sample27_SemiBin_44.fa.gz_k141_5743988.region001	region	1	37	FAM_00036
sample20_SemiBin_91.fa.gz_k141_3270206.region001.gbk_region_1	sample20_SemiBin_91.fa.gz_k141_3270206.region001	region	1	37	FAM_00036
sample3_SemiBin_72.fa.gz_k141_190223.region001.gbk_region_1	sample3_SemiBin_72.fa.gz_k141_190223.region001	region	1	37	FAM_00036
snj04_SemiBin_28.fa.gz_k141_1811622.region001.gbk_region_1	snj04_SemiBin_28.fa.gz_k141_1811622.region001	region	1	37	FAM_00036
snj03_SemiBin_40.fa.gz_k141_1071745.region001.gbk_region_1	snj03_SemiBin_40.fa.gz_k141_1071745.region001	region	1	37	FAM_00036
cpsnj08_SemiBin_25.fa.gz_k141_2025344.region001.gbk_region_1	cpsnj08_SemiBin_25.fa.gz_k141_2025344.region001	region	1	37	FAM_00036
cpsnj03_SemiBin_60.fa.gz_k141_1046573.region001.gbk_region_1	cpsnj03_SemiBin_60.fa.gz_k141_1046573.region001	region	1	37	FAM_00036
cpsnj04_SemiBin_25.fa.gz_k141_2540227.region001.gbk_region_1	cpsnj04_SemiBin_25.fa.gz_k141_2540227.region001	region	1	37	FAM_00036
sample17_SemiBin_54.fa.gz_k141_102925.region001.gbk_region_1	sample17_SemiBin_54.fa.gz_k141_102925.region001	region	1	37	FAM_00036
sample13_SemiBin_105.fa.gz_k141_3847846.region001.gbk_region_1	sample13_SemiBin_105.fa.gz_k141_3847846.region001	region	1	37	FAM_00037
sample13_SemiBin_68.fa.gz_k141_3249885.region001.gbk_region_1	sample13_SemiBin_68.fa.gz_k141_3249885.region001	region	1	37	FAM_00037
sample18_SemiBin_75.fa.gz_k141_4421967.region001.gbk_region_1	sample18_SemiBin_75.fa.gz_k141_4421967.region001	region	1	37	FAM_00037
sample10_SemiBin_55.fa.gz_k141_3562773.region001.gbk_region_1	sample10_SemiBin_55.fa.gz_k141_3562773.region001	region	1	37	FAM_00037
cpsnj03_SemiBin_22.fa.gz_k141_1889590.region001.gbk_region_1	cpsnj03_SemiBin_22.fa.gz_k141_1889590.region001	region	1	41	FAM_00038
sample16_SemiBin_56.fa.gz_k141_898878.region001.gbk_region_1	sample16_SemiBin_56.fa.gz_k141_898878.region001	region	1	41	FAM_00038
snj13_SemiBin_16.fa.gz_k141_2342995.region001.gbk_region_1	snj13_SemiBin_16.fa.gz_k141_2342995.region001	region	1	41	FAM_00038
sample6_SemiBin_15.fa.gz_k141_937780.region001.gbk_region_1	sample6_SemiBin_15.fa.gz_k141_937780.region001	region	1	41	FAM_00038
sample20_SemiBin_12.fa.gz_k141_2142447.region001.gbk_region_1	sample20_SemiBin_12.fa.gz_k141_2142447.region001	region	1	41	FAM_00038
sample5_SemiBin_7.fa.gz_k141_1552199.region001.gbk_region_1	sample5_SemiBin_7.fa.gz_k141_1552199.region001	region	1	41	FAM_00038
cpsnj19_SemiBin_57.fa.gz_k141_1086001.region001.gbk_region_1	cpsnj19_SemiBin_57.fa.gz_k141_1086001.region001	region	1	41	FAM_00038
snj01_SemiBin_10.fa.gz_k141_2211036.region001.gbk_region_1	snj01_SemiBin_10.fa.gz_k141_2211036.region001	region	1	41	FAM_00038
sample2_SemiBin_10.fa.gz_k141_2352430.region001.gbk_region_1	sample2_SemiBin_10.fa.gz_k141_2352430.region001	region	1	41	FAM_00038
sample9_SemiBin_34.fa.gz_k141_6187744.region001.gbk_region_1	sample9_SemiBin_34.fa.gz_k141_6187744.region001	region	1	41	FAM_00038
sample4_SemiBin_32.fa.gz_k141_804213.region001.gbk_region_1	sample4_SemiBin_32.fa.gz_k141_804213.region001	region	1	41	FAM_00038
snj15_SemiBin_23.fa.gz_k141_2249824.region001.gbk_region_1	snj15_SemiBin_23.fa.gz_k141_2249824.region001	region	1	41	FAM_00038
sample7_SemiBin_67.fa.gz_k141_5747525.region001.gbk_region_1	sample7_SemiBin_67.fa.gz_k141_5747525.region001	region	1	41	FAM_00038
cpsnj14_SemiBin_34.fa.gz_k141_2725953.region001.gbk_region_1	cpsnj14_SemiBin_34.fa.gz_k141_2725953.region001	region	1	41	FAM_00038
sample3_SemiBin_27.fa.gz_k141_1036709.region001.gbk_region_1	sample3_SemiBin_27.fa.gz_k141_1036709.region001	region	1	41	FAM_00038
sample23_SemiBin_6.fa.gz_k141_2190337.region001.gbk_region_1	sample23_SemiBin_6.fa.gz_k141_2190337.region001	region	1	41	FAM_00038
sample18_SemiBin_122.fa.gz_k141_5625674.region001.gbk_region_1	sample18_SemiBin_122.fa.gz_k141_5625674.region001	region	1	41	FAM_00038
snj08_SemiBin_65.fa.gz_k141_860892.region001.gbk_region_1	snj08_SemiBin_65.fa.gz_k141_860892.region001	region	1	41	FAM_00038
snj19_SemiBin_166.fa.gz_k141_2359914.region001.gbk_region_1	snj19_SemiBin_166.fa.gz_k141_2359914.region001	region	1	41	FAM_00038
sample15_SemiBin_86.fa.gz_k141_1774043.region001.gbk_region_1	sample15_SemiBin_86.fa.gz_k141_1774043.region001	region	1	41	FAM_00038
snj03_SemiBin_173.fa.gz_k141_1621805.region001.gbk_region_1	snj03_SemiBin_173.fa.gz_k141_1621805.region001	region	1	41	FAM_00038
sample8_SemiBin_16.fa.gz_k141_1385361.region001.gbk_region_1	sample8_SemiBin_16.fa.gz_k141_1385361.region001	region	1	41	FAM_00038
sample22_SemiBin_26.fa.gz_k141_2062730.region001.gbk_region_1	sample22_SemiBin_26.fa.gz_k141_2062730.region001	region	1	41	FAM_00038
sample7_SemiBin_38.fa.gz_k141_1643707.region001.gbk_region_1	sample7_SemiBin_38.fa.gz_k141_1643707.region001	region	1	41	FAM_00039
sample18_SemiBin_6.fa.gz_k141_3843587.region001.gbk_region_1	sample18_SemiBin_6.fa.gz_k141_3843587.region001	region	1	41	FAM_00039
cpsnj13_SemiBin_2.fa.gz_k141_833686.region001.gbk_region_1	cpsnj13_SemiBin_2.fa.gz_k141_833686.region001	region	1	41	FAM_00039
snj09_SemiBin_21.fa.gz_k141_2665923.region001.gbk_region_1	snj09_SemiBin_21.fa.gz_k141_2665923.region001	region	1	41	FAM_00039
cpsnj10_SemiBin_32.fa.gz_k141_125994.region001.gbk_region_1	cpsnj10_SemiBin_32.fa.gz_k141_125994.region001	region	1	41	FAM_00039
snj11_SemiBin_80.fa.gz_k141_2461013.region001.gbk_region_1	snj11_SemiBin_80.fa.gz_k141_2461013.region001	region	1	41	FAM_00039
cpsnj09_SemiBin_53.fa.gz_k141_31352.region001.gbk_region_1	cpsnj09_SemiBin_53.fa.gz_k141_31352.region001	region	1	41	FAM_00039
sample5_SemiBin_88.fa.gz_k141_1779697.region001.gbk_region_1	sample5_SemiBin_88.fa.gz_k141_1779697.region001	region	1	41	FAM_00039
sample15_SemiBin_9.fa.gz_k141_3566283.region001.gbk_region_1	sample15_SemiBin_9.fa.gz_k141_3566283.region001	region	1	41	FAM_00039
sample10_SemiBin_64.fa.gz_k141_1480981.region001.gbk_region_1	sample10_SemiBin_64.fa.gz_k141_1480981.region001	region	1	41	FAM_00039
cpsnj09_SemiBin_65.fa.gz_k141_2996897.region001.gbk_region_1	cpsnj09_SemiBin_65.fa.gz_k141_2996897.region001	region	1	41	FAM_00039
sample9_SemiBin_20.fa.gz_k141_581045.region001.gbk_region_1	sample9_SemiBin_20.fa.gz_k141_581045.region001	region	1	41	FAM_00039
sample22_SemiBin_7.fa.gz_k141_5655372.region001.gbk_region_1	sample22_SemiBin_7.fa.gz_k141_5655372.region001	region	1	41	FAM_00039
sample1_SemiBin_110.fa.gz_k141_156674.region001.gbk_region_1	sample1_SemiBin_110.fa.gz_k141_156674.region001	region	1	41	FAM_00039
cpsnj09_SemiBin_13.fa.gz_k141_689094.region001.gbk_region_1	cpsnj09_SemiBin_13.fa.gz_k141_689094.region001	region	1	41	FAM_00040
cpsnj10_SemiBin_93.fa.gz_k141_3276228.region001.gbk_region_1	cpsnj10_SemiBin_93.fa.gz_k141_3276228.region001	region	1	41	FAM_00040
snj09_SemiBin_65.fa.gz_k141_3211304.region001.gbk_region_1	snj09_SemiBin_65.fa.gz_k141_3211304.region001	region	1	41	FAM_00040
cpsnj13_SemiBin_142.fa.gz_k141_690191.region001.gbk_region_1	cpsnj13_SemiBin_142.fa.gz_k141_690191.region001	region	1	41	FAM_00040
sample28_SemiBin_63.fa.gz_k141_1247512.region001.gbk_region_1	sample28_SemiBin_63.fa.gz_k141_1247512.region001	region	1	41	FAM_00040
cpsnj13_SemiBin_87.fa.gz_k141_3491008.region001.gbk_region_1	cpsnj13_SemiBin_87.fa.gz_k141_3491008.region001	region	1	41	FAM_00040
sample18_SemiBin_201.fa.gz_k141_4279751.region001.gbk_region_1	sample18_SemiBin_201.fa.gz_k141_4279751.region001	region	1	41	FAM_00041
cpsnj19_SemiBin_3.fa.gz_k141_456640.region001.gbk_region_1	cpsnj19_SemiBin_3.fa.gz_k141_456640.region001	region	1	41	FAM_00041
sample17_SemiBin_67.fa.gz_k141_6332931.region001.gbk_region_1	sample17_SemiBin_67.fa.gz_k141_6332931.region001	region	1	41	FAM_00041
sample10_SemiBin_124.fa.gz_k141_2952449.region001.gbk_region_1	sample10_SemiBin_124.fa.gz_k141_2952449.region001	region	1	41	FAM_00041
sample28_SemiBin_32.fa.gz_k141_1113250.region001.gbk_region_1	sample28_SemiBin_32.fa.gz_k141_1113250.region001	region	1	41	FAM_00041
sample15_SemiBin_36.fa.gz_k141_3968671.region001.gbk_region_1	sample15_SemiBin_36.fa.gz_k141_3968671.region001	region	1	41	FAM_00041
sample22_SemiBin_49.fa.gz_k141_5453006.region001.gbk_region_1	sample22_SemiBin_49.fa.gz_k141_5453006.region001	region	1	41	FAM_00041
sample1_SemiBin_60.fa.gz_k141_721941.region001.gbk_region_1	sample1_SemiBin_60.fa.gz_k141_721941.region001	region	1	41	FAM_00041
sample10_SemiBin_27.fa.gz_k141_2037810.region001.gbk_region_1	sample10_SemiBin_27.fa.gz_k141_2037810.region001	region	1	41	FAM_00041
sample16_SemiBin_8.fa.gz_k141_1846550.region001.gbk_region_1	sample16_SemiBin_8.fa.gz_k141_1846550.region001	region	1	41	FAM_00041
cpsnj02_SemiBin_8.fa.gz_k141_1481824.region001.gbk_region_1	cpsnj02_SemiBin_8.fa.gz_k141_1481824.region001	region	1	41	FAM_00041
sample26_SemiBin_44.fa.gz_k141_4062144.region001.gbk_region_1	sample26_SemiBin_44.fa.gz_k141_4062144.region001	region	1	41	FAM_00041
sample22_SemiBin_85.fa.gz_k141_3232431.region001.gbk_region_1	sample22_SemiBin_85.fa.gz_k141_3232431.region001	region	1	41	FAM_00041
sample19_SemiBin_81.fa.gz_k141_3145040.region001.gbk_region_1	sample19_SemiBin_81.fa.gz_k141_3145040.region001	region	1	41	FAM_00042
sample1_SemiBin_88.fa.gz_k141_1546576.region001.gbk_region_1	sample1_SemiBin_88.fa.gz_k141_1546576.region001	region	1	41	FAM_00042
sample15_SemiBin_26.fa.gz_k141_1048605.region001.gbk_region_1	sample15_SemiBin_26.fa.gz_k141_1048605.region001	region	1	41	FAM_00042
cpsnj11_SemiBin_126.fa.gz_k141_3740575.region001.gbk_region_1	cpsnj11_SemiBin_126.fa.gz_k141_3740575.region001	region	1	41	FAM_00042
cpsnj13_SemiBin_73.fa.gz_k141_3750343.region001.gbk_region_1	cpsnj13_SemiBin_73.fa.gz_k141_3750343.region001	region	1	41	FAM_00042
sample10_SemiBin_7.fa.gz_k141_3833953.region001.gbk_region_1	sample10_SemiBin_7.fa.gz_k141_3833953.region001	region	1	41	FAM_00042
snj04_SemiBin_21.fa.gz_k141_160244.region001.gbk_region_1	snj04_SemiBin_21.fa.gz_k141_160244.region001	region	1	41	FAM_00043
cpsnj19_SemiBin_28.fa.gz_k141_452030.region001.gbk_region_1	cpsnj19_SemiBin_28.fa.gz_k141_452030.region001	region	1	41	FAM_00043
snj19_SemiBin_60.fa.gz_k141_467166.region001.gbk_region_1	snj19_SemiBin_60.fa.gz_k141_467166.region001	region	1	41	FAM_00043
cpsnj03_SemiBin_38.fa.gz_k141_1103758.region001.gbk_region_1	cpsnj03_SemiBin_38.fa.gz_k141_1103758.region001	region	1	41	FAM_00043
sample15_SemiBin_241.fa.gz_k141_3096669.region001.gbk_region_1	sample15_SemiBin_241.fa.gz_k141_3096669.region001	region	1	41	FAM_00043
snj09_SemiBin_45.fa.gz_k141_165047.region001.gbk_region_1	snj09_SemiBin_45.fa.gz_k141_165047.region001	region	1	41	FAM_00044
cpsnj09_SemiBin_18.fa.gz_k141_740024.region001.gbk_region_1	cpsnj09_SemiBin_18.fa.gz_k141_740024.region001	region	1	41	FAM_00044
cpsnj09_SemiBin_18.fa.gz_k141_2904394.region001.gbk_region_1	cpsnj09_SemiBin_18.fa.gz_k141_2904394.region001	region	1	45	FAM_00045
cpsnj10_SemiBin_90.fa.gz_k141_2391120.region001.gbk_region_1	cpsnj10_SemiBin_90.fa.gz_k141_2391120.region001	region	1	45	FAM_00045
cpsnj13_SemiBin_142.fa.gz_k141_2367069.region001.gbk_region_1	cpsnj13_SemiBin_142.fa.gz_k141_2367069.region001	region	1	45	FAM_00045
snj09_SemiBin_45.fa.gz_k141_1422115.region001.gbk_region_1	snj09_SemiBin_45.fa.gz_k141_1422115.region001	region	1	45	FAM_00045
cpsnj10_SemiBin_32.fa.gz_k141_1190126.region001.gbk_region_1	cpsnj10_SemiBin_32.fa.gz_k141_1190126.region001	region	1	45	FAM_00045
sample5_SemiBin_88.fa.gz_k141_789179.region001.gbk_region_1	sample5_SemiBin_88.fa.gz_k141_789179.region001	region	1	45	FAM_00045
sample22_SemiBin_7.fa.gz_k141_5422454.region001.gbk_region_1	sample22_SemiBin_7.fa.gz_k141_5422454.region001	region	1	45	FAM_00045
cpsnj09_SemiBin_32.fa.gz_k141_2151405.region001.gbk_region_1	cpsnj09_SemiBin_32.fa.gz_k141_2151405.region001	region	1	45	FAM_00045
sample1_SemiBin_110.fa.gz_k141_1599847.region001.gbk_region_1	sample1_SemiBin_110.fa.gz_k141_1599847.region001	region	1	45	FAM_00045
cpsnj13_SemiBin_2.fa.gz_k141_3351498.region001.gbk_region_1	cpsnj13_SemiBin_2.fa.gz_k141_3351498.region001	region	1	45	FAM_00045
cpsnj13_SemiBin_87.fa.gz_k141_1422772.region001.gbk_region_1	cpsnj13_SemiBin_87.fa.gz_k141_1422772.region001	region	1	45	FAM_00045
sample28_SemiBin_63.fa.gz_k141_1139248.region001.gbk_region_1	sample28_SemiBin_63.fa.gz_k141_1139248.region001	region	1	45	FAM_00045
cpsnj13_SemiBin_87.fa.gz_k141_2431541.region001.gbk_region_1	cpsnj13_SemiBin_87.fa.gz_k141_2431541.region001	region	1	45	FAM_00045
sample23_SemiBin_58.fa.gz_k141_4979502.region001.gbk_region_1	sample23_SemiBin_58.fa.gz_k141_4979502.region001	region	1	45	FAM_00046
cpsnj10_SemiBin_112.fa.gz_k141_1976631.region001.gbk_region_1	cpsnj10_SemiBin_112.fa.gz_k141_1976631.region001	region	1	45	FAM_00046
cpsnj20_SemiBin_14.fa.gz_k141_407161.region001.gbk_region_1	cpsnj20_SemiBin_14.fa.gz_k141_407161.region001	region	1	45	FAM_00046
sample28_SemiBin_46.fa.gz_k141_1160517.region001.gbk_region_1	sample28_SemiBin_46.fa.gz_k141_1160517.region001	region	1	45	FAM_00046
snj04_SemiBin_31.fa.gz_k141_1634647.region001.gbk_region_1	snj04_SemiBin_31.fa.gz_k141_1634647.region001	region	1	45	FAM_00046
sample10_SemiBin_22.fa.gz_k141_2527303.region001.gbk_region_1	sample10_SemiBin_22.fa.gz_k141_2527303.region001	region	1	45	FAM_00046
sample14_SemiBin_19.fa.gz_k141_311575.region001.gbk_region_1	sample14_SemiBin_19.fa.gz_k141_311575.region001	region	1	45	FAM_00047
sample18_SemiBin_6.fa.gz_k141_3016089.region001.gbk_region_1	sample18_SemiBin_6.fa.gz_k141_3016089.region001	region	1	45	FAM_00047
sample13_SemiBin_99.fa.gz_k141_3389980.region001.gbk_region_1	sample13_SemiBin_99.fa.gz_k141_3389980.region001	region	1	45	FAM_00047
sample15_SemiBin_8.fa.gz_k141_1812119.region001.gbk_region_1	sample15_SemiBin_8.fa.gz_k141_1812119.region001	region	1	45	FAM_00047
sample10_SemiBin_64.fa.gz_k141_4398684.region001.gbk_region_1	sample10_SemiBin_64.fa.gz_k141_4398684.region001	region	1	45	FAM_00047
snj11_SemiBin_80.fa.gz_k141_1263274.region001.gbk_region_1	snj11_SemiBin_80.fa.gz_k141_1263274.region001	region	1	45	FAM_00047
sample18_SemiBin_11.fa.gz_k141_4823897.region001.gbk_region_1	sample18_SemiBin_11.fa.gz_k141_4823897.region001	region	1	45	FAM_00048
sample15_SemiBin_30.fa.gz_k141_5129.region001.gbk_region_1	sample15_SemiBin_30.fa.gz_k141_5129.region001	region	1	45	FAM_00048
cpsnj08_SemiBin_15.fa.gz_k141_2538278.region001.gbk_region_1	cpsnj08_SemiBin_15.fa.gz_k141_2538278.region001	region	1	53	FAM_00049
cpsnj04_SemiBin_15.fa.gz_k141_2538278.region001.gbk_region_1	cpsnj04_SemiBin_15.fa.gz_k141_2538278.region001	region	1	53	FAM_00049
cpsnj11_SemiBin_113.fa.gz_k141_1422964.region001.gbk_region_1	cpsnj11_SemiBin_113.fa.gz_k141_1422964.region001	region	1	65	FAM_00050
cpsnj14_SemiBin_27.fa.gz_k141_1062885.region001.gbk_region_1	cpsnj14_SemiBin_27.fa.gz_k141_1062885.region001	region	1	65	FAM_00050
cpsnj09_SemiBin_32.fa.gz_k141_855902.region001.gbk_region_1	cpsnj09_SemiBin_32.fa.gz_k141_855902.region001	region	1	69	FAM_00051
cpsnj13_SemiBin_2.fa.gz_k141_3557583.region001.gbk_region_1	cpsnj13_SemiBin_2.fa.gz_k141_3557583.region001	region	1	69	FAM_00051
cpsnj09_SemiBin_53.fa.gz_k141_1334439.region001.gbk_region_1	cpsnj09_SemiBin_53.fa.gz_k141_1334439.region001	region	1	69	FAM_00051
cpsnj11_SemiBin_126.fa.gz_k141_2591648.region001.gbk_region_1	cpsnj11_SemiBin_126.fa.gz_k141_2591648.region001	region	1	69	FAM_00051
sample4_SemiBin_41.fa.gz_k141_606305.region001.gbk_region_1	sample4_SemiBin_41.fa.gz_k141_606305.region001	region	1	69	FAM_00051
cpsnj10_SemiBin_90.fa.gz_k141_4507051.region001.gbk_region_1	cpsnj10_SemiBin_90.fa.gz_k141_4507051.region001	region	1	69	FAM_00051
snj09_SemiBin_21.fa.gz_k141_3256263.region001.gbk_region_1	snj09_SemiBin_21.fa.gz_k141_3256263.region001	region	1	69	FAM_00051
cpsnj09_SemiBin_18.fa.gz_k141_554645.region001.gbk_region_1	cpsnj09_SemiBin_18.fa.gz_k141_554645.region001	region	1	69	FAM_00051
sample18_SemiBin_201.fa.gz_k141_1499254.region001.gbk_region_1	sample18_SemiBin_201.fa.gz_k141_1499254.region001	region	1	69	FAM_00052
sample28_SemiBin_32.fa.gz_k141_3987896.region001.gbk_region_1	sample28_SemiBin_32.fa.gz_k141_3987896.region001	region	1	69	FAM_00052
cpsnj02_SemiBin_8.fa.gz_k141_1692744.region001.gbk_region_1	cpsnj02_SemiBin_8.fa.gz_k141_1692744.region001	region	1	69	FAM_00052
sample4_SemiBin_41.fa.gz_k141_1637201.region001.gbk_region_1	sample4_SemiBin_41.fa.gz_k141_1637201.region001	region	1	69	FAM_00052
sample26_SemiBin_44.fa.gz_k141_4876827.region001.gbk_region_1	sample26_SemiBin_44.fa.gz_k141_4876827.region001	region	1	69	FAM_00052
snj04_SemiBin_21.fa.gz_k141_9836.region001.gbk_region_1	snj04_SemiBin_21.fa.gz_k141_9836.region001	region	1	69	FAM_00052
sample24_SemiBin_21.fa.gz_k141_5119951.region001.gbk_region_1	sample24_SemiBin_21.fa.gz_k141_5119951.region001	region	1	69	FAM_00052
sample17_SemiBin_67.fa.gz_k141_19435.region001.gbk_region_1	sample17_SemiBin_67.fa.gz_k141_19435.region001	region	1	69	FAM_00052
snj19_SemiBin_60.fa.gz_k141_2259133.region001.gbk_region_1	snj19_SemiBin_60.fa.gz_k141_2259133.region001	region	1	69	FAM_00052
cpsnj13_SemiBin_73.fa.gz_k141_2097625.region001.gbk_region_1	cpsnj13_SemiBin_73.fa.gz_k141_2097625.region001	region	1	69	FAM_00052
sample16_SemiBin_8.fa.gz_k141_3950988.region001.gbk_region_1	sample16_SemiBin_8.fa.gz_k141_3950988.region001	region	1	69	FAM_00052
sample28_SemiBin_32.fa.gz_k141_5905153.region001.gbk_region_1	sample28_SemiBin_32.fa.gz_k141_5905153.region001	region	1	69	FAM_00053
cpsnj19_SemiBin_28.fa.gz_k141_259422.region001.gbk_region_1	cpsnj19_SemiBin_28.fa.gz_k141_259422.region001	region	1	69	FAM_00053
sample16_SemiBin_8.fa.gz_k141_4178665.region001.gbk_region_1	sample16_SemiBin_8.fa.gz_k141_4178665.region001	region	1	69	FAM_00053
sample22_SemiBin_49.fa.gz_k141_1085219.region001.gbk_region_1	sample22_SemiBin_49.fa.gz_k141_1085219.region001	region	1	69	FAM_00053
snj19_SemiBin_60.fa.gz_k141_55482.region001.gbk_region_1	snj19_SemiBin_60.fa.gz_k141_55482.region001	region	1	69	FAM_00053
sample15_SemiBin_36.fa.gz_k141_5260293.region001.gbk_region_1	sample15_SemiBin_36.fa.gz_k141_5260293.region001	region	1	69	FAM_00053
sample1_SemiBin_60.fa.gz_k141_2984499.region001.gbk_region_1	sample1_SemiBin_60.fa.gz_k141_2984499.region001	region	1	69	FAM_00053
cpsnj01_SemiBin_22.fa.gz_k141_2519096.region001.gbk_region_1	cpsnj01_SemiBin_22.fa.gz_k141_2519096.region001	region	1	69	FAM_00053
cpsnj02_SemiBin_8.fa.gz_k141_1503585.region001.gbk_region_1	cpsnj02_SemiBin_8.fa.gz_k141_1503585.region001	region	1	69	FAM_00053
sample26_SemiBin_44.fa.gz_k141_1586142.region001.gbk_region_1	sample26_SemiBin_44.fa.gz_k141_1586142.region001	region	1	69	FAM_00053
sample10_SemiBin_124.fa.gz_k141_1549559.region001.gbk_region_1	sample10_SemiBin_124.fa.gz_k141_1549559.region001	region	1	69	FAM_00053
sample17_SemiBin_67.fa.gz_k141_4747614.region001.gbk_region_1	sample17_SemiBin_67.fa.gz_k141_4747614.region001	region	1	69	FAM_00053
cpsnj11_SemiBin_126.fa.gz_k141_2439627.region001.gbk_region_1	cpsnj11_SemiBin_126.fa.gz_k141_2439627.region001	region	1	69	FAM_00053
sample28_SemiBin_32.fa.gz_k141_4645619.region001.gbk_region_1	sample28_SemiBin_32.fa.gz_k141_4645619.region001	region	1	69	FAM_00053
snj04_SemiBin_21.fa.gz_k141_1065177.region001.gbk_region_1	snj04_SemiBin_21.fa.gz_k141_1065177.region001	region	1	69	FAM_00053
cpsnj03_SemiBin_38.fa.gz_k141_3048724.region001.gbk_region_1	cpsnj03_SemiBin_38.fa.gz_k141_3048724.region001	region	1	69	FAM_00053
cpsnj13_SemiBin_73.fa.gz_k141_784980.region001.gbk_region_1	cpsnj13_SemiBin_73.fa.gz_k141_784980.region001	region	1	69	FAM_00053
sample15_SemiBin_241.fa.gz_k141_5526739.region001.gbk_region_1	sample15_SemiBin_241.fa.gz_k141_5526739.region001	region	1	69	FAM_00053
sample18_SemiBin_201.fa.gz_k141_4740694.region001.gbk_region_1	sample18_SemiBin_201.fa.gz_k141_4740694.region001	region	1	69	FAM_00053
sample10_SemiBin_27.fa.gz_k141_3258781.region001.gbk_region_1	sample10_SemiBin_27.fa.gz_k141_3258781.region001	region	1	69	FAM_00053
sample19_SemiBin_81.fa.gz_k141_5200815.region001.gbk_region_1	sample19_SemiBin_81.fa.gz_k141_5200815.region001	region	1	69	FAM_00054
cpsnj19_SemiBin_3.fa.gz_k141_2900106.region001.gbk_region_1	cpsnj19_SemiBin_3.fa.gz_k141_2900106.region001	region	1	69	FAM_00054
sample22_SemiBin_85.fa.gz_k141_5807031.region001.gbk_region_1	sample22_SemiBin_85.fa.gz_k141_5807031.region001	region	1	69	FAM_00054
sample19_SemiBin_81.fa.gz_k141_2026586.region001.gbk_region_1	sample19_SemiBin_81.fa.gz_k141_2026586.region001	region	1	69	FAM_00054
sample10_SemiBin_7.fa.gz_k141_5316193.region001.gbk_region_1	sample10_SemiBin_7.fa.gz_k141_5316193.region001	region	1	69	FAM_00054
snj03_SemiBin_173.fa.gz_k141_2331668.region001.gbk_region_1	snj03_SemiBin_173.fa.gz_k141_2331668.region001	region	1	69	FAM_00055
sample22_SemiBin_26.fa.gz_k141_1280801.region001.gbk_region_1	sample22_SemiBin_26.fa.gz_k141_1280801.region001	region	1	69	FAM_00055
sample18_SemiBin_122.fa.gz_k141_5928956.region001.gbk_region_1	sample18_SemiBin_122.fa.gz_k141_5928956.region001	region	1	69	FAM_00055
sample3_SemiBin_27.fa.gz_k141_2079652.region001.gbk_region_1	sample3_SemiBin_27.fa.gz_k141_2079652.region001	region	1	69	FAM_00055
sample20_SemiBin_12.fa.gz_k141_549356.region001.gbk_region_1	sample20_SemiBin_12.fa.gz_k141_549356.region001	region	1	69	FAM_00055
cpsnj13_SemiBin_142.fa.gz_k141_1374065.region001.gbk_region_1	cpsnj13_SemiBin_142.fa.gz_k141_1374065.region001	region	1	69	FAM_00055
snj19_SemiBin_166.fa.gz_k141_2187000.region001.gbk_region_1	snj19_SemiBin_166.fa.gz_k141_2187000.region001	region	1	69	FAM_00055
sample15_SemiBin_86.fa.gz_k141_743228.region001.gbk_region_1	sample15_SemiBin_86.fa.gz_k141_743228.region001	region	1	69	FAM_00055
sample16_SemiBin_56.fa.gz_k141_2337824.region001.gbk_region_1	sample16_SemiBin_56.fa.gz_k141_2337824.region001	region	1	69	FAM_00055
snj08_SemiBin_65.fa.gz_k141_1224341.region001.gbk_region_1	snj08_SemiBin_65.fa.gz_k141_1224341.region001	region	1	69	FAM_00055
cpsnj03_SemiBin_22.fa.gz_k141_2491104.region001.gbk_region_1	cpsnj03_SemiBin_22.fa.gz_k141_2491104.region001	region	1	69	FAM_00055
sample7_SemiBin_67.fa.gz_k141_3976155.region001.gbk_region_1	sample7_SemiBin_67.fa.gz_k141_3976155.region001	region	1	69	FAM_00055
sample6_SemiBin_15.fa.gz_k141_4736378.region001.gbk_region_1	sample6_SemiBin_15.fa.gz_k141_4736378.region001	region	1	69	FAM_00055
sample2_SemiBin_10.fa.gz_k141_1017366.region001.gbk_region_1	sample2_SemiBin_10.fa.gz_k141_1017366.region001	region	1	69	FAM_00055
sample5_SemiBin_7.fa.gz_k141_1749478.region001.gbk_region_1	sample5_SemiBin_7.fa.gz_k141_1749478.region001	region	1	69	FAM_00055
sample21_SemiBin_17.fa.gz_k141_4871184.region001.gbk_region_1	sample21_SemiBin_17.fa.gz_k141_4871184.region001	region	1	69	FAM_00055
sample28_SemiBin_63.fa.gz_k141_1463681.region001.gbk_region_1	sample28_SemiBin_63.fa.gz_k141_1463681.region001	region	1	69	FAM_00055
sample9_SemiBin_34.fa.gz_k141_5304083.region001.gbk_region_1	sample9_SemiBin_34.fa.gz_k141_5304083.region001	region	1	69	FAM_00055
sample4_SemiBin_32.fa.gz_k141_1355806.region001.gbk_region_1	sample4_SemiBin_32.fa.gz_k141_1355806.region001	region	1	69	FAM_00055
snj09_SemiBin_65.fa.gz_k141_3198953.region001.gbk_region_1	snj09_SemiBin_65.fa.gz_k141_3198953.region001	region	1	69	FAM_00055
sample4_SemiBin_32.fa.gz_k141_642494.region001.gbk_region_1	sample4_SemiBin_32.fa.gz_k141_642494.region001	region	1	69	FAM_00055
cpsnj19_SemiBin_57.fa.gz_k141_1727275.region001.gbk_region_1	cpsnj19_SemiBin_57.fa.gz_k141_1727275.region001	region	1	69	FAM_00055
cpsnj03_SemiBin_22.fa.gz_k141_2540264.region001.gbk_region_1	cpsnj03_SemiBin_22.fa.gz_k141_2540264.region001	region	1	69	FAM_00055
snj13_SemiBin_16.fa.gz_k141_2336147.region001.gbk_region_1	snj13_SemiBin_16.fa.gz_k141_2336147.region001	region	1	69	FAM_00055
sample7_SemiBin_67.fa.gz_k141_1697893.region001.gbk_region_1	sample7_SemiBin_67.fa.gz_k141_1697893.region001	region	1	69	FAM_00055
snj11_SemiBin_80.fa.gz_k141_869013.region001.gbk_region_1	snj11_SemiBin_80.fa.gz_k141_869013.region001	region	1	69	FAM_00055
cpsnj13_SemiBin_142.fa.gz_k141_1698827.region001.gbk_region_1	cpsnj13_SemiBin_142.fa.gz_k141_1698827.region001	region	1	69	FAM_00055
cpsnj09_SemiBin_65.fa.gz_k141_728051.region001.gbk_region_1	cpsnj09_SemiBin_65.fa.gz_k141_728051.region001	region	1	69	FAM_00056
sample13_SemiBin_99.fa.gz_k141_1470589.region001.gbk_region_1	sample13_SemiBin_99.fa.gz_k141_1470589.region001	region	1	69	FAM_00056
sample5_SemiBin_100.fa.gz_k141_1506199.region001.gbk_region_1	sample5_SemiBin_100.fa.gz_k141_1506199.region001	region	1	69	FAM_00056
sample22_SemiBin_7.fa.gz_k141_1052613.region001.gbk_region_1	sample22_SemiBin_7.fa.gz_k141_1052613.region001	region	1	69	FAM_00056
sample18_SemiBin_6.fa.gz_k141_3355951.region001.gbk_region_1	sample18_SemiBin_6.fa.gz_k141_3355951.region001	region	1	69	FAM_00056
cpsnj14_SemiBin_34.fa.gz_k141_713900.region001.gbk_region_1	cpsnj14_SemiBin_34.fa.gz_k141_713900.region001	region	1	69	FAM_00056
sample15_SemiBin_9.fa.gz_k141_4354591.region001.gbk_region_1	sample15_SemiBin_9.fa.gz_k141_4354591.region001	region	1	69	FAM_00056
cpsnj10_SemiBin_32.fa.gz_k141_16203.region001.gbk_region_1	cpsnj10_SemiBin_32.fa.gz_k141_16203.region001	region	1	69	FAM_00056
sample1_SemiBin_110.fa.gz_k141_186497.region001.gbk_region_1	sample1_SemiBin_110.fa.gz_k141_186497.region001	region	1	69	FAM_00056
sample14_SemiBin_19.fa.gz_k141_1569530.region001.gbk_region_1	sample14_SemiBin_19.fa.gz_k141_1569530.region001	region	1	69	FAM_00056
sample7_SemiBin_38.fa.gz_k141_2021460.region001.gbk_region_1	sample7_SemiBin_38.fa.gz_k141_2021460.region001	region	1	69	FAM_00056
sample10_SemiBin_64.fa.gz_k141_2305669.region001.gbk_region_1	sample10_SemiBin_64.fa.gz_k141_2305669.region001	region	1	69	FAM_00056
sample7_SemiBin_37.fa.gz_k141_4262216.region001.gbk_region_1	sample7_SemiBin_37.fa.gz_k141_4262216.region001	region	1	69	FAM_00056
sample15_SemiBin_8.fa.gz_k141_4631350.region001.gbk_region_1	sample15_SemiBin_8.fa.gz_k141_4631350.region001	region	1	69	FAM_00056
cpsnj13_SemiBin_2.fa.gz_k141_592032.region001.gbk_region_1	cpsnj13_SemiBin_2.fa.gz_k141_592032.region001	region	1	69	FAM_00057
cpsnj09_SemiBin_53.fa.gz_k141_1591601.region001.gbk_region_1	cpsnj09_SemiBin_53.fa.gz_k141_1591601.region001	region	1	69	FAM_00057
snj09_SemiBin_45.fa.gz_k141_2748475.region001.gbk_region_1	snj09_SemiBin_45.fa.gz_k141_2748475.region001	region	1	69	FAM_00057
cpsnj10_SemiBin_93.fa.gz_k141_1673241.region001.gbk_region_1	cpsnj10_SemiBin_93.fa.gz_k141_1673241.region001	region	1	69	FAM_00057
cpsnj10_SemiBin_90.fa.gz_k141_2703714.region001.gbk_region_1	cpsnj10_SemiBin_90.fa.gz_k141_2703714.region001	region	1	69	FAM_00057
snj09_SemiBin_21.fa.gz_k141_3217091.region001.gbk_region_1	snj09_SemiBin_21.fa.gz_k141_3217091.region001	region	1	69	FAM_00057
cpsnj09_SemiBin_18.fa.gz_k141_568606.region001.gbk_region_1	cpsnj09_SemiBin_18.fa.gz_k141_568606.region001	region	1	69	FAM_00057
sample5_SemiBin_88.fa.gz_k141_357106.region001.gbk_region_1	sample5_SemiBin_88.fa.gz_k141_357106.region001	region	1	69	FAM_00058
sample28_SemiBin_63.fa.gz_k141_1581439.region001.gbk_region_1	sample28_SemiBin_63.fa.gz_k141_1581439.region001	region	1	69	FAM_00058
sample26_SemiBin_130.fa.gz_k141_2877090.region001.gbk_region_1	sample26_SemiBin_130.fa.gz_k141_2877090.region001	region	1	69	FAM_00058
cpsnj19_SemiBin_3.fa.gz_k141_1509646.region001.gbk_region_1	cpsnj19_SemiBin_3.fa.gz_k141_1509646.region001	region	1	69	FAM_00058
cpsnj10_SemiBin_93.fa.gz_k141_673745.region001.gbk_region_1	cpsnj10_SemiBin_93.fa.gz_k141_673745.region001	region	1	69	FAM_00058
sample23_SemiBin_6.fa.gz_k141_4429799.region001.gbk_region_1	sample23_SemiBin_6.fa.gz_k141_4429799.region001	region	1	69	FAM_00058
sample22_SemiBin_26.fa.gz_k141_1982980.region001.gbk_region_1	sample22_SemiBin_26.fa.gz_k141_1982980.region001	region	1	69	FAM_00058
sample18_SemiBin_122.fa.gz_k141_2336926.region001.gbk_region_1	sample18_SemiBin_122.fa.gz_k141_2336926.region001	region	1	69	FAM_00058
snj15_SemiBin_23.fa.gz_k141_2026448.region001.gbk_region_1	snj15_SemiBin_23.fa.gz_k141_2026448.region001	region	1	69	FAM_00058
sample7_SemiBin_37.fa.gz_k141_925001.region001.gbk_region_1	sample7_SemiBin_37.fa.gz_k141_925001.region001	region	1	69	FAM_00058
cpsnj14_SemiBin_34.fa.gz_k141_1428469.region001.gbk_region_1	cpsnj14_SemiBin_34.fa.gz_k141_1428469.region001	region	1	69	FAM_00058
sample8_SemiBin_16.fa.gz_k141_864364.region001.gbk_region_1	sample8_SemiBin_16.fa.gz_k141_864364.region001	region	1	69	FAM_00058
cpsnj09_SemiBin_13.fa.gz_k141_1444624.region001.gbk_region_1	cpsnj09_SemiBin_13.fa.gz_k141_1444624.region001	region	1	69	FAM_00058
sample9_SemiBin_20.fa.gz_k141_5011512.region001.gbk_region_1	sample9_SemiBin_20.fa.gz_k141_5011512.region001	region	1	69	FAM_00058
snj11_SemiBin_80.fa.gz_k141_462890.region001.gbk_region_1	snj11_SemiBin_80.fa.gz_k141_462890.region001	region	1	69	FAM_00058
sample15_SemiBin_241.fa.gz_k141_5322979.region001.gbk_region_1	sample15_SemiBin_241.fa.gz_k141_5322979.region001	region	1	69	FAM_00058
sample3_SemiBin_27.fa.gz_k141_2662207.region001.gbk_region_1	sample3_SemiBin_27.fa.gz_k141_2662207.region001	region	1	69	FAM_00058
sample4_SemiBin_32.fa.gz_k141_2307140.region001.gbk_region_1	sample4_SemiBin_32.fa.gz_k141_2307140.region001	region	1	69	FAM_00058
sample8_SemiBin_16.fa.gz_k141_2351325.region001.gbk_region_1	sample8_SemiBin_16.fa.gz_k141_2351325.region001	region	1	69	FAM_00059
sample18_SemiBin_122.fa.gz_k141_1647064.region001.gbk_region_1	sample18_SemiBin_122.fa.gz_k141_1647064.region001	region	1	69	FAM_00059
sample2_SemiBin_10.fa.gz_k141_1618839.region001.gbk_region_1	sample2_SemiBin_10.fa.gz_k141_1618839.region001	region	1	69	FAM_00059
cpsnj14_SemiBin_34.fa.gz_k141_2108701.region001.gbk_region_1	cpsnj14_SemiBin_34.fa.gz_k141_2108701.region001	region	1	69	FAM_00059
cpsnj11_SemiBin_126.fa.gz_k141_3865130.region001.gbk_region_1	cpsnj11_SemiBin_126.fa.gz_k141_3865130.region001	region	1	69	FAM_00060
sample4_SemiBin_41.fa.gz_k141_1476792.region001.gbk_region_1	sample4_SemiBin_41.fa.gz_k141_1476792.region001	region	1	69	FAM_00060
cpsnj13_SemiBin_73.fa.gz_k141_652818.region001.gbk_region_1	cpsnj13_SemiBin_73.fa.gz_k141_652818.region001	region	1	69	FAM_00060
cpsnj13_SemiBin_2.fa.gz_k141_3371854.region001.gbk_region_1	cpsnj13_SemiBin_2.fa.gz_k141_3371854.region001	region	1	69	FAM_00061
sample1_SemiBin_110.fa.gz_k141_521578.region001.gbk_region_1	sample1_SemiBin_110.fa.gz_k141_521578.region001	region	1	69	FAM_00061
cpsnj10_SemiBin_90.fa.gz_k141_4063096.region001.gbk_region_1	cpsnj10_SemiBin_90.fa.gz_k141_4063096.region001	region	1	69	FAM_00061
cpsnj13_SemiBin_87.fa.gz_k141_1143188.region001.gbk_region_1	cpsnj13_SemiBin_87.fa.gz_k141_1143188.region001	region	1	69	FAM_00061
sample9_SemiBin_20.fa.gz_k141_5659458.region001.gbk_region_1	sample9_SemiBin_20.fa.gz_k141_5659458.region001	region	1	69	FAM_00062
cpsnj09_SemiBin_53.fa.gz_k141_2220217.region001.gbk_region_1	cpsnj09_SemiBin_53.fa.gz_k141_2220217.region001	region	1	69	FAM_00062
snj09_SemiBin_21.fa.gz_k141_2199119.region001.gbk_region_1	snj09_SemiBin_21.fa.gz_k141_2199119.region001	region	1	69	FAM_00062
cpsnj09_SemiBin_88.fa.gz_k141_5088.region001.gbk_region_1	cpsnj09_SemiBin_88.fa.gz_k141_5088.region001	region	1	69	FAM_00063
cpsnj14_SemiBin_59.fa.gz_k141_790323.region001.gbk_region_1	cpsnj14_SemiBin_59.fa.gz_k141_790323.region001	region	1	69	FAM_00063
sample7_SemiBin_106.fa.gz_k141_3490620.region001.gbk_region_1	sample7_SemiBin_106.fa.gz_k141_3490620.region001	region	1	69	FAM_00063
cpsnj19_SemiBin_8.fa.gz_k141_1875248.region001.gbk_region_1	cpsnj19_SemiBin_8.fa.gz_k141_1875248.region001	region	1	73	FAM_00064
snj15_SemiBin_0.fa.gz_k141_1557006.region001.gbk_region_1	snj15_SemiBin_0.fa.gz_k141_1557006.region001	region	1	73	FAM_00064
sample13_SemiBin_10.fa.gz_k141_3898226.region001.gbk_region_1	sample13_SemiBin_10.fa.gz_k141_3898226.region001	region	1	73	FAM_00064
sample6_SemiBin_72.fa.gz_k141_3692893.region001.gbk_region_1	sample6_SemiBin_72.fa.gz_k141_3692893.region001	region	1	73	FAM_00064
sample17_SemiBin_71.fa.gz_k141_3910223.region001.gbk_region_1	sample17_SemiBin_71.fa.gz_k141_3910223.region001	region	1	73	FAM_00064
sample9_SemiBin_27.fa.gz_k141_146456.region001.gbk_region_1	sample9_SemiBin_27.fa.gz_k141_146456.region001	region	1	73	FAM_00064
sample5_SemiBin_26.fa.gz_k141_1856916.region001.gbk_region_1	sample5_SemiBin_26.fa.gz_k141_1856916.region001	region	1	73	FAM_00064
snj01_SemiBin_39.fa.gz_k141_974609.region001.gbk_region_1	snj01_SemiBin_39.fa.gz_k141_974609.region001	region	1	83	FAM_00065
snj20_SemiBin_40.fa.gz_k141_1401621.region001.gbk_region_1	snj20_SemiBin_40.fa.gz_k141_1401621.region001	region	1	83	FAM_00065
snj19_SemiBin_13.fa.gz_k141_2412480.region001.gbk_region_1	snj19_SemiBin_13.fa.gz_k141_2412480.region001	region	1	83	FAM_00065
cpsnj01_SemiBin_25.fa.gz_k141_93469.region001.gbk_region_1	cpsnj01_SemiBin_25.fa.gz_k141_93469.region001	region	1	83	FAM_00065
cpsnj19_SemiBin_13.fa.gz_k141_2839789.region001.gbk_region_1	cpsnj19_SemiBin_13.fa.gz_k141_2839789.region001	region	1	83	FAM_00065
cpsnj10_SemiBin_141.fa.gz_k141_1195362.region001.gbk_region_1	cpsnj10_SemiBin_141.fa.gz_k141_1195362.region001	region	1	83	FAM_00065
cpsnj10_SemiBin_184.fa.gz_k141_2409143.region001.gbk_region_1	cpsnj10_SemiBin_184.fa.gz_k141_2409143.region001	region	1	83	FAM_00066
snj14_SemiBin_3.fa.gz_k141_121054.region001.gbk_region_1	snj14_SemiBin_3.fa.gz_k141_121054.region001	region	1	83	FAM_00066
sample15_SemiBin_80.fa.gz_k141_4442572.region001.gbk_region_1	sample15_SemiBin_80.fa.gz_k141_4442572.region001	region	1	83	FAM_00066
cpsnj13_SemiBin_20.fa.gz_k141_1251611.region001.gbk_region_1	cpsnj13_SemiBin_20.fa.gz_k141_1251611.region001	region	1	83	FAM_00066
sample10_SemiBin_55.fa.gz_k141_1103272.region001.gbk_region_1	sample10_SemiBin_55.fa.gz_k141_1103272.region001	region	1	83	FAM_00066
cpsnj01_SemiBin_96.fa.gz_k141_2815378.region001.gbk_region_1	cpsnj01_SemiBin_96.fa.gz_k141_2815378.region001	region	1	83	FAM_00066
cpsnj10_SemiBin_99.fa.gz_k141_703367.region001.gbk_region_1	cpsnj10_SemiBin_99.fa.gz_k141_703367.region001	region	1	83	FAM_00066
cpsnj10_SemiBin_67.fa.gz_k141_1098426.region001.gbk_region_1	cpsnj10_SemiBin_67.fa.gz_k141_1098426.region001	region	1	83	FAM_00066
sample17_SemiBin_13.fa.gz_k141_1224392.region001.gbk_region_1	sample17_SemiBin_13.fa.gz_k141_1224392.region001	region	1	83	FAM_00066
snj09_SemiBin_46.fa.gz_k141_1707234.region001.gbk_region_1	snj09_SemiBin_46.fa.gz_k141_1707234.region001	region	1	83	FAM_00066
snj10_SemiBin_31.fa.gz_k141_2240028.region001.gbk_region_1	snj10_SemiBin_31.fa.gz_k141_2240028.region001	region	1	83	FAM_00066
sample22_SemiBin_47.fa.gz_k141_4051199.region001.gbk_region_1	sample22_SemiBin_47.fa.gz_k141_4051199.region001	region	1	83	FAM_00066
sample7_SemiBin_41.fa.gz_k141_478391.region001.gbk_region_1	sample7_SemiBin_41.fa.gz_k141_478391.region001	region	1	83	FAM_00066
cpsnj16_SemiBin_17.fa.gz_k141_2284902.region001.gbk_region_1	cpsnj16_SemiBin_17.fa.gz_k141_2284902.region001	region	1	87	FAM_00067
snj16_SemiBin_65.fa.gz_k141_2396680.region001.gbk_region_1	snj16_SemiBin_65.fa.gz_k141_2396680.region001	region	1	87	FAM_00067
sample4_SemiBin_1.fa.gz_k141_1822046.region001.gbk_region_1	sample4_SemiBin_1.fa.gz_k141_1822046.region001	region	1	87	FAM_00067
snj15_SemiBin_13.fa.gz_k141_34825.region001.gbk_region_1	snj15_SemiBin_13.fa.gz_k141_34825.region001	region	1	87	FAM_00067
snj03_SemiBin_107.fa.gz_k141_683458.region001.gbk_region_1	snj03_SemiBin_107.fa.gz_k141_683458.region001	region	1	87	FAM_00067
sample8_SemiBin_3.fa.gz_k141_812984.region001.gbk_region_1	sample8_SemiBin_3.fa.gz_k141_812984.region001	region	1	87	FAM_00067
cpsnj03_SemiBin_77.fa.gz_k141_2240600.region001.gbk_region_1	cpsnj03_SemiBin_77.fa.gz_k141_2240600.region001	region	1	87	FAM_00067
snj11_SemiBin_32.fa.gz_k141_1187220.region001.gbk_region_1	snj11_SemiBin_32.fa.gz_k141_1187220.region001	region	1	87	FAM_00067
sample13_SemiBin_105.fa.gz_k141_938119.region001.gbk_region_1	sample13_SemiBin_105.fa.gz_k141_938119.region001	region	1	87	FAM_00067
sample3_SemiBin_79.fa.gz_k141_401518.region001.gbk_region_1	sample3_SemiBin_79.fa.gz_k141_401518.region001	region	1	87	FAM_00067
cpsnj11_SemiBin_38.fa.gz_k141_901526.region001.gbk_region_1	cpsnj11_SemiBin_38.fa.gz_k141_901526.region001	region	1	87	FAM_00068
snj08_SemiBin_31.fa.gz_k141_2904863.region001.gbk_region_1	snj08_SemiBin_31.fa.gz_k141_2904863.region001	region	1	87	FAM_00068
sample3_SemiBin_79.fa.gz_k141_487168.region001.gbk_region_1	sample3_SemiBin_79.fa.gz_k141_487168.region001	region	1	87	FAM_00068
cpsnj20_SemiBin_37.fa.gz_k141_1740765.region001.gbk_region_1	cpsnj20_SemiBin_37.fa.gz_k141_1740765.region001	region	1	87	FAM_00069
sample15_SemiBin_20.fa.gz_k141_1292588.region001.gbk_region_1	sample15_SemiBin_20.fa.gz_k141_1292588.region001	region	1	87	FAM_00069
cpsnj14_SemiBin_36.fa.gz_k141_3101158.region001.gbk_region_1	cpsnj14_SemiBin_36.fa.gz_k141_3101158.region001	region	1	87	FAM_00069
cpsnj20_SemiBin_30.fa.gz_k141_2421718.region001.gbk_region_1	cpsnj20_SemiBin_30.fa.gz_k141_2421718.region001	region	1	87	FAM_00070
sample3_SemiBin_77.fa.gz_k141_2480365.region001.gbk_region_1	sample3_SemiBin_77.fa.gz_k141_2480365.region001	region	1	87	FAM_00070
sample13_SemiBin_72.fa.gz_k141_981127.region001.gbk_region_1	sample13_SemiBin_72.fa.gz_k141_981127.region001	region	1	87	FAM_00070
sample16_SemiBin_61.fa.gz_k141_1449751.region001.gbk_region_1	sample16_SemiBin_61.fa.gz_k141_1449751.region001	region	1	91	FAM_00071
snj13_SemiBin_7.fa.gz_k141_2242324.region001.gbk_region_1	snj13_SemiBin_7.fa.gz_k141_2242324.region001	region	1	91	FAM_00071
snj13_SemiBin_7.fa.gz_k141_1455933.region001.gbk_region_1	snj13_SemiBin_7.fa.gz_k141_1455933.region001	region	1	91	FAM_00071
cpsnj13_SemiBin_80.fa.gz_k141_2722531.region001.gbk_region_1	cpsnj13_SemiBin_80.fa.gz_k141_2722531.region001	region	1	91	FAM_00071
cpsnj11_SemiBin_84.fa.gz_k141_3956974.region001.gbk_region_1	cpsnj11_SemiBin_84.fa.gz_k141_3956974.region001	region	1	91	FAM_00071
sample4_SemiBin_16.fa.gz_k141_2013998.region001.gbk_region_1	sample4_SemiBin_16.fa.gz_k141_2013998.region001	region	1	91	FAM_00072
sample7_SemiBin_61.fa.gz_k141_5473370.region001.gbk_region_1	sample7_SemiBin_61.fa.gz_k141_5473370.region001	region	1	91	FAM_00072
sample16_SemiBin_12.fa.gz_k141_132839.region001.gbk_region_1	sample16_SemiBin_12.fa.gz_k141_132839.region001	region	1	91	FAM_00072
sample3_SemiBin_94.fa.gz_k141_1783328.region001.gbk_region_1	sample3_SemiBin_94.fa.gz_k141_1783328.region001	region	1	91	FAM_00072
sample7_SemiBin_61.fa.gz_k141_5324422.region001.gbk_region_1	sample7_SemiBin_61.fa.gz_k141_5324422.region001	region	1	91	FAM_00072
sample16_SemiBin_12.fa.gz_k141_1112474.region001.gbk_region_1	sample16_SemiBin_12.fa.gz_k141_1112474.region001	region	1	91	FAM_00072
sample3_SemiBin_94.fa.gz_k141_94911.region001.gbk_region_1	sample3_SemiBin_94.fa.gz_k141_94911.region001	region	1	91	FAM_00072
sample5_SemiBin_94.fa.gz_k141_1609420.region001.gbk_region_1	sample5_SemiBin_94.fa.gz_k141_1609420.region001	region	1	91	FAM_00072
sample8_SemiBin_36.fa.gz_k141_433907.region001.gbk_region_1	sample8_SemiBin_36.fa.gz_k141_433907.region001	region	1	91	FAM_00072
sample10_SemiBin_84.fa.gz_k141_336303.region001.gbk_region_1	sample10_SemiBin_84.fa.gz_k141_336303.region001	region	1	91	FAM_00072
sample15_SemiBin_32.fa.gz_k141_4571106.region001.gbk_region_1	sample15_SemiBin_32.fa.gz_k141_4571106.region001	region	1	91	FAM_00072
sample16_SemiBin_81.fa.gz_k141_5268761.region001.gbk_region_1	sample16_SemiBin_81.fa.gz_k141_5268761.region001	region	1	99	FAM_00073
sample7_SemiBin_116.fa.gz_k141_3264791.region001.gbk_region_1	sample7_SemiBin_116.fa.gz_k141_3264791.region001	region	1	99	FAM_00073
snj04_SemiBin_30.fa.gz_k141_1799388.region001.gbk_region_1	snj04_SemiBin_30.fa.gz_k141_1799388.region001	region	1	99	FAM_00073
sample10_SemiBin_10.fa.gz_k141_5028366.region001.gbk_region_1	sample10_SemiBin_10.fa.gz_k141_5028366.region001	region	1	99	FAM_00073
sample21_SemiBin_44.fa.gz_k141_1886036.region001.gbk_region_1	sample21_SemiBin_44.fa.gz_k141_1886036.region001	region	1	99	FAM_00073
sample7_SemiBin_80.fa.gz_k141_5146893.region001.gbk_region_1	sample7_SemiBin_80.fa.gz_k141_5146893.region001	region	1	99	FAM_00073
sample23_SemiBin_27.fa.gz_k141_278276.region001.gbk_region_1	sample23_SemiBin_27.fa.gz_k141_278276.region001	region	1	99	FAM_00073
sample22_SemiBin_88.fa.gz_k141_3154473.region001.gbk_region_1	sample22_SemiBin_88.fa.gz_k141_3154473.region001	region	1	99	FAM_00073
sample15_SemiBin_268.fa.gz_k141_930491.region001.gbk_region_1	sample15_SemiBin_268.fa.gz_k141_930491.region001	region	1	99	FAM_00073
sample2_SemiBin_46.fa.gz_k141_1627603.region001.gbk_region_1	sample2_SemiBin_46.fa.gz_k141_1627603.region001	region	1	99	FAM_00073
sample5_SemiBin_98.fa.gz_k141_2424229.region001.gbk_region_1	sample5_SemiBin_98.fa.gz_k141_2424229.region001	region	1	103	FAM_00074
sample18_SemiBin_55.fa.gz_k141_3976210.region001.gbk_region_1	sample18_SemiBin_55.fa.gz_k141_3976210.region001	region	1	103	FAM_00074
snj03_SemiBin_41.fa.gz_k141_2255481.region001.gbk_region_1	snj03_SemiBin_41.fa.gz_k141_2255481.region001	region	1	103	FAM_00074
cpsnj03_SemiBin_81.fa.gz_k141_474300.region001.gbk_region_1	cpsnj03_SemiBin_81.fa.gz_k141_474300.region001	region	1	103	FAM_00074
snj11_SemiBin_101.fa.gz_k141_552545.region001.gbk_region_1	snj11_SemiBin_101.fa.gz_k141_552545.region001	region	1	103	FAM_00074
sample18_SemiBin_188.fa.gz_k141_364900.region001.gbk_region_1	sample18_SemiBin_188.fa.gz_k141_364900.region001	region	1	103	FAM_00074
sample26_SemiBin_48.fa.gz_k141_29877.region001.gbk_region_1	sample26_SemiBin_48.fa.gz_k141_29877.region001	region	1	103	FAM_00075
sample6_SemiBin_13.fa.gz_k141_206214.region001.gbk_region_1	sample6_SemiBin_13.fa.gz_k141_206214.region001	region	1	103	FAM_00075
sample2_SemiBin_18.fa.gz_k141_513313.region001.gbk_region_1	sample2_SemiBin_18.fa.gz_k141_513313.region001	region	1	103	FAM_00075
sample13_SemiBin_7.fa.gz_k141_3849636.region001.gbk_region_1	sample13_SemiBin_7.fa.gz_k141_3849636.region001	region	1	103	FAM_00075
cpsnj03_SemiBin_69.fa.gz_k141_1366607.region001.gbk_region_1	cpsnj03_SemiBin_69.fa.gz_k141_1366607.region001	region	1	103	FAM_00075
sample21_SemiBin_19.fa.gz_k141_3732264.region001.gbk_region_1	sample21_SemiBin_19.fa.gz_k141_3732264.region001	region	1	103	FAM_00075
snj08_SemiBin_80.fa.gz_k141_1794604.region001.gbk_region_1	snj08_SemiBin_80.fa.gz_k141_1794604.region001	region	1	103	FAM_00075
sample22_SemiBin_99.fa.gz_k141_142912.region001.gbk_region_1	sample22_SemiBin_99.fa.gz_k141_142912.region001	region	1	103	FAM_00075
cpsnj03_SemiBin_40.fa.gz_k141_2321807.region001.gbk_region_1	cpsnj03_SemiBin_40.fa.gz_k141_2321807.region001	region	1	103	FAM_00075
sample13_SemiBin_63.fa.gz_k141_296182.region001.gbk_region_1	sample13_SemiBin_63.fa.gz_k141_296182.region001	region	1	103	FAM_00076
sample24_SemiBin_58.fa.gz_k141_3994456.region001.gbk_region_1	sample24_SemiBin_58.fa.gz_k141_3994456.region001	region	1	103	FAM_00076
sample6_SemiBin_65.fa.gz_k141_5981778.region001.gbk_region_1	sample6_SemiBin_65.fa.gz_k141_5981778.region001	region	1	103	FAM_00076
snj03_SemiBin_24.fa.gz_k141_2028763.region001.gbk_region_1	snj03_SemiBin_24.fa.gz_k141_2028763.region001	region	1	103	FAM_00076
snj08_SemiBin_20.fa.gz_k141_2288883.region001.gbk_region_1	snj08_SemiBin_20.fa.gz_k141_2288883.region001	region	1	103	FAM_00076
cpsnj13_SemiBin_103.fa.gz_k141_2130261.region001.gbk_region_1	cpsnj13_SemiBin_103.fa.gz_k141_2130261.region001	region	1	103	FAM_00076
sample17_SemiBin_16.fa.gz_k141_6335972.region001.gbk_region_1	sample17_SemiBin_16.fa.gz_k141_6335972.region001	region	1	103	FAM_00077
sample1_SemiBin_57.fa.gz_k141_2179472.region001.gbk_region_1	sample1_SemiBin_57.fa.gz_k141_2179472.region001	region	1	103	FAM_00077
cpsnj09_SemiBin_43.fa.gz_k141_3285518.region001.gbk_region_1	cpsnj09_SemiBin_43.fa.gz_k141_3285518.region001	region	1	103	FAM_00077
sample28_SemiBin_15.fa.gz_k141_3822094.region001.gbk_region_1	sample28_SemiBin_15.fa.gz_k141_3822094.region001	region	1	103	FAM_00077
cpsnj13_SemiBin_67.fa.gz_k141_3732219.region001.gbk_region_1	cpsnj13_SemiBin_67.fa.gz_k141_3732219.region001	region	1	103	FAM_00078
cpsnj09_SemiBin_131.fa.gz_k141_2377841.region001.gbk_region_1	cpsnj09_SemiBin_131.fa.gz_k141_2377841.region001	region	1	103	FAM_00078
snj11_SemiBin_109.fa.gz_k141_1805747.region001.gbk_region_1	snj11_SemiBin_109.fa.gz_k141_1805747.region001	region	1	103	FAM_00078
cpsnj10_SemiBin_176.fa.gz_k141_2076458.region001.gbk_region_1	cpsnj10_SemiBin_176.fa.gz_k141_2076458.region001	region	1	103	FAM_00078
snj14_SemiBin_21.fa.gz_k141_1650179.region001.gbk_region_1	snj14_SemiBin_21.fa.gz_k141_1650179.region001	region	1	103	FAM_00078
cpsnj11_SemiBin_99.fa.gz_k141_4005508.region001.gbk_region_1	cpsnj11_SemiBin_99.fa.gz_k141_4005508.region001	region	1	103	FAM_00078
snj15_SemiBin_3.fa.gz_k141_1526479.region001.gbk_region_1	snj15_SemiBin_3.fa.gz_k141_1526479.region001	region	1	103	FAM_00078
snj11_SemiBin_138.fa.gz_k141_1419821.region001.gbk_region_1	snj11_SemiBin_138.fa.gz_k141_1419821.region001	region	1	103	FAM_00079
snj19_SemiBin_92.fa.gz_k141_1921043.region001.gbk_region_1	snj19_SemiBin_92.fa.gz_k141_1921043.region001	region	1	103	FAM_00079
cpsnj11_SemiBin_46.fa.gz_k141_4058858.region001.gbk_region_1	cpsnj11_SemiBin_46.fa.gz_k141_4058858.region001	region	1	103	FAM_00079
snj03_SemiBin_95.fa.gz_k141_1972052.region001.gbk_region_1	snj03_SemiBin_95.fa.gz_k141_1972052.region001	region	1	103	FAM_00079
snj20_SemiBin_84.fa.gz_k141_102156.region001.gbk_region_1	snj20_SemiBin_84.fa.gz_k141_102156.region001	region	1	103	FAM_00079
cpsnj01_SemiBin_41.fa.gz_k141_2003145.region001.gbk_region_1	cpsnj01_SemiBin_41.fa.gz_k141_2003145.region001	region	1	103	FAM_00079
snj11_SemiBin_138.fa.gz_k141_1084027.region001.gbk_region_1	snj11_SemiBin_138.fa.gz_k141_1084027.region001	region	1	103	FAM_00079
cpsnj11_SemiBin_46.fa.gz_k141_1913454.region001.gbk_region_1	cpsnj11_SemiBin_46.fa.gz_k141_1913454.region001	region	1	103	FAM_00079
cpsnj03_SemiBin_40.fa.gz_k141_633139.region001.gbk_region_1	cpsnj03_SemiBin_40.fa.gz_k141_633139.region001	region	1	103	FAM_00079
cpsnj19_SemiBin_78.fa.gz_k141_2883580.region001.gbk_region_1	cpsnj19_SemiBin_78.fa.gz_k141_2883580.region001	region	1	103	FAM_00080
snj03_SemiBin_2.fa.gz_k141_821168.region001.gbk_region_1	snj03_SemiBin_2.fa.gz_k141_821168.region001	region	1	103	FAM_00080
snj11_SemiBin_63.fa.gz_k141_1373348.region001.gbk_region_1	snj11_SemiBin_63.fa.gz_k141_1373348.region001	region	1	103	FAM_00080
snj09_SemiBin_100.fa.gz_k141_2577074.region001.gbk_region_1	snj09_SemiBin_100.fa.gz_k141_2577074.region001	region	1	103	FAM_00080
cpsnj14_SemiBin_26.fa.gz_k141_328350.region001.gbk_region_1	cpsnj14_SemiBin_26.fa.gz_k141_328350.region001	region	1	103	FAM_00080
sample23_SemiBin_5.fa.gz_k141_2681496.region001.gbk_region_1	sample23_SemiBin_5.fa.gz_k141_2681496.region001	region	1	103	FAM_00080
sample3_SemiBin_4.fa.gz_k141_1952270.region001.gbk_region_1	sample3_SemiBin_4.fa.gz_k141_1952270.region001	region	1	103	FAM_00080
snj19_SemiBin_35.fa.gz_k141_1622250.region001.gbk_region_1	snj19_SemiBin_35.fa.gz_k141_1622250.region001	region	1	103	FAM_00080
sample4_SemiBin_36.fa.gz_k141_1254940.region001.gbk_region_1	sample4_SemiBin_36.fa.gz_k141_1254940.region001	region	1	103	FAM_00080
cpsnj13_SemiBin_18.fa.gz_k141_3290707.region001.gbk_region_1	cpsnj13_SemiBin_18.fa.gz_k141_3290707.region001	region	1	103	FAM_00080
sample22_SemiBin_111.fa.gz_k141_5312600.region001.gbk_region_1	sample22_SemiBin_111.fa.gz_k141_5312600.region001	region	1	103	FAM_00080
cpsnj13_SemiBin_15.fa.gz_k141_3213254.region001.gbk_region_1	cpsnj13_SemiBin_15.fa.gz_k141_3213254.region001	region	1	103	FAM_00080
cpsnj03_SemiBin_69.fa.gz_k141_749095.region001.gbk_region_1	cpsnj03_SemiBin_69.fa.gz_k141_749095.region001	region	1	103	FAM_00081
snj02_SemiBin_31.fa.gz_k141_124536.region001.gbk_region_1	snj02_SemiBin_31.fa.gz_k141_124536.region001	region	1	103	FAM_00081
sample22_SemiBin_27.fa.gz_k141_4412261.region001.gbk_region_1	sample22_SemiBin_27.fa.gz_k141_4412261.region001	region	1	103	FAM_00081
sample2_SemiBin_1.fa.gz_k141_2826425.region001.gbk_region_1	sample2_SemiBin_1.fa.gz_k141_2826425.region001	region	1	103	FAM_00081
sample8_SemiBin_31.fa.gz_k141_1402633.region001.gbk_region_1	sample8_SemiBin_31.fa.gz_k141_1402633.region001	region	1	103	FAM_00081
snj03_SemiBin_39.fa.gz_k141_108829.region001.gbk_region_1	snj03_SemiBin_39.fa.gz_k141_108829.region001	region	1	103	FAM_00082
snj03_SemiBin_39.fa.gz_k141_2966522.region001.gbk_region_1	snj03_SemiBin_39.fa.gz_k141_2966522.region001	region	1	103	FAM_00082
sample24_SemiBin_33.fa.gz_k141_3021430.region001.gbk_region_1	sample24_SemiBin_33.fa.gz_k141_3021430.region001	region	1	103	FAM_00082
cpsnj03_SemiBin_81.fa.gz_k141_2272268.region001.gbk_region_1	cpsnj03_SemiBin_81.fa.gz_k141_2272268.region001	region	1	103	FAM_00082
cpsnj03_SemiBin_69.fa.gz_k141_2207360.region001.gbk_region_1	cpsnj03_SemiBin_69.fa.gz_k141_2207360.region001	region	1	103	FAM_00082
cpsnj20_SemiBin_24.fa.gz_k141_671838.region001.gbk_region_1	cpsnj20_SemiBin_24.fa.gz_k141_671838.region001	region	1	103	FAM_00082
snj03_SemiBin_39.fa.gz_k141_89377.region001.gbk_region_1	snj03_SemiBin_39.fa.gz_k141_89377.region001	region	1	103	FAM_00082
snj19_SemiBin_84.fa.gz_k141_1647169.region001.gbk_region_1	snj19_SemiBin_84.fa.gz_k141_1647169.region001	region	1	103	FAM_00082
cpsnj19_SemiBin_53.fa.gz_k141_2588390.region001.gbk_region_1	cpsnj19_SemiBin_53.fa.gz_k141_2588390.region001	region	1	103	FAM_00082
snj19_SemiBin_5.fa.gz_k141_46307.region001.gbk_region_1	snj19_SemiBin_5.fa.gz_k141_46307.region001	region	1	103	FAM_00083
cpsnj03_SemiBin_30.fa.gz_k141_1342727.region001.gbk_region_1	cpsnj03_SemiBin_30.fa.gz_k141_1342727.region001	region	1	103	FAM_00083
snj14_SemiBin_32.fa.gz_k141_2802600.region001.gbk_region_1	snj14_SemiBin_32.fa.gz_k141_2802600.region001	region	1	103	FAM_00083
cpsnj19_SemiBin_24.fa.gz_k141_407071.region001.gbk_region_1	cpsnj19_SemiBin_24.fa.gz_k141_407071.region001	region	1	103	FAM_00083
snj04_SemiBin_8.fa.gz_k141_510142.region001.gbk_region_1	snj04_SemiBin_8.fa.gz_k141_510142.region001	region	1	103	FAM_00083
snj03_SemiBin_16.fa.gz_k141_1544263.region001.gbk_region_1	snj03_SemiBin_16.fa.gz_k141_1544263.region001	region	1	103	FAM_00083
cpsnj20_SemiBin_44.fa.gz_k141_1665768.region001.gbk_region_1	cpsnj20_SemiBin_44.fa.gz_k141_1665768.region001	region	1	103	FAM_00083
snj03_SemiBin_16.fa.gz_k141_486700.region001.gbk_region_1	snj03_SemiBin_16.fa.gz_k141_486700.region001	region	1	103	FAM_00083
snj10_SemiBin_27.fa.gz_k141_583597.region001.gbk_region_1	snj10_SemiBin_27.fa.gz_k141_583597.region001	region	1	103	FAM_00083
cpsnj16_SemiBin_24.fa.gz_k141_3017409.region001.gbk_region_1	cpsnj16_SemiBin_24.fa.gz_k141_3017409.region001	region	1	103	FAM_00083
cpsnj19_SemiBin_24.fa.gz_k141_2611189.region001.gbk_region_1	cpsnj19_SemiBin_24.fa.gz_k141_2611189.region001	region	1	103	FAM_00083
snj11_SemiBin_19.fa.gz_k141_296122.region001.gbk_region_1	snj11_SemiBin_19.fa.gz_k141_296122.region001	region	1	103	FAM_00083
snj14_SemiBin_32.fa.gz_k141_2241984.region001.gbk_region_1	snj14_SemiBin_32.fa.gz_k141_2241984.region001	region	1	103	FAM_00083
cpsnj14_SemiBin_46.fa.gz_k141_2491338.region001.gbk_region_1	cpsnj14_SemiBin_46.fa.gz_k141_2491338.region001	region	1	103	FAM_00083
snj16_SemiBin_48.fa.gz_k141_3108413.region001.gbk_region_1	snj16_SemiBin_48.fa.gz_k141_3108413.region001	region	1	103	FAM_00083
snj19_SemiBin_5.fa.gz_k141_172968.region001.gbk_region_1	snj19_SemiBin_5.fa.gz_k141_172968.region001	region	1	103	FAM_00083
snj09_SemiBin_106.fa.gz_k141_1001739.region001.gbk_region_1	snj09_SemiBin_106.fa.gz_k141_1001739.region001	region	1	103	FAM_00084
cpsnj14_SemiBin_46.fa.gz_k141_618030.region001.gbk_region_1	cpsnj14_SemiBin_46.fa.gz_k141_618030.region001	region	1	103	FAM_00084
snj09_SemiBin_54.fa.gz_k141_1279693.region001.gbk_region_1	snj09_SemiBin_54.fa.gz_k141_1279693.region001	region	1	103	FAM_00085
sample27_SemiBin_29.fa.gz_k141_1748885.region001.gbk_region_1	sample27_SemiBin_29.fa.gz_k141_1748885.region001	region	1	103	FAM_00085
sample16_SemiBin_27.fa.gz_k141_4085857.region001.gbk_region_1	sample16_SemiBin_27.fa.gz_k141_4085857.region001	region	1	103	FAM_00085
sample23_SemiBin_98.fa.gz_k141_3083000.region001.gbk_region_1	sample23_SemiBin_98.fa.gz_k141_3083000.region001	region	1	103	FAM_00085
sample16_SemiBin_14.fa.gz_k141_483131.region001.gbk_region_1	sample16_SemiBin_14.fa.gz_k141_483131.region001	region	1	103	FAM_00085
sample7_SemiBin_75.fa.gz_k141_169632.region001.gbk_region_1	sample7_SemiBin_75.fa.gz_k141_169632.region001	region	1	103	FAM_00085
sample2_SemiBin_18.fa.gz_k141_1560147.region001.gbk_region_1	sample2_SemiBin_18.fa.gz_k141_1560147.region001	region	1	103	FAM_00085
sample7_SemiBin_53.fa.gz_k141_5961831.region001.gbk_region_1	sample7_SemiBin_53.fa.gz_k141_5961831.region001	region	1	103	FAM_00085
cpsnj01_SemiBin_41.fa.gz_k141_1759721.region001.gbk_region_1	cpsnj01_SemiBin_41.fa.gz_k141_1759721.region001	region	1	103	FAM_00085
sample27_SemiBin_16.fa.gz_k141_5393667.region001.gbk_region_1	sample27_SemiBin_16.fa.gz_k141_5393667.region001	region	1	103	FAM_00085
sample4_SemiBin_28.fa.gz_k141_2906812.region001.gbk_region_1	sample4_SemiBin_28.fa.gz_k141_2906812.region001	region	1	103	FAM_00085
sample6_SemiBin_155.fa.gz_k141_2966257.region001.gbk_region_1	sample6_SemiBin_155.fa.gz_k141_2966257.region001	region	1	103	FAM_00085
cpsnj20_SemiBin_44.fa.gz_k141_1708222.region001.gbk_region_1	cpsnj20_SemiBin_44.fa.gz_k141_1708222.region001	region	1	103	FAM_00085
cpsnj01_SemiBin_41.fa.gz_k141_94359.region001.gbk_region_1	cpsnj01_SemiBin_41.fa.gz_k141_94359.region001	region	1	103	FAM_00085
sample24_SemiBin_58.fa.gz_k141_1056755.region001.gbk_region_1	sample24_SemiBin_58.fa.gz_k141_1056755.region001	region	1	103	FAM_00086
snj16_SemiBin_7.fa.gz_k141_21260.region001.gbk_region_1	snj16_SemiBin_7.fa.gz_k141_21260.region001	region	1	103	FAM_00086
cpsnj01_SemiBin_41.fa.gz_k141_2224244.region001.gbk_region_1	cpsnj01_SemiBin_41.fa.gz_k141_2224244.region001	region	1	103	FAM_00086
snj03_SemiBin_15.fa.gz_k141_232675.region001.gbk_region_1	snj03_SemiBin_15.fa.gz_k141_232675.region001	region	1	103	FAM_00086
sample5_SemiBin_98.fa.gz_k141_1788020.region001.gbk_region_1	sample5_SemiBin_98.fa.gz_k141_1788020.region001	region	1	103	FAM_00086
sample9_SemiBin_27.fa.gz_k141_2305220.region001.gbk_region_1	sample9_SemiBin_27.fa.gz_k141_2305220.region001	region	1	103	FAM_00087
sample13_SemiBin_10.fa.gz_k141_1381547.region001.gbk_region_1	sample13_SemiBin_10.fa.gz_k141_1381547.region001	region	1	103	FAM_00087
sample17_SemiBin_24.fa.gz_k141_1491686.region001.gbk_region_1	sample17_SemiBin_24.fa.gz_k141_1491686.region001	region	1	103	FAM_00087
snj19_SemiBin_92.fa.gz_k141_1609260.region001.gbk_region_1	snj19_SemiBin_92.fa.gz_k141_1609260.region001	region	1	103	FAM_00087
snj15_SemiBin_0.fa.gz_k141_2426995.region001.gbk_region_1	snj15_SemiBin_0.fa.gz_k141_2426995.region001	region	1	103	FAM_00087
cpsnj19_SemiBin_8.fa.gz_k141_821481.region001.gbk_region_1	cpsnj19_SemiBin_8.fa.gz_k141_821481.region001	region	1	103	FAM_00087
sample6_SemiBin_72.fa.gz_k141_6552967.region001.gbk_region_1	sample6_SemiBin_72.fa.gz_k141_6552967.region001	region	1	103	FAM_00087
sample24_SemiBin_18.fa.gz_k141_5701831.region001.gbk_region_1	sample24_SemiBin_18.fa.gz_k141_5701831.region001	region	1	103	FAM_00087
sample9_SemiBin_27.fa.gz_k141_5231719.region001.gbk_region_1	sample9_SemiBin_27.fa.gz_k141_5231719.region001	region	1	103	FAM_00087
sample17_SemiBin_71.fa.gz_k141_4858271.region001.gbk_region_1	sample17_SemiBin_71.fa.gz_k141_4858271.region001	region	1	103	FAM_00087
snj15_SemiBin_3.fa.gz_k141_76164.region001.gbk_region_1	snj15_SemiBin_3.fa.gz_k141_76164.region001	region	1	103	FAM_00088
snj11_SemiBin_15.fa.gz_k141_574243.region001.gbk_region_1	snj11_SemiBin_15.fa.gz_k141_574243.region001	region	1	103	FAM_00088
snj16_SemiBin_36.fa.gz_k141_1623155.region001.gbk_region_1	snj16_SemiBin_36.fa.gz_k141_1623155.region001	region	1	103	FAM_00088
cpsnj16_SemiBin_6.fa.gz_k141_3434456.region001.gbk_region_1	cpsnj16_SemiBin_6.fa.gz_k141_3434456.region001	region	1	103	FAM_00088
snj20_SemiBin_24.fa.gz_k141_2134703.region001.gbk_region_1	snj20_SemiBin_24.fa.gz_k141_2134703.region001	region	1	103	FAM_00088
snj01_SemiBin_23.fa.gz_k141_268388.region001.gbk_region_1	snj01_SemiBin_23.fa.gz_k141_268388.region001	region	1	103	FAM_00088
snj03_SemiBin_2.fa.gz_k141_1805293.region001.gbk_region_1	snj03_SemiBin_2.fa.gz_k141_1805293.region001	region	1	103	FAM_00088
cpsnj14_SemiBin_142.fa.gz_k141_3596452.region001.gbk_region_1	cpsnj14_SemiBin_142.fa.gz_k141_3596452.region001	region	1	103	FAM_00088
snj13_SemiBin_44.fa.gz_k141_1654942.region001.gbk_region_1	snj13_SemiBin_44.fa.gz_k141_1654942.region001	region	1	103	FAM_00089
cpsnj14_SemiBin_142.fa.gz_k141_106963.region001.gbk_region_1	cpsnj14_SemiBin_142.fa.gz_k141_106963.region001	region	1	103	FAM_00089
cpsnj01_SemiBin_47.fa.gz_k141_2517198.region001.gbk_region_1	cpsnj01_SemiBin_47.fa.gz_k141_2517198.region001	region	1	103	FAM_00089
snj16_SemiBin_7.fa.gz_k141_827562.region001.gbk_region_1	snj16_SemiBin_7.fa.gz_k141_827562.region001	region	1	103	FAM_00089
cpsnj10_SemiBin_138.fa.gz_k141_1887023.region001.gbk_region_1	cpsnj10_SemiBin_138.fa.gz_k141_1887023.region001	region	1	103	FAM_00090
sample29_SemiBin_128.fa.gz_k141_1225476.region001.gbk_region_1	sample29_SemiBin_128.fa.gz_k141_1225476.region001	region	1	103	FAM_00090
sample2_SemiBin_21.fa.gz_k141_1332249.region001.gbk_region_1	sample2_SemiBin_21.fa.gz_k141_1332249.region001	region	1	103	FAM_00090
snj01_SemiBin_45.fa.gz_k141_3057894.region001.gbk_region_1	snj01_SemiBin_45.fa.gz_k141_3057894.region001	region	1	103	FAM_00090
sample13_SemiBin_63.fa.gz_k141_3011083.region001.gbk_region_1	sample13_SemiBin_63.fa.gz_k141_3011083.region001	region	1	103	FAM_00090
snj14_SemiBin_42.fa.gz_k141_995246.region001.gbk_region_1	snj14_SemiBin_42.fa.gz_k141_995246.region001	region	1	103	FAM_00091
cpsnj04_SemiBin_19.fa.gz_k141_155185.region001.gbk_region_1	cpsnj04_SemiBin_19.fa.gz_k141_155185.region001	region	1	103	FAM_00091
cpsnj08_SemiBin_19.fa.gz_k141_155185.region001.gbk_region_1	cpsnj08_SemiBin_19.fa.gz_k141_155185.region001	region	1	103	FAM_00091
sample29_SemiBin_112.fa.gz_k141_5583106.region001.gbk_region_1	sample29_SemiBin_112.fa.gz_k141_5583106.region001	region	1	103	FAM_00091
cpsnj14_SemiBin_111.fa.gz_k141_3741938.region001.gbk_region_1	cpsnj14_SemiBin_111.fa.gz_k141_3741938.region001	region	1	103	FAM_00091
cpsnj03_SemiBin_20.fa.gz_k141_921894.region001.gbk_region_1	cpsnj03_SemiBin_20.fa.gz_k141_921894.region001	region	1	103	FAM_00091
sample13_SemiBin_7.fa.gz_k141_1111238.region001.gbk_region_1	sample13_SemiBin_7.fa.gz_k141_1111238.region001	region	1	103	FAM_00092
sample5_SemiBin_81.fa.gz_k141_2678679.region001.gbk_region_1	sample5_SemiBin_81.fa.gz_k141_2678679.region001	region	1	103	FAM_00092
cpsnj09_SemiBin_86.fa.gz_k141_3145166.region001.gbk_region_1	cpsnj09_SemiBin_86.fa.gz_k141_3145166.region001	region	1	103	FAM_00092
cpsnj14_SemiBin_29.fa.gz_k141_3391876.region001.gbk_region_1	cpsnj14_SemiBin_29.fa.gz_k141_3391876.region001	region	1	103	FAM_00093
cpsnj14_SemiBin_111.fa.gz_k141_2089941.region001.gbk_region_1	cpsnj14_SemiBin_111.fa.gz_k141_2089941.region001	region	1	103	FAM_00093
snj03_SemiBin_41.fa.gz_k141_236430.region001.gbk_region_1	snj03_SemiBin_41.fa.gz_k141_236430.region001	region	1	103	FAM_00093
snj03_SemiBin_72.fa.gz_k141_2015354.region001.gbk_region_1	snj03_SemiBin_72.fa.gz_k141_2015354.region001	region	1	103	FAM_00094
sample29_SemiBin_121.fa.gz_k141_3330748.region001.gbk_region_1	sample29_SemiBin_121.fa.gz_k141_3330748.region001	region	1	103	FAM_00094
sample8_SemiBin_81.fa.gz_k141_1257570.region001.gbk_region_1	sample8_SemiBin_81.fa.gz_k141_1257570.region001	region	1	109	FAM_00095
sample3_SemiBin_17.fa.gz_k141_1595471.region001.gbk_region_1	sample3_SemiBin_17.fa.gz_k141_1595471.region001	region	1	109	FAM_00095
sample4_SemiBin_59.fa.gz_k141_673844.region001.gbk_region_1	sample4_SemiBin_59.fa.gz_k141_673844.region001	region	1	109	FAM_00095
sample26_SemiBin_7.fa.gz_k141_1556359.region001.gbk_region_1	sample26_SemiBin_7.fa.gz_k141_1556359.region001	region	1	109	FAM_00095
sample8_SemiBin_81.fa.gz_k141_1614200.region001.gbk_region_1	sample8_SemiBin_81.fa.gz_k141_1614200.region001	region	1	109	FAM_00095
sample17_SemiBin_55.fa.gz_k141_3612961.region001.gbk_region_1	sample17_SemiBin_55.fa.gz_k141_3612961.region001	region	1	109	FAM_00095
sample18_SemiBin_127.fa.gz_k141_2146450.region001.gbk_region_1	sample18_SemiBin_127.fa.gz_k141_2146450.region001	region	1	109	FAM_00095
sample4_SemiBin_59.fa.gz_k141_3018877.region001.gbk_region_1	sample4_SemiBin_59.fa.gz_k141_3018877.region001	region	1	109	FAM_00095
sample26_SemiBin_7.fa.gz_k141_2477357.region001.gbk_region_1	sample26_SemiBin_7.fa.gz_k141_2477357.region001	region	1	109	FAM_00095
sample18_SemiBin_22.fa.gz_k141_1843945.region001.gbk_region_1	sample18_SemiBin_22.fa.gz_k141_1843945.region001	region	1	109	FAM_00095
snj15_SemiBin_5.fa.gz_k141_1374462.region001.gbk_region_1	snj15_SemiBin_5.fa.gz_k141_1374462.region001	region	1	121	FAM_00096
snj11_SemiBin_119.fa.gz_k141_1669352.region001.gbk_region_1	snj11_SemiBin_119.fa.gz_k141_1669352.region001	region	1	121	FAM_00096
snj15_SemiBin_5.fa.gz_k141_745593.region001.gbk_region_1	snj15_SemiBin_5.fa.gz_k141_745593.region001	region	1	121	FAM_00096
cpsnj13_SemiBin_66.fa.gz_k141_1370065.region001.gbk_region_1	cpsnj13_SemiBin_66.fa.gz_k141_1370065.region001	region	1	121	FAM_00096
cpsnj20_SemiBin_4.fa.gz_k141_1008700.region001.gbk_region_1	cpsnj20_SemiBin_4.fa.gz_k141_1008700.region001	region	1	121	FAM_00096
sample26_SemiBin_46.fa.gz_k141_680659.region001.gbk_region_1	sample26_SemiBin_46.fa.gz_k141_680659.region001	region	1	121	FAM_00096
snj10_SemiBin_41.fa.gz_k141_666889.region001.gbk_region_1	snj10_SemiBin_41.fa.gz_k141_666889.region001	region	1	121	FAM_00096
sample17_SemiBin_18.fa.gz_k141_5233774.region001.gbk_region_1	sample17_SemiBin_18.fa.gz_k141_5233774.region001	region	1	121	FAM_00097
sample22_SemiBin_3.fa.gz_k141_1619697.region001.gbk_region_1	sample22_SemiBin_3.fa.gz_k141_1619697.region001	region	1	121	FAM_00097
sample18_SemiBin_84.fa.gz_k141_1717559.region001.gbk_region_1	sample18_SemiBin_84.fa.gz_k141_1717559.region001	region	1	121	FAM_00097
sample18_SemiBin_84.fa.gz_k141_4843272.region001.gbk_region_1	sample18_SemiBin_84.fa.gz_k141_4843272.region001	region	1	121	FAM_00098
snj10_SemiBin_41.fa.gz_k141_1439331.region001.gbk_region_1	snj10_SemiBin_41.fa.gz_k141_1439331.region001	region	1	121	FAM_00098
cpsnj20_SemiBin_4.fa.gz_k141_800818.region001.gbk_region_1	cpsnj20_SemiBin_4.fa.gz_k141_800818.region001	region	1	121	FAM_00098
sample17_SemiBin_18.fa.gz_k141_3728756.region001.gbk_region_1	sample17_SemiBin_18.fa.gz_k141_3728756.region001	region	1	121	FAM_00098
sample26_SemiBin_46.fa.gz_k141_5050622.region001.gbk_region_1	sample26_SemiBin_46.fa.gz_k141_5050622.region001	region	1	121	FAM_00098
snj11_SemiBin_119.fa.gz_k141_1514267.region001.gbk_region_1	snj11_SemiBin_119.fa.gz_k141_1514267.region001	region	1	121	FAM_00098
sample17_SemiBin_59.fa.gz_k141_1813008.region001.gbk_region_1	sample17_SemiBin_59.fa.gz_k141_1813008.region001	region	1	125	FAM_00099
sample10_SemiBin_182.fa.gz_k141_2840926.region001.gbk_region_1	sample10_SemiBin_182.fa.gz_k141_2840926.region001	region	1	125	FAM_00099
sample3_SemiBin_19.fa.gz_k141_1048396.region001.gbk_region_1	sample3_SemiBin_19.fa.gz_k141_1048396.region001	region	1	125	FAM_00099
sample21_SemiBin_77.fa.gz_k141_1878599.region001.gbk_region_1	sample21_SemiBin_77.fa.gz_k141_1878599.region001	region	1	125	FAM_00099
sample21_SemiBin_77.fa.gz_k141_1548078.region001.gbk_region_1	sample21_SemiBin_77.fa.gz_k141_1548078.region001	region	1	125	FAM_00099
snj09_SemiBin_58.fa.gz_k141_3097963.region001.gbk_region_1	snj09_SemiBin_58.fa.gz_k141_3097963.region001	region	1	125	FAM_00099
sample23_SemiBin_16.fa.gz_k141_2863592.region001.gbk_region_1	sample23_SemiBin_16.fa.gz_k141_2863592.region001	region	1	125	FAM_00099
cpsnj09_SemiBin_19.fa.gz_k141_3111299.region001.gbk_region_1	cpsnj09_SemiBin_19.fa.gz_k141_3111299.region001	region	1	125	FAM_00099
cpsnj10_SemiBin_137.fa.gz_k141_4295845.region001.gbk_region_1	cpsnj10_SemiBin_137.fa.gz_k141_4295845.region001	region	1	125	FAM_00099
cpsnj19_SemiBin_15.fa.gz_k141_760867.region001.gbk_region_1	cpsnj19_SemiBin_15.fa.gz_k141_760867.region001	region	1	125	FAM_00100
cpsnj11_SemiBin_7.fa.gz_k141_2398837.region001.gbk_region_1	cpsnj11_SemiBin_7.fa.gz_k141_2398837.region001	region	1	125	FAM_00100
sample8_SemiBin_73.fa.gz_k141_695320.region001.gbk_region_1	sample8_SemiBin_73.fa.gz_k141_695320.region001	region	1	125	FAM_00100
cpsnj11_SemiBin_7.fa.gz_k141_2969597.region001.gbk_region_1	cpsnj11_SemiBin_7.fa.gz_k141_2969597.region001	region	1	125	FAM_00100
sample22_SemiBin_18.fa.gz_k141_2256610.region001.gbk_region_1	sample22_SemiBin_18.fa.gz_k141_2256610.region001	region	1	125	FAM_00100
snj09_SemiBin_17.fa.gz_k141_2567752.region001.gbk_region_1	snj09_SemiBin_17.fa.gz_k141_2567752.region001	region	1	125	FAM_00100
sample16_SemiBin_48.fa.gz_k141_4118351.region001.gbk_region_1	sample16_SemiBin_48.fa.gz_k141_4118351.region001	region	1	125	FAM_00100
cpsnj09_SemiBin_63.fa.gz_k141_2513368.region001.gbk_region_1	cpsnj09_SemiBin_63.fa.gz_k141_2513368.region001	region	1	125	FAM_00100
cpsnj19_SemiBin_16.fa.gz_k141_1873247.region001.gbk_region_1	cpsnj19_SemiBin_16.fa.gz_k141_1873247.region001	region	1	125	FAM_00100
sample10_SemiBin_32.fa.gz_k141_5136496.region001.gbk_region_1	sample10_SemiBin_32.fa.gz_k141_5136496.region001	region	1	125	FAM_00100
cpsnj20_SemiBin_76.fa.gz_k141_1342634.region001.gbk_region_1	cpsnj20_SemiBin_76.fa.gz_k141_1342634.region001	region	1	125	FAM_00100
sample1_SemiBin_96.fa.gz_k141_1224835.region001.gbk_region_1	sample1_SemiBin_96.fa.gz_k141_1224835.region001	region	1	125	FAM_00100
sample4_SemiBin_14.fa.gz_k141_2294416.region001.gbk_region_1	sample4_SemiBin_14.fa.gz_k141_2294416.region001	region	1	125	FAM_00100
sample18_SemiBin_71.fa.gz_k141_3128587.region001.gbk_region_1	sample18_SemiBin_71.fa.gz_k141_3128587.region001	region	1	125	FAM_00100
snj19_SemiBin_43.fa.gz_k141_2448443.region001.gbk_region_1	snj19_SemiBin_43.fa.gz_k141_2448443.region001	region	1	125	FAM_00100
sample19_SemiBin_58.fa.gz_k141_2360487.region001.gbk_region_1	sample19_SemiBin_58.fa.gz_k141_2360487.region001	region	1	125	FAM_00100
snj16_SemiBin_23.fa.gz_k141_1189158.region001.gbk_region_1	snj16_SemiBin_23.fa.gz_k141_1189158.region001	region	1	125	FAM_00101
snj14_SemiBin_52.fa.gz_k141_2603033.region001.gbk_region_1	snj14_SemiBin_52.fa.gz_k141_2603033.region001	region	1	125	FAM_00101
cpsnj14_SemiBin_44.fa.gz_k141_2988023.region001.gbk_region_1	cpsnj14_SemiBin_44.fa.gz_k141_2988023.region001	region	1	125	FAM_00101
sample29_SemiBin_52.fa.gz_k141_2727891.region001.gbk_region_1	sample29_SemiBin_52.fa.gz_k141_2727891.region001	region	1	125	FAM_00101
cpsnj08_SemiBin_29.fa.gz_k141_2437639.region001.gbk_region_1	cpsnj08_SemiBin_29.fa.gz_k141_2437639.region001	region	1	125	FAM_00102
cpsnj04_SemiBin_29.fa.gz_k141_2437639.region001.gbk_region_1	cpsnj04_SemiBin_29.fa.gz_k141_2437639.region001	region	1	125	FAM_00102
sample7_SemiBin_28.fa.gz_k141_160975.region001.gbk_region_1	sample7_SemiBin_28.fa.gz_k141_160975.region001	region	1	125	FAM_00102
cpsnj19_SemiBin_68.fa.gz_k141_433750.region001.gbk_region_1	cpsnj19_SemiBin_68.fa.gz_k141_433750.region001	region	1	125	FAM_00102
snj19_SemiBin_32.fa.gz_k141_1912149.region001.gbk_region_1	snj19_SemiBin_32.fa.gz_k141_1912149.region001	region	1	125	FAM_00102
sample5_SemiBin_2.fa.gz_k141_49940.region001.gbk_region_1	sample5_SemiBin_2.fa.gz_k141_49940.region001	region	1	125	FAM_00103
sample23_SemiBin_16.fa.gz_k141_1197507.region001.gbk_region_1	sample23_SemiBin_16.fa.gz_k141_1197507.region001	region	1	125	FAM_00103
sample17_SemiBin_59.fa.gz_k141_1394911.region001.gbk_region_1	sample17_SemiBin_59.fa.gz_k141_1394911.region001	region	1	125	FAM_00103
snj16_SemiBin_23.fa.gz_k141_1188933.region001.gbk_region_1	snj16_SemiBin_23.fa.gz_k141_1188933.region001	region	1	133	FAM_00104
cpsnj14_SemiBin_44.fa.gz_k141_2803534.region001.gbk_region_1	cpsnj14_SemiBin_44.fa.gz_k141_2803534.region001	region	1	133	FAM_00104
snj14_SemiBin_52.fa.gz_k141_404457.region001.gbk_region_1	snj14_SemiBin_52.fa.gz_k141_404457.region001	region	1	133	FAM_00104
cpsnj08_SemiBin_14.fa.gz_k141_27237.region001.gbk_region_1	cpsnj08_SemiBin_14.fa.gz_k141_27237.region001	region	1	137	FAM_00105
cpsnj04_SemiBin_14.fa.gz_k141_27237.region001.gbk_region_1	cpsnj04_SemiBin_14.fa.gz_k141_27237.region001	region	1	137	FAM_00105
sample16_SemiBin_33.fa.gz_k141_4937534.region001.gbk_region_1	sample16_SemiBin_33.fa.gz_k141_4937534.region001	region	1	146	FAM_00106
sample24_SemiBin_59.fa.gz_k141_2424880.region001.gbk_region_1	sample24_SemiBin_59.fa.gz_k141_2424880.region001	region	1	146	FAM_00106
sample6_SemiBin_15.fa.gz_k141_5823935.region001.gbk_region_1	sample6_SemiBin_15.fa.gz_k141_5823935.region001	region	1	150	FAM_00107
sample7_SemiBin_37.fa.gz_k141_4123797.region001.gbk_region_1	sample7_SemiBin_37.fa.gz_k141_4123797.region001	region	1	150	FAM_00107
sample26_SemiBin_130.fa.gz_k141_3551583.region001.gbk_region_1	sample26_SemiBin_130.fa.gz_k141_3551583.region001	region	1	150	FAM_00107
sample21_SemiBin_17.fa.gz_k141_642878.region001.gbk_region_1	sample21_SemiBin_17.fa.gz_k141_642878.region001	region	1	150	FAM_00107
sample2_SemiBin_10.fa.gz_k141_1949539.region001.gbk_region_1	sample2_SemiBin_10.fa.gz_k141_1949539.region001	region	1	150	FAM_00107
sample16_SemiBin_56.fa.gz_k141_1753041.region001.gbk_region_1	sample16_SemiBin_56.fa.gz_k141_1753041.region001	region	1	150	FAM_00107
sample3_SemiBin_27.fa.gz_k141_469782.region001.gbk_region_1	sample3_SemiBin_27.fa.gz_k141_469782.region001	region	1	150	FAM_00107
sample5_SemiBin_7.fa.gz_k141_2814868.region001.gbk_region_1	sample5_SemiBin_7.fa.gz_k141_2814868.region001	region	1	150	FAM_00107
snj09_SemiBin_21.fa.gz_k141_2425114.region001.gbk_region_1	snj09_SemiBin_21.fa.gz_k141_2425114.region001	region	1	150	FAM_00108
snj19_SemiBin_166.fa.gz_k141_94550.region001.gbk_region_1	snj19_SemiBin_166.fa.gz_k141_94550.region001	region	1	150	FAM_00108
sample8_SemiBin_16.fa.gz_k141_2125209.region001.gbk_region_1	sample8_SemiBin_16.fa.gz_k141_2125209.region001	region	1	150	FAM_00108
sample22_SemiBin_26.fa.gz_k141_92334.region001.gbk_region_1	sample22_SemiBin_26.fa.gz_k141_92334.region001	region	1	150	FAM_00108
cpsnj09_SemiBin_53.fa.gz_k141_1016523.region001.gbk_region_1	cpsnj09_SemiBin_53.fa.gz_k141_1016523.region001	region	1	150	FAM_00108
snj08_SemiBin_65.fa.gz_k141_450953.region001.gbk_region_1	snj08_SemiBin_65.fa.gz_k141_450953.region001	region	1	150	FAM_00108
cpsnj09_SemiBin_32.fa.gz_k141_2563867.region001.gbk_region_1	cpsnj09_SemiBin_32.fa.gz_k141_2563867.region001	region	1	150	FAM_00108
sample15_SemiBin_86.fa.gz_k141_1792855.region001.gbk_region_1	sample15_SemiBin_86.fa.gz_k141_1792855.region001	region	1	150	FAM_00108
snj03_SemiBin_173.fa.gz_k141_1738624.region001.gbk_region_1	snj03_SemiBin_173.fa.gz_k141_1738624.region001	region	1	150	FAM_00108
cpsnj14_SemiBin_34.fa.gz_k141_1924180.region001.gbk_region_1	cpsnj14_SemiBin_34.fa.gz_k141_1924180.region001	region	1	150	FAM_00108
cpsnj19_SemiBin_57.fa.gz_k141_2284275.region001.gbk_region_1	cpsnj19_SemiBin_57.fa.gz_k141_2284275.region001	region	1	150	FAM_00108
sample7_SemiBin_108.fa.gz_k141_4729604.region001.gbk_region_1	sample7_SemiBin_108.fa.gz_k141_4729604.region001	region	1	150	FAM_00108
sample6_SemiBin_15.fa.gz_k141_3116733.region001.gbk_region_1	sample6_SemiBin_15.fa.gz_k141_3116733.region001	region	1	150	FAM_00108
sample9_SemiBin_34.fa.gz_k141_5073901.region001.gbk_region_1	sample9_SemiBin_34.fa.gz_k141_5073901.region001	region	1	150	FAM_00108
sample14_SemiBin_19.fa.gz_k141_5059677.region001.gbk_region_1	sample14_SemiBin_19.fa.gz_k141_5059677.region001	region	1	150	FAM_00108
sample20_SemiBin_12.fa.gz_k141_2781685.region001.gbk_region_1	sample20_SemiBin_12.fa.gz_k141_2781685.region001	region	1	150	FAM_00108
sample7_SemiBin_67.fa.gz_k141_1855548.region001.gbk_region_1	sample7_SemiBin_67.fa.gz_k141_1855548.region001	region	1	150	FAM_00108
snj13_SemiBin_16.fa.gz_k141_1995804.region001.gbk_region_1	snj13_SemiBin_16.fa.gz_k141_1995804.region001	region	1	150	FAM_00108
sample2_SemiBin_53.fa.gz_k141_1716443.region001.gbk_region_1	sample2_SemiBin_53.fa.gz_k141_1716443.region001	region	1	150	FAM_00108
cpsnj10_SemiBin_93.fa.gz_k141_4067509.region001.gbk_region_1	cpsnj10_SemiBin_93.fa.gz_k141_4067509.region001	region	1	150	FAM_00109
cpsnj10_SemiBin_93.fa.gz_k141_1249067.region001.gbk_region_1	cpsnj10_SemiBin_93.fa.gz_k141_1249067.region001	region	1	150	FAM_00109
snj09_SemiBin_65.fa.gz_k141_438291.region001.gbk_region_1	snj09_SemiBin_65.fa.gz_k141_438291.region001	region	1	150	FAM_00109
snj15_SemiBin_23.fa.gz_k141_1272717.region001.gbk_region_1	snj15_SemiBin_23.fa.gz_k141_1272717.region001	region	1	150	FAM_00109
cpsnj13_SemiBin_142.fa.gz_k141_2374492.region001.gbk_region_1	cpsnj13_SemiBin_142.fa.gz_k141_2374492.region001	region	1	150	FAM_00109
snj11_SemiBin_80.fa.gz_k141_801957.region001.gbk_region_1	snj11_SemiBin_80.fa.gz_k141_801957.region001	region	1	150	FAM_00109
snj09_SemiBin_65.fa.gz_k141_274679.region001.gbk_region_1	snj09_SemiBin_65.fa.gz_k141_274679.region001	region	1	150	FAM_00110
cpsnj09_SemiBin_65.fa.gz_k141_50609.region001.gbk_region_1	cpsnj09_SemiBin_65.fa.gz_k141_50609.region001	region	1	150	FAM_00110
sample13_SemiBin_99.fa.gz_k141_785927.region001.gbk_region_1	sample13_SemiBin_99.fa.gz_k141_785927.region001	region	1	150	FAM_00110
cpsnj10_SemiBin_32.fa.gz_k141_2085965.region001.gbk_region_1	cpsnj10_SemiBin_32.fa.gz_k141_2085965.region001	region	1	150	FAM_00110
cpsnj03_SemiBin_22.fa.gz_k141_3028867.region001.gbk_region_1	cpsnj03_SemiBin_22.fa.gz_k141_3028867.region001	region	1	150	FAM_00110
sample5_SemiBin_88.fa.gz_k141_2240652.region001.gbk_region_1	sample5_SemiBin_88.fa.gz_k141_2240652.region001	region	1	150	FAM_00110
sample28_SemiBin_63.fa.gz_k141_418782.region001.gbk_region_1	sample28_SemiBin_63.fa.gz_k141_418782.region001	region	1	150	FAM_00110
sample18_SemiBin_6.fa.gz_k141_3254190.region001.gbk_region_1	sample18_SemiBin_6.fa.gz_k141_3254190.region001	region	1	150	FAM_00110
sample15_SemiBin_8.fa.gz_k141_4666053.region001.gbk_region_1	sample15_SemiBin_8.fa.gz_k141_4666053.region001	region	1	150	FAM_00110
cpsnj09_SemiBin_13.fa.gz_k141_1600079.region001.gbk_region_1	cpsnj09_SemiBin_13.fa.gz_k141_1600079.region001	region	1	150	FAM_00110
snj11_SemiBin_80.fa.gz_k141_1429128.region001.gbk_region_1	snj11_SemiBin_80.fa.gz_k141_1429128.region001	region	1	150	FAM_00110
sample10_SemiBin_64.fa.gz_k141_758522.region001.gbk_region_1	sample10_SemiBin_64.fa.gz_k141_758522.region001	region	1	150	FAM_00110
cpsnj19_SemiBin_28.fa.gz_k141_1304452.region001.gbk_region_1	cpsnj19_SemiBin_28.fa.gz_k141_1304452.region001	region	1	150	FAM_00111
cpsnj03_SemiBin_38.fa.gz_k141_586894.region001.gbk_region_1	cpsnj03_SemiBin_38.fa.gz_k141_586894.region001	region	1	150	FAM_00111
snj19_SemiBin_60.fa.gz_k141_573981.region001.gbk_region_1	snj19_SemiBin_60.fa.gz_k141_573981.region001	region	1	150	FAM_00111
cpsnj02_SemiBin_8.fa.gz_k141_86141.region001.gbk_region_1	cpsnj02_SemiBin_8.fa.gz_k141_86141.region001	region	1	150	FAM_00111
snj04_SemiBin_21.fa.gz_k141_1947066.region001.gbk_region_1	snj04_SemiBin_21.fa.gz_k141_1947066.region001	region	1	150	FAM_00111
sample10_SemiBin_67.fa.gz_k141_5744933.region001.gbk_region_1	sample10_SemiBin_67.fa.gz_k141_5744933.region001	region	1	150	FAM_00112
sample7_SemiBin_106.fa.gz_k141_4619499.region001.gbk_region_1	sample7_SemiBin_106.fa.gz_k141_4619499.region001	region	1	150	FAM_00112
sample21_SemiBin_82.fa.gz_k141_4254262.region001.gbk_region_1	sample21_SemiBin_82.fa.gz_k141_4254262.region001	region	1	150	FAM_00112
sample17_SemiBin_13.fa.gz_k141_2135027.region001.gbk_region_1	sample17_SemiBin_13.fa.gz_k141_2135027.region001	region	1	150	FAM_00112
sample8_SemiBin_80.fa.gz_k141_1769693.region001.gbk_region_1	sample8_SemiBin_80.fa.gz_k141_1769693.region001	region	1	150	FAM_00112
cpsnj10_SemiBin_67.fa.gz_k141_4323810.region001.gbk_region_1	cpsnj10_SemiBin_67.fa.gz_k141_4323810.region001	region	1	150	FAM_00112
sample3_SemiBin_62.fa.gz_k141_1468778.region001.gbk_region_1	sample3_SemiBin_62.fa.gz_k141_1468778.region001	region	1	150	FAM_00112
sample18_SemiBin_98.fa.gz_k141_986841.region001.gbk_region_1	sample18_SemiBin_98.fa.gz_k141_986841.region001	region	1	150	FAM_00112
cpsnj11_SemiBin_126.fa.gz_k141_3625617.region001.gbk_region_1	cpsnj11_SemiBin_126.fa.gz_k141_3625617.region001	region	1	150	FAM_00113
sample1_SemiBin_88.fa.gz_k141_749928.region001.gbk_region_1	sample1_SemiBin_88.fa.gz_k141_749928.region001	region	1	150	FAM_00113
cpsnj13_SemiBin_2.fa.gz_k141_2603734.region001.gbk_region_1	cpsnj13_SemiBin_2.fa.gz_k141_2603734.region001	region	1	150	FAM_00113
sample4_SemiBin_41.fa.gz_k141_1803396.region001.gbk_region_1	sample4_SemiBin_41.fa.gz_k141_1803396.region001	region	1	150	FAM_00113
cpsnj10_SemiBin_90.fa.gz_k141_2324555.region001.gbk_region_1	cpsnj10_SemiBin_90.fa.gz_k141_2324555.region001	region	1	150	FAM_00113
cpsnj13_SemiBin_73.fa.gz_k141_3134667.region001.gbk_region_1	cpsnj13_SemiBin_73.fa.gz_k141_3134667.region001	region	1	150	FAM_00113
sample4_SemiBin_59.fa.gz_k141_1393246.region001.gbk_region_1	sample4_SemiBin_59.fa.gz_k141_1393246.region001	region	1	150	FAM_00114
sample3_SemiBin_17.fa.gz_k141_1375930.region001.gbk_region_1	sample3_SemiBin_17.fa.gz_k141_1375930.region001	region	1	150	FAM_00114
sample8_SemiBin_81.fa.gz_k141_1933650.region001.gbk_region_1	sample8_SemiBin_81.fa.gz_k141_1933650.region001	region	1	150	FAM_00114
sample17_SemiBin_55.fa.gz_k141_3460278.region001.gbk_region_1	sample17_SemiBin_55.fa.gz_k141_3460278.region001	region	1	150	FAM_00114
sample18_SemiBin_127.fa.gz_k141_3366656.region001.gbk_region_1	sample18_SemiBin_127.fa.gz_k141_3366656.region001	region	1	150	FAM_00114
sample18_SemiBin_22.fa.gz_k141_4231605.region001.gbk_region_1	sample18_SemiBin_22.fa.gz_k141_4231605.region001	region	1	150	FAM_00114
sample18_SemiBin_201.fa.gz_k141_1851987.region001.gbk_region_1	sample18_SemiBin_201.fa.gz_k141_1851987.region001	region	1	150	FAM_00115
sample24_SemiBin_21.fa.gz_k141_2626222.region001.gbk_region_1	sample24_SemiBin_21.fa.gz_k141_2626222.region001	region	1	150	FAM_00115
sample16_SemiBin_8.fa.gz_k141_4667140.region001.gbk_region_1	sample16_SemiBin_8.fa.gz_k141_4667140.region001	region	1	150	FAM_00115
sample15_SemiBin_26.fa.gz_k141_2514338.region001.gbk_region_1	sample15_SemiBin_26.fa.gz_k141_2514338.region001	region	1	150	FAM_00115
sample28_SemiBin_32.fa.gz_k141_1192140.region001.gbk_region_1	sample28_SemiBin_32.fa.gz_k141_1192140.region001	region	1	150	FAM_00115
sample10_SemiBin_27.fa.gz_k141_983850.region001.gbk_region_1	sample10_SemiBin_27.fa.gz_k141_983850.region001	region	1	150	FAM_00115
sample1_SemiBin_60.fa.gz_k141_3146596.region001.gbk_region_1	sample1_SemiBin_60.fa.gz_k141_3146596.region001	region	1	150	FAM_00115
sample26_SemiBin_44.fa.gz_k141_4604873.region001.gbk_region_1	sample26_SemiBin_44.fa.gz_k141_4604873.region001	region	1	150	FAM_00115
sample22_SemiBin_49.fa.gz_k141_1690019.region001.gbk_region_1	sample22_SemiBin_49.fa.gz_k141_1690019.region001	region	1	150	FAM_00115
sample15_SemiBin_36.fa.gz_k141_1224651.region001.gbk_region_1	sample15_SemiBin_36.fa.gz_k141_1224651.region001	region	1	150	FAM_00115
sample6_SemiBin_15.fa.gz_k141_1638966.region001.gbk_region_1	sample6_SemiBin_15.fa.gz_k141_1638966.region001	region	1	150	FAM_00116
sample3_SemiBin_27.fa.gz_k141_468407.region001.gbk_region_1	sample3_SemiBin_27.fa.gz_k141_468407.region001	region	1	150	FAM_00116
sample5_SemiBin_88.fa.gz_k141_721868.region001.gbk_region_1	sample5_SemiBin_88.fa.gz_k141_721868.region001	region	1	150	FAM_00116
sample20_SemiBin_12.fa.gz_k141_721642.region001.gbk_region_1	sample20_SemiBin_12.fa.gz_k141_721642.region001	region	1	150	FAM_00116
snj20_SemiBin_32.fa.gz_k141_2688194.region001.gbk_region_1	snj20_SemiBin_32.fa.gz_k141_2688194.region001	region	1	150	FAM_00117
cpsnj20_SemiBin_64.fa.gz_k141_635274.region001.gbk_region_1	cpsnj20_SemiBin_64.fa.gz_k141_635274.region001	region	1	150	FAM_00117
sample18_SemiBin_6.fa.gz_k141_2428704.region001.gbk_region_1	sample18_SemiBin_6.fa.gz_k141_2428704.region001	region	1	150	FAM_00118
sample7_SemiBin_38.fa.gz_k141_254029.region001.gbk_region_1	sample7_SemiBin_38.fa.gz_k141_254029.region001	region	1	150	FAM_00118
sample15_SemiBin_8.fa.gz_k141_922611.region001.gbk_region_1	sample15_SemiBin_8.fa.gz_k141_922611.region001	region	1	150	FAM_00118
sample10_SemiBin_64.fa.gz_k141_1069023.region001.gbk_region_1	sample10_SemiBin_64.fa.gz_k141_1069023.region001	region	1	150	FAM_00118
sample13_SemiBin_99.fa.gz_k141_2732812.region001.gbk_region_1	sample13_SemiBin_99.fa.gz_k141_2732812.region001	region	1	150	FAM_00118
sample1_SemiBin_110.fa.gz_k141_2015147.region001.gbk_region_1	sample1_SemiBin_110.fa.gz_k141_2015147.region001	region	1	150	FAM_00119
sample7_SemiBin_37.fa.gz_k141_3367486.region001.gbk_region_1	sample7_SemiBin_37.fa.gz_k141_3367486.region001	region	1	150	FAM_00119
cpsnj09_SemiBin_13.fa.gz_k141_2804659.region001.gbk_region_1	cpsnj09_SemiBin_13.fa.gz_k141_2804659.region001	region	1	150	FAM_00119
sample15_SemiBin_9.fa.gz_k141_3951229.region001.gbk_region_1	sample15_SemiBin_9.fa.gz_k141_3951229.region001	region	1	150	FAM_00119
cpsnj10_SemiBin_32.fa.gz_k141_3129795.region001.gbk_region_1	cpsnj10_SemiBin_32.fa.gz_k141_3129795.region001	region	1	150	FAM_00119
sample11_SemiBin_14.fa.gz_k141_696709.region001.gbk_region_1	sample11_SemiBin_14.fa.gz_k141_696709.region001	region	1	150	FAM_00120
sample17_SemiBin_13.fa.gz_k141_5711752.region001.gbk_region_1	sample17_SemiBin_13.fa.gz_k141_5711752.region001	region	1	150	FAM_00120
sample13_SemiBin_192.fa.gz_k141_3876552.region001.gbk_region_1	sample13_SemiBin_192.fa.gz_k141_3876552.region001	region	1	150	FAM_00120
cpsnj08_SemiBin_14.fa.gz_k141_2519632.region001.gbk_region_1	cpsnj08_SemiBin_14.fa.gz_k141_2519632.region001	region	1	154	FAM_00121
cpsnj04_SemiBin_14.fa.gz_k141_2519632.region001.gbk_region_1	cpsnj04_SemiBin_14.fa.gz_k141_2519632.region001	region	1	154	FAM_00121
snj04_SemiBin_4.fa.gz_k141_1106456.region001.gbk_region_1	snj04_SemiBin_4.fa.gz_k141_1106456.region001	region	1	158	FAM_00122
cpsnj04_SemiBin_14.fa.gz_k141_1738169.region001.gbk_region_1	cpsnj04_SemiBin_14.fa.gz_k141_1738169.region001	region	1	158	FAM_00122
cpsnj08_SemiBin_14.fa.gz_k141_1738169.region001.gbk_region_1	cpsnj08_SemiBin_14.fa.gz_k141_1738169.region001	region	1	158	FAM_00122
cpsnj08_SemiBin_15.fa.gz_k141_1695343.region001.gbk_region_1	cpsnj08_SemiBin_15.fa.gz_k141_1695343.region001	region	1	162	FAM_00123
sample7_SemiBin_80.fa.gz_k141_375500.region001.gbk_region_1	sample7_SemiBin_80.fa.gz_k141_375500.region001	region	1	162	FAM_00123
cpsnj04_SemiBin_15.fa.gz_k141_1695343.region001.gbk_region_1	cpsnj04_SemiBin_15.fa.gz_k141_1695343.region001	region	1	162	FAM_00123
cpsnj04_SemiBin_14.fa.gz_k141_1655626.region001.gbk_region_1	cpsnj04_SemiBin_14.fa.gz_k141_1655626.region001	region	1	166	FAM_00124
cpsnj08_SemiBin_14.fa.gz_k141_1655626.region001.gbk_region_1	cpsnj08_SemiBin_14.fa.gz_k141_1655626.region001	region	1	166	FAM_00124
snj04_SemiBin_4.fa.gz_k141_1648308.region001.gbk_region_1	snj04_SemiBin_4.fa.gz_k141_1648308.region001	region	1	166	FAM_00124
cpsnj11_SemiBin_46.fa.gz_k141_3343887.region001.gbk_region_1	cpsnj11_SemiBin_46.fa.gz_k141_3343887.region001	region	1	174	FAM_00125
snj19_SemiBin_92.fa.gz_k141_2562395.region001.gbk_region_1	snj19_SemiBin_92.fa.gz_k141_2562395.region001	region	1	174	FAM_00125
snj20_SemiBin_84.fa.gz_k141_2572350.region001.gbk_region_1	snj20_SemiBin_84.fa.gz_k141_2572350.region001	region	1	174	FAM_00125
snj11_SemiBin_138.fa.gz_k141_1542047.region001.gbk_region_1	snj11_SemiBin_138.fa.gz_k141_1542047.region001	region	1	174	FAM_00125
snj03_SemiBin_95.fa.gz_k141_2717549.region001.gbk_region_1	snj03_SemiBin_95.fa.gz_k141_2717549.region001	region	1	174	FAM_00125
cpsnj03_SemiBin_40.fa.gz_k141_1907060.region001.gbk_region_1	cpsnj03_SemiBin_40.fa.gz_k141_1907060.region001	region	1	174	FAM_00126
snj19_SemiBin_92.fa.gz_k141_911871.region001.gbk_region_1	snj19_SemiBin_92.fa.gz_k141_911871.region001	region	1	174	FAM_00126
snj03_SemiBin_95.fa.gz_k141_1125566.region001.gbk_region_1	snj03_SemiBin_95.fa.gz_k141_1125566.region001	region	1	174	FAM_00126
cpsnj20_SemiBin_104.fa.gz_k141_977494.region001.gbk_region_1	cpsnj20_SemiBin_104.fa.gz_k141_977494.region001	region	1	178	FAM_00127
snj19_SemiBin_12.fa.gz_k141_1256814.region001.gbk_region_1	snj19_SemiBin_12.fa.gz_k141_1256814.region001	region	1	178	FAM_00127
snj02_SemiBin_68.fa.gz_k141_391293.region001.gbk_region_1	snj02_SemiBin_68.fa.gz_k141_391293.region001	region	1	178	FAM_00127
snj03_SemiBin_36.fa.gz_k141_3109327.region001.gbk_region_1	snj03_SemiBin_36.fa.gz_k141_3109327.region001	region	1	178	FAM_00127
cpsnj19_SemiBin_1.fa.gz_k141_1146300.region001.gbk_region_1	cpsnj19_SemiBin_1.fa.gz_k141_1146300.region001	region	1	178	FAM_00127
snj13_SemiBin_7.fa.gz_k141_2593815.region001.gbk_region_1	snj13_SemiBin_7.fa.gz_k141_2593815.region001	region	1	210	FAM_00128
cpsnj11_SemiBin_84.fa.gz_k141_3604213.region001.gbk_region_1	cpsnj11_SemiBin_84.fa.gz_k141_3604213.region001	region	1	210	FAM_00128
snj14_SemiBin_42.fa.gz_k141_2704543.region001.gbk_region_1	snj14_SemiBin_42.fa.gz_k141_2704543.region001	region	1	218	FAM_00129
cpsnj01_SemiBin_41.fa.gz_k141_1466282.region001.gbk_region_1	cpsnj01_SemiBin_41.fa.gz_k141_1466282.region001	region	1	218	FAM_00129
sample18_SemiBin_65.fa.gz_k141_4683775.region001.gbk_region_1	sample18_SemiBin_65.fa.gz_k141_4683775.region001	region	1	218	FAM_00129
sample13_SemiBin_130.fa.gz_k141_1453534.region001.gbk_region_1	sample13_SemiBin_130.fa.gz_k141_1453534.region001	region	1	218	FAM_00129
snj16_SemiBin_36.fa.gz_k141_1095520.region001.gbk_region_1	snj16_SemiBin_36.fa.gz_k141_1095520.region001	region	1	218	FAM_00129
snj20_SemiBin_24.fa.gz_k141_507334.region001.gbk_region_1	snj20_SemiBin_24.fa.gz_k141_507334.region001	region	1	218	FAM_00129
snj01_SemiBin_23.fa.gz_k141_3016594.region001.gbk_region_1	snj01_SemiBin_23.fa.gz_k141_3016594.region001	region	1	218	FAM_00129
cpsnj16_SemiBin_6.fa.gz_k141_1069275.region001.gbk_region_1	cpsnj16_SemiBin_6.fa.gz_k141_1069275.region001	region	1	218	FAM_00129
snj10_SemiBin_17.fa.gz_k141_1005679.region001.gbk_region_1	snj10_SemiBin_17.fa.gz_k141_1005679.region001	region	1	218	FAM_00129
cpsnj11_SemiBin_164.fa.gz_k141_917893.region001.gbk_region_1	cpsnj11_SemiBin_164.fa.gz_k141_917893.region001	region	1	218	FAM_00129
sample10_SemiBin_113.fa.gz_k141_3350760.region001.gbk_region_1	sample10_SemiBin_113.fa.gz_k141_3350760.region001	region	1	218	FAM_00129
sample5_SemiBin_26.fa.gz_k141_194542.region001.gbk_region_1	sample5_SemiBin_26.fa.gz_k141_194542.region001	region	1	218	FAM_00130
sample24_SemiBin_58.fa.gz_k141_1259462.region001.gbk_region_1	sample24_SemiBin_58.fa.gz_k141_1259462.region001	region	1	218	FAM_00130
sample29_SemiBin_128.fa.gz_k141_5552084.region001.gbk_region_1	sample29_SemiBin_128.fa.gz_k141_5552084.region001	region	1	218	FAM_00130
snj13_SemiBin_44.fa.gz_k141_985434.region001.gbk_region_1	snj13_SemiBin_44.fa.gz_k141_985434.region001	region	1	218	FAM_00130
snj01_SemiBin_45.fa.gz_k141_236289.region001.gbk_region_1	snj01_SemiBin_45.fa.gz_k141_236289.region001	region	1	218	FAM_00131
sample24_SemiBin_36.fa.gz_k141_1796286.region001.gbk_region_1	sample24_SemiBin_36.fa.gz_k141_1796286.region001	region	1	218	FAM_00131
cpsnj01_SemiBin_47.fa.gz_k141_826683.region001.gbk_region_1	cpsnj01_SemiBin_47.fa.gz_k141_826683.region001	region	1	218	FAM_00131
cpsnj10_SemiBin_70.fa.gz_k141_4371661.region001.gbk_region_1	cpsnj10_SemiBin_70.fa.gz_k141_4371661.region001	region	1	218	FAM_00131
cpsnj19_SemiBin_60.fa.gz_k141_1861153.region001.gbk_region_1	cpsnj19_SemiBin_60.fa.gz_k141_1861153.region001	region	1	218	FAM_00131
sample16_SemiBin_27.fa.gz_k141_144590.region001.gbk_region_1	sample16_SemiBin_27.fa.gz_k141_144590.region001	region	1	218	FAM_00131
snj03_SemiBin_15.fa.gz_k141_949378.region001.gbk_region_1	snj03_SemiBin_15.fa.gz_k141_949378.region001	region	1	218	FAM_00131
sample20_SemiBin_20.fa.gz_k141_1359952.region001.gbk_region_1	sample20_SemiBin_20.fa.gz_k141_1359952.region001	region	1	218	FAM_00131
sample24_SemiBin_18.fa.gz_k141_1216181.region001.gbk_region_1	sample24_SemiBin_18.fa.gz_k141_1216181.region001	region	1	218	FAM_00131
sample28_SemiBin_80.fa.gz_k141_574737.region001.gbk_region_1	sample28_SemiBin_80.fa.gz_k141_574737.region001	region	1	218	FAM_00131
snj16_SemiBin_7.fa.gz_k141_122168.region001.gbk_region_1	snj16_SemiBin_7.fa.gz_k141_122168.region001	region	1	218	FAM_00131
sample2_SemiBin_31.fa.gz_k141_792352.region001.gbk_region_1	sample2_SemiBin_31.fa.gz_k141_792352.region001	region	1	218	FAM_00131
sample6_SemiBin_93.fa.gz_k141_3038134.region001.gbk_region_1	sample6_SemiBin_93.fa.gz_k141_3038134.region001	region	1	218	FAM_00131
cpsnj01_SemiBin_47.fa.gz_k141_1255791.region001.gbk_region_1	cpsnj01_SemiBin_47.fa.gz_k141_1255791.region001	region	1	218	FAM_00131
cpsnj19_SemiBin_24.fa.gz_k141_1717460.region001.gbk_region_1	cpsnj19_SemiBin_24.fa.gz_k141_1717460.region001	region	1	218	FAM_00132
snj19_SemiBin_5.fa.gz_k141_293775.region001.gbk_region_1	snj19_SemiBin_5.fa.gz_k141_293775.region001	region	1	218	FAM_00132
sample22_SemiBin_104.fa.gz_k141_5089273.region001.gbk_region_1	sample22_SemiBin_104.fa.gz_k141_5089273.region001	region	1	218	FAM_00132
snj16_SemiBin_48.fa.gz_k141_1012691.region001.gbk_region_1	snj16_SemiBin_48.fa.gz_k141_1012691.region001	region	1	218	FAM_00132
cpsnj03_SemiBin_30.fa.gz_k141_1268932.region001.gbk_region_1	cpsnj03_SemiBin_30.fa.gz_k141_1268932.region001	region	1	218	FAM_00132
cpsnj16_SemiBin_24.fa.gz_k141_3498597.region001.gbk_region_1	cpsnj16_SemiBin_24.fa.gz_k141_3498597.region001	region	1	218	FAM_00132
snj10_SemiBin_27.fa.gz_k141_2337768.region001.gbk_region_1	snj10_SemiBin_27.fa.gz_k141_2337768.region001	region	1	218	FAM_00132
snj03_SemiBin_24.fa.gz_k141_1836980.region001.gbk_region_1	snj03_SemiBin_24.fa.gz_k141_1836980.region001	region	1	218	FAM_00133
sample6_SemiBin_13.fa.gz_k141_3271707.region001.gbk_region_1	sample6_SemiBin_13.fa.gz_k141_3271707.region001	region	1	218	FAM_00133
cpsnj03_SemiBin_81.fa.gz_k141_3017717.region001.gbk_region_1	cpsnj03_SemiBin_81.fa.gz_k141_3017717.region001	region	1	218	FAM_00133
sample21_SemiBin_19.fa.gz_k141_1208695.region001.gbk_region_1	sample21_SemiBin_19.fa.gz_k141_1208695.region001	region	1	218	FAM_00133
sample13_SemiBin_63.fa.gz_k141_2484458.region001.gbk_region_1	sample13_SemiBin_63.fa.gz_k141_2484458.region001	region	1	218	FAM_00133
sample18_SemiBin_188.fa.gz_k141_4215905.region001.gbk_region_1	sample18_SemiBin_188.fa.gz_k141_4215905.region001	region	1	218	FAM_00133
snj14_SemiBin_42.fa.gz_k141_2450434.region001.gbk_region_1	snj14_SemiBin_42.fa.gz_k141_2450434.region001	region	1	218	FAM_00133
cpsnj14_SemiBin_111.fa.gz_k141_2653943.region001.gbk_region_1	cpsnj14_SemiBin_111.fa.gz_k141_2653943.region001	region	1	218	FAM_00133
sample23_SemiBin_98.fa.gz_k141_856482.region001.gbk_region_1	sample23_SemiBin_98.fa.gz_k141_856482.region001	region	1	218	FAM_00133
sample5_SemiBin_98.fa.gz_k141_2885124.region001.gbk_region_1	sample5_SemiBin_98.fa.gz_k141_2885124.region001	region	1	218	FAM_00133
snj03_SemiBin_41.fa.gz_k141_1171349.region001.gbk_region_1	snj03_SemiBin_41.fa.gz_k141_1171349.region001	region	1	218	FAM_00133
cpsnj13_SemiBin_15.fa.gz_k141_242659.region001.gbk_region_1	cpsnj13_SemiBin_15.fa.gz_k141_242659.region001	region	1	218	FAM_00133
snj14_SemiBin_32.fa.gz_k141_2643261.region001.gbk_region_1	snj14_SemiBin_32.fa.gz_k141_2643261.region001	region	1	218	FAM_00133
sample2_SemiBin_31.fa.gz_k141_2670241.region001.gbk_region_1	sample2_SemiBin_31.fa.gz_k141_2670241.region001	region	1	218	FAM_00133
snj11_SemiBin_101.fa.gz_k141_2334928.region001.gbk_region_1	snj11_SemiBin_101.fa.gz_k141_2334928.region001	region	1	218	FAM_00133
sample29_SemiBin_112.fa.gz_k141_3566399.region001.gbk_region_1	sample29_SemiBin_112.fa.gz_k141_3566399.region001	region	1	218	FAM_00133
sample22_SemiBin_99.fa.gz_k141_1063399.region001.gbk_region_1	sample22_SemiBin_99.fa.gz_k141_1063399.region001	region	1	218	FAM_00133
sample26_SemiBin_48.fa.gz_k141_3012371.region001.gbk_region_1	sample26_SemiBin_48.fa.gz_k141_3012371.region001	region	1	218	FAM_00133
snj03_SemiBin_72.fa.gz_k141_2307866.region001.gbk_region_1	snj03_SemiBin_72.fa.gz_k141_2307866.region001	region	1	218	FAM_00133
sample6_SemiBin_155.fa.gz_k141_63864.region001.gbk_region_1	sample6_SemiBin_155.fa.gz_k141_63864.region001	region	1	218	FAM_00133
snj03_SemiBin_39.fa.gz_k141_587349.region001.gbk_region_1	snj03_SemiBin_39.fa.gz_k141_587349.region001	region	1	218	FAM_00134
snj19_SemiBin_84.fa.gz_k141_536112.region001.gbk_region_1	snj19_SemiBin_84.fa.gz_k141_536112.region001	region	1	218	FAM_00134
cpsnj19_SemiBin_53.fa.gz_k141_1466736.region001.gbk_region_1	cpsnj19_SemiBin_53.fa.gz_k141_1466736.region001	region	1	218	FAM_00134
snj08_SemiBin_20.fa.gz_k141_758085.region001.gbk_region_1	snj08_SemiBin_20.fa.gz_k141_758085.region001	region	1	218	FAM_00135
sample17_SemiBin_16.fa.gz_k141_143609.region001.gbk_region_1	sample17_SemiBin_16.fa.gz_k141_143609.region001	region	1	218	FAM_00135
sample1_SemiBin_57.fa.gz_k141_2938558.region001.gbk_region_1	sample1_SemiBin_57.fa.gz_k141_2938558.region001	region	1	218	FAM_00135
sample4_SemiBin_28.fa.gz_k141_2740249.region001.gbk_region_1	sample4_SemiBin_28.fa.gz_k141_2740249.region001	region	1	218	FAM_00135
sample28_SemiBin_15.fa.gz_k141_2474370.region001.gbk_region_1	sample28_SemiBin_15.fa.gz_k141_2474370.region001	region	1	218	FAM_00135
sample2_SemiBin_18.fa.gz_k141_1382594.region001.gbk_region_1	sample2_SemiBin_18.fa.gz_k141_1382594.region001	region	1	218	FAM_00135
sample16_SemiBin_14.fa.gz_k141_3668034.region001.gbk_region_1	sample16_SemiBin_14.fa.gz_k141_3668034.region001	region	1	218	FAM_00135
sample18_SemiBin_55.fa.gz_k141_1342587.region001.gbk_region_1	sample18_SemiBin_55.fa.gz_k141_1342587.region001	region	1	218	FAM_00136
snj19_SemiBin_10.fa.gz_k141_2068208.region001.gbk_region_1	snj19_SemiBin_10.fa.gz_k141_2068208.region001	region	1	218	FAM_00136
snj03_SemiBin_35.fa.gz_k141_1604573.region001.gbk_region_1	snj03_SemiBin_35.fa.gz_k141_1604573.region001	region	1	218	FAM_00136
sample17_SemiBin_71.fa.gz_k141_5673369.region001.gbk_region_1	sample17_SemiBin_71.fa.gz_k141_5673369.region001	region	1	218	FAM_00137
sample6_SemiBin_72.fa.gz_k141_6364427.region001.gbk_region_1	sample6_SemiBin_72.fa.gz_k141_6364427.region001	region	1	218	FAM_00137
cpsnj19_SemiBin_8.fa.gz_k141_743895.region001.gbk_region_1	cpsnj19_SemiBin_8.fa.gz_k141_743895.region001	region	1	218	FAM_00137
snj15_SemiBin_3.fa.gz_k141_2453131.region001.gbk_region_1	snj15_SemiBin_3.fa.gz_k141_2453131.region001	region	1	218	FAM_00138
cpsnj09_SemiBin_131.fa.gz_k141_825084.region001.gbk_region_1	cpsnj09_SemiBin_131.fa.gz_k141_825084.region001	region	1	218	FAM_00138
snj11_SemiBin_109.fa.gz_k141_570517.region001.gbk_region_1	snj11_SemiBin_109.fa.gz_k141_570517.region001	region	1	218	FAM_00138
snj14_SemiBin_21.fa.gz_k141_1538035.region001.gbk_region_1	snj14_SemiBin_21.fa.gz_k141_1538035.region001	region	1	218	FAM_00138
cpsnj11_SemiBin_99.fa.gz_k141_4102084.region001.gbk_region_1	cpsnj11_SemiBin_99.fa.gz_k141_4102084.region001	region	1	218	FAM_00138
sample7_SemiBin_75.fa.gz_k141_2314828.region001.gbk_region_1	sample7_SemiBin_75.fa.gz_k141_2314828.region001	region	1	218	FAM_00139
sample27_SemiBin_29.fa.gz_k141_2693073.region001.gbk_region_1	sample27_SemiBin_29.fa.gz_k141_2693073.region001	region	1	218	FAM_00139
sample16_SemiBin_27.fa.gz_k141_3135081.region001.gbk_region_1	sample16_SemiBin_27.fa.gz_k141_3135081.region001	region	1	218	FAM_00139
cpsnj10_SemiBin_138.fa.gz_k141_1396682.region001.gbk_region_1	cpsnj10_SemiBin_138.fa.gz_k141_1396682.region001	region	1	218	FAM_00139
sample2_SemiBin_21.fa.gz_k141_545837.region001.gbk_region_1	sample2_SemiBin_21.fa.gz_k141_545837.region001	region	1	218	FAM_00139
sample28_SemiBin_80.fa.gz_k141_3877707.region001.gbk_region_1	sample28_SemiBin_80.fa.gz_k141_3877707.region001	region	1	218	FAM_00139
snj03_SemiBin_95.fa.gz_k141_226489.region001.gbk_region_1	snj03_SemiBin_95.fa.gz_k141_226489.region001	region	1	218	FAM_00140
snj19_SemiBin_92.fa.gz_k141_1561432.region001.gbk_region_1	snj19_SemiBin_92.fa.gz_k141_1561432.region001	region	1	218	FAM_00140
cpsnj03_SemiBin_40.fa.gz_k141_2876175.region001.gbk_region_1	cpsnj03_SemiBin_40.fa.gz_k141_2876175.region001	region	1	218	FAM_00140
sample29_SemiBin_121.fa.gz_k141_2230363.region001.gbk_region_1	sample29_SemiBin_121.fa.gz_k141_2230363.region001	region	1	218	FAM_00140
snj11_SemiBin_138.fa.gz_k141_477601.region001.gbk_region_1	snj11_SemiBin_138.fa.gz_k141_477601.region001	region	1	218	FAM_00140
cpsnj11_SemiBin_46.fa.gz_k141_3014285.region001.gbk_region_1	cpsnj11_SemiBin_46.fa.gz_k141_3014285.region001	region	1	218	FAM_00140
snj20_SemiBin_84.fa.gz_k141_102928.region001.gbk_region_1	snj20_SemiBin_84.fa.gz_k141_102928.region001	region	1	218	FAM_00140
sample3_SemiBin_4.fa.gz_k141_2513170.region001.gbk_region_1	sample3_SemiBin_4.fa.gz_k141_2513170.region001	region	1	218	FAM_00141
snj09_SemiBin_100.fa.gz_k141_2308107.region001.gbk_region_1	snj09_SemiBin_100.fa.gz_k141_2308107.region001	region	1	218	FAM_00141
snj03_SemiBin_2.fa.gz_k141_2971189.region001.gbk_region_1	snj03_SemiBin_2.fa.gz_k141_2971189.region001	region	1	218	FAM_00141
cpsnj19_SemiBin_78.fa.gz_k141_1909959.region001.gbk_region_1	cpsnj19_SemiBin_78.fa.gz_k141_1909959.region001	region	1	218	FAM_00141
cpsnj14_SemiBin_26.fa.gz_k141_2895163.region001.gbk_region_1	cpsnj14_SemiBin_26.fa.gz_k141_2895163.region001	region	1	218	FAM_00141
snj19_SemiBin_35.fa.gz_k141_2132004.region001.gbk_region_1	snj19_SemiBin_35.fa.gz_k141_2132004.region001	region	1	218	FAM_00141
sample1_SemiBin_57.fa.gz_k141_3374686.region001.gbk_region_1	sample1_SemiBin_57.fa.gz_k141_3374686.region001	region	1	218	FAM_00141
sample27_SemiBin_16.fa.gz_k141_5058602.region001.gbk_region_1	sample27_SemiBin_16.fa.gz_k141_5058602.region001	region	1	218	FAM_00141
sample13_SemiBin_130.fa.gz_k141_229645.region001.gbk_region_1	sample13_SemiBin_130.fa.gz_k141_229645.region001	region	1	218	FAM_00142
snj11_SemiBin_63.fa.gz_k141_2439772.region001.gbk_region_1	snj11_SemiBin_63.fa.gz_k141_2439772.region001	region	1	218	FAM_00142
sample7_SemiBin_53.fa.gz_k141_3049005.region001.gbk_region_1	sample7_SemiBin_53.fa.gz_k141_3049005.region001	region	1	218	FAM_00142
cpsnj13_SemiBin_18.fa.gz_k141_75995.region001.gbk_region_1	cpsnj13_SemiBin_18.fa.gz_k141_75995.region001	region	1	218	FAM_00142
sample4_SemiBin_50.fa.gz_k141_148917.region001.gbk_region_1	sample4_SemiBin_50.fa.gz_k141_148917.region001	region	1	218	FAM_00142
sample1_SemiBin_35.fa.gz_k141_191647.region001.gbk_region_1	sample1_SemiBin_35.fa.gz_k141_191647.region001	region	1	218	FAM_00142
sample3_SemiBin_37.fa.gz_k141_2772993.region001.gbk_region_1	sample3_SemiBin_37.fa.gz_k141_2772993.region001	region	1	218	FAM_00142
cpsnj08_SemiBin_3.fa.gz_k141_1618524.region001.gbk_region_1	cpsnj08_SemiBin_3.fa.gz_k141_1618524.region001	region	1	218	FAM_00143
cpsnj14_SemiBin_142.fa.gz_k141_3008615.region001.gbk_region_1	cpsnj14_SemiBin_142.fa.gz_k141_3008615.region001	region	1	218	FAM_00143
sample29_SemiBin_128.fa.gz_k141_1163688.region001.gbk_region_1	sample29_SemiBin_128.fa.gz_k141_1163688.region001	region	1	218	FAM_00143
sample24_SemiBin_21.fa.gz_k141_2096704.region001.gbk_region_1	sample24_SemiBin_21.fa.gz_k141_2096704.region001	region	1	218	FAM_00143
cpsnj04_SemiBin_3.fa.gz_k141_1618524.region001.gbk_region_1	cpsnj04_SemiBin_3.fa.gz_k141_1618524.region001	region	1	218	FAM_00143
sample19_SemiBin_37.fa.gz_k141_4482268.region001.gbk_region_1	sample19_SemiBin_37.fa.gz_k141_4482268.region001	region	1	239	FAM_00144
sample15_SemiBin_127.fa.gz_k141_3776684.region001.gbk_region_1	sample15_SemiBin_127.fa.gz_k141_3776684.region001	region	1	239	FAM_00144
sample22_SemiBin_202.fa.gz_k141_1284524.region001.gbk_region_1	sample22_SemiBin_202.fa.gz_k141_1284524.region001	region	1	239	FAM_00144
sample13_SemiBin_216.fa.gz_k141_3405575.region001.gbk_region_1	sample13_SemiBin_216.fa.gz_k141_3405575.region001	region	1	239	FAM_00144
sample1_SemiBin_65.fa.gz_k141_2579328.region001.gbk_region_1	sample1_SemiBin_65.fa.gz_k141_2579328.region001	region	1	239	FAM_00144
sample10_SemiBin_425.fa.gz_k141_1483007.region001.gbk_region_1	sample10_SemiBin_425.fa.gz_k141_1483007.region001	region	1	239	FAM_00144
sample17_SemiBin_239.fa.gz_k141_6300102.region001.gbk_region_1	sample17_SemiBin_239.fa.gz_k141_6300102.region001	region	1	239	FAM_00144
sample15_SemiBin_26.fa.gz_k141_181749.region001.gbk_region_1	sample15_SemiBin_26.fa.gz_k141_181749.region001	region	1	243	FAM_00145
sample15_SemiBin_241.fa.gz_k141_3564153.region001.gbk_region_1	sample15_SemiBin_241.fa.gz_k141_3564153.region001	region	1	243	FAM_00145
cpsnj10_SemiBin_109.fa.gz_k141_3202041.region001.gbk_region_1	cpsnj10_SemiBin_109.fa.gz_k141_3202041.region001	region	1	243	FAM_00145
cpsnj14_SemiBin_59.fa.gz_k141_4023312.region001.gbk_region_1	cpsnj14_SemiBin_59.fa.gz_k141_4023312.region001	region	1	243	FAM_00145
cpsnj09_SemiBin_32.fa.gz_k141_1451227.region001.gbk_region_1	cpsnj09_SemiBin_32.fa.gz_k141_1451227.region001	region	1	243	FAM_00145
cpsnj19_SemiBin_3.fa.gz_k141_136393.region001.gbk_region_1	cpsnj19_SemiBin_3.fa.gz_k141_136393.region001	region	1	243	FAM_00145
sample7_SemiBin_106.fa.gz_k141_4006856.region001.gbk_region_1	sample7_SemiBin_106.fa.gz_k141_4006856.region001	region	1	243	FAM_00145
cpsnj13_SemiBin_73.fa.gz_k141_2888820.region001.gbk_region_1	cpsnj13_SemiBin_73.fa.gz_k141_2888820.region001	region	1	243	FAM_00145
sample1_SemiBin_88.fa.gz_k141_2370155.region001.gbk_region_1	sample1_SemiBin_88.fa.gz_k141_2370155.region001	region	1	243	FAM_00145
cpsnj11_SemiBin_126.fa.gz_k141_2961005.region001.gbk_region_1	cpsnj11_SemiBin_126.fa.gz_k141_2961005.region001	region	1	243	FAM_00145
sample27_SemiBin_27.fa.gz_k141_4525422.region001.gbk_region_1	sample27_SemiBin_27.fa.gz_k141_4525422.region001	region	1	247	FAM_00146
sample30_SemiBin_34.fa.gz_k141_2604510.region001.gbk_region_1	sample30_SemiBin_34.fa.gz_k141_2604510.region001	region	1	247	FAM_00146
sample12_SemiBin_51.fa.gz_k141_1341619.region001.gbk_region_1	sample12_SemiBin_51.fa.gz_k141_1341619.region001	region	1	247	FAM_00146
cpsnj04_SemiBin_37.fa.gz_k141_2138805.region001.gbk_region_1	cpsnj04_SemiBin_37.fa.gz_k141_2138805.region001	region	1	247	FAM_00146
sample21_SemiBin_67.fa.gz_k141_1030297.region001.gbk_region_1	sample21_SemiBin_67.fa.gz_k141_1030297.region001	region	1	247	FAM_00146
sample20_SemiBin_53.fa.gz_k141_5540458.region001.gbk_region_1	sample20_SemiBin_53.fa.gz_k141_5540458.region001	region	1	247	FAM_00146
sample29_SemiBin_82.fa.gz_k141_3805395.region001.gbk_region_1	sample29_SemiBin_82.fa.gz_k141_3805395.region001	region	1	247	FAM_00146
sample23_SemiBin_19.fa.gz_k141_3246006.region001.gbk_region_1	sample23_SemiBin_19.fa.gz_k141_3246006.region001	region	1	247	FAM_00146
cpsnj10_SemiBin_98.fa.gz_k141_2834996.region001.gbk_region_1	cpsnj10_SemiBin_98.fa.gz_k141_2834996.region001	region	1	247	FAM_00146
cpsnj08_SemiBin_37.fa.gz_k141_2138805.region001.gbk_region_1	cpsnj08_SemiBin_37.fa.gz_k141_2138805.region001	region	1	247	FAM_00146
sample22_SemiBin_12.fa.gz_k141_258536.region001.gbk_region_1	sample22_SemiBin_12.fa.gz_k141_258536.region001	region	1	247	FAM_00146
sample10_SemiBin_132.fa.gz_k141_741049.region001.gbk_region_1	sample10_SemiBin_132.fa.gz_k141_741049.region001	region	1	247	FAM_00146
sample24_SemiBin_41.fa.gz_k141_4450125.region001.gbk_region_1	sample24_SemiBin_41.fa.gz_k141_4450125.region001	region	1	247	FAM_00146
sample16_SemiBin_78.fa.gz_k141_5529953.region001.gbk_region_1	sample16_SemiBin_78.fa.gz_k141_5529953.region001	region	1	247	FAM_00146
sample15_SemiBin_71.fa.gz_k141_1205843.region001.gbk_region_1	sample15_SemiBin_71.fa.gz_k141_1205843.region001	region	1	247	FAM_00146
sample2_SemiBin_13.fa.gz_k141_1370820.region001.gbk_region_1	sample2_SemiBin_13.fa.gz_k141_1370820.region001	region	1	247	FAM_00146
sample25_SemiBin_26.fa.gz_k141_156771.region001.gbk_region_1	sample25_SemiBin_26.fa.gz_k141_156771.region001	region	1	247	FAM_00146
sample1_SemiBin_36.fa.gz_k141_859467.region001.gbk_region_1	sample1_SemiBin_36.fa.gz_k141_859467.region001	region	1	247	FAM_00146
sample11_SemiBin_31.fa.gz_k141_1447500.region001.gbk_region_1	sample11_SemiBin_31.fa.gz_k141_1447500.region001	region	1	247	FAM_00146
sample7_SemiBin_141.fa.gz_k141_3633993.region001.gbk_region_1	sample7_SemiBin_141.fa.gz_k141_3633993.region001	region	1	247	FAM_00147
cpsnj11_SemiBin_258.fa.gz_k141_2650712.region001.gbk_region_1	cpsnj11_SemiBin_258.fa.gz_k141_2650712.region001	region	1	247	FAM_00147
cpsnj10_SemiBin_26.fa.gz_k141_3358513.region001.gbk_region_1	cpsnj10_SemiBin_26.fa.gz_k141_3358513.region001	region	1	247	FAM_00147
sample20_SemiBin_54.fa.gz_k141_1447375.region001.gbk_region_1	sample20_SemiBin_54.fa.gz_k141_1447375.region001	region	1	247	FAM_00147
cpsnj20_SemiBin_64.fa.gz_k141_1475396.region001.gbk_region_1	cpsnj20_SemiBin_64.fa.gz_k141_1475396.region001	region	1	247	FAM_00147
sample20_SemiBin_54.fa.gz_k141_2234771.region001.gbk_region_1	sample20_SemiBin_54.fa.gz_k141_2234771.region001	region	1	247	FAM_00147
sample13_SemiBin_14.fa.gz_k141_395569.region001.gbk_region_1	sample13_SemiBin_14.fa.gz_k141_395569.region001	region	1	247	FAM_00147
sample23_SemiBin_33.fa.gz_k141_2974900.region001.gbk_region_1	sample23_SemiBin_33.fa.gz_k141_2974900.region001	region	1	247	FAM_00147
snj20_SemiBin_32.fa.gz_k141_2535441.region001.gbk_region_1	snj20_SemiBin_32.fa.gz_k141_2535441.region001	region	1	247	FAM_00147
sample26_SemiBin_130.fa.gz_k141_3034639.region001.gbk_region_1	sample26_SemiBin_130.fa.gz_k141_3034639.region001	region	1	251	FAM_00148
cpsnj19_SemiBin_57.fa.gz_k141_2942571.region001.gbk_region_1	cpsnj19_SemiBin_57.fa.gz_k141_2942571.region001	region	1	251	FAM_00148
sample20_SemiBin_12.fa.gz_k141_4129318.region001.gbk_region_1	sample20_SemiBin_12.fa.gz_k141_4129318.region001	region	1	251	FAM_00148
sample6_SemiBin_15.fa.gz_k141_7451125.region001.gbk_region_1	sample6_SemiBin_15.fa.gz_k141_7451125.region001	region	1	251	FAM_00148
sample28_SemiBin_63.fa.gz_k141_5360915.region001.gbk_region_1	sample28_SemiBin_63.fa.gz_k141_5360915.region001	region	1	251	FAM_00148
sample18_SemiBin_122.fa.gz_k141_6088327.region001.gbk_region_1	sample18_SemiBin_122.fa.gz_k141_6088327.region001	region	1	251	FAM_00148
sample16_SemiBin_56.fa.gz_k141_4341970.region001.gbk_region_1	sample16_SemiBin_56.fa.gz_k141_4341970.region001	region	1	251	FAM_00148
sample9_SemiBin_34.fa.gz_k141_4774575.region001.gbk_region_1	sample9_SemiBin_34.fa.gz_k141_4774575.region001	region	1	251	FAM_00148
cpsnj09_SemiBin_13.fa.gz_k141_528156.region001.gbk_region_1	cpsnj09_SemiBin_13.fa.gz_k141_528156.region001	region	1	251	FAM_00148
cpsnj10_SemiBin_93.fa.gz_k141_590495.region001.gbk_region_1	cpsnj10_SemiBin_93.fa.gz_k141_590495.region001	region	1	251	FAM_00148
cpsnj03_SemiBin_22.fa.gz_k141_389232.region001.gbk_region_1	cpsnj03_SemiBin_22.fa.gz_k141_389232.region001	region	1	251	FAM_00148
snj03_SemiBin_173.fa.gz_k141_329699.region001.gbk_region_1	snj03_SemiBin_173.fa.gz_k141_329699.region001	region	1	251	FAM_00148
sample22_SemiBin_26.fa.gz_k141_2394322.region001.gbk_region_1	sample22_SemiBin_26.fa.gz_k141_2394322.region001	region	1	251	FAM_00148
snj13_SemiBin_16.fa.gz_k141_2014608.region001.gbk_region_1	snj13_SemiBin_16.fa.gz_k141_2014608.region001	region	1	251	FAM_00148
snj15_SemiBin_23.fa.gz_k141_996157.region001.gbk_region_1	snj15_SemiBin_23.fa.gz_k141_996157.region001	region	1	251	FAM_00148
sample21_SemiBin_17.fa.gz_k141_2346898.region001.gbk_region_1	sample21_SemiBin_17.fa.gz_k141_2346898.region001	region	1	251	FAM_00148
sample4_SemiBin_32.fa.gz_k141_1946391.region001.gbk_region_1	sample4_SemiBin_32.fa.gz_k141_1946391.region001	region	1	251	FAM_00148
snj19_SemiBin_166.fa.gz_k141_969847.region001.gbk_region_1	snj19_SemiBin_166.fa.gz_k141_969847.region001	region	1	251	FAM_00148
sample7_SemiBin_67.fa.gz_k141_156566.region001.gbk_region_1	sample7_SemiBin_67.fa.gz_k141_156566.region001	region	1	251	FAM_00148
snj08_SemiBin_65.fa.gz_k141_90151.region001.gbk_region_1	snj08_SemiBin_65.fa.gz_k141_90151.region001	region	1	251	FAM_00148
sample3_SemiBin_27.fa.gz_k141_79213.region001.gbk_region_1	sample3_SemiBin_27.fa.gz_k141_79213.region001	region	1	251	FAM_00148
cpsnj13_SemiBin_142.fa.gz_k141_2027761.region001.gbk_region_1	cpsnj13_SemiBin_142.fa.gz_k141_2027761.region001	region	1	251	FAM_00148
snj09_SemiBin_65.fa.gz_k141_1882917.region001.gbk_region_1	snj09_SemiBin_65.fa.gz_k141_1882917.region001	region	1	251	FAM_00148
sample15_SemiBin_86.fa.gz_k141_834.region001.gbk_region_1	sample15_SemiBin_86.fa.gz_k141_834.region001	region	1	251	FAM_00148
snj16_SemiBin_16.fa.gz_k141_1475728.region001.gbk_region_1	snj16_SemiBin_16.fa.gz_k141_1475728.region001	region	1	267	FAM_00149
snj08_SemiBin_2.fa.gz_k141_2192770.region001.gbk_region_1	snj08_SemiBin_2.fa.gz_k141_2192770.region001	region	1	267	FAM_00149
snj19_SemiBin_3.fa.gz_k141_2109253.region001.gbk_region_1	snj19_SemiBin_3.fa.gz_k141_2109253.region001	region	1	267	FAM_00149
cpsnj01_SemiBin_3.fa.gz_k141_751513.region001.gbk_region_1	cpsnj01_SemiBin_3.fa.gz_k141_751513.region001	region	1	267	FAM_00149
cpsnj16_SemiBin_36.fa.gz_k141_1524126.region001.gbk_region_1	cpsnj16_SemiBin_36.fa.gz_k141_1524126.region001	region	1	267	FAM_00149
sample27_SemiBin_29.fa.gz_k141_5750132.region001.gbk_region_1	sample27_SemiBin_29.fa.gz_k141_5750132.region001	region	1	275	FAM_00150
sample2_SemiBin_21.fa.gz_k141_2785784.region001.gbk_region_1	sample2_SemiBin_21.fa.gz_k141_2785784.region001	region	1	275	FAM_00150
sample7_SemiBin_75.fa.gz_k141_4890130.region001.gbk_region_1	sample7_SemiBin_75.fa.gz_k141_4890130.region001	region	1	275	FAM_00150
sample27_SemiBin_29.fa.gz_k141_368236.region001.gbk_region_1	sample27_SemiBin_29.fa.gz_k141_368236.region001	region	1	275	FAM_00150
sample7_SemiBin_75.fa.gz_k141_3487926.region001.gbk_region_1	sample7_SemiBin_75.fa.gz_k141_3487926.region001	region	1	275	FAM_00150
sample2_SemiBin_21.fa.gz_k141_150371.region001.gbk_region_1	sample2_SemiBin_21.fa.gz_k141_150371.region001	region	1	275	FAM_00150
cpsnj10_SemiBin_138.fa.gz_k141_1740937.region001.gbk_region_1	cpsnj10_SemiBin_138.fa.gz_k141_1740937.region001	region	1	275	FAM_00150
sample28_SemiBin_80.fa.gz_k141_4336229.region001.gbk_region_1	sample28_SemiBin_80.fa.gz_k141_4336229.region001	region	1	275	FAM_00150
cpsnj03_SemiBin_22.fa.gz_k141_1293846.region001.gbk_region_1	cpsnj03_SemiBin_22.fa.gz_k141_1293846.region001	region	1	283	FAM_00151
sample21_SemiBin_17.fa.gz_k141_3694156.region001.gbk_region_1	sample21_SemiBin_17.fa.gz_k141_3694156.region001	region	1	283	FAM_00151
snj15_SemiBin_23.fa.gz_k141_364987.region001.gbk_region_1	snj15_SemiBin_23.fa.gz_k141_364987.region001	region	1	283	FAM_00151
sample23_SemiBin_6.fa.gz_k141_185951.region001.gbk_region_1	sample23_SemiBin_6.fa.gz_k141_185951.region001	region	1	283	FAM_00152
sample26_SemiBin_130.fa.gz_k141_5988674.region001.gbk_region_1	sample26_SemiBin_130.fa.gz_k141_5988674.region001	region	1	283	FAM_00152
sample9_SemiBin_34.fa.gz_k141_1017832.region001.gbk_region_1	sample9_SemiBin_34.fa.gz_k141_1017832.region001	region	1	283	FAM_00152
sample2_SemiBin_10.fa.gz_k141_840022.region001.gbk_region_1	sample2_SemiBin_10.fa.gz_k141_840022.region001	region	1	283	FAM_00152
sample7_SemiBin_67.fa.gz_k141_3529753.region001.gbk_region_1	sample7_SemiBin_67.fa.gz_k141_3529753.region001	region	1	283	FAM_00152
sample8_SemiBin_16.fa.gz_k141_848604.region001.gbk_region_1	sample8_SemiBin_16.fa.gz_k141_848604.region001	region	1	283	FAM_00152
sample5_SemiBin_7.fa.gz_k141_1028192.region001.gbk_region_1	sample5_SemiBin_7.fa.gz_k141_1028192.region001	region	1	283	FAM_00152
sample3_SemiBin_17.fa.gz_k141_1493968.region001.gbk_region_1	sample3_SemiBin_17.fa.gz_k141_1493968.region001	region	1	283	FAM_00152
sample4_SemiBin_32.fa.gz_k141_2654149.region001.gbk_region_1	sample4_SemiBin_32.fa.gz_k141_2654149.region001	region	1	283	FAM_00153
snj13_SemiBin_16.fa.gz_k141_587233.region001.gbk_region_1	snj13_SemiBin_16.fa.gz_k141_587233.region001	region	1	283	FAM_00153
sample6_SemiBin_15.fa.gz_k141_2973158.region001.gbk_region_1	sample6_SemiBin_15.fa.gz_k141_2973158.region001	region	1	283	FAM_00153
snj08_SemiBin_65.fa.gz_k141_3202769.region001.gbk_region_1	snj08_SemiBin_65.fa.gz_k141_3202769.region001	region	1	283	FAM_00153
sample28_SemiBin_63.fa.gz_k141_4476890.region001.gbk_region_1	sample28_SemiBin_63.fa.gz_k141_4476890.region001	region	1	283	FAM_00154
snj09_SemiBin_65.fa.gz_k141_2135084.region001.gbk_region_1	snj09_SemiBin_65.fa.gz_k141_2135084.region001	region	1	283	FAM_00154
cpsnj09_SemiBin_13.fa.gz_k141_1379330.region001.gbk_region_1	cpsnj09_SemiBin_13.fa.gz_k141_1379330.region001	region	1	283	FAM_00154
snj11_SemiBin_80.fa.gz_k141_390741.region001.gbk_region_1	snj11_SemiBin_80.fa.gz_k141_390741.region001	region	1	283	FAM_00154
cpsnj13_SemiBin_142.fa.gz_k141_725991.region001.gbk_region_1	cpsnj13_SemiBin_142.fa.gz_k141_725991.region001	region	1	283	FAM_00154
cpsnj10_SemiBin_93.fa.gz_k141_4093977.region001.gbk_region_1	cpsnj10_SemiBin_93.fa.gz_k141_4093977.region001	region	1	283	FAM_00154
sample7_SemiBin_37.fa.gz_k141_2984002.region001.gbk_region_1	sample7_SemiBin_37.fa.gz_k141_2984002.region001	region	1	283	FAM_00155
sample16_SemiBin_56.fa.gz_k141_1703957.region001.gbk_region_1	sample16_SemiBin_56.fa.gz_k141_1703957.region001	region	1	283	FAM_00155
sample5_SemiBin_7.fa.gz_k141_2850907.region001.gbk_region_1	sample5_SemiBin_7.fa.gz_k141_2850907.region001	region	1	283	FAM_00155
sample23_SemiBin_6.fa.gz_k141_5247102.region001.gbk_region_1	sample23_SemiBin_6.fa.gz_k141_5247102.region001	region	1	283	FAM_00155
sample26_SemiBin_130.fa.gz_k141_2495040.region001.gbk_region_1	sample26_SemiBin_130.fa.gz_k141_2495040.region001	region	1	283	FAM_00155
snj11_SemiBin_80.fa.gz_k141_66437.region001.gbk_region_1	snj11_SemiBin_80.fa.gz_k141_66437.region001	region	1	283	FAM_00156
cpsnj10_SemiBin_93.fa.gz_k141_82681.region001.gbk_region_1	cpsnj10_SemiBin_93.fa.gz_k141_82681.region001	region	1	283	FAM_00156
cpsnj13_SemiBin_142.fa.gz_k141_1143787.region001.gbk_region_1	cpsnj13_SemiBin_142.fa.gz_k141_1143787.region001	region	1	283	FAM_00156
snj09_SemiBin_65.fa.gz_k141_323799.region001.gbk_region_1	snj09_SemiBin_65.fa.gz_k141_323799.region001	region	1	283	FAM_00156
sample28_SemiBin_63.fa.gz_k141_693730.region001.gbk_region_1	sample28_SemiBin_63.fa.gz_k141_693730.region001	region	1	283	FAM_00156
snj11_SemiBin_80.fa.gz_k141_1582427.region001.gbk_region_1	snj11_SemiBin_80.fa.gz_k141_1582427.region001	region	1	283	FAM_00156
cpsnj09_SemiBin_13.fa.gz_k141_3254119.region001.gbk_region_1	cpsnj09_SemiBin_13.fa.gz_k141_3254119.region001	region	1	283	FAM_00156
snj08_SemiBin_65.fa.gz_k141_463701.region001.gbk_region_1	snj08_SemiBin_65.fa.gz_k141_463701.region001	region	1	283	FAM_00157
sample2_SemiBin_10.fa.gz_k141_2339470.region001.gbk_region_1	sample2_SemiBin_10.fa.gz_k141_2339470.region001	region	1	283	FAM_00157
sample9_SemiBin_34.fa.gz_k141_1515315.region001.gbk_region_1	sample9_SemiBin_34.fa.gz_k141_1515315.region001	region	1	283	FAM_00157
sample3_SemiBin_27.fa.gz_k141_469039.region001.gbk_region_1	sample3_SemiBin_27.fa.gz_k141_469039.region001	region	1	283	FAM_00157
sample15_SemiBin_86.fa.gz_k141_4795542.region001.gbk_region_1	sample15_SemiBin_86.fa.gz_k141_4795542.region001	region	1	283	FAM_00157
sample8_SemiBin_16.fa.gz_k141_1871136.region001.gbk_region_1	sample8_SemiBin_16.fa.gz_k141_1871136.region001	region	1	283	FAM_00157
cpsnj10_SemiBin_93.fa.gz_k141_1990597.region001.gbk_region_1	cpsnj10_SemiBin_93.fa.gz_k141_1990597.region001	region	1	283	FAM_00157
sample5_SemiBin_7.fa.gz_k141_2533596.region001.gbk_region_1	sample5_SemiBin_7.fa.gz_k141_2533596.region001	region	1	283	FAM_00157
snj15_SemiBin_23.fa.gz_k141_1117813.region001.gbk_region_1	snj15_SemiBin_23.fa.gz_k141_1117813.region001	region	1	283	FAM_00157
sample18_SemiBin_122.fa.gz_k141_3482871.region001.gbk_region_1	sample18_SemiBin_122.fa.gz_k141_3482871.region001	region	1	283	FAM_00158
cpsnj03_SemiBin_22.fa.gz_k141_967023.region001.gbk_region_1	cpsnj03_SemiBin_22.fa.gz_k141_967023.region001	region	1	283	FAM_00158
sample9_SemiBin_34.fa.gz_k141_5377326.region001.gbk_region_1	sample9_SemiBin_34.fa.gz_k141_5377326.region001	region	1	283	FAM_00158
sample8_SemiBin_16.fa.gz_k141_737107.region001.gbk_region_1	sample8_SemiBin_16.fa.gz_k141_737107.region001	region	1	283	FAM_00158
sample7_SemiBin_67.fa.gz_k141_1270097.region001.gbk_region_1	sample7_SemiBin_67.fa.gz_k141_1270097.region001	region	1	283	FAM_00159
sample20_SemiBin_12.fa.gz_k141_4252722.region001.gbk_region_1	sample20_SemiBin_12.fa.gz_k141_4252722.region001	region	1	283	FAM_00159
snj19_SemiBin_166.fa.gz_k141_1940178.region001.gbk_region_1	snj19_SemiBin_166.fa.gz_k141_1940178.region001	region	1	283	FAM_00159
sample6_SemiBin_15.fa.gz_k141_7155463.region001.gbk_region_1	sample6_SemiBin_15.fa.gz_k141_7155463.region001	region	1	283	FAM_00159
sample15_SemiBin_86.fa.gz_k141_3138638.region001.gbk_region_1	sample15_SemiBin_86.fa.gz_k141_3138638.region001	region	1	283	FAM_00159
snj13_SemiBin_16.fa.gz_k141_163755.region001.gbk_region_1	snj13_SemiBin_16.fa.gz_k141_163755.region001	region	1	283	FAM_00159
sample2_SemiBin_10.fa.gz_k141_2306002.region001.gbk_region_1	sample2_SemiBin_10.fa.gz_k141_2306002.region001	region	1	283	FAM_00159
sample5_SemiBin_7.fa.gz_k141_2021434.region001.gbk_region_1	sample5_SemiBin_7.fa.gz_k141_2021434.region001	region	1	283	FAM_00159
snj03_SemiBin_173.fa.gz_k141_704127.region001.gbk_region_1	snj03_SemiBin_173.fa.gz_k141_704127.region001	region	1	283	FAM_00159
sample16_SemiBin_56.fa.gz_k141_342733.region001.gbk_region_1	sample16_SemiBin_56.fa.gz_k141_342733.region001	region	1	283	FAM_00159
sample21_SemiBin_17.fa.gz_k141_1372841.region001.gbk_region_1	sample21_SemiBin_17.fa.gz_k141_1372841.region001	region	1	283	FAM_00159
cpsnj19_SemiBin_57.fa.gz_k141_413070.region001.gbk_region_1	cpsnj19_SemiBin_57.fa.gz_k141_413070.region001	region	1	283	FAM_00159
sample23_SemiBin_6.fa.gz_k141_4492456.region001.gbk_region_1	sample23_SemiBin_6.fa.gz_k141_4492456.region001	region	1	283	FAM_00159
cpsnj03_SemiBin_22.fa.gz_k141_435455.region001.gbk_region_1	cpsnj03_SemiBin_22.fa.gz_k141_435455.region001	region	1	283	FAM_00159
snj08_SemiBin_65.fa.gz_k141_717852.region001.gbk_region_1	snj08_SemiBin_65.fa.gz_k141_717852.region001	region	1	283	FAM_00159
sample9_SemiBin_34.fa.gz_k141_1487116.region001.gbk_region_1	sample9_SemiBin_34.fa.gz_k141_1487116.region001	region	1	283	FAM_00159
sample22_SemiBin_26.fa.gz_k141_3323951.region001.gbk_region_1	sample22_SemiBin_26.fa.gz_k141_3323951.region001	region	1	283	FAM_00159
snj08_SemiBin_65.fa.gz_k141_666069.region001.gbk_region_1	snj08_SemiBin_65.fa.gz_k141_666069.region001	region	1	283	FAM_00160
sample26_SemiBin_130.fa.gz_k141_25481.region001.gbk_region_1	sample26_SemiBin_130.fa.gz_k141_25481.region001	region	1	283	FAM_00160
sample9_SemiBin_34.fa.gz_k141_1419897.region001.gbk_region_1	sample9_SemiBin_34.fa.gz_k141_1419897.region001	region	1	283	FAM_00160
sample16_SemiBin_2.fa.gz_k141_2071151.region001.gbk_region_1	sample16_SemiBin_2.fa.gz_k141_2071151.region001	region	1	287	FAM_00161
cpsnj20_SemiBin_95.fa.gz_k141_2063696.region001.gbk_region_1	cpsnj20_SemiBin_95.fa.gz_k141_2063696.region001	region	1	287	FAM_00161
sample16_SemiBin_11.fa.gz_k141_5089847.region001.gbk_region_1	sample16_SemiBin_11.fa.gz_k141_5089847.region001	region	1	303	FAM_00162
cpsnj04_SemiBin_10.fa.gz_k141_1512491.region001.gbk_region_1	cpsnj04_SemiBin_10.fa.gz_k141_1512491.region001	region	1	303	FAM_00162
sample19_SemiBin_66.fa.gz_k141_1733105.region001.gbk_region_1	sample19_SemiBin_66.fa.gz_k141_1733105.region001	region	1	303	FAM_00162
sample15_SemiBin_30.fa.gz_k141_1022350.region001.gbk_region_1	sample15_SemiBin_30.fa.gz_k141_1022350.region001	region	1	303	FAM_00162
sample22_SemiBin_47.fa.gz_k141_5410842.region001.gbk_region_1	sample22_SemiBin_47.fa.gz_k141_5410842.region001	region	1	303	FAM_00162
snj03_SemiBin_8.fa.gz_k141_912932.region001.gbk_region_1	snj03_SemiBin_8.fa.gz_k141_912932.region001	region	1	303	FAM_00162
sample9_SemiBin_14.fa.gz_k141_6162970.region001.gbk_region_1	sample9_SemiBin_14.fa.gz_k141_6162970.region001	region	1	303	FAM_00162
sample15_SemiBin_30.fa.gz_k141_4184247.region001.gbk_region_1	sample15_SemiBin_30.fa.gz_k141_4184247.region001	region	1	303	FAM_00162
sample6_SemiBin_96.fa.gz_k141_5430325.region001.gbk_region_1	sample6_SemiBin_96.fa.gz_k141_5430325.region001	region	1	303	FAM_00162
sample5_SemiBin_24.fa.gz_k141_89103.region001.gbk_region_1	sample5_SemiBin_24.fa.gz_k141_89103.region001	region	1	303	FAM_00162
sample29_SemiBin_54.fa.gz_k141_1746782.region001.gbk_region_1	sample29_SemiBin_54.fa.gz_k141_1746782.region001	region	1	303	FAM_00162
sample4_SemiBin_21.fa.gz_k141_2889374.region001.gbk_region_1	sample4_SemiBin_21.fa.gz_k141_2889374.region001	region	1	303	FAM_00162
cpsnj01_SemiBin_76.fa.gz_k141_1536174.region001.gbk_region_1	cpsnj01_SemiBin_76.fa.gz_k141_1536174.region001	region	1	303	FAM_00162
cpsnj19_SemiBin_45.fa.gz_k141_1621717.region001.gbk_region_1	cpsnj19_SemiBin_45.fa.gz_k141_1621717.region001	region	1	303	FAM_00162
snj03_SemiBin_60.fa.gz_k141_932720.region001.gbk_region_1	snj03_SemiBin_60.fa.gz_k141_932720.region001	region	1	303	FAM_00162
sample17_SemiBin_54.fa.gz_k141_1798520.region001.gbk_region_1	sample17_SemiBin_54.fa.gz_k141_1798520.region001	region	1	303	FAM_00162
sample18_SemiBin_46.fa.gz_k141_2395643.region001.gbk_region_1	sample18_SemiBin_46.fa.gz_k141_2395643.region001	region	1	303	FAM_00162
cpsnj03_SemiBin_59.fa.gz_k141_2974418.region001.gbk_region_1	cpsnj03_SemiBin_59.fa.gz_k141_2974418.region001	region	1	303	FAM_00162
sample18_SemiBin_11.fa.gz_k141_6135820.region001.gbk_region_1	sample18_SemiBin_11.fa.gz_k141_6135820.region001	region	1	303	FAM_00162
sample19_SemiBin_128.fa.gz_k141_4915210.region001.gbk_region_1	sample19_SemiBin_128.fa.gz_k141_4915210.region001	region	1	303	FAM_00162
cpsnj08_SemiBin_10.fa.gz_k141_1512491.region001.gbk_region_1	cpsnj08_SemiBin_10.fa.gz_k141_1512491.region001	region	1	303	FAM_00162
sample7_SemiBin_35.fa.gz_k141_2959983.region001.gbk_region_1	sample7_SemiBin_35.fa.gz_k141_2959983.region001	region	1	303	FAM_00163
sample20_SemiBin_35.fa.gz_k141_397946.region001.gbk_region_1	sample20_SemiBin_35.fa.gz_k141_397946.region001	region	1	303	FAM_00163
sample22_SemiBin_2.fa.gz_k141_1065926.region001.gbk_region_1	sample22_SemiBin_2.fa.gz_k141_1065926.region001	region	1	303	FAM_00163
sample21_SemiBin_83.fa.gz_k141_2170250.region001.gbk_region_1	sample21_SemiBin_83.fa.gz_k141_2170250.region001	region	1	303	FAM_00164
sample27_SemiBin_44.fa.gz_k141_4797652.region001.gbk_region_1	sample27_SemiBin_44.fa.gz_k141_4797652.region001	region	1	303	FAM_00164
cpsnj03_SemiBin_131.fa.gz_k141_2416538.region001.gbk_region_1	cpsnj03_SemiBin_131.fa.gz_k141_2416538.region001	region	1	303	FAM_00164
sample11_SemiBin_50.fa.gz_k141_2017150.region001.gbk_region_1	sample11_SemiBin_50.fa.gz_k141_2017150.region001	region	1	303	FAM_00164
sample16_SemiBin_65.fa.gz_k141_1462844.region001.gbk_region_1	sample16_SemiBin_65.fa.gz_k141_1462844.region001	region	1	303	FAM_00164
sample13_SemiBin_31.fa.gz_k141_1718326.region001.gbk_region_1	sample13_SemiBin_31.fa.gz_k141_1718326.region001	region	1	303	FAM_00164
sample8_SemiBin_40.fa.gz_k141_400402.region001.gbk_region_1	sample8_SemiBin_40.fa.gz_k141_400402.region001	region	1	303	FAM_00164
sample17_SemiBin_54.fa.gz_k141_5640179.region001.gbk_region_1	sample17_SemiBin_54.fa.gz_k141_5640179.region001	region	1	303	FAM_00164
sample1_SemiBin_95.fa.gz_k141_1171327.region001.gbk_region_1	sample1_SemiBin_95.fa.gz_k141_1171327.region001	region	1	303	FAM_00164
sample3_SemiBin_72.fa.gz_k141_2680642.region001.gbk_region_1	sample3_SemiBin_72.fa.gz_k141_2680642.region001	region	1	303	FAM_00164
sample6_SemiBin_30.fa.gz_k141_5490676.region001.gbk_region_1	sample6_SemiBin_30.fa.gz_k141_5490676.region001	region	1	303	FAM_00164
sample29_SemiBin_37.fa.gz_k141_5115.region001.gbk_region_1	sample29_SemiBin_37.fa.gz_k141_5115.region001	region	1	303	FAM_00164
sample22_SemiBin_120.fa.gz_k141_1376469.region001.gbk_region_1	sample22_SemiBin_120.fa.gz_k141_1376469.region001	region	1	303	FAM_00164
sample20_SemiBin_91.fa.gz_k141_3893481.region001.gbk_region_1	sample20_SemiBin_91.fa.gz_k141_3893481.region001	region	1	303	FAM_00164
sample7_SemiBin_6.fa.gz_k141_3943401.region001.gbk_region_1	sample7_SemiBin_6.fa.gz_k141_3943401.region001	region	1	303	FAM_00164
sample24_SemiBin_14.fa.gz_k141_3158276.region001.gbk_region_1	sample24_SemiBin_14.fa.gz_k141_3158276.region001	region	1	303	FAM_00164
sample10_SemiBin_43.fa.gz_k141_4619034.region001.gbk_region_1	sample10_SemiBin_43.fa.gz_k141_4619034.region001	region	1	303	FAM_00164
cpsnj19_SemiBin_44.fa.gz_k141_1869330.region001.gbk_region_1	cpsnj19_SemiBin_44.fa.gz_k141_1869330.region001	region	1	303	FAM_00165
cpsnj03_SemiBin_60.fa.gz_k141_206313.region001.gbk_region_1	cpsnj03_SemiBin_60.fa.gz_k141_206313.region001	region	1	303	FAM_00165
snj03_SemiBin_40.fa.gz_k141_1317993.region001.gbk_region_1	snj03_SemiBin_40.fa.gz_k141_1317993.region001	region	1	303	FAM_00165
cpsnj04_SemiBin_25.fa.gz_k141_856357.region001.gbk_region_1	cpsnj04_SemiBin_25.fa.gz_k141_856357.region001	region	1	303	FAM_00165
cpsnj08_SemiBin_25.fa.gz_k141_856357.region001.gbk_region_1	cpsnj08_SemiBin_25.fa.gz_k141_856357.region001	region	1	303	FAM_00165
sample12_SemiBin_12.fa.gz_k141_631063.region001.gbk_region_1	sample12_SemiBin_12.fa.gz_k141_631063.region001	region	1	303	FAM_00165
sample18_SemiBin_99.fa.gz_k141_5923070.region001.gbk_region_1	sample18_SemiBin_99.fa.gz_k141_5923070.region001	region	1	315	FAM_00166
sample15_SemiBin_8.fa.gz_k141_234341.region001.gbk_region_1	sample15_SemiBin_8.fa.gz_k141_234341.region001	region	1	315	FAM_00166
snj14_SemiBin_32.fa.gz_k141_2379169.region001.gbk_region_1	snj14_SemiBin_32.fa.gz_k141_2379169.region001	region	1	319	FAM_00167
sample20_SemiBin_45.fa.gz_k141_3151727.region001.gbk_region_1	sample20_SemiBin_45.fa.gz_k141_3151727.region001	region	1	319	FAM_00167
sample22_SemiBin_104.fa.gz_k141_274680.region001.gbk_region_1	sample22_SemiBin_104.fa.gz_k141_274680.region001	region	1	319	FAM_00167
cpsnj16_SemiBin_24.fa.gz_k141_1743440.region001.gbk_region_1	cpsnj16_SemiBin_24.fa.gz_k141_1743440.region001	region	1	319	FAM_00167
snj16_SemiBin_48.fa.gz_k141_1565892.region001.gbk_region_1	snj16_SemiBin_48.fa.gz_k141_1565892.region001	region	1	319	FAM_00167
snj11_SemiBin_19.fa.gz_k141_1311222.region001.gbk_region_1	snj11_SemiBin_19.fa.gz_k141_1311222.region001	region	1	319	FAM_00167
snj19_SemiBin_5.fa.gz_k141_2271006.region001.gbk_region_1	snj19_SemiBin_5.fa.gz_k141_2271006.region001	region	1	319	FAM_00167
snj03_SemiBin_16.fa.gz_k141_2051302.region001.gbk_region_1	snj03_SemiBin_16.fa.gz_k141_2051302.region001	region	1	319	FAM_00167
cpsnj19_SemiBin_24.fa.gz_k141_507355.region001.gbk_region_1	cpsnj19_SemiBin_24.fa.gz_k141_507355.region001	region	1	319	FAM_00167
cpsnj03_SemiBin_30.fa.gz_k141_1881336.region001.gbk_region_1	cpsnj03_SemiBin_30.fa.gz_k141_1881336.region001	region	1	319	FAM_00167
snj03_SemiBin_67.fa.gz_k141_1424145.region001.gbk_region_1	snj03_SemiBin_67.fa.gz_k141_1424145.region001	region	1	344	FAM_00168
cpsnj02_SemiBin_3.fa.gz_k141_2278303.region001.gbk_region_1	cpsnj02_SemiBin_3.fa.gz_k141_2278303.region001	region	1	344	FAM_00168
sample15_SemiBin_76.fa.gz_k141_5437805.region001.gbk_region_1	sample15_SemiBin_76.fa.gz_k141_5437805.region001	region	1	348	FAM_00169
sample22_SemiBin_284.fa.gz_k141_3572050.region001.gbk_region_1	sample22_SemiBin_284.fa.gz_k141_3572050.region001	region	1	348	FAM_00169
sample2_SemiBin_17.fa.gz_k141_202911.region001.gbk_region_1	sample2_SemiBin_17.fa.gz_k141_202911.region001	region	1	348	FAM_00169
sample6_SemiBin_234.fa.gz_k141_1608342.region001.gbk_region_1	sample6_SemiBin_234.fa.gz_k141_1608342.region001	region	1	348	FAM_00169
sample15_SemiBin_16.fa.gz_k141_2790466.region001.gbk_region_1	sample15_SemiBin_16.fa.gz_k141_2790466.region001	region	1	352	FAM_00170
sample22_SemiBin_45.fa.gz_k141_5276970.region001.gbk_region_1	sample22_SemiBin_45.fa.gz_k141_5276970.region001	region	1	352	FAM_00170
sample10_SemiBin_16.fa.gz_k141_4532337.region001.gbk_region_1	sample10_SemiBin_16.fa.gz_k141_4532337.region001	region	1	356	FAM_00171
sample18_SemiBin_77.fa.gz_k141_553152.region001.gbk_region_1	sample18_SemiBin_77.fa.gz_k141_553152.region001	region	1	356	FAM_00171
sample17_SemiBin_7.fa.gz_k141_676477.region001.gbk_region_1	sample17_SemiBin_7.fa.gz_k141_676477.region001	region	1	356	FAM_00171
sample13_SemiBin_86.fa.gz_k141_87175.region001.gbk_region_1	sample13_SemiBin_86.fa.gz_k141_87175.region001	region	1	356	FAM_00171
sample4_SemiBin_20.fa.gz_k141_1498752.region001.gbk_region_1	sample4_SemiBin_20.fa.gz_k141_1498752.region001	region	1	356	FAM_00171
sample3_SemiBin_24.fa.gz_k141_272341.region001.gbk_region_1	sample3_SemiBin_24.fa.gz_k141_272341.region001	region	1	356	FAM_00171
cpsnj11_SemiBin_113.fa.gz_k141_1968341.region001.gbk_region_1	cpsnj11_SemiBin_113.fa.gz_k141_1968341.region001	region	1	356	FAM_00171
cpsnj10_SemiBin_175.fa.gz_k141_2981340.region001.gbk_region_1	cpsnj10_SemiBin_175.fa.gz_k141_2981340.region001	region	1	360	FAM_00172
sample22_SemiBin_205.fa.gz_k141_2200716.region001.gbk_region_1	sample22_SemiBin_205.fa.gz_k141_2200716.region001	region	1	360	FAM_00172
cpsnj11_SemiBin_89.fa.gz_k141_3801486.region001.gbk_region_1	cpsnj11_SemiBin_89.fa.gz_k141_3801486.region001	region	1	368	FAM_00173
snj08_SemiBin_91.fa.gz_k141_2250949.region001.gbk_region_1	snj08_SemiBin_91.fa.gz_k141_2250949.region001	region	1	368	FAM_00173
cpsnj09_SemiBin_47.fa.gz_k141_545045.region001.gbk_region_1	cpsnj09_SemiBin_47.fa.gz_k141_545045.region001	region	1	368	FAM_00173
cpsnj14_SemiBin_116.fa.gz_k141_2292528.region001.gbk_region_1	cpsnj14_SemiBin_116.fa.gz_k141_2292528.region001	region	1	368	FAM_00173
snj09_SemiBin_46.fa.gz_k141_1052955.region001.gbk_region_1	snj09_SemiBin_46.fa.gz_k141_1052955.region001	region	1	368	FAM_00173
snj14_SemiBin_49.fa.gz_k141_1440426.region001.gbk_region_1	snj14_SemiBin_49.fa.gz_k141_1440426.region001	region	1	368	FAM_00173
cpsnj10_SemiBin_184.fa.gz_k141_3616729.region001.gbk_region_1	cpsnj10_SemiBin_184.fa.gz_k141_3616729.region001	region	1	368	FAM_00173
sample7_SemiBin_41.fa.gz_k141_3445303.region001.gbk_region_1	sample7_SemiBin_41.fa.gz_k141_3445303.region001	region	1	368	FAM_00174
sample15_SemiBin_80.fa.gz_k141_4895845.region001.gbk_region_1	sample15_SemiBin_80.fa.gz_k141_4895845.region001	region	1	368	FAM_00174
sample2_SemiBin_4.fa.gz_k141_1313970.region001.gbk_region_1	sample2_SemiBin_4.fa.gz_k141_1313970.region001	region	1	368	FAM_00174
sample16_SemiBin_2.fa.gz_k141_3556208.region001.gbk_region_1	sample16_SemiBin_2.fa.gz_k141_3556208.region001	region	1	368	FAM_00174
sample13_SemiBin_105.fa.gz_k141_2452295.region001.gbk_region_1	sample13_SemiBin_105.fa.gz_k141_2452295.region001	region	1	368	FAM_00175
sample18_SemiBin_75.fa.gz_k141_2156039.region001.gbk_region_1	sample18_SemiBin_75.fa.gz_k141_2156039.region001	region	1	368	FAM_00175
sample10_SemiBin_67.fa.gz_k141_3002387.region001.gbk_region_1	sample10_SemiBin_67.fa.gz_k141_3002387.region001	region	1	368	FAM_00175
sample10_SemiBin_55.fa.gz_k141_3899982.region001.gbk_region_1	sample10_SemiBin_55.fa.gz_k141_3899982.region001	region	1	368	FAM_00175
sample13_SemiBin_68.fa.gz_k141_1189594.region001.gbk_region_1	sample13_SemiBin_68.fa.gz_k141_1189594.region001	region	1	368	FAM_00175
cpsnj14_SemiBin_27.fa.gz_k141_3892965.region001.gbk_region_1	cpsnj14_SemiBin_27.fa.gz_k141_3892965.region001	region	1	388	FAM_00176
cpsnj09_SemiBin_32.fa.gz_k141_1919364.region001.gbk_region_1	cpsnj09_SemiBin_32.fa.gz_k141_1919364.region001	region	1	388	FAM_00176
snj02_SemiBin_17.fa.gz_k141_531703.region001.gbk_region_1	snj02_SemiBin_17.fa.gz_k141_531703.region001	region	1	388	FAM_00176
cpsnj09_SemiBin_86.fa.gz_k141_2104568.region001.gbk_region_1	cpsnj09_SemiBin_86.fa.gz_k141_2104568.region001	region	1	388	FAM_00176
cpsnj11_SemiBin_67.fa.gz_k141_1262300.region001.gbk_region_1	cpsnj11_SemiBin_67.fa.gz_k141_1262300.region001	region	1	388	FAM_00176
sample22_SemiBin_31.fa.gz_k141_3106687.region001.gbk_region_1	sample22_SemiBin_31.fa.gz_k141_3106687.region001	region	1	392	FAM_00177
cpsnj13_SemiBin_67.fa.gz_k141_288853.region001.gbk_region_1	cpsnj13_SemiBin_67.fa.gz_k141_288853.region001	region	1	392	FAM_00177
sample17_SemiBin_16.fa.gz_k141_4683562.region001.gbk_region_1	sample17_SemiBin_16.fa.gz_k141_4683562.region001	region	1	392	FAM_00177
snj14_SemiBin_21.fa.gz_k141_1949007.region001.gbk_region_1	snj14_SemiBin_21.fa.gz_k141_1949007.region001	region	1	392	FAM_00177
snj15_SemiBin_3.fa.gz_k141_283938.region001.gbk_region_1	snj15_SemiBin_3.fa.gz_k141_283938.region001	region	1	392	FAM_00177
sample16_SemiBin_14.fa.gz_k141_312299.region001.gbk_region_1	sample16_SemiBin_14.fa.gz_k141_312299.region001	region	1	392	FAM_00177
sample28_SemiBin_15.fa.gz_k141_2300419.region001.gbk_region_1	sample28_SemiBin_15.fa.gz_k141_2300419.region001	region	1	392	FAM_00177
sample20_SemiBin_20.fa.gz_k141_1814924.region001.gbk_region_1	sample20_SemiBin_20.fa.gz_k141_1814924.region001	region	1	392	FAM_00177
cpsnj09_SemiBin_131.fa.gz_k141_2873281.region001.gbk_region_1	cpsnj09_SemiBin_131.fa.gz_k141_2873281.region001	region	1	392	FAM_00177
cpsnj20_SemiBin_24.fa.gz_k141_1728888.region001.gbk_region_1	cpsnj20_SemiBin_24.fa.gz_k141_1728888.region001	region	1	392	FAM_00178
snj03_SemiBin_72.fa.gz_k141_2542939.region001.gbk_region_1	snj03_SemiBin_72.fa.gz_k141_2542939.region001	region	1	392	FAM_00178
snj10_SemiBin_27.fa.gz_k141_1591946.region001.gbk_region_1	snj10_SemiBin_27.fa.gz_k141_1591946.region001	region	1	392	FAM_00178
sample24_SemiBin_33.fa.gz_k141_5046848.region001.gbk_region_1	sample24_SemiBin_33.fa.gz_k141_5046848.region001	region	1	392	FAM_00178
cpsnj03_SemiBin_69.fa.gz_k141_2601716.region001.gbk_region_1	cpsnj03_SemiBin_69.fa.gz_k141_2601716.region001	region	1	392	FAM_00178
cpsnj08_SemiBin_3.fa.gz_k141_1813942.region001.gbk_region_1	cpsnj08_SemiBin_3.fa.gz_k141_1813942.region001	region	1	392	FAM_00178
snj03_SemiBin_39.fa.gz_k141_2373792.region001.gbk_region_1	snj03_SemiBin_39.fa.gz_k141_2373792.region001	region	1	392	FAM_00178
sample22_SemiBin_99.fa.gz_k141_4854992.region001.gbk_region_1	sample22_SemiBin_99.fa.gz_k141_4854992.region001	region	1	392	FAM_00178
sample22_SemiBin_104.fa.gz_k141_5492520.region001.gbk_region_1	sample22_SemiBin_104.fa.gz_k141_5492520.region001	region	1	392	FAM_00178
snj09_SemiBin_37.fa.gz_k141_972084.region001.gbk_region_1	snj09_SemiBin_37.fa.gz_k141_972084.region001	region	1	392	FAM_00178
snj19_SemiBin_84.fa.gz_k141_1989360.region001.gbk_region_1	snj19_SemiBin_84.fa.gz_k141_1989360.region001	region	1	392	FAM_00178
cpsnj04_SemiBin_3.fa.gz_k141_1813942.region001.gbk_region_1	cpsnj04_SemiBin_3.fa.gz_k141_1813942.region001	region	1	392	FAM_00178
snj08_SemiBin_20.fa.gz_k141_289432.region001.gbk_region_1	snj08_SemiBin_20.fa.gz_k141_289432.region001	region	1	392	FAM_00178
cpsnj19_SemiBin_24.fa.gz_k141_1133696.region001.gbk_region_1	cpsnj19_SemiBin_24.fa.gz_k141_1133696.region001	region	1	392	FAM_00178
snj19_SemiBin_33.fa.gz_k141_439829.region001.gbk_region_1	snj19_SemiBin_33.fa.gz_k141_439829.region001	region	1	392	FAM_00178
snj11_SemiBin_19.fa.gz_k141_1957561.region001.gbk_region_1	snj11_SemiBin_19.fa.gz_k141_1957561.region001	region	1	392	FAM_00179
sample8_SemiBin_31.fa.gz_k141_841966.region001.gbk_region_1	sample8_SemiBin_31.fa.gz_k141_841966.region001	region	1	392	FAM_00179
cpsnj19_SemiBin_53.fa.gz_k141_2592317.region001.gbk_region_1	cpsnj19_SemiBin_53.fa.gz_k141_2592317.region001	region	1	392	FAM_00179
snj19_SemiBin_5.fa.gz_k141_1063761.region001.gbk_region_1	snj19_SemiBin_5.fa.gz_k141_1063761.region001	region	1	392	FAM_00179
snj09_SemiBin_106.fa.gz_k141_148775.region001.gbk_region_1	snj09_SemiBin_106.fa.gz_k141_148775.region001	region	1	392	FAM_00179
snj16_SemiBin_48.fa.gz_k141_1467738.region001.gbk_region_1	snj16_SemiBin_48.fa.gz_k141_1467738.region001	region	1	392	FAM_00179
snj14_SemiBin_32.fa.gz_k141_603832.region001.gbk_region_1	snj14_SemiBin_32.fa.gz_k141_603832.region001	region	1	392	FAM_00179
cpsnj16_SemiBin_24.fa.gz_k141_3038878.region001.gbk_region_1	cpsnj16_SemiBin_24.fa.gz_k141_3038878.region001	region	1	392	FAM_00179
cpsnj09_SemiBin_86.fa.gz_k141_2069002.region001.gbk_region_1	cpsnj09_SemiBin_86.fa.gz_k141_2069002.region001	region	1	392	FAM_00180
sample2_SemiBin_31.fa.gz_k141_2649662.region001.gbk_region_1	sample2_SemiBin_31.fa.gz_k141_2649662.region001	region	1	392	FAM_00180
sample6_SemiBin_13.fa.gz_k141_1763971.region001.gbk_region_1	sample6_SemiBin_13.fa.gz_k141_1763971.region001	region	1	392	FAM_00180
cpsnj19_SemiBin_53.fa.gz_k141_1311383.region001.gbk_region_1	cpsnj19_SemiBin_53.fa.gz_k141_1311383.region001	region	1	392	FAM_00180
cpsnj14_SemiBin_46.fa.gz_k141_3699038.region001.gbk_region_1	cpsnj14_SemiBin_46.fa.gz_k141_3699038.region001	region	1	392	FAM_00180
sample22_SemiBin_99.fa.gz_k141_2939397.region001.gbk_region_1	sample22_SemiBin_99.fa.gz_k141_2939397.region001	region	1	392	FAM_00180
snj03_SemiBin_41.fa.gz_k141_2226244.region001.gbk_region_1	snj03_SemiBin_41.fa.gz_k141_2226244.region001	region	1	392	FAM_00180
sample22_SemiBin_111.fa.gz_k141_546246.region001.gbk_region_1	sample22_SemiBin_111.fa.gz_k141_546246.region001	region	1	392	FAM_00180
snj08_SemiBin_80.fa.gz_k141_604695.region001.gbk_region_1	snj08_SemiBin_80.fa.gz_k141_604695.region001	region	1	392	FAM_00180
cpsnj16_SemiBin_24.fa.gz_k141_854923.region001.gbk_region_1	cpsnj16_SemiBin_24.fa.gz_k141_854923.region001	region	1	392	FAM_00180
sample4_SemiBin_11.fa.gz_k141_2621168.region001.gbk_region_1	sample4_SemiBin_11.fa.gz_k141_2621168.region001	region	1	392	FAM_00180
sample29_SemiBin_121.fa.gz_k141_681195.region001.gbk_region_1	sample29_SemiBin_121.fa.gz_k141_681195.region001	region	1	392	FAM_00180
sample18_SemiBin_55.fa.gz_k141_3360247.region001.gbk_region_1	sample18_SemiBin_55.fa.gz_k141_3360247.region001	region	1	392	FAM_00180
sample1_SemiBin_68.fa.gz_k141_181150.region001.gbk_region_1	sample1_SemiBin_68.fa.gz_k141_181150.region001	region	1	392	FAM_00180
sample26_SemiBin_48.fa.gz_k141_4670182.region001.gbk_region_1	sample26_SemiBin_48.fa.gz_k141_4670182.region001	region	1	392	FAM_00180
sample29_SemiBin_34.fa.gz_k141_2189390.region001.gbk_region_1	sample29_SemiBin_34.fa.gz_k141_2189390.region001	region	1	392	FAM_00181
cpsnj03_SemiBin_40.fa.gz_k141_865918.region001.gbk_region_1	cpsnj03_SemiBin_40.fa.gz_k141_865918.region001	region	1	392	FAM_00181
snj20_SemiBin_84.fa.gz_k141_1192454.region001.gbk_region_1	snj20_SemiBin_84.fa.gz_k141_1192454.region001	region	1	392	FAM_00181
snj03_SemiBin_95.fa.gz_k141_635683.region001.gbk_region_1	snj03_SemiBin_95.fa.gz_k141_635683.region001	region	1	392	FAM_00181
cpsnj03_SemiBin_81.fa.gz_k141_241925.region001.gbk_region_1	cpsnj03_SemiBin_81.fa.gz_k141_241925.region001	region	1	392	FAM_00182
snj03_SemiBin_41.fa.gz_k141_2105431.region001.gbk_region_1	snj03_SemiBin_41.fa.gz_k141_2105431.region001	region	1	392	FAM_00182
sample29_SemiBin_112.fa.gz_k141_1960990.region001.gbk_region_1	sample29_SemiBin_112.fa.gz_k141_1960990.region001	region	1	392	FAM_00182
sample18_SemiBin_188.fa.gz_k141_3173628.region001.gbk_region_1	sample18_SemiBin_188.fa.gz_k141_3173628.region001	region	1	392	FAM_00182
sample15_SemiBin_62.fa.gz_k141_5540312.region001.gbk_region_1	sample15_SemiBin_62.fa.gz_k141_5540312.region001	region	1	406	FAM_00183
sample1_SemiBin_27.fa.gz_k141_2793313.region001.gbk_region_1	sample1_SemiBin_27.fa.gz_k141_2793313.region001	region	1	406	FAM_00183
snj19_SemiBin_71.fa.gz_k141_2096151.region001.gbk_region_1	snj19_SemiBin_71.fa.gz_k141_2096151.region001	region	1	406	FAM_00183
cpsnj20_SemiBin_34.fa.gz_k141_1127439.region001.gbk_region_1	cpsnj20_SemiBin_34.fa.gz_k141_1127439.region001	region	1	406	FAM_00183
cpsnj03_SemiBin_78.fa.gz_k141_845128.region001.gbk_region_1	cpsnj03_SemiBin_78.fa.gz_k141_845128.region001	region	1	406	FAM_00183
cpsnj13_SemiBin_18.fa.gz_k141_364623.region001.gbk_region_1	cpsnj13_SemiBin_18.fa.gz_k141_364623.region001	region	1	414	FAM_00184
cpsnj19_SemiBin_78.fa.gz_k141_1101239.region001.gbk_region_1	cpsnj19_SemiBin_78.fa.gz_k141_1101239.region001	region	1	414	FAM_00184
snj19_SemiBin_35.fa.gz_k141_1900377.region001.gbk_region_1	snj19_SemiBin_35.fa.gz_k141_1900377.region001	region	1	414	FAM_00184
sample3_SemiBin_4.fa.gz_k141_1968975.region001.gbk_region_1	sample3_SemiBin_4.fa.gz_k141_1968975.region001	region	1	414	FAM_00184
sample2_SemiBin_31.fa.gz_k141_5242.region001.gbk_region_1	sample2_SemiBin_31.fa.gz_k141_5242.region001	region	1	414	FAM_00184
sample7_SemiBin_53.fa.gz_k141_4241891.region001.gbk_region_1	sample7_SemiBin_53.fa.gz_k141_4241891.region001	region	1	414	FAM_00184
sample4_SemiBin_36.fa.gz_k141_1051886.region001.gbk_region_1	sample4_SemiBin_36.fa.gz_k141_1051886.region001	region	1	414	FAM_00184
snj03_SemiBin_2.fa.gz_k141_2090147.region001.gbk_region_1	snj03_SemiBin_2.fa.gz_k141_2090147.region001	region	1	414	FAM_00184
sample6_SemiBin_65.fa.gz_k141_5028779.region001.gbk_region_1	sample6_SemiBin_65.fa.gz_k141_5028779.region001	region	1	414	FAM_00184
snj09_SemiBin_45.fa.gz_k141_1237861.region001.gbk_region_1	snj09_SemiBin_45.fa.gz_k141_1237861.region001	region	1	426	FAM_00185
sample23_SemiBin_6.fa.gz_k141_4163058.region001.gbk_region_1	sample23_SemiBin_6.fa.gz_k141_4163058.region001	region	1	426	FAM_00185
cpsnj13_SemiBin_249.fa.gz_k141_781943.region001.gbk_region_1	cpsnj13_SemiBin_249.fa.gz_k141_781943.region001	region	1	426	FAM_00185
snj08_SemiBin_65.fa.gz_k141_79208.region001.gbk_region_1	snj08_SemiBin_65.fa.gz_k141_79208.region001	region	1	426	FAM_00185
snj19_SemiBin_21.fa.gz_k141_1229030.region001.gbk_region_1	snj19_SemiBin_21.fa.gz_k141_1229030.region001	region	1	426	FAM_00185
sample6_SemiBin_15.fa.gz_k141_3829421.region001.gbk_region_1	sample6_SemiBin_15.fa.gz_k141_3829421.region001	region	1	426	FAM_00185
cpsnj19_SemiBin_3.fa.gz_k141_825998.region001.gbk_region_1	cpsnj19_SemiBin_3.fa.gz_k141_825998.region001	region	1	426	FAM_00185
sample4_SemiBin_41.fa.gz_k141_2970805.region001.gbk_region_1	sample4_SemiBin_41.fa.gz_k141_2970805.region001	region	1	426	FAM_00185
sample5_SemiBin_88.fa.gz_k141_2562178.region001.gbk_region_1	sample5_SemiBin_88.fa.gz_k141_2562178.region001	region	1	426	FAM_00185
snj03_SemiBin_173.fa.gz_k141_2361436.region001.gbk_region_1	snj03_SemiBin_173.fa.gz_k141_2361436.region001	region	1	426	FAM_00185
sample15_SemiBin_241.fa.gz_k141_1502214.region001.gbk_region_1	sample15_SemiBin_241.fa.gz_k141_1502214.region001	region	1	426	FAM_00185
sample10_SemiBin_10.fa.gz_k141_3448298.region001.gbk_region_1	sample10_SemiBin_10.fa.gz_k141_3448298.region001	region	1	438	FAM_00186
sample22_SemiBin_88.fa.gz_k141_2529336.region001.gbk_region_1	sample22_SemiBin_88.fa.gz_k141_2529336.region001	region	1	438	FAM_00186
cpsnj04_SemiBin_1.fa.gz_k141_252977.region001.gbk_region_1	cpsnj04_SemiBin_1.fa.gz_k141_252977.region001	region	1	438	FAM_00186
sample7_SemiBin_80.fa.gz_k141_2296440.region001.gbk_region_1	sample7_SemiBin_80.fa.gz_k141_2296440.region001	region	1	438	FAM_00186
sample16_SemiBin_81.fa.gz_k141_419154.region001.gbk_region_1	sample16_SemiBin_81.fa.gz_k141_419154.region001	region	1	438	FAM_00186
sample2_SemiBin_46.fa.gz_k141_176334.region001.gbk_region_1	sample2_SemiBin_46.fa.gz_k141_176334.region001	region	1	438	FAM_00186
sample23_SemiBin_27.fa.gz_k141_475068.region001.gbk_region_1	sample23_SemiBin_27.fa.gz_k141_475068.region001	region	1	438	FAM_00186
sample6_SemiBin_44.fa.gz_k141_578643.region001.gbk_region_1	sample6_SemiBin_44.fa.gz_k141_578643.region001	region	1	438	FAM_00186
cpsnj08_SemiBin_1.fa.gz_k141_252977.region001.gbk_region_1	cpsnj08_SemiBin_1.fa.gz_k141_252977.region001	region	1	438	FAM_00186
sample5_SemiBin_34.fa.gz_k141_1130312.region001.gbk_region_1	sample5_SemiBin_34.fa.gz_k141_1130312.region001	region	1	438	FAM_00186
sample7_SemiBin_116.fa.gz_k141_5363148.region001.gbk_region_1	sample7_SemiBin_116.fa.gz_k141_5363148.region001	region	1	438	FAM_00186
sample15_SemiBin_268.fa.gz_k141_3722176.region001.gbk_region_1	sample15_SemiBin_268.fa.gz_k141_3722176.region001	region	1	438	FAM_00186
snj20_SemiBin_53.fa.gz_k141_2617227.region001.gbk_region_1	snj20_SemiBin_53.fa.gz_k141_2617227.region001	region	1	442	FAM_00187
snj16_SemiBin_8.fa.gz_k141_1023739.region001.gbk_region_1	snj16_SemiBin_8.fa.gz_k141_1023739.region001	region	1	442	FAM_00187
sample1_SemiBin_65.fa.gz_k141_1720204.region001.gbk_region_1	sample1_SemiBin_65.fa.gz_k141_1720204.region001	region	1	446	FAM_00188
sample10_SemiBin_425.fa.gz_k141_1365527.region001.gbk_region_1	sample10_SemiBin_425.fa.gz_k141_1365527.region001	region	1	446	FAM_00188
sample16_SemiBin_39.fa.gz_k141_4507218.region001.gbk_region_1	sample16_SemiBin_39.fa.gz_k141_4507218.region001	region	1	446	FAM_00188
sample17_SemiBin_239.fa.gz_k141_5505824.region001.gbk_region_1	sample17_SemiBin_239.fa.gz_k141_5505824.region001	region	1	446	FAM_00188
sample19_SemiBin_37.fa.gz_k141_146200.region001.gbk_region_1	sample19_SemiBin_37.fa.gz_k141_146200.region001	region	1	446	FAM_00188
sample15_SemiBin_127.fa.gz_k141_2478485.region001.gbk_region_1	sample15_SemiBin_127.fa.gz_k141_2478485.region001	region	1	446	FAM_00188
sample16_SemiBin_39.fa.gz_k141_5209720.region001.gbk_region_1	sample16_SemiBin_39.fa.gz_k141_5209720.region001	region	1	446	FAM_00188
sample1_SemiBin_65.fa.gz_k141_2178736.region001.gbk_region_1	sample1_SemiBin_65.fa.gz_k141_2178736.region001	region	1	446	FAM_00188
sample15_SemiBin_127.fa.gz_k141_3761427.region001.gbk_region_1	sample15_SemiBin_127.fa.gz_k141_3761427.region001	region	1	446	FAM_00188
sample22_SemiBin_202.fa.gz_k141_1387348.region001.gbk_region_1	sample22_SemiBin_202.fa.gz_k141_1387348.region001	region	1	446	FAM_00188
sample13_SemiBin_216.fa.gz_k141_224322.region001.gbk_region_1	sample13_SemiBin_216.fa.gz_k141_224322.region001	region	1	446	FAM_00188
sample10_SemiBin_25.fa.gz_k141_3875644.region001.gbk_region_1	sample10_SemiBin_25.fa.gz_k141_3875644.region001	region	1	454	FAM_00189
sample17_SemiBin_131.fa.gz_k141_2720814.region001.gbk_region_1	sample17_SemiBin_131.fa.gz_k141_2720814.region001	region	1	454	FAM_00189
cpsnj01_SemiBin_28.fa.gz_k141_1744345.region001.gbk_region_1	cpsnj01_SemiBin_28.fa.gz_k141_1744345.region001	region	1	462	FAM_00190
snj01_SemiBin_26.fa.gz_k141_2903065.region001.gbk_region_1	snj01_SemiBin_26.fa.gz_k141_2903065.region001	region	1	462	FAM_00190
cpsnj20_SemiBin_76.fa.gz_k141_1428297.region001.gbk_region_1	cpsnj20_SemiBin_76.fa.gz_k141_1428297.region001	region	1	478	FAM_00191
snj14_SemiBin_52.fa.gz_k141_356788.region001.gbk_region_1	snj14_SemiBin_52.fa.gz_k141_356788.region001	region	1	478	FAM_00191
sample19_SemiBin_58.fa.gz_k141_1867412.region001.gbk_region_1	sample19_SemiBin_58.fa.gz_k141_1867412.region001	region	1	478	FAM_00191
snj16_SemiBin_23.fa.gz_k141_3594141.region001.gbk_region_1	snj16_SemiBin_23.fa.gz_k141_3594141.region001	region	1	478	FAM_00191
cpsnj20_SemiBin_64.fa.gz_k141_521499.region001.gbk_region_1	cpsnj20_SemiBin_64.fa.gz_k141_521499.region001	region	1	482	FAM_00192
cpsnj10_SemiBin_98.fa.gz_k141_3705521.region001.gbk_region_1	cpsnj10_SemiBin_98.fa.gz_k141_3705521.region001	region	1	482	FAM_00192
cpsnj10_SemiBin_181.fa.gz_k141_3040647.region001.gbk_region_1	cpsnj10_SemiBin_181.fa.gz_k141_3040647.region001	region	1	482	FAM_00192
cpsnj11_SemiBin_258.fa.gz_k141_3345973.region001.gbk_region_1	cpsnj11_SemiBin_258.fa.gz_k141_3345973.region001	region	1	482	FAM_00192
snj20_SemiBin_32.fa.gz_k141_140472.region001.gbk_region_1	snj20_SemiBin_32.fa.gz_k141_140472.region001	region	1	482	FAM_00192
cpsnj14_SemiBin_129.fa.gz_k141_1345316.region001.gbk_region_1	cpsnj14_SemiBin_129.fa.gz_k141_1345316.region001	region	1	482	FAM_00192
sample7_SemiBin_141.fa.gz_k141_1677020.region001.gbk_region_1	sample7_SemiBin_141.fa.gz_k141_1677020.region001	region	1	482	FAM_00192
sample23_SemiBin_19.fa.gz_k141_2523936.region001.gbk_region_1	sample23_SemiBin_19.fa.gz_k141_2523936.region001	region	1	482	FAM_00192
sample7_SemiBin_108.fa.gz_k141_3536733.region001.gbk_region_1	sample7_SemiBin_108.fa.gz_k141_3536733.region001	region	1	482	FAM_00192
snj14_SemiBin_45.fa.gz_k141_1854420.region001.gbk_region_1	snj14_SemiBin_45.fa.gz_k141_1854420.region001	region	1	482	FAM_00192
sample20_SemiBin_54.fa.gz_k141_4709632.region001.gbk_region_1	sample20_SemiBin_54.fa.gz_k141_4709632.region001	region	1	482	FAM_00192
sample30_SemiBin_34.fa.gz_k141_3740202.region001.gbk_region_1	sample30_SemiBin_34.fa.gz_k141_3740202.region001	region	1	482	FAM_00192
sample17_SemiBin_105.fa.gz_k141_23709.region001.gbk_region_1	sample17_SemiBin_105.fa.gz_k141_23709.region001	region	1	482	FAM_00192
sample12_SemiBin_51.fa.gz_k141_723772.region001.gbk_region_1	sample12_SemiBin_51.fa.gz_k141_723772.region001	region	1	482	FAM_00192
sample27_SemiBin_27.fa.gz_k141_985156.region001.gbk_region_1	sample27_SemiBin_27.fa.gz_k141_985156.region001	region	1	482	FAM_00193
sample1_SemiBin_36.fa.gz_k141_3056218.region001.gbk_region_1	sample1_SemiBin_36.fa.gz_k141_3056218.region001	region	1	482	FAM_00193
sample16_SemiBin_78.fa.gz_k141_13502.region001.gbk_region_1	sample16_SemiBin_78.fa.gz_k141_13502.region001	region	1	482	FAM_00193
sample22_SemiBin_12.fa.gz_k141_2199271.region001.gbk_region_1	sample22_SemiBin_12.fa.gz_k141_2199271.region001	region	1	482	FAM_00193
sample10_SemiBin_132.fa.gz_k141_5212682.region001.gbk_region_1	sample10_SemiBin_132.fa.gz_k141_5212682.region001	region	1	482	FAM_00193
cpsnj04_SemiBin_37.fa.gz_k141_640990.region001.gbk_region_1	cpsnj04_SemiBin_37.fa.gz_k141_640990.region001	region	1	482	FAM_00193
sample24_SemiBin_41.fa.gz_k141_4728212.region001.gbk_region_1	sample24_SemiBin_41.fa.gz_k141_4728212.region001	region	1	482	FAM_00193
sample20_SemiBin_53.fa.gz_k141_844702.region001.gbk_region_1	sample20_SemiBin_53.fa.gz_k141_844702.region001	region	1	482	FAM_00193
sample2_SemiBin_13.fa.gz_k141_2753307.region001.gbk_region_1	sample2_SemiBin_13.fa.gz_k141_2753307.region001	region	1	482	FAM_00193
sample13_SemiBin_14.fa.gz_k141_837683.region001.gbk_region_1	sample13_SemiBin_14.fa.gz_k141_837683.region001	region	1	482	FAM_00193
sample23_SemiBin_33.fa.gz_k141_3492935.region001.gbk_region_1	sample23_SemiBin_33.fa.gz_k141_3492935.region001	region	1	482	FAM_00193
sample25_SemiBin_26.fa.gz_k141_224619.region001.gbk_region_1	sample25_SemiBin_26.fa.gz_k141_224619.region001	region	1	482	FAM_00193
sample11_SemiBin_31.fa.gz_k141_3009282.region001.gbk_region_1	sample11_SemiBin_31.fa.gz_k141_3009282.region001	region	1	482	FAM_00193
cpsnj10_SemiBin_26.fa.gz_k141_811672.region001.gbk_region_1	cpsnj10_SemiBin_26.fa.gz_k141_811672.region001	region	1	482	FAM_00193
sample15_SemiBin_71.fa.gz_k141_789025.region001.gbk_region_1	sample15_SemiBin_71.fa.gz_k141_789025.region001	region	1	482	FAM_00193
sample15_SemiBin_71.fa.gz_k141_149887.region001.gbk_region_1	sample15_SemiBin_71.fa.gz_k141_149887.region001	region	1	482	FAM_00193
sample29_SemiBin_82.fa.gz_k141_3314654.region001.gbk_region_1	sample29_SemiBin_82.fa.gz_k141_3314654.region001	region	1	482	FAM_00193
cpsnj08_SemiBin_37.fa.gz_k141_640990.region001.gbk_region_1	cpsnj08_SemiBin_37.fa.gz_k141_640990.region001	region	1	482	FAM_00193
sample21_SemiBin_67.fa.gz_k141_3601831.region001.gbk_region_1	sample21_SemiBin_67.fa.gz_k141_3601831.region001	region	1	482	FAM_00193
cpsnj04_SemiBin_14.fa.gz_k141_1158196.region001.gbk_region_1	cpsnj04_SemiBin_14.fa.gz_k141_1158196.region001	region	1	490	FAM_00194
cpsnj08_SemiBin_14.fa.gz_k141_1158196.region001.gbk_region_1	cpsnj08_SemiBin_14.fa.gz_k141_1158196.region001	region	1	490	FAM_00194
sample29_SemiBin_25.fa.gz_k141_2076333.region001.gbk_region_1	sample29_SemiBin_25.fa.gz_k141_2076333.region001	region	1	510	FAM_00195
sample29_SemiBin_25.fa.gz_k141_2375185.region001.gbk_region_1	sample29_SemiBin_25.fa.gz_k141_2375185.region001	region	1	510	FAM_00195
cpsnj04_SemiBin_14.fa.gz_k141_439722.region001.gbk_region_1	cpsnj04_SemiBin_14.fa.gz_k141_439722.region001	region	1	526	FAM_00196
cpsnj08_SemiBin_14.fa.gz_k141_439722.region001.gbk_region_1	cpsnj08_SemiBin_14.fa.gz_k141_439722.region001	region	1	526	FAM_00196
sample7_SemiBin_116.fa.gz_k141_1738861.region001.gbk_region_1	sample7_SemiBin_116.fa.gz_k141_1738861.region001	region	1	567	FAM_00197
sample1_SemiBin_24.fa.gz_k141_642709.region001.gbk_region_1	sample1_SemiBin_24.fa.gz_k141_642709.region001	region	1	567	FAM_00197
sample5_SemiBin_34.fa.gz_k141_1760701.region001.gbk_region_1	sample5_SemiBin_34.fa.gz_k141_1760701.region001	region	1	567	FAM_00197
sample23_SemiBin_27.fa.gz_k141_2537380.region001.gbk_region_1	sample23_SemiBin_27.fa.gz_k141_2537380.region001	region	1	567	FAM_00197
sample16_SemiBin_81.fa.gz_k141_3263925.region001.gbk_region_1	sample16_SemiBin_81.fa.gz_k141_3263925.region001	region	1	567	FAM_00197
sample2_SemiBin_46.fa.gz_k141_1248654.region001.gbk_region_1	sample2_SemiBin_46.fa.gz_k141_1248654.region001	region	1	567	FAM_00197
sample15_SemiBin_268.fa.gz_k141_1854712.region001.gbk_region_1	sample15_SemiBin_268.fa.gz_k141_1854712.region001	region	1	567	FAM_00197
sample21_SemiBin_44.fa.gz_k141_3781303.region001.gbk_region_1	sample21_SemiBin_44.fa.gz_k141_3781303.region001	region	1	567	FAM_00197
cpsnj04_SemiBin_1.fa.gz_k141_1593014.region001.gbk_region_1	cpsnj04_SemiBin_1.fa.gz_k141_1593014.region001	region	1	567	FAM_00198
sample22_SemiBin_88.fa.gz_k141_3155244.region001.gbk_region_1	sample22_SemiBin_88.fa.gz_k141_3155244.region001	region	1	567	FAM_00198
cpsnj08_SemiBin_1.fa.gz_k141_1593014.region001.gbk_region_1	cpsnj08_SemiBin_1.fa.gz_k141_1593014.region001	region	1	567	FAM_00198
cpsnj04_SemiBin_14.fa.gz_k141_1452936.region001.gbk_region_1	cpsnj04_SemiBin_14.fa.gz_k141_1452936.region001	region	1	575	FAM_00199
cpsnj08_SemiBin_14.fa.gz_k141_1452936.region001.gbk_region_1	cpsnj08_SemiBin_14.fa.gz_k141_1452936.region001	region	1	575	FAM_00199
sample10_SemiBin_43.fa.gz_k141_4696995.region001.gbk_region_1	sample10_SemiBin_43.fa.gz_k141_4696995.region001	region	1	595	FAM_00200
sample7_SemiBin_6.fa.gz_k141_5464339.region001.gbk_region_1	sample7_SemiBin_6.fa.gz_k141_5464339.region001	region	1	595	FAM_00200
sample6_SemiBin_30.fa.gz_k141_1544271.region001.gbk_region_1	sample6_SemiBin_30.fa.gz_k141_1544271.region001	region	1	595	FAM_00200
sample1_SemiBin_95.fa.gz_k141_2842591.region001.gbk_region_1	sample1_SemiBin_95.fa.gz_k141_2842591.region001	region	1	595	FAM_00201
sample3_SemiBin_72.fa.gz_k141_1294263.region001.gbk_region_1	sample3_SemiBin_72.fa.gz_k141_1294263.region001	region	1	595	FAM_00201
sample22_SemiBin_120.fa.gz_k141_826098.region001.gbk_region_1	sample22_SemiBin_120.fa.gz_k141_826098.region001	region	1	595	FAM_00201
sample21_SemiBin_83.fa.gz_k141_5406697.region001.gbk_region_1	sample21_SemiBin_83.fa.gz_k141_5406697.region001	region	1	595	FAM_00201
sample20_SemiBin_91.fa.gz_k141_185650.region001.gbk_region_1	sample20_SemiBin_91.fa.gz_k141_185650.region001	region	1	595	FAM_00201
sample18_SemiBin_11.fa.gz_k141_1639274.region001.gbk_region_1	sample18_SemiBin_11.fa.gz_k141_1639274.region001	region	1	595	FAM_00201
sample27_SemiBin_44.fa.gz_k141_1925003.region001.gbk_region_1	sample27_SemiBin_44.fa.gz_k141_1925003.region001	region	1	595	FAM_00201
sample16_SemiBin_11.fa.gz_k141_4669422.region001.gbk_region_1	sample16_SemiBin_11.fa.gz_k141_4669422.region001	region	1	595	FAM_00202
snj03_SemiBin_60.fa.gz_k141_798977.region001.gbk_region_1	snj03_SemiBin_60.fa.gz_k141_798977.region001	region	1	595	FAM_00202
snj19_SemiBin_49.fa.gz_k141_267560.region001.gbk_region_1	snj19_SemiBin_49.fa.gz_k141_267560.region001	region	1	595	FAM_00202
cpsnj03_SemiBin_24.fa.gz_k141_786430.region001.gbk_region_1	cpsnj03_SemiBin_24.fa.gz_k141_786430.region001	region	1	595	FAM_00202
cpsnj19_SemiBin_45.fa.gz_k141_852090.region001.gbk_region_1	cpsnj19_SemiBin_45.fa.gz_k141_852090.region001	region	1	595	FAM_00202
cpsnj01_SemiBin_76.fa.gz_k141_3255364.region001.gbk_region_1	cpsnj01_SemiBin_76.fa.gz_k141_3255364.region001	region	1	595	FAM_00202
cpsnj08_SemiBin_10.fa.gz_k141_658737.region001.gbk_region_1	cpsnj08_SemiBin_10.fa.gz_k141_658737.region001	region	1	595	FAM_00202
sample24_SemiBin_76.fa.gz_k141_3294943.region001.gbk_region_1	sample24_SemiBin_76.fa.gz_k141_3294943.region001	region	1	595	FAM_00202
snj03_SemiBin_8.fa.gz_k141_2485313.region001.gbk_region_1	snj03_SemiBin_8.fa.gz_k141_2485313.region001	region	1	595	FAM_00202
snj03_SemiBin_40.fa.gz_k141_2299834.region001.gbk_region_1	snj03_SemiBin_40.fa.gz_k141_2299834.region001	region	1	595	FAM_00202
snj16_SemiBin_41.fa.gz_k141_2655283.region001.gbk_region_1	snj16_SemiBin_41.fa.gz_k141_2655283.region001	region	1	595	FAM_00202
cpsnj04_SemiBin_10.fa.gz_k141_658737.region001.gbk_region_1	cpsnj04_SemiBin_10.fa.gz_k141_658737.region001	region	1	595	FAM_00202
cpsnj16_SemiBin_60.fa.gz_k141_3411807.region001.gbk_region_1	cpsnj16_SemiBin_60.fa.gz_k141_3411807.region001	region	1	595	FAM_00202
sample6_SemiBin_96.fa.gz_k141_1736264.region001.gbk_region_1	sample6_SemiBin_96.fa.gz_k141_1736264.region001	region	1	595	FAM_00202
snj08_SemiBin_31.fa.gz_k141_2761923.region001.gbk_region_1	snj08_SemiBin_31.fa.gz_k141_2761923.region001	region	1	595	FAM_00203
snj13_SemiBin_33.fa.gz_k141_2437105.region001.gbk_region_1	snj13_SemiBin_33.fa.gz_k141_2437105.region001	region	1	595	FAM_00203
sample4_SemiBin_1.fa.gz_k141_1047462.region001.gbk_region_1	sample4_SemiBin_1.fa.gz_k141_1047462.region001	region	1	595	FAM_00203
snj15_SemiBin_13.fa.gz_k141_1900414.region001.gbk_region_1	snj15_SemiBin_13.fa.gz_k141_1900414.region001	region	1	595	FAM_00203
cpsnj03_SemiBin_77.fa.gz_k141_2549112.region001.gbk_region_1	cpsnj03_SemiBin_77.fa.gz_k141_2549112.region001	region	1	595	FAM_00203
cpsnj11_SemiBin_38.fa.gz_k141_1214366.region001.gbk_region_1	cpsnj11_SemiBin_38.fa.gz_k141_1214366.region001	region	1	595	FAM_00203
sample15_SemiBin_82.fa.gz_k141_5077611.region001.gbk_region_1	sample15_SemiBin_82.fa.gz_k141_5077611.region001	region	1	595	FAM_00203
snj03_SemiBin_107.fa.gz_k141_952979.region001.gbk_region_1	snj03_SemiBin_107.fa.gz_k141_952979.region001	region	1	595	FAM_00203
cpsnj16_SemiBin_17.fa.gz_k141_1044713.region001.gbk_region_1	cpsnj16_SemiBin_17.fa.gz_k141_1044713.region001	region	1	595	FAM_00203
snj11_SemiBin_32.fa.gz_k141_1222739.region001.gbk_region_1	snj11_SemiBin_32.fa.gz_k141_1222739.region001	region	1	595	FAM_00203
sample1_SemiBin_52.fa.gz_k141_2850907.region001.gbk_region_1	sample1_SemiBin_52.fa.gz_k141_2850907.region001	region	1	595	FAM_00203
snj16_SemiBin_65.fa.gz_k141_1089941.region001.gbk_region_1	snj16_SemiBin_65.fa.gz_k141_1089941.region001	region	1	595	FAM_00203
sample6_SemiBin_6.fa.gz_k141_2941087.region001.gbk_region_1	sample6_SemiBin_6.fa.gz_k141_2941087.region001	region	1	599	FAM_00204
sample3_SemiBin_20.fa.gz_k141_607003.region001.gbk_region_1	sample3_SemiBin_20.fa.gz_k141_607003.region001	region	1	599	FAM_00204
sample4_SemiBin_82.fa.gz_k141_876155.region001.gbk_region_1	sample4_SemiBin_82.fa.gz_k141_876155.region001	region	1	599	FAM_00204
sample8_SemiBin_54.fa.gz_k141_2463787.region001.gbk_region_1	sample8_SemiBin_54.fa.gz_k141_2463787.region001	region	1	599	FAM_00204
sample27_SemiBin_64.fa.gz_k141_6032749.region001.gbk_region_1	sample27_SemiBin_64.fa.gz_k141_6032749.region001	region	1	599	FAM_00204
sample10_SemiBin_24.fa.gz_k141_4911756.region001.gbk_region_1	sample10_SemiBin_24.fa.gz_k141_4911756.region001	region	1	599	FAM_00204
sample29_SemiBin_47.fa.gz_k141_5552286.region001.gbk_region_1	sample29_SemiBin_47.fa.gz_k141_5552286.region001	region	1	599	FAM_00204
sample7_SemiBin_29.fa.gz_k141_3496742.region001.gbk_region_1	sample7_SemiBin_29.fa.gz_k141_3496742.region001	region	1	599	FAM_00204
cpsnj14_SemiBin_59.fa.gz_k141_2632894.region001.gbk_region_1	cpsnj14_SemiBin_59.fa.gz_k141_2632894.region001	region	1	607	FAM_00205
sample7_SemiBin_106.fa.gz_k141_1385764.region001.gbk_region_1	sample7_SemiBin_106.fa.gz_k141_1385764.region001	region	1	607	FAM_00205
sample4_SemiBin_21.fa.gz_k141_1248416.region001.gbk_region_1	sample4_SemiBin_21.fa.gz_k141_1248416.region001	region	1	639	FAM_00206
sample10_SemiBin_43.fa.gz_k141_3397070.region001.gbk_region_1	sample10_SemiBin_43.fa.gz_k141_3397070.region001	region	1	639	FAM_00206
sample24_SemiBin_14.fa.gz_k141_2095969.region001.gbk_region_1	sample24_SemiBin_14.fa.gz_k141_2095969.region001	region	1	639	FAM_00206
sample6_SemiBin_30.fa.gz_k141_5498224.region001.gbk_region_1	sample6_SemiBin_30.fa.gz_k141_5498224.region001	region	1	639	FAM_00206
sample24_SemiBin_76.fa.gz_k141_5426102.region001.gbk_region_1	sample24_SemiBin_76.fa.gz_k141_5426102.region001	region	1	639	FAM_00206
sample12_SemiBin_12.fa.gz_k141_2665039.region001.gbk_region_1	sample12_SemiBin_12.fa.gz_k141_2665039.region001	region	1	639	FAM_00206
snj03_SemiBin_40.fa.gz_k141_2483840.region001.gbk_region_1	snj03_SemiBin_40.fa.gz_k141_2483840.region001	region	1	639	FAM_00206
sample21_SemiBin_83.fa.gz_k141_3287790.region001.gbk_region_1	sample21_SemiBin_83.fa.gz_k141_3287790.region001	region	1	639	FAM_00206
cpsnj01_SemiBin_76.fa.gz_k141_988004.region001.gbk_region_1	cpsnj01_SemiBin_76.fa.gz_k141_988004.region001	region	1	639	FAM_00207
sample6_SemiBin_96.fa.gz_k141_223344.region001.gbk_region_1	sample6_SemiBin_96.fa.gz_k141_223344.region001	region	1	639	FAM_00207
sample27_SemiBin_15.fa.gz_k141_900337.region001.gbk_region_1	sample27_SemiBin_15.fa.gz_k141_900337.region001	region	1	639	FAM_00207
cpsnj03_SemiBin_24.fa.gz_k141_694765.region001.gbk_region_1	cpsnj03_SemiBin_24.fa.gz_k141_694765.region001	region	1	639	FAM_00207
cpsnj19_SemiBin_34.fa.gz_k141_827575.region001.gbk_region_1	cpsnj19_SemiBin_34.fa.gz_k141_827575.region001	region	1	639	FAM_00207
sample22_SemiBin_2.fa.gz_k141_1386686.region001.gbk_region_1	sample22_SemiBin_2.fa.gz_k141_1386686.region001	region	1	639	FAM_00207
sample29_SemiBin_54.fa.gz_k141_5872707.region001.gbk_region_1	sample29_SemiBin_54.fa.gz_k141_5872707.region001	region	1	639	FAM_00207
sample15_SemiBin_141.fa.gz_k141_4972488.region001.gbk_region_1	sample15_SemiBin_141.fa.gz_k141_4972488.region001	region	1	639	FAM_00207
cpsnj16_SemiBin_60.fa.gz_k141_3129138.region001.gbk_region_1	cpsnj16_SemiBin_60.fa.gz_k141_3129138.region001	region	1	639	FAM_00207
sample9_SemiBin_14.fa.gz_k141_2956272.region001.gbk_region_1	sample9_SemiBin_14.fa.gz_k141_2956272.region001	region	1	639	FAM_00207
snj16_SemiBin_41.fa.gz_k141_3108540.region001.gbk_region_1	snj16_SemiBin_41.fa.gz_k141_3108540.region001	region	1	639	FAM_00207
sample21_SemiBin_55.fa.gz_k141_3756287.region001.gbk_region_1	sample21_SemiBin_55.fa.gz_k141_3756287.region001	region	1	639	FAM_00207
cpsnj19_SemiBin_45.fa.gz_k141_2700453.region001.gbk_region_1	cpsnj19_SemiBin_45.fa.gz_k141_2700453.region001	region	1	639	FAM_00208
snj03_SemiBin_60.fa.gz_k141_2653203.region001.gbk_region_1	snj03_SemiBin_60.fa.gz_k141_2653203.region001	region	1	639	FAM_00208
cpsnj03_SemiBin_59.fa.gz_k141_1916591.region001.gbk_region_1	cpsnj03_SemiBin_59.fa.gz_k141_1916591.region001	region	1	639	FAM_00208
sample29_SemiBin_37.fa.gz_k141_199385.region001.gbk_region_1	sample29_SemiBin_37.fa.gz_k141_199385.region001	region	1	639	FAM_00208
sample22_SemiBin_120.fa.gz_k141_2046389.region001.gbk_region_1	sample22_SemiBin_120.fa.gz_k141_2046389.region001	region	1	639	FAM_00208
snj03_SemiBin_75.fa.gz_k141_834851.region001.gbk_region_1	snj03_SemiBin_75.fa.gz_k141_834851.region001	region	1	643	FAM_00209
snj16_SemiBin_23.fa.gz_k141_2330114.region001.gbk_region_1	snj16_SemiBin_23.fa.gz_k141_2330114.region001	region	1	643	FAM_00209
cpsnj11_SemiBin_7.fa.gz_k141_1619498.region001.gbk_region_1	cpsnj11_SemiBin_7.fa.gz_k141_1619498.region001	region	1	643	FAM_00209
cpsnj13_SemiBin_73.fa.gz_k141_1901866.region001.gbk_region_1	cpsnj13_SemiBin_73.fa.gz_k141_1901866.region001	region	1	647	FAM_00210
sample15_SemiBin_241.fa.gz_k141_2955406.region001.gbk_region_1	sample15_SemiBin_241.fa.gz_k141_2955406.region001	region	1	647	FAM_00210
cpsnj19_SemiBin_3.fa.gz_k141_2934068.region001.gbk_region_1	cpsnj19_SemiBin_3.fa.gz_k141_2934068.region001	region	1	647	FAM_00210
sample22_SemiBin_85.fa.gz_k141_3918993.region001.gbk_region_1	sample22_SemiBin_85.fa.gz_k141_3918993.region001	region	1	647	FAM_00210
sample22_SemiBin_85.fa.gz_k141_2003791.region001.gbk_region_1	sample22_SemiBin_85.fa.gz_k141_2003791.region001	region	1	647	FAM_00210
cpsnj11_SemiBin_126.fa.gz_k141_4075944.region001.gbk_region_1	cpsnj11_SemiBin_126.fa.gz_k141_4075944.region001	region	1	647	FAM_00210
sample4_SemiBin_41.fa.gz_k141_2579677.region001.gbk_region_1	sample4_SemiBin_41.fa.gz_k141_2579677.region001	region	1	647	FAM_00210
sample1_SemiBin_60.fa.gz_k141_858521.region001.gbk_region_1	sample1_SemiBin_60.fa.gz_k141_858521.region001	region	1	647	FAM_00211
sample10_SemiBin_124.fa.gz_k141_4179618.region001.gbk_region_1	sample10_SemiBin_124.fa.gz_k141_4179618.region001	region	1	647	FAM_00211
sample10_SemiBin_27.fa.gz_k141_4759713.region001.gbk_region_1	sample10_SemiBin_27.fa.gz_k141_4759713.region001	region	1	647	FAM_00211
sample15_SemiBin_36.fa.gz_k141_3363430.region001.gbk_region_1	sample15_SemiBin_36.fa.gz_k141_3363430.region001	region	1	647	FAM_00211
sample16_SemiBin_8.fa.gz_k141_4012366.region001.gbk_region_1	sample16_SemiBin_8.fa.gz_k141_4012366.region001	region	1	647	FAM_00211
cpsnj19_SemiBin_28.fa.gz_k141_2285728.region001.gbk_region_1	cpsnj19_SemiBin_28.fa.gz_k141_2285728.region001	region	1	647	FAM_00211
sample18_SemiBin_201.fa.gz_k141_915150.region001.gbk_region_1	sample18_SemiBin_201.fa.gz_k141_915150.region001	region	1	647	FAM_00211
snj19_SemiBin_60.fa.gz_k141_1998196.region001.gbk_region_1	snj19_SemiBin_60.fa.gz_k141_1998196.region001	region	1	647	FAM_00211
sample26_SemiBin_44.fa.gz_k141_5055529.region001.gbk_region_1	sample26_SemiBin_44.fa.gz_k141_5055529.region001	region	1	647	FAM_00211
sample19_SemiBin_81.fa.gz_k141_4742266.region001.gbk_region_1	sample19_SemiBin_81.fa.gz_k141_4742266.region001	region	1	647	FAM_00211
sample22_SemiBin_49.fa.gz_k141_678832.region001.gbk_region_1	sample22_SemiBin_49.fa.gz_k141_678832.region001	region	1	647	FAM_00211
cpsnj02_SemiBin_8.fa.gz_k141_967492.region001.gbk_region_1	cpsnj02_SemiBin_8.fa.gz_k141_967492.region001	region	1	647	FAM_00211
sample28_SemiBin_32.fa.gz_k141_5208191.region001.gbk_region_1	sample28_SemiBin_32.fa.gz_k141_5208191.region001	region	1	647	FAM_00211
sample10_SemiBin_7.fa.gz_k141_637712.region001.gbk_region_1	sample10_SemiBin_7.fa.gz_k141_637712.region001	region	1	647	FAM_00211
cpsnj03_SemiBin_38.fa.gz_k141_1932444.region001.gbk_region_1	cpsnj03_SemiBin_38.fa.gz_k141_1932444.region001	region	1	647	FAM_00211
cpsnj11_SemiBin_8.fa.gz_k141_2192116.region001.gbk_region_1	cpsnj11_SemiBin_8.fa.gz_k141_2192116.region001	region	1	647	FAM_00211
snj04_SemiBin_21.fa.gz_k141_2308690.region001.gbk_region_1	snj04_SemiBin_21.fa.gz_k141_2308690.region001	region	1	647	FAM_00211
cpsnj19_SemiBin_3.fa.gz_k141_2211252.region001.gbk_region_1	cpsnj19_SemiBin_3.fa.gz_k141_2211252.region001	region	1	647	FAM_00211
cpsnj01_SemiBin_22.fa.gz_k141_1887237.region001.gbk_region_1	cpsnj01_SemiBin_22.fa.gz_k141_1887237.region001	region	1	647	FAM_00212
snj01_SemiBin_10.fa.gz_k141_1647681.region001.gbk_region_1	snj01_SemiBin_10.fa.gz_k141_1647681.region001	region	1	647	FAM_00212
sample5_SemiBin_47.fa.gz_k141_1196159.region001.gbk_region_1	sample5_SemiBin_47.fa.gz_k141_1196159.region001	region	1	659	FAM_00213
sample13_SemiBin_79.fa.gz_k141_433538.region001.gbk_region_1	sample13_SemiBin_79.fa.gz_k141_433538.region001	region	1	659	FAM_00213
snj08_SemiBin_76.fa.gz_k141_3131182.region001.gbk_region_1	snj08_SemiBin_76.fa.gz_k141_3131182.region001	region	1	659	FAM_00213
snj10_SemiBin_12.fa.gz_k141_571024.region001.gbk_region_1	snj10_SemiBin_12.fa.gz_k141_571024.region001	region	1	659	FAM_00213
snj13_SemiBin_3.fa.gz_k141_2720588.region001.gbk_region_1	snj13_SemiBin_3.fa.gz_k141_2720588.region001	region	1	659	FAM_00213
cpsnj04_SemiBin_14.fa.gz_k141_2128628.region001.gbk_region_1	cpsnj04_SemiBin_14.fa.gz_k141_2128628.region001	region	1	667	FAM_00214
cpsnj08_SemiBin_14.fa.gz_k141_2128628.region001.gbk_region_1	cpsnj08_SemiBin_14.fa.gz_k141_2128628.region001	region	1	667	FAM_00214
sample22_SemiBin_85.fa.gz_k141_1020536.region001.gbk_region_1	sample22_SemiBin_85.fa.gz_k141_1020536.region001	region	1	675	FAM_00215
sample19_SemiBin_81.fa.gz_k141_551285.region001.gbk_region_1	sample19_SemiBin_81.fa.gz_k141_551285.region001	region	1	675	FAM_00215
snj10_SemiBin_13.fa.gz_k141_352337.region001.gbk_region_1	snj10_SemiBin_13.fa.gz_k141_352337.region001	region	1	707	FAM_00216
snj11_SemiBin_117.fa.gz_k141_1340556.region001.gbk_region_1	snj11_SemiBin_117.fa.gz_k141_1340556.region001	region	1	707	FAM_00216
cpsnj14_SemiBin_42.fa.gz_k141_2061073.region001.gbk_region_1	cpsnj14_SemiBin_42.fa.gz_k141_2061073.region001	region	1	707	FAM_00216
snj14_SemiBin_22.fa.gz_k141_238480.region001.gbk_region_1	snj14_SemiBin_22.fa.gz_k141_238480.region001	region	1	707	FAM_00216
cpsnj11_SemiBin_83.fa.gz_k141_625099.region001.gbk_region_1	cpsnj11_SemiBin_83.fa.gz_k141_625099.region001	region	1	707	FAM_00216
cpsnj14_SemiBin_42.fa.gz_k141_2190685.region001.gbk_region_1	cpsnj14_SemiBin_42.fa.gz_k141_2190685.region001	region	1	707	FAM_00216
snj14_SemiBin_22.fa.gz_k141_1674049.region001.gbk_region_1	snj14_SemiBin_22.fa.gz_k141_1674049.region001	region	1	707	FAM_00216
cpsnj10_SemiBin_222.fa.gz_k141_3373127.region001.gbk_region_1	cpsnj10_SemiBin_222.fa.gz_k141_3373127.region001	region	1	707	FAM_00216
sample14_SemiBin_22.fa.gz_k141_3476080.region001.gbk_region_1	sample14_SemiBin_22.fa.gz_k141_3476080.region001	region	1	707	FAM_00216
cpsnj11_SemiBin_83.fa.gz_k141_1872570.region001.gbk_region_1	cpsnj11_SemiBin_83.fa.gz_k141_1872570.region001	region	1	707	FAM_00216
snj08_SemiBin_2.fa.gz_k141_162307.region001.gbk_region_1	snj08_SemiBin_2.fa.gz_k141_162307.region001	region	1	707	FAM_00217
snj19_SemiBin_3.fa.gz_k141_1345410.region001.gbk_region_1	snj19_SemiBin_3.fa.gz_k141_1345410.region001	region	1	707	FAM_00217
cpsnj01_SemiBin_3.fa.gz_k141_2351217.region001.gbk_region_1	cpsnj01_SemiBin_3.fa.gz_k141_2351217.region001	region	1	707	FAM_00217
snj16_SemiBin_16.fa.gz_k141_3208488.region001.gbk_region_1	snj16_SemiBin_16.fa.gz_k141_3208488.region001	region	1	707	FAM_00217
snj16_SemiBin_16.fa.gz_k141_3623234.region001.gbk_region_1	snj16_SemiBin_16.fa.gz_k141_3623234.region001	region	1	707	FAM_00217
cpsnj16_SemiBin_36.fa.gz_k141_3597758.region001.gbk_region_1	cpsnj16_SemiBin_36.fa.gz_k141_3597758.region001	region	1	707	FAM_00217
snj03_SemiBin_42.fa.gz_k141_2225991.region001.gbk_region_1	snj03_SemiBin_42.fa.gz_k141_2225991.region001	region	1	707	FAM_00217
cpsnj16_SemiBin_36.fa.gz_k141_3196309.region001.gbk_region_1	cpsnj16_SemiBin_36.fa.gz_k141_3196309.region001	region	1	707	FAM_00217
snj15_SemiBin_5.fa.gz_k141_247757.region001.gbk_region_1	snj15_SemiBin_5.fa.gz_k141_247757.region001	region	1	707	FAM_00218
cpsnj13_SemiBin_66.fa.gz_k141_268368.region001.gbk_region_1	cpsnj13_SemiBin_66.fa.gz_k141_268368.region001	region	1	707	FAM_00218
sample26_SemiBin_55.fa.gz_k141_1890497.region001.gbk_region_1	sample26_SemiBin_55.fa.gz_k141_1890497.region001	region	1	707	FAM_00218
snj11_SemiBin_119.fa.gz_k141_2534276.region001.gbk_region_1	snj11_SemiBin_119.fa.gz_k141_2534276.region001	region	1	707	FAM_00218
cpsnj20_SemiBin_4.fa.gz_k141_2544877.region001.gbk_region_1	cpsnj20_SemiBin_4.fa.gz_k141_2544877.region001	region	1	707	FAM_00218
snj10_SemiBin_41.fa.gz_k141_1982093.region001.gbk_region_1	snj10_SemiBin_41.fa.gz_k141_1982093.region001	region	1	707	FAM_00218
sample22_SemiBin_3.fa.gz_k141_3190863.region001.gbk_region_1	sample22_SemiBin_3.fa.gz_k141_3190863.region001	region	1	707	FAM_00218
sample17_SemiBin_18.fa.gz_k141_5470567.region001.gbk_region_1	sample17_SemiBin_18.fa.gz_k141_5470567.region001	region	1	707	FAM_00218
sample18_SemiBin_84.fa.gz_k141_1296149.region001.gbk_region_1	sample18_SemiBin_84.fa.gz_k141_1296149.region001	region	1	707	FAM_00218
sample26_SemiBin_46.fa.gz_k141_2902646.region001.gbk_region_1	sample26_SemiBin_46.fa.gz_k141_2902646.region001	region	1	707	FAM_00218
cpsnj13_SemiBin_66.fa.gz_k141_1498912.region001.gbk_region_1	cpsnj13_SemiBin_66.fa.gz_k141_1498912.region001	region	1	707	FAM_00218
cpsnj20_SemiBin_39.fa.gz_k141_2150453.region001.gbk_region_1	cpsnj20_SemiBin_39.fa.gz_k141_2150453.region001	region	1	707	FAM_00219
cpsnj20_SemiBin_39.fa.gz_k141_315213.region001.gbk_region_1	cpsnj20_SemiBin_39.fa.gz_k141_315213.region001	region	1	707	FAM_00219
cpsnj20_SemiBin_22.fa.gz_k141_537451.region001.gbk_region_1	cpsnj20_SemiBin_22.fa.gz_k141_537451.region001	region	1	711	FAM_00220
cpsnj20_SemiBin_97.fa.gz_k141_2426780.region001.gbk_region_1	cpsnj20_SemiBin_97.fa.gz_k141_2426780.region001	region	1	711	FAM_00220
cpsnj20_SemiBin_23.fa.gz_k141_1658935.region001.gbk_region_1	cpsnj20_SemiBin_23.fa.gz_k141_1658935.region001	region	1	711	FAM_00220
snj01_SemiBin_23.fa.gz_k141_518976.region001.gbk_region_1	snj01_SemiBin_23.fa.gz_k141_518976.region001	region	1	715	FAM_00221
snj01_SemiBin_23.fa.gz_k141_3260212.region001.gbk_region_1	snj01_SemiBin_23.fa.gz_k141_3260212.region001	region	1	715	FAM_00221
cpsnj01_SemiBin_41.fa.gz_k141_747479.region001.gbk_region_1	cpsnj01_SemiBin_41.fa.gz_k141_747479.region001	region	1	715	FAM_00221
snj16_SemiBin_23.fa.gz_k141_1115723.region001.gbk_region_1	snj16_SemiBin_23.fa.gz_k141_1115723.region001	region	1	727	FAM_00222
snj08_SemiBin_25.fa.gz_k141_323542.region001.gbk_region_1	snj08_SemiBin_25.fa.gz_k141_323542.region001	region	1	727	FAM_00222
snj03_SemiBin_31.fa.gz_k141_2242236.region001.gbk_region_1	snj03_SemiBin_31.fa.gz_k141_2242236.region001	region	1	727	FAM_00222
sample7_SemiBin_28.fa.gz_k141_4204124.region001.gbk_region_1	sample7_SemiBin_28.fa.gz_k141_4204124.region001	region	1	727	FAM_00222
sample5_SemiBin_21.fa.gz_k141_84673.region001.gbk_region_1	sample5_SemiBin_21.fa.gz_k141_84673.region001	region	1	727	FAM_00222
snj09_SemiBin_58.fa.gz_k141_3520260.region001.gbk_region_1	snj09_SemiBin_58.fa.gz_k141_3520260.region001	region	1	727	FAM_00222
sample3_SemiBin_18.fa.gz_k141_2095630.region001.gbk_region_1	sample3_SemiBin_18.fa.gz_k141_2095630.region001	region	1	727	FAM_00223
cpsnj19_SemiBin_16.fa.gz_k141_1508996.region001.gbk_region_1	cpsnj19_SemiBin_16.fa.gz_k141_1508996.region001	region	1	727	FAM_00223
sample10_SemiBin_32.fa.gz_k141_4850209.region001.gbk_region_1	sample10_SemiBin_32.fa.gz_k141_4850209.region001	region	1	727	FAM_00223
cpsnj11_SemiBin_7.fa.gz_k141_878555.region001.gbk_region_1	cpsnj11_SemiBin_7.fa.gz_k141_878555.region001	region	1	727	FAM_00223
sample22_SemiBin_35.fa.gz_k141_5059926.region001.gbk_region_1	sample22_SemiBin_35.fa.gz_k141_5059926.region001	region	1	731	FAM_00224
sample17_SemiBin_112.fa.gz_k141_3368948.region001.gbk_region_1	sample17_SemiBin_112.fa.gz_k141_3368948.region001	region	1	731	FAM_00224
sample18_SemiBin_86.fa.gz_k141_2413892.region001.gbk_region_1	sample18_SemiBin_86.fa.gz_k141_2413892.region001	region	1	731	FAM_00224
sample4_SemiBin_21.fa.gz_k141_2234558.region001.gbk_region_1	sample4_SemiBin_21.fa.gz_k141_2234558.region001	region	1	739	FAM_00225
sample11_SemiBin_50.fa.gz_k141_2759298.region001.gbk_region_1	sample11_SemiBin_50.fa.gz_k141_2759298.region001	region	1	739	FAM_00225
sample1_SemiBin_95.fa.gz_k141_1323491.region001.gbk_region_1	sample1_SemiBin_95.fa.gz_k141_1323491.region001	region	1	739	FAM_00225
sample7_SemiBin_6.fa.gz_k141_5460268.region001.gbk_region_1	sample7_SemiBin_6.fa.gz_k141_5460268.region001	region	1	739	FAM_00225
sample21_SemiBin_83.fa.gz_k141_5463835.region001.gbk_region_1	sample21_SemiBin_83.fa.gz_k141_5463835.region001	region	1	739	FAM_00225
sample15_SemiBin_30.fa.gz_k141_4117983.region001.gbk_region_1	sample15_SemiBin_30.fa.gz_k141_4117983.region001	region	1	739	FAM_00225
sample20_SemiBin_91.fa.gz_k141_1330825.region001.gbk_region_1	sample20_SemiBin_91.fa.gz_k141_1330825.region001	region	1	739	FAM_00225
sample10_SemiBin_43.fa.gz_k141_3378768.region001.gbk_region_1	sample10_SemiBin_43.fa.gz_k141_3378768.region001	region	1	739	FAM_00225
sample6_SemiBin_30.fa.gz_k141_6433159.region001.gbk_region_1	sample6_SemiBin_30.fa.gz_k141_6433159.region001	region	1	739	FAM_00225
snj20_SemiBin_84.fa.gz_k141_97672.region001.gbk_region_1	snj20_SemiBin_84.fa.gz_k141_97672.region001	region	1	763	FAM_00226
snj03_SemiBin_95.fa.gz_k141_2141776.region001.gbk_region_1	snj03_SemiBin_95.fa.gz_k141_2141776.region001	region	1	763	FAM_00226
snj19_SemiBin_92.fa.gz_k141_1105289.region001.gbk_region_1	snj19_SemiBin_92.fa.gz_k141_1105289.region001	region	1	763	FAM_00226
cpsnj08_SemiBin_14.fa.gz_k141_2019741.region001.gbk_region_1	cpsnj08_SemiBin_14.fa.gz_k141_2019741.region001	region	1	783	FAM_00227
cpsnj04_SemiBin_14.fa.gz_k141_2019741.region001.gbk_region_1	cpsnj04_SemiBin_14.fa.gz_k141_2019741.region001	region	1	783	FAM_00227
snj19_SemiBin_92.fa.gz_k141_2422994.region001.gbk_region_1	snj19_SemiBin_92.fa.gz_k141_2422994.region001	region	1	795	FAM_00228
snj03_SemiBin_95.fa.gz_k141_1804042.region001.gbk_region_1	snj03_SemiBin_95.fa.gz_k141_1804042.region001	region	1	795	FAM_00228
cpsnj03_SemiBin_40.fa.gz_k141_2606953.region001.gbk_region_1	cpsnj03_SemiBin_40.fa.gz_k141_2606953.region001	region	1	795	FAM_00228
snj11_SemiBin_138.fa.gz_k141_659033.region001.gbk_region_1	snj11_SemiBin_138.fa.gz_k141_659033.region001	region	1	795	FAM_00228
snj20_SemiBin_84.fa.gz_k141_1034975.region001.gbk_region_1	snj20_SemiBin_84.fa.gz_k141_1034975.region001	region	1	795	FAM_00228
cpsnj11_SemiBin_46.fa.gz_k141_3763953.region001.gbk_region_1	cpsnj11_SemiBin_46.fa.gz_k141_3763953.region001	region	1	795	FAM_00228
snj19_SemiBin_92.fa.gz_k141_737676.region001.gbk_region_1	snj19_SemiBin_92.fa.gz_k141_737676.region001	region	1	823	FAM_00229
snj03_SemiBin_95.fa.gz_k141_2664023.region001.gbk_region_1	snj03_SemiBin_95.fa.gz_k141_2664023.region001	region	1	823	FAM_00229
cpsnj11_SemiBin_46.fa.gz_k141_1511187.region001.gbk_region_1	cpsnj11_SemiBin_46.fa.gz_k141_1511187.region001	region	1	823	FAM_00229
snj20_SemiBin_84.fa.gz_k141_3214034.region001.gbk_region_1	snj20_SemiBin_84.fa.gz_k141_3214034.region001	region	1	823	FAM_00229
sample18_SemiBin_193.fa.gz_k141_1509562.region001.gbk_region_1	sample18_SemiBin_193.fa.gz_k141_1509562.region001	region	1	827	FAM_00230
cpsnj11_SemiBin_67.fa.gz_k141_3254192.region001.gbk_region_1	cpsnj11_SemiBin_67.fa.gz_k141_3254192.region001	region	1	827	FAM_00230
sample5_SemiBin_100.fa.gz_k141_2384648.region001.gbk_region_1	sample5_SemiBin_100.fa.gz_k141_2384648.region001	region	1	827	FAM_00230
sample26_SemiBin_7.fa.gz_k141_547392.region001.gbk_region_1	sample26_SemiBin_7.fa.gz_k141_547392.region001	region	1	827	FAM_00231
sample17_SemiBin_55.fa.gz_k141_4918543.region001.gbk_region_1	sample17_SemiBin_55.fa.gz_k141_4918543.region001	region	1	827	FAM_00231
sample18_SemiBin_127.fa.gz_k141_5678944.region001.gbk_region_1	sample18_SemiBin_127.fa.gz_k141_5678944.region001	region	1	827	FAM_00231
sample8_SemiBin_81.fa.gz_k141_1899916.region001.gbk_region_1	sample8_SemiBin_81.fa.gz_k141_1899916.region001	region	1	827	FAM_00231
sample18_SemiBin_22.fa.gz_k141_5344268.region001.gbk_region_1	sample18_SemiBin_22.fa.gz_k141_5344268.region001	region	1	827	FAM_00231
sample18_SemiBin_55.fa.gz_k141_6332823.region001.gbk_region_1	sample18_SemiBin_55.fa.gz_k141_6332823.region001	region	1	831	FAM_00232
sample1_SemiBin_68.fa.gz_k141_1324338.region001.gbk_region_1	sample1_SemiBin_68.fa.gz_k141_1324338.region001	region	1	831	FAM_00232
sample22_SemiBin_111.fa.gz_k141_5713030.region001.gbk_region_1	sample22_SemiBin_111.fa.gz_k141_5713030.region001	region	1	831	FAM_00232
cpsnj04_SemiBin_14.fa.gz_k141_1889411.region001.gbk_region_1	cpsnj04_SemiBin_14.fa.gz_k141_1889411.region001	region	1	843	FAM_00233
snj01_SemiBin_55.fa.gz_k141_434702.region001.gbk_region_1	snj01_SemiBin_55.fa.gz_k141_434702.region001	region	1	843	FAM_00233
cpsnj08_SemiBin_14.fa.gz_k141_1889411.region001.gbk_region_1	cpsnj08_SemiBin_14.fa.gz_k141_1889411.region001	region	1	843	FAM_00233
snj04_SemiBin_4.fa.gz_k141_786356.region001.gbk_region_1	snj04_SemiBin_4.fa.gz_k141_786356.region001	region	1	843	FAM_00233
snj15_SemiBin_23.fa.gz_k141_1866848.region001.gbk_region_1	snj15_SemiBin_23.fa.gz_k141_1866848.region001	region	1	859	FAM_00234
sample20_SemiBin_12.fa.gz_k141_1084050.region001.gbk_region_1	sample20_SemiBin_12.fa.gz_k141_1084050.region001	region	1	859	FAM_00234
cpsnj03_SemiBin_22.fa.gz_k141_2750396.region001.gbk_region_1	cpsnj03_SemiBin_22.fa.gz_k141_2750396.region001	region	1	859	FAM_00234
sample3_SemiBin_27.fa.gz_k141_2796997.region001.gbk_region_1	sample3_SemiBin_27.fa.gz_k141_2796997.region001	region	1	859	FAM_00234
sample16_SemiBin_56.fa.gz_k141_4026187.region001.gbk_region_1	sample16_SemiBin_56.fa.gz_k141_4026187.region001	region	1	859	FAM_00234
cpsnj14_SemiBin_34.fa.gz_k141_792286.region001.gbk_region_1	cpsnj14_SemiBin_34.fa.gz_k141_792286.region001	region	1	859	FAM_00234
sample15_SemiBin_86.fa.gz_k141_3488345.region001.gbk_region_1	sample15_SemiBin_86.fa.gz_k141_3488345.region001	region	1	859	FAM_00234
sample28_SemiBin_63.fa.gz_k141_3159355.region001.gbk_region_1	sample28_SemiBin_63.fa.gz_k141_3159355.region001	region	1	859	FAM_00234
cpsnj19_SemiBin_57.fa.gz_k141_2842252.region001.gbk_region_1	cpsnj19_SemiBin_57.fa.gz_k141_2842252.region001	region	1	859	FAM_00234
sample8_SemiBin_16.fa.gz_k141_1387998.region001.gbk_region_1	sample8_SemiBin_16.fa.gz_k141_1387998.region001	region	1	859	FAM_00234
sample6_SemiBin_15.fa.gz_k141_4248764.region001.gbk_region_1	sample6_SemiBin_15.fa.gz_k141_4248764.region001	region	1	859	FAM_00234
snj08_SemiBin_65.fa.gz_k141_1375984.region001.gbk_region_1	snj08_SemiBin_65.fa.gz_k141_1375984.region001	region	1	859	FAM_00234
sample4_SemiBin_32.fa.gz_k141_2875289.region001.gbk_region_1	sample4_SemiBin_32.fa.gz_k141_2875289.region001	region	1	859	FAM_00234
sample9_SemiBin_34.fa.gz_k141_806384.region001.gbk_region_1	sample9_SemiBin_34.fa.gz_k141_806384.region001	region	1	859	FAM_00234
sample21_SemiBin_17.fa.gz_k141_1032106.region001.gbk_region_1	sample21_SemiBin_17.fa.gz_k141_1032106.region001	region	1	859	FAM_00234
sample7_SemiBin_67.fa.gz_k141_194313.region001.gbk_region_1	sample7_SemiBin_67.fa.gz_k141_194313.region001	region	1	859	FAM_00234
snj19_SemiBin_166.fa.gz_k141_22999.region001.gbk_region_1	snj19_SemiBin_166.fa.gz_k141_22999.region001	region	1	859	FAM_00234
sample22_SemiBin_26.fa.gz_k141_876463.region001.gbk_region_1	sample22_SemiBin_26.fa.gz_k141_876463.region001	region	1	859	FAM_00235
snj09_SemiBin_21.fa.gz_k141_822760.region001.gbk_region_1	snj09_SemiBin_21.fa.gz_k141_822760.region001	region	1	859	FAM_00235
cpsnj09_SemiBin_18.fa.gz_k141_38728.region001.gbk_region_1	cpsnj09_SemiBin_18.fa.gz_k141_38728.region001	region	1	859	FAM_00235
cpsnj10_SemiBin_90.fa.gz_k141_4001521.region001.gbk_region_1	cpsnj10_SemiBin_90.fa.gz_k141_4001521.region001	region	1	859	FAM_00235
cpsnj09_SemiBin_53.fa.gz_k141_1999974.region001.gbk_region_1	cpsnj09_SemiBin_53.fa.gz_k141_1999974.region001	region	1	859	FAM_00235
cpsnj13_SemiBin_2.fa.gz_k141_2571434.region001.gbk_region_1	cpsnj13_SemiBin_2.fa.gz_k141_2571434.region001	region	1	859	FAM_00235
cpsnj09_SemiBin_13.fa.gz_k141_3495955.region001.gbk_region_1	cpsnj09_SemiBin_13.fa.gz_k141_3495955.region001	region	1	859	FAM_00236
cpsnj13_SemiBin_142.fa.gz_k141_1150113.region001.gbk_region_1	cpsnj13_SemiBin_142.fa.gz_k141_1150113.region001	region	1	859	FAM_00236
snj11_SemiBin_80.fa.gz_k141_2035521.region001.gbk_region_1	snj11_SemiBin_80.fa.gz_k141_2035521.region001	region	1	859	FAM_00236
sample26_SemiBin_130.fa.gz_k141_1819181.region001.gbk_region_1	sample26_SemiBin_130.fa.gz_k141_1819181.region001	region	1	859	FAM_00236
sample23_SemiBin_6.fa.gz_k141_2771364.region001.gbk_region_1	sample23_SemiBin_6.fa.gz_k141_2771364.region001	region	1	859	FAM_00236
snj09_SemiBin_65.fa.gz_k141_129640.region001.gbk_region_1	snj09_SemiBin_65.fa.gz_k141_129640.region001	region	1	859	FAM_00236
cpsnj10_SemiBin_93.fa.gz_k141_2932954.region001.gbk_region_1	cpsnj10_SemiBin_93.fa.gz_k141_2932954.region001	region	1	859	FAM_00236
sample7_SemiBin_38.fa.gz_k141_5795497.region001.gbk_region_1	sample7_SemiBin_38.fa.gz_k141_5795497.region001	region	1	859	FAM_00237
sample15_SemiBin_9.fa.gz_k141_4397223.region001.gbk_region_1	sample15_SemiBin_9.fa.gz_k141_4397223.region001	region	1	859	FAM_00237
sample1_SemiBin_110.fa.gz_k141_2608418.region001.gbk_region_1	sample1_SemiBin_110.fa.gz_k141_2608418.region001	region	1	859	FAM_00237
snj09_SemiBin_45.fa.gz_k141_397747.region001.gbk_region_1	snj09_SemiBin_45.fa.gz_k141_397747.region001	region	1	859	FAM_00237
sample5_SemiBin_88.fa.gz_k141_1004637.region001.gbk_region_1	sample5_SemiBin_88.fa.gz_k141_1004637.region001	region	1	859	FAM_00237
sample7_SemiBin_37.fa.gz_k141_895281.region001.gbk_region_1	sample7_SemiBin_37.fa.gz_k141_895281.region001	region	1	859	FAM_00237
sample15_SemiBin_8.fa.gz_k141_4997828.region001.gbk_region_1	sample15_SemiBin_8.fa.gz_k141_4997828.region001	region	1	859	FAM_00238
cpsnj10_SemiBin_32.fa.gz_k141_1466369.region001.gbk_region_1	cpsnj10_SemiBin_32.fa.gz_k141_1466369.region001	region	1	859	FAM_00238
cpsnj09_SemiBin_65.fa.gz_k141_1195151.region001.gbk_region_1	cpsnj09_SemiBin_65.fa.gz_k141_1195151.region001	region	1	859	FAM_00238
sample18_SemiBin_122.fa.gz_k141_2185532.region001.gbk_region_1	sample18_SemiBin_122.fa.gz_k141_2185532.region001	region	1	859	FAM_00238
sample13_SemiBin_99.fa.gz_k141_2153219.region001.gbk_region_1	sample13_SemiBin_99.fa.gz_k141_2153219.region001	region	1	859	FAM_00238
sample14_SemiBin_19.fa.gz_k141_1639013.region001.gbk_region_1	sample14_SemiBin_19.fa.gz_k141_1639013.region001	region	1	859	FAM_00238
sample10_SemiBin_64.fa.gz_k141_1967491.region001.gbk_region_1	sample10_SemiBin_64.fa.gz_k141_1967491.region001	region	1	859	FAM_00238
sample18_SemiBin_6.fa.gz_k141_2013538.region001.gbk_region_1	sample18_SemiBin_6.fa.gz_k141_2013538.region001	region	1	859	FAM_00238
sample15_SemiBin_241.fa.gz_k141_4936685.region001.gbk_region_1	sample15_SemiBin_241.fa.gz_k141_4936685.region001	region	1	863	FAM_00239
sample10_SemiBin_7.fa.gz_k141_894723.region001.gbk_region_1	sample10_SemiBin_7.fa.gz_k141_894723.region001	region	1	863	FAM_00239
snj14_SemiBin_52.fa.gz_k141_687657.region001.gbk_region_1	snj14_SemiBin_52.fa.gz_k141_687657.region001	region	1	867	FAM_00240
cpsnj14_SemiBin_44.fa.gz_k141_764553.region001.gbk_region_1	cpsnj14_SemiBin_44.fa.gz_k141_764553.region001	region	1	867	FAM_00240
snj16_SemiBin_23.fa.gz_k141_2948500.region001.gbk_region_1	snj16_SemiBin_23.fa.gz_k141_2948500.region001	region	1	867	FAM_00240
sample13_SemiBin_130.fa.gz_k141_4022182.region001.gbk_region_1	sample13_SemiBin_130.fa.gz_k141_4022182.region001	region	1	887	FAM_00241
sample9_SemiBin_7.fa.gz_k141_2396263.region001.gbk_region_1	sample9_SemiBin_7.fa.gz_k141_2396263.region001	region	1	887	FAM_00241
sample10_SemiBin_76.fa.gz_k141_867373.region001.gbk_region_1	sample10_SemiBin_76.fa.gz_k141_867373.region001	region	1	887	FAM_00241
sample5_SemiBin_26.fa.gz_k141_464813.region001.gbk_region_1	sample5_SemiBin_26.fa.gz_k141_464813.region001	region	1	887	FAM_00241
cpsnj10_SemiBin_175.fa.gz_k141_3084510.region001.gbk_region_1	cpsnj10_SemiBin_175.fa.gz_k141_3084510.region001	region	1	887	FAM_00242
sample15_SemiBin_106.fa.gz_k141_255394.region001.gbk_region_1	sample15_SemiBin_106.fa.gz_k141_255394.region001	region	1	887	FAM_00242
sample14_SemiBin_53.fa.gz_k141_2330990.region001.gbk_region_1	sample14_SemiBin_53.fa.gz_k141_2330990.region001	region	1	887	FAM_00242
sample15_SemiBin_72.fa.gz_k141_641512.region001.gbk_region_1	sample15_SemiBin_72.fa.gz_k141_641512.region001	region	1	891	FAM_00243
sample22_SemiBin_101.fa.gz_k141_3019831.region001.gbk_region_1	sample22_SemiBin_101.fa.gz_k141_3019831.region001	region	1	891	FAM_00243
sample6_SemiBin_2.fa.gz_k141_1379489.region001.gbk_region_1	sample6_SemiBin_2.fa.gz_k141_1379489.region001	region	1	899	FAM_00244
cpsnj01_SemiBin_2.fa.gz_k141_3163134.region001.gbk_region_1	cpsnj01_SemiBin_2.fa.gz_k141_3163134.region001	region	1	899	FAM_00244
cpsnj01_SemiBin_37.fa.gz_k141_1201451.region001.gbk_region_1	cpsnj01_SemiBin_37.fa.gz_k141_1201451.region001	region	1	899	FAM_00244
cpsnj13_SemiBin_66.fa.gz_k141_650787.region001.gbk_region_1	cpsnj13_SemiBin_66.fa.gz_k141_650787.region001	region	1	903	FAM_00245
snj11_SemiBin_119.fa.gz_k141_653773.region001.gbk_region_1	snj11_SemiBin_119.fa.gz_k141_653773.region001	region	1	903	FAM_00245
snj10_SemiBin_41.fa.gz_k141_2124410.region001.gbk_region_1	snj10_SemiBin_41.fa.gz_k141_2124410.region001	region	1	903	FAM_00245
sample26_SemiBin_46.fa.gz_k141_643460.region001.gbk_region_1	sample26_SemiBin_46.fa.gz_k141_643460.region001	region	1	903	FAM_00245
snj15_SemiBin_5.fa.gz_k141_144983.region001.gbk_region_1	snj15_SemiBin_5.fa.gz_k141_144983.region001	region	1	903	FAM_00245
cpsnj11_SemiBin_83.fa.gz_k141_193470.region001.gbk_region_1	cpsnj11_SemiBin_83.fa.gz_k141_193470.region001	region	1	903	FAM_00246
snj14_SemiBin_22.fa.gz_k141_828694.region001.gbk_region_1	snj14_SemiBin_22.fa.gz_k141_828694.region001	region	1	903	FAM_00246
snj16_SemiBin_8.fa.gz_k141_2861031.region001.gbk_region_1	snj16_SemiBin_8.fa.gz_k141_2861031.region001	region	1	903	FAM_00246
cpsnj16_SemiBin_71.fa.gz_k141_2948663.region001.gbk_region_1	cpsnj16_SemiBin_71.fa.gz_k141_2948663.region001	region	1	903	FAM_00246
snj11_SemiBin_117.fa.gz_k141_1800352.region001.gbk_region_1	snj11_SemiBin_117.fa.gz_k141_1800352.region001	region	1	903	FAM_00246
sample14_SemiBin_22.fa.gz_k141_3818564.region001.gbk_region_1	sample14_SemiBin_22.fa.gz_k141_3818564.region001	region	1	903	FAM_00246
cpsnj14_SemiBin_42.fa.gz_k141_1053580.region001.gbk_region_1	cpsnj14_SemiBin_42.fa.gz_k141_1053580.region001	region	1	903	FAM_00246
cpsnj14_SemiBin_42.fa.gz_k141_492976.region001.gbk_region_1	cpsnj14_SemiBin_42.fa.gz_k141_492976.region001	region	1	903	FAM_00246
sample26_SemiBin_55.fa.gz_k141_3915660.region001.gbk_region_1	sample26_SemiBin_55.fa.gz_k141_3915660.region001	region	1	903	FAM_00247
sample22_SemiBin_3.fa.gz_k141_5839235.region001.gbk_region_1	sample22_SemiBin_3.fa.gz_k141_5839235.region001	region	1	903	FAM_00247
sample17_SemiBin_18.fa.gz_k141_418829.region001.gbk_region_1	sample17_SemiBin_18.fa.gz_k141_418829.region001	region	1	903	FAM_00247
cpsnj20_SemiBin_4.fa.gz_k141_2272331.region001.gbk_region_1	cpsnj20_SemiBin_4.fa.gz_k141_2272331.region001	region	1	903	FAM_00247
sample26_SemiBin_55.fa.gz_k141_6355157.region001.gbk_region_1	sample26_SemiBin_55.fa.gz_k141_6355157.region001	region	1	903	FAM_00247
snj15_SemiBin_5.fa.gz_k141_2230799.region001.gbk_region_1	snj15_SemiBin_5.fa.gz_k141_2230799.region001	region	1	903	FAM_00247
snj10_SemiBin_41.fa.gz_k141_1010099.region001.gbk_region_1	snj10_SemiBin_41.fa.gz_k141_1010099.region001	region	1	903	FAM_00248
snj19_SemiBin_3.fa.gz_k141_832156.region001.gbk_region_1	snj19_SemiBin_3.fa.gz_k141_832156.region001	region	1	903	FAM_00248
snj16_SemiBin_8.fa.gz_k141_2547140.region001.gbk_region_1	snj16_SemiBin_8.fa.gz_k141_2547140.region001	region	1	903	FAM_00248
snj03_SemiBin_42.fa.gz_k141_1750662.region001.gbk_region_1	snj03_SemiBin_42.fa.gz_k141_1750662.region001	region	1	903	FAM_00248
snj08_SemiBin_2.fa.gz_k141_2582689.region001.gbk_region_1	snj08_SemiBin_2.fa.gz_k141_2582689.region001	region	1	903	FAM_00248
cpsnj01_SemiBin_3.fa.gz_k141_2467674.region001.gbk_region_1	cpsnj01_SemiBin_3.fa.gz_k141_2467674.region001	region	1	903	FAM_00248
sample1_SemiBin_96.fa.gz_k141_882523.region001.gbk_region_1	sample1_SemiBin_96.fa.gz_k141_882523.region001	region	1	923	FAM_00249
cpsnj10_SemiBin_0.fa.gz_k141_1537101.region001.gbk_region_1	cpsnj10_SemiBin_0.fa.gz_k141_1537101.region001	region	1	923	FAM_00249
sample21_SemiBin_77.fa.gz_k141_3874867.region001.gbk_region_1	sample21_SemiBin_77.fa.gz_k141_3874867.region001	region	1	923	FAM_00249
sample4_SemiBin_14.fa.gz_k141_2907074.region001.gbk_region_1	sample4_SemiBin_14.fa.gz_k141_2907074.region001	region	1	923	FAM_00249
sample15_SemiBin_106.fa.gz_k141_2943936.region001.gbk_region_1	sample15_SemiBin_106.fa.gz_k141_2943936.region001	region	1	931	FAM_00250
sample10_SemiBin_64.fa.gz_k141_892628.region001.gbk_region_1	sample10_SemiBin_64.fa.gz_k141_892628.region001	region	1	931	FAM_00250
sample14_SemiBin_19.fa.gz_k141_1911884.region001.gbk_region_1	sample14_SemiBin_19.fa.gz_k141_1911884.region001	region	1	931	FAM_00250
sample18_SemiBin_6.fa.gz_k141_2171656.region001.gbk_region_1	sample18_SemiBin_6.fa.gz_k141_2171656.region001	region	1	931	FAM_00250
sample13_SemiBin_99.fa.gz_k141_3562778.region001.gbk_region_1	sample13_SemiBin_99.fa.gz_k141_3562778.region001	region	1	931	FAM_00250
snj03_SemiBin_75.fa.gz_k141_2941867.region001.gbk_region_1	snj03_SemiBin_75.fa.gz_k141_2941867.region001	region	1	959	FAM_00251
snj19_SemiBin_25.fa.gz_k141_544245.region001.gbk_region_1	snj19_SemiBin_25.fa.gz_k141_544245.region001	region	1	959	FAM_00251
cpsnj14_SemiBin_36.fa.gz_k141_39659.region001.gbk_region_1	cpsnj14_SemiBin_36.fa.gz_k141_39659.region001	region	1	959	FAM_00251
sample29_SemiBin_82.fa.gz_k141_134621.region001.gbk_region_1	sample29_SemiBin_82.fa.gz_k141_134621.region001	region	1	971	FAM_00252
sample2_SemiBin_13.fa.gz_k141_344461.region001.gbk_region_1	sample2_SemiBin_13.fa.gz_k141_344461.region001	region	1	971	FAM_00252
sample7_SemiBin_141.fa.gz_k141_3076816.region001.gbk_region_1	sample7_SemiBin_141.fa.gz_k141_3076816.region001	region	1	971	FAM_00252
sample15_SemiBin_71.fa.gz_k141_3775625.region001.gbk_region_1	sample15_SemiBin_71.fa.gz_k141_3775625.region001	region	1	971	FAM_00252
sample20_SemiBin_53.fa.gz_k141_3166762.region001.gbk_region_1	sample20_SemiBin_53.fa.gz_k141_3166762.region001	region	1	971	FAM_00252
sample23_SemiBin_19.fa.gz_k141_2921724.region001.gbk_region_1	sample23_SemiBin_19.fa.gz_k141_2921724.region001	region	1	971	FAM_00252
sample21_SemiBin_67.fa.gz_k141_4215379.region001.gbk_region_1	sample21_SemiBin_67.fa.gz_k141_4215379.region001	region	1	971	FAM_00252
cpsnj11_SemiBin_258.fa.gz_k141_645002.region001.gbk_region_1	cpsnj11_SemiBin_258.fa.gz_k141_645002.region001	region	1	971	FAM_00252
sample27_SemiBin_27.fa.gz_k141_5994553.region001.gbk_region_1	sample27_SemiBin_27.fa.gz_k141_5994553.region001	region	1	971	FAM_00252
sample11_SemiBin_31.fa.gz_k141_3776298.region001.gbk_region_1	sample11_SemiBin_31.fa.gz_k141_3776298.region001	region	1	971	FAM_00252
sample25_SemiBin_26.fa.gz_k141_445590.region001.gbk_region_1	sample25_SemiBin_26.fa.gz_k141_445590.region001	region	1	971	FAM_00252
sample24_SemiBin_41.fa.gz_k141_2515486.region001.gbk_region_1	sample24_SemiBin_41.fa.gz_k141_2515486.region001	region	1	971	FAM_00252
sample12_SemiBin_51.fa.gz_k141_362810.region001.gbk_region_1	sample12_SemiBin_51.fa.gz_k141_362810.region001	region	1	971	FAM_00252
cpsnj10_SemiBin_26.fa.gz_k141_4359821.region001.gbk_region_1	cpsnj10_SemiBin_26.fa.gz_k141_4359821.region001	region	1	971	FAM_00252
sample7_SemiBin_108.fa.gz_k141_5245994.region001.gbk_region_1	sample7_SemiBin_108.fa.gz_k141_5245994.region001	region	1	971	FAM_00252
sample13_SemiBin_14.fa.gz_k141_2929470.region001.gbk_region_1	sample13_SemiBin_14.fa.gz_k141_2929470.region001	region	1	971	FAM_00252
snj14_SemiBin_45.fa.gz_k141_1233938.region001.gbk_region_1	snj14_SemiBin_45.fa.gz_k141_1233938.region001	region	1	971	FAM_00253
sample10_SemiBin_132.fa.gz_k141_4880207.region001.gbk_region_1	sample10_SemiBin_132.fa.gz_k141_4880207.region001	region	1	971	FAM_00253
sample22_SemiBin_12.fa.gz_k141_1342742.region001.gbk_region_1	sample22_SemiBin_12.fa.gz_k141_1342742.region001	region	1	971	FAM_00253
cpsnj08_SemiBin_37.fa.gz_k141_491462.region001.gbk_region_1	cpsnj08_SemiBin_37.fa.gz_k141_491462.region001	region	1	971	FAM_00253
cpsnj20_SemiBin_64.fa.gz_k141_1788964.region001.gbk_region_1	cpsnj20_SemiBin_64.fa.gz_k141_1788964.region001	region	1	971	FAM_00253
sample30_SemiBin_34.fa.gz_k141_1509849.region001.gbk_region_1	sample30_SemiBin_34.fa.gz_k141_1509849.region001	region	1	971	FAM_00253
sample2_SemiBin_53.fa.gz_k141_1555788.region001.gbk_region_1	sample2_SemiBin_53.fa.gz_k141_1555788.region001	region	1	971	FAM_00253
snj20_SemiBin_32.fa.gz_k141_2783605.region001.gbk_region_1	snj20_SemiBin_32.fa.gz_k141_2783605.region001	region	1	971	FAM_00253
cpsnj14_SemiBin_129.fa.gz_k141_1705563.region001.gbk_region_1	cpsnj14_SemiBin_129.fa.gz_k141_1705563.region001	region	1	971	FAM_00253
sample1_SemiBin_36.fa.gz_k141_1994307.region001.gbk_region_1	sample1_SemiBin_36.fa.gz_k141_1994307.region001	region	1	971	FAM_00253
cpsnj04_SemiBin_37.fa.gz_k141_491462.region001.gbk_region_1	cpsnj04_SemiBin_37.fa.gz_k141_491462.region001	region	1	971	FAM_00253
sample17_SemiBin_105.fa.gz_k141_2443343.region001.gbk_region_1	sample17_SemiBin_105.fa.gz_k141_2443343.region001	region	1	971	FAM_00253
sample16_SemiBin_78.fa.gz_k141_5364312.region001.gbk_region_1	sample16_SemiBin_78.fa.gz_k141_5364312.region001	region	1	971	FAM_00253
sample23_SemiBin_33.fa.gz_k141_5277486.region001.gbk_region_1	sample23_SemiBin_33.fa.gz_k141_5277486.region001	region	1	971	FAM_00253
sample29_SemiBin_5.fa.gz_k141_3372696.region001.gbk_region_1	sample29_SemiBin_5.fa.gz_k141_3372696.region001	region	1	983	FAM_00254
sample18_SemiBin_65.fa.gz_k141_4829873.region001.gbk_region_1	sample18_SemiBin_65.fa.gz_k141_4829873.region001	region	1	983	FAM_00254
cpsnj14_SemiBin_29.fa.gz_k141_4022642.region001.gbk_region_1	cpsnj14_SemiBin_29.fa.gz_k141_4022642.region001	region	1	983	FAM_00254
snj08_SemiBin_113.fa.gz_k141_3062584.region001.gbk_region_1	snj08_SemiBin_113.fa.gz_k141_3062584.region001	region	1	983	FAM_00254
sample4_SemiBin_36.fa.gz_k141_958339.region001.gbk_region_1	sample4_SemiBin_36.fa.gz_k141_958339.region001	region	1	983	FAM_00254
sample10_SemiBin_35.fa.gz_k141_3118170.region001.gbk_region_1	sample10_SemiBin_35.fa.gz_k141_3118170.region001	region	1	987	FAM_00255
sample18_SemiBin_28.fa.gz_k141_5278990.region001.gbk_region_1	sample18_SemiBin_28.fa.gz_k141_5278990.region001	region	1	987	FAM_00255
cpsnj04_SemiBin_19.fa.gz_k141_121211.region001.gbk_region_1	cpsnj04_SemiBin_19.fa.gz_k141_121211.region001	region	1	991	FAM_00256
cpsnj08_SemiBin_19.fa.gz_k141_121211.region001.gbk_region_1	cpsnj08_SemiBin_19.fa.gz_k141_121211.region001	region	1	991	FAM_00256
cpsnj11_SemiBin_7.fa.gz_k141_1493802.region001.gbk_region_1	cpsnj11_SemiBin_7.fa.gz_k141_1493802.region001	region	1	1024	FAM_00257
snj14_SemiBin_52.fa.gz_k141_1523685.region001.gbk_region_1	snj14_SemiBin_52.fa.gz_k141_1523685.region001	region	1	1024	FAM_00257
cpsnj14_SemiBin_44.fa.gz_k141_3553731.region001.gbk_region_1	cpsnj14_SemiBin_44.fa.gz_k141_3553731.region001	region	1	1024	FAM_00257
snj16_SemiBin_23.fa.gz_k141_2596024.region001.gbk_region_1	snj16_SemiBin_23.fa.gz_k141_2596024.region001	region	1	1024	FAM_00257
cpsnj04_SemiBin_15.fa.gz_k141_52427.region001.gbk_region_1	cpsnj04_SemiBin_15.fa.gz_k141_52427.region001	region	1	1028	FAM_00258
cpsnj08_SemiBin_15.fa.gz_k141_52427.region001.gbk_region_1	cpsnj08_SemiBin_15.fa.gz_k141_52427.region001	region	1	1028	FAM_00258
sample11_SemiBin_4.fa.gz_k141_3263154.region001.gbk_region_1	sample11_SemiBin_4.fa.gz_k141_3263154.region001	region	1	1044	FAM_00259
snj13_SemiBin_5.fa.gz_k141_1907080.region001.gbk_region_1	snj13_SemiBin_5.fa.gz_k141_1907080.region001	region	1	1044	FAM_00259
cpsnj14_SemiBin_129.fa.gz_k141_4009834.region001.gbk_region_1	cpsnj14_SemiBin_129.fa.gz_k141_4009834.region001	region	1	1052	FAM_00260
sample1_SemiBin_36.fa.gz_k141_807907.region001.gbk_region_1	sample1_SemiBin_36.fa.gz_k141_807907.region001	region	1	1052	FAM_00260
sample11_SemiBin_31.fa.gz_k141_3785567.region001.gbk_region_1	sample11_SemiBin_31.fa.gz_k141_3785567.region001	region	1	1052	FAM_00260
cpsnj20_SemiBin_64.fa.gz_k141_287991.region001.gbk_region_1	cpsnj20_SemiBin_64.fa.gz_k141_287991.region001	region	1	1052	FAM_00260
sample24_SemiBin_41.fa.gz_k141_1669215.region001.gbk_region_1	sample24_SemiBin_41.fa.gz_k141_1669215.region001	region	1	1052	FAM_00260
snj14_SemiBin_45.fa.gz_k141_715667.region001.gbk_region_1	snj14_SemiBin_45.fa.gz_k141_715667.region001	region	1	1052	FAM_00260
sample7_SemiBin_108.fa.gz_k141_4034157.region001.gbk_region_1	sample7_SemiBin_108.fa.gz_k141_4034157.region001	region	1	1052	FAM_00260
sample15_SemiBin_71.fa.gz_k141_2179999.region001.gbk_region_1	sample15_SemiBin_71.fa.gz_k141_2179999.region001	region	1	1052	FAM_00260
sample12_SemiBin_51.fa.gz_k141_1196274.region001.gbk_region_1	sample12_SemiBin_51.fa.gz_k141_1196274.region001	region	1	1052	FAM_00260
cpsnj14_SemiBin_129.fa.gz_k141_3281096.region001.gbk_region_1	cpsnj14_SemiBin_129.fa.gz_k141_3281096.region001	region	1	1052	FAM_00260
sample13_SemiBin_14.fa.gz_k141_2608915.region001.gbk_region_1	sample13_SemiBin_14.fa.gz_k141_2608915.region001	region	1	1052	FAM_00260
sample16_SemiBin_78.fa.gz_k141_2588273.region001.gbk_region_1	sample16_SemiBin_78.fa.gz_k141_2588273.region001	region	1	1052	FAM_00260
sample25_SemiBin_26.fa.gz_k141_126446.region001.gbk_region_1	sample25_SemiBin_26.fa.gz_k141_126446.region001	region	1	1052	FAM_00260
sample22_SemiBin_12.fa.gz_k141_2254723.region001.gbk_region_1	sample22_SemiBin_12.fa.gz_k141_2254723.region001	region	1	1052	FAM_00260
sample10_SemiBin_132.fa.gz_k141_632176.region001.gbk_region_1	sample10_SemiBin_132.fa.gz_k141_632176.region001	region	1	1052	FAM_00260
snj20_SemiBin_32.fa.gz_k141_2917547.region001.gbk_region_1	snj20_SemiBin_32.fa.gz_k141_2917547.region001	region	1	1052	FAM_00260
sample20_SemiBin_54.fa.gz_k141_2820652.region001.gbk_region_1	sample20_SemiBin_54.fa.gz_k141_2820652.region001	region	1	1052	FAM_00260
sample30_SemiBin_34.fa.gz_k141_1458519.region001.gbk_region_1	sample30_SemiBin_34.fa.gz_k141_1458519.region001	region	1	1052	FAM_00260
cpsnj04_SemiBin_37.fa.gz_k141_994909.region001.gbk_region_1	cpsnj04_SemiBin_37.fa.gz_k141_994909.region001	region	1	1052	FAM_00260
sample23_SemiBin_33.fa.gz_k141_1904123.region001.gbk_region_1	sample23_SemiBin_33.fa.gz_k141_1904123.region001	region	1	1052	FAM_00260
sample2_SemiBin_53.fa.gz_k141_1198930.region001.gbk_region_1	sample2_SemiBin_53.fa.gz_k141_1198930.region001	region	1	1052	FAM_00260
sample23_SemiBin_19.fa.gz_k141_4623442.region001.gbk_region_1	sample23_SemiBin_19.fa.gz_k141_4623442.region001	region	1	1052	FAM_00260
sample27_SemiBin_27.fa.gz_k141_3915782.region001.gbk_region_1	sample27_SemiBin_27.fa.gz_k141_3915782.region001	region	1	1052	FAM_00260
sample7_SemiBin_141.fa.gz_k141_2893540.region001.gbk_region_1	sample7_SemiBin_141.fa.gz_k141_2893540.region001	region	1	1052	FAM_00260
sample2_SemiBin_13.fa.gz_k141_96315.region001.gbk_region_1	sample2_SemiBin_13.fa.gz_k141_96315.region001	region	1	1052	FAM_00260
cpsnj10_SemiBin_98.fa.gz_k141_2838051.region001.gbk_region_1	cpsnj10_SemiBin_98.fa.gz_k141_2838051.region001	region	1	1052	FAM_00260
cpsnj10_SemiBin_26.fa.gz_k141_4000391.region001.gbk_region_1	cpsnj10_SemiBin_26.fa.gz_k141_4000391.region001	region	1	1052	FAM_00260
cpsnj08_SemiBin_37.fa.gz_k141_994909.region001.gbk_region_1	cpsnj08_SemiBin_37.fa.gz_k141_994909.region001	region	1	1052	FAM_00260
sample29_SemiBin_82.fa.gz_k141_5523623.region001.gbk_region_1	sample29_SemiBin_82.fa.gz_k141_5523623.region001	region	1	1052	FAM_00260
cpsnj11_SemiBin_258.fa.gz_k141_3754467.region001.gbk_region_1	cpsnj11_SemiBin_258.fa.gz_k141_3754467.region001	region	1	1052	FAM_00260
sample20_SemiBin_53.fa.gz_k141_437517.region001.gbk_region_1	sample20_SemiBin_53.fa.gz_k141_437517.region001	region	1	1052	FAM_00260
sample21_SemiBin_77.fa.gz_k141_1173884.region001.gbk_region_1	sample21_SemiBin_77.fa.gz_k141_1173884.region001	region	1	1082	FAM_00261
sample3_SemiBin_19.fa.gz_k141_2854035.region001.gbk_region_1	sample3_SemiBin_19.fa.gz_k141_2854035.region001	region	1	1082	FAM_00261
sample4_SemiBin_14.fa.gz_k141_2610866.region001.gbk_region_1	sample4_SemiBin_14.fa.gz_k141_2610866.region001	region	1	1082	FAM_00261
sample30_SemiBin_0.fa.gz_k141_3798442.region001.gbk_region_1	sample30_SemiBin_0.fa.gz_k141_3798442.region001	region	1	1082	FAM_00261
cpsnj10_SemiBin_137.fa.gz_k141_2078264.region001.gbk_region_1	cpsnj10_SemiBin_137.fa.gz_k141_2078264.region001	region	1	1082	FAM_00261
sample23_SemiBin_16.fa.gz_k141_278775.region001.gbk_region_1	sample23_SemiBin_16.fa.gz_k141_278775.region001	region	1	1082	FAM_00261
cpsnj10_SemiBin_137.fa.gz_k141_2397051.region001.gbk_region_1	cpsnj10_SemiBin_137.fa.gz_k141_2397051.region001	region	1	1082	FAM_00261
sample17_SemiBin_59.fa.gz_k141_3482032.region001.gbk_region_1	sample17_SemiBin_59.fa.gz_k141_3482032.region001	region	1	1082	FAM_00261
sample22_SemiBin_18.fa.gz_k141_3032734.region001.gbk_region_1	sample22_SemiBin_18.fa.gz_k141_3032734.region001	region	1	1082	FAM_00261
sample3_SemiBin_18.fa.gz_k141_1816843.region001.gbk_region_1	sample3_SemiBin_18.fa.gz_k141_1816843.region001	region	1	1082	FAM_00261
sample5_SemiBin_2.fa.gz_k141_48199.region001.gbk_region_1	sample5_SemiBin_2.fa.gz_k141_48199.region001	region	1	1082	FAM_00261
sample1_SemiBin_96.fa.gz_k141_2053086.region001.gbk_region_1	sample1_SemiBin_96.fa.gz_k141_2053086.region001	region	1	1082	FAM_00261
sample10_SemiBin_182.fa.gz_k141_2826381.region001.gbk_region_1	sample10_SemiBin_182.fa.gz_k141_2826381.region001	region	1	1082	FAM_00261
cpsnj11_SemiBin_7.fa.gz_k141_2691920.region001.gbk_region_1	cpsnj11_SemiBin_7.fa.gz_k141_2691920.region001	region	1	1082	FAM_00261
sample16_SemiBin_48.fa.gz_k141_3260450.region001.gbk_region_1	sample16_SemiBin_48.fa.gz_k141_3260450.region001	region	1	1082	FAM_00261
sample8_SemiBin_73.fa.gz_k141_1717975.region001.gbk_region_1	sample8_SemiBin_73.fa.gz_k141_1717975.region001	region	1	1082	FAM_00261
cpsnj09_SemiBin_63.fa.gz_k141_2894231.region001.gbk_region_1	cpsnj09_SemiBin_63.fa.gz_k141_2894231.region001	region	1	1082	FAM_00261
sample30_SemiBin_0.fa.gz_k141_2630173.region001.gbk_region_1	sample30_SemiBin_0.fa.gz_k141_2630173.region001	region	1	1082	FAM_00262
sample26_SemiBin_65.fa.gz_k141_3526283.region001.gbk_region_1	sample26_SemiBin_65.fa.gz_k141_3526283.region001	region	1	1082	FAM_00262
sample16_SemiBin_48.fa.gz_k141_4732547.region001.gbk_region_1	sample16_SemiBin_48.fa.gz_k141_4732547.region001	region	1	1082	FAM_00262
cpsnj20_SemiBin_76.fa.gz_k141_1069356.region001.gbk_region_1	cpsnj20_SemiBin_76.fa.gz_k141_1069356.region001	region	1	1082	FAM_00262
cpsnj19_SemiBin_16.fa.gz_k141_464444.region001.gbk_region_1	cpsnj19_SemiBin_16.fa.gz_k141_464444.region001	region	1	1082	FAM_00263
snj19_SemiBin_43.fa.gz_k141_2275633.region001.gbk_region_1	snj19_SemiBin_43.fa.gz_k141_2275633.region001	region	1	1082	FAM_00263
sample26_SemiBin_65.fa.gz_k141_4870402.region001.gbk_region_1	sample26_SemiBin_65.fa.gz_k141_4870402.region001	region	1	1082	FAM_00263
sample18_SemiBin_71.fa.gz_k141_3730443.region001.gbk_region_1	sample18_SemiBin_71.fa.gz_k141_3730443.region001	region	1	1082	FAM_00263
sample17_SemiBin_59.fa.gz_k141_1357099.region001.gbk_region_1	sample17_SemiBin_59.fa.gz_k141_1357099.region001	region	1	1082	FAM_00263
cpsnj20_SemiBin_76.fa.gz_k141_909268.region001.gbk_region_1	cpsnj20_SemiBin_76.fa.gz_k141_909268.region001	region	1	1082	FAM_00263
sample1_SemiBin_96.fa.gz_k141_3377922.region001.gbk_region_1	sample1_SemiBin_96.fa.gz_k141_3377922.region001	region	1	1082	FAM_00263
cpsnj10_SemiBin_0.fa.gz_k141_3630073.region001.gbk_region_1	cpsnj10_SemiBin_0.fa.gz_k141_3630073.region001	region	1	1082	FAM_00263
sample5_SemiBin_2.fa.gz_k141_300474.region001.gbk_region_1	sample5_SemiBin_2.fa.gz_k141_300474.region001	region	1	1082	FAM_00263
snj16_SemiBin_65.fa.gz_k141_1103485.region001.gbk_region_1	snj16_SemiBin_65.fa.gz_k141_1103485.region001	region	1	1098	FAM_00264
snj08_SemiBin_31.fa.gz_k141_2039433.region001.gbk_region_1	snj08_SemiBin_31.fa.gz_k141_2039433.region001	region	1	1098	FAM_00264
snj11_SemiBin_32.fa.gz_k141_1282493.region001.gbk_region_1	snj11_SemiBin_32.fa.gz_k141_1282493.region001	region	1	1098	FAM_00264
cpsnj03_SemiBin_77.fa.gz_k141_526953.region001.gbk_region_1	cpsnj03_SemiBin_77.fa.gz_k141_526953.region001	region	1	1098	FAM_00264
sample15_SemiBin_82.fa.gz_k141_2496068.region001.gbk_region_1	sample15_SemiBin_82.fa.gz_k141_2496068.region001	region	1	1098	FAM_00264
snj03_SemiBin_107.fa.gz_k141_245141.region001.gbk_region_1	snj03_SemiBin_107.fa.gz_k141_245141.region001	region	1	1098	FAM_00264
sample1_SemiBin_52.fa.gz_k141_2273691.region001.gbk_region_1	sample1_SemiBin_52.fa.gz_k141_2273691.region001	region	1	1098	FAM_00264
snj15_SemiBin_13.fa.gz_k141_2072719.region001.gbk_region_1	snj15_SemiBin_13.fa.gz_k141_2072719.region001	region	1	1098	FAM_00264
sample1_SemiBin_52.fa.gz_k141_793528.region001.gbk_region_1	sample1_SemiBin_52.fa.gz_k141_793528.region001	region	1	1098	FAM_00264
cpsnj11_SemiBin_38.fa.gz_k141_239445.region001.gbk_region_1	cpsnj11_SemiBin_38.fa.gz_k141_239445.region001	region	1	1098	FAM_00264
sample4_SemiBin_1.fa.gz_k141_216064.region001.gbk_region_1	sample4_SemiBin_1.fa.gz_k141_216064.region001	region	1	1098	FAM_00264
sample15_SemiBin_82.fa.gz_k141_2661995.region001.gbk_region_1	sample15_SemiBin_82.fa.gz_k141_2661995.region001	region	1	1098	FAM_00264
sample22_SemiBin_106.fa.gz_k141_4652533.region001.gbk_region_1	sample22_SemiBin_106.fa.gz_k141_4652533.region001	region	1	1098	FAM_00264
snj13_SemiBin_33.fa.gz_k141_2474372.region001.gbk_region_1	snj13_SemiBin_33.fa.gz_k141_2474372.region001	region	1	1098	FAM_00264
cpsnj16_SemiBin_17.fa.gz_k141_1007356.region001.gbk_region_1	cpsnj16_SemiBin_17.fa.gz_k141_1007356.region001	region	1	1098	FAM_00264
sample8_SemiBin_3.fa.gz_k141_513936.region001.gbk_region_1	sample8_SemiBin_3.fa.gz_k141_513936.region001	region	1	1098	FAM_00264
sample3_SemiBin_79.fa.gz_k141_1467824.region001.gbk_region_1	sample3_SemiBin_79.fa.gz_k141_1467824.region001	region	1	1098	FAM_00264
sample15_SemiBin_149.fa.gz_k141_4950135.region001.gbk_region_1	sample15_SemiBin_149.fa.gz_k141_4950135.region001	region	1	1098	FAM_00265
sample1_SemiBin_22.fa.gz_k141_1346308.region001.gbk_region_1	sample1_SemiBin_22.fa.gz_k141_1346308.region001	region	1	1098	FAM_00265
sample6_SemiBin_44.fa.gz_k141_7221036.region001.gbk_region_1	sample6_SemiBin_44.fa.gz_k141_7221036.region001	region	1	1122	FAM_00266
sample6_SemiBin_12.fa.gz_k141_6654461.region001.gbk_region_1	sample6_SemiBin_12.fa.gz_k141_6654461.region001	region	1	1122	FAM_00266
sample6_SemiBin_18.fa.gz_k141_1108145.region001.gbk_region_1	sample6_SemiBin_18.fa.gz_k141_1108145.region001	region	1	1122	FAM_00266
sample17_SemiBin_111.fa.gz_k141_831458.region001.gbk_region_1	sample17_SemiBin_111.fa.gz_k141_831458.region001	region	1	1126	FAM_00267
snj04_SemiBin_44.fa.gz_k141_559887.region001.gbk_region_1	snj04_SemiBin_44.fa.gz_k141_559887.region001	region	1	1126	FAM_00267
cpsnj04_SemiBin_20.fa.gz_k141_1075319.region001.gbk_region_1	cpsnj04_SemiBin_20.fa.gz_k141_1075319.region001	region	1	1126	FAM_00267
cpsnj03_SemiBin_137.fa.gz_k141_1284744.region001.gbk_region_1	cpsnj03_SemiBin_137.fa.gz_k141_1284744.region001	region	1	1126	FAM_00267
sample28_SemiBin_82.fa.gz_k141_1383971.region001.gbk_region_1	sample28_SemiBin_82.fa.gz_k141_1383971.region001	region	1	1126	FAM_00267
cpsnj03_SemiBin_137.fa.gz_k141_1865130.region001.gbk_region_1	cpsnj03_SemiBin_137.fa.gz_k141_1865130.region001	region	1	1126	FAM_00267
sample17_SemiBin_111.fa.gz_k141_6242258.region001.gbk_region_1	sample17_SemiBin_111.fa.gz_k141_6242258.region001	region	1	1126	FAM_00267
sample18_SemiBin_86.fa.gz_k141_2954113.region001.gbk_region_1	sample18_SemiBin_86.fa.gz_k141_2954113.region001	region	1	1126	FAM_00267
cpsnj08_SemiBin_20.fa.gz_k141_1075319.region001.gbk_region_1	cpsnj08_SemiBin_20.fa.gz_k141_1075319.region001	region	1	1126	FAM_00267
cpsnj10_SemiBin_70.fa.gz_k141_984346.region001.gbk_region_1	cpsnj10_SemiBin_70.fa.gz_k141_984346.region001	region	1	1134	FAM_00268
sample24_SemiBin_21.fa.gz_k141_3853538.region001.gbk_region_1	sample24_SemiBin_21.fa.gz_k141_3853538.region001	region	1	1134	FAM_00268
sample15_SemiBin_115.fa.gz_k141_457561.region001.gbk_region_1	sample15_SemiBin_115.fa.gz_k141_457561.region001	region	1	1142	FAM_00269
sample7_SemiBin_52.fa.gz_k141_760148.region001.gbk_region_1	sample7_SemiBin_52.fa.gz_k141_760148.region001	region	1	1142	FAM_00269
cpsnj11_SemiBin_137.fa.gz_k141_12128.region001.gbk_region_1	cpsnj11_SemiBin_137.fa.gz_k141_12128.region001	region	1	1142	FAM_00269
snj11_SemiBin_90.fa.gz_k141_1144131.region001.gbk_region_1	snj11_SemiBin_90.fa.gz_k141_1144131.region001	region	1	1142	FAM_00269
sample13_SemiBin_122.fa.gz_k141_3232180.region001.gbk_region_1	sample13_SemiBin_122.fa.gz_k141_3232180.region001	region	1	1142	FAM_00269
sample18_SemiBin_241.fa.gz_k141_5478232.region001.gbk_region_1	sample18_SemiBin_241.fa.gz_k141_5478232.region001	region	1	1142	FAM_00269
sample23_SemiBin_14.fa.gz_k141_2665620.region001.gbk_region_1	sample23_SemiBin_14.fa.gz_k141_2665620.region001	region	1	1142	FAM_00269
sample8_SemiBin_51.fa.gz_k141_1916765.region001.gbk_region_1	sample8_SemiBin_51.fa.gz_k141_1916765.region001	region	1	1142	FAM_00269
sample27_SemiBin_43.fa.gz_k141_971866.region001.gbk_region_1	sample27_SemiBin_43.fa.gz_k141_971866.region001	region	1	1142	FAM_00269
sample4_SemiBin_124.fa.gz_k141_432528.region001.gbk_region_1	sample4_SemiBin_124.fa.gz_k141_432528.region001	region	1	1142	FAM_00269
snj09_SemiBin_50.fa.gz_k141_3460501.region001.gbk_region_1	snj09_SemiBin_50.fa.gz_k141_3460501.region001	region	1	1142	FAM_00269
sample30_SemiBin_36.fa.gz_k141_78362.region001.gbk_region_1	sample30_SemiBin_36.fa.gz_k141_78362.region001	region	1	1142	FAM_00269
sample3_SemiBin_60.fa.gz_k141_668422.region001.gbk_region_1	sample3_SemiBin_60.fa.gz_k141_668422.region001	region	1	1142	FAM_00269
sample10_SemiBin_83.fa.gz_k141_512412.region001.gbk_region_1	sample10_SemiBin_83.fa.gz_k141_512412.region001	region	1	1142	FAM_00269
sample21_SemiBin_38.fa.gz_k141_1711800.region001.gbk_region_1	sample21_SemiBin_38.fa.gz_k141_1711800.region001	region	1	1142	FAM_00269
sample25_SemiBin_14.fa.gz_k141_35841.region001.gbk_region_1	sample25_SemiBin_14.fa.gz_k141_35841.region001	region	1	1142	FAM_00269
sample26_SemiBin_51.fa.gz_k141_6206670.region001.gbk_region_1	sample26_SemiBin_51.fa.gz_k141_6206670.region001	region	1	1142	FAM_00269
sample12_SemiBin_46.fa.gz_k141_1643190.region001.gbk_region_1	sample12_SemiBin_46.fa.gz_k141_1643190.region001	region	1	1142	FAM_00269
sample28_SemiBin_11.fa.gz_k141_5563139.region001.gbk_region_1	sample28_SemiBin_11.fa.gz_k141_5563139.region001	region	1	1142	FAM_00269
sample20_SemiBin_172.fa.gz_k141_1071168.region001.gbk_region_1	sample20_SemiBin_172.fa.gz_k141_1071168.region001	region	1	1142	FAM_00269
sample14_SemiBin_29.fa.gz_k141_2478061.region001.gbk_region_1	sample14_SemiBin_29.fa.gz_k141_2478061.region001	region	1	1142	FAM_00269
sample17_SemiBin_25.fa.gz_k141_5223160.region001.gbk_region_1	sample17_SemiBin_25.fa.gz_k141_5223160.region001	region	1	1142	FAM_00269
sample6_SemiBin_106.fa.gz_k141_2119430.region001.gbk_region_1	sample6_SemiBin_106.fa.gz_k141_2119430.region001	region	1	1142	FAM_00269
sample6_SemiBin_106.fa.gz_k141_1813998.region001.gbk_region_1	sample6_SemiBin_106.fa.gz_k141_1813998.region001	region	1	1142	FAM_00269
sample9_SemiBin_109.fa.gz_k141_3477943.region001.gbk_region_1	sample9_SemiBin_109.fa.gz_k141_3477943.region001	region	1	1142	FAM_00269
sample11_SemiBin_23.fa.gz_k141_5189093.region001.gbk_region_1	sample11_SemiBin_23.fa.gz_k141_5189093.region001	region	1	1142	FAM_00269
sample24_SemiBin_87.fa.gz_k141_1213643.region001.gbk_region_1	sample24_SemiBin_87.fa.gz_k141_1213643.region001	region	1	1142	FAM_00269
sample2_SemiBin_98.fa.gz_k141_1263839.region001.gbk_region_1	sample2_SemiBin_98.fa.gz_k141_1263839.region001	region	1	1142	FAM_00269
sample5_SemiBin_80.fa.gz_k141_1663945.region001.gbk_region_1	sample5_SemiBin_80.fa.gz_k141_1663945.region001	region	1	1142	FAM_00269
snj11_SemiBin_90.fa.gz_k141_359763.region001.gbk_region_1	snj11_SemiBin_90.fa.gz_k141_359763.region001	region	1	1142	FAM_00269
sample16_SemiBin_50.fa.gz_k141_449099.region001.gbk_region_1	sample16_SemiBin_50.fa.gz_k141_449099.region001	region	1	1142	FAM_00269
sample1_SemiBin_37.fa.gz_k141_2325422.region001.gbk_region_1	sample1_SemiBin_37.fa.gz_k141_2325422.region001	region	1	1142	FAM_00269
sample22_SemiBin_90.fa.gz_k141_5609266.region001.gbk_region_1	sample22_SemiBin_90.fa.gz_k141_5609266.region001	region	1	1142	FAM_00269
snj02_SemiBin_29.fa.gz_k141_2046449.region001.gbk_region_1	snj02_SemiBin_29.fa.gz_k141_2046449.region001	region	1	1142	FAM_00269
cpsnj08_SemiBin_14.fa.gz_k141_2605530.region001.gbk_region_1	cpsnj08_SemiBin_14.fa.gz_k141_2605530.region001	region	1	1158	FAM_00270
cpsnj04_SemiBin_14.fa.gz_k141_2605530.region001.gbk_region_1	cpsnj04_SemiBin_14.fa.gz_k141_2605530.region001	region	1	1158	FAM_00270
sample3_SemiBin_17.fa.gz_k141_1645729.region001.gbk_region_1	sample3_SemiBin_17.fa.gz_k141_1645729.region001	region	1	1178	FAM_00271
sample4_SemiBin_59.fa.gz_k141_250012.region001.gbk_region_1	sample4_SemiBin_59.fa.gz_k141_250012.region001	region	1	1178	FAM_00271
sample17_SemiBin_55.fa.gz_k141_2281317.region001.gbk_region_1	sample17_SemiBin_55.fa.gz_k141_2281317.region001	region	1	1178	FAM_00271
sample18_SemiBin_22.fa.gz_k141_3209758.region001.gbk_region_1	sample18_SemiBin_22.fa.gz_k141_3209758.region001	region	1	1178	FAM_00271
sample10_SemiBin_3.fa.gz_k141_2132131.region001.gbk_region_1	sample10_SemiBin_3.fa.gz_k141_2132131.region001	region	1	1178	FAM_00271
sample26_SemiBin_7.fa.gz_k141_3297434.region001.gbk_region_1	sample26_SemiBin_7.fa.gz_k141_3297434.region001	region	1	1178	FAM_00271
sample18_SemiBin_127.fa.gz_k141_4402636.region001.gbk_region_1	sample18_SemiBin_127.fa.gz_k141_4402636.region001	region	1	1178	FAM_00271
sample5_SemiBin_100.fa.gz_k141_299175.region001.gbk_region_1	sample5_SemiBin_100.fa.gz_k141_299175.region001	region	1	1178	FAM_00272
sample18_SemiBin_99.fa.gz_k141_2636504.region001.gbk_region_1	sample18_SemiBin_99.fa.gz_k141_2636504.region001	region	1	1178	FAM_00272
sample27_SemiBin_25.fa.gz_k141_4846697.region001.gbk_region_1	sample27_SemiBin_25.fa.gz_k141_4846697.region001	region	1	1178	FAM_00272
sample5_SemiBin_100.fa.gz_k141_745613.region001.gbk_region_1	sample5_SemiBin_100.fa.gz_k141_745613.region001	region	1	1178	FAM_00272
snj02_SemiBin_17.fa.gz_k141_2036514.region001.gbk_region_1	snj02_SemiBin_17.fa.gz_k141_2036514.region001	region	1	1178	FAM_00272
sample8_SemiBin_81.fa.gz_k141_363701.region001.gbk_region_1	sample8_SemiBin_81.fa.gz_k141_363701.region001	region	1	1178	FAM_00273
sample18_SemiBin_193.fa.gz_k141_2647730.region001.gbk_region_1	sample18_SemiBin_193.fa.gz_k141_2647730.region001	region	1	1178	FAM_00273
sample6_SemiBin_95.fa.gz_k141_91999.region001.gbk_region_1	sample6_SemiBin_95.fa.gz_k141_91999.region001	region	1	1178	FAM_00273
snj19_SemiBin_166.fa.gz_k141_2367532.region001.gbk_region_1	snj19_SemiBin_166.fa.gz_k141_2367532.region001	region	1	1190	FAM_00274
cpsnj03_SemiBin_22.fa.gz_k141_2523813.region001.gbk_region_1	cpsnj03_SemiBin_22.fa.gz_k141_2523813.region001	region	1	1190	FAM_00274
sample15_SemiBin_241.fa.gz_k141_4616546.region001.gbk_region_1	sample15_SemiBin_241.fa.gz_k141_4616546.region001	region	1	1190	FAM_00274
cpsnj19_SemiBin_57.fa.gz_k141_529701.region001.gbk_region_1	cpsnj19_SemiBin_57.fa.gz_k141_529701.region001	region	1	1190	FAM_00274
snj13_SemiBin_16.fa.gz_k141_2284562.region001.gbk_region_1	snj13_SemiBin_16.fa.gz_k141_2284562.region001	region	1	1190	FAM_00274
sample9_SemiBin_34.fa.gz_k141_2066861.region001.gbk_region_1	sample9_SemiBin_34.fa.gz_k141_2066861.region001	region	1	1190	FAM_00274
snj08_SemiBin_65.fa.gz_k141_1429430.region001.gbk_region_1	snj08_SemiBin_65.fa.gz_k141_1429430.region001	region	1	1190	FAM_00274
snj03_SemiBin_173.fa.gz_k141_3017856.region001.gbk_region_1	snj03_SemiBin_173.fa.gz_k141_3017856.region001	region	1	1190	FAM_00274
cpsnj14_SemiBin_34.fa.gz_k141_1854277.region001.gbk_region_1	cpsnj14_SemiBin_34.fa.gz_k141_1854277.region001	region	1	1190	FAM_00274
cpsnj11_SemiBin_80.fa.gz_k141_3640824.region001.gbk_region_1	cpsnj11_SemiBin_80.fa.gz_k141_3640824.region001	region	1	1194	FAM_00275
cpsnj14_SemiBin_44.fa.gz_k141_957621.region001.gbk_region_1	cpsnj14_SemiBin_44.fa.gz_k141_957621.region001	region	1	1194	FAM_00275
snj14_SemiBin_52.fa.gz_k141_2803832.region001.gbk_region_1	snj14_SemiBin_52.fa.gz_k141_2803832.region001	region	1	1194	FAM_00275
snj16_SemiBin_23.fa.gz_k141_107419.region001.gbk_region_1	snj16_SemiBin_23.fa.gz_k141_107419.region001	region	1	1194	FAM_00275
sample17_SemiBin_7.fa.gz_k141_4886612.region001.gbk_region_1	sample17_SemiBin_7.fa.gz_k141_4886612.region001	region	1	1230	FAM_00276
sample13_SemiBin_86.fa.gz_k141_464863.region001.gbk_region_1	sample13_SemiBin_86.fa.gz_k141_464863.region001	region	1	1230	FAM_00276
sample18_SemiBin_77.fa.gz_k141_5825213.region001.gbk_region_1	sample18_SemiBin_77.fa.gz_k141_5825213.region001	region	1	1230	FAM_00276
sample3_SemiBin_24.fa.gz_k141_185859.region001.gbk_region_1	sample3_SemiBin_24.fa.gz_k141_185859.region001	region	1	1230	FAM_00276
sample10_SemiBin_16.fa.gz_k141_899811.region001.gbk_region_1	sample10_SemiBin_16.fa.gz_k141_899811.region001	region	1	1230	FAM_00276
sample8_SemiBin_27.fa.gz_k141_131306.region001.gbk_region_1	sample8_SemiBin_27.fa.gz_k141_131306.region001	region	1	1230	FAM_00276
sample7_SemiBin_53.fa.gz_k141_1579414.region001.gbk_region_1	sample7_SemiBin_53.fa.gz_k141_1579414.region001	region	1	1238	FAM_00277
sample2_SemiBin_21.fa.gz_k141_596899.region001.gbk_region_1	sample2_SemiBin_21.fa.gz_k141_596899.region001	region	1	1238	FAM_00277
sample22_SemiBin_170.fa.gz_k141_4124932.region001.gbk_region_1	sample22_SemiBin_170.fa.gz_k141_4124932.region001	region	1	1270	FAM_00278
sample6_SemiBin_203.fa.gz_k141_972930.region001.gbk_region_1	sample6_SemiBin_203.fa.gz_k141_972930.region001	region	1	1270	FAM_00278
sample15_SemiBin_16.fa.gz_k141_1913077.region001.gbk_region_1	sample15_SemiBin_16.fa.gz_k141_1913077.region001	region	1	1294	FAM_00279
sample22_SemiBin_45.fa.gz_k141_2450036.region001.gbk_region_1	sample22_SemiBin_45.fa.gz_k141_2450036.region001	region	1	1294	FAM_00279
sample13_SemiBin_86.fa.gz_k141_3873826.region001.gbk_region_1	sample13_SemiBin_86.fa.gz_k141_3873826.region001	region	1	1318	FAM_00280
sample4_SemiBin_20.fa.gz_k141_3097962.region001.gbk_region_1	sample4_SemiBin_20.fa.gz_k141_3097962.region001	region	1	1318	FAM_00280
sample17_SemiBin_7.fa.gz_k141_4551465.region001.gbk_region_1	sample17_SemiBin_7.fa.gz_k141_4551465.region001	region	1	1318	FAM_00280
cpsnj10_SemiBin_26.fa.gz_k141_2694932.region001.gbk_region_1	cpsnj10_SemiBin_26.fa.gz_k141_2694932.region001	region	1	1322	FAM_00281
sample2_SemiBin_53.fa.gz_k141_1851717.region001.gbk_region_1	sample2_SemiBin_53.fa.gz_k141_1851717.region001	region	1	1322	FAM_00281
cpsnj11_SemiBin_258.fa.gz_k141_171054.region001.gbk_region_1	cpsnj11_SemiBin_258.fa.gz_k141_171054.region001	region	1	1322	FAM_00281
snj14_SemiBin_45.fa.gz_k141_2833610.region001.gbk_region_1	snj14_SemiBin_45.fa.gz_k141_2833610.region001	region	1	1322	FAM_00281
cpsnj04_SemiBin_37.fa.gz_k141_226291.region001.gbk_region_1	cpsnj04_SemiBin_37.fa.gz_k141_226291.region001	region	1	1322	FAM_00281
cpsnj20_SemiBin_64.fa.gz_k141_925598.region001.gbk_region_1	cpsnj20_SemiBin_64.fa.gz_k141_925598.region001	region	1	1322	FAM_00281
cpsnj08_SemiBin_37.fa.gz_k141_226291.region001.gbk_region_1	cpsnj08_SemiBin_37.fa.gz_k141_226291.region001	region	1	1322	FAM_00281
snj20_SemiBin_32.fa.gz_k141_646889.region001.gbk_region_1	snj20_SemiBin_32.fa.gz_k141_646889.region001	region	1	1322	FAM_00281
sample29_SemiBin_82.fa.gz_k141_868834.region001.gbk_region_1	sample29_SemiBin_82.fa.gz_k141_868834.region001	region	1	1322	FAM_00281
cpsnj14_SemiBin_129.fa.gz_k141_3827649.region001.gbk_region_1	cpsnj14_SemiBin_129.fa.gz_k141_3827649.region001	region	1	1322	FAM_00281
snj15_SemiBin_0.fa.gz_k141_552286.region001.gbk_region_1	snj15_SemiBin_0.fa.gz_k141_552286.region001	region	1	1322	FAM_00281
sample23_SemiBin_33.fa.gz_k141_2485517.region001.gbk_region_1	sample23_SemiBin_33.fa.gz_k141_2485517.region001	region	1	1322	FAM_00282
sample21_SemiBin_67.fa.gz_k141_181040.region001.gbk_region_1	sample21_SemiBin_67.fa.gz_k141_181040.region001	region	1	1322	FAM_00282
sample1_SemiBin_36.fa.gz_k141_930613.region001.gbk_region_1	sample1_SemiBin_36.fa.gz_k141_930613.region001	region	1	1322	FAM_00282
sample12_SemiBin_51.fa.gz_k141_1992107.region001.gbk_region_1	sample12_SemiBin_51.fa.gz_k141_1992107.region001	region	1	1322	FAM_00282
sample7_SemiBin_141.fa.gz_k141_655257.region001.gbk_region_1	sample7_SemiBin_141.fa.gz_k141_655257.region001	region	1	1322	FAM_00282
sample16_SemiBin_78.fa.gz_k141_2869884.region001.gbk_region_1	sample16_SemiBin_78.fa.gz_k141_2869884.region001	region	1	1322	FAM_00282
sample23_SemiBin_19.fa.gz_k141_5075429.region001.gbk_region_1	sample23_SemiBin_19.fa.gz_k141_5075429.region001	region	1	1322	FAM_00282
sample13_SemiBin_14.fa.gz_k141_3043731.region001.gbk_region_1	sample13_SemiBin_14.fa.gz_k141_3043731.region001	region	1	1322	FAM_00282
cpsnj10_SemiBin_98.fa.gz_k141_2332379.region001.gbk_region_1	cpsnj10_SemiBin_98.fa.gz_k141_2332379.region001	region	1	1322	FAM_00282
sample24_SemiBin_41.fa.gz_k141_1495590.region001.gbk_region_1	sample24_SemiBin_41.fa.gz_k141_1495590.region001	region	1	1322	FAM_00282
sample25_SemiBin_26.fa.gz_k141_249451.region001.gbk_region_1	sample25_SemiBin_26.fa.gz_k141_249451.region001	region	1	1322	FAM_00282
sample20_SemiBin_53.fa.gz_k141_2588551.region001.gbk_region_1	sample20_SemiBin_53.fa.gz_k141_2588551.region001	region	1	1322	FAM_00282
sample22_SemiBin_12.fa.gz_k141_5567400.region001.gbk_region_1	sample22_SemiBin_12.fa.gz_k141_5567400.region001	region	1	1322	FAM_00282
sample11_SemiBin_31.fa.gz_k141_1246420.region001.gbk_region_1	sample11_SemiBin_31.fa.gz_k141_1246420.region001	region	1	1322	FAM_00282
sample2_SemiBin_13.fa.gz_k141_2277882.region001.gbk_region_1	sample2_SemiBin_13.fa.gz_k141_2277882.region001	region	1	1322	FAM_00282
sample30_SemiBin_34.fa.gz_k141_325078.region001.gbk_region_1	sample30_SemiBin_34.fa.gz_k141_325078.region001	region	1	1322	FAM_00282
sample10_SemiBin_132.fa.gz_k141_3653589.region001.gbk_region_1	sample10_SemiBin_132.fa.gz_k141_3653589.region001	region	1	1322	FAM_00282
sample15_SemiBin_71.fa.gz_k141_4485027.region001.gbk_region_1	sample15_SemiBin_71.fa.gz_k141_4485027.region001	region	1	1322	FAM_00282
sample27_SemiBin_27.fa.gz_k141_4002713.region001.gbk_region_1	sample27_SemiBin_27.fa.gz_k141_4002713.region001	region	1	1322	FAM_00282
cpsnj04_SemiBin_14.fa.gz_k141_2202090.region001.gbk_region_1	cpsnj04_SemiBin_14.fa.gz_k141_2202090.region001	region	1	1338	FAM_00283
cpsnj08_SemiBin_14.fa.gz_k141_2202090.region001.gbk_region_1	cpsnj08_SemiBin_14.fa.gz_k141_2202090.region001	region	1	1338	FAM_00283
cpsnj20_SemiBin_20.fa.gz_k141_1070099.region001.gbk_region_1	cpsnj20_SemiBin_20.fa.gz_k141_1070099.region001	region	1	1350	FAM_00284
snj03_SemiBin_15.fa.gz_k141_90921.region001.gbk_region_1	snj03_SemiBin_15.fa.gz_k141_90921.region001	region	1	1350	FAM_00284
cpsnj19_SemiBin_60.fa.gz_k141_1905621.region001.gbk_region_1	cpsnj19_SemiBin_60.fa.gz_k141_1905621.region001	region	1	1350	FAM_00284
snj20_SemiBin_84.fa.gz_k141_2734250.region001.gbk_region_1	snj20_SemiBin_84.fa.gz_k141_2734250.region001	region	1	1362	FAM_00285
snj11_SemiBin_63.fa.gz_k141_499763.region001.gbk_region_1	snj11_SemiBin_63.fa.gz_k141_499763.region001	region	1	1362	FAM_00285
sample7_SemiBin_41.fa.gz_k141_1980678.region001.gbk_region_1	sample7_SemiBin_41.fa.gz_k141_1980678.region001	region	1	1370	FAM_00286
sample15_SemiBin_80.fa.gz_k141_1117512.region001.gbk_region_1	sample15_SemiBin_80.fa.gz_k141_1117512.region001	region	1	1370	FAM_00286
sample2_SemiBin_4.fa.gz_k141_121331.region001.gbk_region_1	sample2_SemiBin_4.fa.gz_k141_121331.region001	region	1	1370	FAM_00286
sample10_SemiBin_57.fa.gz_k141_5328276.region001.gbk_region_1	sample10_SemiBin_57.fa.gz_k141_5328276.region001	region	1	1390	FAM_00287
sample26_SemiBin_1.fa.gz_k141_6221720.region001.gbk_region_1	sample26_SemiBin_1.fa.gz_k141_6221720.region001	region	1	1390	FAM_00287
cpsnj04_SemiBin_14.fa.gz_k141_378092.region001.gbk_region_1	cpsnj04_SemiBin_14.fa.gz_k141_378092.region001	region	1	1398	FAM_00288
cpsnj08_SemiBin_14.fa.gz_k141_378092.region001.gbk_region_1	cpsnj08_SemiBin_14.fa.gz_k141_378092.region001	region	1	1398	FAM_00288
cpsnj10_SemiBin_70.fa.gz_k141_4541946.region001.gbk_region_1	cpsnj10_SemiBin_70.fa.gz_k141_4541946.region001	region	1	1434	FAM_00289
cpsnj11_SemiBin_8.fa.gz_k141_3915391.region001.gbk_region_1	cpsnj11_SemiBin_8.fa.gz_k141_3915391.region001	region	1	1434	FAM_00289
sample10_SemiBin_124.fa.gz_k141_4193388.region001.gbk_region_1	sample10_SemiBin_124.fa.gz_k141_4193388.region001	region	1	1470	FAM_00290
sample26_SemiBin_44.fa.gz_k141_4195374.region001.gbk_region_1	sample26_SemiBin_44.fa.gz_k141_4195374.region001	region	1	1470	FAM_00290
sample1_SemiBin_60.fa.gz_k141_1947345.region001.gbk_region_1	sample1_SemiBin_60.fa.gz_k141_1947345.region001	region	1	1470	FAM_00291
sample18_SemiBin_201.fa.gz_k141_3661215.region001.gbk_region_1	sample18_SemiBin_201.fa.gz_k141_3661215.region001	region	1	1470	FAM_00291
sample15_SemiBin_36.fa.gz_k141_4094111.region001.gbk_region_1	sample15_SemiBin_36.fa.gz_k141_4094111.region001	region	1	1470	FAM_00291
sample22_SemiBin_49.fa.gz_k141_1388074.region001.gbk_region_1	sample22_SemiBin_49.fa.gz_k141_1388074.region001	region	1	1470	FAM_00291
sample16_SemiBin_8.fa.gz_k141_2454903.region001.gbk_region_1	sample16_SemiBin_8.fa.gz_k141_2454903.region001	region	1	1470	FAM_00291
sample28_SemiBin_32.fa.gz_k141_3107801.region001.gbk_region_1	sample28_SemiBin_32.fa.gz_k141_3107801.region001	region	1	1470	FAM_00291
snj13_SemiBin_7.fa.gz_k141_1426644.region001.gbk_region_1	snj13_SemiBin_7.fa.gz_k141_1426644.region001	region	1	1486	FAM_00292
cpsnj11_SemiBin_84.fa.gz_k141_3487419.region001.gbk_region_1	cpsnj11_SemiBin_84.fa.gz_k141_3487419.region001	region	1	1486	FAM_00292
snj16_SemiBin_23.fa.gz_k141_2171395.region001.gbk_region_1	snj16_SemiBin_23.fa.gz_k141_2171395.region001	region	1	1506	FAM_00293
snj14_SemiBin_52.fa.gz_k141_1652561.region001.gbk_region_1	snj14_SemiBin_52.fa.gz_k141_1652561.region001	region	1	1506	FAM_00293
snj08_SemiBin_25.fa.gz_k141_2509597.region001.gbk_region_1	snj08_SemiBin_25.fa.gz_k141_2509597.region001	region	1	1506	FAM_00293
cpsnj11_SemiBin_80.fa.gz_k141_73887.region001.gbk_region_1	cpsnj11_SemiBin_80.fa.gz_k141_73887.region001	region	1	1506	FAM_00293
snj19_SemiBin_32.fa.gz_k141_408498.region001.gbk_region_1	snj19_SemiBin_32.fa.gz_k141_408498.region001	region	1	1506	FAM_00293
sample7_SemiBin_28.fa.gz_k141_5116803.region001.gbk_region_1	sample7_SemiBin_28.fa.gz_k141_5116803.region001	region	1	1506	FAM_00293
cpsnj14_SemiBin_44.fa.gz_k141_2584959.region001.gbk_region_1	cpsnj14_SemiBin_44.fa.gz_k141_2584959.region001	region	1	1506	FAM_00293
cpsnj04_SemiBin_29.fa.gz_k141_229034.region001.gbk_region_1	cpsnj04_SemiBin_29.fa.gz_k141_229034.region001	region	1	1506	FAM_00293
sample5_SemiBin_21.fa.gz_k141_1564824.region001.gbk_region_1	sample5_SemiBin_21.fa.gz_k141_1564824.region001	region	1	1506	FAM_00293
cpsnj08_SemiBin_29.fa.gz_k141_229034.region001.gbk_region_1	cpsnj08_SemiBin_29.fa.gz_k141_229034.region001	region	1	1506	FAM_00293
sample18_SemiBin_317.fa.gz_k141_1652294.region001.gbk_region_1	sample18_SemiBin_317.fa.gz_k141_1652294.region001	region	1	1510	FAM_00294
sample18_SemiBin_37.fa.gz_k141_1709946.region001.gbk_region_1	sample18_SemiBin_37.fa.gz_k141_1709946.region001	region	1	1510	FAM_00294
sample17_SemiBin_44.fa.gz_k141_5755406.region001.gbk_region_1	sample17_SemiBin_44.fa.gz_k141_5755406.region001	region	1	1510	FAM_00294
sample29_SemiBin_14.fa.gz_k141_2794864.region001.gbk_region_1	sample29_SemiBin_14.fa.gz_k141_2794864.region001	region	1	1522	FAM_00295
sample6_SemiBin_60.fa.gz_k141_3890338.region002.gbk_region_2	sample6_SemiBin_60.fa.gz_k141_3890338.region002	region	2	1522	FAM_00295
sample5_SemiBin_89.fa.gz_k141_841203.region001.gbk_region_1	sample5_SemiBin_89.fa.gz_k141_841203.region001	region	1	1522	FAM_00295
sample22_SemiBin_4.fa.gz_k141_4421027.region001.gbk_region_1	sample22_SemiBin_4.fa.gz_k141_4421027.region001	region	1	1522	FAM_00295
sample14_SemiBin_9.fa.gz_k141_4807852.region001.gbk_region_1	sample14_SemiBin_9.fa.gz_k141_4807852.region001	region	1	1522	FAM_00296
sample14_SemiBin_9.fa.gz_k141_3558794.region001.gbk_region_1	sample14_SemiBin_9.fa.gz_k141_3558794.region001	region	1	1522	FAM_00296
snj13_SemiBin_33.fa.gz_k141_1174801.region001.gbk_region_1	snj13_SemiBin_33.fa.gz_k141_1174801.region001	region	1	1549	FAM_00297
cpsnj11_SemiBin_38.fa.gz_k141_3749620.region001.gbk_region_1	cpsnj11_SemiBin_38.fa.gz_k141_3749620.region001	region	1	1549	FAM_00297
sample4_SemiBin_1.fa.gz_k141_1751220.region001.gbk_region_1	sample4_SemiBin_1.fa.gz_k141_1751220.region001	region	1	1549	FAM_00297
snj08_SemiBin_31.fa.gz_k141_2114374.region001.gbk_region_1	snj08_SemiBin_31.fa.gz_k141_2114374.region001	region	1	1549	FAM_00297
snj11_SemiBin_32.fa.gz_k141_1338097.region001.gbk_region_1	snj11_SemiBin_32.fa.gz_k141_1338097.region001	region	1	1549	FAM_00297
snj03_SemiBin_107.fa.gz_k141_907266.region001.gbk_region_1	snj03_SemiBin_107.fa.gz_k141_907266.region001	region	1	1549	FAM_00297
cpsnj16_SemiBin_17.fa.gz_k141_2769608.region001.gbk_region_1	cpsnj16_SemiBin_17.fa.gz_k141_2769608.region001	region	1	1549	FAM_00297
cpsnj03_SemiBin_77.fa.gz_k141_2442437.region001.gbk_region_1	cpsnj03_SemiBin_77.fa.gz_k141_2442437.region001	region	1	1549	FAM_00297
snj16_SemiBin_65.fa.gz_k141_2725607.region001.gbk_region_1	snj16_SemiBin_65.fa.gz_k141_2725607.region001	region	1	1549	FAM_00297
snj15_SemiBin_13.fa.gz_k141_417007.region001.gbk_region_1	snj15_SemiBin_13.fa.gz_k141_417007.region001	region	1	1549	FAM_00297
sample22_SemiBin_106.fa.gz_k141_5411615.region001.gbk_region_1	sample22_SemiBin_106.fa.gz_k141_5411615.region001	region	1	1549	FAM_00297
sample15_SemiBin_82.fa.gz_k141_5161964.region001.gbk_region_1	sample15_SemiBin_82.fa.gz_k141_5161964.region001	region	1	1549	FAM_00297
sample8_SemiBin_3.fa.gz_k141_1503310.region001.gbk_region_1	sample8_SemiBin_3.fa.gz_k141_1503310.region001	region	1	1549	FAM_00297
snj14_SemiBin_45.fa.gz_k141_2922311.region001.gbk_region_1	snj14_SemiBin_45.fa.gz_k141_2922311.region001	region	1	1553	FAM_00298
cpsnj14_SemiBin_44.fa.gz_k141_3114512.region001.gbk_region_1	cpsnj14_SemiBin_44.fa.gz_k141_3114512.region001	region	1	1553	FAM_00298
snj01_SemiBin_55.fa.gz_k141_2172089.region001.gbk_region_1	snj01_SemiBin_55.fa.gz_k141_2172089.region001	region	1	1557	FAM_00299
cpsnj04_SemiBin_14.fa.gz_k141_982758.region001.gbk_region_1	cpsnj04_SemiBin_14.fa.gz_k141_982758.region001	region	1	1557	FAM_00299
cpsnj08_SemiBin_14.fa.gz_k141_982758.region001.gbk_region_1	cpsnj08_SemiBin_14.fa.gz_k141_982758.region001	region	1	1557	FAM_00299
sample25_SemiBin_26.fa.gz_k141_375852.region001.gbk_region_1	sample25_SemiBin_26.fa.gz_k141_375852.region001	region	1	1601	FAM_00300
sample15_SemiBin_71.fa.gz_k141_4664919.region001.gbk_region_1	sample15_SemiBin_71.fa.gz_k141_4664919.region001	region	1	1601	FAM_00300
sample1_SemiBin_36.fa.gz_k141_669416.region001.gbk_region_1	sample1_SemiBin_36.fa.gz_k141_669416.region001	region	1	1601	FAM_00300
sample30_SemiBin_34.fa.gz_k141_3386596.region001.gbk_region_1	sample30_SemiBin_34.fa.gz_k141_3386596.region001	region	1	1601	FAM_00300
sample2_SemiBin_13.fa.gz_k141_729498.region001.gbk_region_1	sample2_SemiBin_13.fa.gz_k141_729498.region001	region	1	1601	FAM_00300
sample13_SemiBin_14.fa.gz_k141_3498068.region001.gbk_region_1	sample13_SemiBin_14.fa.gz_k141_3498068.region001	region	1	1601	FAM_00301
sample12_SemiBin_51.fa.gz_k141_1169707.region001.gbk_region_1	sample12_SemiBin_51.fa.gz_k141_1169707.region001	region	1	1601	FAM_00301
sample20_SemiBin_53.fa.gz_k141_3989151.region001.gbk_region_1	sample20_SemiBin_53.fa.gz_k141_3989151.region001	region	1	1601	FAM_00301
cpsnj10_SemiBin_26.fa.gz_k141_4064570.region001.gbk_region_1	cpsnj10_SemiBin_26.fa.gz_k141_4064570.region001	region	1	1601	FAM_00301
cpsnj11_SemiBin_258.fa.gz_k141_777196.region001.gbk_region_1	cpsnj11_SemiBin_258.fa.gz_k141_777196.region001	region	1	1601	FAM_00301
sample29_SemiBin_82.fa.gz_k141_4812747.region001.gbk_region_1	sample29_SemiBin_82.fa.gz_k141_4812747.region001	region	1	1601	FAM_00301
sample24_SemiBin_41.fa.gz_k141_1209528.region001.gbk_region_1	sample24_SemiBin_41.fa.gz_k141_1209528.region001	region	1	1601	FAM_00301
snj20_SemiBin_32.fa.gz_k141_1388392.region001.gbk_region_1	snj20_SemiBin_32.fa.gz_k141_1388392.region001	region	1	1601	FAM_00301
sample7_SemiBin_141.fa.gz_k141_2636959.region001.gbk_region_1	sample7_SemiBin_141.fa.gz_k141_2636959.region001	region	1	1601	FAM_00301
cpsnj20_SemiBin_64.fa.gz_k141_1437536.region001.gbk_region_1	cpsnj20_SemiBin_64.fa.gz_k141_1437536.region001	region	1	1601	FAM_00301
sample21_SemiBin_67.fa.gz_k141_3762037.region001.gbk_region_1	sample21_SemiBin_67.fa.gz_k141_3762037.region001	region	1	1601	FAM_00301
sample10_SemiBin_97.fa.gz_k141_2750293.region001.gbk_region_1	sample10_SemiBin_97.fa.gz_k141_2750293.region001	region	1	1605	FAM_00302
sample18_SemiBin_113.fa.gz_k141_4404917.region001.gbk_region_1	sample18_SemiBin_113.fa.gz_k141_4404917.region001	region	1	1605	FAM_00302
cpsnj16_SemiBin_62.fa.gz_k141_46558.region001.gbk_region_1	cpsnj16_SemiBin_62.fa.gz_k141_46558.region001	region	1	1609	FAM_00303
snj02_SemiBin_4.fa.gz_k141_1298076.region001.gbk_region_1	snj02_SemiBin_4.fa.gz_k141_1298076.region001	region	1	1609	FAM_00303
sample7_SemiBin_80.fa.gz_k141_575928.region001.gbk_region_1	sample7_SemiBin_80.fa.gz_k141_575928.region001	region	1	1609	FAM_00303
sample19_SemiBin_51.fa.gz_k141_5253411.region001.gbk_region_1	sample19_SemiBin_51.fa.gz_k141_5253411.region001	region	1	1609	FAM_00303
cpsnj04_SemiBin_15.fa.gz_k141_1510479.region001.gbk_region_1	cpsnj04_SemiBin_15.fa.gz_k141_1510479.region001	region	1	1609	FAM_00303
snj01_SemiBin_47.fa.gz_k141_1084960.region001.gbk_region_1	snj01_SemiBin_47.fa.gz_k141_1084960.region001	region	1	1609	FAM_00303
cpsnj08_SemiBin_15.fa.gz_k141_1510479.region001.gbk_region_1	cpsnj08_SemiBin_15.fa.gz_k141_1510479.region001	region	1	1609	FAM_00303
snj16_SemiBin_58.fa.gz_k141_937657.region001.gbk_region_1	snj16_SemiBin_58.fa.gz_k141_937657.region001	region	1	1609	FAM_00303
snj15_SemiBin_18.fa.gz_k141_2536731.region001.gbk_region_1	snj15_SemiBin_18.fa.gz_k141_2536731.region001	region	1	1609	FAM_00303
snj11_SemiBin_90.fa.gz_k141_1450035.region001.gbk_region_1	snj11_SemiBin_90.fa.gz_k141_1450035.region001	region	1	1629	FAM_00304
sample10_SemiBin_83.fa.gz_k141_1472217.region001.gbk_region_1	sample10_SemiBin_83.fa.gz_k141_1472217.region001	region	1	1629	FAM_00304
sample8_SemiBin_51.fa.gz_k141_1961130.region001.gbk_region_1	sample8_SemiBin_51.fa.gz_k141_1961130.region001	region	1	1629	FAM_00304
sample13_SemiBin_122.fa.gz_k141_4100260.region001.gbk_region_1	sample13_SemiBin_122.fa.gz_k141_4100260.region001	region	1	1629	FAM_00304
sample12_SemiBin_46.fa.gz_k141_1158140.region001.gbk_region_1	sample12_SemiBin_46.fa.gz_k141_1158140.region001	region	1	1629	FAM_00304
sample23_SemiBin_14.fa.gz_k141_5017498.region001.gbk_region_1	sample23_SemiBin_14.fa.gz_k141_5017498.region001	region	1	1629	FAM_00304
sample25_SemiBin_14.fa.gz_k141_346735.region001.gbk_region_1	sample25_SemiBin_14.fa.gz_k141_346735.region001	region	1	1629	FAM_00304
sample28_SemiBin_11.fa.gz_k141_3668721.region001.gbk_region_1	sample28_SemiBin_11.fa.gz_k141_3668721.region001	region	1	1629	FAM_00304
snj02_SemiBin_29.fa.gz_k141_1467416.region001.gbk_region_1	snj02_SemiBin_29.fa.gz_k141_1467416.region001	region	1	1629	FAM_00304
sample22_SemiBin_90.fa.gz_k141_3495396.region001.gbk_region_1	sample22_SemiBin_90.fa.gz_k141_3495396.region001	region	1	1629	FAM_00304
sample2_SemiBin_98.fa.gz_k141_2850571.region001.gbk_region_1	sample2_SemiBin_98.fa.gz_k141_2850571.region001	region	1	1629	FAM_00304
sample6_SemiBin_106.fa.gz_k141_2058343.region001.gbk_region_1	sample6_SemiBin_106.fa.gz_k141_2058343.region001	region	1	1629	FAM_00304
sample14_SemiBin_29.fa.gz_k141_1618959.region001.gbk_region_1	sample14_SemiBin_29.fa.gz_k141_1618959.region001	region	1	1629	FAM_00304
cpsnj11_SemiBin_137.fa.gz_k141_1903475.region001.gbk_region_1	cpsnj11_SemiBin_137.fa.gz_k141_1903475.region001	region	1	1629	FAM_00304
sample17_SemiBin_25.fa.gz_k141_2652332.region001.gbk_region_1	sample17_SemiBin_25.fa.gz_k141_2652332.region001	region	1	1629	FAM_00304
sample7_SemiBin_52.fa.gz_k141_3940091.region001.gbk_region_1	sample7_SemiBin_52.fa.gz_k141_3940091.region001	region	1	1629	FAM_00304
snj09_SemiBin_50.fa.gz_k141_619098.region001.gbk_region_1	snj09_SemiBin_50.fa.gz_k141_619098.region001	region	1	1629	FAM_00304
sample26_SemiBin_51.fa.gz_k141_91130.region001.gbk_region_1	sample26_SemiBin_51.fa.gz_k141_91130.region001	region	1	1629	FAM_00305
sample24_SemiBin_72.fa.gz_k141_1691551.region001.gbk_region_1	sample24_SemiBin_72.fa.gz_k141_1691551.region001	region	1	1629	FAM_00305
sample16_SemiBin_50.fa.gz_k141_2401718.region001.gbk_region_1	sample16_SemiBin_50.fa.gz_k141_2401718.region001	region	1	1629	FAM_00305
sample27_SemiBin_43.fa.gz_k141_867883.region001.gbk_region_1	sample27_SemiBin_43.fa.gz_k141_867883.region001	region	1	1629	FAM_00305
sample11_SemiBin_23.fa.gz_k141_4738019.region001.gbk_region_1	sample11_SemiBin_23.fa.gz_k141_4738019.region001	region	1	1629	FAM_00305
sample3_SemiBin_60.fa.gz_k141_2161993.region001.gbk_region_1	sample3_SemiBin_60.fa.gz_k141_2161993.region001	region	1	1629	FAM_00305
sample4_SemiBin_124.fa.gz_k141_2652271.region001.gbk_region_1	sample4_SemiBin_124.fa.gz_k141_2652271.region001	region	1	1629	FAM_00305
sample9_SemiBin_109.fa.gz_k141_5756143.region001.gbk_region_1	sample9_SemiBin_109.fa.gz_k141_5756143.region001	region	1	1629	FAM_00305
sample5_SemiBin_80.fa.gz_k141_2916695.region001.gbk_region_1	sample5_SemiBin_80.fa.gz_k141_2916695.region001	region	1	1629	FAM_00305
sample20_SemiBin_172.fa.gz_k141_4009099.region001.gbk_region_1	sample20_SemiBin_172.fa.gz_k141_4009099.region001	region	1	1629	FAM_00305
sample24_SemiBin_87.fa.gz_k141_3807091.region001.gbk_region_1	sample24_SemiBin_87.fa.gz_k141_3807091.region001	region	1	1629	FAM_00305
sample1_SemiBin_37.fa.gz_k141_3233263.region001.gbk_region_1	sample1_SemiBin_37.fa.gz_k141_3233263.region001	region	1	1629	FAM_00305
sample15_SemiBin_115.fa.gz_k141_1390071.region001.gbk_region_1	sample15_SemiBin_115.fa.gz_k141_1390071.region001	region	1	1629	FAM_00305
sample13_SemiBin_109.fa.gz_k141_3182431.region001.gbk_region_1	sample13_SemiBin_109.fa.gz_k141_3182431.region001	region	1	1629	FAM_00306
sample12_SemiBin_47.fa.gz_k141_1172674.region001.gbk_region_1	sample12_SemiBin_47.fa.gz_k141_1172674.region001	region	1	1629	FAM_00306
snj04_SemiBin_21.fa.gz_k141_887926.region001.gbk_region_1	snj04_SemiBin_21.fa.gz_k141_887926.region001	region	1	1653	FAM_00307
cpsnj03_SemiBin_38.fa.gz_k141_1255057.region001.gbk_region_1	cpsnj03_SemiBin_38.fa.gz_k141_1255057.region001	region	1	1653	FAM_00307
cpsnj19_SemiBin_28.fa.gz_k141_2100907.region001.gbk_region_1	cpsnj19_SemiBin_28.fa.gz_k141_2100907.region001	region	1	1653	FAM_00307
snj19_SemiBin_60.fa.gz_k141_2609118.region001.gbk_region_1	snj19_SemiBin_60.fa.gz_k141_2609118.region001	region	1	1653	FAM_00307
sample26_SemiBin_1.fa.gz_k141_1053086.region001.gbk_region_1	sample26_SemiBin_1.fa.gz_k141_1053086.region001	region	1	1694	FAM_00308
snj13_SemiBin_5.fa.gz_k141_2395344.region001.gbk_region_1	snj13_SemiBin_5.fa.gz_k141_2395344.region001	region	1	1694	FAM_00308
sample11_SemiBin_4.fa.gz_k141_674878.region001.gbk_region_1	sample11_SemiBin_4.fa.gz_k141_674878.region001	region	1	1694	FAM_00308
sample10_SemiBin_57.fa.gz_k141_2225966.region001.gbk_region_1	sample10_SemiBin_57.fa.gz_k141_2225966.region001	region	1	1694	FAM_00308
snj09_SemiBin_65.fa.gz_k141_2400099.region001.gbk_region_1	snj09_SemiBin_65.fa.gz_k141_2400099.region001	region	1	1698	FAM_00309
snj11_SemiBin_80.fa.gz_k141_2310319.region001.gbk_region_1	snj11_SemiBin_80.fa.gz_k141_2310319.region001	region	1	1698	FAM_00309
cpsnj10_SemiBin_93.fa.gz_k141_269305.region001.gbk_region_1	cpsnj10_SemiBin_93.fa.gz_k141_269305.region001	region	1	1698	FAM_00309
cpsnj09_SemiBin_13.fa.gz_k141_1269114.region001.gbk_region_1	cpsnj09_SemiBin_13.fa.gz_k141_1269114.region001	region	1	1698	FAM_00309
cpsnj13_SemiBin_142.fa.gz_k141_1755799.region001.gbk_region_1	cpsnj13_SemiBin_142.fa.gz_k141_1755799.region001	region	1	1698	FAM_00309
sample28_SemiBin_63.fa.gz_k141_5495433.region001.gbk_region_1	sample28_SemiBin_63.fa.gz_k141_5495433.region001	region	1	1698	FAM_00309
cpsnj11_SemiBin_38.fa.gz_k141_1589913.region001.gbk_region_1	cpsnj11_SemiBin_38.fa.gz_k141_1589913.region001	region	1	1702	FAM_00310
sample15_SemiBin_82.fa.gz_k141_1398184.region001.gbk_region_1	sample15_SemiBin_82.fa.gz_k141_1398184.region001	region	1	1702	FAM_00310
snj08_SemiBin_31.fa.gz_k141_1914613.region001.gbk_region_1	snj08_SemiBin_31.fa.gz_k141_1914613.region001	region	1	1702	FAM_00310
sample1_SemiBin_52.fa.gz_k141_2921716.region001.gbk_region_1	sample1_SemiBin_52.fa.gz_k141_2921716.region001	region	1	1702	FAM_00310
sample29_SemiBin_75.fa.gz_k141_5792290.region001.gbk_region_1	sample29_SemiBin_75.fa.gz_k141_5792290.region001	region	1	1714	FAM_00311
sample29_SemiBin_141.fa.gz_k141_1572659.region001.gbk_region_1	sample29_SemiBin_141.fa.gz_k141_1572659.region001	region	1	1714	FAM_00311
cpsnj16_SemiBin_19.fa.gz_k141_958753.region001.gbk_region_1	cpsnj16_SemiBin_19.fa.gz_k141_958753.region001	region	1	1750	FAM_00312
snj16_SemiBin_61.fa.gz_k141_993113.region001.gbk_region_1	snj16_SemiBin_61.fa.gz_k141_993113.region001	region	1	1750	FAM_00312
sample28_SemiBin_80.fa.gz_k141_1607746.region001.gbk_region_1	sample28_SemiBin_80.fa.gz_k141_1607746.region001	region	1	1754	FAM_00313
sample2_SemiBin_21.fa.gz_k141_223579.region001.gbk_region_1	sample2_SemiBin_21.fa.gz_k141_223579.region001	region	1	1754	FAM_00313
sample27_SemiBin_29.fa.gz_k141_2793677.region001.gbk_region_1	sample27_SemiBin_29.fa.gz_k141_2793677.region001	region	1	1754	FAM_00313
sample16_SemiBin_27.fa.gz_k141_1945870.region001.gbk_region_1	sample16_SemiBin_27.fa.gz_k141_1945870.region001	region	1	1754	FAM_00313
sample7_SemiBin_75.fa.gz_k141_5071337.region001.gbk_region_1	sample7_SemiBin_75.fa.gz_k141_5071337.region001	region	1	1754	FAM_00313
snj16_SemiBin_23.fa.gz_k141_3513578.region001.gbk_region_1	snj16_SemiBin_23.fa.gz_k141_3513578.region001	region	1	1758	FAM_00314
cpsnj11_SemiBin_80.fa.gz_k141_2410317.region001.gbk_region_1	cpsnj11_SemiBin_80.fa.gz_k141_2410317.region001	region	1	1758	FAM_00314
snj14_SemiBin_52.fa.gz_k141_2187273.region001.gbk_region_1	snj14_SemiBin_52.fa.gz_k141_2187273.region001	region	1	1758	FAM_00314
cpsnj14_SemiBin_44.fa.gz_k141_2352487.region001.gbk_region_1	cpsnj14_SemiBin_44.fa.gz_k141_2352487.region001	region	1	1758	FAM_00314
cpsnj04_SemiBin_15.fa.gz_k141_1328553.region001.gbk_region_1	cpsnj04_SemiBin_15.fa.gz_k141_1328553.region001	region	1	1778	FAM_00315
cpsnj08_SemiBin_15.fa.gz_k141_1328553.region001.gbk_region_1	cpsnj08_SemiBin_15.fa.gz_k141_1328553.region001	region	1	1778	FAM_00315
sample15_SemiBin_76.fa.gz_k141_4688729.region001.gbk_region_1	sample15_SemiBin_76.fa.gz_k141_4688729.region001	region	1	1818	FAM_00316
sample22_SemiBin_49.fa.gz_k141_1609697.region001.gbk_region_1	sample22_SemiBin_49.fa.gz_k141_1609697.region001	region	1	1818	FAM_00316
sample26_SemiBin_44.fa.gz_k141_2503456.region001.gbk_region_1	sample26_SemiBin_44.fa.gz_k141_2503456.region001	region	1	1818	FAM_00316
sample18_SemiBin_55.fa.gz_k141_1313665.region001.gbk_region_1	sample18_SemiBin_55.fa.gz_k141_1313665.region001	region	1	1818	FAM_00316
sample10_SemiBin_27.fa.gz_k141_5233484.region001.gbk_region_1	sample10_SemiBin_27.fa.gz_k141_5233484.region001	region	1	1818	FAM_00316
sample1_SemiBin_60.fa.gz_k141_1924419.region001.gbk_region_1	sample1_SemiBin_60.fa.gz_k141_1924419.region001	region	1	1818	FAM_00316
sample16_SemiBin_8.fa.gz_k141_1305237.region001.gbk_region_1	sample16_SemiBin_8.fa.gz_k141_1305237.region001	region	1	1818	FAM_00316
sample19_SemiBin_193.fa.gz_k141_4962185.region001.gbk_region_1	sample19_SemiBin_193.fa.gz_k141_4962185.region001	region	1	1834	FAM_00317
sample17_SemiBin_134.fa.gz_k141_2949516.region001.gbk_region_1	sample17_SemiBin_134.fa.gz_k141_2949516.region001	region	1	1834	FAM_00317
snj16_SemiBin_58.fa.gz_k141_110794.region001.gbk_region_1	snj16_SemiBin_58.fa.gz_k141_110794.region001	region	1	1874	FAM_00318
cpsnj08_SemiBin_15.fa.gz_k141_1921273.region001.gbk_region_1	cpsnj08_SemiBin_15.fa.gz_k141_1921273.region001	region	1	1874	FAM_00318
cpsnj16_SemiBin_62.fa.gz_k141_91495.region001.gbk_region_1	cpsnj16_SemiBin_62.fa.gz_k141_91495.region001	region	1	1874	FAM_00318
cpsnj04_SemiBin_15.fa.gz_k141_1921273.region001.gbk_region_1	cpsnj04_SemiBin_15.fa.gz_k141_1921273.region001	region	1	1874	FAM_00318
snj16_SemiBin_23.fa.gz_k141_8604.region001.gbk_region_1	snj16_SemiBin_23.fa.gz_k141_8604.region001	region	1	1898	FAM_00319
cpsnj14_SemiBin_44.fa.gz_k141_2509826.region001.gbk_region_1	cpsnj14_SemiBin_44.fa.gz_k141_2509826.region001	region	1	1898	FAM_00319
snj14_SemiBin_52.fa.gz_k141_2528023.region001.gbk_region_1	snj14_SemiBin_52.fa.gz_k141_2528023.region001	region	1	1898	FAM_00319
snj14_SemiBin_52.fa.gz_k141_2234689.region001.gbk_region_1	snj14_SemiBin_52.fa.gz_k141_2234689.region001	region	1	1898	FAM_00320
cpsnj14_SemiBin_44.fa.gz_k141_722113.region001.gbk_region_1	cpsnj14_SemiBin_44.fa.gz_k141_722113.region001	region	1	1898	FAM_00320
cpsnj14_SemiBin_34.fa.gz_k141_205464.region001.gbk_region_1	cpsnj14_SemiBin_34.fa.gz_k141_205464.region001	region	1	1906	FAM_00321
sample22_SemiBin_7.fa.gz_k141_2096669.region001.gbk_region_1	sample22_SemiBin_7.fa.gz_k141_2096669.region001	region	1	1906	FAM_00321
sample25_SemiBin_26.fa.gz_k141_29868.region001.gbk_region_1	sample25_SemiBin_26.fa.gz_k141_29868.region001	region	1	1978	FAM_00322
sample11_SemiBin_31.fa.gz_k141_3537853.region001.gbk_region_1	sample11_SemiBin_31.fa.gz_k141_3537853.region001	region	1	1978	FAM_00322
sample11_SemiBin_31.fa.gz_k141_884721.region001.gbk_region_1	sample11_SemiBin_31.fa.gz_k141_884721.region001	region	1	1978	FAM_00323
sample25_SemiBin_26.fa.gz_k141_424998.region001.gbk_region_1	sample25_SemiBin_26.fa.gz_k141_424998.region001	region	1	1978	FAM_00323
sample10_SemiBin_132.fa.gz_k141_305849.region001.gbk_region_1	sample10_SemiBin_132.fa.gz_k141_305849.region001	region	1	1978	FAM_00323
sample24_SemiBin_41.fa.gz_k141_2006666.region001.gbk_region_1	sample24_SemiBin_41.fa.gz_k141_2006666.region001	region	1	1978	FAM_00323
snj14_SemiBin_45.fa.gz_k141_1043563.region001.gbk_region_1	snj14_SemiBin_45.fa.gz_k141_1043563.region001	region	1	1978	FAM_00323
sample23_SemiBin_33.fa.gz_k141_4963688.region001.gbk_region_1	sample23_SemiBin_33.fa.gz_k141_4963688.region001	region	1	1978	FAM_00323
sample7_SemiBin_141.fa.gz_k141_3304255.region001.gbk_region_1	sample7_SemiBin_141.fa.gz_k141_3304255.region001	region	1	1978	FAM_00323
sample21_SemiBin_67.fa.gz_k141_4948622.region001.gbk_region_1	sample21_SemiBin_67.fa.gz_k141_4948622.region001	region	1	1978	FAM_00323
cpsnj04_SemiBin_37.fa.gz_k141_787387.region001.gbk_region_1	cpsnj04_SemiBin_37.fa.gz_k141_787387.region001	region	1	1978	FAM_00323
cpsnj10_SemiBin_26.fa.gz_k141_3702210.region001.gbk_region_1	cpsnj10_SemiBin_26.fa.gz_k141_3702210.region001	region	1	1978	FAM_00323
snj20_SemiBin_32.fa.gz_k141_2026181.region001.gbk_region_1	snj20_SemiBin_32.fa.gz_k141_2026181.region001	region	1	1978	FAM_00323
sample20_SemiBin_54.fa.gz_k141_3093147.region001.gbk_region_1	sample20_SemiBin_54.fa.gz_k141_3093147.region001	region	1	1978	FAM_00323
sample30_SemiBin_34.fa.gz_k141_1939428.region001.gbk_region_1	sample30_SemiBin_34.fa.gz_k141_1939428.region001	region	1	1978	FAM_00323
sample22_SemiBin_12.fa.gz_k141_3858295.region001.gbk_region_1	sample22_SemiBin_12.fa.gz_k141_3858295.region001	region	1	1978	FAM_00323
sample15_SemiBin_71.fa.gz_k141_1691043.region001.gbk_region_1	sample15_SemiBin_71.fa.gz_k141_1691043.region001	region	1	1978	FAM_00323
sample23_SemiBin_33.fa.gz_k141_3863974.region001.gbk_region_1	sample23_SemiBin_33.fa.gz_k141_3863974.region001	region	1	1978	FAM_00323
sample12_SemiBin_51.fa.gz_k141_893467.region001.gbk_region_1	sample12_SemiBin_51.fa.gz_k141_893467.region001	region	1	1978	FAM_00323
cpsnj08_SemiBin_37.fa.gz_k141_787387.region001.gbk_region_1	cpsnj08_SemiBin_37.fa.gz_k141_787387.region001	region	1	1978	FAM_00323
cpsnj10_SemiBin_181.fa.gz_k141_3744489.region001.gbk_region_1	cpsnj10_SemiBin_181.fa.gz_k141_3744489.region001	region	1	1978	FAM_00323
sample16_SemiBin_78.fa.gz_k141_3552257.region001.gbk_region_1	sample16_SemiBin_78.fa.gz_k141_3552257.region001	region	1	1978	FAM_00323
sample1_SemiBin_36.fa.gz_k141_3258208.region001.gbk_region_1	sample1_SemiBin_36.fa.gz_k141_3258208.region001	region	1	1978	FAM_00323
cpsnj10_SemiBin_98.fa.gz_k141_3630124.region001.gbk_region_1	cpsnj10_SemiBin_98.fa.gz_k141_3630124.region001	region	1	1978	FAM_00323
sample29_SemiBin_82.fa.gz_k141_4737971.region001.gbk_region_1	sample29_SemiBin_82.fa.gz_k141_4737971.region001	region	1	1978	FAM_00323
cpsnj14_SemiBin_129.fa.gz_k141_802951.region001.gbk_region_1	cpsnj14_SemiBin_129.fa.gz_k141_802951.region001	region	1	1978	FAM_00323
sample2_SemiBin_13.fa.gz_k141_2584413.region001.gbk_region_1	sample2_SemiBin_13.fa.gz_k141_2584413.region001	region	1	1978	FAM_00323
cpsnj11_SemiBin_258.fa.gz_k141_3298783.region001.gbk_region_1	cpsnj11_SemiBin_258.fa.gz_k141_3298783.region001	region	1	1978	FAM_00323
cpsnj20_SemiBin_64.fa.gz_k141_1266730.region001.gbk_region_1	cpsnj20_SemiBin_64.fa.gz_k141_1266730.region001	region	1	1978	FAM_00323
sample27_SemiBin_27.fa.gz_k141_3063596.region001.gbk_region_1	sample27_SemiBin_27.fa.gz_k141_3063596.region001	region	1	1978	FAM_00323
sample20_SemiBin_53.fa.gz_k141_4271105.region001.gbk_region_1	sample20_SemiBin_53.fa.gz_k141_4271105.region001	region	1	1978	FAM_00323
sample16_SemiBin_2.fa.gz_k141_2907478.region001.gbk_region_1	sample16_SemiBin_2.fa.gz_k141_2907478.region001	region	1	1978	FAM_00324
sample7_SemiBin_41.fa.gz_k141_5832938.region001.gbk_region_1	sample7_SemiBin_41.fa.gz_k141_5832938.region001	region	1	1978	FAM_00324
sample11_SemiBin_4.fa.gz_k141_1485991.region001.gbk_region_1	sample11_SemiBin_4.fa.gz_k141_1485991.region001	region	1	1978	FAM_00325
sample12_SemiBin_9.fa.gz_k141_329306.region001.gbk_region_1	sample12_SemiBin_9.fa.gz_k141_329306.region001	region	1	1978	FAM_00325
snj13_SemiBin_5.fa.gz_k141_683706.region001.gbk_region_1	snj13_SemiBin_5.fa.gz_k141_683706.region001	region	1	1978	FAM_00325
sample10_SemiBin_57.fa.gz_k141_1369501.region001.gbk_region_1	sample10_SemiBin_57.fa.gz_k141_1369501.region001	region	1	1978	FAM_00325
cpsnj14_SemiBin_44.fa.gz_k141_4015143.region001.gbk_region_1	cpsnj14_SemiBin_44.fa.gz_k141_4015143.region001	region	1	1990	FAM_00326
snj16_SemiBin_23.fa.gz_k141_2989208.region001.gbk_region_1	snj16_SemiBin_23.fa.gz_k141_2989208.region001	region	1	1990	FAM_00326
snj14_SemiBin_52.fa.gz_k141_672942.region001.gbk_region_1	snj14_SemiBin_52.fa.gz_k141_672942.region001	region	1	1990	FAM_00326
snj03_SemiBin_31.fa.gz_k141_737717.region001.gbk_region_1	snj03_SemiBin_31.fa.gz_k141_737717.region001	region	1	1990	FAM_00327
sample26_SemiBin_14.fa.gz_k141_1966686.region001.gbk_region_1	sample26_SemiBin_14.fa.gz_k141_1966686.region001	region	1	1990	FAM_00327
snj16_SemiBin_23.fa.gz_k141_1216558.region001.gbk_region_1	snj16_SemiBin_23.fa.gz_k141_1216558.region001	region	1	2010	FAM_00328
cpsnj14_SemiBin_44.fa.gz_k141_619787.region001.gbk_region_1	cpsnj14_SemiBin_44.fa.gz_k141_619787.region001	region	1	2010	FAM_00328
snj14_SemiBin_52.fa.gz_k141_1845148.region001.gbk_region_1	snj14_SemiBin_52.fa.gz_k141_1845148.region001	region	1	2010	FAM_00328
sample26_SemiBin_65.fa.gz_k141_1836340.region001.gbk_region_1	sample26_SemiBin_65.fa.gz_k141_1836340.region001	region	1	2038	FAM_00329
sample10_SemiBin_182.fa.gz_k141_5415639.region001.gbk_region_1	sample10_SemiBin_182.fa.gz_k141_5415639.region001	region	1	2038	FAM_00329
snj11_SemiBin_14.fa.gz_k141_380343.region001.gbk_region_1	snj11_SemiBin_14.fa.gz_k141_380343.region001	region	1	2068	FAM_00330
cpsnj19_SemiBin_60.fa.gz_k141_1499503.region001.gbk_region_1	cpsnj19_SemiBin_60.fa.gz_k141_1499503.region001	region	1	2068	FAM_00330
snj19_SemiBin_13.fa.gz_k141_1025965.region001.gbk_region_1	snj19_SemiBin_13.fa.gz_k141_1025965.region001	region	1	2100	FAM_00331
snj10_SemiBin_31.fa.gz_k141_1472658.region001.gbk_region_1	snj10_SemiBin_31.fa.gz_k141_1472658.region001	region	1	2100	FAM_00331
snj20_SemiBin_40.fa.gz_k141_3374212.region001.gbk_region_1	snj20_SemiBin_40.fa.gz_k141_3374212.region001	region	1	2100	FAM_00331
cpsnj19_SemiBin_13.fa.gz_k141_1294224.region001.gbk_region_1	cpsnj19_SemiBin_13.fa.gz_k141_1294224.region001	region	1	2100	FAM_00331
snj01_SemiBin_39.fa.gz_k141_1221999.region001.gbk_region_1	snj01_SemiBin_39.fa.gz_k141_1221999.region001	region	1	2100	FAM_00331
cpsnj08_SemiBin_19.fa.gz_k141_746287.region001.gbk_region_1	cpsnj08_SemiBin_19.fa.gz_k141_746287.region001	region	1	2112	FAM_00332
sample28_SemiBin_46.fa.gz_k141_1527879.region001.gbk_region_1	sample28_SemiBin_46.fa.gz_k141_1527879.region001	region	1	2112	FAM_00332
cpsnj04_SemiBin_19.fa.gz_k141_746287.region001.gbk_region_1	cpsnj04_SemiBin_19.fa.gz_k141_746287.region001	region	1	2112	FAM_00332
snj04_SemiBin_31.fa.gz_k141_215388.region001.gbk_region_1	snj04_SemiBin_31.fa.gz_k141_215388.region001	region	1	2112	FAM_00332
cpsnj16_SemiBin_62.fa.gz_k141_2502729.region001.gbk_region_1	cpsnj16_SemiBin_62.fa.gz_k141_2502729.region001	region	1	2134	FAM_00333
snj16_SemiBin_58.fa.gz_k141_2587655.region001.gbk_region_1	snj16_SemiBin_58.fa.gz_k141_2587655.region001	region	1	2134	FAM_00333
cpsnj20_SemiBin_34.fa.gz_k141_462876.region001.gbk_region_1	cpsnj20_SemiBin_34.fa.gz_k141_462876.region001	region	1	2142	FAM_00334
sample28_SemiBin_4.fa.gz_k141_2825763.region001.gbk_region_1	sample28_SemiBin_4.fa.gz_k141_2825763.region001	region	1	2142	FAM_00334
sample15_SemiBin_62.fa.gz_k141_1138605.region001.gbk_region_1	sample15_SemiBin_62.fa.gz_k141_1138605.region001	region	1	2142	FAM_00334
cpsnj19_SemiBin_65.fa.gz_k141_114839.region001.gbk_region_1	cpsnj19_SemiBin_65.fa.gz_k141_114839.region001	region	1	2142	FAM_00334
cpsnj03_SemiBin_78.fa.gz_k141_1850659.region001.gbk_region_1	cpsnj03_SemiBin_78.fa.gz_k141_1850659.region001	region	1	2142	FAM_00334
snj19_SemiBin_71.fa.gz_k141_2272017.region001.gbk_region_1	snj19_SemiBin_71.fa.gz_k141_2272017.region001	region	1	2142	FAM_00334
cpsnj13_SemiBin_72.fa.gz_k141_627645.region001.gbk_region_1	cpsnj13_SemiBin_72.fa.gz_k141_627645.region001	region	1	2142	FAM_00334
sample1_SemiBin_27.fa.gz_k141_2300160.region001.gbk_region_1	sample1_SemiBin_27.fa.gz_k141_2300160.region001	region	1	2142	FAM_00334
cpsnj20_SemiBin_34.fa.gz_k141_1006872.region001.gbk_region_1	cpsnj20_SemiBin_34.fa.gz_k141_1006872.region001	region	1	2142	FAM_00334
cpsnj10_SemiBin_184.fa.gz_k141_3001496.region001.gbk_region_1	cpsnj10_SemiBin_184.fa.gz_k141_3001496.region001	region	1	2150	FAM_00335
snj08_SemiBin_91.fa.gz_k141_1248403.region001.gbk_region_1	snj08_SemiBin_91.fa.gz_k141_1248403.region001	region	1	2150	FAM_00335
cpsnj14_SemiBin_116.fa.gz_k141_2376822.region001.gbk_region_1	cpsnj14_SemiBin_116.fa.gz_k141_2376822.region001	region	1	2150	FAM_00335
snj13_SemiBin_15.fa.gz_k141_112578.region001.gbk_region_1	snj13_SemiBin_15.fa.gz_k141_112578.region001	region	1	2150	FAM_00335
cpsnj09_SemiBin_47.fa.gz_k141_795299.region001.gbk_region_1	cpsnj09_SemiBin_47.fa.gz_k141_795299.region001	region	1	2150	FAM_00335
snj09_SemiBin_46.fa.gz_k141_1500737.region001.gbk_region_1	snj09_SemiBin_46.fa.gz_k141_1500737.region001	region	1	2150	FAM_00335
cpsnj11_SemiBin_89.fa.gz_k141_268156.region001.gbk_region_1	cpsnj11_SemiBin_89.fa.gz_k141_268156.region001	region	1	2150	FAM_00335
snj14_SemiBin_49.fa.gz_k141_1817998.region001.gbk_region_1	snj14_SemiBin_49.fa.gz_k141_1817998.region001	region	1	2150	FAM_00335
snj14_SemiBin_22.fa.gz_k141_151268.region001.gbk_region_1	snj14_SemiBin_22.fa.gz_k141_151268.region001	region	1	2158	FAM_00336
sample26_SemiBin_55.fa.gz_k141_4061322.region001.gbk_region_1	sample26_SemiBin_55.fa.gz_k141_4061322.region001	region	1	2158	FAM_00336
cpsnj11_SemiBin_83.fa.gz_k141_1620211.region001.gbk_region_1	cpsnj11_SemiBin_83.fa.gz_k141_1620211.region001	region	1	2158	FAM_00336
cpsnj13_SemiBin_66.fa.gz_k141_291955.region001.gbk_region_1	cpsnj13_SemiBin_66.fa.gz_k141_291955.region001	region	1	2158	FAM_00337
sample26_SemiBin_46.fa.gz_k141_1664313.region001.gbk_region_1	sample26_SemiBin_46.fa.gz_k141_1664313.region001	region	1	2158	FAM_00337
cpsnj20_SemiBin_4.fa.gz_k141_1131342.region001.gbk_region_1	cpsnj20_SemiBin_4.fa.gz_k141_1131342.region001	region	1	2158	FAM_00337
snj10_SemiBin_41.fa.gz_k141_1362777.region001.gbk_region_1	snj10_SemiBin_41.fa.gz_k141_1362777.region001	region	1	2158	FAM_00337
sample18_SemiBin_84.fa.gz_k141_4341190.region001.gbk_region_1	sample18_SemiBin_84.fa.gz_k141_4341190.region001	region	1	2158	FAM_00337
sample17_SemiBin_18.fa.gz_k141_1949209.region001.gbk_region_1	sample17_SemiBin_18.fa.gz_k141_1949209.region001	region	1	2158	FAM_00337
snj15_SemiBin_5.fa.gz_k141_781498.region001.gbk_region_1	snj15_SemiBin_5.fa.gz_k141_781498.region001	region	1	2158	FAM_00337
snj11_SemiBin_119.fa.gz_k141_414973.region001.gbk_region_1	snj11_SemiBin_119.fa.gz_k141_414973.region001	region	1	2158	FAM_00337
snj03_SemiBin_42.fa.gz_k141_1314026.region001.gbk_region_1	snj03_SemiBin_42.fa.gz_k141_1314026.region001	region	1	2158	FAM_00337
cpsnj11_SemiBin_83.fa.gz_k141_3874852.region001.gbk_region_1	cpsnj11_SemiBin_83.fa.gz_k141_3874852.region001	region	1	2158	FAM_00338
cpsnj16_SemiBin_71.fa.gz_k141_1487413.region001.gbk_region_1	cpsnj16_SemiBin_71.fa.gz_k141_1487413.region001	region	1	2158	FAM_00338
snj10_SemiBin_13.fa.gz_k141_1562638.region001.gbk_region_1	snj10_SemiBin_13.fa.gz_k141_1562638.region001	region	1	2158	FAM_00338
cpsnj14_SemiBin_42.fa.gz_k141_1269411.region001.gbk_region_1	cpsnj14_SemiBin_42.fa.gz_k141_1269411.region001	region	1	2158	FAM_00338
snj16_SemiBin_8.fa.gz_k141_1522839.region001.gbk_region_1	snj16_SemiBin_8.fa.gz_k141_1522839.region001	region	1	2158	FAM_00338
snj11_SemiBin_117.fa.gz_k141_752892.region001.gbk_region_1	snj11_SemiBin_117.fa.gz_k141_752892.region001	region	1	2158	FAM_00338
cpsnj10_SemiBin_222.fa.gz_k141_4180571.region001.gbk_region_1	cpsnj10_SemiBin_222.fa.gz_k141_4180571.region001	region	1	2158	FAM_00338
cpsnj16_SemiBin_36.fa.gz_k141_3470994.region001.gbk_region_1	cpsnj16_SemiBin_36.fa.gz_k141_3470994.region001	region	1	2158	FAM_00339
cpsnj01_SemiBin_3.fa.gz_k141_2372616.region001.gbk_region_1	cpsnj01_SemiBin_3.fa.gz_k141_2372616.region001	region	1	2158	FAM_00339
snj19_SemiBin_3.fa.gz_k141_2011783.region001.gbk_region_1	snj19_SemiBin_3.fa.gz_k141_2011783.region001	region	1	2158	FAM_00339
snj16_SemiBin_16.fa.gz_k141_3512166.region001.gbk_region_1	snj16_SemiBin_16.fa.gz_k141_3512166.region001	region	1	2158	FAM_00339
snj08_SemiBin_2.fa.gz_k141_2675834.region001.gbk_region_1	snj08_SemiBin_2.fa.gz_k141_2675834.region001	region	1	2158	FAM_00339
cpsnj19_SemiBin_68.fa.gz_k141_1471264.region001.gbk_region_1	cpsnj19_SemiBin_68.fa.gz_k141_1471264.region001	region	1	2162	FAM_00340
snj19_SemiBin_32.fa.gz_k141_2036876.region001.gbk_region_1	snj19_SemiBin_32.fa.gz_k141_2036876.region001	region	1	2162	FAM_00340
snj14_SemiBin_52.fa.gz_k141_1537889.region001.gbk_region_1	snj14_SemiBin_52.fa.gz_k141_1537889.region001	region	1	2162	FAM_00340
cpsnj14_SemiBin_44.fa.gz_k141_1459692.region001.gbk_region_1	cpsnj14_SemiBin_44.fa.gz_k141_1459692.region001	region	1	2162	FAM_00340
snj08_SemiBin_25.fa.gz_k141_242520.region001.gbk_region_1	snj08_SemiBin_25.fa.gz_k141_242520.region001	region	1	2162	FAM_00340
sample7_SemiBin_28.fa.gz_k141_43829.region001.gbk_region_1	sample7_SemiBin_28.fa.gz_k141_43829.region001	region	1	2162	FAM_00340
snj03_SemiBin_31.fa.gz_k141_1585422.region001.gbk_region_1	snj03_SemiBin_31.fa.gz_k141_1585422.region001	region	1	2162	FAM_00340
sample26_SemiBin_14.fa.gz_k141_2048041.region001.gbk_region_1	sample26_SemiBin_14.fa.gz_k141_2048041.region001	region	1	2162	FAM_00340
sample29_SemiBin_52.fa.gz_k141_5121601.region001.gbk_region_1	sample29_SemiBin_52.fa.gz_k141_5121601.region001	region	1	2162	FAM_00340
snj16_SemiBin_23.fa.gz_k141_1837889.region001.gbk_region_1	snj16_SemiBin_23.fa.gz_k141_1837889.region001	region	1	2162	FAM_00340
sample17_SemiBin_111.fa.gz_k141_3605904.region001.gbk_region_1	sample17_SemiBin_111.fa.gz_k141_3605904.region001	region	1	2166	FAM_00341
cpsnj19_SemiBin_88.fa.gz_k141_2248583.region001.gbk_region_1	cpsnj19_SemiBin_88.fa.gz_k141_2248583.region001	region	1	2166	FAM_00341
snj19_SemiBin_21.fa.gz_k141_824232.region001.gbk_region_1	snj19_SemiBin_21.fa.gz_k141_824232.region001	region	1	2166	FAM_00341
sample28_SemiBin_82.fa.gz_k141_3863664.region001.gbk_region_1	sample28_SemiBin_82.fa.gz_k141_3863664.region001	region	1	2166	FAM_00341
sample16_SemiBin_165.fa.gz_k141_776873.region001.gbk_region_1	sample16_SemiBin_165.fa.gz_k141_776873.region001	region	1	2186	FAM_00342
sample10_SemiBin_76.fa.gz_k141_4458101.region001.gbk_region_1	sample10_SemiBin_76.fa.gz_k141_4458101.region001	region	1	2186	FAM_00342
sample1_SemiBin_56.fa.gz_k141_2740663.region001.gbk_region_1	sample1_SemiBin_56.fa.gz_k141_2740663.region001	region	1	2186	FAM_00342
cpsnj08_SemiBin_14.fa.gz_k141_610626.region001.gbk_region_1	cpsnj08_SemiBin_14.fa.gz_k141_610626.region001	region	1	2190	FAM_00343
cpsnj04_SemiBin_14.fa.gz_k141_610626.region001.gbk_region_1	cpsnj04_SemiBin_14.fa.gz_k141_610626.region001	region	1	2190	FAM_00343
cpsnj04_SemiBin_14.fa.gz_k141_1838766.region001.gbk_region_1	cpsnj04_SemiBin_14.fa.gz_k141_1838766.region001	region	1	2190	FAM_00343
snj04_SemiBin_4.fa.gz_k141_74305.region001.gbk_region_1	snj04_SemiBin_4.fa.gz_k141_74305.region001	region	1	2190	FAM_00343
cpsnj08_SemiBin_14.fa.gz_k141_1838766.region001.gbk_region_1	cpsnj08_SemiBin_14.fa.gz_k141_1838766.region001	region	1	2190	FAM_00343
snj04_SemiBin_4.fa.gz_k141_516952.region001.gbk_region_1	snj04_SemiBin_4.fa.gz_k141_516952.region001	region	1	2190	FAM_00343
snj16_SemiBin_8.fa.gz_k141_2676506.region001.gbk_region_1	snj16_SemiBin_8.fa.gz_k141_2676506.region001	region	1	2194	FAM_00344
cpsnj16_SemiBin_71.fa.gz_k141_2607516.region001.gbk_region_1	cpsnj16_SemiBin_71.fa.gz_k141_2607516.region001	region	1	2194	FAM_00344
cpsnj16_SemiBin_62.fa.gz_k141_520995.region001.gbk_region_1	cpsnj16_SemiBin_62.fa.gz_k141_520995.region001	region	1	2206	FAM_00345
snj16_SemiBin_58.fa.gz_k141_582622.region001.gbk_region_1	snj16_SemiBin_58.fa.gz_k141_582622.region001	region	1	2206	FAM_00345
cpsnj03_SemiBin_38.fa.gz_k141_1687196.region001.gbk_region_1	cpsnj03_SemiBin_38.fa.gz_k141_1687196.region001	region	1	2230	FAM_00346
cpsnj02_SemiBin_8.fa.gz_k141_1766846.region001.gbk_region_1	cpsnj02_SemiBin_8.fa.gz_k141_1766846.region001	region	1	2230	FAM_00346
sample10_SemiBin_124.fa.gz_k141_2979154.region001.gbk_region_1	sample10_SemiBin_124.fa.gz_k141_2979154.region001	region	1	2230	FAM_00346
sample10_SemiBin_124.fa.gz_k141_1259073.region001.gbk_region_1	sample10_SemiBin_124.fa.gz_k141_1259073.region001	region	1	2230	FAM_00346
snj19_SemiBin_60.fa.gz_k141_1038169.region001.gbk_region_1	snj19_SemiBin_60.fa.gz_k141_1038169.region001	region	1	2230	FAM_00346
cpsnj19_SemiBin_28.fa.gz_k141_2820853.region001.gbk_region_1	cpsnj19_SemiBin_28.fa.gz_k141_2820853.region001	region	1	2230	FAM_00346
cpsnj11_SemiBin_8.fa.gz_k141_1580359.region001.gbk_region_1	cpsnj11_SemiBin_8.fa.gz_k141_1580359.region001	region	1	2230	FAM_00346
sample17_SemiBin_67.fa.gz_k141_2457272.region001.gbk_region_1	sample17_SemiBin_67.fa.gz_k141_2457272.region001	region	1	2230	FAM_00346
snj04_SemiBin_21.fa.gz_k141_2081500.region001.gbk_region_1	snj04_SemiBin_21.fa.gz_k141_2081500.region001	region	1	2230	FAM_00346
sample15_SemiBin_36.fa.gz_k141_4822390.region001.gbk_region_1	sample15_SemiBin_36.fa.gz_k141_4822390.region001	region	1	2230	FAM_00347
sample1_SemiBin_60.fa.gz_k141_2883060.region001.gbk_region_1	sample1_SemiBin_60.fa.gz_k141_2883060.region001	region	1	2230	FAM_00347
sample22_SemiBin_49.fa.gz_k141_610863.region001.gbk_region_1	sample22_SemiBin_49.fa.gz_k141_610863.region001	region	1	2230	FAM_00347
sample28_SemiBin_32.fa.gz_k141_3161151.region001.gbk_region_1	sample28_SemiBin_32.fa.gz_k141_3161151.region001	region	1	2230	FAM_00347
sample10_SemiBin_27.fa.gz_k141_45139.region001.gbk_region_1	sample10_SemiBin_27.fa.gz_k141_45139.region001	region	1	2230	FAM_00347
sample16_SemiBin_8.fa.gz_k141_5081971.region001.gbk_region_1	sample16_SemiBin_8.fa.gz_k141_5081971.region001	region	1	2230	FAM_00347
sample18_SemiBin_201.fa.gz_k141_6364913.region001.gbk_region_1	sample18_SemiBin_201.fa.gz_k141_6364913.region001	region	1	2230	FAM_00347
sample26_SemiBin_44.fa.gz_k141_3511058.region001.gbk_region_1	sample26_SemiBin_44.fa.gz_k141_3511058.region001	region	1	2230	FAM_00347
sample7_SemiBin_258.fa.gz_k141_995526.region001.gbk_region_1	sample7_SemiBin_258.fa.gz_k141_995526.region001	region	1	2238	FAM_00348
sample5_SemiBin_57.fa.gz_k141_241632.region001.gbk_region_1	sample5_SemiBin_57.fa.gz_k141_241632.region001	region	1	2238	FAM_00348
sample2_SemiBin_47.fa.gz_k141_684461.region001.gbk_region_1	sample2_SemiBin_47.fa.gz_k141_684461.region001	region	1	2238	FAM_00348
cpsnj16_SemiBin_19.fa.gz_k141_2093645.region001.gbk_region_1	cpsnj16_SemiBin_19.fa.gz_k141_2093645.region001	region	1	2258	FAM_00349
snj16_SemiBin_61.fa.gz_k141_2276135.region001.gbk_region_1	snj16_SemiBin_61.fa.gz_k141_2276135.region001	region	1	2258	FAM_00349
sample15_SemiBin_76.fa.gz_k141_4633592.region001.gbk_region_1	sample15_SemiBin_76.fa.gz_k141_4633592.region001	region	1	2262	FAM_00350
sample2_SemiBin_17.fa.gz_k141_130489.region001.gbk_region_1	sample2_SemiBin_17.fa.gz_k141_130489.region001	region	1	2262	FAM_00350
sample22_SemiBin_284.fa.gz_k141_4951000.region001.gbk_region_1	sample22_SemiBin_284.fa.gz_k141_4951000.region001	region	1	2262	FAM_00350
sample6_SemiBin_234.fa.gz_k141_7397657.region001.gbk_region_1	sample6_SemiBin_234.fa.gz_k141_7397657.region001	region	1	2262	FAM_00350
sample22_SemiBin_101.fa.gz_k141_5372336.region001.gbk_region_1	sample22_SemiBin_101.fa.gz_k141_5372336.region001	region	1	2274	FAM_00351
snj09_SemiBin_37.fa.gz_k141_1271358.region001.gbk_region_1	snj09_SemiBin_37.fa.gz_k141_1271358.region001	region	1	2274	FAM_00351
sample15_SemiBin_72.fa.gz_k141_4749498.region001.gbk_region_1	sample15_SemiBin_72.fa.gz_k141_4749498.region001	region	1	2274	FAM_00351
cpsnj04_SemiBin_14.fa.gz_k141_2613631.region001.gbk_region_1	cpsnj04_SemiBin_14.fa.gz_k141_2613631.region001	region	1	2282	FAM_00352
cpsnj08_SemiBin_14.fa.gz_k141_2613631.region001.gbk_region_1	cpsnj08_SemiBin_14.fa.gz_k141_2613631.region001	region	1	2282	FAM_00352
sample21_SemiBin_34.fa.gz_k141_3579946.region001.gbk_region_1	sample21_SemiBin_34.fa.gz_k141_3579946.region001	region	1	2290	FAM_00353
sample1_SemiBin_1.fa.gz_k141_2687160.region001.gbk_region_1	sample1_SemiBin_1.fa.gz_k141_2687160.region001	region	1	2290	FAM_00353
sample6_SemiBin_24.fa.gz_k141_2765713.region001.gbk_region_1	sample6_SemiBin_24.fa.gz_k141_2765713.region001	region	1	2290	FAM_00353
snj16_SemiBin_23.fa.gz_k141_3142875.region001.gbk_region_1	snj16_SemiBin_23.fa.gz_k141_3142875.region001	region	1	2314	FAM_00354
sample6_SemiBin_12.fa.gz_k141_3685342.region001.gbk_region_1	sample6_SemiBin_12.fa.gz_k141_3685342.region001	region	1	2314	FAM_00354
sample20_SemiBin_95.fa.gz_k141_4455056.region001.gbk_region_1	sample20_SemiBin_95.fa.gz_k141_4455056.region001	region	1	2322	FAM_00355
sample6_SemiBin_24.fa.gz_k141_2097394.region001.gbk_region_1	sample6_SemiBin_24.fa.gz_k141_2097394.region001	region	1	2322	FAM_00355
sample3_SemiBin_37.fa.gz_k141_808477.region001.gbk_region_1	sample3_SemiBin_37.fa.gz_k141_808477.region001	region	1	2350	FAM_00356
sample1_SemiBin_35.fa.gz_k141_1090109.region001.gbk_region_1	sample1_SemiBin_35.fa.gz_k141_1090109.region001	region	1	2350	FAM_00356
cpsnj11_SemiBin_33.fa.gz_k141_281332.region001.gbk_region_1	cpsnj11_SemiBin_33.fa.gz_k141_281332.region001	region	1	2362	FAM_00357
cpsnj11_SemiBin_33.fa.gz_k141_2196382.region001.gbk_region_1	cpsnj11_SemiBin_33.fa.gz_k141_2196382.region001	region	1	2362	FAM_00357
cpsnj14_SemiBin_27.fa.gz_k141_1546660.region001.gbk_region_1	cpsnj14_SemiBin_27.fa.gz_k141_1546660.region001	region	1	2362	FAM_00357
cpsnj13_SemiBin_103.fa.gz_k141_1773184.region001.gbk_region_1	cpsnj13_SemiBin_103.fa.gz_k141_1773184.region001	region	1	2374	FAM_00358
snj19_SemiBin_10.fa.gz_k141_73027.region001.gbk_region_1	snj19_SemiBin_10.fa.gz_k141_73027.region001	region	1	2374	FAM_00358
snj09_SemiBin_34.fa.gz_k141_2165091.region001.gbk_region_1	snj09_SemiBin_34.fa.gz_k141_2165091.region001	region	1	2374	FAM_00358
sample11_SemiBin_4.fa.gz_k141_2484304.region001.gbk_region_1	sample11_SemiBin_4.fa.gz_k141_2484304.region001	region	1	2378	FAM_00359
sample10_SemiBin_57.fa.gz_k141_977830.region001.gbk_region_1	sample10_SemiBin_57.fa.gz_k141_977830.region001	region	1	2378	FAM_00359
sample26_SemiBin_1.fa.gz_k141_2959165.region001.gbk_region_1	sample26_SemiBin_1.fa.gz_k141_2959165.region001	region	1	2378	FAM_00359
cpsnj01_SemiBin_41.fa.gz_k141_2295909.region001.gbk_region_1	cpsnj01_SemiBin_41.fa.gz_k141_2295909.region001	region	1	2382	FAM_00360
snj01_SemiBin_23.fa.gz_k141_1528607.region001.gbk_region_1	snj01_SemiBin_23.fa.gz_k141_1528607.region001	region	1	2382	FAM_00360
snj08_SemiBin_40.fa.gz_k141_1774447.region001.gbk_region_1	snj08_SemiBin_40.fa.gz_k141_1774447.region001	region	1	2386	FAM_00361
cpsnj11_SemiBin_58.fa.gz_k141_3683748.region001.gbk_region_1	cpsnj11_SemiBin_58.fa.gz_k141_3683748.region001	region	1	2386	FAM_00361
sample2_SemiBin_39.fa.gz_k141_963727.region001.gbk_region_1	sample2_SemiBin_39.fa.gz_k141_963727.region001	region	1	2386	FAM_00361
cpsnj13_SemiBin_73.fa.gz_k141_419500.region001.gbk_region_1	cpsnj13_SemiBin_73.fa.gz_k141_419500.region001	region	1	2408	FAM_00362
cpsnj11_SemiBin_126.fa.gz_k141_1568274.region001.gbk_region_1	cpsnj11_SemiBin_126.fa.gz_k141_1568274.region001	region	1	2408	FAM_00362
snj13_SemiBin_5.fa.gz_k141_2233583.region001.gbk_region_1	snj13_SemiBin_5.fa.gz_k141_2233583.region001	region	1	2460	FAM_00363
sample26_SemiBin_1.fa.gz_k141_6293189.region001.gbk_region_1	sample26_SemiBin_1.fa.gz_k141_6293189.region001	region	1	2460	FAM_00363
sample11_SemiBin_4.fa.gz_k141_5279629.region001.gbk_region_1	sample11_SemiBin_4.fa.gz_k141_5279629.region001	region	1	2460	FAM_00363
sample10_SemiBin_57.fa.gz_k141_3201086.region001.gbk_region_1	sample10_SemiBin_57.fa.gz_k141_3201086.region001	region	1	2460	FAM_00363
cpsnj14_SemiBin_44.fa.gz_k141_119364.region001.gbk_region_1	cpsnj14_SemiBin_44.fa.gz_k141_119364.region001	region	1	2464	FAM_00364
snj14_SemiBin_52.fa.gz_k141_1901577.region001.gbk_region_1	snj14_SemiBin_52.fa.gz_k141_1901577.region001	region	1	2464	FAM_00364
snj16_SemiBin_23.fa.gz_k141_2086645.region001.gbk_region_1	snj16_SemiBin_23.fa.gz_k141_2086645.region001	region	1	2464	FAM_00364
sample28_SemiBin_79.fa.gz_k141_5701341.region001.gbk_region_1	sample28_SemiBin_79.fa.gz_k141_5701341.region001	region	1	2470	FAM_00365
cpsnj14_SemiBin_16.fa.gz_k141_3431510.region001.gbk_region_1	cpsnj14_SemiBin_16.fa.gz_k141_3431510.region001	region	1	2470	FAM_00365
cpsnj08_SemiBin_14.fa.gz_k141_1866092.region001.gbk_region_1	cpsnj08_SemiBin_14.fa.gz_k141_1866092.region001	region	1	2478	FAM_00366
cpsnj04_SemiBin_14.fa.gz_k141_1866092.region001.gbk_region_1	cpsnj04_SemiBin_14.fa.gz_k141_1866092.region001	region	1	2478	FAM_00366
sample15_SemiBin_149.fa.gz_k141_5562496.region001.gbk_region_1	sample15_SemiBin_149.fa.gz_k141_5562496.region001	region	1	2486	FAM_00367
sample1_SemiBin_52.fa.gz_k141_535530.region001.gbk_region_1	sample1_SemiBin_52.fa.gz_k141_535530.region001	region	1	2486	FAM_00367
snj10_SemiBin_12.fa.gz_k141_1815340.region001.gbk_region_1	snj10_SemiBin_12.fa.gz_k141_1815340.region001	region	1	2558	FAM_00368
snj08_SemiBin_76.fa.gz_k141_1294053.region001.gbk_region_1	snj08_SemiBin_76.fa.gz_k141_1294053.region001	region	1	2558	FAM_00368
snj10_SemiBin_12.fa.gz_k141_1282358.region001.gbk_region_1	snj10_SemiBin_12.fa.gz_k141_1282358.region001	region	1	2558	FAM_00368
snj13_SemiBin_3.fa.gz_k141_2676781.region001.gbk_region_1	snj13_SemiBin_3.fa.gz_k141_2676781.region001	region	1	2558	FAM_00369
sample5_SemiBin_47.fa.gz_k141_1955628.region001.gbk_region_1	sample5_SemiBin_47.fa.gz_k141_1955628.region001	region	1	2558	FAM_00369
snj10_SemiBin_12.fa.gz_k141_758929.region001.gbk_region_1	snj10_SemiBin_12.fa.gz_k141_758929.region001	region	1	2558	FAM_00369
sample5_SemiBin_47.fa.gz_k141_2812396.region001.gbk_region_1	sample5_SemiBin_47.fa.gz_k141_2812396.region001	region	1	2558	FAM_00369
sample28_SemiBin_78.fa.gz_k141_2943189.region001.gbk_region_1	sample28_SemiBin_78.fa.gz_k141_2943189.region001	region	1	2586	FAM_00370
sample15_SemiBin_220.fa.gz_k141_2809239.region001.gbk_region_1	sample15_SemiBin_220.fa.gz_k141_2809239.region001	region	1	2586	FAM_00370
sample18_SemiBin_55.fa.gz_k141_4490595.region001.gbk_region_1	sample18_SemiBin_55.fa.gz_k141_4490595.region001	region	1	2594	FAM_00371
sample1_SemiBin_68.fa.gz_k141_2775763.region001.gbk_region_1	sample1_SemiBin_68.fa.gz_k141_2775763.region001	region	1	2594	FAM_00371
sample22_SemiBin_111.fa.gz_k141_1768502.region001.gbk_region_1	sample22_SemiBin_111.fa.gz_k141_1768502.region001	region	1	2594	FAM_00371
cpsnj14_SemiBin_59.fa.gz_k141_1614605.region001.gbk_region_1	cpsnj14_SemiBin_59.fa.gz_k141_1614605.region001	region	1	2606	FAM_00372
sample7_SemiBin_106.fa.gz_k141_1310818.region001.gbk_region_1	sample7_SemiBin_106.fa.gz_k141_1310818.region001	region	1	2606	FAM_00372
cpsnj14_SemiBin_142.fa.gz_k141_781150.region001.gbk_region_1	cpsnj14_SemiBin_142.fa.gz_k141_781150.region001	region	1	2610	FAM_00373
snj16_SemiBin_7.fa.gz_k141_2261321.region001.gbk_region_1	snj16_SemiBin_7.fa.gz_k141_2261321.region001	region	1	2610	FAM_00373
cpsnj08_SemiBin_14.fa.gz_k141_1797147.region001.gbk_region_1	cpsnj08_SemiBin_14.fa.gz_k141_1797147.region001	region	1	2680	FAM_00374
cpsnj04_SemiBin_14.fa.gz_k141_1797147.region001.gbk_region_1	cpsnj04_SemiBin_14.fa.gz_k141_1797147.region001	region	1	2680	FAM_00374
sample1_SemiBin_65.fa.gz_k141_214587.region001.gbk_region_1	sample1_SemiBin_65.fa.gz_k141_214587.region001	region	1	2688	FAM_00375
sample16_SemiBin_39.fa.gz_k141_1686741.region001.gbk_region_1	sample16_SemiBin_39.fa.gz_k141_1686741.region001	region	1	2688	FAM_00375
sample19_SemiBin_37.fa.gz_k141_3211269.region001.gbk_region_1	sample19_SemiBin_37.fa.gz_k141_3211269.region001	region	1	2688	FAM_00375
sample10_SemiBin_425.fa.gz_k141_1815416.region001.gbk_region_1	sample10_SemiBin_425.fa.gz_k141_1815416.region001	region	1	2688	FAM_00375
sample22_SemiBin_202.fa.gz_k141_3286946.region001.gbk_region_1	sample22_SemiBin_202.fa.gz_k141_3286946.region001	region	1	2688	FAM_00375
sample15_SemiBin_127.fa.gz_k141_609903.region001.gbk_region_1	sample15_SemiBin_127.fa.gz_k141_609903.region001	region	1	2688	FAM_00375
sample13_SemiBin_216.fa.gz_k141_2918811.region001.gbk_region_1	sample13_SemiBin_216.fa.gz_k141_2918811.region001	region	1	2688	FAM_00375
sample17_SemiBin_239.fa.gz_k141_710414.region001.gbk_region_1	sample17_SemiBin_239.fa.gz_k141_710414.region001	region	1	2688	FAM_00375
cpsnj08_SemiBin_14.fa.gz_k141_1974291.region001.gbk_region_1	cpsnj08_SemiBin_14.fa.gz_k141_1974291.region001	region	1	2728	FAM_00376
cpsnj04_SemiBin_14.fa.gz_k141_1974291.region001.gbk_region_1	cpsnj04_SemiBin_14.fa.gz_k141_1974291.region001	region	1	2728	FAM_00376
cpsnj11_SemiBin_7.fa.gz_k141_1445566.region001.gbk_region_1	cpsnj11_SemiBin_7.fa.gz_k141_1445566.region001	region	1	2744	FAM_00377
snj16_SemiBin_23.fa.gz_k141_2676555.region001.gbk_region_1	snj16_SemiBin_23.fa.gz_k141_2676555.region001	region	1	2744	FAM_00377
cpsnj14_SemiBin_44.fa.gz_k141_60692.region001.gbk_region_1	cpsnj14_SemiBin_44.fa.gz_k141_60692.region001	region	1	2744	FAM_00377
cpsnj10_SemiBin_112.fa.gz_k141_1671942.region001.gbk_region_1	cpsnj10_SemiBin_112.fa.gz_k141_1671942.region001	region	1	2748	FAM_00378
snj14_SemiBin_22.fa.gz_k141_1273824.region001.gbk_region_1	snj14_SemiBin_22.fa.gz_k141_1273824.region001	region	1	2748	FAM_00378
cpsnj16_SemiBin_71.fa.gz_k141_168955.region001.gbk_region_1	cpsnj16_SemiBin_71.fa.gz_k141_168955.region001	region	1	2748	FAM_00378
cpsnj14_SemiBin_42.fa.gz_k141_1549796.region001.gbk_region_1	cpsnj14_SemiBin_42.fa.gz_k141_1549796.region001	region	1	2748	FAM_00378
snj16_SemiBin_8.fa.gz_k141_145648.region001.gbk_region_1	snj16_SemiBin_8.fa.gz_k141_145648.region001	region	1	2748	FAM_00378
cpsnj11_SemiBin_83.fa.gz_k141_798266.region001.gbk_region_1	cpsnj11_SemiBin_83.fa.gz_k141_798266.region001	region	1	2748	FAM_00378
snj16_SemiBin_23.fa.gz_k141_562443.region001.gbk_region_1	snj16_SemiBin_23.fa.gz_k141_562443.region001	region	1	2772	FAM_00379
cpsnj19_SemiBin_16.fa.gz_k141_1788404.region001.gbk_region_1	cpsnj19_SemiBin_16.fa.gz_k141_1788404.region001	region	1	2772	FAM_00379
snj11_SemiBin_119.fa.gz_k141_1237502.region001.gbk_region_1	snj11_SemiBin_119.fa.gz_k141_1237502.region001	region	1	2772	FAM_00379
snj03_SemiBin_31.fa.gz_k141_2570251.region001.gbk_region_1	snj03_SemiBin_31.fa.gz_k141_2570251.region001	region	1	2772	FAM_00379
cpsnj19_SemiBin_68.fa.gz_k141_1722339.region001.gbk_region_1	cpsnj19_SemiBin_68.fa.gz_k141_1722339.region001	region	1	2772	FAM_00379
cpsnj19_SemiBin_68.fa.gz_k141_2635156.region001.gbk_region_1	cpsnj19_SemiBin_68.fa.gz_k141_2635156.region001	region	1	2772	FAM_00379
cpsnj11_SemiBin_80.fa.gz_k141_2720494.region001.gbk_region_1	cpsnj11_SemiBin_80.fa.gz_k141_2720494.region001	region	1	2772	FAM_00379
sample21_SemiBin_77.fa.gz_k141_1136957.region001.gbk_region_1	sample21_SemiBin_77.fa.gz_k141_1136957.region001	region	1	2772	FAM_00379
snj14_SemiBin_52.fa.gz_k141_547065.region001.gbk_region_1	snj14_SemiBin_52.fa.gz_k141_547065.region001	region	1	2772	FAM_00379
cpsnj08_SemiBin_29.fa.gz_k141_142333.region001.gbk_region_1	cpsnj08_SemiBin_29.fa.gz_k141_142333.region001	region	1	2772	FAM_00379
snj09_SemiBin_17.fa.gz_k141_2062446.region001.gbk_region_1	snj09_SemiBin_17.fa.gz_k141_2062446.region001	region	1	2772	FAM_00379
cpsnj14_SemiBin_44.fa.gz_k141_2823328.region001.gbk_region_1	cpsnj14_SemiBin_44.fa.gz_k141_2823328.region001	region	1	2772	FAM_00379
sample7_SemiBin_28.fa.gz_k141_535524.region001.gbk_region_1	sample7_SemiBin_28.fa.gz_k141_535524.region001	region	1	2772	FAM_00379
snj19_SemiBin_32.fa.gz_k141_1082249.region001.gbk_region_1	snj19_SemiBin_32.fa.gz_k141_1082249.region001	region	1	2772	FAM_00379
sample16_SemiBin_48.fa.gz_k141_4853226.region001.gbk_region_1	sample16_SemiBin_48.fa.gz_k141_4853226.region001	region	1	2772	FAM_00379
cpsnj04_SemiBin_29.fa.gz_k141_142333.region001.gbk_region_1	cpsnj04_SemiBin_29.fa.gz_k141_142333.region001	region	1	2772	FAM_00379
sample23_SemiBin_16.fa.gz_k141_5130851.region001.gbk_region_1	sample23_SemiBin_16.fa.gz_k141_5130851.region001	region	1	2772	FAM_00380
sample21_SemiBin_77.fa.gz_k141_250999.region001.gbk_region_1	sample21_SemiBin_77.fa.gz_k141_250999.region001	region	1	2772	FAM_00380
snj13_SemiBin_7.fa.gz_k141_1716475.region001.gbk_region_1	snj13_SemiBin_7.fa.gz_k141_1716475.region001	region	1	2780	FAM_00381
cpsnj11_SemiBin_84.fa.gz_k141_138770.region001.gbk_region_1	cpsnj11_SemiBin_84.fa.gz_k141_138770.region001	region	1	2780	FAM_00381
snj03_SemiBin_36.fa.gz_k141_1308521.region001.gbk_region_1	snj03_SemiBin_36.fa.gz_k141_1308521.region001	region	1	2792	FAM_00382
cpsnj19_SemiBin_1.fa.gz_k141_1483190.region001.gbk_region_1	cpsnj19_SemiBin_1.fa.gz_k141_1483190.region001	region	1	2792	FAM_00382
cpsnj14_SemiBin_44.fa.gz_k141_1454104.region001.gbk_region_1	cpsnj14_SemiBin_44.fa.gz_k141_1454104.region001	region	1	2808	FAM_00383
cpsnj11_SemiBin_7.fa.gz_k141_2285100.region001.gbk_region_1	cpsnj11_SemiBin_7.fa.gz_k141_2285100.region001	region	1	2808	FAM_00383
snj14_SemiBin_52.fa.gz_k141_595156.region001.gbk_region_1	snj14_SemiBin_52.fa.gz_k141_595156.region001	region	1	2808	FAM_00383
snj16_SemiBin_23.fa.gz_k141_266800.region001.gbk_region_1	snj16_SemiBin_23.fa.gz_k141_266800.region001	region	1	2808	FAM_00383
snj15_SemiBin_0.fa.gz_k141_435179.region001.gbk_region_1	snj15_SemiBin_0.fa.gz_k141_435179.region001	region	1	2872	FAM_00384
sample17_SemiBin_71.fa.gz_k141_3931875.region001.gbk_region_1	sample17_SemiBin_71.fa.gz_k141_3931875.region001	region	1	2872	FAM_00384
sample13_SemiBin_10.fa.gz_k141_4088966.region001.gbk_region_1	sample13_SemiBin_10.fa.gz_k141_4088966.region001	region	1	2872	FAM_00384
cpsnj14_SemiBin_44.fa.gz_k141_2368671.region001.gbk_region_1	cpsnj14_SemiBin_44.fa.gz_k141_2368671.region001	region	1	2884	FAM_00385
snj16_SemiBin_23.fa.gz_k141_2875226.region001.gbk_region_1	snj16_SemiBin_23.fa.gz_k141_2875226.region001	region	1	2884	FAM_00385
snj16_SemiBin_23.fa.gz_k141_3316186.region001.gbk_region_1	snj16_SemiBin_23.fa.gz_k141_3316186.region001	region	1	2884	FAM_00385
snj14_SemiBin_52.fa.gz_k141_965564.region001.gbk_region_1	snj14_SemiBin_52.fa.gz_k141_965564.region001	region	1	2884	FAM_00385
sample7_SemiBin_11.fa.gz_k141_3341326.region001.gbk_region_1	sample7_SemiBin_11.fa.gz_k141_3341326.region001	region	1	2888	FAM_00386
cpsnj19_SemiBin_65.fa.gz_k141_13788.region001.gbk_region_1	cpsnj19_SemiBin_65.fa.gz_k141_13788.region001	region	1	2888	FAM_00386
cpsnj03_SemiBin_78.fa.gz_k141_533402.region001.gbk_region_1	cpsnj03_SemiBin_78.fa.gz_k141_533402.region001	region	1	2888	FAM_00386
snj19_SemiBin_71.fa.gz_k141_2354951.region001.gbk_region_1	snj19_SemiBin_71.fa.gz_k141_2354951.region001	region	1	2888	FAM_00386
sample28_SemiBin_4.fa.gz_k141_2745738.region001.gbk_region_1	sample28_SemiBin_4.fa.gz_k141_2745738.region001	region	1	2888	FAM_00386
cpsnj03_SemiBin_78.fa.gz_k141_73206.region001.gbk_region_1	cpsnj03_SemiBin_78.fa.gz_k141_73206.region001	region	1	2888	FAM_00386
cpsnj20_SemiBin_34.fa.gz_k141_1817706.region001.gbk_region_1	cpsnj20_SemiBin_34.fa.gz_k141_1817706.region001	region	1	2888	FAM_00386
sample15_SemiBin_62.fa.gz_k141_4804248.region001.gbk_region_1	sample15_SemiBin_62.fa.gz_k141_4804248.region001	region	1	2888	FAM_00386
cpsnj20_SemiBin_34.fa.gz_k141_1672852.region001.gbk_region_1	cpsnj20_SemiBin_34.fa.gz_k141_1672852.region001	region	1	2888	FAM_00386
sample10_SemiBin_51.fa.gz_k141_3221219.region001.gbk_region_1	sample10_SemiBin_51.fa.gz_k141_3221219.region001	region	1	2892	FAM_00387
sample17_SemiBin_131.fa.gz_k141_4400407.region001.gbk_region_1	sample17_SemiBin_131.fa.gz_k141_4400407.region001	region	1	2892	FAM_00387
cpsnj20_SemiBin_4.fa.gz_k141_2220525.region001.gbk_region_1	cpsnj20_SemiBin_4.fa.gz_k141_2220525.region001	region	1	3028	FAM_00388
sample26_SemiBin_46.fa.gz_k141_1042277.region001.gbk_region_1	sample26_SemiBin_46.fa.gz_k141_1042277.region001	region	1	3028	FAM_00388
cpsnj13_SemiBin_66.fa.gz_k141_3333021.region001.gbk_region_1	cpsnj13_SemiBin_66.fa.gz_k141_3333021.region001	region	1	3028	FAM_00388
snj03_SemiBin_2.fa.gz_k141_1949148.region001.gbk_region_1	snj03_SemiBin_2.fa.gz_k141_1949148.region001	region	1	3092	FAM_00389
sample23_SemiBin_98.fa.gz_k141_4019750.region001.gbk_region_1	sample23_SemiBin_98.fa.gz_k141_4019750.region001	region	1	3092	FAM_00389
cpsnj04_SemiBin_3.fa.gz_k141_2117805.region001.gbk_region_1	cpsnj04_SemiBin_3.fa.gz_k141_2117805.region001	region	1	3092	FAM_00389
cpsnj08_SemiBin_3.fa.gz_k141_2117805.region001.gbk_region_1	cpsnj08_SemiBin_3.fa.gz_k141_2117805.region001	region	1	3092	FAM_00389
sample9_SemiBin_20.fa.gz_k141_2755076.region001.gbk_region_1	sample9_SemiBin_20.fa.gz_k141_2755076.region001	region	1	3096	FAM_00390
sample5_SemiBin_88.fa.gz_k141_1781461.region001.gbk_region_1	sample5_SemiBin_88.fa.gz_k141_1781461.region001	region	1	3096	FAM_00390
sample8_SemiBin_16.fa.gz_k141_2189544.region001.gbk_region_1	sample8_SemiBin_16.fa.gz_k141_2189544.region001	region	1	3096	FAM_00390
cpsnj16_SemiBin_6.fa.gz_k141_2916312.region001.gbk_region_1	cpsnj16_SemiBin_6.fa.gz_k141_2916312.region001	region	1	3149	FAM_00391
snj20_SemiBin_24.fa.gz_k141_2062125.region001.gbk_region_1	snj20_SemiBin_24.fa.gz_k141_2062125.region001	region	1	3149	FAM_00391
snj16_SemiBin_36.fa.gz_k141_2935254.region001.gbk_region_1	snj16_SemiBin_36.fa.gz_k141_2935254.region001	region	1	3149	FAM_00391
sample20_SemiBin_20.fa.gz_k141_2819531.region001.gbk_region_1	sample20_SemiBin_20.fa.gz_k141_2819531.region001	region	1	3149	FAM_00391
sample24_SemiBin_58.fa.gz_k141_158899.region001.gbk_region_1	sample24_SemiBin_58.fa.gz_k141_158899.region001	region	1	3149	FAM_00392
cpsnj19_SemiBin_60.fa.gz_k141_1956487.region001.gbk_region_1	cpsnj19_SemiBin_60.fa.gz_k141_1956487.region001	region	1	3149	FAM_00392
cpsnj19_SemiBin_60.fa.gz_k141_2750723.region001.gbk_region_1	cpsnj19_SemiBin_60.fa.gz_k141_2750723.region001	region	1	3149	FAM_00392
snj03_SemiBin_15.fa.gz_k141_1655803.region001.gbk_region_1	snj03_SemiBin_15.fa.gz_k141_1655803.region001	region	1	3149	FAM_00392
snj14_SemiBin_52.fa.gz_k141_973055.region001.gbk_region_1	snj14_SemiBin_52.fa.gz_k141_973055.region001	region	1	3157	FAM_00393
snj16_SemiBin_23.fa.gz_k141_1874475.region001.gbk_region_1	snj16_SemiBin_23.fa.gz_k141_1874475.region001	region	1	3157	FAM_00393
cpsnj14_SemiBin_44.fa.gz_k141_2536701.region001.gbk_region_1	cpsnj14_SemiBin_44.fa.gz_k141_2536701.region001	region	1	3157	FAM_00393
snj08_SemiBin_13.fa.gz_k141_1315627.region001.gbk_region_1	snj08_SemiBin_13.fa.gz_k141_1315627.region001	region	1	3169	FAM_00394
cpsnj15_SemiBin_9.fa.gz_k141_1512572.region001.gbk_region_1	cpsnj15_SemiBin_9.fa.gz_k141_1512572.region001	region	1	3169	FAM_00394
cpsnj14_SemiBin_44.fa.gz_k141_3728120.region001.gbk_region_1	cpsnj14_SemiBin_44.fa.gz_k141_3728120.region001	region	1	3225	FAM_00395
cpsnj11_SemiBin_80.fa.gz_k141_3243434.region001.gbk_region_1	cpsnj11_SemiBin_80.fa.gz_k141_3243434.region001	region	1	3225	FAM_00395
snj14_SemiBin_52.fa.gz_k141_1914098.region001.gbk_region_1	snj14_SemiBin_52.fa.gz_k141_1914098.region001	region	1	3225	FAM_00395
snj16_SemiBin_23.fa.gz_k141_3409811.region001.gbk_region_1	snj16_SemiBin_23.fa.gz_k141_3409811.region001	region	1	3225	FAM_00395
cpsnj14_SemiBin_44.fa.gz_k141_893880.region001.gbk_region_1	cpsnj14_SemiBin_44.fa.gz_k141_893880.region001	region	1	3253	FAM_00396
snj14_SemiBin_52.fa.gz_k141_1157638.region001.gbk_region_1	snj14_SemiBin_52.fa.gz_k141_1157638.region001	region	1	3253	FAM_00396
snj16_SemiBin_23.fa.gz_k141_644806.region001.gbk_region_1	snj16_SemiBin_23.fa.gz_k141_644806.region001	region	1	3253	FAM_00396
cpsnj11_SemiBin_80.fa.gz_k141_3271599.region001.gbk_region_1	cpsnj11_SemiBin_80.fa.gz_k141_3271599.region001	region	1	3253	FAM_00396
snj04_SemiBin_31.fa.gz_k141_536598.region001.gbk_region_1	snj04_SemiBin_31.fa.gz_k141_536598.region001	region	1	3261	FAM_00397
cpsnj08_SemiBin_19.fa.gz_k141_1906489.region001.gbk_region_1	cpsnj08_SemiBin_19.fa.gz_k141_1906489.region001	region	1	3261	FAM_00397
cpsnj04_SemiBin_19.fa.gz_k141_1906489.region001.gbk_region_1	cpsnj04_SemiBin_19.fa.gz_k141_1906489.region001	region	1	3261	FAM_00397
cpsnj08_SemiBin_1.fa.gz_k141_2451672.region001.gbk_region_1	cpsnj08_SemiBin_1.fa.gz_k141_2451672.region001	region	1	3265	FAM_00398
cpsnj04_SemiBin_1.fa.gz_k141_2451672.region001.gbk_region_1	cpsnj04_SemiBin_1.fa.gz_k141_2451672.region001	region	1	3265	FAM_00398
snj04_SemiBin_30.fa.gz_k141_2054126.region001.gbk_region_1	snj04_SemiBin_30.fa.gz_k141_2054126.region001	region	1	3265	FAM_00398
snj02_SemiBin_68.fa.gz_k141_414442.region001.gbk_region_1	snj02_SemiBin_68.fa.gz_k141_414442.region001	region	1	3277	FAM_00399
cpsnj02_SemiBin_19.fa.gz_k141_711803.region001.gbk_region_1	cpsnj02_SemiBin_19.fa.gz_k141_711803.region001	region	1	3277	FAM_00399
cpsnj02_SemiBin_19.fa.gz_k141_519719.region001.gbk_region_1	cpsnj02_SemiBin_19.fa.gz_k141_519719.region001	region	1	3277	FAM_00399
snj04_SemiBin_4.fa.gz_k141_1565548.region001.gbk_region_1	snj04_SemiBin_4.fa.gz_k141_1565548.region001	region	1	3329	FAM_00400
cpsnj08_SemiBin_14.fa.gz_k141_1990131.region001.gbk_region_1	cpsnj08_SemiBin_14.fa.gz_k141_1990131.region001	region	1	3329	FAM_00400
cpsnj04_SemiBin_14.fa.gz_k141_1990131.region001.gbk_region_1	cpsnj04_SemiBin_14.fa.gz_k141_1990131.region001	region	1	3329	FAM_00400
sample17_SemiBin_131.fa.gz_k141_3377058.region001.gbk_region_1	sample17_SemiBin_131.fa.gz_k141_3377058.region001	region	1	3369	FAM_00401
sample10_SemiBin_51.fa.gz_k141_3289287.region001.gbk_region_1	sample10_SemiBin_51.fa.gz_k141_3289287.region001	region	1	3369	FAM_00401
sample10_SemiBin_25.fa.gz_k141_299325.region001.gbk_region_1	sample10_SemiBin_25.fa.gz_k141_299325.region001	region	1	3369	FAM_00401
sample22_SemiBin_137.fa.gz_k141_5455666.region001.gbk_region_1	sample22_SemiBin_137.fa.gz_k141_5455666.region001	region	1	3377	FAM_00402
sample17_SemiBin_131.fa.gz_k141_1529034.region001.gbk_region_1	sample17_SemiBin_131.fa.gz_k141_1529034.region001	region	1	3377	FAM_00402
cpsnj08_SemiBin_19.fa.gz_k141_2563158.region001.gbk_region_1	cpsnj08_SemiBin_19.fa.gz_k141_2563158.region001	region	1	3381	FAM_00403
snj04_SemiBin_31.fa.gz_k141_1820722.region001.gbk_region_1	snj04_SemiBin_31.fa.gz_k141_1820722.region001	region	1	3381	FAM_00403
cpsnj04_SemiBin_19.fa.gz_k141_2563158.region001.gbk_region_1	cpsnj04_SemiBin_19.fa.gz_k141_2563158.region001	region	1	3381	FAM_00403
sample18_SemiBin_55.fa.gz_k141_3760590.region001.gbk_region_1	sample18_SemiBin_55.fa.gz_k141_3760590.region001	region	1	3417	FAM_00404
sample1_SemiBin_68.fa.gz_k141_2066895.region001.gbk_region_1	sample1_SemiBin_68.fa.gz_k141_2066895.region001	region	1	3417	FAM_00404
sample22_SemiBin_111.fa.gz_k141_450266.region001.gbk_region_1	sample22_SemiBin_111.fa.gz_k141_450266.region001	region	1	3417	FAM_00404
sample11_SemiBin_4.fa.gz_k141_4913964.region001.gbk_region_1	sample11_SemiBin_4.fa.gz_k141_4913964.region001	region	1	3421	FAM_00405
sample10_SemiBin_57.fa.gz_k141_5035811.region001.gbk_region_1	sample10_SemiBin_57.fa.gz_k141_5035811.region001	region	1	3421	FAM_00405
sample12_SemiBin_9.fa.gz_k141_1678685.region001.gbk_region_1	sample12_SemiBin_9.fa.gz_k141_1678685.region001	region	1	3421	FAM_00405
snj13_SemiBin_5.fa.gz_k141_745212.region001.gbk_region_1	snj13_SemiBin_5.fa.gz_k141_745212.region001	region	1	3421	FAM_00405
sample26_SemiBin_1.fa.gz_k141_6299658.region001.gbk_region_1	sample26_SemiBin_1.fa.gz_k141_6299658.region001	region	1	3421	FAM_00405
sample12_SemiBin_9.fa.gz_k141_2018833.region001.gbk_region_1	sample12_SemiBin_9.fa.gz_k141_2018833.region001	region	1	3421	FAM_00405
sample22_SemiBin_88.fa.gz_k141_3637753.region001.gbk_region_1	sample22_SemiBin_88.fa.gz_k141_3637753.region001	region	1	3481	FAM_00406
sample10_SemiBin_10.fa.gz_k141_3862804.region001.gbk_region_1	sample10_SemiBin_10.fa.gz_k141_3862804.region001	region	1	3481	FAM_00406
sample23_SemiBin_27.fa.gz_k141_1124665.region001.gbk_region_1	sample23_SemiBin_27.fa.gz_k141_1124665.region001	region	1	3481	FAM_00406
snj04_SemiBin_30.fa.gz_k141_26122.region001.gbk_region_1	snj04_SemiBin_30.fa.gz_k141_26122.region001	region	1	3481	FAM_00406
sample2_SemiBin_46.fa.gz_k141_2354205.region001.gbk_region_1	sample2_SemiBin_46.fa.gz_k141_2354205.region001	region	1	3481	FAM_00406
sample21_SemiBin_44.fa.gz_k141_137542.region001.gbk_region_1	sample21_SemiBin_44.fa.gz_k141_137542.region001	region	1	3481	FAM_00406
sample7_SemiBin_116.fa.gz_k141_3116125.region001.gbk_region_1	sample7_SemiBin_116.fa.gz_k141_3116125.region001	region	1	3481	FAM_00406
sample15_SemiBin_268.fa.gz_k141_2354180.region001.gbk_region_1	sample15_SemiBin_268.fa.gz_k141_2354180.region001	region	1	3481	FAM_00406
cpsnj04_SemiBin_14.fa.gz_k141_2021770.region001.gbk_region_1	cpsnj04_SemiBin_14.fa.gz_k141_2021770.region001	region	1	3493	FAM_00407
cpsnj08_SemiBin_14.fa.gz_k141_2021770.region001.gbk_region_1	cpsnj08_SemiBin_14.fa.gz_k141_2021770.region001	region	1	3493	FAM_00407
sample10_SemiBin_3.fa.gz_k141_676252.region001.gbk_region_1	sample10_SemiBin_3.fa.gz_k141_676252.region001	region	1	3569	FAM_00408
cpsnj10_SemiBin_253.fa.gz_k141_1835819.region001.gbk_region_1	cpsnj10_SemiBin_253.fa.gz_k141_1835819.region001	region	1	3569	FAM_00408
sample15_SemiBin_80.fa.gz_k141_2360347.region001.gbk_region_1	sample15_SemiBin_80.fa.gz_k141_2360347.region001	region	1	3581	FAM_00409
sample7_SemiBin_41.fa.gz_k141_5372560.region001.gbk_region_1	sample7_SemiBin_41.fa.gz_k141_5372560.region001	region	1	3581	FAM_00409
sample1_SemiBin_35.fa.gz_k141_1324920.region001.gbk_region_1	sample1_SemiBin_35.fa.gz_k141_1324920.region001	region	1	3585	FAM_00410
sample1_SemiBin_35.fa.gz_k141_2621767.region001.gbk_region_1	sample1_SemiBin_35.fa.gz_k141_2621767.region001	region	1	3585	FAM_00410
sample3_SemiBin_37.fa.gz_k141_2236430.region001.gbk_region_1	sample3_SemiBin_37.fa.gz_k141_2236430.region001	region	1	3585	FAM_00410
sample4_SemiBin_50.fa.gz_k141_612888.region001.gbk_region_1	sample4_SemiBin_50.fa.gz_k141_612888.region001	region	1	3585	FAM_00410
cpsnj13_SemiBin_73.fa.gz_k141_3222458.region001.gbk_region_1	cpsnj13_SemiBin_73.fa.gz_k141_3222458.region001	region	1	3605	FAM_00411
cpsnj11_SemiBin_126.fa.gz_k141_3729114.region001.gbk_region_1	cpsnj11_SemiBin_126.fa.gz_k141_3729114.region001	region	1	3605	FAM_00411
snj04_SemiBin_31.fa.gz_k141_2109854.region001.gbk_region_1	snj04_SemiBin_31.fa.gz_k141_2109854.region001	region	1	3641	FAM_00412
cpsnj08_SemiBin_19.fa.gz_k141_2719323.region001.gbk_region_1	cpsnj08_SemiBin_19.fa.gz_k141_2719323.region001	region	1	3641	FAM_00412
sample28_SemiBin_46.fa.gz_k141_1323280.region001.gbk_region_1	sample28_SemiBin_46.fa.gz_k141_1323280.region001	region	1	3641	FAM_00412
cpsnj04_SemiBin_19.fa.gz_k141_2719323.region001.gbk_region_1	cpsnj04_SemiBin_19.fa.gz_k141_2719323.region001	region	1	3641	FAM_00412
sample2_SemiBin_39.fa.gz_k141_1918188.region001.gbk_region_1	sample2_SemiBin_39.fa.gz_k141_1918188.region001	region	1	3673	FAM_00413
sample19_SemiBin_51.fa.gz_k141_5525767.region001.gbk_region_1	sample19_SemiBin_51.fa.gz_k141_5525767.region001	region	1	3673	FAM_00413
sample13_SemiBin_86.fa.gz_k141_3162441.region001.gbk_region_1	sample13_SemiBin_86.fa.gz_k141_3162441.region001	region	1	3685	FAM_00414
sample13_SemiBin_86.fa.gz_k141_3162281.region001.gbk_region_1	sample13_SemiBin_86.fa.gz_k141_3162281.region001	region	1	3685	FAM_00414
cpsnj04_SemiBin_15.fa.gz_k141_1794586.region001.gbk_region_1	cpsnj04_SemiBin_15.fa.gz_k141_1794586.region001	region	1	3705	FAM_00415
cpsnj08_SemiBin_15.fa.gz_k141_1794586.region001.gbk_region_1	cpsnj08_SemiBin_15.fa.gz_k141_1794586.region001	region	1	3705	FAM_00415
cpsnj16_SemiBin_62.fa.gz_k141_2721566.region001.gbk_region_1	cpsnj16_SemiBin_62.fa.gz_k141_2721566.region001	region	1	3705	FAM_00415
snj16_SemiBin_58.fa.gz_k141_2804966.region001.gbk_region_1	snj16_SemiBin_58.fa.gz_k141_2804966.region001	region	1	3705	FAM_00415
snj16_SemiBin_58.fa.gz_k141_3180075.region001.gbk_region_1	snj16_SemiBin_58.fa.gz_k141_3180075.region001	region	1	3713	FAM_00416
cpsnj16_SemiBin_62.fa.gz_k141_3164085.region001.gbk_region_1	cpsnj16_SemiBin_62.fa.gz_k141_3164085.region001	region	1	3713	FAM_00416
snj13_SemiBin_7.fa.gz_k141_839349.region001.gbk_region_1	snj13_SemiBin_7.fa.gz_k141_839349.region001	region	1	3814	FAM_00417
cpsnj11_SemiBin_84.fa.gz_k141_3761842.region001.gbk_region_1	cpsnj11_SemiBin_84.fa.gz_k141_3761842.region001	region	1	3814	FAM_00417
sample6_SemiBin_30.fa.gz_k141_5366932.region001.gbk_region_1	sample6_SemiBin_30.fa.gz_k141_5366932.region001	region	1	3830	FAM_00418
sample29_SemiBin_37.fa.gz_k141_5435872.region001.gbk_region_1	sample29_SemiBin_37.fa.gz_k141_5435872.region001	region	1	3830	FAM_00418
sample21_SemiBin_83.fa.gz_k141_2001613.region001.gbk_region_1	sample21_SemiBin_83.fa.gz_k141_2001613.region001	region	1	3830	FAM_00418
sample27_SemiBin_44.fa.gz_k141_2920182.region001.gbk_region_1	sample27_SemiBin_44.fa.gz_k141_2920182.region001	region	1	3830	FAM_00418
snj03_SemiBin_107.fa.gz_k141_2122892.region001.gbk_region_1	snj03_SemiBin_107.fa.gz_k141_2122892.region001	region	1	3838	FAM_00419
snj13_SemiBin_33.fa.gz_k141_1502783.region001.gbk_region_1	snj13_SemiBin_33.fa.gz_k141_1502783.region001	region	1	3838	FAM_00419
cpsnj03_SemiBin_77.fa.gz_k141_716989.region001.gbk_region_1	cpsnj03_SemiBin_77.fa.gz_k141_716989.region001	region	1	3838	FAM_00419
snj11_SemiBin_32.fa.gz_k141_1192561.region001.gbk_region_1	snj11_SemiBin_32.fa.gz_k141_1192561.region001	region	1	3838	FAM_00419
snj08_SemiBin_31.fa.gz_k141_325041.region001.gbk_region_1	snj08_SemiBin_31.fa.gz_k141_325041.region001	region	1	3838	FAM_00419
snj01_SemiBin_23.fa.gz_k141_585156.region001.gbk_region_1	snj01_SemiBin_23.fa.gz_k141_585156.region001	region	1	3850	FAM_00420
cpsnj01_SemiBin_41.fa.gz_k141_1699365.region001.gbk_region_1	cpsnj01_SemiBin_41.fa.gz_k141_1699365.region001	region	1	3850	FAM_00420
snj04_SemiBin_56.fa.gz_k141_1901323.region001.gbk_region_1	snj04_SemiBin_56.fa.gz_k141_1901323.region001	region	1	3886	FAM_00421
sample20_SemiBin_95.fa.gz_k141_2372341.region001.gbk_region_1	sample20_SemiBin_95.fa.gz_k141_2372341.region001	region	1	3886	FAM_00421
sample20_SemiBin_95.fa.gz_k141_2998722.region001.gbk_region_1	sample20_SemiBin_95.fa.gz_k141_2998722.region001	region	1	3886	FAM_00421
cpsnj14_SemiBin_129.fa.gz_k141_2666663.region001.gbk_region_1	cpsnj14_SemiBin_129.fa.gz_k141_2666663.region001	region	1	3954	FAM_00422
snj14_SemiBin_45.fa.gz_k141_2083790.region001.gbk_region_1	snj14_SemiBin_45.fa.gz_k141_2083790.region001	region	1	3954	FAM_00422
snj04_SemiBin_4.fa.gz_k141_1418857.region001.gbk_region_1	snj04_SemiBin_4.fa.gz_k141_1418857.region001	region	1	3958	FAM_00423
cpsnj08_SemiBin_14.fa.gz_k141_1212197.region001.gbk_region_1	cpsnj08_SemiBin_14.fa.gz_k141_1212197.region001	region	1	3958	FAM_00423
cpsnj04_SemiBin_14.fa.gz_k141_1212197.region001.gbk_region_1	cpsnj04_SemiBin_14.fa.gz_k141_1212197.region001	region	1	3958	FAM_00423
snj14_SemiBin_52.fa.gz_k141_2936575.region001.gbk_region_1	snj14_SemiBin_52.fa.gz_k141_2936575.region001	region	1	3970	FAM_00424
cpsnj11_SemiBin_80.fa.gz_k141_803634.region001.gbk_region_1	cpsnj11_SemiBin_80.fa.gz_k141_803634.region001	region	1	3970	FAM_00424
sample15_SemiBin_72.fa.gz_k141_629245.region001.gbk_region_1	sample15_SemiBin_72.fa.gz_k141_629245.region001	region	1	3990	FAM_00425
sample22_SemiBin_101.fa.gz_k141_130996.region001.gbk_region_1	sample22_SemiBin_101.fa.gz_k141_130996.region001	region	1	3990	FAM_00425
sample18_SemiBin_77.fa.gz_k141_2110408.region001.gbk_region_1	sample18_SemiBin_77.fa.gz_k141_2110408.region001	region	1	4042	FAM_00426
sample4_SemiBin_20.fa.gz_k141_2622201.region001.gbk_region_1	sample4_SemiBin_20.fa.gz_k141_2622201.region001	region	1	4042	FAM_00426
sample3_SemiBin_24.fa.gz_k141_2536891.region001.gbk_region_1	sample3_SemiBin_24.fa.gz_k141_2536891.region001	region	1	4042	FAM_00426
cpsnj11_SemiBin_113.fa.gz_k141_522226.region001.gbk_region_1	cpsnj11_SemiBin_113.fa.gz_k141_522226.region001	region	1	4042	FAM_00426
sample17_SemiBin_7.fa.gz_k141_2430975.region001.gbk_region_1	sample17_SemiBin_7.fa.gz_k141_2430975.region001	region	1	4042	FAM_00426
cpsnj11_SemiBin_113.fa.gz_k141_2445033.region001.gbk_region_1	cpsnj11_SemiBin_113.fa.gz_k141_2445033.region001	region	1	4042	FAM_00426
sample16_SemiBin_11.fa.gz_k141_4124196.region001.gbk_region_1	sample16_SemiBin_11.fa.gz_k141_4124196.region001	region	1	4058	FAM_00427
sample7_SemiBin_35.fa.gz_k141_5919589.region001.gbk_region_1	sample7_SemiBin_35.fa.gz_k141_5919589.region001	region	1	4058	FAM_00427
sample5_SemiBin_24.fa.gz_k141_2005860.region001.gbk_region_1	sample5_SemiBin_24.fa.gz_k141_2005860.region001	region	1	4058	FAM_00427
sample5_SemiBin_1.fa.gz_k141_192424.region001.gbk_region_1	sample5_SemiBin_1.fa.gz_k141_192424.region001	region	1	4058	FAM_00427
cpsnj01_SemiBin_76.fa.gz_k141_2723147.region001.gbk_region_1	cpsnj01_SemiBin_76.fa.gz_k141_2723147.region001	region	1	4058	FAM_00427
sample24_SemiBin_76.fa.gz_k141_1207438.region001.gbk_region_1	sample24_SemiBin_76.fa.gz_k141_1207438.region001	region	1	4058	FAM_00427
sample6_SemiBin_96.fa.gz_k141_6816497.region001.gbk_region_1	sample6_SemiBin_96.fa.gz_k141_6816497.region001	region	1	4058	FAM_00427
sample13_SemiBin_13.fa.gz_k141_1072778.region001.gbk_region_1	sample13_SemiBin_13.fa.gz_k141_1072778.region001	region	1	4058	FAM_00427
sample22_SemiBin_2.fa.gz_k141_1966672.region001.gbk_region_1	sample22_SemiBin_2.fa.gz_k141_1966672.region001	region	1	4058	FAM_00427
sample9_SemiBin_14.fa.gz_k141_4126898.region001.gbk_region_1	sample9_SemiBin_14.fa.gz_k141_4126898.region001	region	1	4058	FAM_00427
sample21_SemiBin_55.fa.gz_k141_2456509.region001.gbk_region_1	sample21_SemiBin_55.fa.gz_k141_2456509.region001	region	1	4058	FAM_00427
cpsnj19_SemiBin_45.fa.gz_k141_442215.region001.gbk_region_1	cpsnj19_SemiBin_45.fa.gz_k141_442215.region001	region	1	4058	FAM_00428
snj03_SemiBin_60.fa.gz_k141_561763.region001.gbk_region_1	snj03_SemiBin_60.fa.gz_k141_561763.region001	region	1	4058	FAM_00428
sample1_SemiBin_57.fa.gz_k141_56516.region001.gbk_region_1	sample1_SemiBin_57.fa.gz_k141_56516.region001	region	1	4094	FAM_00429
snj04_SemiBin_8.fa.gz_k141_2021392.region001.gbk_region_1	snj04_SemiBin_8.fa.gz_k141_2021392.region001	region	1	4094	FAM_00429
snj16_SemiBin_7.fa.gz_k141_856996.region001.gbk_region_1	snj16_SemiBin_7.fa.gz_k141_856996.region001	region	1	4094	FAM_00429
sample28_SemiBin_75.fa.gz_k141_1730243.region001.gbk_region_1	sample28_SemiBin_75.fa.gz_k141_1730243.region001	region	1	4098	FAM_00430
sample5_SemiBin_100.fa.gz_k141_2635768.region001.gbk_region_1	sample5_SemiBin_100.fa.gz_k141_2635768.region001	region	1	4098	FAM_00430
sample10_SemiBin_3.fa.gz_k141_2757221.region001.gbk_region_1	sample10_SemiBin_3.fa.gz_k141_2757221.region001	region	1	4098	FAM_00430
sample5_SemiBin_81.fa.gz_k141_1595582.region001.gbk_region_1	sample5_SemiBin_81.fa.gz_k141_1595582.region001	region	1	4158	FAM_00431
sample16_SemiBin_27.fa.gz_k141_2900754.region001.gbk_region_1	sample16_SemiBin_27.fa.gz_k141_2900754.region001	region	1	4158	FAM_00431
sample28_SemiBin_80.fa.gz_k141_1374142.region001.gbk_region_1	sample28_SemiBin_80.fa.gz_k141_1374142.region001	region	1	4158	FAM_00431
cpsnj11_SemiBin_58.fa.gz_k141_2602858.region001.gbk_region_1	cpsnj11_SemiBin_58.fa.gz_k141_2602858.region001	region	1	4182	FAM_00432
sample19_SemiBin_51.fa.gz_k141_3420953.region001.gbk_region_1	sample19_SemiBin_51.fa.gz_k141_3420953.region001	region	1	4182	FAM_00432
sample2_SemiBin_39.fa.gz_k141_2468429.region001.gbk_region_1	sample2_SemiBin_39.fa.gz_k141_2468429.region001	region	1	4182	FAM_00432
cpsnj01_SemiBin_18.fa.gz_k141_2334821.region001.gbk_region_1	cpsnj01_SemiBin_18.fa.gz_k141_2334821.region001	region	1	4186	FAM_00433
snj09_SemiBin_45.fa.gz_k141_814491.region001.gbk_region_1	snj09_SemiBin_45.fa.gz_k141_814491.region001	region	1	4186	FAM_00433
sample21_SemiBin_82.fa.gz_k141_541511.region001.gbk_region_1	sample21_SemiBin_82.fa.gz_k141_541511.region001	region	1	4198	FAM_00434
sample15_SemiBin_141.fa.gz_k141_1529782.region001.gbk_region_1	sample15_SemiBin_141.fa.gz_k141_1529782.region001	region	1	4198	FAM_00434
sample24_SemiBin_14.fa.gz_k141_296529.region001.gbk_region_1	sample24_SemiBin_14.fa.gz_k141_296529.region001	region	1	4198	FAM_00434
sample18_SemiBin_11.fa.gz_k141_1780441.region001.gbk_region_1	sample18_SemiBin_11.fa.gz_k141_1780441.region001	region	1	4198	FAM_00434
sample20_SemiBin_35.fa.gz_k141_4899674.region001.gbk_region_1	sample20_SemiBin_35.fa.gz_k141_4899674.region001	region	1	4198	FAM_00434
sample13_SemiBin_192.fa.gz_k141_246457.region001.gbk_region_1	sample13_SemiBin_192.fa.gz_k141_246457.region001	region	1	4198	FAM_00434
sample7_SemiBin_41.fa.gz_k141_3189221.region001.gbk_region_1	sample7_SemiBin_41.fa.gz_k141_3189221.region001	region	1	4198	FAM_00434
sample6_SemiBin_96.fa.gz_k141_816997.region001.gbk_region_1	sample6_SemiBin_96.fa.gz_k141_816997.region001	region	1	4198	FAM_00434
sample21_SemiBin_34.fa.gz_k141_5403791.region001.gbk_region_1	sample21_SemiBin_34.fa.gz_k141_5403791.region001	region	1	4242	FAM_00435
sample6_SemiBin_24.fa.gz_k141_2020123.region001.gbk_region_1	sample6_SemiBin_24.fa.gz_k141_2020123.region001	region	1	4242	FAM_00435
sample1_SemiBin_1.fa.gz_k141_923466.region001.gbk_region_1	sample1_SemiBin_1.fa.gz_k141_923466.region001	region	1	4242	FAM_00435
cpsnj16_SemiBin_62.fa.gz_k141_3565407.region001.gbk_region_1	cpsnj16_SemiBin_62.fa.gz_k141_3565407.region001	region	1	4251	FAM_00436
snj16_SemiBin_58.fa.gz_k141_3532911.region001.gbk_region_1	snj16_SemiBin_58.fa.gz_k141_3532911.region001	region	1	4251	FAM_00436
sample6_SemiBin_93.fa.gz_k141_6631459.region001.gbk_region_1	sample6_SemiBin_93.fa.gz_k141_6631459.region001	region	1	4293	FAM_00437
sample24_SemiBin_36.fa.gz_k141_5713662.region001.gbk_region_1	sample24_SemiBin_36.fa.gz_k141_5713662.region001	region	1	4293	FAM_00437
sample13_SemiBin_95.fa.gz_k141_2599713.region001.gbk_region_1	sample13_SemiBin_95.fa.gz_k141_2599713.region001	region	1	4325	FAM_00438
sample6_SemiBin_65.fa.gz_k141_5511190.region001.gbk_region_1	sample6_SemiBin_65.fa.gz_k141_5511190.region001	region	1	4325	FAM_00438
cpsnj04_SemiBin_14.fa.gz_k141_2459379.region001.gbk_region_1	cpsnj04_SemiBin_14.fa.gz_k141_2459379.region001	region	1	4337	FAM_00439
cpsnj08_SemiBin_14.fa.gz_k141_2459379.region001.gbk_region_1	cpsnj08_SemiBin_14.fa.gz_k141_2459379.region001	region	1	4337	FAM_00439
snj04_SemiBin_4.fa.gz_k141_304795.region001.gbk_region_1	snj04_SemiBin_4.fa.gz_k141_304795.region001	region	1	4337	FAM_00439
cpsnj14_SemiBin_27.fa.gz_k141_3003713.region001.gbk_region_1	cpsnj14_SemiBin_27.fa.gz_k141_3003713.region001	region	1	4405	FAM_00440
cpsnj11_SemiBin_33.fa.gz_k141_519200.region001.gbk_region_1	cpsnj11_SemiBin_33.fa.gz_k141_519200.region001	region	1	4405	FAM_00440
snj04_SemiBin_4.fa.gz_k141_5730.region001.gbk_region_1	snj04_SemiBin_4.fa.gz_k141_5730.region001	region	1	4421	FAM_00441
snj04_SemiBin_4.fa.gz_k141_1938190.region001.gbk_region_1	snj04_SemiBin_4.fa.gz_k141_1938190.region001	region	1	4421	FAM_00441
snj09_SemiBin_21.fa.gz_k141_1327202.region001.gbk_region_1	snj09_SemiBin_21.fa.gz_k141_1327202.region001	region	1	4438	FAM_00442
cpsnj13_SemiBin_2.fa.gz_k141_3430419.region001.gbk_region_1	cpsnj13_SemiBin_2.fa.gz_k141_3430419.region001	region	1	4438	FAM_00442
cpsnj09_SemiBin_53.fa.gz_k141_2594292.region001.gbk_region_1	cpsnj09_SemiBin_53.fa.gz_k141_2594292.region001	region	1	4438	FAM_00442
sample5_SemiBin_88.fa.gz_k141_2148512.region001.gbk_region_1	sample5_SemiBin_88.fa.gz_k141_2148512.region001	region	1	4466	FAM_00443
sample3_SemiBin_17.fa.gz_k141_1466921.region001.gbk_region_1	sample3_SemiBin_17.fa.gz_k141_1466921.region001	region	1	4466	FAM_00443
cpsnj09_SemiBin_65.fa.gz_k141_1326354.region001.gbk_region_1	cpsnj09_SemiBin_65.fa.gz_k141_1326354.region001	region	1	4466	FAM_00443
cpsnj10_SemiBin_32.fa.gz_k141_588283.region001.gbk_region_1	cpsnj10_SemiBin_32.fa.gz_k141_588283.region001	region	1	4466	FAM_00443
sample9_SemiBin_20.fa.gz_k141_702562.region001.gbk_region_1	sample9_SemiBin_20.fa.gz_k141_702562.region001	region	1	4466	FAM_00443
sample16_SemiBin_12.fa.gz_k141_5158320.region001.gbk_region_1	sample16_SemiBin_12.fa.gz_k141_5158320.region001	region	1	4490	FAM_00444
sample5_SemiBin_94.fa.gz_k141_1950520.region001.gbk_region_1	sample5_SemiBin_94.fa.gz_k141_1950520.region001	region	1	4490	FAM_00444
sample15_SemiBin_32.fa.gz_k141_4576131.region001.gbk_region_1	sample15_SemiBin_32.fa.gz_k141_4576131.region001	region	1	4490	FAM_00444
snj08_SemiBin_20.fa.gz_k141_373796.region001.gbk_region_1	snj08_SemiBin_20.fa.gz_k141_373796.region001	region	1	4588	FAM_00445
sample16_SemiBin_14.fa.gz_k141_4349853.region001.gbk_region_1	sample16_SemiBin_14.fa.gz_k141_4349853.region001	region	1	4588	FAM_00445
sample17_SemiBin_16.fa.gz_k141_3109357.region001.gbk_region_1	sample17_SemiBin_16.fa.gz_k141_3109357.region001	region	1	4588	FAM_00445
sample28_SemiBin_15.fa.gz_k141_3780575.region001.gbk_region_1	sample28_SemiBin_15.fa.gz_k141_3780575.region001	region	1	4588	FAM_00445
sample17_SemiBin_24.fa.gz_k141_4552142.region001.gbk_region_1	sample17_SemiBin_24.fa.gz_k141_4552142.region001	region	1	4588	FAM_00445
cpsnj08_SemiBin_1.fa.gz_k141_556785.region001.gbk_region_1	cpsnj08_SemiBin_1.fa.gz_k141_556785.region001	region	1	4620	FAM_00446
cpsnj04_SemiBin_1.fa.gz_k141_556785.region001.gbk_region_1	cpsnj04_SemiBin_1.fa.gz_k141_556785.region001	region	1	4620	FAM_00446
snj04_SemiBin_30.fa.gz_k141_242764.region001.gbk_region_1	snj04_SemiBin_30.fa.gz_k141_242764.region001	region	1	4620	FAM_00446
sample10_SemiBin_10.fa.gz_k141_5098147.region001.gbk_region_1	sample10_SemiBin_10.fa.gz_k141_5098147.region001	region	1	4620	FAM_00446
sample7_SemiBin_116.fa.gz_k141_4040484.region001.gbk_region_1	sample7_SemiBin_116.fa.gz_k141_4040484.region001	region	1	4620	FAM_00446
sample19_SemiBin_81.fa.gz_k141_4048411.region001.gbk_region_1	sample19_SemiBin_81.fa.gz_k141_4048411.region001	region	1	4720	FAM_00447
cpsnj19_SemiBin_3.fa.gz_k141_1321685.region001.gbk_region_1	cpsnj19_SemiBin_3.fa.gz_k141_1321685.region001	region	1	4720	FAM_00447
snj03_SemiBin_36.fa.gz_k141_2968385.region001.gbk_region_1	snj03_SemiBin_36.fa.gz_k141_2968385.region001	region	1	4772	FAM_00448
snj19_SemiBin_12.fa.gz_k141_2023214.region001.gbk_region_1	snj19_SemiBin_12.fa.gz_k141_2023214.region001	region	1	4772	FAM_00448
sample1_SemiBin_110.fa.gz_k141_106698.region001.gbk_region_1	sample1_SemiBin_110.fa.gz_k141_106698.region001	region	1	4844	FAM_00449
sample7_SemiBin_38.fa.gz_k141_144929.region001.gbk_region_1	sample7_SemiBin_38.fa.gz_k141_144929.region001	region	1	4844	FAM_00449
snj03_SemiBin_41.fa.gz_k141_374318.region001.gbk_region_1	snj03_SemiBin_41.fa.gz_k141_374318.region001	region	1	4905	FAM_00450
cpsnj03_SemiBin_81.fa.gz_k141_277936.region001.gbk_region_1	cpsnj03_SemiBin_81.fa.gz_k141_277936.region001	region	1	4905	FAM_00450
sample6_SemiBin_93.fa.gz_k141_6349705.region001.gbk_region_1	sample6_SemiBin_93.fa.gz_k141_6349705.region001	region	1	4933	FAM_00451
sample24_SemiBin_36.fa.gz_k141_1727284.region001.gbk_region_1	sample24_SemiBin_36.fa.gz_k141_1727284.region001	region	1	4933	FAM_00451
snj03_SemiBin_42.fa.gz_k141_103082.region001.gbk_region_1	snj03_SemiBin_42.fa.gz_k141_103082.region001	region	1	5009	FAM_00452
cpsnj16_SemiBin_36.fa.gz_k141_1881975.region001.gbk_region_1	cpsnj16_SemiBin_36.fa.gz_k141_1881975.region001	region	1	5009	FAM_00452
cpsnj01_SemiBin_3.fa.gz_k141_2120228.region001.gbk_region_1	cpsnj01_SemiBin_3.fa.gz_k141_2120228.region001	region	1	5009	FAM_00452
snj16_SemiBin_16.fa.gz_k141_1975242.region001.gbk_region_1	snj16_SemiBin_16.fa.gz_k141_1975242.region001	region	1	5009	FAM_00452
cpsnj10_SemiBin_109.fa.gz_k141_167544.region001.gbk_region_1	cpsnj10_SemiBin_109.fa.gz_k141_167544.region001	region	1	5021	FAM_00453
sample18_SemiBin_267.fa.gz_k141_4063903.region001.gbk_region_1	sample18_SemiBin_267.fa.gz_k141_4063903.region001	region	1	5021	FAM_00453
sample20_SemiBin_69.fa.gz_k141_1760532.region001.gbk_region_1	sample20_SemiBin_69.fa.gz_k141_1760532.region001	region	1	5021	FAM_00453
snj16_SemiBin_58.fa.gz_k141_2309796.region001.gbk_region_1	snj16_SemiBin_58.fa.gz_k141_2309796.region001	region	1	5071	FAM_00454
cpsnj16_SemiBin_62.fa.gz_k141_2442533.region001.gbk_region_1	cpsnj16_SemiBin_62.fa.gz_k141_2442533.region001	region	1	5071	FAM_00454
cpsnj04_SemiBin_14.fa.gz_k141_1298234.region001.gbk_region_1	cpsnj04_SemiBin_14.fa.gz_k141_1298234.region001	region	1	5129	FAM_00455
cpsnj08_SemiBin_14.fa.gz_k141_1298234.region001.gbk_region_1	cpsnj08_SemiBin_14.fa.gz_k141_1298234.region001	region	1	5129	FAM_00455
snj14_SemiBin_52.fa.gz_k141_2007819.region001.gbk_region_1	snj14_SemiBin_52.fa.gz_k141_2007819.region001	region	1	5137	FAM_00456
cpsnj14_SemiBin_44.fa.gz_k141_589761.region001.gbk_region_1	cpsnj14_SemiBin_44.fa.gz_k141_589761.region001	region	1	5137	FAM_00456
snj09_SemiBin_34.fa.gz_k141_1182590.region001.gbk_region_1	snj09_SemiBin_34.fa.gz_k141_1182590.region001	region	1	5141	FAM_00457
cpsnj13_SemiBin_103.fa.gz_k141_3183529.region001.gbk_region_1	cpsnj13_SemiBin_103.fa.gz_k141_3183529.region001	region	1	5141	FAM_00457
cpsnj09_SemiBin_16.fa.gz_k141_1346351.region001.gbk_region_1	cpsnj09_SemiBin_16.fa.gz_k141_1346351.region001	region	1	5141	FAM_00457
snj16_SemiBin_58.fa.gz_k141_65196.region001.gbk_region_1	snj16_SemiBin_58.fa.gz_k141_65196.region001	region	1	5222	FAM_00458
cpsnj16_SemiBin_62.fa.gz_k141_65770.region001.gbk_region_1	cpsnj16_SemiBin_62.fa.gz_k141_65770.region001	region	1	5222	FAM_00458
sample26_SemiBin_65.fa.gz_k141_4938961.region001.gbk_region_1	sample26_SemiBin_65.fa.gz_k141_4938961.region001	region	1	5238	FAM_00459
snj04_SemiBin_30.fa.gz_k141_397219.region001.gbk_region_1	snj04_SemiBin_30.fa.gz_k141_397219.region001	region	1	5238	FAM_00459
sample6_SemiBin_24.fa.gz_k141_3462059.region001.gbk_region_1	sample6_SemiBin_24.fa.gz_k141_3462059.region001	region	1	5284	FAM_00460
sample1_SemiBin_1.fa.gz_k141_1736172.region001.gbk_region_1	sample1_SemiBin_1.fa.gz_k141_1736172.region001	region	1	5284	FAM_00460
sample21_SemiBin_34.fa.gz_k141_2447722.region001.gbk_region_1	sample21_SemiBin_34.fa.gz_k141_2447722.region001	region	1	5284	FAM_00460
sample21_SemiBin_55.fa.gz_k141_2712816.region001.gbk_region_1	sample21_SemiBin_55.fa.gz_k141_2712816.region001	region	1	5304	FAM_00461
cpsnj01_SemiBin_76.fa.gz_k141_834818.region001.gbk_region_1	cpsnj01_SemiBin_76.fa.gz_k141_834818.region001	region	1	5304	FAM_00461
sample16_SemiBin_2.fa.gz_k141_756967.region001.gbk_region_1	sample16_SemiBin_2.fa.gz_k141_756967.region001	region	1	5304	FAM_00461
snj11_SemiBin_40.fa.gz_k141_2719759.region001.gbk_region_1	snj11_SemiBin_40.fa.gz_k141_2719759.region001	region	1	5316	FAM_00462
sample7_SemiBin_87.fa.gz_k141_570496.region001.gbk_region_1	sample7_SemiBin_87.fa.gz_k141_570496.region001	region	1	5316	FAM_00462
cpsnj10_SemiBin_99.fa.gz_k141_379603.region001.gbk_region_1	cpsnj10_SemiBin_99.fa.gz_k141_379603.region001	region	1	5316	FAM_00462
cpsnj08_SemiBin_4.fa.gz_k141_703548.region001.gbk_region_1	cpsnj08_SemiBin_4.fa.gz_k141_703548.region001	region	1	5340	FAM_00463
cpsnj04_SemiBin_4.fa.gz_k141_703548.region001.gbk_region_1	cpsnj04_SemiBin_4.fa.gz_k141_703548.region001	region	1	5340	FAM_00463
sample24_SemiBin_59.fa.gz_k141_3429129.region001.gbk_region_1	sample24_SemiBin_59.fa.gz_k141_3429129.region001	region	1	5370	FAM_00464
sample16_SemiBin_33.fa.gz_k141_1563310.region001.gbk_region_1	sample16_SemiBin_33.fa.gz_k141_1563310.region001	region	1	5370	FAM_00464
sample9_SemiBin_160.fa.gz_k141_3491834.region001.gbk_region_1	sample9_SemiBin_160.fa.gz_k141_3491834.region001	region	1	5426	FAM_00465
sample18_SemiBin_28.fa.gz_k141_4591075.region001.gbk_region_1	sample18_SemiBin_28.fa.gz_k141_4591075.region001	region	1	5426	FAM_00465
sample13_SemiBin_90.fa.gz_k141_1114620.region001.gbk_region_1	sample13_SemiBin_90.fa.gz_k141_1114620.region001	region	1	5426	FAM_00465
sample9_SemiBin_99.fa.gz_k141_4394057.region001.gbk_region_1	sample9_SemiBin_99.fa.gz_k141_4394057.region001	region	1	5426	FAM_00465
sample1_SemiBin_140.fa.gz_k141_2176343.region001.gbk_region_1	sample1_SemiBin_140.fa.gz_k141_2176343.region001	region	1	5426	FAM_00465
sample18_SemiBin_28.fa.gz_k141_1472935.region001.gbk_region_1	sample18_SemiBin_28.fa.gz_k141_1472935.region001	region	1	5426	FAM_00465
sample10_SemiBin_211.fa.gz_k141_339876.region001.gbk_region_1	sample10_SemiBin_211.fa.gz_k141_339876.region001	region	1	5426	FAM_00465
sample5_SemiBin_43.fa.gz_k141_1101196.region001.gbk_region_1	sample5_SemiBin_43.fa.gz_k141_1101196.region001	region	1	5426	FAM_00465
sample13_SemiBin_95.fa.gz_k141_639984.region001.gbk_region_1	sample13_SemiBin_95.fa.gz_k141_639984.region001	region	1	5446	FAM_00466
sample17_SemiBin_16.fa.gz_k141_4182989.region001.gbk_region_1	sample17_SemiBin_16.fa.gz_k141_4182989.region001	region	1	5446	FAM_00466
cpsnj19_SemiBin_60.fa.gz_k141_2581089.region001.gbk_region_1	cpsnj19_SemiBin_60.fa.gz_k141_2581089.region001	region	1	5556	FAM_00467
snj03_SemiBin_15.fa.gz_k141_1193673.region001.gbk_region_1	snj03_SemiBin_15.fa.gz_k141_1193673.region001	region	1	5556	FAM_00467
snj13_SemiBin_7.fa.gz_k141_2329257.region001.gbk_region_1	snj13_SemiBin_7.fa.gz_k141_2329257.region001	region	1	5660	FAM_00468
cpsnj11_SemiBin_84.fa.gz_k141_1887523.region001.gbk_region_1	cpsnj11_SemiBin_84.fa.gz_k141_1887523.region001	region	1	5660	FAM_00468
cpsnj14_SemiBin_129.fa.gz_k141_452481.region001.gbk_region_1	cpsnj14_SemiBin_129.fa.gz_k141_452481.region001	region	1	5676	FAM_00469
cpsnj10_SemiBin_98.fa.gz_k141_2039117.region001.gbk_region_1	cpsnj10_SemiBin_98.fa.gz_k141_2039117.region001	region	1	5676	FAM_00469
cpsnj08_SemiBin_14.fa.gz_k141_378638.region001.gbk_region_1	cpsnj08_SemiBin_14.fa.gz_k141_378638.region001	region	1	5716	FAM_00470
cpsnj04_SemiBin_14.fa.gz_k141_378638.region001.gbk_region_1	cpsnj04_SemiBin_14.fa.gz_k141_378638.region001	region	1	5716	FAM_00470
sample10_SemiBin_51.fa.gz_k141_207575.region001.gbk_region_1	sample10_SemiBin_51.fa.gz_k141_207575.region001	region	1	5724	FAM_00471
sample17_SemiBin_131.fa.gz_k141_1993533.region001.gbk_region_1	sample17_SemiBin_131.fa.gz_k141_1993533.region001	region	1	5724	FAM_00471
sample23_SemiBin_16.fa.gz_k141_2116498.region001.gbk_region_1	sample23_SemiBin_16.fa.gz_k141_2116498.region001	region	1	5768	FAM_00472
snj19_SemiBin_43.fa.gz_k141_428702.region001.gbk_region_1	snj19_SemiBin_43.fa.gz_k141_428702.region001	region	1	5768	FAM_00472
cpsnj04_SemiBin_14.fa.gz_k141_71986.region001.gbk_region_1	cpsnj04_SemiBin_14.fa.gz_k141_71986.region001	region	1	5840	FAM_00473
cpsnj08_SemiBin_14.fa.gz_k141_71986.region001.gbk_region_1	cpsnj08_SemiBin_14.fa.gz_k141_71986.region001	region	1	5840	FAM_00473
sample18_SemiBin_317.fa.gz_k141_794604.region001.gbk_region_1	sample18_SemiBin_317.fa.gz_k141_794604.region001	region	1	5876	FAM_00474
sample18_SemiBin_37.fa.gz_k141_2138501.region001.gbk_region_1	sample18_SemiBin_37.fa.gz_k141_2138501.region001	region	1	5876	FAM_00474
sample17_SemiBin_44.fa.gz_k141_4407344.region001.gbk_region_1	sample17_SemiBin_44.fa.gz_k141_4407344.region001	region	1	5876	FAM_00474
sample10_SemiBin_38.fa.gz_k141_5014838.region001.gbk_region_1	sample10_SemiBin_38.fa.gz_k141_5014838.region001	region	1	5876	FAM_00474
snj16_SemiBin_58.fa.gz_k141_2482155.region001.gbk_region_1	snj16_SemiBin_58.fa.gz_k141_2482155.region001	region	1	5912	FAM_00475
cpsnj16_SemiBin_62.fa.gz_k141_2347331.region001.gbk_region_1	cpsnj16_SemiBin_62.fa.gz_k141_2347331.region001	region	1	5912	FAM_00475
snj20_SemiBin_84.fa.gz_k141_1285834.region001.gbk_region_1	snj20_SemiBin_84.fa.gz_k141_1285834.region001	region	1	5970	FAM_00476
snj03_SemiBin_95.fa.gz_k141_2681898.region001.gbk_region_1	snj03_SemiBin_95.fa.gz_k141_2681898.region001	region	1	5970	FAM_00476
sample15_SemiBin_30.fa.gz_k141_4379349.region001.gbk_region_1	sample15_SemiBin_30.fa.gz_k141_4379349.region001	region	1	5982	FAM_00477
sample18_SemiBin_11.fa.gz_k141_1817712.region001.gbk_region_1	sample18_SemiBin_11.fa.gz_k141_1817712.region001	region	1	5982	FAM_00477
snj19_SemiBin_92.fa.gz_k141_2524598.region001.gbk_region_1	snj19_SemiBin_92.fa.gz_k141_2524598.region001	region	1	5990	FAM_00478
snj20_SemiBin_84.fa.gz_k141_131260.region001.gbk_region_1	snj20_SemiBin_84.fa.gz_k141_131260.region001	region	1	5990	FAM_00478
snj11_SemiBin_138.fa.gz_k141_2513884.region001.gbk_region_1	snj11_SemiBin_138.fa.gz_k141_2513884.region001	region	1	5990	FAM_00478
cpsnj03_SemiBin_40.fa.gz_k141_1236250.region001.gbk_region_1	cpsnj03_SemiBin_40.fa.gz_k141_1236250.region001	region	1	5990	FAM_00478
sample16_SemiBin_165.fa.gz_k141_1085578.region001.gbk_region_1	sample16_SemiBin_165.fa.gz_k141_1085578.region001	region	1	6096	FAM_00479
sample15_SemiBin_0.fa.gz_k141_4452110.region001.gbk_region_1	sample15_SemiBin_0.fa.gz_k141_4452110.region001	region	1	6096	FAM_00479
sample10_SemiBin_76.fa.gz_k141_634870.region001.gbk_region_1	sample10_SemiBin_76.fa.gz_k141_634870.region001	region	1	6096	FAM_00479
cpsnj08_SemiBin_29.fa.gz_k141_1397033.region001.gbk_region_1	cpsnj08_SemiBin_29.fa.gz_k141_1397033.region001	region	1	6104	FAM_00480
cpsnj04_SemiBin_29.fa.gz_k141_1397033.region001.gbk_region_1	cpsnj04_SemiBin_29.fa.gz_k141_1397033.region001	region	1	6104	FAM_00480
cpsnj19_SemiBin_68.fa.gz_k141_980322.region001.gbk_region_1	cpsnj19_SemiBin_68.fa.gz_k141_980322.region001	region	1	6104	FAM_00480
snj19_SemiBin_32.fa.gz_k141_623580.region001.gbk_region_1	snj19_SemiBin_32.fa.gz_k141_623580.region001	region	1	6104	FAM_00480
sample18_SemiBin_55.fa.gz_k141_2658977.region001.gbk_region_1	sample18_SemiBin_55.fa.gz_k141_2658977.region001	region	1	6116	FAM_00481
sample1_SemiBin_68.fa.gz_k141_1079529.region001.gbk_region_1	sample1_SemiBin_68.fa.gz_k141_1079529.region001	region	1	6116	FAM_00481
sample22_SemiBin_111.fa.gz_k141_4598880.region001.gbk_region_1	sample22_SemiBin_111.fa.gz_k141_4598880.region001	region	1	6116	FAM_00481
cpsnj04_SemiBin_14.fa.gz_k141_2161146.region001.gbk_region_1	cpsnj04_SemiBin_14.fa.gz_k141_2161146.region001	region	1	6168	FAM_00482
snj04_SemiBin_4.fa.gz_k141_1480820.region001.gbk_region_1	snj04_SemiBin_4.fa.gz_k141_1480820.region001	region	1	6168	FAM_00482
cpsnj08_SemiBin_14.fa.gz_k141_2161146.region001.gbk_region_1	cpsnj08_SemiBin_14.fa.gz_k141_2161146.region001	region	1	6168	FAM_00482
snj04_SemiBin_4.fa.gz_k141_662874.region001.gbk_region_1	snj04_SemiBin_4.fa.gz_k141_662874.region001	region	1	6275	FAM_00483
snj04_SemiBin_4.fa.gz_k141_1185084.region001.gbk_region_1	snj04_SemiBin_4.fa.gz_k141_1185084.region001	region	1	6275	FAM_00483
sample24_SemiBin_9.fa.gz_k141_5290690.region001.gbk_region_1	sample24_SemiBin_9.fa.gz_k141_5290690.region001	region	1	6295	FAM_00484
sample24_SemiBin_9.fa.gz_k141_5381340.region001.gbk_region_1	sample24_SemiBin_9.fa.gz_k141_5381340.region001	region	1	6295	FAM_00484
cpsnj16_SemiBin_62.fa.gz_k141_433557.region001.gbk_region_1	cpsnj16_SemiBin_62.fa.gz_k141_433557.region001	region	1	6421	FAM_00485
snj16_SemiBin_58.fa.gz_k141_438692.region001.gbk_region_1	snj16_SemiBin_58.fa.gz_k141_438692.region001	region	1	6421	FAM_00485
snj09_SemiBin_33.fa.gz_k141_68507.region001.gbk_region_1	snj09_SemiBin_33.fa.gz_k141_68507.region001	region	1	6438	FAM_00486
cpsnj09_SemiBin_88.fa.gz_k141_3446088.region001.gbk_region_1	cpsnj09_SemiBin_88.fa.gz_k141_3446088.region001	region	1	6438	FAM_00486
snj16_SemiBin_16.fa.gz_k141_3242635.region001.gbk_region_1	snj16_SemiBin_16.fa.gz_k141_3242635.region001	region	1	6470	FAM_00487
snj03_SemiBin_42.fa.gz_k141_1999049.region001.gbk_region_1	snj03_SemiBin_42.fa.gz_k141_1999049.region001	region	1	6470	FAM_00487
cpsnj10_SemiBin_70.fa.gz_k141_3143590.region001.gbk_region_1	cpsnj10_SemiBin_70.fa.gz_k141_3143590.region001	region	1	6506	FAM_00488
sample24_SemiBin_21.fa.gz_k141_1251744.region001.gbk_region_1	sample24_SemiBin_21.fa.gz_k141_1251744.region001	region	1	6506	FAM_00488
cpsnj14_SemiBin_44.fa.gz_k141_1235809.region001.gbk_region_1	cpsnj14_SemiBin_44.fa.gz_k141_1235809.region001	region	1	6518	FAM_00489
snj16_SemiBin_23.fa.gz_k141_2725162.region001.gbk_region_1	snj16_SemiBin_23.fa.gz_k141_2725162.region001	region	1	6518	FAM_00489
snj14_SemiBin_52.fa.gz_k141_1904455.region001.gbk_region_1	snj14_SemiBin_52.fa.gz_k141_1904455.region001	region	1	6518	FAM_00489
cpsnj11_SemiBin_7.fa.gz_k141_1850582.region001.gbk_region_1	cpsnj11_SemiBin_7.fa.gz_k141_1850582.region001	region	1	6518	FAM_00489
sample22_SemiBin_85.fa.gz_k141_3314241.region001.gbk_region_1	sample22_SemiBin_85.fa.gz_k141_3314241.region001	region	1	6554	FAM_00490
sample19_SemiBin_81.fa.gz_k141_443310.region001.gbk_region_1	sample19_SemiBin_81.fa.gz_k141_443310.region001	region	1	6554	FAM_00490
sample10_SemiBin_7.fa.gz_k141_1500078.region001.gbk_region_1	sample10_SemiBin_7.fa.gz_k141_1500078.region001	region	1	6554	FAM_00490
sample22_SemiBin_45.fa.gz_k141_1763426.region001.gbk_region_1	sample22_SemiBin_45.fa.gz_k141_1763426.region001	region	1	6558	FAM_00491
sample15_SemiBin_16.fa.gz_k141_4737773.region001.gbk_region_1	sample15_SemiBin_16.fa.gz_k141_4737773.region001	region	1	6558	FAM_00491
sample7_SemiBin_106.fa.gz_k141_2037881.region001.gbk_region_1	sample7_SemiBin_106.fa.gz_k141_2037881.region001	region	1	6562	FAM_00492
cpsnj14_SemiBin_59.fa.gz_k141_2598898.region001.gbk_region_1	cpsnj14_SemiBin_59.fa.gz_k141_2598898.region001	region	1	6562	FAM_00492
cpsnj10_SemiBin_112.fa.gz_k141_478056.region001.gbk_region_1	cpsnj10_SemiBin_112.fa.gz_k141_478056.region001	region	1	6566	FAM_00493
sample23_SemiBin_58.fa.gz_k141_2482396.region001.gbk_region_1	sample23_SemiBin_58.fa.gz_k141_2482396.region001	region	1	6566	FAM_00493
sample21_SemiBin_34.fa.gz_k141_1424537.region001.gbk_region_1	sample21_SemiBin_34.fa.gz_k141_1424537.region001	region	1	6578	FAM_00494
sample6_SemiBin_24.fa.gz_k141_6672556.region001.gbk_region_1	sample6_SemiBin_24.fa.gz_k141_6672556.region001	region	1	6578	FAM_00494
snj16_SemiBin_58.fa.gz_k141_1571949.region001.gbk_region_1	snj16_SemiBin_58.fa.gz_k141_1571949.region001	region	1	6590	FAM_00495
cpsnj16_SemiBin_62.fa.gz_k141_1752609.region001.gbk_region_1	cpsnj16_SemiBin_62.fa.gz_k141_1752609.region001	region	1	6590	FAM_00495
cpsnj16_SemiBin_11.fa.gz_k141_183127.region001.gbk_region_1	cpsnj16_SemiBin_11.fa.gz_k141_183127.region001	region	1	6728	FAM_00496
snj16_SemiBin_67.fa.gz_k141_162507.region001.gbk_region_1	snj16_SemiBin_67.fa.gz_k141_162507.region001	region	1	6728	FAM_00496
cpsnj11_SemiBin_7.fa.gz_k141_2789395.region001.gbk_region_1	cpsnj11_SemiBin_7.fa.gz_k141_2789395.region001	region	1	6732	FAM_00497
snj16_SemiBin_23.fa.gz_k141_337046.region001.gbk_region_1	snj16_SemiBin_23.fa.gz_k141_337046.region001	region	1	6732	FAM_00497
cpsnj14_SemiBin_44.fa.gz_k141_635765.region001.gbk_region_1	cpsnj14_SemiBin_44.fa.gz_k141_635765.region001	region	1	6732	FAM_00497
snj14_SemiBin_52.fa.gz_k141_118526.region001.gbk_region_1	snj14_SemiBin_52.fa.gz_k141_118526.region001	region	1	6732	FAM_00497
sample24_SemiBin_59.fa.gz_k141_4572811.region001.gbk_region_1	sample24_SemiBin_59.fa.gz_k141_4572811.region001	region	1	6784	FAM_00498
sample15_SemiBin_82.fa.gz_k141_1367386.region001.gbk_region_1	sample15_SemiBin_82.fa.gz_k141_1367386.region001	region	1	6784	FAM_00498
sample1_SemiBin_52.fa.gz_k141_127352.region001.gbk_region_1	sample1_SemiBin_52.fa.gz_k141_127352.region001	region	1	6784	FAM_00498
cpsnj10_SemiBin_175.fa.gz_k141_787681.region001.gbk_region_1	cpsnj10_SemiBin_175.fa.gz_k141_787681.region001	region	1	6876	FAM_00499
sample22_SemiBin_205.fa.gz_k141_5657826.region001.gbk_region_1	sample22_SemiBin_205.fa.gz_k141_5657826.region001	region	1	6876	FAM_00499
sample15_SemiBin_10.fa.gz_k141_4257572.region001.gbk_region_1	sample15_SemiBin_10.fa.gz_k141_4257572.region001	region	1	6876	FAM_00499
sample9_SemiBin_68.fa.gz_k141_668353.region001.gbk_region_1	sample9_SemiBin_68.fa.gz_k141_668353.region001	region	1	7068	FAM_00500
sample18_SemiBin_288.fa.gz_k141_6104907.region001.gbk_region_1	sample18_SemiBin_288.fa.gz_k141_6104907.region001	region	1	7068	FAM_00500
cpsnj14_SemiBin_44.fa.gz_k141_882468.region001.gbk_region_1	cpsnj14_SemiBin_44.fa.gz_k141_882468.region001	region	1	7128	FAM_00501
snj14_SemiBin_52.fa.gz_k141_2642146.region001.gbk_region_1	snj14_SemiBin_52.fa.gz_k141_2642146.region001	region	1	7128	FAM_00501
snj16_SemiBin_23.fa.gz_k141_623847.region001.gbk_region_1	snj16_SemiBin_23.fa.gz_k141_623847.region001	region	1	7128	FAM_00501
cpsnj04_SemiBin_14.fa.gz_k141_655838.region001.gbk_region_1	cpsnj04_SemiBin_14.fa.gz_k141_655838.region001	region	1	7164	FAM_00502
cpsnj08_SemiBin_14.fa.gz_k141_655838.region001.gbk_region_1	cpsnj08_SemiBin_14.fa.gz_k141_655838.region001	region	1	7164	FAM_00502
cpsnj04_SemiBin_14.fa.gz_k141_569791.region001.gbk_region_1	cpsnj04_SemiBin_14.fa.gz_k141_569791.region001	region	1	7188	FAM_00503
cpsnj08_SemiBin_14.fa.gz_k141_569791.region001.gbk_region_1	cpsnj08_SemiBin_14.fa.gz_k141_569791.region001	region	1	7188	FAM_00503
cpsnj08_SemiBin_14.fa.gz_k141_839295.region001.gbk_region_1	cpsnj08_SemiBin_14.fa.gz_k141_839295.region001	region	1	7204	FAM_00504
cpsnj04_SemiBin_14.fa.gz_k141_839295.region001.gbk_region_1	cpsnj04_SemiBin_14.fa.gz_k141_839295.region001	region	1	7204	FAM_00504
cpsnj14_SemiBin_248.fa.gz_k141_1902515.region001.gbk_region_1	cpsnj14_SemiBin_248.fa.gz_k141_1902515.region001	region	1	7276	FAM_00505
sample5_SemiBin_78.fa.gz_k141_2943072.region001.gbk_region_1	sample5_SemiBin_78.fa.gz_k141_2943072.region001	region	1	7276	FAM_00505
cpsnj16_SemiBin_11.fa.gz_k141_2938593.region001.gbk_region_1	cpsnj16_SemiBin_11.fa.gz_k141_2938593.region001	region	1	7340	FAM_00506
snj16_SemiBin_67.fa.gz_k141_3083780.region001.gbk_region_1	snj16_SemiBin_67.fa.gz_k141_3083780.region001	region	1	7340	FAM_00506
cpsnj14_SemiBin_29.fa.gz_k141_2545429.region001.gbk_region_1	cpsnj14_SemiBin_29.fa.gz_k141_2545429.region001	region	1	7480	FAM_00507
snj14_SemiBin_42.fa.gz_k141_1140460.region001.gbk_region_1	snj14_SemiBin_42.fa.gz_k141_1140460.region001	region	1	7480	FAM_00507
sample26_SemiBin_65.fa.gz_k141_516423.region001.gbk_region_1	sample26_SemiBin_65.fa.gz_k141_516423.region001	region	1	7528	FAM_00508
sample3_SemiBin_18.fa.gz_k141_555728.region001.gbk_region_1	sample3_SemiBin_18.fa.gz_k141_555728.region001	region	1	7528	FAM_00508
cpsnj08_SemiBin_14.fa.gz_k141_1450863.region001.gbk_region_1	cpsnj08_SemiBin_14.fa.gz_k141_1450863.region001	region	1	7644	FAM_00509
cpsnj04_SemiBin_14.fa.gz_k141_1450863.region001.gbk_region_1	cpsnj04_SemiBin_14.fa.gz_k141_1450863.region001	region	1	7644	FAM_00509
cpsnj04_SemiBin_14.fa.gz_k141_1563714.region001.gbk_region_1	cpsnj04_SemiBin_14.fa.gz_k141_1563714.region001	region	1	7692	FAM_00510
snj04_SemiBin_4.fa.gz_k141_2382167.region001.gbk_region_1	snj04_SemiBin_4.fa.gz_k141_2382167.region001	region	1	7692	FAM_00510
cpsnj08_SemiBin_14.fa.gz_k141_1563714.region001.gbk_region_1	cpsnj08_SemiBin_14.fa.gz_k141_1563714.region001	region	1	7692	FAM_00510
sample27_SemiBin_64.fa.gz_k141_5635915.region001.gbk_region_1	sample27_SemiBin_64.fa.gz_k141_5635915.region001	region	1	7704	FAM_00511
sample29_SemiBin_47.fa.gz_k141_2236834.region001.gbk_region_1	sample29_SemiBin_47.fa.gz_k141_2236834.region001	region	1	7704	FAM_00511
cpsnj14_SemiBin_248.fa.gz_k141_4090847.region001.gbk_region_1	cpsnj14_SemiBin_248.fa.gz_k141_4090847.region001	region	1	7784	FAM_00512
sample14_SemiBin_46.fa.gz_k141_2532378.region001.gbk_region_1	sample14_SemiBin_46.fa.gz_k141_2532378.region001	region	1	7784	FAM_00512
cpsnj01_SemiBin_41.fa.gz_k141_3346817.region001.gbk_region_1	cpsnj01_SemiBin_41.fa.gz_k141_3346817.region001	region	1	7832	FAM_00513
cpsnj01_SemiBin_41.fa.gz_k141_1435122.region001.gbk_region_1	cpsnj01_SemiBin_41.fa.gz_k141_1435122.region001	region	1	7832	FAM_00513
sample15_SemiBin_30.fa.gz_k141_5253755.region001.gbk_region_1	sample15_SemiBin_30.fa.gz_k141_5253755.region001	region	1	7852	FAM_00514
sample7_SemiBin_6.fa.gz_k141_3395641.region001.gbk_region_1	sample7_SemiBin_6.fa.gz_k141_3395641.region001	region	1	7852	FAM_00514
cpsnj14_SemiBin_44.fa.gz_k141_2593074.region001.gbk_region_1	cpsnj14_SemiBin_44.fa.gz_k141_2593074.region001	region	1	7908	FAM_00515
cpsnj11_SemiBin_7.fa.gz_k141_3102022.region001.gbk_region_1	cpsnj11_SemiBin_7.fa.gz_k141_3102022.region001	region	1	7908	FAM_00515
snj16_SemiBin_23.fa.gz_k141_3446991.region001.gbk_region_1	snj16_SemiBin_23.fa.gz_k141_3446991.region001	region	1	7908	FAM_00515
sample10_SemiBin_211.fa.gz_k141_4024291.region001.gbk_region_1	sample10_SemiBin_211.fa.gz_k141_4024291.region001	region	1	7932	FAM_00516
sample1_SemiBin_140.fa.gz_k141_325770.region001.gbk_region_1	sample1_SemiBin_140.fa.gz_k141_325770.region001	region	1	7932	FAM_00516
sample9_SemiBin_160.fa.gz_k141_634277.region001.gbk_region_1	sample9_SemiBin_160.fa.gz_k141_634277.region001	region	1	7932	FAM_00516
sample5_SemiBin_43.fa.gz_k141_1599937.region001.gbk_region_1	sample5_SemiBin_43.fa.gz_k141_1599937.region001	region	1	7932	FAM_00516
sample13_SemiBin_90.fa.gz_k141_1745796.region001.gbk_region_1	sample13_SemiBin_90.fa.gz_k141_1745796.region001	region	1	7932	FAM_00516
snj14_SemiBin_65.fa.gz_k141_2615722.region001.gbk_region_1	snj14_SemiBin_65.fa.gz_k141_2615722.region001	region	1	7932	FAM_00516
cpsnj10_SemiBin_176.fa.gz_k141_959405.region001.gbk_region_1	cpsnj10_SemiBin_176.fa.gz_k141_959405.region001	region	1	7936	FAM_00517
cpsnj09_SemiBin_131.fa.gz_k141_2839522.region001.gbk_region_1	cpsnj09_SemiBin_131.fa.gz_k141_2839522.region001	region	1	7936	FAM_00517
cpsnj13_SemiBin_67.fa.gz_k141_768975.region001.gbk_region_1	cpsnj13_SemiBin_67.fa.gz_k141_768975.region001	region	1	7936	FAM_00517
snj14_SemiBin_52.fa.gz_k141_2694361.region001.gbk_region_1	snj14_SemiBin_52.fa.gz_k141_2694361.region001	region	1	8092	FAM_00518
cpsnj14_SemiBin_44.fa.gz_k141_3068609.region001.gbk_region_1	cpsnj14_SemiBin_44.fa.gz_k141_3068609.region001	region	1	8092	FAM_00518
snj16_SemiBin_23.fa.gz_k141_2327784.region001.gbk_region_1	snj16_SemiBin_23.fa.gz_k141_2327784.region001	region	1	8092	FAM_00518
sample12_SemiBin_3.fa.gz_k141_2537531.region001.gbk_region_1	sample12_SemiBin_3.fa.gz_k141_2537531.region001	region	1	8100	FAM_00519
sample11_SemiBin_14.fa.gz_k141_2084042.region001.gbk_region_1	sample11_SemiBin_14.fa.gz_k141_2084042.region001	region	1	8100	FAM_00519
sample13_SemiBin_192.fa.gz_k141_877096.region001.gbk_region_1	sample13_SemiBin_192.fa.gz_k141_877096.region001	region	1	8100	FAM_00519
sample13_SemiBin_192.fa.gz_k141_4024794.region001.gbk_region_1	sample13_SemiBin_192.fa.gz_k141_4024794.region001	region	1	8100	FAM_00519
sample16_SemiBin_14.fa.gz_k141_825549.region001.gbk_region_1	sample16_SemiBin_14.fa.gz_k141_825549.region001	region	1	8174	FAM_00520
sample28_SemiBin_15.fa.gz_k141_1567977.region001.gbk_region_1	sample28_SemiBin_15.fa.gz_k141_1567977.region001	region	1	8174	FAM_00520
sample10_SemiBin_84.fa.gz_k141_1272004.region001.gbk_region_1	sample10_SemiBin_84.fa.gz_k141_1272004.region001	region	1	8258	FAM_00521
sample8_SemiBin_36.fa.gz_k141_1116070.region001.gbk_region_1	sample8_SemiBin_36.fa.gz_k141_1116070.region001	region	1	8258	FAM_00521
cpsnj04_SemiBin_14.fa.gz_k141_996462.region001.gbk_region_1	cpsnj04_SemiBin_14.fa.gz_k141_996462.region001	region	1	8290	FAM_00522
cpsnj08_SemiBin_14.fa.gz_k141_996462.region001.gbk_region_1	cpsnj08_SemiBin_14.fa.gz_k141_996462.region001	region	1	8290	FAM_00522
cpsnj03_SemiBin_81.fa.gz_k141_207876.region001.gbk_region_1	cpsnj03_SemiBin_81.fa.gz_k141_207876.region001	region	1	8342	FAM_00523
cpsnj14_SemiBin_116.fa.gz_k141_3646823.region001.gbk_region_1	cpsnj14_SemiBin_116.fa.gz_k141_3646823.region001	region	1	8342	FAM_00523
cpsnj04_SemiBin_14.fa.gz_k141_1580362.region001.gbk_region_1	cpsnj04_SemiBin_14.fa.gz_k141_1580362.region001	region	1	8372	FAM_00524
cpsnj08_SemiBin_14.fa.gz_k141_1580362.region001.gbk_region_1	cpsnj08_SemiBin_14.fa.gz_k141_1580362.region001	region	1	8372	FAM_00524
sample19_SemiBin_193.fa.gz_k141_3465239.region001.gbk_region_1	sample19_SemiBin_193.fa.gz_k141_3465239.region001	region	1	8380	FAM_00525
sample17_SemiBin_134.fa.gz_k141_5383844.region001.gbk_region_1	sample17_SemiBin_134.fa.gz_k141_5383844.region001	region	1	8380	FAM_00525
snj16_SemiBin_23.fa.gz_k141_1611970.region001.gbk_region_1	snj16_SemiBin_23.fa.gz_k141_1611970.region001	region	1	8388	FAM_00526
snj14_SemiBin_52.fa.gz_k141_830186.region001.gbk_region_1	snj14_SemiBin_52.fa.gz_k141_830186.region001	region	1	8388	FAM_00526
sample23_SemiBin_18.fa.gz_k141_3527491.region001.gbk_region_1	sample23_SemiBin_18.fa.gz_k141_3527491.region001	region	1	8414	FAM_00527
cpsnj01_SemiBin_16.fa.gz_k141_2366534.region001.gbk_region_1	cpsnj01_SemiBin_16.fa.gz_k141_2366534.region001	region	1	8414	FAM_00527
cpsnj10_SemiBin_109.fa.gz_k141_733796.region001.gbk_region_1	cpsnj10_SemiBin_109.fa.gz_k141_733796.region001	region	1	8418	FAM_00528
snj16_SemiBin_17.fa.gz_k141_3576241.region001.gbk_region_1	snj16_SemiBin_17.fa.gz_k141_3576241.region001	region	1	8418	FAM_00528
sample20_SemiBin_69.fa.gz_k141_4609958.region001.gbk_region_1	sample20_SemiBin_69.fa.gz_k141_4609958.region001	region	1	8418	FAM_00528
cpsnj16_SemiBin_116.fa.gz_k141_3560098.region001.gbk_region_1	cpsnj16_SemiBin_116.fa.gz_k141_3560098.region001	region	1	8418	FAM_00528
cpsnj16_SemiBin_62.fa.gz_k141_1930622.region001.gbk_region_1	cpsnj16_SemiBin_62.fa.gz_k141_1930622.region001	region	1	8454	FAM_00529
cpsnj04_SemiBin_15.fa.gz_k141_1076235.region001.gbk_region_1	cpsnj04_SemiBin_15.fa.gz_k141_1076235.region001	region	1	8454	FAM_00529
snj16_SemiBin_58.fa.gz_k141_2074899.region001.gbk_region_1	snj16_SemiBin_58.fa.gz_k141_2074899.region001	region	1	8454	FAM_00529
cpsnj08_SemiBin_15.fa.gz_k141_1076235.region001.gbk_region_1	cpsnj08_SemiBin_15.fa.gz_k141_1076235.region001	region	1	8454	FAM_00529
sample5_SemiBin_57.fa.gz_k141_1823470.region001.gbk_region_1	sample5_SemiBin_57.fa.gz_k141_1823470.region001	region	1	8612	FAM_00530
sample2_SemiBin_47.fa.gz_k141_777848.region001.gbk_region_1	sample2_SemiBin_47.fa.gz_k141_777848.region001	region	1	8612	FAM_00530
sample7_SemiBin_258.fa.gz_k141_4326849.region001.gbk_region_1	sample7_SemiBin_258.fa.gz_k141_4326849.region001	region	1	8612	FAM_00530
snj11_SemiBin_40.fa.gz_k141_178004.region001.gbk_region_1	snj11_SemiBin_40.fa.gz_k141_178004.region001	region	1	8648	FAM_00531
cpsnj10_SemiBin_99.fa.gz_k141_3806757.region001.gbk_region_1	cpsnj10_SemiBin_99.fa.gz_k141_3806757.region001	region	1	8648	FAM_00531
sample7_SemiBin_87.fa.gz_k141_3012550.region001.gbk_region_1	sample7_SemiBin_87.fa.gz_k141_3012550.region001	region	1	8648	FAM_00531
snj03_SemiBin_30.fa.gz_k141_1227464.region001.gbk_region_1	snj03_SemiBin_30.fa.gz_k141_1227464.region001	region	1	8669	FAM_00532
cpsnj03_SemiBin_2.fa.gz_k141_1839586.region001.gbk_region_1	cpsnj03_SemiBin_2.fa.gz_k141_1839586.region001	region	1	8669	FAM_00532
snj01_SemiBin_55.fa.gz_k141_1112987.region001.gbk_region_1	snj01_SemiBin_55.fa.gz_k141_1112987.region001	region	1	8693	FAM_00533
snj01_SemiBin_55.fa.gz_k141_1113165.region001.gbk_region_1	snj01_SemiBin_55.fa.gz_k141_1113165.region001	region	1	8693	FAM_00533
sample15_SemiBin_72.fa.gz_k141_3964201.region001.gbk_region_1	sample15_SemiBin_72.fa.gz_k141_3964201.region001	region	1	8729	FAM_00534
sample26_SemiBin_65.fa.gz_k141_6234348.region001.gbk_region_1	sample26_SemiBin_65.fa.gz_k141_6234348.region001	region	1	8729	FAM_00534
snj16_SemiBin_67.fa.gz_k141_3362108.region001.gbk_region_1	snj16_SemiBin_67.fa.gz_k141_3362108.region001	region	1	8741	FAM_00535
cpsnj16_SemiBin_11.fa.gz_k141_3250721.region001.gbk_region_1	cpsnj16_SemiBin_11.fa.gz_k141_3250721.region001	region	1	8741	FAM_00535
sample10_SemiBin_16.fa.gz_k141_4891979.region001.gbk_region_1	sample10_SemiBin_16.fa.gz_k141_4891979.region001	region	1	8765	FAM_00536
sample13_SemiBin_86.fa.gz_k141_3298858.region001.gbk_region_1	sample13_SemiBin_86.fa.gz_k141_3298858.region001	region	1	8765	FAM_00536
sample2_SemiBin_53.fa.gz_k141_1419690.region001.gbk_region_1	sample2_SemiBin_53.fa.gz_k141_1419690.region001	region	1	8822	FAM_00537
sample7_SemiBin_108.fa.gz_k141_59763.region001.gbk_region_1	sample7_SemiBin_108.fa.gz_k141_59763.region001	region	1	8822	FAM_00537
sample13_SemiBin_9.fa.gz_k141_736475.region001.gbk_region_1	sample13_SemiBin_9.fa.gz_k141_736475.region001	region	1	8826	FAM_00538
sample11_SemiBin_0.fa.gz_k141_3007519.region001.gbk_region_1	sample11_SemiBin_0.fa.gz_k141_3007519.region001	region	1	8826	FAM_00538
sample15_SemiBin_0.fa.gz_k141_1453705.region001.gbk_region_1	sample15_SemiBin_0.fa.gz_k141_1453705.region001	region	1	8838	FAM_00539
sample1_SemiBin_56.fa.gz_k141_1421573.region001.gbk_region_1	sample1_SemiBin_56.fa.gz_k141_1421573.region001	region	1	8838	FAM_00539
cpsnj04_SemiBin_14.fa.gz_k141_455289.region001.gbk_region_1	cpsnj04_SemiBin_14.fa.gz_k141_455289.region001	region	1	8850	FAM_00540
cpsnj08_SemiBin_14.fa.gz_k141_455289.region001.gbk_region_1	cpsnj08_SemiBin_14.fa.gz_k141_455289.region001	region	1	8850	FAM_00540
snj04_SemiBin_4.fa.gz_k141_840523.region001.gbk_region_1	snj04_SemiBin_4.fa.gz_k141_840523.region001	region	1	8850	FAM_00540
cpsnj01_SemiBin_18.fa.gz_k141_1976321.region001.gbk_region_1	cpsnj01_SemiBin_18.fa.gz_k141_1976321.region001	region	1	8950	FAM_00541
sample10_SemiBin_115.fa.gz_k141_988193.region001.gbk_region_1	sample10_SemiBin_115.fa.gz_k141_988193.region001	region	1	8950	FAM_00541
cpsnj11_SemiBin_33.fa.gz_k141_3424171.region001.gbk_region_1	cpsnj11_SemiBin_33.fa.gz_k141_3424171.region001	region	1	8978	FAM_00542
cpsnj14_SemiBin_27.fa.gz_k141_2455223.region001.gbk_region_1	cpsnj14_SemiBin_27.fa.gz_k141_2455223.region001	region	1	8978	FAM_00542
sample6_SemiBin_24.fa.gz_k141_6800521.region001.gbk_region_1	sample6_SemiBin_24.fa.gz_k141_6800521.region001	region	1	9015	FAM_00543
sample21_SemiBin_34.fa.gz_k141_662938.region001.gbk_region_1	sample21_SemiBin_34.fa.gz_k141_662938.region001	region	1	9015	FAM_00543
sample1_SemiBin_1.fa.gz_k141_510553.region001.gbk_region_1	sample1_SemiBin_1.fa.gz_k141_510553.region001	region	1	9015	FAM_00543
cpsnj04_SemiBin_14.fa.gz_k141_1611264.region001.gbk_region_1	cpsnj04_SemiBin_14.fa.gz_k141_1611264.region001	region	1	9045	FAM_00544
cpsnj08_SemiBin_14.fa.gz_k141_1611264.region001.gbk_region_1	cpsnj08_SemiBin_14.fa.gz_k141_1611264.region001	region	1	9045	FAM_00544
snj16_SemiBin_23.fa.gz_k141_874781.region001.gbk_region_1	snj16_SemiBin_23.fa.gz_k141_874781.region001	region	1	9066	FAM_00545
snj14_SemiBin_52.fa.gz_k141_915224.region001.gbk_region_1	snj14_SemiBin_52.fa.gz_k141_915224.region001	region	1	9066	FAM_00545
snj20_SemiBin_84.fa.gz_k141_784256.region001.gbk_region_1	snj20_SemiBin_84.fa.gz_k141_784256.region001	region	1	9070	FAM_00546
cpsnj11_SemiBin_46.fa.gz_k141_1475386.region001.gbk_region_1	cpsnj11_SemiBin_46.fa.gz_k141_1475386.region001	region	1	9070	FAM_00546
snj03_SemiBin_95.fa.gz_k141_2825474.region001.gbk_region_1	snj03_SemiBin_95.fa.gz_k141_2825474.region001	region	1	9070	FAM_00546
snj19_SemiBin_92.fa.gz_k141_757756.region001.gbk_region_1	snj19_SemiBin_92.fa.gz_k141_757756.region001	region	1	9070	FAM_00546
sample29_SemiBin_97.fa.gz_k141_238022.region001.gbk_region_1	sample29_SemiBin_97.fa.gz_k141_238022.region001	region	1	9126	FAM_00547
snj08_SemiBin_13.fa.gz_k141_3164378.region001.gbk_region_1	snj08_SemiBin_13.fa.gz_k141_3164378.region001	region	1	9126	FAM_00547
cpsnj20_SemiBin_104.fa.gz_k141_52233.region001.gbk_region_1	cpsnj20_SemiBin_104.fa.gz_k141_52233.region001	region	1	9138	FAM_00548
snj19_SemiBin_83.fa.gz_k141_1106841.region001.gbk_region_1	snj19_SemiBin_83.fa.gz_k141_1106841.region001	region	1	9138	FAM_00548
sample18_SemiBin_126.fa.gz_k141_5366155.region001.gbk_region_1	sample18_SemiBin_126.fa.gz_k141_5366155.region001	region	1	9324	FAM_00549
sample13_SemiBin_32.fa.gz_k141_2915994.region001.gbk_region_1	sample13_SemiBin_32.fa.gz_k141_2915994.region001	region	1	9324	FAM_00549
cpsnj16_SemiBin_11.fa.gz_k141_2785957.region001.gbk_region_1	cpsnj16_SemiBin_11.fa.gz_k141_2785957.region001	region	1	9392	FAM_00550
snj16_SemiBin_67.fa.gz_k141_2855121.region001.gbk_region_1	snj16_SemiBin_67.fa.gz_k141_2855121.region001	region	1	9392	FAM_00550
cpsnj04_SemiBin_14.fa.gz_k141_2532153.region001.gbk_region_1	cpsnj04_SemiBin_14.fa.gz_k141_2532153.region001	region	1	9428	FAM_00551
cpsnj08_SemiBin_14.fa.gz_k141_2532153.region001.gbk_region_1	cpsnj08_SemiBin_14.fa.gz_k141_2532153.region001	region	1	9428	FAM_00551
snj14_SemiBin_45.fa.gz_k141_334574.region001.gbk_region_1	snj14_SemiBin_45.fa.gz_k141_334574.region001	region	1	9450	FAM_00552
cpsnj14_SemiBin_129.fa.gz_k141_2059169.region001.gbk_region_1	cpsnj14_SemiBin_129.fa.gz_k141_2059169.region001	region	1	9450	FAM_00552
sample2_SemiBin_53.fa.gz_k141_2543191.region001.gbk_region_1	sample2_SemiBin_53.fa.gz_k141_2543191.region001	region	1	9450	FAM_00552
snj16_SemiBin_58.fa.gz_k141_107194.region001.gbk_region_1	snj16_SemiBin_58.fa.gz_k141_107194.region001	region	1	9518	FAM_00553
cpsnj16_SemiBin_62.fa.gz_k141_88469.region001.gbk_region_1	cpsnj16_SemiBin_62.fa.gz_k141_88469.region001	region	1	9518	FAM_00553
cpsnj09_SemiBin_88.fa.gz_k141_1311861.region001.gbk_region_1	cpsnj09_SemiBin_88.fa.gz_k141_1311861.region001	region	1	9596	FAM_00554
snj09_SemiBin_33.fa.gz_k141_194916.region001.gbk_region_1	snj09_SemiBin_33.fa.gz_k141_194916.region001	region	1	9596	FAM_00554
sample28_SemiBin_107.fa.gz_k141_4424656.region001.gbk_region_1	sample28_SemiBin_107.fa.gz_k141_4424656.region001	region	1	9596	FAM_00554
cpsnj11_SemiBin_84.fa.gz_k141_2642520.region001.gbk_region_1	cpsnj11_SemiBin_84.fa.gz_k141_2642520.region001	region	1	9600	FAM_00555
snj13_SemiBin_7.fa.gz_k141_2042737.region001.gbk_region_1	snj13_SemiBin_7.fa.gz_k141_2042737.region001	region	1	9600	FAM_00555
sample2_SemiBin_46.fa.gz_k141_2516629.region001.gbk_region_1	sample2_SemiBin_46.fa.gz_k141_2516629.region001	region	1	9786	FAM_00556
sample19_SemiBin_51.fa.gz_k141_332540.region001.gbk_region_1	sample19_SemiBin_51.fa.gz_k141_332540.region001	region	1	9786	FAM_00556
snj08_SemiBin_40.fa.gz_k141_4437.region001.gbk_region_1	snj08_SemiBin_40.fa.gz_k141_4437.region001	region	1	9858	FAM_00557
sample19_SemiBin_51.fa.gz_k141_3119571.region001.gbk_region_1	sample19_SemiBin_51.fa.gz_k141_3119571.region001	region	1	9858	FAM_00557
sample2_SemiBin_39.fa.gz_k141_750585.region001.gbk_region_1	sample2_SemiBin_39.fa.gz_k141_750585.region001	region	1	9858	FAM_00557
snj13_SemiBin_7.fa.gz_k141_930240.region001.gbk_region_1	snj13_SemiBin_7.fa.gz_k141_930240.region001	region	1	9894	FAM_00558
cpsnj11_SemiBin_84.fa.gz_k141_3342798.region001.gbk_region_1	cpsnj11_SemiBin_84.fa.gz_k141_3342798.region001	region	1	9894	FAM_00558
sample15_SemiBin_30.fa.gz_k141_1582458.region001.gbk_region_1	sample15_SemiBin_30.fa.gz_k141_1582458.region001	region	1	9930	FAM_00559
sample11_SemiBin_50.fa.gz_k141_632580.region001.gbk_region_1	sample11_SemiBin_50.fa.gz_k141_632580.region001	region	1	9930	FAM_00559
sample15_SemiBin_72.fa.gz_k141_2367706.region001.gbk_region_1	sample15_SemiBin_72.fa.gz_k141_2367706.region001	region	1	10002	FAM_00560
snj09_SemiBin_37.fa.gz_k141_1286202.region001.gbk_region_1	snj09_SemiBin_37.fa.gz_k141_1286202.region001	region	1	10002	FAM_00560
sample22_SemiBin_101.fa.gz_k141_3673932.region001.gbk_region_1	sample22_SemiBin_101.fa.gz_k141_3673932.region001	region	1	10002	FAM_00560
cpsnj16_SemiBin_19.fa.gz_k141_38029.region001.gbk_region_1	cpsnj16_SemiBin_19.fa.gz_k141_38029.region001	region	1	10014	FAM_00561
snj16_SemiBin_61.fa.gz_k141_33339.region001.gbk_region_1	snj16_SemiBin_61.fa.gz_k141_33339.region001	region	1	10014	FAM_00561
sample7_SemiBin_61.fa.gz_k141_3935578.region001.gbk_region_1	sample7_SemiBin_61.fa.gz_k141_3935578.region001	region	1	10115	FAM_00562
sample16_SemiBin_12.fa.gz_k141_2401595.region001.gbk_region_1	sample16_SemiBin_12.fa.gz_k141_2401595.region001	region	1	10115	FAM_00562
sample7_SemiBin_41.fa.gz_k141_541518.region001.gbk_region_1	sample7_SemiBin_41.fa.gz_k141_541518.region001	region	1	10119	FAM_00563
sample15_SemiBin_80.fa.gz_k141_964572.region001.gbk_region_1	sample15_SemiBin_80.fa.gz_k141_964572.region001	region	1	10119	FAM_00563
snj19_SemiBin_33.fa.gz_k141_940110.region001.gbk_region_1	snj19_SemiBin_33.fa.gz_k141_940110.region001	region	1	10159	FAM_00564
snj03_SemiBin_80.fa.gz_k141_464714.region001.gbk_region_1	snj03_SemiBin_80.fa.gz_k141_464714.region001	region	1	10159	FAM_00564
cpsnj01_SemiBin_41.fa.gz_k141_1242189.region001.gbk_region_1	cpsnj01_SemiBin_41.fa.gz_k141_1242189.region001	region	1	10386	FAM_00565
snj01_SemiBin_23.fa.gz_k141_2570107.region001.gbk_region_1	snj01_SemiBin_23.fa.gz_k141_2570107.region001	region	1	10386	FAM_00565
sample9_SemiBin_20.fa.gz_k141_4374081.region001.gbk_region_1	sample9_SemiBin_20.fa.gz_k141_4374081.region001	region	1	10502	FAM_00566
sample5_SemiBin_88.fa.gz_k141_1254213.region001.gbk_region_1	sample5_SemiBin_88.fa.gz_k141_1254213.region001	region	1	10502	FAM_00566
cpsnj04_SemiBin_15.fa.gz_k141_2152482.region001.gbk_region_1	cpsnj04_SemiBin_15.fa.gz_k141_2152482.region001	region	1	10543	FAM_00567
cpsnj08_SemiBin_15.fa.gz_k141_2152482.region001.gbk_region_1	cpsnj08_SemiBin_15.fa.gz_k141_2152482.region001	region	1	10543	FAM_00567
snj16_SemiBin_58.fa.gz_k141_1102632.region001.gbk_region_1	snj16_SemiBin_58.fa.gz_k141_1102632.region001	region	1	10555	FAM_00568
cpsnj16_SemiBin_62.fa.gz_k141_1208785.region001.gbk_region_1	cpsnj16_SemiBin_62.fa.gz_k141_1208785.region001	region	1	10555	FAM_00568
cpsnj01_SemiBin_41.fa.gz_k141_533119.region001.gbk_region_1	cpsnj01_SemiBin_41.fa.gz_k141_533119.region001	region	1	10705	FAM_00569
snj01_SemiBin_23.fa.gz_k141_551854.region001.gbk_region_1	snj01_SemiBin_23.fa.gz_k141_551854.region001	region	1	10705	FAM_00569
sample28_SemiBin_5.fa.gz_k141_5184379.region001.gbk_region_1	sample28_SemiBin_5.fa.gz_k141_5184379.region001	region	1	10757	FAM_00570
sample28_SemiBin_5.fa.gz_k141_3318214.region001.gbk_region_1	sample28_SemiBin_5.fa.gz_k141_3318214.region001	region	1	10757	FAM_00570
sample28_SemiBin_5.fa.gz_k141_3897268.region001.gbk_region_1	sample28_SemiBin_5.fa.gz_k141_3897268.region001	region	1	10757	FAM_00570
cpsnj02_SemiBin_13.fa.gz_k141_525469.region001.gbk_region_1	cpsnj02_SemiBin_13.fa.gz_k141_525469.region001	region	1	10854	FAM_00571
cpsnj15_SemiBin_9.fa.gz_k141_353974.region001.gbk_region_1	cpsnj15_SemiBin_9.fa.gz_k141_353974.region001	region	1	10854	FAM_00571
snj14_SemiBin_52.fa.gz_k141_1788106.region001.gbk_region_1	snj14_SemiBin_52.fa.gz_k141_1788106.region001	region	1	10858	FAM_00572
cpsnj11_SemiBin_80.fa.gz_k141_4117422.region001.gbk_region_1	cpsnj11_SemiBin_80.fa.gz_k141_4117422.region001	region	1	10858	FAM_00572
cpsnj14_SemiBin_44.fa.gz_k141_2536124.region001.gbk_region_1	cpsnj14_SemiBin_44.fa.gz_k141_2536124.region001	region	1	10858	FAM_00572
sample27_SemiBin_29.fa.gz_k141_2316864.region001.gbk_region_1	sample27_SemiBin_29.fa.gz_k141_2316864.region001	region	1	10896	FAM_00573
sample2_SemiBin_21.fa.gz_k141_2447935.region001.gbk_region_1	sample2_SemiBin_21.fa.gz_k141_2447935.region001	region	1	10896	FAM_00573
sample7_SemiBin_75.fa.gz_k141_2058242.region001.gbk_region_1	sample7_SemiBin_75.fa.gz_k141_2058242.region001	region	1	10896	FAM_00573
sample16_SemiBin_27.fa.gz_k141_2154445.region001.gbk_region_1	sample16_SemiBin_27.fa.gz_k141_2154445.region001	region	1	10896	FAM_00573
cpsnj11_SemiBin_84.fa.gz_k141_489675.region001.gbk_region_1	cpsnj11_SemiBin_84.fa.gz_k141_489675.region001	region	1	11091	FAM_00574
snj13_SemiBin_7.fa.gz_k141_2508504.region001.gbk_region_1	snj13_SemiBin_7.fa.gz_k141_2508504.region001	region	1	11091	FAM_00574
cpsnj14_SemiBin_29.fa.gz_k141_2659681.region001.gbk_region_1	cpsnj14_SemiBin_29.fa.gz_k141_2659681.region001	region	1	11127	FAM_00575
snj14_SemiBin_42.fa.gz_k141_25084.region001.gbk_region_1	snj14_SemiBin_42.fa.gz_k141_25084.region001	region	1	11127	FAM_00575
cpsnj04_SemiBin_14.fa.gz_k141_2460542.region001.gbk_region_1	cpsnj04_SemiBin_14.fa.gz_k141_2460542.region001	region	1	11179	FAM_00576
cpsnj08_SemiBin_14.fa.gz_k141_2460542.region001.gbk_region_1	cpsnj08_SemiBin_14.fa.gz_k141_2460542.region001	region	1	11179	FAM_00576
snj16_SemiBin_58.fa.gz_k141_3635646.region001.gbk_region_1	snj16_SemiBin_58.fa.gz_k141_3635646.region001	region	1	11317	FAM_00577
cpsnj16_SemiBin_62.fa.gz_k141_3583376.region001.gbk_region_1	cpsnj16_SemiBin_62.fa.gz_k141_3583376.region001	region	1	11317	FAM_00577
sample13_SemiBin_25.fa.gz_k141_1611457.region001.gbk_region_1	sample13_SemiBin_25.fa.gz_k141_1611457.region001	region	1	11587	FAM_00578
cpsnj03_SemiBin_79.fa.gz_k141_1813990.region001.gbk_region_1	cpsnj03_SemiBin_79.fa.gz_k141_1813990.region001	region	1	11587	FAM_00578
sample6_SemiBin_53.fa.gz_k141_3863213.region001.gbk_region_1	sample6_SemiBin_53.fa.gz_k141_3863213.region001	region	1	11587	FAM_00578
cpsnj08_SemiBin_14.fa.gz_k141_751280.region001.gbk_region_1	cpsnj08_SemiBin_14.fa.gz_k141_751280.region001	region	1	11611	FAM_00579
cpsnj04_SemiBin_14.fa.gz_k141_751280.region001.gbk_region_1	cpsnj04_SemiBin_14.fa.gz_k141_751280.region001	region	1	11611	FAM_00579
snj01_SemiBin_23.fa.gz_k141_197305.region001.gbk_region_1	snj01_SemiBin_23.fa.gz_k141_197305.region001	region	1	11752	FAM_00580
snj01_SemiBin_23.fa.gz_k141_464849.region001.gbk_region_1	snj01_SemiBin_23.fa.gz_k141_464849.region001	region	1	11752	FAM_00580
cpsnj01_SemiBin_41.fa.gz_k141_1301943.region001.gbk_region_1	cpsnj01_SemiBin_41.fa.gz_k141_1301943.region001	region	1	11752	FAM_00580
sample27_SemiBin_16.fa.gz_k141_2943341.region001.gbk_region_1	sample27_SemiBin_16.fa.gz_k141_2943341.region001	region	1	12036	FAM_00581
cpsnj03_SemiBin_20.fa.gz_k141_403649.region001.gbk_region_1	cpsnj03_SemiBin_20.fa.gz_k141_403649.region001	region	1	12036	FAM_00581
cpsnj04_SemiBin_3.fa.gz_k141_1147536.region001.gbk_region_1	cpsnj04_SemiBin_3.fa.gz_k141_1147536.region001	region	1	12096	FAM_00582
cpsnj08_SemiBin_3.fa.gz_k141_1147536.region001.gbk_region_1	cpsnj08_SemiBin_3.fa.gz_k141_1147536.region001	region	1	12096	FAM_00582
cpsnj08_SemiBin_19.fa.gz_k141_1809478.region001.gbk_region_1	cpsnj08_SemiBin_19.fa.gz_k141_1809478.region001	region	1	12165	FAM_00583
cpsnj04_SemiBin_19.fa.gz_k141_1809478.region001.gbk_region_1	cpsnj04_SemiBin_19.fa.gz_k141_1809478.region001	region	1	12165	FAM_00583
snj01_SemiBin_23.fa.gz_k141_3200352.region001.gbk_region_1	snj01_SemiBin_23.fa.gz_k141_3200352.region001	region	1	12181	FAM_00584
cpsnj01_SemiBin_41.fa.gz_k141_290145.region001.gbk_region_1	cpsnj01_SemiBin_41.fa.gz_k141_290145.region001	region	1	12181	FAM_00584
sample23_SemiBin_58.fa.gz_k141_107187.region001.gbk_region_1	sample23_SemiBin_58.fa.gz_k141_107187.region001	region	1	12245	FAM_00585
cpsnj10_SemiBin_112.fa.gz_k141_2416153.region001.gbk_region_1	cpsnj10_SemiBin_112.fa.gz_k141_2416153.region001	region	1	12245	FAM_00585
sample14_SemiBin_46.fa.gz_k141_1203993.region001.gbk_region_1	sample14_SemiBin_46.fa.gz_k141_1203993.region001	region	1	12313	FAM_00586
snj11_SemiBin_119.fa.gz_k141_655559.region001.gbk_region_1	snj11_SemiBin_119.fa.gz_k141_655559.region001	region	1	12313	FAM_00586
cpsnj08_SemiBin_14.fa.gz_k141_1514755.region001.gbk_region_1	cpsnj08_SemiBin_14.fa.gz_k141_1514755.region001	region	1	12317	FAM_00587
cpsnj04_SemiBin_14.fa.gz_k141_1514755.region001.gbk_region_1	cpsnj04_SemiBin_14.fa.gz_k141_1514755.region001	region	1	12317	FAM_00587
snj09_SemiBin_58.fa.gz_k141_2835223.region001.gbk_region_1	snj09_SemiBin_58.fa.gz_k141_2835223.region001	region	1	12417	FAM_00588
cpsnj09_SemiBin_19.fa.gz_k141_2079315.region001.gbk_region_1	cpsnj09_SemiBin_19.fa.gz_k141_2079315.region001	region	1	12417	FAM_00588
snj19_SemiBin_35.fa.gz_k141_1538007.region001.gbk_region_1	snj19_SemiBin_35.fa.gz_k141_1538007.region001	region	1	12618	FAM_00589
sample22_SemiBin_99.fa.gz_k141_924705.region001.gbk_region_1	sample22_SemiBin_99.fa.gz_k141_924705.region001	region	1	12618	FAM_00589
sample26_SemiBin_48.fa.gz_k141_1582674.region001.gbk_region_1	sample26_SemiBin_48.fa.gz_k141_1582674.region001	region	1	12618	FAM_00589
sample6_SemiBin_13.fa.gz_k141_6812570.region001.gbk_region_1	sample6_SemiBin_13.fa.gz_k141_6812570.region001	region	1	12618	FAM_00589
cpsnj14_SemiBin_44.fa.gz_k141_2469521.region001.gbk_region_1	cpsnj14_SemiBin_44.fa.gz_k141_2469521.region001	region	1	12642	FAM_00590
cpsnj11_SemiBin_80.fa.gz_k141_1323491.region001.gbk_region_1	cpsnj11_SemiBin_80.fa.gz_k141_1323491.region001	region	1	12642	FAM_00590
snj14_SemiBin_52.fa.gz_k141_1804066.region001.gbk_region_1	snj14_SemiBin_52.fa.gz_k141_1804066.region001	region	1	12642	FAM_00590
snj16_SemiBin_23.fa.gz_k141_3574687.region001.gbk_region_1	snj16_SemiBin_23.fa.gz_k141_3574687.region001	region	1	12642	FAM_00590
sample13_SemiBin_158.fa.gz_k141_2506616.region001.gbk_region_1	sample13_SemiBin_158.fa.gz_k141_2506616.region001	region	1	12654	FAM_00591
snj09_SemiBin_133.fa.gz_k141_1616128.region001.gbk_region_1	snj09_SemiBin_133.fa.gz_k141_1616128.region001	region	1	12654	FAM_00591
sample13_SemiBin_158.fa.gz_k141_1531829.region001.gbk_region_1	sample13_SemiBin_158.fa.gz_k141_1531829.region001	region	1	12654	FAM_00591
sample10_SemiBin_45.fa.gz_k141_1097591.region001.gbk_region_1	sample10_SemiBin_45.fa.gz_k141_1097591.region001	region	1	12654	FAM_00591
sample15_SemiBin_220.fa.gz_k141_2151253.region001.gbk_region_1	sample15_SemiBin_220.fa.gz_k141_2151253.region001	region	1	13058	FAM_00592
sample28_SemiBin_78.fa.gz_k141_4137794.region001.gbk_region_1	sample28_SemiBin_78.fa.gz_k141_4137794.region001	region	1	13058	FAM_00592
cpsnj08_SemiBin_14.fa.gz_k141_1686802.region001.gbk_region_1	cpsnj08_SemiBin_14.fa.gz_k141_1686802.region001	region	1	13147	FAM_00593
snj04_SemiBin_4.fa.gz_k141_1598059.region001.gbk_region_1	snj04_SemiBin_4.fa.gz_k141_1598059.region001	region	1	13147	FAM_00593
cpsnj04_SemiBin_14.fa.gz_k141_1686802.region001.gbk_region_1	cpsnj04_SemiBin_14.fa.gz_k141_1686802.region001	region	1	13147	FAM_00593
cpsnj14_SemiBin_44.fa.gz_k141_1647639.region001.gbk_region_1	cpsnj14_SemiBin_44.fa.gz_k141_1647639.region001	region	1	13167	FAM_00594
cpsnj11_SemiBin_7.fa.gz_k141_1630155.region001.gbk_region_1	cpsnj11_SemiBin_7.fa.gz_k141_1630155.region001	region	1	13167	FAM_00594
snj16_SemiBin_23.fa.gz_k141_95239.region001.gbk_region_1	snj16_SemiBin_23.fa.gz_k141_95239.region001	region	1	13167	FAM_00594
cpsnj08_SemiBin_14.fa.gz_k141_2223021.region001.gbk_region_1	cpsnj08_SemiBin_14.fa.gz_k141_2223021.region001	region	1	13171	FAM_00595
cpsnj04_SemiBin_14.fa.gz_k141_2223021.region001.gbk_region_1	cpsnj04_SemiBin_14.fa.gz_k141_2223021.region001	region	1	13171	FAM_00595
cpsnj08_SemiBin_14.fa.gz_k141_875020.region001.gbk_region_1	cpsnj08_SemiBin_14.fa.gz_k141_875020.region001	region	1	13242	FAM_00596
cpsnj04_SemiBin_14.fa.gz_k141_875020.region001.gbk_region_1	cpsnj04_SemiBin_14.fa.gz_k141_875020.region001	region	1	13242	FAM_00596
sample2_SemiBin_21.fa.gz_k141_2518184.region001.gbk_region_1	sample2_SemiBin_21.fa.gz_k141_2518184.region001	region	1	13334	FAM_00597
sample24_SemiBin_36.fa.gz_k141_313128.region001.gbk_region_1	sample24_SemiBin_36.fa.gz_k141_313128.region001	region	1	13334	FAM_00597
sample16_SemiBin_2.fa.gz_k141_4091054.region001.gbk_region_1	sample16_SemiBin_2.fa.gz_k141_4091054.region001	region	1	13423	FAM_00598
sample2_SemiBin_4.fa.gz_k141_1930186.region001.gbk_region_1	sample2_SemiBin_4.fa.gz_k141_1930186.region001	region	1	13423	FAM_00598
sample7_SemiBin_41.fa.gz_k141_4835451.region001.gbk_region_1	sample7_SemiBin_41.fa.gz_k141_4835451.region001	region	1	13423	FAM_00598
sample15_SemiBin_80.fa.gz_k141_2742696.region001.gbk_region_1	sample15_SemiBin_80.fa.gz_k141_2742696.region001	region	1	13423	FAM_00598
sample13_SemiBin_32.fa.gz_k141_240525.region001.gbk_region_1	sample13_SemiBin_32.fa.gz_k141_240525.region001	region	1	13561	FAM_00599
sample18_SemiBin_126.fa.gz_k141_3188603.region001.gbk_region_1	sample18_SemiBin_126.fa.gz_k141_3188603.region001	region	1	13561	FAM_00599
cpsnj04_SemiBin_14.fa.gz_k141_28644.region001.gbk_region_1	cpsnj04_SemiBin_14.fa.gz_k141_28644.region001	region	1	13589	FAM_00600
cpsnj08_SemiBin_14.fa.gz_k141_28644.region001.gbk_region_1	cpsnj08_SemiBin_14.fa.gz_k141_28644.region001	region	1	13589	FAM_00600
cpsnj03_SemiBin_78.fa.gz_k141_2367064.region001.gbk_region_1	cpsnj03_SemiBin_78.fa.gz_k141_2367064.region001	region	1	13739	FAM_00601
snj19_SemiBin_71.fa.gz_k141_2585825.region001.gbk_region_1	snj19_SemiBin_71.fa.gz_k141_2585825.region001	region	1	13739	FAM_00601
sample1_SemiBin_27.fa.gz_k141_2751571.region001.gbk_region_1	sample1_SemiBin_27.fa.gz_k141_2751571.region001	region	1	13739	FAM_00601
sample28_SemiBin_4.fa.gz_k141_1598812.region001.gbk_region_1	sample28_SemiBin_4.fa.gz_k141_1598812.region001	region	1	13739	FAM_00601
cpsnj19_SemiBin_65.fa.gz_k141_71190.region001.gbk_region_1	cpsnj19_SemiBin_65.fa.gz_k141_71190.region001	region	1	13739	FAM_00601
sample7_SemiBin_11.fa.gz_k141_5842818.region001.gbk_region_1	sample7_SemiBin_11.fa.gz_k141_5842818.region001	region	1	13739	FAM_00601
sample15_SemiBin_62.fa.gz_k141_5139153.region001.gbk_region_1	sample15_SemiBin_62.fa.gz_k141_5139153.region001	region	1	13739	FAM_00601
cpsnj14_SemiBin_26.fa.gz_k141_2279617.region001.gbk_region_1	cpsnj14_SemiBin_26.fa.gz_k141_2279617.region001	region	1	13743	FAM_00602
sample27_SemiBin_16.fa.gz_k141_146030.region001.gbk_region_1	sample27_SemiBin_16.fa.gz_k141_146030.region001	region	1	13743	FAM_00602
cpsnj08_SemiBin_14.fa.gz_k141_591688.region001.gbk_region_1	cpsnj08_SemiBin_14.fa.gz_k141_591688.region001	region	1	14039	FAM_00603
cpsnj04_SemiBin_14.fa.gz_k141_591688.region001.gbk_region_1	cpsnj04_SemiBin_14.fa.gz_k141_591688.region001	region	1	14039	FAM_00603
snj13_SemiBin_7.fa.gz_k141_707636.region001.gbk_region_1	snj13_SemiBin_7.fa.gz_k141_707636.region001	region	1	14289	FAM_00604
cpsnj11_SemiBin_84.fa.gz_k141_2321391.region001.gbk_region_1	cpsnj11_SemiBin_84.fa.gz_k141_2321391.region001	region	1	14289	FAM_00604
cpsnj13_SemiBin_80.fa.gz_k141_1566954.region001.gbk_region_1	cpsnj13_SemiBin_80.fa.gz_k141_1566954.region001	region	1	14289	FAM_00604
sample19_SemiBin_81.fa.gz_k141_2337332.region001.gbk_region_1	sample19_SemiBin_81.fa.gz_k141_2337332.region001	region	1	14381	FAM_00605
sample22_SemiBin_85.fa.gz_k141_4255261.region001.gbk_region_1	sample22_SemiBin_85.fa.gz_k141_4255261.region001	region	1	14381	FAM_00605
cpsnj08_SemiBin_15.fa.gz_k141_520685.region001.gbk_region_1	cpsnj08_SemiBin_15.fa.gz_k141_520685.region001	region	1	14607	FAM_00606
cpsnj04_SemiBin_15.fa.gz_k141_520685.region001.gbk_region_1	cpsnj04_SemiBin_15.fa.gz_k141_520685.region001	region	1	14607	FAM_00606
sample6_SemiBin_24.fa.gz_k141_5675453.region001.gbk_region_1	sample6_SemiBin_24.fa.gz_k141_5675453.region001	region	1	14849	FAM_00607
sample21_SemiBin_34.fa.gz_k141_473110.region001.gbk_region_1	sample21_SemiBin_34.fa.gz_k141_473110.region001	region	1	14849	FAM_00607
snj14_SemiBin_52.fa.gz_k141_2068881.region001.gbk_region_1	snj14_SemiBin_52.fa.gz_k141_2068881.region001	region	1	15089	FAM_00608
cpsnj11_SemiBin_7.fa.gz_k141_3937491.region001.gbk_region_1	cpsnj11_SemiBin_7.fa.gz_k141_3937491.region001	region	1	15089	FAM_00608
sample8_SemiBin_31.fa.gz_k141_1771157.region001.gbk_region_1	sample8_SemiBin_31.fa.gz_k141_1771157.region001	region	1	15267	FAM_00609
sample2_SemiBin_1.fa.gz_k141_1021678.region001.gbk_region_1	sample2_SemiBin_1.fa.gz_k141_1021678.region001	region	1	15267	FAM_00609
cpsnj08_SemiBin_19.fa.gz_k141_1167034.region001.gbk_region_1	cpsnj08_SemiBin_19.fa.gz_k141_1167034.region001	region	1	15407	FAM_00610
cpsnj04_SemiBin_19.fa.gz_k141_1167034.region001.gbk_region_1	cpsnj04_SemiBin_19.fa.gz_k141_1167034.region001	region	1	15407	FAM_00610
snj04_SemiBin_31.fa.gz_k141_1095355.region001.gbk_region_1	snj04_SemiBin_31.fa.gz_k141_1095355.region001	region	1	15407	FAM_00610
sample28_SemiBin_46.fa.gz_k141_5582652.region001.gbk_region_1	sample28_SemiBin_46.fa.gz_k141_5582652.region001	region	1	15407	FAM_00610
snj19_SemiBin_33.fa.gz_k141_179630.region001.gbk_region_1	snj19_SemiBin_33.fa.gz_k141_179630.region001	region	1	15439	FAM_00611
snj03_SemiBin_80.fa.gz_k141_1366685.region001.gbk_region_1	snj03_SemiBin_80.fa.gz_k141_1366685.region001	region	1	15439	FAM_00611
cpsnj20_SemiBin_97.fa.gz_k141_378563.region001.gbk_region_1	cpsnj20_SemiBin_97.fa.gz_k141_378563.region001	region	1	15765	FAM_00612
cpsnj20_SemiBin_22.fa.gz_k141_2368659.region001.gbk_region_1	cpsnj20_SemiBin_22.fa.gz_k141_2368659.region001	region	1	15765	FAM_00612
snj20_SemiBin_54.fa.gz_k141_3034244.region001.gbk_region_1	snj20_SemiBin_54.fa.gz_k141_3034244.region001	region	1	15801	FAM_00613
snj16_SemiBin_4.fa.gz_k141_1205737.region001.gbk_region_1	snj16_SemiBin_4.fa.gz_k141_1205737.region001	region	1	15801	FAM_00613
cpsnj13_SemiBin_73.fa.gz_k141_3415334.region001.gbk_region_1	cpsnj13_SemiBin_73.fa.gz_k141_3415334.region001	region	1	15818	FAM_00614
cpsnj11_SemiBin_126.fa.gz_k141_696927.region001.gbk_region_1	cpsnj11_SemiBin_126.fa.gz_k141_696927.region001	region	1	15818	FAM_00614
cpsnj08_SemiBin_14.fa.gz_k141_912682.region001.gbk_region_1	cpsnj08_SemiBin_14.fa.gz_k141_912682.region001	region	1	15905	FAM_00615
cpsnj04_SemiBin_14.fa.gz_k141_912682.region001.gbk_region_1	cpsnj04_SemiBin_14.fa.gz_k141_912682.region001	region	1	15905	FAM_00615
sample1_SemiBin_62.fa.gz_k141_2945261.region001.gbk_region_1	sample1_SemiBin_62.fa.gz_k141_2945261.region001	region	1	16410	FAM_00616
cpsnj01_SemiBin_2.fa.gz_k141_2305105.region001.gbk_region_1	cpsnj01_SemiBin_2.fa.gz_k141_2305105.region001	region	1	16410	FAM_00616
snj14_SemiBin_52.fa.gz_k141_1940128.region001.gbk_region_1	snj14_SemiBin_52.fa.gz_k141_1940128.region001	region	1	16652	FAM_00617
snj16_SemiBin_23.fa.gz_k141_2114661.region001.gbk_region_1	snj16_SemiBin_23.fa.gz_k141_2114661.region001	region	1	16652	FAM_00617
cpsnj14_SemiBin_16.fa.gz_k141_1821337.region001.gbk_region_1	cpsnj14_SemiBin_16.fa.gz_k141_1821337.region001	region	1	17373	FAM_00618
sample28_SemiBin_79.fa.gz_k141_396132.region001.gbk_region_1	sample28_SemiBin_79.fa.gz_k141_396132.region001	region	1	17373	FAM_00618
sample1_SemiBin_22.fa.gz_k141_948270.region001.gbk_region_1	sample1_SemiBin_22.fa.gz_k141_948270.region001	region	1	17864	FAM_00619
sample15_SemiBin_149.fa.gz_k141_1495519.region001.gbk_region_1	sample15_SemiBin_149.fa.gz_k141_1495519.region001	region	1	17864	FAM_00619
snj16_SemiBin_58.fa.gz_k141_2482155.region002.gbk_region_2	snj16_SemiBin_58.fa.gz_k141_2482155.region002	region	2	17948	FAM_00620
cpsnj16_SemiBin_62.fa.gz_k141_2347331.region002.gbk_region_2	cpsnj16_SemiBin_62.fa.gz_k141_2347331.region002	region	2	17948	FAM_00620
cpsnj13_SemiBin_53.fa.gz_k141_915949.region001.gbk_region_1	cpsnj13_SemiBin_53.fa.gz_k141_915949.region001	region	1	17	FAM_00621
snj02_SemiBin_4.fa.gz_k141_2011569.region001.gbk_region_1	snj02_SemiBin_4.fa.gz_k141_2011569.region001	region	1	25	FAM_00622
cpsnj03_SemiBin_131.fa.gz_k141_1029158.region001.gbk_region_1	cpsnj03_SemiBin_131.fa.gz_k141_1029158.region001	region	1	33	FAM_00623
cpsnj10_SemiBin_93.fa.gz_k141_2337987.region001.gbk_region_1	cpsnj10_SemiBin_93.fa.gz_k141_2337987.region001	region	1	49	FAM_00624
cpsnj15_SemiBin_9.fa.gz_k141_2159814.region001.gbk_region_1	cpsnj15_SemiBin_9.fa.gz_k141_2159814.region001	region	1	61	FAM_00625
snj14_SemiBin_52.fa.gz_k141_2031621.region001.gbk_region_1	snj14_SemiBin_52.fa.gz_k141_2031621.region001	region	1	77	FAM_00626
snj04_SemiBin_4.fa.gz_k141_145095.region001.gbk_region_1	snj04_SemiBin_4.fa.gz_k141_145095.region001	region	1	95	FAM_00627
sample10_SemiBin_53.fa.gz_k141_4398789.region001.gbk_region_1	sample10_SemiBin_53.fa.gz_k141_4398789.region001	region	1	113	FAM_00628
snj01_SemiBin_10.fa.gz_k141_2105847.region001.gbk_region_1	snj01_SemiBin_10.fa.gz_k141_2105847.region001	region	1	117	FAM_00629
snj19_SemiBin_58.fa.gz_k141_1680371.region001.gbk_region_1	snj19_SemiBin_58.fa.gz_k141_1680371.region001	region	1	129	FAM_00630
sample3_SemiBin_17.fa.gz_k141_2460256.region001.gbk_region_1	sample3_SemiBin_17.fa.gz_k141_2460256.region001	region	1	170	FAM_00631
sample17_SemiBin_100.fa.gz_k141_1742162.region001.gbk_region_1	sample17_SemiBin_100.fa.gz_k141_1742162.region001	region	1	182	FAM_00632
sample21_SemiBin_34.fa.gz_k141_4715139.region001.gbk_region_1	sample21_SemiBin_34.fa.gz_k141_4715139.region001	region	1	186	FAM_00633
snj09_SemiBin_23.fa.gz_k141_3017502.region001.gbk_region_1	snj09_SemiBin_23.fa.gz_k141_3017502.region001	region	1	190	FAM_00634
cpsnj09_SemiBin_18.fa.gz_k141_3022767.region001.gbk_region_1	cpsnj09_SemiBin_18.fa.gz_k141_3022767.region001	region	1	198	FAM_00635
sample13_SemiBin_95.fa.gz_k141_3472756.region001.gbk_region_1	sample13_SemiBin_95.fa.gz_k141_3472756.region001	region	1	202	FAM_00636
snj01_SemiBin_55.fa.gz_k141_1016153.region001.gbk_region_1	snj01_SemiBin_55.fa.gz_k141_1016153.region001	region	1	214	FAM_00637
sample28_SemiBin_107.fa.gz_k141_684191.region001.gbk_region_1	sample28_SemiBin_107.fa.gz_k141_684191.region001	region	1	222	FAM_00638
sample9_SemiBin_42.fa.gz_k141_4501413.region001.gbk_region_1	sample9_SemiBin_42.fa.gz_k141_4501413.region001	region	1	226	FAM_00639
snj04_SemiBin_56.fa.gz_k141_2761816.region001.gbk_region_1	snj04_SemiBin_56.fa.gz_k141_2761816.region001	region	1	263	FAM_00640
sample24_SemiBin_36.fa.gz_k141_4952766.region001.gbk_region_1	sample24_SemiBin_36.fa.gz_k141_4952766.region001	region	1	271	FAM_00641
snj16_SemiBin_58.fa.gz_k141_2105564.region001.gbk_region_1	snj16_SemiBin_58.fa.gz_k141_2105564.region001	region	1	279	FAM_00642
snj01_SemiBin_23.fa.gz_k141_2130783.region001.gbk_region_1	snj01_SemiBin_23.fa.gz_k141_2130783.region001	region	1	307	FAM_00643
sample18_SemiBin_281.fa.gz_k141_3494634.region001.gbk_region_1	sample18_SemiBin_281.fa.gz_k141_3494634.region001	region	1	332	FAM_00644
snj04_SemiBin_4.fa.gz_k141_950262.region001.gbk_region_1	snj04_SemiBin_4.fa.gz_k141_950262.region001	region	1	336	FAM_00645
snj02_SemiBin_8.fa.gz_k141_2044553.region001.gbk_region_1	snj02_SemiBin_8.fa.gz_k141_2044553.region001	region	1	372	FAM_00646
sample17_SemiBin_105.fa.gz_k141_1504627.region001.gbk_region_1	sample17_SemiBin_105.fa.gz_k141_1504627.region001	region	1	384	FAM_00647
snj09_SemiBin_17.fa.gz_k141_3466982.region001.gbk_region_1	snj09_SemiBin_17.fa.gz_k141_3466982.region001	region	1	400	FAM_00648
sample6_SemiBin_27.fa.gz_k141_2933508.region001.gbk_region_1	sample6_SemiBin_27.fa.gz_k141_2933508.region001	region	1	410	FAM_00649
sample29_SemiBin_113.fa.gz_k141_2698915.region001.gbk_region_1	sample29_SemiBin_113.fa.gz_k141_2698915.region001	region	1	418	FAM_00650
sample14_SemiBin_53.fa.gz_k141_3244497.region001.gbk_region_1	sample14_SemiBin_53.fa.gz_k141_3244497.region001	region	1	422	FAM_00651
sample21_SemiBin_44.fa.gz_k141_3845165.region001.gbk_region_1	sample21_SemiBin_44.fa.gz_k141_3845165.region001	region	1	430	FAM_00652
sample17_SemiBin_86.fa.gz_k141_1858183.region001.gbk_region_1	sample17_SemiBin_86.fa.gz_k141_1858183.region001	region	1	450	FAM_00653
cpsnj15_SemiBin_8.fa.gz_k141_2181244.region001.gbk_region_1	cpsnj15_SemiBin_8.fa.gz_k141_2181244.region001	region	1	466	FAM_00654
snj19_SemiBin_83.fa.gz_k141_2595295.region001.gbk_region_1	snj19_SemiBin_83.fa.gz_k141_2595295.region001	region	1	486	FAM_00655
sample29_SemiBin_24.fa.gz_k141_2646865.region001.gbk_region_1	sample29_SemiBin_24.fa.gz_k141_2646865.region001	region	1	494	FAM_00656
sample16_SemiBin_9.fa.gz_k141_645245.region001.gbk_region_1	sample16_SemiBin_9.fa.gz_k141_645245.region001	region	1	498	FAM_00657
sample9_SemiBin_99.fa.gz_k141_1441698.region001.gbk_region_1	sample9_SemiBin_99.fa.gz_k141_1441698.region001	region	1	502	FAM_00658
sample10_SemiBin_53.fa.gz_k141_2142154.region001.gbk_region_1	sample10_SemiBin_53.fa.gz_k141_2142154.region001	region	1	506	FAM_00659
cpsnj14_SemiBin_29.fa.gz_k141_957783.region001.gbk_region_1	cpsnj14_SemiBin_29.fa.gz_k141_957783.region001	region	1	514	FAM_00660
cpsnj20_SemiBin_16.fa.gz_k141_2272220.region001.gbk_region_1	cpsnj20_SemiBin_16.fa.gz_k141_2272220.region001	region	1	518	FAM_00661
cpsnj14_SemiBin_248.fa.gz_k141_943490.region001.gbk_region_1	cpsnj14_SemiBin_248.fa.gz_k141_943490.region001	region	1	522	FAM_00662
sample14_SemiBin_9.fa.gz_k141_3956941.region001.gbk_region_1	sample14_SemiBin_9.fa.gz_k141_3956941.region001	region	1	534	FAM_00663
snj08_SemiBin_40.fa.gz_k141_2524974.region001.gbk_region_1	snj08_SemiBin_40.fa.gz_k141_2524974.region001	region	1	538	FAM_00664
sample4_SemiBin_28.fa.gz_k141_1151765.region001.gbk_region_1	sample4_SemiBin_28.fa.gz_k141_1151765.region001	region	1	550	FAM_00665
cpsnj10_SemiBin_253.fa.gz_k141_1362288.region001.gbk_region_1	cpsnj10_SemiBin_253.fa.gz_k141_1362288.region001	region	1	571	FAM_00666
sample5_SemiBin_89.fa.gz_k141_2386293.region001.gbk_region_1	sample5_SemiBin_89.fa.gz_k141_2386293.region001	region	1	587	FAM_00667
sample1_SemiBin_140.fa.gz_k141_2344701.region001.gbk_region_1	sample1_SemiBin_140.fa.gz_k141_2344701.region001	region	1	591	FAM_00668
sample29_SemiBin_14.fa.gz_k141_1185386.region001.gbk_region_1	sample29_SemiBin_14.fa.gz_k141_1185386.region001	region	1	611	FAM_00669
snj04_SemiBin_4.fa.gz_k141_2300386.region001.gbk_region_1	snj04_SemiBin_4.fa.gz_k141_2300386.region001	region	1	627	FAM_00670
snj16_SemiBin_58.fa.gz_k141_69107.region001.gbk_region_1	snj16_SemiBin_58.fa.gz_k141_69107.region001	region	1	631	FAM_00671
cpsnj20_SemiBin_16.fa.gz_k141_1670040.region001.gbk_region_1	cpsnj20_SemiBin_16.fa.gz_k141_1670040.region001	region	1	635	FAM_00672
snj04_SemiBin_4.fa.gz_k141_1752247.region001.gbk_region_1	snj04_SemiBin_4.fa.gz_k141_1752247.region001	region	1	663	FAM_00673
snj15_SemiBin_18.fa.gz_k141_1374265.region001.gbk_region_1	snj15_SemiBin_18.fa.gz_k141_1374265.region001	region	1	679	FAM_00674
sample13_SemiBin_95.fa.gz_k141_3564223.region001.gbk_region_1	sample13_SemiBin_95.fa.gz_k141_3564223.region001	region	1	691	FAM_00675
sample1_SemiBin_52.fa.gz_k141_28266.region001.gbk_region_1	sample1_SemiBin_52.fa.gz_k141_28266.region001	region	1	695	FAM_00676
cpsnj14_SemiBin_29.fa.gz_k141_3833751.region001.gbk_region_1	cpsnj14_SemiBin_29.fa.gz_k141_3833751.region001	region	1	699	FAM_00677
cpsnj14_SemiBin_248.fa.gz_k141_3354586.region001.gbk_region_1	cpsnj14_SemiBin_248.fa.gz_k141_3354586.region001	region	1	735	FAM_00678
sample17_SemiBin_86.fa.gz_k141_2605714.region001.gbk_region_1	sample17_SemiBin_86.fa.gz_k141_2605714.region001	region	1	747	FAM_00679
sample7_SemiBin_80.fa.gz_k141_4725118.region002.gbk_region_2	sample7_SemiBin_80.fa.gz_k141_4725118.region002	region	2	751	FAM_00680
snj19_SemiBin_92.fa.gz_k141_2322235.region001.gbk_region_1	snj19_SemiBin_92.fa.gz_k141_2322235.region001	region	1	767	FAM_00681
sample9_SemiBin_42.fa.gz_k141_3646819.region001.gbk_region_1	sample9_SemiBin_42.fa.gz_k141_3646819.region001	region	1	771	FAM_00682
sample20_SemiBin_95.fa.gz_k141_5066177.region001.gbk_region_1	sample20_SemiBin_95.fa.gz_k141_5066177.region001	region	1	775	FAM_00683
snj09_SemiBin_133.fa.gz_k141_51011.region001.gbk_region_1	snj09_SemiBin_133.fa.gz_k141_51011.region001	region	1	787	FAM_00684
cpsnj14_SemiBin_111.fa.gz_k141_3836152.region001.gbk_region_1	cpsnj14_SemiBin_111.fa.gz_k141_3836152.region001	region	1	791	FAM_00685
cpsnj15_SemiBin_8.fa.gz_k141_1583544.region001.gbk_region_1	cpsnj15_SemiBin_8.fa.gz_k141_1583544.region001	region	1	807	FAM_00686
sample18_SemiBin_193.fa.gz_k141_593204.region001.gbk_region_1	sample18_SemiBin_193.fa.gz_k141_593204.region001	region	1	815	FAM_00687
sample9_SemiBin_20.fa.gz_k141_869642.region001.gbk_region_1	sample9_SemiBin_20.fa.gz_k141_869642.region001	region	1	839	FAM_00688
sample29_SemiBin_99.fa.gz_k141_2095609.region001.gbk_region_1	sample29_SemiBin_99.fa.gz_k141_2095609.region001	region	1	851	FAM_00689
snj04_SemiBin_35.fa.gz_k141_357346.region001.gbk_region_1	snj04_SemiBin_35.fa.gz_k141_357346.region001	region	1	879	FAM_00690
sample5_SemiBin_76.fa.gz_k141_2437569.region001.gbk_region_1	sample5_SemiBin_76.fa.gz_k141_2437569.region001	region	1	895	FAM_00691
sample29_SemiBin_28.fa.gz_k141_3549971.region001.gbk_region_1	sample29_SemiBin_28.fa.gz_k141_3549971.region001	region	1	907	FAM_00692
snj20_SemiBin_16.fa.gz_k141_2381067.region001.gbk_region_1	snj20_SemiBin_16.fa.gz_k141_2381067.region001	region	1	927	FAM_00693
snj08_SemiBin_113.fa.gz_k141_1068996.region001.gbk_region_1	snj08_SemiBin_113.fa.gz_k141_1068996.region001	region	1	943	FAM_00694
sample8_SemiBin_16.fa.gz_k141_2459843.region001.gbk_region_1	sample8_SemiBin_16.fa.gz_k141_2459843.region001	region	1	967	FAM_00695
sample7_SemiBin_67.fa.gz_k141_2874518.region001.gbk_region_1	sample7_SemiBin_67.fa.gz_k141_2874518.region001	region	1	979	FAM_00696
sample6_SemiBin_65.fa.gz_k141_4876249.region001.gbk_region_1	sample6_SemiBin_65.fa.gz_k141_4876249.region001	region	1	1016	FAM_00697
cpsnj11_SemiBin_80.fa.gz_k141_3609079.region001.gbk_region_1	cpsnj11_SemiBin_80.fa.gz_k141_3609079.region001	region	1	1032	FAM_00698
snj09_SemiBin_106.fa.gz_k141_288545.region001.gbk_region_1	snj09_SemiBin_106.fa.gz_k141_288545.region001	region	1	1036	FAM_00699
snj03_SemiBin_67.fa.gz_k141_929503.region001.gbk_region_1	snj03_SemiBin_67.fa.gz_k141_929503.region001	region	1	1056	FAM_00700
sample3_SemiBin_77.fa.gz_k141_2327371.region001.gbk_region_1	sample3_SemiBin_77.fa.gz_k141_2327371.region001	region	1	1064	FAM_00701
cpsnj10_SemiBin_253.fa.gz_k141_502448.region001.gbk_region_1	cpsnj10_SemiBin_253.fa.gz_k141_502448.region001	region	1	1068	FAM_00702
sample12_SemiBin_15.fa.gz_k141_1278341.region001.gbk_region_1	sample12_SemiBin_15.fa.gz_k141_1278341.region001	region	1	1074	FAM_00703
snj02_SemiBin_75.fa.gz_k141_2137269.region001.gbk_region_1	snj02_SemiBin_75.fa.gz_k141_2137269.region001	region	1	1102	FAM_00704
sample10_SemiBin_3.fa.gz_k141_1644664.region001.gbk_region_1	sample10_SemiBin_3.fa.gz_k141_1644664.region001	region	1	1114	FAM_00705
sample15_SemiBin_16.fa.gz_k141_1595216.region001.gbk_region_1	sample15_SemiBin_16.fa.gz_k141_1595216.region001	region	1	1138	FAM_00706
cpsnj10_SemiBin_112.fa.gz_k141_3919719.region001.gbk_region_1	cpsnj10_SemiBin_112.fa.gz_k141_3919719.region001	region	1	1150	FAM_00707
snj11_SemiBin_138.fa.gz_k141_1998484.region001.gbk_region_1	snj11_SemiBin_138.fa.gz_k141_1998484.region001	region	1	1166	FAM_00708
snj03_SemiBin_95.fa.gz_k141_258986.region001.gbk_region_1	snj03_SemiBin_95.fa.gz_k141_258986.region001	region	1	1170	FAM_00709
snj04_SemiBin_28.fa.gz_k141_1135430.region001.gbk_region_1	snj04_SemiBin_28.fa.gz_k141_1135430.region001	region	1	1174	FAM_00710
sample18_SemiBin_34.fa.gz_k141_2201652.region001.gbk_region_1	sample18_SemiBin_34.fa.gz_k141_2201652.region001	region	1	1206	FAM_00711
cpsnj03_SemiBin_40.fa.gz_k141_2801429.region001.gbk_region_1	cpsnj03_SemiBin_40.fa.gz_k141_2801429.region001	region	1	1210	FAM_00712
snj02_SemiBin_31.fa.gz_k141_2398332.region001.gbk_region_1	snj02_SemiBin_31.fa.gz_k141_2398332.region001	region	1	1214	FAM_00713
sample29_SemiBin_91.fa.gz_k141_76691.region001.gbk_region_1	sample29_SemiBin_91.fa.gz_k141_76691.region001	region	1	1218	FAM_00714
sample10_SemiBin_10.fa.gz_k141_1025285.region001.gbk_region_1	sample10_SemiBin_10.fa.gz_k141_1025285.region001	region	1	1234	FAM_00715
snj01_SemiBin_10.fa.gz_k141_1203060.region001.gbk_region_1	snj01_SemiBin_10.fa.gz_k141_1203060.region001	region	1	1242	FAM_00716
sample30_SemiBin_40.fa.gz_k141_158240.region001.gbk_region_1	sample30_SemiBin_40.fa.gz_k141_158240.region001	region	1	1246	FAM_00717
sample5_SemiBin_98.fa.gz_k141_1594552.region001.gbk_region_1	sample5_SemiBin_98.fa.gz_k141_1594552.region001	region	1	1254	FAM_00718
snj08_SemiBin_13.fa.gz_k141_2927807.region001.gbk_region_1	snj08_SemiBin_13.fa.gz_k141_2927807.region001	region	1	1278	FAM_00719
snj09_SemiBin_133.fa.gz_k141_1785771.region001.gbk_region_1	snj09_SemiBin_133.fa.gz_k141_1785771.region001	region	1	1282	FAM_00720
sample18_SemiBin_11.fa.gz_k141_2212735.region001.gbk_region_1	sample18_SemiBin_11.fa.gz_k141_2212735.region001	region	1	1342	FAM_00721
sample13_SemiBin_37.fa.gz_k141_3560397.region001.gbk_region_1	sample13_SemiBin_37.fa.gz_k141_3560397.region001	region	1	1346	FAM_00722
cpsnj11_SemiBin_8.fa.gz_k141_2886990.region001.gbk_region_1	cpsnj11_SemiBin_8.fa.gz_k141_2886990.region001	region	1	1378	FAM_00723
cpsnj10_SemiBin_67.fa.gz_k141_1161598.region001.gbk_region_1	cpsnj10_SemiBin_67.fa.gz_k141_1161598.region001	region	1	1382	FAM_00724
sample18_SemiBin_34.fa.gz_k141_1651822.region001.gbk_region_1	sample18_SemiBin_34.fa.gz_k141_1651822.region001	region	1	1414	FAM_00725
sample7_SemiBin_80.fa.gz_k141_4953993.region001.gbk_region_1	sample7_SemiBin_80.fa.gz_k141_4953993.region001	region	1	1418	FAM_00726
cpsnj19_SemiBin_60.fa.gz_k141_2471361.region001.gbk_region_1	cpsnj19_SemiBin_60.fa.gz_k141_2471361.region001	region	1	1450	FAM_00727
sample10_SemiBin_53.fa.gz_k141_5144809.region001.gbk_region_1	sample10_SemiBin_53.fa.gz_k141_5144809.region001	region	1	1458	FAM_00728
sample9_SemiBin_42.fa.gz_k141_4258415.region001.gbk_region_1	sample9_SemiBin_42.fa.gz_k141_4258415.region001	region	1	1462	FAM_00729
cpsnj11_SemiBin_113.fa.gz_k141_4070763.region001.gbk_region_1	cpsnj11_SemiBin_113.fa.gz_k141_4070763.region001	region	1	1474	FAM_00730
cpsnj03_SemiBin_131.fa.gz_k141_23457.region001.gbk_region_1	cpsnj03_SemiBin_131.fa.gz_k141_23457.region001	region	1	1482	FAM_00731
sample15_SemiBin_26.fa.gz_k141_3018922.region001.gbk_region_1	sample15_SemiBin_26.fa.gz_k141_3018922.region001	region	1	1498	FAM_00732
snj11_SemiBin_138.fa.gz_k141_985593.region001.gbk_region_1	snj11_SemiBin_138.fa.gz_k141_985593.region001	region	1	1502	FAM_00733
snj09_SemiBin_37.fa.gz_k141_3368419.region001.gbk_region_1	snj09_SemiBin_37.fa.gz_k141_3368419.region001	region	1	1518	FAM_00734
snj04_SemiBin_4.fa.gz_k141_496939.region001.gbk_region_1	snj04_SemiBin_4.fa.gz_k141_496939.region001	region	1	1526	FAM_00735
snj01_SemiBin_55.fa.gz_k141_3069446.region001.gbk_region_1	snj01_SemiBin_55.fa.gz_k141_3069446.region001	region	1	1532	FAM_00736
sample22_SemiBin_18.fa.gz_k141_1289049.region001.gbk_region_1	sample22_SemiBin_18.fa.gz_k141_1289049.region001	region	1	1565	FAM_00737
cpsnj01_SemiBin_3.fa.gz_k141_3008957.region001.gbk_region_1	cpsnj01_SemiBin_3.fa.gz_k141_3008957.region001	region	1	1569	FAM_00738
sample12_SemiBin_24.fa.gz_k141_2150471.region001.gbk_region_1	sample12_SemiBin_24.fa.gz_k141_2150471.region001	region	1	1581	FAM_00739
sample29_SemiBin_99.fa.gz_k141_4426229.region001.gbk_region_1	sample29_SemiBin_99.fa.gz_k141_4426229.region001	region	1	1589	FAM_00740
sample13_SemiBin_32.fa.gz_k141_1398915.region001.gbk_region_1	sample13_SemiBin_32.fa.gz_k141_1398915.region001	region	1	1593	FAM_00741
sample14_SemiBin_9.fa.gz_k141_3378594.region001.gbk_region_1	sample14_SemiBin_9.fa.gz_k141_3378594.region001	region	1	1613	FAM_00742
cpsnj02_SemiBin_13.fa.gz_k141_61055.region001.gbk_region_1	cpsnj02_SemiBin_13.fa.gz_k141_61055.region001	region	1	1637	FAM_00743
sample7_SemiBin_38.fa.gz_k141_2656647.region001.gbk_region_1	sample7_SemiBin_38.fa.gz_k141_2656647.region001	region	1	1649	FAM_00744
sample29_SemiBin_14.fa.gz_k141_2658800.region001.gbk_region_1	sample29_SemiBin_14.fa.gz_k141_2658800.region001	region	1	1666	FAM_00745
sample6_SemiBin_44.fa.gz_k141_1013634.region001.gbk_region_1	sample6_SemiBin_44.fa.gz_k141_1013634.region001	region	1	1690	FAM_00746
sample6_SemiBin_18.fa.gz_k141_1320502.region001.gbk_region_1	sample6_SemiBin_18.fa.gz_k141_1320502.region001	region	1	1706	FAM_00747
sample1_SemiBin_88.fa.gz_k141_2929777.region001.gbk_region_1	sample1_SemiBin_88.fa.gz_k141_2929777.region001	region	1	1730	FAM_00748
sample18_SemiBin_34.fa.gz_k141_5303869.region001.gbk_region_1	sample18_SemiBin_34.fa.gz_k141_5303869.region001	region	1	1734	FAM_00749
sample2_SemiBin_19.fa.gz_k141_1902597.region001.gbk_region_1	sample2_SemiBin_19.fa.gz_k141_1902597.region001	region	1	1738	FAM_00750
cpsnj01_SemiBin_96.fa.gz_k141_2299075.region001.gbk_region_1	cpsnj01_SemiBin_96.fa.gz_k141_2299075.region001	region	1	1770	FAM_00751
cpsnj11_SemiBin_80.fa.gz_k141_1712590.region001.gbk_region_1	cpsnj11_SemiBin_80.fa.gz_k141_1712590.region001	region	1	1774	FAM_00752
cpsnj03_SemiBin_20.fa.gz_k141_2494143.region001.gbk_region_1	cpsnj03_SemiBin_20.fa.gz_k141_2494143.region001	region	1	1782	FAM_00753
sample18_SemiBin_317.fa.gz_k141_3588195.region001.gbk_region_1	sample18_SemiBin_317.fa.gz_k141_3588195.region001	region	1	1798	FAM_00754
sample10_SemiBin_113.fa.gz_k141_5458630.region001.gbk_region_1	sample10_SemiBin_113.fa.gz_k141_5458630.region001	region	1	1802	FAM_00755
sample13_SemiBin_7.fa.gz_k141_2270084.region001.gbk_region_1	sample13_SemiBin_7.fa.gz_k141_2270084.region001	region	1	1814	FAM_00756
sample16_SemiBin_27.fa.gz_k141_4153868.region001.gbk_region_1	sample16_SemiBin_27.fa.gz_k141_4153868.region001	region	1	1830	FAM_00757
sample29_SemiBin_91.fa.gz_k141_2834813.region001.gbk_region_1	sample29_SemiBin_91.fa.gz_k141_2834813.region001	region	1	1850	FAM_00758
snj02_SemiBin_4.fa.gz_k141_2082855.region001.gbk_region_1	snj02_SemiBin_4.fa.gz_k141_2082855.region001	region	1	1862	FAM_00759
cpsnj14_SemiBin_59.fa.gz_k141_1752748.region001.gbk_region_1	cpsnj14_SemiBin_59.fa.gz_k141_1752748.region001	region	1	1866	FAM_00760
sample22_SemiBin_205.fa.gz_k141_5041985.region001.gbk_region_1	sample22_SemiBin_205.fa.gz_k141_5041985.region001	region	1	1882	FAM_00761
sample5_SemiBin_89.fa.gz_k141_1351360.region001.gbk_region_1	sample5_SemiBin_89.fa.gz_k141_1351360.region001	region	1	1902	FAM_00762
cpsnj20_SemiBin_31.fa.gz_k141_2713162.region001.gbk_region_1	cpsnj20_SemiBin_31.fa.gz_k141_2713162.region001	region	1	1916	FAM_00763
sample9_SemiBin_42.fa.gz_k141_4637091.region001.gbk_region_1	sample9_SemiBin_42.fa.gz_k141_4637091.region001	region	1	1924	FAM_00764
snj16_SemiBin_58.fa.gz_k141_501531.region001.gbk_region_1	snj16_SemiBin_58.fa.gz_k141_501531.region001	region	1	1946	FAM_00765
sample5_SemiBin_76.fa.gz_k141_2722229.region001.gbk_region_1	sample5_SemiBin_76.fa.gz_k141_2722229.region001	region	1	1962	FAM_00766
snj01_SemiBin_55.fa.gz_k141_2168444.region001.gbk_region_1	snj01_SemiBin_55.fa.gz_k141_2168444.region001	region	1	1974	FAM_00767
cpsnj15_SemiBin_8.fa.gz_k141_1839157.region001.gbk_region_1	cpsnj15_SemiBin_8.fa.gz_k141_1839157.region001	region	1	2002	FAM_00768
sample15_SemiBin_220.fa.gz_k141_3778214.region001.gbk_region_1	sample15_SemiBin_220.fa.gz_k141_3778214.region001	region	1	2022	FAM_00769
sample29_SemiBin_34.fa.gz_k141_651715.region001.gbk_region_1	sample29_SemiBin_34.fa.gz_k141_651715.region001	region	1	2030	FAM_00770
cpsnj11_SemiBin_8.fa.gz_k141_1215583.region001.gbk_region_1	cpsnj11_SemiBin_8.fa.gz_k141_1215583.region001	region	1	2048	FAM_00771
snj09_SemiBin_33.fa.gz_k141_1205459.region001.gbk_region_1	snj09_SemiBin_33.fa.gz_k141_1205459.region001	region	1	2060	FAM_00772
sample7_SemiBin_80.fa.gz_k141_3999494.region001.gbk_region_1	sample7_SemiBin_80.fa.gz_k141_3999494.region001	region	1	2080	FAM_00773
snj04_SemiBin_56.fa.gz_k141_745671.region001.gbk_region_1	snj04_SemiBin_56.fa.gz_k141_745671.region001	region	1	2104	FAM_00774
sample18_SemiBin_188.fa.gz_k141_4245067.region001.gbk_region_1	sample18_SemiBin_188.fa.gz_k141_4245067.region001	region	1	2124	FAM_00775
sample6_SemiBin_93.fa.gz_k141_7511525.region001.gbk_region_1	sample6_SemiBin_93.fa.gz_k141_7511525.region001	region	1	2130	FAM_00776
sample18_SemiBin_201.fa.gz_k141_2328732.region001.gbk_region_1	sample18_SemiBin_201.fa.gz_k141_2328732.region001	region	1	2138	FAM_00777
snj01_SemiBin_55.fa.gz_k141_760841.region001.gbk_region_1	snj01_SemiBin_55.fa.gz_k141_760841.region001	region	1	2154	FAM_00778
snj02_SemiBin_4.fa.gz_k141_482221.region001.gbk_region_1	snj02_SemiBin_4.fa.gz_k141_482221.region001	region	1	2174	FAM_00779
snj01_SemiBin_55.fa.gz_k141_1562794.region001.gbk_region_1	snj01_SemiBin_55.fa.gz_k141_1562794.region001	region	1	2182	FAM_00780
sample19_SemiBin_8.fa.gz_k141_3927683.region001.gbk_region_1	sample19_SemiBin_8.fa.gz_k141_3927683.region001	region	1	2210	FAM_00781
cpsnj09_SemiBin_32.fa.gz_k141_3051769.region001.gbk_region_1	cpsnj09_SemiBin_32.fa.gz_k141_3051769.region001	region	1	2214	FAM_00782
sample10_SemiBin_53.fa.gz_k141_2477881.region001.gbk_region_1	sample10_SemiBin_53.fa.gz_k141_2477881.region001	region	1	2222	FAM_00783
snj04_SemiBin_4.fa.gz_k141_2390142.region001.gbk_region_1	snj04_SemiBin_4.fa.gz_k141_2390142.region001	region	1	2242	FAM_00784
snj01_SemiBin_55.fa.gz_k141_1728965.region001.gbk_region_1	snj01_SemiBin_55.fa.gz_k141_1728965.region001	region	1	2250	FAM_00785
sample2_SemiBin_4.fa.gz_k141_2549770.region001.gbk_region_1	sample2_SemiBin_4.fa.gz_k141_2549770.region001	region	1	2254	FAM_00786
sample10_SemiBin_113.fa.gz_k141_4576334.region001.gbk_region_1	sample10_SemiBin_113.fa.gz_k141_4576334.region001	region	1	2298	FAM_00787
snj04_SemiBin_4.fa.gz_k141_666272.region001.gbk_region_1	snj04_SemiBin_4.fa.gz_k141_666272.region001	region	1	2306	FAM_00788
sample10_SemiBin_76.fa.gz_k141_4164574.region001.gbk_region_1	sample10_SemiBin_76.fa.gz_k141_4164574.region001	region	1	2310	FAM_00789
cpsnj20_SemiBin_85.fa.gz_k141_434373.region001.gbk_region_1	cpsnj20_SemiBin_85.fa.gz_k141_434373.region001	region	1	2318	FAM_00790
sample29_SemiBin_14.fa.gz_k141_653597.region001.gbk_region_1	sample29_SemiBin_14.fa.gz_k141_653597.region001	region	1	2326	FAM_00791
snj04_SemiBin_4.fa.gz_k141_360230.region001.gbk_region_1	snj04_SemiBin_4.fa.gz_k141_360230.region001	region	1	2330	FAM_00792
cpsnj10_SemiBin_99.fa.gz_k141_2564037.region001.gbk_region_1	cpsnj10_SemiBin_99.fa.gz_k141_2564037.region001	region	1	2334	FAM_00793
sample4_SemiBin_28.fa.gz_k141_1719358.region001.gbk_region_1	sample4_SemiBin_28.fa.gz_k141_1719358.region001	region	1	2338	FAM_00794
cpsnj01_SemiBin_18.fa.gz_k141_3128967.region001.gbk_region_1	cpsnj01_SemiBin_18.fa.gz_k141_3128967.region001	region	1	2342	FAM_00795
snj16_SemiBin_23.fa.gz_k141_134083.region001.gbk_region_1	snj16_SemiBin_23.fa.gz_k141_134083.region001	region	1	2346	FAM_00796
sample15_SemiBin_26.fa.gz_k141_3112616.region001.gbk_region_1	sample15_SemiBin_26.fa.gz_k141_3112616.region001	region	1	2396	FAM_00797
sample5_SemiBin_76.fa.gz_k141_2039177.region001.gbk_region_1	sample5_SemiBin_76.fa.gz_k141_2039177.region001	region	1	2412	FAM_00798
cpsnj11_SemiBin_46.fa.gz_k141_2533375.region001.gbk_region_1	cpsnj11_SemiBin_46.fa.gz_k141_2533375.region001	region	1	2424	FAM_00799
cpsnj09_SemiBin_19.fa.gz_k141_188909.region001.gbk_region_1	cpsnj09_SemiBin_19.fa.gz_k141_188909.region001	region	1	2432	FAM_00800
snj01_SemiBin_55.fa.gz_k141_3029275.region001.gbk_region_1	snj01_SemiBin_55.fa.gz_k141_3029275.region001	region	1	2444	FAM_00801
sample27_SemiBin_17.fa.gz_k141_3466245.region001.gbk_region_1	sample27_SemiBin_17.fa.gz_k141_3466245.region001	region	1	2452	FAM_00802
sample14_SemiBin_53.fa.gz_k141_3281092.region001.gbk_region_1	sample14_SemiBin_53.fa.gz_k141_3281092.region001	region	1	2490	FAM_00803
snj16_SemiBin_23.fa.gz_k141_2437671.region001.gbk_region_1	snj16_SemiBin_23.fa.gz_k141_2437671.region001	region	1	2498	FAM_00804
cpsnj20_SemiBin_22.fa.gz_k141_2558465.region001.gbk_region_1	cpsnj20_SemiBin_22.fa.gz_k141_2558465.region001	region	1	2506	FAM_00805
sample6_SemiBin_2.fa.gz_k141_6991467.region001.gbk_region_1	sample6_SemiBin_2.fa.gz_k141_6991467.region001	region	1	2514	FAM_00806
sample27_SemiBin_19.fa.gz_k141_3802419.region001.gbk_region_1	sample27_SemiBin_19.fa.gz_k141_3802419.region001	region	1	2526	FAM_00807
sample5_SemiBin_76.fa.gz_k141_2052923.region001.gbk_region_1	sample5_SemiBin_76.fa.gz_k141_2052923.region001	region	1	2534	FAM_00808
sample16_SemiBin_2.fa.gz_k141_1566011.region001.gbk_region_1	sample16_SemiBin_2.fa.gz_k141_1566011.region001	region	1	2542	FAM_00809
sample16_SemiBin_119.fa.gz_k141_1859815.region001.gbk_region_1	sample16_SemiBin_119.fa.gz_k141_1859815.region001	region	1	2546	FAM_00810
sample10_SemiBin_76.fa.gz_k141_2600086.region001.gbk_region_1	sample10_SemiBin_76.fa.gz_k141_2600086.region001	region	1	2570	FAM_00811
snj01_SemiBin_23.fa.gz_k141_114223.region001.gbk_region_1	snj01_SemiBin_23.fa.gz_k141_114223.region001	region	1	2590	FAM_00812
cpsnj01_SemiBin_4.fa.gz_k141_1227162.region001.gbk_region_1	cpsnj01_SemiBin_4.fa.gz_k141_1227162.region001	region	1	2614	FAM_00813
snj14_SemiBin_52.fa.gz_k141_2454277.region001.gbk_region_1	snj14_SemiBin_52.fa.gz_k141_2454277.region001	region	1	2636	FAM_00814
cpsnj01_SemiBin_80.fa.gz_k141_3092656.region001.gbk_region_1	cpsnj01_SemiBin_80.fa.gz_k141_3092656.region001	region	1	2644	FAM_00815
sample26_SemiBin_47.fa.gz_k141_3404889.region001.gbk_region_1	sample26_SemiBin_47.fa.gz_k141_3404889.region001	region	1	2656	FAM_00816
sample7_SemiBin_80.fa.gz_k141_4160987.region001.gbk_region_1	sample7_SemiBin_80.fa.gz_k141_4160987.region001	region	1	2672	FAM_00817
cpsnj10_SemiBin_137.fa.gz_k141_2678349.region001.gbk_region_1	cpsnj10_SemiBin_137.fa.gz_k141_2678349.region001	region	1	2676	FAM_00818
snj10_SemiBin_17.fa.gz_k141_48444.region001.gbk_region_1	snj10_SemiBin_17.fa.gz_k141_48444.region001	region	1	2684	FAM_00819
cpsnj09_SemiBin_88.fa.gz_k141_3198137.region001.gbk_region_1	cpsnj09_SemiBin_88.fa.gz_k141_3198137.region001	region	1	2724	FAM_00820
sample18_SemiBin_34.fa.gz_k141_3924057.region001.gbk_region_1	sample18_SemiBin_34.fa.gz_k141_3924057.region001	region	1	2732	FAM_00821
sample16_SemiBin_165.fa.gz_k141_1658526.region001.gbk_region_1	sample16_SemiBin_165.fa.gz_k141_1658526.region001	region	1	2740	FAM_00822
sample2_SemiBin_7.fa.gz_k141_1426917.region001.gbk_region_1	sample2_SemiBin_7.fa.gz_k141_1426917.region001	region	1	2756	FAM_00823
snj08_SemiBin_113.fa.gz_k141_2897780.region001.gbk_region_1	snj08_SemiBin_113.fa.gz_k141_2897780.region001	region	1	2776	FAM_00824
snj02_SemiBin_4.fa.gz_k141_332302.region001.gbk_region_1	snj02_SemiBin_4.fa.gz_k141_332302.region001	region	1	2784	FAM_00825
cpsnj16_SemiBin_62.fa.gz_k141_3338573.region001.gbk_region_1	cpsnj16_SemiBin_62.fa.gz_k141_3338573.region001	region	1	2804	FAM_00826
cpsnj20_SemiBin_45.fa.gz_k141_2111571.region001.gbk_region_1	cpsnj20_SemiBin_45.fa.gz_k141_2111571.region001	region	1	2812	FAM_00827
cpsnj01_SemiBin_41.fa.gz_k141_2753006.region001.gbk_region_1	cpsnj01_SemiBin_41.fa.gz_k141_2753006.region001	region	1	2816	FAM_00828
snj10_SemiBin_17.fa.gz_k141_1652276.region001.gbk_region_1	snj10_SemiBin_17.fa.gz_k141_1652276.region001	region	1	2820	FAM_00829
sample10_SemiBin_7.fa.gz_k141_1219404.region001.gbk_region_1	sample10_SemiBin_7.fa.gz_k141_1219404.region001	region	1	2824	FAM_00830
cpsnj01_SemiBin_4.fa.gz_k141_2175646.region001.gbk_region_1	cpsnj01_SemiBin_4.fa.gz_k141_2175646.region001	region	1	2836	FAM_00831
sample15_SemiBin_80.fa.gz_k141_4388087.region001.gbk_region_1	sample15_SemiBin_80.fa.gz_k141_4388087.region001	region	1	2844	FAM_00832
sample10_SemiBin_53.fa.gz_k141_993706.region001.gbk_region_1	sample10_SemiBin_53.fa.gz_k141_993706.region001	region	1	2850	FAM_00833
sample30_SemiBin_40.fa.gz_k141_82589.region001.gbk_region_1	sample30_SemiBin_40.fa.gz_k141_82589.region001	region	1	2858	FAM_00834
cpsnj16_SemiBin_62.fa.gz_k141_3063685.region001.gbk_region_1	cpsnj16_SemiBin_62.fa.gz_k141_3063685.region001	region	1	2876	FAM_00835
snj02_SemiBin_39.fa.gz_k141_2321356.region001.gbk_region_1	snj02_SemiBin_39.fa.gz_k141_2321356.region001	region	1	2904	FAM_00836
snj01_SemiBin_55.fa.gz_k141_1640844.region001.gbk_region_1	snj01_SemiBin_55.fa.gz_k141_1640844.region001	region	1	2920	FAM_00837
sample27_SemiBin_19.fa.gz_k141_400145.region001.gbk_region_1	sample27_SemiBin_19.fa.gz_k141_400145.region001	region	1	2928	FAM_00838
cpsnj11_SemiBin_33.fa.gz_k141_467841.region001.gbk_region_1	cpsnj11_SemiBin_33.fa.gz_k141_467841.region001	region	1	2940	FAM_00839
cpsnj11_SemiBin_33.fa.gz_k141_200201.region001.gbk_region_1	cpsnj11_SemiBin_33.fa.gz_k141_200201.region001	region	1	2948	FAM_00840
cpsnj09_SemiBin_86.fa.gz_k141_1326154.region001.gbk_region_1	cpsnj09_SemiBin_86.fa.gz_k141_1326154.region001	region	1	2956	FAM_00841
sample13_SemiBin_151.fa.gz_k141_2537407.region001.gbk_region_1	sample13_SemiBin_151.fa.gz_k141_2537407.region001	region	1	2976	FAM_00842
sample7_SemiBin_87.fa.gz_k141_3477720.region001.gbk_region_1	sample7_SemiBin_87.fa.gz_k141_3477720.region001	region	1	2984	FAM_00843
snj16_SemiBin_58.fa.gz_k141_3209147.region001.gbk_region_1	snj16_SemiBin_58.fa.gz_k141_3209147.region001	region	1	2988	FAM_00844
sample19_SemiBin_8.fa.gz_k141_2853331.region001.gbk_region_1	sample19_SemiBin_8.fa.gz_k141_2853331.region001	region	1	2992	FAM_00845
sample13_SemiBin_142.fa.gz_k141_2309937.region001.gbk_region_1	sample13_SemiBin_142.fa.gz_k141_2309937.region001	region	1	3012	FAM_00846
snj02_SemiBin_11.fa.gz_k141_2008136.region001.gbk_region_1	snj02_SemiBin_11.fa.gz_k141_2008136.region001	region	1	3016	FAM_00847
cpsnj09_SemiBin_43.fa.gz_k141_3264176.region001.gbk_region_1	cpsnj09_SemiBin_43.fa.gz_k141_3264176.region001	region	1	3024	FAM_00848
sample24_SemiBin_58.fa.gz_k141_5589571.region001.gbk_region_1	sample24_SemiBin_58.fa.gz_k141_5589571.region001	region	1	3056	FAM_00849
snj09_SemiBin_133.fa.gz_k141_68530.region001.gbk_region_1	snj09_SemiBin_133.fa.gz_k141_68530.region001	region	1	3064	FAM_00850
cpsnj16_SemiBin_62.fa.gz_k141_3061197.region001.gbk_region_1	cpsnj16_SemiBin_62.fa.gz_k141_3061197.region001	region	1	3072	FAM_00851
sample10_SemiBin_53.fa.gz_k141_3836145.region001.gbk_region_1	sample10_SemiBin_53.fa.gz_k141_3836145.region001	region	1	3076	FAM_00852
sample7_SemiBin_80.fa.gz_k141_2565211.region001.gbk_region_1	sample7_SemiBin_80.fa.gz_k141_2565211.region001	region	1	3088	FAM_00853
snj14_SemiBin_52.fa.gz_k141_2311503.region001.gbk_region_1	snj14_SemiBin_52.fa.gz_k141_2311503.region001	region	1	3104	FAM_00854
cpsnj01_SemiBin_2.fa.gz_k141_2612673.region001.gbk_region_1	cpsnj01_SemiBin_2.fa.gz_k141_2612673.region001	region	1	3120	FAM_00855
snj01_SemiBin_1.fa.gz_k141_1462303.region001.gbk_region_1	snj01_SemiBin_1.fa.gz_k141_1462303.region001	region	1	3124	FAM_00856
sample1_SemiBin_29.fa.gz_k141_1147947.region001.gbk_region_1	sample1_SemiBin_29.fa.gz_k141_1147947.region001	region	1	3153	FAM_00857
cpsnj20_SemiBin_31.fa.gz_k141_2506655.region001.gbk_region_1	cpsnj20_SemiBin_31.fa.gz_k141_2506655.region001	region	1	3165	FAM_00858
sample29_SemiBin_34.fa.gz_k141_613367.region001.gbk_region_1	sample29_SemiBin_34.fa.gz_k141_613367.region001	region	1	3173	FAM_00859
snj04_SemiBin_4.fa.gz_k141_263463.region001.gbk_region_1	snj04_SemiBin_4.fa.gz_k141_263463.region001	region	1	3177	FAM_00860
sample9_SemiBin_27.fa.gz_k141_319828.region001.gbk_region_1	sample9_SemiBin_27.fa.gz_k141_319828.region001	region	1	3185	FAM_00861
snj11_SemiBin_40.fa.gz_k141_1453826.region001.gbk_region_1	snj11_SemiBin_40.fa.gz_k141_1453826.region001	region	1	3193	FAM_00862
cpsnj19_SemiBin_60.fa.gz_k141_1075222.region001.gbk_region_1	cpsnj19_SemiBin_60.fa.gz_k141_1075222.region001	region	1	3197	FAM_00863
sample7_SemiBin_80.fa.gz_k141_4770489.region001.gbk_region_1	sample7_SemiBin_80.fa.gz_k141_4770489.region001	region	1	3201	FAM_00864
sample10_SemiBin_53.fa.gz_k141_4138642.region001.gbk_region_1	sample10_SemiBin_53.fa.gz_k141_4138642.region001	region	1	3205	FAM_00865
sample18_SemiBin_34.fa.gz_k141_6028801.region001.gbk_region_1	sample18_SemiBin_34.fa.gz_k141_6028801.region001	region	1	3217	FAM_00866
cpsnj09_SemiBin_63.fa.gz_k141_2865794.region001.gbk_region_1	cpsnj09_SemiBin_63.fa.gz_k141_2865794.region001	region	1	3229	FAM_00867
sample6_SemiBin_60.fa.gz_k141_2140251.region001.gbk_region_1	sample6_SemiBin_60.fa.gz_k141_2140251.region001	region	1	3233	FAM_00868
cpsnj11_SemiBin_58.fa.gz_k141_2293637.region001.gbk_region_1	cpsnj11_SemiBin_58.fa.gz_k141_2293637.region001	region	1	3237	FAM_00869
sample7_SemiBin_80.fa.gz_k141_3345483.region001.gbk_region_1	sample7_SemiBin_80.fa.gz_k141_3345483.region001	region	1	3245	FAM_00870
cpsnj20_SemiBin_85.fa.gz_k141_2021788.region001.gbk_region_1	cpsnj20_SemiBin_85.fa.gz_k141_2021788.region001	region	1	3281	FAM_00871
sample10_SemiBin_53.fa.gz_k141_5114006.region001.gbk_region_1	sample10_SemiBin_53.fa.gz_k141_5114006.region001	region	1	3285	FAM_00872
sample6_SemiBin_95.fa.gz_k141_4685678.region001.gbk_region_1	sample6_SemiBin_95.fa.gz_k141_4685678.region001	region	1	3325	FAM_00873
sample18_SemiBin_193.fa.gz_k141_2665443.region001.gbk_region_1	sample18_SemiBin_193.fa.gz_k141_2665443.region001	region	1	3337	FAM_00874
sample2_SemiBin_7.fa.gz_k141_886774.region001.gbk_region_1	sample2_SemiBin_7.fa.gz_k141_886774.region001	region	1	3341	FAM_00875
cpsnj01_SemiBin_4.fa.gz_k141_1146093.region001.gbk_region_1	cpsnj01_SemiBin_4.fa.gz_k141_1146093.region001	region	1	3349	FAM_00876
sample5_SemiBin_21.fa.gz_k141_965680.region001.gbk_region_1	sample5_SemiBin_21.fa.gz_k141_965680.region001	region	1	3357	FAM_00877
sample10_SemiBin_113.fa.gz_k141_2826950.region001.gbk_region_1	sample10_SemiBin_113.fa.gz_k141_2826950.region001	region	1	3365	FAM_00878
snj03_SemiBin_15.fa.gz_k141_2487788.region001.gbk_region_1	snj03_SemiBin_15.fa.gz_k141_2487788.region001	region	1	3389	FAM_00879
sample24_SemiBin_59.fa.gz_k141_5611703.region001.gbk_region_1	sample24_SemiBin_59.fa.gz_k141_5611703.region001	region	1	3393	FAM_00880
sample29_SemiBin_99.fa.gz_k141_1515097.region001.gbk_region_1	sample29_SemiBin_99.fa.gz_k141_1515097.region001	region	1	3397	FAM_00881
sample19_SemiBin_8.fa.gz_k141_4259078.region001.gbk_region_1	sample19_SemiBin_8.fa.gz_k141_4259078.region001	region	1	3409	FAM_00882
snj04_SemiBin_4.fa.gz_k141_2470060.region001.gbk_region_1	snj04_SemiBin_4.fa.gz_k141_2470060.region001	region	1	3445	FAM_00883
cpsnj15_SemiBin_8.fa.gz_k141_386825.region001.gbk_region_1	cpsnj15_SemiBin_8.fa.gz_k141_386825.region001	region	1	3453	FAM_00884
sample13_SemiBin_32.fa.gz_k141_2169704.region001.gbk_region_1	sample13_SemiBin_32.fa.gz_k141_2169704.region001	region	1	3457	FAM_00885
sample1_SemiBin_24.fa.gz_k141_2722818.region001.gbk_region_1	sample1_SemiBin_24.fa.gz_k141_2722818.region001	region	1	3469	FAM_00886
cpsnj01_SemiBin_80.fa.gz_k141_1922696.region001.gbk_region_1	cpsnj01_SemiBin_80.fa.gz_k141_1922696.region001	region	1	3477	FAM_00887
sample30_SemiBin_40.fa.gz_k141_1774832.region001.gbk_region_1	sample30_SemiBin_40.fa.gz_k141_1774832.region001	region	1	3485	FAM_00888
snj04_SemiBin_4.fa.gz_k141_2509432.region001.gbk_region_1	snj04_SemiBin_4.fa.gz_k141_2509432.region001	region	1	3497	FAM_00889
cpsnj15_SemiBin_8.fa.gz_k141_1148069.region001.gbk_region_1	cpsnj15_SemiBin_8.fa.gz_k141_1148069.region001	region	1	3505	FAM_00890
cpsnj11_SemiBin_58.fa.gz_k141_3729040.region001.gbk_region_1	cpsnj11_SemiBin_58.fa.gz_k141_3729040.region001	region	1	3529	FAM_00891
snj16_SemiBin_58.fa.gz_k141_3026528.region001.gbk_region_1	snj16_SemiBin_58.fa.gz_k141_3026528.region001	region	1	3553	FAM_00892
snj04_SemiBin_4.fa.gz_k141_1059920.region001.gbk_region_1	snj04_SemiBin_4.fa.gz_k141_1059920.region001	region	1	3565	FAM_00893
sample5_SemiBin_76.fa.gz_k141_2836881.region001.gbk_region_1	sample5_SemiBin_76.fa.gz_k141_2836881.region001	region	1	3577	FAM_00894
sample7_SemiBin_41.fa.gz_k141_5098178.region001.gbk_region_1	sample7_SemiBin_41.fa.gz_k141_5098178.region001	region	1	3593	FAM_00895
cpsnj20_SemiBin_104.fa.gz_k141_917996.region001.gbk_region_1	cpsnj20_SemiBin_104.fa.gz_k141_917996.region001	region	1	3609	FAM_00896
cpsnj10_SemiBin_67.fa.gz_k141_3854178.region001.gbk_region_1	cpsnj10_SemiBin_67.fa.gz_k141_3854178.region001	region	1	3621	FAM_00897
cpsnj01_SemiBin_47.fa.gz_k141_710082.region001.gbk_region_1	cpsnj01_SemiBin_47.fa.gz_k141_710082.region001	region	1	3633	FAM_00898
cpsnj14_SemiBin_156.fa.gz_k141_3059645.region001.gbk_region_1	cpsnj14_SemiBin_156.fa.gz_k141_3059645.region001	region	1	3637	FAM_00899
snj19_SemiBin_58.fa.gz_k141_1168249.region001.gbk_region_1	snj19_SemiBin_58.fa.gz_k141_1168249.region001	region	1	3653	FAM_00900
sample15_SemiBin_16.fa.gz_k141_1729988.region001.gbk_region_1	sample15_SemiBin_16.fa.gz_k141_1729988.region001	region	1	3661	FAM_00901
cpsnj11_SemiBin_8.fa.gz_k141_3037349.region001.gbk_region_1	cpsnj11_SemiBin_8.fa.gz_k141_3037349.region001	region	1	3689	FAM_00902
snj04_SemiBin_35.fa.gz_k141_23968.region001.gbk_region_1	snj04_SemiBin_35.fa.gz_k141_23968.region001	region	1	3697	FAM_00903
sample16_SemiBin_119.fa.gz_k141_3589392.region001.gbk_region_1	sample16_SemiBin_119.fa.gz_k141_3589392.region001	region	1	3738	FAM_00904
snj01_SemiBin_47.fa.gz_k141_2859974.region001.gbk_region_1	snj01_SemiBin_47.fa.gz_k141_2859974.region001	region	1	3774	FAM_00905
sample18_SemiBin_34.fa.gz_k141_3306732.region001.gbk_region_1	sample18_SemiBin_34.fa.gz_k141_3306732.region001	region	1	3782	FAM_00906
cpsnj01_SemiBin_41.fa.gz_k141_1212993.region001.gbk_region_1	cpsnj01_SemiBin_41.fa.gz_k141_1212993.region001	region	1	3786	FAM_00907
sample6_SemiBin_95.fa.gz_k141_2196853.region001.gbk_region_1	sample6_SemiBin_95.fa.gz_k141_2196853.region001	region	1	3790	FAM_00908
cpsnj16_SemiBin_27.fa.gz_k141_768299.region001.gbk_region_1	cpsnj16_SemiBin_27.fa.gz_k141_768299.region001	region	1	3794	FAM_00909
snj01_SemiBin_47.fa.gz_k141_2231541.region001.gbk_region_1	snj01_SemiBin_47.fa.gz_k141_2231541.region001	region	1	3806	FAM_00910
snj04_SemiBin_4.fa.gz_k141_1656739.region001.gbk_region_1	snj04_SemiBin_4.fa.gz_k141_1656739.region001	region	1	3810	FAM_00911
snj01_SemiBin_10.fa.gz_k141_3200700.region001.gbk_region_1	snj01_SemiBin_10.fa.gz_k141_3200700.region001	region	1	3822	FAM_00912
cpsnj10_SemiBin_253.fa.gz_k141_1830463.region001.gbk_region_1	cpsnj10_SemiBin_253.fa.gz_k141_1830463.region001	region	1	3858	FAM_00913
sample7_SemiBin_53.fa.gz_k141_3813279.region001.gbk_region_1	sample7_SemiBin_53.fa.gz_k141_3813279.region001	region	1	3862	FAM_00914
sample7_SemiBin_38.fa.gz_k141_2951740.region001.gbk_region_1	sample7_SemiBin_38.fa.gz_k141_2951740.region001	region	1	3866	FAM_00915
sample18_SemiBin_281.fa.gz_k141_5206895.region001.gbk_region_1	sample18_SemiBin_281.fa.gz_k141_5206895.region001	region	1	3878	FAM_00916
cpsnj13_SemiBin_20.fa.gz_k141_1800516.region001.gbk_region_1	cpsnj13_SemiBin_20.fa.gz_k141_1800516.region001	region	1	3890	FAM_00917
sample22_SemiBin_27.fa.gz_k141_2206563.region001.gbk_region_1	sample22_SemiBin_27.fa.gz_k141_2206563.region001	region	1	3894	FAM_00918
snj08_SemiBin_76.fa.gz_k141_64863.region001.gbk_region_1	snj08_SemiBin_76.fa.gz_k141_64863.region001	region	1	3902	FAM_00919
cpsnj02_SemiBin_13.fa.gz_k141_1492457.region001.gbk_region_1	cpsnj02_SemiBin_13.fa.gz_k141_1492457.region001	region	1	3914	FAM_00920
snj01_SemiBin_23.fa.gz_k141_1019469.region001.gbk_region_1	snj01_SemiBin_23.fa.gz_k141_1019469.region001	region	1	3938	FAM_00921
sample26_SemiBin_7.fa.gz_k141_6370926.region001.gbk_region_1	sample26_SemiBin_7.fa.gz_k141_6370926.region001	region	1	3946	FAM_00922
sample23_SemiBin_5.fa.gz_k141_4216496.region001.gbk_region_1	sample23_SemiBin_5.fa.gz_k141_4216496.region001	region	1	3962	FAM_00923
snj19_SemiBin_25.fa.gz_k141_440341.region001.gbk_region_1	snj19_SemiBin_25.fa.gz_k141_440341.region001	region	1	3978	FAM_00924
snj14_SemiBin_42.fa.gz_k141_1973546.region001.gbk_region_1	snj14_SemiBin_42.fa.gz_k141_1973546.region001	region	1	3982	FAM_00925
sample23_SemiBin_58.fa.gz_k141_4581740.region001.gbk_region_1	sample23_SemiBin_58.fa.gz_k141_4581740.region001	region	1	3986	FAM_00926
cpsnj13_SemiBin_18.fa.gz_k141_1908640.region001.gbk_region_1	cpsnj13_SemiBin_18.fa.gz_k141_1908640.region001	region	1	3994	FAM_00927
cpsnj11_SemiBin_8.fa.gz_k141_3729716.region001.gbk_region_1	cpsnj11_SemiBin_8.fa.gz_k141_3729716.region001	region	1	3998	FAM_00928
sample18_SemiBin_193.fa.gz_k141_5971624.region001.gbk_region_1	sample18_SemiBin_193.fa.gz_k141_5971624.region001	region	1	4014	FAM_00929
sample22_SemiBin_27.fa.gz_k141_1405356.region001.gbk_region_1	sample22_SemiBin_27.fa.gz_k141_1405356.region001	region	1	4034	FAM_00930
sample29_SemiBin_14.fa.gz_k141_5810364.region001.gbk_region_1	sample29_SemiBin_14.fa.gz_k141_5810364.region001	region	1	4038	FAM_00931
sample10_SemiBin_7.fa.gz_k141_2507768.region001.gbk_region_1	sample10_SemiBin_7.fa.gz_k141_2507768.region001	region	1	4046	FAM_00932
cpsnj14_SemiBin_36.fa.gz_k141_2258993.region001.gbk_region_1	cpsnj14_SemiBin_36.fa.gz_k141_2258993.region001	region	1	4050	FAM_00933
sample10_SemiBin_53.fa.gz_k141_5584934.region001.gbk_region_1	sample10_SemiBin_53.fa.gz_k141_5584934.region001	region	1	4062	FAM_00934
cpsnj20_SemiBin_16.fa.gz_k141_133682.region001.gbk_region_1	cpsnj20_SemiBin_16.fa.gz_k141_133682.region001	region	1	4066	FAM_00935
sample7_SemiBin_80.fa.gz_k141_5644873.region001.gbk_region_1	sample7_SemiBin_80.fa.gz_k141_5644873.region001	region	1	4070	FAM_00936
sample7_SemiBin_11.fa.gz_k141_1540707.region001.gbk_region_1	sample7_SemiBin_11.fa.gz_k141_1540707.region001	region	1	4086	FAM_00937
snj20_SemiBin_2.fa.gz_k141_1186937.region001.gbk_region_1	snj20_SemiBin_2.fa.gz_k141_1186937.region001	region	1	4130	FAM_00938
snj11_SemiBin_15.fa.gz_k141_1841624.region001.gbk_region_1	snj11_SemiBin_15.fa.gz_k141_1841624.region001	region	1	4154	FAM_00939
sample29_SemiBin_14.fa.gz_k141_1746364.region001.gbk_region_1	sample29_SemiBin_14.fa.gz_k141_1746364.region001	region	1	4162	FAM_00940
sample10_SemiBin_124.fa.gz_k141_4463362.region001.gbk_region_1	sample10_SemiBin_124.fa.gz_k141_4463362.region001	region	1	4178	FAM_00941
sample23_SemiBin_6.fa.gz_k141_271145.region001.gbk_region_1	sample23_SemiBin_6.fa.gz_k141_271145.region001	region	1	4206	FAM_00942
sample10_SemiBin_25.fa.gz_k141_2434241.region001.gbk_region_1	sample10_SemiBin_25.fa.gz_k141_2434241.region001	region	1	4230	FAM_00943
snj04_SemiBin_4.fa.gz_k141_1589689.region001.gbk_region_1	snj04_SemiBin_4.fa.gz_k141_1589689.region001	region	1	4234	FAM_00944
sample23_SemiBin_58.fa.gz_k141_5294291.region001.gbk_region_1	sample23_SemiBin_58.fa.gz_k141_5294291.region001	region	1	4238	FAM_00945
snj16_SemiBin_23.fa.gz_k141_876314.region001.gbk_region_1	snj16_SemiBin_23.fa.gz_k141_876314.region001	region	1	4265	FAM_00946
cpsnj14_SemiBin_111.fa.gz_k141_1745886.region001.gbk_region_1	cpsnj14_SemiBin_111.fa.gz_k141_1745886.region001	region	1	4269	FAM_00947
sample7_SemiBin_108.fa.gz_k141_1843769.region001.gbk_region_1	sample7_SemiBin_108.fa.gz_k141_1843769.region001	region	1	4273	FAM_00948
sample7_SemiBin_80.fa.gz_k141_4558036.region001.gbk_region_1	sample7_SemiBin_80.fa.gz_k141_4558036.region001	region	1	4277	FAM_00949
sample29_SemiBin_5.fa.gz_k141_3926386.region001.gbk_region_1	sample29_SemiBin_5.fa.gz_k141_3926386.region001	region	1	4289	FAM_00950
sample2_SemiBin_35.fa.gz_k141_2713401.region001.gbk_region_1	sample2_SemiBin_35.fa.gz_k141_2713401.region001	region	1	4297	FAM_00951
sample10_SemiBin_53.fa.gz_k141_3529840.region001.gbk_region_1	sample10_SemiBin_53.fa.gz_k141_3529840.region001	region	1	4317	FAM_00952
snj02_SemiBin_31.fa.gz_k141_1263697.region001.gbk_region_1	snj02_SemiBin_31.fa.gz_k141_1263697.region001	region	1	4321	FAM_00953
snj04_SemiBin_35.fa.gz_k141_1151769.region001.gbk_region_1	snj04_SemiBin_35.fa.gz_k141_1151769.region001	region	1	4329	FAM_00954
sample6_SemiBin_27.fa.gz_k141_344891.region001.gbk_region_1	sample6_SemiBin_27.fa.gz_k141_344891.region001	region	1	4341	FAM_00955
cpsnj10_SemiBin_70.fa.gz_k141_2477862.region001.gbk_region_1	cpsnj10_SemiBin_70.fa.gz_k141_2477862.region001	region	1	4345	FAM_00956
cpsnj20_SemiBin_14.fa.gz_k141_2295407.region001.gbk_region_1	cpsnj20_SemiBin_14.fa.gz_k141_2295407.region001	region	1	4349	FAM_00957
sample7_SemiBin_87.fa.gz_k141_118305.region001.gbk_region_1	sample7_SemiBin_87.fa.gz_k141_118305.region001	region	1	4353	FAM_00958
sample19_SemiBin_72.fa.gz_k141_688943.region001.gbk_region_1	sample19_SemiBin_72.fa.gz_k141_688943.region001	region	1	4357	FAM_00959
cpsnj20_SemiBin_16.fa.gz_k141_2650436.region001.gbk_region_1	cpsnj20_SemiBin_16.fa.gz_k141_2650436.region001	region	1	4365	FAM_00960
sample14_SemiBin_53.fa.gz_k141_4331646.region001.gbk_region_1	sample14_SemiBin_53.fa.gz_k141_4331646.region001	region	1	4377	FAM_00961
sample5_SemiBin_89.fa.gz_k141_3011226.region001.gbk_region_1	sample5_SemiBin_89.fa.gz_k141_3011226.region001	region	1	4385	FAM_00962
sample10_SemiBin_113.fa.gz_k141_1843791.region001.gbk_region_1	sample10_SemiBin_113.fa.gz_k141_1843791.region001	region	1	4393	FAM_00963
snj11_SemiBin_63.fa.gz_k141_1138.region001.gbk_region_1	snj11_SemiBin_63.fa.gz_k141_1138.region001	region	1	4413	FAM_00964
cpsnj11_SemiBin_7.fa.gz_k141_3363588.region001.gbk_region_1	cpsnj11_SemiBin_7.fa.gz_k141_3363588.region001	region	1	4474	FAM_00965
cpsnj10_SemiBin_253.fa.gz_k141_368025.region001.gbk_region_1	cpsnj10_SemiBin_253.fa.gz_k141_368025.region001	region	1	4478	FAM_00966
sample6_SemiBin_60.fa.gz_k141_5969933.region001.gbk_region_1	sample6_SemiBin_60.fa.gz_k141_5969933.region001	region	1	4502	FAM_00967
sample19_SemiBin_4.fa.gz_k141_3400950.region001.gbk_region_1	sample19_SemiBin_4.fa.gz_k141_3400950.region001	region	1	4518	FAM_00968
sample6_SemiBin_18.fa.gz_k141_5792437.region001.gbk_region_1	sample6_SemiBin_18.fa.gz_k141_5792437.region001	region	1	4522	FAM_00969
sample13_SemiBin_151.fa.gz_k141_2068001.region001.gbk_region_1	sample13_SemiBin_151.fa.gz_k141_2068001.region001	region	1	4526	FAM_00970
sample18_SemiBin_193.fa.gz_k141_4060974.region001.gbk_region_1	sample18_SemiBin_193.fa.gz_k141_4060974.region001	region	1	4530	FAM_00971
sample29_SemiBin_113.fa.gz_k141_1199249.region001.gbk_region_1	sample29_SemiBin_113.fa.gz_k141_1199249.region001	region	1	4538	FAM_00972
sample5_SemiBin_47.fa.gz_k141_1465337.region001.gbk_region_1	sample5_SemiBin_47.fa.gz_k141_1465337.region001	region	1	4555	FAM_00973
sample19_SemiBin_4.fa.gz_k141_3271989.region001.gbk_region_1	sample19_SemiBin_4.fa.gz_k141_3271989.region001	region	1	4559	FAM_00974
cpsnj01_SemiBin_96.fa.gz_k141_178008.region001.gbk_region_1	cpsnj01_SemiBin_96.fa.gz_k141_178008.region001	region	1	4563	FAM_00975
cpsnj11_SemiBin_7.fa.gz_k141_1302936.region001.gbk_region_1	cpsnj11_SemiBin_7.fa.gz_k141_1302936.region001	region	1	4572	FAM_00976
sample29_SemiBin_99.fa.gz_k141_5786706.region001.gbk_region_1	sample29_SemiBin_99.fa.gz_k141_5786706.region001	region	1	4576	FAM_00977
snj02_SemiBin_68.fa.gz_k141_1264822.region001.gbk_region_1	snj02_SemiBin_68.fa.gz_k141_1264822.region001	region	1	4592	FAM_00978
sample2_SemiBin_46.fa.gz_k141_1204305.region001.gbk_region_1	sample2_SemiBin_46.fa.gz_k141_1204305.region001	region	1	4600	FAM_00979
snj03_SemiBin_72.fa.gz_k141_1080416.region001.gbk_region_1	snj03_SemiBin_72.fa.gz_k141_1080416.region001	region	1	4604	FAM_00980
sample2_SemiBin_31.fa.gz_k141_1382763.region001.gbk_region_1	sample2_SemiBin_31.fa.gz_k141_1382763.region001	region	1	4628	FAM_00981
sample10_SemiBin_113.fa.gz_k141_183116.region001.gbk_region_1	sample10_SemiBin_113.fa.gz_k141_183116.region001	region	1	4632	FAM_00982
snj04_SemiBin_30.fa.gz_k141_2609661.region001.gbk_region_1	snj04_SemiBin_30.fa.gz_k141_2609661.region001	region	1	4636	FAM_00983
snj09_SemiBin_33.fa.gz_k141_1727651.region001.gbk_region_1	snj09_SemiBin_33.fa.gz_k141_1727651.region001	region	1	4644	FAM_00984
cpsnj14_SemiBin_111.fa.gz_k141_4013018.region001.gbk_region_1	cpsnj14_SemiBin_111.fa.gz_k141_4013018.region001	region	1	4656	FAM_00985
snj16_SemiBin_8.fa.gz_k141_1812883.region001.gbk_region_1	snj16_SemiBin_8.fa.gz_k141_1812883.region001	region	1	4660	FAM_00986
snj14_SemiBin_52.fa.gz_k141_620994.region001.gbk_region_1	snj14_SemiBin_52.fa.gz_k141_620994.region001	region	1	4688	FAM_00987
cpsnj15_SemiBin_8.fa.gz_k141_1187109.region001.gbk_region_1	cpsnj15_SemiBin_8.fa.gz_k141_1187109.region001	region	1	4716	FAM_00988
snj16_SemiBin_23.fa.gz_k141_2201586.region001.gbk_region_1	snj16_SemiBin_23.fa.gz_k141_2201586.region001	region	1	4724	FAM_00989
snj04_SemiBin_35.fa.gz_k141_591387.region001.gbk_region_1	snj04_SemiBin_35.fa.gz_k141_591387.region001	region	1	4732	FAM_00990
cpsnj13_SemiBin_15.fa.gz_k141_120684.region001.gbk_region_1	cpsnj13_SemiBin_15.fa.gz_k141_120684.region001	region	1	4736	FAM_00991
sample29_SemiBin_128.fa.gz_k141_5848934.region001.gbk_region_1	sample29_SemiBin_128.fa.gz_k141_5848934.region001	region	1	4740	FAM_00992
sample19_SemiBin_72.fa.gz_k141_3080598.region001.gbk_region_1	sample19_SemiBin_72.fa.gz_k141_3080598.region001	region	1	4744	FAM_00993
snj04_SemiBin_56.fa.gz_k141_1729848.region001.gbk_region_1	snj04_SemiBin_56.fa.gz_k141_1729848.region001	region	1	4752	FAM_00994
cpsnj20_SemiBin_97.fa.gz_k141_719771.region001.gbk_region_1	cpsnj20_SemiBin_97.fa.gz_k141_719771.region001	region	1	4756	FAM_00995
sample10_SemiBin_53.fa.gz_k141_4347118.region001.gbk_region_1	sample10_SemiBin_53.fa.gz_k141_4347118.region001	region	1	4780	FAM_00996
sample2_SemiBin_46.fa.gz_k141_818301.region001.gbk_region_1	sample2_SemiBin_46.fa.gz_k141_818301.region001	region	1	4792	FAM_00997
cpsnj11_SemiBin_8.fa.gz_k141_2635904.region001.gbk_region_1	cpsnj11_SemiBin_8.fa.gz_k141_2635904.region001	region	1	4800	FAM_00998
cpsnj01_SemiBin_37.fa.gz_k141_1996582.region001.gbk_region_1	cpsnj01_SemiBin_37.fa.gz_k141_1996582.region001	region	1	4804	FAM_00999
sample16_SemiBin_81.fa.gz_k141_4851555.region001.gbk_region_1	sample16_SemiBin_81.fa.gz_k141_4851555.region001	region	1	4812	FAM_01000
snj19_SemiBin_92.fa.gz_k141_712671.region001.gbk_region_1	snj19_SemiBin_92.fa.gz_k141_712671.region001	region	1	4828	FAM_01001
snj19_SemiBin_12.fa.gz_k141_1077541.region001.gbk_region_1	snj19_SemiBin_12.fa.gz_k141_1077541.region001	region	1	4836	FAM_01002
sample6_SemiBin_12.fa.gz_k141_5472793.region001.gbk_region_1	sample6_SemiBin_12.fa.gz_k141_5472793.region001	region	1	4852	FAM_01003
cpsnj10_SemiBin_141.fa.gz_k141_3534934.region001.gbk_region_1	cpsnj10_SemiBin_141.fa.gz_k141_3534934.region001	region	1	4856	FAM_01004
snj09_SemiBin_37.fa.gz_k141_2366404.region001.gbk_region_1	snj09_SemiBin_37.fa.gz_k141_2366404.region001	region	1	4868	FAM_01005
snj02_SemiBin_11.fa.gz_k141_1177833.region001.gbk_region_1	snj02_SemiBin_11.fa.gz_k141_1177833.region001	region	1	4880	FAM_01006
snj15_SemiBin_18.fa.gz_k141_2439658.region001.gbk_region_1	snj15_SemiBin_18.fa.gz_k141_2439658.region001	region	1	4888	FAM_01007
sample10_SemiBin_45.fa.gz_k141_2453505.region001.gbk_region_1	sample10_SemiBin_45.fa.gz_k141_2453505.region001	region	1	4909	FAM_01008
sample6_SemiBin_60.fa.gz_k141_5987046.region001.gbk_region_1	sample6_SemiBin_60.fa.gz_k141_5987046.region001	region	1	4925	FAM_01009
snj14_SemiBin_42.fa.gz_k141_1408988.region001.gbk_region_1	snj14_SemiBin_42.fa.gz_k141_1408988.region001	region	1	4941	FAM_01010
cpsnj14_SemiBin_36.fa.gz_k141_3028219.region001.gbk_region_1	cpsnj14_SemiBin_36.fa.gz_k141_3028219.region001	region	1	4945	FAM_01011
snj03_SemiBin_31.fa.gz_k141_2919862.region001.gbk_region_1	snj03_SemiBin_31.fa.gz_k141_2919862.region001	region	1	4949	FAM_01012
sample6_SemiBin_18.fa.gz_k141_6642880.region001.gbk_region_1	sample6_SemiBin_18.fa.gz_k141_6642880.region001	region	1	4957	FAM_01013
sample3_SemiBin_0.fa.gz_k141_682941.region001.gbk_region_1	sample3_SemiBin_0.fa.gz_k141_682941.region001	region	1	4969	FAM_01014
cpsnj20_SemiBin_31.fa.gz_k141_1695179.region001.gbk_region_1	cpsnj20_SemiBin_31.fa.gz_k141_1695179.region001	region	1	4977	FAM_01015
cpsnj13_SemiBin_7.fa.gz_k141_1035001.region001.gbk_region_1	cpsnj13_SemiBin_7.fa.gz_k141_1035001.region001	region	1	4985	FAM_01016
sample13_SemiBin_7.fa.gz_k141_741220.region001.gbk_region_1	sample13_SemiBin_7.fa.gz_k141_741220.region001	region	1	4993	FAM_01017
snj08_SemiBin_11.fa.gz_k141_2475694.region001.gbk_region_1	snj08_SemiBin_11.fa.gz_k141_2475694.region001	region	1	4997	FAM_01018
sample17_SemiBin_24.fa.gz_k141_891477.region001.gbk_region_1	sample17_SemiBin_24.fa.gz_k141_891477.region001	region	1	5013	FAM_01019
cpsnj13_SemiBin_87.fa.gz_k141_2432034.region001.gbk_region_1	cpsnj13_SemiBin_87.fa.gz_k141_2432034.region001	region	1	5017	FAM_01020
sample6_SemiBin_18.fa.gz_k141_4309350.region001.gbk_region_1	sample6_SemiBin_18.fa.gz_k141_4309350.region001	region	1	5033	FAM_01021
sample24_SemiBin_21.fa.gz_k141_1624589.region001.gbk_region_1	sample24_SemiBin_21.fa.gz_k141_1624589.region001	region	1	5039	FAM_01022
cpsnj14_SemiBin_36.fa.gz_k141_812577.region001.gbk_region_1	cpsnj14_SemiBin_36.fa.gz_k141_812577.region001	region	1	5043	FAM_01023
snj04_SemiBin_35.fa.gz_k141_2031583.region001.gbk_region_1	snj04_SemiBin_35.fa.gz_k141_2031583.region001	region	1	5047	FAM_01024
cpsnj14_SemiBin_44.fa.gz_k141_3446126.region001.gbk_region_1	cpsnj14_SemiBin_44.fa.gz_k141_3446126.region001	region	1	5063	FAM_01025
sample13_SemiBin_68.fa.gz_k141_3098089.region001.gbk_region_1	sample13_SemiBin_68.fa.gz_k141_3098089.region001	region	1	5101	FAM_01026
sample29_SemiBin_84.fa.gz_k141_2501520.region001.gbk_region_1	sample29_SemiBin_84.fa.gz_k141_2501520.region001	region	1	5145	FAM_01027
sample9_SemiBin_42.fa.gz_k141_1573915.region001.gbk_region_1	sample9_SemiBin_42.fa.gz_k141_1573915.region001	region	1	5169	FAM_01028
cpsnj13_SemiBin_80.fa.gz_k141_3632785.region001.gbk_region_1	cpsnj13_SemiBin_80.fa.gz_k141_3632785.region001	region	1	5191	FAM_01029
cpsnj01_SemiBin_37.fa.gz_k141_2908433.region001.gbk_region_1	cpsnj01_SemiBin_37.fa.gz_k141_2908433.region001	region	1	5195	FAM_01030
snj14_SemiBin_52.fa.gz_k141_1854988.region001.gbk_region_1	snj14_SemiBin_52.fa.gz_k141_1854988.region001	region	1	5213	FAM_01031
cpsnj11_SemiBin_84.fa.gz_k141_489990.region001.gbk_region_1	cpsnj11_SemiBin_84.fa.gz_k141_489990.region001	region	1	5230	FAM_01032
sample13_SemiBin_7.fa.gz_k141_2340542.region001.gbk_region_1	sample13_SemiBin_7.fa.gz_k141_2340542.region001	region	1	5252	FAM_01033
sample19_SemiBin_45.fa.gz_k141_4536576.region001.gbk_region_1	sample19_SemiBin_45.fa.gz_k141_4536576.region001	region	1	5260	FAM_01034
cpsnj01_SemiBin_18.fa.gz_k141_354357.region001.gbk_region_1	cpsnj01_SemiBin_18.fa.gz_k141_354357.region001	region	1	5292	FAM_01035
sample10_SemiBin_25.fa.gz_k141_4930643.region001.gbk_region_1	sample10_SemiBin_25.fa.gz_k141_4930643.region001	region	1	5296	FAM_01036
sample22_SemiBin_3.fa.gz_k141_4761157.region001.gbk_region_1	sample22_SemiBin_3.fa.gz_k141_4761157.region001	region	1	5312	FAM_01037
sample1_SemiBin_24.fa.gz_k141_3249824.region001.gbk_region_1	sample1_SemiBin_24.fa.gz_k141_3249824.region001	region	1	5332	FAM_01038
sample29_SemiBin_5.fa.gz_k141_4698721.region001.gbk_region_1	sample29_SemiBin_5.fa.gz_k141_4698721.region001	region	1	5356	FAM_01039
sample19_SemiBin_51.fa.gz_k141_2359989.region001.gbk_region_1	sample19_SemiBin_51.fa.gz_k141_2359989.region001	region	1	5434	FAM_01040
sample6_SemiBin_60.fa.gz_k141_901719.region001.gbk_region_1	sample6_SemiBin_60.fa.gz_k141_901719.region001	region	1	5458	FAM_01041
sample7_SemiBin_80.fa.gz_k141_342657.region001.gbk_region_1	sample7_SemiBin_80.fa.gz_k141_342657.region001	region	1	5466	FAM_01042
snj08_SemiBin_13.fa.gz_k141_360946.region001.gbk_region_1	snj08_SemiBin_13.fa.gz_k141_360946.region001	region	1	5470	FAM_01043
snj16_SemiBin_58.fa.gz_k141_1579334.region001.gbk_region_1	snj16_SemiBin_58.fa.gz_k141_1579334.region001	region	1	5512	FAM_01044
sample19_SemiBin_18.fa.gz_k141_3399234.region001.gbk_region_1	sample19_SemiBin_18.fa.gz_k141_3399234.region001	region	1	5544	FAM_01045
snj19_SemiBin_58.fa.gz_k141_534045.region001.gbk_region_1	snj19_SemiBin_58.fa.gz_k141_534045.region001	region	1	5552	FAM_01046
cpsnj13_SemiBin_7.fa.gz_k141_141830.region001.gbk_region_1	cpsnj13_SemiBin_7.fa.gz_k141_141830.region001	region	1	5564	FAM_01047
sample18_SemiBin_55.fa.gz_k141_2757845.region001.gbk_region_1	sample18_SemiBin_55.fa.gz_k141_2757845.region001	region	1	5608	FAM_01048
sample6_SemiBin_95.fa.gz_k141_6812807.region001.gbk_region_1	sample6_SemiBin_95.fa.gz_k141_6812807.region001	region	1	5620	FAM_01049
sample2_SemiBin_19.fa.gz_k141_1474599.region001.gbk_region_1	sample2_SemiBin_19.fa.gz_k141_1474599.region001	region	1	5640	FAM_01050
sample20_SemiBin_95.fa.gz_k141_1061131.region001.gbk_region_1	sample20_SemiBin_95.fa.gz_k141_1061131.region001	region	1	5648	FAM_01051
cpsnj20_SemiBin_14.fa.gz_k141_762833.region001.gbk_region_1	cpsnj20_SemiBin_14.fa.gz_k141_762833.region001	region	1	5664	FAM_01052
sample16_SemiBin_61.fa.gz_k141_293537.region001.gbk_region_1	sample16_SemiBin_61.fa.gz_k141_293537.region001	region	1	5672	FAM_01053
sample22_SemiBin_45.fa.gz_k141_2937255.region001.gbk_region_1	sample22_SemiBin_45.fa.gz_k141_2937255.region001	region	1	5752	FAM_01054
snj01_SemiBin_23.fa.gz_k141_3283296.region001.gbk_region_1	snj01_SemiBin_23.fa.gz_k141_3283296.region001	region	1	5756	FAM_01055
cpsnj11_SemiBin_46.fa.gz_k141_164184.region001.gbk_region_1	cpsnj11_SemiBin_46.fa.gz_k141_164184.region001	region	1	5764	FAM_01056
sample22_SemiBin_27.fa.gz_k141_1664249.region001.gbk_region_1	sample22_SemiBin_27.fa.gz_k141_1664249.region001	region	1	5772	FAM_01057
snj04_SemiBin_4.fa.gz_k141_2091746.region001.gbk_region_1	snj04_SemiBin_4.fa.gz_k141_2091746.region001	region	1	5776	FAM_01058
cpsnj14_SemiBin_248.fa.gz_k141_98809.region001.gbk_region_1	cpsnj14_SemiBin_248.fa.gz_k141_98809.region001	region	1	5784	FAM_01059
cpsnj13_SemiBin_80.fa.gz_k141_2014830.region001.gbk_region_1	cpsnj13_SemiBin_80.fa.gz_k141_2014830.region001	region	1	5788	FAM_01060
sample30_SemiBin_40.fa.gz_k141_2736205.region001.gbk_region_1	sample30_SemiBin_40.fa.gz_k141_2736205.region001	region	1	5804	FAM_01061
snj08_SemiBin_2.fa.gz_k141_2966841.region001.gbk_region_1	snj08_SemiBin_2.fa.gz_k141_2966841.region001	region	1	5820	FAM_01062
sample24_SemiBin_18.fa.gz_k141_4935646.region001.gbk_region_1	sample24_SemiBin_18.fa.gz_k141_4935646.region001	region	1	5828	FAM_01063
sample18_SemiBin_34.fa.gz_k141_396134.region001.gbk_region_1	sample18_SemiBin_34.fa.gz_k141_396134.region001	region	1	5832	FAM_01064
sample23_SemiBin_6.fa.gz_k141_4408988.region001.gbk_region_1	sample23_SemiBin_6.fa.gz_k141_4408988.region001	region	1	5844	FAM_01065
sample18_SemiBin_126.fa.gz_k141_3747158.region001.gbk_region_1	sample18_SemiBin_126.fa.gz_k141_3747158.region001	region	1	5848	FAM_01066
snj14_SemiBin_52.fa.gz_k141_740514.region001.gbk_region_1	snj14_SemiBin_52.fa.gz_k141_740514.region001	region	1	5856	FAM_01067
sample10_SemiBin_97.fa.gz_k141_3547636.region001.gbk_region_1	sample10_SemiBin_97.fa.gz_k141_3547636.region001	region	1	5864	FAM_01068
sample29_SemiBin_91.fa.gz_k141_2127680.region001.gbk_region_1	sample29_SemiBin_91.fa.gz_k141_2127680.region001	region	1	5880	FAM_01069
snj04_SemiBin_56.fa.gz_k141_2560585.region001.gbk_region_1	snj04_SemiBin_56.fa.gz_k141_2560585.region001	region	1	5888	FAM_01070
sample5_SemiBin_100.fa.gz_k141_1716018.region001.gbk_region_1	sample5_SemiBin_100.fa.gz_k141_1716018.region001	region	1	5892	FAM_01071
sample6_SemiBin_53.fa.gz_k141_5684953.region001.gbk_region_1	sample6_SemiBin_53.fa.gz_k141_5684953.region001	region	1	5900	FAM_01072
sample5_SemiBin_81.fa.gz_k141_1189430.region001.gbk_region_1	sample5_SemiBin_81.fa.gz_k141_1189430.region001	region	1	5921	FAM_01073
sample10_SemiBin_113.fa.gz_k141_4976784.region001.gbk_region_1	sample10_SemiBin_113.fa.gz_k141_4976784.region001	region	1	5925	FAM_01074
snj04_SemiBin_35.fa.gz_k141_2138824.region001.gbk_region_1	snj04_SemiBin_35.fa.gz_k141_2138824.region001	region	1	5929	FAM_01075
cpsnj20_SemiBin_44.fa.gz_k141_1341718.region001.gbk_region_1	cpsnj20_SemiBin_44.fa.gz_k141_1341718.region001	region	1	5945	FAM_01076
cpsnj10_SemiBin_253.fa.gz_k141_873991.region001.gbk_region_1	cpsnj10_SemiBin_253.fa.gz_k141_873991.region001	region	1	5962	FAM_01077
sample17_SemiBin_100.fa.gz_k141_5850162.region001.gbk_region_1	sample17_SemiBin_100.fa.gz_k141_5850162.region001	region	1	5986	FAM_01078
sample9_SemiBin_42.fa.gz_k141_3692615.region001.gbk_region_1	sample9_SemiBin_42.fa.gz_k141_3692615.region001	region	1	6019	FAM_01079
snj04_SemiBin_4.fa.gz_k141_2751627.region001.gbk_region_1	snj04_SemiBin_4.fa.gz_k141_2751627.region001	region	1	6032	FAM_01080
snj19_SemiBin_25.fa.gz_k141_1174846.region001.gbk_region_1	snj19_SemiBin_25.fa.gz_k141_1174846.region001	region	1	6036	FAM_01081
sample13_SemiBin_90.fa.gz_k141_2716100.region001.gbk_region_1	sample13_SemiBin_90.fa.gz_k141_2716100.region001	region	1	6044	FAM_01082
cpsnj02_SemiBin_13.fa.gz_k141_529032.region001.gbk_region_1	cpsnj02_SemiBin_13.fa.gz_k141_529032.region001	region	1	6068	FAM_01083
snj04_SemiBin_4.fa.gz_k141_181222.region001.gbk_region_1	snj04_SemiBin_4.fa.gz_k141_181222.region001	region	1	6084	FAM_01084
snj02_SemiBin_4.fa.gz_k141_2346737.region001.gbk_region_1	snj02_SemiBin_4.fa.gz_k141_2346737.region001	region	1	6092	FAM_01085
sample13_SemiBin_95.fa.gz_k141_388406.region001.gbk_region_1	sample13_SemiBin_95.fa.gz_k141_388406.region001	region	1	6124	FAM_01086
sample5_SemiBin_21.fa.gz_k141_1142663.region001.gbk_region_1	sample5_SemiBin_21.fa.gz_k141_1142663.region001	region	1	6140	FAM_01087
snj19_SemiBin_42.fa.gz_k141_2375269.region001.gbk_region_1	snj19_SemiBin_42.fa.gz_k141_2375269.region001	region	1	6148	FAM_01088
sample22_SemiBin_137.fa.gz_k141_4723276.region001.gbk_region_1	sample22_SemiBin_137.fa.gz_k141_4723276.region001	region	1	6156	FAM_01089
cpsnj20_SemiBin_14.fa.gz_k141_2193423.region001.gbk_region_1	cpsnj20_SemiBin_14.fa.gz_k141_2193423.region001	region	1	6184	FAM_01090
cpsnj13_SemiBin_15.fa.gz_k141_2715864.region001.gbk_region_1	cpsnj13_SemiBin_15.fa.gz_k141_2715864.region001	region	1	6188	FAM_01091
cpsnj14_SemiBin_29.fa.gz_k141_3638390.region001.gbk_region_1	cpsnj14_SemiBin_29.fa.gz_k141_3638390.region001	region	1	6196	FAM_01092
cpsnj20_SemiBin_30.fa.gz_k141_536710.region001.gbk_region_1	cpsnj20_SemiBin_30.fa.gz_k141_536710.region001	region	1	6200	FAM_01093
cpsnj10_SemiBin_141.fa.gz_k141_4330172.region001.gbk_region_1	cpsnj10_SemiBin_141.fa.gz_k141_4330172.region001	region	1	6214	FAM_01094
sample10_SemiBin_3.fa.gz_k141_4460880.region001.gbk_region_1	sample10_SemiBin_3.fa.gz_k141_4460880.region001	region	1	6251	FAM_01095
snj02_SemiBin_17.fa.gz_k141_1924685.region001.gbk_region_1	snj02_SemiBin_17.fa.gz_k141_1924685.region001	region	1	6255	FAM_01096
snj03_SemiBin_36.fa.gz_k141_2102808.region001.gbk_region_1	snj03_SemiBin_36.fa.gz_k141_2102808.region001	region	1	6263	FAM_01097
cpsnj01_SemiBin_22.fa.gz_k141_1683829.region001.gbk_region_1	cpsnj01_SemiBin_22.fa.gz_k141_1683829.region001	region	1	6267	FAM_01098
cpsnj14_SemiBin_111.fa.gz_k141_547791.region001.gbk_region_1	cpsnj14_SemiBin_111.fa.gz_k141_547791.region001	region	1	6279	FAM_01099
sample9_SemiBin_88.fa.gz_k141_7612.region001.gbk_region_1	sample9_SemiBin_88.fa.gz_k141_7612.region001	region	1	6287	FAM_01100
snj08_SemiBin_40.fa.gz_k141_511944.region001.gbk_region_1	snj08_SemiBin_40.fa.gz_k141_511944.region001	region	1	6347	FAM_01101
sample4_SemiBin_28.fa.gz_k141_2374482.region001.gbk_region_1	sample4_SemiBin_28.fa.gz_k141_2374482.region001	region	1	6351	FAM_01102
sample17_SemiBin_111.fa.gz_k141_3044870.region001.gbk_region_1	sample17_SemiBin_111.fa.gz_k141_3044870.region001	region	1	6359	FAM_01103
sample10_SemiBin_113.fa.gz_k141_1992474.region001.gbk_region_1	sample10_SemiBin_113.fa.gz_k141_1992474.region001	region	1	6363	FAM_01104
sample14_SemiBin_53.fa.gz_k141_1902652.region001.gbk_region_1	sample14_SemiBin_53.fa.gz_k141_1902652.region001	region	1	6391	FAM_01105
sample19_SemiBin_58.fa.gz_k141_1843201.region001.gbk_region_1	sample19_SemiBin_58.fa.gz_k141_1843201.region001	region	1	6395	FAM_01106
cpsnj14_SemiBin_27.fa.gz_k141_3444378.region001.gbk_region_1	cpsnj14_SemiBin_27.fa.gz_k141_3444378.region001	region	1	6399	FAM_01107
snj08_SemiBin_2.fa.gz_k141_2870980.region001.gbk_region_1	snj08_SemiBin_2.fa.gz_k141_2870980.region001	region	1	6405	FAM_01108
cpsnj19_SemiBin_1.fa.gz_k141_2896194.region001.gbk_region_1	cpsnj19_SemiBin_1.fa.gz_k141_2896194.region001	region	1	6417	FAM_01109
sample29_SemiBin_87.fa.gz_k141_4436878.region001.gbk_region_1	sample29_SemiBin_87.fa.gz_k141_4436878.region001	region	1	6434	FAM_01110
sample6_SemiBin_18.fa.gz_k141_3146683.region001.gbk_region_1	sample6_SemiBin_18.fa.gz_k141_3146683.region001	region	1	6446	FAM_01111
snj11_SemiBin_15.fa.gz_k141_174321.region001.gbk_region_1	snj11_SemiBin_15.fa.gz_k141_174321.region001	region	1	6462	FAM_01112
sample7_SemiBin_80.fa.gz_k141_4283610.region001.gbk_region_1	sample7_SemiBin_80.fa.gz_k141_4283610.region001	region	1	6498	FAM_01113
sample29_SemiBin_91.fa.gz_k141_2434701.region001.gbk_region_1	sample29_SemiBin_91.fa.gz_k141_2434701.region001	region	1	6522	FAM_01114
cpsnj11_SemiBin_8.fa.gz_k141_1824996.region001.gbk_region_1	cpsnj11_SemiBin_8.fa.gz_k141_1824996.region001	region	1	6530	FAM_01115
sample20_SemiBin_95.fa.gz_k141_231542.region001.gbk_region_1	sample20_SemiBin_95.fa.gz_k141_231542.region001	region	1	6546	FAM_01116
snj19_SemiBin_32.fa.gz_k141_971563.region001.gbk_region_1	snj19_SemiBin_32.fa.gz_k141_971563.region001	region	1	6582	FAM_01117
snj15_SemiBin_0.fa.gz_k141_1792669.region001.gbk_region_1	snj15_SemiBin_0.fa.gz_k141_1792669.region001	region	1	6594	FAM_01118
cpsnj20_SemiBin_61.fa.gz_k141_2146240.region001.gbk_region_1	cpsnj20_SemiBin_61.fa.gz_k141_2146240.region001	region	1	6598	FAM_01119
snj04_SemiBin_35.fa.gz_k141_2498498.region001.gbk_region_1	snj04_SemiBin_35.fa.gz_k141_2498498.region001	region	1	6618	FAM_01120
sample7_SemiBin_80.fa.gz_k141_4171917.region001.gbk_region_1	sample7_SemiBin_80.fa.gz_k141_4171917.region001	region	1	6622	FAM_01121
cpsnj16_SemiBin_62.fa.gz_k141_2734345.region001.gbk_region_1	cpsnj16_SemiBin_62.fa.gz_k141_2734345.region001	region	1	6630	FAM_01122
snj01_SemiBin_45.fa.gz_k141_2390270.region001.gbk_region_1	snj01_SemiBin_45.fa.gz_k141_2390270.region001	region	1	6662	FAM_01123
cpsnj10_SemiBin_134.fa.gz_k141_495881.region001.gbk_region_1	cpsnj10_SemiBin_134.fa.gz_k141_495881.region001	region	1	6670	FAM_01124
cpsnj15_SemiBin_9.fa.gz_k141_1392974.region001.gbk_region_1	cpsnj15_SemiBin_9.fa.gz_k141_1392974.region001	region	1	6690	FAM_01125
cpsnj11_SemiBin_67.fa.gz_k141_3161167.region001.gbk_region_1	cpsnj11_SemiBin_67.fa.gz_k141_3161167.region001	region	1	6698	FAM_01126
sample6_SemiBin_44.fa.gz_k141_6343166.region001.gbk_region_1	sample6_SemiBin_44.fa.gz_k141_6343166.region001	region	1	6702	FAM_01127
sample5_SemiBin_81.fa.gz_k141_528834.region001.gbk_region_1	sample5_SemiBin_81.fa.gz_k141_528834.region001	region	1	6710	FAM_01128
cpsnj01_SemiBin_18.fa.gz_k141_184844.region001.gbk_region_1	cpsnj01_SemiBin_18.fa.gz_k141_184844.region001	region	1	6714	FAM_01129
snj01_SemiBin_44.fa.gz_k141_2721732.region001.gbk_region_1	snj01_SemiBin_44.fa.gz_k141_2721732.region001	region	1	6740	FAM_01130
snj04_SemiBin_4.fa.gz_k141_930023.region001.gbk_region_1	snj04_SemiBin_4.fa.gz_k141_930023.region001	region	1	6744	FAM_01131
sample10_SemiBin_3.fa.gz_k141_4381083.region001.gbk_region_1	sample10_SemiBin_3.fa.gz_k141_4381083.region001	region	1	6752	FAM_01132
cpsnj20_SemiBin_23.fa.gz_k141_482615.region001.gbk_region_1	cpsnj20_SemiBin_23.fa.gz_k141_482615.region001	region	1	6764	FAM_01133
snj08_SemiBin_51.fa.gz_k141_2476562.region001.gbk_region_1	snj08_SemiBin_51.fa.gz_k141_2476562.region001	region	1	6768	FAM_01134
sample10_SemiBin_53.fa.gz_k141_2170308.region001.gbk_region_1	sample10_SemiBin_53.fa.gz_k141_2170308.region001	region	1	6804	FAM_01135
cpsnj09_SemiBin_88.fa.gz_k141_2548420.region001.gbk_region_1	cpsnj09_SemiBin_88.fa.gz_k141_2548420.region001	region	1	6808	FAM_01136
sample29_SemiBin_97.fa.gz_k141_3184393.region001.gbk_region_1	sample29_SemiBin_97.fa.gz_k141_3184393.region001	region	1	6840	FAM_01137
cpsnj13_SemiBin_87.fa.gz_k141_3098088.region001.gbk_region_1	cpsnj13_SemiBin_87.fa.gz_k141_3098088.region001	region	1	6844	FAM_01138
sample29_SemiBin_65.fa.gz_k141_3267384.region001.gbk_region_1	sample29_SemiBin_65.fa.gz_k141_3267384.region001	region	1	6856	FAM_01139
cpsnj14_SemiBin_44.fa.gz_k141_3631412.region001.gbk_region_1	cpsnj14_SemiBin_44.fa.gz_k141_3631412.region001	region	1	6860	FAM_01140
sample22_SemiBin_45.fa.gz_k141_5666001.region001.gbk_region_1	sample22_SemiBin_45.fa.gz_k141_5666001.region001	region	1	6868	FAM_01141
cpsnj03_SemiBin_79.fa.gz_k141_2925951.region001.gbk_region_1	cpsnj03_SemiBin_79.fa.gz_k141_2925951.region001	region	1	6892	FAM_01142
cpsnj01_SemiBin_37.fa.gz_k141_3177541.region001.gbk_region_1	cpsnj01_SemiBin_37.fa.gz_k141_3177541.region001	region	1	6896	FAM_01143
cpsnj01_SemiBin_3.fa.gz_k141_1945051.region001.gbk_region_1	cpsnj01_SemiBin_3.fa.gz_k141_1945051.region001	region	1	6900	FAM_01144
cpsnj11_SemiBin_80.fa.gz_k141_3290766.region001.gbk_region_1	cpsnj11_SemiBin_80.fa.gz_k141_3290766.region001	region	1	6904	FAM_01145
sample2_SemiBin_7.fa.gz_k141_1075052.region001.gbk_region_1	sample2_SemiBin_7.fa.gz_k141_1075052.region001	region	1	6908	FAM_01146
snj04_SemiBin_56.fa.gz_k141_926015.region001.gbk_region_1	snj04_SemiBin_56.fa.gz_k141_926015.region001	region	1	6912	FAM_01147
cpsnj15_SemiBin_9.fa.gz_k141_857177.region001.gbk_region_1	cpsnj15_SemiBin_9.fa.gz_k141_857177.region001	region	1	6916	FAM_01148
sample7_SemiBin_38.fa.gz_k141_2108769.region001.gbk_region_1	sample7_SemiBin_38.fa.gz_k141_2108769.region001	region	1	6928	FAM_01149
snj11_SemiBin_101.fa.gz_k141_698061.region001.gbk_region_1	snj11_SemiBin_101.fa.gz_k141_698061.region001	region	1	6940	FAM_01150
snj08_SemiBin_11.fa.gz_k141_681064.region001.gbk_region_1	snj08_SemiBin_11.fa.gz_k141_681064.region001	region	1	6960	FAM_01151
sample6_SemiBin_44.fa.gz_k141_4537320.region001.gbk_region_1	sample6_SemiBin_44.fa.gz_k141_4537320.region001	region	1	6992	FAM_01152
sample13_SemiBin_142.fa.gz_k141_1584715.region001.gbk_region_1	sample13_SemiBin_142.fa.gz_k141_1584715.region001	region	1	7004	FAM_01153
sample7_SemiBin_80.fa.gz_k141_2331910.region002.gbk_region_2	sample7_SemiBin_80.fa.gz_k141_2331910.region002	region	2	7008	FAM_01154
cpsnj02_SemiBin_13.fa.gz_k141_1284159.region001.gbk_region_1	cpsnj02_SemiBin_13.fa.gz_k141_1284159.region001	region	1	7012	FAM_01155
sample10_SemiBin_113.fa.gz_k141_1953509.region001.gbk_region_1	sample10_SemiBin_113.fa.gz_k141_1953509.region001	region	1	7016	FAM_01156
sample23_SemiBin_98.fa.gz_k141_2708727.region001.gbk_region_1	sample23_SemiBin_98.fa.gz_k141_2708727.region001	region	1	7020	FAM_01157
cpsnj13_SemiBin_15.fa.gz_k141_1219519.region001.gbk_region_1	cpsnj13_SemiBin_15.fa.gz_k141_1219519.region001	region	1	7056	FAM_01158
cpsnj11_SemiBin_8.fa.gz_k141_1561435.region001.gbk_region_1	cpsnj11_SemiBin_8.fa.gz_k141_1561435.region001	region	1	7072	FAM_01159
sample10_SemiBin_53.fa.gz_k141_2705732.region001.gbk_region_1	sample10_SemiBin_53.fa.gz_k141_2705732.region001	region	1	7076	FAM_01160
snj09_SemiBin_33.fa.gz_k141_1621079.region001.gbk_region_1	snj09_SemiBin_33.fa.gz_k141_1621079.region001	region	1	7084	FAM_01161
sample5_SemiBin_76.fa.gz_k141_2104655.region001.gbk_region_1	sample5_SemiBin_76.fa.gz_k141_2104655.region001	region	1	7096	FAM_01162
sample13_SemiBin_63.fa.gz_k141_2751294.region001.gbk_region_1	sample13_SemiBin_63.fa.gz_k141_2751294.region001	region	1	7100	FAM_01163
sample13_SemiBin_7.fa.gz_k141_170028.region001.gbk_region_1	sample13_SemiBin_7.fa.gz_k141_170028.region001	region	1	7124	FAM_01164
cpsnj13_SemiBin_72.fa.gz_k141_283577.region001.gbk_region_1	cpsnj13_SemiBin_72.fa.gz_k141_283577.region001	region	1	7144	FAM_01165
cpsnj20_SemiBin_14.fa.gz_k141_2615239.region001.gbk_region_1	cpsnj20_SemiBin_14.fa.gz_k141_2615239.region001	region	1	7152	FAM_01166
snj08_SemiBin_13.fa.gz_k141_1912836.region001.gbk_region_1	snj08_SemiBin_13.fa.gz_k141_1912836.region001	region	1	7156	FAM_01167
sample7_SemiBin_106.fa.gz_k141_5333510.region001.gbk_region_1	sample7_SemiBin_106.fa.gz_k141_5333510.region001	region	1	7160	FAM_01168
sample4_SemiBin_28.fa.gz_k141_2167123.region001.gbk_region_1	sample4_SemiBin_28.fa.gz_k141_2167123.region001	region	1	7168	FAM_01169
snj04_SemiBin_35.fa.gz_k141_1815410.region001.gbk_region_1	snj04_SemiBin_35.fa.gz_k141_1815410.region001	region	1	7180	FAM_01170
sample20_SemiBin_45.fa.gz_k141_1183030.region001.gbk_region_1	sample20_SemiBin_45.fa.gz_k141_1183030.region001	region	1	7184	FAM_01171
sample29_SemiBin_14.fa.gz_k141_234892.region001.gbk_region_1	sample29_SemiBin_14.fa.gz_k141_234892.region001	region	1	7196	FAM_01172
snj19_SemiBin_58.fa.gz_k141_1364275.region001.gbk_region_1	snj19_SemiBin_58.fa.gz_k141_1364275.region001	region	1	7224	FAM_01173
sample18_SemiBin_34.fa.gz_k141_1212342.region001.gbk_region_1	sample18_SemiBin_34.fa.gz_k141_1212342.region001	region	1	7240	FAM_01174
cpsnj01_SemiBin_4.fa.gz_k141_1746419.region001.gbk_region_1	cpsnj01_SemiBin_4.fa.gz_k141_1746419.region001	region	1	7244	FAM_01175
snj04_SemiBin_4.fa.gz_k141_1178406.region001.gbk_region_1	snj04_SemiBin_4.fa.gz_k141_1178406.region001	region	1	7248	FAM_01176
cpsnj02_SemiBin_9.fa.gz_k141_1032863.region001.gbk_region_1	cpsnj02_SemiBin_9.fa.gz_k141_1032863.region001	region	1	7260	FAM_01177
sample22_SemiBin_45.fa.gz_k141_2216852.region001.gbk_region_1	sample22_SemiBin_45.fa.gz_k141_2216852.region001	region	1	7268	FAM_01178
sample2_SemiBin_1.fa.gz_k141_1580674.region001.gbk_region_1	sample2_SemiBin_1.fa.gz_k141_1580674.region001	region	1	7280	FAM_01179
sample15_SemiBin_16.fa.gz_k141_4290809.region001.gbk_region_1	sample15_SemiBin_16.fa.gz_k141_4290809.region001	region	1	7284	FAM_01180
snj19_SemiBin_92.fa.gz_k141_1165079.region001.gbk_region_1	snj19_SemiBin_92.fa.gz_k141_1165079.region001	region	1	7292	FAM_01181
cpsnj01_SemiBin_41.fa.gz_k141_3245672.region001.gbk_region_1	cpsnj01_SemiBin_41.fa.gz_k141_3245672.region001	region	1	7296	FAM_01182
sample22_SemiBin_27.fa.gz_k141_3409386.region001.gbk_region_1	sample22_SemiBin_27.fa.gz_k141_3409386.region001	region	1	7304	FAM_01183
cpsnj01_SemiBin_4.fa.gz_k141_1872225.region001.gbk_region_1	cpsnj01_SemiBin_4.fa.gz_k141_1872225.region001	region	1	7324	FAM_01184
snj02_SemiBin_8.fa.gz_k141_2335692.region001.gbk_region_1	snj02_SemiBin_8.fa.gz_k141_2335692.region001	region	1	7352	FAM_01185
sample6_SemiBin_27.fa.gz_k141_3500710.region001.gbk_region_1	sample6_SemiBin_27.fa.gz_k141_3500710.region001	region	1	7368	FAM_01186
sample18_SemiBin_281.fa.gz_k141_837399.region001.gbk_region_1	sample18_SemiBin_281.fa.gz_k141_837399.region001	region	1	7400	FAM_01187
cpsnj10_SemiBin_253.fa.gz_k141_957168.region001.gbk_region_1	cpsnj10_SemiBin_253.fa.gz_k141_957168.region001	region	1	7412	FAM_01188
cpsnj01_SemiBin_4.fa.gz_k141_1516497.region001.gbk_region_1	cpsnj01_SemiBin_4.fa.gz_k141_1516497.region001	region	1	7416	FAM_01189
cpsnj15_SemiBin_8.fa.gz_k141_1192591.region001.gbk_region_1	cpsnj15_SemiBin_8.fa.gz_k141_1192591.region001	region	1	7436	FAM_01190
sample13_SemiBin_32.fa.gz_k141_453210.region001.gbk_region_1	sample13_SemiBin_32.fa.gz_k141_453210.region001	region	1	7448	FAM_01191
cpsnj01_SemiBin_18.fa.gz_k141_3159825.region001.gbk_region_1	cpsnj01_SemiBin_18.fa.gz_k141_3159825.region001	region	1	7472	FAM_01192
sample19_SemiBin_45.fa.gz_k141_4017977.region001.gbk_region_1	sample19_SemiBin_45.fa.gz_k141_4017977.region001	region	1	7488	FAM_01193
sample28_SemiBin_63.fa.gz_k141_396405.region001.gbk_region_1	sample28_SemiBin_63.fa.gz_k141_396405.region001	region	1	7492	FAM_01194
snj03_SemiBin_67.fa.gz_k141_2534012.region001.gbk_region_1	snj03_SemiBin_67.fa.gz_k141_2534012.region001	region	1	7500	FAM_01195
cpsnj13_SemiBin_87.fa.gz_k141_1893923.region001.gbk_region_1	cpsnj13_SemiBin_87.fa.gz_k141_1893923.region001	region	1	7504	FAM_01196
sample13_SemiBin_7.fa.gz_k141_1727710.region001.gbk_region_1	sample13_SemiBin_7.fa.gz_k141_1727710.region001	region	1	7516	FAM_01197
snj09_SemiBin_100.fa.gz_k141_1151048.region001.gbk_region_1	snj09_SemiBin_100.fa.gz_k141_1151048.region001	region	1	7532	FAM_01198
snj13_SemiBin_15.fa.gz_k141_272526.region001.gbk_region_1	snj13_SemiBin_15.fa.gz_k141_272526.region001	region	1	7568	FAM_01199
cpsnj11_SemiBin_33.fa.gz_k141_2594287.region001.gbk_region_1	cpsnj11_SemiBin_33.fa.gz_k141_2594287.region001	region	1	7572	FAM_01200
sample18_SemiBin_32.fa.gz_k141_4663831.region001.gbk_region_1	sample18_SemiBin_32.fa.gz_k141_4663831.region001	region	1	7584	FAM_01201
sample19_SemiBin_95.fa.gz_k141_3672699.region001.gbk_region_1	sample19_SemiBin_95.fa.gz_k141_3672699.region001	region	1	7600	FAM_01202
snj14_SemiBin_65.fa.gz_k141_141174.region001.gbk_region_1	snj14_SemiBin_65.fa.gz_k141_141174.region001	region	1	7612	FAM_01203
sample10_SemiBin_115.fa.gz_k141_4393924.region001.gbk_region_1	sample10_SemiBin_115.fa.gz_k141_4393924.region001	region	1	7616	FAM_01204
cpsnj20_SemiBin_14.fa.gz_k141_1612280.region001.gbk_region_1	cpsnj20_SemiBin_14.fa.gz_k141_1612280.region001	region	1	7628	FAM_01205
cpsnj14_SemiBin_59.fa.gz_k141_2105948.region001.gbk_region_1	cpsnj14_SemiBin_59.fa.gz_k141_2105948.region001	region	1	7636	FAM_01206
sample19_SemiBin_95.fa.gz_k141_5277256.region001.gbk_region_1	sample19_SemiBin_95.fa.gz_k141_5277256.region001	region	1	7640	FAM_01207
snj03_SemiBin_36.fa.gz_k141_1467367.region001.gbk_region_1	snj03_SemiBin_36.fa.gz_k141_1467367.region001	region	1	7656	FAM_01208
sample22_SemiBin_101.fa.gz_k141_2790258.region001.gbk_region_1	sample22_SemiBin_101.fa.gz_k141_2790258.region001	region	1	7684	FAM_01209
snj04_SemiBin_4.fa.gz_k141_2119060.region001.gbk_region_1	snj04_SemiBin_4.fa.gz_k141_2119060.region001	region	1	7688	FAM_01210
sample24_SemiBin_59.fa.gz_k141_1743866.region001.gbk_region_1	sample24_SemiBin_59.fa.gz_k141_1743866.region001	region	1	7716	FAM_01211
sample14_SemiBin_53.fa.gz_k141_5859400.region001.gbk_region_1	sample14_SemiBin_53.fa.gz_k141_5859400.region001	region	1	7732	FAM_01212
sample29_SemiBin_59.fa.gz_k141_1879913.region001.gbk_region_1	sample29_SemiBin_59.fa.gz_k141_1879913.region001	region	1	7744	FAM_01213
sample10_SemiBin_53.fa.gz_k141_500581.region001.gbk_region_1	sample10_SemiBin_53.fa.gz_k141_500581.region001	region	1	7808	FAM_01214
snj09_SemiBin_45.fa.gz_k141_979572.region001.gbk_region_1	snj09_SemiBin_45.fa.gz_k141_979572.region001	region	1	7820	FAM_01215
sample29_SemiBin_48.fa.gz_k141_4505212.region001.gbk_region_1	sample29_SemiBin_48.fa.gz_k141_4505212.region001	region	1	7824	FAM_01216
sample29_SemiBin_30.fa.gz_k141_530734.region001.gbk_region_1	sample29_SemiBin_30.fa.gz_k141_530734.region001	region	1	7828	FAM_01217
sample29_SemiBin_65.fa.gz_k141_2381470.region001.gbk_region_1	sample29_SemiBin_65.fa.gz_k141_2381470.region001	region	1	7840	FAM_01218
sample6_SemiBin_155.fa.gz_k141_2096309.region001.gbk_region_1	sample6_SemiBin_155.fa.gz_k141_2096309.region001	region	1	7848	FAM_01219
sample29_SemiBin_28.fa.gz_k141_4368633.region001.gbk_region_1	sample29_SemiBin_28.fa.gz_k141_4368633.region001	region	1	7868	FAM_01220
snj03_SemiBin_24.fa.gz_k141_885348.region001.gbk_region_1	snj03_SemiBin_24.fa.gz_k141_885348.region001	region	1	7872	FAM_01221
snj11_SemiBin_138.fa.gz_k141_2349518.region001.gbk_region_1	snj11_SemiBin_138.fa.gz_k141_2349518.region001	region	1	7928	FAM_01222
sample20_SemiBin_20.fa.gz_k141_4386426.region001.gbk_region_1	sample20_SemiBin_20.fa.gz_k141_4386426.region001	region	1	7956	FAM_01223
sample29_SemiBin_48.fa.gz_k141_4906219.region001.gbk_region_1	sample29_SemiBin_48.fa.gz_k141_4906219.region001	region	1	7964	FAM_01224
sample7_SemiBin_80.fa.gz_k141_2618371.region001.gbk_region_1	sample7_SemiBin_80.fa.gz_k141_2618371.region001	region	1	7996	FAM_01225
sample10_SemiBin_3.fa.gz_k141_5509437.region001.gbk_region_1	sample10_SemiBin_3.fa.gz_k141_5509437.region001	region	1	8016	FAM_01226
sample2_SemiBin_31.fa.gz_k141_2464452.region001.gbk_region_1	sample2_SemiBin_31.fa.gz_k141_2464452.region001	region	1	8036	FAM_01227
sample6_SemiBin_65.fa.gz_k141_800576.region001.gbk_region_1	sample6_SemiBin_65.fa.gz_k141_800576.region001	region	1	8044	FAM_01228
sample2_SemiBin_7.fa.gz_k141_427130.region001.gbk_region_1	sample2_SemiBin_7.fa.gz_k141_427130.region001	region	1	8048	FAM_01229
sample6_SemiBin_95.fa.gz_k141_7596633.region001.gbk_region_1	sample6_SemiBin_95.fa.gz_k141_7596633.region001	region	1	8076	FAM_01230
snj01_SemiBin_53.fa.gz_k141_1319821.region001.gbk_region_1	snj01_SemiBin_53.fa.gz_k141_1319821.region001	region	1	8080	FAM_01231
sample2_SemiBin_7.fa.gz_k141_2318575.region001.gbk_region_1	sample2_SemiBin_7.fa.gz_k141_2318575.region001	region	1	8108	FAM_01232
sample4_SemiBin_28.fa.gz_k141_1363348.region001.gbk_region_1	sample4_SemiBin_28.fa.gz_k141_1363348.region001	region	1	8116	FAM_01233
sample9_SemiBin_68.fa.gz_k141_3316139.region001.gbk_region_1	sample9_SemiBin_68.fa.gz_k141_3316139.region001	region	1	8120	FAM_01234
cpsnj14_SemiBin_110.fa.gz_k141_728668.region001.gbk_region_1	cpsnj14_SemiBin_110.fa.gz_k141_728668.region001	region	1	8128	FAM_01235
snj02_SemiBin_4.fa.gz_k141_2270446.region001.gbk_region_1	snj02_SemiBin_4.fa.gz_k141_2270446.region001	region	1	8140	FAM_01236
sample29_SemiBin_99.fa.gz_k141_5807049.region001.gbk_region_1	sample29_SemiBin_99.fa.gz_k141_5807049.region001	region	1	8152	FAM_01237
sample17_SemiBin_18.fa.gz_k141_1971909.region001.gbk_region_1	sample17_SemiBin_18.fa.gz_k141_1971909.region001	region	1	8156	FAM_01238
sample24_SemiBin_72.fa.gz_k141_2348994.region001.gbk_region_1	sample24_SemiBin_72.fa.gz_k141_2348994.region001	region	1	8160	FAM_01239
sample13_SemiBin_151.fa.gz_k141_4005374.region001.gbk_region_1	sample13_SemiBin_151.fa.gz_k141_4005374.region001	region	1	8164	FAM_01240
snj03_SemiBin_67.fa.gz_k141_760718.region001.gbk_region_1	snj03_SemiBin_67.fa.gz_k141_760718.region001	region	1	8182	FAM_01241
sample29_SemiBin_121.fa.gz_k141_184150.region001.gbk_region_1	sample29_SemiBin_121.fa.gz_k141_184150.region001	region	1	8186	FAM_01242
sample29_SemiBin_30.fa.gz_k141_1339320.region001.gbk_region_1	sample29_SemiBin_30.fa.gz_k141_1339320.region001	region	1	8198	FAM_01243
snj01_SemiBin_1.fa.gz_k141_298084.region001.gbk_region_1	snj01_SemiBin_1.fa.gz_k141_298084.region001	region	1	8202	FAM_01244
cpsnj02_SemiBin_3.fa.gz_k141_1314041.region001.gbk_region_1	cpsnj02_SemiBin_3.fa.gz_k141_1314041.region001	region	1	8214	FAM_01245
snj01_SemiBin_1.fa.gz_k141_1480151.region001.gbk_region_1	snj01_SemiBin_1.fa.gz_k141_1480151.region001	region	1	8218	FAM_01246
snj04_SemiBin_4.fa.gz_k141_2371453.region001.gbk_region_1	snj04_SemiBin_4.fa.gz_k141_2371453.region001	region	1	8222	FAM_01247
cpsnj10_SemiBin_70.fa.gz_k141_1250820.region001.gbk_region_1	cpsnj10_SemiBin_70.fa.gz_k141_1250820.region001	region	1	8230	FAM_01248
sample23_SemiBin_6.fa.gz_k141_4769411.region001.gbk_region_1	sample23_SemiBin_6.fa.gz_k141_4769411.region001	region	1	8234	FAM_01249
snj08_SemiBin_40.fa.gz_k141_2237581.region001.gbk_region_1	snj08_SemiBin_40.fa.gz_k141_2237581.region001	region	1	8238	FAM_01250
snj20_SemiBin_16.fa.gz_k141_3308008.region001.gbk_region_1	snj20_SemiBin_16.fa.gz_k141_3308008.region001	region	1	8250	FAM_01251
sample26_SemiBin_65.fa.gz_k141_2880215.region001.gbk_region_1	sample26_SemiBin_65.fa.gz_k141_2880215.region001	region	1	8254	FAM_01252
sample17_SemiBin_59.fa.gz_k141_5848858.region001.gbk_region_1	sample17_SemiBin_59.fa.gz_k141_5848858.region001	region	1	8318	FAM_01253
sample29_SemiBin_97.fa.gz_k141_4404179.region001.gbk_region_1	sample29_SemiBin_97.fa.gz_k141_4404179.region001	region	1	8330	FAM_01254
sample13_SemiBin_158.fa.gz_k141_2571754.region001.gbk_region_1	sample13_SemiBin_158.fa.gz_k141_2571754.region001	region	1	8338	FAM_01255
sample5_SemiBin_76.fa.gz_k141_2657987.region001.gbk_region_1	sample5_SemiBin_76.fa.gz_k141_2657987.region001	region	1	8346	FAM_01256
sample29_SemiBin_24.fa.gz_k141_499125.region001.gbk_region_1	sample29_SemiBin_24.fa.gz_k141_499125.region001	region	1	8360	FAM_01257
cpsnj01_SemiBin_25.fa.gz_k141_644674.region001.gbk_region_1	cpsnj01_SemiBin_25.fa.gz_k141_644674.region001	region	1	8364	FAM_01258
cpsnj16_SemiBin_27.fa.gz_k141_2729387.region001.gbk_region_1	cpsnj16_SemiBin_27.fa.gz_k141_2729387.region001	region	1	8446	FAM_01259
sample7_SemiBin_11.fa.gz_k141_2309952.region001.gbk_region_1	sample7_SemiBin_11.fa.gz_k141_2309952.region001	region	1	8450	FAM_01260
sample9_SemiBin_42.fa.gz_k141_5449618.region001.gbk_region_1	sample9_SemiBin_42.fa.gz_k141_5449618.region001	region	1	8462	FAM_01261
sample4_SemiBin_36.fa.gz_k141_3134629.region001.gbk_region_1	sample4_SemiBin_36.fa.gz_k141_3134629.region001	region	1	8468	FAM_01262
sample13_SemiBin_32.fa.gz_k141_3921344.region001.gbk_region_1	sample13_SemiBin_32.fa.gz_k141_3921344.region001	region	1	8472	FAM_01263
sample27_SemiBin_19.fa.gz_k141_5377388.region001.gbk_region_1	sample27_SemiBin_19.fa.gz_k141_5377388.region001	region	1	8488	FAM_01264
cpsnj19_SemiBin_8.fa.gz_k141_1227698.region001.gbk_region_1	cpsnj19_SemiBin_8.fa.gz_k141_1227698.region001	region	1	8492	FAM_01265
sample19_SemiBin_45.fa.gz_k141_1026953.region001.gbk_region_1	sample19_SemiBin_45.fa.gz_k141_1026953.region001	region	1	8500	FAM_01266
sample8_SemiBin_27.fa.gz_k141_209588.region001.gbk_region_1	sample8_SemiBin_27.fa.gz_k141_209588.region001	region	1	8504	FAM_01267
sample10_SemiBin_3.fa.gz_k141_988287.region001.gbk_region_1	sample10_SemiBin_3.fa.gz_k141_988287.region001	region	1	8512	FAM_01268
snj14_SemiBin_52.fa.gz_k141_933968.region001.gbk_region_1	snj14_SemiBin_52.fa.gz_k141_933968.region001	region	1	8516	FAM_01269
cpsnj13_SemiBin_80.fa.gz_k141_772980.region001.gbk_region_1	cpsnj13_SemiBin_80.fa.gz_k141_772980.region001	region	1	8520	FAM_01270
sample6_SemiBin_65.fa.gz_k141_3057353.region001.gbk_region_1	sample6_SemiBin_65.fa.gz_k141_3057353.region001	region	1	8528	FAM_01271
snj09_SemiBin_58.fa.gz_k141_2654433.region001.gbk_region_1	snj09_SemiBin_58.fa.gz_k141_2654433.region001	region	1	8540	FAM_01272
sample7_SemiBin_80.fa.gz_k141_358977.region001.gbk_region_1	sample7_SemiBin_80.fa.gz_k141_358977.region001	region	1	8548	FAM_01273
cpsnj20_SemiBin_67.fa.gz_k141_1342845.region001.gbk_region_1	cpsnj20_SemiBin_67.fa.gz_k141_1342845.region001	region	1	8552	FAM_01274
snj02_SemiBin_4.fa.gz_k141_1088754.region001.gbk_region_1	snj02_SemiBin_4.fa.gz_k141_1088754.region001	region	1	8576	FAM_01275
sample6_SemiBin_24.fa.gz_k141_4845056.region001.gbk_region_1	sample6_SemiBin_24.fa.gz_k141_4845056.region001	region	1	8588	FAM_01276
snj01_SemiBin_23.fa.gz_k141_794228.region001.gbk_region_1	snj01_SemiBin_23.fa.gz_k141_794228.region001	region	1	8592	FAM_01277
snj08_SemiBin_13.fa.gz_k141_3063377.region001.gbk_region_1	snj08_SemiBin_13.fa.gz_k141_3063377.region001	region	1	8600	FAM_01278
cpsnj01_SemiBin_80.fa.gz_k141_3321556.region001.gbk_region_1	cpsnj01_SemiBin_80.fa.gz_k141_3321556.region001	region	1	8604	FAM_01279
sample7_SemiBin_106.fa.gz_k141_314623.region001.gbk_region_1	sample7_SemiBin_106.fa.gz_k141_314623.region001	region	1	8608	FAM_01280
sample29_SemiBin_5.fa.gz_k141_4129978.region001.gbk_region_1	sample29_SemiBin_5.fa.gz_k141_4129978.region001	region	1	8640	FAM_01281
sample1_SemiBin_24.fa.gz_k141_2213258.region001.gbk_region_1	sample1_SemiBin_24.fa.gz_k141_2213258.region001	region	1	8701	FAM_01282
sample27_SemiBin_17.fa.gz_k141_2015141.region001.gbk_region_1	sample27_SemiBin_17.fa.gz_k141_2015141.region001	region	1	8761	FAM_01283
cpsnj20_SemiBin_37.fa.gz_k141_565851.region001.gbk_region_1	cpsnj20_SemiBin_37.fa.gz_k141_565851.region001	region	1	8769	FAM_01284
cpsnj11_SemiBin_2.fa.gz_k141_1735120.region001.gbk_region_1	cpsnj11_SemiBin_2.fa.gz_k141_1735120.region001	region	1	8789	FAM_01285
snj19_SemiBin_42.fa.gz_k141_1470583.region001.gbk_region_1	snj19_SemiBin_42.fa.gz_k141_1470583.region001	region	1	8797	FAM_01286
sample13_SemiBin_7.fa.gz_k141_3511205.region001.gbk_region_1	sample13_SemiBin_7.fa.gz_k141_3511205.region001	region	1	8805	FAM_01287
cpsnj19_SemiBin_3.fa.gz_k141_1067168.region001.gbk_region_1	cpsnj19_SemiBin_3.fa.gz_k141_1067168.region001	region	1	8830	FAM_01288
sample29_SemiBin_97.fa.gz_k141_1037048.region001.gbk_region_1	sample29_SemiBin_97.fa.gz_k141_1037048.region001	region	1	8834	FAM_01289
sample5_SemiBin_76.fa.gz_k141_829924.region001.gbk_region_1	sample5_SemiBin_76.fa.gz_k141_829924.region001	region	1	8862	FAM_01290
sample10_SemiBin_3.fa.gz_k141_2257555.region001.gbk_region_1	sample10_SemiBin_3.fa.gz_k141_2257555.region001	region	1	8874	FAM_01291
sample10_SemiBin_97.fa.gz_k141_982739.region001.gbk_region_1	sample10_SemiBin_97.fa.gz_k141_982739.region001	region	1	8878	FAM_01292
cpsnj11_SemiBin_84.fa.gz_k141_2342941.region001.gbk_region_1	cpsnj11_SemiBin_84.fa.gz_k141_2342941.region001	region	1	8913	FAM_01293
snj16_SemiBin_23.fa.gz_k141_966010.region001.gbk_region_1	snj16_SemiBin_23.fa.gz_k141_966010.region001	region	1	8917	FAM_01294
sample9_SemiBin_68.fa.gz_k141_3687013.region001.gbk_region_1	sample9_SemiBin_68.fa.gz_k141_3687013.region001	region	1	8934	FAM_01295
sample6_SemiBin_18.fa.gz_k141_7283541.region001.gbk_region_1	sample6_SemiBin_18.fa.gz_k141_7283541.region001	region	1	8966	FAM_01296
cpsnj16_SemiBin_27.fa.gz_k141_3515898.region001.gbk_region_1	cpsnj16_SemiBin_27.fa.gz_k141_3515898.region001	region	1	8974	FAM_01297
sample29_SemiBin_128.fa.gz_k141_4355481.region001.gbk_region_1	sample29_SemiBin_128.fa.gz_k141_4355481.region001	region	1	8982	FAM_01298
snj02_SemiBin_4.fa.gz_k141_14466.region001.gbk_region_1	snj02_SemiBin_4.fa.gz_k141_14466.region001	region	1	9019	FAM_01299
sample6_SemiBin_18.fa.gz_k141_1466616.region001.gbk_region_1	sample6_SemiBin_18.fa.gz_k141_1466616.region001	region	1	9031	FAM_01300
cpsnj16_SemiBin_62.fa.gz_k141_2534435.region001.gbk_region_1	cpsnj16_SemiBin_62.fa.gz_k141_2534435.region001	region	1	9054	FAM_01301
snj02_SemiBin_43.fa.gz_k141_1668664.region001.gbk_region_1	snj02_SemiBin_43.fa.gz_k141_1668664.region001	region	1	9062	FAM_01302
sample22_SemiBin_4.fa.gz_k141_2414856.region001.gbk_region_1	sample22_SemiBin_4.fa.gz_k141_2414856.region001	region	1	9074	FAM_01303
snj01_SemiBin_55.fa.gz_k141_3022871.region001.gbk_region_1	snj01_SemiBin_55.fa.gz_k141_3022871.region001	region	1	9094	FAM_01304
sample19_SemiBin_95.fa.gz_k141_2595867.region001.gbk_region_1	sample19_SemiBin_95.fa.gz_k141_2595867.region001	region	1	9098	FAM_01305
snj01_SemiBin_44.fa.gz_k141_977848.region001.gbk_region_1	snj01_SemiBin_44.fa.gz_k141_977848.region001	region	1	9102	FAM_01306
cpsnj09_SemiBin_32.fa.gz_k141_1007920.region001.gbk_region_1	cpsnj09_SemiBin_32.fa.gz_k141_1007920.region001	region	1	9106	FAM_01307
snj03_SemiBin_15.fa.gz_k141_18524.region001.gbk_region_1	snj03_SemiBin_15.fa.gz_k141_18524.region001	region	1	9114	FAM_01308
cpsnj20_SemiBin_31.fa.gz_k141_1073821.region001.gbk_region_1	cpsnj20_SemiBin_31.fa.gz_k141_1073821.region001	region	1	9118	FAM_01309
sample18_SemiBin_32.fa.gz_k141_2140216.region001.gbk_region_1	sample18_SemiBin_32.fa.gz_k141_2140216.region001	region	1	9146	FAM_01310
sample1_SemiBin_35.fa.gz_k141_3124724.region001.gbk_region_1	sample1_SemiBin_35.fa.gz_k141_3124724.region001	region	1	9154	FAM_01311
sample6_SemiBin_18.fa.gz_k141_4623356.region001.gbk_region_1	sample6_SemiBin_18.fa.gz_k141_4623356.region001	region	1	9162	FAM_01312
sample10_SemiBin_115.fa.gz_k141_424801.region001.gbk_region_1	sample10_SemiBin_115.fa.gz_k141_424801.region001	region	1	9178	FAM_01313
sample29_SemiBin_128.fa.gz_k141_1660006.region001.gbk_region_1	sample29_SemiBin_128.fa.gz_k141_1660006.region001	region	1	9182	FAM_01314
sample10_SemiBin_53.fa.gz_k141_2362123.region001.gbk_region_1	sample10_SemiBin_53.fa.gz_k141_2362123.region001	region	1	9194	FAM_01315
sample27_SemiBin_25.fa.gz_k141_3245517.region001.gbk_region_1	sample27_SemiBin_25.fa.gz_k141_3245517.region001	region	1	9206	FAM_01316
cpsnj20_SemiBin_16.fa.gz_k141_2699311.region001.gbk_region_1	cpsnj20_SemiBin_16.fa.gz_k141_2699311.region001	region	1	9218	FAM_01317
sample10_SemiBin_53.fa.gz_k141_299709.region001.gbk_region_1	sample10_SemiBin_53.fa.gz_k141_299709.region001	region	1	9250	FAM_01318
snj04_SemiBin_35.fa.gz_k141_2521200.region001.gbk_region_1	snj04_SemiBin_35.fa.gz_k141_2521200.region001	region	1	9262	FAM_01319
cpsnj11_SemiBin_2.fa.gz_k141_1908835.region001.gbk_region_1	cpsnj11_SemiBin_2.fa.gz_k141_1908835.region001	region	1	9266	FAM_01320
sample26_SemiBin_55.fa.gz_k141_5964757.region001.gbk_region_1	sample26_SemiBin_55.fa.gz_k141_5964757.region001	region	1	9274	FAM_01321
snj04_SemiBin_4.fa.gz_k141_1416423.region001.gbk_region_1	snj04_SemiBin_4.fa.gz_k141_1416423.region001	region	1	9278	FAM_01322
sample18_SemiBin_99.fa.gz_k141_4268939.region001.gbk_region_1	sample18_SemiBin_99.fa.gz_k141_4268939.region001	region	1	9288	FAM_01323
sample16_SemiBin_14.fa.gz_k141_1421919.region001.gbk_region_1	sample16_SemiBin_14.fa.gz_k141_1421919.region001	region	1	9316	FAM_01324
snj11_SemiBin_138.fa.gz_k141_2050327.region001.gbk_region_1	snj11_SemiBin_138.fa.gz_k141_2050327.region001	region	1	9328	FAM_01325
sample7_SemiBin_80.fa.gz_k141_383751.region001.gbk_region_1	sample7_SemiBin_80.fa.gz_k141_383751.region001	region	1	9344	FAM_01326
sample19_SemiBin_2.fa.gz_k141_4052619.region001.gbk_region_1	sample19_SemiBin_2.fa.gz_k141_4052619.region001	region	1	9368	FAM_01327
cpsnj01_SemiBin_18.fa.gz_k141_1965172.region001.gbk_region_1	cpsnj01_SemiBin_18.fa.gz_k141_1965172.region001	region	1	9376	FAM_01328
sample29_SemiBin_99.fa.gz_k141_3826723.region001.gbk_region_1	sample29_SemiBin_99.fa.gz_k141_3826723.region001	region	1	9384	FAM_01329
sample24_SemiBin_36.fa.gz_k141_1751580.region001.gbk_region_1	sample24_SemiBin_36.fa.gz_k141_1751580.region001	region	1	9388	FAM_01330
snj04_SemiBin_4.fa.gz_k141_832319.region001.gbk_region_1	snj04_SemiBin_4.fa.gz_k141_832319.region001	region	1	9396	FAM_01331
sample22_SemiBin_45.fa.gz_k141_5334570.region001.gbk_region_1	sample22_SemiBin_45.fa.gz_k141_5334570.region001	region	1	9412	FAM_01332
cpsnj11_SemiBin_113.fa.gz_k141_2618865.region001.gbk_region_1	cpsnj11_SemiBin_113.fa.gz_k141_2618865.region001	region	1	9440	FAM_01333
snj20_SemiBin_63.fa.gz_k141_1527863.region001.gbk_region_1	snj20_SemiBin_63.fa.gz_k141_1527863.region001	region	1	9446	FAM_01334
cpsnj13_SemiBin_87.fa.gz_k141_3768732.region001.gbk_region_1	cpsnj13_SemiBin_87.fa.gz_k141_3768732.region001	region	1	9468	FAM_01335
snj09_SemiBin_17.fa.gz_k141_3378287.region001.gbk_region_1	snj09_SemiBin_17.fa.gz_k141_3378287.region001	region	1	9482	FAM_01336
snj03_SemiBin_67.fa.gz_k141_2430766.region001.gbk_region_1	snj03_SemiBin_67.fa.gz_k141_2430766.region001	region	1	9502	FAM_01337
snj03_SemiBin_2.fa.gz_k141_743007.region001.gbk_region_1	snj03_SemiBin_2.fa.gz_k141_743007.region001	region	1	9506	FAM_01338
sample22_SemiBin_7.fa.gz_k141_585341.region001.gbk_region_1	sample22_SemiBin_7.fa.gz_k141_585341.region001	region	1	9514	FAM_01339
sample29_SemiBin_75.fa.gz_k141_2353424.region001.gbk_region_1	sample29_SemiBin_75.fa.gz_k141_2353424.region001	region	1	9534	FAM_01340
snj04_SemiBin_4.fa.gz_k141_922140.region001.gbk_region_1	snj04_SemiBin_4.fa.gz_k141_922140.region001	region	1	9546	FAM_01341
cpsnj11_SemiBin_33.fa.gz_k141_946928.region001.gbk_region_1	cpsnj11_SemiBin_33.fa.gz_k141_946928.region001	region	1	9604	FAM_01342
snj03_SemiBin_72.fa.gz_k141_2106051.region001.gbk_region_1	snj03_SemiBin_72.fa.gz_k141_2106051.region001	region	1	9608	FAM_01343
sample18_SemiBin_34.fa.gz_k141_3078460.region001.gbk_region_1	sample18_SemiBin_34.fa.gz_k141_3078460.region001	region	1	9612	FAM_01344
sample13_SemiBin_32.fa.gz_k141_988992.region001.gbk_region_1	sample13_SemiBin_32.fa.gz_k141_988992.region001	region	1	9620	FAM_01345
cpsnj10_SemiBin_112.fa.gz_k141_480125.region001.gbk_region_1	cpsnj10_SemiBin_112.fa.gz_k141_480125.region001	region	1	9624	FAM_01346
sample29_SemiBin_14.fa.gz_k141_997081.region001.gbk_region_1	sample29_SemiBin_14.fa.gz_k141_997081.region001	region	1	9632	FAM_01347
snj02_SemiBin_17.fa.gz_k141_117614.region001.gbk_region_1	snj02_SemiBin_17.fa.gz_k141_117614.region001	region	1	9644	FAM_01348
sample7_SemiBin_87.fa.gz_k141_1650279.region001.gbk_region_1	sample7_SemiBin_87.fa.gz_k141_1650279.region001	region	1	9660	FAM_01349
sample6_SemiBin_44.fa.gz_k141_4938266.region001.gbk_region_1	sample6_SemiBin_44.fa.gz_k141_4938266.region001	region	1	9668	FAM_01350
sample6_SemiBin_95.fa.gz_k141_7210040.region001.gbk_region_1	sample6_SemiBin_95.fa.gz_k141_7210040.region001	region	1	9672	FAM_01351
sample29_SemiBin_34.fa.gz_k141_1746243.region001.gbk_region_1	sample29_SemiBin_34.fa.gz_k141_1746243.region001	region	1	9676	FAM_01352
snj02_SemiBin_39.fa.gz_k141_1995446.region001.gbk_region_1	snj02_SemiBin_39.fa.gz_k141_1995446.region001	region	1	9688	FAM_01353
sample29_SemiBin_24.fa.gz_k141_5498036.region001.gbk_region_1	sample29_SemiBin_24.fa.gz_k141_5498036.region001	region	1	9692	FAM_01354
sample18_SemiBin_126.fa.gz_k141_489206.region001.gbk_region_1	sample18_SemiBin_126.fa.gz_k141_489206.region001	region	1	9761	FAM_01355
snj14_SemiBin_52.fa.gz_k141_565531.region001.gbk_region_1	snj14_SemiBin_52.fa.gz_k141_565531.region001	region	1	9765	FAM_01356
snj16_SemiBin_58.fa.gz_k141_2206915.region001.gbk_region_1	snj16_SemiBin_58.fa.gz_k141_2206915.region001	region	1	9777	FAM_01357
sample10_SemiBin_27.fa.gz_k141_1951038.region001.gbk_region_1	sample10_SemiBin_27.fa.gz_k141_1951038.region001	region	1	9810	FAM_01358
cpsnj13_SemiBin_80.fa.gz_k141_260865.region001.gbk_region_1	cpsnj13_SemiBin_80.fa.gz_k141_260865.region001	region	1	9814	FAM_01359
cpsnj19_SemiBin_24.fa.gz_k141_1668479.region001.gbk_region_1	cpsnj19_SemiBin_24.fa.gz_k141_1668479.region001	region	1	9830	FAM_01360
sample15_SemiBin_30.fa.gz_k141_4011398.region001.gbk_region_1	sample15_SemiBin_30.fa.gz_k141_4011398.region001	region	1	9842	FAM_01361
snj19_SemiBin_25.fa.gz_k141_2239116.region001.gbk_region_1	snj19_SemiBin_25.fa.gz_k141_2239116.region001	region	1	9850	FAM_01362
sample2_SemiBin_19.fa.gz_k141_628077.region001.gbk_region_1	sample2_SemiBin_19.fa.gz_k141_628077.region001	region	1	9862	FAM_01363
cpsnj13_SemiBin_87.fa.gz_k141_3087580.region001.gbk_region_1	cpsnj13_SemiBin_87.fa.gz_k141_3087580.region001	region	1	9878	FAM_01364
cpsnj19_SemiBin_68.fa.gz_k141_1681653.region001.gbk_region_1	cpsnj19_SemiBin_68.fa.gz_k141_1681653.region001	region	1	9886	FAM_01365
cpsnj02_SemiBin_13.fa.gz_k141_894327.region001.gbk_region_1	cpsnj02_SemiBin_13.fa.gz_k141_894327.region001	region	1	9902	FAM_01366
sample5_SemiBin_21.fa.gz_k141_408765.region001.gbk_region_1	sample5_SemiBin_21.fa.gz_k141_408765.region001	region	1	9910	FAM_01367
sample29_SemiBin_91.fa.gz_k141_2481660.region001.gbk_region_1	sample29_SemiBin_91.fa.gz_k141_2481660.region001	region	1	9942	FAM_01368
sample6_SemiBin_27.fa.gz_k141_4176484.region001.gbk_region_1	sample6_SemiBin_27.fa.gz_k141_4176484.region001	region	1	9946	FAM_01369
snj13_SemiBin_22.fa.gz_k141_1485925.region001.gbk_region_1	snj13_SemiBin_22.fa.gz_k141_1485925.region001	region	1	9974	FAM_01370
snj02_SemiBin_17.fa.gz_k141_340531.region001.gbk_region_1	snj02_SemiBin_17.fa.gz_k141_340531.region001	region	1	9978	FAM_01371
snj16_SemiBin_23.fa.gz_k141_1500919.region001.gbk_region_1	snj16_SemiBin_23.fa.gz_k141_1500919.region001	region	1	9982	FAM_01372
sample7_SemiBin_80.fa.gz_k141_2331910.region001.gbk_region_1	sample7_SemiBin_80.fa.gz_k141_2331910.region001	region	1	9990	FAM_01373
sample2_SemiBin_53.fa.gz_k141_2678098.region001.gbk_region_1	sample2_SemiBin_53.fa.gz_k141_2678098.region001	region	1	9994	FAM_01374
sample7_SemiBin_106.fa.gz_k141_3883617.region001.gbk_region_1	sample7_SemiBin_106.fa.gz_k141_3883617.region001	region	1	10022	FAM_01375
snj09_SemiBin_37.fa.gz_k141_2038005.region001.gbk_region_1	snj09_SemiBin_37.fa.gz_k141_2038005.region001	region	1	10030	FAM_01376
sample10_SemiBin_211.fa.gz_k141_5487900.region001.gbk_region_1	sample10_SemiBin_211.fa.gz_k141_5487900.region001	region	1	10034	FAM_01377
snj01_SemiBin_23.fa.gz_k141_1804922.region001.gbk_region_1	snj01_SemiBin_23.fa.gz_k141_1804922.region001	region	1	10038	FAM_01378
cpsnj20_SemiBin_104.fa.gz_k141_1864660.region001.gbk_region_1	cpsnj20_SemiBin_104.fa.gz_k141_1864660.region001	region	1	10042	FAM_01379
sample13_SemiBin_7.fa.gz_k141_2985465.region001.gbk_region_1	sample13_SemiBin_7.fa.gz_k141_2985465.region001	region	1	10046	FAM_01380
snj19_SemiBin_33.fa.gz_k141_2038821.region001.gbk_region_1	snj19_SemiBin_33.fa.gz_k141_2038821.region001	region	1	10062	FAM_01381
cpsnj01_SemiBin_2.fa.gz_k141_2756887.region001.gbk_region_1	cpsnj01_SemiBin_2.fa.gz_k141_2756887.region001	region	1	10070	FAM_01382
cpsnj01_SemiBin_41.fa.gz_k141_664970.region001.gbk_region_1	cpsnj01_SemiBin_41.fa.gz_k141_664970.region001	region	1	10078	FAM_01383
sample13_SemiBin_7.fa.gz_k141_708722.region001.gbk_region_1	sample13_SemiBin_7.fa.gz_k141_708722.region001	region	1	10090	FAM_01384
snj01_SemiBin_23.fa.gz_k141_1176766.region001.gbk_region_1	snj01_SemiBin_23.fa.gz_k141_1176766.region001	region	1	10123	FAM_01385
cpsnj11_SemiBin_8.fa.gz_k141_2057194.region001.gbk_region_1	cpsnj11_SemiBin_8.fa.gz_k141_2057194.region001	region	1	10143	FAM_01386
sample28_SemiBin_31.fa.gz_k141_2345323.region001.gbk_region_1	sample28_SemiBin_31.fa.gz_k141_2345323.region001	region	1	10151	FAM_01387
sample19_SemiBin_2.fa.gz_k141_3989985.region001.gbk_region_1	sample19_SemiBin_2.fa.gz_k141_3989985.region001	region	1	10187	FAM_01388
cpsnj20_SemiBin_16.fa.gz_k141_877321.region001.gbk_region_1	cpsnj20_SemiBin_16.fa.gz_k141_877321.region001	region	1	10195	FAM_01389
sample18_SemiBin_77.fa.gz_k141_1658297.region001.gbk_region_1	sample18_SemiBin_77.fa.gz_k141_1658297.region001	region	1	10211	FAM_01390
cpsnj14_SemiBin_59.fa.gz_k141_2880988.region001.gbk_region_1	cpsnj14_SemiBin_59.fa.gz_k141_2880988.region001	region	1	10219	FAM_01391
snj02_SemiBin_4.fa.gz_k141_1521928.region001.gbk_region_1	snj02_SemiBin_4.fa.gz_k141_1521928.region001	region	1	10231	FAM_01392
sample28_SemiBin_5.fa.gz_k141_4715171.region001.gbk_region_1	sample28_SemiBin_5.fa.gz_k141_4715171.region001	region	1	10243	FAM_01393
sample29_SemiBin_128.fa.gz_k141_3799645.region001.gbk_region_1	sample29_SemiBin_128.fa.gz_k141_3799645.region001	region	1	10295	FAM_01394
sample29_SemiBin_28.fa.gz_k141_1252615.region001.gbk_region_1	sample29_SemiBin_28.fa.gz_k141_1252615.region001	region	1	10319	FAM_01395
cpsnj03_SemiBin_2.fa.gz_k141_2716411.region001.gbk_region_1	cpsnj03_SemiBin_2.fa.gz_k141_2716411.region001	region	1	10323	FAM_01396
sample29_SemiBin_30.fa.gz_k141_4691141.region001.gbk_region_1	sample29_SemiBin_30.fa.gz_k141_4691141.region001	region	1	10327	FAM_01397
sample10_SemiBin_53.fa.gz_k141_1047836.region001.gbk_region_1	sample10_SemiBin_53.fa.gz_k141_1047836.region001	region	1	10331	FAM_01398
sample27_SemiBin_17.fa.gz_k141_5875176.region001.gbk_region_1	sample27_SemiBin_17.fa.gz_k141_5875176.region001	region	1	10335	FAM_01399
snj04_SemiBin_4.fa.gz_k141_2211848.region001.gbk_region_1	snj04_SemiBin_4.fa.gz_k141_2211848.region001	region	1	10363	FAM_01400
sample10_SemiBin_53.fa.gz_k141_5596536.region001.gbk_region_1	sample10_SemiBin_53.fa.gz_k141_5596536.region001	region	1	10369	FAM_01401
sample9_SemiBin_42.fa.gz_k141_1661381.region001.gbk_region_1	sample9_SemiBin_42.fa.gz_k141_1661381.region001	region	1	10377	FAM_01402
sample12_SemiBin_24.fa.gz_k141_1759088.region001.gbk_region_1	sample12_SemiBin_24.fa.gz_k141_1759088.region001	region	1	10390	FAM_01403
snj04_SemiBin_4.fa.gz_k141_2518983.region001.gbk_region_1	snj04_SemiBin_4.fa.gz_k141_2518983.region001	region	1	10398	FAM_01404
sample6_SemiBin_53.fa.gz_k141_4035089.region001.gbk_region_1	sample6_SemiBin_53.fa.gz_k141_4035089.region001	region	1	10414	FAM_01405
sample14_SemiBin_9.fa.gz_k141_850264.region001.gbk_region_1	sample14_SemiBin_9.fa.gz_k141_850264.region001	region	1	10446	FAM_01406
cpsnj09_SemiBin_63.fa.gz_k141_1132072.region001.gbk_region_1	cpsnj09_SemiBin_63.fa.gz_k141_1132072.region001	region	1	10450	FAM_01407
sample29_SemiBin_87.fa.gz_k141_2951250.region001.gbk_region_1	sample29_SemiBin_87.fa.gz_k141_2951250.region001	region	1	10466	FAM_01408
sample26_SemiBin_47.fa.gz_k141_5613555.region001.gbk_region_1	sample26_SemiBin_47.fa.gz_k141_5613555.region001	region	1	10486	FAM_01409
snj04_SemiBin_4.fa.gz_k141_1487813.region001.gbk_region_1	snj04_SemiBin_4.fa.gz_k141_1487813.region001	region	1	10494	FAM_01410
sample29_SemiBin_141.fa.gz_k141_3424856.region001.gbk_region_1	sample29_SemiBin_141.fa.gz_k141_3424856.region001	region	1	10508	FAM_01411
sample13_SemiBin_151.fa.gz_k141_3294746.region001.gbk_region_1	sample13_SemiBin_151.fa.gz_k141_3294746.region001	region	1	10539	FAM_01412
sample7_SemiBin_80.fa.gz_k141_2562313.region001.gbk_region_1	sample7_SemiBin_80.fa.gz_k141_2562313.region001	region	1	10563	FAM_01413
sample24_SemiBin_9.fa.gz_k141_213610.region001.gbk_region_1	sample24_SemiBin_9.fa.gz_k141_213610.region001	region	1	10573	FAM_01414
cpsnj14_SemiBin_36.fa.gz_k141_1237197.region001.gbk_region_1	cpsnj14_SemiBin_36.fa.gz_k141_1237197.region001	region	1	10581	FAM_01415
snj03_SemiBin_24.fa.gz_k141_2204617.region001.gbk_region_1	snj03_SemiBin_24.fa.gz_k141_2204617.region001	region	1	10585	FAM_01416
sample17_SemiBin_67.fa.gz_k141_4380737.region001.gbk_region_1	sample17_SemiBin_67.fa.gz_k141_4380737.region001	region	1	10609	FAM_01417
sample5_SemiBin_76.fa.gz_k141_2211202.region001.gbk_region_1	sample5_SemiBin_76.fa.gz_k141_2211202.region001	region	1	10617	FAM_01418
cpsnj09_SemiBin_19.fa.gz_k141_1349582.region001.gbk_region_1	cpsnj09_SemiBin_19.fa.gz_k141_1349582.region001	region	1	10625	FAM_01419
snj19_SemiBin_92.fa.gz_k141_1228410.region001.gbk_region_1	snj19_SemiBin_92.fa.gz_k141_1228410.region001	region	1	10673	FAM_01420
cpsnj02_SemiBin_3.fa.gz_k141_1077682.region001.gbk_region_1	cpsnj02_SemiBin_3.fa.gz_k141_1077682.region001	region	1	10689	FAM_01421
sample5_SemiBin_100.fa.gz_k141_791303.region001.gbk_region_1	sample5_SemiBin_100.fa.gz_k141_791303.region001	region	1	10701	FAM_01422
sample10_SemiBin_113.fa.gz_k141_640962.region001.gbk_region_1	sample10_SemiBin_113.fa.gz_k141_640962.region001	region	1	10709	FAM_01423
cpsnj20_SemiBin_67.fa.gz_k141_1516365.region001.gbk_region_1	cpsnj20_SemiBin_67.fa.gz_k141_1516365.region001	region	1	10713	FAM_01424
snj11_SemiBin_101.fa.gz_k141_2811638.region001.gbk_region_1	snj11_SemiBin_101.fa.gz_k141_2811638.region001	region	1	10729	FAM_01425
sample10_SemiBin_51.fa.gz_k141_5800080.region001.gbk_region_1	sample10_SemiBin_51.fa.gz_k141_5800080.region001	region	1	10733	FAM_01426
sample19_SemiBin_17.fa.gz_k141_2448305.region001.gbk_region_1	sample19_SemiBin_17.fa.gz_k141_2448305.region001	region	1	10753	FAM_01427
sample27_SemiBin_25.fa.gz_k141_2078372.region001.gbk_region_1	sample27_SemiBin_25.fa.gz_k141_2078372.region001	region	1	10802	FAM_01428
snj09_SemiBin_58.fa.gz_k141_1700594.region001.gbk_region_1	snj09_SemiBin_58.fa.gz_k141_1700594.region001	region	1	10822	FAM_01429
sample9_SemiBin_42.fa.gz_k141_3324209.region001.gbk_region_1	sample9_SemiBin_42.fa.gz_k141_3324209.region001	region	1	10834	FAM_01430
sample19_SemiBin_18.fa.gz_k141_1102803.region001.gbk_region_1	sample19_SemiBin_18.fa.gz_k141_1102803.region001	region	1	10842	FAM_01431
sample5_SemiBin_89.fa.gz_k141_2696423.region001.gbk_region_1	sample5_SemiBin_89.fa.gz_k141_2696423.region001	region	1	10850	FAM_01432
snj02_SemiBin_43.fa.gz_k141_1707124.region002.gbk_region_2	snj02_SemiBin_43.fa.gz_k141_1707124.region002	region	2	10868	FAM_01433
cpsnj11_SemiBin_8.fa.gz_k141_3867349.region001.gbk_region_1	cpsnj11_SemiBin_8.fa.gz_k141_3867349.region001	region	1	10892	FAM_01434
sample10_SemiBin_53.fa.gz_k141_272764.region001.gbk_region_1	sample10_SemiBin_53.fa.gz_k141_272764.region001	region	1	10900	FAM_01435
sample10_SemiBin_53.fa.gz_k141_739748.region001.gbk_region_1	sample10_SemiBin_53.fa.gz_k141_739748.region001	region	1	10904	FAM_01436
sample9_SemiBin_42.fa.gz_k141_3105757.region001.gbk_region_1	sample9_SemiBin_42.fa.gz_k141_3105757.region001	region	1	10908	FAM_01437
sample10_SemiBin_182.fa.gz_k141_2542605.region001.gbk_region_1	sample10_SemiBin_182.fa.gz_k141_2542605.region001	region	1	10916	FAM_01438
cpsnj11_SemiBin_2.fa.gz_k141_286255.region001.gbk_region_1	cpsnj11_SemiBin_2.fa.gz_k141_286255.region001	region	1	10920	FAM_01439
sample16_SemiBin_165.fa.gz_k141_2201586.region001.gbk_region_1	sample16_SemiBin_165.fa.gz_k141_2201586.region001	region	1	10924	FAM_01440
sample28_SemiBin_4.fa.gz_k141_2576294.region001.gbk_region_1	sample28_SemiBin_4.fa.gz_k141_2576294.region001	region	1	10928	FAM_01441
sample18_SemiBin_37.fa.gz_k141_4371897.region001.gbk_region_1	sample18_SemiBin_37.fa.gz_k141_4371897.region001	region	1	10932	FAM_01442
sample6_SemiBin_155.fa.gz_k141_2945155.region001.gbk_region_1	sample6_SemiBin_155.fa.gz_k141_2945155.region001	region	1	10936	FAM_01443
cpsnj14_SemiBin_29.fa.gz_k141_731264.region001.gbk_region_1	cpsnj14_SemiBin_29.fa.gz_k141_731264.region001	region	1	10973	FAM_01444
sample5_SemiBin_89.fa.gz_k141_1860222.region001.gbk_region_1	sample5_SemiBin_89.fa.gz_k141_1860222.region001	region	1	11009	FAM_01445
sample22_SemiBin_27.fa.gz_k141_2149707.region001.gbk_region_1	sample22_SemiBin_27.fa.gz_k141_2149707.region001	region	1	11013	FAM_01446
cpsnj02_SemiBin_13.fa.gz_k141_525335.region001.gbk_region_1	cpsnj02_SemiBin_13.fa.gz_k141_525335.region001	region	1	11021	FAM_01447
snj19_SemiBin_149.fa.gz_k141_1240721.region001.gbk_region_1	snj19_SemiBin_149.fa.gz_k141_1240721.region001	region	1	11032	FAM_01448
sample29_SemiBin_34.fa.gz_k141_1697594.region001.gbk_region_1	sample29_SemiBin_34.fa.gz_k141_1697594.region001	region	1	11040	FAM_01449
snj15_SemiBin_18.fa.gz_k141_1708352.region001.gbk_region_1	snj15_SemiBin_18.fa.gz_k141_1708352.region001	region	1	11063	FAM_01450
cpsnj20_SemiBin_44.fa.gz_k141_207062.region001.gbk_region_1	cpsnj20_SemiBin_44.fa.gz_k141_207062.region001	region	1	11079	FAM_01451
sample7_SemiBin_38.fa.gz_k141_2068221.region001.gbk_region_1	sample7_SemiBin_38.fa.gz_k141_2068221.region001	region	1	11087	FAM_01452
snj19_SemiBin_92.fa.gz_k141_1094405.region001.gbk_region_1	snj19_SemiBin_92.fa.gz_k141_1094405.region001	region	1	11095	FAM_01453
snj04_SemiBin_4.fa.gz_k141_581744.region001.gbk_region_1	snj04_SemiBin_4.fa.gz_k141_581744.region001	region	1	11111	FAM_01454
cpsnj02_SemiBin_13.fa.gz_k141_1333992.region001.gbk_region_1	cpsnj02_SemiBin_13.fa.gz_k141_1333992.region001	region	1	11135	FAM_01455
sample18_SemiBin_193.fa.gz_k141_4516404.region001.gbk_region_1	sample18_SemiBin_193.fa.gz_k141_4516404.region001	region	1	11139	FAM_01456
sample6_SemiBin_12.fa.gz_k141_3850644.region001.gbk_region_1	sample6_SemiBin_12.fa.gz_k141_3850644.region001	region	1	11143	FAM_01457
sample18_SemiBin_193.fa.gz_k141_3429342.region001.gbk_region_1	sample18_SemiBin_193.fa.gz_k141_3429342.region001	region	1	11155	FAM_01458
snj03_SemiBin_24.fa.gz_k141_1129841.region001.gbk_region_1	snj03_SemiBin_24.fa.gz_k141_1129841.region001	region	1	11159	FAM_01459
sample28_SemiBin_75.fa.gz_k141_3632160.region001.gbk_region_1	sample28_SemiBin_75.fa.gz_k141_3632160.region001	region	1	11187	FAM_01460
sample29_SemiBin_59.fa.gz_k141_2751883.region001.gbk_region_1	sample29_SemiBin_59.fa.gz_k141_2751883.region001	region	1	11195	FAM_01461
cpsnj14_SemiBin_59.fa.gz_k141_3091863.region001.gbk_region_1	cpsnj14_SemiBin_59.fa.gz_k141_3091863.region001	region	1	11203	FAM_01462
sample6_SemiBin_95.fa.gz_k141_7121955.region001.gbk_region_1	sample6_SemiBin_95.fa.gz_k141_7121955.region001	region	1	11215	FAM_01463
snj03_SemiBin_36.fa.gz_k141_1452984.region001.gbk_region_1	snj03_SemiBin_36.fa.gz_k141_1452984.region001	region	1	11235	FAM_01464
sample6_SemiBin_27.fa.gz_k141_6874386.region001.gbk_region_1	sample6_SemiBin_27.fa.gz_k141_6874386.region001	region	1	11247	FAM_01465
sample20_SemiBin_95.fa.gz_k141_3859861.region001.gbk_region_1	sample20_SemiBin_95.fa.gz_k141_3859861.region001	region	1	11251	FAM_01466
snj16_SemiBin_58.fa.gz_k141_1851766.region001.gbk_region_1	snj16_SemiBin_58.fa.gz_k141_1851766.region001	region	1	11313	FAM_01467
cpsnj02_SemiBin_19.fa.gz_k141_567949.region001.gbk_region_1	cpsnj02_SemiBin_19.fa.gz_k141_567949.region001	region	1	11321	FAM_01468
cpsnj02_SemiBin_3.fa.gz_k141_1863965.region001.gbk_region_1	cpsnj02_SemiBin_3.fa.gz_k141_1863965.region001	region	1	11325	FAM_01469
snj11_SemiBin_15.fa.gz_k141_666296.region001.gbk_region_1	snj11_SemiBin_15.fa.gz_k141_666296.region001	region	1	11333	FAM_01470
sample26_SemiBin_47.fa.gz_k141_6237310.region001.gbk_region_1	sample26_SemiBin_47.fa.gz_k141_6237310.region001	region	1	11337	FAM_01471
snj01_SemiBin_10.fa.gz_k141_3280152.region001.gbk_region_1	snj01_SemiBin_10.fa.gz_k141_3280152.region001	region	1	11345	FAM_01472
cpsnj02_SemiBin_13.fa.gz_k141_2313667.region001.gbk_region_1	cpsnj02_SemiBin_13.fa.gz_k141_2313667.region001	region	1	11361	FAM_01473
cpsnj14_SemiBin_36.fa.gz_k141_257461.region001.gbk_region_1	cpsnj14_SemiBin_36.fa.gz_k141_257461.region001	region	1	11369	FAM_01474
sample19_SemiBin_45.fa.gz_k141_4286014.region001.gbk_region_1	sample19_SemiBin_45.fa.gz_k141_4286014.region001	region	1	11373	FAM_01475
snj01_SemiBin_47.fa.gz_k141_204114.region001.gbk_region_1	snj01_SemiBin_47.fa.gz_k141_204114.region001	region	1	11377	FAM_01476
sample7_SemiBin_80.fa.gz_k141_2097435.region001.gbk_region_1	sample7_SemiBin_80.fa.gz_k141_2097435.region001	region	1	11381	FAM_01477
sample13_SemiBin_151.fa.gz_k141_3362580.region001.gbk_region_1	sample13_SemiBin_151.fa.gz_k141_3362580.region001	region	1	11409	FAM_01478
cpsnj09_SemiBin_63.fa.gz_k141_2356218.region001.gbk_region_1	cpsnj09_SemiBin_63.fa.gz_k141_2356218.region001	region	1	11434	FAM_01479
cpsnj09_SemiBin_86.fa.gz_k141_1635460.region001.gbk_region_1	cpsnj09_SemiBin_86.fa.gz_k141_1635460.region001	region	1	11459	FAM_01480
sample15_SemiBin_16.fa.gz_k141_5232282.region001.gbk_region_1	sample15_SemiBin_16.fa.gz_k141_5232282.region001	region	1	11467	FAM_01481
sample18_SemiBin_317.fa.gz_k141_1945299.region001.gbk_region_1	sample18_SemiBin_317.fa.gz_k141_1945299.region001	region	1	11503	FAM_01482
sample18_SemiBin_37.fa.gz_k141_4702635.region001.gbk_region_1	sample18_SemiBin_37.fa.gz_k141_4702635.region001	region	1	11507	FAM_01483
snj04_SemiBin_30.fa.gz_k141_2671508.region001.gbk_region_1	snj04_SemiBin_30.fa.gz_k141_2671508.region001	region	1	11519	FAM_01484
sample22_SemiBin_137.fa.gz_k141_3944977.region001.gbk_region_1	sample22_SemiBin_137.fa.gz_k141_3944977.region001	region	1	11527	FAM_01485
sample7_SemiBin_80.fa.gz_k141_2678955.region001.gbk_region_1	sample7_SemiBin_80.fa.gz_k141_2678955.region001	region	1	11535	FAM_01486
sample27_SemiBin_17.fa.gz_k141_4983626.region001.gbk_region_1	sample27_SemiBin_17.fa.gz_k141_4983626.region001	region	1	11555	FAM_01487
sample14_SemiBin_9.fa.gz_k141_3200575.region001.gbk_region_1	sample14_SemiBin_9.fa.gz_k141_3200575.region001	region	1	11579	FAM_01488
sample29_SemiBin_113.fa.gz_k141_541291.region001.gbk_region_1	sample29_SemiBin_113.fa.gz_k141_541291.region001	region	1	11619	FAM_01489
sample10_SemiBin_53.fa.gz_k141_4652933.region001.gbk_region_1	sample10_SemiBin_53.fa.gz_k141_4652933.region001	region	1	11623	FAM_01490
sample10_SemiBin_3.fa.gz_k141_229325.region001.gbk_region_1	sample10_SemiBin_3.fa.gz_k141_229325.region001	region	1	11631	FAM_01491
sample26_SemiBin_47.fa.gz_k141_3326051.region001.gbk_region_1	sample26_SemiBin_47.fa.gz_k141_3326051.region001	region	1	11647	FAM_01492
sample7_SemiBin_80.fa.gz_k141_2108370.region001.gbk_region_1	sample7_SemiBin_80.fa.gz_k141_2108370.region001	region	1	11663	FAM_01493
cpsnj20_SemiBin_24.fa.gz_k141_168146.region001.gbk_region_1	cpsnj20_SemiBin_24.fa.gz_k141_168146.region001	region	1	11695	FAM_01494
cpsnj15_SemiBin_8.fa.gz_k141_1580052.region001.gbk_region_1	cpsnj15_SemiBin_8.fa.gz_k141_1580052.region001	region	1	11703	FAM_01495
snj04_SemiBin_4.fa.gz_k141_2587177.region001.gbk_region_1	snj04_SemiBin_4.fa.gz_k141_2587177.region001	region	1	11711	FAM_01496
snj02_SemiBin_43.fa.gz_k141_902037.region001.gbk_region_1	snj02_SemiBin_43.fa.gz_k141_902037.region001	region	1	11728	FAM_01497
cpsnj20_SemiBin_37.fa.gz_k141_1733209.region001.gbk_region_1	cpsnj20_SemiBin_37.fa.gz_k141_1733209.region001	region	1	11760	FAM_01498
cpsnj10_SemiBin_67.fa.gz_k141_427175.region001.gbk_region_1	cpsnj10_SemiBin_67.fa.gz_k141_427175.region001	region	1	11790	FAM_01499
sample1_SemiBin_29.fa.gz_k141_2933156.region001.gbk_region_1	sample1_SemiBin_29.fa.gz_k141_2933156.region001	region	1	11802	FAM_01500
cpsnj19_SemiBin_3.fa.gz_k141_1771648.region001.gbk_region_1	cpsnj19_SemiBin_3.fa.gz_k141_1771648.region001	region	1	11814	FAM_01501
cpsnj11_SemiBin_7.fa.gz_k141_3142278.region001.gbk_region_1	cpsnj11_SemiBin_7.fa.gz_k141_3142278.region001	region	1	11826	FAM_01502
sample22_SemiBin_106.fa.gz_k141_3236436.region001.gbk_region_1	sample22_SemiBin_106.fa.gz_k141_3236436.region001	region	1	11834	FAM_01503
sample18_SemiBin_96.fa.gz_k141_3568605.region001.gbk_region_1	sample18_SemiBin_96.fa.gz_k141_3568605.region001	region	1	11842	FAM_01504
sample27_SemiBin_17.fa.gz_k141_3168000.region001.gbk_region_1	sample27_SemiBin_17.fa.gz_k141_3168000.region001	region	1	11862	FAM_01505
sample29_SemiBin_14.fa.gz_k141_1197528.region001.gbk_region_1	sample29_SemiBin_14.fa.gz_k141_1197528.region001	region	1	11910	FAM_01506
sample20_SemiBin_69.fa.gz_k141_2429930.region001.gbk_region_1	sample20_SemiBin_69.fa.gz_k141_2429930.region001	region	1	11934	FAM_01507
sample9_SemiBin_42.fa.gz_k141_3015223.region001.gbk_region_1	sample9_SemiBin_42.fa.gz_k141_3015223.region001	region	1	11938	FAM_01508
cpsnj11_SemiBin_7.fa.gz_k141_3109773.region001.gbk_region_1	cpsnj11_SemiBin_7.fa.gz_k141_3109773.region001	region	1	11952	FAM_01509
cpsnj02_SemiBin_3.fa.gz_k141_472509.region001.gbk_region_1	cpsnj02_SemiBin_3.fa.gz_k141_472509.region001	region	1	11976	FAM_01510
sample17_SemiBin_59.fa.gz_k141_5184625.region001.gbk_region_1	sample17_SemiBin_59.fa.gz_k141_5184625.region001	region	1	12000	FAM_01511
snj01_SemiBin_45.fa.gz_k141_2581994.region001.gbk_region_1	snj01_SemiBin_45.fa.gz_k141_2581994.region001	region	1	12004	FAM_01512
sample12_SemiBin_24.fa.gz_k141_1668922.region001.gbk_region_1	sample12_SemiBin_24.fa.gz_k141_1668922.region001	region	1	12008	FAM_01513
sample5_SemiBin_89.fa.gz_k141_513291.region001.gbk_region_1	sample5_SemiBin_89.fa.gz_k141_513291.region001	region	1	12012	FAM_01514
cpsnj11_SemiBin_8.fa.gz_k141_997988.region001.gbk_region_1	cpsnj11_SemiBin_8.fa.gz_k141_997988.region001	region	1	12016	FAM_01515
sample23_SemiBin_5.fa.gz_k141_3013449.region001.gbk_region_1	sample23_SemiBin_5.fa.gz_k141_3013449.region001	region	1	12020	FAM_01516
sample9_SemiBin_42.fa.gz_k141_281374.region001.gbk_region_1	sample9_SemiBin_42.fa.gz_k141_281374.region001	region	1	12048	FAM_01517
sample2_SemiBin_7.fa.gz_k141_663634.region001.gbk_region_1	sample2_SemiBin_7.fa.gz_k141_663634.region001	region	1	12060	FAM_01518
sample7_SemiBin_11.fa.gz_k141_592632.region001.gbk_region_1	sample7_SemiBin_11.fa.gz_k141_592632.region001	region	1	12104	FAM_01519
cpsnj14_SemiBin_59.fa.gz_k141_3077256.region001.gbk_region_1	cpsnj14_SemiBin_59.fa.gz_k141_3077256.region001	region	1	12145	FAM_01520
cpsnj14_SemiBin_36.fa.gz_k141_1391096.region001.gbk_region_1	cpsnj14_SemiBin_36.fa.gz_k141_1391096.region001	region	1	12161	FAM_01521
sample13_SemiBin_151.fa.gz_k141_3775153.region001.gbk_region_1	sample13_SemiBin_151.fa.gz_k141_3775153.region001	region	1	12173	FAM_01522
snj16_SemiBin_23.fa.gz_k141_366317.region001.gbk_region_1	snj16_SemiBin_23.fa.gz_k141_366317.region001	region	1	12177	FAM_01523
sample28_SemiBin_31.fa.gz_k141_4047610.region001.gbk_region_1	sample28_SemiBin_31.fa.gz_k141_4047610.region001	region	1	12205	FAM_01524
cpsnj19_SemiBin_15.fa.gz_k141_564872.region001.gbk_region_1	cpsnj19_SemiBin_15.fa.gz_k141_564872.region001	region	1	12209	FAM_01525
snj04_SemiBin_35.fa.gz_k141_119481.region001.gbk_region_1	snj04_SemiBin_35.fa.gz_k141_119481.region001	region	1	12217	FAM_01526
sample18_SemiBin_99.fa.gz_k141_4360146.region001.gbk_region_1	sample18_SemiBin_99.fa.gz_k141_4360146.region001	region	1	12221	FAM_01527
sample7_SemiBin_87.fa.gz_k141_5821785.region001.gbk_region_1	sample7_SemiBin_87.fa.gz_k141_5821785.region001	region	1	12225	FAM_01528
sample13_SemiBin_109.fa.gz_k141_2432394.region001.gbk_region_1	sample13_SemiBin_109.fa.gz_k141_2432394.region001	region	1	12241	FAM_01529
snj04_SemiBin_4.fa.gz_k141_276044.region001.gbk_region_1	snj04_SemiBin_4.fa.gz_k141_276044.region001	region	1	12249	FAM_01530
sample7_SemiBin_87.fa.gz_k141_1607101.region001.gbk_region_1	sample7_SemiBin_87.fa.gz_k141_1607101.region001	region	1	12253	FAM_01531
cpsnj19_SemiBin_3.fa.gz_k141_2482092.region001.gbk_region_1	cpsnj19_SemiBin_3.fa.gz_k141_2482092.region001	region	1	12269	FAM_01532
sample7_SemiBin_80.fa.gz_k141_5468527.region001.gbk_region_1	sample7_SemiBin_80.fa.gz_k141_5468527.region001	region	1	12281	FAM_01533
sample19_SemiBin_17.fa.gz_k141_4683461.region001.gbk_region_1	sample19_SemiBin_17.fa.gz_k141_4683461.region001	region	1	12289	FAM_01534
snj01_SemiBin_55.fa.gz_k141_1745923.region001.gbk_region_1	snj01_SemiBin_55.fa.gz_k141_1745923.region001	region	1	12301	FAM_01535
snj08_SemiBin_25.fa.gz_k141_1840581.region001.gbk_region_1	snj08_SemiBin_25.fa.gz_k141_1840581.region001	region	1	12309	FAM_01536
cpsnj19_SemiBin_15.fa.gz_k141_1101870.region001.gbk_region_1	cpsnj19_SemiBin_15.fa.gz_k141_1101870.region001	region	1	12329	FAM_01537
cpsnj14_SemiBin_142.fa.gz_k141_3440130.region001.gbk_region_1	cpsnj14_SemiBin_142.fa.gz_k141_3440130.region001	region	1	12337	FAM_01538
snj11_SemiBin_40.fa.gz_k141_2452320.region001.gbk_region_1	snj11_SemiBin_40.fa.gz_k141_2452320.region001	region	1	12361	FAM_01539
sample6_SemiBin_18.fa.gz_k141_1629738.region001.gbk_region_1	sample6_SemiBin_18.fa.gz_k141_1629738.region001	region	1	12365	FAM_01540
sample23_SemiBin_6.fa.gz_k141_1223680.region001.gbk_region_1	sample23_SemiBin_6.fa.gz_k141_1223680.region001	region	1	12369	FAM_01541
cpsnj09_SemiBin_88.fa.gz_k141_1336073.region001.gbk_region_1	cpsnj09_SemiBin_88.fa.gz_k141_1336073.region001	region	1	12373	FAM_01542
sample2_SemiBin_31.fa.gz_k141_68735.region001.gbk_region_1	sample2_SemiBin_31.fa.gz_k141_68735.region001	region	1	12377	FAM_01543
snj04_SemiBin_35.fa.gz_k141_2315689.region001.gbk_region_1	snj04_SemiBin_35.fa.gz_k141_2315689.region001	region	1	12385	FAM_01544
cpsnj01_SemiBin_4.fa.gz_k141_3036160.region001.gbk_region_1	cpsnj01_SemiBin_4.fa.gz_k141_3036160.region001	region	1	12389	FAM_01545
snj11_SemiBin_119.fa.gz_k141_268772.region001.gbk_region_1	snj11_SemiBin_119.fa.gz_k141_268772.region001	region	1	12393	FAM_01546
snj08_SemiBin_11.fa.gz_k141_521737.region001.gbk_region_1	snj08_SemiBin_11.fa.gz_k141_521737.region001	region	1	12397	FAM_01547
sample10_SemiBin_115.fa.gz_k141_5741320.region001.gbk_region_1	sample10_SemiBin_115.fa.gz_k141_5741320.region001	region	1	12401	FAM_01548
sample13_SemiBin_59.fa.gz_k141_348150.region001.gbk_region_1	sample13_SemiBin_59.fa.gz_k141_348150.region001	region	1	12405	FAM_01549
cpsnj13_SemiBin_15.fa.gz_k141_1475137.region001.gbk_region_1	cpsnj13_SemiBin_15.fa.gz_k141_1475137.region001	region	1	12413	FAM_01550
sample29_SemiBin_97.fa.gz_k141_3734061.region001.gbk_region_1	sample29_SemiBin_97.fa.gz_k141_3734061.region001	region	1	12469	FAM_01551
snj02_SemiBin_39.fa.gz_k141_309198.region001.gbk_region_1	snj02_SemiBin_39.fa.gz_k141_309198.region001	region	1	12494	FAM_01552
cpsnj10_SemiBin_253.fa.gz_k141_1555523.region001.gbk_region_1	cpsnj10_SemiBin_253.fa.gz_k141_1555523.region001	region	1	12506	FAM_01553
cpsnj20_SemiBin_16.fa.gz_k141_1351800.region001.gbk_region_1	cpsnj20_SemiBin_16.fa.gz_k141_1351800.region001	region	1	12510	FAM_01554
snj01_SemiBin_44.fa.gz_k141_1998441.region001.gbk_region_1	snj01_SemiBin_44.fa.gz_k141_1998441.region001	region	1	12518	FAM_01555
sample1_SemiBin_62.fa.gz_k141_3210626.region001.gbk_region_1	sample1_SemiBin_62.fa.gz_k141_3210626.region001	region	1	12530	FAM_01556
sample7_SemiBin_108.fa.gz_k141_1284310.region001.gbk_region_1	sample7_SemiBin_108.fa.gz_k141_1284310.region001	region	1	12534	FAM_01557
snj14_SemiBin_52.fa.gz_k141_40111.region001.gbk_region_1	snj14_SemiBin_52.fa.gz_k141_40111.region001	region	1	12542	FAM_01558
snj02_SemiBin_75.fa.gz_k141_629427.region001.gbk_region_1	snj02_SemiBin_75.fa.gz_k141_629427.region001	region	1	12554	FAM_01559
sample26_SemiBin_50.fa.gz_k141_5738535.region001.gbk_region_1	sample26_SemiBin_50.fa.gz_k141_5738535.region001	region	1	12558	FAM_01560
sample6_SemiBin_18.fa.gz_k141_3437175.region001.gbk_region_1	sample6_SemiBin_18.fa.gz_k141_3437175.region001	region	1	12566	FAM_01561
snj19_SemiBin_25.fa.gz_k141_1098315.region001.gbk_region_1	snj19_SemiBin_25.fa.gz_k141_1098315.region001	region	1	12570	FAM_01562
cpsnj01_SemiBin_4.fa.gz_k141_2816986.region001.gbk_region_1	cpsnj01_SemiBin_4.fa.gz_k141_2816986.region001	region	1	12610	FAM_01563
snj13_SemiBin_22.fa.gz_k141_1089253.region001.gbk_region_1	snj13_SemiBin_22.fa.gz_k141_1089253.region001	region	1	12634	FAM_01564
snj04_SemiBin_4.fa.gz_k141_1474532.region001.gbk_region_1	snj04_SemiBin_4.fa.gz_k141_1474532.region001	region	1	12638	FAM_01565
sample11_SemiBin_14.fa.gz_k141_3451142.region001.gbk_region_1	sample11_SemiBin_14.fa.gz_k141_3451142.region001	region	1	12658	FAM_01566
sample17_SemiBin_67.fa.gz_k141_2361955.region001.gbk_region_1	sample17_SemiBin_67.fa.gz_k141_2361955.region001	region	1	12666	FAM_01567
sample9_SemiBin_42.fa.gz_k141_2291071.region001.gbk_region_1	sample9_SemiBin_42.fa.gz_k141_2291071.region001	region	1	12674	FAM_01568
cpsnj20_SemiBin_31.fa.gz_k141_953911.region001.gbk_region_1	cpsnj20_SemiBin_31.fa.gz_k141_953911.region001	region	1	12678	FAM_01569
cpsnj03_SemiBin_131.fa.gz_k141_1438927.region001.gbk_region_1	cpsnj03_SemiBin_131.fa.gz_k141_1438927.region001	region	1	12710	FAM_01570
snj03_SemiBin_36.fa.gz_k141_152117.region001.gbk_region_1	snj03_SemiBin_36.fa.gz_k141_152117.region001	region	1	12759	FAM_01571
snj08_SemiBin_80.fa.gz_k141_2060121.region001.gbk_region_1	snj08_SemiBin_80.fa.gz_k141_2060121.region001	region	1	12767	FAM_01572
cpsnj10_SemiBin_253.fa.gz_k141_2847868.region001.gbk_region_1	cpsnj10_SemiBin_253.fa.gz_k141_2847868.region001	region	1	12771	FAM_01573
sample10_SemiBin_53.fa.gz_k141_3099317.region001.gbk_region_1	sample10_SemiBin_53.fa.gz_k141_3099317.region001	region	1	12799	FAM_01574
sample15_SemiBin_10.fa.gz_k141_5186123.region001.gbk_region_1	sample15_SemiBin_10.fa.gz_k141_5186123.region001	region	1	12811	FAM_01575
sample28_SemiBin_31.fa.gz_k141_3458289.region001.gbk_region_1	sample28_SemiBin_31.fa.gz_k141_3458289.region001	region	1	12825	FAM_01576
cpsnj11_SemiBin_67.fa.gz_k141_520142.region001.gbk_region_1	cpsnj11_SemiBin_67.fa.gz_k141_520142.region001	region	1	12829	FAM_01577
snj04_SemiBin_4.fa.gz_k141_2313700.region001.gbk_region_1	snj04_SemiBin_4.fa.gz_k141_2313700.region001	region	1	12861	FAM_01578
snj03_SemiBin_2.fa.gz_k141_2745606.region001.gbk_region_1	snj03_SemiBin_2.fa.gz_k141_2745606.region001	region	1	12865	FAM_01579
cpsnj01_SemiBin_80.fa.gz_k141_3158874.region001.gbk_region_1	cpsnj01_SemiBin_80.fa.gz_k141_3158874.region001	region	1	12877	FAM_01580
sample3_SemiBin_18.fa.gz_k141_717951.region001.gbk_region_1	sample3_SemiBin_18.fa.gz_k141_717951.region001	region	1	12881	FAM_01581
cpsnj10_SemiBin_253.fa.gz_k141_3011793.region001.gbk_region_1	cpsnj10_SemiBin_253.fa.gz_k141_3011793.region001	region	1	12895	FAM_01582
sample10_SemiBin_76.fa.gz_k141_811386.region001.gbk_region_1	sample10_SemiBin_76.fa.gz_k141_811386.region001	region	1	12903	FAM_01583
cpsnj11_SemiBin_113.fa.gz_k141_797556.region001.gbk_region_1	cpsnj11_SemiBin_113.fa.gz_k141_797556.region001	region	1	12907	FAM_01584
cpsnj13_SemiBin_18.fa.gz_k141_1549414.region001.gbk_region_1	cpsnj13_SemiBin_18.fa.gz_k141_1549414.region001	region	1	12915	FAM_01585
cpsnj16_SemiBin_62.fa.gz_k141_1742275.region001.gbk_region_1	cpsnj16_SemiBin_62.fa.gz_k141_1742275.region001	region	1	12919	FAM_01586
sample13_SemiBin_7.fa.gz_k141_1319315.region001.gbk_region_1	sample13_SemiBin_7.fa.gz_k141_1319315.region001	region	1	12927	FAM_01587
cpsnj10_SemiBin_141.fa.gz_k141_320412.region001.gbk_region_1	cpsnj10_SemiBin_141.fa.gz_k141_320412.region001	region	1	12937	FAM_01588
snj04_SemiBin_4.fa.gz_k141_2541551.region001.gbk_region_1	snj04_SemiBin_4.fa.gz_k141_2541551.region001	region	1	12941	FAM_01589
snj09_SemiBin_23.fa.gz_k141_822404.region001.gbk_region_1	snj09_SemiBin_23.fa.gz_k141_822404.region001	region	1	12945	FAM_01590
cpsnj19_SemiBin_3.fa.gz_k141_2528160.region001.gbk_region_1	cpsnj19_SemiBin_3.fa.gz_k141_2528160.region001	region	1	12953	FAM_01591
sample18_SemiBin_145.fa.gz_k141_931783.region001.gbk_region_1	sample18_SemiBin_145.fa.gz_k141_931783.region001	region	1	12961	FAM_01592
sample7_SemiBin_80.fa.gz_k141_2232374.region001.gbk_region_1	sample7_SemiBin_80.fa.gz_k141_2232374.region001	region	1	12969	FAM_01593
sample19_SemiBin_58.fa.gz_k141_4085583.region001.gbk_region_1	sample19_SemiBin_58.fa.gz_k141_4085583.region001	region	1	12981	FAM_01594
sample10_SemiBin_3.fa.gz_k141_4765670.region001.gbk_region_1	sample10_SemiBin_3.fa.gz_k141_4765670.region001	region	1	12994	FAM_01595
sample29_SemiBin_65.fa.gz_k141_5665556.region001.gbk_region_1	sample29_SemiBin_65.fa.gz_k141_5665556.region001	region	1	13026	FAM_01596
sample29_SemiBin_59.fa.gz_k141_3517618.region001.gbk_region_1	sample29_SemiBin_59.fa.gz_k141_3517618.region001	region	1	13046	FAM_01597
sample17_SemiBin_52.fa.gz_k141_1653724.region001.gbk_region_1	sample17_SemiBin_52.fa.gz_k141_1653724.region001	region	1	13079	FAM_01598
sample13_SemiBin_7.fa.gz_k141_3071335.region001.gbk_region_1	sample13_SemiBin_7.fa.gz_k141_3071335.region001	region	1	13095	FAM_01599
snj02_SemiBin_43.fa.gz_k141_1946613.region001.gbk_region_1	snj02_SemiBin_43.fa.gz_k141_1946613.region001	region	1	13123	FAM_01600
snj04_SemiBin_4.fa.gz_k141_2152603.region001.gbk_region_1	snj04_SemiBin_4.fa.gz_k141_2152603.region001	region	1	13127	FAM_01601
sample10_SemiBin_53.fa.gz_k141_2233642.region001.gbk_region_1	sample10_SemiBin_53.fa.gz_k141_2233642.region001	region	1	13135	FAM_01602
snj20_SemiBin_2.fa.gz_k141_2922286.region001.gbk_region_1	snj20_SemiBin_2.fa.gz_k141_2922286.region001	region	1	13139	FAM_01603
snj10_SemiBin_17.fa.gz_k141_19341.region001.gbk_region_1	snj10_SemiBin_17.fa.gz_k141_19341.region001	region	1	13143	FAM_01604
sample23_SemiBin_33.fa.gz_k141_1102678.region001.gbk_region_1	sample23_SemiBin_33.fa.gz_k141_1102678.region001	region	1	13155	FAM_01605
sample29_SemiBin_14.fa.gz_k141_4037948.region001.gbk_region_1	sample29_SemiBin_14.fa.gz_k141_4037948.region001	region	1	13163	FAM_01606
snj03_SemiBin_15.fa.gz_k141_2676989.region001.gbk_region_1	snj03_SemiBin_15.fa.gz_k141_2676989.region001	region	1	13189	FAM_01607
sample17_SemiBin_44.fa.gz_k141_3013805.region001.gbk_region_1	sample17_SemiBin_44.fa.gz_k141_3013805.region001	region	1	13193	FAM_01608
cpsnj14_SemiBin_27.fa.gz_k141_761429.region001.gbk_region_1	cpsnj14_SemiBin_27.fa.gz_k141_761429.region001	region	1	13210	FAM_01609
sample29_SemiBin_65.fa.gz_k141_1888767.region001.gbk_region_1	sample29_SemiBin_65.fa.gz_k141_1888767.region001	region	1	13214	FAM_01610
snj02_SemiBin_39.fa.gz_k141_504626.region001.gbk_region_1	snj02_SemiBin_39.fa.gz_k141_504626.region001	region	1	13218	FAM_01611
sample7_SemiBin_106.fa.gz_k141_3615705.region001.gbk_region_1	sample7_SemiBin_106.fa.gz_k141_3615705.region001	region	1	13222	FAM_01612
sample16_SemiBin_165.fa.gz_k141_4096406.region001.gbk_region_1	sample16_SemiBin_165.fa.gz_k141_4096406.region001	region	1	13226	FAM_01613
sample10_SemiBin_27.fa.gz_k141_3916018.region001.gbk_region_1	sample10_SemiBin_27.fa.gz_k141_3916018.region001	region	1	13246	FAM_01614
sample13_SemiBin_95.fa.gz_k141_3420020.region001.gbk_region_1	sample13_SemiBin_95.fa.gz_k141_3420020.region001	region	1	13258	FAM_01615
cpsnj14_SemiBin_111.fa.gz_k141_906708.region001.gbk_region_1	cpsnj14_SemiBin_111.fa.gz_k141_906708.region001	region	1	13286	FAM_01616
snj02_SemiBin_43.fa.gz_k141_902037.region002.gbk_region_2	snj02_SemiBin_43.fa.gz_k141_902037.region002	region	2	13294	FAM_01617
cpsnj11_SemiBin_113.fa.gz_k141_1189656.region001.gbk_region_1	cpsnj11_SemiBin_113.fa.gz_k141_1189656.region001	region	1	13306	FAM_01618
cpsnj02_SemiBin_13.fa.gz_k141_1892354.region002.gbk_region_2	cpsnj02_SemiBin_13.fa.gz_k141_1892354.region002	region	2	13322	FAM_01619
snj16_SemiBin_58.fa.gz_k141_1350572.region001.gbk_region_1	snj16_SemiBin_58.fa.gz_k141_1350572.region001	region	1	13338	FAM_01620
sample6_SemiBin_95.fa.gz_k141_2453236.region001.gbk_region_1	sample6_SemiBin_95.fa.gz_k141_2453236.region001	region	1	13352	FAM_01621
sample29_SemiBin_30.fa.gz_k141_5330479.region001.gbk_region_1	sample29_SemiBin_30.fa.gz_k141_5330479.region001	region	1	13395	FAM_01622
snj20_SemiBin_2.fa.gz_k141_289234.region001.gbk_region_1	snj20_SemiBin_2.fa.gz_k141_289234.region001	region	1	13399	FAM_01623
sample6_SemiBin_18.fa.gz_k141_7019441.region001.gbk_region_1	sample6_SemiBin_18.fa.gz_k141_7019441.region001	region	1	13411	FAM_01624
cpsnj11_SemiBin_46.fa.gz_k141_2750960.region001.gbk_region_1	cpsnj11_SemiBin_46.fa.gz_k141_2750960.region001	region	1	13415	FAM_01625
snj04_SemiBin_4.fa.gz_k141_2425689.region001.gbk_region_1	snj04_SemiBin_4.fa.gz_k141_2425689.region001	region	1	13427	FAM_01626
cpsnj10_SemiBin_141.fa.gz_k141_547197.region001.gbk_region_1	cpsnj10_SemiBin_141.fa.gz_k141_547197.region001	region	1	13443	FAM_01627
cpsnj11_SemiBin_7.fa.gz_k141_41582.region001.gbk_region_1	cpsnj11_SemiBin_7.fa.gz_k141_41582.region001	region	1	13447	FAM_01628
cpsnj11_SemiBin_8.fa.gz_k141_2271154.region001.gbk_region_1	cpsnj11_SemiBin_8.fa.gz_k141_2271154.region001	region	1	13467	FAM_01629
snj02_SemiBin_43.fa.gz_k141_1707124.region001.gbk_region_1	snj02_SemiBin_43.fa.gz_k141_1707124.region001	region	1	13471	FAM_01630
sample13_SemiBin_9.fa.gz_k141_2962639.region001.gbk_region_1	sample13_SemiBin_9.fa.gz_k141_2962639.region001	region	1	13475	FAM_01631
cpsnj10_SemiBin_112.fa.gz_k141_413651.region001.gbk_region_1	cpsnj10_SemiBin_112.fa.gz_k141_413651.region001	region	1	13495	FAM_01632
sample18_SemiBin_34.fa.gz_k141_4850259.region001.gbk_region_1	sample18_SemiBin_34.fa.gz_k141_4850259.region001	region	1	13499	FAM_01633
sample6_SemiBin_93.fa.gz_k141_930263.region001.gbk_region_1	sample6_SemiBin_93.fa.gz_k141_930263.region001	region	1	13503	FAM_01634
cpsnj11_SemiBin_33.fa.gz_k141_263964.region001.gbk_region_1	cpsnj11_SemiBin_33.fa.gz_k141_263964.region001	region	1	13507	FAM_01635
sample15_SemiBin_149.fa.gz_k141_4887415.region001.gbk_region_1	sample15_SemiBin_149.fa.gz_k141_4887415.region001	region	1	13532	FAM_01636
snj14_SemiBin_42.fa.gz_k141_1525518.region001.gbk_region_1	snj14_SemiBin_42.fa.gz_k141_1525518.region001	region	1	13536	FAM_01637
snj14_SemiBin_49.fa.gz_k141_524376.region001.gbk_region_1	snj14_SemiBin_49.fa.gz_k141_524376.region001	region	1	13544	FAM_01638
sample19_SemiBin_58.fa.gz_k141_3491385.region001.gbk_region_1	sample19_SemiBin_58.fa.gz_k141_3491385.region001	region	1	13597	FAM_01639
sample29_SemiBin_52.fa.gz_k141_3566130.region001.gbk_region_1	sample29_SemiBin_52.fa.gz_k141_3566130.region001	region	1	13682	FAM_01640
snj01_SemiBin_44.fa.gz_k141_406571.region001.gbk_region_1	snj01_SemiBin_44.fa.gz_k141_406571.region001	region	1	13698	FAM_01641
sample19_SemiBin_95.fa.gz_k141_2085425.region001.gbk_region_1	sample19_SemiBin_95.fa.gz_k141_2085425.region001	region	1	13702	FAM_01642
sample6_SemiBin_2.fa.gz_k141_4806135.region001.gbk_region_1	sample6_SemiBin_2.fa.gz_k141_4806135.region001	region	1	13722	FAM_01643
snj03_SemiBin_67.fa.gz_k141_2215154.region001.gbk_region_1	snj03_SemiBin_67.fa.gz_k141_2215154.region001	region	1	13735	FAM_01644
sample6_SemiBin_95.fa.gz_k141_4501734.region001.gbk_region_1	sample6_SemiBin_95.fa.gz_k141_4501734.region001	region	1	13747	FAM_01645
snj04_SemiBin_4.fa.gz_k141_1245631.region001.gbk_region_1	snj04_SemiBin_4.fa.gz_k141_1245631.region001	region	1	13751	FAM_01646
sample10_SemiBin_53.fa.gz_k141_1718217.region001.gbk_region_1	sample10_SemiBin_53.fa.gz_k141_1718217.region001	region	1	13768	FAM_01647
cpsnj11_SemiBin_80.fa.gz_k141_2172508.region001.gbk_region_1	cpsnj11_SemiBin_80.fa.gz_k141_2172508.region001	region	1	13788	FAM_01648
sample18_SemiBin_65.fa.gz_k141_5636421.region001.gbk_region_1	sample18_SemiBin_65.fa.gz_k141_5636421.region001	region	1	13792	FAM_01649
sample10_SemiBin_113.fa.gz_k141_4910558.region001.gbk_region_1	sample10_SemiBin_113.fa.gz_k141_4910558.region001	region	1	13800	FAM_01650
snj08_SemiBin_113.fa.gz_k141_358232.region001.gbk_region_1	snj08_SemiBin_113.fa.gz_k141_358232.region001	region	1	13804	FAM_01651
sample9_SemiBin_20.fa.gz_k141_2458714.region001.gbk_region_1	sample9_SemiBin_20.fa.gz_k141_2458714.region001	region	1	13816	FAM_01652
snj03_SemiBin_80.fa.gz_k141_2000804.region001.gbk_region_1	snj03_SemiBin_80.fa.gz_k141_2000804.region001	region	1	13824	FAM_01653
snj04_SemiBin_4.fa.gz_k141_1629535.region001.gbk_region_1	snj04_SemiBin_4.fa.gz_k141_1629535.region001	region	1	13832	FAM_01654
snj02_SemiBin_17.fa.gz_k141_505184.region001.gbk_region_1	snj02_SemiBin_17.fa.gz_k141_505184.region001	region	1	13860	FAM_01655
cpsnj20_SemiBin_137.fa.gz_k141_969562.region001.gbk_region_1	cpsnj20_SemiBin_137.fa.gz_k141_969562.region001	region	1	13864	FAM_01656
cpsnj10_SemiBin_141.fa.gz_k141_1326754.region001.gbk_region_1	cpsnj10_SemiBin_141.fa.gz_k141_1326754.region001	region	1	13868	FAM_01657
cpsnj10_SemiBin_138.fa.gz_k141_3313959.region001.gbk_region_1	cpsnj10_SemiBin_138.fa.gz_k141_3313959.region001	region	1	13872	FAM_01658
cpsnj20_SemiBin_63.fa.gz_k141_1267835.region001.gbk_region_1	cpsnj20_SemiBin_63.fa.gz_k141_1267835.region001	region	1	13876	FAM_01659
snj13_SemiBin_103.fa.gz_k141_1767014.region001.gbk_region_1	snj13_SemiBin_103.fa.gz_k141_1767014.region001	region	1	13888	FAM_01660
snj19_SemiBin_33.fa.gz_k141_875945.region001.gbk_region_1	snj19_SemiBin_33.fa.gz_k141_875945.region001	region	1	13900	FAM_01661
sample6_SemiBin_13.fa.gz_k141_1341589.region001.gbk_region_1	sample6_SemiBin_13.fa.gz_k141_1341589.region001	region	1	13908	FAM_01662
cpsnj10_SemiBin_138.fa.gz_k141_1428836.region001.gbk_region_1	cpsnj10_SemiBin_138.fa.gz_k141_1428836.region001	region	1	13926	FAM_01663
sample7_SemiBin_80.fa.gz_k141_345548.region001.gbk_region_1	sample7_SemiBin_80.fa.gz_k141_345548.region001	region	1	13948	FAM_01664
sample22_SemiBin_45.fa.gz_k141_3424196.region001.gbk_region_1	sample22_SemiBin_45.fa.gz_k141_3424196.region001	region	1	13989	FAM_01665
sample7_SemiBin_80.fa.gz_k141_2451232.region001.gbk_region_1	sample7_SemiBin_80.fa.gz_k141_2451232.region001	region	1	14013	FAM_01666
sample3_SemiBin_37.fa.gz_k141_425493.region001.gbk_region_1	sample3_SemiBin_37.fa.gz_k141_425493.region001	region	1	14019	FAM_01667
snj04_SemiBin_35.fa.gz_k141_1249791.region001.gbk_region_1	snj04_SemiBin_35.fa.gz_k141_1249791.region001	region	1	14031	FAM_01668
snj04_SemiBin_4.fa.gz_k141_105749.region001.gbk_region_1	snj04_SemiBin_4.fa.gz_k141_105749.region001	region	1	14043	FAM_01669
sample5_SemiBin_89.fa.gz_k141_1273062.region001.gbk_region_1	sample5_SemiBin_89.fa.gz_k141_1273062.region001	region	1	14053	FAM_01670
sample24_SemiBin_36.fa.gz_k141_4666884.region001.gbk_region_1	sample24_SemiBin_36.fa.gz_k141_4666884.region001	region	1	14057	FAM_01671
sample9_SemiBin_42.fa.gz_k141_4153253.region001.gbk_region_1	sample9_SemiBin_42.fa.gz_k141_4153253.region001	region	1	14063	FAM_01672
cpsnj20_SemiBin_24.fa.gz_k141_6627.region001.gbk_region_1	cpsnj20_SemiBin_24.fa.gz_k141_6627.region001	region	1	14071	FAM_01673
snj04_SemiBin_4.fa.gz_k141_2327546.region001.gbk_region_1	snj04_SemiBin_4.fa.gz_k141_2327546.region001	region	1	14075	FAM_01674
snj01_SemiBin_55.fa.gz_k141_1111509.region001.gbk_region_1	snj01_SemiBin_55.fa.gz_k141_1111509.region001	region	1	14083	FAM_01675
sample22_SemiBin_27.fa.gz_k141_3485358.region001.gbk_region_1	sample22_SemiBin_27.fa.gz_k141_3485358.region001	region	1	14099	FAM_01676
snj04_SemiBin_4.fa.gz_k141_448979.region001.gbk_region_1	snj04_SemiBin_4.fa.gz_k141_448979.region001	region	1	14103	FAM_01677
cpsnj01_SemiBin_18.fa.gz_k141_2115231.region001.gbk_region_1	cpsnj01_SemiBin_18.fa.gz_k141_2115231.region001	region	1	14107	FAM_01678
snj02_SemiBin_4.fa.gz_k141_2115841.region001.gbk_region_1	snj02_SemiBin_4.fa.gz_k141_2115841.region001	region	1	14151	FAM_01679
cpsnj14_SemiBin_29.fa.gz_k141_1092485.region001.gbk_region_1	cpsnj14_SemiBin_29.fa.gz_k141_1092485.region001	region	1	14159	FAM_01680
sample30_SemiBin_40.fa.gz_k141_2745742.region001.gbk_region_1	sample30_SemiBin_40.fa.gz_k141_2745742.region001	region	1	14195	FAM_01681
cpsnj10_SemiBin_134.fa.gz_k141_791951.region001.gbk_region_1	cpsnj10_SemiBin_134.fa.gz_k141_791951.region001	region	1	14203	FAM_01682
snj14_SemiBin_52.fa.gz_k141_298327.region001.gbk_region_1	snj14_SemiBin_52.fa.gz_k141_298327.region001	region	1	14207	FAM_01683
snj04_SemiBin_4.fa.gz_k141_2762904.region001.gbk_region_1	snj04_SemiBin_4.fa.gz_k141_2762904.region001	region	1	14227	FAM_01684
cpsnj20_SemiBin_61.fa.gz_k141_2328778.region001.gbk_region_1	cpsnj20_SemiBin_61.fa.gz_k141_2328778.region001	region	1	14239	FAM_01685
sample24_SemiBin_99.fa.gz_k141_1115635.region001.gbk_region_1	sample24_SemiBin_99.fa.gz_k141_1115635.region001	region	1	14259	FAM_01686
snj16_SemiBin_58.fa.gz_k141_438861.region001.gbk_region_1	snj16_SemiBin_58.fa.gz_k141_438861.region001	region	1	14263	FAM_01687
cpsnj20_SemiBin_85.fa.gz_k141_1435933.region001.gbk_region_1	cpsnj20_SemiBin_85.fa.gz_k141_1435933.region001	region	1	14267	FAM_01688
cpsnj14_SemiBin_59.fa.gz_k141_2168967.region001.gbk_region_1	cpsnj14_SemiBin_59.fa.gz_k141_2168967.region001	region	1	14271	FAM_01689
cpsnj10_SemiBin_67.fa.gz_k141_2266712.region001.gbk_region_1	cpsnj10_SemiBin_67.fa.gz_k141_2266712.region001	region	1	14281	FAM_01690
cpsnj15_SemiBin_8.fa.gz_k141_172497.region001.gbk_region_1	cpsnj15_SemiBin_8.fa.gz_k141_172497.region001	region	1	14297	FAM_01691
sample8_SemiBin_27.fa.gz_k141_481841.region001.gbk_region_1	sample8_SemiBin_27.fa.gz_k141_481841.region001	region	1	14333	FAM_01692
sample6_SemiBin_18.fa.gz_k141_4573461.region001.gbk_region_1	sample6_SemiBin_18.fa.gz_k141_4573461.region001	region	1	14349	FAM_01693
sample16_SemiBin_9.fa.gz_k141_85698.region001.gbk_region_1	sample16_SemiBin_9.fa.gz_k141_85698.region001	region	1	14377	FAM_01694
sample22_SemiBin_4.fa.gz_k141_3463978.region001.gbk_region_1	sample22_SemiBin_4.fa.gz_k141_3463978.region001	region	1	14389	FAM_01695
sample6_SemiBin_18.fa.gz_k141_6710370.region001.gbk_region_1	sample6_SemiBin_18.fa.gz_k141_6710370.region001	region	1	14421	FAM_01696
snj19_SemiBin_43.fa.gz_k141_1821639.region001.gbk_region_1	snj19_SemiBin_43.fa.gz_k141_1821639.region001	region	1	14441	FAM_01697
sample2_SemiBin_7.fa.gz_k141_2345873.region001.gbk_region_1	sample2_SemiBin_7.fa.gz_k141_2345873.region001	region	1	14451	FAM_01698
cpsnj11_SemiBin_2.fa.gz_k141_2768648.region001.gbk_region_1	cpsnj11_SemiBin_2.fa.gz_k141_2768648.region001	region	1	14459	FAM_01699
sample18_SemiBin_34.fa.gz_k141_2337259.region001.gbk_region_1	sample18_SemiBin_34.fa.gz_k141_2337259.region001	region	1	14479	FAM_01700
snj04_SemiBin_35.fa.gz_k141_1114891.region001.gbk_region_1	snj04_SemiBin_35.fa.gz_k141_1114891.region001	region	1	14491	FAM_01701
sample15_SemiBin_116.fa.gz_k141_1180253.region001.gbk_region_1	sample15_SemiBin_116.fa.gz_k141_1180253.region001	region	1	14505	FAM_01702
sample16_SemiBin_8.fa.gz_k141_3142463.region001.gbk_region_1	sample16_SemiBin_8.fa.gz_k141_3142463.region001	region	1	14513	FAM_01703
sample27_SemiBin_17.fa.gz_k141_244776.region001.gbk_region_1	sample27_SemiBin_17.fa.gz_k141_244776.region001	region	1	14517	FAM_01704
sample5_SemiBin_81.fa.gz_k141_440929.region001.gbk_region_1	sample5_SemiBin_81.fa.gz_k141_440929.region001	region	1	14558	FAM_01705
sample9_SemiBin_42.fa.gz_k141_1941181.region001.gbk_region_1	sample9_SemiBin_42.fa.gz_k141_1941181.region001	region	1	14566	FAM_01706
cpsnj03_SemiBin_79.fa.gz_k141_1457412.region001.gbk_region_1	cpsnj03_SemiBin_79.fa.gz_k141_1457412.region001	region	1	14586	FAM_01707
snj09_SemiBin_23.fa.gz_k141_2343319.region001.gbk_region_1	snj09_SemiBin_23.fa.gz_k141_2343319.region001	region	1	14590	FAM_01708
cpsnj20_SemiBin_14.fa.gz_k141_1280740.region001.gbk_region_1	cpsnj20_SemiBin_14.fa.gz_k141_1280740.region001	region	1	14611	FAM_01709
cpsnj19_SemiBin_68.fa.gz_k141_5278.region001.gbk_region_1	cpsnj19_SemiBin_68.fa.gz_k141_5278.region001	region	1	14615	FAM_01710
cpsnj10_SemiBin_67.fa.gz_k141_2323970.region001.gbk_region_1	cpsnj10_SemiBin_67.fa.gz_k141_2323970.region001	region	1	14633	FAM_01711
cpsnj11_SemiBin_8.fa.gz_k141_4064650.region001.gbk_region_1	cpsnj11_SemiBin_8.fa.gz_k141_4064650.region001	region	1	14641	FAM_01712
sample11_SemiBin_4.fa.gz_k141_3095267.region001.gbk_region_1	sample11_SemiBin_4.fa.gz_k141_3095267.region001	region	1	14719	FAM_01713
snj01_SemiBin_47.fa.gz_k141_1334600.region001.gbk_region_1	snj01_SemiBin_47.fa.gz_k141_1334600.region001	region	1	14743	FAM_01714
snj10_SemiBin_27.fa.gz_k141_449382.region001.gbk_region_1	snj10_SemiBin_27.fa.gz_k141_449382.region001	region	1	14747	FAM_01715
cpsnj01_SemiBin_2.fa.gz_k141_3400186.region001.gbk_region_1	cpsnj01_SemiBin_2.fa.gz_k141_3400186.region001	region	1	14763	FAM_01716
sample22_SemiBin_27.fa.gz_k141_633480.region001.gbk_region_1	sample22_SemiBin_27.fa.gz_k141_633480.region001	region	1	14783	FAM_01717
cpsnj02_SemiBin_3.fa.gz_k141_497835.region001.gbk_region_1	cpsnj02_SemiBin_3.fa.gz_k141_497835.region001	region	1	14799	FAM_01718
sample16_SemiBin_96.fa.gz_k141_3561435.region001.gbk_region_1	sample16_SemiBin_96.fa.gz_k141_3561435.region001	region	1	14819	FAM_01719
sample9_SemiBin_42.fa.gz_k141_4961913.region001.gbk_region_1	sample9_SemiBin_42.fa.gz_k141_4961913.region001	region	1	14835	FAM_01720
sample5_SemiBin_76.fa.gz_k141_538988.region001.gbk_region_1	sample5_SemiBin_76.fa.gz_k141_538988.region001	region	1	14841	FAM_01721
sample13_SemiBin_79.fa.gz_k141_2504193.region001.gbk_region_1	sample13_SemiBin_79.fa.gz_k141_2504193.region001	region	1	14857	FAM_01722
sample29_SemiBin_34.fa.gz_k141_4315808.region001.gbk_region_1	sample29_SemiBin_34.fa.gz_k141_4315808.region001	region	1	14861	FAM_01723
sample9_SemiBin_42.fa.gz_k141_3524837.region001.gbk_region_1	sample9_SemiBin_42.fa.gz_k141_3524837.region001	region	1	14865	FAM_01724
sample9_SemiBin_42.fa.gz_k141_3493288.region001.gbk_region_1	sample9_SemiBin_42.fa.gz_k141_3493288.region001	region	1	14871	FAM_01725
snj04_SemiBin_35.fa.gz_k141_2428107.region001.gbk_region_1	snj04_SemiBin_35.fa.gz_k141_2428107.region001	region	1	14921	FAM_01726
snj16_SemiBin_23.fa.gz_k141_1319637.region001.gbk_region_1	snj16_SemiBin_23.fa.gz_k141_1319637.region001	region	1	14941	FAM_01727
snj02_SemiBin_4.fa.gz_k141_1108255.region001.gbk_region_1	snj02_SemiBin_4.fa.gz_k141_1108255.region001	region	1	14981	FAM_01728
snj16_SemiBin_23.fa.gz_k141_2393800.region001.gbk_region_1	snj16_SemiBin_23.fa.gz_k141_2393800.region001	region	1	14993	FAM_01729
sample30_SemiBin_0.fa.gz_k141_3152590.region001.gbk_region_1	sample30_SemiBin_0.fa.gz_k141_3152590.region001	region	1	15001	FAM_01730
cpsnj20_SemiBin_14.fa.gz_k141_1527110.region001.gbk_region_1	cpsnj20_SemiBin_14.fa.gz_k141_1527110.region001	region	1	15017	FAM_01731
cpsnj20_SemiBin_137.fa.gz_k141_980544.region001.gbk_region_1	cpsnj20_SemiBin_137.fa.gz_k141_980544.region001	region	1	15053	FAM_01732
sample22_SemiBin_45.fa.gz_k141_3568902.region001.gbk_region_1	sample22_SemiBin_45.fa.gz_k141_3568902.region001	region	1	15061	FAM_01733
sample18_SemiBin_32.fa.gz_k141_413426.region001.gbk_region_1	sample18_SemiBin_32.fa.gz_k141_413426.region001	region	1	15069	FAM_01734
sample9_SemiBin_42.fa.gz_k141_2415081.region001.gbk_region_1	sample9_SemiBin_42.fa.gz_k141_2415081.region001	region	1	15077	FAM_01735
sample15_SemiBin_16.fa.gz_k141_1344313.region001.gbk_region_1	sample15_SemiBin_16.fa.gz_k141_1344313.region001	region	1	15085	FAM_01736
cpsnj01_SemiBin_4.fa.gz_k141_267545.region001.gbk_region_1	cpsnj01_SemiBin_4.fa.gz_k141_267545.region001	region	1	15101	FAM_01737
sample19_SemiBin_45.fa.gz_k141_2179694.region001.gbk_region_1	sample19_SemiBin_45.fa.gz_k141_2179694.region001	region	1	15105	FAM_01738
cpsnj13_SemiBin_72.fa.gz_k141_1718354.region001.gbk_region_1	cpsnj13_SemiBin_72.fa.gz_k141_1718354.region001	region	1	15125	FAM_01739
cpsnj11_SemiBin_7.fa.gz_k141_2621711.region001.gbk_region_1	cpsnj11_SemiBin_7.fa.gz_k141_2621711.region001	region	1	15145	FAM_01740
sample10_SemiBin_113.fa.gz_k141_452254.region001.gbk_region_1	sample10_SemiBin_113.fa.gz_k141_452254.region001	region	1	15149	FAM_01741
snj02_SemiBin_11.fa.gz_k141_613474.region001.gbk_region_1	snj02_SemiBin_11.fa.gz_k141_613474.region001	region	1	15157	FAM_01742
cpsnj20_SemiBin_14.fa.gz_k141_2264859.region001.gbk_region_1	cpsnj20_SemiBin_14.fa.gz_k141_2264859.region001	region	1	15189	FAM_01743
sample13_SemiBin_151.fa.gz_k141_3055435.region001.gbk_region_1	sample13_SemiBin_151.fa.gz_k141_3055435.region001	region	1	15203	FAM_01744
cpsnj10_SemiBin_32.fa.gz_k141_2839741.region001.gbk_region_1	cpsnj10_SemiBin_32.fa.gz_k141_2839741.region001	region	1	15207	FAM_01745
snj16_SemiBin_58.fa.gz_k141_1952587.region001.gbk_region_1	snj16_SemiBin_58.fa.gz_k141_1952587.region001	region	1	15227	FAM_01746
sample18_SemiBin_34.fa.gz_k141_6321631.region001.gbk_region_1	sample18_SemiBin_34.fa.gz_k141_6321631.region001	region	1	15231	FAM_01747
sample10_SemiBin_182.fa.gz_k141_676710.region001.gbk_region_1	sample10_SemiBin_182.fa.gz_k141_676710.region001	region	1	15235	FAM_01748
snj02_SemiBin_68.fa.gz_k141_1538462.region001.gbk_region_1	snj02_SemiBin_68.fa.gz_k141_1538462.region001	region	1	15239	FAM_01749
sample5_SemiBin_100.fa.gz_k141_1102784.region001.gbk_region_1	sample5_SemiBin_100.fa.gz_k141_1102784.region001	region	1	15243	FAM_01750
sample6_SemiBin_65.fa.gz_k141_2354198.region001.gbk_region_1	sample6_SemiBin_65.fa.gz_k141_2354198.region001	region	1	15247	FAM_01751
snj01_SemiBin_45.fa.gz_k141_3345986.region001.gbk_region_1	snj01_SemiBin_45.fa.gz_k141_3345986.region001	region	1	15259	FAM_01752
sample10_SemiBin_22.fa.gz_k141_5792037.region001.gbk_region_1	sample10_SemiBin_22.fa.gz_k141_5792037.region001	region	1	15263	FAM_01753
cpsnj11_SemiBin_7.fa.gz_k141_3422167.region001.gbk_region_1	cpsnj11_SemiBin_7.fa.gz_k141_3422167.region001	region	1	15311	FAM_01754
snj08_SemiBin_40.fa.gz_k141_2329884.region001.gbk_region_1	snj08_SemiBin_40.fa.gz_k141_2329884.region001	region	1	15319	FAM_01755
sample16_SemiBin_61.fa.gz_k141_3839454.region001.gbk_region_1	sample16_SemiBin_61.fa.gz_k141_3839454.region001	region	1	15323	FAM_01756
sample22_SemiBin_4.fa.gz_k141_3979437.region001.gbk_region_1	sample22_SemiBin_4.fa.gz_k141_3979437.region001	region	1	15335	FAM_01757
cpsnj09_SemiBin_32.fa.gz_k141_2329524.region001.gbk_region_1	cpsnj09_SemiBin_32.fa.gz_k141_2329524.region001	region	1	15347	FAM_01758
sample29_SemiBin_97.fa.gz_k141_5768167.region001.gbk_region_1	sample29_SemiBin_97.fa.gz_k141_5768167.region001	region	1	15355	FAM_01759
sample18_SemiBin_34.fa.gz_k141_199889.region001.gbk_region_1	sample18_SemiBin_34.fa.gz_k141_199889.region001	region	1	15363	FAM_01760
cpsnj01_SemiBin_41.fa.gz_k141_2603492.region001.gbk_region_1	cpsnj01_SemiBin_41.fa.gz_k141_2603492.region001	region	1	15367	FAM_01761
sample29_SemiBin_48.fa.gz_k141_1585444.region001.gbk_region_1	sample29_SemiBin_48.fa.gz_k141_1585444.region001	region	1	15375	FAM_01762
sample29_SemiBin_91.fa.gz_k141_1296985.region001.gbk_region_1	sample29_SemiBin_91.fa.gz_k141_1296985.region001	region	1	15383	FAM_01763
cpsnj01_SemiBin_47.fa.gz_k141_2931895.region001.gbk_region_1	cpsnj01_SemiBin_47.fa.gz_k141_2931895.region001	region	1	15387	FAM_01764
snj03_SemiBin_24.fa.gz_k141_2494211.region001.gbk_region_1	snj03_SemiBin_24.fa.gz_k141_2494211.region001	region	1	15391	FAM_01765
sample28_SemiBin_107.fa.gz_k141_856266.region001.gbk_region_1	sample28_SemiBin_107.fa.gz_k141_856266.region001	region	1	15399	FAM_01766
sample13_SemiBin_63.fa.gz_k141_3448842.region001.gbk_region_1	sample13_SemiBin_63.fa.gz_k141_3448842.region001	region	1	15411	FAM_01767
sample6_SemiBin_65.fa.gz_k141_4245057.region001.gbk_region_1	sample6_SemiBin_65.fa.gz_k141_4245057.region001	region	1	15415	FAM_01768
snj16_SemiBin_58.fa.gz_k141_834664.region001.gbk_region_1	snj16_SemiBin_58.fa.gz_k141_834664.region001	region	1	15419	FAM_01769
sample1_SemiBin_35.fa.gz_k141_861237.region001.gbk_region_1	sample1_SemiBin_35.fa.gz_k141_861237.region001	region	1	15431	FAM_01770
sample5_SemiBin_81.fa.gz_k141_786171.region001.gbk_region_1	sample5_SemiBin_81.fa.gz_k141_786171.region001	region	1	15451	FAM_01771
sample26_SemiBin_130.fa.gz_k141_2077932.region001.gbk_region_1	sample26_SemiBin_130.fa.gz_k141_2077932.region001	region	1	15505	FAM_01772
cpsnj16_SemiBin_51.fa.gz_k141_3451895.region001.gbk_region_1	cpsnj16_SemiBin_51.fa.gz_k141_3451895.region001	region	1	15513	FAM_01773
snj04_SemiBin_4.fa.gz_k141_1233042.region001.gbk_region_1	snj04_SemiBin_4.fa.gz_k141_1233042.region001	region	1	15541	FAM_01774
sample7_SemiBin_80.fa.gz_k141_510768.region001.gbk_region_1	sample7_SemiBin_80.fa.gz_k141_510768.region001	region	1	15545	FAM_01775
cpsnj11_SemiBin_33.fa.gz_k141_2594686.region001.gbk_region_1	cpsnj11_SemiBin_33.fa.gz_k141_2594686.region001	region	1	15589	FAM_01776
sample29_SemiBin_9.fa.gz_k141_6507.region001.gbk_region_1	sample29_SemiBin_9.fa.gz_k141_6507.region001	region	1	15599	FAM_01777
sample29_SemiBin_14.fa.gz_k141_3926505.region001.gbk_region_1	sample29_SemiBin_14.fa.gz_k141_3926505.region001	region	1	15611	FAM_01778
cpsnj20_SemiBin_95.fa.gz_k141_723861.region001.gbk_region_1	cpsnj20_SemiBin_95.fa.gz_k141_723861.region001	region	1	15623	FAM_01779
sample5_SemiBin_81.fa.gz_k141_2293425.region001.gbk_region_1	sample5_SemiBin_81.fa.gz_k141_2293425.region001	region	1	15631	FAM_01780
cpsnj01_SemiBin_41.fa.gz_k141_2795097.region001.gbk_region_1	cpsnj01_SemiBin_41.fa.gz_k141_2795097.region001	region	1	15647	FAM_01781
snj04_SemiBin_4.fa.gz_k141_2553733.region001.gbk_region_1	snj04_SemiBin_4.fa.gz_k141_2553733.region001	region	1	15651	FAM_01782
cpsnj20_SemiBin_30.fa.gz_k141_2210620.region001.gbk_region_1	cpsnj20_SemiBin_30.fa.gz_k141_2210620.region001	region	1	15687	FAM_01783
cpsnj01_SemiBin_41.fa.gz_k141_453681.region001.gbk_region_1	cpsnj01_SemiBin_41.fa.gz_k141_453681.region001	region	1	15705	FAM_01784
cpsnj20_SemiBin_31.fa.gz_k141_487448.region001.gbk_region_1	cpsnj20_SemiBin_31.fa.gz_k141_487448.region001	region	1	15709	FAM_01785
sample22_SemiBin_7.fa.gz_k141_5437718.region001.gbk_region_1	sample22_SemiBin_7.fa.gz_k141_5437718.region001	region	1	15713	FAM_01786
cpsnj20_SemiBin_137.fa.gz_k141_980544.region002.gbk_region_2	cpsnj20_SemiBin_137.fa.gz_k141_980544.region002	region	2	15717	FAM_01787
sample15_SemiBin_16.fa.gz_k141_5703925.region001.gbk_region_1	sample15_SemiBin_16.fa.gz_k141_5703925.region001	region	1	15721	FAM_01788
sample10_SemiBin_115.fa.gz_k141_34460.region001.gbk_region_1	sample10_SemiBin_115.fa.gz_k141_34460.region001	region	1	15745	FAM_01789
sample29_SemiBin_34.fa.gz_k141_4866133.region001.gbk_region_1	sample29_SemiBin_34.fa.gz_k141_4866133.region001	region	1	15749	FAM_01790
snj01_SemiBin_47.fa.gz_k141_2073934.region001.gbk_region_1	snj01_SemiBin_47.fa.gz_k141_2073934.region001	region	1	15761	FAM_01791
snj04_SemiBin_4.fa.gz_k141_1192662.region001.gbk_region_1	snj04_SemiBin_4.fa.gz_k141_1192662.region001	region	1	15781	FAM_01792
sample10_SemiBin_88.fa.gz_k141_3388947.region001.gbk_region_1	sample10_SemiBin_88.fa.gz_k141_3388947.region001	region	1	15797	FAM_01793
cpsnj13_SemiBin_249.fa.gz_k141_2871346.region001.gbk_region_1	cpsnj13_SemiBin_249.fa.gz_k141_2871346.region001	region	1	15827	FAM_01794
snj09_SemiBin_33.fa.gz_k141_229276.region001.gbk_region_1	snj09_SemiBin_33.fa.gz_k141_229276.region001	region	1	15831	FAM_01795
sample16_SemiBin_119.fa.gz_k141_2135910.region001.gbk_region_1	sample16_SemiBin_119.fa.gz_k141_2135910.region001	region	1	15843	FAM_01796
sample27_SemiBin_17.fa.gz_k141_5982217.region001.gbk_region_1	sample27_SemiBin_17.fa.gz_k141_5982217.region001	region	1	15853	FAM_01797
sample14_SemiBin_53.fa.gz_k141_4647753.region001.gbk_region_1	sample14_SemiBin_53.fa.gz_k141_4647753.region001	region	1	15861	FAM_01798
cpsnj14_SemiBin_36.fa.gz_k141_2327729.region001.gbk_region_1	cpsnj14_SemiBin_36.fa.gz_k141_2327729.region001	region	1	15865	FAM_01799
sample13_SemiBin_7.fa.gz_k141_1213220.region001.gbk_region_1	sample13_SemiBin_7.fa.gz_k141_1213220.region001	region	1	15873	FAM_01800
sample13_SemiBin_59.fa.gz_k141_871239.region001.gbk_region_1	sample13_SemiBin_59.fa.gz_k141_871239.region001	region	1	15877	FAM_01801
snj01_SemiBin_55.fa.gz_k141_1382655.region001.gbk_region_1	snj01_SemiBin_55.fa.gz_k141_1382655.region001	region	1	15917	FAM_01802
sample19_SemiBin_8.fa.gz_k141_4078719.region001.gbk_region_1	sample19_SemiBin_8.fa.gz_k141_4078719.region001	region	1	15943	FAM_01803
cpsnj16_SemiBin_71.fa.gz_k141_1074147.region001.gbk_region_1	cpsnj16_SemiBin_71.fa.gz_k141_1074147.region001	region	1	15983	FAM_01804
snj04_SemiBin_4.fa.gz_k141_338744.region001.gbk_region_1	snj04_SemiBin_4.fa.gz_k141_338744.region001	region	1	15999	FAM_01805
cpsnj20_SemiBin_14.fa.gz_k141_2071060.region001.gbk_region_1	cpsnj20_SemiBin_14.fa.gz_k141_2071060.region001	region	1	16003	FAM_01806
snj02_SemiBin_31.fa.gz_k141_466081.region001.gbk_region_1	snj02_SemiBin_31.fa.gz_k141_466081.region001	region	1	16007	FAM_01807
sample29_SemiBin_141.fa.gz_k141_5243400.region001.gbk_region_1	sample29_SemiBin_141.fa.gz_k141_5243400.region001	region	1	16011	FAM_01808
sample2_SemiBin_7.fa.gz_k141_559283.region001.gbk_region_1	sample2_SemiBin_7.fa.gz_k141_559283.region001	region	1	16015	FAM_01809
cpsnj10_SemiBin_99.fa.gz_k141_2063859.region001.gbk_region_1	cpsnj10_SemiBin_99.fa.gz_k141_2063859.region001	region	1	16021	FAM_01810
cpsnj14_SemiBin_44.fa.gz_k141_2093444.region001.gbk_region_1	cpsnj14_SemiBin_44.fa.gz_k141_2093444.region001	region	1	16037	FAM_01811
sample29_SemiBin_65.fa.gz_k141_4445164.region001.gbk_region_1	sample29_SemiBin_65.fa.gz_k141_4445164.region001	region	1	16061	FAM_01812
sample10_SemiBin_38.fa.gz_k141_663396.region001.gbk_region_1	sample10_SemiBin_38.fa.gz_k141_663396.region001	region	1	16073	FAM_01813
sample7_SemiBin_80.fa.gz_k141_505399.region001.gbk_region_1	sample7_SemiBin_80.fa.gz_k141_505399.region001	region	1	16077	FAM_01814
cpsnj01_SemiBin_18.fa.gz_k141_1888061.region001.gbk_region_1	cpsnj01_SemiBin_18.fa.gz_k141_1888061.region001	region	1	16081	FAM_01815
snj14_SemiBin_52.fa.gz_k141_2148124.region001.gbk_region_1	snj14_SemiBin_52.fa.gz_k141_2148124.region001	region	1	16113	FAM_01816
sample18_SemiBin_46.fa.gz_k141_1964543.region001.gbk_region_1	sample18_SemiBin_46.fa.gz_k141_1964543.region001	region	1	16117	FAM_01817
cpsnj10_SemiBin_253.fa.gz_k141_3525466.region001.gbk_region_1	cpsnj10_SemiBin_253.fa.gz_k141_3525466.region001	region	1	16133	FAM_01818
cpsnj20_SemiBin_16.fa.gz_k141_1971067.region001.gbk_region_1	cpsnj20_SemiBin_16.fa.gz_k141_1971067.region001	region	1	16167	FAM_01819
sample10_SemiBin_53.fa.gz_k141_5631048.region001.gbk_region_1	sample10_SemiBin_53.fa.gz_k141_5631048.region001	region	1	16175	FAM_01820
sample10_SemiBin_53.fa.gz_k141_2920837.region001.gbk_region_1	sample10_SemiBin_53.fa.gz_k141_2920837.region001	region	1	16191	FAM_01821
sample19_SemiBin_163.fa.gz_k141_4373704.region001.gbk_region_1	sample19_SemiBin_163.fa.gz_k141_4373704.region001	region	1	16207	FAM_01822
cpsnj14_SemiBin_156.fa.gz_k141_929897.region001.gbk_region_1	cpsnj14_SemiBin_156.fa.gz_k141_929897.region001	region	1	16219	FAM_01823
sample5_SemiBin_76.fa.gz_k141_1632724.region001.gbk_region_1	sample5_SemiBin_76.fa.gz_k141_1632724.region001	region	1	16227	FAM_01824
snj20_SemiBin_2.fa.gz_k141_1524545.region001.gbk_region_1	snj20_SemiBin_2.fa.gz_k141_1524545.region001	region	1	16235	FAM_01825
cpsnj20_SemiBin_39.fa.gz_k141_1125351.region001.gbk_region_1	cpsnj20_SemiBin_39.fa.gz_k141_1125351.region001	region	1	16247	FAM_01826
sample10_SemiBin_53.fa.gz_k141_5310082.region001.gbk_region_1	sample10_SemiBin_53.fa.gz_k141_5310082.region001	region	1	16255	FAM_01827
sample10_SemiBin_53.fa.gz_k141_2964545.region001.gbk_region_1	sample10_SemiBin_53.fa.gz_k141_2964545.region001	region	1	16305	FAM_01828
snj04_SemiBin_28.fa.gz_k141_899815.region001.gbk_region_1	snj04_SemiBin_28.fa.gz_k141_899815.region001	region	1	16309	FAM_01829
cpsnj11_SemiBin_7.fa.gz_k141_392046.region001.gbk_region_1	cpsnj11_SemiBin_7.fa.gz_k141_392046.region001	region	1	16317	FAM_01830
cpsnj15_SemiBin_8.fa.gz_k141_1758701.region001.gbk_region_1	cpsnj15_SemiBin_8.fa.gz_k141_1758701.region001	region	1	16337	FAM_01831
sample1_SemiBin_35.fa.gz_k141_2963755.region001.gbk_region_1	sample1_SemiBin_35.fa.gz_k141_2963755.region001	region	1	16349	FAM_01832
sample7_SemiBin_80.fa.gz_k141_183063.region001.gbk_region_1	sample7_SemiBin_80.fa.gz_k141_183063.region001	region	1	16365	FAM_01833
snj03_SemiBin_80.fa.gz_k141_504282.region001.gbk_region_1	snj03_SemiBin_80.fa.gz_k141_504282.region001	region	1	16382	FAM_01834
snj03_SemiBin_72.fa.gz_k141_1714425.region001.gbk_region_1	snj03_SemiBin_72.fa.gz_k141_1714425.region001	region	1	16394	FAM_01835
sample19_SemiBin_4.fa.gz_k141_4474876.region001.gbk_region_1	sample19_SemiBin_4.fa.gz_k141_4474876.region001	region	1	16398	FAM_01836
sample19_SemiBin_58.fa.gz_k141_3008070.region001.gbk_region_1	sample19_SemiBin_58.fa.gz_k141_3008070.region001	region	1	16414	FAM_01837
sample5_SemiBin_89.fa.gz_k141_2654313.region001.gbk_region_1	sample5_SemiBin_89.fa.gz_k141_2654313.region001	region	1	16424	FAM_01838
sample18_SemiBin_288.fa.gz_k141_5260410.region001.gbk_region_1	sample18_SemiBin_288.fa.gz_k141_5260410.region001	region	1	16476	FAM_01839
cpsnj10_SemiBin_67.fa.gz_k141_2130155.region001.gbk_region_1	cpsnj10_SemiBin_67.fa.gz_k141_2130155.region001	region	1	16488	FAM_01840
snj04_SemiBin_4.fa.gz_k141_2135984.region001.gbk_region_1	snj04_SemiBin_4.fa.gz_k141_2135984.region001	region	1	16496	FAM_01841
sample16_SemiBin_119.fa.gz_k141_673886.region001.gbk_region_1	sample16_SemiBin_119.fa.gz_k141_673886.region001	region	1	16500	FAM_01842
sample18_SemiBin_34.fa.gz_k141_414897.region001.gbk_region_1	sample18_SemiBin_34.fa.gz_k141_414897.region001	region	1	16504	FAM_01843
sample10_SemiBin_53.fa.gz_k141_5374674.region001.gbk_region_1	sample10_SemiBin_53.fa.gz_k141_5374674.region001	region	1	16516	FAM_01844
sample10_SemiBin_113.fa.gz_k141_1701794.region001.gbk_region_1	sample10_SemiBin_113.fa.gz_k141_1701794.region001	region	1	16520	FAM_01845
snj09_SemiBin_58.fa.gz_k141_2269236.region001.gbk_region_1	snj09_SemiBin_58.fa.gz_k141_2269236.region001	region	1	16532	FAM_01846
sample14_SemiBin_9.fa.gz_k141_2070681.region001.gbk_region_1	sample14_SemiBin_9.fa.gz_k141_2070681.region001	region	1	16552	FAM_01847
sample28_SemiBin_5.fa.gz_k141_2733708.region001.gbk_region_1	sample28_SemiBin_5.fa.gz_k141_2733708.region001	region	1	16560	FAM_01848
snj08_SemiBin_13.fa.gz_k141_1097634.region001.gbk_region_1	snj08_SemiBin_13.fa.gz_k141_1097634.region001	region	1	16572	FAM_01849
cpsnj01_SemiBin_41.fa.gz_k141_1802946.region001.gbk_region_1	cpsnj01_SemiBin_41.fa.gz_k141_1802946.region001	region	1	16584	FAM_01850
sample18_SemiBin_34.fa.gz_k141_1975291.region001.gbk_region_1	sample18_SemiBin_34.fa.gz_k141_1975291.region001	region	1	16596	FAM_01851
sample10_SemiBin_53.fa.gz_k141_3728287.region001.gbk_region_1	sample10_SemiBin_53.fa.gz_k141_3728287.region001	region	1	16604	FAM_01852
snj16_SemiBin_58.fa.gz_k141_8758.region001.gbk_region_1	snj16_SemiBin_58.fa.gz_k141_8758.region001	region	1	16616	FAM_01853
sample29_SemiBin_5.fa.gz_k141_1792114.region001.gbk_region_1	sample29_SemiBin_5.fa.gz_k141_1792114.region001	region	1	16620	FAM_01854
cpsnj14_SemiBin_59.fa.gz_k141_1587415.region001.gbk_region_1	cpsnj14_SemiBin_59.fa.gz_k141_1587415.region001	region	1	16636	FAM_01855
cpsnj01_SemiBin_80.fa.gz_k141_1395565.region001.gbk_region_1	cpsnj01_SemiBin_80.fa.gz_k141_1395565.region001	region	1	16640	FAM_01856
snj02_SemiBin_4.fa.gz_k141_472767.region001.gbk_region_1	snj02_SemiBin_4.fa.gz_k141_472767.region001	region	1	16660	FAM_01857
cpsnj20_SemiBin_16.fa.gz_k141_2613041.region001.gbk_region_1	cpsnj20_SemiBin_16.fa.gz_k141_2613041.region001	region	1	16664	FAM_01858
cpsnj10_SemiBin_112.fa.gz_k141_1574563.region001.gbk_region_1	cpsnj10_SemiBin_112.fa.gz_k141_1574563.region001	region	1	16668	FAM_01859
sample22_SemiBin_101.fa.gz_k141_5072413.region001.gbk_region_1	sample22_SemiBin_101.fa.gz_k141_5072413.region001	region	1	16680	FAM_01860
cpsnj20_SemiBin_37.fa.gz_k141_44842.region001.gbk_region_1	cpsnj20_SemiBin_37.fa.gz_k141_44842.region001	region	1	16700	FAM_01861
snj14_SemiBin_42.fa.gz_k141_1321278.region001.gbk_region_1	snj14_SemiBin_42.fa.gz_k141_1321278.region001	region	1	16712	FAM_01862
sample5_SemiBin_81.fa.gz_k141_2088388.region001.gbk_region_1	sample5_SemiBin_81.fa.gz_k141_2088388.region001	region	1	16745	FAM_01863
sample5_SemiBin_89.fa.gz_k141_1531891.region001.gbk_region_1	sample5_SemiBin_89.fa.gz_k141_1531891.region001	region	1	16749	FAM_01864
snj16_SemiBin_23.fa.gz_k141_557398.region001.gbk_region_1	snj16_SemiBin_23.fa.gz_k141_557398.region001	region	1	16757	FAM_01865
cpsnj20_SemiBin_22.fa.gz_k141_2223117.region001.gbk_region_1	cpsnj20_SemiBin_22.fa.gz_k141_2223117.region001	region	1	16765	FAM_01866
sample13_SemiBin_95.fa.gz_k141_830152.region001.gbk_region_1	sample13_SemiBin_95.fa.gz_k141_830152.region001	region	1	16777	FAM_01867
cpsnj01_SemiBin_2.fa.gz_k141_2749863.region001.gbk_region_1	cpsnj01_SemiBin_2.fa.gz_k141_2749863.region001	region	1	16798	FAM_01868
sample18_SemiBin_34.fa.gz_k141_2206726.region001.gbk_region_1	sample18_SemiBin_34.fa.gz_k141_2206726.region001	region	1	16806	FAM_01869
cpsnj10_SemiBin_253.fa.gz_k141_2490820.region001.gbk_region_1	cpsnj10_SemiBin_253.fa.gz_k141_2490820.region001	region	1	16826	FAM_01870
cpsnj10_SemiBin_253.fa.gz_k141_2190337.region001.gbk_region_1	cpsnj10_SemiBin_253.fa.gz_k141_2190337.region001	region	1	16839	FAM_01871
snj03_SemiBin_24.fa.gz_k141_1034819.region001.gbk_region_1	snj03_SemiBin_24.fa.gz_k141_1034819.region001	region	1	16859	FAM_01872
cpsnj09_SemiBin_43.fa.gz_k141_271110.region001.gbk_region_1	cpsnj09_SemiBin_43.fa.gz_k141_271110.region001	region	1	16867	FAM_01873
cpsnj14_SemiBin_59.fa.gz_k141_1850857.region001.gbk_region_1	cpsnj14_SemiBin_59.fa.gz_k141_1850857.region001	region	1	16871	FAM_01874
snj09_SemiBin_45.fa.gz_k141_2419203.region001.gbk_region_1	snj09_SemiBin_45.fa.gz_k141_2419203.region001	region	1	16875	FAM_01875
sample5_SemiBin_88.fa.gz_k141_1063194.region001.gbk_region_1	sample5_SemiBin_88.fa.gz_k141_1063194.region001	region	1	16883	FAM_01876
sample6_SemiBin_60.fa.gz_k141_2072923.region001.gbk_region_1	sample6_SemiBin_60.fa.gz_k141_2072923.region001	region	1	16907	FAM_01877
cpsnj16_SemiBin_62.fa.gz_k141_1914774.region001.gbk_region_1	cpsnj16_SemiBin_62.fa.gz_k141_1914774.region001	region	1	16939	FAM_01878
cpsnj20_SemiBin_34.fa.gz_k141_1032218.region001.gbk_region_1	cpsnj20_SemiBin_34.fa.gz_k141_1032218.region001	region	1	16955	FAM_01879
snj08_SemiBin_51.fa.gz_k141_876812.region001.gbk_region_1	snj08_SemiBin_51.fa.gz_k141_876812.region001	region	1	16959	FAM_01880
cpsnj20_SemiBin_39.fa.gz_k141_923428.region001.gbk_region_1	cpsnj20_SemiBin_39.fa.gz_k141_923428.region001	region	1	16963	FAM_01881
cpsnj20_SemiBin_31.fa.gz_k141_854247.region001.gbk_region_1	cpsnj20_SemiBin_31.fa.gz_k141_854247.region001	region	1	16999	FAM_01882
cpsnj20_SemiBin_85.fa.gz_k141_120534.region001.gbk_region_1	cpsnj20_SemiBin_85.fa.gz_k141_120534.region001	region	1	17007	FAM_01883
sample28_SemiBin_107.fa.gz_k141_3660167.region001.gbk_region_1	sample28_SemiBin_107.fa.gz_k141_3660167.region001	region	1	17043	FAM_01884
cpsnj09_SemiBin_86.fa.gz_k141_2768005.region001.gbk_region_1	cpsnj09_SemiBin_86.fa.gz_k141_2768005.region001	region	1	17055	FAM_01885
snj19_SemiBin_42.fa.gz_k141_1447030.region001.gbk_region_1	snj19_SemiBin_42.fa.gz_k141_1447030.region001	region	1	17083	FAM_01886
cpsnj20_SemiBin_31.fa.gz_k141_1580474.region001.gbk_region_1	cpsnj20_SemiBin_31.fa.gz_k141_1580474.region001	region	1	17099	FAM_01887
cpsnj01_SemiBin_18.fa.gz_k141_3117046.region001.gbk_region_1	cpsnj01_SemiBin_18.fa.gz_k141_3117046.region001	region	1	17111	FAM_01888
sample20_SemiBin_95.fa.gz_k141_1744543.region001.gbk_region_1	sample20_SemiBin_95.fa.gz_k141_1744543.region001	region	1	17123	FAM_01889
sample30_SemiBin_0.fa.gz_k141_3840494.region001.gbk_region_1	sample30_SemiBin_0.fa.gz_k141_3840494.region001	region	1	17131	FAM_01890
sample15_SemiBin_220.fa.gz_k141_1379889.region001.gbk_region_1	sample15_SemiBin_220.fa.gz_k141_1379889.region001	region	1	17135	FAM_01891
snj20_SemiBin_16.fa.gz_k141_2765124.region001.gbk_region_1	snj20_SemiBin_16.fa.gz_k141_2765124.region001	region	1	17143	FAM_01892
cpsnj14_SemiBin_59.fa.gz_k141_375804.region001.gbk_region_1	cpsnj14_SemiBin_59.fa.gz_k141_375804.region001	region	1	17147	FAM_01893
sample6_SemiBin_44.fa.gz_k141_4433579.region001.gbk_region_1	sample6_SemiBin_44.fa.gz_k141_4433579.region001	region	1	17171	FAM_01894
snj14_SemiBin_52.fa.gz_k141_2666698.region001.gbk_region_1	snj14_SemiBin_52.fa.gz_k141_2666698.region001	region	1	17179	FAM_01895
sample6_SemiBin_18.fa.gz_k141_719363.region001.gbk_region_1	sample6_SemiBin_18.fa.gz_k141_719363.region001	region	1	17183	FAM_01896
cpsnj20_SemiBin_30.fa.gz_k141_448054.region001.gbk_region_1	cpsnj20_SemiBin_30.fa.gz_k141_448054.region001	region	1	17191	FAM_01897
sample6_SemiBin_65.fa.gz_k141_4260931.region001.gbk_region_1	sample6_SemiBin_65.fa.gz_k141_4260931.region001	region	1	17195	FAM_01898
snj01_SemiBin_47.fa.gz_k141_1672556.region001.gbk_region_1	snj01_SemiBin_47.fa.gz_k141_1672556.region001	region	1	17219	FAM_01899
cpsnj14_SemiBin_129.fa.gz_k141_1157549.region001.gbk_region_1	cpsnj14_SemiBin_129.fa.gz_k141_1157549.region001	region	1	17227	FAM_01900
cpsnj10_SemiBin_137.fa.gz_k141_1266116.region001.gbk_region_1	cpsnj10_SemiBin_137.fa.gz_k141_1266116.region001	region	1	17231	FAM_01901
sample13_SemiBin_7.fa.gz_k141_1911069.region001.gbk_region_1	sample13_SemiBin_7.fa.gz_k141_1911069.region001	region	1	17235	FAM_01902
sample10_SemiBin_51.fa.gz_k141_5087747.region001.gbk_region_1	sample10_SemiBin_51.fa.gz_k141_5087747.region001	region	1	17259	FAM_01903
sample6_SemiBin_12.fa.gz_k141_2755798.region001.gbk_region_1	sample6_SemiBin_12.fa.gz_k141_2755798.region001	region	1	17263	FAM_01904
snj01_SemiBin_23.fa.gz_k141_319550.region001.gbk_region_1	snj01_SemiBin_23.fa.gz_k141_319550.region001	region	1	17267	FAM_01905
sample29_SemiBin_30.fa.gz_k141_4302783.region001.gbk_region_1	sample29_SemiBin_30.fa.gz_k141_4302783.region001	region	1	17271	FAM_01906
cpsnj20_SemiBin_31.fa.gz_k141_2723509.region001.gbk_region_1	cpsnj20_SemiBin_31.fa.gz_k141_2723509.region001	region	1	17279	FAM_01907
cpsnj14_SemiBin_29.fa.gz_k141_3620600.region001.gbk_region_1	cpsnj14_SemiBin_29.fa.gz_k141_3620600.region001	region	1	17295	FAM_01908
snj01_SemiBin_55.fa.gz_k141_1518691.region001.gbk_region_1	snj01_SemiBin_55.fa.gz_k141_1518691.region001	region	1	17299	FAM_01909
cpsnj09_SemiBin_63.fa.gz_k141_845662.region001.gbk_region_1	cpsnj09_SemiBin_63.fa.gz_k141_845662.region001	region	1	17303	FAM_01910
snj04_SemiBin_4.fa.gz_k141_1681381.region001.gbk_region_1	snj04_SemiBin_4.fa.gz_k141_1681381.region001	region	1	17311	FAM_01911
sample17_SemiBin_86.fa.gz_k141_1554592.region001.gbk_region_1	sample17_SemiBin_86.fa.gz_k141_1554592.region001	region	1	17319	FAM_01912
snj08_SemiBin_11.fa.gz_k141_1891524.region001.gbk_region_1	snj08_SemiBin_11.fa.gz_k141_1891524.region001	region	1	17357	FAM_01913
sample4_SemiBin_11.fa.gz_k141_2064889.region001.gbk_region_1	sample4_SemiBin_11.fa.gz_k141_2064889.region001	region	1	17369	FAM_01914
snj04_SemiBin_4.fa.gz_k141_2152234.region001.gbk_region_1	snj04_SemiBin_4.fa.gz_k141_2152234.region001	region	1	17377	FAM_01915
snj01_SemiBin_55.fa.gz_k141_3108473.region001.gbk_region_1	snj01_SemiBin_55.fa.gz_k141_3108473.region001	region	1	17389	FAM_01916
sample28_SemiBin_5.fa.gz_k141_4317298.region001.gbk_region_1	sample28_SemiBin_5.fa.gz_k141_4317298.region001	region	1	17405	FAM_01917
sample9_SemiBin_42.fa.gz_k141_858383.region001.gbk_region_1	sample9_SemiBin_42.fa.gz_k141_858383.region001	region	1	17417	FAM_01918
sample29_SemiBin_14.fa.gz_k141_4276876.region001.gbk_region_1	sample29_SemiBin_14.fa.gz_k141_4276876.region001	region	1	17429	FAM_01919
sample5_SemiBin_89.fa.gz_k141_1944075.region001.gbk_region_1	sample5_SemiBin_89.fa.gz_k141_1944075.region001	region	1	17441	FAM_01920
sample6_SemiBin_2.fa.gz_k141_3154560.region001.gbk_region_1	sample6_SemiBin_2.fa.gz_k141_3154560.region001	region	1	17449	FAM_01921
cpsnj02_SemiBin_3.fa.gz_k141_2024155.region001.gbk_region_1	cpsnj02_SemiBin_3.fa.gz_k141_2024155.region001	region	1	17465	FAM_01922
snj04_SemiBin_30.fa.gz_k141_993324.region001.gbk_region_1	snj04_SemiBin_30.fa.gz_k141_993324.region001	region	1	17483	FAM_01923
cpsnj11_SemiBin_84.fa.gz_k141_153858.region001.gbk_region_1	cpsnj11_SemiBin_84.fa.gz_k141_153858.region001	region	1	17487	FAM_01924
cpsnj11_SemiBin_33.fa.gz_k141_578981.region001.gbk_region_1	cpsnj11_SemiBin_33.fa.gz_k141_578981.region001	region	1	17495	FAM_01925
sample10_SemiBin_182.fa.gz_k141_1260770.region001.gbk_region_1	sample10_SemiBin_182.fa.gz_k141_1260770.region001	region	1	17499	FAM_01926
sample14_SemiBin_53.fa.gz_k141_3147673.region001.gbk_region_1	sample14_SemiBin_53.fa.gz_k141_3147673.region001	region	1	17520	FAM_01927
cpsnj02_SemiBin_13.fa.gz_k141_1892354.region001.gbk_region_1	cpsnj02_SemiBin_13.fa.gz_k141_1892354.region001	region	1	17528	FAM_01928
snj09_SemiBin_37.fa.gz_k141_2907284.region001.gbk_region_1	snj09_SemiBin_37.fa.gz_k141_2907284.region001	region	1	17540	FAM_01929
sample7_SemiBin_80.fa.gz_k141_263734.region001.gbk_region_1	sample7_SemiBin_80.fa.gz_k141_263734.region001	region	1	17581	FAM_01930
sample22_SemiBin_45.fa.gz_k141_659202.region001.gbk_region_1	sample22_SemiBin_45.fa.gz_k141_659202.region001	region	1	17587	FAM_01931
cpsnj03_SemiBin_20.fa.gz_k141_1115187.region001.gbk_region_1	cpsnj03_SemiBin_20.fa.gz_k141_1115187.region001	region	1	17595	FAM_01932
snj04_SemiBin_4.fa.gz_k141_1138863.region001.gbk_region_1	snj04_SemiBin_4.fa.gz_k141_1138863.region001	region	1	17599	FAM_01933
sample6_SemiBin_60.fa.gz_k141_6768555.region001.gbk_region_1	sample6_SemiBin_60.fa.gz_k141_6768555.region001	region	1	17638	FAM_01934
snj08_SemiBin_51.fa.gz_k141_354940.region001.gbk_region_1	snj08_SemiBin_51.fa.gz_k141_354940.region001	region	1	17642	FAM_01935
cpsnj19_SemiBin_15.fa.gz_k141_1126432.region001.gbk_region_1	cpsnj19_SemiBin_15.fa.gz_k141_1126432.region001	region	1	17646	FAM_01936
cpsnj14_SemiBin_59.fa.gz_k141_406884.region001.gbk_region_1	cpsnj14_SemiBin_59.fa.gz_k141_406884.region001	region	1	17654	FAM_01937
sample17_SemiBin_105.fa.gz_k141_3791450.region001.gbk_region_1	sample17_SemiBin_105.fa.gz_k141_3791450.region001	region	1	17666	FAM_01938
cpsnj02_SemiBin_3.fa.gz_k141_1140163.region001.gbk_region_1	cpsnj02_SemiBin_3.fa.gz_k141_1140163.region001	region	1	17670	FAM_01939
sample16_SemiBin_2.fa.gz_k141_3028789.region001.gbk_region_1	sample16_SemiBin_2.fa.gz_k141_3028789.region001	region	1	17686	FAM_01940
snj08_SemiBin_40.fa.gz_k141_2277994.region001.gbk_region_1	snj08_SemiBin_40.fa.gz_k141_2277994.region001	region	1	17690	FAM_01941
sample7_SemiBin_80.fa.gz_k141_4593703.region001.gbk_region_1	sample7_SemiBin_80.fa.gz_k141_4593703.region001	region	1	17694	FAM_01942
cpsnj10_SemiBin_67.fa.gz_k141_590128.region001.gbk_region_1	cpsnj10_SemiBin_67.fa.gz_k141_590128.region001	region	1	17716	FAM_01943
sample28_SemiBin_75.fa.gz_k141_3767797.region001.gbk_region_1	sample28_SemiBin_75.fa.gz_k141_3767797.region001	region	1	17720	FAM_01944
cpsnj13_SemiBin_80.fa.gz_k141_3299782.region001.gbk_region_1	cpsnj13_SemiBin_80.fa.gz_k141_3299782.region001	region	1	17724	FAM_01945
sample13_SemiBin_109.fa.gz_k141_3988044.region001.gbk_region_1	sample13_SemiBin_109.fa.gz_k141_3988044.region001	region	1	17742	FAM_01946
snj16_SemiBin_23.fa.gz_k141_3261361.region001.gbk_region_1	snj16_SemiBin_23.fa.gz_k141_3261361.region001	region	1	17750	FAM_01947
sample29_SemiBin_59.fa.gz_k141_3805893.region001.gbk_region_1	sample29_SemiBin_59.fa.gz_k141_3805893.region001	region	1	17758	FAM_01948
sample2_SemiBin_53.fa.gz_k141_831419.region001.gbk_region_1	sample2_SemiBin_53.fa.gz_k141_831419.region001	region	1	17766	FAM_01949
sample7_SemiBin_80.fa.gz_k141_5139445.region001.gbk_region_1	sample7_SemiBin_80.fa.gz_k141_5139445.region001	region	1	17774	FAM_01950
cpsnj09_SemiBin_86.fa.gz_k141_2132297.region001.gbk_region_1	cpsnj09_SemiBin_86.fa.gz_k141_2132297.region001	region	1	17790	FAM_01951
sample23_SemiBin_58.fa.gz_k141_4847436.region001.gbk_region_1	sample23_SemiBin_58.fa.gz_k141_4847436.region001	region	1	17798	FAM_01952
cpsnj14_SemiBin_36.fa.gz_k141_2833949.region001.gbk_region_1	cpsnj14_SemiBin_36.fa.gz_k141_2833949.region001	region	1	17806	FAM_01953
sample15_SemiBin_116.fa.gz_k141_4068439.region001.gbk_region_1	sample15_SemiBin_116.fa.gz_k141_4068439.region001	region	1	17826	FAM_01954
sample18_SemiBin_34.fa.gz_k141_312869.region001.gbk_region_1	sample18_SemiBin_34.fa.gz_k141_312869.region001	region	1	17830	FAM_01955
snj02_SemiBin_8.fa.gz_k141_1821872.region001.gbk_region_1	snj02_SemiBin_8.fa.gz_k141_1821872.region001	region	1	17834	FAM_01956
sample10_SemiBin_53.fa.gz_k141_3289925.region001.gbk_region_1	sample10_SemiBin_53.fa.gz_k141_3289925.region001	region	1	17852	FAM_01957
sample5_SemiBin_78.fa.gz_k141_1794369.region001.gbk_region_1	sample5_SemiBin_78.fa.gz_k141_1794369.region001	region	1	17876	FAM_01958
sample9_SemiBin_42.fa.gz_k141_5655457.region001.gbk_region_1	sample9_SemiBin_42.fa.gz_k141_5655457.region001	region	1	17904	FAM_01959
sample27_SemiBin_19.fa.gz_k141_5721412.region001.gbk_region_1	sample27_SemiBin_19.fa.gz_k141_5721412.region001	region	1	17908	FAM_01960
snj01_SemiBin_55.fa.gz_k141_2144651.region001.gbk_region_1	snj01_SemiBin_55.fa.gz_k141_2144651.region001	region	1	17916	FAM_01961
cpsnj01_SemiBin_18.fa.gz_k141_567529.region001.gbk_region_1	cpsnj01_SemiBin_18.fa.gz_k141_567529.region001	region	1	17928	FAM_01962
cpsnj02_SemiBin_3.fa.gz_k141_217799.region001.gbk_region_1	cpsnj02_SemiBin_3.fa.gz_k141_217799.region001	region	1	17936	FAM_01963
cpsnj01_SemiBin_96.fa.gz_k141_3299997.region001.gbk_region_1	cpsnj01_SemiBin_96.fa.gz_k141_3299997.region001	region	1	17960	FAM_01964
cpsnj11_SemiBin_67.fa.gz_k141_188441.region001.gbk_region_1	cpsnj11_SemiBin_67.fa.gz_k141_188441.region001	region	1	17964	FAM_01965
sample18_SemiBin_188.fa.gz_k141_3256578.region001.gbk_region_1	sample18_SemiBin_188.fa.gz_k141_3256578.region001	region	1	17968	FAM_01966
sample29_SemiBin_34.fa.gz_k141_5391730.region001.gbk_region_1	sample29_SemiBin_34.fa.gz_k141_5391730.region001	region	1	17972	FAM_01967
cpsnj20_SemiBin_37.fa.gz_k141_2222161.region001.gbk_region_1	cpsnj20_SemiBin_37.fa.gz_k141_2222161.region001	region	1	17988	FAM_01968
cpsnj20_SemiBin_45.fa.gz_k141_500960.region001.gbk_region_1	cpsnj20_SemiBin_45.fa.gz_k141_500960.region001	region	1	18014	FAM_01969
sample10_SemiBin_53.fa.gz_k141_3379307.region001.gbk_region_1	sample10_SemiBin_53.fa.gz_k141_3379307.region001	region	1	18026	FAM_01970
snj01_SemiBin_23.fa.gz_k141_1537496.region001.gbk_region_1	snj01_SemiBin_23.fa.gz_k141_1537496.region001	region	1	18056	FAM_01971
cpsnj16_SemiBin_62.fa.gz_k141_653821.region001.gbk_region_1	cpsnj16_SemiBin_62.fa.gz_k141_653821.region001	region	1	18080	FAM_01972
sample17_SemiBin_86.fa.gz_k141_19720.region001.gbk_region_1	sample17_SemiBin_86.fa.gz_k141_19720.region001	region	1	18088	FAM_01973
sample10_SemiBin_22.fa.gz_k141_549424.region001.gbk_region_1	sample10_SemiBin_22.fa.gz_k141_549424.region001	region	1	18096	FAM_01974
cpsnj10_SemiBin_181.fa.gz_k141_336278.region001.gbk_region_1	cpsnj10_SemiBin_181.fa.gz_k141_336278.region001	region	1	18100	FAM_01975
sample6_SemiBin_18.fa.gz_k141_4026837.region001.gbk_region_1	sample6_SemiBin_18.fa.gz_k141_4026837.region001	region	1	18112	FAM_01976
cpsnj16_SemiBin_62.fa.gz_k141_2115010.region001.gbk_region_1	cpsnj16_SemiBin_62.fa.gz_k141_2115010.region001	region	1	18136	FAM_01977
cpsnj01_SemiBin_4.fa.gz_k141_1003807.region001.gbk_region_1	cpsnj01_SemiBin_4.fa.gz_k141_1003807.region001	region	1	18140	FAM_01978
snj03_SemiBin_31.fa.gz_k141_349508.region001.gbk_region_1	snj03_SemiBin_31.fa.gz_k141_349508.region001	region	1	18148	FAM_01979
snj16_SemiBin_58.fa.gz_k141_2262475.region001.gbk_region_1	snj16_SemiBin_58.fa.gz_k141_2262475.region001	region	1	18156	FAM_01980
sample26_SemiBin_55.fa.gz_k141_712022.region001.gbk_region_1	sample26_SemiBin_55.fa.gz_k141_712022.region001	region	1	18188	FAM_01981
sample18_SemiBin_96.fa.gz_k141_2291423.region001.gbk_region_1	sample18_SemiBin_96.fa.gz_k141_2291423.region001	region	1	18192	FAM_01982
sample10_SemiBin_55.fa.gz_k141_3742754.region001.gbk_region_1	sample10_SemiBin_55.fa.gz_k141_3742754.region001	region	1	18200	FAM_01983
snj04_SemiBin_4.fa.gz_k141_535835.region001.gbk_region_1	snj04_SemiBin_4.fa.gz_k141_535835.region001	region	1	18208	FAM_01984
sample17_SemiBin_105.fa.gz_k141_25454.region001.gbk_region_1	sample17_SemiBin_105.fa.gz_k141_25454.region001	region	1	18216	FAM_01985
sample27_SemiBin_25.fa.gz_k141_3403674.region001.gbk_region_1	sample27_SemiBin_25.fa.gz_k141_3403674.region001	region	1	18220	FAM_01986
snj04_SemiBin_4.fa.gz_k141_2596870.region001.gbk_region_1	snj04_SemiBin_4.fa.gz_k141_2596870.region001	region	1	18224	FAM_01987
cpsnj20_SemiBin_37.fa.gz_k141_112011.region001.gbk_region_1	cpsnj20_SemiBin_37.fa.gz_k141_112011.region001	region	1	18228	FAM_01988
sample18_SemiBin_99.fa.gz_k141_4917189.region001.gbk_region_1	sample18_SemiBin_99.fa.gz_k141_4917189.region001	region	1	18250	FAM_01989
sample13_SemiBin_7.fa.gz_k141_3316701.region001.gbk_region_1	sample13_SemiBin_7.fa.gz_k141_3316701.region001	region	1	18254	FAM_01990
sample21_SemiBin_34.fa.gz_k141_3776681.region001.gbk_region_1	sample21_SemiBin_34.fa.gz_k141_3776681.region001	region	1	18262	FAM_01991
sample14_SemiBin_9.fa.gz_k141_5676736.region001.gbk_region_1	sample14_SemiBin_9.fa.gz_k141_5676736.region001	region	1	18266	FAM_01992
snj20_SemiBin_63.fa.gz_k141_304772.region001.gbk_region_1	snj20_SemiBin_63.fa.gz_k141_304772.region001	region	1	18290	FAM_01993
sample16_SemiBin_33.fa.gz_k141_4158313.region001.gbk_region_1	sample16_SemiBin_33.fa.gz_k141_4158313.region001	region	1	18298	FAM_01994
sample6_SemiBin_27.fa.gz_k141_1232324.region001.gbk_region_1	sample6_SemiBin_27.fa.gz_k141_1232324.region001	region	1	18302	FAM_01995
snj04_SemiBin_4.fa.gz_k141_1683774.region001.gbk_region_1	snj04_SemiBin_4.fa.gz_k141_1683774.region001	region	1	18306	FAM_01996
sample16_SemiBin_61.fa.gz_k141_5090109.region001.gbk_region_1	sample16_SemiBin_61.fa.gz_k141_5090109.region001	region	1	18310	FAM_01997
cpsnj15_SemiBin_9.fa.gz_k141_1662145.region001.gbk_region_1	cpsnj15_SemiBin_9.fa.gz_k141_1662145.region001	region	1	18318	FAM_01998
snj15_SemiBin_0.fa.gz_k141_1126500.region001.gbk_region_1	snj15_SemiBin_0.fa.gz_k141_1126500.region001	region	1	18357	FAM_01999
sample13_SemiBin_105.fa.gz_k141_85115.region001.gbk_region_1	sample13_SemiBin_105.fa.gz_k141_85115.region001	region	1	18373	FAM_02000
cpsnj13_SemiBin_18.fa.gz_k141_148312.region001.gbk_region_1	cpsnj13_SemiBin_18.fa.gz_k141_148312.region001	region	1	18377	FAM_02001
sample15_SemiBin_16.fa.gz_k141_1920202.region001.gbk_region_1	sample15_SemiBin_16.fa.gz_k141_1920202.region001	region	1	18385	FAM_02002
sample18_SemiBin_34.fa.gz_k141_6345007.region001.gbk_region_1	sample18_SemiBin_34.fa.gz_k141_6345007.region001	region	1	18417	FAM_02003
snj09_SemiBin_54.fa.gz_k141_273945.region001.gbk_region_1	snj09_SemiBin_54.fa.gz_k141_273945.region001	region	1	18441	FAM_02004
sample29_SemiBin_5.fa.gz_k141_4883705.region001.gbk_region_1	sample29_SemiBin_5.fa.gz_k141_4883705.region001	region	1	18453	FAM_02005
sample1_SemiBin_140.fa.gz_k141_2316853.region001.gbk_region_1	sample1_SemiBin_140.fa.gz_k141_2316853.region001	region	1	18457	FAM_02006
sample1_SemiBin_56.fa.gz_k141_443216.region001.gbk_region_1	sample1_SemiBin_56.fa.gz_k141_443216.region001	region	1	18469	FAM_02007
sample6_SemiBin_18.fa.gz_k141_4725905.region001.gbk_region_1	sample6_SemiBin_18.fa.gz_k141_4725905.region001	region	1	18477	FAM_02008
sample28_SemiBin_107.fa.gz_k141_17634.region001.gbk_region_1	sample28_SemiBin_107.fa.gz_k141_17634.region001	region	1	18481	FAM_02009
sample6_SemiBin_60.fa.gz_k141_3890338.region001.gbk_region_1	sample6_SemiBin_60.fa.gz_k141_3890338.region001	region	1	18497	FAM_02010
snj15_SemiBin_18.fa.gz_k141_2597836.region001.gbk_region_1	snj15_SemiBin_18.fa.gz_k141_2597836.region001	region	1	18505	FAM_02011
cpsnj01_SemiBin_4.fa.gz_k141_1821746.region001.gbk_region_1	cpsnj01_SemiBin_4.fa.gz_k141_1821746.region001	region	1	18513	FAM_02012
cpsnj15_SemiBin_9.fa.gz_k141_4563.region001.gbk_region_1	cpsnj15_SemiBin_9.fa.gz_k141_4563.region001	region	1	18517	FAM_02013
sample10_SemiBin_38.fa.gz_k141_5463737.region001.gbk_region_1	sample10_SemiBin_38.fa.gz_k141_5463737.region001	region	1	18521	FAM_02014
sample27_SemiBin_29.fa.gz_k141_1691205.region001.gbk_region_1	sample27_SemiBin_29.fa.gz_k141_1691205.region001	region	1	18529	FAM_02015
snj01_SemiBin_14.fa.gz_k141_2325056.region001.gbk_region_1	snj01_SemiBin_14.fa.gz_k141_2325056.region001	region	1	18545	FAM_02016
cpsnj19_SemiBin_44.fa.gz_k141_1481585.region001.gbk_region_1	cpsnj19_SemiBin_44.fa.gz_k141_1481585.region001	region	1	18581	FAM_02017
sample18_SemiBin_34.fa.gz_k141_756643.region001.gbk_region_1	sample18_SemiBin_34.fa.gz_k141_756643.region001	region	1	18585	FAM_02018
sample7_SemiBin_80.fa.gz_k141_2162118.region001.gbk_region_1	sample7_SemiBin_80.fa.gz_k141_2162118.region001	region	1	18605	FAM_02019
sample28_SemiBin_75.fa.gz_k141_3290584.region001.gbk_region_1	sample28_SemiBin_75.fa.gz_k141_3290584.region001	region	1	18613	FAM_02020
sample14_SemiBin_53.fa.gz_k141_2510067.region001.gbk_region_1	sample14_SemiBin_53.fa.gz_k141_2510067.region001	region	1	18617	FAM_02021
sample18_SemiBin_126.fa.gz_k141_4182479.region001.gbk_region_1	sample18_SemiBin_126.fa.gz_k141_4182479.region001	region	1	18621	FAM_02022
snj14_SemiBin_65.fa.gz_k141_1534249.region001.gbk_region_1	snj14_SemiBin_65.fa.gz_k141_1534249.region001	region	1	18645	FAM_02023
sample29_SemiBin_5.fa.gz_k141_3249384.region001.gbk_region_1	sample29_SemiBin_5.fa.gz_k141_3249384.region001	region	1	18653	FAM_02024
sample10_SemiBin_113.fa.gz_k141_4977717.region001.gbk_region_1	sample10_SemiBin_113.fa.gz_k141_4977717.region001	region	1	18657	FAM_02025
sample7_SemiBin_80.fa.gz_k141_4725118.region001.gbk_region_1	sample7_SemiBin_80.fa.gz_k141_4725118.region001	region	1	18661	FAM_02026
cpsnj01_SemiBin_18.fa.gz_k141_2692450.region001.gbk_region_1	cpsnj01_SemiBin_18.fa.gz_k141_2692450.region001	region	1	18696	FAM_02027
sample15_SemiBin_72.fa.gz_k141_4198427.region001.gbk_region_1	sample15_SemiBin_72.fa.gz_k141_4198427.region001	region	1	18708	FAM_02028
cpsnj20_SemiBin_23.fa.gz_k141_121331.region001.gbk_region_1	cpsnj20_SemiBin_23.fa.gz_k141_121331.region001	region	1	18712	FAM_02029
snj09_SemiBin_54.fa.gz_k141_3365439.region001.gbk_region_1	snj09_SemiBin_54.fa.gz_k141_3365439.region001	region	1	18738	FAM_02030
cpsnj20_SemiBin_31.fa.gz_k141_222389.region001.gbk_region_1	cpsnj20_SemiBin_31.fa.gz_k141_222389.region001	region	1	18746	FAM_02031
sample19_SemiBin_45.fa.gz_k141_3380563.region001.gbk_region_1	sample19_SemiBin_45.fa.gz_k141_3380563.region001	region	1	18750	FAM_02032
cpsnj10_SemiBin_70.fa.gz_k141_680098.region001.gbk_region_1	cpsnj10_SemiBin_70.fa.gz_k141_680098.region001	region	1	18762	FAM_02033
sample10_SemiBin_53.fa.gz_k141_4788112.region001.gbk_region_1	sample10_SemiBin_53.fa.gz_k141_4788112.region001	region	1	18778	FAM_02034
sample1_SemiBin_29.fa.gz_k141_3028654.region001.gbk_region_1	sample1_SemiBin_29.fa.gz_k141_3028654.region001	region	1	18782	FAM_02035
sample19_SemiBin_31.fa.gz_k141_962127.region001.gbk_region_1	sample19_SemiBin_31.fa.gz_k141_962127.region001	region	1	18786	FAM_02036
sample18_SemiBin_137.fa.gz_k141_4812002.region001.gbk_region_1	sample18_SemiBin_137.fa.gz_k141_4812002.region001	region	1	18798	FAM_02037
sample13_SemiBin_79.fa.gz_k141_2724380.region001.gbk_region_1	sample13_SemiBin_79.fa.gz_k141_2724380.region001	region	1	18810	FAM_02038
sample13_SemiBin_59.fa.gz_k141_3462508.region001.gbk_region_1	sample13_SemiBin_59.fa.gz_k141_3462508.region001	region	1	18826	FAM_02039
