Supplementary Data 1. Detailed information about the soil metagenomes used to reconstruct metagenome-assembled genomes(MAGs).  ,,,,,,,,,,,,,
Sample,user_genome,mag_num,Project,Source,Nation,Continent,Ecosystem,Paired_seqs,Lat,Lon,Bioproject,Biosample,Depth
BL1_EDME210000091,BL1bin,14,Europe,In-house Data,Belgium,Europe,Forest,116863493,50.86,4.72,PRJNA983538,SAMN35729406,0-20 cm
BL2_EDME210000092,BL2bin,17,Europe,In-house Data,Belgium,Europe,Forest,116422300,50.86,4.72,PRJNA983538,SAMN35729407,0-20 cm
BL3_EDME210000093,BL3bin,15,Europe,In-house Data,Belgium,Europe,Grassland,105333569,50.87,4.71,PRJNA983538,SAMN35729408,0-20 cm
China_S1,S1rebin,6,China2018,In-house Data,China,Asia,Agricultural Land,184365852,34.76777778,111.7691667,PRJNA983538,SAMN35729560,0-20 cm
China_S10,S10rbin,6,China2018,In-house Data,China,Asia,Wetland,136582694,34.64333333,113.5705556,PRJNA983538,SAMN35729561,0-20 cm
China_S107,S107bin,0,China2018,In-house Data,China,Asia,Forest,145169792,22.43416667,113.5175,PRJNA983538,SAMN35729562,0-20 cm
China_S108,S108bin,17,China2018,In-house Data,China,Asia,Agricultural Land,156486246,22.3675,113.5805556,PRJNA983538,SAMN35729563,0-20 cm
China_S109,S109bin,6,China2018,In-house Data,China,Asia,Agricultural Land,138546542,25.21662222,110.2520361,PRJNA983538,SAMN35729564,0-20 cm
China_S11,S11rbin,8,China2018,In-house Data,China,Asia,Agricultural Land,138360154,34.55472222,113.4830556,PRJNA983538,SAMN35729565,0-20 cm
China_S112,S112bin,9,China2018,In-house Data,China,Asia,Agricultural Land,135256120,25.07,110.3058333,PRJNA983538,SAMN35729566,0-20 cm
China_S113,S113bin,15,China2018,In-house Data,China,Asia,Wetland,137701644,25.07333333,110.2930556,PRJNA983538,SAMN35729567,0-20 cm
China_S114,S114bin,8,China2018,In-house Data,China,Asia,Agricultural Land,151902002,25.06888889,110.2833333,PRJNA983538,SAMN35729568,0-20 cm
China_S118,S118bin,51,China2018,In-house Data,China,Asia,Forest,178385206,24.20194444,109.3694444,PRJNA983538,SAMN35729569,0-20 cm
China_S12,S12rbin,33,China2018,In-house Data,China,Asia,Agricultural Land,139435690,34.46194444,113.4388889,PRJNA983538,SAMN35729570,0-20 cm
China_S120,S120bin,12,China2018,In-house Data,China,Asia,Grassland,132225616,24.10416667,109.0902778,PRJNA983538,SAMN35729571,0-20 cm
China_S121,S121bin,2,China2018,In-house Data,China,Asia,Agricultural Land,145901542,24.28361111,109.4077778,PRJNA983538,SAMN35729572,0-20 cm
China_S122,S122bin,9,China2018,In-house Data,China,Asia,Agricultural Land,130339372,22.97777778,108.5777778,PRJNA983538,SAMN35729573,0-20 cm
China_S125,S125bin,20,China2018,In-house Data,China,Asia,Agricultural Land,165560500,22.86527778,108.3375,PRJNA983538,SAMN35729574,0-20 cm
China_S126,S126bin,24,China2018,In-house Data,China,Asia,Agricultural Land,165560500,22.92444444,108.5405556,PRJNA983538,SAMN35729575,0-20 cm
China_S127,S127bin,12,China2018,In-house Data,China,Asia,Agricultural Land,171716270,22.88888889,108.3725,PRJNA983538,SAMN35729576,0-20 cm
China_S128,S128bin,3,China2018,In-house Data,China,Asia,Wetland,148886256,22.92611111,108.3730556,PRJNA983538,SAMN35729577,0-20 cm
China_S129,S129bin,8,China2018,In-house Data,China,Asia,Agricultural Land,149592060,26.32194444,106.1388889,PRJNA983538,SAMN35729578,0-20 cm
China_S13,S13rbin,8,China2018,In-house Data,China,Asia,Grassland,148150312,34.15444444,112.1061111,PRJNA983538,SAMN35729579,0-20 cm
China_S130,S130bin,10,China2018,In-house Data,China,Asia,Forest,134726032,26.32083333,106.1394444,PRJNA983538,SAMN35729580,0-20 cm
China_S132,S132bin,4,China2018,In-house Data,China,Asia,Agricultural Land,144840178,26.30638889,106.1388889,PRJNA983538,SAMN35729581,0-20 cm
China_S134,S134bin,10,China2018,In-house Data,China,Asia,Agricultural Land,137193800,27.04277778,107.0227778,PRJNA983538,SAMN35729582,0-20 cm
China_S135,S135bin,22,China2018,In-house Data,China,Asia,Agricultural Land,150470202,27.04361111,106.9605556,PRJNA983538,SAMN35729583,0-20 cm
China_S136,S136bin,7,China2018,In-house Data,China,Asia,Agricultural Land,126910420,27.04277778,107.0227778,PRJNA983538,SAMN35729584,0-20 cm
China_S137,S137bin,4,China2018,In-house Data,China,Asia,Agricultural Land,144674102,27.0425,107.0227778,PRJNA983538,SAMN35729585,0-20 cm
China_S139,S139bin,7,China2018,In-house Data,China,Asia,Agricultural Land,162405916,25.81277778,107.1766667,PRJNA983538,SAMN35729586,0-20 cm
China_S14,S14rbin,13,China2018,In-house Data,China,Asia,Agricultural Land,145427474,34.13277778,112.0888889,PRJNA983538,SAMN35729587,0-20 cm
China_S140,S140bin,18,China2018,In-house Data,China,Asia,Agricultural Land,169095698,25.805,107.1752778,PRJNA983538,SAMN35729588,0-20 cm
China_S141,S141bin,36,China2018,In-house Data,China,Asia,Agricultural Land,148508238,25.86194444,107.1297222,PRJNA983538,SAMN35729589,0-20 cm
China_S142,S142bin,5,China2018,In-house Data,China,Asia,Grassland,193499634,25.80444444,107.1847222,PRJNA983538,SAMN35729590,0-20 cm
China_S143,S143bin,37,China2018,In-house Data,China,Asia,Agricultural Land,178029642,25.84944444,107.1669444,PRJNA983538,SAMN35729591,0-20 cm
China_S145,S145bin,1,China2018,In-house Data,China,Asia,Agricultural Land,165872580,20.03444444,110.3377778,PRJNA983538,SAMN35729592,0-20 cm
China_S155,S155bin,2,China2018,In-house Data,China,Asia,Forest,172516830,18.33722222,109.4611111,PRJNA983538,SAMN35729593,0-20 cm
China_S16,S16rbin,17,China2018,In-house Data,China,Asia,Forest,146567704,34.24222222,112.2030556,PRJNA983538,SAMN35729594,0-20 cm
China_S162,S162bin,8,China2018,In-house Data,China,Asia,Agricultural Land,134478856,37.9525,114.7902778,PRJNA983538,SAMN35729595,0-20 cm
China_S163,S163bin,3,China2018,In-house Data,China,Asia,Forest,148664704,37.91027778,114.3455556,PRJNA983538,SAMN35729596,0-20 cm
China_S165,S165bin,19,China2018,In-house Data,China,Asia,Agricultural Land,132805600,37.87444444,114.8925,PRJNA983538,SAMN35729597,0-20 cm
China_S168,S168bin,15,China2018,In-house Data,China,Asia,Agricultural Land,138195868,32.16333333,114.1133333,PRJNA983538,SAMN35729598,0-20 cm
China_S17,S17rbin,23,China2018,In-house Data,China,Asia,Agricultural Land,174942742,34.27472222,112.24,PRJNA983538,SAMN35729599,0-20 cm
China_S171,S171bin,18,China2018,In-house Data,China,Asia,Forest,147561880,32.07444444,114.1177778,PRJNA983538,SAMN35729600,0-20 cm
China_S173,S173bin,9,China2018,In-house Data,China,Asia,Forest,143525672,35.31666667,114.9069444,PRJNA983538,SAMN35729601,0-20 cm
China_S174,S174bin,8,China2018,In-house Data,China,Asia,Wetland,139391116,35.28111111,114.8736111,PRJNA983538,SAMN35729602,0-20 cm
China_S175,S175bin,26,China2018,In-house Data,China,Asia,Grassland,133416794,35.22777778,114.8311111,PRJNA983538,SAMN35729603,0-20 cm
China_S176,S176bin,14,China2018,In-house Data,China,Asia,Agricultural Land,131477748,35.20472222,114.7486111,PRJNA983538,SAMN35729604,0-20 cm
China_S177,S177bin,7,China2018,In-house Data,China,Asia,Agricultural Land,130341346,35.33527778,114.9025,PRJNA983538,SAMN35729605,0-20 cm
China_S178,S178bin,24,China2018,In-house Data,China,Asia,Agricultural Land,129740856,35.37,114.9216667,PRJNA983538,SAMN35729606,0-20 cm
China_S179,S179bin,51,China2018,In-house Data,China,Asia,Agricultural Land,149981634,44.575,129.7,PRJNA983538,SAMN35729607,0-20 cm
China_S18,S18rbin,15,China2018,In-house Data,China,Asia,Agricultural Land,149419160,34.32833333,112.3002778,PRJNA983538,SAMN35729608,0-20 cm
China_S180,S180bin,19,China2018,In-house Data,China,Asia,Agricultural Land,154157290,44.54944444,129.7413889,PRJNA983538,SAMN35729609,0-20 cm
China_S182,S182bin,16,China2018,In-house Data,China,Asia,Agricultural Land,128729146,45.74666667,126.5930556,PRJNA983538,SAMN35729610,0-20 cm
China_S184,S184bin,5,China2018,In-house Data,China,Asia,Forest,132241020,47.32861111,124.0794444,PRJNA983538,SAMN35729611,0-20 cm
China_S185,S185bin,19,China2018,In-house Data,China,Asia,Wetland,132455772,47.20055556,124.2113889,PRJNA983538,SAMN35729612,0-20 cm
China_S186,S186bin,10,China2018,In-house Data,China,Asia,Agricultural Land,146915438,47.32388889,124.0875,PRJNA983538,SAMN35729613,0-20 cm
China_S187,S187bin,15,China2018,In-house Data,China,Asia,Agricultural Land,150566388,46.61055556,126.8816667,PRJNA983538,SAMN35729614,0-20 cm
China_S188,S188bin,6,China2018,In-house Data,China,Asia,Forest,129373340,47.29444444,129.4255556,PRJNA983538,SAMN35729615,0-20 cm
China_S191,S191bin,32,China2018,In-house Data,China,Asia,Agricultural Land,141507556,30.10888889,114.9202778,PRJNA983538,SAMN35729616,0-20 cm
China_S193,S193bin,18,China2018,In-house Data,China,Asia,Forest,163017456,30.39666667,109.5719444,PRJNA983538,SAMN35729617,0-20 cm
China_S199,S199bin,3,China2018,In-house Data,China,Asia,Forest,139919380,30.19694444,114.9622222,PRJNA983538,SAMN35729618,0-20 cm
China_S2,S2rebin,13,China2018,In-house Data,China,Asia,Agricultural Land,139090464,34.78222222,111.7647222,PRJNA983538,SAMN35729619,0-20 cm
China_S20,S20rbin,19,China2018,In-house Data,China,Asia,Forest,129506476,32.32305556,113.6236111,PRJNA983538,SAMN35729620,0-20 cm
China_S209,S209bin,12,China2018,In-house Data,China,Asia,Wetland,138853288,29.50166667,112.8005556,PRJNA983538,SAMN35729621,0-20 cm
China_S21,S21rbin,34,China2018,In-house Data,China,Asia,Agricultural Land,159497654,32.32416667,113.6247222,PRJNA983538,SAMN35729622,0-20 cm
China_S211,S211bin,45,China2018,In-house Data,China,Asia,Agricultural Land,149805464,45.0125,124.9825,PRJNA983538,SAMN35729623,0-20 cm
China_S212,S212bin,0,China2018,In-house Data,China,Asia,Grassland,147918658,45.11861111,124.4161111,PRJNA983538,SAMN35729624,0-20 cm
China_S213,S213bin,9,China2018,In-house Data,China,Asia,Agricultural Land,146177940,42.94444444,128.4455556,PRJNA983538,SAMN35729625,0-20 cm
China_S215,S215bin,2,China2018,In-house Data,China,Asia,Forest,141399350,42.43138889,128.1169444,PRJNA983538,SAMN35729626,0-20 cm
China_S22,S22rbin,12,China2018,In-house Data,China,Asia,Agricultural Land,181526448,32.32416667,113.6247222,PRJNA983538,SAMN35729627,0-20 cm
China_S223,S223bin,9,China2018,In-house Data,China,Asia,Wetland,148354922,31.32277778,120.3511111,PRJNA983538,SAMN35729628,0-20 cm
China_S225,S225bin,9,China2018,In-house Data,China,Asia,Grassland,146406982,31.32388889,120.3530556,PRJNA983538,SAMN35729629,0-20 cm
China_S226,S226bin,29,China2018,In-house Data,China,Asia,Agricultural Land,130799832,32.96777778,120.0108333,PRJNA983538,SAMN35729630,0-20 cm
China_S227,S227bin,32,China2018,In-house Data,China,Asia,Agricultural Land,143116250,31.45972222,120.2483333,PRJNA983538,SAMN35729631,0-20 cm
China_S228,S228bin,6,China2018,In-house Data,China,Asia,Agricultural Land,145799510,31.53027778,120.3316667,PRJNA983538,SAMN35729632,0-20 cm
China_S23,S23rbin,7,China2018,In-house Data,China,Asia,Grassland,160054646,32.32388889,113.6244444,PRJNA983538,SAMN35729633,0-20 cm
China_S233,S233bin,18,China2018,In-house Data,China,Asia,Agricultural Land,167194778,27.16527778,115.0983333,PRJNA983538,SAMN35729634,0-20 cm
China_S234,S234bin,5,China2018,In-house Data,China,Asia,Wetland,129071226,27.13416667,114.9919444,PRJNA983538,SAMN35729635,0-20 cm
China_S237,S237bin,19,China2018,In-house Data,China,Asia,Agricultural Land,159681074,27.08083333,115.01,PRJNA983538,SAMN35729636,0-20 cm
China_S238,S238bin,10,China2018,In-house Data,China,Asia,Agricultural Land,135249956,27.11722222,115.0511111,PRJNA983538,SAMN35729637,0-20 cm
China_S239,S239bin,8,China2018,In-house Data,China,Asia,Agricultural Land,147439010,29.71166667,115.8525,PRJNA983538,SAMN35729638,0-20 cm
China_S24,S24rbin,4,China2018,In-house Data,China,Asia,Forest,168211276,32.31833333,110.02,PRJNA983538,SAMN35729639,0-20 cm
China_S242,S242bin,7,China2018,In-house Data,China,Asia,Grassland,145864726,29.58055556,115.9297222,PRJNA983538,SAMN35729640,0-20 cm
China_S244,S244bin,61,China2018,In-house Data,China,Asia,Agricultural Land,167075876,28.76805556,116.0538889,PRJNA983538,SAMN35729641,0-20 cm
China_S245,S245bin,5,China2018,In-house Data,China,Asia,Agricultural Land,167021344,28.775,116.0563889,PRJNA983538,SAMN35729642,0-20 cm
China_S246,S246bin,34,China2018,In-house Data,China,Asia,Grassland,166418298,28.78777778,115.7561111,PRJNA983538,SAMN35729643,0-20 cm
China_S248,S248bin,15,China2018,In-house Data,China,Asia,Agricultural Land,162812280,28.75694444,115.9283333,PRJNA983538,SAMN35729644,0-20 cm
China_S249,S249bin,12,China2018,In-house Data,China,Asia,Forest,148683106,27.05861111,115.0369444,PRJNA983538,SAMN35729645,0-20 cm
China_S25,S25rbin,18,China2018,In-house Data,China,Asia,Agricultural Land,138213376,32.34583333,110.0236111,PRJNA983538,SAMN35729646,0-20 cm
China_S250,S250bin,5,China2018,In-house Data,China,Asia,Forest,139099146,28.75138889,115.74,PRJNA983538,SAMN35729647,0-20 cm
China_S251,S251bin,37,China2018,In-house Data,China,Asia,Wetland,183920934,28.61222222,115.8344444,PRJNA983538,SAMN35729648,0-20 cm
China_S252,S252bin,5,China2018,In-house Data,China,Asia,Forest,167152964,41.12916667,124.1422222,PRJNA983538,SAMN35729649,0-20 cm
China_S253,S253bin,3,China2018,In-house Data,China,Asia,Forest,152334182,41.84722222,124.9333333,PRJNA983538,SAMN35729650,0-20 cm
China_S256,S256bin,13,China2018,In-house Data,China,Asia,Agricultural Land,167820170,41.01583333,122.405,PRJNA983538,SAMN35729651,0-20 cm
China_S257,S257bin,7,China2018,In-house Data,China,Asia,Wetland,171877084,41.01583333,122.405,PRJNA983538,SAMN35729652,0-20 cm
China_S258,S258bin,53,China2018,In-house Data,China,Asia,Agricultural Land,166086922,41.01583333,122.405,PRJNA983538,SAMN35729653,0-20 cm
China_S260,S260bin,4,China2018,In-house Data,China,Asia,Agricultural Land,157248958,41.77111111,123.4375,PRJNA983538,SAMN35729654,0-20 cm
China_S261,S261bin,28,China2018,In-house Data,China,Asia,Forest,142635648,41.91833333,123.6008333,PRJNA983538,SAMN35729655,0-20 cm
China_S262,S262bin,22,China2018,In-house Data,China,Asia,Wetland,156310504,41.91833333,123.6008333,PRJNA983538,SAMN35729656,0-20 cm
China_S263,S263bin,4,China2018,In-house Data,China,Asia,Agricultural Land,164635446,41.77083333,123.4386111,PRJNA983538,SAMN35729657,0-20 cm
China_S264,S264bin,66,China2018,In-house Data,China,Asia,Agricultural Land,163351416,41.64166667,123.6147222,PRJNA983538,SAMN35729658,0-20 cm
China_S265,S265bin,6,China2018,In-house Data,China,Asia,Agricultural Land,175536326,41.77111111,123.4375,PRJNA983538,SAMN35729659,0-20 cm
China_S268,S268bin,21,China2018,In-house Data,China,Asia,Agricultural Land,163612900,37.46361111,121.3783333,PRJNA983538,SAMN35729660,0-20 cm
China_S269,S269bin,8,China2018,In-house Data,China,Asia,Forest,146225046,37.52472222,121.3841667,PRJNA983538,SAMN35729661,0-20 cm
China_S270,S270bin,6,China2018,In-house Data,China,Asia,Grassland,151215184,37.52527778,121.3861111,PRJNA983538,SAMN35729662,0-20 cm
China_S271,S271bin,11,China2018,In-house Data,China,Asia,Agricultural Land,152776526,36.08,120.3641667,PRJNA983538,SAMN35729663,0-20 cm
China_S274,S274bin,15,China2018,In-house Data,China,Asia,Wetland,148820894,36.06444444,120.1038889,PRJNA983538,SAMN35729664,0-20 cm
China_S276,S276bin,19,China2018,In-house Data,China,Asia,Wetland,159977998,37.65305556,112.7463889,PRJNA983538,SAMN35729665,0-20 cm
China_S277,S277bin,10,China2018,In-house Data,China,Asia,Forest,166444088,37.54305556,112.3141667,PRJNA983538,SAMN35729666,0-20 cm
China_S279,S279bin,15,China2018,In-house Data,China,Asia,Forest,158514218,38.40416667,112.7461111,PRJNA983538,SAMN35729667,0-20 cm
China_S28,S28rbin,1,China2018,In-house Data,China,Asia,Forest,135126398,32.65944444,110.7952778,PRJNA983538,SAMN35729668,0-20 cm
China_S281,S281bin,7,China2018,In-house Data,China,Asia,Agricultural Land,139457790,37.51166667,112.3322222,PRJNA983538,SAMN35729669,0-20 cm
China_S283,S283bin,13,China2018,In-house Data,China,Asia,Agricultural Land,178010366,37.42166667,112.2986111,PRJNA983538,SAMN35729670,0-20 cm
China_S284,S284bin,15,China2018,In-house Data,China,Asia,Agricultural Land,156666812,37.42166667,112.2986111,PRJNA983538,SAMN35729671,0-20 cm
China_S285,S285bin,13,China2018,In-house Data,China,Asia,Wetland,156245732,39.22027778,113.3891667,PRJNA983538,SAMN35729672,0-20 cm
China_S286,S286bin,9,China2018,In-house Data,China,Asia,Agricultural Land,159740894,39.22416667,113.3980556,PRJNA983538,SAMN35729673,0-20 cm
China_S287,S287bin,10,China2018,In-house Data,China,Asia,Grassland,155005590,38.71833333,111.8375,PRJNA983538,SAMN35729674,0-20 cm
China_S288,S288bin,14,China2018,In-house Data,China,Asia,Agricultural Land,126544742,34.2525,108.9830556,PRJNA983538,SAMN35729675,0-20 cm
China_S29,S29rbin,16,China2018,In-house Data,China,Asia,Forest,141147394,29.26416667,113.1183333,PRJNA983538,SAMN35729676,0-20 cm
China_S290,S290bin,11,China2018,In-house Data,China,Asia,Wetland,159903870,34.41083333,108.9980556,PRJNA983538,SAMN35729677,0-20 cm
China_S296,S296bin,14,China2018,In-house Data,China,Asia,Agricultural Land,161386096,34.04972222,108.9091667,PRJNA983538,SAMN35729678,0-20 cm
China_S297,S297bin,16,China2018,In-house Data,China,Asia,Agricultural Land,155750338,34.41305556,109.1386111,PRJNA983538,SAMN35729679,0-20 cm
China_S3,S3rebin,7,China2018,In-house Data,China,Asia,Forest,136217924,33.18166667,113.86,PRJNA983538,SAMN35729680,0-20 cm
China_S308,S308bin,15,China2018,In-house Data,China,Asia,Agricultural Land,131131278,28.83166667,104.6163889,PRJNA983538,SAMN35729681,0-20 cm
China_S309,S309bin,21,China2018,In-house Data,China,Asia,Agricultural Land,126721660,29.625,103.5680556,PRJNA983538,SAMN35729682,0-20 cm
China_S310,S310bin,3,China2018,In-house Data,China,Asia,Wetland,162958950,27.85194444,102.2675,PRJNA983538,SAMN35729683,0-20 cm
China_S311,S311bin,3,China2018,In-house Data,China,Asia,Grassland,147583260,27.87388889,102.5163889,PRJNA983538,SAMN35729684,0-20 cm
China_S312,S312bin,18,China2018,In-house Data,China,Asia,Agricultural Land,163724992,38.98472222,117.15,PRJNA983538,SAMN35729685,0-20 cm
China_S313,S313bin,23,China2018,In-house Data,China,Asia,Wetland,165078430,38.99638889,117.1397222,PRJNA983538,SAMN35729686,0-20 cm
China_S315,S315bin,7,China2018,In-house Data,China,Asia,Agricultural Land,133932452,38.92111111,117.5336111,PRJNA983538,SAMN35729687,0-20 cm
China_S317,S317bin,11,China2018,In-house Data,China,Asia,Forest,172786234,39.07361111,117.1497222,PRJNA983538,SAMN35729688,0-20 cm
China_S318,S318bin,8,China2018,In-house Data,China,Asia,Agricultural Land,166579560,39.21916667,117.1230556,PRJNA983538,SAMN35729689,0-20 cm
China_S32,S32rbin,16,China2018,In-house Data,China,Asia,Agricultural Land,142362178,29.43583333,113.0172222,PRJNA983538,SAMN35729690,0-20 cm
China_S321,S321bin,13,China2018,In-house Data,China,Asia,Agricultural Land,169250744,39.04416667,117.6555556,PRJNA983538,SAMN35729691,0-20 cm
China_S324,S324bin,41,China2018,In-house Data,China,Asia,Wetland,164915596,39.27666667,117.4744444,PRJNA983538,SAMN35729692,0-20 cm
China_S325,S325bin,8,China2018,In-house Data,China,Asia,Agricultural Land,171099092,39.54694444,117.0319444,PRJNA983538,SAMN35729693,0-20 cm
China_S326,S326bin,17,China2018,In-house Data,China,Asia,Agricultural Land,170114742,39.61111111,117.025,PRJNA983538,SAMN35729694,0-20 cm
China_S328,S328bin,10,China2018,In-house Data,China,Asia,Agricultural Land,168647324,25.58666667,100.32,PRJNA983538,SAMN35729695,0-20 cm
China_S329,S329bin,23,China2018,In-house Data,China,Asia,Forest,156668612,25.57972222,100.335,PRJNA983538,SAMN35729696,0-20 cm
China_S330,S330bin,8,China2018,In-house Data,China,Asia,Agricultural Land,171254400,25.68666667,100.3877778,PRJNA983538,SAMN35729697,0-20 cm
China_S331,S331bin,8,China2018,In-house Data,China,Asia,Agricultural Land,164259284,25.60333333,100.2477778,PRJNA983538,SAMN35729698,0-20 cm
China_S332,S332bin,0,China2018,In-house Data,China,Asia,Agricultural Land,162494992,26.75861111,100.6683333,PRJNA983538,SAMN35729699,0-20 cm
China_S333,S333bin,21,China2018,In-house Data,China,Asia,Agricultural Land,168798058,26.77305556,100.6725,PRJNA983538,SAMN35729700,0-20 cm
China_S334,S334bin,14,China2018,In-house Data,China,Asia,Wetland,168633486,26.86611111,100.1480556,PRJNA983538,SAMN35729701,0-20 cm
China_S335,S335bin,19,China2018,In-house Data,China,Asia,Forest,138626708,26.96027778,100.2008333,PRJNA983538,SAMN35729702,0-20 cm
China_S339,S339bin,3,China2018,In-house Data,China,Asia,Agricultural Land,129293352,29.69777778,107.3813889,PRJNA983538,SAMN35729703,0-20 cm
China_S340,S340bin,0,China2018,In-house Data,China,Asia,Forest,167589302,29.565,107.6077778,PRJNA983538,SAMN35729704,0-20 cm
China_S342,S342bin,4,China2018,In-house Data,China,Asia,Agricultural Land,155864732,29.5125,106.4722222,PRJNA983538,SAMN35729705,0-20 cm
China_S344,S344bin,12,China2018,In-house Data,China,Asia,Grassland,176179918,29.58472222,107.6005556,PRJNA983538,SAMN35729706,0-20 cm
China_S35,S35rbin,10,China2018,In-house Data,China,Asia,Agricultural Land,143018280,25.89861111,113.0055556,PRJNA983538,SAMN35729707,0-20 cm
China_S351,S351bin,27,China2018,In-house Data,China,Asia,Agricultural Land,135028126,29.47055556,107.1438889,PRJNA983538,SAMN35729708,0-20 cm
China_S354,S354bin,25,China2018,In-house Data,China,Asia,Agricultural Land,175595994,29.46166667,107.11,PRJNA983538,SAMN35729709,0-20 cm
China_S361,S361bin,10,China2018,In-house Data,China,Asia,Grassland,168636074,28.96666667,118.8536111,PRJNA983538,SAMN35729710,0-20 cm
China_S363,S363bin,2,China2018,In-house Data,China,Asia,Agricultural Land,169859898,30.66861111,120.5177778,PRJNA983538,SAMN35729711,0-20 cm
China_S366,S366bin,86,China2018,In-house Data,China,Asia,Agricultural Land,203830910,30.66305556,120.4575,PRJNA983538,SAMN35729712,0-20 cm
China_S369,S369bin,3,China2018,In-house Data,China,Asia,Grassland,158702152,33.67472222,88,PRJNA983538,SAMN35729713,0-20 cm
China_S37,S37rbin,12,China2018,In-house Data,China,Asia,Grassland,188682876,25.89333333,113.0036111,PRJNA983538,SAMN35729714,0-20 cm
China_S379,S379bin,8,China2018,In-house Data,China,Asia,Grassland,170636776,47.34777778,81.284477,PRJNA983538,SAMN35729715,0-20 cm
China_S38,S38rbin,9,China2018,In-house Data,China,Asia,Agricultural Land,141498546,25.8,113.0225,PRJNA983538,SAMN35729716,0-20 cm
China_S380,S380bin,9,China2018,In-house Data,China,Asia,Grassland,173511062,43.86305556,84.030165,PRJNA983538,SAMN35729717,0-20 cm
China_S381,S381bin,11,China2018,In-house Data,China,Asia,Grassland,129181340,43.26583333,88.150153,PRJNA983538,SAMN35729718,0-20 cm
China_S383,S383bin,9,China2018,In-house Data,China,Asia,Grassland,127087084,47.35222222,87.843463,PRJNA983538,SAMN35729719,0-20 cm
China_S384,S384bin,3,China2018,In-house Data,China,Asia,Agricultural Land,152589282,28.498423,119.904275,PRJNA983538,SAMN35729720,0-20 cm
China_S385,S385bin,13,China2018,In-house Data,China,Asia,Agricultural Land,172269472,28.498423,119.904275,PRJNA983538,SAMN35729721,0-20 cm
China_S386,S386bin,11,China2018,In-house Data,China,Asia,Agricultural Land,128566444,28.498423,119.904275,PRJNA983538,SAMN35729722,0-20 cm
China_S387,S387bin,43,China2018,In-house Data,China,Asia,Agricultural Land,189575162,28.498423,119.904275,PRJNA983538,SAMN35729723,0-20 cm
China_S389,S389bin,7,China2018,In-house Data,China,Asia,Wetland,163013456,28.498423,119.904275,PRJNA983538,SAMN35729724,0-20 cm
China_S390,S390bin,29,China2018,In-house Data,China,Asia,Agricultural Land,172141628,35.207199,114.675606,PRJNA983538,SAMN35729725,0-20 cm
China_S391,S391bin,4,China2018,In-house Data,China,Asia,Agricultural Land,169908514,29.573145,103.749543,PRJNA983538,SAMN35729726,0-20 cm
China_S393,S393bin,8,China2018,In-house Data,China,Asia,Agricultural Land,170501854,29.660384,115.952035,PRJNA983538,SAMN35729727,0-20 cm
China_S394,S394bin,5,China2018,In-house Data,China,Asia,Forest,152833340,19.16075,110.452374,PRJNA983538,SAMN35729728,0-20 cm
China_S4,S4rebin,17,China2018,In-house Data,China,Asia,Agricultural Land,156939410,32.96,113.0766667,PRJNA983538,SAMN35729729,0-20 cm
China_S400,S400bin,17,China2018,In-house Data,China,Asia,Agricultural Land,137457846,39.11283,117.206366,PRJNA983538,SAMN35729730,0-20 cm
China_S401,S401bin,7,China2018,In-house Data,China,Asia,Forest,172349696,39.938258,116.414341,PRJNA983538,SAMN35729731,0-20 cm
China_S402,S402bin,19,China2018,In-house Data,China,Asia,Agricultural Land,176334650,38.87527,115.494457,PRJNA983538,SAMN35729732,0-20 cm
China_S403,S403bin,13,China2018,In-house Data,China,Asia,Agricultural Land,171705062,47.368768,123.926294,PRJNA983538,SAMN35729733,0-20 cm
China_S404,S404bin,8,China2018,In-house Data,China,Asia,Wetland,136416870,39.938258,116.414341,PRJNA983538,SAMN35729734,0-20 cm
China_S405,S405bin,8,China2018,In-house Data,China,Asia,Agricultural Land,168531192,39.929738,116.401988,PRJNA983538,SAMN35729735,0-20 cm
China_S406,S406bin,55,China2018,In-house Data,China,Asia,Agricultural Land,168840860,27.756161,118.023465,PRJNA983538,SAMN35729736,0-20 cm
China_S408,S408bin,12,China2018,In-house Data,China,Asia,Grassland,139033288,37.757745,115.669078,PRJNA983538,SAMN35729737,0-20 cm
China_S412,S412bin,11,China2018,In-house Data,China,Asia,Grassland,163605714,36.257226,100.485006,PRJNA983538,SAMN35729738,0-20 cm
China_S42,S42rbin,12,China2018,In-house Data,China,Asia,Agricultural Land,145963158,27.14611111,110.0333333,PRJNA983538,SAMN35729739,0-20 cm
China_S46,S46rbin,26,China2018,In-house Data,China,Asia,Agricultural Land,144439620,36.39888889,118.0186111,PRJNA983538,SAMN35729740,0-20 cm
China_S47,S47rbin,18,China2018,In-house Data,China,Asia,Agricultural Land,140928326,36.44611111,117.9688889,PRJNA983538,SAMN35729741,0-20 cm
China_S48,S48rbin,8,China2018,In-house Data,China,Asia,Forest,146078204,36.40777778,118.0188889,PRJNA983538,SAMN35729742,0-20 cm
China_S49,S49rbin,5,China2018,In-house Data,China,Asia,Agricultural Land,139231326,36.51472222,117.8552778,PRJNA983538,SAMN35729743,0-20 cm
China_S5,S5rebin,42,China2018,In-house Data,China,Asia,Agricultural Land,131634992,32.9625,113.77,PRJNA983538,SAMN35729744,0-20 cm
China_S50,S50rbin,11,China2018,In-house Data,China,Asia,Agricultural Land,125393980,37.58166667,118.0441667,PRJNA983538,SAMN35729745,0-20 cm
China_S51,S51rbin,3,China2018,In-house Data,China,Asia,Wetland,128100070,37.3825,117.9502778,PRJNA983538,SAMN35729746,0-20 cm
China_S52,S52rbin,3,China2018,In-house Data,China,Asia,Agricultural Land,148347166,37.40222222,117.9291667,PRJNA983538,SAMN35729747,0-20 cm
China_S56,S56rbin,17,China2018,In-house Data,China,Asia,Agricultural Land,144366270,30.65416667,117.4133333,PRJNA983538,SAMN35729748,0-20 cm
China_S57,S57rbin,7,China2018,In-house Data,China,Asia,Agricultural Land,159231998,30.65416667,117.4161111,PRJNA983538,SAMN35729749,0-20 cm
China_S58,S58rbin,6,China2018,In-house Data,China,Asia,Agricultural Land,128384538,30.64388889,117.4930556,PRJNA983538,SAMN35729750,0-20 cm
China_S59,S59rbin,9,China2018,In-house Data,China,Asia,Wetland,132478246,30.64388889,117.4927778,PRJNA983538,SAMN35729751,0-20 cm
China_S6,S6rebin,9,China2018,In-house Data,China,Asia,Wetland,133443928,33.00277778,112.5905556,PRJNA983538,SAMN35729752,0-20 cm
China_S60,S60rbin,8,China2018,In-house Data,China,Asia,Forest,140530314,30.64111111,117.5011111,PRJNA983538,SAMN35729753,0-20 cm
China_S61,S61rbin,8,China2018,In-house Data,China,Asia,Grassland,164914388,30.63333333,117.4869444,PRJNA983538,SAMN35729754,0-20 cm
China_S62,S62rbin,30,China2018,In-house Data,China,Asia,Agricultural Land,144236268,30.64527778,117.4222222,PRJNA983538,SAMN35729755,0-20 cm
China_S63,S63rbin,12,China2018,In-house Data,China,Asia,Wetland,155215686,31.90083333,117.2427778,PRJNA983538,SAMN35729756,0-20 cm
China_S66,S66rbin,4,China2018,In-house Data,China,Asia,Agricultural Land,165981104,31.67638889,117.2208333,PRJNA983538,SAMN35729757,0-20 cm
China_S69,S69rbin,12,China2018,In-house Data,China,Asia,Forest,152929062,30.83416667,117.1713889,PRJNA983538,SAMN35729758,0-20 cm
China_S7,S7rebin,4,China2018,In-house Data,China,Asia,Grassland,135144246,33.00277778,112.5908333,PRJNA983538,SAMN35729759,0-20 cm
China_S70,S70rbin,17,China2018,In-house Data,China,Asia,Agricultural Land,132844822,31.25,118.32,PRJNA983538,SAMN35729760,0-20 cm
China_S72,S72rbin,14,China2018,In-house Data,China,Asia,Agricultural Land,137180874,31.23694444,118.22,PRJNA983538,SAMN35729761,0-20 cm
China_S75,S75rbin,56,China2018,In-house Data,China,Asia,Agricultural Land,128272004,31.23694444,118.31,PRJNA983538,SAMN35729762,0-20 cm
China_S76,S76rbin,5,China2018,In-house Data,China,Asia,Forest,149562012,31.27694444,118.2980556,PRJNA983538,SAMN35729763,0-20 cm
China_S77,S77rbin,6,China2018,In-house Data,China,Asia,Agricultural Land,134496320,39.63138889,116.585,PRJNA983538,SAMN35729764,0-20 cm
China_S8,S8rebin,12,China2018,In-house Data,China,Asia,Forest,150110782,34.4125,113.57,PRJNA983538,SAMN35729765,0-20 cm
China_S9,S9rebin,7,China2018,In-house Data,China,Asia,Agricultural Land,154207642,34.68861111,113.5530556,PRJNA983538,SAMN35729766,0-20 cm
China_S91,S91rbin,21,China2018,In-house Data,China,Asia,Agricultural Land,174254678,27.73972222,118.0672222,PRJNA983538,SAMN35729767,0-20 cm
China_S92,S92rbin,2,China2018,In-house Data,China,Asia,Agricultural Land,171751370,27.76083333,118.0305556,PRJNA983538,SAMN35729768,0-20 cm
chrono_s1,zpcx_1rbin,16,zpcx,In-house Data,China,Asia,Agricultural Land,152767652,30.18,121.35,PRJNA983538,SAMN35729409,0-20 cm
chrono_s11,zpcx_11bin,14,zpcx,In-house Data,China,Asia,Agricultural Land,156701678,30.18,121.35,PRJNA983538,SAMN35729410,0-20 cm
chrono_s12,zpcx_12bin,12,zpcx,In-house Data,China,Asia,Agricultural Land,151411122,30.18,121.35,PRJNA983538,SAMN35729411,0-20 cm
chrono_s13,zpcx_13bin,22,zpcx,In-house Data,China,Asia,Agricultural Land,188802486,30.18,121.35,PRJNA983538,SAMN35729412,0-20 cm
chrono_s16,zpcx_16bin,18,zpcx,In-house Data,China,Asia,Agricultural Land,162807204,30.18,121.35,PRJNA983538,SAMN35729413,0-20 cm
chrono_s17,zpcx_17bin,26,zpcx,In-house Data,China,Asia,Agricultural Land,198898964,30.18,121.35,PRJNA983538,SAMN35729414,0-20 cm
chrono_s18,zpcx_18bin,22,zpcx,In-house Data,China,Asia,Agricultural Land,171800480,30.18,121.35,PRJNA983538,SAMN35729415,0-20 cm
chrono_s2,zpcx_21bin,16,zpcx,In-house Data,China,Asia,Agricultural Land,144918316,30.18,121.35,PRJNA983538,SAMN35729416,0-20 cm
chrono_s21,zpcx_22bin,16,zpcx,In-house Data,China,Asia,Agricultural Land,203175382,30.18,121.35,PRJNA983538,SAMN35729417,0-20 cm
chrono_s22,zpcx_23bin,5,zpcx,In-house Data,China,Asia,Agricultural Land,154748668,30.18,121.35,PRJNA983538,SAMN35729418,0-20 cm
chrono_s23,zpcx_26bin,26,zpcx,In-house Data,China,Asia,Agricultural Land,231710398,30.18,121.35,PRJNA983538,SAMN35729419,0-20 cm
chrono_s26,zpcx_27bin,20,zpcx,In-house Data,China,Asia,Agricultural Land,166751896,30.18,121.35,PRJNA983538,SAMN35729420,0-20 cm
chrono_s27,zpcx_28bin,16,zpcx,In-house Data,China,Asia,Agricultural Land,170444916,30.18,121.35,PRJNA983538,SAMN35729421,0-20 cm
chrono_s28,zpcx_2rbin,15,zpcx,In-house Data,China,Asia,Agricultural Land,167628880,30.18,121.35,PRJNA983538,SAMN35729422,0-20 cm
chrono_s3,zpcx_31bin,18,zpcx,In-house Data,China,Asia,Agricultural Land,169512406,30.18,121.35,PRJNA983538,SAMN35729423,0-20 cm
chrono_s31,zpcx_32bin,7,zpcx,In-house Data,China,Asia,Agricultural Land,159617250,30.18,121.35,PRJNA983538,SAMN35729424,0-20 cm
chrono_s32,zpcx_33bin,12,zpcx,In-house Data,China,Asia,Agricultural Land,200503744,30.18,121.35,PRJNA983538,SAMN35729425,0-20 cm
chrono_s33,zpcx_3rbin,26,zpcx,In-house Data,China,Asia,Agricultural Land,246759678,30.18,121.35,PRJNA983538,SAMN35729426,0-20 cm
chrono_s6,zpcx_6rbin,13,zpcx,In-house Data,China,Asia,Agricultural Land,167256724,30.18,121.35,PRJNA983538,SAMN35729427,0-20 cm
chrono_s7,zpcx_7rbin,24,zpcx,In-house Data,China,Asia,Agricultural Land,180674514,30.18,121.35,PRJNA983538,SAMN35729428,0-20 cm
chrono_s8,zpcx_8rbin,38,zpcx,In-house Data,China,Asia,Agricultural Land,153462578,30.18,121.35,PRJNA983538,SAMN35729429,0-20 cm
Cjian1_BDME190026006,Cjian1_bin,14,hzbay,In-house Data,China,Asia,Wetland,72937558,30.39,121.27,PRJNA983538,SAMN35729464,0-20 cm
Cjian2_BDME190025878,Cjian2_bin,5,hzbay,In-house Data,China,Asia,Wetland,63854468,30.39,121.27,PRJNA983538,SAMN35729465,0-20 cm
Cjian3_BDME190025999,Cjian3_BDME190025999,0,hzbay,In-house Data,China,Asia,Wetland,83984450,30.39,121.27,PRJNA983538,SAMN35729466,0-20 cm
Cjian4_BDME190026011,Cjian4_bin,7,hzbay,In-house Data,China,Asia,Wetland,79057008,30.39,121.27,PRJNA983538,SAMN35729467,0-20 cm
Cjian5_BDME190026015,Cjian5_bin,11,hzbay,In-house Data,China,Asia,Wetland,65170846,30.39,121.27,PRJNA983538,SAMN35729468,0-20 cm
Cshang1_BDME190026004,Cshang1bin,23,hzbay,In-house Data,China,Asia,Bare Land,138110320,30.39,121.27,PRJNA983538,SAMN35729469,0-20 cm
Cshang2_BDME190026008,Cshang2bin,25,hzbay,In-house Data,China,Asia,Bare Land,165955920,30.39,121.27,PRJNA983538,SAMN35729470,0-20 cm
Cshang3_BDME190025998,Cshang3_BDME190025998,0,hzbay,In-house Data,China,Asia,Bare Land,79134092,30.39,121.27,PRJNA983538,SAMN35729471,0-20 cm
Cshang4_BDME190026010,Cshang4bin,11,hzbay,In-house Data,China,Asia,Bare Land,71293088,30.39,121.27,PRJNA983538,SAMN35729472,0-20 cm
Cshang5_BDME190601163,Cshang5bin,15,hzbay,In-house Data,China,Asia,Bare Land,100319366,30.39,121.27,PRJNA983538,SAMN35729473,0-20 cm
Ctu1_BDME190026003,Ctu1_BDbin,15,hzbay,In-house Data,China,Asia,Bare Land,83342600,30.39,121.27,PRJNA983538,SAMN35729474,0-20 cm
Ctu3_BDME190025997,Ctu3_BDME190025997,0,hzbay,In-house Data,China,Asia,Bare Land,59555324,30.39,121.27,PRJNA983538,SAMN35729475,0-20 cm
Ctu4_BDME190026009,Ctu4_BDbin,9,hzbay,In-house Data,China,Asia,Bare Land,63984246,30.39,121.27,PRJNA983538,SAMN35729476,0-20 cm
Ctu5_BDME190026013,Ctu5_BDbin,14,hzbay,In-house Data,China,Asia,Bare Land,93565280,30.39,121.27,PRJNA983538,SAMN35729477,0-20 cm
Cxia1_BDME190026007,Cxia1_Bbin,4,hzbay,In-house Data,China,Asia,Wetland,81082964,30.39,121.27,PRJNA983538,SAMN35729478,0-20 cm
Cxia2_BDME190025877,Cxia2_BDME190025877,0,hzbay,In-house Data,China,Asia,Wetland,75973584,30.39,121.27,PRJNA983538,SAMN35729479,0-20 cm
Cxia3_BDME190026000,Cxia3_Bbin,12,hzbay,In-house Data,China,Asia,Wetland,66010020,30.39,121.27,PRJNA983538,SAMN35729480,0-20 cm
Cxia4_BDME190026012,Cxia4_Bbin,12,hzbay,In-house Data,China,Asia,Wetland,80873888,30.39,121.27,PRJNA983538,SAMN35729481,0-20 cm
Cxia5_BDME190026016,Cxia5_Bbin,12,hzbay,In-house Data,China,Asia,Wetland,83325402,30.39,121.27,PRJNA983538,SAMN35729482,0-20 cm
D1_EDME210000097,D1rbin,13,Europe,In-house Data,United Kingdom,Europe,Agricultural Land,96348974,53.47,-2.23,PRJNA983538,SAMN35729430,0-20 cm
D2_EDME210000098,D2rbin,14,Europe,In-house Data,United Kingdom,Europe,Agricultural Land,98650012,53.47,-2.24,PRJNA983538,SAMN35729431,0-20 cm
D3_EDME210000099,D3rbin,20,Europe,In-house Data,United Kingdom,Europe,Agricultural Land,104881367,53.47,-2.23,PRJNA983538,SAMN35729432,0-20 cm
D4_EDME210000100,D4rbin,15,Europe,In-house Data,United Kingdom,Europe,Agricultural Land,99458203,53.47,-2.23,PRJNA983538,SAMN35729433,0-20 cm
D5_EDME210000101,D5rbin,9,Europe,In-house Data,United Kingdom,Europe,Agricultural Land,96575553,53.47,-2.23,PRJNA983538,SAMN35729434,0-20 cm
D6_EDME210000102,D6rbin,22,Europe,In-house Data,United Kingdom,Europe,Agricultural Land,108839084,53.47,-2.24,PRJNA983538,SAMN35729435,0-20 cm
DRR101455,DRR101455rebin,10,SRA,Public Data,China,Asia,Agricultural Land,95418114,32.479787,119.136439,PRJDB6359,SAMD00093652,20 cm
DRR101456,DRR101456rebin,12,SRA,Public Data,China,Asia,Agricultural Land,85941850,32.479787,119.136439,PRJDB6359,SAMD00093653,20 cm
DRR101457,DRR101457rebin,10,SRA,Public Data,China,Asia,Agricultural Land,68724444,32.479787,119.136439,PRJDB6359,SAMD00093654,20 cm
DRR101458,DRR101458rebin,10,SRA,Public Data,China,Asia,Agricultural Land,65085810,32.479787,119.136439,PRJDB6359,SAMD00093655,20 cm
DRR101459,DRR101459rebin,10,SRA,Public Data,China,Asia,Agricultural Land,78295772,32.479787,119.136439,PRJDB6359,SAMD00093656,20 cm
DRR101460,DRR101460rebin,10,SRA,Public Data,China,Asia,Agricultural Land,80231040,32.479787,119.136439,PRJDB6359,SAMD00093657,20 cm
DRR101462,DRR101462rebin,10,SRA,Public Data,China,Asia,Agricultural Land,82830694,32.479787,119.136439,PRJDB6359,SAMD00093659,20 cm
DRR101463,DRR101463rebin,15,SRA,Public Data,China,Asia,Agricultural Land,70496050,32.479787,119.136439,PRJDB6359,SAMD00093660,20 cm
DRR101464,DRR101464rebin,10,SRA,Public Data,China,Asia,Agricultural Land,88452292,32.479787,119.136439,PRJDB6359,SAMD00093661,20 cm
DRR101465,DRR101465rebin,10,SRA,Public Data,China,Asia,Agricultural Land,82264390,32.479787,119.136439,PRJDB6359,SAMD00093662,20 cm
DRR160703,DRR160703rebin,9,SRA,Public Data,Japan,Asia,Agricultural Land,18200596,32.889,130.766,PRJDB7705,SAMD00152194,5-10 cm
DRR160704,DRR160704rebin,9,SRA,Public Data,Japan,Asia,Agricultural Land,18862080,32.889,130.766,PRJDB7705,SAMD00152195,5-10 cm
DRR160705,DRR160705rebin,10,SRA,Public Data,Japan,Asia,Agricultural Land,20436774,32.889,130.766,PRJDB7705,SAMD00152196,5-10 cm
DRR160706,DRR160706rebin,10,SRA,Public Data,Japan,Asia,Agricultural Land,14336930,32.889,130.766,PRJDB7705,SAMD00152197,5-10 cm
DRR160707,DRR160707rebin,10,SRA,Public Data,Japan,Asia,Agricultural Land,17444032,32.889,130.766,PRJDB7705,SAMD00152198,5-10 cm
DRR160708,DRR160708rebin,10,SRA,Public Data,Japan,Asia,Agricultural Land,17588572,32.889,130.766,PRJDB7705,SAMD00152199,5-10 cm
DRR160709,DRR160709rebin,10,SRA,Public Data,Japan,Asia,Agricultural Land,18882910,35.735,139.539,PRJDB7705,SAMD00152200,5-10 cm
DRR160710,DRR160710rebin,10,SRA,Public Data,Japan,Asia,Agricultural Land,29306760,35.735,139.539,PRJDB7705,SAMD00152201,5-10 cm
DRR160711,DRR160711rebin,10,SRA,Public Data,Japan,Asia,Agricultural Land,22844418,35.735,139.539,PRJDB7705,SAMD00152202,5-10 cm
DRR160712,DRR160712rebin,10,SRA,Public Data,Japan,Asia,Agricultural Land,17366436,35.735,139.539,PRJDB7705,SAMD00152203,5-10 cm
DRR160713,DRR160713rebin,10,SRA,Public Data,Japan,Asia,Agricultural Land,18527476,35.735,139.539,PRJDB7705,SAMD00152204,5-10 cm
DRR160714,DRR160714rebin,8,SRA,Public Data,Japan,Asia,Agricultural Land,21003722,35.735,139.539,PRJDB7705,SAMD00152205,5-10 cm
DRR160715,DRR160715rebin,2,SRA,Public Data,Japan,Asia,Agricultural Land,19641540,38.249,140.244,PRJDB7705,SAMD00152206,5-10 cm
DRR160716,DRR160716rebin,1,SRA,Public Data,Japan,Asia,Agricultural Land,18325292,38.249,140.244,PRJDB7705,SAMD00152207,5-10 cm
DRR160717,DRR160717rebin,1,SRA,Public Data,Japan,Asia,Agricultural Land,17337496,38.249,140.244,PRJDB7705,SAMD00152208,5-10 cm
DRR160718,DRR160718,0,SRA,Public Data,Japan,Asia,Agricultural Land,23899384,38.249,140.244,PRJDB7705,SAMD00152209,5-10 cm
DRR160719,DRR160719,0,SRA,Public Data,Japan,Asia,Agricultural Land,23693192,38.249,140.244,PRJDB7705,SAMD00152210,5-10 cm
DRR160720,DRR160720,0,SRA,Public Data,Japan,Asia,Agricultural Land,22017114,38.249,140.244,PRJDB7705,SAMD00152211,5-10 cm
ED1_EDME210000088,ED1bin,1,Europe,In-house Data,United Kingdom,Europe,Agricultural Land,93916117,55.94,-3.22,PRJNA983538,SAMN35729436,0-20 cm
ED2_EDME210000089,ED2bin,12,Europe,In-house Data,United Kingdom,Europe,Agricultural Land,124226052,55.94,-3.22,PRJNA983538,SAMN35729437,0-20 cm
ED3_EDME210000090,ED3bin,4,Europe,In-house Data,United Kingdom,Europe,Agricultural Land,82889575,55.94,-3.22,PRJNA983538,SAMN35729438,0-20 cm
ERR1051325,ERR1051325rbin,31,SRA,Public Data,United States,North America,Grassland,226336276,34.98167,-97.52056,PRJEB10725,SAMEA3539316,10 cm
ERR4660996,ERR4660996bin,4,Africa,Public Data,Tanzania,Africa,Bare Land,48853774,-3.076,37.353,PRJEB37811,SAMEA7379553,15 cm
ERR4660997,ERR4660997rbin,2,Africa,Public Data,Tanzania,Africa,Bare Land,54866278,-3.076,37.353,PRJEB37811,SAMEA7379554,15 cm
ERR4660998,ERR4660998rbin,4,Africa,Public Data,Tanzania,Africa,Bare Land,43827732,-3.076,37.353,PRJEB37811,SAMEA7379555,15 cm
ERR4660999,ERR4660999rbin,1,Africa,Public Data,Tanzania,Africa,Bare Land,48252776,-3.076,37.353,PRJEB37811,SAMEA7379556,15 cm
ERR4661000,ERR4661000rbin,2,Africa,Public Data,Tanzania,Africa,Bare Land,52816048,-3.076,37.353,PRJEB37811,SAMEA7379557,15 cm
ERR4661001,ERR4661001rbin,2,Africa,Public Data,Tanzania,Africa,Bare Land,57638066,-3.076,37.353,PRJEB37811,SAMEA7379558,15 cm
ERR4661002,ERR4661002,0,Africa,Public Data,Tanzania,Africa,Bare Land,53546754,-3.076,37.353,PRJEB37811,SAMEA7379559,15 cm
ERR4661003,ERR4661003rbin,6,Africa,Public Data,Tanzania,Africa,Bare Land,66567480,-3.076,37.353,PRJEB37811,SAMEA7379560,15 cm
ERR4661004,ERR4661004rbin,7,Africa,Public Data,Tanzania,Africa,Bare Land,47731272,-3.076,37.353,PRJEB37811,SAMEA7379561,15 cm
ERR4661005,ERR4661005rbin,3,Africa,Public Data,Tanzania,Africa,Bare Land,59651162,-3.076,37.353,PRJEB37811,SAMEA7379562,15 cm
ERR4661006,ERR4661006rbin,6,Africa,Public Data,Tanzania,Africa,Bare Land,42551124,-3.076,37.353,PRJEB37811,SAMEA7379563,15 cm
ERR4661007,ERR4661007bin,6,Africa,Public Data,Tanzania,Africa,Bare Land,51095290,-3.076,37.353,PRJEB37811,SAMEA7379564,15 cm
ERR4661008,ERR4661008rbin,1,Africa,Public Data,Tanzania,Africa,Bare Land,61099088,-3.076,37.353,PRJEB37811,SAMEA7379565,15 cm
ERR4661009,ERR4661009,0,Africa,Public Data,Tanzania,Africa,Bare Land,57055668,-3.076,37.353,PRJEB37811,SAMEA7379566,15 cm
ERR4661010,ERR4661010rbin,4,Africa,Public Data,Tanzania,Africa,Bare Land,66745718,-3.076,37.353,PRJEB37811,SAMEA7379567,15 cm
ERR4661011,ERR4661011rbin,5,Africa,Public Data,Tanzania,Africa,Bare Land,47263512,-3.076,37.353,PRJEB37811,SAMEA7379568,15 cm
ERR4661012,ERR4661012rbin,4,Africa,Public Data,Tanzania,Africa,Bare Land,60244504,-3.076,37.353,PRJEB37811,SAMEA7379569,15 cm
ERR4661013,ERR4661013rbin,2,Africa,Public Data,Tanzania,Africa,Bare Land,58106474,-3.076,37.353,PRJEB37811,SAMEA7379570,15 cm
ERR4661014,ERR4661014rbin,3,Africa,Public Data,Tanzania,Africa,Bare Land,65307374,-3.076,37.353,PRJEB37811,SAMEA7379571,15 cm
ERR4661015,ERR4661015rbin,6,Africa,Public Data,Tanzania,Africa,Bare Land,65792698,-3.076,37.353,PRJEB37811,SAMEA7379572,15 cm
GM1_EDME210000094,GM1bin,31,Europe,In-house Data,Germany,Europe,Forest,98564255,52.46,13.27,PRJNA983538,SAMN35729439,0-20 cm
GM2_EDME210000095,GM2bin,15,Europe,In-house Data,Germany,Europe,Wetland,81880072,52.47,13.26,PRJNA983538,SAMN35729440,0-20 cm
GM3_EDME210000096,GM3bin,6,Europe,In-house Data,Germany,Europe,Forest,78429387,52.46,13.3,PRJNA983538,SAMN35729441,0-20 cm
innerS10,innerS10bin,9,neimenggu,In-house Data,China,Asia,Forest,89173494,51.73,122.02,PRJNA983538,SAMN35729442,0-20 cm
innerS11,innerS11bin,1,neimenggu,In-house Data,China,Asia,Forest,78333410,49.54,123.2,PRJNA983538,SAMN35729443,0-20 cm
innerS1r,innerS1rbin,6,neimenggu,In-house Data,China,Asia,Forest,95769718,49.54,123.2,PRJNA983538,SAMN35729444,0-20 cm
innerS2r,innerS2rbin,12,neimenggu,In-house Data,China,Asia,Forest,109014489,51.73,122.02,PRJNA983538,SAMN35729445,0-20 cm
innerS3r,innerS3rbin,7,neimenggu,In-house Data,China,Asia,Forest,111335481,51.73,122.02,PRJNA983538,SAMN35729446,0-20 cm
innerS4r,innerS4rbin,14,neimenggu,In-house Data,China,Asia,Forest,110743720,51.73,122.02,PRJNA983538,SAMN35729447,0-20 cm
innerS5r,innerS5rbin,12,neimenggu,In-house Data,China,Asia,Forest,87666796,51.73,122.02,PRJNA983538,SAMN35729448,0-20 cm
innerS6r,innerS6rbin,11,neimenggu,In-house Data,China,Asia,Forest,101333054,51.73,122.02,PRJNA983538,SAMN35729449,0-20 cm
innerS7r,innerS7rbin,11,neimenggu,In-house Data,China,Asia,Forest,89599115,49.54,123.2,PRJNA983538,SAMN35729450,0-20 cm
innerS8r,innerS8rbin,11,neimenggu,In-house Data,China,Asia,Forest,86844576,49.54,123.2,PRJNA983538,SAMN35729451,0-20 cm
innerS9r,innerS9rbin,12,neimenggu,In-house Data,China,Asia,Forest,82834529,49.54,123.2,PRJNA983538,SAMN35729452,0-20 cm
neis41re,neis41rebin,1,neimenggu,In-house Data,China,Asia,Forest,112741590,51.725,122.02,PRJNA983538,SAMN35729453,0-20 cm
neis42re,neis42re,0,neimenggu,In-house Data,China,Asia,Forest,56181906,51.725,122.02,PRJNA983538,SAMN35729454,0-20 cm
neis43re,neis43rebin,3,neimenggu,In-house Data,China,Asia,Forest,104828050,51.725,122.02,PRJNA983538,SAMN35729455,0-20 cm
neis44re,neis44rebin,5,neimenggu,In-house Data,China,Asia,Forest,114808658,51.725,122.02,PRJNA983538,SAMN35729456,0-20 cm
neis45re,neis45re,0,neimenggu,In-house Data,China,Asia,Forest,86528220,51.725,122.02,PRJNA983538,SAMN35729457,0-20 cm
neis61re,neis61re,0,neimenggu,In-house Data,China,Asia,Forest,62641706,49.53792222,123.2048389,PRJNA983538,SAMN35729458,0-20 cm
neis62re,neis62re,0,neimenggu,In-house Data,China,Asia,Forest,62563756,49.53792222,123.2048389,PRJNA983538,SAMN35729459,0-20 cm
neis63re,neis63re,0,neimenggu,In-house Data,China,Asia,Forest,54601786,49.53792222,123.2048389,PRJNA983538,SAMN35729460,0-20 cm
neis64re,neis64rebin,1,neimenggu,In-house Data,China,Asia,Forest,93270454,49.53792222,123.2048389,PRJNA983538,SAMN35729461,0-20 cm
neis65re,neis65rebin,5,neimenggu,In-house Data,China,Asia,Forest,121646342,49.53792222,123.2048389,PRJNA983538,SAMN35729462,0-20 cm
neis66re,neis66re,0,neimenggu,In-house Data,China,Asia,Forest,99206734,49.53792222,123.2048389,PRJNA983538,SAMN35729463,0-20 cm
R1,R1rebin,17,rice,In-house Data,China,Asia,Agricultural Land,213264846,29.16,119.39,PRJNA983538,SAMN35729510,0-20 cm
R100,R100bin,9,rice,In-house Data,China,Asia,Agricultural Land,198744744,29.16,119.39,PRJNA983538,SAMN35729511,0-20 cm
R101,R101bin,15,rice,In-house Data,China,Asia,Agricultural Land,205216030,29.16,119.39,PRJNA983538,SAMN35729512,0-20 cm
R102,R102bin,19,rice,In-house Data,China,Asia,Agricultural Land,205345998,29.16,119.39,PRJNA983538,SAMN35729513,0-20 cm
R103,R103bin,13,rice,In-house Data,China,Asia,Agricultural Land,208045366,29.16,119.39,PRJNA983538,SAMN35729514,0-20 cm
R104,R104bin,7,rice,In-house Data,China,Asia,Agricultural Land,209667896,29.16,119.39,PRJNA983538,SAMN35729515,0-20 cm
R105,R105bin,16,rice,In-house Data,China,Asia,Agricultural Land,230491868,29.16,119.39,PRJNA983538,SAMN35729516,0-20 cm
R121,R121bin,9,rice,In-house Data,China,Asia,Agricultural Land,139272698,29.16,119.39,PRJNA983538,SAMN35729517,0-20 cm
R122,R122bin,10,rice,In-house Data,China,Asia,Agricultural Land,183204588,29.16,119.39,PRJNA983538,SAMN35729518,0-20 cm
R123,R123bin,6,rice,In-house Data,China,Asia,Agricultural Land,138287984,29.16,119.39,PRJNA983538,SAMN35729519,0-20 cm
R124,R124bin,5,rice,In-house Data,China,Asia,Agricultural Land,140587744,29.16,119.39,PRJNA983538,SAMN35729520,0-20 cm
R125,R125bin,10,rice,In-house Data,China,Asia,Agricultural Land,161807916,29.16,119.39,PRJNA983538,SAMN35729521,0-20 cm
R126,BRice_126bin,4,rice,In-house Data,China,Asia,Agricultural Land,130654442,29.16,119.39,PRJNA983538,SAMN35729522,0-20 cm
R127,BRice_127bin,2,rice,In-house Data,China,Asia,Agricultural Land,141148372,29.16,119.39,PRJNA983538,SAMN35729523,0-20 cm
R128,BRice_128bin,5,rice,In-house Data,China,Asia,Agricultural Land,150895242,29.16,119.39,PRJNA983538,SAMN35729524,0-20 cm
R129,BRice_129bin,5,rice,In-house Data,China,Asia,Agricultural Land,142602996,29.16,119.39,PRJNA983538,SAMN35729525,0-20 cm
R130,BRice_130bin,12,rice,In-house Data,China,Asia,Agricultural Land,174875294,29.16,119.39,PRJNA983538,SAMN35729526,0-20 cm
R131,BRice_131bin,9,rice,In-house Data,China,Asia,Agricultural Land,169712844,29.16,119.39,PRJNA983538,SAMN35729527,0-20 cm
R132,BRice_132bin,5,rice,In-house Data,China,Asia,Agricultural Land,149154902,29.16,119.39,PRJNA983538,SAMN35729528,0-20 cm
R133,BRice_133bin,3,rice,In-house Data,China,Asia,Agricultural Land,156159990,29.16,119.39,PRJNA983538,SAMN35729529,0-20 cm
R134,BRice_134bin,2,rice,In-house Data,China,Asia,Agricultural Land,135507198,29.16,119.39,PRJNA983538,SAMN35729530,0-20 cm
R135,BRice_135bin,2,rice,In-house Data,China,Asia,Agricultural Land,122494050,29.16,119.39,PRJNA983538,SAMN35729531,0-20 cm
R136,BRice_136bin,5,rice,In-house Data,China,Asia,Agricultural Land,155357018,29.16,119.39,PRJNA983538,SAMN35729532,0-20 cm
R137,BRice_137bin,3,rice,In-house Data,China,Asia,Agricultural Land,123468354,29.16,119.39,PRJNA983538,SAMN35729533,0-20 cm
R138,BRice_138bin,1,rice,In-house Data,China,Asia,Agricultural Land,140801324,29.16,119.39,PRJNA983538,SAMN35729534,0-20 cm
R139,BRice_139bin,5,rice,In-house Data,China,Asia,Agricultural Land,147537688,29.16,119.39,PRJNA983538,SAMN35729535,0-20 cm
R140,BRice_140bin,4,rice,In-house Data,China,Asia,Agricultural Land,149041032,29.16,119.39,PRJNA983538,SAMN35729536,0-20 cm
R17,BRice_17rbin,10,rice,In-house Data,China,Asia,Agricultural Land,185250768,29.16,119.39,PRJNA983538,SAMN35729537,0-20 cm
R18,BRice_18rbin,14,rice,In-house Data,China,Asia,Agricultural Land,171403530,29.16,119.39,PRJNA983538,SAMN35729538,0-20 cm
R19,BRice_19rbin,12,rice,In-house Data,China,Asia,Agricultural Land,198502712,29.16,119.39,PRJNA983538,SAMN35729539,0-20 cm
R2,R2rebin,17,rice,In-house Data,China,Asia,Agricultural Land,224267990,29.16,119.39,PRJNA983538,SAMN35729540,0-20 cm
R20,BRice_20rbin,12,rice,In-house Data,China,Asia,Agricultural Land,178683618,29.16,119.39,PRJNA983538,SAMN35729541,0-20 cm
R21,BRice_21rbin,10,rice,In-house Data,China,Asia,Agricultural Land,178150908,29.16,119.39,PRJNA983538,SAMN35729542,0-20 cm
R23,R23rbin,18,rice,In-house Data,China,Asia,Agricultural Land,181083858,29.16,119.39,PRJNA983538,SAMN35729543,0-20 cm
R24,R24rbin,9,rice,In-house Data,China,Asia,Agricultural Land,162049446,29.16,119.39,PRJNA983538,SAMN35729544,0-20 cm
R25,R25rbin,13,rice,In-house Data,China,Asia,Agricultural Land,169129126,29.16,119.39,PRJNA983538,SAMN35729545,0-20 cm
R26,R26rbin,15,rice,In-house Data,China,Asia,Agricultural Land,155796342,29.16,119.39,PRJNA983538,SAMN35729546,0-20 cm
R27,R27rbin,13,rice,In-house Data,China,Asia,Agricultural Land,179603320,29.16,119.39,PRJNA983538,SAMN35729547,0-20 cm
R3,R3rebin,10,rice,In-house Data,China,Asia,Agricultural Land,251324032,29.16,119.39,PRJNA983538,SAMN35729548,0-20 cm
R39,BRice_39rbin,7,rice,In-house Data,China,Asia,Agricultural Land,160973264,29.16,119.39,PRJNA983538,SAMN35729549,0-20 cm
R4,R4rebin,13,rice,In-house Data,China,Asia,Agricultural Land,219946620,29.16,119.39,PRJNA983538,SAMN35729550,0-20 cm
R40,BRice_40rbin,10,rice,In-house Data,China,Asia,Agricultural Land,177400350,29.16,119.39,PRJNA983538,SAMN35729551,0-20 cm
R41,BRice_41rbin,6,rice,In-house Data,China,Asia,Agricultural Land,162358182,29.16,119.39,PRJNA983538,SAMN35729552,0-20 cm
R42,BRice_42rbin,7,rice,In-house Data,China,Asia,Agricultural Land,160531254,29.16,119.39,PRJNA983538,SAMN35729553,0-20 cm
R43,BRice_43rbin,7,rice,In-house Data,China,Asia,Agricultural Land,145166854,29.16,119.39,PRJNA983538,SAMN35729554,0-20 cm
R5,R5rebin,13,rice,In-house Data,China,Asia,Agricultural Land,216106610,29.16,119.39,PRJNA983538,SAMN35729555,0-20 cm
R96,R96rbin,14,rice,In-house Data,China,Asia,Agricultural Land,205254146,29.16,119.39,PRJNA983538,SAMN35729556,0-20 cm
R97,R97rbin,17,rice,In-house Data,China,Asia,Agricultural Land,225646580,29.16,119.39,PRJNA983538,SAMN35729557,0-20 cm
R98,R98rbin,8,rice,In-house Data,China,Asia,Agricultural Land,179425210,29.16,119.39,PRJNA983538,SAMN35729558,0-20 cm
R99,R99rbin,6,rice,In-house Data,China,Asia,Agricultural Land,174612064,29.16,119.39,PRJNA983538,SAMN35729559,0-20 cm
S58_BDME190601153,S58_BDME190601153,0,hzbay,In-house Data,China,Asia,Bare Land,81956808,30.47,122.3,PRJNA983538,SAMN35729483,0-20 cm
S60_BDME190601155,S60_BDME190601155,0,hzbay,In-house Data,China,Asia,Bare Land,110988062,30.47,122.3,PRJNA983538,SAMN35729484,0-20 cm
S61_BDME190601156,S61_BDME190601156,0,hzbay,In-house Data,China,Asia,Wetland,88231270,30.47,122.3,PRJNA983538,SAMN35729485,0-20 cm
S64_BDME190601159,S64_BDME190601159,0,hzbay,In-house Data,China,Asia,Wetland,87580516,30.47,122.3,PRJNA983538,SAMN35729486,0-20 cm
S67_BDME190601162,S67_BDME190601162,0,hzbay,In-house Data,China,Asia,Bare Land,81055976,30.47,122.3,PRJNA983538,SAMN35729487,0-20 cm
S69_BDME190601164,S69_BDME190601164,0,hzbay,In-house Data,China,Asia,Wetland,76181564,30.47,122.3,PRJNA983538,SAMN35729488,0-20 cm
S72_BDME190601167,S72_BDME190601167,0,hzbay,In-house Data,China,Asia,Wetland,77841388,30.47,122.3,PRJNA983538,SAMN35729489,0-20 cm
S73_BDME190601168,S73_BDME190601168,0,hzbay,In-house Data,China,Asia,Wetland,90468206,30.47,122.3,PRJNA983538,SAMN35729490,0-20 cm
S75_BDME190601170,S75_BDMbin,15,hzbay,In-house Data,China,Asia,Wetland,88639508,30.47,122.3,PRJNA983538,SAMN35729491,0-20 cm
S76_BDME190601171,S76_BDMbin,10,hzbay,In-house Data,China,Asia,Wetland,102506614,30.47,122.3,PRJNA983538,SAMN35729492,0-20 cm
SRR10011679,SRR10011679bin,1,SRA,Public Data,United States,North America,Forest,37786432,64.85,-147.84,PRJNA554847,SAMN12608666,0-10 cm
SRR10011770,SRR10011770,0,SRA,Public Data,United States,North America,Forest,70268448,39.99,-105.37,PRJNA554847,SAMN12608684,0-10 cm
SRR10011772,SRR10011772,0,SRA,Public Data,USA,North America,NA,31863196,NA,NA,PRJNA554847,SAMN12608682,0-10 cm
SRR10011774,SRR10011774,0,SRA,Public Data,United States,North America,Grassland,35750682,39.09,-96.57,PRJNA554847,SAMN12608681,0-10 cm
SRR10011775,SRR10011775bin,1,SRA,Public Data,United States,North America,Grassland,37281522,39.09,-96.57,PRJNA554847,SAMN12608680,0-10 cm
SRR10011776,SRR10011776,0,SRA,Public Data,United States,North America,Wetland,25137202,42.4,-85.4,PRJNA554847,SAMN12608679,0-10 cm
SRR10011778,SRR10011778bin,1,SRA,Public Data,United States,North America,Forest,35869078,42.53,-72.19,PRJNA554847,SAMN12608677,0-10 cm
SRR10011779,SRR10011779bin,1,SRA,Public Data,United States,North America,Forest,23350964,42.53,-72.19,PRJNA554847,SAMN12608676,0-10 cm
SRR10011781,SRR10011781,0,SRA,Public Data,United States,North America,Forest,24357904,43.94,-71.75,PRJNA554847,SAMN12608674,0-10 cm
SRR10011782,SRR10011782,0,SRA,Public Data,USA,North America,NA,20793166,NA,NA,PRJNA554847,SAMN12608673,0-10 cm
SRR10011783,SRR10011783bin,2,SRA,Public Data,USA,North America,NA,31159108,NA,NA,PRJNA554847,SAMN12608672,0-10 cm
SRR10028477,SRR10028477,0,SRA,Public Data,Indonesia,Asia,Forest,13849896,-2.071417635,102.7921114,PRJNA562410,SAMN12640564,Not applicable
SRR10028478,SRR10028478,0,SRA,Public Data,Indonesia,Asia,Forest,15003772,-2.075623842,102.7924752,PRJNA562410,SAMN12640563,Not applicable
SRR10028479,SRR10028479bin,2,SRA,Public Data,Indonesia,Asia,Forest,20691144,-2.14044,102.85119,PRJNA562410,SAMN12640562,Not applicable
SRR10028480,SRR10028480bin,1,SRA,Public Data,Indonesia,Asia,Forest,13124618,-2.015788788,102.7532639,PRJNA562410,SAMN12640561,Not applicable
SRR10028481,SRR10028481,0,SRA,Public Data,Indonesia,Asia,Forest,21963774,-2.063536048,102.8007258,PRJNA562410,SAMN12640560,Not applicable
SRR10028482,SRR10028482,0,SRA,Public Data,Indonesia,Asia,Forest,11838754,-2.030269364,102.7709138,PRJNA562410,SAMN12640559,Not applicable
SRR10028483,SRR10028483,0,SRA,Public Data,Indonesia,Asia,Forest,29026594,-1.805055588,103.2644444,PRJNA562410,SAMN12640586,Not applicable
SRR10028484,SRR10028484,0,SRA,Public Data,Indonesia,Asia,Forest,29401306,-1.859666705,103.3005833,PRJNA562410,SAMN12640585,Not applicable
SRR10028485,SRR10028485bin,2,SRA,Public Data,Indonesia: Jambi,Asia,Forest,33413108,-1.941875322,102.5807841,PRJNA562410,SAMN12640558,Not applicable
SRR10028486,SRR10028486,0,SRA,Public Data,Indonesia,Asia,Forest,30878844,-1.879027812,103.2745556,PRJNA562410,SAMN12640584,Not applicable
SRR10028487,SRR10028487,0,SRA,Public Data,Indonesia,Asia,Forest,26725326,-1.910972251,103.2666945,PRJNA562410,SAMN12640583,Not applicable
SRR10028488,SRR10028488,0,SRA,Public Data,Indonesia,Asia,Forest,28965898,-1.786861075,103.2705556,PRJNA562410,SAMN12640582,Not applicable
SRR10028489,SRR10028489bin,3,SRA,Public Data,Indonesia,Asia,Forest,23527792,-1.857888903,103.3076111,PRJNA562410,SAMN12640581,Not applicable
SRR10028490,SRR10028490bin,1,SRA,Public Data,Indonesia,Asia,Forest,22153030,-1.883527804,103.2676667,PRJNA562410,SAMN12640580,Not applicable
SRR10028491,SRR10028491,0,SRA,Public Data,Indonesia,Asia,Forest,28039938,-1.90988889,103.2662167,PRJNA562410,SAMN12640579,Not applicable
SRR10028492,SRR10028492,0,SRA,Public Data,Indonesia,Asia,Forest,19562024,-1.785361134,103.2769167,PRJNA562410,SAMN12640578,Not applicable
SRR10028493,SRR10028493bin,1,SRA,Public Data,Indonesia,Asia,Forest,14855326,-1.849138867,103.2999722,PRJNA562410,SAMN12640577,Not applicable
SRR10028494,SRR10028494bin,1,SRA,Public Data,Indonesia,Asia,Forest,19312746,-1.8255278,103.2942222,PRJNA562410,SAMN12640576,Not applicable
SRR10028495,SRR10028495bin,1,SRA,Public Data,Indonesia,Asia,Forest,36605710,-1.927777799,103.2593889,PRJNA562410,SAMN12640575,Not applicable
SRR10028496,SRR10028496bin,1,SRA,Public Data,Indonesia: Jambi,Asia,Forest,29524784,-1.943290187,102.5811431,PRJNA562410,SAMN12640557,Not applicable
SRR10028497,SRR10028497bin,1,SRA,Public Data,Indonesia,Asia,Forest,23503720,-2.187555525,103.3426111,PRJNA562410,SAMN12640574,Not applicable
SRR10028498,SRR10028498bin,1,SRA,Public Data,Indonesia,Asia,Forest,28524430,-2.175027765,103.3327222,PRJNA562410,SAMN12640573,Not applicable
SRR10028499,SRR10028499bin,1,SRA,Public Data,Indonesia,Asia,Forest,30697566,-2.158166645,103.33375,PRJNA562410,SAMN12640572,Not applicable
SRR10028500,SRR10028500,0,SRA,Public Data,Indonesia,Asia,Forest,11998868,-2.152750008,103.3504167,PRJNA562410,SAMN12640571,Not applicable
SRR10028501,SRR10028501,0,SRA,Public Data,Indonesia,Asia,Forest,28656498,-2.077258984,102.7731989,PRJNA562410,SAMN12640570,Not applicable
SRR10028502,SRR10028502,0,SRA,Public Data,Indonesia,Asia,Forest,27691188,-2.096007206,102.7832653,PRJNA562410,SAMN12640569,Not applicable
SRR10028503,SRR10028503,0,SRA,Public Data,Indonesia,Asia,Forest,27788794,-2.085339222,102.7895367,PRJNA562410,SAMN12640568,Not applicable
SRR10028504,SRR10028504,0,SRA,Public Data,Indonesia,Asia,Forest,25820644,-2.092406675,102.8030459,PRJNA562410,SAMN12640567,Not applicable
SRR10028506,SRR10028506bin,1,SRA,Public Data,Indonesia,Asia,Forest,38332972,-2.050463129,102.753405,PRJNA562410,SAMN12640565,Not applicable
SRR10028507,SRR10028507,0,SRA,Public Data,Indonesia,Asia,Forest,25367832,-1.981972,102.75075,PRJNA562410,SAMN12640556,Not applicable
SRR10028508,SRR10028508bin,2,SRA,Public Data,Indonesia,Asia,Forest,19884662,-1.995139,102.75225,PRJNA562410,SAMN12640555,Not applicable
SRR10127265,SRR10127265bin,4,SRA,Public Data,Mexico,North America,Agricultural Land,95112252,20.686,-101.875,PRJNA465697,SAMN12740641,Not applicable
SRR10127268,SRR10127268bin,5,SRA,Public Data,Mexico,North America,Agricultural Land,104565974,21.053,-103.902,PRJNA465696,SAMN12740640,Not applicable
SRR10127269,SRR10127269bin,5,SRA,Public Data,Mexico,North America,Agricultural Land,103575902,21.195,-100.439,PRJNA404245,SAMN12740642,Not applicable
SRR10127270,SRR10127270bin,5,SRA,Public Data,Mexico,North America,Agricultural Land,148698112,21.766,-100.163,PRJNA404246,SAMN12740643,Not applicable
SRR10159347,SRR10159347bin,9,SRA,Public Data,China,Asia,Agricultural Land,67940306,28.21,116.93,PRJNA562057,SAMN12633281,Not applicable
SRR10159348,SRR10159348bin,13,SRA,Public Data,China,Asia,Agricultural Land,83490096,28.21,116.93,PRJNA562057,SAMN12633280,Not applicable
SRR10159349,SRR10159349bin,6,SRA,Public Data,China,Asia,Agricultural Land,51078318,28.21,116.93,PRJNA562057,SAMN12633279,Not applicable
SRR10159350,SRR10159350bin,38,SRA,Public Data,China,Asia,Agricultural Land,142074436,28.21,116.93,PRJNA562057,SAMN12633278,Not applicable
SRR10159351,SRR10159351bin,9,SRA,Public Data,China,Asia,Agricultural Land,58252186,28.21,116.93,PRJNA562057,SAMN12633277,Not applicable
SRR10159352,SRR10159352bin,24,SRA,Public Data,China,Asia,Agricultural Land,123750438,28.21,116.93,PRJNA562057,SAMN12633276,Not applicable
SRR10159353,SRR10159353bin,1,SRA,Public Data,China,Asia,Agricultural Land,15459452,28.21,116.93,PRJNA562057,SAMN12633275,Not applicable
SRR10159354,SRR10159354bin,10,SRA,Public Data,China,Asia,Agricultural Land,56880100,28.21,116.93,PRJNA562057,SAMN12633274,Not applicable
SRR10159355,SRR10159355bin,26,SRA,Public Data,China,Asia,Agricultural Land,110373100,28.21,116.93,PRJNA562057,SAMN12633273,Not applicable
SRR10260005,SRR10260005bin,3,SRA,Public Data,China,Asia,Wetland,56836842,30.07556,114.86278,PRJNA576996,SAMN13016621,Not applicable
SRR10260006,SRR10260006bin,8,SRA,Public Data,China,Asia,Agricultural Land,99938430,30.97917,113.86417,PRJNA576996,SAMN13016620,Not applicable
SRR10260007,SRR10260007bin,10,SRA,Public Data,China,Asia,Wetland,96442728,45.36444,132.31889,PRJNA576996,SAMN13016619,Not applicable
SRR10260008,SRR10260008bin,9,SRA,Public Data,China,Asia,Grassland,114879428,48.3,134.7,PRJNA576996,SAMN13016618,Not applicable
SRR10260009,SRR10260009bin,4,SRA,Public Data,China,Asia,Forest,140078092,23.94389,101.5,PRJNA576996,SAMN13016625,Not applicable
SRR10260010,SRR10260010,0,SRA,Public Data,China,Asia,Forest,91466256,22.99361,102.46361,PRJNA576996,SAMN13016624,Not applicable
SRR10260011,SRR10260011bin,9,SRA,Public Data,China,Asia,Wetland,99277404,31.72722,121.23333,PRJNA576996,SAMN13016623,Not applicable
SRR10260012,SRR10260012bin,6,SRA,Public Data,China,Asia,Wetland,76398012,30.89667,120.74278,PRJNA576996,SAMN13016622,Not applicable
SRR1029957,SRR1029957rbin,5,SRA,Public Data,China,Asia,Wetland,62511426,30.7792,120.7081,PRJNA227301,SAMN02401118,Not applicable
SRR10360603,SRR10360603bin,10,SRA,Public Data,USA:California,North America,Grassland,62114982,39.7393,-123.6309,PRJNA577476,SAMN13153333,Not applicable
SRR10360604,SRR10360604bin,6,SRA,Public Data,USA:California,North America,Grassland,68562788,39.7393,-123.6309,PRJNA577476,SAMN13153332,Not applicable
SRR10360605,SRR10360605bin,5,SRA,Public Data,USA:California,North America,Grassland,62806362,39.7393,-123.6309,PRJNA577476,SAMN13153331,Not applicable
SRR10360606,SRR10360606bin,29,SRA,Public Data,USA:California,North America,Forest,124589800,39.5673,-123.4758,PRJNA577476,SAMN13153383,Not applicable
SRR10360607,SRR10360607bin,2,SRA,Public Data,USA:California,North America,Forest,21685202,39.5673,-123.4758,PRJNA577476,SAMN13153382,Not applicable
SRR10360608,SRR10360608bin,14,SRA,Public Data,USA:California,North America,Forest,125582540,39.5673,-123.4758,PRJNA577476,SAMN13153381,Not applicable
SRR10360609,SRR10360609bin,13,SRA,Public Data,USA:California,North America,Forest,130387744,39.5673,-123.4758,PRJNA577476,SAMN13153380,Not applicable
SRR10360610,SRR10360610bin,10,SRA,Public Data,USA:California,North America,Forest,108781794,39.5673,-123.4758,PRJNA577476,SAMN13153379,Not applicable
SRR10360611,SRR10360611bin,13,SRA,Public Data,USA:California,North America,Forest,64486292,39.5673,-123.4758,PRJNA577476,SAMN13153378,Not applicable
SRR10360612,SRR10360612bin,37,SRA,Public Data,USA:California,North America,Forest,186791536,39.5673,-123.4758,PRJNA577476,SAMN13153377,Not applicable
SRR10360615,SRR10360615bin,9,SRA,Public Data,USA:California,North America,Grassland,64749676,39.7393,-123.6309,PRJNA577476,SAMN13153330,Not applicable
SRR10360616,SRR10360616bin,17,SRA,Public Data,USA:California,North America,Forest,184602346,39.5673,-123.4758,PRJNA577476,SAMN13153374,Not applicable
SRR10360617,SRR10360617bin,18,SRA,Public Data,USA:California,North America,Forest,178684040,39.5673,-123.4758,PRJNA577476,SAMN13153373,Not applicable
SRR10360618,SRR10360618bin,33,SRA,Public Data,USA:California,North America,Forest,182652408,39.5673,-123.4758,PRJNA577476,SAMN13153372,Not applicable
SRR10360619,SRR10360619bin,36,SRA,Public Data,USA:California,North America,Grassland,125163990,39.5673,-123.4758,PRJNA577476,SAMN13153371,Not applicable
SRR10360620,SRR10360620bin,35,SRA,Public Data,USA:California,North America,Grassland,112303214,39.5673,-123.4758,PRJNA577476,SAMN13153370,Not applicable
SRR10360621,SRR10360621bin,26,SRA,Public Data,USA:California,North America,Grassland,120277818,39.5673,-123.4758,PRJNA577476,SAMN13153369,Not applicable
SRR10360622,SRR10360622bin,9,SRA,Public Data,USA:California,North America,Grassland,96602092,39.5673,-123.4758,PRJNA577476,SAMN13153368,Not applicable
SRR10360623,SRR10360623bin,49,SRA,Public Data,USA:California,North America,Grassland,181154624,39.5673,-123.4758,PRJNA577476,SAMN13153367,Not applicable
SRR10360624,SRR10360624bin,52,SRA,Public Data,USA:California,North America,Grassland,154611814,39.5673,-123.4758,PRJNA577476,SAMN13153366,Not applicable
SRR10360625,SRR10360625bin,19,SRA,Public Data,USA:California,North America,Grassland,118462696,39.5673,-123.4758,PRJNA577476,SAMN13153365,Not applicable
SRR10360626,SRR10360626,0,SRA,Public Data,USA:California,North America,Grassland,8230278,39.7393,-123.6309,PRJNA577476,SAMN13153329,Not applicable
SRR10360627,SRR10360627bin,26,SRA,Public Data,USA:California,North America,Grassland,122711252,39.5673,-123.4758,PRJNA577476,SAMN13153364,Not applicable
SRR10360628,SRR10360628bin,13,SRA,Public Data,USA:California,North America,Grassland,93347836,39.5673,-123.4758,PRJNA577476,SAMN13153363,Not applicable
SRR10360629,SRR10360629bin,16,SRA,Public Data,USA:California,North America,Grassland,147024450,39.5673,-123.4758,PRJNA577476,SAMN13153362,Not applicable
SRR10360630,SRR10360630bin,40,SRA,Public Data,USA:California,North America,Grassland,118952736,39.5673,-123.4758,PRJNA577476,SAMN13153361,Not applicable
SRR10360631,SRR10360631bin,46,SRA,Public Data,USA:California,North America,Grassland,117074296,39.5673,-123.4758,PRJNA577476,SAMN13153360,Not applicable
SRR10360633,SRR10360633bin,11,SRA,Public Data,USA:California,North America,Forest,166546362,39.7279,-123.6444,PRJNA577476,SAMN13153358,Not applicable
SRR10360634,SRR10360634bin,14,SRA,Public Data,USA:California,North America,Forest,160645774,39.7279,-123.6444,PRJNA577476,SAMN13153357,Not applicable
SRR10360635,SRR10360635bin,14,SRA,Public Data,USA:California,North America,Forest,103333690,39.7279,-123.6444,PRJNA577476,SAMN13153356,Not applicable
SRR10360636,SRR10360636bin,12,SRA,Public Data,USA:California,North America,Forest,165047958,39.7279,-123.6444,PRJNA577476,SAMN13153355,Not applicable
SRR10360637,SRR10360637bin,6,SRA,Public Data,USA:California,North America,Grassland,59635556,39.7393,-123.6309,PRJNA577476,SAMN13153328,Not applicable
SRR10360638,SRR10360638bin,15,SRA,Public Data,USA:California,North America,Forest,162203556,39.7279,-123.6444,PRJNA577476,SAMN13153354,Not applicable
SRR10360639,SRR10360639bin,3,SRA,Public Data,USA:California,North America,Forest,61675516,39.7292,-123.6419,PRJNA577476,SAMN13153353,Not applicable
SRR10360640,SRR10360640bin,24,SRA,Public Data,USA:California,North America,Forest,57993130,39.7292,-123.6419,PRJNA577476,SAMN13153352,Not applicable
SRR10360641,SRR10360641bin,24,SRA,Public Data,USA:California,North America,Forest,67146896,39.7292,-123.6419,PRJNA577476,SAMN13153351,Not applicable
SRR10360642,SRR10360642bin,5,SRA,Public Data,USA:California,North America,Forest,54955012,39.7292,-123.6419,PRJNA577476,SAMN13153350,Not applicable
SRR10360643,SRR10360643bin,15,SRA,Public Data,USA:California,North America,Forest,110936460,39.7292,-123.6419,PRJNA577476,SAMN13153349,Not applicable
SRR10360644,SRR10360644bin,27,SRA,Public Data,USA:California,North America,Forest,139476244,39.7292,-123.6419,PRJNA577476,SAMN13153348,Not applicable
SRR10360645,SRR10360645bin,14,SRA,Public Data,USA:California,North America,Forest,150444354,39.7292,-123.6419,PRJNA577476,SAMN13153347,Not applicable
SRR10360646,SRR10360646bin,18,SRA,Public Data,USA:California,North America,Forest,156073468,39.7292,-123.6419,PRJNA577476,SAMN13153346,Not applicable
SRR10360647,SRR10360647bin,19,SRA,Public Data,USA:California,North America,Forest,154177836,39.7292,-123.6419,PRJNA577476,SAMN13153345,Not applicable
SRR10360648,SRR10360648bin,1,SRA,Public Data,USA:California,North America,Grassland,64842452,39.7393,-123.6309,PRJNA577476,SAMN13153327,Not applicable
SRR10360649,SRR10360649bin,30,SRA,Public Data,USA:California,North America,Forest,146007096,39.7292,-123.6419,PRJNA577476,SAMN13153344,Not applicable
SRR10360650,SRR10360650bin,19,SRA,Public Data,USA:California,North America,Forest,156618486,39.7292,-123.6419,PRJNA577476,SAMN13153343,Not applicable
SRR10360651,SRR10360651bin,29,SRA,Public Data,USA:California,North America,Forest,196608636,39.7292,-123.6419,PRJNA577476,SAMN13153342,Not applicable
SRR10360654,SRR10360654bin,25,SRA,Public Data,USA:California,North America,Forest,157492234,39.7292,-123.6419,PRJNA577476,SAMN13153339,Not applicable
SRR10360655,SRR10360655bin,13,SRA,Public Data,USA:California,North America,Forest,175498920,39.7292,-123.6419,PRJNA577476,SAMN13153338,Not applicable
SRR10376087,SRR10376087bin,126,SRA,Public Data,USA: Wyoming,North America,Agricultural Land,264710412,42.99,-123.63,PRJNA572113,SAMN12812037,Not applicable
SRR10376091,SRR10376091bin,39,SRA,Public Data,USA: Wyoming,North America,Agricultural Land,86048788,42.99,-123.63,PRJNA572115,SAMN12811695,Not applicable
SRR10412088,SRR10412088bin,6,SRA,Public Data,Germany,Europe,Grassland,104890214,48.45142224,9.491051148,PRJNA588030,SAMN13007835,Not applicable
SRR10445787,SRR10445787bin,2,SRA,Public Data,China,Asia,Agricultural Land,7937012,25.263,104.16,PRJNA588894,SAMN13262227,0-15 cm
SRR10466945,SRR10466945bin,21,SRA,Public Data,"USA: California, Angelo Coastal Reserve",North America,Grassland,142902268,39.7392,-123.6308,PRJNA365685,SAMN06264949,0.2 m
SRR10489811,SRR10489811bin,20,SRA,Public Data,Russia: Chersky,Europe,Tundra,79788672,68.6125,161.35,PRJNA588342,SAMN13241871,Not applicable
SRR10489812,SRR10489812bin,2,SRA,Public Data,Russia: Chersky,Europe,Tundra,70073742,68.6125,161.35,PRJNA588342,SAMN13241871,Not applicable
SRR10489814,SRR10489814bin,22,SRA,Public Data,Russia: Chersky,Europe,Tundra,70974128,68.6125,161.35,PRJNA588342,SAMN13241871,Not applicable
SRR10489815,SRR10489815bin,42,SRA,Public Data,Russia: Chersky,Europe,Tundra,80250800,68.6125,161.35,PRJNA588342,SAMN13241871,Not applicable
SRR10489816,SRR10489816bin,5,SRA,Public Data,Russia: Chersky,Europe,Tundra,77541026,68.6125,161.35,PRJNA588342,SAMN13241871,Not applicable
SRR10489817,SRR10489817bin,19,SRA,Public Data,Russia: Chersky,Europe,Tundra,76022028,68.6125,161.35,PRJNA588342,SAMN13241871,Not applicable
SRR10489818,SRR10489818bin,18,SRA,Public Data,Russia: Chersky,Europe,Tundra,89894160,68.6125,161.35,PRJNA588342,SAMN13241871,Not applicable
SRR10489819,SRR10489819bin,5,SRA,Public Data,Russia: Chersky,Europe,Tundra,79963242,68.6125,161.35,PRJNA588342,SAMN13241871,Not applicable
SRR10489820,SRR10489820bin,9,SRA,Public Data,Russia: Chersky,Europe,Tundra,69445886,68.6125,161.35,PRJNA588342,SAMN13241871,Not applicable
SRR10489821,SRR10489821bin,23,SRA,Public Data,Russia: Chersky,Europe,Tundra,77099708,68.6125,161.35,PRJNA588342,SAMN13241871,Not applicable
SRR10489822,SRR10489822bin,7,SRA,Public Data,Russia: Chersky,Europe,Tundra,76138166,68.6125,161.35,PRJNA588342,SAMN13241871,Not applicable
SRR10489823,SRR10489823bin,16,SRA,Public Data,Russia: Chersky,Europe,Tundra,82435584,68.6125,161.35,PRJNA588342,SAMN13241871,Not applicable
SRR10489824,SRR10489824bin,9,SRA,Public Data,Russia: Chersky,Europe,Tundra,74169450,68.6125,161.35,PRJNA588342,SAMN13241871,Not applicable
SRR10489825,SRR10489825bin,11,SRA,Public Data,Russia: Chersky,Europe,Tundra,78657178,68.6125,161.35,PRJNA588342,SAMN13241871,Not applicable
SRR10489826,SRR10489826bin,15,SRA,Public Data,Russia: Chersky,Europe,Tundra,79162224,68.6125,161.35,PRJNA588342,SAMN13241871,Not applicable
SRR10489827,SRR10489827bin,4,SRA,Public Data,Russia: Chersky,Europe,Tundra,73640028,68.6125,161.35,PRJNA588342,SAMN13241871,Not applicable
SRR10489828,SRR10489828bin,26,SRA,Public Data,Russia: Chersky,Europe,Tundra,103603192,68.6125,161.35,PRJNA588342,SAMN13241871,Not applicable
SRR10489829,SRR10489829bin,11,SRA,Public Data,Russia: Chersky,Europe,Tundra,74382726,68.6125,161.35,PRJNA588342,SAMN13241871,Not applicable
SRR10489830,SRR10489830bin,21,SRA,Public Data,Russia: Chersky,Europe,Tundra,75825760,68.6125,161.35,PRJNA588342,SAMN13241871,Not applicable
SRR10489831,SRR10489831bin,14,SRA,Public Data,Russia: Chersky,Europe,Tundra,76550046,68.6125,161.35,PRJNA588342,SAMN13241871,Not applicable
SRR10489832,SRR10489832bin,8,SRA,Public Data,Russia: Chersky,Europe,Tundra,77444618,68.6125,161.35,PRJNA588342,SAMN13241871,Not applicable
SRR10489833,SRR10489833bin,35,SRA,Public Data,Russia: Chersky,Europe,Tundra,70377302,68.6125,161.35,PRJNA588342,SAMN13241871,Not applicable
SRR10489834,SRR10489834bin,36,SRA,Public Data,Russia: Chersky,Europe,Tundra,86919918,68.6125,161.35,PRJNA588342,SAMN13241871,Not applicable
SRR10489835,SRR10489835bin,4,SRA,Public Data,Russia: Chersky,Europe,Tundra,81507380,68.6125,161.35,PRJNA588342,SAMN13241871,Not applicable
SRR10489836,SRR10489836bin,12,SRA,Public Data,Russia: Chersky,Europe,Tundra,75687422,68.6125,161.35,PRJNA588342,SAMN13241871,Not applicable
SRR10489837,SRR10489837bin,20,SRA,Public Data,Russia: Chersky,Europe,Tundra,76138704,68.6125,161.35,PRJNA588342,SAMN13241871,Not applicable
SRR10489838,SRR10489838bin,4,SRA,Public Data,Russia: Chersky,Europe,Tundra,77582244,68.6125,161.35,PRJNA588342,SAMN13241871,Not applicable
SRR10489839,SRR10489839bin,15,SRA,Public Data,Russia: Chersky,Europe,Tundra,71250646,68.6125,161.35,PRJNA588342,SAMN13241871,Not applicable
SRR10492801,SRR10492801bin,3,SRA,Public Data,China,Asia,Wetland,63719112,36.78,100,PRJNA589661,SAMN13281620,Not applicable
SRR10498315,SRR10498315bin,9,SRA,Public Data,China,Asia,Artificial Surfaces,160038874,23.16,113.23,PRJNA578507,SAMN13326189,Not applicable
SRR10520895,SRR10520895bin,10,SRA,Public Data,USA:California,North America,Forest,181908690,39.7291,-123.6419,PRJNA364550,SAMN06265749,Not applicable
SRR10585487,SRR10585487bin,7,SRA,Public Data,Singapore,Asia,Agricultural Land,14587960,1.42,103.7,PRJNA593573,SAMN13481444,Not applicable
SRR10585488,SRR10585488bin,12,SRA,Public Data,Singapore,Asia,Agricultural Land,17640220,1.42,103.7,PRJNA593573,SAMN13481443,Not applicable
SRR10585489,SRR10585489bin,10,SRA,Public Data,Singapore,Asia,Agricultural Land,12927378,1.42,103.7,PRJNA593573,SAMN13481442,Not applicable
SRR10585490,SRR10585490bin,9,SRA,Public Data,Singapore,Asia,Agricultural Land,12848498,1.42,103.7,PRJNA593573,SAMN13481441,Not applicable
SRR10585504,SRR10585504bin,13,SRA,Public Data,Singapore,Asia,Agricultural Land,16220072,1.42,103.7,PRJNA593573,SAMN13481428,Not applicable
SRR10585505,SRR10585505bin,4,SRA,Public Data,Singapore,Asia,Agricultural Land,13382536,1.42,103.7,PRJNA593573,SAMN13481427,Not applicable
SRR10585506,SRR10585506bin,8,SRA,Public Data,Singapore,Asia,Agricultural Land,12836804,1.42,103.7,PRJNA593573,SAMN13481426,Not applicable
SRR10585508,SRR10585508bin,3,SRA,Public Data,Singapore,Asia,Agricultural Land,11935820,1.42,103.7,PRJNA593573,SAMN13481425,Not applicable
SRR10585522,SRR10585522bin,2,SRA,Public Data,Singapore,Asia,Agricultural Land,14684260,1.42,103.7,PRJNA593573,SAMN13481412,Not applicable
SRR10585523,SRR10585523bin,1,SRA,Public Data,Singapore,Asia,Agricultural Land,14705282,1.42,103.7,PRJNA593573,SAMN13481411,Not applicable
SRR10585524,SRR10585524bin,2,SRA,Public Data,Singapore,Asia,Agricultural Land,12184152,1.42,103.7,PRJNA593573,SAMN13481410,Not applicable
SRR10585525,SRR10585525bin,1,SRA,Public Data,Singapore,Asia,Agricultural Land,15761540,1.42,103.7,PRJNA593573,SAMN13481409,Not applicable
SRR10585533,SRR10585533,0,SRA,Public Data,Singapore,Asia,Agricultural Land,9552610,1.42,103.7,PRJNA593573,SAMN13481402,Not applicable
SRR10585534,SRR10585534bin,1,SRA,Public Data,Singapore,Asia,Agricultural Land,10562312,1.42,103.7,PRJNA593573,SAMN13481401,Not applicable
SRR10585535,SRR10585535,0,SRA,Public Data,Singapore,Asia,Agricultural Land,11153690,1.42,103.7,PRJNA593573,SAMN13481400,Not applicable
SRR10585549,SRR10585549,0,SRA,Public Data,Singapore,Asia,Agricultural Land,11028354,1.42,103.7,PRJNA593573,SAMN13481387,Not applicable
SRR10585552,SRR10585552bin,1,SRA,Public Data,Singapore,Asia,Agricultural Land,10298254,1.42,103.7,PRJNA593573,SAMN13481385,Not applicable
SRR10585553,SRR10585553,0,SRA,Public Data,Singapore,Asia,Agricultural Land,10251330,1.42,103.7,PRJNA593573,SAMN13481384,Not applicable
SRR10585567,SRR10585567bin,1,SRA,Public Data,Singapore,Asia,Agricultural Land,11934538,1.42,103.7,PRJNA593573,SAMN13481371,Not applicable
SRR10585568,SRR10585568,0,SRA,Public Data,Singapore,Asia,Agricultural Land,11773940,1.42,103.7,PRJNA593573,SAMN13481370,Not applicable
SRR10585569,SRR10585569bin,1,SRA,Public Data,Singapore,Asia,Agricultural Land,10753836,1.42,103.7,PRJNA593573,SAMN13481369,Not applicable
SRR10586121,SRR10586121bin,1,SRA,Public Data,Singapore,Asia,Agricultural Land,12515070,1.42,103.7,PRJNA593573,SAMN13482106,2-5 cm
SRR10586122,SRR10586122bin,1,SRA,Public Data,Singapore,Asia,Agricultural Land,10546512,1.42,103.7,PRJNA593573,SAMN13482105,5 cm
SRR10586123,SRR10586123bin,2,SRA,Public Data,Singapore,Asia,Agricultural Land,10441146,1.42,103.7,PRJNA593573,SAMN13482104,5 cm
SRR10586124,SRR10586124,0,SRA,Public Data,Singapore,Asia,Agricultural Land,12289614,1.42,103.7,PRJNA593573,SAMN13482103,5 cm
SRR10586125,SRR10586125,0,SRA,Public Data,Singapore,Asia,Agricultural Land,9451412,1.42,103.7,PRJNA593573,SAMN13482102,5 cm
SRR10586126,SRR10586126bin,1,SRA,Public Data,Singapore,Asia,Agricultural Land,10498474,1.42,103.7,PRJNA593573,SAMN13482101,5 cm
SRR10586127,SRR10586127,0,SRA,Public Data,Singapore,Asia,Agricultural Land,10337422,1.42,103.7,PRJNA593573,SAMN13482100,5 cm
SRR10586129,SRR10586129bin,1,SRA,Public Data,Singapore,Asia,Agricultural Land,13744680,1.42,103.7,PRJNA593573,SAMN13482114,2-5 cm
SRR10586130,SRR10586130,0,SRA,Public Data,Singapore,Asia,Agricultural Land,14281170,1.42,103.7,PRJNA593573,SAMN13482113,2-5 cm
SRR10586131,SRR10586131,0,SRA,Public Data,Singapore,Asia,Agricultural Land,14252224,1.42,103.7,PRJNA593573,SAMN13482112,2-5 cm
SRR10586135,SRR10586135bin,1,SRA,Public Data,Singapore,Asia,Agricultural Land,11893506,1.42,103.7,PRJNA593573,SAMN13482108,2-5 cm
SRR10586136,SRR10586136bin,1,SRA,Public Data,Singapore,Asia,Agricultural Land,14306650,1.42,103.7,PRJNA593573,SAMN13482107,2-5 cm
SRR10695388,SRR10695388bin,7,SRA,Public Data,China,Asia,Agricultural Land,67198964,23.5823,104.3303,PRJNA595820,SAMN13567777,Not applicable
SRR10695389,SRR10695389bin,2,SRA,Public Data,China,Asia,Agricultural Land,65990792,23.2415,104.0842,PRJNA595820,SAMN13567776,Not applicable
SRR10695390,SRR10695390bin,7,SRA,Public Data,China,Asia,Agricultural Land,64228062,23.2415,104.0842,PRJNA595820,SAMN13567775,Not applicable
SRR10695391,SRR10695391bin,16,SRA,Public Data,China,Asia,Agricultural Land,76263632,23.2415,104.0842,PRJNA595820,SAMN13567774,Not applicable
SRR10695392,SRR10695392bin,13,SRA,Public Data,China,Asia,Agricultural Land,71213170,23.2097,104.1342,PRJNA595820,SAMN13567773,Not applicable
SRR10695393,SRR10695393bin,11,SRA,Public Data,China,Asia,Agricultural Land,71097174,23.2097,104.1342,PRJNA595820,SAMN13567772,Not applicable
SRR10695394,SRR10695394bin,11,SRA,Public Data,China,Asia,Agricultural Land,81321780,23.2097,104.1342,PRJNA595820,SAMN13567771,Not applicable
SRR10695395,SRR10695395bin,5,SRA,Public Data,China,Asia,Agricultural Land,71403568,23.3167,104.2025,PRJNA595820,SAMN13567770,Not applicable
SRR10695396,SRR10695396bin,7,SRA,Public Data,China,Asia,Agricultural Land,57847668,23.8297,104.1036,PRJNA595820,SAMN13567782,Not applicable
SRR10695397,SRR10695397bin,10,SRA,Public Data,China,Asia,Agricultural Land,69482060,23.8297,104.1036,PRJNA595820,SAMN13567781,Not applicable
SRR10695399,SRR10695399bin,10,SRA,Public Data,China,Asia,Agricultural Land,64329164,23.5823,104.3303,PRJNA595820,SAMN13567779,Not applicable
SRR10695400,SRR10695400bin,7,SRA,Public Data,China,Asia,Agricultural Land,62104010,23.5823,104.3303,PRJNA595820,SAMN13567778,Not applicable
SRR10695401,SRR10695401bin,8,SRA,Public Data,China,Asia,Agricultural Land,69406072,23.3167,104.2025,PRJNA595820,SAMN13567769,Not applicable
SRR10695402,SRR10695402bin,7,SRA,Public Data,China,Asia,Agricultural Land,82421766,23.3167,104.2025,PRJNA595820,SAMN13567768,Not applicable
SRR10857620,SRR10857620,0,SRA,Public Data,Namibia,Africa,Bare Land,17124874,-23.14,16.08,PRJNA592367,SAMN13423131,Surface
SRR10857621,SRR10857621,0,SRA,Public Data,Namibia,Africa,Bare Land,17501106,-23.2,15.55,PRJNA592367,SAMN13423130,Surface
SRR10861768,SRR10861768bin,7,SRA,Public Data,China,Asia,Artificial Surfaces,35637710,30.83,120.72,PRJNA600336,SAMN13812698,Not applicable
SRR10929040,SRR10929040bin,4,SRA,Public Data,USA: California,North America,Bare Land,53074366,34.7856,-115.66,PRJNA567663,SAMN12794644,Not applicable
SRR10946703,SRR10946703bin,4,SRA,Public Data,USA: California,North America,Bare Land,49964160,34.7856,-115.66,PRJNA567664,SAMN12796084,Not applicable
SRR10948222,SRR10948222bin,2,SRA,Public Data,USA: California,North America,Bare Land,49760576,34.7856,-115.66,PRJNA567666,SAMN12795546,Not applicable
SRR10948296,SRR10948296bin,4,SRA,Public Data,USA: California,North America,Bare Land,57871226,34.7856,-115.66,PRJNA567665,SAMN12795550,Not applicable
SRR10948380,SRR10948380bin,3,SRA,Public Data,USA: California,North America,Bare Land,56651758,34.3778,-117.6098,PRJNA567668,SAMN12795838,Not applicable
SRR10948449,SRR10948449bin,11,SRA,Public Data,USA: California,North America,Bare Land,68484840,34.7856,-115.66,PRJNA567667,SAMN12796233,Not applicable
SRR10953297,SRR10953297bin,5,SRA,Public Data,USA: California,North America,Bare Land,55157786,34.7856,-115.66,PRJNA567750,SAMN12796024,Not applicable
SRR10953300,SRR10953300bin,5,SRA,Public Data,USA: California,North America,Bare Land,46531546,34.7856,-115.66,PRJNA567752,SAMN12796116,Not applicable
SRR10953302,SRR10953302bin,9,SRA,Public Data,USA: California,North America,Bare Land,89282684,34.7856,-115.66,PRJNA567749,SAMN12796104,Not applicable
SRR10953303,SRR10953303bin,4,SRA,Public Data,USA: California,North America,Bare Land,60672664,34.3778,-117.6098,PRJNA567751,SAMN12794622,Not applicable
SRR10953933,SRR10953933bin,10,SRA,Public Data,USA: California,North America,Bare Land,54465224,34.7856,-115.66,PRJNA567822,SAMN12795548,Not applicable
SRR10953934,SRR10953934bin,16,SRA,Public Data,USA: California,North America,Bare Land,69322382,34.7856,-115.66,PRJNA567821,SAMN12795905,Not applicable
SRR10953936,SRR10953936bin,12,SRA,Public Data,USA: California,North America,Bare Land,62349782,34.3778,-117.6098,PRJNA567824,SAMN12794941,Not applicable
SRR10953937,SRR10953937bin,21,SRA,Public Data,USA: California,North America,Bare Land,104839642,34.3778,-117.6098,PRJNA567825,SAMN12796111,Not applicable
SRR10954383,SRR10954383bin,8,SRA,Public Data,USA: California,North America,Bare Land,53472996,34.3778,-117.6098,PRJNA567826,SAMN12795929,Not applicable
SRR10954964,SRR10954964bin,12,SRA,Public Data,USA: California,North America,Bare Land,48137086,34.3778,-117.6098,PRJNA567828,SAMN12795560,Not applicable
SRR10954965,SRR10954965bin,24,SRA,Public Data,USA: California,North America,Bare Land,92067874,34.3778,-117.6098,PRJNA567827,SAMN12794860,Not applicable
SRR10954966,SRR10954966bin,6,SRA,Public Data,USA: California,North America,Bare Land,49606614,34.7856,-115.66,PRJNA567832,SAMN12794643,Not applicable
SRR10954967,SRR10954967bin,6,SRA,Public Data,USA: California,North America,Bare Land,49495342,34.7856,-115.66,PRJNA567838,SAMN12795547,Not applicable
SRR10954968,SRR10954968bin,6,SRA,Public Data,USA: California,North America,Bare Land,54011294,34.7856,-115.66,PRJNA567836,SAMN12796235,Not applicable
SRR10954969,SRR10954969bin,8,SRA,Public Data,USA: California,North America,Bare Land,45159064,34.7856,-115.66,PRJNA567839,SAMN12795545,Not applicable
SRR10954970,SRR10954970bin,10,SRA,Public Data,USA: California,North America,Bare Land,65135294,34.3778,-117.6098,PRJNA567829,SAMN12795168,Not applicable
SRR10954971,SRR10954971bin,10,SRA,Public Data,USA: California,North America,Bare Land,40946462,34.3778,-117.6098,PRJNA567840,SAMN12796230,Not applicable
SRR10954972,SRR10954972bin,6,SRA,Public Data,USA: California,North America,Bare Land,48271150,34.3778,-117.6098,PRJNA567841,SAMN12794623,Not applicable
SRR10954973,SRR10954973bin,12,SRA,Public Data,USA: California,North America,Bare Land,62616706,34.3778,-117.6098,PRJNA567835,SAMN12794830,Not applicable
SRR10954974,SRR10954974bin,7,SRA,Public Data,USA: California,North America,Bare Land,40946462,34.7856,-115.66,PRJNA567837,SAMN12794831,Not applicable
SRR10954975,SRR10954975bin,7,SRA,Public Data,USA: California,North America,Bare Land,56627182,34.3778,-117.6098,PRJNA567833,SAMN12794829,Not applicable
SRR10954976,SRR10954976bin,10,SRA,Public Data,USA: California,North America,Bare Land,50749058,34.7856,-115.66,PRJNA567830,SAMN12795169,Not applicable
SRR10954977,SRR10954977bin,9,SRA,Public Data,USA: California,North America,Bare Land,64226032,34.7856,-115.66,PRJNA567831,SAMN12794948,Not applicable
SRR10954978,SRR10954978bin,6,SRA,Public Data,USA: California,North America,Bare Land,48906208,34.7856,-115.66,PRJNA567658,SAMN12795170,Not applicable
SRR10954979,SRR10954979bin,13,SRA,Public Data,USA: California,North America,Bare Land,49641932,34.3778,-117.6098,PRJNA567844,SAMN12794642,Not applicable
SRR10954980,SRR10954980bin,6,SRA,Public Data,USA: California,North America,Bare Land,45541720,34.3778,-117.6098,PRJNA567656,SAMN12794918,Not applicable
SRR10954981,SRR10954981bin,8,SRA,Public Data,USA: California,North America,Bare Land,42876944,34.7856,-115.66,PRJNA567657,SAMN12796109,Not applicable
SRR10954982,SRR10954982bin,9,SRA,Public Data,USA: California,North America,Bare Land,47607586,34.3778,-117.6098,PRJNA567843,SAMN12795199,Not applicable
SRR10954983,SRR10954983bin,11,SRA,Public Data,USA: California,North America,Bare Land,52774854,34.3778,-117.6098,PRJNA567845,SAMN12796212,Not applicable
SRR10954984,SRR10954984bin,19,SRA,Public Data,USA: California,North America,Bare Land,58209842,34.3778,-117.6098,PRJNA567842,SAMN12794859,Not applicable
SRR10954987,SRR10954987bin,2,SRA,Public Data,USA: California,North America,Bare Land,38038676,34.7856,-115.66,PRJNA567659,SAMN12796115,Not applicable
SRR10954988,SRR10954988bin,11,SRA,Public Data,USA: California,North America,Bare Land,48598550,34.3778,-117.6098,PRJNA567660,SAMN12796121,Not applicable
SRR10955009,SRR10955009bin,7,SRA,Public Data,USA: California,North America,Bare Land,57672452,34.3778,-117.6098,PRJNA567661,SAMN12795924,Not applicable
SRR10968225,SRR10968225bin,3,SRA,Public Data,Czech Republic,Europe,Forest,13344366,48.66695901,14.70482686,PRJNA603240,SAMN13925158,0
SRR10968226,SRR10968226bin,2,SRA,Public Data,Czech Republic,Europe,Forest,11570606,48.66532182,14.7088035,PRJNA603240,SAMN13925157,0
SRR10968227,SRR10968227,0,SRA,Public Data,Czech Republic,Europe,Forest,13435608,48.66596981,14.70662556,PRJNA603240,SAMN13925156,0
SRR10968229,SRR10968229bin,1,SRA,Public Data,Czech Republic,Europe,Forest,14433700,48.66637735,14.70987936,PRJNA603240,SAMN13925154,0
SRR10968235,SRR10968235,0,SRA,Public Data,Czech Republic,Europe,Forest,12551740,48.66418975,14.70578717,PRJNA603240,SAMN13925153,0
SRR10968246,SRR10968246bin,78,SRA,Public Data,Czech Republic,Europe,Forest,175345840,48.66447093,14.70930506,PRJNA603240,SAMN13925152,0
SRR10968252,SRR10968252bin,4,SRA,Public Data,Czech Republic,Europe,Forest,17468428,48.66708674,14.70533219,PRJNA603240,SAMN13925173,0
SRR10968254,SRR10968254bin,4,SRA,Public Data,Czech Republic,Europe,Forest,9656470,48.66729653,14.70436811,PRJNA603240,SAMN13925171,0
SRR10968258,SRR10968258bin,4,SRA,Public Data,Czech Republic,Europe,Forest,22090888,48.66364532,14.70740952,PRJNA603240,SAMN13925168,0
SRR10968259,SRR10968259bin,4,SRA,Public Data,Czech Republic,Europe,Forest,14403522,48.6648688,14.70904809,PRJNA603240,SAMN13925167,0
SRR10968263,SRR10968263bin,5,SRA,Public Data,Czech Republic,Europe,Forest,14621460,48.66470334,14.70872691,PRJNA603240,SAMN13925163,0
SRR10968264,SRR10968264bin,5,SRA,Public Data,Czech Republic,Europe,Forest,16962396,48.66430814,14.70447406,PRJNA603240,SAMN13925162,0
SRR10968265,SRR10968265bin,4,SRA,Public Data,Czech Republic,Europe,Forest,12541660,48.66597527,14.70922455,PRJNA603240,SAMN13925161,0
SRR10968266,SRR10968266bin,4,SRA,Public Data,Czech Republic,Europe,Forest,15673962,48.66551798,14.70688064,PRJNA603240,SAMN13925160,0
SRR10968267,SRR10968267bin,4,SRA,Public Data,Czech Republic,Europe,Forest,15470050,48.66689105,14.70354388,PRJNA603240,SAMN13925159,0
SRR10968268,SRR10968268bin,7,SRA,Public Data,Czech Republic,Europe,Forest,18778580,48.66613429,14.70759587,PRJNA603240,SAMN13925150,0
SRR10968269,SRR10968269bin,7,SRA,Public Data,Czech Republic,Europe,Forest,15600196,48.66670121,14.70427713,PRJNA603240,SAMN13925149,0
SRR10998558,SRR10998558bin,9,SRA,Public Data,USA: California,North America,Forest,265178590,38.7864,-120.429,PRJNA566978,SAMN12793969,Not applicable
SRR10998589,SRR10998589bin,8,SRA,Public Data,USA: California,North America,Forest,196140698,38.7966,-120.3833,PRJNA566979,SAMN12794413,Not applicable
SRR10998590,SRR10998590bin,10,SRA,Public Data,USA: California,North America,Forest,254760054,38.7856,-120.428,PRJNA566980,SAMN12794183,Not applicable
SRR10998591,SRR10998591bin,11,SRA,Public Data,USA: California,North America,Forest,187317832,38.7833,-120.2991,PRJNA566981,SAMN12793980,Not applicable
SRR10998592,SRR10998592bin,32,SRA,Public Data,USA: California,North America,Forest,280592250,38.7833,-120.2976,PRJNA566982,SAMN12794412,Not applicable
SRR10998593,SRR10998593bin,16,SRA,Public Data,USA: California,North America,Forest,156380912,38.9738,-120.4934,PRJNA566983,SAMN12794334,Not applicable
SRR11031422,SRR11031422bin,16,SRA,Public Data,China,Asia,NA,98381582,NA,NA,PRJNA604302,SAMN13964732,Not applicable
SRR11051935,SRR11051935bin,7,SRA,Public Data,China,Asia,Artificial Surfaces,34600728,28.68,121.43,PRJNA605576,SAMN14071567,Not applicable
SRR11051936,SRR11051936bin,7,SRA,Public Data,China,Asia,Artificial Surfaces,37380720,28.68,121.43,PRJNA605576,SAMN14071566,Not applicable
SRR11051937,SRR11051937bin,9,SRA,Public Data,China,Asia,Artificial Surfaces,47607586,28.68,121.43,PRJNA605576,SAMN14071565,Not applicable
SRR11051938,SRR11051938bin,7,SRA,Public Data,China,Asia,Artificial Surfaces,37421416,28.68,121.43,PRJNA605576,SAMN14071564,Not applicable
SRR11051939,SRR11051939bin,7,SRA,Public Data,China,Asia,Artificial Surfaces,34566886,28.68,121.43,PRJNA605576,SAMN14071563,Not applicable
SRR11051940,SRR11051940bin,7,SRA,Public Data,China,Asia,Artificial Surfaces,28039530,28.68,121.43,PRJNA605576,SAMN14071562,Not applicable
SRR11051941,SRR11051941bin,7,SRA,Public Data,China,Asia,Artificial Surfaces,26836318,28.68,121.43,PRJNA605576,SAMN14071592,Not applicable
SRR11051942,SRR11051942bin,7,SRA,Public Data,China,Asia,Artificial Surfaces,21750364,28.68,121.43,PRJNA605576,SAMN14071591,Not applicable
SRR11051943,SRR11051943bin,7,SRA,Public Data,China,Asia,Artificial Surfaces,43815586,28.68,121.43,PRJNA605576,SAMN14071590,Not applicable
SRR11051944,SRR11051944bin,7,SRA,Public Data,China,Asia,Artificial Surfaces,45429728,28.68,121.43,PRJNA605576,SAMN14071589,Not applicable
SRR11051945,SRR11051945bin,7,SRA,Public Data,China,Asia,Artificial Surfaces,41029790,28.68,121.43,PRJNA605576,SAMN14071588,Not applicable
SRR11051946,SRR11051946bin,7,SRA,Public Data,China,Asia,Artificial Surfaces,44075346,28.68,121.43,PRJNA605576,SAMN14071561,Not applicable
SRR11051947,SRR11051947bin,7,SRA,Public Data,China,Asia,Artificial Surfaces,24126174,28.68,121.43,PRJNA605576,SAMN14071587,Not applicable
SRR11051948,SRR11051948bin,7,SRA,Public Data,China,Asia,Artificial Surfaces,26991866,28.68,121.43,PRJNA605576,SAMN14071586,Not applicable
SRR11051949,SRR11051949bin,7,SRA,Public Data,China,Asia,Artificial Surfaces,39078448,28.68,121.43,PRJNA605576,SAMN14071585,Not applicable
SRR11051950,SRR11051950bin,7,SRA,Public Data,China,Asia,Artificial Surfaces,36698684,28.68,121.43,PRJNA605576,SAMN14071584,Not applicable
SRR11051951,SRR11051951bin,7,SRA,Public Data,China,Asia,Artificial Surfaces,40624632,28.68,121.43,PRJNA605576,SAMN14071583,Not applicable
SRR11051952,SRR11051952bin,7,SRA,Public Data,China,Asia,Artificial Surfaces,37066490,28.68,121.43,PRJNA605576,SAMN14071582,Not applicable
SRR11051953,SRR11051953bin,7,SRA,Public Data,China,Asia,Artificial Surfaces,44371722,28.68,121.43,PRJNA605576,SAMN14071581,Not applicable
SRR11051954,SRR11051954bin,7,SRA,Public Data,China,Asia,Artificial Surfaces,44279606,28.68,121.43,PRJNA605576,SAMN14071580,Not applicable
SRR11051955,SRR11051955bin,7,SRA,Public Data,China,Asia,Artificial Surfaces,48185940,28.68,121.43,PRJNA605576,SAMN14071579,Not applicable
SRR11051956,SRR11051956bin,7,SRA,Public Data,China,Asia,Artificial Surfaces,44483384,28.68,121.43,PRJNA605576,SAMN14071578,Not applicable
SRR11051957,SRR11051957bin,7,SRA,Public Data,China,Asia,Artificial Surfaces,43932416,28.68,121.43,PRJNA605576,SAMN14071560,Not applicable
SRR11051958,SRR11051958,0,SRA,Public Data,China:Taizhou,Asia,Artificial Surfaces,35477492,28.68,121.43,PRJNA605576,SAMN14071577,Not applicable
SRR11051959,SRR11051959,0,SRA,Public Data,China:Taizhou,Asia,Artificial Surfaces,39958958,28.68,121.43,PRJNA605576,SAMN14071576,Not applicable
SRR11051960,SRR11051960,0,SRA,Public Data,China:Taizhou,Asia,Artificial Surfaces,35460736,28.68,121.43,PRJNA605576,SAMN14071575,Not applicable
SRR11051961,SRR11051961,0,SRA,Public Data,China:Taizhou,Asia,Artificial Surfaces,39732380,28.68,121.43,PRJNA605576,SAMN14071574,Not applicable
SRR11051962,SRR11051962bin,1,SRA,Public Data,China,Asia,Artificial Surfaces,42548306,28.68,121.43,PRJNA605576,SAMN14071573,Not applicable
SRR11051963,SRR11051963bin,1,SRA,Public Data,China,Asia,Artificial Surfaces,42010168,28.68,121.43,PRJNA605576,SAMN14071572,Not applicable
SRR11051964,SRR11051964bin,1,SRA,Public Data,China,Asia,Artificial Surfaces,40186484,28.68,121.43,PRJNA605576,SAMN14071571,Not applicable
SRR11051965,SRR11051965,0,SRA,Public Data,China:Taizhou,Asia,Artificial Surfaces,39019544,28.68,121.43,PRJNA605576,SAMN14071570,Not applicable
SRR11051966,SRR11051966,0,SRA,Public Data,China:Taizhou,Asia,Artificial Surfaces,39687180,28.68,121.43,PRJNA605576,SAMN14071569,Not applicable
SRR11051967,SRR11051967bin,3,SRA,Public Data,China,Asia,Artificial Surfaces,37785942,28.68,121.43,PRJNA605576,SAMN14071568,Not applicable
SRR11051968,SRR11051968bin,5,SRA,Public Data,China,Asia,Artificial Surfaces,35150882,28.68,121.43,PRJNA605576,SAMN14071559,Not applicable
SRR11051969,SRR11051969bin,4,SRA,Public Data,China,Asia,Artificial Surfaces,38327256,28.68,121.43,PRJNA605576,SAMN14071558,Not applicable
SRR11086695,SRR11086695bin,1,SRA,Public Data,Germany,Europe,Forest,35349796,48.41684041,9.35832466,PRJNA605948,SAMN14082485,Not applicable
SRR11092497,SRR11092497,0,SRA,Public Data,Mexico,North America,Artificial Surfaces,19984020,21.179,-104.5403,PRJNA603603,SAMN13942205,Not applicable
SRR11092500,SRR11092500,0,SRA,Public Data,Mexico,North America,Artificial Surfaces,18104616,24.0062,-104.3847,PRJNA603603,SAMN13942202,Not applicable
SRR11092503,SRR11092503,0,SRA,Public Data,Mexico,North America,Artificial Surfaces,17890448,21.8275,-102.1208,PRJNA603603,SAMN13942199,Not applicable
SRR11092507,SRR11092507bin,1,SRA,Public Data,Mexico,North America,Artificial Surfaces,16711876,23.2927,-106.4787,PRJNA603603,SAMN13942210,Not applicable
SRR11092510,SRR11092510,0,SRA,Public Data,Mexico,North America,Artificial Surfaces,18750168,21.8363,-105.0829,PRJNA603603,SAMN13942207,Not applicable
SRR11271801,SRR11271801bin,2,SRA,Public Data,Chile,South America,Bare Land,12653462,-38.83,-71.65,PRJNA602600,SAMN13908148,10 cm
SRR11271802,SRR11271802bin,1,SRA,Public Data,Chile,South America,Bare Land,15770642,-38.83,-71.65,PRJNA602600,SAMN13908146,10 cm
SRR11271803,SRR11271803,0,SRA,Public Data,Chile,South America,Bare Land,14481768,-38.57,-71.78,PRJNA602600,SAMN13908144,10 cm
SRR11271804,SRR11271804bin,2,SRA,Public Data,Chile,South America,Bare Land,15917556,-38.57,-71.78,PRJNA602600,SAMN13908142,10 cm
SRR11271805,SRR11271805bin,6,SRA,Public Data,Chile,South America,Bare Land,13677810,-38.82,-71.68,PRJNA602600,SAMN13908156,5 cm
SRR11271806,SRR11271806bin,8,SRA,Public Data,Chile,South America,Bare Land,12851002,-38.82,-71.68,PRJNA602600,SAMN13908154,5 cm
SRR11271807,SRR11271807bin,5,SRA,Public Data,Chile,South America,Bare Land,14075656,-38.82,-71.68,PRJNA602600,SAMN13908152,5 cm
SRR11271808,SRR11271808bin,3,SRA,Public Data,Chile,South America,Bare Land,13589336,-38.83,-71.65,PRJNA602600,SAMN13908150,10 cm
SRR11271809,SRR11271809,0,SRA,Public Data,Chile,South America,Bare Land,12143410,-38.57,-71.78,PRJNA602600,SAMN13908140,10 cm
SRR11285378,SRR11285378bin,23,SRA,Public Data,China,Asia,Artificial Surfaces,82661648,29.385248,111.02402,PRJNA611469,SAMN14331837,20-40 cm
SRR11449177,SRR11449177bin,49,SRA,Public Data,China,Asia,Agricultural Land,79316004,34.57,116.42,PRJNA616167,SAMN14483312,Not applicable
SRR11449178,SRR11449178bin,43,SRA,Public Data,China,Asia,Agricultural Land,81472494,34.55,116.31,PRJNA616167,SAMN14483311,Not applicable
SRR11449179,SRR11449179bin,45,SRA,Public Data,China,Asia,Agricultural Land,71885068,34.45,116.29,PRJNA616167,SAMN14483310,Not applicable
SRR11449180,SRR11449180bin,42,SRA,Public Data,China,Asia,Agricultural Land,74531916,34.35,116.19,PRJNA616167,SAMN14483309,Not applicable
SRR11449181,SRR11449181bin,35,SRA,Public Data,China,Asia,Agricultural Land,73807976,35.44,115.88,PRJNA616167,SAMN14483308,Not applicable
SRR11449182,SRR11449182bin,37,SRA,Public Data,China,Asia,Agricultural Land,85510466,35.34,115.78,PRJNA616167,SAMN14483307,Not applicable
SRR11449183,SRR11449183bin,33,SRA,Public Data,China,Asia,Agricultural Land,74207916,35.24,115.68,PRJNA616167,SAMN14483306,Not applicable
SRR11449184,SRR11449184bin,51,SRA,Public Data,China,Asia,Agricultural Land,88709648,35.14,115.54,PRJNA616167,SAMN14483305,Not applicable
SRR11449185,SRR11449185bin,49,SRA,Public Data,China,Asia,Agricultural Land,83952248,34.75,116.64,PRJNA616167,SAMN14483314,Not applicable
SRR11449186,SRR11449186bin,52,SRA,Public Data,China,Asia,Agricultural Land,80600532,34.65,116.53,PRJNA616167,SAMN14483313,Not applicable
SRR11449187,SRR11449187bin,50,SRA,Public Data,China,Asia,Agricultural Land,86604784,33.02,113.93,PRJNA616167,SAMN14483304,Not applicable
SRR11449188,SRR11449188bin,49,SRA,Public Data,China,Asia,Agricultural Land,77600556,35.07,115.52,PRJNA616167,SAMN14483303,Not applicable
SRR11467474,SRR11467474bin,10,SRA,Public Data,"USA: Poamoho, Hawaii",North America,NA,75137428,NA,NA,PRJNA622594,SAMN14522246,Not applicable
SRR11467475,SRR11467475bin,13,SRA,Public Data,"USA: Poamoho, Hawaii",North America,NA,76411252,NA,NA,PRJNA622594,SAMN14522245,Not applicable
SRR11467476,SRR11467476bin,9,SRA,Public Data,"USA: Poamoho, Hawaii",North America,NA,69279858,NA,NA,PRJNA622594,SAMN14522244,Not applicable
SRR11467478,SRR11467478bin,13,SRA,Public Data,"USA: Poamoho, Hawaii",North America,NA,74119320,NA,NA,PRJNA622594,SAMN14522242,Not applicable
SRR11467479,SRR11467479bin,7,SRA,Public Data,"USA: Poamoho, Hawaii",North America,NA,62210060,NA,NA,PRJNA622594,SAMN14522249,Not applicable
SRR11467480,SRR11467480bin,8,SRA,Public Data,"USA: Poamoho, Hawaii",North America,NA,34177380,NA,NA,PRJNA622594,SAMN14522248,Not applicable
SRR11467481,SRR11467481bin,6,SRA,Public Data,"USA: Poamoho, Hawaii",North America,NA,72743222,NA,NA,PRJNA622594,SAMN14522247,Not applicable
SRR1152189,SRR1152189rbin,5,SRA,Public Data,United States,North America,Agricultural Land,70195124,40.296,-89.944,PRJNA236429,SAMN02614524,5 cm
SRR1153387,SRR1153387rbin,7,SRA,Public Data,United States,North America,Agricultural Land,101507208,40.075,-88.242,PRJNA236429,SAMN02614525,5 cm
SRR1157607,SRR1157607rbin,15,SRA,Public Data,United States,North America,Grassland,48651032,47.51,-93.45,PRJNA221719,SAMN02364459,75-100 cm
SRR1157608,SRR1157608rbin,20,SRA,Public Data,United States,North America,Grassland,91573236,47.51,-93.45,PRJNA221719,SAMN02364459,75-100 cm
SRR1157609,SRR1157609rbin,20,SRA,Public Data,United States,North America,Grassland,91573236,47.51,-93.45,PRJNA221719,SAMN02364459,75-100 cm
SRR1157614,SRR1157614rbin,5,SRA,Public Data,United States,North America,Forest,23231646,47.5062,-93.45426667,PRJNA221719,SAMN02364454,0-10 cm
SRR1157615,SRR1157615rbin,5,SRA,Public Data,United States,North America,Grassland,22521760,47.51,-93.45,PRJNA221719,SAMN02364455,0-10 cm
SRR1157616,SRR1157616rbin,5,SRA,Public Data,United States,North America,Forest,27747756,47.50505,-93.48901667,PRJNA221719,SAMN02364456,0-10 cm
SRR1157617,SRR1157617rbin,5,SRA,Public Data,United States,North America,Forest,23592258,47.50505,-93.48901667,PRJNA221719,SAMN02364457,0-10 cm
SRR11613032,SRR11613032bin,86,SRA,Public Data,United States,North America,Agricultural Land,376131950,26.6539,-80.6288,PRJNA620814,SAMN14510906,Not applicable
SRR11613357,SRR11613357bin,94,SRA,Public Data,United States,North America,Agricultural Land,184052340,26.6539,-80.6288,PRJNA620815,SAMN14510857,Not applicable
SRR11613358,SRR11613358bin,71,SRA,Public Data,United States,North America,Agricultural Land,168059018,26.6539,-80.6288,PRJNA620817,SAMN14510725,Not applicable
SRR11613400,SRR11613400bin,52,SRA,Public Data,United States,North America,Agricultural Land,154990930,26.6591,-80.6279,PRJNA620818,SAMN14510770,Not applicable
SRR11613413,SRR11613413bin,29,SRA,Public Data,United States,North America,Agricultural Land,184681334,26.6591,-80.6279,PRJNA620819,SAMN14510759,Not applicable
SRR11614242,SRR11614242bin,61,SRA,Public Data,United States,North America,Agricultural Land,164383592,26.6591,-80.6279,PRJNA620820,SAMN14510966,Not applicable
SRR11615275,SRR11615275bin,27,SRA,Public Data,United States,North America,Agricultural Land,247036146,26.6539,-80.6288,PRJNA620825,SAMN14510723,Not applicable
SRR11615276,SRR11615276bin,35,SRA,Public Data,United States,North America,Agricultural Land,71410836,26.6591,-80.6279,PRJNA620827,SAMN14510928,Not applicable
SRR11615638,SRR11615638bin,43,SRA,Public Data,United States,North America,Agricultural Land,295408458,26.6591,-80.6279,PRJNA620681,SAMN14510983,Not applicable
SRR11622287,SRR11622287bin,24,SRA,Public Data,United States,North America,Agricultural Land,64999878,26.6541,-80.6298,PRJNA620684,SAMN14510892,Not applicable
SRR11622294,SRR11622294bin,26,SRA,Public Data,United States,North America,Agricultural Land,77434602,26.6541,-80.6298,PRJNA620682,SAMN14510858,Not applicable
SRR11622295,SRR11622295bin,34,SRA,Public Data,United States,North America,Agricultural Land,157865226,26.6541,-80.6298,PRJNA620683,SAMN14510893,Not applicable
SRR11635549,SRR11635549bin,2,SRA,Public Data,USA: California,North America,Bare Land,69841734,34.7856,-115.66,PRJNA621624,SAMN14515371,Not applicable
SRR11635628,SRR11635628bin,2,SRA,Public Data,USA: California,North America,Bare Land,49728244,34.3778,-117.6098,PRJNA621626,SAMN14515673,Not applicable
SRR11635629,SRR11635629bin,2,SRA,Public Data,USA: California,North America,Bare Land,52691774,34.7856,-115.66,PRJNA621625,SAMN14515585,Not applicable
SRR1164896,SRR1164896bin,12,SRA,Public Data,China,Asia,Shrubland,30969958,38.7,117.5,PRJNA237577,SAMN02630628,<1 m
SRR11671580,SRR11671580bin,32,SRA,Public Data,"United Kingdom: Aberdeen, Scotland",Europe,Agricultural Land,133152308,57.1866,-2.2146,PRJNA621418,SAMN14514950,Not applicable
SRR11671581,SRR11671581bin,51,SRA,Public Data,"United Kingdom: Aberdeen, Scotland",Europe,Agricultural Land,151094404,57.1866,-2.2146,PRJNA621421,SAMN14514931,Not applicable
SRR11671582,SRR11671582bin,36,SRA,Public Data,"United Kingdom: Aberdeen, Scotland",Europe,Agricultural Land,134535682,57.1866,-2.2146,PRJNA621422,SAMN14514969,Not applicable
SRR11671584,SRR11671584bin,42,SRA,Public Data,"United Kingdom: Aberdeen, Scotland",Europe,Agricultural Land,147052732,57.1866,-2.2146,PRJNA621423,SAMN14514815,Not applicable
SRR11671587,SRR11671587bin,9,SRA,Public Data,"United Kingdom: Aberdeen, Scotland",Europe,Agricultural Land,165452018,57.1863,-2.2145,PRJNA621424,SAMN14514827,Not applicable
SRR11671588,SRR11671588bin,34,SRA,Public Data,"United Kingdom: Aberdeen, Scotland",Europe,Agricultural Land,134404698,57.1866,-2.2146,PRJNA621419,SAMN14515461,Not applicable
SRR11671808,SRR11671808bin,13,SRA,Public Data,"United Kingdom: Aberdeen, Scotland",Europe,Agricultural Land,178005914,57.1863,-2.2145,PRJNA621425,SAMN14515358,Not applicable
SRR11672838,SRR11672838bin,29,SRA,Public Data,"United Kingdom: Aberdeen, Scotland",Europe,Agricultural Land,119899656,57.1866,-2.2146,PRJNA621432,SAMN14515665,Not applicable
SRR11672839,SRR11672839bin,11,SRA,Public Data,"United Kingdom: Aberdeen, Scotland",Europe,Agricultural Land,166310734,57.1863,-2.2145,PRJNA621426,SAMN14515357,Not applicable
SRR11672840,SRR11672840bin,31,SRA,Public Data,"United Kingdom: Aberdeen, Scotland",Europe,Agricultural Land,138522814,57.1866,-2.2146,PRJNA621430,SAMN14514966,Not applicable
SRR11672841,SRR11672841bin,7,SRA,Public Data,"United Kingdom: Aberdeen, Scotland",Europe,Agricultural Land,130015384,57.1863,-2.2145,PRJNA621427,SAMN14515906,Not applicable
SRR11673296,SRR11673296bin,40,SRA,Public Data,"United Kingdom: Aberdeen, Scotland",Europe,Agricultural Land,118910288,57.1866,-2.2146,PRJNA621431,SAMN14514853,Not applicable
SRR11673297,SRR11673297bin,40,SRA,Public Data,"United Kingdom: Aberdeen, Scotland",Europe,Agricultural Land,35746338,57.1863,-2.2145,PRJNA621428,SAMN14515551,Not applicable
SRR11673298,SRR11673298bin,40,SRA,Public Data,"United Kingdom: Aberdeen, Scotland",Europe,Agricultural Land,150440422,57.1863,-2.2145,PRJNA621429,SAMN14515548,Not applicable
SRR11673299,SRR11673299bin,39,SRA,Public Data,"United Kingdom: Aberdeen, Scotland",Europe,Agricultural Land,109478804,57.1863,-2.2145,PRJNA621433,SAMN14515905,Not applicable
SRR11673319,SRR11673319bin,16,SRA,Public Data,"United Kingdom: Aberdeen, Scotland",Europe,Agricultural Land,96860308,57.1863,-2.2145,PRJNA621435,SAMN14514949,Not applicable
SRR11673482,SRR11673482bin,22,SRA,Public Data,"United Kingdom: Aberdeen, Scotland",Europe,Agricultural Land,189065968,57.1863,-2.2145,PRJNA621434,SAMN14515565,Not applicable
SRR11674055,SRR11674055bin,44,SRA,Public Data,"United Kingdom: Aberdeen, Scotland",Europe,Agricultural Land,165719554,57.1866,-2.2146,PRJNA621442,SAMN14515579,Not applicable
SRR11674058,SRR11674058bin,30,SRA,Public Data,"United Kingdom: Aberdeen, Scotland",Europe,Agricultural Land,120460776,57.1866,-2.2146,PRJNA621443,SAMN14515852,Not applicable
SRR11674061,SRR11674061bin,4,SRA,Public Data,"United Kingdom: Aberdeen, Scotland",Europe,Agricultural Land,139898080,57.1863,-2.2145,PRJNA621445,SAMN14515664,Not applicable
SRR11674063,SRR11674063bin,44,SRA,Public Data,"United Kingdom: Aberdeen, Scotland",Europe,Agricultural Land,175919454,57.1866,-2.2146,PRJNA621444,SAMN14514965,Not applicable
SRR11674120,SRR11674120bin,3,SRA,Public Data,"United Kingdom: Aberdeen, Scotland",Europe,Agricultural Land,144203662,57.1863,-2.2145,PRJNA621447,SAMN14515663,Not applicable
SRR11676618,SRR11676618bin,10,SRA,Public Data,USA: Hawaii,North America,NA,70313568,NA,NA,PRJNA621654,SAMN14515350,Not applicable
SRR11676645,SRR11676645bin,6,SRA,Public Data,USA: California,North America,Bare Land,68925860,33.893,-115.798,PRJNA621656,SAMN14515071,Not applicable
SRR11676933,SRR11676933bin,2,SRA,Public Data,Chile: Tarapaca Region,South America,Bare Land,60840924,-21.0129,-69.3515,PRJNA621660,SAMN14515568,Not applicable
SRR11678132,SRR11678132bin,15,SRA,Public Data,USA: California,North America,Bare Land,77021926,35.1642,-116.8729,PRJNA621665,SAMN14515345,Not applicable
SRR11678133,SRR11678133bin,6,SRA,Public Data,USA: California,North America,Bare Land,65425720,35.635,-115.5124,PRJNA621666,SAMN14515641,Not applicable
SRR11678143,SRR11678143bin,4,SRA,Public Data,Chile,South America,Bare Land,68725536,-27.2216,-70.3454,PRJNA621668,SAMN14514953,Not applicable
SRR11678144,SRR11678144bin,4,SRA,Public Data,Chile,South America,Bare Land,85958712,-29.3164,-71.2486,PRJNA621667,SAMN14515656,Not applicable
SRR11678156,SRR11678156bin,14,SRA,Public Data,Chile: Atacama Region,South America,Agricultural Land,104277482,-27.73,-71.03,PRJNA621671,SAMN14514832,Not applicable
SRR11678221,SRR11678221bin,7,SRA,Public Data,USA: California,North America,Bare Land,61614478,34.0413,-116.145,PRJNA621674,SAMN14515453,Not applicable
SRR11678222,SRR11678222bin,8,SRA,Public Data,Switzerland: Zurich,Europe,Agricultural Land,72912648,47.37,8.56,PRJNA621675,SAMN14515336,Not applicable
SRR11678224,SRR11678224bin,15,SRA,Public Data,Chile,South America,Bare Land,72155434,-26.1119,-70.6479,PRJNA621676,SAMN14515918,Not applicable
SRR11678563,SRR11678563bin,16,SRA,Public Data,USA: California,North America,Forest,93923616,38.7866,-120.4291,PRJNA621559,SAMN14515332,Not applicable
SRR11678566,SRR11678566bin,32,SRA,Public Data,USA: California,North America,Forest,29547116,38.8759,-120.4437,PRJNA621562,SAMN14515851,Not applicable
SRR11678605,SRR11678605bin,26,SRA,Public Data,USA: California,North America,Forest,77476618,38.7577,-120.4371,PRJNA621561,SAMN14515328,Not applicable
SRR11678609,SRR11678609bin,28,SRA,Public Data,USA: California,North America,Forest,106895700,38.8758,-120.4437,PRJNA621563,SAMN14515067,Not applicable
SRR11678610,SRR11678610bin,22,SRA,Public Data,USA: California,North America,Forest,81210912,38.783,-120.2781,PRJNA621565,SAMN14515638,Not applicable
SRR11678612,SRR11678612bin,17,SRA,Public Data,USA: California,North America,Forest,70724326,38.7825,-120.2792,PRJNA621564,SAMN14515919,Not applicable
SRR11679235,SRR11679235bin,19,SRA,Public Data,USA: California,North America,Forest,132008384,39.0352,-120.4422,PRJNA621567,SAMN14515658,Not applicable
SRR11679676,SRR11679676bin,28,SRA,Public Data,United States,North America,Forest,115582390,42.5315,-72.1899,PRJNA621570,SAMN14514955,Not applicable
SRR11679678,SRR11679678bin,38,SRA,Public Data,United States,North America,Forest,135649460,42.5315,-72.1899,PRJNA621569,SAMN14514968,Not applicable
SRR1168413,SRR1168413rbin,8,SRA,Public Data,China,Asia,Artificial Surfaces,22407358,38.7,117.5,PRJNA237577,SAMN02630628,<1 m
SRR1168459,SRR1168459rbin,5,SRA,Public Data,China,Asia,Agricultural Land,8562600,38.7,117.5,PRJNA237577,SAMN02630628,<1 m
SRR11719862,SRR11719862bin,25,SRA,Public Data,"Antarctica: Mackay Glacier regions, Towle Glacier",Antarctica,Tundra,35058394,-76.4373,161.007,PRJNA630822,SAMN14845652,0
SRR11719863,SRR11719863bin,18,SRA,Public Data,"Antarctica: Mackay Glacier regions, Towle Glacier",Antarctica,Tundra,29926574,-76.4373,161.007,PRJNA630822,SAMN14845651,0
SRR11719864,SRR11719864bin,15,SRA,Public Data,"Antarctica: Mackay Glacier regions, Mount Seuss",Antarctica,Tundra,33966128,-77.0157,161.405,PRJNA630822,SAMN14845642,0
SRR11719865,SRR11719865bin,14,SRA,Public Data,"Antarctica: Mackay Glacier regions, Mount Seuss",Antarctica,Tundra,33418302,-77.0138,161.428,PRJNA630822,SAMN14845641,0
SRR11719866,SRR11719866bin,11,SRA,Public Data,"Antarctica: Mackay Glacier regions, Towle Glacier",Antarctica,Tundra,28442146,-76.3928,161.056,PRJNA630822,SAMN14845650,0
SRR11719867,SRR11719867bin,17,SRA,Public Data,"Antarctica: Mackay Glacier regions, Mount Gran",Antarctica,Tundra,33655082,-76.5713,161.243,PRJNA630822,SAMN14845649,0
SRR11719868,SRR11719868bin,12,SRA,Public Data,"Antarctica: Mackay Glacier regions, Mount Gran",Antarctica,Tundra,31909178,-76.5803,161.097,PRJNA630822,SAMN14845648,0
SRR11719869,SRR11719869bin,12,SRA,Public Data,"Antarctica: Mackay Glacier regions, Mount George Murray",Antarctica,Tundra,35559976,-76.0965,162.01,PRJNA630822,SAMN14845647,0
SRR11719871,SRR11719871bin,19,SRA,Public Data,"Antarctica: Mackay Glacier regions, Mackay Glacier",Antarctica,Tundra,32961590,-76.4701,161.27,PRJNA630822,SAMN14845645,0
SRR11719872,SRR11719872bin,23,SRA,Public Data,"Antarctica: Mackay Glacier regions, Mount Seuss",Antarctica,Tundra,37326932,-77.0148,161.456,PRJNA630822,SAMN14845644,0
SRR11719873,SRR11719873bin,23,SRA,Public Data,"Antarctica: Mackay Glacier regions, Mount Seuss",Antarctica,Tundra,32900690,-77.011,161.426,PRJNA630822,SAMN14845643,0
SRR11719874,SRR11719874bin,7,SRA,Public Data,"Antarctica: Mackay Glacier regions, Pegtop Mountain",Antarctica,Tundra,31056312,-77.0276,161.216,PRJNA630822,SAMN14845656,0
SRR11719875,SRR11719875bin,26,SRA,Public Data,"Antarctica: Mackay Glacier regions, Flatiron",Antarctica,Tundra,35221398,-77.0038,162.238,PRJNA630822,SAMN14845655,0
SRR11719876,SRR11719876bin,16,SRA,Public Data,"Antarctica: Mackay Glacier regions, Spalding Pond",Antarctica,Tundra,35547820,-77.65,163.116,PRJNA630822,SAMN14845654,0
SRR11719877,SRR11719877bin,18,SRA,Public Data,"Antarctica: Mackay Glacier regions, Benson Glacier",Antarctica,Tundra,36000884,-76.52,161.45,PRJNA630822,SAMN14845653,0
SRR11730652,SRR11730652bin,2,SRA,Public Data,"USA: West Virginia, United States",North America,Agricultural Land,109282846,39.66,-79.91,PRJNA621354,SAMN14510242,Not applicable
SRR11730653,SRR11730653bin,1,SRA,Public Data,"USA: West Virginia, United States",North America,Agricultural Land,119333056,39.66,-79.91,PRJNA621355,SAMN14510197,Not applicable
SRR11730654,SRR11730654bin,4,SRA,Public Data,Spain,North America,Agricultural Land,151715954,39.66,-2.21,PRJNA621356,SAMN14510417,Not applicable
SRR11731553,SRR11731553bin,6,SRA,Public Data,France,North America,Agricultural Land,120321354,46.11,-2.21,PRJNA621359,SAMN14510195,Not applicable
SRR11731554,SRR11731554bin,4,SRA,Public Data,France,North America,Agricultural Land,92915726,46.11,-2.21,PRJNA621357,SAMN14510498,Not applicable
SRR11731666,SRR11731666bin,40,SRA,Public Data,France,North America,Grassland,118982956,46.11,-2.21,PRJNA621358,SAMN14510471,Not applicable
SRR11742809,SRR11742809bin,40,SRA,Public Data,United States,North America,Agricultural Land,90556846,41.1677,-96.4108,PRJNA620778,SAMN14510918,Not applicable
SRR11742812,SRR11742812bin,40,SRA,Public Data,United States,North America,Agricultural Land,49173944,41.1677,-96.4108,PRJNA620779,SAMN14510873,Not applicable
SRR11742948,SRR11742948bin,72,SRA,Public Data,United States,North America,Agricultural Land,166371082,41.1677,-96.4108,PRJNA620780,SAMN14510730,Not applicable
SRR11742949,SRR11742949bin,35,SRA,Public Data,United States,North America,Agricultural Land,2996078,41.1681,-96.4109,PRJNA620782,SAMN14510912,Not applicable
SRR11742962,SRR11742962bin,97,SRA,Public Data,United States,North America,Agricultural Land,94152832,41.1677,-96.4108,PRJNA620781,SAMN14510969,Not applicable
SRR11743025,SRR11743025bin,62,SRA,Public Data,United States,North America,Agricultural Land,54207192,41.1681,-96.4109,PRJNA620784,SAMN14510884,Not applicable
SRR11743028,SRR11743028bin,46,SRA,Public Data,United States,North America,Agricultural Land,110446782,41.1681,-96.4109,PRJNA620783,SAMN14510895,Not applicable
SRR11743100,SRR11743100bin,63,SRA,Public Data,United States,North America,Agricultural Land,35818440,41.1681,-96.4109,PRJNA620785,SAMN14511060,Not applicable
SRR11823711,SRR11823711bin,3,SRA,Public Data,China,Asia,Agricultural Land,55407264,44.18,86.02,PRJNA634262,SAMN14987866,Not applicable
SRR11823712,SRR11823712bin,6,SRA,Public Data,China,Asia,Agricultural Land,65695054,44.18,86.02,PRJNA634262,SAMN14987865,Not applicable
SRR11823713,SRR11823713bin,8,SRA,Public Data,China,Asia,Agricultural Land,61894480,44.18,86.02,PRJNA634262,SAMN14987864,Not applicable
SRR11823714,SRR11823714bin,5,SRA,Public Data,China,Asia,Agricultural Land,59557786,44.18,86.02,PRJNA634262,SAMN14987863,Not applicable
SRR11829106,SRR11829106bin,8,SRA,Public Data,China: qingdao,Asia,Artificial Surfaces,64630542,36.13,120.53,PRJNA634398,SAMN14995783,Not applicable
SRR11829107,SRR11829107bin,4,SRA,Public Data,China: qingdao,Asia,Artificial Surfaces,54668996,36.13,120.52,PRJNA634398,SAMN14995782,Not applicable
SRR11829108,SRR11829108bin,10,SRA,Public Data,China: qingdao,Asia,Artificial Surfaces,56647266,36.13,120.51,PRJNA634398,SAMN14995781,Not applicable
SRR11829109,SRR11829109bin,8,SRA,Public Data,China: qingdao,Asia,Artificial Surfaces,62353096,36.13,120.5,PRJNA634398,SAMN14995780,Not applicable
SRR11829110,SRR11829110bin,12,SRA,Public Data,China: qingdao,Asia,Artificial Surfaces,57613318,36.13,120.49,PRJNA634398,SAMN14995779,Not applicable
SRR11829111,SRR11829111bin,4,SRA,Public Data,China: qingdao,Asia,Artificial Surfaces,41693988,36.13,120.48,PRJNA634398,SAMN14995778,Not applicable
SRR11829112,SRR11829112bin,11,SRA,Public Data,China: qingdao,Asia,Artificial Surfaces,63811900,36.13,120.79,PRJNA634398,SAMN14995809,Not applicable
SRR11829113,SRR11829113bin,12,SRA,Public Data,China: qingdao,Asia,Artificial Surfaces,46643318,36.13,120.78,PRJNA634398,SAMN14995808,Not applicable
SRR11829114,SRR11829114bin,18,SRA,Public Data,China: qingdao,Asia,Artificial Surfaces,76044798,36.13,120.77,PRJNA634398,SAMN14995807,Not applicable
SRR11829115,SRR11829115bin,14,SRA,Public Data,China: qingdao,Asia,Artificial Surfaces,64005274,36.13,120.76,PRJNA634398,SAMN14995806,Not applicable
SRR11829116,SRR11829116bin,12,SRA,Public Data,China: qingdao,Asia,Artificial Surfaces,47269394,36.13,120.75,PRJNA634398,SAMN14995805,Not applicable
SRR11829117,SRR11829117bin,7,SRA,Public Data,China: qingdao,Asia,Artificial Surfaces,51693372,36.13,120.74,PRJNA634398,SAMN14995804,Not applicable
SRR11829118,SRR11829118bin,9,SRA,Public Data,China: qingdao,Asia,Artificial Surfaces,54127286,36.13,120.47,PRJNA634398,SAMN14995777,Not applicable
SRR11829119,SRR11829119bin,13,SRA,Public Data,China: qingdao,Asia,Artificial Surfaces,59270176,36.13,120.73,PRJNA634398,SAMN14995803,Not applicable
SRR11829120,SRR11829120bin,10,SRA,Public Data,China: qingdao,Asia,Artificial Surfaces,51564748,36.13,120.72,PRJNA634398,SAMN14995802,Not applicable
SRR11829121,SRR11829121bin,7,SRA,Public Data,China: qingdao,Asia,Artificial Surfaces,61030446,36.13,120.71,PRJNA634398,SAMN14995801,Not applicable
SRR11829122,SRR11829122bin,9,SRA,Public Data,China: qingdao,Asia,Artificial Surfaces,44597718,36.13,120.7,PRJNA634398,SAMN14995800,Not applicable
SRR11829123,SRR11829123bin,12,SRA,Public Data,China: qingdao,Asia,Artificial Surfaces,56526302,36.13,120.69,PRJNA634398,SAMN14995799,Not applicable
SRR11829124,SRR11829124bin,12,SRA,Public Data,China: qingdao,Asia,Artificial Surfaces,73432380,36.13,120.68,PRJNA634398,SAMN14995798,Not applicable
SRR11829125,SRR11829125bin,12,SRA,Public Data,China: qingdao,Asia,Artificial Surfaces,58395414,36.13,120.67,PRJNA634398,SAMN14995797,Not applicable
SRR11829126,SRR11829126bin,7,SRA,Public Data,China: qingdao,Asia,Artificial Surfaces,53506042,36.13,120.66,PRJNA634398,SAMN14995796,Not applicable
SRR11829127,SRR11829127bin,7,SRA,Public Data,China: qingdao,Asia,Artificial Surfaces,56881232,36.13,120.65,PRJNA634398,SAMN14995795,Not applicable
SRR11829128,SRR11829128bin,8,SRA,Public Data,China: qingdao,Asia,Artificial Surfaces,48539646,36.13,120.64,PRJNA634398,SAMN14995794,Not applicable
SRR11829129,SRR11829129bin,10,SRA,Public Data,China: qingdao,Asia,Artificial Surfaces,59796628,36.13,120.46,PRJNA634398,SAMN14995776,Not applicable
SRR11829130,SRR11829130bin,12,SRA,Public Data,China: qingdao,Asia,Artificial Surfaces,61124142,36.13,120.63,PRJNA634398,SAMN14995793,Not applicable
SRR11829131,SRR11829131bin,9,SRA,Public Data,China: qingdao,Asia,Artificial Surfaces,62634984,36.13,120.62,PRJNA634398,SAMN14995792,Not applicable
SRR11829132,SRR11829132bin,8,SRA,Public Data,China: qingdao,Asia,Artificial Surfaces,77031164,36.13,120.61,PRJNA634398,SAMN14995791,Not applicable
SRR11829133,SRR11829133bin,10,SRA,Public Data,China: qingdao,Asia,Artificial Surfaces,49719234,36.13,120.6,PRJNA634398,SAMN14995790,Not applicable
SRR11829134,SRR11829134bin,7,SRA,Public Data,China: qingdao,Asia,Artificial Surfaces,63243262,36.13,120.59,PRJNA634398,SAMN14995789,Not applicable
SRR11829135,SRR11829135bin,10,SRA,Public Data,China: qingdao,Asia,Artificial Surfaces,54892856,36.13,120.58,PRJNA634398,SAMN14995788,Not applicable
SRR11829137,SRR11829137bin,8,SRA,Public Data,China: qingdao,Asia,Artificial Surfaces,55814120,36.13,120.56,PRJNA634398,SAMN14995786,Not applicable
SRR11829139,SRR11829139bin,10,SRA,Public Data,China: qingdao,Asia,Artificial Surfaces,52898932,36.13,120.54,PRJNA634398,SAMN14995784,Not applicable
SRR11829140,SRR11829140bin,10,SRA,Public Data,China: qingdao,Asia,Artificial Surfaces,65815280,36.13,120.45,PRJNA634398,SAMN14995775,Not applicable
SRR11829141,SRR11829141bin,10,SRA,Public Data,China: qingdao,Asia,Artificial Surfaces,68073702,36.13,120.44,PRJNA634398,SAMN14995774,Not applicable
SRR11832861,SRR11832861bin,15,SRA,Public Data,Australia: New South Wales,Australia,Grassland,146156316,-33.6,150,PRJNA620620,SAMN14510897,Not applicable
SRR11833234,SRR11833234bin,34,SRA,Public Data,USA: California,North America,Agricultural Land,94112898,35.5,-121,PRJNA620621,SAMN14511055,Not applicable
SRR11833492,SRR11833492bin,80,SRA,Public Data,USA: California,North America,Agricultural Land,125948422,35.5,-121,PRJNA620622,SAMN14510729,Not applicable
SRR11833493,SRR11833493bin,9,SRA,Public Data,Australia: New South Wales,Australia,Agricultural Land,71175364,-34.5,150,PRJNA620625,SAMN14510862,Not applicable
SRR11833494,SRR11833494bin,15,SRA,Public Data,Australia: New South Wales,Australia,Agricultural Land,132568506,-34.5,150,PRJNA620624,SAMN14510878,Not applicable
SRR11833507,SRR11833507bin,90,SRA,Public Data,USA: California,North America,Agricultural Land,168558934,37,-122.2,PRJNA620623,SAMN14510936,Not applicable
SRR11833508,SRR11833508bin,23,SRA,Public Data,Australia: New South Wales,Australia,Agricultural Land,358255214,-34.5,150,PRJNA620626,SAMN14510921,Not applicable
SRR11833617,SRR11833617bin,24,SRA,Public Data,Australia: New South Wales,Australia,Agricultural Land,39934446,-33.6,150,PRJNA620627,SAMN14510954,Not applicable
SRR11833744,SRR11833744bin,26,SRA,Public Data,Australia: New South Wales,Australia,Forest,265247444,-33.6,150,PRJNA620628,SAMN14510940,Not applicable
SRR11833745,SRR11833745bin,45,SRA,Public Data,USA: California,North America,Grassland,327376742,35.5,-121,PRJNA620629,SAMN14510930,Not applicable
SRR11833918,SRR11833918bin,91,SRA,Public Data,USA: California,North America,Grassland,88853870,35.5,-121,PRJNA620630,SAMN14511041,Not applicable
SRR11833939,SRR11833939bin,23,SRA,Public Data,Australia: New South Wales,Australia,Forest,62256350,-33.6,150,PRJNA620632,SAMN14510939,Not applicable
SRR11834592,SRR11834592bin,34,SRA,Public Data,Australia: New South Wales,Australia,Forest,105411004,-33.6,150,PRJNA620633,SAMN14510776,Not applicable
SRR11834594,SRR11834594bin,20,SRA,Public Data,Australia: New South Wales,Australia,Agricultural Land,73203182,-34.5,150,PRJNA620634,SAMN14510870,Not applicable
SRR11834599,SRR11834599bin,18,SRA,Public Data,Australia: New South Wales,Australia,Agricultural Land,71633156,-34.5,150,PRJNA620635,SAMN14510775,Not applicable
SRR11834726,SRR11834726bin,33,SRA,Public Data,Australia: New South Wales,Australia,Grassland,109968464,-33.6,150,PRJNA620636,SAMN14510937,Not applicable
SRR11834729,SRR11834729bin,41,SRA,Public Data,USA: California,North America,Grassland,3167358,35.5,-121,PRJNA620637,SAMN14510737,Not applicable
SRR11835076,SRR11835076bin,22,SRA,Public Data,Australia: New South Wales,Australia,Agricultural Land,71474106,-33.6,150,PRJNA620642,SAMN14510740,Not applicable
SRR11835574,SRR11835574bin,34,SRA,Public Data,USA: California,North America,Grassland,73254256,37,-122.2,PRJNA620645,SAMN14510951,Not applicable
SRR11835592,SRR11835592bin,27,SRA,Public Data,Australia: New South Wales,Australia,Forest,164485724,-33.6,150,PRJNA620646,SAMN14510763,Not applicable
SRR11835593,SRR1183559bin,33,SRA,Public Data,Australia: New South Wales,Australia,Grassland,458591092,-33.6,150,PRJNA620647,SAMN14511050,Not applicable
SRR11835595,SRR11835595bin,33,SRA,Public Data,Australia: New South Wales,Australia,Grassland,34183100,-34.5,150,PRJNA620649,SAMN14510950,Not applicable
SRR11835640,SRR11835640bin,36,SRA,Public Data,USA: California,North America,Grassland,54241696,35.5,-121,PRJNA620650,SAMN14510887,Not applicable
SRR11835779,SRR11835779,0,SRA,Public Data,USA: California,North America,Grassland,121737082,36.5,-121.8,PRJNA620651,SAMN14510885,Not applicable
SRR11835809,SRR11835809bin,61,SRA,Public Data,USA: California,North America,Grassland,15193234,37,-122.2,PRJNA620652,SAMN14510732,Not applicable
SRR11835973,SRR11835973bin,10,SRA,Public Data,Australia: New South Wales,Australia,Grassland,73308760,-33.6,150,PRJNA620653,SAMN14510991,Not applicable
SRR11836023,SRR11836023bin,21,SRA,Public Data,Australia: New South Wales,Australia,Grassland,45571236,-33.6,150,PRJNA620654,SAMN14510990,Not applicable
SRR11836025,SRR11836025bin,16,SRA,Public Data,Australia: New South Wales,Australia,Grassland,12442420,-34.5,150,PRJNA620655,SAMN14510764,Not applicable
SRR11836028,SRR11836028bin,25,SRA,Public Data,Australia: New South Wales,Australia,Grassland,108253786,-34.5,150,PRJNA620657,SAMN14510736,Not applicable
SRR11836029,SRR11836029bin,44,SRA,Public Data,Australia: New South Wales,Australia,Grassland,48801578,-34.5,150,PRJNA620656,SAMN14510949,Not applicable
SRR11836037,SRR11836037bin,44,SRA,Public Data,USA: California,North America,Shrubland,49029814,35.5,-121,PRJNA620658,SAMN14510896,Not applicable
SRR11836410,SRR11836410bin,83,SRA,Public Data,USA: California,North America,Forest,94046066,36.5,-121.8,PRJNA620659,SAMN14510727,Not applicable
SRR11836411,SRR11836411bin,67,SRA,Public Data,USA: California,North America,Forest,13114302,37,-122.2,PRJNA620660,SAMN14510739,Not applicable
SRR11836412,SRR11836412bin,18,SRA,Public Data,Australia: New South Wales,Australia,Agricultural Land,191253958,-34.5,150,PRJNA620661,SAMN14510945,Not applicable
SRR11836438,SRR11836438bin,14,SRA,Public Data,Australia: New South Wales,Australia,Forest,184859526,-33.6,150,PRJNA620662,SAMN14510989,Not applicable
SRR11836439,SRR11836439bin,18,SRA,Public Data,Australia: New South Wales,Australia,Forest,74355340,-34.5,150,PRJNA620663,SAMN14510960,Not applicable
SRR11836440,SRR11836440bin,77,SRA,Public Data,USA: California,North America,Agricultural Land,87618402,36.5,-121.8,PRJNA620664,SAMN14510931,Not applicable
SRR11836447,SRR11836447bin,16,SRA,Public Data,Australia: New South Wales,Australia,Agricultural Land,121650076,-33.6,150,PRJNA620665,SAMN14510919,Not applicable
SRR11836514,SRR11836514bin,10,SRA,Public Data,Australia: New South Wales,Australia,Agricultural Land,274777032,-34.5,150,PRJNA620667,SAMN14510974,Not applicable
SRR11836545,SRR11836545bin,18,SRA,Public Data,Australia: New South Wales,Australia,Grassland,254750924,-34.5,150,PRJNA620510,SAMN14510948,Not applicable
SRR11836565,SRR11836565bin,20,SRA,Public Data,Australia: New South Wales,Australia,Grassland,295858344,-34.5,150,PRJNA620511,SAMN14510772,Not applicable
SRR11842108,SRR11842108bin,22,SRA,Public Data,Australia: New South Wales,Australia,Grassland,340221240,-34.5,150,PRJNA620648,SAMN14511042,Not applicable
SRR11842679,SRR11842679bin,33,SRA,Public Data,USA: California,North America,Wetland,404156734,35.5,-121,PRJNA620643,SAMN14510946,Not applicable
SRR11842680,SRR11842680bin,89,SRA,Public Data,USA: California,North America,Wetland,425937004,36.5,-121.8,PRJNA620644,SAMN14510975,Not applicable
SRR1185960,SRR1185960rbin,5,SRA,Public Data,China,Asia,Agricultural Land,113343096,27.6218222,111.4635061,PRJNA239941,SAMN02671747,0.08 m
SRR12060209,SRR12060209,0,SRA,Public Data,China: Shandong,Asia,Artificial Surfaces,54407644,36.13,120.54,PRJNA640795,SAMN15332071,Not applicable
SRR12060210,SRR12060210,0,SRA,Public Data,China: Shandong,Asia,Artificial Surfaces,71000046,36.13,120.53,PRJNA640795,SAMN15332070,Not applicable
SRR12060211,SRR12060211bin,5,SRA,Public Data,China,Asia,Artificial Surfaces,50978216,36.13,120.52,PRJNA640795,SAMN15332069,Not applicable
SRR12060212,SRR12060212bin,16,SRA,Public Data,China,Asia,Artificial Surfaces,69075952,36.13,120.51,PRJNA640795,SAMN15332068,Not applicable
SRR12060213,SRR12060213,0,SRA,Public Data,China: Shandong,Asia,Artificial Surfaces,39897726,36.13,120.5,PRJNA640795,SAMN15332067,Not applicable
SRR12060214,SRR12060214bin,4,SRA,Public Data,China,Asia,Artificial Surfaces,58735574,36.13,120.49,PRJNA640795,SAMN15332066,Not applicable
SRR12060215,SRR12060215bin,8,SRA,Public Data,China,Asia,Artificial Surfaces,78150958,36.13,120.48,PRJNA640795,SAMN15332065,Not applicable
SRR12060216,SRR12060216,0,SRA,Public Data,China: Shandong,Asia,Artificial Surfaces,43197712,36.13,120.47,PRJNA640795,SAMN15332064,Not applicable
SRR12060217,SRR12060217bin,10,SRA,Public Data,China,Asia,Artificial Surfaces,63879578,36.13,120.64,PRJNA640795,SAMN15332081,Not applicable
SRR12060218,SRR12060218bin,13,SRA,Public Data,China,Asia,Artificial Surfaces,66498710,36.13,120.63,PRJNA640795,SAMN15332080,Not applicable
SRR12060219,SRR12060219bin,12,SRA,Public Data,China,Asia,Artificial Surfaces,57714338,36.13,120.62,PRJNA640795,SAMN15332079,Not applicable
SRR12060220,SRR12060220bin,12,SRA,Public Data,China,Asia,Artificial Surfaces,59077374,36.13,120.61,PRJNA640795,SAMN15332078,Not applicable
SRR12060221,SRR12060221bin,6,SRA,Public Data,China,Asia,Artificial Surfaces,42483032,36.13,120.6,PRJNA640795,SAMN15332077,Not applicable
SRR12060222,SRR12060222bin,7,SRA,Public Data,China,Asia,Artificial Surfaces,60839874,36.13,120.59,PRJNA640795,SAMN15332076,Not applicable
SRR12060223,SRR12060223bin,8,SRA,Public Data,China,Asia,Artificial Surfaces,58926846,36.13,120.58,PRJNA640795,SAMN15332075,Not applicable
SRR12060224,SRR12060224bin,8,SRA,Public Data,China,Asia,Artificial Surfaces,44196898,36.13,120.57,PRJNA640795,SAMN15332074,Not applicable
SRR12060225,SRR12060225bin,10,SRA,Public Data,China,Asia,Artificial Surfaces,47368532,36.13,120.56,PRJNA640795,SAMN15332073,Not applicable
SRR12060226,SRR12060226bin,6,SRA,Public Data,China,Asia,Artificial Surfaces,40804012,36.13,120.55,PRJNA640795,SAMN15332072,Not applicable
SRR12060227,SRR12060227bin,12,SRA,Public Data,China,Asia,Artificial Surfaces,57955578,36.13,120.46,PRJNA640795,SAMN15332063,Not applicable
SRR12060228,SRR12060228bin,6,SRA,Public Data,China,Asia,Artificial Surfaces,37837950,36.13,120.45,PRJNA640795,SAMN15332062,Not applicable
SRR12087327,SRR12087327bin,5,SRA,Public Data,Slovenia,Europe,Artificial Surfaces,23773552,46.06,14.28,PRJNA488994,SAMN09947802,0-10 cm
SRR12087328,SRR12087328bin,6,SRA,Public Data,"Slovenia:Ljubljana, Sentvid",Europe,Artificial Surfaces,24229958,46.06,14.28,PRJNA488994,SAMN09947802,0-10 cm
SRR12087329,SRR12087329bin,6,SRA,Public Data,"Slovenia:Ljubljana, Sentvid",Europe,Artificial Surfaces,23098194,46.06,14.28,PRJNA488994,SAMN09947802,0-10 cm
SRR12087330,SRR12087330bin,5,SRA,Public Data,"Slovenia:Ljubljana, Sentvid",Europe,Artificial Surfaces,24384476,46.06,14.28,PRJNA488994,SAMN09947802,0-10 cm
SRR12087331,SRR12087331bin,5,SRA,Public Data,Slovenia,Europe,Artificial Surfaces,21218260,46.06,14.28,PRJNA488994,SAMN09947801,0-10 cm
SRR12087332,SRR12087332bin,6,SRA,Public Data,"Slovenia:Ljubljana, Sentvid",Europe,Artificial Surfaces,21786690,46.06,14.28,PRJNA488994,SAMN09947801,0-10 cm
SRR12087333,SRR12087333bin,6,SRA,Public Data,"Slovenia:Ljubljana, Sentvid",Europe,Artificial Surfaces,20540544,46.06,14.28,PRJNA488994,SAMN09947801,0-10 cm
SRR12087334,SRR12087334bin,6,SRA,Public Data,Slovenia,Europe,Artificial Surfaces,22233272,46.06,14.28,PRJNA488994,SAMN09947801,0-10 cm
SRR12095477,SRR12095477bin,5,SRA,Public Data,"Australia: Darwin, NT",Australia,Agricultural Land,103475184,-12.37,130.867,PRJNA641804,SAMN15367012,Not applicable
SRR12095478,SRR12095478bin,2,SRA,Public Data,"Australia: Darwin, NT",Australia,Agricultural Land,87553834,-12.37,130.867,PRJNA641804,SAMN15367011,Not applicable
SRR12095479,SRR12095479bin,1,SRA,Public Data,"Australia: Darwin, NT",Australia,Agricultural Land,108818664,-12.37,130.867,PRJNA641804,SAMN15367010,Not applicable
SRR12102596,SRR12102596,0,SRA,Public Data,Israel,Asia,Bare Land,15761442,29.94152,34.97481,PRJNA642232,SAMN15394152,2-5 cm
SRR12102597,SRR12102597bin,5,SRA,Public Data,Israel,Asia,Bare Land,17414184,30.785336,34.767347,PRJNA642232,SAMN15394151,2-5 cm
SRR12102598,SRR12102598,0,SRA,Public Data,Israel,Asia,Bare Land,22464626,30.60916667,34.74583333,PRJNA642232,SAMN15394150,2-5 cm
SRR12102599,SRR12102599,0,SRA,Public Data,Israel,Asia,Bare Land,28342046,30.60916667,34.74583333,PRJNA642232,SAMN15394149,2-5 cm
SRR12102600,SRR12102600bin,1,SRA,Public Data,Israel,Asia,Bare Land,21527590,31.34916667,34.91305556,PRJNA642232,SAMN15394148,2-5 cm
SRR12102601,SRR12102601,0,SRA,Public Data,Israel,Asia,Bare Land,18461778,31.34583333,34.91333333,PRJNA642232,SAMN15394147,2-5 cm
SRR12102602,SRR12102602bin,1,SRA,Public Data,Israel,Asia,Bare Land,23575582,31.25333333,34.75277778,PRJNA642232,SAMN15394146,2-5 cm
SRR12102603,SRR12102603,0,SRA,Public Data,Israel,Asia,Shrubland,24217616,31.63027778,34.91472222,PRJNA642232,SAMN15394145,2-5 cm
SRR12102604,SRR12102604,0,SRA,Public Data,Israel,Asia,Bare Land,22829404,30.405,34.94916667,PRJNA642232,SAMN15394154,2-5 cm
SRR12102606,SRR12102606,0,SRA,Public Data,Israel,Asia,Shrubland,39449200,31.64222222,34.93304444,PRJNA642232,SAMN15394144,2-5 cm
SRR12102607,SRR12102607bin,1,SRA,Public Data,Israel,Asia,Shrubland,31793156,31.642372,34.935008,PRJNA642232,SAMN15394143,2-5 cm
SRR12105370,SRR12105370,0,SRA,Public Data,Czech Republic,Europe,Artificial Surfaces,126601314,48.99,14.16,PRJNA641877,SAMN15376387,1 m
SRR12149476,SRR12149476bin,38,SRA,Public Data,United States,North America,Agricultural Land,288016726,26.6541,-80.6298,PRJNA620821,SAMN14510724,Not applicable
SRR12170508,SRR12170508bin,47,SRA,Public Data,United States,North America,Agricultural Land,76430926,29.64,-82.34,PRJNA644680,SAMN15470939,Not applicable
SRR12170509,SRR12170509bin,30,SRA,Public Data,United States,North America,Agricultural Land,72215590,29.64,-82.34,PRJNA644680,SAMN15470938,Not applicable
SRR12170510,SRR12170510bin,58,SRA,Public Data,United States,North America,Agricultural Land,103083140,29.64,-82.34,PRJNA644680,SAMN15470937,Not applicable
SRR12170511,SRR12170511bin,64,SRA,Public Data,United States,North America,Agricultural Land,93474630,29.64,-82.34,PRJNA644680,SAMN15470936,Not applicable
SRR12170512,SRR12170512bin,51,SRA,Public Data,United States,North America,Agricultural Land,99977950,29.64,-82.34,PRJNA644680,SAMN15470935,Not applicable
SRR12170513,SRR12170513bin,36,SRA,Public Data,United States,North America,Agricultural Land,88577784,29.64,-82.34,PRJNA644680,SAMN15470934,Not applicable
SRR12170514,SRR12170514bin,51,SRA,Public Data,United States,North America,Agricultural Land,85555384,29.64,-82.34,PRJNA644680,SAMN15470933,Not applicable
SRR12170515,SRR12170515bin,28,SRA,Public Data,United States,North America,Agricultural Land,82096762,29.64,-82.34,PRJNA644680,SAMN15470932,Not applicable
SRR12170516,SRR12170516bin,60,SRA,Public Data,United States,North America,Agricultural Land,110064248,29.64,-82.34,PRJNA644680,SAMN15470941,Not applicable
SRR12170517,SRR12170517,0,SRA,Public Data,United States,North America,Agricultural Land,104848128,29.64,-82.34,PRJNA644680,SAMN15470940,Not applicable
SRR12170518,SRR12170518bin,24,SRA,Public Data,United States,North America,Agricultural Land,82675942,29.64,-82.34,PRJNA644680,SAMN15470931,Not applicable
SRR12170519,SRR12170519bin,56,SRA,Public Data,United States,North America,Agricultural Land,112366432,29.64,-82.34,PRJNA644680,SAMN15470930,Not applicable
SRR12192801,SRR12192801,0,SRA,Public Data,South Africa,Africa,Agricultural Land,18101864,-25.59,26.31,PRJNA645371,SAMN15502456,Not applicable
SRR12192802,SRR12192802bin,1,SRA,Public Data,South Africa,Africa,Agricultural Land,19371288,-25.59,26.31,PRJNA645371,SAMN15502455,Not applicable
SRR12192804,SRR12192804,0,SRA,Public Data,South Africa,Africa,Agricultural Land,22841650,-25.59,26.31,PRJNA645371,SAMN15502453,Not applicable
SRR12277191,SRR12277191bin,13,SRA,Public Data,Switzerland,Europe,Tundra,36662456,46.49,9.93,PRJNA647119,SAMN15575894,Not applicable
SRR12277192,SRR12277192bin,3,SRA,Public Data,Switzerland,Europe,Tundra,36587852,46.49,9.93,PRJNA647119,SAMN15575893,Not applicable
SRR12277193,SRR12277193,0,SRA,Public Data,Switzerland,Europe,Tundra,34567532,46.49,9.93,PRJNA647119,SAMN15575892,Not applicable
SRR12277194,SRR12277194bin,3,SRA,Public Data,Switzerland,Europe,Tundra,39987166,46.49,9.93,PRJNA647119,SAMN15575891,Not applicable
SRR12277195,SRR12277195,0,SRA,Public Data,Switzerland,Europe,Tundra,44690922,46.49,9.93,PRJNA647119,SAMN15575890,Not applicable
SRR12277196,SRR12277196bin,5,SRA,Public Data,Switzerland,Europe,Tundra,33236390,46.49,9.93,PRJNA647119,SAMN15575889,Not applicable
SRR12277197,SRR12277197bin,8,SRA,Public Data,Switzerland,Europe,Tundra,33309712,46.49,9.93,PRJNA647119,SAMN15575888,Not applicable
SRR12277198,SRR12277198bin,5,SRA,Public Data,Switzerland,Europe,Tundra,33538970,46.49,9.93,PRJNA647119,SAMN15575887,Not applicable
SRR12277199,SRR12277199bin,13,SRA,Public Data,Switzerland,Europe,Tundra,34531666,46.49,9.93,PRJNA647119,SAMN15575896,Not applicable
SRR12277200,SRR12277200bin,15,SRA,Public Data,Switzerland,Europe,Tundra,32021616,46.49,9.93,PRJNA647119,SAMN15575895,Not applicable
SRR12277201,SRR12277201bin,2,SRA,Public Data,Switzerland,Europe,Tundra,13532066,46.49,9.93,PRJNA647119,SAMN15575886,Not applicable
SRR12277202,SRR12277202bin,2,SRA,Public Data,Switzerland,Europe,Tundra,29392114,46.49,9.93,PRJNA647119,SAMN15575885,Not applicable
SRR12284399,SRR12284399,0,SRA,Public Data,Australia: Roxby Downs,Australia,Bare Land,47015828,-30.4704,137.1363,PRJNA647683,SAMN15596732,0-10 cm
SRR12284400,SRR12284400,0,SRA,Public Data,Australia: Roxby Downs,Australia,Bare Land,46228668,-30.4704,137.1363,PRJNA647683,SAMN15596731,0-10 cm
SRR12284401,SRR12284401,0,SRA,Public Data,Australia: Roxby Downs,Australia,Bare Land,45975288,-30.4704,137.1363,PRJNA647683,SAMN15596730,0-10 cm
SRR12284402,SRR12284402,0,SRA,Public Data,Australia: Roxby Downs,Australia,Bare Land,41640044,-30.4704,137.1363,PRJNA647683,SAMN15596729,0-10 cm
SRR12284403,SRR12284403,0,SRA,Public Data,Australia: Roxby Downs,Australia,Bare Land,42734986,-30.4704,137.1363,PRJNA647683,SAMN15596728,0-10 cm
SRR12284404,SRR12284404,0,SRA,Public Data,Australia: Roxby Downs,Australia,Bare Land,42244220,-30.4704,137.1363,PRJNA647683,SAMN15596727,0-10 cm
SRR12284405,SRR12284405,0,SRA,Public Data,"USA: Mojave desert, Nevada",North America,Bare Land,15088606,35.8171,-114.9159,PRJNA647683,SAMN15596735,0-10 cm
SRR12284406,SRR12284406bin,17,SRA,Public Data,China,Asia,Bare Land,39878364,39.9022,96.2267,PRJNA647683,SAMN15596734,0-2 cm
SRR12284407,SRR12284407,0,SRA,Public Data,Namibia,Africa,Bare Land,17228512,-23.3107,15.5346,PRJNA647683,SAMN15596733,0-10 cm
SRR12284408,SRR12284408,0,SRA,Public Data,Australia: Roxby Downs,Australia,Bare Land,139871766,-30.4704,137.1363,PRJNA647683,SAMN15596730,0-10 cm
SRR12284409,SRR12284409bin,4,SRA,Public Data,Australia: Roxby Downs,Australia,Bare Land,133333184,-30.4704,137.1363,PRJNA647683,SAMN15596729,0-10 cm
SRR12284410,SRR12284410bin,2,SRA,Public Data,Australia: Roxby Downs,Australia,Bare Land,112079226,-30.4704,137.1363,PRJNA647683,SAMN15596726,0-10 cm
SRR12284412,SRR12284412,0,SRA,Public Data,Australia: Roxby Downs,Australia,Bare Land,44632138,-30.4704,137.1363,PRJNA647683,SAMN15596726,0-10 cm
SRR12347633,SRR12347633bin,8,SRA,Public Data,USA: California,North America,Bare Land,77128250,35.5039,-115.6922,PRJNA617094,SAMN14504062,Not applicable
SRR12347719,SRR12347719bin,5,SRA,Public Data,USA: Hawaii,North America,NA,96144812,NA,NA,PRJNA617095,SAMN14504119,Not applicable
SRR12347812,SRR12347812bin,15,SRA,Public Data,China,Asia,Artificial Surfaces,50962886,27.4448,111.352,PRJNA634794,SAMN15657755,50 cm
SRR12347813,SRR12347813,0,SRA,Public Data,"China:Yanshan Sb mine smelter, Lengshuijiang City, Hunan",Asia,Artificial Surfaces,77388224,27.4448,111.351,PRJNA634794,SAMN15657754,50 cm
SRR12347814,SRR12347814bin,24,SRA,Public Data,China,Asia,Artificial Surfaces,84884106,27.4448,111.35,PRJNA634794,SAMN15657753,200 cm
SRR12347815,SRR12347815bin,14,SRA,Public Data,China,Asia,Artificial Surfaces,78227028,27.4448,111.349,PRJNA634794,SAMN15657752,200 cm
SRR12347816,SRR12347816bin,14,SRA,Public Data,China,Asia,Artificial Surfaces,56521602,27.4448,111.348,PRJNA634794,SAMN15657751,150 cm
SRR12347817,SRR12347817bin,14,SRA,Public Data,China,Asia,Artificial Surfaces,74078990,27.4448,111.347,PRJNA634794,SAMN15657750,100cm
SRR12347818,SRR12347818bin,12,SRA,Public Data,China,Asia,Artificial Surfaces,47039976,27.4448,111.346,PRJNA634794,SAMN15657749,50 cm
SRR12347819,SRR12347819bin,25,SRA,Public Data,China,Asia,Artificial Surfaces,85041492,27.4448,111.345,PRJNA634794,SAMN15657748,50 cm
SRR12347820,SRR12347820bin,16,SRA,Public Data,China,Asia,Artificial Surfaces,75991504,27.4448,111.356,PRJNA634794,SAMN15657759,200 cm
SRR12347821,SRR12347821bin,14,SRA,Public Data,China,Asia,Artificial Surfaces,65115304,27.4448,111.355,PRJNA634794,SAMN15657758,200 cm
SRR12347822,SRR12347822bin,21,SRA,Public Data,China,Asia,Artificial Surfaces,76483990,27.4448,111.354,PRJNA634794,SAMN15657757,150 cm
SRR12347823,SRR12347823bin,16,SRA,Public Data,China,Asia,Artificial Surfaces,59949534,27.4448,111.353,PRJNA634794,SAMN15657756,100cm
SRR12347824,SRR12347824bin,2,SRA,Public Data,China,Asia,Artificial Surfaces,51798910,27.4448,111.344,PRJNA634794,SAMN15657747,100cm
SRR12347825,SRR12347825,0,SRA,Public Data,"China:Farm soil, Lengshuijiang City, Hunan",Asia,Artificial Surfaces,53633490,27.4448,111.343,PRJNA634794,SAMN15657746,50 cm
SRR12347921,SRR12347921bin,10,SRA,Public Data,United States,North America,Bare Land,55833172,40.23,-112.4652,PRJNA617098,SAMN14506025,Not applicable
SRR12347922,SRR12347922bin,3,SRA,Public Data,USA: California,North America,Bare Land,62917706,34.0997,-115.455,PRJNA617099,SAMN14505069,Not applicable
SRR12349226,SRR12349226bin,17,SRA,Public Data,USA: Hawaii,North America,NA,59155590,NA,NA,PRJNA617100,SAMN14505399,Not applicable
SRR12349250,SRR12349250bin,15,SRA,Public Data,USA: California,North America,Bare Land,104147344,35.635,-115.5124,PRJNA617101,SAMN14502839,Not applicable
SRR12349534,SRR12349534bin,2,SRA,Public Data,USA: California,North America,Bare Land,46198450,34.0655,-116.1702,PRJNA617103,SAMN14502588,Not applicable
SRR12349874,SRR12349874bin,13,SRA,Public Data,USA: California,North America,Bare Land,76460420,33.9461,-115.9036,PRJNA617106,SAMN14502557,Not applicable
SRR12350505,SRR12350505bin,9,SRA,Public Data,United States,North America,Grassland,85900640,40.822,-104.7128,PRJNA617108,SAMN14502647,Not applicable
SRR12377059,SRR12377059bin,1,SRA,Public Data,Switzerland,Europe,Artificial Surfaces,23821832,46.70875,10.38854,PRJNA650496,SAMN15709476,Not applicable
SRR12377060,SRR12377060bin,3,SRA,Public Data,Switzerland,Europe,Artificial Surfaces,34494706,46.70875,10.38853,PRJNA650496,SAMN15709475,Not applicable
SRR12377061,SRR12377061bin,7,SRA,Public Data,Switzerland,Europe,Artificial Surfaces,29620462,46.70875,10.38852,PRJNA650496,SAMN15709474,Not applicable
SRR12377062,SRR12377062bin,3,SRA,Public Data,Switzerland,Europe,Artificial Surfaces,27022588,46.70875,10.38851,PRJNA650496,SAMN15709473,Not applicable
SRR12377063,SRR12377063bin,3,SRA,Public Data,Switzerland,Europe,Artificial Surfaces,25767454,46.70875,10.3885,PRJNA650496,SAMN15709472,Not applicable
SRR12377064,SRR12377064bin,1,SRA,Public Data,Switzerland,Europe,Artificial Surfaces,30716906,46.70875,10.38849,PRJNA650496,SAMN15709471,Not applicable
SRR12377065,SRR12377065bin,9,SRA,Public Data,Switzerland,Europe,Artificial Surfaces,29003536,46.70875,10.38848,PRJNA650496,SAMN15709470,Not applicable
SRR12377066,SRR12377066bin,2,SRA,Public Data,Switzerland,Europe,Artificial Surfaces,27455226,46.70875,10.38847,PRJNA650496,SAMN15709469,Not applicable
SRR12377067,SRR12377067,0,SRA,Public Data,Switzerland,Europe,Artificial Surfaces,29289362,46.70875,10.38859,PRJNA650496,SAMN15709481,Not applicable
SRR12377068,SRR12377068bin,1,SRA,Public Data,Switzerland,Europe,Artificial Surfaces,25080694,46.70875,10.38858,PRJNA650496,SAMN15709480,Not applicable
SRR12377069,SRR12377069bin,1,SRA,Public Data,Switzerland,Europe,Artificial Surfaces,31219774,46.70875,10.38857,PRJNA650496,SAMN15709479,Not applicable
SRR12377070,SRR12377070bin,7,SRA,Public Data,Switzerland,Europe,Artificial Surfaces,34318398,46.70875,10.38856,PRJNA650496,SAMN15709478,Not applicable
SRR12377071,SRR12377071bin,11,SRA,Public Data,Switzerland,Europe,Artificial Surfaces,24931132,46.70875,10.38855,PRJNA650496,SAMN15709477,Not applicable
SRR12377072,SRR12377072bin,3,SRA,Public Data,Switzerland,Europe,Artificial Surfaces,28876044,46.70875,10.38846,PRJNA650496,SAMN15709468,Not applicable
SRR12377073,SRR12377073,0,SRA,Public Data,Switzerland,Europe,Artificial Surfaces,27657638,46.70875,10.38845,PRJNA650496,SAMN15709467,Not applicable
SRR12390916,SRR12390916,0,SRA,Public Data,United States,North America,Grassland,55094676,41.8784,-89.3541,PRJNA617223,SAMN14505472,Not applicable
SRR12390917,SRR12390917bin,1,SRA,Public Data,United States,North America,Grassland,70291290,41.9035,-89.3341,PRJNA617222,SAMN14505825,Not applicable
SRR12403550,SRR12403550,0,SRA,Public Data,South Africa,Africa,Agricultural Land,18101864,-25.99,26.52,PRJNA655627,SAMN15747071,Not applicable
SRR12403551,SRR12403551,0,SRA,Public Data,South Africa,Africa,Agricultural Land,18461612,-25.99,26.52,PRJNA655627,SAMN15747070,Not applicable
SRR12403554,SRR12403554bin,2,SRA,Public Data,South Africa,Africa,Agricultural Land,22841650,-25.99,26.52,PRJNA655627,SAMN15747067,Not applicable
SRR12418371,SRR12418371,0,SRA,Public Data,Australia,Australia,Grassland,38582850,-37.926514,145.313136,PRJNA656125,SAMN15772035,5-10 cm
SRR12418372,SRR12418372,0,SRA,Public Data,Australia,Australia,Grassland,39855938,-37.926514,145.313136,PRJNA656125,SAMN15772034,0-5 cm
SRR12418373,SRR12418373,0,SRA,Public Data,Australia,Australia,Forest,34597254,-37.446379,144.470078,PRJNA656125,SAMN15772033,25-30 cm
SRR12418374,SRR12418374,0,SRA,Public Data,Australia,Australia,Forest,37643944,-37.446379,144.470078,PRJNA656125,SAMN15772032,15-20 cm
SRR12418375,SRR12418375,0,SRA,Public Data,Australia,Australia,Forest,34703638,-37.446379,144.470078,PRJNA656125,SAMN15772031,5-10 cm
SRR12418376,SRR12418376,0,SRA,Public Data,Australia,Australia,Forest,33308474,-37.446379,144.470078,PRJNA656125,SAMN15772030,0-5 cm
SRR12418377,SRR12418377bin,2,SRA,Public Data,Australia,Australia,Bare Land,32972072,-23.977765,133.712524,PRJNA656125,SAMN15772029,25-30 cm
SRR12418378,SRR12418378bin,1,SRA,Public Data,Australia,Australia,Bare Land,38765776,-23.977765,133.712524,PRJNA656125,SAMN15772028,15-20 cm
SRR12418379,SRR12418379bin,2,SRA,Public Data,Australia,Australia,Wetland,36831306,-37.908647,145.139591,PRJNA656125,SAMN15772041,25-30 cm
SRR12418380,SRR12418380bin,1,SRA,Public Data,Australia,Australia,Wetland,38854476,-37.908647,145.139591,PRJNA656125,SAMN15772040,15-20 cm
SRR12418381,SRR12418381bin,3,SRA,Public Data,Australia,Australia,Wetland,32456490,-37.908647,145.139591,PRJNA656125,SAMN15772039,5-10 cm
SRR12418382,SRR12418382bin,1,SRA,Public Data,Australia,Australia,Wetland,38314800,-37.908647,145.139591,PRJNA656125,SAMN15772038,0-5 cm
SRR12418383,SRR12418383bin,3,SRA,Public Data,Australia,Australia,Grassland,39700892,-37.926514,145.313136,PRJNA656125,SAMN15772037,25-30 cm
SRR12418384,SRR12418384bin,3,SRA,Public Data,Australia,Australia,Grassland,37939354,-37.926514,145.313136,PRJNA656125,SAMN15772036,15-20 cm
SRR12418385,SRR12418385bin,1,SRA,Public Data,Australia,Australia,Bare Land,33663624,-23.977765,133.712524,PRJNA656125,SAMN15772027,5-10 cm
SRR12418386,SRR12418386bin,4,SRA,Public Data,Australia,Australia,Bare Land,39363652,-23.977765,133.712524,PRJNA656125,SAMN15772026,0-5 cm
SRR12473530,SRR12473530,0,SRA,Public Data,Israel,Asia,Bare Land,18432600,29.94152,34.97481,PRJNA657906,SAMN15851667,0-2 cm
SRR12473531,SRR12473531bin,7,SRA,Public Data,Israel,Asia,Bare Land,24126174,30.785336,34.767347,PRJNA657906,SAMN15851666,0-2 cm
SRR12473532,SRR12473532bin,3,SRA,Public Data,Israel,Asia,Bare Land,21750364,30.60916667,34.74583333,PRJNA657906,SAMN15851665,0-2 cm
SRR12473533,SRR12473533bin,1,SRA,Public Data,Israel,Asia,Bare Land,26836318,30.60916667,34.74583333,PRJNA657906,SAMN15851664,0-2 cm
SRR12473534,SRR12473534bin,5,SRA,Public Data,Israel,Asia,Bare Land,26991866,31.34916667,34.91305556,PRJNA657906,SAMN15851663,0-2 cm
SRR12473535,SRR12473535bin,4,SRA,Public Data,Israel,Asia,Bare Land,28039530,31.34583333,34.91333333,PRJNA657906,SAMN15851662,0-2 cm
SRR12473536,SRR12473536,0,SRA,Public Data,Israel,Asia,Bare Land,28752340,31.25333333,34.75277778,PRJNA657906,SAMN15851661,0-2 cm
SRR12473537,SRR12473537bin,2,SRA,Public Data,Israel,Asia,Bare Land,23119732,31.63027778,34.91472222,PRJNA657906,SAMN15851660,0-2 cm
SRR12473538,SRR12473538,0,SRA,Public Data,Israel,Asia,Bare Land,24427166,30.405,34.94916667,PRJNA657906,SAMN15851669,0-2 cm
SRR12473539,SRR12473539bin,5,SRA,Public Data,Israel,Asia,Bare Land,25074156,30.40555556,34.95055556,PRJNA657906,SAMN15851668,0-2 cm
SRR12473540,SRR12473540,0,SRA,Public Data,Israel,Asia,Bare Land,24006758,31.64222222,34.93304444,PRJNA657906,SAMN15851659,0-2 cm
SRR12473541,SRR12473541bin,1,SRA,Public Data,Israel,Asia,Bare Land,26604492,31.642372,34.935008,PRJNA657906,SAMN15851658,0-2 cm
SRR12608593,SRR12608593bin,1,SRA,Public Data,China,Asia,Grassland,99561866,43.35,116.4,PRJNA662109,SAMN16076883,Not applicable
SRR12608594,SRR12608594bin,2,SRA,Public Data,China,Asia,Grassland,94745064,44.14,116.31,PRJNA662109,SAMN16076882,Not applicable
SRR12608595,SRR12608595bin,2,SRA,Public Data,China,Asia,Grassland,89211178,43.34,116.4,PRJNA662109,SAMN16076881,Not applicable
SRR12608596,SRR12608596bin,1,SRA,Public Data,China,Asia,Grassland,89516626,43.33,116.4,PRJNA662109,SAMN16076880,Not applicable
SRR12608597,SRR12608597bin,2,SRA,Public Data,China,Asia,Grassland,93032684,43.32,116.4,PRJNA662109,SAMN16076879,Not applicable
SRR12608598,SRR12608598bin,3,SRA,Public Data,China,Asia,Grassland,95662704,44.16,116.31,PRJNA662109,SAMN16076887,Not applicable
SRR12608599,SRR12608599bin,9,SRA,Public Data,China,Asia,Grassland,90420714,44.15,116.31,PRJNA662109,SAMN16076886,Not applicable
SRR12608600,SRR12608600bin,1,SRA,Public Data,China,Asia,Grassland,99556266,43.37,116.4,PRJNA662109,SAMN16076885,Not applicable
SRR12608601,SRR12608601bin,1,SRA,Public Data,China,Asia,Grassland,88532034,43.36,116.4,PRJNA662109,SAMN16076884,Not applicable
SRR12649127,SRR12649127,0,SRA,Public Data,"Australia: Darwin, NT",Australia,Wetland,22306622,-12.37,130.867,PRJNA663662,SAMN16176657,Not applicable
SRR12658686,SRR12658686bin,11,SRA,Public Data,USA: California,North America,Bare Land,68283142,34.7856,-115.66,PRJNA655053,SAMN15738938,Not applicable
SRR12659365,SRR12659365bin,34,SRA,Public Data,United States,North America,Forest,377824776,42.5315,-72.1899,PRJNA654927,SAMN15738962,Not applicable
SRR12659369,SRR12659369bin,43,SRA,Public Data,United States,North America,Forest,333756156,42.5315,-72.1899,PRJNA654925,SAMN15739099,Not applicable
SRR12659388,SRR12659388bin,23,SRA,Public Data,United States,North America,Forest,314908276,42.5315,-72.1899,PRJNA654928,SAMN15738825,Not applicable
SRR12659389,SRR12659389bin,28,SRA,Public Data,United States,North America,Forest,340487930,42.5315,-72.1899,PRJNA654926,SAMN15738865,Not applicable
SRR12659390,SRR12659390bin,54,SRA,Public Data,United States,North America,Forest,401798830,42.5315,-72.1899,PRJNA654929,SAMN15738936,Not applicable
SRR12659391,SRR12659391bin,37,SRA,Public Data,United States,North America,Forest,452320410,42.5315,-72.1899,PRJNA654933,SAMN15739100,Not applicable
SRR12659394,SRR12659394bin,32,SRA,Public Data,United States,North America,Forest,364794930,42.5315,-72.1899,PRJNA654931,SAMN15738998,Not applicable
SRR12659395,SRR12659395bin,28,SRA,Public Data,United States,North America,Forest,309342882,42.5315,-72.1899,PRJNA654930,SAMN15738999,Not applicable
SRR12659399,SRR12659399bin,28,SRA,Public Data,United States,North America,Forest,363596062,42.5315,-72.1899,PRJNA654934,SAMN15738961,Not applicable
SRR12681395,SRR12681395bin,33,SRA,Public Data,United States,North America,Agricultural Land,316361022,42.0127,-93.7445,PRJNA654762,SAMN15738811,Not applicable
SRR12681497,SRR12681497,0,SRA,Public Data,United States,North America,Agricultural Land,319179838,42.0127,-93.7445,PRJNA654766,SAMN15738856,Not applicable
SRR12681506,SRR12681506bin,20,SRA,Public Data,United States,North America,Agricultural Land,308188088,42.0127,-93.7445,PRJNA654771,SAMN15738875,Not applicable
SRR12681507,SRR12681507bin,36,SRA,Public Data,United States,North America,Agricultural Land,392033552,42.0127,-93.7445,PRJNA654767,SAMN15738855,Not applicable
SRR12681508,SRR12681508bin,33,SRA,Public Data,United States,North America,Agricultural Land,397216416,42.0127,-93.7445,PRJNA654770,SAMN15739109,Not applicable
SRR12681509,SRR12681509bin,37,SRA,Public Data,United States,North America,Agricultural Land,289417168,42.0127,-93.7445,PRJNA654768,SAMN15738889,Not applicable
SRR12681510,SRR12681510bin,39,SRA,Public Data,United States,North America,Agricultural Land,339441538,42.0127,-93.7445,PRJNA654769,SAMN15738888,Not applicable
SRR12681512,SRR12681512bin,26,SRA,Public Data,United States,North America,Agricultural Land,333970076,42.0127,-93.7445,PRJNA654765,SAMN15738987,Not applicable
SRR12688413,SRR12688413bin,19,SRA,Public Data,USA: California,North America,Bare Land,87554324,35.5039,-115.6922,PRJNA653492,SAMN15739572,Not applicable
SRR12692786,SRR12692786bin,29,SRA,Public Data,USA: North Carolina,North America,Wetland,342672868,36,-78,PRJNA653779,SAMN15741245,Not applicable
SRR12692787,SRR12692787bin,22,SRA,Public Data,USA: North Carolina,North America,Wetland,370752466,36,-78,PRJNA653780,SAMN15741801,Not applicable
SRR12692950,SRR12692950,0,SRA,Public Data,USA: North Carolina,North America,Wetland,316662462,36,-78,PRJNA653782,SAMN15739565,Not applicable
SRR12692973,SRR12692973bin,28,SRA,Public Data,USA: North Carolina,North America,Wetland,375731542,36,-78,PRJNA653781,SAMN15741229,Not applicable
SRR12696334,SRR12696334bin,1,SRA,Public Data,Brazil,South America,Forest,3662604,-21.708519,-47.582469,PRJNA665014,SAMN16238504,Not applicable
SRR12696335,SRR12696335bin,1,SRA,Public Data,Brazil,South America,Forest,3047696,-21.708519,-47.582469,PRJNA665014,SAMN16238503,Not applicable
SRR12696336,SRR12696336bin,1,SRA,Public Data,Brazil,South America,Forest,2823874,-21.708519,-47.582469,PRJNA665014,SAMN16238502,Not applicable
SRR12696337,SRR12696337bin,1,SRA,Public Data,Brazil,South America,Forest,3678182,-21.708519,-47.582469,PRJNA665014,SAMN16238501,Not applicable
SRR12696338,SRR12696338bin,3,SRA,Public Data,Brazil,South America,Agricultural Land,5738828,-21.708519,-47.582469,PRJNA665014,SAMN16238500,Not applicable
SRR12696340,SRR12696340bin,3,SRA,Public Data,Brazil,South America,Agricultural Land,7973744,-21.708519,-47.582469,PRJNA665014,SAMN16238498,Not applicable
SRR12696341,SRR12696341bin,1,SRA,Public Data,Brazil,South America,Agricultural Land,3700956,-21.708519,-47.582469,PRJNA665014,SAMN16238497,Not applicable
SRR12696342,SRR12696342bin,1,SRA,Public Data,Brazil,South America,Forest,3019904,-21.708519,-47.582469,PRJNA665014,SAMN16238506,Not applicable
SRR12696343,SRR12696343bin,1,SRA,Public Data,Brazil,South America,Forest,2800396,-21.708519,-47.582469,PRJNA665014,SAMN16238505,Not applicable
SRR12696344,SRR12696344bin,1,SRA,Public Data,Brazil,South America,Agricultural Land,4045342,-21.708519,-47.582469,PRJNA665014,SAMN16238496,Not applicable
SRR12696345,SRR12696345bin,1,SRA,Public Data,Brazil,South America,Agricultural Land,5351948,-21.708519,-47.582469,PRJNA665014,SAMN16238495,Not applicable
SRR12721341,SRR12721341bin,7,SRA,Public Data,China,Asia,Bare Land,40319840,26.14,105.42,PRJNA666015,SAMN16276741,Not applicable
SRR12721342,SRR12721342bin,2,SRA,Public Data,China,Asia,Agricultural Land,36533192,26.14,105.42,PRJNA666015,SAMN16276740,Not applicable
SRR12721343,SRR12721343bin,4,SRA,Public Data,China,Asia,Agricultural Land,34997490,26.14,105.42,PRJNA666015,SAMN16276739,Not applicable
SRR12721344,SRR12721344bin,2,SRA,Public Data,China,Asia,Agricultural Land,34986432,26.14,105.42,PRJNA666015,SAMN16276738,Not applicable
SRR12721345,SRR12721345bin,2,SRA,Public Data,China,Asia,Shrubland,36114960,26.14,105.42,PRJNA666015,SAMN16276737,Not applicable
SRR12721346,SRR12721346bin,2,SRA,Public Data,China,Asia,Shrubland,32794410,26.14,105.42,PRJNA666015,SAMN16276736,Not applicable
SRR12721347,SRR12721347bin,1,SRA,Public Data,China,Asia,Shrubland,42408054,26.14,105.42,PRJNA666015,SAMN16276735,Not applicable
SRR12721348,SRR12721348,0,SRA,Public Data,China,Asia,Grassland,37521620,26.14,105.42,PRJNA666015,SAMN16276734,Not applicable
SRR12721349,SRR12721349bin,8,SRA,Public Data,China,Asia,Bare Land,44283990,26.14,105.42,PRJNA666015,SAMN16276743,Not applicable
SRR12721350,SRR12721350bin,8,SRA,Public Data,China,Asia,Bare Land,36031122,26.14,105.42,PRJNA666015,SAMN16276742,Not applicable
SRR12721351,SRR12721351,0,SRA,Public Data,China,Asia,Grassland,43511506,26.14,105.42,PRJNA666015,SAMN16276733,Not applicable
SRR12721352,SRR12721352bin,1,SRA,Public Data,China,Asia,Grassland,37950700,26.14,105.42,PRJNA666015,SAMN16276732,Not applicable
SRR12756227,SRR12756227bin,4,SRA,Public Data,United States,North America,Tundra,23958794,68.38,-149.43,PRJNA666429,SAMN16293040,Not applicable
SRR12756228,SRR12756228bin,5,SRA,Public Data,United States,North America,Tundra,27654912,68.38,-149.43,PRJNA666429,SAMN16293039,Not applicable
SRR12756229,SRR12756229bin,3,SRA,Public Data,United States,North America,Tundra,25535778,68.38,-149.43,PRJNA666429,SAMN16293038,Not applicable
SRR12756230,SRR12756230bin,6,SRA,Public Data,United States,North America,Tundra,31366222,68.38,-149.43,PRJNA666429,SAMN16293037,Not applicable
SRR12756231,SRR12756231bin,4,SRA,Public Data,United States,North America,Tundra,21649380,68.38,-149.43,PRJNA666429,SAMN16293036,Not applicable
SRR12756232,SRR12756232bin,2,SRA,Public Data,United States,North America,Tundra,31564050,68.38,-149.43,PRJNA666429,SAMN16293035,Not applicable
SRR12756233,SRR12756233bin,3,SRA,Public Data,United States,North America,Tundra,48673202,68.38,-149.43,PRJNA666429,SAMN16293034,Not applicable
SRR12756241,SRR12756241bin,3,SRA,Public Data,United States,North America,Tundra,18325246,68.38,-149.43,PRJNA666429,SAMN16293033,Not applicable
SRR12756247,SRR12756247bin,2,SRA,Public Data,United States,North America,Tundra,19189592,68.38,-149.43,PRJNA666429,SAMN16293045,Not applicable
SRR12756248,SRR12756248bin,1,SRA,Public Data,United States,North America,Tundra,35787330,68.38,-149.43,PRJNA666429,SAMN16293044,Not applicable
SRR12756249,SRR12756249,0,SRA,Public Data,United States,North America,Tundra,25671602,68.38,-149.43,PRJNA666429,SAMN16293043,Not applicable
SRR12756251,SRR12756251bin,2,SRA,Public Data,United States,North America,Tundra,42641140,68.38,-149.43,PRJNA666429,SAMN16293041,Not applicable
SRR12756252,SRR12756252bin,3,SRA,Public Data,United States,North America,Tundra,17627464,68.38,-149.43,PRJNA666429,SAMN16293032,Not applicable
SRR12756253,SRR12756253bin,2,SRA,Public Data,United States,North America,Tundra,24760260,68.38,-149.43,PRJNA666429,SAMN16293031,Not applicable
SRR12767728,SRR12767728bin,12,SRA,Public Data,China,Asia,Artificial Surfaces,282502686,23.13,113.28,PRJNA667025,SAMN16351209,Not applicable
SRR12773037,SRR12773037bin,3,SRA,Public Data,Canada,North America,Agricultural Land,23906114,49.700158,-112.7633999,PRJNA667256,SAMN16362768,Not applicable
SRR12773038,SRR12773038bin,5,SRA,Public Data,Canada,North America,Agricultural Land,25571298,49.700158,-112.7633999,PRJNA667256,SAMN16362766,Not applicable
SRR12773039,SRR12773039bin,1,SRA,Public Data,Canada,North America,Agricultural Land,24766024,49.700158,-112.7633999,PRJNA667256,SAMN16362764,Not applicable
SRR12773044,SRR12773044,0,SRA,Public Data,Canada,North America,Agricultural Land,25477224,49.700158,-112.7633999,PRJNA667256,SAMN16362782,Not applicable
SRR12773045,SRR12773045bin,1,SRA,Public Data,Canada,North America,Agricultural Land,27261640,49.700158,-112.7633999,PRJNA667256,SAMN16362780,Not applicable
SRR12773046,SRR12773046,0,SRA,Public Data,Canada,North America,Agricultural Land,20581598,49.700158,-112.7633999,PRJNA667256,SAMN16362762,Not applicable
SRR12773047,SRR12773047bin,3,SRA,Public Data,Canada,North America,Agricultural Land,26362892,49.700158,-112.7633999,PRJNA667256,SAMN16362778,Not applicable
SRR12773048,SRR12773048bin,1,SRA,Public Data,Canada,North America,Agricultural Land,20023570,49.700158,-112.7633999,PRJNA667256,SAMN16362776,Not applicable
SRR12773049,SRR12773049bin,3,SRA,Public Data,Canada,North America,Agricultural Land,28280216,49.700158,-112.7633999,PRJNA667256,SAMN16362774,Not applicable
SRR12773050,SRR12773050bin,4,SRA,Public Data,Canada,North America,Agricultural Land,31570894,49.700158,-112.7633999,PRJNA667256,SAMN16362772,Not applicable
SRR12773051,SRR12773051bin,2,SRA,Public Data,Canada,North America,Agricultural Land,28260876,49.700158,-112.7633999,PRJNA667256,SAMN16362770,Not applicable
SRR12773052,SRR12773052bin,1,SRA,Public Data,Canada,North America,Agricultural Land,21658516,49.700158,-112.7633999,PRJNA667256,SAMN16362760,Not applicable
SRR12805503,SRR12805503bin,2,SRA,Public Data,China,Asia,Artificial Surfaces,46897592,29.58,111.64,PRJNA666233,SAMN16294744,50 cm
SRR12805504,SRR12805504,0,SRA,Public Data,"China: soil, Changde country City, Hunan",Asia,Artificial Surfaces,37520458,29.58,111.63,PRJNA666233,SAMN16294743,50 cm
SRR12805505,SRR12805505bin,11,SRA,Public Data,China,Asia,Artificial Surfaces,41432632,29.58,111.62,PRJNA666233,SAMN16294742,50 cm
SRR12805506,SRR12805506bin,3,SRA,Public Data,China,Asia,Artificial Surfaces,39589452,29.58,111.61,PRJNA666233,SAMN16294741,50 cm
SRR12823096,SRR12823096,0,SRA,Public Data,United States,North America,Agricultural Land,22134916,46.2528,-119.7372,PRJNA669067,SAMN16434008,0-15 cm
SRR12823097,SRR12823097,0,SRA,Public Data,United States,North America,Agricultural Land,21071784,46.2528,-119.7372,PRJNA669067,SAMN16434007,0-15 cm
SRR12823098,SRR12823098,0,SRA,Public Data,United States,North America,Agricultural Land,28561986,46.2528,-119.7372,PRJNA669067,SAMN16434006,0-15 cm
SRR12823099,SRR12823099,0,SRA,Public Data,United States,North America,Agricultural Land,26992834,46.2528,-119.7372,PRJNA669067,SAMN16434005,0-15 cm
SRR12823100,SRR12823100,0,SRA,Public Data,United States,North America,Agricultural Land,22444936,46.2528,-119.7372,PRJNA669067,SAMN16434004,0-15 cm
SRR12823101,SRR12823101,0,SRA,Public Data,United States,North America,Agricultural Land,32485732,46.2528,-119.7372,PRJNA669067,SAMN16434003,0-15 cm
SRR12823102,SRR12823102,0,SRA,Public Data,United States,North America,Agricultural Land,25584068,46.2528,-119.7372,PRJNA669067,SAMN16434002,0-15 cm
SRR12823103,SRR12823103,0,SRA,Public Data,United States,North America,Agricultural Land,26099908,46.2528,-119.7372,PRJNA669067,SAMN16434022,0-15 cm
SRR12823104,SRR12823104,0,SRA,Public Data,United States,North America,Agricultural Land,23818840,46.2528,-119.7372,PRJNA669067,SAMN16434021,0-15 cm
SRR12823105,SRR12823105bin,1,SRA,Public Data,United States,North America,Agricultural Land,19274986,46.2528,-119.7372,PRJNA669067,SAMN16434020,0-15 cm
SRR12823106,SRR12823106,0,SRA,Public Data,United States,North America,Agricultural Land,25971186,46.2528,-119.7372,PRJNA669067,SAMN16434019,0-15 cm
SRR12823107,SRR12823107,0,SRA,Public Data,United States,North America,Agricultural Land,30772100,46.2528,-119.7372,PRJNA669067,SAMN16434001,0-15 cm
SRR12823108,SRR12823108,0,SRA,Public Data,United States,North America,Agricultural Land,22542334,46.2528,-119.7372,PRJNA669067,SAMN16434018,0-15 cm
SRR12823109,SRR12823109,0,SRA,Public Data,United States,North America,Agricultural Land,27248616,46.2528,-119.7372,PRJNA669067,SAMN16434017,0-15 cm
SRR12823111,SRR12823111,0,SRA,Public Data,United States,North America,Agricultural Land,24601420,46.2528,-119.7372,PRJNA669067,SAMN16434015,0-15 cm
SRR12823112,SRR12823112,0,SRA,Public Data,United States,North America,Agricultural Land,23534764,46.2528,-119.7372,PRJNA669067,SAMN16434014,0-15 cm
SRR12823113,SRR12823113,0,SRA,Public Data,United States,North America,Agricultural Land,24764860,46.2528,-119.7372,PRJNA669067,SAMN16434013,0-15 cm
SRR12823114,SRR12823114,0,SRA,Public Data,United States,North America,Agricultural Land,21735952,46.2528,-119.7372,PRJNA669067,SAMN16434012,0-15 cm
SRR12823115,SRR12823115,0,SRA,Public Data,United States,North America,Agricultural Land,26232968,46.2528,-119.7372,PRJNA669067,SAMN16434011,0-15 cm
SRR12823117,SRR12823117,0,SRA,Public Data,United States,North America,Agricultural Land,18958274,46.2528,-119.7372,PRJNA669067,SAMN16434009,0-15 cm
SRR12823118,SRR12823118,0,SRA,Public Data,United States,North America,Agricultural Land,27939962,46.2528,-119.7372,PRJNA669067,SAMN16434000,0-15 cm
SRR12823119,SRR12823119,0,SRA,Public Data,United States,North America,Agricultural Land,29730726,46.2528,-119.7372,PRJNA669067,SAMN16433999,0-15 cm
SRR12844101,SRR12844101bin,2,SRA,Public Data,China,Asia,Artificial Surfaces,61742040,31.64,120.74,PRJNA669350,SAMN16448809,Not applicable
SRR12844102,SRR12844102bin,3,SRA,Public Data,China,Asia,Artificial Surfaces,62188320,31.64,120.74,PRJNA669350,SAMN16448808,Not applicable
SRR12844103,SRR12844103bin,13,SRA,Public Data,China,Asia,Artificial Surfaces,79540678,31.64,120.74,PRJNA669350,SAMN16448807,Not applicable
SRR12844104,SRR12844104bin,2,SRA,Public Data,China,Asia,Artificial Surfaces,58701424,31.64,120.74,PRJNA669350,SAMN16448806,Not applicable
SRR12844105,SRR12844105,0,SRA,Public Data,"China:Jiangsu, SuZhou",Asia,Artificial Surfaces,54122970,31.64,120.74,PRJNA669350,SAMN16448805,Not applicable
SRR12844106,SRR12844106,0,SRA,Public Data,"China:Jiangsu, SuZhou",Asia,Artificial Surfaces,56311288,31.64,120.74,PRJNA669350,SAMN16448804,Not applicable
SRR12844107,SRR12844107,0,SRA,Public Data,"China:Jiangsu, SuZhou",Asia,Artificial Surfaces,71912106,31.64,120.74,PRJNA669350,SAMN16448803,Not applicable
SRR12844108,SRR12844108bin,8,SRA,Public Data,China,Asia,Artificial Surfaces,83008976,28.23,117.02,PRJNA669350,SAMN16448829,Not applicable
SRR12844109,SRR12844109bin,4,SRA,Public Data,China,Asia,Artificial Surfaces,72996720,28.23,117.02,PRJNA669350,SAMN16448828,Not applicable
SRR12844111,SRR12844111bin,1,SRA,Public Data,China,Asia,Artificial Surfaces,49979622,28.23,117.02,PRJNA669350,SAMN16448826,Not applicable
SRR12844112,SRR12844112bin,4,SRA,Public Data,China,Asia,Artificial Surfaces,75901738,28.23,117.02,PRJNA669350,SAMN16448825,Not applicable
SRR12844113,SRR12844113bin,2,SRA,Public Data,China,Asia,Artificial Surfaces,77277804,28.23,117.02,PRJNA669350,SAMN16448824,Not applicable
SRR12844114,SRR12844114bin,8,SRA,Public Data,China,Asia,Artificial Surfaces,85724576,28.23,117.02,PRJNA669350,SAMN16448823,Not applicable
SRR12844115,SRR12844115bin,3,SRA,Public Data,China,Asia,Artificial Surfaces,79851922,28.23,117.02,PRJNA669350,SAMN16448822,Not applicable
SRR12844116,SRR12844116bin,3,SRA,Public Data,China,Asia,Artificial Surfaces,78152322,28.23,117.02,PRJNA669350,SAMN16448821,Not applicable
SRR12844117,SRR12844117bin,4,SRA,Public Data,China,Asia,Artificial Surfaces,80313302,28.23,117.02,PRJNA669350,SAMN16448820,Not applicable
SRR12844119,SRR12844119,0,SRA,Public Data,"China:Jiangxi, Yingtan",Asia,Artificial Surfaces,88461148,28.23,117.02,PRJNA669350,SAMN16448819,Not applicable
SRR12844120,SRR12844120,0,SRA,Public Data,"China:Jiangxi, Yingtan",Asia,Artificial Surfaces,72593900,28.23,117.02,PRJNA669350,SAMN16448818,Not applicable
SRR12844124,SRR12844124bin,5,SRA,Public Data,China,Asia,Artificial Surfaces,60683456,31.64,120.74,PRJNA669350,SAMN16448814,Not applicable
SRR12844125,SRR12844125bin,1,SRA,Public Data,China,Asia,Artificial Surfaces,50661630,31.64,120.74,PRJNA669350,SAMN16448813,Not applicable
SRR12844126,SRR12844126bin,4,SRA,Public Data,China,Asia,Artificial Surfaces,60467354,31.64,120.74,PRJNA669350,SAMN16448812,Not applicable
SRR12844127,SRR12844127bin,3,SRA,Public Data,China,Asia,Artificial Surfaces,84843522,31.64,120.74,PRJNA669350,SAMN16448811,Not applicable
SRR12844128,SRR12844128bin,2,SRA,Public Data,China,Asia,Artificial Surfaces,63418690,31.64,120.74,PRJNA669350,SAMN16448810,Not applicable
SRR12917088,SRR12917088bin,4,SRA,Public Data,United States,North America,Grassland,77659278,41.9002,-89.3556,PRJNA653690,SAMN15739872,Not applicable
SRR12917089,SRR12917089bin,4,SRA,Public Data,United States,North America,Grassland,71550774,41.9002,-89.3556,PRJNA653691,SAMN15740533,Not applicable
SRR12917099,SRR12917099bin,3,SRA,Public Data,United States,North America,Grassland,97927446,41.9002,-89.352,PRJNA653687,SAMN15739656,Not applicable
SRR12917102,SRR12917102bin,4,SRA,Public Data,United States,North America,Grassland,89801128,41.9002,-89.352,PRJNA653686,SAMN15740535,Not applicable
SRR12917118,SRR12917118bin,17,SRA,Public Data,United States,North America,Grassland,143652798,41.9002,-89.3556,PRJNA653689,SAMN15739655,Not applicable
SRR12917144,SRR12917144,0,SRA,Public Data,United States,North America,Grassland,115991300,41.9002,-89.352,PRJNA653688,SAMN15741225,Not applicable
SRR12917169,SRR12917169bin,6,SRA,Public Data,United States,North America,Grassland,132409694,41.9035,-89.3341,PRJNA653693,SAMN15740181,Not applicable
SRR12917171,SRR12917171,0,SRA,Public Data,United States,North America,Grassland,90709858,41.896,-89.3636,PRJNA653695,SAMN15741598,Not applicable
SRR12917226,SRR12917226bin,3,SRA,Public Data,United States,North America,Grassland,95885370,41.8725,-89.3578,PRJNA653697,SAMN15739576,Not applicable
SRR12917227,SRR12917227,0,SRA,Public Data,United States,North America,Grassland,95822470,41.896,-89.3636,PRJNA653696,SAMN15741939,Not applicable
SRR12917497,SRR12917497bin,3,SRA,Public Data,United States,North America,Grassland,91850662,41.8725,-89.3578,PRJNA653698,SAMN15740521,Not applicable
SRR12917870,SRR12917870bin,2,SRA,Public Data,United States,North America,Grassland,69712908,41.8784,-89.3541,PRJNA653701,SAMN15740168,Not applicable
SRR12917871,SRR12917871bin,4,SRA,Public Data,United States,North America,Grassland,85604440,41.8784,-89.3541,PRJNA653700,SAMN15741597,Not applicable
SRR12917872,SRR12917872bin,3,SRA,Public Data,United States,North America,Grassland,87149418,41.8725,-89.3578,PRJNA653699,SAMN15741247,Not applicable
SRR12917873,SRR12917873bin,2,SRA,Public Data,United States,North America,Grassland,78002394,41.8854,-89.3208,PRJNA653702,SAMN15740725,Not applicable
SRR12917878,SRR12917878bin,3,SRA,Public Data,United States,North America,Grassland,72313634,41.8854,-89.3208,PRJNA653703,SAMN15741583,Not applicable
SRR12917908,SRR12917908,0,SRA,Public Data,United States,North America,Grassland,77194344,41.893,-89.305,PRJNA653705,SAMN15741805,Not applicable
SRR12927600,SRR12927600,0,SRA,Public Data,United States,North America,Agricultural Land,367998386,40.0633,-88.2058,PRJNA651860,SAMN15721755,Not applicable
SRR12927878,SRR12927878bin,38,SRA,Public Data,United States,North America,Agricultural Land,446014692,40.0633,-88.2058,PRJNA651862,SAMN15721494,Not applicable
SRR12927892,SRR12927892bin,44,SRA,Public Data,United States,North America,Agricultural Land,585812978,40.0633,-88.2058,PRJNA651861,SAMN15721184,Not applicable
SRR12951525,SRR12951525bin,5,SRA,Public Data,USA: California,North America,Bare Land,78459996,35.5039,-115.6922,PRJNA650881,SAMN15720690,Not applicable
SRR12951532,SRR12951532,0,SRA,Public Data,USA: California,North America,Bare Land,102226498,34.1098,-115.4803,PRJNA650826,SAMN15720683,Not applicable
SRR13062007,SRR13062007bin,2,SRA,Public Data,South Africa,Africa,Agricultural Land,22841650,-25.99,26.52,PRJNA678469,SAMN16802408,0-20 cm
SRR13062009,SRR13062009,0,SRA,Public Data,South Africa,Africa,Agricultural Land,18101864,-25.99,26.52,PRJNA678469,SAMN16802406,0-20 cm
SRR13062010,SRR13062010,0,SRA,Public Data,South Africa,Africa,Agricultural Land,18461612,-25.99,26.52,PRJNA678469,SAMN16802405,0-20 cm
SRR13062097,SRR13062097,0,SRA,Public Data,South Africa,Africa,Agricultural Land,18461612,-26.11,27.33,PRJNA678475,SAMN16802727,Not applicable
SRR13115018,SRR13115018bin,74,SRA,Public Data,Germany,Europe,Artificial Surfaces,79699130,51.6,9.9,PRJNA382640,SAMN06859935,0-5 cm
SRR13115019,SRR13115019bin,80,SRA,Public Data,Germany,Europe,Artificial Surfaces,81652534,51.6,9.9,PRJNA382640,SAMN06859928,0-5 cm
SRR13164784,SRR13164784bin,3,SRA,Public Data,United States,North America,Grassland,72186028,41.8854,-89.3208,PRJNA653704,SAMN15740461,Not applicable
SRR13207077,SRR13207077bin,17,SRA,Public Data,USA: California,North America,Forest,54087618,33.88,-115.91,PRJNA677055,SAMN16773911,Not applicable
SRR13207170,SRR13207170bin,14,SRA,Public Data,USA: California,North America,Bare Land,75122514,33.8188,-115.7638,PRJNA677056,SAMN16773260,Not applicable
SRR1379730,SRR1379730rbin,9,SRA,Public Data,Mexico,North America,Wetland,56903178,20.02,-110.35,PRJNA252520,SAMN02850905,0.5 m
SRR1586252,SRR1586252rbin,5,SRA,Public Data,"Canada: Axel Heiberg Island,Nunavut",North America,Tundra,12158778,79.4161,-90.76295,PRJNA261849,SAMN03075697,65 cm
SRR1586254,SRR1586254rbin,5,SRA,Public Data,"Canada: Axel Heiberg Island,Nunavut",North America,Tundra,18027026,79.4161,-90.76295,PRJNA261849,SAMN03075699,5  cm
SRR1586256,SRR1586256rbin,5,SRA,Public Data,"Canada: Axel Heiberg Island,Nunavut",North America,Tundra,35284342,79.4161,-90.76295,PRJNA261849,SAMN03075701,65 cm
SRR1586258,SRR1586258rbin,5,SRA,Public Data,"Canada: Axel Heiberg Island,Nunavut",North America,Tundra,28121692,79.4161,-90.76295,PRJNA261849,SAMN03075703,5  cm
SRR1586261,SRR1586261rbin,5,SRA,Public Data,"Canada: Axel Heiberg Island,Nunavut",North America,Tundra,24964036,79.4161,-90.76295,PRJNA261849,SAMN03075706,5  cm
SRR1586262,SRR1586262rbin,6,SRA,Public Data,"Canada: Axel Heiberg Island,Nunavut",North America,Tundra,24093868,79.4161,-90.76295,PRJNA261849,SAMN03075707,35 cm
SRR1586268,SRR1586268rbin,5,SRA,Public Data,"Canada: Axel Heiberg Island, Nunavut",North America,Tundra,52099658,79.4161,-90.76295,PRJNA261849,SAMN03075713,5  cm
SRR1586271,SRR1586271rbin,4,SRA,Public Data,"Canada: Axel Heiberg Island,Nunavut",North America,Tundra,40003224,79.4161,-90.76295,PRJNA261849,SAMN03075716,5  cm
SRR1586272,SRR1586272rbin,9,SRA,Public Data,"Canada: Axel Heiberg Island,Nunavut",North America,Tundra,10609462,79.4161,-90.76295,PRJNA261849,SAMN03075717,65 cm
SRR1586273,SRR1586273,0,SRA,Public Data,"Canada: Axel Heiberg Island,Nunavut",North America,Tundra,2473358,79.4161,-90.76295,PRJNA261849,SAMN03075718,80 cm
SRR1586278,SRR1586278rbin,7,SRA,Public Data,"Canada: Axel Heiberg Island,Nunavut",North America,Tundra,79954336,79.4161,-90.76295,PRJNA261849,SAMN03075723,65 cm
SRR1586280,SRR1586280rbin,2,SRA,Public Data,"Canada: Axel Heiberg Island,Nunavut",North America,Tundra,40879690,79.4161,-90.76295,PRJNA261849,SAMN03075725,5  cm
SRR1586281,SRR1586281rbin,6,SRA,Public Data,"Canada: Axel Heiberg Island,Nunavut",North America,Tundra,23742676,79.4161,-90.76295,PRJNA261849,SAMN03075726,35 cm
SRR1586284,SRR1586284,0,SRA,Public Data,"Canada: Axel Heiberg Island,Nunavut",North America,Tundra,58636212,79.4161,-90.76295,PRJNA261849,SAMN03075729,35 cm
SRR1586287,SRR1586287rbin,5,SRA,Public Data,"Canada: Axel Heiberg Island,Nunavut",North America,Tundra,48773834,79.4161,-90.76295,PRJNA261849,SAMN03075732,5  cm
SRR1586290,SRR1586290rbin,4,SRA,Public Data,"Canada: Axel Heiberg Island,Nunavut",North America,Tundra,21327284,79.4161,-90.76295,PRJNA261849,SAMN03075735,80 cm
SRR1586292,SRR1586292rbin,7,SRA,Public Data,"Canada: Axel Heiberg Island,Nunavut",North America,Tundra,18952592,79.4161,-90.76295,PRJNA261849,SAMN03075737,35 cm
SRR1586296,SRR1586296rbin,3,SRA,Public Data,"Canada: Axel Heiberg Island,Nunavut",North America,Tundra,19521214,79.4161,-90.76295,PRJNA261849,SAMN03075741,35 cm
SRR1586299,SRR1586299,0,SRA,Public Data,"Canada: Axel Heiberg Island,Nunavut",North America,Tundra,26572090,79.4161,-90.76295,PRJNA261849,SAMN03075744,5  cm
SRR1586302,SRR1586302rbin,3,SRA,Public Data,"Canada: Axel Heiberg Island,Nunavut",North America,Tundra,30717586,79.4161,-90.76295,PRJNA261849,SAMN03075747,5  cm
SRR1586311,SRR1586311rbin,9,SRA,Public Data,"Canada: Axel Heiberg Island,Nunavut",North America,Tundra,27997114,79.4161,-90.76295,PRJNA261849,SAMN03075756,35 cm
SRR1586313,SRR1586313rbin,5,SRA,Public Data,"Canada: Axel Heiberg Island,Nunavut",North America,Tundra,21258964,79.4161,-90.76295,PRJNA261849,SAMN03075758,80 cm
SRR1924237,SRR1924237rbin,15,SRA,Public Data,AUnited Statestralia,Australia,Agricultural Land,114125388,-19.733,147.178,PRJNA278090,SAMN03407312,Not applicable
SRR1926113,SRR1926113rbin,25,SRA,Public Data,AUnited Statestralia,Australia,Agricultural Land,113026584,-19.733,147.178,PRJNA278090,SAMN03407316,Not applicable
SRR1926121,SRR1926121rbin,5,SRA,Public Data,AUnited Statestralia,Australia,Agricultural Land,71970964,-19.733,147.178,PRJNA278090,SAMN03407320,Not applicable
SRR1926122,SRR1926122rbin,9,SRA,Public Data,AUnited Statestralia,Australia,Agricultural Land,96957246,-19.733,147.178,PRJNA278090,SAMN03407324,Not applicable
SRR1926147,SRR1926147rbin,2,SRA,Public Data,AUnited Statestralia,Australia,Agricultural Land,49993248,-19.733,147.178,PRJNA278090,SAMN03407336,Not applicable
SRR1926159,SRR1926159rbin,1,SRA,Public Data,AUnited Statestralia,Australia,Agricultural Land,59561024,-19.733,147.178,PRJNA278090,SAMN03407328,Not applicable
SRR1926201,SRR1926201rbin,1,SRA,Public Data,AUnited Statestralia,Australia,Agricultural Land,67015034,-19.733,147.178,PRJNA278090,SAMN03407334,Not applicable
SRR1955040,SRR1955040rbin,43,SRA,Public Data,India,Asia,Artificial Surfaces,130403924,10,76.3,PRJNA280386,SAMN03460428,Not applicable
SRR2029815,SRR2029815rbin,5,SRA,Public Data,Czech Republic,Europe,Wetland,44416038,50.14667,12.45083,PRJNA284199,SAMN03700006,0-10 cm
SRR2029816,SRR2029816rbin,5,SRA,Public Data,Czech Republic,Europe,Wetland,37709994,50.14667,12.45083,PRJNA284199,SAMN03700006,0-10 cm
SRR2029817,SRR2029817rbin,3,SRA,Public Data,Czech Republic,Europe,Wetland,37463400,50.14667,12.45083,PRJNA284199,SAMN03700006,0-10 cm
SRR2059973,SRR2059973rbin,31,SRA,Public Data,China HongKong,Asia,NA,24171712,NA,NA,PRJNA239311,SAMN03766781,Not applicable
SRR2070858,SRR2070858rbin,1,SRA,Public Data,Vietnam,Asia,Agricultural Land,85225306,21.088732,105.733872,PRJNA287178,SAMN03777194,Not applicable
SRR2070862,SRR2070862rbin,5,SRA,Public Data,Vietnam,Asia,Agricultural Land,83826876,21.08839,105.727278,PRJNA287178,SAMN03777195,Not applicable
SRR2070865,SRR2070865rbin,1,SRA,Public Data,Vietnam,Asia,Agricultural Land,85750286,21.088395,105.727361,PRJNA287178,SAMN03777196,Not applicable
SRR2071948,SRR2071948rbin,1,SRA,Public Data,Vietnam,Asia,Agricultural Land,8082302,21.08839,105.727278,PRJNA287582,SAMN03784300,Not applicable
SRR2071949,SRR2071949rbin,1,SRA,Public Data,Vietnam,Asia,Agricultural Land,9189508,21.088395,105.727361,PRJNA287582,SAMN03784301,Not applicable
SRR2093878,SRR2093878rbin,6,SRA,Public Data,China,Asia,Agricultural Land,57270334,24.5283427,110.9169302,PRJNA289185,SAMN03846801,Not applicable
SRR2546421,SRR2546421rbin,1,SRA,Public Data,"USA: Angelo, CA",North America,Grassland,24146876,34.09,-118.43,PRJNA297196,SAMN04116728,20 cm
SRR2546422,SRR2546422rbin,14,SRA,Public Data,"USA: Angelo, CA",North America,Grassland,55229834,34.09,-118.43,PRJNA297196,SAMN04116729,20 cm
SRR2546425,SRR2546425rbin,17,SRA,Public Data,"USA: Angelo, CA",North America,Grassland,68487988,34.09,-118.43,PRJNA297196,SAMN04116732,40 cm
SRR2546428,SRR2546428rbin,11,SRA,Public Data,"USA: Angelo, CA",North America,Grassland,66367954,34.09,-118.43,PRJNA297196,SAMN04116735,40 cm
SRR2844616,SRR2844616rbin,1,SRA,Public Data,India: Kerala,Asia,Wetland,2106716,8.5,76.7,PRJNA298972,SAMN04191406,10-15cm
SRR2901746,SRR2901746rbin,31,SRA,Public Data,Canada,North America,Artificial Surfaces,359335276,48.4244,-123.3881,PRJNA202911,SAMN02440304,Not applicable
SRR2902415,SRR2902415rbin,31,SRA,Public Data,Canada,North America,Artificial Surfaces,359658960,48.4244,-123.3881,PRJNA202911,SAMN02440304,Not applicable
SRR2903329,SRR2903329rbin,27,SRA,Public Data,Canada,North America,Artificial Surfaces,320880084,48.4244,-123.3881,PRJNA202911,SAMN02440304,Not applicable
SRR2952554,SRR2952554rbin,8,SRA,Public Data,China,Asia,Bare Land,79097068,37.2930286,103.7241968,PRJNA303119,SAMN04286060,Not applicable
SRR2954705,SRR2954705rbin,6,SRA,Public Data,China,Asia,Bare Land,74384592,37.2930286,103.7241968,PRJNA303119,SAMN04286061,Not applicable
SRR2962480,SRR2962480rbin,6,SRA,Public Data,China,Asia,Artificial Surfaces,40196110,23.39,120.48,PRJNA294203,SAMN04013418,Not applicable
SRR3401951,SRR3401951rbin,11,SRA,Public Data,Canada,North America,Artificial Surfaces,20202290,45.41,-73.25,PRJNA317648,SAMN04622706,0-15 cm
SRR3401954,SRR3401954rbin,11,SRA,Public Data,Canada,North America,Artificial Surfaces,23703700,45.41,-73.25,PRJNA317648,SAMN04622708,0-15 cm
SRR3401956,SRR3401956rbin,11,SRA,Public Data,Canada,North America,Artificial Surfaces,21425792,45.41,-73.25,PRJNA317648,SAMN04622709,0-15 cm
SRR3401959,SRR3401959rbin,10,SRA,Public Data,Canada,North America,Artificial Surfaces,21094574,45.41,-73.25,PRJNA317648,SAMN04622711,0-15 cm
SRR3401962,SRR3401962rbin,4,SRA,Public Data,Canada,North America,Artificial Surfaces,20176652,45.41,-73.25,PRJNA317648,SAMN04622713,0-15 cm
SRR3401986,SRR3401986rbin,2,SRA,Public Data,Canada,North America,Artificial Surfaces,26530026,45.41,-73.25,PRJNA317648,SAMN04622736,0-15 cm
SRR3401989,SRR3401989rbin,5,SRA,Public Data,Canada,North America,Artificial Surfaces,27539810,45.41,-73.25,PRJNA317648,SAMN04622738,0-15 cm
SRR3401991,SRR3401991rbin,4,SRA,Public Data,Canada,North America,Artificial Surfaces,25557162,45.41,-73.25,PRJNA317648,SAMN04622739,0-15 cm
SRR3401994,SRR3401994rbin,2,SRA,Public Data,Canada,North America,Artificial Surfaces,27526750,45.41,-73.25,PRJNA317648,SAMN04622741,0-15 cm
SRR3401997,SRR3401997rbin,5,SRA,Public Data,Canada,North America,Artificial Surfaces,20853838,45.41,-73.25,PRJNA317648,SAMN04622743,0-15 cm
SRR3402025,SRR3402025rbin,8,SRA,Public Data,Canada,North America,Artificial Surfaces,23176680,45.41,-73.25,PRJNA317648,SAMN04622770,0-15 cm
SRR3402028,SRR3402028rbin,8,SRA,Public Data,Canada,North America,Artificial Surfaces,33424668,45.41,-73.25,PRJNA317648,SAMN04622772,0-15 cm
SRR3402030,SRR3402030rbin,4,SRA,Public Data,Canada,North America,Artificial Surfaces,20856428,45.41,-73.25,PRJNA317648,SAMN04622773,0-15 cm
SRR3402033,SRR3402033rbin,4,SRA,Public Data,Canada,North America,Artificial Surfaces,21125438,45.41,-73.25,PRJNA317648,SAMN04622775,0-15 cm
SRR3402036,SRR3402036rbin,3,SRA,Public Data,Canada,North America,Artificial Surfaces,28464410,45.41,-73.25,PRJNA317648,SAMN04622777,0-15 cm
SRR3402044,SRR3402044rbin,1,SRA,Public Data,Canada,North America,Artificial Surfaces,21189958,45.41,-73.25,PRJNA317648,SAMN04622784,0-15 cm
SRR3402046,SRR3402046rbin,2,SRA,Public Data,Canada,North America,Artificial Surfaces,22983574,45.41,-73.25,PRJNA317648,SAMN04622785,0-15 cm
SRR3402048,SRR3402048rbin,1,SRA,Public Data,Canada,North America,Artificial Surfaces,26340870,45.41,-73.25,PRJNA317648,SAMN04622786,0-15 cm
SRR3439671,SRR3439671rbin,4,SRA,Public Data,China,Asia,Bare Land,59164990,37.2930286,103.7241968,PRJNA303119,SAMN04286062,Not applicable
SRR3439678,SRR3439678rbin,2,SRA,Public Data,China,Asia,Bare Land,50734718,37.2930286,103.7241968,PRJNA303119,SAMN04286063,Not applicable
SRR3452784,SRR3452784rbin,3,SRA,Public Data,China,Asia,Bare Land,93346244,37.2930286,103.7241968,PRJNA303119,SAMN04286064,Not applicable
SRR3452787,SRR3452787rbin,3,SRA,Public Data,China,Asia,Bare Land,72806982,37.2930286,103.7241968,PRJNA303119,SAMN04286065,Not applicable
SRR350471,SRR350471rebin,8,SRA,Public Data,United States,North America,Agricultural Land,125843942,37.29,-103.72,NA,SAMN00728605,Not applicable
SRR350474,SRR350474rebin,12,SRA,Public Data,United States,North America,Agricultural Land,187064394,43.91,-89.46,NA,SAMN00728605,Not applicable
SRR350500,SRR350500rebin,1,SRA,Public Data,United States,North America,Agricultural Land,95197670,43.91,-89.46,NA,SAMN00728626,Not applicable
SRR350513,SRR350513rebin,10,SRA,Public Data,United States,North America,Agricultural Land,184084690,43.91,-89.46,NA,SAMN00728644,Not applicable
SRR350639,SRR350639rebin,4,SRA,Public Data,United States,North America,Agricultural Land,94138222,43.91,-89.46,NA,SAMN00736155,Not applicable
SRR350640,SRR350640rebin,3,SRA,Public Data,United States,North America,Agricultural Land,70117858,43.91,-89.46,NA,SAMN00736155,Not applicable
SRR350641,SRR350641rebin,3,SRA,Public Data,United States,North America,Agricultural Land,116050250,43.91,-89.46,NA,SAMN00736155,Not applicable
SRR350691,SRR350691rebin,7,SRA,Public Data,United States,North America,Agricultural Land,294372346,43.91,-89.46,NA,SAMN00736182,Not applicable
SRR350692,SRR350692rebin,5,SRA,Public Data,United States,North America,Agricultural Land,160543912,42.45,-92.4,NA,SAMN00736182,Not applicable
SRR350919,SRR350919rebin,1,SRA,Public Data,United States,North America,Agricultural Land,40421704,41.6380873,-93.7753044,PRJNA50473,SAMN00737747,Not applicable
SRR350920,SRR350920rebin,22,SRA,Public Data,United States,North America,Agricultural Land,259422714,41.6380873,-93.7753044,PRJNA50473,SAMN00737747,Not applicable
SRR350921,SRR350921rebin,3,SRA,Public Data,United States,North America,Agricultural Land,68737600,41.6380873,-93.7753044,PRJNA50473,SAMN00737747,Not applicable
SRR351473,SRR351473rebin,40,SRA,Public Data,United States,North America,Agricultural Land,400559456,41.6380873,-93.7753044,PRJNA50473,SAMN00737747,Not applicable
SRR351474,SRR351474rebin,47,SRA,Public Data,United States,North America,Agricultural Land,516725440,41.6380873,-93.7753044,PRJNA50473,SAMN00737747,Not applicable
SRR3546812,SRR3546812,0,SRA,Public Data,France,Europe,Artificial Surfaces,5829220,47.59,7.58,PRJNA322166,SAMN05149955,Not applicable
SRR3546814,SRR3546814rbin,12,SRA,Public Data,France,Europe,Artificial Surfaces,8924824,47.59,7.58,PRJNA322166,SAMN05149956,Not applicable
SRR3591800,SRR3591800rbin,1,SRA,Public Data,"Australia: Bundaberg, Queensland",Australia,Agricultural Land,18931084,-25.025508,152.379908,PRJNA322576,SAMN05170379,Not applicable
SRR3592089,SRR3592089rbin,1,SRA,Public Data,"Australia: Bundaberg, Queensland",Australia,Agricultural Land,19360106,-25.025508,152.379908,PRJNA322576,SAMN05170380,Not applicable
SRR3592090,SRR3592090rbin,1,SRA,Public Data,"Australia: Bundaberg, Queensland",Australia,Agricultural Land,17377386,-25.025508,152.379908,PRJNA322576,SAMN05170381,Not applicable
SRR3601979,SRR3601979,0,SRA,Public Data,"Australia: Bundaberg, Queensland",Australia,Agricultural Land,28514496,-25.025508,152.379908,PRJNA322576,SAMN05170383,Not applicable
SRR3601987,SRR3601987,0,SRA,Public Data,"Australia: Bundaberg, Queensland",Australia,Agricultural Land,29677778,-25.025508,152.379908,PRJNA322576,SAMN05170389,Not applicable
SRR3601989,SRR3601989,0,SRA,Public Data,"Australia: Bundaberg, Queensland",Australia,Agricultural Land,27374540,-25.025508,152.379908,PRJNA322576,SAMN05170390,Not applicable
SRR3648004,SRR3648004rbin,2,SRA,Public Data,France,Europe,Artificial Surfaces,2770226,47.59,7.58,PRJNA324829,SAMN05215995,Not applicable
SRR3679775,SRR3679775,0,SRA,Public Data,Namibia,Africa,Bare Land,19808318,-19.0313,15.5486,PRJNA281298,SAMN05257335,Not applicable
SRR3712179,SRR3712179rbin,6,SRA,Public Data,Namibia,Africa,Bare Land,19204760,-19.0313,15.5486,PRJNA281298,SAMN05257336,Not applicable
SRR3712182,SRR3712182rbin,15,SRA,Public Data,Namibia,Africa,Bare Land,18578146,-19.0313,15.5486,PRJNA281298,SAMN05257337,Not applicable
SRR3712184,SRR3712184rbin,21,SRA,Public Data,Namibia,Africa,Bare Land,19543942,-19.0313,15.5486,PRJNA281298,SAMN05257338,Not applicable
SRR3712193,SRR3712193rbin,14,SRA,Public Data,Namibia,Africa,Bare Land,17682974,-19.0313,15.5486,PRJNA281298,SAMN05257339,Not applicable
SRR3712194,SRR3712194rbin,2,SRA,Public Data,Namibia,Africa,Bare Land,12288936,-19.0313,15.5486,PRJNA281298,SAMN05257340,Not applicable
SRR3712204,SRR3712204rbin,21,SRA,Public Data,Namibia,Africa,Bare Land,18510096,-19.0313,15.5486,PRJNA281298,SAMN05257341,Not applicable
SRR3712206,SRR3712206rbin,1,SRA,Public Data,Namibia,Africa,Bare Land,24409264,-19.0371,15.5536,PRJNA281298,SAMN05257342,Not applicable
SRR3712207,SRR3712207rbin,2,SRA,Public Data,Namibia,Africa,Bare Land,24644068,-19.0371,15.5536,PRJNA281298,SAMN05257343,Not applicable
SRR3712209,SRR3712209rbin,1,SRA,Public Data,Namibia: Etosha National Park,Africa,Bare Land,6161016,-19.0371,15.5536,PRJNA281298,SAMN05257344,Not applicable
SRR3712211,SRR3712211rbin,11,SRA,Public Data,Namibia,Africa,Bare Land,19090224,-19.0371,15.5536,PRJNA281298,SAMN05257345,Not applicable
SRR3712237,SRR3712237rbin,6,SRA,Public Data,Namibia,Africa,Bare Land,16247572,-19.0371,15.5536,PRJNA281298,SAMN05257346,Not applicable
SRR3712289,SRR3712289rbin,3,SRA,Public Data,Namibia,Africa,Bare Land,17141750,-19.0371,15.5536,PRJNA281298,SAMN05257347,Not applicable
SRR3712337,SRR3712337rbin,1,SRA,Public Data,Namibia,Africa,Bare Land,14466652,-19.0371,15.5536,PRJNA281298,SAMN05257348,Not applicable
SRR3747750,SRR3747750rbin,7,SRA,Public Data,Canada,North America,Agricultural Land,70118538,42.98,-81.24,PRJNA327808,SAMN05357635,Not applicable
SRR3747798,SRR3747798rbin,6,SRA,Public Data,Canada,North America,Agricultural Land,68701776,42.98,-81.24,PRJNA327808,SAMN05357639,Not applicable
SRR3747811,SRR3747811rbin,4,SRA,Public Data,Canada,North America,Agricultural Land,66575382,42.98,-81.24,PRJNA327808,SAMN05357640,Not applicable
SRR3747812,SRR3747812rbin,3,SRA,Public Data,Canada,North America,Agricultural Land,69626572,42.98,-81.24,PRJNA327808,SAMN05357641,Not applicable
SRR3747847,SRR3747847rbin,2,SRA,Public Data,Canada,North America,Agricultural Land,59908710,42.98,-81.24,PRJNA327808,SAMN05357642,Not applicable
SRR3929942,SRR3929942rbin,2,SRA,Public Data,China,Asia,Artificial Surfaces,27989134,23.11804081,113.4711783,PRJNA329571,SAMN05415049,Surface
SRR3954446,SRR3954446rbin,4,SRA,Public Data,"USA:Hopland, California",North America,Grassland,127731532,38.99297339,-123.0674491,PRJNA330082,SAMN05422231,Not applicable
SRR3954447,SRR3954447rbin,13,SRA,Public Data,"USA:Hopland, California",North America,Grassland,228941484,38.99297339,-123.0674491,PRJNA330082,SAMN05422231,Not applicable
SRR3954448,SRR3954448rbin,13,SRA,Public Data,"USA:Hopland, California",North America,Grassland,296950720,38.99297339,-123.0674491,PRJNA330082,SAMN05422231,Not applicable
SRR3954449,SRR3954449rbin,1,SRA,Public Data,"USA:Hopland, California",North America,Grassland,136667876,38.99297339,-123.0674491,PRJNA330082,SAMN05422231,Not applicable
SRR3954450,SRR3954450rbin,9,SRA,Public Data,"USA:Hopland, California",North America,Grassland,178522786,38.99297339,-123.0674491,PRJNA330082,SAMN05422231,Not applicable
SRR3954451,SRR3954451rbin,7,SRA,Public Data,"USA:Hopland, California",North America,Grassland,246863866,38.99297339,-123.0674491,PRJNA330082,SAMN05422231,Not applicable
SRR3954452,SRR3954452rbin,11,SRA,Public Data,"USA:Hopland, California",North America,Grassland,260584188,38.99297339,-123.0674491,PRJNA330082,SAMN05422231,Not applicable
SRR3954453,SRR3954453rbin,4,SRA,Public Data,"USA:Hopland, California",North America,Grassland,251521408,38.99297339,-123.0674491,PRJNA330082,SAMN05422231,Not applicable
SRR3954454,SRR3954454,0,SRA,Public Data,"USA:Hopland, California",North America,Grassland,60839996,38.99297339,-123.0674491,PRJNA330082,SAMN05422231,Not applicable
SRR3954455,SRR3954455rbin,9,SRA,Public Data,"USA:Hopland, California",North America,Grassland,262056302,38.99297339,-123.0674491,PRJNA330082,SAMN05422231,Not applicable
SRR3954462,SRR3954462rbin,3,SRA,Public Data,"USA:Hopland, California",North America,Grassland,193662724,38.99297339,-123.0674491,PRJNA330069,SAMN05422225,Not applicable
SRR3954463,SRR3954463rbin,3,SRA,Public Data,"USA:Hopland, California",North America,Grassland,148707254,38.99297339,-123.0674491,PRJNA330069,SAMN05422225,Not applicable
SRR3954464,SRR3954464,0,SRA,Public Data,"USA:Hopland, California",North America,Grassland,98192198,38.99297339,-123.0674491,PRJNA330069,SAMN05422225,Not applicable
SRR3954465,SRR3954465rbin,2,SRA,Public Data,"USA:Hopland, California",North America,Grassland,129034976,38.99297339,-123.0674491,PRJNA330069,SAMN05422225,Not applicable
SRR3954466,SRR3954466rbin,3,SRA,Public Data,"USA:Hopland, California",North America,Grassland,147361004,38.99297339,-123.0674491,PRJNA330069,SAMN05422225,Not applicable
SRR3954467,SRR3954467rbin,3,SRA,Public Data,"USA:Hopland, California",North America,Grassland,195246334,38.99297339,-123.0674491,PRJNA330069,SAMN05422225,Not applicable
SRR3954468,SRR3954468rbin,9,SRA,Public Data,"USA:Hopland, California",North America,Grassland,308815726,38.99297339,-123.0674491,PRJNA330069,SAMN05422225,Not applicable
SRR3954469,SRR3954469,0,SRA,Public Data,"USA:Hopland, California",North America,Grassland,46095086,38.99297339,-123.0674491,PRJNA330069,SAMN05422225,Not applicable
SRR3954470,SRR3954470rbin,8,SRA,Public Data,United States,North America,Grassland,305670974,38.99297339,-123.0674491,PRJNA330069,SAMN05422225,Not applicable
SRR3954471,SRR3954471rbin,8,SRA,Public Data,United States,North America,Grassland,307139734,38.99297339,-123.0674491,PRJNA330069,SAMN05422225,Not applicable
SRR3954472,SRR3954472rbin,7,SRA,Public Data,United States,North America,Grassland,286265592,38.99297339,-123.0674491,PRJNA330069,SAMN05422225,Not applicable
SRR3954473,SRR3954473rbin,11,SRA,Public Data,United States,North America,Grassland,286753192,38.99297339,-123.0674491,PRJNA330069,SAMN05422225,Not applicable
SRR3954474,SRR3954474rbin,8,SRA,Public Data,United States,North America,Grassland,287823864,38.99297339,-123.0674491,PRJNA330069,SAMN05422225,Not applicable
SRR3969602,SRR3969602rbin,33,SRA,Public Data,United States,North America,Artificial Surfaces,223449944,39.53,-107.78,PRJNA330111,SAMN05422154,Not applicable
SRR3969907,SRR3969907rbin,34,SRA,Public Data,United States,North America,Artificial Surfaces,210605266,39.53,-107.78,PRJNA330024,SAMN05422125,Not applicable
SRR3970034,SRR3970034rbin,47,SRA,Public Data,United States,North America,Artificial Surfaces,230012272,39.53,-107.78,PRJNA330012,SAMN05422134,Not applicable
SRR3970040,SRR3970040rbin,12,SRA,Public Data,United States,North America,Artificial Surfaces,86008990,39.53,-107.78,PRJNA330156,SAMN05422178,Not applicable
SRR3970282,SRR3970282rbin,10,SRA,Public Data,United States,North America,Artificial Surfaces,38775496,39.53,-107.78,PRJNA330011,SAMN05422135,Not applicable
SRR3971189,SRR3971189rbin,41,SRA,Public Data,United States,North America,Artificial Surfaces,218418364,39.53,-107.78,PRJNA330023,SAMN05421708,Not applicable
SRR3972132,SRR3972132rbin,92,SRA,Public Data,United States,North America,Artificial Surfaces,223553118,39.53,-107.78,PRJNA330110,SAMN05421557,Not applicable
SRR3972141,SRR3972141rbin,68,SRA,Public Data,United States,North America,Artificial Surfaces,218146510,39.53,-107.78,PRJNA330155,SAMN05422179,Not applicable
SRR3972149,SRR3972149rbin,94,SRA,Public Data,United States,North America,Artificial Surfaces,224424542,39.53,-107.78,PRJNA330109,SAMN05422155,Not applicable
SRR3972293,SRR3972293rbin,4,SRA,Public Data,Puerto Rico,North America,Forest,44351852,18,-65,PRJNA330004,SAMN05422144,Not applicable
SRR3973802,SRR3973802rbin,7,SRA,Public Data,Puerto Rico,North America,Forest,44929092,18,-65,PRJNA330108,SAMN05422161,Not applicable
SRR3974375,SRR3974375rbin,9,SRA,Public Data,Puerto Rico,North America,Forest,53880022,18,-65,PRJNA330133,SAMN05421701,Not applicable
SRR3974376,SRR3974376rbin,2,SRA,Public Data,Puerto Rico,North America,Forest,51552402,18,-65,PRJNA329998,SAMN05421912,Not applicable
SRR3974377,SRR3974377rbin,3,SRA,Public Data,Puerto Rico,North America,Forest,58082968,18,-65,PRJNA330117,SAMN05422145,Not applicable
SRR3974390,SRR3974390rbin,4,SRA,Public Data,Puerto Rico,North America,Forest,64109710,18,-65,PRJNA330114,SAMN05422227,Not applicable
SRR3975574,SRR3975574rbin,2,SRA,Public Data,Puerto Rico,North America,Forest,51848818,18,-65,PRJNA330158,SAMN05422177,Not applicable
SRR3975575,SRR3975575rbin,5,SRA,Public Data,Puerto Rico,North America,Forest,59115692,18,-65,PRJNA330159,SAMN05422176,Not applicable
SRR3975576,SRR3975576rbin,2,SRA,Public Data,Puerto Rico,North America,Forest,30767492,18,-65,PRJNA330148,SAMN05422196,Not applicable
SRR3975577,SRR3975577rbin,3,SRA,Public Data,Puerto Rico,North America,Forest,46069374,18,-65,PRJNA330147,SAMN05421897,Not applicable
SRR3977090,SRR3977090rbin,1,SRA,Public Data,United States,North America,Forest,51317526,38.88,-120.64,PRJNA330104,SAMN05422174,Not applicable
SRR3977135,SRR3977135rbin,1,SRA,Public Data,United States,North America,Forest,77267476,38.88,-120.64,PRJNA330074,SAMN05422184,Not applicable
SRR3977136,SRR3977136rbin,1,SRA,Public Data,United States,North America,Forest,52476732,38.88,-120.64,PRJNA330074,SAMN05422184,Not applicable
SRR3977137,SRR3977137rbin,5,SRA,Public Data,Puerto Rico,North America,Forest,53989566,18,-65,PRJNA330132,SAMN05422119,Not applicable
SRR3977138,SRR3977138rbin,4,SRA,Public Data,Puerto Rico,North America,Forest,49163276,18,-65,PRJNA330026,SAMN05422118,Not applicable
SRR3977139,SRR3977139,1,SRA,Public Data,United States,North America,Forest,49676752,38.88,-120.64,PRJNA330072,SAMN05421917,Not applicable
SRR3978320,SRR3978320rbin,1,SRA,Public Data,United States,North America,Forest,49337118,38.88,-120.64,PRJNA330151,SAMN05422265,Not applicable
SRR3978321,SRR3978321rbin,1,SRA,Public Data,United States,North America,Forest,49781460,38.88,-120.64,PRJNA330151,SAMN05422265,Not applicable
SRR3979411,SRR3979411rbin,1,SRA,Public Data,United States,North America,Forest,51263246,38.88,-120.64,PRJNA330146,SAMN05422197,Not applicable
SRR3979412,SRR3979412rbin,2,SRA,Public Data,United States,North America,Forest,44168140,38.88,-120.64,PRJNA330146,SAMN05422197,Not applicable
SRR3979490,SRR3979490rbin,1,SRA,Public Data,United States,North America,Forest,57218798,38.88,-120.64,PRJNA330134,SAMN05421898,Not applicable
SRR3981081,SRR3981081rbin,3,SRA,Public Data,United States,North America,Forest,73036832,38.88,-120.64,PRJNA330092,SAMN05421695,Not applicable
SRR3981082,SRR3981082rbin,1,SRA,Public Data,United States,North America,Forest,59711806,38.88,-120.64,PRJNA330092,SAMN05421695,Not applicable
SRR3981189,SRR3981189rbin,2,SRA,Public Data,United States,North America,Forest,57369950,38.88,-120.64,PRJNA330021,SAMN05422126,Not applicable
SRR3981190,SRR3981190rbin,1,SRA,Public Data,United States,North America,Forest,57541520,38.88,-120.64,PRJNA330021,SAMN05422126,Not applicable
SRR3982071,SRR3982071rbin,1,SRA,Public Data,"USA:Browns Valley, California, USA",North America,Forest,10058908,39.23550963,-121.2836963,PRJNA330144,SAMN05422198,Not applicable
SRR3982750,SRR3982750rbin,2,SRA,Public Data,"USA:Browns Valley, California, USA",North America,Forest,112145714,39.23550963,-121.2836963,PRJNA330143,SAMN05422199,Not applicable
SRR3982751,SRR3982751rbin,1,SRA,Public Data,United States,North America,Forest,144479908,39.23550963,-121.2836963,PRJNA330143,SAMN05422199,Not applicable
SRR3983528,SRR3983528,0,SRA,Public Data,United States,North America,Grassland,19386436,35.913,-79.056,PRJNA330053,SAMN05422068,Not applicable
SRR3983529,SRR3983529,0,SRA,Public Data,United States,North America,Forest,24422848,44.20517707,-122.1284473,PRJNA330025,SAMN05422124,Not applicable
SRR3983532,SRR3983532,0,SRA,Public Data,United States,North America,Grassland,17264014,35.913,-79.056,PRJNA329994,SAMN05422157,Not applicable
SRR3984564,SRR3984564rbin,1,SRA,Public Data,United States,North America,Forest,14817918,44.20517707,-122.1284473,PRJNA330142,SAMN05421702,Not applicable
SRR3984565,SRR3984565rbin,1,SRA,Public Data,United States,North America,Forest,15827692,44.20517707,-122.1284473,PRJNA330124,SAMN05421698,Not applicable
SRR3984568,SRR3984568rbin,1,SRA,Public Data,United States,North America,Grassland,15318648,39.070856,-96.582821,PRJNA330121,SAMN05421560,Not applicable
SRR3984569,SRR3984569rbin,1,SRA,Public Data,United States,North America,Grassland,11773682,39.070856,-96.582821,PRJNA330123,SAMN05422132,Not applicable
SRR3984665,SRR3984665rbin,1,SRA,Public Data,United States,North America,Grassland,14892372,39.05,-99.1,PRJNA330101,SAMN05421900,Not applicable
SRR3984666,SRR3984666rbin,1,SRA,Public Data,United States,North America,Grassland,16326662,39.070856,-96.582821,PRJNA330115,SAMN05421558,Not applicable
SRR3984668,SRR3984668rbin,1,SRA,Public Data,United States,North America,Grassland,16499948,39.53,-96.582821,PRJNA330116,SAMN05421559,Not applicable
SRR3984669,SRR3984669rbin,1,SRA,Public Data,United States,North America,Grassland,24557916,39.070856,-96.582821,PRJNA330015,SAMN05421896,Not applicable
SRR3984670,SRR3984670rbin,1,SRA,Public Data,United States,North America,Grassland,12285310,39.05,-99.1,PRJNA330102,SAMN05422181,Not applicable
SRR3984684,SRR3984684rbin,1,SRA,Public Data,United States,North America,Grassland,14789664,39.05,-99.1,PRJNA329995,SAMN05422156,Not applicable
SRR3984685,SRR3984685rbin,1,SRA,Public Data,United States,North America,Grassland,12218514,39.05,-99.1,PRJNA330120,SAMN05422228,Not applicable
SRR3984697,SRR3984697rbin,1,SRA,Public Data,United States,North America,Grassland,12470168,39.05,-99.1,PRJNA330141,SAMN05422200,Not applicable
SRR3984698,SRR3984698rbin,1,SRA,Public Data,United States,North America,Grassland,14635872,39.05,-99.1,PRJNA330100,SAMN05421696,Not applicable
SRR3984701,SRR3984701rbin,1,SRA,Public Data,United States,North America,Grassland,16293314,40.81667,-104.76667,PRJNA330051,SAMN05422086,Not applicable
SRR3984702,SRR3984702rbin,1,SRA,Public Data,United States,North America,Grassland,13111912,40.81667,-104.76667,PRJNA330048,SAMN05421709,Not applicable
SRR3984703,SRR3984703rbin,1,SRA,Public Data,United States,North America,Grassland,19279218,40.81667,-104.76667,PRJNA330029,SAMN05422201,Not applicable
SRR3984704,SRR3984704rbin,1,SRA,Public Data,United States,North America,Grassland,24277652,39.05,-99.1,PRJNA330157,SAMN05421704,Not applicable
SRR3984705,SRR3984705rbin,1,SRA,Public Data,United States,North America,Grassland,13027746,40.81667,-104.76667,PRJNA330047,SAMN05422103,Not applicable
SRR3984706,SRR3984706,0,SRA,Public Data,United States,North America,Grassland,13307214,39.05,-99.1,PRJNA330014,SAMN05422229,Not applicable
SRR3984868,SRR3984868,0,SRA,Public Data,United States,North America,Grassland,11220140,40.81667,-104.76667,PRJNA330036,SAMN05422263,Not applicable
SRR3984869,SRR3984869rbin,1,SRA,Public Data,United States,North America,Grassland,17125734,40.81667,-104.76667,PRJNA330052,SAMN05421710,Not applicable
SRR3984870,SRR3984870,0,SRA,Public Data,United States,North America,Grassland,9561872,40.81667,-104.76667,PRJNA330035,SAMN05421565,Not applicable
SRR3984885,SRR3984885rbin,20,SRA,Public Data,Canada,North America,Forest,269362730,46.42,-83.37,PRJNA330050,SAMN05422096,Not applicable
SRR3984893,SRR3984893rbin,16,SRA,Public Data,Canada,North America,Forest,270400072,46.42,-83.37,PRJNA330046,SAMN05422007,Not applicable
SRR3984957,SRR3984957rbin,17,SRA,Public Data,Canada,North America,Forest,302044464,46.42,-83.37,PRJNA330037,SAMN05422040,Not applicable
SRR3984960,SRR3984960rbin,20,SRA,Public Data,United States,North America,Tundra,61973456,71.2999,-156.61,PRJNA330286,SAMN05421610,Not applicable
SRR3984961,SRR3984961rbin,5,SRA,Public Data,United States,North America,Tundra,58617956,71.2999,-156.61,PRJNA330283,SAMN05421609,Not applicable
SRR3984962,SRR3984962rbin,26,SRA,Public Data,United States,North America,Tundra,75043024,71.2999,-156.61,PRJNA330282,SAMN05422072,Not applicable
SRR3984963,SRR3984963rbin,20,SRA,Public Data,United States,North America,Tundra,69232792,71.2999,-156.61,PRJNA330290,SAMN05422058,Not applicable
SRR3985186,SRR3985186rbin,8,SRA,Public Data,United States,North America,Tundra,63682850,71.2999,-156.61,PRJNA330287,SAMN05422254,Not applicable
SRR3985188,SRR3985188rbin,5,SRA,Public Data,United States,North America,Tundra,61283742,71.2999,-156.61,PRJNA330291,SAMN05422057,Not applicable
SRR3985190,SRR3985190rbin,18,SRA,Public Data,United States,North America,Tundra,58587508,71.2999,-156.61,PRJNA330294,SAMN05421916,Not applicable
SRR3985369,SRR3985369rbin,6,SRA,Public Data,United States,North America,Tundra,63002672,71.2999,-156.61,PRJNA330295,SAMN05421613,Not applicable
SRR3985370,SRR3985370rbin,4,SRA,Public Data,United States,North America,Tundra,60371086,71.2999,-156.61,PRJNA330303,SAMN05421614,Not applicable
SRR3985376,SRR3985376rbin,1,SRA,Public Data,United States,North America,Tundra,67261080,71.2999,-156.61,PRJNA330304,SAMN05422048,Not applicable
SRR3985382,SRR3985382rbin,8,SRA,Public Data,United States,North America,Tundra,58478962,71.2999,-156.61,PRJNA330308,SAMN05422045,Not applicable
SRR3985383,SRR3985383rbin,11,SRA,Public Data,United States,North America,Tundra,60135778,71.2999,-156.61,PRJNA330307,SAMN05422046,Not applicable
SRR3985384,SRR3985384rbin,16,SRA,Public Data,United States,North America,Tundra,60383272,71.2999,-156.61,PRJNA330310,SAMN05422044,Not applicable
SRR3985385,SRR3985385rbin,14,SRA,Public Data,United States,North America,Tundra,85790694,71.2999,-156.61,PRJNA330311,SAMN05422043,Not applicable
SRR3985388,SRR3985388rbin,8,SRA,Public Data,United States,North America,Tundra,59904416,71.2999,-156.61,PRJNA330313,SAMN05422041,Not applicable
SRR3985389,SRR3985389rbin,36,SRA,Public Data,United States,North America,Tundra,59813380,71.2999,-156.61,PRJNA330312,SAMN05422042,Not applicable
SRR3985390,SRR3985390rbin,20,SRA,Public Data,United States,North America,Tundra,65098388,71.2999,-156.61,PRJNA330277,SAMN05422239,Not applicable
SRR3985391,SRR3985391rbin,10,SRA,Public Data,United States,North America,Tundra,62627312,71.2999,-156.61,PRJNA330278,SAMN05422088,Not applicable
SRR3985394,SRR3985394rbin,13,SRA,Public Data,United States,North America,Tundra,70167620,71.2999,-156.61,PRJNA330284,SAMN05422071,Not applicable
SRR3985395,SRR3985395rbin,23,SRA,Public Data,United States,North America,Tundra,75323826,71.2999,-156.61,PRJNA330281,SAMN05421586,Not applicable
SRR3985396,SRR3985396rbin,25,SRA,Public Data,United States,North America,Tundra,52894196,71.2999,-156.61,PRJNA330279,SAMN05422087,Not applicable
SRR3985397,SRR3985397rbin,8,SRA,Public Data,United States,North America,Tundra,52074626,71.2999,-156.61,PRJNA330280,SAMN05422080,Not applicable
SRR3985418,SRR3985418rbin,13,SRA,Public Data,United States,North America,Tundra,45930080,71.2999,-156.61,PRJNA330288,SAMN05422069,Not applicable
SRR3985419,SRR3985419rbin,20,SRA,Public Data,United States,North America,Tundra,47254986,71.2999,-156.61,PRJNA330289,SAMN05422059,Not applicable
SRR3985420,SRR3985420rbin,19,SRA,Public Data,United States,North America,Tundra,51553010,71.2999,-156.61,PRJNA330285,SAMN05422070,Not applicable
SRR3985421,SRR3985421rbin,13,SRA,Public Data,United States,North America,Tundra,53693268,71.2999,-156.61,PRJNA330292,SAMN05421611,Not applicable
SRR3985424,SRR3985424rbin,16,SRA,Public Data,United States,North America,Tundra,52946306,71.2999,-156.61,PRJNA330293,SAMN05422056,Not applicable
SRR3985523,SRR3985523rbin,19,SRA,Public Data,United States,North America,Tundra,61563046,71.2999,-156.61,PRJNA330297,SAMN05422240,Not applicable
SRR3985524,SRR3985524rbin,35,SRA,Public Data,United States,North America,Tundra,63836670,71.2999,-156.61,PRJNA330302,SAMN05422049,Not applicable
SRR3985525,SRR3985525rbin,15,SRA,Public Data,United States,North America,Tundra,59253304,71.2999,-156.61,PRJNA330298,SAMN05422054,Not applicable
SRR3985526,SRR3985526rbin,16,SRA,Public Data,United States,North America,Tundra,62502740,71.2999,-156.61,PRJNA330301,SAMN05421909,Not applicable
SRR3985527,SRR3985527rbin,14,SRA,Public Data,United States,North America,Tundra,58699222,71.2999,-156.61,PRJNA330296,SAMN05422055,Not applicable
SRR3985624,SRR3985624rbin,49,SRA,Public Data,United States,North America,Tundra,64227906,71.2999,-156.61,PRJNA330305,SAMN05422250,Not applicable
SRR3985625,SRR3985625rbin,16,SRA,Public Data,United States,North America,Tundra,48895024,71.2999,-156.61,PRJNA330306,SAMN05422047,Not applicable
SRR3988231,SRR3988231rbin,4,SRA,Public Data,United States,North America,Wetland,77750392,71.3,-156.61,PRJNA330362,SAMN05421995,Not applicable
SRR3988262,SRR3988262rbin,2,SRA,Public Data,United States,North America,Agricultural Land,72107182,42.39,-85.37,PRJNA330361,SAMN05421623,Not applicable
SRR3988263,SRR3988263rbin,3,SRA,Public Data,United States,North America,Agricultural Land,62514638,42.39,-85.37,PRJNA330361,SAMN05421623,Not applicable
SRR3988264,SRR3988264rbin,15,SRA,Public Data,United States,North America,Agricultural Land,262313816,42.39,-85.37,PRJNA330361,SAMN05421623,Not applicable
SRR3988265,SRR3988265rbin,2,SRA,Public Data,United States,North America,Agricultural Land,54012418,42.39,-85.37,PRJNA330361,SAMN05421623,Not applicable
SRR3988820,SRR3988820rbin,2,SRA,Public Data,"USA:Wisconsin, United States",North America,Grassland,16225452,43.3,-89.38,PRJNA330274,SAMN05422024,Not applicable
SRR3988821,SRR3988821,0,SRA,Public Data,"USA:Wisconsin, United States",North America,Artificial Surfaces,16807930,43.3,-89.38,PRJNA330275,SAMN05421608,Not applicable
SRR3988823,SRR3988823,0,SRA,Public Data,"USA:Wisconsin, United States",North America,Artificial Surfaces,17645142,43.3,-89.38,PRJNA330273,SAMN05422025,Not applicable
SRR3988824,SRR3988824,0,SRA,Public Data,"USA:Wisconsin, United States",North America,Artificial Surfaces,17475148,43.3,-89.38,PRJNA330276,SAMN05422023,Not applicable
SRR3988832,SRR3988832,0,SRA,Public Data,"USA:Wisconsin, United States",North America,Artificial Surfaces,23696914,43.3,-89.38,PRJNA330182,SAMN05421591,Not applicable
SRR3988833,SRR3988833,0,SRA,Public Data,"USA:Wisconsin, United States",North America,Artificial Surfaces,27560074,43.3,-89.38,PRJNA330184,SAMN05421592,Not applicable
SRR3988834,SRR3988834,0,SRA,Public Data,"USA:Wisconsin, United States",North America,Artificial Surfaces,22394964,43.3,-89.38,PRJNA330197,SAMN05421570,Not applicable
SRR3988836,SRR3988836,0,SRA,Public Data,"USA:Wisconsin, United States",North America,Artificial Surfaces,27759014,43.3,-89.38,PRJNA330188,SAMN05422014,Not applicable
SRR3988838,SRR3988838,0,SRA,Public Data,"USA:Wisconsin, United States",North America,Artificial Surfaces,22719698,43.3,-89.38,PRJNA330185,SAMN05422015,Not applicable
SRR3988839,SRR3988839,0,SRA,Public Data,"USA:Wisconsin, United States",North America,Artificial Surfaces,25696910,43.3,-89.38,PRJNA330187,SAMN05422243,Not applicable
SRR3988840,SRR3988840,0,SRA,Public Data,"USA:Wisconsin, United States",North America,Artificial Surfaces,23748712,43.3,-89.38,PRJNA330195,SAMN05421891,Not applicable
SRR3988841,SRR3988841,0,SRA,Public Data,"USA:Wisconsin, United States",North America,Artificial Surfaces,25980194,43.3,-89.38,PRJNA330186,SAMN05421576,Not applicable
SRR3988842,SRR3988842,0,SRA,Public Data,"USA:Wisconsin, United States",North America,Artificial Surfaces,23981052,43.3,-89.38,PRJNA330199,SAMN05422006,Not applicable
SRR3988843,SRR3988843,0,SRA,Public Data,USA: Wisconsin,North America,Artificial Surfaces,22303906,43.3,-89.38,PRJNA330200,SAMN05421571,Not applicable
SRR3988844,SRR3988844rbin,1,SRA,Public Data,"USA:Wisconsin, United States",North America,Grassland,25448766,43.3,-89.38,PRJNA330201,SAMN05422005,Not applicable
SRR3988845,SRR3988845,0,SRA,Public Data,"USA:Wisconsin, United States",North America,Artificial Surfaces,24075524,43.3,-89.38,PRJNA330205,SAMN05421573,Not applicable
SRR3988846,SRR3988846rbin,1,SRA,Public Data,"USA:Wisconsin, United States",North America,Grassland,25699692,43.3,-89.38,PRJNA330202,SAMN05421572,Not applicable
SRR3988847,SRR3988847,0,SRA,Public Data,"USA:Wisconsin, United States",North America,Artificial Surfaces,23456660,43.3,-89.38,PRJNA330204,SAMN05422003,Not applicable
SRR3988848,SRR3988848rbin,1,SRA,Public Data,"USA:Wisconsin, United States",North America,Grassland,23764534,43.3,-89.38,PRJNA330203,SAMN05422004,Not applicable
SRR3989121,SRR3989121rbin,39,SRA,Public Data,United States,North America,Tundra,131541658,71.29055,-156.788643,PRJNA330055,SAMN05422037,Not applicable
SRR3989239,SRR3989239rbin,35,SRA,Public Data,United States,North America,Tundra,157994030,71.28381,-156.5985,PRJNA330063,SAMN05422033,Not applicable
SRR3989254,SRR3989254rbin,42,SRA,Public Data,United States,North America,Tundra,88053152,71.270939,-156.810374,PRJNA330163,SAMN05422267,Not applicable
SRR3989257,SRR3989257rbin,51,SRA,Public Data,United States,North America,Tundra,99998296,71.270939,-156.810374,PRJNA330166,SAMN05422028,Not applicable
SRR3989258,SRR3989258rbin,31,SRA,Public Data,United States,North America,Tundra,86452998,71.290884,-156.788063,PRJNA330169,SAMN05422026,Not applicable
SRR3989293,SRR3989293rbin,60,SRA,Public Data,United States,North America,Artificial Surfaces,301108464,39.53,-107.78,PRJNA330321,SAMN05421616,Not applicable
SRR3989295,SRR3989295rbin,112,SRA,Public Data,United States,North America,Artificial Surfaces,302948018,39.53,-107.78,PRJNA330323,SAMN05421993,Not applicable
SRR3989296,SRR3989296rbin,64,SRA,Public Data,United States,North America,Artificial Surfaces,312410230,39.53,-107.78,PRJNA330322,SAMN05421994,Not applicable
SRR3989297,SRR3989297rbin,73,SRA,Public Data,United States,North America,Artificial Surfaces,235946988,39.53,-107.78,PRJNA330010,SAMN05421705,Not applicable
SRR3989304,SRR3989304rbin,84,SRA,Public Data,United States,North America,Artificial Surfaces,211357604,39.53,-107.78,PRJNA330022,SAMN05421892,Not applicable
SRR3989306,SRR3989306rbin,65,SRA,Public Data,United States,North America,Artificial Surfaces,237639468,39.53,-107.78,PRJNA330099,SAMN05422182,Not applicable
SRR3989307,SRR3989307rbin,111,SRA,Public Data,United States,North America,Artificial Surfaces,280003130,39.53,-107.78,PRJNA330324,SAMN05421617,Not applicable
SRR3989309,SRR3989309rbin,60,SRA,Public Data,United States,North America,Artificial Surfaces,31712392,39.534762,-107.782602,PRJNA330349,SAMN05421978,Not applicable
SRR3989314,SRR3989314rbin,59,SRA,Public Data,United States,North America,Artificial Surfaces,39217500,39.534762,-107.782602,PRJNA330206,SAMN05422002,Not applicable
SRR3989337,SRR3989337rbin,20,SRA,Public Data,United States,North America,Artificial Surfaces,128784256,39.53,-107.78,PRJNA330330,SAMN05421989,Not applicable
SRR3989338,SRR3989338rbin,339,SRA,Public Data,United States,North America,Artificial Surfaces,265151112,39.534762,-107.782602,PRJNA330337,SAMN05421985,Not applicable
SRR3989339,SRR3989339rbin,107,SRA,Public Data,United States,North America,Artificial Surfaces,72210844,39.534762,-107.782602,PRJNA330207,SAMN05422001,Not applicable
SRR3989344,SRR3989344rbin,475,SRA,Public Data,United States,North America,Artificial Surfaces,308551418,39.534762,-107.782602,PRJNA330338,SAMN05421588,Not applicable
SRR3989430,SRR3989430rbin,143,SRA,Public Data,United States,North America,Artificial Surfaces,279328314,39.53,-107.78,PRJNA330329,SAMN05422269,Not applicable
SRR3989440,SRR3989440rbin,5,SRA,Public Data,"USA:Angelo Coastal Reserve, California, USA",North America,Grassland,74174012,39.718176,-123.652732,PRJNA329926,SAMN05421649,Not applicable
SRR3989441,SRR3989441rbin,18,SRA,Public Data,"USA:Angelo Coastal Reserve, California, USA",North America,Grassland,75284250,39.718176,-123.652732,PRJNA329927,SAMN05421922,Not applicable
SRR3989442,SRR3989442rbin,15,SRA,Public Data,"USA:Angelo Coastal Reserve, California, USA",North America,Grassland,77160282,39.718176,-123.652732,PRJNA329927,SAMN05421922,Not applicable
SRR3989449,SRR3989449rbin,16,SRA,Public Data,United States,North America,Grassland,61529532,39.718176,-123.652732,PRJNA329928,SAMN05421921,Not applicable
SRR3989454,SRR3989454rbin,17,SRA,Public Data,"USA:Angelo Coastal Reserve, California, USA",North America,Grassland,72456134,39.718176,-123.652732,PRJNA329929,SAMN05421524,Not applicable
SRR3989457,SRR3989457,0,SRA,Public Data,"USA:Wisconsin, United States",North America,Artificial Surfaces,23969012,43.3,-89.38,PRJNA329935,SAMN05421956,Not applicable
SRR3989458,SRR3989458,0,SRA,Public Data,"USA:Wisconsin, United States",North America,Artificial Surfaces,23886292,43.3,-89.38,PRJNA329934,SAMN05421526,Not applicable
SRR3989459,SRR3989459,0,SRA,Public Data,"USA:Wisconsin, United States",North America,Artificial Surfaces,23920124,43.3,-89.38,PRJNA329937,SAMN05421954,Not applicable
SRR3989466,SRR3989466,0,SRA,Public Data,"USA:Wisconsin, United States",North America,Artificial Surfaces,22529564,43.3,-89.38,PRJNA329948,SAMN05421948,Not applicable
SRR3989467,SRR3989467,0,SRA,Public Data,"USA:Wisconsin, United States",North America,Artificial Surfaces,26060900,43.3,-89.38,PRJNA329949,SAMN05421530,Not applicable
SRR3989469,SRR3989469,0,SRA,Public Data,"USA:Wisconsin, United States",North America,Artificial Surfaces,21365026,43.3,-89.38,PRJNA329946,SAMN05421949,Not applicable
SRR3989472,SRR3989472,0,SRA,Public Data,"USA:Wisconsin, United States",North America,Artificial Surfaces,23323080,43.3,-89.38,PRJNA329947,SAMN05421529,Not applicable
SRR3989475,SRR3989475rbin,15,SRA,Public Data,"USA:Angelo Coastal Reserve, California, USA",North America,Grassland,68086290,39.718176,-123.652732,PRJNA329930,SAMN05421920,Not applicable
SRR3989477,SRR3989477rbin,1,SRA,Public Data,United States,North America,Agricultural Land,51018764,39.72,-123.65,PRJNA329952,SAMN05421531,Not applicable
SRR3989483,SRR3989483,0,SRA,Public Data,"USA:Wisconsin, United States",North America,Artificial Surfaces,20273038,43.3,-89.38,PRJNA329958,SAMN05421944,Not applicable
SRR3989488,SRR3989488,0,SRA,Public Data,USA: Wisconsin,North America,Artificial Surfaces,24221820,43.3,-89.38,PRJNA329984,SAMN05421931,Not applicable
SRR3989490,SRR3989490rbin,1,SRA,Public Data,United States,North America,Agricultural Land,31092084,43.3,-89.38,PRJNA329963,SAMN05421535,Not applicable
SRR3989498,SRR3989498,0,SRA,Public Data,"USA:Wisconsin, United States",North America,Artificial Surfaces,23686842,43.3,-89.38,PRJNA329961,SAMN05422258,Not applicable
SRR3989499,SRR3989499,0,SRA,Public Data,"USA:Wisconsin, United States",North America,Artificial Surfaces,24879352,43.3,-89.38,PRJNA329960,SAMN05421534,Not applicable
SRR3989500,SRR3989500rbin,1,SRA,Public Data,United States,North America,Agricultural Land,30684784,43.3,-89.38,PRJNA329982,SAMN05421932,Not applicable
SRR3989501,SRR3989501rbin,1,SRA,Public Data,United States,North America,Agricultural Land,28448520,43.3,-89.38,PRJNA329962,SAMN05421942,Not applicable
SRR3989502,SRR3989502,0,SRA,Public Data,USA: Wisconsin,North America,Artificial Surfaces,26170966,43.3,-89.38,PRJNA329977,SAMN05421653,Not applicable
SRR3989504,SRR3989504,0,SRA,Public Data,USA: Wisconsin,North America,Artificial Surfaces,24799624,43.3,-89.38,PRJNA329981,SAMN05421661,Not applicable
SRR3989508,SRR3989508rbin,1,SRA,Public Data,United States,North America,Agricultural Land,29651182,43.3,-89.38,PRJNA330369,SAMN05421930,Not applicable
SRR3989510,SRR3989510,0,SRA,Public Data,USA: Wisconsin,North America,Artificial Surfaces,26197458,43.3,-89.38,PRJNA329972,SAMN05421937,Not applicable
SRR3989512,SRR3989512rbin,1,SRA,Public Data,USA: Wisconsin,North America,Grassland,26408952,43.3,-89.38,PRJNA329970,SAMN05421939,Not applicable
SRR3989513,SRR3989513rbin,1,SRA,Public Data,USA: Wisconsin,North America,Grassland,24689852,43.3,-89.38,PRJNA330370,SAMN05421633,Not applicable
SRR3989516,SRR3989516rbin,1,SRA,Public Data,United States,North America,Agricultural Land,28367220,43.3,-89.38,PRJNA330372,SAMN05421634,Not applicable
SRR3989517,SRR3989517,0,SRA,Public Data,USA: Wisconsin,North America,Artificial Surfaces,27777216,43.3,-89.38,PRJNA330371,SAMN05421929,Not applicable
SRR3989518,SRR3989518rbin,1,SRA,Public Data,USA: Wisconsin,North America,Grassland,27502574,43.3,-89.38,PRJNA330373,SAMN05421928,Not applicable
SRR3989519,SRR3989519rbin,1,SRA,Public Data,USA: Wisconsin,North America,Grassland,22391396,43.3,-89.38,PRJNA330374,SAMN05421927,Not applicable
SRR3989520,SRR3989520rbin,1,SRA,Public Data,USA: Wisconsin,North America,Grassland,26538860,43.3,-89.38,PRJNA330375,SAMN05421645,Not applicable
SRR3989524,SRR3989524,0,SRA,Public Data,USA: Wisconsin,North America,Artificial Surfaces,20236382,43.3,-89.38,PRJNA330380,SAMN05422260,Not applicable
SRR3989525,SRR3989525rbin,1,SRA,Public Data,USA: Wisconsin,North America,Grassland,24476358,43.3,-89.38,PRJNA330378,SAMN05421646,Not applicable
SRR3989526,SRR3989526rbin,1,SRA,Public Data,USA: Wisconsin,North America,Grassland,27081878,43.3,-89.38,PRJNA330377,SAMN05421926,Not applicable
SRR3989527,SRR3989527rbin,1,SRA,Public Data,USA: Wisconsin,North America,Grassland,28031558,43.3,-89.38,PRJNA330379,SAMN05421925,Not applicable
SRR3989544,SRR3989544rbin,1,SRA,Public Data,USA: Wisconsin,North America,Grassland,25146096,43.3,-89.38,PRJNA330389,SAMN05421658,Not applicable
SRR3989545,SRR3989545rbin,1,SRA,Public Data,USA: Wisconsin,North America,Grassland,28788070,43.3,-89.38,PRJNA330395,SAMN05422272,Not applicable
SRR3989546,SRR3989546rbin,1,SRA,Public Data,USA: Wisconsin,North America,Grassland,23456890,43.3,-89.38,PRJNA330396,SAMN05422223,Not applicable
SRR3989547,SRR3989547,0,SRA,Public Data,USA: Wisconsin,North America,Artificial Surfaces,25585664,43.3,-89.38,PRJNA330388,SAMN05422224,Not applicable
SRR3989550,SRR3989550rbin,2,SRA,Public Data,United States,North America,Agricultural Land,30733950,43.3,-89.38,PRJNA330386,SAMN05421656,Not applicable
SRR3989554,SRR3989554,0,SRA,Public Data,USA: Michigan,North America,Artificial Surfaces,22733882,42.4,-85.37,PRJNA330414,SAMN05422214,Not applicable
SRR3989557,SRR3989557rbin,1,SRA,Public Data,USA: Wisconsin,North America,Grassland,23136970,43.3,-89.38,PRJNA330387,SAMN05421657,Not applicable
SRR3989558,SRR3989558,0,SRA,Public Data,USA: Wisconsin,North America,Artificial Surfaces,21642366,43.3,-89.38,PRJNA330397,SAMN05421624,Not applicable
SRR3989561,SRR3989561rbin,2,SRA,Public Data,United States,North America,Agricultural Land,44082612,43.3,-89.38,PRJNA330398,SAMN05422222,Not applicable
SRR3989562,SRR3989562,0,SRA,Public Data,USA: Wisconsin,North America,Artificial Surfaces,18430160,43.3,-89.38,PRJNA330384,SAMN05422249,Not applicable
SRR3989564,SRR3989564,0,SRA,Public Data,USA: Michigan,North America,Artificial Surfaces,22123898,42.4,-85.37,PRJNA330406,SAMN05422218,Not applicable
SRR3989565,SRR3989565rbin,2,SRA,Public Data,USA: Michigan,North America,Grassland,40619110,42.4,-85.37,PRJNA330403,SAMN05422219,Not applicable
SRR3989566,SRR3989566,0,SRA,Public Data,USA: Michigan,North America,Artificial Surfaces,45038248,42.4,-85.37,PRJNA330402,SAMN05421498,Not applicable
SRR3989567,SRR3989567rbin,1,SRA,Public Data,USA: Michigan,North America,Grassland,34774512,42.4,-85.37,PRJNA330404,SAMN05422257,Not applicable
SRR3989568,SRR3989568,0,SRA,Public Data,USA: Michigan,North America,Artificial Surfaces,19827218,42.4,-85.37,PRJNA330415,SAMN05421500,Not applicable
SRR3989570,SRR3989570,0,SRA,Public Data,USA: Michigan,North America,Artificial Surfaces,34715778,42.4,-85.37,PRJNA330405,SAMN05422259,Not applicable
SRR3989572,SRR3989572rbin,1,SRA,Public Data,USA: Michigan,North America,Grassland,21641048,42.4,-85.37,PRJNA330418,SAMN05421628,Not applicable
SRR3989575,SRR3989575,0,SRA,Public Data,USA: Michigan,North America,Artificial Surfaces,19782376,42.4,-85.37,PRJNA330417,SAMN05422213,Not applicable
SRR3989578,SRR3989578,0,SRA,Public Data,USA: Michigan,North America,Artificial Surfaces,19913946,42.4,-85.37,PRJNA330407,SAMN05422217,Not applicable
SRR3989580,SRR3989580rbin,1,SRA,Public Data,USA: Michigan,North America,Grassland,15455166,42.4,-85.37,PRJNA330411,SAMN05421905,Not applicable
SRR3989592,SRR3989592rbin,1,SRA,Public Data,USA: Wisconsin,North America,Grassland,23546736,43.56,-89.32,PRJNA330422,SAMN05428636,Not applicable
SRR3989618,SRR3989618rbin,3,SRA,Public Data,USA: Wisconsin,North America,Grassland,24496026,43.42,89.4,PRJNA330427,SAMN05422210,Not applicable
SRR3989619,SRR3989619,0,SRA,Public Data,USA: Wisconsin,North America,Grassland,26627358,43.42,89.4,PRJNA330430,SAMN05422256,Not applicable
SRR3989628,SRR3989628rbin,3,SRA,Public Data,USA: Wisconsin,North America,Grassland,26962234,43.42,-89.4,PRJNA330428,SAMN05428646,Not applicable
SRR3989634,SRR3989634,0,SRA,Public Data,USA: Wisconsin,North America,Grassland,23807254,43.42,89.33,PRJNA330432,SAMN05422244,Not applicable
SRR3989699,SRR3989699rbin,1,SRA,Public Data,China,Asia,Agricultural Land,42575878,43.3,-89.38,PRJNA330436,SAMN05422203,Not applicable
SRR3989701,SRR3989701rbin,3,SRA,Public Data,USA: Wisconsin,North America,Grassland,23385230,43.42,-89.33,PRJNA330433,SAMN05428645,Not applicable
SRR3989705,SRR3989705rbin,1,SRA,Public Data,China,Asia,Agricultural Land,46003816,43.42,89.32,PRJNA330438,SAMN05422202,Not applicable
SRR3990167,SRR3990167rbin,203,SRA,Public Data,United States,North America,Artificial Surfaces,264354396,39.534762,-107.782602,PRJNA330336,SAMN05421986,Not applicable
SRR3990168,SRR3990168rbin,134,SRA,Public Data,United States,North America,Artificial Surfaces,292032686,39.53,-107.78,PRJNA330328,SAMN05421618,Not applicable
SRR3990169,SRR3990169rbin,182,SRA,Public Data,United States,North America,Artificial Surfaces,293127614,39.534762,-107.782602,PRJNA330333,SAMN05421887,Not applicable
SRR3990170,SRR3990170rbin,69,SRA,Public Data,United States,North America,Artificial Surfaces,229154390,39.53,-107.78,PRJNA330331,SAMN05421619,Not applicable
SRR3990171,SRR3990171rbin,119,SRA,Public Data,United States,North America,Artificial Surfaces,285797216,39.53,-107.78,PRJNA330325,SAMN05421992,Not applicable
SRR3990172,SRR3990172rbin,121,SRA,Public Data,United States,North America,Artificial Surfaces,254612632,39.534762,-107.782602,PRJNA330327,SAMN05421990,Not applicable
SRR3990173,SRR3990173rbin,86,SRA,Public Data,United States,North America,Artificial Surfaces,271554400,39.534762,-107.782602,PRJNA330332,SAMN05421988,Not applicable
SRR3990174,SRR3990174rbin,104,SRA,Public Data,United States,North America,Artificial Surfaces,273858632,39.534762,-107.782602,PRJNA330326,SAMN05421991,Not applicable
SRR400291,SRR400291rebin,3,SRA,Public Data,United States,North America,Grassland,119750052,39.53,-107.78,NA,SAMN00736155,Not applicable
SRR4021130,SRR4021130rbin,1,SRA,Public Data,United States,North America,Forest,48830206,42.550409,-72.180244,PRJNA336383,SAMN05518308,Not applicable
SRR4022079,SRR4022079rbin,3,SRA,Public Data,United States,North America,Forest,14947092,42.471116,-72.17263,PRJNA336409,SAMN05518402,Not applicable
SRR4022080,SRR4022080,0,SRA,Public Data,United States,North America,Forest,14611078,42.471116,-72.17263,PRJNA336410,SAMN05518693,Not applicable
SRR4022081,SRR4022081rbin,3,SRA,Public Data,United States,North America,Forest,25705744,42.532967,-72.209488,PRJNA336389,SAMN05518324,Not applicable
SRR4022082,SRR4022082,0,SRA,Public Data,United States,North America,Forest,24786484,42.532967,-72.209488,PRJNA336388,SAMN05518696,Not applicable
SRR4022083,SRR4022083,0,SRA,Public Data,United States,North America,Forest,15267668,42.550409,-72.180244,PRJNA336415,SAMN05518482,Not applicable
SRR4022084,SRR4022084rbin,3,SRA,Public Data,United States,North America,Forest,20396722,42.471116,-72.17263,PRJNA336403,SAMN05518318,Not applicable
SRR4022085,SRR4022085,0,SRA,Public Data,United States,North America,Forest,16408566,42.532967,-72.209488,PRJNA336397,SAMN05518320,Not applicable
SRR4022086,SRR4022086rbin,3,SRA,Public Data,United States,North America,Forest,23717758,42.532967,-72.209488,PRJNA336387,SAMN05518325,Not applicable
SRR4022087,SRR4022087rbin,3,SRA,Public Data,United States,North America,Forest,18805960,42.532967,-72.209488,PRJNA336396,SAMN05518321,Not applicable
SRR4022088,SRR4022088rbin,3,SRA,Public Data,United States,North America,Forest,26458112,42.532967,-72.209488,PRJNA336327,SAMN05518699,Not applicable
SRR4022089,SRR4022089rbin,2,SRA,Public Data,United States,North America,Forest,18147528,42.532967,-72.209488,PRJNA336398,SAMN05518689,Not applicable
SRR4022090,SRR4022090,0,SRA,Public Data,United States,North America,Forest,29905100,42.532967,-72.180244,PRJNA336386,SAMN05518413,Not applicable
SRR4022091,SRR4022091rbin,3,SRA,Public Data,United States,North America,Forest,30960312,42.532967,-72.209488,PRJNA336390,SAMN05518686,Not applicable
SRR4022092,SRR4022092rbin,1,SRA,Public Data,United States,North America,Forest,27261838,42.532967,-72.209488,PRJNA336391,SAMN05518323,Not applicable
SRR4022093,SRR4022093,0,SRA,Public Data,United States,North America,Forest,19033224,42.471116,-72.17263,PRJNA336404,SAMN05518479,Not applicable
SRR4022094,SRR4022094,0,SRA,Public Data,United States,North America,Forest,14833398,42.471116,-72.17263,PRJNA336408,SAMN05518692,Not applicable
SRR4022095,SRR4022095rbin,1,SRA,Public Data,United States,North America,Forest,26323002,42.532967,-72.209488,PRJNA336429,SAMN05518478,Not applicable
SRR4022096,SRR4022096rbin,1,SRA,Public Data,United States,North America,Forest,19096480,42.532967,-72.209488,PRJNA336395,SAMN05518688,Not applicable
SRR4022097,SRR4022097rbin,1,SRA,Public Data,United States,North America,Forest,29360612,42.532967,-72.209488,PRJNA336392,SAMN05518687,Not applicable
SRR4022098,SRR4022098,0,SRA,Public Data,United States,North America,Forest,15734140,42.471116,-72.17263,PRJNA336399,SAMN05518056,Not applicable
SRR4022099,SRR4022099,0,SRA,Public Data,United States,North America,Forest,16664144,42.471116,-72.17263,PRJNA336402,SAMN05518691,Not applicable
SRR4022100,SRR4022100,0,SRA,Public Data,United States,North America,Forest,27991684,42.532967,-72.209488,PRJNA336428,SAMN05518397,Not applicable
SRR4022101,SRR4022101rbin,1,SRA,Public Data,United States,North America,Forest,20154808,42.471116,-72.17263,PRJNA336406,SAMN05518480,Not applicable
SRR4022102,SRR4022102rbin,3,SRA,Public Data,United States,North America,Forest,26775136,42.532967,-72.209488,PRJNA336393,SAMN05518055,Not applicable
SRR4022103,SRR4022103rbin,1,SRA,Public Data,United States,North America,Forest,18750270,42.471116,-72.17263,PRJNA336400,SAMN05518690,Not applicable
SRR4022104,SRR4022104rbin,1,SRA,Public Data,United States,North America,Forest,14787536,42.532967,-72.17263,PRJNA336407,SAMN05518316,Not applicable
SRR4022105,SRR4022105,0,SRA,Public Data,United States,North America,Forest,19255006,42.471116,-72.17263,PRJNA336401,SAMN05518319,Not applicable
SRR4022109,SRR4022109,0,SRA,Public Data,United States,North America,Forest,14836254,42.471116,-72.17263,PRJNA336413,SAMN05518481,Not applicable
SRR4022110,SRR4022110,0,SRA,Public Data,United States,North America,Forest,14796678,42.471116,-72.17263,PRJNA336411,SAMN05518697,Not applicable
SRR4022140,SRR4022140,0,SRA,Public Data,United States,North America,Forest,15301484,42.550409,-72.180244,PRJNA336416,SAMN05518313,Not applicable
SRR4022142,SRR4022142,0,SRA,Public Data,United States,North America,Forest,16430150,42.550409,-72.180244,PRJNA336417,SAMN05518483,Not applicable
SRR4022143,SRR4022143,0,SRA,Public Data,United States,North America,Forest,17769164,42.532967,-72.209488,PRJNA336414,SAMN05518314,Not applicable
SRR4022147,SRR4022147rbin,1,SRA,Public Data,United States,North America,Forest,30762976,42.550409,-72.180244,PRJNA336424,SAMN05518310,Not applicable
SRR4022148,SRR4022148rbin,1,SRA,Public Data,United States,North America,Forest,32072176,42.550409,-72.180244,PRJNA336384,SAMN05518698,Not applicable
SRR4022149,SRR4022149rbin,1,SRA,Public Data,United States,North America,Forest,32589410,42.550409,-72.180244,PRJNA336423,SAMN05518493,Not applicable
SRR4022152,SRR4022152,0,SRA,Public Data,United States,North America,Forest,25918144,42.550409,-72.180244,PRJNA336421,SAMN05518694,Not applicable
SRR4022153,SRR4022153rbin,1,SRA,Public Data,United States,North America,Forest,28937258,42.550409,-72.180244,PRJNA336426,SAMN05518412,Not applicable
SRR4022155,SRR4022155rbin,1,SRA,Public Data,United States,North America,Forest,30950718,42.550409,-72.180244,PRJNA336425,SAMN05518504,Not applicable
SRR4022156,SRR4022156rbin,1,SRA,Public Data,United States,North America,Forest,29181084,42.550409,-72.180244,PRJNA336420,SAMN05518312,Not applicable
SRR4022159,SRR4022159,0,SRA,Public Data,United States,North America,Forest,27921922,42.550409,-72.180244,PRJNA336427,SAMN05518695,Not applicable
SRR4022160,SRR4022160rbin,1,SRA,Public Data,United States,North America,Forest,31792886,42.550409,-72.180244,PRJNA336422,SAMN05518311,Not applicable
SRR4026205,SRR4026205rbin,3,SRA,Public Data,United States,North America,Agricultural Land,63807254,43.303333,-89.3325,PRJNA337737,SAMN05518082,Not applicable
SRR4026206,SRR4026206rbin,1,SRA,Public Data,United States,North America,Agricultural Land,61853528,43.303333,-89.3325,PRJNA337737,SAMN05518082,Not applicable
SRR4026207,SRR4026207rbin,1,SRA,Public Data,United States,North America,Agricultural Land,61436040,43.303333,-89.3325,PRJNA337737,SAMN05518082,Not applicable
SRR4026208,SRR4026208rbin,1,SRA,Public Data,United States,North America,Agricultural Land,62241516,43.303333,-89.3325,PRJNA337737,SAMN05518082,Not applicable
SRR4026209,SRR4026209rbin,1,SRA,Public Data,United States,North America,Agricultural Land,62992566,43.303333,-89.3325,PRJNA337737,SAMN05518082,Not applicable
SRR4027028,SRR4027028rbin,2,SRA,Public Data,United States,North America,Grassland,46156544,43.312222,-89.370833,PRJNA337680,SAMN05518036,Not applicable
SRR4027029,SRR4027029rbin,2,SRA,Public Data,United States,North America,Grassland,45517524,43.312222,-89.370833,PRJNA337680,SAMN05518036,Not applicable
SRR4027030,SRR4027030rbin,1,SRA,Public Data,United States,North America,Grassland,45383736,43.312222,-89.370833,PRJNA337680,SAMN05518036,Not applicable
SRR4027031,SRR4027031rbin,1,SRA,Public Data,United States,North America,Grassland,46696384,43.312222,-89.370833,PRJNA337680,SAMN05518036,Not applicable
SRR4027032,SRR4027032rbin,1,SRA,Public Data,United States,North America,Grassland,37878362,43.312222,-89.370833,PRJNA337680,SAMN05518036,Not applicable
SRR4027034,SRR4027034rbin,1,SRA,Public Data,United States,North America,Grassland,54392724,43.312222,-89.370833,PRJNA337680,SAMN05518036,Not applicable
SRR4027035,SRR4027035rbin,5,SRA,Public Data,United States,North America,Grassland,113372508,43.312222,-89.370833,PRJNA337680,SAMN05518036,Not applicable
SRR4027036,SRR4027036rbin,5,SRA,Public Data,United States,North America,Grassland,111363124,43.312222,-89.370833,PRJNA337680,SAMN05518036,Not applicable
SRR4027037,SRR4027037rbin,4,SRA,Public Data,United States,North America,Grassland,115113278,43.312222,-89.370833,PRJNA337680,SAMN05518036,Not applicable
SRR4027038,SRR4027038rbin,5,SRA,Public Data,United States,North America,Grassland,101458526,43.312222,-89.370833,PRJNA337680,SAMN05518036,Not applicable
SRR4027039,SRR4027039rbin,4,SRA,Public Data,United States,North America,Grassland,114424306,43.312222,-89.370833,PRJNA337680,SAMN05518036,Not applicable
SRR4027040,SRR4027040rbin,6,SRA,Public Data,United States,North America,Grassland,113623528,43.312222,-89.370833,PRJNA337680,SAMN05518036,Not applicable
SRR4027041,SRR4027041rbin,6,SRA,Public Data,United States,North America,Grassland,105846926,43.312222,-89.370833,PRJNA337680,SAMN05518036,Not applicable
SRR4027042,SRR4027042rbin,4,SRA,Public Data,United States,North America,Grassland,106742184,43.312222,-89.370833,PRJNA337680,SAMN05518036,Not applicable
SRR4027043,SRR4027043rbin,4,SRA,Public Data,United States,North America,Grassland,105164902,43.312222,-89.370833,PRJNA337680,SAMN05518036,Not applicable
SRR4027044,SRR4027044rbin,4,SRA,Public Data,United States,North America,Grassland,52811624,43.312222,-89.370833,PRJNA337680,SAMN05518036,Not applicable
SRR4027045,SRR4027045rbin,3,SRA,Public Data,United States,North America,Grassland,105573492,43.312222,-89.370833,PRJNA337680,SAMN05518036,Not applicable
SRR4027046,SRR4027046rbin,4,SRA,Public Data,United States,North America,Grassland,107511236,43.312222,-89.370833,PRJNA337680,SAMN05518036,Not applicable
SRR4027567,SRR4027567rbin,4,SRA,Public Data,United States,North America,Agricultural Land,71256202,39.0042816,-77.1012173,PRJNA336855,SAMN05518500,Not applicable
SRR4027568,SRR4027568rbin,3,SRA,Public Data,United States,North America,Agricultural Land,67197546,39.0042816,-77.1012173,PRJNA336855,SAMN05518500,Not applicable
SRR4027569,SRR4027569rbin,4,SRA,Public Data,United States,North America,Agricultural Land,74284204,39.0042816,-77.1012173,PRJNA336855,SAMN05518500,Not applicable
SRR4027570,SRR4027570rbin,3,SRA,Public Data,United States,North America,Agricultural Land,70249360,39.0042816,-77.1012173,PRJNA336855,SAMN05518500,Not applicable
SRR4027571,SRR4027571rbin,4,SRA,Public Data,United States,North America,Agricultural Land,73780986,39.0042816,-77.1012173,PRJNA336855,SAMN05518500,Not applicable
SRR4027572,SRR4027572rbin,2,SRA,Public Data,United States,North America,Agricultural Land,71742582,39.0042816,-77.1012173,PRJNA336855,SAMN05518500,Not applicable
SRR4027573,SRR4027573rbin,1,SRA,Public Data,United States,North America,Agricultural Land,45127746,39.0042816,-77.1012173,PRJNA336855,SAMN05518500,Not applicable
SRR4027576,SRR4027576rbin,4,SRA,Public Data,United States,North America,Agricultural Land,73738612,39.0042816,-77.1012173,PRJNA336855,SAMN05518500,Not applicable
SRR4027577,SRR4027577rbin,3,SRA,Public Data,United States,North America,Agricultural Land,77172350,39.0042816,-77.1012173,PRJNA336855,SAMN05518500,Not applicable
SRR4027578,SRR4027578rbin,5,SRA,Public Data,United States,North America,Agricultural Land,71509984,39.0042816,-77.1012173,PRJNA336855,SAMN05518500,Not applicable
SRR4027579,SRR4027579rbin,4,SRA,Public Data,United States,North America,Agricultural Land,77899576,39.0042816,-77.1012173,PRJNA336855,SAMN05518500,Not applicable
SRR4027580,SRR4027580rbin,3,SRA,Public Data,United States,North America,Agricultural Land,74889872,39.0042816,-77.1012173,PRJNA336855,SAMN05518500,Not applicable
SRR4027581,SRR4027581rbin,1,SRA,Public Data,United States,North America,Agricultural Land,67373042,39.0042816,-77.1012173,PRJNA336855,SAMN05518500,Not applicable
SRR4027582,SRR4027582rbin,5,SRA,Public Data,United States,North America,Agricultural Land,72968376,39.0042816,-77.1012173,PRJNA336855,SAMN05518500,Not applicable
SRR4027583,SRR4027583rbin,1,SRA,Public Data,United States,North America,Grassland,43985472,39.0042816,-77.1012173,PRJNA336855,SAMN05518500,Not applicable
SRR4027584,SRR4027584rbin,1,SRA,Public Data,United States,North America,Grassland,43342632,39.0042816,-77.1012173,PRJNA336855,SAMN05518500,Not applicable
SRR4027585,SRR4027585rbin,1,SRA,Public Data,United States,North America,Grassland,42787540,39.0042816,-77.1012173,PRJNA336855,SAMN05518500,Not applicable
SRR4027586,SRR4027586rbin,1,SRA,Public Data,United States,North America,Grassland,42885584,39.0042816,-77.1012173,PRJNA336855,SAMN05518500,Not applicable
SRR4027587,SRR4027587rbin,1,SRA,Public Data,United States,North America,Grassland,42724874,39.0042816,-77.1012173,PRJNA336855,SAMN05518500,Not applicable
SRR4027588,SRR4027588rbin,1,SRA,Public Data,United States,North America,Grassland,43608944,39.0042816,-77.1012173,PRJNA336855,SAMN05518500,Not applicable
SRR4027589,SRR4027589rbin,1,SRA,Public Data,United States,North America,Grassland,40192672,39.0042816,-77.1012173,PRJNA336855,SAMN05518500,Not applicable
SRR4027590,SRR4027590rbin,1,SRA,Public Data,United States,North America,Grassland,40402922,39.0042816,-77.1012173,PRJNA336855,SAMN05518500,Not applicable
SRR4027591,SRR4027591rbin,1,SRA,Public Data,United States,North America,Grassland,40417240,39.0042816,-77.1012173,PRJNA336855,SAMN05518500,Not applicable
SRR4030041,SRR4030041rbin,13,SRA,Public Data,United States,North America,Artificial Surfaces,50112938,39.55,-107.97,PRJNA330071,SAMN05421554,Not applicable
SRR4030042,SRR4030042rbin,62,SRA,Public Data,United States,North America,Artificial Surfaces,200083300,39.55,-107.97,PRJNA330071,SAMN05421554,Not applicable
SRR4030043,SRR4030043rbin,17,SRA,Public Data,United States,North America,Artificial Surfaces,61764618,39.55,-107.97,PRJNA330071,SAMN05421554,Not applicable
SRR4030066,SRR4030066rbin,12,SRA,Public Data,United States,North America,Artificial Surfaces,75740318,39.55,-107.97,PRJNA330098,SAMN05422193,Not applicable
SRR4030068,SRR4030068rbin,83,SRA,Public Data,United States,North America,Artificial Surfaces,285717762,39.55,-107.97,PRJNA330070,SAMN05422105,Not applicable
SRR4030081,SRR4030081rbin,1,SRA,Public Data,United States,North America,Forest,54453634,38.88,-120.64,PRJNA330146,SAMN05422197,Not applicable
SRR4051794,SRR4051794rbin,7,SRA,Public Data,United States,North America,Grassland,153249146,38.99297339,-123.0674491,PRJNA330082,SAMN05422231,Not applicable
SRR4051795,SRR4051795rbin,2,SRA,Public Data,United States,North America,Grassland,184265666,38.99297339,-123.0674491,PRJNA330082,SAMN05422231,Not applicable
SRR4051812,SRR4051812rbin,8,SRA,Public Data,United States,North America,Grassland,177578282,38.99297339,-123.0674491,PRJNA330069,SAMN05422225,Not applicable
SRR4241755,SRR4241755rbin,8,SRA,Public Data,United States,North America,Grassland,138132810,43.44,-92.38,PRJNA342239,SAMN05751211,Not applicable
SRR4249926,SRR4249926,0,SRA,Public Data,Canada,North America,Forest,22545054,45.68,-72,PRJNA343121,SAMN05767920,Not applicable
SRR4249927,SRR4249927,0,SRA,Public Data,Canada,North America,Forest,27931172,45.68,-72,PRJNA343121,SAMN05767921,Not applicable
SRR4249928,SRR4249928,0,SRA,Public Data,Canada,North America,Forest,25398472,45.68,-72,PRJNA343121,SAMN05767922,Not applicable
SRR4249929,SRR4249929,0,SRA,Public Data,Canada,North America,Forest,28413746,45.68,-72,PRJNA343121,SAMN05767923,Not applicable
SRR4249930,SRR4249930,0,SRA,Public Data,Canada,North America,Forest,21852258,45.68,-72,PRJNA343121,SAMN05767924,Not applicable
SRR4289284,SRR4289284rbin,1,SRA,Public Data,China,Asia,Forest,67316566,36.04,108.32,PRJNA343355,SAMN05786375,Not applicable
SRR4289285,SRR4289285rbin,1,SRA,Public Data,China,Asia,Forest,67336582,36.04,108.32,PRJNA343355,SAMN05786376,Not applicable
SRR4289287,SRR4289287rbin,3,SRA,Public Data,China,Asia,Forest,85713420,36.02,108.31,PRJNA343355,SAMN05786378,Not applicable
SRR4289288,SRR4289288rbin,3,SRA,Public Data,China,Asia,Forest,65584060,36.02,108.31,PRJNA343355,SAMN05786379,Not applicable
SRR4289289,SRR4289289rbin,3,SRA,Public Data,China,Asia,Forest,66435296,36.02,108.31,PRJNA343355,SAMN05786380,Not applicable
SRR4289290,SRR4289290rbin,2,SRA,Public Data,China,Asia,Forest,65798034,36.02,108.32,PRJNA343355,SAMN05786381,Not applicable
SRR4289291,SRR4289291rbin,2,SRA,Public Data,China,Asia,Forest,66952490,36.02,108.32,PRJNA343355,SAMN05786382,Not applicable
SRR4289292,SRR4289292rbin,3,SRA,Public Data,China,Asia,Forest,58288214,36.02,108.32,PRJNA343355,SAMN05786383,Not applicable
SRR5035371,SRR5035371rbin,4,SRA,Public Data,Germany,Europe,Forest,27826548,50.8,8.812,PRJNA352707,SAMN05991020,Not applicable
SRR5127900,SRR5127900rbin,1,SRA,Public Data,China,Asia,Agricultural Land,60501678,45.41,126.45,PRJNA356667,SAMN06114544,Not applicable
SRR5130478,SRR5130478,0,SRA,Public Data,China,Asia,Agricultural Land,54632112,45.41,126.45,PRJNA356667,SAMN06114544,Not applicable
SRR5130604,SRR5130604,0,SRA,Public Data,China,Asia,Agricultural Land,59816030,45.41,126.45,PRJNA356667,SAMN06114544,Not applicable
SRR5133178,SRR5133178rbin,19,SRA,Public Data,China,Asia,Agricultural Land,166184562,23.619323,116.87216,PRJNA356321,SAMN06092822,Not applicable
SRR5133179,SRR5133179rbin,15,SRA,Public Data,China,Asia,Agricultural Land,173366478,23.621002,116.871869,PRJNA356321,SAMN06092823,Not applicable
SRR5152881,SRR5152881rbin,1,SRA,Public Data,China,Asia,Agricultural Land,60922822,45.41,126.45,PRJNA360469,SAMN06114544,Not applicable
SRR5152911,SRR5152911,0,SRA,Public Data,China,Asia,Agricultural Land,59112684,45.41,126.45,PRJNA360469,SAMN06114544,Not applicable
SRR5152955,SRR5152955rbin,1,SRA,Public Data,China,Asia,Agricultural Land,59916328,45.41,126.45,PRJNA360469,SAMN06114544,Not applicable
SRR5153238,SRR5153238rbin,1,SRA,Public Data,China,Asia,Agricultural Land,54302546,45.41,126.45,PRJNA360469,SAMN06114544,Not applicable
SRR5177928,SRR5177928rbin,13,SRA,Public Data,China,Asia,Agricultural Land,163715424,23.622873,116.81516,PRJNA356321,SAMN06092825,Not applicable
SRR5177929,SRR5177929rbin,33,SRA,Public Data,China,Asia,Agricultural Land,153617318,23.624572,116.811869,PRJNA356321,SAMN06092824,Not applicable
SRR5195106,SRR5195106rbin,17,SRA,Public Data,United States,North America,Agricultural Land,195194036,26.17,-97.96,PRJNA362455,SAMN06239031,Not applicable
SRR5195107,SRR5195107rbin,16,SRA,Public Data,United States,North America,Agricultural Land,172744720,26.17,-97.96,PRJNA362455,SAMN06239030,Not applicable
SRR5195108,SRR5195108rbin,16,SRA,Public Data,United States,North America,Agricultural Land,202871950,28.11,-81.71,PRJNA362455,SAMN06239029,Not applicable
SRR5195109,SRR5195109rbin,33,SRA,Public Data,United States,North America,Agricultural Land,185552038,28.11,-81.71,PRJNA362455,SAMN06239028,Not applicable
SRR5195110,SRR5195110rbin,9,SRA,Public Data,United States,North America,Agricultural Land,203834218,33.89,-117.42,PRJNA362455,SAMN06239027,Not applicable
SRR5195111,SRR5195111rbin,10,SRA,Public Data,United States,North America,Agricultural Land,196359440,33.89,-117.42,PRJNA362455,SAMN06239026,Not applicable
SRR5195112,SRR5195112rbin,32,SRA,Public Data,Spain,Europe,Agricultural Land,195842596,39.58,-0.36,PRJNA362455,SAMN06239025,Not applicable
SRR5195114,SRR5195114rbin,38,SRA,Public Data,Spain,Europe,Agricultural Land,204280300,37.51,-5.81,PRJNA362455,SAMN06239023,Not applicable
SRR5195115,SRR5195115rbin,37,SRA,Public Data,Spain,Europe,Agricultural Land,186777956,37.51,-5.81,PRJNA362455,SAMN06239022,Not applicable
SRR5195116,SRR5195116rbin,17,SRA,Public Data,South Africa,Africa,Agricultural Land,203321116,-25.44,30.99,PRJNA362455,SAMN06239021,Not applicable
SRR5195117,SRR5195117rbin,40,SRA,Public Data,South Africa,Africa,Agricultural Land,200495474,-25.77,27.61,PRJNA362455,SAMN06239020,Not applicable
SRR5195118,SRR5195118rbin,43,SRA,Public Data,South Africa,Africa,Agricultural Land,202968060,-24.36,30.72,PRJNA362455,SAMN06239019,Not applicable
SRR5195119,SRR5195119rbin,16,SRA,Public Data,Italy,Europe,Agricultural Land,197432436,37.49,14.81,PRJNA362455,SAMN06239018,Not applicable
SRR5195121,SRR5195121rbin,15,SRA,Public Data,Italy,Europe,Agricultural Land,192685554,37.28,14.88,PRJNA362455,SAMN06239016,Not applicable
SRR5195123,SRR5195123rbin,10,SRA,Public Data,Italy,Europe,Agricultural Land,188520716,38.28,16.24,PRJNA362455,SAMN06239014,Not applicable
SRR5195124,SRR5195124rbin,6,SRA,Public Data,Italy,Europe,Agricultural Land,182097702,38.28,16.24,PRJNA362455,SAMN06239013,Not applicable
SRR5195126,SRR5195126rbin,11,SRA,Public Data,Reunion,Africa,Agricultural Land,196032702,-21.35,55.57,PRJNA362455,SAMN06239011,Not applicable
SRR5195127,SRR5195127rbin,24,SRA,Public Data,Reunion,Africa,Agricultural Land,198725224,-21.34,55.56,PRJNA362455,SAMN06239010,Not applicable
SRR5195129,SRR5195129rbin,34,SRA,Public Data,Reunion,Africa,Agricultural Land,197363592,-21.2,55.53,PRJNA362455,SAMN06239008,Not applicable
SRR5195131,SRR5195131rbin,21,SRA,Public Data,China,Asia,Agricultural Land,188800198,25.46,114.52,PRJNA362455,SAMN06239006,Not applicable
SRR5195132,SRR5195132rbin,18,SRA,Public Data,China,Asia,Agricultural Land,197609194,25.46,114.52,PRJNA362455,SAMN06239005,Not applicable
SRR5195133,SRR5195133rbin,20,SRA,Public Data,China,Asia,Agricultural Land,197804646,23.07,108.18,PRJNA362455,SAMN06239004,Not applicable
SRR5195135,SRR5195135rbin,30,SRA,Public Data,China,Asia,Agricultural Land,189565214,23.64,112.82,PRJNA362455,SAMN06239002,Not applicable
SRR5195136,SRR5195136rbin,25,SRA,Public Data,China,Asia,Agricultural Land,194087094,23.64,112.82,PRJNA362455,SAMN06239001,Not applicable
SRR5195137,SRR5195137rbin,18,SRA,Public Data,Argentina,South America,Agricultural Land,196971702,-26.240738,-54.1545975,PRJNA362455,SAMN06239000,Not applicable
SRR5195138,SRR5195138rbin,10,SRA,Public Data,Argentina,South America,Agricultural Land,192747456,-26.240738,-54.1545975,PRJNA362455,SAMN06238999,Not applicable
SRR5195139,SRR5195139rbin,12,SRA,Public Data,Argentina,South America,Agricultural Land,198124666,-26.240738,-54.1545975,PRJNA362455,SAMN06238998,Not applicable
SRR5195140,SRR5195140rbin,12,SRA,Public Data,Argentina,South America,Agricultural Land,197413576,-26.240738,-54.1545975,PRJNA362455,SAMN06238997,Not applicable
SRR5195141,SRR5195141rbin,14,SRA,Public Data,Argentina,South America,Agricultural Land,197906288,-26.240738,-54.1545975,PRJNA362455,SAMN06238996,Not applicable
SRR5195142,SRR5195142rbin,11,SRA,Public Data,Argentina,South America,Agricultural Land,198120168,-26.240738,-54.1545975,PRJNA362455,SAMN06238995,Not applicable
SRR5195143,SRR5195143rbin,26,SRA,Public Data,AUnited Statestralia,Australia,Agricultural Land,206089498,-25.59,151.3,PRJNA362455,SAMN06238994,Not applicable
SRR5195144,SRR5195144rbin,26,SRA,Public Data,AUnited Statestralia,Australia,Agricultural Land,189457918,-25.59,151.3,PRJNA362455,SAMN06238993,Not applicable
SRR5195145,SRR5195145rbin,18,SRA,Public Data,AUnited Statestralia,Australia,Agricultural Land,204722492,-37.17,146.22,PRJNA362455,SAMN06238992,Not applicable
SRR5195146,SRR5195146rbin,12,SRA,Public Data,AUnited Statestralia,Australia,Agricultural Land,191423404,-37.17,146.22,PRJNA362455,SAMN06238991,Not applicable
SRR5195147,SRR5195147rbin,13,SRA,Public Data,AUnited Statestralia,Australia,Agricultural Land,203078070,-34.18,142.15,PRJNA362455,SAMN06238990,Not applicable
SRR5195148,SRR5195148rbin,13,SRA,Public Data,AUnited Statestralia,Australia,Agricultural Land,191902098,-34.18,142.15,PRJNA362455,SAMN06238989,Not applicable
SRR5204862,SRR5204862rbin,3,SRA,Public Data,United States,North America,Grassland,57861166,39.7392,-123.6308,PRJNA365672,SAMN06266446,0.1 m
SRR5204863,SRR5204863rbin,6,SRA,Public Data,United States,North America,Grassland,77344974,39.7392,-123.6308,PRJNA365672,SAMN06266446,0.1 m
SRR5205085,SRR5205085rbin,11,SRA,Public Data,United States,North America,Grassland,91232044,39.7392,-123.6308,PRJNA365692,SAMN06266388,0.1 m
SRR5205807,SRR5205807rbin,12,SRA,Public Data,United States,North America,Grassland,72360248,39.7392,-123.6308,PRJNA365693,SAMN06266477,0.1 m
SRR5205809,SRR5205809rbin,10,SRA,Public Data,United States,North America,Grassland,49146694,39.7392,-123.6308,PRJNA365695,SAMN06266478,0.3 m
SRR5205814,SRR5205814rbin,11,SRA,Public Data,United States,North America,Grassland,71753108,39.7392,-123.6308,PRJNA365694,SAMN06264649,0.1 m
SRR5205823,SRR5205823rbin,12,SRA,Public Data,"USA: California, Angelo Coastal Reserve",North America,Grassland,96535332,39.7392,-123.6308,PRJNA365696,SAMN06266479,0.1 m
SRR5206468,SRR5206468rbin,11,SRA,Public Data,United States,North America,Grassland,90764428,39.7392,-123.6308,PRJNA365697,SAMN06266454,0.3 m
SRR5207236,SRR5207236rbin,15,SRA,Public Data,United States,North America,Grassland,81628812,39.7392,-123.6308,PRJNA365700,SAMN06266481,0.1 m
SRR5207237,SRR5207237rbin,12,SRA,Public Data,United States,North America,Grassland,80673496,39.7392,-123.6308,PRJNA365698,SAMN06266455,0.1 m
SRR5207244,SRR5207244rbin,19,SRA,Public Data,United States,North America,Grassland,91088990,39.7392,-123.6308,PRJNA365699,SAMN06264648,0.3 m
SRR5207245,SRR5207245rbin,14,SRA,Public Data,United States,North America,Grassland,74251022,39.7392,-123.6308,PRJNA365701,SAMN06264883,0.3 m
SRR5207247,SRR5207247rbin,21,SRA,Public Data,United States,North America,Grassland,73991636,39.7392,-123.6308,PRJNA365704,SAMN06264634,0.3 m
SRR5207248,SRR5207248rbin,12,SRA,Public Data,United States,North America,Grassland,76297710,39.7392,-123.6308,PRJNA365705,SAMN06266336,0.1 m
SRR5207249,SRR5207249rbin,30,SRA,Public Data,United States,North America,Grassland,80417498,39.7392,-123.6308,PRJNA365706,SAMN06266482,0.2 m
SRR5207253,SRR5207253rbin,16,SRA,Public Data,United States,North America,Grassland,78881758,39.7392,-123.6308,PRJNA365709,SAMN06264633,0.2 m
SRR5207254,SRR5207254,0,SRA,Public Data,Canada,North America,Artificial Surfaces,29838852,45.54,-73.72,PRJNA365887,SAMN06266492,Not applicable
SRR5207302,SRR5207302rbin,17,SRA,Public Data,United States,North America,Grassland,76474714,39.7392,-123.6308,PRJNA365711,SAMN06266483,0.1 m
SRR5207341,SRR5207341rbin,1,SRA,Public Data,Canada,North America,Artificial Surfaces,28768698,45.54,-73.72,PRJNA365888,SAMN06266425,Not applicable
SRR5207342,SRR5207342rbin,3,SRA,Public Data,Canada,North America,Agricultural Land,78638550,45.54,-73.72,PRJNA365889,SAMN06266329,Not applicable
SRR5207343,SRR5207343,0,SRA,Public Data,Canada,North America,Artificial Surfaces,31760910,45.54,-73.72,PRJNA367030,SAMN06267591,Not applicable
SRR5207344,SRR5207344rbin,2,SRA,Public Data,Canada,North America,Agricultural Land,81101264,45.54,-73.72,PRJNA365890,SAMN06266462,Not applicable
SRR5207563,SRR5207563,0,SRA,Public Data,Canada,North America,Artificial Surfaces,27931172,45.54,-73.72,PRJNA367038,SAMN06267599,Not applicable
SRR5207564,SRR5207564,0,SRA,Public Data,Canada,North America,Artificial Surfaces,27883484,45.54,-73.72,PRJNA367036,SAMN06267597,Not applicable
SRR5207565,SRR5207565,0,SRA,Public Data,Canada,North America,Artificial Surfaces,29424634,45.54,-73.72,PRJNA367031,SAMN06267592,Not applicable
SRR5207567,SRR5207567,0,SRA,Public Data,Canada,North America,Artificial Surfaces,25398472,45.54,-73.72,PRJNA367039,SAMN06267600,Not applicable
SRR5207568,SRR5207568,0,SRA,Public Data,Canada,North America,Artificial Surfaces,22545054,45.54,-73.72,PRJNA367037,SAMN06267598,Not applicable
SRR5207570,SRR5207570rbin,1,SRA,Public Data,Canada,North America,Artificial Surfaces,24345144,45.54,-73.72,PRJNA367035,SAMN06267596,Not applicable
SRR5207571,SRR5207571,0,SRA,Public Data,Canada,North America,Artificial Surfaces,22302610,45.54,-73.72,PRJNA367032,SAMN06267593,Not applicable
SRR5207573,SRR5207573,0,SRA,Public Data,Canada,North America,Artificial Surfaces,28413746,45.54,-73.72,PRJNA367040,SAMN06267601,Not applicable
SRR5207580,SRR5207580,0,SRA,Public Data,Canada,North America,Artificial Surfaces,21852258,45.54,-73.72,PRJNA367041,SAMN06267602,Not applicable
SRR5207629,SRR5207629rbin,1,SRA,Public Data,Canada,North America,Agricultural Land,58000562,45.54,-73.72,PRJNA367042,SAMN06267603,Not applicable
SRR5208282,SRR5208282rbin,25,SRA,Public Data,Canada,North America,Wetland,137549858,51.62,-128.09,PRJNA365560,SAMN06264539,Not applicable
SRR5208337,SRR5208337rbin,24,SRA,Public Data,Canada,North America,Wetland,109598592,51.62,-128.09,PRJNA365562,SAMN06266323,Not applicable
SRR5209019,SRR5209019rbin,4,SRA,Public Data,Canada,North America,Agricultural Land,59908710,42.98,-81.24,PRJNA327808,SAMN05357642,Not applicable
SRR5209020,SRR5209020rbin,4,SRA,Public Data,Canada,North America,Agricultural Land,69626590,42.98,-81.24,PRJNA327808,SAMN05357641,Not applicable
SRR5209021,SRR5209021rbin,4,SRA,Public Data,Canada,North America,Agricultural Land,66576348,42.98,-81.24,PRJNA327808,SAMN05357640,Not applicable
SRR5209022,SRR5209022rbin,5,SRA,Public Data,Canada,North America,Agricultural Land,68701774,42.98,-81.24,PRJNA327808,SAMN05357639,Not applicable
SRR5209023,SRR5209023rbin,6,SRA,Public Data,Canada,North America,Agricultural Land,70593746,42.98,-81.24,PRJNA327808,SAMN05357638,Not applicable
SRR5209025,SRR5209025rbin,2,SRA,Public Data,Canada,North America,Agricultural Land,72820584,42.98,-81.24,PRJNA327808,SAMN05357636,Not applicable
SRR5209026,SRR5209026rbin,6,SRA,Public Data,Canada,North America,Agricultural Land,70118538,42.98,-81.24,PRJNA327808,SAMN05357635,Not applicable
SRR5209027,SRR5209027rbin,2,SRA,Public Data,Canada,North America,Agricultural Land,76479258,42.98,-81.24,PRJNA327808,SAMN05357634,Not applicable
SRR5209028,SRR5209028rbin,67,SRA,Public Data,Canada,North America,Agricultural Land,80057394,42.98,-81.24,PRJNA327808,SAMN05357633,Not applicable
SRR5209029,SRR5209029rbin,49,SRA,Public Data,Canada,North America,Agricultural Land,79561346,42.98,-81.24,PRJNA327808,SAMN05357632,Not applicable
SRR5209942,SRR5209942rbin,36,SRA,Public Data,United States,North America,Wetland,56332134,37.4968,-122.1333,PRJNA365333,SAMN06264492,Not applicable
SRR5209943,SRR5209943rbin,41,SRA,Public Data,United States,North America,Wetland,54306490,37.4969,-122.1331,PRJNA365331,SAMN06265041,Not applicable
SRR5209944,SRR5209944rbin,35,SRA,Public Data,United States,North America,Wetland,54335802,37.4969,-122.1331,PRJNA365332,SAMN06266236,Not applicable
SRR5209945,SRR5209945rbin,20,SRA,Public Data,United States,North America,Wetland,43782698,37.4961,-122.1331,PRJNA365339,SAMN06266229,Not applicable
SRR5209946,SRR5209946rbin,39,SRA,Public Data,United States,North America,Wetland,49521662,37.4968,-122.1333,PRJNA365334,SAMN06264691,Not applicable
SRR5210208,SRR5210208rbin,41,SRA,Public Data,United States,North America,Wetland,49955630,37.4965,-122.133,PRJNA365340,SAMN06266230,Not applicable
SRR5210210,SRR5210210rbin,31,SRA,Public Data,United States,North America,Wetland,50705210,37.4958,-122.1331,PRJNA365342,SAMN06266272,Not applicable
SRR5210212,SRR5210212rbin,10,SRA,Public Data,United States,North America,Wetland,42801032,37.496,-122.1329,PRJNA365354,SAMN06265055,Not applicable
SRR5210213,SRR5210213rbin,26,SRA,Public Data,United States,North America,Wetland,40661284,37.4958,-122.1331,PRJNA365343,SAMN06264490,Not applicable
SRR5210214,SRR5210214rbin,13,SRA,Public Data,United States,North America,Wetland,50200606,37.4962,-122.1329,PRJNA365351,SAMN06265038,Not applicable
SRR5210316,SRR5210316rbin,14,SRA,Public Data,"USA:South San Francisco, USA",North America,Wetland,41582916,37.4965,-122.1329,PRJNA365355,SAMN06266277,Not applicable
SRR5210466,SRR5210466rbin,10,SRA,Public Data,United States,North America,Wetland,53707576,37.4971,-122.129,PRJNA365361,SAMN06266280,Not applicable
SRR5210469,SRR5210469rbin,9,SRA,Public Data,United States,North America,Wetland,48355468,37.4972,-122.1293,PRJNA365362,SAMN06264687,Not applicable
SRR5210470,SRR5210470rbin,35,SRA,Public Data,United States,North America,Wetland,50072420,37.4965,-122.1329,PRJNA365356,SAMN06266278,Not applicable
SRR5213075,SRR5213075rbin,1,SRA,Public Data,United States,North America,Grassland,68145120,39.7181,-123.6527,PRJNA367560,SAMN06267083,Not applicable
SRR5213076,SRR5213076rbin,5,SRA,Public Data,United States,North America,Grassland,70177128,39.7181,-123.6527,PRJNA367559,SAMN06267082,Not applicable
SRR5213078,SRR5213078rbin,11,SRA,Public Data,United States,North America,Grassland,100492198,39.7181,-123.6527,PRJNA367556,SAMN06267079,Not applicable
SRR5213079,SRR5213079rbin,4,SRA,Public Data,United States,North America,Grassland,68972586,39.7181,-123.6527,PRJNA367558,SAMN06267081,Not applicable
SRR5213080,SRR5213080rbin,9,SRA,Public Data,United States,North America,Grassland,90675274,39.7181,-123.6527,PRJNA367557,SAMN06267080,Not applicable
SRR5213082,SRR5213082rbin,5,SRA,Public Data,United States,North America,Grassland,64415036,39.7181,-123.6527,PRJNA367561,SAMN06267084,Not applicable
SRR5213083,SRR5213083rbin,5,SRA,Public Data,United States,North America,Grassland,65957712,39.7181,-123.6527,PRJNA367563,SAMN06267086,Not applicable
SRR5213592,SRR5213592rbin,8,SRA,Public Data,United States,North America,Grassland,90293114,39.7181,-123.6527,PRJNA367571,SAMN06267094,Not applicable
SRR5213593,SRR5213593rbin,8,SRA,Public Data,United States,North America,Grassland,81079650,39.7181,-123.6527,PRJNA367564,SAMN06267087,Not applicable
SRR5213594,SRR5213594rbin,11,SRA,Public Data,United States,North America,Grassland,68531848,39.7181,-123.6527,PRJNA367578,SAMN06267101,Not applicable
SRR5213595,SRR5213595rbin,3,SRA,Public Data,United States,North America,Grassland,69087574,39.7181,-123.6527,PRJNA367575,SAMN06267098,Not applicable
SRR5213596,SRR5213596rbin,7,SRA,Public Data,United States,North America,Grassland,67962402,39.7181,-123.6527,PRJNA367577,SAMN06267100,Not applicable
SRR5213597,SRR5213597rbin,6,SRA,Public Data,United States,North America,Grassland,58398610,39.7181,-123.6527,PRJNA367573,SAMN06267096,Not applicable
SRR5214707,SRR5214707rbin,21,SRA,Public Data,Germany,Europe,Artificial Surfaces,93262998,50.131881,11.881046,PRJNA421255,SAMN05384376,0.1-0.2 m
SRR5214708,SRR5214708rbin,27,SRA,Public Data,Germany,Europe,Artificial Surfaces,89221158,50.131881,11.881046,PRJNA421255,SAMN05384411,0.1-0.2 m
SRR5215203,SRR5215203rbin,19,SRA,Public Data,United States,North America,Grassland,124250710,38.8693,-122.4283,PRJNA364854,SAMN06265139,Not applicable
SRR5215204,SRR5215204rbin,18,SRA,Public Data,United States,North America,Grassland,127951728,38.8693,-122.4282,PRJNA364853,SAMN06265914,Not applicable
SRR5215207,SRR5215207rbin,24,SRA,Public Data,United States,North America,Grassland,180904370,38.8692,-122.4282,PRJNA364855,SAMN06265006,Not applicable
SRR5215208,SRR5215208rbin,11,SRA,Public Data,"USA:UC McLaughlin Reserve (Lake County, CA)",North America,Grassland,136727012,38.8708,-122.4274,PRJNA364857,SAMN06266023,Not applicable
SRR5215210,SRR5215210rbin,12,SRA,Public Data,"USA:UC McLaughlin Reserve (Lake County, CA)",North America,Grassland,157381630,38.8707,-122.4274,PRJNA364858,SAMN06266024,Not applicable
SRR5215213,SRR5215213rbin,14,SRA,Public Data,United States,North America,Grassland,191819390,38.8712,-122.4276,PRJNA364860,SAMN06264646,Not applicable
SRR5215216,SRR5215216rbin,8,SRA,Public Data,United States,North America,Grassland,136024364,38.8724,-122.4268,PRJNA364864,SAMN06266025,Not applicable
SRR5215217,SRR5215217rbin,18,SRA,Public Data,United States,North America,Grassland,166114354,38.8723,-122.4268,PRJNA364863,SAMN06265005,Not applicable
SRR5215218,SRR5215218rbin,18,SRA,Public Data,United States,North America,Grassland,191867606,38.8722,-122.4269,PRJNA364862,SAMN06265917,Not applicable
SRR5215467,SRR5215467rbin,5,SRA,Public Data,Panama,North America,Forest,260364196,9.1086,-79.8436,PRJNA364906,SAMN06266035,Not applicable
SRR5215468,SRR5215468rbin,4,SRA,Public Data,Panama,North America,Forest,202765732,9.1086,-79.8436,PRJNA364910,SAMN06265035,Not applicable
SRR5215469,SRR5215469rbin,15,SRA,Public Data,Panama,North America,Forest,305222020,9.1086,-79.8436,PRJNA364909,SAMN06265931,Not applicable
SRR5215470,SRR5215470rbin,9,SRA,Public Data,Panama,North America,Forest,340343566,9.1086,-79.8436,PRJNA364908,SAMN06266036,Not applicable
SRR5215471,SRR5215471rbin,10,SRA,Public Data,Panama,North America,Forest,346882700,9.1086,-79.8436,PRJNA364914,SAMN06265935,Not applicable
SRR5215472,SRR5215472rbin,18,SRA,Public Data,Panama,North America,Forest,312255808,9.1086,-79.8436,PRJNA364913,SAMN06264822,Not applicable
SRR5215473,SRR5215473rbin,23,SRA,Public Data,Panama,North America,Forest,360806580,9.1086,-79.8436,PRJNA364912,SAMN06265934,Not applicable
SRR5215474,SRR5215474rbin,10,SRA,Public Data,Panama,North America,Forest,360932874,9.1086,-79.8436,PRJNA364911,SAMN06266042,Not applicable
SRR5215475,SRR5215475rbin,4,SRA,Public Data,Panama,North America,Forest,273172582,9.1086,-79.8436,PRJNA364915,SAMN06265936,Not applicable
SRR5215510,SRR5215510rbin,5,SRA,Public Data,Panama,North America,Forest,283238218,9.1086,-79.8436,PRJNA364917,SAMN06266037,Not applicable
SRR5215545,SRR5215545rbin,34,SRA,Public Data,Panama,North America,Forest,452403880,9.1086,-79.8436,PRJNA364916,SAMN06264378,Not applicable
SRR5215813,SRR5215813rbin,9,SRA,Public Data,Panama,North America,Forest,259062028,9.1086,-79.8436,PRJNA365070,SAMN06266038,Not applicable
SRR5215831,SRR5215831rbin,22,SRA,Public Data,Panama,North America,Forest,344078342,9.1086,-79.8436,PRJNA364918,SAMN06264377,Not applicable
SRR5216110,SRR5216110rbin,4,SRA,Public Data,United States,North America,Grassland,62984996,39.7181,-123.6527,PRJNA367580,SAMN06267103,Not applicable
SRR5216117,SRR5216117rbin,10,SRA,Public Data,United States,North America,Grassland,64868250,39.7181,-123.6527,PRJNA367581,SAMN06267104,Not applicable
SRR5216683,SRR5216683rbin,21,SRA,Public Data,USA: California,North America,Forest,164107880,39.7291,-123.6419,PRJNA364547,SAMN06265748,Not applicable
SRR5216684,SRR5216684rbin,16,SRA,Public Data,USA: California,North America,Forest,165723664,39.7291,-123.6419,PRJNA364549,SAMN06265747,Not applicable
SRR5229473,SRR5229473rbin,19,SRA,Public Data,USA: California,North America,Forest,161285464,39.7291,-123.6419,PRJNA364548,SAMN06265762,Not applicable
SRR5234505,SRR5234505,0,SRA,Public Data,South Africa,Africa,Forest,34531234,-25.56,29.56,PRJNA371523,SAMN06309433,20-30 cm
SRR5234506,SRR5234506rbin,3,SRA,Public Data,South Africa,Africa,Forest,22566060,-26.8,29.46,PRJNA371523,SAMN06309432,20-30 cm
SRR5234507,SRR5234507rbin,1,SRA,Public Data,South Africa,Africa,Forest,23482026,-25.54,28.3,PRJNA371523,SAMN06309431,20-30 cm
SRR5234508,SRR5234508rbin,2,SRA,Public Data,South Africa,Africa,Forest,26266460,-25.56,29.56,PRJNA371523,SAMN06309430,20-30 cm
SRR5234509,SRR5234509,0,SRA,Public Data,South Africa,Africa,Forest,35906150,-29.22,30.1,PRJNA371523,SAMN06309429,20-30 cm
SRR5234511,SRR5234511rbin,1,SRA,Public Data,South Africa,Africa,Forest,29910440,-25.56,29.56,PRJNA371523,SAMN06309427,20-30 cm
SRR5234512,SRR5234512,0,SRA,Public Data,South Africa,Africa,Forest,37380724,-25.55,28.29,PRJNA371523,SAMN06309426,20-30 cm
SRR5246127,SRR5246127rbin,1,SRA,Public Data,United States,North America,Forest,100387042,31.11,-95.15,PRJNA366302,SAMN06268690,Not applicable
SRR5246500,SRR5246500rbin,1,SRA,Public Data,United States,North America,Forest,100387042,31.11,-95.15,PRJNA366302,SAMN06268690,Not applicable
SRR5256712,SRR5256712rbin,16,SRA,Public Data,United States,North America,Grassland,66367954,39.73825,-123.6301,PRJNA365977,SAMN06268166,Not applicable
SRR5256714,SRR5256714rbin,7,SRA,Public Data,United States,North America,Grassland,80675156,39.73825,-123.6301,PRJNA365978,SAMN06268167,Not applicable
SRR5256884,SRR5256884rbin,5,SRA,Public Data,United States,North America,Grassland,49131350,39.73825,-123.6301,PRJNA365979,SAMN06268168,Not applicable
SRR5256885,SRR5256885rbin,4,SRA,Public Data,United States,North America,Grassland,84758170,39.73825,-123.6301,PRJNA365980,SAMN06268169,Not applicable
SRR5256886,SRR5256886rbin,5,SRA,Public Data,United States,North America,Grassland,77828924,39.73825,-123.6301,PRJNA365981,SAMN06268170,Not applicable
SRR5258705,SRR5258705rbin,8,SRA,Public Data,United States,North America,Grassland,69555492,39.7392,-123.6308,PRJNA366010,SAMN06268058,Not applicable
SRR5258706,SRR5258706rbin,22,SRA,Public Data,United States,North America,Grassland,84111798,39.7392,-123.6308,PRJNA366011,SAMN06268059,Not applicable
SRR5258707,SRR5258707rbin,4,SRA,Public Data,United States,North America,Grassland,77173710,39.7392,-123.6308,PRJNA366013,SAMN06268061,Not applicable
SRR5258708,SRR5258708rbin,28,SRA,Public Data,United States,North America,Grassland,187093802,39.7392,-123.6308,PRJNA366014,SAMN06268062,Not applicable
SRR5259839,SRR5259839rbin,9,SRA,Public Data,United States,North America,Agricultural Land,40890928,38.1087,-121.653,PRJNA370742,SAMN06297432,Not applicable
SRR5260221,SRR5260221rbin,27,SRA,Public Data,United States,North America,Grassland,74882074,39.7392,-123.6308,PRJNA366012,SAMN06268060,Not applicable
SRR5260370,SRR5260370rbin,11,SRA,Public Data,United States,North America,Grassland,167788098,39.7392,-123.6308,PRJNA366015,SAMN06268063,Not applicable
SRR5262244,SRR5262244rbin,3,SRA,Public Data,Panama,North America,Forest,77003834,9.1086,-79.8436,PRJNA374886,SAMN06339526,0-20 cm
SRR5262245,SRR5262245rbin,15,SRA,Public Data,Panama,North America,Forest,271934206,9.1086,-79.8436,PRJNA374886,SAMN06339526,0-20 cm
SRR5262246,SRR5262246rbin,16,SRA,Public Data,Panama,North America,Forest,326999006,9.1086,-79.8436,PRJNA374886,SAMN06339526,0-20 cm
SRR5262247,SRR5262247rbin,2,SRA,Public Data,Panama,North America,Forest,84752526,9.1086,-79.8436,PRJNA374886,SAMN06339525,0-20 cm
SRR5262248,SRR5262248rbin,46,SRA,Public Data,Panama,North America,Forest,400497130,9.1086,-79.8436,PRJNA374886,SAMN06339525,0-20 cm
SRR5262249,SRR5262249rbin,26,SRA,Public Data,Panama,North America,Forest,283955940,9.1086,-79.8436,PRJNA374886,SAMN06339525,0-20 cm
SRR5262250,SRR5262250rbin,1,SRA,Public Data,Panama,North America,Forest,74770970,9.1086,-79.8436,PRJNA374886,SAMN06339524,0-20 cm
SRR5262252,SRR5262252rbin,6,SRA,Public Data,Panama,North America,Forest,170981106,9.1086,-79.8436,PRJNA374886,SAMN06339523,0-20 cm
SRR5262254,SRR5262254rbin,20,SRA,Public Data,Panama,North America,Forest,319767044,9.1086,-79.8436,PRJNA374886,SAMN06339523,0-20 cm
SRR5271154,SRR5271154rbin,2,SRA,Public Data,Canada,North America,Wetland,120589096,51.62,-128.09,PRJNA365844,SAMN06267841,Not applicable
SRR5271155,SRR5271155rbin,2,SRA,Public Data,Canada,North America,Wetland,97239262,51.62,-128.09,PRJNA365846,SAMN06267843,Not applicable
SRR5271156,SRR5271156rbin,1,SRA,Public Data,Canada,North America,Wetland,115317596,51.62,-128.09,PRJNA365845,SAMN06267842,Not applicable
SRR5271157,SRR5271157rbin,31,SRA,Public Data,Canada,North America,Wetland,118206332,51.62,-128.09,PRJNA365847,SAMN06267844,Not applicable
SRR5271163,SRR5271163rbin,5,SRA,Public Data,Canada,North America,Wetland,87823104,51.62,-128.09,PRJNA365850,SAMN06267847,Not applicable
SRR5271165,SRR5271165rbin,21,SRA,Public Data,Canada,North America,Wetland,130913342,51.62,-128.09,PRJNA365848,SAMN06267845,Not applicable
SRR5271166,SRR5271166rbin,15,SRA,Public Data,Canada,North America,Wetland,128560932,51.62,-128.09,PRJNA365849,SAMN06267846,Not applicable
SRR5271167,SRR5271167rbin,2,SRA,Public Data,Canada,North America,Wetland,88436564,51.62,-128.09,PRJNA365851,SAMN06267848,Not applicable
SRR5271168,SRR5271168rbin,2,SRA,Public Data,Canada,North America,Wetland,91212318,51.62,-128.09,PRJNA365852,SAMN06267849,Not applicable
SRR5271169,SRR5271169rbin,5,SRA,Public Data,Canada,North America,Wetland,118715926,51.62,-128.09,PRJNA365729,SAMN06267851,Not applicable
SRR5271170,SRR5271170rbin,5,SRA,Public Data,Canada,North America,Wetland,137270160,51.62,-128.09,PRJNA365853,SAMN06267850,Not applicable
SRR5271191,SRR5271191,0,SRA,Public Data,USA: Wisconsin,North America,Artificial Surfaces,21282516,43.3,-89.38,PRJNA367009,SAMN06267787,Not applicable
SRR5271192,SRR5271192,0,SRA,Public Data,USA: Wisconsin,North America,Artificial Surfaces,22729830,43.3,-89.38,PRJNA367011,SAMN06267789,Not applicable
SRR5271194,SRR5271194rbin,1,SRA,Public Data,USA: Wisconsin,North America,Grassland,18790338,43.3,-89.38,PRJNA367010,SAMN06267788,Not applicable
SRR5271196,SRR5271196rbin,2,SRA,Public Data,USA: Wisconsin,North America,Grassland,22250458,43.3,-89.38,PRJNA367013,SAMN06267791,Not applicable
SRR5271213,SRR5271213,0,SRA,Public Data,USA: Wisconsin,North America,Artificial Surfaces,27786346,43.3,-89.38,PRJNA367016,SAMN06267794,Not applicable
SRR5271214,SRR5271214,0,SRA,Public Data,USA: Wisconsin,North America,Artificial Surfaces,21240238,43.3,-89.38,PRJNA367017,SAMN06267795,Not applicable
SRR5271434,SRR5271434,0,SRA,Public Data,USA: Wisconsin,North America,Artificial Surfaces,29029680,43.3,-89.38,PRJNA367020,SAMN06267798,Not applicable
SRR5271485,SRR5271485,0,SRA,Public Data,USA: Wisconsin,North America,Artificial Surfaces,24625228,43.3,-89.38,PRJNA367022,SAMN06267800,Not applicable
SRR5271486,SRR5271486rbin,1,SRA,Public Data,USA: Wisconsin,North America,Grassland,22569230,43.3,-89.38,PRJNA367021,SAMN06267799,Not applicable
SRR5271487,SRR5271487,0,SRA,Public Data,USA: Wisconsin,North America,Artificial Surfaces,19220004,43.3,-89.38,PRJNA367023,SAMN06267801,Not applicable
SRR5271501,SRR5271501,0,SRA,Public Data,USA: Wisconsin,North America,Artificial Surfaces,24899982,43.3,-89.38,PRJNA367024,SAMN06267802,Not applicable
SRR5271502,SRR5271502,0,SRA,Public Data,USA: Wisconsin,North America,Artificial Surfaces,24237884,43.3,-89.38,PRJNA367025,SAMN06267803,Not applicable
SRR5271509,SRR5271509,0,SRA,Public Data,USA: Wisconsin,North America,Artificial Surfaces,21627710,43.3,-89.38,PRJNA367026,SAMN06267804,Not applicable
SRR5271510,SRR5271510rbin,1,SRA,Public Data,USA: Wisconsin,North America,Grassland,24791674,43.3,-89.38,PRJNA367027,SAMN06267805,Not applicable
SRR5271803,SRR5271803rbin,1,SRA,Public Data,USA: Wisconsin,North America,Grassland,24183948,43.3,-89.38,PRJNA367028,SAMN06267806,Not applicable
SRR5272068,SRR5272068,0,SRA,Public Data,USA: Wisconsin,North America,Artificial Surfaces,26001672,43.3,-89.38,PRJNA365811,SAMN06267808,Not applicable
SRR5272069,SRR5272069,0,SRA,Public Data,USA: Wisconsin,North America,Artificial Surfaces,24375218,43.3,-89.38,PRJNA365812,SAMN06267809,Not applicable
SRR5272127,SRR5272127,0,SRA,Public Data,USA: Wisconsin,North America,Artificial Surfaces,27888306,43.3,-89.38,PRJNA365813,SAMN06267810,Not applicable
SRR5272128,SRR5272128rbin,1,SRA,Public Data,USA: Wisconsin,North America,Grassland,24320246,43.3,-89.38,PRJNA365815,SAMN06267812,Not applicable
SRR5272129,SRR5272129,0,SRA,Public Data,USA: Wisconsin,North America,Artificial Surfaces,22627386,43.3,-89.38,PRJNA365816,SAMN06267813,Not applicable
SRR5272155,SRR5272155,0,SRA,Public Data,USA: Wisconsin,North America,Artificial Surfaces,23704814,43.3,-89.38,PRJNA365817,SAMN06267814,Not applicable
SRR5272157,SRR5272157rbin,1,SRA,Public Data,USA: Wisconsin,North America,Grassland,24011634,43.3,-89.38,PRJNA365820,SAMN06267817,Not applicable
SRR5272158,SRR5272158rbin,1,SRA,Public Data,United States,North America,Agricultural Land,35015710,51.62,-128.09,PRJNA365821,SAMN06267818,Not applicable
SRR5272159,SRR5272159,0,SRA,Public Data,USA: Wisconsin,North America,Artificial Surfaces,24456380,43.3,-89.38,PRJNA365822,SAMN06267819,Not applicable
SRR5272161,SRR5272161,0,SRA,Public Data,USA: Wisconsin,North America,Artificial Surfaces,23884562,43.3,-89.38,PRJNA365824,SAMN06267821,Not applicable
SRR5272167,SRR5272167,0,SRA,Public Data,USA: Wisconsin,North America,Artificial Surfaces,24964802,43.3,-89.38,PRJNA365825,SAMN06267822,Not applicable
SRR5272169,SRR5272169rbin,1,SRA,Public Data,USA: Wisconsin,North America,Grassland,24747834,43.3,-89.38,PRJNA365827,SAMN06267824,Not applicable
SRR5272171,SRR5272171rbin,1,SRA,Public Data,United States,North America,Agricultural Land,36795246,43.3,-89.38,PRJNA365830,SAMN06267827,Not applicable
SRR5272184,SRR5272184,0,SRA,Public Data,USA: Wisconsin,North America,Artificial Surfaces,28421860,43.3,-89.38,PRJNA365829,SAMN06267826,Not applicable
SRR5272197,SRR5272197,0,SRA,Public Data,USA: Wisconsin,North America,Artificial Surfaces,25311722,43.3,-89.38,PRJNA365832,SAMN06267829,Not applicable
SRR5272198,SRR5272198,0,SRA,Public Data,USA: Wisconsin,North America,Artificial Surfaces,29694870,43.3,-89.38,PRJNA365831,SAMN06267828,Not applicable
SRR5272200,SRR5272200,0,SRA,Public Data,USA: Wisconsin,North America,Artificial Surfaces,24830330,43.3,-89.38,PRJNA365833,SAMN06267830,Not applicable
SRR5272205,SRR5272205,0,SRA,Public Data,USA: Wisconsin,North America,Artificial Surfaces,20849666,43.3,-89.38,PRJNA365835,SAMN06267832,Not applicable
SRR5272206,SRR5272206rbin,1,SRA,Public Data,USA: Wisconsin,North America,Grassland,27894206,43.3,-89.38,PRJNA365837,SAMN06267834,Not applicable
SRR5272207,SRR5272207rbin,1,SRA,Public Data,USA: Wisconsin,North America,Grassland,28550130,43.3,-89.38,PRJNA365838,SAMN06267835,Not applicable
SRR5272209,SRR5272209,0,SRA,Public Data,USA: Wisconsin,North America,Artificial Surfaces,23451362,43.3,-89.38,PRJNA365840,SAMN06267837,Not applicable
SRR5272211,SRR5272211,0,SRA,Public Data,USA: Wisconsin,North America,Artificial Surfaces,21464926,43.3,-89.38,PRJNA365841,SAMN06267838,Not applicable
SRR5277367,SRR5277367rbin,3,SRA,Public Data,Canada,North America,Wetland,123594534,51.62,-128.09,PRJNA365730,SAMN06267852,Not applicable
SRR5436189,SRR5436189rbin,5,SRA,Public Data,United States,North America,Grassland,46413088,39.7392,-123.6308,PRJNA365674,SAMN06264650,0.3 m
SRR5436190,SRR5436190rbin,30,SRA,Public Data,"USA: California, Angelo Coastal Reserve",North America,Grassland,152778094,39.7392,-123.6308,PRJNA365673,SAMN06266423,0.2 m
SRR5436305,SRR5436305rbin,9,SRA,Public Data,United States,North America,Grassland,84449888,39.7392,-123.6308,PRJNA365675,SAMN06266447,0.1 m
SRR5436309,SRR5436309rbin,20,SRA,Public Data,United States,North America,Grassland,91318160,39.7392,-123.6308,PRJNA365677,SAMN06266474,0.3 m
SRR5436853,SRR5436853rbin,6,SRA,Public Data,United States,North America,Grassland,53175716,39.7392,-123.6308,PRJNA365679,SAMN06266448,0.2 m
SRR5437016,SRR5437016rbin,12,SRA,Public Data,United States,North America,Grassland,81355872,39.7392,-123.6308,PRJNA365680,SAMN06266449,0.3 m
SRR5437588,SRR5437588rbin,20,SRA,Public Data,United States,North America,Grassland,78268088,39.7392,-123.6308,PRJNA365681,SAMN06266450,0.1 m
SRR5437660,SRR5437660rbin,13,SRA,Public Data,United States,North America,Grassland,73752416,39.7392,-123.6308,PRJNA365682,SAMN06264885,0.2 m
SRR5437667,SRR5437667rbin,20,SRA,Public Data,"USA: California, Angelo Coastal Reserve",North America,Grassland,76770736,39.7392,-123.6308,PRJNA365686,SAMN06264948,0.3 m
SRR5437762,SRR5437762rbin,15,SRA,Public Data,United States,North America,Grassland,75883746,39.7392,-123.6308,PRJNA365702,SAMN06266456,0.1 m
SRR5437763,SRR5437763rbin,9,SRA,Public Data,United States,North America,Grassland,86293988,39.7392,-123.6308,PRJNA365691,SAMN06266453,0.1 m
SRR5437764,SRR5437764rbin,9,SRA,Public Data,United States,North America,Grassland,88503948,39.7392,-123.6308,PRJNA365691,SAMN06266453,0.1 m
SRR5437773,SRR5437773rbin,20,SRA,Public Data,United States,North America,Grassland,71343424,39.7392,-123.6308,PRJNA365703,SAMN06264635,0.2 m
SRR5437867,SRR5437867rbin,20,SRA,Public Data,United States,North America,Grassland,72189616,39.7392,-123.6308,PRJNA365707,SAMN06266457,0.3 m
SRR5437868,SRR5437868rbin,5,SRA,Public Data,United States,North America,Grassland,83027888,39.7392,-123.6308,PRJNA365708,SAMN06264882,0.1 m
SRR5437870,SRR5437870rbin,16,SRA,Public Data,United States,North America,Grassland,72937634,39.7392,-123.6308,PRJNA365710,SAMN06264632,0.3 m
SRR5437879,SRR5437879rbin,15,SRA,Public Data,United States,North America,Grassland,66478732,39.7392,-123.6308,PRJNA365712,SAMN06266458,0.2 m
SRR5437899,SRR5437899rbin,11,SRA,Public Data,United States,North America,Grassland,68560068,39.7392,-123.6308,PRJNA365713,SAMN06266424,0.3 m
SRR5438034,SRR5438034rbin,25,SRA,Public Data,United States,North America,Grassland,69515648,39.7392,-123.6308,PRJNA365716,SAMN06264630,0.3 m
SRR5438045,SRR5438045rbin,3,SRA,Public Data,United States,North America,Grassland,54826276,39.7392,-123.6308,PRJNA365714,SAMN06266484,0.1 m
SRR5438046,SRR5438046rbin,8,SRA,Public Data,United States,North America,Grassland,58201520,39.7392,-123.6308,PRJNA365715,SAMN06264631,0.2 m
SRR5438067,SRR5438067rbin,8,SRA,Public Data,United States,North America,Grassland,75711878,39.7392,-123.6308,PRJNA365717,SAMN06266459,0.1 m
SRR5438093,SRR5438093rbin,28,SRA,Public Data,United States,North America,Grassland,80608938,39.7392,-123.6308,PRJNA365719,SAMN06266486,0.3 m
SRR5438094,SRR5438094rbin,16,SRA,Public Data,United States,North America,Grassland,63327024,39.7392,-123.6308,PRJNA365718,SAMN06266485,0.2 m
SRR5438105,SRR5438105rbin,15,SRA,Public Data,United States,North America,Grassland,89703894,39.7392,-123.6308,PRJNA365720,SAMN06266460,0.1 m
SRR5438128,SRR5438128rbin,10,SRA,Public Data,United States,North America,Grassland,73496988,39.7392,-123.6308,PRJNA365722,SAMN06266487,0.3 m
SRR5438132,SRR5438132rbin,21,SRA,Public Data,United States,North America,Grassland,86684138,39.7392,-123.6308,PRJNA365721,SAMN06264385,0.2 m
SRR5438270,SRR5438270rbin,13,SRA,Public Data,United States,North America,Grassland,81881264,39.7392,-123.6308,PRJNA365723,SAMN06264881,0.1 m
SRR5438309,SRR5438309rbin,18,SRA,Public Data,United States,North America,Grassland,69842108,39.7392,-123.6308,PRJNA365724,SAMN06266461,0.2 m
SRR5438445,SRR5438445rbin,27,SRA,Public Data,United States,North America,Grassland,81349630,39.7392,-123.6308,PRJNA365725,SAMN06266489,0.3 m
SRR5438477,SRR5438477rbin,9,SRA,Public Data,United States,North America,Grassland,77578136,39.7392,-123.6308,PRJNA365726,SAMN06266490,0.1 m
SRR5438552,SRR5438552rbin,16,SRA,Public Data,United States,North America,Grassland,107602810,39.7392,-123.6308,PRJNA365727,SAMN06264947,0.2 m
SRR5438874,SRR5438874rbin,10,SRA,Public Data,United States,North America,Grassland,77949626,39.7392,-123.6308,PRJNA365884,SAMN06264383,0.1 m
SRR5438876,SRR5438876rbin,16,SRA,Public Data,United States,North America,Grassland,73049862,39.7392,-123.6308,PRJNA365728,SAMN06264384,0.3 m
SRR5439720,SRR5439720rbin,47,SRA,Public Data,United States,North America,Grassland,221959944,39.7392,-123.6308,PRJNA365886,SAMN06264866,0.3 m
SRR5450438,SRR5450438rbin,6,SRA,Public Data,United States,North America,Tundra,41701606,68.6137,-149.3144,PRJNA365647,SAMN06264613,Not applicable
SRR5450747,SRR5450747rbin,5,SRA,Public Data,United States,North America,Tundra,39647094,68.6137,-149.3144,PRJNA367093,SAMN06267413,Not applicable
SRR5450757,SRR5450757rbin,16,SRA,Public Data,United States,North America,Tundra,41904044,68.6137,-149.3144,PRJNA367095,SAMN06267415,Not applicable
SRR5450873,SRR5450873rbin,2,SRA,Public Data,Canada,North America,Agricultural Land,55382908,45.54,-73.72,PRJNA367043,SAMN06267604,Not applicable
SRR5467141,SRR5467141rbin,3,SRA,Public Data,United States,North America,Wetland,67968364,39.7291,-123.6419,PRJNA365473,SAMN06264513,Not applicable
SRR5467142,SRR5467142rbin,8,SRA,Public Data,United States,North America,Wetland,59584054,39.7291,-123.6419,PRJNA365472,SAMN06266222,Not applicable
SRR5468416,SRR5468416rbin,26,SRA,Public Data,United States,North America,Wetland,42725922,37.4971,-122.133,PRJNA365336,SAMN06266261,Not applicable
SRR5468417,SRR5468417rbin,10,SRA,Public Data,United States,North America,Wetland,52987382,37.4962,-122.1329,PRJNA365352,SAMN06266276,Not applicable
SRR5468418,SRR5468418rbin,2,SRA,Public Data,"USA:South San Francisco, USA",North America,Wetland,39372842,37.4965,-122.1329,PRJNA365353,SAMN06264478,Not applicable
SRR5468419,SRR5468419rbin,43,SRA,Public Data,United States,North America,Wetland,59142912,37.4958,-122.1331,PRJNA365337,SAMN06266228,Not applicable
SRR5499425,SRR5499425rbin,1,SRA,Public Data,Panama,North America,Forest,74770970,9.1086,-79.8436,PRJNA375517,SAMN06344123,Not applicable
SRR5499426,SRR5499426rbin,2,SRA,Public Data,Panama,North America,Forest,84752526,9.1086,-79.8436,PRJNA375518,SAMN06344124,Not applicable
SRR5499427,SRR5499427rbin,6,SRA,Public Data,Panama,North America,Forest,170981106,9.1086,-79.8436,PRJNA375516,SAMN06344122,Not applicable
SRR5499433,SRR5499433rbin,3,SRA,Public Data,Panama,North America,Forest,77003834,9.1086,-79.8436,PRJNA375519,SAMN06344125,Not applicable
SRR5512133,SRR5512133rbin,4,SRA,Public Data,China,Asia,Agricultural Land,75649402,46.74472,131.69722,PRJNA385547,SAMN06858794,Not applicable
SRR5512134,SRR5512134rbin,1,SRA,Public Data,China,Asia,Agricultural Land,78788802,31.9375,120.05583,PRJNA385547,SAMN06858842,Not applicable
SRR5512135,SRR5512135rbin,6,SRA,Public Data,China,Asia,Agricultural Land,78008986,30.91778,119.50972,PRJNA385547,SAMN06858849,Not applicable
SRR5512136,SRR5512136rbin,1,SRA,Public Data,China,Asia,Agricultural Land,74324768,23.1295,102.74125,PRJNA385547,SAMN06858852,Not applicable
SRR5512137,SRR5512137,0,SRA,Public Data,China,Asia,Agricultural Land,77915712,23.21189,102.38253,PRJNA385547,SAMN06858862,Not applicable
SRR5512138,SRR5512138rbin,3,SRA,Public Data,China,Asia,Agricultural Land,79932134,23.05222,101.03506,PRJNA385547,SAMN06858865,Not applicable
SRR5512139,SRR5512139rbin,5,SRA,Public Data,China,Asia,Agricultural Land,77886152,24.47039,101.24619,PRJNA385547,SAMN06858872,Not applicable
SRR5512140,SRR5512140rbin,3,SRA,Public Data,China,Asia,Agricultural Land,75869056,48.04444,133.46556,PRJNA385547,SAMN06858796,Not applicable
SRR5512141,SRR5512141rbin,1,SRA,Public Data,China,Asia,Agricultural Land,74286346,45.28139,131.16583,PRJNA385547,SAMN06858809,Not applicable
SRR5512142,SRR5512142,0,SRA,Public Data,China:Hubei,Asia,Agricultural Land,75385148,30.90472,114.11722,PRJNA385547,SAMN06858810,Not applicable
SRR5512143,SRR5512143rbin,6,SRA,Public Data,China,Asia,Agricultural Land,82585148,30.38,113.28444,PRJNA385547,SAMN06858815,Not applicable
SRR5512144,SRR5512144rbin,2,SRA,Public Data,China,Asia,Agricultural Land,75105792,28.79583,112.34306,PRJNA385547,SAMN06858821,Not applicable
SRR5512145,SRR5512145rbin,2,SRA,Public Data,China,Asia,Agricultural Land,71877048,29.95,113.8225,PRJNA385547,SAMN06858825,Not applicable
SRR5512146,SRR5512146rbin,6,SRA,Public Data,China,Asia,Agricultural Land,73729456,30.70694,121.24667,PRJNA385547,SAMN06858832,Not applicable
SRR5512147,SRR5512147,0,SRA,Public Data,China:Zhejiang,Asia,Agricultural Land,74848618,30.63278,120.23528,PRJNA385547,SAMN06858835,Not applicable
SRR5579859,SRR5579859rbin,45,SRA,Public Data,United States,North America,Shrubland,144428126,40.7999,-76.3402,PRJNA375299,SAMN06343827,Not applicable
SRR5579862,SRR5579862rbin,41,SRA,Public Data,United States,North America,Artificial Surfaces,162081744,40.7999,-76.3402,PRJNA375300,SAMN06343828,Not applicable
SRR5579863,SRR5579863rbin,31,SRA,Public Data,United States,North America,Shrubland,156291518,40.7999,-76.3402,PRJNA375302,SAMN06343830,Not applicable
SRR5579864,SRR5579864rbin,18,SRA,Public Data,United States,North America,Shrubland,156292746,40.7999,-76.3402,PRJNA375301,SAMN06343829,Not applicable
SRR5579871,SRR5579871rbin,44,SRA,Public Data,United States,North America,Shrubland,139869318,40.7999,-76.3402,PRJNA375303,SAMN06343831,Not applicable
SRR5579872,SRR5579872rbin,46,SRA,Public Data,United States,North America,Shrubland,129778764,40.7999,-76.3402,PRJNA375304,SAMN06343832,Not applicable
SRR5579875,SRR5579875rbin,93,SRA,Public Data,United States,North America,Shrubland,218690062,40.7999,-76.3402,PRJNA375305,SAMN06343833,Not applicable
SRR5579883,SRR5579883rbin,92,SRA,Public Data,United States,North America,Shrubland,151273702,40.7999,-76.3402,PRJNA375306,SAMN06343834,Not applicable
SRR5579884,SRR5579884rbin,85,SRA,Public Data,United States,North America,Shrubland,147034738,40.7999,-76.3402,PRJNA375307,SAMN06343835,Not applicable
SRR5579885,SRR5579885rbin,72,SRA,Public Data,United States,North America,Shrubland,119429902,40.7999,-76.3402,PRJNA375308,SAMN06343836,Not applicable
SRR5580765,SRR5580765rbin,10,SRA,Public Data,United States,North America,Shrubland,132970258,40.7999,-76.3402,PRJNA375334,SAMN06343862,Not applicable
SRR5581483,SRR5581483rbin,170,SRA,Public Data,United States,North America,Shrubland,285441870,40.7999,-76.3402,PRJNA375309,SAMN06343837,Not applicable
SRR5582390,SRR5582390rbin,49,SRA,Public Data,United States,North America,Agricultural Land,286965366,35.8443,-83.9607,PRJNA375660,SAMN06343962,Not applicable
SRR5582436,SRR5582436rbin,60,SRA,Public Data,United States,North America,Agricultural Land,284973876,35.8443,-83.9607,PRJNA375658,SAMN06343960,Not applicable
SRR5633600,SRR5633600,0,SRA,Public Data,China,Asia,Grassland,27679898,30.5,91.05,PRJNA316914,SAMN04589357,Not applicable
SRR5639132,SRR5639132,0,SRA,Public Data,China:quzhou,Asia,Agricultural Land,21323032,36.52,115.01,PRJNA388750,SAMN07184292,Not applicable
SRR5639133,SRR5639133rbin,2,SRA,Public Data,China,Asia,Agricultural Land,26102362,36.52,115.01,PRJNA388750,SAMN07184291,Not applicable
SRR5639135,SRR5639135rbin,2,SRA,Public Data,China,Asia,Agricultural Land,25336210,36.52,115.01,PRJNA388750,SAMN07184283,Not applicable
SRR5639136,SRR5639136rbin,2,SRA,Public Data,China,Asia,Agricultural Land,30719572,36.52,115.01,PRJNA388750,SAMN07184286,Not applicable
SRR5639138,SRR5639138rbin,1,SRA,Public Data,China,Asia,Agricultural Land,27712292,36.52,115.01,PRJNA388750,SAMN07184288,Not applicable
SRR5639139,SRR5639139rbin,1,SRA,Public Data,China,Asia,Agricultural Land,25328710,36.52,115.01,PRJNA388750,SAMN07184287,Not applicable
SRR5639141,SRR5639141rbin,3,SRA,Public Data,China,Asia,Agricultural Land,28313078,36.52,115.01,PRJNA388750,SAMN07184289,Not applicable
SRR5639169,SRR5639169,0,SRA,Public Data,China:quzhou,Asia,Agricultural Land,22115290,36.52,115.01,PRJNA388750,SAMN07184284,Not applicable
SRR5639170,SRR5639170rbin,1,SRA,Public Data,China,Asia,Agricultural Land,28412590,36.52,115.01,PRJNA388750,SAMN07184290,Not applicable
SRR5639171,SRR5639171rbin,1,SRA,Public Data,China,Asia,Agricultural Land,23326444,36.52,115.01,PRJNA388750,SAMN07184281,Not applicable
SRR5639172,SRR5639172rbin,1,SRA,Public Data,China,Asia,Agricultural Land,23805578,36.52,115.01,PRJNA388750,SAMN07184282,Not applicable
SRR5639179,SRR5639179rbin,2,SRA,Public Data,China,Asia,Agricultural Land,26595468,36.52,115.01,PRJNA388750,SAMN07184277,Not applicable
SRR5639180,SRR5639180rbin,1,SRA,Public Data,China,Asia,Agricultural Land,16716544,36.52,115.01,PRJNA388750,SAMN07184278,Not applicable
SRR5639191,SRR5639191rbin,1,SRA,Public Data,China,Asia,Agricultural Land,24931492,36.52,115.01,PRJNA388750,SAMN07184293,Not applicable
SRR5659263,SRR5659263rbin,11,SRA,Public Data,United States,North America,Tundra,233906282,71.299,-156.61,PRJNA375628,SAMN06343930,Not applicable
SRR5660397,SRR5660397rbin,4,SRA,Public Data,United States,North America,Tundra,52505852,71.299,-156.61,PRJNA375629,SAMN06343931,Not applicable
SRR5660398,SRR5660398rbin,4,SRA,Public Data,United States,North America,Tundra,242639964,71.299,-156.61,PRJNA375629,SAMN06343931,Not applicable
SRR5664279,SRR5664279rbin,18,SRA,Public Data,United States,North America,Tundra,123550454,71.299,-156.61,PRJNA375631,SAMN06343933,Not applicable
SRR5664280,SRR5664280rbin,25,SRA,Public Data,United States,North America,Tundra,69337688,71.299,-156.61,PRJNA375630,SAMN06343932,Not applicable
SRR5665213,SRR5665213rbin,37,SRA,Public Data,United States,North America,Tundra,85843972,71.299,-156.61,PRJNA375632,SAMN06343934,Not applicable
SRR5665647,SRR5665647rbin,21,SRA,Public Data,United States,North America,Tundra,288005060,71.299,-156.61,PRJNA375634,SAMN06343936,Not applicable
SRR5665648,SRR5665648rbin,13,SRA,Public Data,United States,North America,Tundra,89678540,71.299,-156.61,PRJNA375635,SAMN06343937,Not applicable
SRR5665809,SRR5665809rbin,1,SRA,Public Data,United States,North America,Tundra,68774986,71.299,-156.61,PRJNA375636,SAMN06343938,Not applicable
SRR5665811,SRR5665811rbin,13,SRA,Public Data,United States,North America,Tundra,77545428,71.299,-156.61,PRJNA375637,SAMN06343939,Not applicable
SRR5674476,SRR5674476rbin,10,SRA,Public Data,United States,North America,Tundra,268408060,71.299,-156.61,PRJNA375638,SAMN06343940,Not applicable
SRR5674536,SRR5674536rbin,2,SRA,Public Data,United States,North America,Tundra,69015110,71.299,-156.61,PRJNA375639,SAMN06343941,Not applicable
SRR5678805,SRR5678805rbin,35,SRA,Public Data,United States,North America,Agricultural Land,107529634,43,-92.5,PRJNA390250,SAMN07224804,Not applicable
SRR5678806,SRR5678806rbin,58,SRA,Public Data,United States,North America,Agricultural Land,303848880,43,-92.5,PRJNA390250,SAMN07224805,Not applicable
SRR5678807,SRR5678807rbin,69,SRA,Public Data,United States,North America,Agricultural Land,341258326,43,-92.5,PRJNA390250,SAMN07224804,Not applicable
SRR5678808,SRR5678808rbin,29,SRA,Public Data,United States,North America,Agricultural Land,105525598,43,-92.5,PRJNA390250,SAMN07224804,Not applicable
SRR5678811,SRR5678811rbin,24,SRA,Public Data,United States,North America,Agricultural Land,66362090,43,-92.5,PRJNA390250,SAMN07224805,Not applicable
SRR5678812,SRR5678812rbin,23,SRA,Public Data,United States,North America,Agricultural Land,67272722,43,-92.5,PRJNA390250,SAMN07224805,Not applicable
SRR5678813,SRR5678813rbin,3,SRA,Public Data,United States,North America,Agricultural Land,147584584,43,-92.5,PRJNA390250,SAMN07224807,Not applicable
SRR5678814,SRR5678814rbin,17,SRA,Public Data,United States,North America,Agricultural Land,414716710,43,-92.5,PRJNA390250,SAMN07224808,Not applicable
SRR5678815,SRR5678815rbin,4,SRA,Public Data,United States,North America,Agricultural Land,142453072,43,-92.5,PRJNA390250,SAMN07224809,Not applicable
SRR5678816,SRR5678816rbin,5,SRA,Public Data,United States,North America,Agricultural Land,145179994,43,-92.5,PRJNA390250,SAMN07224809,Not applicable
SRR5680860,SRR5680860rbin,30,SRA,Public Data,United States,North America,Tundra,97886456,71.299,-156.61,PRJNA375640,SAMN06343942,Not applicable
SRR5687767,SRR5687767rbin,9,SRA,Public Data,United States,North America,Agricultural Land,58436148,41.7655,-111.8143,PRJNA375186,SAMN06343754,Not applicable
SRR5687768,SRR5687768rbin,10,SRA,Public Data,United States,North America,Agricultural Land,67555856,41.7655,-111.8143,PRJNA375187,SAMN06343755,Not applicable
SRR5688500,SRR5688500rbin,9,SRA,Public Data,United States,North America,Agricultural Land,64333034,41.7655,-111.8143,PRJNA375188,SAMN06343756,Not applicable
SRR5688572,SRR5688572rbin,18,SRA,Public Data,United States,North America,Agricultural Land,134941328,41.7655,-111.8143,PRJNA375189,SAMN06343757,Not applicable
SRR5689334,SRR5689334rbin,10,SRA,Public Data,United States,North America,Agricultural Land,95758624,33.8834,-83.4195,PRJNA375190,SAMN06343758,Not applicable
SRR5690242,SRR5690242rbin,15,SRA,Public Data,United States,North America,Agricultural Land,82567556,33.8834,-83.4195,PRJNA375191,SAMN06343759,Not applicable
SRR5690348,SRR5690348rbin,13,SRA,Public Data,United States,North America,Agricultural Land,70939270,33.8834,-83.4195,PRJNA375192,SAMN06343760,Not applicable
SRR5690349,SRR5690349rbin,8,SRA,Public Data,United States,North America,Agricultural Land,100013402,33.8834,-83.4195,PRJNA375193,SAMN06343761,Not applicable
SRR5690554,SRR5690554rbin,101,SRA,Public Data,United States,North America,Agricultural Land,81007910,41.7655,-111.8143,PRJNA375194,SAMN06343762,Not applicable
SRR5690606,SRR5690606rbin,236,SRA,Public Data,United States,North America,Agricultural Land,242845456,41.7655,-111.8143,PRJNA375195,SAMN06343763,Not applicable
SRR5690625,SRR5690625rbin,70,SRA,Public Data,United States,North America,Agricultural Land,66410226,33.8834,-83.4195,PRJNA375196,SAMN06343764,Not applicable
SRR5699024,SRR5699024rbin,111,SRA,Public Data,United States,North America,Agricultural Land,228597476,33.8834,-83.4195,PRJNA375197,SAMN06343765,Not applicable
SRR5712664,SRR5712664rbin,8,SRA,Public Data,United States,North America,Wetland,74795710,39.7291,-123.6419,PRJNA375155,SAMN06343690,Not applicable
SRR5712671,SRR5712671rbin,9,SRA,Public Data,United States,North America,Wetland,122933776,39.7291,-123.6419,PRJNA375154,SAMN06343689,Not applicable
SRR5712672,SRR5712672rbin,2,SRA,Public Data,United States,North America,Wetland,71703972,39.7291,-123.6419,PRJNA375156,SAMN06343691,Not applicable
SRR5712675,SRR5712675rbin,2,SRA,Public Data,United States,North America,Wetland,69229996,39.7291,-123.6419,PRJNA375157,SAMN06343692,Not applicable
SRR5712691,SRR5712691rbin,13,SRA,Public Data,United States,North America,Wetland,192157904,39.7291,-123.6419,PRJNA375150,SAMN06343685,Not applicable
SRR5712692,SRR5712692rbin,27,SRA,Public Data,"USA: California, Eel River Critical Zone Observatory",North America,Forest,160468846,39.7291,-123.6419,PRJNA375151,SAMN06343686,Not applicable
SRR5713101,SRR5713101rbin,23,SRA,Public Data,United States,North America,Wetland,158450340,39.7291,-123.6419,PRJNA375152,SAMN06343687,Not applicable
SRR5713226,SRR5713226rbin,14,SRA,Public Data,United States,North America,Wetland,161968782,39.7291,-123.6419,PRJNA375153,SAMN06343688,Not applicable
SRR5823598,SRR5823598rbin,25,SRA,Public Data,Italy,Europe,Agricultural Land,143742722,45.19,8.25,PRJNA393632,SAMN07349445,Not applicable
SRR5823599,SRR5823599rbin,9,SRA,Public Data,Italy,Europe,Agricultural Land,78032800,45.19,8.25,PRJNA393632,SAMN07349444,Not applicable
SRR5823600,SRR5823600rbin,26,SRA,Public Data,Italy,Europe,Agricultural Land,104132128,45.19,8.25,PRJNA393632,SAMN07349451,Not applicable
SRR5823601,SRR5823601rbin,18,SRA,Public Data,Italy,Europe,Agricultural Land,37353458,45.19,8.25,PRJNA393632,SAMN07349450,Not applicable
SRR5823602,SRR5823602rbin,24,SRA,Public Data,Italy,Europe,Agricultural Land,92005316,45.19,8.25,PRJNA393632,SAMN07349449,Not applicable
SRR5823603,SRR5823603rbin,19,SRA,Public Data,Italy,Europe,Agricultural Land,95246986,45.19,8.25,PRJNA393632,SAMN07349448,Not applicable
SRR5823604,SRR5823604rbin,11,SRA,Public Data,Italy,Europe,Agricultural Land,177613272,45.19,8.25,PRJNA393632,SAMN07349435,Not applicable
SRR5823605,SRR5823605rbin,10,SRA,Public Data,Italy,Europe,Agricultural Land,170061676,45.19,8.25,PRJNA393632,SAMN07349434,Not applicable
SRR5823607,SRR5823607rbin,16,SRA,Public Data,Italy,Europe,Agricultural Land,184952764,45.19,8.25,PRJNA393632,SAMN07349436,Not applicable
SRR5823608,SRR5823608rbin,4,SRA,Public Data,Italy,Europe,Agricultural Land,95673644,45.19,8.25,PRJNA393632,SAMN07349439,Not applicable
SRR5823609,SRR5823609rbin,10,SRA,Public Data,Italy,Europe,Agricultural Land,130524020,45.19,8.25,PRJNA393632,SAMN07349438,Not applicable
SRR5823610,SRR5823610rbin,5,SRA,Public Data,Italy,Europe,Agricultural Land,104575066,45.19,8.25,PRJNA393632,SAMN07349441,Not applicable
SRR5823611,SRR5823611rbin,1,SRA,Public Data,Italy,Europe,Agricultural Land,34228126,45.19,8.25,PRJNA393632,SAMN07349440,Not applicable
SRR5823612,SRR5823612rbin,16,SRA,Public Data,Italy,Europe,Agricultural Land,61467578,45.19,8.25,PRJNA393632,SAMN07349443,Not applicable
SRR5823613,SRR5823613rbin,11,SRA,Public Data,Italy,Europe,Agricultural Land,106601802,45.19,8.25,PRJNA393632,SAMN07349442,Not applicable
SRR5829540,SRR5829540rbin,10,SRA,Public Data,Germany,Europe,Artificial Surfaces,45450144,50.131881,11.881046,PRJNA421255,SAMN05384266,0.1-0.2 m
SRR5829542,SRR5829542rbin,19,SRA,Public Data,Germany,Europe,Artificial Surfaces,67654112,50.131881,11.881046,PRJNA421255,SAMN05384291,0.1-0.2 m
SRR5829543,SRR5829543rbin,29,SRA,Public Data,Germany,Europe,Artificial Surfaces,99619662,50.131881,11.881046,PRJNA421255,SAMN05384321,0.1-0.2 m
SRR5829544,SRR5829544rbin,9,SRA,Public Data,Germany,Europe,Artificial Surfaces,53189058,50.131881,11.881046,PRJNA421255,SAMN05384391,0.1-0.2 m
SRR5829545,SRR5829545rbin,34,SRA,Public Data,Germany,Europe,Artificial Surfaces,111140532,50.131881,11.881046,PRJNA421255,SAMN05384351,0.1-0.2 m
SRR5829546,SRR5829546rbin,18,SRA,Public Data,Germany,Europe,Artificial Surfaces,67079462,50.131881,11.881046,PRJNA421255,SAMN05384396,0.1-0.2 m
SRR5829547,SRR5829547rbin,13,SRA,Public Data,Germany,Europe,Artificial Surfaces,53309838,50.131881,11.881046,PRJNA421255,SAMN05384341,0.1-0.2 m
SRR5829548,SRR5829548rbin,16,SRA,Public Data,Germany,Europe,Artificial Surfaces,58237162,50.131881,11.881046,PRJNA421255,SAMN05384426,0.1-0.2 m
SRR5829549,SRR5829549rbin,13,SRA,Public Data,Germany,Europe,Artificial Surfaces,52351178,50.131881,11.881046,PRJNA421255,SAMN05384276,0.1-0.2 m
SRR5829550,SRR5829550rbin,12,SRA,Public Data,Germany,Europe,Artificial Surfaces,56590008,50.131881,11.881046,PRJNA421255,SAMN05384311,0.1-0.2 m
SRR5829696,SRR5829696rbin,30,SRA,Public Data,United States,North America,Grassland,185826516,38.8692,-122.4283,PRJNA364856,SAMN06266022,Not applicable
SRR5855411,SRR5855411rbin,12,SRA,Public Data,United States,North America,Bare Land,63408208,38.42,-109.41,PRJNA395099,SAMN07373107,Not applicable
SRR5855412,SRR5855412rbin,4,SRA,Public Data,United States,North America,Bare Land,29854176,38.42,-109.41,PRJNA395099,SAMN07373106,Not applicable
SRR5855413,SRR5855413rbin,14,SRA,Public Data,United States,North America,Bare Land,72992460,38.42,-109.41,PRJNA395099,SAMN07373105,Not applicable
SRR5855414,SRR5855414rbin,6,SRA,Public Data,United States,North America,Bare Land,50339112,38.42,-109.41,PRJNA395099,SAMN07373104,Not applicable
SRR5855415,SRR5855415rbin,12,SRA,Public Data,United States,North America,Bare Land,75277734,38.42,-109.41,PRJNA395099,SAMN07373103,Not applicable
SRR5855416,SRR5855416rbin,15,SRA,Public Data,United States,North America,Bare Land,77809986,38.42,-109.41,PRJNA395099,SAMN07373102,Not applicable
SRR5855417,SRR5855417rbin,14,SRA,Public Data,United States,North America,Bare Land,55395390,38.42,-109.41,PRJNA395099,SAMN07373101,Not applicable
SRR5855418,SRR5855418rbin,8,SRA,Public Data,United States,North America,Bare Land,47104790,38.42,-109.41,PRJNA395099,SAMN07373100,Not applicable
SRR5855419,SRR5855419rbin,9,SRA,Public Data,United States,North America,Bare Land,67661946,38.42,-109.41,PRJNA395099,SAMN07373088,Not applicable
SRR5855420,SRR5855420rbin,17,SRA,Public Data,United States,North America,Bare Land,68355122,38.42,-109.41,PRJNA395099,SAMN07373089,Not applicable
SRR5855421,SRR5855421rbin,8,SRA,Public Data,United States,North America,Bare Land,63236594,38.42,-109.41,PRJNA395099,SAMN07373086,Not applicable
SRR5855423,SRR5855423rbin,11,SRA,Public Data,United States,North America,Bare Land,65101092,38.42,-109.41,PRJNA395099,SAMN07373084,Not applicable
SRR5855426,SRR5855426rbin,15,SRA,Public Data,United States,North America,Bare Land,71387604,38.42,-109.41,PRJNA395099,SAMN07373083,Not applicable
SRR5855427,SRR5855427rbin,11,SRA,Public Data,United States,North America,Bare Land,89275604,38.42,-109.41,PRJNA395099,SAMN07373080,Not applicable
SRR5855428,SRR5855428rbin,12,SRA,Public Data,United States,North America,Bare Land,67078634,38.42,-109.41,PRJNA395099,SAMN07373081,Not applicable
SRR5855429,SRR5855429rbin,1,SRA,Public Data,United States,North America,Bare Land,601300,38.42,-109.41,PRJNA395099,SAMN07373096,Not applicable
SRR5855430,SRR5855430rbin,10,SRA,Public Data,United States,North America,Bare Land,27668658,38.42,-109.41,PRJNA395099,SAMN07373097,Not applicable
SRR5855431,SRR5855431,0,SRA,Public Data,United States,North America,Bare Land,220336,38.42,-109.41,PRJNA395099,SAMN07373094,Not applicable
SRR5855432,SRR5855432rbin,18,SRA,Public Data,United States,North America,Bare Land,65258112,38.42,-109.41,PRJNA395099,SAMN07373095,Not applicable
SRR5855433,SRR5855433rbin,20,SRA,Public Data,United States,North America,Bare Land,65064514,38.42,-109.41,PRJNA395099,SAMN07373092,Not applicable
SRR5855434,SRR5855434rbin,17,SRA,Public Data,United States,North America,Bare Land,84210912,38.42,-109.41,PRJNA395099,SAMN07373093,Not applicable
SRR5855435,SRR5855435rbin,13,SRA,Public Data,United States,North America,Bare Land,92051186,38.42,-109.41,PRJNA395099,SAMN07373090,Not applicable
SRR5855436,SRR5855436rbin,16,SRA,Public Data,United States,North America,Bare Land,78635056,38.42,-109.41,PRJNA395099,SAMN07373091,Not applicable
SRR5855437,SRR5855437rbin,2,SRA,Public Data,United States,North America,Bare Land,2224670,38.42,-109.41,PRJNA395099,SAMN07373098,Not applicable
SRR5855438,SRR5855438rbin,16,SRA,Public Data,United States,North America,Bare Land,80555590,38.42,-109.41,PRJNA395099,SAMN07373099,Not applicable
SRR5877196,SRR5877196rbin,22,SRA,Public Data,China,Asia,Agricultural Land,65594398,23.617376,116.871372,PRJNA392834,SAMN07211852,Not applicable
SRR5877197,SRR5877197rbin,7,SRA,Public Data,China,Asia,Agricultural Land,59938702,23.618472,116.876013,PRJNA392834,SAMN07211853,Not applicable
SRR5881195,SRR5881195rbin,5,SRA,Public Data,United States,North America,Grassland,56924914,39.7181,-123.6527,PRJNA367562,SAMN06267085,Not applicable
SRR5881227,SRR5881227rbin,3,SRA,Public Data,United States,North America,Grassland,76015522,39.7181,-123.6527,PRJNA367565,SAMN06267088,Not applicable
SRR5881275,SRR5881275rbin,6,SRA,Public Data,United States,North America,Grassland,70890440,39.7181,-123.6527,PRJNA367566,SAMN06267089,Not applicable
SRR5881293,SRR5881293rbin,7,SRA,Public Data,United States,North America,Grassland,46179080,39.7181,-123.6527,PRJNA367567,SAMN06267090,Not applicable
SRR5881296,SRR5881296rbin,10,SRA,Public Data,United States,North America,Grassland,67364460,39.7181,-123.6527,PRJNA367568,SAMN06267091,Not applicable
SRR5881392,SRR5881392rbin,3,SRA,Public Data,United States,North America,Grassland,79747552,39.7181,-123.6527,PRJNA367569,SAMN06267092,Not applicable
SRR5881393,SRR5881393,0,SRA,Public Data,"USA: Angelo Coastal Reserve, California",North America,Grassland,13463062,39.7181,-123.6527,PRJNA367569,SAMN06267092,Not applicable
SRR5881394,SRR5881394rbin,4,SRA,Public Data,United States,North America,Grassland,84691348,39.7181,-123.6527,PRJNA367570,SAMN06267093,Not applicable
SRR5881396,SRR5881396rbin,15,SRA,Public Data,United States,North America,Grassland,75031372,39.7181,-123.6527,PRJNA367576,SAMN06267099,Not applicable
SRR5881397,SRR5881397rbin,8,SRA,Public Data,United States,North America,Grassland,75357798,39.7181,-123.6527,PRJNA367579,SAMN06267102,Not applicable
SRR5881398,SRR5881398rbin,4,SRA,Public Data,United States,North America,Grassland,69315452,39.7181,-123.6527,PRJNA367572,SAMN06267095,Not applicable
SRR5881409,SRR5881409rbin,6,SRA,Public Data,United States,North America,Grassland,69168524,39.7181,-123.6527,PRJNA367574,SAMN06267097,Not applicable
SRR5881628,SRR5881628rbin,8,SRA,Public Data,United States,North America,Grassland,73281642,39.7181,-123.6527,PRJNA367582,SAMN06267105,Not applicable
SRR5882672,SRR5882672rbin,14,SRA,Public Data,United States,North America,Wetland,205308622,39.7291,-123.6419,PRJNA364435,SAMN06264713,Not applicable
SRR5882724,SRR5882724rbin,28,SRA,Public Data,United States,North America,Wetland,211875348,39.7291,-123.6419,PRJNA364433,SAMN06264503,Not applicable
SRR5882757,SRR5882757rbin,5,SRA,Public Data,United States,North America,Wetland,191717382,39.7291,-123.6419,PRJNA364436,SAMN06265753,Not applicable
SRR5882762,SRR5882762rbin,7,SRA,Public Data,United States,North America,Wetland,197140672,39.7291,-123.6419,PRJNA364438,SAMN06264489,Not applicable
SRR5915952,SRR5915952rbin,3,SRA,Public Data,AUnited Statestralia,Australia,Grassland,42791974,-42.38459,147.31059,PRJNA317932,SAMN07483679,0
SRR5915956,SRR5915956rbin,4,SRA,Public Data,AUnited Statestralia,Australia,Grassland,41119030,-42.24227,147.45971,PRJNA317932,SAMN07483689,0
SRR5915997,SRR5915997rbin,7,SRA,Public Data,AUnited Statestralia,Australia,Grassland,35556040,-42.61742,147.42263,PRJNA317932,SAMN07483697,0
SRR5916035,SRR5916035rbin,7,SRA,Public Data,AUnited Statestralia,Australia,Shrubland,44536146,-13.84394,141.61639,PRJNA317932,SAMN07483675,0
SRR5916047,SRR5916047rbin,2,SRA,Public Data,AUnited Statestralia,Australia,Forest,36967646,-42.54522,147.45611,PRJNA317932,SAMN07483701,0
SRR5916093,SRR5916093rbin,3,SRA,Public Data,AUnited Statestralia,Australia,Shrubland,47028424,-42.27154,146.8927,PRJNA317932,SAMN07483713,0
SRR5916120,SRR5916120rbin,16,SRA,Public Data,AUnited Statestralia,Australia,Shrubland,39251124,-13.74768,141.50618,PRJNA317932,SAMN07483673,0
SRR5916140,SRR5916140rbin,2,SRA,Public Data,AUnited Statestralia,Australia,Agricultural Land,34588832,-42.61778,147.42226,PRJNA317932,SAMN07483699,0
SRR5916164,SRR5916164rbin,1,SRA,Public Data,AUnited Statestralia,Australia,Forest,37821118,-41.65563,145.08186,PRJNA317932,SAMN07483645,0
SRR5916175,SRR5916175rbin,3,SRA,Public Data,AUnited Statestralia,Australia,Shrubland,33523052,-42.38784,147.04742,PRJNA317932,SAMN07483705,0
SRR5916217,SRR5916217rbin,1,SRA,Public Data,AUnited Statestralia,Australia,Grassland,35598150,-42.27904,147.61451,PRJNA317932,SAMN07483693,0
SRR5916275,SRR5916275rbin,1,SRA,Public Data,AUnited Statestralia,Australia,Forest,41409602,-41.77754,147.31891,PRJNA317932,SAMN07483737,0
SRR5916285,SRR5916285rbin,2,SRA,Public Data,AUnited Statestralia,Australia,Grassland,37363616,-41.58365,145.09314,PRJNA317932,SAMN07483647,0
SRR5916294,SRR5916294rbin,3,SRA,Public Data,AUnited Statestralia,Australia,Grassland,35981312,-42.38433,147.31092,PRJNA317932,SAMN07483681,0
SRR5916310,SRR5916310rbin,1,SRA,Public Data,AUnited Statestralia,Australia,Forest,36162058,-42.28444,147.40152,PRJNA317932,SAMN07483687,0
SRR5916354,SRR5916354rbin,5,SRA,Public Data,AUnited Statestralia,Australia,Agricultural Land,39858702,-42.8072,147.43977,PRJNA317932,SAMN07483695,0
SRR5916420,SRR5916420rbin,1,SRA,Public Data,AUnited Statestralia,Australia,Forest,37052196,-42.40422,147.40767,PRJNA317932,SAMN07483683,0
SRR5918911,SRR5918911rbin,4,SRA,Public Data,AUnited Statestralia,Australia,Grassland,137803518,-25.351,131.0423,PRJNA317932,SAMN04873803,0
SRR5918912,SRR5918912rbin,5,SRA,Public Data,AUnited Statestralia,Australia,Grassland,112726152,-25.351,131.0423,PRJNA317932,SAMN04873803,0
SRR5918914,SRR5918914rbin,8,SRA,Public Data,AUnited Statestralia,Australia,Agricultural Land,35669090,-33.652974,150.267825,PRJNA317932,SAMN04874259,0
SRR5918916,SRR5918916rbin,2,SRA,Public Data,AUnited Statestralia,Australia,Forest,33055986,-16.10341667,145.4478833,PRJNA317932,SAMN04874263,0
SRR5918921,SRR5918921rbin,1,SRA,Public Data,AUnited Statestralia,Australia,Forest,34713238,-17.12108333,145.6308833,PRJNA317932,SAMN04874266,0
SRR5918944,SRR5918944rbin,1,SRA,Public Data,AUnited Statestralia,Australia,Shrubland,36736038,-34.03715,140.7064,PRJNA317932,SAMN04874112,0
SRR5918954,SRR5918954rbin,1,SRA,Public Data,AUnited Statestralia,Australia,Forest,37206290,-43.09507123,146.6542886,PRJNA317932,SAMN04874306,0
SRR5918955,SRR5918955rbin,1,SRA,Public Data,AUnited Statestralia,Australia,Grassland,36072236,-13.40822,135.77629,PRJNA317932,SAMN04874308,0
SRR5918958,SRR5918958rbin,2,SRA,Public Data,AUnited Statestralia,Australia,Forest,33801832,-37.25205,144.05391,PRJNA317932,SAMN04874298,0
SRR5918960,SRR5918960rbin,5,SRA,Public Data,AUnited Statestralia,Australia,Agricultural Land,31129484,-34.098,140.3515262,PRJNA317932,SAMN04874302,0
SRR5918970,SRR5918970rbin,5,SRA,Public Data,AUnited Statestralia,Australia,Grassland,56110682,-25.2875,130.92864,PRJNA317932,SAMN04873914,0
SRR5918978,SRR5918978rbin,3,SRA,Public Data,AUnited Statestralia,Australia,Grassland,36475840,-31.86331667,126.9831,PRJNA317932,SAMN04873635,0
SRR5918986,SRR5918986rbin,4,SRA,Public Data,AUnited Statestralia,Australia,Forest,35657038,-35.15304021,150.7352711,PRJNA317932,SAMN04873649,0
SRR5918988,SRR5918988rbin,4,SRA,Public Data,AUnited Statestralia,Australia,Grassland,33277126,-25.3119,131.085,PRJNA317932,SAMN04873910,0
SRR5918989,SRR5918989rbin,2,SRA,Public Data,AUnited Statestralia,Australia,Grassland,38048892,-25.3118,131.084,PRJNA317932,SAMN04873912,0
SRR5918992,SRR5918992rbin,7,SRA,Public Data,AUnited Statestralia,Australia,Agricultural Land,127471698,-35.12282,141.99678,PRJNA317932,SAMN04873879,20 cm
SRR5918993,SRR5918993rbin,23,SRA,Public Data,AUnited Statestralia,Australia,Agricultural Land,124343214,-36.67146,142.28934,PRJNA317932,SAMN04873880,0
SRR5918994,SRR5918994rbin,21,SRA,Public Data,AUnited Statestralia,Australia,Agricultural Land,141773776,-36.67146,142.28934,PRJNA317932,SAMN04873881,20 cm
SRR5918995,SRR5918995rbin,21,SRA,Public Data,AUnited Statestralia,Australia,Agricultural Land,148477442,-36.67146,142.28934,PRJNA317932,SAMN04873881,20 cm
SRR5918996,SRR5918996rbin,21,SRA,Public Data,AUnited Statestralia,Australia,Agricultural Land,134861518,-35.11641,141.97633,PRJNA317932,SAMN04873873,20 cm
SRR5918997,SRR5918997rbin,6,SRA,Public Data,AUnited Statestralia,Australia,Agricultural Land,126667000,-35.12282,141.99678,PRJNA317932,SAMN04873878,0
SRR5918998,SRR5918998rbin,8,SRA,Public Data,AUnited Statestralia,Australia,Agricultural Land,142193276,-35.12282,141.99678,PRJNA317932,SAMN04873878,0
SRR5919096,SRR5919096rbin,12,SRA,Public Data,AUnited Statestralia,Australia,Forest,41280510,-14.195246,135.71916,PRJNA317932,SAMN04874286,0
SRR5919098,SRR5919098rbin,3,SRA,Public Data,AUnited Statestralia,Australia,Shrubland,37064418,-22.282754,133.249341,PRJNA317932,SAMN04874282,0
SRR5919101,SRR5919101rbin,2,SRA,Public Data,AUnited Statestralia,Australia,Grassland,41567448,-13.52115,134.50615,PRJNA317932,SAMN04874292,0
SRR5919102,SRR5919102rbin,1,SRA,Public Data,AUnited Statestralia,Australia,Forest,42731362,-12.50916,135.81029,PRJNA317932,SAMN04874290,0
SRR5919105,SRR5919105rbin,1,SRA,Public Data,AUnited Statestralia,Australia,Forest,35614086,-36.673214,145.029247,PRJNA317932,SAMN04874294,0
SRR5919106,SRR5919106rbin,9,SRA,Public Data,AUnited Statestralia,Australia,Agricultural Land,139967054,-35.11641,141.97633,PRJNA317932,SAMN04873873,20 cm
SRR5919107,SRR5919107rbin,2,SRA,Public Data,AUnited Statestralia,Australia,Agricultural Land,127295714,-35.11641,141.97633,PRJNA317932,SAMN04873872,0
SRR5919108,SRR5919108rbin,2,SRA,Public Data,AUnited Statestralia,Australia,Grassland,161773446,-25.351,131.041,PRJNA317932,SAMN04873810,20 cm
SRR5919109,SRR5919109rbin,13,SRA,Public Data,AUnited Statestralia,Australia,Grassland,124707096,-25.351,131.041,PRJNA317932,SAMN04873810,20 cm
SRR5919112,SRR5919112rbin,4,SRA,Public Data,AUnited Statestralia,Australia,Agricultural Land,140804142,-35.11641,141.97633,PRJNA317932,SAMN04873872,0
SRR5919159,SRR5919159rbin,5,SRA,Public Data,AUnited Statestralia,Australia,Grassland,39635806,-31.40915,130.9936833,PRJNA317932,SAMN04873637,0
SRR5919168,SRR5919168rbin,3,SRA,Public Data,AUnited Statestralia,Australia,Forest,38109696,-35.14969942,150.686346,PRJNA317932,SAMN04873669,0
SRR5919197,SRR5919197rbin,12,SRA,Public Data,AUnited Statestralia,Australia,Grassland,103844012,-25.3504,131.0516,PRJNA317932,SAMN04873808,20 cm
SRR5919198,SRR5919198rbin,16,SRA,Public Data,AUnited Statestralia,Australia,Grassland,122419764,-25.3504,131.0516,PRJNA317932,SAMN04873808,20 cm
SRR5919199,SRR5919199rbin,5,SRA,Public Data,AUnited Statestralia,Australia,Grassland,139131550,-25.3504,131.0516,PRJNA317932,SAMN04873807,0
SRR5919200,SRR5919200rbin,3,SRA,Public Data,AUnited Statestralia,Australia,Grassland,30304948,-25.3504,131.0516,PRJNA317932,SAMN04873807,0
SRR5919201,SRR5919201rbin,9,SRA,Public Data,AUnited Statestralia,Australia,Grassland,121321824,-25.351,131.0423,PRJNA317932,SAMN04873804,20 cm
SRR5919202,SRR5919202rbin,5,SRA,Public Data,AUnited Statestralia,Australia,Grassland,118422326,-25.3504,131.0516,PRJNA317932,SAMN04873807,0
SRR5919204,SRR5919204rbin,9,SRA,Public Data,AUnited Statestralia,Australia,Grassland,153148874,-25.351,131.0423,PRJNA317932,SAMN04873804,20 cm
SRR5919206,SRR5919206rbin,2,SRA,Public Data,AUnited Statestralia,Australia,Grassland,166431986,-25.351,131.041,PRJNA317932,SAMN04873809,0
SRR5919212,SRR5919212rbin,1,SRA,Public Data,AUnited Statestralia,Australia,Grassland,30870212,-27.386111,152.878872,PRJNA317932,SAMN04874276,0
SRR5919221,SRR5919221rbin,1,SRA,Public Data,AUnited Statestralia,Australia,Grassland,36299846,-29.00203333,134.6857167,PRJNA317932,SAMN04873579,0
SRR5919227,SRR5919227rbin,2,SRA,Public Data,AUnited Statestralia,Australia,Shrubland,35944622,-28.05051667,120.5461667,PRJNA317932,SAMN04873619,0
SRR5919245,SRR5919245rbin,1,SRA,Public Data,AUnited Statestralia,Australia,Forest,34995274,-30.77565,138.7976,PRJNA317932,SAMN04874038,0
SRR5919246,SRR5919246rbin,4,SRA,Public Data,AUnited Statestralia,Australia,Forest,32160744,-31.32774,138.5673,PRJNA317932,SAMN04874040,0
SRR5919249,SRR5919249rbin,1,SRA,Public Data,AUnited Statestralia,Australia,Agricultural Land,35601452,-33.652818,150.268179,PRJNA317932,SAMN04874257,0
SRR5919288,SRR5919288rbin,1,SRA,Public Data,AUnited Statestralia,Australia,Forest,33171038,-35.1630042,150.6731254,PRJNA317932,SAMN04873671,0
SRR5919342,SRR5919342rbin,3,SRA,Public Data,AUnited Statestralia,Australia,Forest,37990764,-34.93343,138.727,PRJNA317932,SAMN04874034,0
SRR5919346,SRR5919346rbin,6,SRA,Public Data,AUnited Statestralia,Australia,Agricultural Land,42951400,-30.20066902,149.597249,PRJNA317932,SAMN04874206,0
SRR5923059,SRR5923059rbin,5,SRA,Public Data,AUnited Statestralia,Australia,Agricultural Land,41863622,-33.60897,150.7254,PRJNA317932,SAMN07488552,0
SRR5923187,SRR5923187rbin,6,SRA,Public Data,AUnited Statestralia,Australia,Wetland,48280046,-33.62075,150.73423,PRJNA317932,SAMN07488528,0
SRR5947207,SRR5947207rbin,13,SRA,Public Data,United States,North America,Grassland,87307862,39.7392,-123.6308,PRJNA365690,SAMN06266387,0.1 m
SRR5947208,SRR5947208rbin,13,SRA,Public Data,United States,North America,Grassland,95733770,39.7392,-123.6308,PRJNA365688,SAMN06266475,0.2 m
SRR5947209,SRR5947209rbin,13,SRA,Public Data,United States,North America,Grassland,107005576,39.7392,-123.6308,PRJNA365683,SAMN06264884,0.3 m
SRR6039439,SRR6039439,0,SRA,Public Data,Canada,North America,Agricultural Land,13077184,42.9849,-81.2453,PRJNA406970,SAMN07638738,Not applicable
SRR6048907,SRR6048907rbin,9,SRA,Public Data,Peru: Puca Glacier chronosequence,North America,Artificial Surfaces,28354740,-13.77333333,-71.07138889,PRJNA407491,SAMN07638980,Not applicable
SRR6048908,SRR6048908rbin,2,SRA,Public Data,Peru: Puca Glacier chronosequence,North America,Artificial Surfaces,22906830,-13.77333333,-71.07138889,PRJNA407491,SAMN07638984,Not applicable
SRR6049602,SRR6049602rbin,3,SRA,Public Data,China,Asia,Agricultural Land,51672510,23.623108,116.858058,PRJNA392834,SAMN07211855,Not applicable
SRR6049603,SRR6049603rbin,5,SRA,Public Data,China,Asia,Agricultural Land,50134942,23.6184547,116.938463,PRJNA392834,SAMN07211856,Not applicable
SRR6056278,SRR6056278rbin,6,SRA,Public Data,United States,North America,Wetland,50092126,37.4972,-122.1293,PRJNA406002,SAMN07631163,Not applicable
SRR6056298,SRR6056298rbin,15,SRA,Public Data,United States,North America,Wetland,40013392,37.4973,-122.1295,PRJNA406003,SAMN07631164,Not applicable
SRR6058998,SRR6058998rbin,5,SRA,Public Data,United States,North America,Grassland,72389422,39.7181,-123.6527,PRJNA406047,SAMN07631256,Not applicable
SRR6059036,SRR6059036rbin,5,SRA,Public Data,"USA: Angelo Coastal Reserve, California",North America,Grassland,60654296,39.7181,-123.6527,PRJNA406046,SAMN07631255,Not applicable
SRR6059058,SRR6059058rbin,6,SRA,Public Data,United States,North America,Grassland,112912664,39.7181,-123.6527,PRJNA406048,SAMN07631257,Not applicable
SRR6076972,SRR6076972rbin,7,SRA,Public Data,"Spain: Tres Cantos, Madrid",Europe,Artificial Surfaces,5576982,40.593726,-3.694562,PRJNA412168,SAMN07702269,0-30 cm
SRR6152564,SRR6152564rbin,25,SRA,Public Data,Germany,Europe,Wetland,164172850,50.131881,11.881046,PRJNA412436,SAMN05384256,10-20 cm 
SRR6181342,SRR6181342rbin,17,SRA,Public Data,Panama,North America,Forest,361167742,9.1086,-79.8436,PRJNA405528,SAMN07632034,Not applicable
SRR6181350,SRR6181350rbin,5,SRA,Public Data,Panama,North America,Forest,238879268,9.1086,-79.8436,PRJNA405529,SAMN07632035,Not applicable
SRR6184192,SRR6184192rbin,9,SRA,Public Data,United States,North America,Grassland,70305898,39.7181,-123.6527,PRJNA406049,SAMN07631258,Not applicable
SRR6184671,SRR6184671rbin,48,SRA,Public Data,United States,North America,Agricultural Land,351700764,39.72,-123.65,PRJNA406038,SAMN07631247,Not applicable
SRR6185295,SRR6185295rbin,28,SRA,Public Data,United States,North America,Agricultural Land,361962540,42.39,-85.37,PRJNA406039,SAMN07631248,Not applicable
SRR6185312,SRR6185312rbin,103,SRA,Public Data,United States,North America,Agricultural Land,340609438,42.39,-85.37,PRJNA406042,SAMN07631251,Not applicable
SRR6185369,SRR6185369rbin,38,SRA,Public Data,United States,North America,Agricultural Land,326996488,42.39,-85.37,PRJNA406041,SAMN07631250,Not applicable
SRR6185436,SRR6185436rbin,25,SRA,Public Data,United States,North America,Agricultural Land,366382764,42.39,-85.37,PRJNA406040,SAMN07631249,Not applicable
SRR6185437,SRR6185437rbin,105,SRA,Public Data,United States,North America,Agricultural Land,348131658,42.39,-85.37,PRJNA406043,SAMN07631252,Not applicable
SRR6185503,SRR6185503rbin,37,SRA,Public Data,United States,North America,Agricultural Land,367470922,42.39,-85.37,PRJNA406044,SAMN07631253,Not applicable
SRR6185512,SRR6185512rbin,90,SRA,Public Data,United States,North America,Agricultural Land,348550976,42.39,-85.37,PRJNA406045,SAMN07631254,Not applicable
SRR6186713,SRR6186713rbin,1,SRA,Public Data,United States,North America,Agricultural Land,68116286,42.39,-85.37,PRJNA405289,SAMN07632291,Not applicable
SRR6186997,SRR6186997rbin,2,SRA,Public Data,United States,North America,Agricultural Land,70845688,43.3,-89.38,PRJNA405290,SAMN07632292,Not applicable
SRR6187048,SRR6187048rbin,4,SRA,Public Data,United States,North America,Agricultural Land,61236092,43.3,-89.38,PRJNA405291,SAMN07632293,Not applicable
SRR6187200,SRR6187200rbin,2,SRA,Public Data,United States,North America,Agricultural Land,71498330,43.3,-89.38,PRJNA405293,SAMN07632295,Not applicable
SRR6187201,SRR6187201rbin,4,SRA,Public Data,United States,North America,Agricultural Land,51467520,43.3,-89.38,PRJNA405292,SAMN07632294,Not applicable
SRR6187397,SRR6187397rbin,1,SRA,Public Data,United States,North America,Agricultural Land,59487788,43.3,-89.38,PRJNA405294,SAMN07632296,Not applicable
SRR6187398,SRR6187398rbin,1,SRA,Public Data,United States,North America,Agricultural Land,59311564,43.3,-89.38,PRJNA406116,SAMN07632301,Not applicable
SRR6187400,SRR6187400rbin,3,SRA,Public Data,United States,North America,Agricultural Land,63033776,43.3,-89.38,PRJNA406115,SAMN07632300,Not applicable
SRR6187401,SRR6187401rbin,2,SRA,Public Data,United States,North America,Agricultural Land,69388526,43.3,-89.38,PRJNA406117,SAMN07632302,Not applicable
SRR6187402,SRR6187402rbin,5,SRA,Public Data,United States,North America,Agricultural Land,79180420,43.3,-89.38,PRJNA406113,SAMN07632298,Not applicable
SRR6187431,SRR6187431rbin,1,SRA,Public Data,United States,North America,Agricultural Land,67234306,43.3,-89.38,PRJNA406114,SAMN07632299,Not applicable
SRR6187455,SRR6187455rbin,1,SRA,Public Data,United States,North America,Agricultural Land,67554802,43.3,-89.38,PRJNA406118,SAMN07632303,Not applicable
SRR6187549,SRR6187549rbin,3,SRA,Public Data,United States,North America,Agricultural Land,85071798,43.3,-89.38,PRJNA406120,SAMN07632305,Not applicable
SRR6187551,SRR6187551rbin,5,SRA,Public Data,United States,North America,Agricultural Land,76114600,43.3,-89.38,PRJNA406119,SAMN07632304,Not applicable
SRR6188470,SRR6188470rbin,3,SRA,Public Data,United States,North America,Agricultural Land,62125428,43.3,-89.38,PRJNA406121,SAMN07632306,Not applicable
SRR6188471,SRR6188471rbin,2,SRA,Public Data,United States,North America,Agricultural Land,65150764,43.3,-89.38,PRJNA406122,SAMN07632307,Not applicable
SRR6188472,SRR6188472rbin,6,SRA,Public Data,United States,North America,Agricultural Land,86560792,43.3,-89.38,PRJNA406123,SAMN07632308,Not applicable
SRR6188473,SRR6188473rbin,4,SRA,Public Data,United States,North America,Agricultural Land,56941454,43.3,-89.38,PRJNA406125,SAMN07632310,Not applicable
SRR6188474,SRR6188474rbin,5,SRA,Public Data,United States,North America,Agricultural Land,81490386,43.3,-89.38,PRJNA406126,SAMN07632311,Not applicable
SRR6188508,SRR6188508rbin,3,SRA,Public Data,United States,North America,Agricultural Land,76439124,43.3,-89.38,PRJNA406127,SAMN07632312,Not applicable
SRR6188509,SRR6188509rbin,1,SRA,Public Data,United States,North America,Agricultural Land,64043540,43.3,-89.38,PRJNA406124,SAMN07632309,Not applicable
SRR6188602,SRR6188602rbin,3,SRA,Public Data,United States,North America,Agricultural Land,57869744,43.3,-89.38,PRJNA406128,SAMN07632313,Not applicable
SRR6188768,SRR6188768rbin,3,SRA,Public Data,United States,North America,Agricultural Land,85269778,43.3,-89.38,PRJNA406129,SAMN07632314,Not applicable
SRR6193119,SRR6193119rbin,44,SRA,Public Data,Germany,Europe,Wetland,203289542,50.131881,11.881046,PRJNA412436,SAMN05384256,10-20 cm 
SRR6195256,SRR6195256rbin,2,SRA,Public Data,United States,North America,Forest,116310484,38.88,-120.64,PRJNA366462,SAMN06268939,Not applicable
SRR6195952,SRR6195952rbin,1,SRA,Public Data,United States,North America,Forest,111290696,38.88,-120.64,PRJNA366466,SAMN06268943,Not applicable
SRR6195974,SRR6195974rbin,73,SRA,Public Data,Germany,Europe,Artificial Surfaces,266241046,50.131881,11.881046,PRJNA412436,SAMN05384255,0.1-0.2 m
SRR6195975,SRR6195975rbin,19,SRA,Public Data,Germany,Europe,Artificial Surfaces,43709806,50.131881,11.881046,PRJNA412436,SAMN05384255,0.1-0.2 m
SRR6201746,SRR6201746rbin,1,SRA,Public Data,United States,North America,Forest,63232872,38.88,-120.64,PRJNA366602,SAMN06268724,Not applicable
SRR6201747,SRR6201747rbin,1,SRA,Public Data,United States,North America,Forest,62489750,38.88,-120.64,PRJNA366602,SAMN06268724,Not applicable
SRR6201803,SRR6201803,0,SRA,Public Data,"USA:Browns Valley, California, USA",North America,Forest,18584392,39.23550963,-121.2836963,PRJNA366305,SAMN06268693,Not applicable
SRR6201804,SRR6201804rbin,4,SRA,Public Data,"USA:Browns Valley, California, USA",North America,Forest,14543862,39.23550963,-121.2836963,PRJNA366500,SAMN06268977,Not applicable
SRR6201863,SRR6201863rbin,4,SRA,Public Data,United States,North America,Grassland,16504828,35.913,-79.056,PRJNA366650,SAMN06268748,Not applicable
SRR6201864,SRR6201864rbin,4,SRA,Public Data,United States,North America,Grassland,17383368,35.913,-79.056,PRJNA366395,SAMN06268803,Not applicable
SRR6201865,SRR6201865rbin,3,SRA,Public Data,United States,North America,Forest,34321580,44.20517707,-122.1284473,PRJNA366513,SAMN06268990,Not applicable
SRR6201866,SRR6201866rbin,4,SRA,Public Data,United States,North America,Grassland,22938986,35.913,-79.056,PRJNA366514,SAMN06268991,Not applicable
SRR6201867,SRR6201867rbin,4,SRA,Public Data,United States,North America,Forest,22102706,44.20517707,-122.1284473,PRJNA366686,SAMN06268784,Not applicable
SRR6201868,SRR6201868rbin,4,SRA,Public Data,United States,North America,Grassland,20194088,35.913,-79.056,PRJNA366496,SAMN06268973,Not applicable
SRR6201869,SRR6201869rbin,4,SRA,Public Data,United States,North America,Forest,21640294,44.20517707,-122.1284473,PRJNA366512,SAMN06268989,Not applicable
SRR6201870,SRR6201870rbin,4,SRA,Public Data,United States,North America,Grassland,16858018,35.913,-79.056,PRJNA366498,SAMN06268975,Not applicable
SRR6201871,SRR6201871,0,SRA,Public Data,United States,North America,Grassland,22589140,35.913,-79.056,PRJNA366499,SAMN06268976,Not applicable
SRR6201872,SRR6201872rbin,1,SRA,Public Data,United States,North America,Grassland,21759008,35.913,-79.056,PRJNA366379,SAMN06268788,Not applicable
SRR6201906,SRR6201906,0,SRA,Public Data,United States,North America,Forest,17288936,44.20517707,-122.1284473,PRJNA366688,SAMN06268786,Not applicable
SRR6201907,SRR6201907,0,SRA,Public Data,United States,North America,Forest,23290588,44.20517707,-122.1284473,PRJNA366685,SAMN06268783,Not applicable
SRR6201908,SRR6201908rbin,2,SRA,Public Data,United States,North America,Grassland,49898786,39.070856,-96.582821,PRJNA366649,SAMN06268747,Not applicable
SRR6201921,SRR6201921,0,SRA,Public Data,United States,North America,Grassland,16409074,39.070856,-96.582821,PRJNA366511,SAMN06268988,Not applicable
SRR6201923,SRR6201923,0,SRA,Public Data,United States,North America,Grassland,22879414,39.070856,-96.582821,PRJNA366494,SAMN06268971,Not applicable
SRR6201925,SRR6201925rbin,1,SRA,Public Data,United States,North America,Grassland,28545916,39.070856,-96.582821,PRJNA366665,SAMN06268763,Not applicable
SRR6201926,SRR6201926,0,SRA,Public Data,United States,North America,Grassland,23683718,39.05,-99.1,PRJNA366479,SAMN06268956,Not applicable
SRR6201928,SRR6201928,0,SRA,Public Data,United States,North America,Grassland,19979096,39.05,-99.1,PRJNA366480,SAMN06268957,Not applicable
SRR6201929,SRR6201929,0,SRA,Public Data,United States,North America,Grassland,22412588,39.05,-99.1,PRJNA366497,SAMN06268974,Not applicable
SRR6201955,SRR6201955,0,SRA,Public Data,United States,North America,Grassland,16455780,40.81667,-104.76667,PRJNA366720,SAMN06268639,Not applicable
SRR6201957,SRR6201957,0,SRA,Public Data,United States,North America,Grassland,16269470,40.81667,-104.76667,PRJNA366721,SAMN06268640,Not applicable
SRR6201985,SRR6201985rbin,1,SRA,Public Data,United States,North America,Forest,82031388,31.11,-95.15,PRJNA366732,SAMN06268651,Not applicable
SRR6201988,SRR6201988rbin,4,SRA,Public Data,United States,North America,Forest,92718678,31.11,-95.15,PRJNA366710,SAMN06268629,Not applicable
SRR6201989,SRR6201989rbin,1,SRA,Public Data,United States,North America,Forest,79678558,31.11,-95.15,PRJNA366757,SAMN06268676,Not applicable
SRR6201991,SRR6201991rbin,5,SRA,Public Data,United States,North America,Forest,90381508,31.11,-95.15,PRJNA366301,SAMN06268689,Not applicable
SRR6201992,SRR6201992rbin,1,SRA,Public Data,United States,North America,Forest,85974392,31.11,-95.15,PRJNA366400,SAMN06268808,Not applicable
SRR6201993,SRR6201993rbin,1,SRA,Public Data,United States,North America,Forest,95240758,31.11,-95.15,PRJNA366717,SAMN06268636,Not applicable
SRR6201994,SRR6201994rbin,1,SRA,Public Data,United States,North America,Forest,91950800,31.11,-95.15,PRJNA366750,SAMN06268669,Not applicable
SRR6201996,SRR6201996rbin,3,SRA,Public Data,United States,North America,Forest,166207126,31.11,-95.15,PRJNA366402,SAMN06268810,Not applicable
SRR6201997,SRR6201997rbin,1,SRA,Public Data,United States,North America,Forest,100795644,31.11,-95.15,PRJNA366733,SAMN06268652,Not applicable
SRR6201998,SRR6201998rbin,2,SRA,Public Data,United States,North America,Forest,92565532,31.11,-95.15,PRJNA366718,SAMN06268637,Not applicable
SRR6201999,SRR6201999rbin,2,SRA,Public Data,United States,North America,Forest,90301884,31.11,-95.15,PRJNA366403,SAMN06268811,Not applicable
SRR6202000,SRR6202000rbin,1,SRA,Public Data,United States,North America,Forest,78026282,31.11,-95.15,PRJNA366719,SAMN06268638,Not applicable
SRR6202008,SRR6202008rbin,1,SRA,Public Data,United States,North America,Forest,93057370,31.11,-95.15,PRJNA366751,SAMN06268670,Not applicable
SRR6202011,SRR6202011rbin,2,SRA,Public Data,Canada,North America,Forest,102665550,46.42,-83.37,PRJNA366405,SAMN06268813,Not applicable
SRR6202012,SRR6202012rbin,1,SRA,Public Data,United States,North America,Forest,94216436,31.11,-95.15,PRJNA366758,SAMN06268677,Not applicable
SRR6202020,SRR6202020rbin,2,SRA,Public Data,Canada,North America,Forest,71648680,46.42,-83.37,PRJNA366723,SAMN06268642,Not applicable
SRR6202021,SRR6202021rbin,3,SRA,Public Data,Canada,North America,Forest,95729852,46.42,-83.37,PRJNA366712,SAMN06268631,Not applicable
SRR6202022,SRR6202022rbin,8,SRA,Public Data,Canada,North America,Forest,93878368,46.42,-83.37,PRJNA366735,SAMN06268654,Not applicable
SRR6202023,SRR6202023rbin,4,SRA,Public Data,Canada,North America,Forest,81442656,46.42,-83.37,PRJNA366755,SAMN06268674,Not applicable
SRR6202030,SRR6202030rbin,4,SRA,Public Data,Canada,North America,Forest,84859098,46.42,-83.37,PRJNA366756,SAMN06268675,Not applicable
SRR6202034,SRR6202034rbin,6,SRA,Public Data,Canada,North America,Forest,81373992,46.42,-83.37,PRJNA366398,SAMN06268806,Not applicable
SRR6202035,SRR6202035rbin,2,SRA,Public Data,Canada,North America,Forest,102620398,46.42,-83.37,PRJNA366753,SAMN06268672,Not applicable
SRR6202040,SRR6202040rbin,2,SRA,Public Data,Canada,North America,Forest,81278368,46.42,-83.37,PRJNA366724,SAMN06268643,Not applicable
SRR6202041,SRR6202041rbin,4,SRA,Public Data,Canada,North America,Forest,69265300,46.42,-83.37,PRJNA366690,SAMN06268609,Not applicable
SRR6202042,SRR6202042rbin,4,SRA,Public Data,Canada,North America,Forest,77995784,46.42,-83.37,PRJNA366754,SAMN06268673,Not applicable
SRR6202043,SRR6202043rbin,3,SRA,Public Data,Canada,North America,Forest,74267130,46.42,-83.37,PRJNA366738,SAMN06268657,Not applicable
SRR6202044,SRR6202044rbin,1,SRA,Public Data,Canada,North America,Forest,78542882,46.42,-83.37,PRJNA366739,SAMN06268658,Not applicable
SRR6202045,SRR6202045rbin,4,SRA,Public Data,Canada,North America,Forest,80295268,46.42,-83.37,PRJNA366691,SAMN06268610,Not applicable
SRR6202046,SRR6202046rbin,8,SRA,Public Data,Canada,North America,Forest,101668504,46.42,-83.37,PRJNA366761,SAMN06268680,Not applicable
SRR6202047,SRR6202047rbin,4,SRA,Public Data,Canada,North America,Forest,89329270,46.42,-83.37,PRJNA366725,SAMN06268644,Not applicable
SRR6202048,SRR6202048rbin,3,SRA,Public Data,Canada,North America,Forest,93467698,46.42,-83.37,PRJNA366747,SAMN06268666,Not applicable
SRR6202049,SRR6202049rbin,7,SRA,Public Data,Canada,North America,Forest,86158422,49.08,-89.38,PRJNA366762,SAMN06268681,Not applicable
SRR6202050,SRR6202050rbin,9,SRA,Public Data,Canada,North America,Forest,92586062,49.08,-89.38,PRJNA366729,SAMN06268648,Not applicable
SRR6202051,SRR6202051,0,SRA,Public Data,Canada,North America,Forest,35976872,49.08,-89.38,PRJNA366407,SAMN06268815,Not applicable
SRR6202140,SRR6202140rbin,2,SRA,Public Data,Canada,North America,Forest,87233366,49.08,-89.38,PRJNA366763,SAMN06268682,Not applicable
SRR6202142,SRR6202142rbin,5,SRA,Public Data,Canada,North America,Forest,78106450,49.08,-89.38,PRJNA366713,SAMN06268632,Not applicable
SRR6202158,SRR6202158rbin,11,SRA,Public Data,Canada,North America,Forest,105060130,49.08,-89.38,PRJNA366714,SAMN06268633,Not applicable
SRR6202161,SRR6202161rbin,1,SRA,Public Data,Canada,North America,Forest,87890642,49.08,-89.38,PRJNA366736,SAMN06268655,Not applicable
SRR6202162,SRR6202162rbin,8,SRA,Public Data,Canada,North America,Forest,110170958,49.08,-89.38,PRJNA366298,SAMN06268685,Not applicable
SRR6202163,SRR6202163rbin,4,SRA,Public Data,Canada,North America,Forest,84462674,49.08,-89.38,PRJNA366748,SAMN06268667,Not applicable
SRR6202165,SRR6202165rbin,11,SRA,Public Data,Canada,North America,Forest,99337168,49.08,-89.38,PRJNA366689,SAMN06268608,Not applicable
SRR6202166,SRR6202166rbin,5,SRA,Public Data,Canada,North America,Forest,90725762,49.08,-89.38,PRJNA366399,SAMN06268807,Not applicable
SRR6202167,SRR6202167rbin,10,SRA,Public Data,Canada,North America,Forest,95275756,49.08,-89.38,PRJNA366730,SAMN06268649,Not applicable
SRR6202171,SRR6202171rbin,7,SRA,Public Data,Canada,North America,Forest,104524778,49.08,-89.38,PRJNA366297,SAMN06268686,Not applicable
SRR6202451,SRR6202451rbin,6,SRA,Public Data,Canada,North America,Forest,85602106,49.08,-89.38,PRJNA366749,SAMN06268668,Not applicable
SRR6202453,SRR6202453rbin,10,SRA,Public Data,Canada,North America,Forest,88218478,49.08,-89.38,PRJNA366711,SAMN06268630,Not applicable
SRR6202521,SRR6202521rbin,8,SRA,Public Data,Canada,North America,Forest,95063740,49.08,-89.38,PRJNA366715,SAMN06268634,Not applicable
SRR6202522,SRR6202522rbin,8,SRA,Public Data,Canada,North America,Forest,66287380,49.08,-89.38,PRJNA366408,SAMN06268816,Not applicable
SRR6202789,SRR6202789rbin,3,SRA,Public Data,Canada,North America,Forest,79035772,49.08,-89.38,PRJNA366396,SAMN06268804,Not applicable
SRR6202790,SRR6202790rbin,5,SRA,Public Data,Canada,North America,Forest,92712914,49.08,-89.38,PRJNA366716,SAMN06268635,Not applicable
SRR6204780,SRR6204780rbin,2,SRA,Public Data,Canada,North America,Forest,84395018,49.08,-89.38,PRJNA366296,SAMN06268684,Not applicable
SRR6241674,SRR6241674rbin,1,SRA,Public Data,China,Asia,Agricultural Land,66439460,23.21,109,PRJNA394813,SAMN07360923,Not applicable
SRR6266403,SRR6266403rbin,14,SRA,Public Data,United States,North America,Wetland,115549128,39.7291,-123.6419,PRJNA405440,SAMN07632182,Not applicable
SRR6266404,SRR6266404rbin,15,SRA,Public Data,USA: California,North America,Forest,174156390,39.7291,-123.6419,PRJNA405441,SAMN07632183,Not applicable
SRR6266436,SRR6266436rbin,13,SRA,Public Data,USA: California,North America,Forest,180652646,39.7291,-123.6419,PRJNA405442,SAMN07632184,Not applicable
SRR6266446,SRR6266446rbin,13,SRA,Public Data,USA: California,North America,Forest,180626844,39.7291,-123.6419,PRJNA405443,SAMN07632185,Not applicable
SRR6266478,SRR6266478rbin,16,SRA,Public Data,United States,North America,Wetland,175707462,39.7291,-123.6419,PRJNA405444,SAMN07632186,Not applicable
SRR6266480,SRR6266480rbin,17,SRA,Public Data,United States,North America,Wetland,157938962,39.5673,-123.4758,PRJNA405446,SAMN07632188,Not applicable
SRR6266481,SRR6266481rbin,13,SRA,Public Data,USA: California,North America,Forest,178389878,39.7291,-123.6419,PRJNA405445,SAMN07632187,Not applicable
SRR6266487,SRR6266487rbin,18,SRA,Public Data,USA: California,North America,Grassland,145000594,39.5673,-123.4758,PRJNA405447,SAMN07632044,Not applicable
SRR6266496,SRR6266496rbin,24,SRA,Public Data,USA: California,North America,Grassland,129992578,39.5673,-123.4758,PRJNA405448,SAMN07632045,Not applicable
SRR6266498,SRR6266498rbin,20,SRA,Public Data,USA: California,North America,Grassland,125505090,39.5673,-123.4758,PRJNA405449,SAMN07632046,Not applicable
SRR6266508,SRR6266508rbin,45,SRA,Public Data,United States,North America,Wetland,136240728,39.5673,-123.4758,PRJNA405451,SAMN07632048,Not applicable
SRR6266511,SRR6266511rbin,39,SRA,Public Data,USA: California,North America,Grassland,133910904,39.5673,-123.4758,PRJNA405450,SAMN07632047,Not applicable
SRR6266513,SRR6266513rbin,9,SRA,Public Data,USA: California,North America,Grassland,114749918,39.5673,-123.4758,PRJNA405452,SAMN07632049,Not applicable
SRR6266516,SRR6266516rbin,25,SRA,Public Data,USA: California,North America,Grassland,143608262,39.5673,-123.4758,PRJNA405453,SAMN07632050,Not applicable
SRR6266536,SRR6266536rbin,36,SRA,Public Data,United States,North America,Wetland,129153734,39.5673,-123.4758,PRJNA405454,SAMN07632051,Not applicable
SRR6266540,SRR6266540rbin,25,SRA,Public Data,USA: California,North America,Grassland,105890638,39.5673,-123.4758,PRJNA405456,SAMN07632053,Not applicable
SRR6266542,SRR6266542rbin,41,SRA,Public Data,United States,North America,Wetland,143089422,39.5673,-123.4758,PRJNA405455,SAMN07632052,Not applicable
SRR6266545,SRR6266545rbin,60,SRA,Public Data,United States,North America,Wetland,191744856,39.5673,-123.4758,PRJNA406071,SAMN07632054,Not applicable
SRR6266550,SRR6266550rbin,23,SRA,Public Data,USA: California,North America,Grassland,199137782,39.5673,-123.4758,PRJNA406072,SAMN07632055,Not applicable
SRR6266566,SRR6266566rbin,22,SRA,Public Data,United States,North America,Wetland,218968030,39.5673,-123.4758,PRJNA406073,SAMN07632056,Not applicable
SRR6266567,SRR6266567rbin,24,SRA,Public Data,United States,North America,Wetland,205850102,39.5673,-123.4758,PRJNA406074,SAMN07632057,Not applicable
SRR6266568,SRR6266568rbin,45,SRA,Public Data,United States,North America,Wetland,199526104,39.5673,-123.4758,PRJNA406075,SAMN07632058,Not applicable
SRR6266571,SRR6266571rbin,33,SRA,Public Data,USA: California,North America,Grassland,194243966,39.5673,-123.4758,PRJNA406076,SAMN07631895,Not applicable
SRR6266576,SRR6266576rbin,17,SRA,Public Data,United States,North America,Wetland,149327670,39.5673,-123.4758,PRJNA406078,SAMN07631897,Not applicable
SRR6266699,SRR6266699rbin,15,SRA,Public Data,USA: California,North America,Grassland,144117990,39.5673,-123.4758,PRJNA406079,SAMN07631898,Not applicable
SRR6266700,SRR6266700rbin,15,SRA,Public Data,United States,North America,Wetland,153354628,39.5673,-123.4758,PRJNA406080,SAMN07631899,Not applicable
SRR6266702,SRR6266702rbin,30,SRA,Public Data,USA: California,North America,Grassland,168503184,39.5673,-123.4758,PRJNA406081,SAMN07631900,Not applicable
SRR6266704,SRR6266704rbin,19,SRA,Public Data,USA: California,North America,Grassland,135837970,39.5673,-123.4758,PRJNA406082,SAMN07631901,Not applicable
SRR6266705,SRR6266705rbin,9,SRA,Public Data,USA: California,North America,Forest,126044266,39.7291,-123.6419,PRJNA406083,SAMN07631902,Not applicable
SRR6266849,SRR6266849rbin,23,SRA,Public Data,United States,North America,Wetland,180555158,39.7291,-123.6419,PRJNA406084,SAMN07631903,Not applicable
SRR6266850,SRR6266850rbin,24,SRA,Public Data,USA: California,North America,Forest,171223536,39.7291,-123.6419,PRJNA406087,SAMN07631906,Not applicable
SRR6266851,SRR6266851rbin,32,SRA,Public Data,United States,North America,Wetland,209927196,39.7291,-123.6419,PRJNA406086,SAMN07631905,Not applicable
SRR6266852,SRR6266852rbin,20,SRA,Public Data,USA: California,North America,Forest,158709330,39.7291,-123.6419,PRJNA406085,SAMN07631904,Not applicable
SRR6266853,SRR6266853rbin,11,SRA,Public Data,USA: California,North America,Forest,132874922,39.7291,-123.6419,PRJNA406088,SAMN07631907,Not applicable
SRR6267142,SRR6267142rbin,14,SRA,Public Data,USA: California,North America,Forest,140757234,39.7291,-123.6419,PRJNA406090,SAMN07631909,Not applicable
SRR6267143,SRR6267143rbin,12,SRA,Public Data,USA: California,North America,Forest,135482738,39.7291,-123.6419,PRJNA406089,SAMN07631908,Not applicable
SRR6267154,SRR6267154rbin,6,SRA,Public Data,USA: California,North America,Forest,146017770,39.7291,-123.6419,PRJNA406091,SAMN07631910,Not applicable
SRR6267378,SRR6267378rbin,10,SRA,Public Data,USA: California,North America,Forest,175340288,39.7291,-123.6419,PRJNA406092,SAMN07631911,Not applicable
SRR6293899,SRR6293899rbin,2,SRA,Public Data,China,Asia,Agricultural Land,71205710,38.8856,121.5079,PRJNA418191,SAMN08027286,Not applicable
SRR6293900,SRR6293900rbin,3,SRA,Public Data,China,Asia,Agricultural Land,81743810,38.8856,121.5079,PRJNA418191,SAMN08027285,Not applicable
SRR6325480,SRR6325480rbin,11,SRA,Public Data,China,Asia,Agricultural Land,139082728,23.623302,116.891809,PRJNA392834,SAMN08097992,Not applicable
SRR6325481,SRR6325481rbin,9,SRA,Public Data,China,Asia,Agricultural Land,119707528,23.648674,116.871558,PRJNA392834,SAMN08097993,Not applicable
SRR6394728,SRR6394728rbin,2,SRA,Public Data,Australia: Sydney,Australia,Wetland,22741658,-33.840172,151.058803,PRJNA422917,SAMN08200737,Not applicable
SRR6435952,SRR6435952rbin,1,SRA,Public Data,United States,North America,Artificial Surfaces,28752422,35.9076,-79.0506,PRJNA406156,SAMN07632065,Not applicable
SRR6435953,SRR6435953rbin,1,SRA,Public Data,United States,North America,Artificial Surfaces,19100234,35.9076,-79.0506,PRJNA406157,SAMN07632066,Not applicable
SRR6435954,SRR6435954rbin,1,SRA,Public Data,United States,North America,Artificial Surfaces,27740340,35.9076,-79.0506,PRJNA406158,SAMN07632067,Not applicable
SRR6435962,SRR6435962rbin,1,SRA,Public Data,United States,North America,Artificial Surfaces,26392436,35.9076,-79.0506,PRJNA406160,SAMN07632069,Not applicable
SRR6435964,SRR6435964rbin,1,SRA,Public Data,United States,North America,Artificial Surfaces,18444408,35.9076,-79.0506,PRJNA406159,SAMN07632068,Not applicable
SRR6436009,SRR6436009rbin,1,SRA,Public Data,United States,North America,Artificial Surfaces,22744696,35.9076,-79.0506,PRJNA406177,SAMN07632086,Not applicable
SRR6436018,SRR6436018rbin,1,SRA,Public Data,United States,North America,Artificial Surfaces,19093564,35.9076,-79.0506,PRJNA406175,SAMN07632084,Not applicable
SRR6436019,SRR6436019rbin,1,SRA,Public Data,United States,North America,Artificial Surfaces,21526774,35.9076,-79.0506,PRJNA406176,SAMN07632085,Not applicable
SRR6436041,SRR6436041rbin,1,SRA,Public Data,United States,North America,Artificial Surfaces,30022558,35.9076,-79.0506,PRJNA406180,SAMN07632089,Not applicable
SRR6436042,SRR6436042rbin,1,SRA,Public Data,United States,North America,Artificial Surfaces,21251452,35.9076,-79.0506,PRJNA406179,SAMN07632088,Not applicable
SRR6436043,SRR6436043rbin,1,SRA,Public Data,United States,North America,Artificial Surfaces,30647684,35.9076,-79.0506,PRJNA406178,SAMN07632087,Not applicable
SRR6436044,SRR6436044rbin,1,SRA,Public Data,United States,North America,Artificial Surfaces,21021508,35.9076,-79.0506,PRJNA406181,SAMN07632090,Not applicable
SRR6474585,SRR6474585rbin,12,SRA,Public Data,"USA: Madison, Wisconsin",North America,Grassland,13913152,43.07,-89.4,PRJNA405168,SAMN07632517,Not applicable
SRR6474744,SRR6474744rbin,18,SRA,Public Data,"USA: Madison, Wisconsin",North America,Grassland,14386862,43.07,-89.4,PRJNA405171,SAMN07632520,Not applicable
SRR6474769,SRR6474769rbin,13,SRA,Public Data,"USA: Madison, Wisconsin",North America,Artificial Surfaces,14561498,43.073,-89.4011,PRJNA405174,SAMN07632523,Not applicable
SRR6474843,SRR6474843rbin,7,SRA,Public Data,"USA: Madison, Wisconsin",North America,Grassland,14494848,43.07,-89.4,PRJNA405192,SAMN07632541,Not applicable
SRR6474844,SRR6474844rbin,10,SRA,Public Data,"USA: Madison, Wisconsin",North America,Grassland,16771764,43.07,-89.4,PRJNA405179,SAMN07632528,Not applicable
SRR6474846,SRR6474846rbin,8,SRA,Public Data,"USA: Madison, Wisconsin",North America,Artificial Surfaces,14682470,43.073,-89.4011,PRJNA405178,SAMN07632527,Not applicable
SRR6474848,SRR6474848rbin,17,SRA,Public Data,"USA: Madison, Wisconsin",North America,Artificial Surfaces,15893928,43.073,-89.4011,PRJNA405182,SAMN07632531,Not applicable
SRR6474866,SRR6474866rbin,7,SRA,Public Data,"USA: Madison, Wisconsin",North America,Artificial Surfaces,15882706,43.073,-89.4011,PRJNA405194,SAMN07632543,Not applicable
SRR6474867,SRR6474867rbin,20,SRA,Public Data,"USA: Madison, Wisconsin",North America,Grassland,14152850,43.07,-89.4,PRJNA405164,SAMN07632513,Not applicable
SRR6474868,SRR6474868rbin,2,SRA,Public Data,"USA: Madison, Wisconsin",North America,Grassland,14012248,43.07,-89.4,PRJNA405184,SAMN07632533,Not applicable
SRR6474919,SRR6474919rbin,13,SRA,Public Data,"USA: Madison, Wisconsin",North America,Grassland,23093044,43.07,-89.4,PRJNA405185,SAMN07632534,Not applicable
SRR6474920,SRR6474920rbin,16,SRA,Public Data,"USA: Madison, Wisconsin",North America,Grassland,15093748,43.07,-89.4,PRJNA405165,SAMN07632514,Not applicable
SRR6474940,SRR6474940rbin,14,SRA,Public Data,"USA: Madison, Wisconsin",North America,Artificial Surfaces,18036214,43.073,-89.4011,PRJNA405188,SAMN07632537,Not applicable
SRR6474949,SRR6474949rbin,5,SRA,Public Data,"USA: Madison, Wisconsin",North America,Artificial Surfaces,16205456,43.073,-89.4011,PRJNA405197,SAMN07632546,Not applicable
SRR6474979,SRR6474979rbin,12,SRA,Public Data,"USA: Madison, Wisconsin",North America,Grassland,14367180,43.07,-89.4,PRJNA405198,SAMN07632547,Not applicable
SRR6475147,SRR6475147rbin,11,SRA,Public Data,United States,North America,Artificial Surfaces,15671998,43.073,-89.4011,PRJNA405167,SAMN07632516,Not applicable
SRR6476469,SRR6476469rbin,8,SRA,Public Data,United States,North America,Agricultural Land,169723046,38.89,121.51,PRJNA405205,SAMN07632554,Not applicable
SRR6476619,SRR6476619rbin,6,SRA,Public Data,United States,North America,Agricultural Land,137041392,42.45,-76.38,PRJNA405207,SAMN07632556,Not applicable
SRR6476620,SRR6476620rbin,7,SRA,Public Data,United States,North America,Agricultural Land,188447450,42.45,-76.38,PRJNA405209,SAMN07632558,Not applicable
SRR6476646,SRR6476646rbin,6,SRA,Public Data,United States,North America,Agricultural Land,192347078,42.45,-76.38,PRJNA405208,SAMN07632557,Not applicable
SRR6476659,SRR6476659rbin,6,SRA,Public Data,"USA: Mt. Pleasant research farm, Cornell University, New York",North America,Grassland,172702534,42.45,-76.38,PRJNA405206,SAMN07632555,Not applicable
SRR6476660,SRR6476660rbin,6,SRA,Public Data,United States,North America,Agricultural Land,158697792,42.45,-76.38,PRJNA405210,SAMN07632559,Not applicable
SRR6476661,SRR6476661rbin,8,SRA,Public Data,"USA: Mt. Pleasant research farm, Cornell University, New York",North America,Grassland,197576630,42.45,-76.38,PRJNA368379,SAMN06269067,Not applicable
SRR6478609,SRR6478609rbin,14,SRA,Public Data,"USA: Mt. Pleasant research farm, Cornell University, New York",North America,Grassland,218096152,42.45,-76.38,PRJNA368381,SAMN06269069,Not applicable
SRR6478672,SRR6478672rbin,11,SRA,Public Data,United States,North America,Agricultural Land,226498824,42.45,-76.38,PRJNA368380,SAMN06269068,Not applicable
SRR6478735,SRR6478735rbin,15,SRA,Public Data,United States,North America,Agricultural Land,233608920,42.45,-76.38,PRJNA405211,SAMN07632560,Not applicable
SRR6478736,SRR6478736rbin,13,SRA,Public Data,United States,North America,Agricultural Land,203451632,42.45,-76.38,PRJNA405212,SAMN07632561,Not applicable
SRR6478752,SRR6478752rbin,12,SRA,Public Data,United States,North America,Agricultural Land,202029360,42.45,-76.38,PRJNA368382,SAMN06269070,Not applicable
SRR6516162,SRR6516162rbin,8,SRA,Public Data,Puerto Rico: Rio Grande,South America,Grassland,175698458,18.32,-65.82,PRJNA406800,SAMN07631796,Not applicable
SRR6516165,SRR6516165rbin,9,SRA,Public Data,Puerto Rico: Rio Grande,South America,Grassland,189485018,18.32,-65.82,PRJNA406801,SAMN07631797,Not applicable
SRR6516225,SRR6516225rbin,10,SRA,Public Data,Puerto Rico: Rio Grande,South America,Grassland,191846214,18.32,-65.82,PRJNA404202,SAMN07630341,Not applicable
SRR6516260,SRR6516260rbin,7,SRA,Public Data,Puerto Rico: Rio Grande,South America,Grassland,167285920,18.32,-65.82,PRJNA404207,SAMN07630346,Not applicable
SRR6516488,SRR6516488rbin,11,SRA,Public Data,Puerto Rico: Rio Grande,South America,Grassland,202212214,18.32,-65.82,PRJNA404208,SAMN07630347,Not applicable
SRR6517649,SRR6517649rbin,6,SRA,Public Data,China,Asia,Bare Land,103169594,37.45,104.95,PRJNA431914,SAMN08426419,Not applicable
SRR6517650,SRR6517650rbin,5,SRA,Public Data,China,Asia,Bare Land,114549022,37.45,104.96,PRJNA431914,SAMN08426420,Not applicable
SRR6517651,SRR6517651rbin,9,SRA,Public Data,China,Asia,Bare Land,109067796,37.47,104.98,PRJNA431914,SAMN08426421,Not applicable
SRR6517652,SRR6517652rbin,10,SRA,Public Data,China,Asia,Bare Land,103450792,37.47,105.02,PRJNA431914,SAMN08426422,Not applicable
SRR6517653,SRR6517653rbin,6,SRA,Public Data,China,Asia,Bare Land,113048288,37.49,105.02,PRJNA431914,SAMN08426423,Not applicable
SRR6517654,SRR6517654rbin,8,SRA,Public Data,China,Asia,Bare Land,108808946,37.5,105.04,PRJNA431914,SAMN08426424,Not applicable
SRR6517655,SRR6517655rbin,3,SRA,Public Data,China,Asia,Bare Land,106168796,37.45,104.95,PRJNA431914,SAMN08426425,Not applicable
SRR6517656,SRR6517656rbin,2,SRA,Public Data,China,Asia,Bare Land,108113542,37.45,104.97,PRJNA431914,SAMN08426426,Not applicable
SRR6517657,SRR6517657rbin,3,SRA,Public Data,China,Asia,Bare Land,99168250,37.46,104.97,PRJNA431914,SAMN08426427,Not applicable
SRR6517658,SRR6517658rbin,5,SRA,Public Data,China,Asia,Bare Land,101857172,37.47,105.01,PRJNA431914,SAMN08426428,Not applicable
SRR6517659,SRR6517659rbin,6,SRA,Public Data,China,Asia,Bare Land,114392460,37.48,105.02,PRJNA431914,SAMN08426429,Not applicable
SRR6517660,SRR6517660rbin,7,SRA,Public Data,China,Asia,Bare Land,110725288,37.49,105.03,PRJNA431914,SAMN08426430,Not applicable
SRR6683737,SRR6683737rbin,25,SRA,Public Data,Svalbard: Spitsbergen,Europe,Sea,76081024,78.58,12.05,PRJNA411948,SAMN07691962,Not applicable
SRR6683738,SRR6683738rbin,7,SRA,Public Data,Svalbard: Spitsbergen,Europe,Sea,82665148,78.58,12.05,PRJNA411948,SAMN07691962,Not applicable
SRR6683739,SRR6683739rbin,10,SRA,Public Data,Svalbard: Spitsbergen,Europe,Sea,76253278,78.58,12.05,PRJNA411948,SAMN07691962,Not applicable
SRR6683740,SRR6683740rbin,6,SRA,Public Data,Svalbard: Spitsbergen,Europe,Sea,78483570,78.58,12.05,PRJNA411948,SAMN07691962,Not applicable
SRR6788478,SRR6788478,0,SRA,Public Data,United States,North America,Artificial Surfaces,15083310,33.19,-81.42,PRJNA436168,SAMN08618475,Not applicable
SRR6788479,SRR6788479,0,SRA,Public Data,United States,North America,Artificial Surfaces,21348618,33.19,-81.42,PRJNA436168,SAMN08618474,Not applicable
SRR6788480,SRR6788480rbin,1,SRA,Public Data,United States,North America,Artificial Surfaces,18589982,33.19,-81.42,PRJNA436168,SAMN08618473,Not applicable
SRR6788481,SRR6788481,0,SRA,Public Data,United States,North America,Artificial Surfaces,13444654,33.19,-81.42,PRJNA436168,SAMN08618472,Not applicable
SRR6788482,SRR6788482rbin,1,SRA,Public Data,United States,North America,Artificial Surfaces,20449064,33.19,-81.42,PRJNA436168,SAMN08618471,Not applicable
SRR6788483,SRR6788483,0,SRA,Public Data,United States,North America,Artificial Surfaces,21444376,33.19,-81.42,PRJNA436168,SAMN08618470,Not applicable
SRR6788484,SRR6788484rbin,3,SRA,Public Data,United States,North America,Artificial Surfaces,19557124,33.19,-81.42,PRJNA436168,SAMN08618469,Not applicable
SRR6788485,SRR6788485rbin,5,SRA,Public Data,United States,North America,Artificial Surfaces,20002640,33.19,-81.42,PRJNA436168,SAMN08618468,Not applicable
SRR6788486,SRR6788486rbin,26,SRA,Public Data,United States,North America,Artificial Surfaces,133110040,33.19,-81.42,PRJNA436168,SAMN08618477,Not applicable
SRR6788488,SRR6788488rbin,28,SRA,Public Data,United States,North America,Artificial Surfaces,153180070,33.19,-81.42,PRJNA436168,SAMN08618479,Not applicable
SRR6788489,SRR6788489rbin,23,SRA,Public Data,United States,North America,Artificial Surfaces,137132600,33.19,-81.42,PRJNA436168,SAMN08618478,Not applicable
SRR6797243,SRR6797243rbin,6,SRA,Public Data,Netherlands,Europe,Agricultural Land,49537066,52.0105,5.7818,PRJNA435676,SAMN08625970,Not applicable
SRR6797244,SRR6797244rbin,5,SRA,Public Data,Netherlands,Europe,Agricultural Land,50489976,52.0105,5.7818,PRJNA435676,SAMN08625970,Not applicable
SRR6797246,SRR6797246rbin,4,SRA,Public Data,Netherlands,Europe,Agricultural Land,37842268,52.0105,5.7818,PRJNA435676,SAMN08625970,Not applicable
SRR6831574,SRR6831574rbin,22,SRA,Public Data,Panama,North America,Forest,360274774,9.1086,-79.8436,PRJNA364907,SAMN06264379,Not applicable
SRR6831646,SRR6831646rbin,17,SRA,Public Data,United States,North America,Agricultural Land,223209934,41.1613,-96.6752,PRJNA432256,SAMN08440693,Not applicable
SRR6956465,SRR6956465rbin,4,SRA,Public Data,United States,North America,Agricultural Land,80374384,9.11,-79.84,PRJNA444369,SAMN08777464,Not applicable
SRR6956476,SRR6956476rbin,2,SRA,Public Data,United States,North America,Agricultural Land,80390914,43.3,-89.38,PRJNA444368,SAMN08776611,Not applicable
SRR6956671,SRR6956671rbin,3,SRA,Public Data,United States,North America,Agricultural Land,71171026,43.3,-89.38,PRJNA444371,SAMN08777463,Not applicable
SRR6956731,SRR6956731rbin,1,SRA,Public Data,United States,North America,Agricultural Land,70465790,43.3,-89.38,PRJNA444372,SAMN08777462,Not applicable
SRR6958124,SRR6958124rbin,2,SRA,Public Data,United States,North America,Wetland,308815936,38.0262,-109.5407,PRJNA444969,SAMN08779060,Not applicable
SRR6958471,SRR6958471rbin,3,SRA,Public Data,United States,North America,Wetland,171498136,37.9013,-109.5337,PRJNA444971,SAMN08777552,Not applicable
SRR6958472,SRR6958472rbin,24,SRA,Public Data,United States,North America,Wetland,329230048,41.136,-111.9047,PRJNA444975,SAMN08778797,Not applicable
SRR6958552,SRR6958552rbin,50,SRA,Public Data,United States,North America,Wetland,374335636,45.2639,-110.8632,PRJNA444980,SAMN08777172,Not applicable
SRR7003761,SRR7003761rbin,17,SRA,Public Data,United States,North America,Bare Land,142881152,45.26,-110.86,PRJNA442912,SAMN08778196,Not applicable
SRR7003762,SRR7003762rbin,6,SRA,Public Data,United States,North America,Bare Land,117900262,33.3,-116.25,PRJNA442913,SAMN08777018,Not applicable
SRR7003763,SRR7003763rbin,29,SRA,Public Data,United States,North America,Bare Land,52213356,33.3,-116.25,PRJNA442917,SAMN08778203,Not applicable
SRR7003764,SRR7003764rbin,22,SRA,Public Data,United States,North America,Bare Land,81554060,33.3,-116.25,PRJNA442916,SAMN08778198,Not applicable
SRR7003765,SRR7003765rbin,33,SRA,Public Data,United States,North America,Bare Land,183635236,33.3,-116.25,PRJNA442915,SAMN08777017,Not applicable
SRR7003766,SRR7003766rbin,40,SRA,Public Data,United States,North America,Bare Land,176454672,33.3,-116.25,PRJNA442914,SAMN08778197,Not applicable
SRR7003767,SRR7003767rbin,26,SRA,Public Data,United States,North America,Bare Land,55881778,33.3,-116.25,PRJNA442918,SAMN08777016,Not applicable
SRR7003810,SRR7003810rbin,16,SRA,Public Data,United States,North America,Bare Land,57966272,33.3,-116.25,PRJNA442919,SAMN08778204,Not applicable
SRR7004144,SRR7004144rbin,21,SRA,Public Data,United States,North America,Bare Land,46446000,33.3,-116.25,PRJNA442922,SAMN08778279,Not applicable
SRR7004167,SRR7004167rbin,14,SRA,Public Data,United States,North America,Bare Land,69921332,33.31,-116.25,PRJNA442816,SAMN08776645,Not applicable
SRR7004174,SRR7004174rbin,17,SRA,Public Data,United States,North America,Bare Land,45735722,33.31,-116.25,PRJNA442923,SAMN08776995,Not applicable
SRR7004194,SRR7004194rbin,13,SRA,Public Data,United States,North America,Bare Land,63105344,33.31,-116.25,PRJNA442924,SAMN08778280,Not applicable
SRR7004195,SRR7004195rbin,8,SRA,Public Data,United States,North America,Bare Land,64877666,33.31,-116.25,PRJNA442925,SAMN08778206,Not applicable
SRR7004196,SRR7004196rbin,8,SRA,Public Data,United States,North America,Bare Land,61054592,33.31,-116.25,PRJNA442921,SAMN08778205,Not applicable
SRR7004197,SRR7004197rbin,10,SRA,Public Data,United States,North America,Bare Land,57880472,33.3,-116.25,PRJNA442920,SAMN08776996,Not applicable
SRR7004198,SRR7004198rbin,15,SRA,Public Data,Colombia,South America,Wetland,159498510,3.8381,-73.3194,PRJNA443510,SAMN08778643,Not applicable
SRR7004199,SRR7004199rbin,1,SRA,Public Data,Colombia,South America,Wetland,62978420,3.8381,-73.3194,PRJNA443512,SAMN08776834,Not applicable
SRR7004200,SRR7004200rbin,25,SRA,Public Data,Colombia,South America,Wetland,162191142,4.0627,-73.195,PRJNA443515,SAMN08776833,Not applicable
SRR7004201,SRR7004201rbin,12,SRA,Public Data,Colombia,South America,Wetland,79819738,3.8381,-73.3194,PRJNA443513,SAMN08778923,Not applicable
SRR7004202,SRR7004202rbin,24,SRA,Public Data,Colombia,South America,Wetland,158778394,3.8381,-73.3194,PRJNA443511,SAMN08778644,Not applicable
SRR7004203,SRR7004203rbin,21,SRA,Public Data,Colombia,South America,Wetland,133581048,4.0627,-73.195,PRJNA443514,SAMN08778645,Not applicable
SRR7004204,SRR7004204rbin,17,SRA,Public Data,Colombia,South America,Wetland,124985232,4.0627,-73.195,PRJNA443517,SAMN08776832,Not applicable
SRR7004205,SRR7004205rbin,31,SRA,Public Data,Colombia,South America,Wetland,176922284,4.0627,-73.195,PRJNA443516,SAMN08778309,Not applicable
SRR7004206,SRR7004206rbin,14,SRA,Public Data,Colombia,South America,Wetland,141775834,4.2396,-73.2024,PRJNA443518,SAMN08778310,Not applicable
SRR7004333,SRR7004333rbin,4,SRA,Public Data,Colombia,South America,Wetland,84298876,4.2396,-73.2024,PRJNA443520,SAMN08776831,Not applicable
SRR7004334,SRR7004334rbin,13,SRA,Public Data,Colombia,South America,Wetland,176168244,4.2396,-73.2024,PRJNA443519,SAMN08778924,Not applicable
SRR7004335,SRR7004335rbin,21,SRA,Public Data,Colombia,South America,Wetland,183013630,4.2396,-73.2024,PRJNA443521,SAMN08778949,Not applicable
SRR7004337,SRR7004337rbin,28,SRA,Public Data,Colombia,South America,Wetland,149598086,4.0627,-73.195,PRJNA443526,SAMN08778951,Not applicable
SRR7004338,SRR7004338rbin,35,SRA,Public Data,Colombia,South America,Wetland,169217606,3.8381,-73.3194,PRJNA443522,SAMN08777028,Not applicable
SRR7004339,SRR7004339rbin,29,SRA,Public Data,Colombia,South America,Wetland,151332316,3.8381,-73.3194,PRJNA443523,SAMN08778950,Not applicable
SRR7004340,SRR7004340rbin,29,SRA,Public Data,Colombia,South America,Wetland,157005524,3.8381,-73.3194,PRJNA443524,SAMN08778311,Not applicable
SRR7004342,SRR7004342rbin,18,SRA,Public Data,Colombia,South America,Wetland,162141520,4.0627,-73.195,PRJNA443527,SAMN08776830,Not applicable
SRR7004343,SRR7004343rbin,31,SRA,Public Data,Colombia,South America,Wetland,158112918,4.0627,-73.195,PRJNA443528,SAMN08779168,Not applicable
SRR7004344,SRR7004344rbin,31,SRA,Public Data,Colombia,South America,Wetland,163066816,4.0627,-73.195,PRJNA443529,SAMN08776829,Not applicable
SRR7004345,SRR7004345rbin,17,SRA,Public Data,Colombia,South America,Wetland,133773946,4.2396,-73.2024,PRJNA443530,SAMN08778312,Not applicable
SRR7004346,SRR7004346rbin,7,SRA,Public Data,Colombia,South America,Wetland,73849142,4.2396,-73.2024,PRJNA443532,SAMN08777026,Not applicable
SRR7004347,SRR7004347rbin,8,SRA,Public Data,Colombia,South America,Wetland,133915272,4.2396,-73.2024,PRJNA443531,SAMN08778313,Not applicable
SRR7006909,SRR7006909rbin,12,SRA,Public Data,Colombia,South America,Wetland,74336436,4.2396,-73.2024,PRJNA443533,SAMN08777025,Not applicable
SRR7010303,SRR7010303rbin,1,SRA,Public Data,United States,North America,Wetland,42402164,38.9136,-106.8951,PRJNA445060,SAMN08779112,Not applicable
SRR7010524,SRR7010524rbin,1,SRA,Public Data,United States,North America,Wetland,34287754,38.9136,-106.8951,PRJNA445061,SAMN08779113,Not applicable
SRR7010525,SRR7010525rbin,1,SRA,Public Data,United States,North America,Wetland,38204564,38.9136,-106.8951,PRJNA445061,SAMN08779113,Not applicable
SRR7010528,SRR7010528rbin,2,SRA,Public Data,United States,North America,Wetland,44487600,38.9137,-106.8949,PRJNA445062,SAMN08777523,Not applicable
SRR7010529,SRR7010529rbin,2,SRA,Public Data,United States,North America,Wetland,36877162,38.9137,-106.8949,PRJNA445062,SAMN08777523,Not applicable
SRR7011027,SRR7011027rbin,2,SRA,Public Data,United States,North America,Wetland,43427736,38.9137,-106.8949,PRJNA443227,SAMN08779114,Not applicable
SRR7011028,SRR7011028rbin,3,SRA,Public Data,United States,North America,Wetland,42300278,38.9137,-106.8949,PRJNA443227,SAMN08779114,Not applicable
SRR7011568,SRR7011568rbin,3,SRA,Public Data,United States,North America,Wetland,44516726,38.9138,-106.8952,PRJNA443229,SAMN08779115,Not applicable
SRR7011569,SRR7011569rbin,3,SRA,Public Data,United States,North America,Wetland,45554266,38.9138,-106.8952,PRJNA443229,SAMN08779115,Not applicable
SRR7011573,SRR7011573rbin,2,SRA,Public Data,United States,North America,Wetland,53090088,38.9138,-106.8952,PRJNA443228,SAMN08777312,Not applicable
SRR7011574,SRR7011574rbin,1,SRA,Public Data,United States,North America,Wetland,55461550,38.9138,-106.8952,PRJNA443228,SAMN08777312,Not applicable
SRR7011726,SRR7011726rbin,1,SRA,Public Data,United States,North America,Wetland,40800774,38.9203,-106.9486,PRJNA443232,SAMN08779116,Not applicable
SRR7011942,SRR7011942rbin,2,SRA,Public Data,United States,North America,Wetland,44093808,38.9205,-106.9513,PRJNA443234,SAMN08777508,Not applicable
SRR7011943,SRR7011943rbin,2,SRA,Public Data,United States,North America,Wetland,41826480,38.9205,-106.9513,PRJNA443234,SAMN08777508,Not applicable
SRR7011951,SRR7011951rbin,10,SRA,Public Data,United States,North America,Wetland,155592550,38.9134,-106.8956,PRJNA443231,SAMN08779318,Not applicable
SRR7011953,SRR7011953rbin,2,SRA,Public Data,United States,North America,Wetland,50946298,38.9205,-106.9513,PRJNA443235,SAMN08777507,Not applicable
SRR7011954,SRR7011954rbin,2,SRA,Public Data,United States,North America,Wetland,46541846,38.9205,-106.9513,PRJNA443235,SAMN08777507,Not applicable
SRR7011963,SRR7011963rbin,3,SRA,Public Data,United States,North America,Wetland,39185784,38.9203,-106.9495,PRJNA443237,SAMN08776919,Not applicable
SRR7011964,SRR7011964rbin,2,SRA,Public Data,United States,North America,Wetland,47390176,38.9203,-106.9495,PRJNA443237,SAMN08776919,Not applicable
SRR7011991,SRR7011991rbin,18,SRA,Public Data,United States,North America,Wetland,129349816,38.9206,-106.9514,PRJNA443238,SAMN08779170,Not applicable
SRR7011995,SRR7011995rbin,2,SRA,Public Data,United States,North America,Wetland,43038340,38.9206,-106.9514,PRJNA443239,SAMN08777506,Not applicable
SRR7011996,SRR7011996rbin,3,SRA,Public Data,United States,North America,Wetland,48474926,38.9206,-106.9514,PRJNA443239,SAMN08777506,Not applicable
SRR7011997,SRR7011997rbin,2,SRA,Public Data,United States,North America,Wetland,41324620,38.9821,-107.0102,PRJNA443240,SAMN08779120,Not applicable
SRR7011999,SRR7011999rbin,1,SRA,Public Data,United States,North America,Wetland,41410218,38.9825,-107.0101,PRJNA443242,SAMN08776918,Not applicable
SRR7012006,SRR7012006rbin,3,SRA,Public Data,United States,North America,Wetland,24306444,38.9821,-107.0102,PRJNA443241,SAMN08779171,Not applicable
SRR7012007,SRR7012007rbin,5,SRA,Public Data,United States,North America,Wetland,41790108,38.9821,-107.0102,PRJNA443241,SAMN08779171,Not applicable
SRR7012429,SRR7012429rbin,2,SRA,Public Data,United States,North America,Wetland,50851592,38.9825,-107.0101,PRJNA443243,SAMN08776982,Not applicable
SRR7012430,SRR7012430rbin,1,SRA,Public Data,United States,North America,Wetland,44363596,38.9825,-107.0101,PRJNA443243,SAMN08776982,Not applicable
SRR7012453,SRR7012453rbin,1,SRA,Public Data,United States,North America,Wetland,59804554,38.9827,-107.0102,PRJNA443244,SAMN08779172,Not applicable
SRR7012454,SRR7012454rbin,1,SRA,Public Data,United States,North America,Wetland,43130266,38.9827,-107.0102,PRJNA443244,SAMN08779172,Not applicable
SRR7012891,SRR7012891rbin,3,SRA,Public Data,United States,North America,Wetland,64154744,38.9827,-107.0102,PRJNA443245,SAMN08779121,Not applicable
SRR7012892,SRR7012892rbin,1,SRA,Public Data,United States,North America,Wetland,46770078,38.9827,-107.0102,PRJNA443245,SAMN08779121,Not applicable
SRR7012999,SRR7012999rbin,2,SRA,Public Data,United States,North America,Wetland,48514986,38.9355,-106.9424,PRJNA443225,SAMN08776917,Not applicable
SRR7013000,SRR7013000rbin,1,SRA,Public Data,United States,North America,Wetland,51068608,38.9355,-106.9424,PRJNA443225,SAMN08776917,Not applicable
SRR7013837,SRR7013837rbin,3,SRA,Public Data,Canada,North America,Agricultural Land,90062108,50.28,-107.8,PRJNA448190,SAMN08867838,Not applicable
SRR7013838,SRR7013838rbin,4,SRA,Public Data,Canada,North America,Agricultural Land,103267544,50.28,-107.8,PRJNA448190,SAMN08867839,Not applicable
SRR7013839,SRR7013839rbin,3,SRA,Public Data,Canada,North America,Agricultural Land,66356482,50.28,-107.8,PRJNA448190,SAMN08867840,Not applicable
SRR7015784,SRR7015784rbin,1,SRA,Public Data,United States,North America,Wetland,46419404,38.9362,-106.9425,PRJNA443176,SAMN08776916,Not applicable
SRR7015785,SRR7015785rbin,1,SRA,Public Data,United States,North America,Wetland,39979084,38.9362,-106.9425,PRJNA443176,SAMN08776916,Not applicable
SRR7015886,SRR7015886rbin,7,SRA,Public Data,United States,North America,Wetland,55802496,38.9365,-106.9428,PRJNA443174,SAMN08779122,Not applicable
SRR7015887,SRR7015887rbin,7,SRA,Public Data,United States,North America,Wetland,52994594,38.9365,-106.9428,PRJNA443174,SAMN08779122,Not applicable
SRR7015888,SRR7015888rbin,2,SRA,Public Data,United States,North America,Wetland,49741658,38.9355,-106.9424,PRJNA443226,SAMN08779173,Not applicable
SRR7015890,SRR7015890rbin,6,SRA,Public Data,United States,North America,Wetland,46514596,38.9365,-106.9428,PRJNA443175,SAMN08779123,Not applicable
SRR7015891,SRR7015891rbin,8,SRA,Public Data,United States,North America,Wetland,52423388,38.9365,-106.9428,PRJNA443175,SAMN08779123,Not applicable
SRR7015892,SRR7015892rbin,3,SRA,Public Data,United States,North America,Wetland,47275982,38.987,-107.0038,PRJNA443181,SAMN08776980,Not applicable
SRR7015893,SRR7015893rbin,4,SRA,Public Data,United States,North America,Wetland,53253496,38.987,-107.0038,PRJNA443181,SAMN08776980,Not applicable
SRR7015916,SRR7015916rbin,3,SRA,Public Data,United States,North America,Wetland,51700002,38.9354,-106.9424,PRJNA443179,SAMN08779124,Not applicable
SRR7015917,SRR7015917rbin,3,SRA,Public Data,United States,North America,Wetland,57192664,38.9354,-106.9424,PRJNA443179,SAMN08779124,Not applicable
SRR7015918,SRR7015918rbin,1,SRA,Public Data,United States,North America,Wetland,48154330,38.987,-107.0038,PRJNA443180,SAMN08776915,Not applicable
SRR7015921,SRR7015921rbin,6,SRA,Public Data,United States,North America,Wetland,142714732,38.9362,-106.9425,PRJNA443177,SAMN08779174,Not applicable
SRR7026199,SRR7026199rbin,2,SRA,Public Data,United States,North America,Wetland,49950686,38.9866,-107.0007,PRJNA443183,SAMN08779125,Not applicable
SRR7026200,SRR7026200rbin,3,SRA,Public Data,United States,North America,Wetland,40992406,38.9866,-107.0007,PRJNA443183,SAMN08779125,Not applicable
SRR7026201,SRR7026201rbin,3,SRA,Public Data,United States,North America,Wetland,53523750,38.9225,-106.9538,PRJNA443187,SAMN08779176,Not applicable
SRR7026202,SRR7026202rbin,1,SRA,Public Data,United States,North America,Wetland,44190490,38.9225,-106.9538,PRJNA443187,SAMN08779176,Not applicable
SRR7026233,SRR7026233rbin,5,SRA,Public Data,United States,North America,Wetland,58739002,38.9225,-106.9538,PRJNA443186,SAMN08777504,Not applicable
SRR7026234,SRR7026234rbin,2,SRA,Public Data,United States,North America,Wetland,52152406,38.9225,-106.9538,PRJNA443186,SAMN08777504,Not applicable
SRR7026235,SRR7026235rbin,3,SRA,Public Data,United States,North America,Wetland,52614666,38.9871,-107.0011,PRJNA443185,SAMN08779126,Not applicable
SRR7026236,SRR7026236rbin,2,SRA,Public Data,United States,North America,Wetland,46839996,38.9871,-107.0011,PRJNA443185,SAMN08779126,Not applicable
SRR7026237,SRR7026237rbin,4,SRA,Public Data,United States,North America,Wetland,52640268,38.9223,-106.954,PRJNA443188,SAMN08779127,Not applicable
SRR7026238,SRR7026238rbin,3,SRA,Public Data,United States,North America,Wetland,47502548,38.9223,-106.954,PRJNA443188,SAMN08779127,Not applicable
SRR7026259,SRR7026259rbin,1,SRA,Public Data,United States,North America,Wetland,46776268,38.9866,-107.0007,PRJNA443182,SAMN08779175,Not applicable
SRR7026260,SRR7026260rbin,2,SRA,Public Data,United States,North America,Wetland,49826042,38.9866,-107.0007,PRJNA443182,SAMN08779175,Not applicable
SRR7026261,SRR7026261rbin,8,SRA,Public Data,United States,North America,Wetland,62136592,38.9871,-107.0011,PRJNA443184,SAMN08777505,Not applicable
SRR7026262,SRR7026262rbin,12,SRA,Public Data,United States,North America,Wetland,59882410,38.9871,-107.0011,PRJNA443184,SAMN08777505,Not applicable
SRR7026263,SRR7026263rbin,2,SRA,Public Data,United States,North America,Wetland,54622162,38.9223,-106.954,PRJNA443189,SAMN08777503,Not applicable
SRR7026264,SRR7026264rbin,5,SRA,Public Data,United States,North America,Wetland,57096596,38.9223,-106.954,PRJNA443189,SAMN08777503,Not applicable
SRR7026313,SRR7026313rbin,4,SRA,Public Data,United States,North America,Wetland,42892946,38.9223,-106.9536,PRJNA443190,SAMN08779128,Not applicable
SRR7026314,SRR7026314rbin,3,SRA,Public Data,United States,North America,Wetland,47635976,38.9223,-106.9536,PRJNA443190,SAMN08779128,Not applicable
SRR7026336,SRR7026336rbin,6,SRA,Public Data,United States,North America,Wetland,56425420,38.9223,-106.9536,PRJNA443191,SAMN08779177,Not applicable
SRR7026337,SRR7026337rbin,4,SRA,Public Data,United States,North America,Wetland,65362132,38.9223,-106.9536,PRJNA443191,SAMN08779177,Not applicable
SRR7026339,SRR7026339rbin,2,SRA,Public Data,United States,North America,Wetland,53309074,38.9228,-106.9541,PRJNA443192,SAMN08776914,Not applicable
SRR7026340,SRR7026340rbin,4,SRA,Public Data,United States,North America,Wetland,52485856,38.9228,-106.9541,PRJNA443193,SAMN08779178,Not applicable
SRR7026341,SRR7026341rbin,4,SRA,Public Data,United States,North America,Wetland,53930422,38.9228,-106.9541,PRJNA443193,SAMN08779178,Not applicable
SRR7026342,SRR7026342rbin,3,SRA,Public Data,United States,North America,Wetland,42079930,38.8827,-106.9107,PRJNA443196,SAMN08779195,Not applicable
SRR7026343,SRR7026343rbin,3,SRA,Public Data,United States,North America,Wetland,48450484,38.8827,-106.9107,PRJNA443196,SAMN08779195,Not applicable
SRR7026344,SRR7026344rbin,4,SRA,Public Data,United States,North America,Wetland,38067076,38.8827,-106.9107,PRJNA443197,SAMN08776913,Not applicable
SRR7026345,SRR7026345rbin,4,SRA,Public Data,United States,North America,Wetland,48641680,38.8827,-106.9107,PRJNA443197,SAMN08776913,Not applicable
SRR7026370,SRR7026370rbin,1,SRA,Public Data,United States,North America,Wetland,45916524,38.8825,-106.9105,PRJNA443194,SAMN08779141,Not applicable
SRR7026371,SRR7026371rbin,2,SRA,Public Data,United States,North America,Wetland,40046406,38.8825,-106.9105,PRJNA443194,SAMN08779141,Not applicable
SRR7026372,SRR7026372rbin,2,SRA,Public Data,United States,North America,Wetland,58040092,38.8826,-106.9101,PRJNA443199,SAMN08779197,Not applicable
SRR7026373,SRR7026373rbin,1,SRA,Public Data,United States,North America,Wetland,46190506,38.8826,-106.9101,PRJNA443199,SAMN08779197,Not applicable
SRR7026375,SRR7026375rbin,1,SRA,Public Data,United States,North America,Wetland,36281582,38.8825,-106.9105,PRJNA443195,SAMN08777502,Not applicable
SRR7026472,SRR7026472rbin,4,SRA,Public Data,United States,North America,Wetland,46649926,38.8927,-106.9112,PRJNA443202,SAMN08776979,Not applicable
SRR7026473,SRR7026473rbin,3,SRA,Public Data,United States,North America,Wetland,44690902,38.8927,-106.9112,PRJNA443202,SAMN08776979,Not applicable
SRR7026474,SRR7026474rbin,6,SRA,Public Data,United States,North America,Wetland,39140814,38.883,-106.9108,PRJNA443201,SAMN08779142,Not applicable
SRR7026475,SRR7026475rbin,10,SRA,Public Data,United States,North America,Wetland,53972846,38.883,-106.9108,PRJNA443201,SAMN08779142,Not applicable
SRR7026476,SRR7026476rbin,9,SRA,Public Data,United States,North America,Wetland,39175434,38.883,-106.9108,PRJNA443200,SAMN08776886,Not applicable
SRR7026477,SRR7026477rbin,6,SRA,Public Data,United States,North America,Wetland,36475706,38.883,-106.9108,PRJNA443200,SAMN08776886,Not applicable
SRR7026479,SRR7026479rbin,3,SRA,Public Data,United States,North America,Wetland,55344638,38.8925,-106.9111,PRJNA443205,SAMN08779199,Not applicable
SRR7026480,SRR7026480rbin,3,SRA,Public Data,United States,North America,Wetland,50018982,38.8925,-106.9111,PRJNA443205,SAMN08779199,Not applicable
SRR7026485,SRR7026485rbin,4,SRA,Public Data,United States,North America,Wetland,45401046,38.8927,-106.9112,PRJNA443203,SAMN08779198,Not applicable
SRR7026486,SRR7026486rbin,2,SRA,Public Data,United States,North America,Wetland,49217638,38.8927,-106.9112,PRJNA443203,SAMN08779198,Not applicable
SRR7026560,SRR7026560,0,SRA,Public Data,United States,North America,Wetland,30957846,38.8926,-106.9111,PRJNA443206,SAMN08777501,Not applicable
SRR7026564,SRR7026564rbin,3,SRA,Public Data,United States,North America,Wetland,39668778,38.8924,-106.9111,PRJNA443208,SAMN08779143,Not applicable
SRR7026568,SRR7026568rbin,6,SRA,Public Data,United States,North America,Wetland,54726892,38.8924,-106.9111,PRJNA443209,SAMN08776883,Not applicable
SRR7026569,SRR7026569rbin,2,SRA,Public Data,United States,North America,Wetland,48188398,38.8924,-106.9111,PRJNA443209,SAMN08776883,Not applicable
SRR7026570,SRR7026570rbin,10,SRA,Public Data,United States,North America,Wetland,48153738,38.9767,-107.0044,PRJNA443210,SAMN08779200,Not applicable
SRR7026571,SRR7026571rbin,12,SRA,Public Data,United States,North America,Wetland,58132320,38.9767,-107.0044,PRJNA443210,SAMN08779200,Not applicable
SRR7026572,SRR7026572rbin,17,SRA,Public Data,United States,North America,Wetland,67972678,38.9767,-107.0044,PRJNA443211,SAMN08779201,Not applicable
SRR7026573,SRR7026573rbin,12,SRA,Public Data,United States,North America,Wetland,58148808,38.9767,-107.0044,PRJNA443211,SAMN08779201,Not applicable
SRR7027364,SRR7027364rbin,1,SRA,Public Data,United States,North America,Wetland,41315818,38.9765,-107.0043,PRJNA443214,SAMN08779145,Not applicable
SRR7027365,SRR7027365rbin,1,SRA,Public Data,United States,North America,Wetland,43276218,38.9765,-107.0043,PRJNA443214,SAMN08779145,Not applicable
SRR7027368,SRR7027368rbin,2,SRA,Public Data,United States,North America,Wetland,57930722,38.9763,-107.0041,PRJNA443213,SAMN08779144,Not applicable
SRR7027369,SRR7027369rbin,2,SRA,Public Data,United States,North America,Wetland,62049554,38.9763,-107.0041,PRJNA443213,SAMN08779144,Not applicable
SRR7042334,SRR7042334rbin,15,SRA,Public Data,"USA: Angelo Coast Range Reserve, CA",North America,Grassland,101109416,39.74,-123.63,PRJNA449266,SAMN08902880,20-30 cm
SRR7042335,SRR7042335rbin,14,SRA,Public Data,"USA: Angelo Coast Range Reserve, CA",North America,Grassland,72216578,39.74,-123.63,PRJNA449266,SAMN08902881,30-40 cm
SRR7042336,SRR7042336rbin,15,SRA,Public Data,"USA: Angelo Coast Range Reserve, CA",North America,Grassland,73188406,39.74,-123.63,PRJNA449266,SAMN08902878,30-40 cm
SRR7042337,SRR7042337rbin,6,SRA,Public Data,"USA: Angelo Coast Range Reserve, CA",North America,Grassland,73671588,39.74,-123.63,PRJNA449266,SAMN08902879,10-20 cm 
SRR7042338,SRR7042338rbin,16,SRA,Public Data,"USA: Angelo Coast Range Reserve, CA",North America,Grassland,122605296,39.74,-123.63,PRJNA449266,SAMN08902884,30-40 cm
SRR7042339,SRR7042339rbin,6,SRA,Public Data,"USA: Angelo Coast Range Reserve, CA",North America,Grassland,42841514,39.74,-123.63,PRJNA449266,SAMN08902885,10-20 cm 
SRR7042340,SRR7042340rbin,8,SRA,Public Data,"USA: Angelo Coast Range Reserve, CA",North America,Grassland,72739248,39.74,-123.63,PRJNA449266,SAMN08902846,10-20 cm 
SRR7042341,SRR7042341rbin,19,SRA,Public Data,"USA: Angelo Coast Range Reserve, CA",North America,Grassland,78308994,39.74,-123.63,PRJNA449266,SAMN08902847,20-30 cm
SRR7042342,SRR7042342rbin,14,SRA,Public Data,"USA: Angelo Coast Range Reserve, CA",North America,Grassland,93494198,39.74,-123.63,PRJNA449266,SAMN08902844,10-20 cm 
SRR7042343,SRR7042343rbin,12,SRA,Public Data,"USA: Angelo Coast Range Reserve, CA",North America,Grassland,87397742,39.74,-123.63,PRJNA449266,SAMN08902845,30-40 cm
SRR7042344,SRR7042344rbin,19,SRA,Public Data,"USA: Angelo Coast Range Reserve, CA",North America,Grassland,86996468,39.74,-123.63,PRJNA449266,SAMN08902842,30-40 cm
SRR7042345,SRR7042345rbin,6,SRA,Public Data,"USA: Angelo Coast Range Reserve, CA",North America,Grassland,83621854,39.74,-123.63,PRJNA449266,SAMN08902843,10-20 cm 
SRR7042346,SRR7042346,0,SRA,Public Data,"USA: Angelo Coast Range Reserve, CA",North America,Grassland,27483928,39.74,-123.63,PRJNA449266,SAMN08902840,10-20 cm 
SRR7042347,SRR7042347rbin,8,SRA,Public Data,"USA: Angelo Coast Range Reserve, CA",North America,Grassland,59636110,39.74,-123.63,PRJNA449266,SAMN08902841,20-30 cm
SRR7042348,SRR7042348rbin,6,SRA,Public Data,"USA: Angelo Coast Range Reserve, CA",North America,Grassland,56585846,39.74,-123.63,PRJNA449266,SAMN08902838,20-30 cm
SRR7042349,SRR7042349rbin,13,SRA,Public Data,"USA: Angelo Coast Range Reserve, CA",North America,Grassland,68579200,39.74,-123.63,PRJNA449266,SAMN08902839,30-40 cm
SRR7042350,SRR7042350rbin,4,SRA,Public Data,"USA: Angelo Coast Range Reserve, CA",North America,Grassland,81039158,39.74,-123.63,PRJNA449266,SAMN08902858,10-20 cm 
SRR7042351,SRR7042351rbin,16,SRA,Public Data,"USA: Angelo Coast Range Reserve, CA",North America,Grassland,76440816,39.74,-123.63,PRJNA449266,SAMN08902859,20-30 cm
SRR7042352,SRR7042352rbin,12,SRA,Public Data,"USA: Angelo Coast Range Reserve, CA",North America,Grassland,70619318,39.74,-123.63,PRJNA449266,SAMN08902860,30-40 cm
SRR7042353,SRR7042353rbin,12,SRA,Public Data,"USA: Angelo Coast Range Reserve, CA",North America,Grassland,85741238,39.74,-123.63,PRJNA449266,SAMN08902861,10-20 cm 
SRR7042354,SRR7042354rbin,19,SRA,Public Data,"USA: Angelo Coast Range Reserve, CA",North America,Grassland,82730622,39.74,-123.63,PRJNA449266,SAMN08902862,20-30 cm
SRR7042355,SRR7042355rbin,11,SRA,Public Data,"USA: Angelo Coast Range Reserve, CA",North America,Grassland,69824626,39.74,-123.63,PRJNA449266,SAMN08902863,30-40 cm
SRR7042356,SRR7042356rbin,14,SRA,Public Data,"USA: Angelo Coast Range Reserve, CA",North America,Grassland,75514972,39.74,-123.63,PRJNA449266,SAMN08902864,10-20 cm 
SRR7042357,SRR7042357rbin,10,SRA,Public Data,"USA: Angelo Coast Range Reserve, CA",North America,Grassland,70013246,39.74,-123.63,PRJNA449266,SAMN08902865,20-30 cm
SRR7042358,SRR7042358rbin,9,SRA,Public Data,"USA: Angelo Coast Range Reserve, CA",North America,Grassland,105179306,39.74,-123.63,PRJNA449266,SAMN08902866,30-40 cm
SRR7042359,SRR7042359rbin,1,SRA,Public Data,"USA: Angelo Coast Range Reserve, CA",North America,Grassland,11544614,39.74,-123.63,PRJNA449266,SAMN08902867,10-20 cm 
SRR7042360,SRR7042360rbin,4,SRA,Public Data,"USA: Angelo Coast Range Reserve, CA",North America,Grassland,103706966,39.74,-123.63,PRJNA449266,SAMN08902882,10-20 cm 
SRR7042361,SRR7042361rbin,11,SRA,Public Data,"USA: Angelo Coast Range Reserve, CA",North America,Grassland,91562356,39.74,-123.63,PRJNA449266,SAMN08902883,20-30 cm
SRR7042362,SRR7042362rbin,11,SRA,Public Data,"USA: Angelo Coast Range Reserve, CA",North America,Grassland,75960838,39.74,-123.63,PRJNA449266,SAMN08902834,10-20 cm 
SRR7042363,SRR7042363rbin,18,SRA,Public Data,"USA: Angelo Coast Range Reserve, CA",North America,Grassland,68907820,39.74,-123.63,PRJNA449266,SAMN08902835,20-30 cm
SRR7042364,SRR7042364rbin,8,SRA,Public Data,"USA: Angelo Coast Range Reserve, CA",North America,Grassland,67533926,39.74,-123.63,PRJNA449266,SAMN08902832,10-20 cm 
SRR7042365,SRR7042365rbin,8,SRA,Public Data,"USA: Angelo Coast Range Reserve, CA",North America,Grassland,45701450,39.74,-123.63,PRJNA449266,SAMN08902833,30-40 cm
SRR7042367,SRR7042367rbin,6,SRA,Public Data,"USA: Angelo Coast Range Reserve, CA",North America,Grassland,44584164,39.74,-123.63,PRJNA449266,SAMN08902831,10-20 cm 
SRR7042368,SRR7042368rbin,7,SRA,Public Data,"USA: Angelo Coast Range Reserve, CA",North America,Grassland,72439996,39.74,-123.63,PRJNA449266,SAMN08902828,10-20 cm 
SRR7042369,SRR7042369rbin,21,SRA,Public Data,"USA: Angelo Coast Range Reserve, CA",North America,Grassland,146517500,39.74,-123.63,PRJNA449266,SAMN08902829,20-30 cm
SRR7042370,SRR7042370rbin,50,SRA,Public Data,"USA: Angelo Coast Range Reserve, CA",North America,Grassland,199958784,39.74,-123.63,PRJNA449266,SAMN08902886,20-30 cm
SRR7042372,SRR7042372rbin,2,SRA,Public Data,"USA: Angelo Coast Range Reserve, CA",North America,Grassland,56226628,39.74,-123.63,PRJNA449266,SAMN08902837,10-20 cm 
SRR7042373,SRR7042373rbin,15,SRA,Public Data,"USA: Angelo Coast Range Reserve, CA",North America,Grassland,74165302,39.74,-123.63,PRJNA449266,SAMN08902869,30-40 cm
SRR7042375,SRR7042375rbin,11,SRA,Public Data,"USA: Angelo Coast Range Reserve, CA",North America,Grassland,69633024,39.74,-123.63,PRJNA449266,SAMN08902871,20-30 cm
SRR7042376,SRR7042376rbin,20,SRA,Public Data,"USA: Angelo Coast Range Reserve, CA",North America,Grassland,76823096,39.74,-123.63,PRJNA449266,SAMN08902870,10-20 cm 
SRR7042377,SRR7042377rbin,11,SRA,Public Data,"USA: Angelo Coast Range Reserve, CA",North America,Grassland,81267488,39.74,-123.63,PRJNA449266,SAMN08902873,10-20 cm 
SRR7042378,SRR7042378rbin,13,SRA,Public Data,"USA: Angelo Coast Range Reserve, CA",North America,Grassland,68765298,39.74,-123.63,PRJNA449266,SAMN08902872,30-40 cm
SRR7042379,SRR7042379rbin,18,SRA,Public Data,"USA: Angelo Coast Range Reserve, CA",North America,Grassland,80260788,39.74,-123.63,PRJNA449266,SAMN08902875,30-40 cm
SRR7042380,SRR7042380rbin,10,SRA,Public Data,"USA: Angelo Coast Range Reserve, CA",North America,Grassland,69937388,39.74,-123.63,PRJNA449266,SAMN08902874,20-30 cm
SRR7042382,SRR7042382rbin,10,SRA,Public Data,"USA: Angelo Coast Range Reserve, CA",North America,Grassland,97116954,39.74,-123.63,PRJNA449266,SAMN08902876,10-20 cm 
SRR7042386,SRR7042386rbin,6,SRA,Public Data,"USA: Angelo Coast Range Reserve, CA",North America,Grassland,52921412,39.74,-123.63,PRJNA449266,SAMN08902853,20-30 cm
SRR7042387,SRR7042387rbin,4,SRA,Public Data,"USA: Angelo Coast Range Reserve, CA",North America,Grassland,55582620,39.74,-123.63,PRJNA449266,SAMN08902852,10-20 cm 
SRR7042388,SRR7042388rbin,25,SRA,Public Data,"USA: Angelo Coast Range Reserve, CA",North America,Grassland,80155468,39.74,-123.63,PRJNA449266,SAMN08902851,30-40 cm
SRR7042389,SRR7042389rbin,15,SRA,Public Data,"USA: Angelo Coast Range Reserve, CA",North America,Grassland,62393068,39.74,-123.63,PRJNA449266,SAMN08902850,20-30 cm
SRR7042390,SRR7042390rbin,10,SRA,Public Data,"USA: Angelo Coast Range Reserve, CA",North America,Grassland,75295024,39.74,-123.63,PRJNA449266,SAMN08902849,10-20 cm 
SRR7042391,SRR7042391,0,SRA,Public Data,"USA: Angelo Coast Range Reserve, CA",North America,Grassland,3766814,39.74,-123.63,PRJNA449266,SAMN08902848,30-40 cm
SRR7042392,SRR7042392rbin,17,SRA,Public Data,"USA: Angelo Coast Range Reserve, CA",North America,Grassland,92080706,39.74,-123.63,PRJNA449266,SAMN08902857,30-40 cm
SRR7042393,SRR7042393rbin,11,SRA,Public Data,"USA: Angelo Coast Range Reserve, CA",North America,Grassland,78944782,39.74,-123.63,PRJNA449266,SAMN08902856,10-20 cm 
SRR7091522,SRR7091522rbin,8,SRA,Public Data,Brazil,South America,Grassland,167778298,-19.28,-43.5919,PRJNA441434,SAMN08777586,Not applicable
SRR7091523,SRR7091523rbin,7,SRA,Public Data,Brazil,South America,Grassland,133453658,-19.28,-43.5919,PRJNA441436,SAMN08777780,Not applicable
SRR7091524,SRR7091524rbin,17,SRA,Public Data,Brazil,South America,Grassland,192558754,-19.28,-43.5919,PRJNA441435,SAMN08777779,Not applicable
SRR7093038,SRR7093038rbin,22,SRA,Public Data,United States,North America,Forest,316067356,42.481016,-72.178343,PRJNA441471,SAMN08778040,Not applicable
SRR7093792,SRR7093792rbin,35,SRA,Public Data,United States,North America,Forest,317129030,42.481016,-72.178343,PRJNA441472,SAMN08777042,Not applicable
SRR7093793,SRR7093793rbin,24,SRA,Public Data,United States,North America,Forest,288549208,42.481016,-72.178343,PRJNA441473,SAMN08778064,Not applicable
SRR7093794,SRR7093794rbin,28,SRA,Public Data,United States,North America,Forest,313103264,42.481016,-72.178343,PRJNA441474,SAMN08777041,Not applicable
SRR7093795,SRR7093795rbin,19,SRA,Public Data,United States,North America,Forest,309978588,42.481016,-72.178343,PRJNA441475,SAMN08776732,Not applicable
SRR7093796,SRR7093796rbin,35,SRA,Public Data,United States,North America,Forest,310263514,42.481016,-72.178343,PRJNA441476,SAMN08777896,Not applicable
SRR7093797,SRR7093797rbin,19,SRA,Public Data,United States,North America,Forest,284661296,42.481016,-72.178343,PRJNA441477,SAMN08777897,Not applicable
SRR7094548,SRR7094548rbin,25,SRA,Public Data,United States,North America,Forest,306068628,42.481016,-72.178343,PRJNA441478,SAMN08777040,Not applicable
SRR7094830,SRR7094830rbin,35,SRA,Public Data,United States,North America,Forest,314027472,42.481016,-72.178343,PRJNA441484,SAMN08778065,Not applicable
SRR7094831,SRR7094831rbin,24,SRA,Public Data,United States,North America,Forest,295500108,42.481016,-72.178343,PRJNA441481,SAMN08776714,Not applicable
SRR7094832,SRR7094832rbin,10,SRA,Public Data,United States,North America,Forest,291107580,42.481016,-72.178343,PRJNA441480,SAMN08777039,Not applicable
SRR7094833,SRR7094833rbin,24,SRA,Public Data,United States,North America,Forest,285503450,42.481016,-72.178343,PRJNA441479,SAMN08778041,Not applicable
SRR7094834,SRR7094834rbin,32,SRA,Public Data,United States,North America,Forest,328901896,42.481016,-72.178343,PRJNA441482,SAMN08777015,Not applicable
SRR7095402,SRR7095402rbin,23,SRA,Public Data,United States,North America,Forest,277596478,42.481016,-72.178343,PRJNA441483,SAMN08777907,Not applicable
SRR7096127,SRR7096127rbin,18,SRA,Public Data,United States,North America,Forest,291523450,42.481016,-72.178343,PRJNA441485,SAMN08776713,Not applicable
SRR7096238,SRR7096238rbin,41,SRA,Public Data,United States,North America,Forest,297603536,42.481016,-72.178343,PRJNA441486,SAMN08778066,Not applicable
SRR7097860,SRR7097860rbin,28,SRA,Public Data,United States,North America,Forest,277830404,42.481016,-72.178343,PRJNA441489,SAMN08778067,Not applicable
SRR7097861,SRR7097861rbin,11,SRA,Public Data,United States,North America,Forest,280505524,42.481016,-72.178343,PRJNA441487,SAMN08777014,Not applicable
SRR7097862,SRR7097862rbin,23,SRA,Public Data,United States,North America,Forest,290200656,42.481016,-72.178343,PRJNA441488,SAMN08778042,Not applicable
SRR7097863,SRR7097863rbin,27,SRA,Public Data,United States,North America,Forest,330162044,42.481016,-72.178343,PRJNA441490,SAMN08777411,Not applicable
SRR7098091,SRR7098091rbin,21,SRA,Public Data,United States,North America,Forest,274273204,42.481016,-72.178343,PRJNA441491,SAMN08777908,Not applicable
SRR7098092,SRR7098092rbin,16,SRA,Public Data,United States,North America,Forest,215779552,42.481016,-72.178343,PRJNA441492,SAMN08777013,Not applicable
SRR7100769,SRR7100769rbin,25,SRA,Public Data,United States,North America,Forest,254938644,42.481016,-72.178343,PRJNA441493,SAMN08777410,Not applicable
SRR7100789,SRR7100789rbin,23,SRA,Public Data,United States,North America,Forest,272273640,42.481016,-72.178343,PRJNA441494,SAMN08777909,Not applicable
SRR7101043,SRR7101043rbin,14,SRA,Public Data,United States,North America,Forest,266342134,42.481016,-72.178343,PRJNA441495,SAMN08778043,Not applicable
SRR7101566,SRR7101566,0,SRA,Public Data,United States,North America,Artificial Surfaces,22025940,39.458,-79.073,PRJNA441420,SAMN08777979,Not applicable
SRR7101567,SRR7101567,0,SRA,Public Data,United States,North America,Artificial Surfaces,25703470,39.458,-79.073,PRJNA441417,SAMN08777249,Not applicable
SRR7101568,SRR7101568,0,SRA,Public Data,United States,North America,Artificial Surfaces,25171186,39.458,-79.073,PRJNA441419,SAMN08777602,Not applicable
SRR7101595,SRR7101595rbin,31,SRA,Public Data,United States,North America,Forest,287012612,42.481016,-72.178343,PRJNA441496,SAMN08778071,Not applicable
SRR7101636,SRR7101636,0,SRA,Public Data,United States,North America,Artificial Surfaces,22502178,39.458,-79.073,PRJNA441418,SAMN08777759,Not applicable
SRR7102015,SRR7102015rbin,28,SRA,Public Data,United States,North America,Forest,313284818,42.481016,-72.178343,PRJNA441498,SAMN08777393,Not applicable
SRR7102016,SRR7102016rbin,37,SRA,Public Data,United States,North America,Forest,313531982,42.481016,-72.178343,PRJNA441497,SAMN08777394,Not applicable
SRR7102125,SRR7102125rbin,1,SRA,Public Data,United States,North America,Artificial Surfaces,22575166,39.458,-79.073,PRJNA441421,SAMN08777980,Not applicable
SRR7102750,SRR7102750rbin,1,SRA,Public Data,United States,North America,Artificial Surfaces,20625160,39.458,-79.073,PRJNA441422,SAMN08777774,Not applicable
SRR7102806,SRR7102806rbin,1,SRA,Public Data,United States,North America,Artificial Surfaces,21338324,38.083,-81.98,PRJNA441424,SAMN08777775,Not applicable
SRR7102809,SRR7102809,0,SRA,Public Data,United States,North America,Artificial Surfaces,28300296,38.083,-81.98,PRJNA441425,SAMN08777600,Not applicable
SRR7105223,SRR7105223rbin,1,SRA,Public Data,United States,North America,Artificial Surfaces,22122964,38.083,-81.98,PRJNA441426,SAMN08777776,Not applicable
SRR7106321,SRR7106321rbin,1,SRA,Public Data,United States,North America,Artificial Surfaces,21845448,38.083,-81.98,PRJNA441427,SAMN08777226,Not applicable
SRR7141809,SRR7141809rbin,6,SRA,Public Data,United States,North America,Agricultural Land,84423888,42.48,-72.18,PRJNA465145,SAMN09091659,Not applicable
SRR7141810,SRR7141810rbin,2,SRA,Public Data,USA: Wisconsin,North America,Grassland,42345314,43.3,-89.38,PRJNA465145,SAMN09091659,Not applicable
SRR7141966,SRR7141966rbin,26,SRA,Public Data,"USA: Emeryville, California",North America,Artificial Surfaces,33206448,37.83,-122.29,PRJNA465150,SAMN09091667,Not applicable
SRR7141967,SRR7141967rbin,20,SRA,Public Data,"USA: Emeryville, California",North America,Artificial Surfaces,26036254,37.83,-122.29,PRJNA465150,SAMN09091667,Not applicable
SRR7142033,SRR7142033rbin,21,SRA,Public Data,"USA: Emeryville, California",North America,Artificial Surfaces,21065884,37.83,-122.29,PRJNA465152,SAMN09092374,Not applicable
SRR7142034,SRR7142034rbin,28,SRA,Public Data,"USA: Emeryville, California",North America,Artificial Surfaces,30897376,37.83,-122.29,PRJNA465152,SAMN09092374,Not applicable
SRR7175523,SRR7175523,0,SRA,Public Data,India,Asia,Artificial Surfaces,11801586,21.46,85.47,PRJNA471816,SAMN09218316,Not applicable
SRR7448200,SRR7448200rbin,15,SRA,Public Data,China: Jiaozhou,Asia,Agricultural Land,42763516,34.2487,119.8167,PRJNA477767,SAMN09499172,5-10 cm
SRR7448260,SRR7448260rbin,16,SRA,Public Data,China: Jiaozhou,Asia,Agricultural Land,65608018,34.2487,119.8167,PRJNA477767,SAMN09499173,5-10 cm
SRR7448267,SRR7448267rbin,13,SRA,Public Data,China: Jiaozhou,Asia,Agricultural Land,52956088,34.2487,119.8167,PRJNA477767,SAMN09499174,5-10 cm
SRR7448268,SRR7448268rbin,10,SRA,Public Data,China: Jiaozhou,Asia,Agricultural Land,41135598,34.2487,119.8167,PRJNA477767,SAMN09499175,5-10 cm
SRR7448274,SRR7448274rbin,22,SRA,Public Data,China: Jiaozhou,Asia,Agricultural Land,56187860,34.2487,119.8167,PRJNA477767,SAMN09499176,5-10 cm
SRR7448275,SRR7448275rbin,7,SRA,Public Data,China: Jiaozhou,Asia,Agricultural Land,55877262,34.2487,119.8167,PRJNA477767,SAMN09499177,5-10 cm
SRR7448276,SRR7448276rbin,11,SRA,Public Data,China: Jiaozhou,Asia,Agricultural Land,49695852,34.2487,119.8167,PRJNA477767,SAMN09499178,5-10 cm
SRR7448277,SRR7448277rbin,15,SRA,Public Data,China: Jiaozhou,Asia,Agricultural Land,68186050,34.2487,119.8167,PRJNA477767,SAMN09499179,5-10 cm
SRR7448278,SRR7448278rbin,11,SRA,Public Data,China: Jiaozhou,Asia,Agricultural Land,48413752,34.2487,119.8167,PRJNA477767,SAMN09499180,5-10 cm
SRR7448326,SRR7448326rbin,10,SRA,Public Data,China: Jiaozhou,Asia,Agricultural Land,44239372,34.2487,119.8167,PRJNA477767,SAMN09499181,5-10 cm
SRR7457704,SRR7457704rbin,11,SRA,Public Data,China: Jiaozhou,Asia,Agricultural Land,49695852,34.2487,119.8167,PRJNA477767,SAMN09499178,5-10 cm
SRR7457705,SRR7457705rbin,17,SRA,Public Data,China: Jiaozhou,Asia,Agricultural Land,68186050,34.2487,119.8167,PRJNA477767,SAMN09499179,5-10 cm
SRR7457706,SRR7457706rbin,21,SRA,Public Data,China: Jiaozhou,Asia,Agricultural Land,56187860,34.2487,119.8167,PRJNA477767,SAMN09499176,5-10 cm
SRR7457707,SRR7457707rbin,7,SRA,Public Data,China: Jiaozhou,Asia,Agricultural Land,55877262,34.2487,119.8167,PRJNA477767,SAMN09499177,5-10 cm
SRR7457708,SRR7457708rbin,13,SRA,Public Data,China: Jiaozhou,Asia,Agricultural Land,52956088,34.2487,119.8167,PRJNA477767,SAMN09499174,5-10 cm
SRR7457709,SRR7457709rbin,8,SRA,Public Data,China: Jiaozhou,Asia,Agricultural Land,41135598,34.2487,119.8167,PRJNA477767,SAMN09499175,5-10 cm
SRR7457710,SRR7457710rbin,14,SRA,Public Data,China: Jiaozhou,Asia,Agricultural Land,42763516,34.2487,119.8167,PRJNA477767,SAMN09499172,5-10 cm
SRR7457711,SRR7457711rbin,17,SRA,Public Data,China: Jiaozhou,Asia,Agricultural Land,65608018,34.2487,119.8167,PRJNA477767,SAMN09499173,5-10 cm
SRR7457712,SRR7457712rbin,9,SRA,Public Data,China: Jiaozhou,Asia,Agricultural Land,48413752,34.2487,119.8167,PRJNA477767,SAMN09499180,5-10 cm
SRR7457713,SRR7457713rbin,13,SRA,Public Data,China: Jiaozhou,Asia,Agricultural Land,52418678,34.2487,119.8167,PRJNA477767,SAMN09499181,5-10 cm
SRR7467816,SRR7467816rbin,9,SRA,Public Data,Puerto Rico,North America,Forest,44430544,18,-65,PRJNA464517,SAMN09091531,Not applicable
SRR7468327,SRR7468327rbin,1,SRA,Public Data,"Puerto Rico:Luquillo Experimental Forest Soil, Puerto Rico",South America,Forest,24944684,18,-65,PRJNA464494,SAMN09091553,Not applicable
SRR7468328,SRR7468328rbin,1,SRA,Public Data,Puerto Rico,North America,Forest,35224614,18,-65,PRJNA464529,SAMN09091870,Not applicable
SRR7468329,SRR7468329rbin,1,SRA,Public Data,Puerto Rico,North America,Forest,56087864,18,-65,PRJNA464506,SAMN09092531,Not applicable
SRR7468330,SRR7468330rbin,1,SRA,Public Data,Puerto Rico,North America,Forest,69498934,18,-65,PRJNA464489,SAMN09092517,Not applicable
SRR7468331,SRR7468331rbin,8,SRA,Public Data,Puerto Rico,North America,Forest,47660894,18,-65,PRJNA464544,SAMN09092285,Not applicable
SRR7468582,SRR7468582rbin,5,SRA,Public Data,Puerto Rico,North America,Forest,33566876,18,-65,PRJNA464504,SAMN09091539,Not applicable
SRR7468592,SRR7468592rbin,6,SRA,Public Data,Puerto Rico,North America,Forest,46956310,18,-65,PRJNA464551,SAMN09092548,Not applicable
SRR7468842,SRR7468842rbin,7,SRA,Public Data,Puerto Rico,North America,Forest,63859332,18,-65,PRJNA464560,SAMN09092553,Not applicable
SRR7468846,SRR7468846rbin,1,SRA,Public Data,Puerto Rico,North America,Forest,61286100,18,-65,PRJNA464546,SAMN09092306,Not applicable
SRR7468865,SRR7468865rbin,3,SRA,Public Data,Puerto Rico,North America,Forest,79251804,18,-65,PRJNA464540,SAMN09091548,Not applicable
SRR7469208,SRR7469208rbin,1,SRA,Public Data,Puerto Rico,North America,Forest,36386440,18,-65,PRJNA464539,SAMN09092542,Not applicable
SRR7469209,SRR7469209rbin,3,SRA,Public Data,Puerto Rico,North America,Forest,43117596,18,-65,PRJNA464493,SAMN09092520,Not applicable
SRR7469572,SRR7469572rbin,1,SRA,Public Data,Puerto Rico,North America,Forest,45294168,18,-65,PRJNA464532,SAMN09092540,Not applicable
SRR7469583,SRR7469583rbin,8,SRA,Public Data,Puerto Rico,North America,Forest,39485426,18,-65,PRJNA464538,SAMN09091585,Not applicable
SRR7469745,SRR7469745rbin,1,SRA,Public Data,Puerto Rico,North America,Forest,43661992,18,-65,PRJNA464537,SAMN09092770,Not applicable
SRR7470025,SRR7470025rbin,8,SRA,Public Data,Puerto Rico,North America,Forest,51208094,18,-65,PRJNA464518,SAMN09092534,Not applicable
SRR7470026,SRR7470026rbin,1,SRA,Public Data,Puerto Rico,North America,Forest,46746230,18,-65,PRJNA464559,SAMN09092552,Not applicable
SRR7470361,SRR7470361rbin,1,SRA,Public Data,Puerto Rico,North America,Forest,50737414,18,-65,PRJNA464516,SAMN09091532,Not applicable
SRR7470970,SRR7470970rbin,1,SRA,Public Data,Puerto Rico,North America,Forest,45460446,18,-65,PRJNA464541,SAMN09091538,Not applicable
SRR7470972,SRR7470972rbin,3,SRA,Public Data,Puerto Rico,North America,Forest,40542184,18,-65,PRJNA464530,SAMN09091561,Not applicable
SRR7470973,SRR7470973rbin,2,SRA,Public Data,Puerto Rico,North America,Forest,36942176,18,-65,PRJNA464554,SAMN09092305,Not applicable
SRR7470978,SRR7470978rbin,2,SRA,Public Data,Puerto Rico,North America,Forest,53066254,18,-65,PRJNA464515,SAMN09091589,Not applicable
SRR7471037,SRR7471037rbin,2,SRA,Public Data,Puerto Rico,North America,Forest,32280204,18,-65,PRJNA464558,SAMN09091525,Not applicable
SRR7471038,SRR7471038rbin,3,SRA,Public Data,Puerto Rico,North America,Forest,47344592,18,-65,PRJNA464550,SAMN09092304,Not applicable
SRR7471040,SRR7471040rbin,2,SRA,Public Data,Puerto Rico,North America,Forest,47920734,18,-65,PRJNA464511,SAMN09092303,Not applicable
SRR7471042,SRR7471042,0,SRA,Public Data,"Puerto Rico:Luquillo Experimental Forest Soil, Puerto Rico",North America,Forest,22570152,18,-65,PRJNA464536,SAMN09091549,Not applicable
SRR7471043,SRR7471043rbin,1,SRA,Public Data,Puerto Rico,North America,Forest,32737724,18,-65,PRJNA464547,SAMN09091530,Not applicable
SRR7471157,SRR7471157rbin,1,SRA,Public Data,"Puerto Rico:Luquillo Experimental Forest Soil, Puerto Rico",South America,Forest,26057994,18,-65,PRJNA464514,SAMN09092533,Not applicable
SRR7471158,SRR7471158,0,SRA,Public Data,"Puerto Rico:Luquillo Experimental Forest Soil, Puerto Rico",North America,Forest,16607232,18,-65,PRJNA464557,SAMN09092551,Not applicable
SRR7471159,SRR7471159rbin,4,SRA,Public Data,Puerto Rico,North America,Forest,81213238,18,-65,PRJNA464522,SAMN09092538,Not applicable
SRR7471160,SRR7471160rbin,2,SRA,Public Data,Puerto Rico,North America,Forest,39728034,18,-65,PRJNA464543,SAMN09092543,Not applicable
SRR7471161,SRR7471161rbin,5,SRA,Public Data,Puerto Rico,North America,Forest,84621252,18,-65,PRJNA464531,SAMN09091621,Not applicable
SRR7471224,SRR7471224rbin,2,SRA,Public Data,Puerto Rico,North America,Forest,30859954,18,-65,PRJNA464497,SAMN09092302,Not applicable
SRR7471225,SRR7471225rbin,3,SRA,Public Data,Puerto Rico,North America,Forest,46995894,18,-65,PRJNA464535,SAMN09091558,Not applicable
SRR7471226,SRR7471226rbin,3,SRA,Public Data,Puerto Rico,North America,Forest,53024054,18,-65,PRJNA464528,SAMN09091562,Not applicable
SRR7471323,SRR7471323rbin,2,SRA,Public Data,Puerto Rico,North America,Forest,36450438,18,-65,PRJNA464527,SAMN09092769,Not applicable
SRR7471324,SRR7471324rbin,5,SRA,Public Data,Puerto Rico,North America,Forest,78401262,18,-65,PRJNA464508,SAMN09091533,Not applicable
SRR7471325,SRR7471325rbin,2,SRA,Public Data,Puerto Rico,North America,Forest,36797398,18,-65,PRJNA464521,SAMN09092537,Not applicable
SRR7471326,SRR7471326rbin,3,SRA,Public Data,Puerto Rico,North America,Forest,46353564,18,-65,PRJNA464496,SAMN09092521,Not applicable
SRR7471327,SRR7471327rbin,2,SRA,Public Data,Puerto Rico,North America,Forest,42971764,18,-65,PRJNA464491,SAMN09092519,Not applicable
SRR7471329,SRR7471329rbin,2,SRA,Public Data,Puerto Rico,North America,Forest,48369040,18,-65,PRJNA464526,SAMN09092768,Not applicable
SRR7471330,SRR7471330rbin,2,SRA,Public Data,Puerto Rico,North America,Forest,44028006,18,-65,PRJNA464513,SAMN09091622,Not applicable
SRR7471331,SRR7471331rbin,2,SRA,Public Data,Puerto Rico,North America,Forest,49175600,18,-65,PRJNA464520,SAMN09092536,Not applicable
SRR7471335,SRR7471335rbin,2,SRA,Public Data,Puerto Rico,North America,Forest,43039414,18,-65,PRJNA464556,SAMN09091526,Not applicable
SRR7471336,SRR7471336rbin,3,SRA,Public Data,Puerto Rico,North America,Forest,49338366,18,-65,PRJNA464549,SAMN09091586,Not applicable
SRR7471412,SRR7471412rbin,2,SRA,Public Data,Puerto Rico,North America,Forest,50244614,18,-65,PRJNA464553,SAMN09092549,Not applicable
SRR7471413,SRR7471413rbin,4,SRA,Public Data,Puerto Rico,North America,Forest,38249654,18,-65,PRJNA464555,SAMN09092550,Not applicable
SRR7471414,SRR7471414rbin,3,SRA,Public Data,Puerto Rico,North America,Forest,44158276,18,-65,PRJNA464492,SAMN09091554,Not applicable
SRR7471415,SRR7471415rbin,3,SRA,Public Data,Puerto Rico,North America,Forest,44458124,18,-65,PRJNA464503,SAMN09092530,Not applicable
SRR7471641,SRR7471641rbin,1,SRA,Public Data,"Puerto Rico:Luquillo Experimental Forest Soil, Puerto Rico",South America,Forest,23248266,18,-65,PRJNA464545,SAMN09091536,Not applicable
SRR7471668,SRR7471668rbin,4,SRA,Public Data,Puerto Rico,North America,Forest,45068590,18,-65,PRJNA464525,SAMN09091563,Not applicable
SRR7471669,SRR7471669rbin,4,SRA,Public Data,Puerto Rico,North America,Forest,50945160,18,-65,PRJNA464542,SAMN09091537,Not applicable
SRR7471670,SRR7471670rbin,4,SRA,Public Data,Puerto Rico,North America,Forest,46173602,18,-65,PRJNA464552,SAMN09091527,Not applicable
SRR7471683,SRR7471683rbin,4,SRA,Public Data,Puerto Rico,North America,Forest,56770276,18,-65,PRJNA464505,SAMN09091590,Not applicable
SRR7471687,SRR7471687,0,SRA,Public Data,"Puerto Rico:Luquillo Experimental Forest Soil, Puerto Rico",North America,Forest,21781504,18,-65,PRJNA464490,SAMN09092518,Not applicable
SRR7471701,SRR7471701rbin,3,SRA,Public Data,Puerto Rico,North America,Forest,43405258,18,-65,PRJNA464495,SAMN09091552,Not applicable
SRR7471702,SRR7471702rbin,4,SRA,Public Data,Puerto Rico,North America,Forest,52653824,18,-65,PRJNA464534,SAMN09092541,Not applicable
SRR7471703,SRR7471703rbin,3,SRA,Public Data,Puerto Rico,North America,Forest,32613058,18,-65,PRJNA464524,SAMN09092539,Not applicable
SRR7471704,SRR7471704rbin,5,SRA,Public Data,Puerto Rico,North America,Forest,57019204,18,-65,PRJNA464523,SAMN09091564,Not applicable
SRR7471708,SRR7471708rbin,3,SRA,Public Data,Puerto Rico,North America,Forest,47825212,18,-65,PRJNA464502,SAMN09091540,Not applicable
SRR7471730,SRR7471730rbin,3,SRA,Public Data,Puerto Rico,North America,Forest,38437532,18,-65,PRJNA464501,SAMN09091541,Not applicable
SRR7471731,SRR7471731rbin,4,SRA,Public Data,Puerto Rico,North America,Forest,39250754,18,-65,PRJNA464512,SAMN09092284,Not applicable
SRR7471732,SRR7471732rbin,2,SRA,Public Data,Puerto Rico,North America,Forest,47270048,18,-65,PRJNA464507,SAMN09092532,Not applicable
SRR7471733,SRR7471733rbin,2,SRA,Public Data,Puerto Rico,North America,Forest,34305752,18,-65,PRJNA464548,SAMN09091529,Not applicable
SRR7471734,SRR7471734rbin,3,SRA,Public Data,Puerto Rico,North America,Forest,45253852,18,-65,PRJNA464500,SAMN09092523,Not applicable
SRR7472063,SRR7472063rbin,7,SRA,Public Data,Puerto Rico,North America,Forest,127721238,18,-65,PRJNA464533,SAMN09091559,Not applicable
SRR7472064,SRR7472064rbin,7,SRA,Public Data,Puerto Rico,North America,Forest,132799136,18,-65,PRJNA464499,SAMN09092522,Not applicable
SRR7495874,SRR7495874rbin,7,SRA,Public Data,United States,North America,Wetland,135565908,39.7291,-123.6419,PRJNA465239,SAMN09092434,Not applicable
SRR7495881,SRR7495881rbin,1,SRA,Public Data,United States,North America,Wetland,83952966,39.7291,-123.6419,PRJNA465241,SAMN09092435,Not applicable
SRR7497547,SRR7497547rbin,8,SRA,Public Data,United States,North America,Bare Land,57019200,39.73,-123.64,PRJNA466299,SAMN09200463,Not applicable
SRR7497548,SRR7497548rbin,10,SRA,Public Data,United States,North America,Bare Land,67045044,33.31,-116.25,PRJNA466299,SAMN09200463,Not applicable
SRR7497549,SRR7497549rbin,4,SRA,Public Data,United States,North America,Bare Land,58652414,33.31,-116.25,PRJNA466298,SAMN09202039,Not applicable
SRR7497550,SRR7497550rbin,5,SRA,Public Data,United States,North America,Bare Land,69411044,33.31,-116.25,PRJNA466298,SAMN09202039,Not applicable
SRR7524402,SRR7524402,0,SRA,Public Data,USA: California,North America,Forest,32993696,40.2197,-122.985,PRJNA468183,SAMN09201609,Not applicable
SRR7524404,SRR7524404,0,SRA,Public Data,USA: California,North America,Forest,36645104,40.2523,-123.026,PRJNA468184,SAMN09201608,Not applicable
SRR7524598,SRR7524598rbin,3,SRA,Public Data,USA: California,North America,Forest,40367928,40.3809,-123.4135,PRJNA468186,SAMN09201607,Not applicable
SRR7524599,SRR7524599,0,SRA,Public Data,USA: California,North America,Forest,35074328,40.5452,-123.5105,PRJNA468187,SAMN09202440,Not applicable
SRR7524600,SRR7524600rbin,1,SRA,Public Data,USA: California,North America,Forest,36450388,40.5253,-123.5031,PRJNA468188,SAMN09201460,Not applicable
SRR7524601,SRR7524601rbin,2,SRA,Public Data,USA: California,North America,Forest,38007642,40.282,-123.2869,PRJNA468185,SAMN09202439,Not applicable
SRR7550492,SRR7550492rbin,22,SRA,Public Data,China,Asia,Artificial Surfaces,114474756,36.1326,103.635,PRJNA481651,SAMN09691230,Not applicable
SRR7590085,SRR7590085,0,SRA,Public Data,Czech Republic,Europe,Forest,20193478,49.043,13.6183,PRJNA467677,SAMN09201129,Not applicable
SRR7591044,SRR7591044rbin,1,SRA,Public Data,Czech Republic,Europe,Forest,26748222,49.044,13.617,PRJNA467678,SAMN09201729,Not applicable
SRR7591045,SRR7591045,0,SRA,Public Data,Czech Republic,Europe,Forest,19404508,49.0427,13.6161,PRJNA467680,SAMN09201127,Not applicable
SRR7591056,SRR7591056,0,SRA,Public Data,Czech Republic,Europe,Forest,19500302,49.0431,13.617,PRJNA467679,SAMN09201128,Not applicable
SRR7591063,SRR7591063rbin,2,SRA,Public Data,Czech Republic,Europe,Forest,48500250,49.0448,13.618,PRJNA467681,SAMN09202490,Not applicable
SRR7595568,SRR7595568rbin,3,SRA,Public Data,AUnited Statestralia,Australia,Shrubland,47096890,-42.27154,146.8927,PRJNA317932,SAMN07483713,0
SRR7595584,SRR7595584rbin,4,SRA,Public Data,AUnited Statestralia,Australia,Agricultural Land,43060692,-30.20066902,149.597249,PRJNA317932,SAMN04874206,0
SRR7629274,SRR7629274rbin,10,SRA,Public Data,United States,North America,Wetland,79410346,44.95,-92.98,PRJNA483483,SAMN09741282,Not applicable
SRR7629275,SRR7629275rbin,6,SRA,Public Data,United States,North America,Wetland,70994694,44.9,-92.98,PRJNA483483,SAMN09741281,Not applicable
SRR7629276,SRR7629276rbin,10,SRA,Public Data,United States,North America,Wetland,86854878,45.15,-92.8,PRJNA483483,SAMN09741280,Not applicable
SRR7629277,SRR7629277rbin,5,SRA,Public Data,United States,North America,Wetland,73987610,45.09,-93.13,PRJNA483483,SAMN09741279,Not applicable
SRR7629278,SRR7629278rbin,1,SRA,Public Data,United States,North America,Wetland,52003206,45.02,-93.14,PRJNA483483,SAMN09741278,Not applicable
SRR7629279,SRR7629279rbin,28,SRA,Public Data,United States,North America,Artificial Surfaces,93683832,44.9564628,-92.9913765,PRJNA483483,SAMN09741277,Not applicable
SRR7629280,SRR7629280rbin,23,SRA,Public Data,United States,North America,Artificial Surfaces,70871560,44.9059497,-92.9894484,PRJNA483483,SAMN09741276,Not applicable
SRR7629281,SRR7629281rbin,21,SRA,Public Data,United States,North America,Wetland,77294766,46.61,-94.16,PRJNA483483,SAMN09741275,Not applicable
SRR7629282,SRR7629282rbin,25,SRA,Public Data,United States,North America,Wetland,92469792,46.61,-94.16,PRJNA483483,SAMN09741274,Not applicable
SRR7686989,SRR7686989rbin,3,SRA,Public Data,United States,North America,Forest,70078682,40.4449,-87.0297,PRJNA468334,SAMN09199532,Not applicable
SRR7686990,SRR7686990rbin,5,SRA,Public Data,United States,North America,Forest,75360844,40.4449,-87.0297,PRJNA468333,SAMN09200100,Not applicable
SRR7686991,SRR7686991rbin,11,SRA,Public Data,United States,North America,Forest,89811334,40.4449,-87.0297,PRJNA468335,SAMN09200101,Not applicable
SRR7686992,SRR7686992rbin,2,SRA,Public Data,United States,North America,Forest,68726774,40.4449,-87.0297,PRJNA468336,SAMN09199531,Not applicable
SRR7686993,SRR7686993rbin,10,SRA,Public Data,United States,North America,Forest,72309404,40.4449,-87.0297,PRJNA468337,SAMN09200182,Not applicable
SRR7686999,SRR7686999rbin,9,SRA,Public Data,United States,North America,Forest,68260856,40.4449,-87.0297,PRJNA468339,SAMN09199529,Not applicable
SRR7687000,SRR7687000rbin,8,SRA,Public Data,United States,North America,Forest,72916354,40.4449,-87.0297,PRJNA468338,SAMN09199530,Not applicable
SRR7687001,SRR7687001rbin,3,SRA,Public Data,United States,North America,Forest,59187774,40.4449,-87.0297,PRJNA468345,SAMN09199664,Not applicable
SRR7687002,SRR7687002rbin,5,SRA,Public Data,United States,North America,Forest,68647932,40.4449,-87.0297,PRJNA468346,SAMN09199231,Not applicable
SRR7687003,SRR7687003rbin,4,SRA,Public Data,United States,North America,Forest,75144916,40.4449,-87.0297,PRJNA468344,SAMN09199665,Not applicable
SRR7687004,SRR7687004rbin,4,SRA,Public Data,United States,North America,Forest,72023148,40.4449,-87.0297,PRJNA468343,SAMN09200184,Not applicable
SRR7687005,SRR7687005rbin,7,SRA,Public Data,United States,North America,Forest,77676548,40.4449,-87.0297,PRJNA468342,SAMN09199666,Not applicable
SRR7687006,SRR7687006rbin,8,SRA,Public Data,United States,North America,Forest,70055152,40.4449,-87.0297,PRJNA468341,SAMN09199528,Not applicable
SRR7687007,SRR7687007rbin,3,SRA,Public Data,United States,North America,Forest,74234322,40.4449,-87.0297,PRJNA468340,SAMN09200183,Not applicable
SRR7687008,SRR7687008rbin,2,SRA,Public Data,United States,North America,Forest,68290788,40.4449,-87.0297,PRJNA468347,SAMN09199230,Not applicable
SRR7687010,SRR7687010rbin,7,SRA,Public Data,United States,North America,Forest,68668188,40.4449,-87.0297,PRJNA468349,SAMN09200102,Not applicable
SRR7687011,SRR7687011rbin,6,SRA,Public Data,United States,North America,Forest,73873796,40.4449,-87.0297,PRJNA468348,SAMN09199229,Not applicable
SRR7687012,SRR7687012rbin,6,SRA,Public Data,United States,North America,Forest,69934400,40.4449,-87.0297,PRJNA468351,SAMN09200103,Not applicable
SRR7687013,SRR7687013rbin,3,SRA,Public Data,United States,North America,Forest,66648472,40.4449,-87.0297,PRJNA468352,SAMN09199227,Not applicable
SRR7687014,SRR7687014rbin,4,SRA,Public Data,United States,North America,Forest,65454122,40.4449,-87.0297,PRJNA468350,SAMN09199228,Not applicable
SRR7687071,SRR7687071rbin,8,SRA,Public Data,United States,North America,Forest,57960498,40.4449,-87.0297,PRJNA468356,SAMN09199226,Not applicable
SRR7687072,SRR7687072rbin,6,SRA,Public Data,United States,North America,Forest,73618654,40.4449,-87.0297,PRJNA468354,SAMN09200126,Not applicable
SRR7687073,SRR7687073rbin,5,SRA,Public Data,United States,North America,Forest,65757338,40.4449,-87.0297,PRJNA468353,SAMN09200104,Not applicable
SRR7687074,SRR7687074rbin,8,SRA,Public Data,United States,North America,Forest,61856628,40.4449,-87.0297,PRJNA468355,SAMN09200127,Not applicable
SRR7687075,SRR7687075rbin,5,SRA,Public Data,United States,North America,Forest,60142706,40.4449,-87.0297,PRJNA468357,SAMN09199663,Not applicable
SRR7687076,SRR7687076rbin,5,SRA,Public Data,United States,North America,Forest,57678790,40.4449,-87.0297,PRJNA468359,SAMN09199662,Not applicable
SRR7687077,SRR7687077rbin,4,SRA,Public Data,United States,North America,Forest,73763422,40.4449,-87.0297,PRJNA468358,SAMN09200185,Not applicable
SRR7687087,SRR7687087rbin,5,SRA,Public Data,United States,North America,Forest,65492160,40.4449,-87.0297,PRJNA468360,SAMN09199661,Not applicable
SRR7687341,SRR7687341rbin,3,SRA,Public Data,United States,North America,Artificial Surfaces,73051182,32.5788,-110.8509,PRJNA468361,SAMN09199225,Not applicable
SRR7741809,SRR7741809rbin,27,SRA,Public Data,Antarctica: Union Glacier,Antarctica,Glacier,83717740,-79.82,-83.34,PRJNA487469,SAMN09862200,Not applicable
SRR7777325,SRR7777325rbin,10,SRA,Public Data,United States,North America,Grassland,89449852,39.7392,-123.6308,PRJNA365684,SAMN06266451,0.1 m
SRR7882662,SRR7882662rbin,119,SRA,Public Data,United States,North America,Artificial Surfaces,111834722,40.801167,-76.3429,PRJNA492298,SAMN10096626,Not applicable
SRR7882663,SRR7882663rbin,19,SRA,Public Data,United States,North America,Artificial Surfaces,128072756,40.801167,-76.3429,PRJNA492298,SAMN10096624,Not applicable
SRR7965387,SRR7965387rbin,4,SRA,Public Data,United States,North America,Agricultural Land,81491974,40.8,-76.34,PRJNA468380,SAMN09199656,Not applicable
SRR7965391,SRR7965391rbin,3,SRA,Public Data,United States,North America,Agricultural Land,77574568,43.3,-89.38,PRJNA468379,SAMN09199687,Not applicable
SRR7965730,SRR7965730rbin,3,SRA,Public Data,United States,North America,Agricultural Land,83704718,43.3,-89.38,PRJNA468381,SAMN09199688,Not applicable
SRR7965772,SRR7965772rbin,3,SRA,Public Data,United States,North America,Agricultural Land,72473016,43.3,-89.38,PRJNA468383,SAMN09199654,Not applicable
SRR7965773,SRR7965773rbin,2,SRA,Public Data,United States,North America,Agricultural Land,72534834,43.3,-89.38,PRJNA468384,SAMN09200187,Not applicable
SRR7965774,SRR7965774rbin,8,SRA,Public Data,United States,North America,Agricultural Land,104499994,43.3,-89.38,PRJNA468382,SAMN09199655,Not applicable
SRR7965775,SRR7965775rbin,5,SRA,Public Data,United States,North America,Agricultural Land,78154526,43.3,-89.38,PRJNA468385,SAMN09200188,Not applicable
SRR7965806,SRR7965806rbin,4,SRA,Public Data,United States,North America,Agricultural Land,86087726,43.3,-89.38,PRJNA468386,SAMN09199217,Not applicable
SRR7965807,SRR7965807rbin,9,SRA,Public Data,United States,North America,Agricultural Land,92881240,43.3,-89.38,PRJNA468388,SAMN09199216,Not applicable
SRR7965808,SRR7965808rbin,3,SRA,Public Data,United States,North America,Agricultural Land,77051092,43.3,-89.38,PRJNA468387,SAMN09199689,Not applicable
SRR7967783,SRR7967783rbin,1,SRA,Public Data,United States,North America,Agricultural Land,78582586,43.3,-89.38,PRJNA468419,SAMN09199647,Not applicable
SRR7967784,SRR7967784rbin,8,SRA,Public Data,United States,North America,Agricultural Land,95603902,43.3,-89.38,PRJNA468420,SAMN09199718,Not applicable
SRR7967785,SRR7967785rbin,3,SRA,Public Data,United States,North America,Agricultural Land,68055946,43.3,-89.38,PRJNA468421,SAMN09199646,Not applicable
SRR7967786,SRR7967786rbin,11,SRA,Public Data,United States,North America,Agricultural Land,83927424,43.3,-89.38,PRJNA468422,SAMN09199719,Not applicable
SRR7967787,SRR7967787rbin,7,SRA,Public Data,United States,North America,Agricultural Land,90739890,43.3,-89.38,PRJNA468423,SAMN09199645,Not applicable
SRR7967818,SRR7967818rbin,3,SRA,Public Data,United States,North America,Agricultural Land,75642700,43.3,-89.38,PRJNA468431,SAMN09199204,Not applicable
SRR7967860,SRR7967860rbin,5,SRA,Public Data,United States,North America,Agricultural Land,77773336,43.3,-89.38,PRJNA468429,SAMN09199205,Not applicable
SRR7967861,SRR7967861rbin,5,SRA,Public Data,United States,North America,Agricultural Land,79386434,43.3,-89.38,PRJNA468425,SAMN09200043,Not applicable
SRR7967862,SRR7967862rbin,7,SRA,Public Data,United States,North America,Agricultural Land,96935932,43.3,-89.38,PRJNA468430,SAMN09199721,Not applicable
SRR7967863,SRR7967863rbin,7,SRA,Public Data,United States,North America,Agricultural Land,85235348,43.3,-89.38,PRJNA468427,SAMN09199206,Not applicable
SRR7967864,SRR7967864rbin,11,SRA,Public Data,United States,North America,Agricultural Land,114563772,43.3,-89.38,PRJNA468424,SAMN09199207,Not applicable
SRR7967865,SRR7967865rbin,6,SRA,Public Data,United States,North America,Agricultural Land,97367276,43.3,-89.38,PRJNA468426,SAMN09199644,Not applicable
SRR7967922,SRR7967922rbin,4,SRA,Public Data,United States,North America,Agricultural Land,67799318,43.3,-89.38,PRJNA468432,SAMN09199722,Not applicable
SRR7967948,SRR7967948rbin,5,SRA,Public Data,United States,North America,Agricultural Land,80558958,43.3,-89.38,PRJNA468433,SAMN09199203,Not applicable
SRR7967952,SRR7967952rbin,3,SRA,Public Data,United States,North America,Agricultural Land,83844038,43.3,-89.38,PRJNA468435,SAMN09199747,Not applicable
SRR7967953,SRR7967953rbin,3,SRA,Public Data,United States,North America,Agricultural Land,91853242,43.3,-89.38,PRJNA468436,SAMN09199643,Not applicable
SRR7967954,SRR7967954rbin,6,SRA,Public Data,United States,North America,Agricultural Land,103102084,43.3,-89.38,PRJNA468434,SAMN09199202,Not applicable
SRR7968240,SRR7968240rbin,2,SRA,Public Data,United States,North America,Forest,63365736,44.23,-122.22,PRJNA469286,SAMN09094435,Not applicable
SRR7968259,SRR7968259rbin,2,SRA,Public Data,United States,North America,Forest,51792302,44.23,-122.22,PRJNA469289,SAMN09093906,Not applicable
SRR7968260,SRR7968260rbin,1,SRA,Public Data,United States,North America,Forest,53682292,44.23,-122.22,PRJNA469288,SAMN09094436,Not applicable
SRR7968261,SRR7968261rbin,2,SRA,Public Data,United States,North America,Forest,67840672,44.23,-122.22,PRJNA469287,SAMN09093907,Not applicable
SRR7968350,SRR7968350rbin,1,SRA,Public Data,United States,North America,Forest,52989426,44.23,-122.22,PRJNA469291,SAMN09093905,Not applicable
SRR7968364,SRR7968364rbin,1,SRA,Public Data,United States,North America,Forest,43042864,44.23,-122.22,PRJNA469292,SAMN09093904,Not applicable
SRR7968380,SRR7968380rbin,4,SRA,Public Data,United States,North America,Forest,65189172,44.23,-122.22,PRJNA469296,SAMN09094455,Not applicable
SRR7968381,SRR7968381rbin,1,SRA,Public Data,United States,North America,Forest,47080314,44.23,-122.22,PRJNA469294,SAMN09094454,Not applicable
SRR7968382,SRR7968382rbin,6,SRA,Public Data,United States,North America,Forest,50709220,44.23,-122.22,PRJNA469293,SAMN09094046,Not applicable
SRR7968383,SRR7968383rbin,1,SRA,Public Data,United States,North America,Forest,57822836,44.23,-122.22,PRJNA469295,SAMN09094045,Not applicable
SRR7968417,SRR7968417rbin,3,SRA,Public Data,United States,North America,Forest,60017464,44.23,-122.22,PRJNA469297,SAMN09094044,Not applicable
SRR7968834,SRR7968834rbin,2,SRA,Public Data,United States,North America,Forest,67277126,44.23,-122.22,PRJNA469300,SAMN09094457,Not applicable
SRR7968837,SRR7968837rbin,2,SRA,Public Data,United States,North America,Forest,67064176,44.23,-122.22,PRJNA469299,SAMN09094043,Not applicable
SRR7968838,SRR7968838rbin,3,SRA,Public Data,United States,North America,Forest,67122166,44.23,-122.22,PRJNA469298,SAMN09094456,Not applicable
SRR7969078,SRR7969078rbin,3,SRA,Public Data,United States,North America,Forest,64408242,44.23,-122.22,PRJNA469301,SAMN09094042,Not applicable
SRR7969083,SRR7969083rbin,3,SRA,Public Data,United States,North America,Forest,54373690,44.23,-122.22,PRJNA469303,SAMN09094458,Not applicable
SRR7969084,SRR7969084rbin,1,SRA,Public Data,United States,North America,Forest,57175018,44.23,-122.22,PRJNA469302,SAMN09094041,Not applicable
SRR7969287,SRR7969287rbin,1,SRA,Public Data,United States,North America,Forest,58446206,44.23,-122.22,PRJNA469307,SAMN09094192,Not applicable
SRR7969288,SRR7969288rbin,2,SRA,Public Data,United States,North America,Forest,62400780,44.23,-122.22,PRJNA469305,SAMN09094459,Not applicable
SRR7969289,SRR7969289rbin,1,SRA,Public Data,United States,North America,Forest,60998764,44.23,-122.22,PRJNA469306,SAMN09094039,Not applicable
SRR7969351,SRR7969351rbin,2,SRA,Public Data,United States,North America,Forest,59282666,44.23,-122.22,PRJNA469308,SAMN09094477,Not applicable
SRR7970553,SRR7970553rbin,2,SRA,Public Data,United States,North America,Forest,52197504,44.23,-122.22,PRJNA469311,SAMN09094478,Not applicable
SRR7970554,SRR7970554rbin,2,SRA,Public Data,United States,North America,Forest,58941468,44.23,-122.22,PRJNA469314,SAMN09094188,Not applicable
SRR7970742,SRR7970742rbin,4,SRA,Public Data,United States,North America,Forest,66006378,44.23,-122.22,PRJNA469315,SAMN09094480,Not applicable
SRR7970743,SRR7970743rbin,3,SRA,Public Data,United States,North America,Forest,55166258,44.23,-122.22,PRJNA469312,SAMN09094189,Not applicable
SRR7970745,SRR7970745rbin,3,SRA,Public Data,United States,North America,Forest,46291528,44.23,-122.22,PRJNA469316,SAMN09094187,Not applicable
SRR7970746,SRR7970746rbin,3,SRA,Public Data,United States,North America,Forest,47502700,44.23,-122.22,PRJNA469309,SAMN09094191,Not applicable
SRR7970951,SRR7970951rbin,2,SRA,Public Data,United States,North America,Forest,51228558,44.23,-122.22,PRJNA469317,SAMN09094186,Not applicable
SRR7970985,SRR7970985rbin,4,SRA,Public Data,United States,North America,Forest,55497738,44.23,-122.22,PRJNA469319,SAMN09094160,Not applicable
SRR7975437,SRR7975437rbin,3,SRA,Public Data,United States,North America,Agricultural Land,85434094,44.23,-122.22,PRJNA444370,SAMN08779528,Not applicable
SRR7975446,SRR7975446rbin,11,SRA,Public Data,United States,North America,Wetland,199678530,39.7291,-123.6419,PRJNA364437,SAMN06265754,Not applicable
SRR7976076,SRR7976076rbin,35,SRA,Public Data,United States,North America,Wetland,353172450,37.9813,-109.5168,PRJNA444970,SAMN08779408,Not applicable
SRR7976078,SRR7976078rbin,6,SRA,Public Data,United States,North America,Wetland,359056540,33.5944,-109.1397,PRJNA444973,SAMN08779410,Not applicable
SRR7976147,SRR7976147rbin,18,SRA,Public Data,"USA: Emeryville, California",North America,NA,17477698,NA,NA,PRJNA444402,SAMN08779506,Not applicable
SRR7976148,SRR7976148rbin,35,SRA,Public Data,"USA: Emeryville, California",North America,NA,28385650,NA,NA,PRJNA444402,SAMN08779506,Not applicable
SRR7976149,SRR7976149rbin,30,SRA,Public Data,"USA: Emeryville, California",North America,NA,36655002,NA,NA,PRJNA444404,SAMN08779507,Not applicable
SRR7976150,SRR7976150rbin,16,SRA,Public Data,"USA: Emeryville, California",North America,NA,25938358,NA,NA,PRJNA444404,SAMN08779507,Not applicable
SRR7976235,SRR7976235rbin,31,SRA,Public Data,"USA: Emeryville, California",North America,NA,40550174,NA,NA,PRJNA444409,SAMN08779510,Not applicable
SRR7976237,SRR7976237rbin,45,SRA,Public Data,United States,North America,Artificial Surfaces,47789768,37.83,-122.29,PRJNA444410,SAMN08779516,Not applicable
SRR7976238,SRR7976238rbin,23,SRA,Public Data,"USA: Emeryville, California",North America,NA,22020112,NA,NA,PRJNA444410,SAMN08779516,Not applicable
SRR7976247,SRR7976247rbin,35,SRA,Public Data,"USA: Emeryville, California",North America,NA,37644054,NA,NA,PRJNA444413,SAMN08779518,Not applicable
SRR7976294,SRR7976294rbin,8,SRA,Public Data,USA: California,North America,NA,178059984,NA,NA,PRJNA444718,SAMN08779567,Not applicable
SRR8090375,SRR8090375rbin,12,SRA,Public Data,United States,North America,Tundra,61582686,71.2999,-156.61,PRJNA330299,SAMN10215879,Not applicable
SRR8100008,SRR8100008rbin,1,SRA,Public Data,"USA: Poamoho, Hawaii",North America,NA,16661332,NA,NA,PRJNA497915,SAMN10273097,Not applicable
SRR8100009,SRR8100009rbin,1,SRA,Public Data,"USA: Poamoho, Hawaii",North America,NA,16542590,NA,NA,PRJNA497915,SAMN10280996,Not applicable
SRR8100010,SRR8100010rbin,1,SRA,Public Data,"USA: Poamoho, Hawaii",North America,NA,16111056,NA,NA,PRJNA497915,SAMN10281371,Not applicable
SRR8100011,SRR8100011rbin,1,SRA,Public Data,"USA: Poamoho, Hawaii",North America,NA,15651496,NA,NA,PRJNA497915,SAMN10281372,Not applicable
SRR8100012,SRR8100012rbin,1,SRA,Public Data,"USA: Poamoho, Hawaii",North America,NA,20286188,NA,NA,PRJNA497915,SAMN10280987,Not applicable
SRR8100013,SRR8100013rbin,1,SRA,Public Data,"USA: Poamoho, Hawaii",North America,NA,20227492,NA,NA,PRJNA497915,SAMN10273094,Not applicable
SRR8100014,SRR8100014rbin,8,SRA,Public Data,United States,North America,Agricultural Land,56978236,21.5416,-158.0875,PRJNA497915,SAMN10280833,Not applicable
SRR8100015,SRR8100015rbin,7,SRA,Public Data,United States,North America,Agricultural Land,58395046,21.5416,-158.0875,PRJNA497915,SAMN10280822,Not applicable
SRR8100016,SRR8100016rbin,10,SRA,Public Data,United States,North America,Agricultural Land,60221386,21.5416,-158.0875,PRJNA497915,SAMN10280817,Not applicable
SRR8100017,SRR8100017rbin,8,SRA,Public Data,United States,North America,Agricultural Land,60328942,21.5416,-158.0875,PRJNA497915,SAMN10273067,Not applicable
SRR8100018,SRR8100018rbin,7,SRA,Public Data,United States,North America,Agricultural Land,61844894,21.5416,-158.0875,PRJNA497915,SAMN10280986,Not applicable
SRR8100019,SRR8100019rbin,6,SRA,Public Data,United States,North America,Agricultural Land,63342224,21.5416,-158.0875,PRJNA497915,SAMN10280985,Not applicable
SRR8100020,SRR8100020rbin,10,SRA,Public Data,United States,North America,Agricultural Land,65551796,21.5416,-158.0875,PRJNA497915,SAMN10280972,Not applicable
SRR8100021,SRR8100021rbin,6,SRA,Public Data,United States,North America,Agricultural Land,65509030,21.5416,-158.0875,PRJNA497915,SAMN10273068,Not applicable
SRR8100022,SRR8100022rbin,1,SRA,Public Data,"USA: Poamoho, Hawaii",North America,NA,14735638,NA,NA,PRJNA497915,SAMN10280994,Not applicable
SRR8100023,SRR8100023rbin,1,SRA,Public Data,"USA: Poamoho, Hawaii",North America,NA,15265390,NA,NA,PRJNA497915,SAMN10280995,Not applicable
SRR8100024,SRR8100024rbin,1,SRA,Public Data,"USA: Poamoho, Hawaii",North America,NA,19188200,NA,NA,PRJNA497915,SAMN10280989,Not applicable
SRR8100025,SRR8100025rbin,1,SRA,Public Data,"USA: Poamoho, Hawaii",North America,NA,19576482,NA,NA,PRJNA497915,SAMN10280988,Not applicable
SRR8100026,SRR8100026rbin,2,SRA,Public Data,"USA: Poamoho, Hawaii",North America,NA,16820228,NA,NA,PRJNA497915,SAMN10280990,Not applicable
SRR8100027,SRR8100027rbin,3,SRA,Public Data,"USA: Poamoho, Hawaii",North America,NA,16744896,NA,NA,PRJNA497915,SAMN10273095,Not applicable
SRR8100028,SRR8100028,0,SRA,Public Data,"USA: Poamoho, Hawaii",North America,NA,15484498,NA,NA,PRJNA497915,SAMN10280992,Not applicable
SRR8100029,SRR8100029rbin,1,SRA,Public Data,"USA: Poamoho, Hawaii",North America,NA,16236234,NA,NA,PRJNA497915,SAMN10280991,Not applicable
SRR8100030,SRR8100030rbin,1,SRA,Public Data,"USA: Poamoho, Hawaii",North America,NA,15764562,NA,NA,PRJNA497915,SAMN10280993,Not applicable
SRR8100031,SRR8100031rbin,1,SRA,Public Data,"USA: Poamoho, Hawaii",North America,NA,15792964,NA,NA,PRJNA497915,SAMN10273096,Not applicable
SRR8100044,SRR8100044rbin,5,SRA,Public Data,United States,North America,Agricultural Land,141810250,21.54,-158.09,PRJNA468428,SAMN09199720,Not applicable
SRR8185399,SRR8185399rbin,7,SRA,Public Data,China,Asia,Agricultural Land,39150124,32.03,118.46,PRJNA495483,SAMN10238533,Not applicable
SRR8185400,SRR8185400rbin,7,SRA,Public Data,China,Asia,Agricultural Land,37342570,32.03,118.46,PRJNA495483,SAMN10238532,Not applicable
SRR8185401,SRR8185401rbin,5,SRA,Public Data,China,Asia,Agricultural Land,36835126,32.03,118.46,PRJNA495483,SAMN10238525,Not applicable
SRR8185402,SRR8185402rbin,5,SRA,Public Data,China,Asia,Agricultural Land,36819880,32.03,118.46,PRJNA495483,SAMN10238524,Not applicable
SRR8185403,SRR8185403rbin,5,SRA,Public Data,China,Asia,Agricultural Land,41365830,32.03,118.46,PRJNA495483,SAMN10238523,Not applicable
SRR8185404,SRR8185404rbin,5,SRA,Public Data,China,Asia,Agricultural Land,39266560,32.03,118.46,PRJNA495483,SAMN10238522,Not applicable
SRR8185405,SRR8185405rbin,4,SRA,Public Data,China,Asia,Agricultural Land,42312774,32.03,118.46,PRJNA495483,SAMN10238529,Not applicable
SRR8185406,SRR8185406rbin,2,SRA,Public Data,China,Asia,Agricultural Land,47865290,32.03,118.46,PRJNA495483,SAMN10238528,Not applicable
SRR8185407,SRR8185407rbin,7,SRA,Public Data,China,Asia,Agricultural Land,40215294,32.03,118.46,PRJNA495483,SAMN10238527,Not applicable
SRR8185408,SRR8185408rbin,4,SRA,Public Data,China,Asia,Agricultural Land,35598572,32.03,118.46,PRJNA495483,SAMN10238526,Not applicable
SRR8185409,SRR8185409rbin,7,SRA,Public Data,China,Asia,Agricultural Land,37724250,32.03,118.46,PRJNA495483,SAMN10238531,Not applicable
SRR8185410,SRR8185410rbin,4,SRA,Public Data,China,Asia,Agricultural Land,40639336,32.03,118.46,PRJNA495483,SAMN10238530,Not applicable
SRR8191071,SRR8191071rbin,4,SRA,Public Data,Panama,North America,Forest,62678912,9.1086,-79.8436,PRJNA464762,SAMN09091625,Not applicable
SRR8199877,SRR8199877rbin,5,SRA,Public Data,Netherlands,Europe,Agricultural Land,87202982,51.991111,5.661972,PRJNA488251,SAMN10407552,Not applicable
SRR8199878,SRR8199878rbin,5,SRA,Public Data,Netherlands,Europe,Agricultural Land,79414776,51.991111,5.661972,PRJNA488251,SAMN10407552,Not applicable
SRR8205298,SRR8205298rbin,1,SRA,Public Data,China,Asia,Grassland,77248486,43.2167,116.2333,PRJNA505928,SAMN10439577,Not applicable
SRR8205300,SRR8205300rbin,2,SRA,Public Data,China,Asia,Grassland,47234804,43.2167,116.2333,PRJNA505928,SAMN10439579,Not applicable
SRR8205301,SRR8205301rbin,1,SRA,Public Data,China,Asia,Grassland,74190272,43.2167,116.2333,PRJNA505928,SAMN10439582,Not applicable
SRR8205303,SRR8205303rbin,2,SRA,Public Data,China,Asia,Grassland,81869774,43.2167,116.2333,PRJNA505928,SAMN10439584,Not applicable
SRR8205304,SRR8205304rbin,7,SRA,Public Data,China,Asia,Grassland,76264890,43.2167,116.2333,PRJNA505928,SAMN10439583,Not applicable
SRR8205305,SRR8205305rbin,5,SRA,Public Data,China,Asia,Grassland,88143852,43.2167,116.2333,PRJNA505928,SAMN10439586,Not applicable
SRR8205306,SRR8205306rbin,2,SRA,Public Data,China,Asia,Grassland,81575140,43.2167,116.2333,PRJNA505928,SAMN10439585,Not applicable
SRR8205308,SRR8205308rbin,4,SRA,Public Data,China,Asia,Grassland,54452762,43.2167,116.2333,PRJNA505928,SAMN10439595,Not applicable
SRR8205309,SRR8205309rbin,7,SRA,Public Data,China,Asia,Grassland,94975696,43.2167,116.2333,PRJNA505928,SAMN10439590,Not applicable
SRR8205310,SRR8205310rbin,4,SRA,Public Data,China,Asia,Grassland,96031046,43.2167,116.2333,PRJNA505928,SAMN10439589,Not applicable
SRR8205311,SRR8205311rbin,1,SRA,Public Data,China,Asia,Grassland,80723766,43.2167,116.2333,PRJNA505928,SAMN10439588,Not applicable
SRR8205312,SRR8205312rbin,5,SRA,Public Data,China,Asia,Grassland,86257992,43.2167,116.2333,PRJNA505928,SAMN10439587,Not applicable
SRR8205313,SRR8205313rbin,1,SRA,Public Data,China,Asia,Grassland,80236782,43.2167,116.2333,PRJNA505928,SAMN10439594,Not applicable
SRR8205314,SRR8205314rbin,3,SRA,Public Data,China,Asia,Grassland,74767914,43.2167,116.2333,PRJNA505928,SAMN10439593,Not applicable
SRR8205316,SRR8205316rbin,2,SRA,Public Data,China,Asia,Grassland,93864168,43.2167,116.2333,PRJNA505928,SAMN10439591,Not applicable
SRR8269906,SRR8269906,0,SRA,Public Data,United States,North America,Artificial Surfaces,25249228,38.083,-81.98,PRJNA502401,SAMN10350917,Not applicable
SRR8270004,SRR8270004rbin,1,SRA,Public Data,United States,North America,Agricultural Land,70284144,41.9167,-93.75,PRJNA467703,SAMN09201358,Not applicable
SRR8435584,SRR8435584rbin,1,SRA,Public Data,United States,North America,Agricultural Land,41067492,41.9167,-93.75,PRJNA467698,SAMN09201770,Not applicable
SRR8435635,SRR8435635rbin,2,SRA,Public Data,United States,North America,Agricultural Land,37753732,41.9167,-93.75,PRJNA467700,SAMN09201360,Not applicable
SRR8435649,SRR8435649rbin,1,SRA,Public Data,United States,North America,Agricultural Land,39739800,41.9167,-93.75,PRJNA467699,SAMN09201361,Not applicable
SRR8437982,SRR8437982rbin,4,SRA,Public Data,United States,North America,Forest,72572410,40.4449,-87.0297,PRJNA502471,SAMN10351026,Not applicable
SRR8437983,SRR8437983rbin,2,SRA,Public Data,United States,North America,Forest,73969418,40.4449,-87.0297,PRJNA502470,SAMN10351126,Not applicable
SRR8437984,SRR8437984rbin,4,SRA,Public Data,United States,North America,Forest,70896276,40.4449,-87.0297,PRJNA502472,SAMN10350966,Not applicable
SRR8438001,SRR8438001rbin,3,SRA,Public Data,United States,North America,Forest,66050902,40.4449,-87.0297,PRJNA502474,SAMN10351185,Not applicable
SRR8438002,SRR8438002rbin,6,SRA,Public Data,United States,North America,Forest,68473742,40.4449,-87.0297,PRJNA502473,SAMN10350914,Not applicable
SRR8438005,SRR8438005rbin,3,SRA,Public Data,United States,North America,Forest,65270346,40.4449,-87.0297,PRJNA502477,SAMN10351357,Not applicable
SRR8438006,SRR8438006rbin,2,SRA,Public Data,United States,North America,Forest,73277510,40.4449,-87.0297,PRJNA502475,SAMN10350913,Not applicable
SRR8438362,SRR8438362rbin,6,SRA,Public Data,United States,North America,Artificial Surfaces,70334714,32.5788,-110.8509,PRJNA502486,SAMN10351253,Not applicable
SRR8438363,SRR8438363rbin,4,SRA,Public Data,United States,North America,Artificial Surfaces,80170010,32.5789,-110.8512,PRJNA502485,SAMN10351094,Not applicable
SRR8438364,SRR8438364rbin,9,SRA,Public Data,United States,North America,Artificial Surfaces,88293562,32.5789,-110.8512,PRJNA502484,SAMN10350910,Not applicable
SRR8438365,SRR8438365rbin,1,SRA,Public Data,United States,North America,Artificial Surfaces,43567276,32.5788,-110.8509,PRJNA502480,SAMN10350911,Not applicable
SRR8438377,SRR8438377rbin,7,SRA,Public Data,United States,North America,Artificial Surfaces,54756376,32.5789,-110.8512,PRJNA502487,SAMN10350909,Not applicable
SRR8438981,SRR8438981rbin,1,SRA,Public Data,United States,North America,Artificial Surfaces,83739212,32.5789,-110.8512,PRJNA502492,SAMN10350906,Not applicable
SRR8438982,SRR8438982rbin,1,SRA,Public Data,United States,North America,Artificial Surfaces,65173490,32.5789,-110.8512,PRJNA502493,SAMN10351189,Not applicable
SRR8438987,SRR8438987rbin,26,SRA,Public Data,United States,North America,Artificial Surfaces,45509134,32.5788,-110.8509,PRJNA502495,SAMN10350964,Not applicable
SRR8438988,SRR8438988rbin,8,SRA,Public Data,United States,North America,Artificial Surfaces,59649216,32.5788,-110.8509,PRJNA502494,SAMN10350965,Not applicable
SRR8438989,SRR8438989rbin,1,SRA,Public Data,United States,North America,Artificial Surfaces,58288400,32.5788,-110.8509,PRJNA502490,SAMN10350907,Not applicable
SRR8438990,SRR8438990rbin,26,SRA,Public Data,United States,North America,Artificial Surfaces,69144836,32.5788,-110.8509,PRJNA502491,SAMN10351188,Not applicable
SRR8438992,SRR8438992rbin,29,SRA,Public Data,USA: Arizona,North America,Artificial Surfaces,39721544,32.5788,-110.8509,PRJNA502496,SAMN10351127,Not applicable
SRR8439257,SRR8439257rbin,15,SRA,Public Data,United States,North America,Agricultural Land,601765594,42.673,-77.032,PRJNA502503,SAMN10350903,Not applicable
SRR8439262,SRR8439262rbin,52,SRA,Public Data,United States,North America,Agricultural Land,572715082,42.673,-77.032,PRJNA502506,SAMN10351190,Not applicable
SRR8439391,SRR8439391rbin,10,SRA,Public Data,United States,North America,Agricultural Land,704586342,42.673,-77.032,PRJNA502507,SAMN10351325,Not applicable
SRR8442864,SRR8442864rbin,9,SRA,Public Data,USA: California,North America,Grassland,23788004,33.31,-118.43,PRJNA502751,SAMN10350956,Not applicable
SRR8442865,SRR8442865rbin,6,SRA,Public Data,USA: California,North America,Grassland,26637588,33.2,-118.43,PRJNA502753,SAMN10350952,Not applicable
SRR8442866,SRR8442866rbin,4,SRA,Public Data,USA: California,North America,Grassland,30152986,33.2,-90.76,PRJNA502754,SAMN10351098,Not applicable
SRR8442867,SRR8442867rbin,3,SRA,Public Data,USA: California,North America,Grassland,26931242,33.31,-90.76,PRJNA502752,SAMN10351377,Not applicable
SRR8443306,SRR8443306rbin,2,SRA,Public Data,USA: California,North America,Grassland,27483052,33.31,-90.76,PRJNA502756,SAMN10350950,Not applicable
SRR8443307,SRR8443307rbin,2,SRA,Public Data,USA: California,North America,Grassland,25899966,33.31,-90.76,PRJNA502757,SAMN10351149,Not applicable
SRR8443320,SRR8443320rbin,2,SRA,Public Data,USA: California,North America,Grassland,30774950,33.31,-90.76,PRJNA502760,SAMN10350955,Not applicable
SRR8443322,SRR8443322rbin,2,SRA,Public Data,USA: California,North America,Grassland,27581560,33.31,-90.76,PRJNA502759,SAMN10351074,Not applicable
SRR8443323,SRR8443323rbin,2,SRA,Public Data,USA: California,North America,Grassland,31242608,33.31,-90.76,PRJNA502758,SAMN10350949,Not applicable
SRR8465118,SRR8465118rbin,1,SRA,Public Data,Norway,Europe,Forest,30650238,59.9992,10.7901,PRJNA502722,SAMN10350564,Not applicable
SRR8465120,SRR8465120,0,SRA,Public Data,Norway,Europe,Forest,28146254,59.9979,10.7895,PRJNA502720,SAMN10350565,Not applicable
SRR8465122,SRR8465122,0,SRA,Public Data,Norway,Europe,Forest,29449578,59.9982,10.7894,PRJNA502721,SAMN10350769,Not applicable
SRR8465469,SRR8465469,0,SRA,Public Data,Norway,Europe,Forest,27530278,59.9989,10.7903,PRJNA502723,SAMN10350563,Not applicable
SRR8465471,SRR8465471,0,SRA,Public Data,Norway,Europe,Forest,33329276,59.997,10.7902,PRJNA502724,SAMN10350817,Not applicable
SRR8487010,SRR8487010,0,SRA,Public Data,USA: California,North America,Agricultural Land,24265488,38.535556,-121.772778,PRJNA646773,SAMN15565738,0-30 cm
SRR8487011,SRR8487011rbin,1,SRA,Public Data,USA: California,North America,Agricultural Land,24564896,38.535556,-121.772778,PRJNA646773,SAMN15565742,0-30 cm
SRR8487012,SRR8487012rbin,1,SRA,Public Data,USA: California,North America,Agricultural Land,44255682,38.535556,-121.772778,PRJNA646773,SAMN15565762,0-30 cm
SRR8487013,SRR8487013,0,SRA,Public Data,USA: California,North America,Agricultural Land,40901916,38.535556,-121.772778,PRJNA646773,SAMN15565766,0-30 cm
SRR8487014,SRR8487014,0,SRA,Public Data,USA: California,North America,Agricultural Land,15321390,38.535556,-121.772778,PRJNA646773,SAMN15565752,0-30 cm
SRR8487016,SRR8487016,0,SRA,Public Data,USA: California,North America,Agricultural Land,24360744,38.535556,-121.772778,PRJNA646773,SAMN15565750,0-30 cm
SRR8487017,SRR8487017,0,SRA,Public Data,USA: California,North America,Agricultural Land,22975472,38.535556,-121.772778,PRJNA646773,SAMN15565746,0-30 cm
SRR8487018,SRR8487018,0,SRA,Public Data,USA: California,North America,Agricultural Land,21506874,38.535556,-121.772778,PRJNA646773,SAMN15565756,0-30 cm
SRR8487019,SRR8487019,0,SRA,Public Data,USA: California,North America,Agricultural Land,21981560,38.535556,-121.772778,PRJNA646773,SAMN15565765,0-30 cm
SRR8487021,SRR8487021,0,SRA,Public Data,USA: California,North America,Agricultural Land,17401566,38.535556,-121.772778,PRJNA646773,SAMN15565759,0-30 cm
SRR8487022,SRR8487022rbin,1,SRA,Public Data,USA: California,North America,Agricultural Land,25061104,38.535556,-121.772778,PRJNA646773,SAMN15565761,0-30 cm
SRR8487023,SRR8487023,0,SRA,Public Data,USA: California,North America,Agricultural Land,18102086,38.535556,-121.772778,PRJNA646773,SAMN15565767,0-30 cm
SRR8487025,SRR8487025rbin,14,SRA,Public Data,USA: California,North America,Agricultural Land,22113202,38.535556,-121.772778,PRJNA646773,SAMN15565741,0-30 cm
SRR8487026,SRR8487026rbin,14,SRA,Public Data,USA: California,North America,Agricultural Land,36576068,38.535556,-121.772778,PRJNA646773,SAMN15565739,0-30 cm
SRR8487027,SRR8487027rbin,14,SRA,Public Data,USA: California,North America,Agricultural Land,42258712,38.535556,-121.772778,PRJNA646773,SAMN15565743,0-30 cm
SRR8487028,SRR8487028rbin,14,SRA,Public Data,USA: California,North America,Agricultural Land,23318688,38.535556,-121.772778,PRJNA646773,SAMN15565745,0-30 cm
SRR8487029,SRR8487029rbin,14,SRA,Public Data,USA: California,North America,Agricultural Land,20989942,38.535556,-121.772778,PRJNA646773,SAMN15565749,0-30 cm
SRR8487030,SRR8487030rbin,14,SRA,Public Data,USA: California,North America,Agricultural Land,44121554,38.535556,-121.772778,PRJNA646773,SAMN15565747,0-30 cm
SRR8487031,SRR8487031rbin,14,SRA,Public Data,USA: California,North America,Agricultural Land,30127712,38.535556,-121.772778,PRJNA646773,SAMN15565751,0-30 cm
SRR8487032,SRR8487032rbin,14,SRA,Public Data,USA: California,North America,Agricultural Land,22154974,38.535556,-121.772778,PRJNA646773,SAMN15565753,0-30 cm
SRR8487033,SRR8487033rbin,14,SRA,Public Data,USA: California,North America,Agricultural Land,21016858,38.535556,-121.772778,PRJNA646773,SAMN15565757,0-30 cm
SRR8487034,SRR8487034rbin,14,SRA,Public Data,USA: California,North America,Agricultural Land,17085082,38.535556,-121.772778,PRJNA646773,SAMN15565763,0-30 cm
SRR8487035,SRR8487035rbin,14,SRA,Public Data,USA: California,North America,Agricultural Land,19338706,38.535556,-121.772778,PRJNA646773,SAMN15565740,0-30 cm
SRR8487036,SRR8487036rbin,14,SRA,Public Data,USA: California,North America,Agricultural Land,13377746,38.535556,-121.772778,PRJNA646773,SAMN15565744,0-30 cm
SRR8487037,SRR8487037rbin,14,SRA,Public Data,USA: California,North America,Agricultural Land,20977296,38.535556,-121.772778,PRJNA646773,SAMN15565760,0-30 cm
SRR8487038,SRR8487038rbin,14,SRA,Public Data,USA: California,North America,Agricultural Land,24614224,38.535556,-121.772778,PRJNA646773,SAMN15565764,0-30 cm
SRR8487039,SRR8487039rbin,14,SRA,Public Data,USA: California,North America,Agricultural Land,39517202,38.535556,-121.772778,PRJNA646773,SAMN15565755,0-30 cm
SRR8487040,SRR8487040rbin,14,SRA,Public Data,USA: California,North America,Agricultural Land,33579610,38.535556,-121.772778,PRJNA646773,SAMN15565758,0-30 cm
SRR8489885,SRR8489885rbin,14,SRA,Public Data,"USA: Hopland, CA",North America,Grassland,238538674,39.00097,-123.08297,PRJNA517182,SAMN10822081,Not applicable
SRR8489886,SRR8489886rbin,14,SRA,Public Data,"USA: Hopland, CA",North America,Grassland,238530324,39.00097,-123.08297,PRJNA517182,SAMN10822081,Not applicable
SRR8489887,SRR8489887rbin,14,SRA,Public Data,"USA: Hopland, CA",North America,Grassland,164618802,39.00097,-123.08297,PRJNA517182,SAMN10822081,Not applicable
SRR8489888,SRR8489888rbin,14,SRA,Public Data,"USA: Hopland, CA",North America,Grassland,238353646,39.00097,-123.08297,PRJNA517182,SAMN10822081,Not applicable
SRR8489889,SRR8489889rbin,4,SRA,Public Data,"USA: Hopland, CA",North America,Grassland,153090958,39.00097,-123.08297,PRJNA517182,SAMN10822082,Not applicable
SRR8489890,SRR8489890rbin,4,SRA,Public Data,"USA: Hopland, CA",North America,Grassland,90294358,39.00097,-123.08297,PRJNA517182,SAMN10822082,Not applicable
SRR8489891,SRR8489891rbin,4,SRA,Public Data,"USA: Hopland, CA",North America,Grassland,204785042,39.00097,-123.08297,PRJNA517182,SAMN10822082,Not applicable
SRR8489893,SRR8489893rbin,4,SRA,Public Data,"USA: Hopland, CA",North America,Grassland,204417750,39.00097,-123.08297,PRJNA517182,SAMN10822082,Not applicable
SRR8489894,SRR8489894rbin,4,SRA,Public Data,"USA: Hopland, CA",North America,Grassland,206895512,39.00097,-123.08297,PRJNA517182,SAMN10822082,Not applicable
SRR8489895,SRR8489895rbin,4,SRA,Public Data,"USA: Hopland, CA",North America,Grassland,248132764,39.00097,-123.08297,PRJNA517182,SAMN10822082,Not applicable
SRR8489896,SRR8489896rbin,4,SRA,Public Data,"USA: Hopland, CA",North America,Grassland,247732152,39.00097,-123.08297,PRJNA517182,SAMN10822082,Not applicable
SRR8489897,SRR8489897rbin,4,SRA,Public Data,"USA: Hopland, CA",North America,Grassland,159885588,39.00097,-123.08297,PRJNA517182,SAMN10822081,Not applicable
SRR8489898,SRR8489898rbin,4,SRA,Public Data,"USA: Hopland, CA",North America,Grassland,169055228,39.00097,-123.08297,PRJNA517182,SAMN10822081,Not applicable
SRR8489899,SRR8489899rbin,4,SRA,Public Data,"USA: Hopland, CA",North America,Grassland,169960642,39.00097,-123.08297,PRJNA517182,SAMN10822081,Not applicable
SRR8489900,SRR8489900rbin,4,SRA,Public Data,"USA: Hopland, CA",North America,Grassland,150178132,39.00097,-123.08297,PRJNA517182,SAMN10822081,Not applicable
SRR8489901,SRR8489901rbin,4,SRA,Public Data,"USA: Hopland, CA",North America,Grassland,260421664,39.00097,-123.08297,PRJNA517182,SAMN10822081,Not applicable
SRR8489902,SRR8489902rbin,3,SRA,Public Data,"USA: Hopland, CA",North America,Grassland,260881748,39.00097,-123.08297,PRJNA517182,SAMN10822081,Not applicable
SRR8489903,SRR8489903,0,SRA,Public Data,"USA: Hopland, CA",North America,Grassland,166237562,39.00097,-123.08297,PRJNA517182,SAMN10822081,Not applicable
SRR8489904,SRR8489904rbin,1,SRA,Public Data,"USA: Hopland, CA",North America,Grassland,165432338,39.00097,-123.08297,PRJNA517182,SAMN10822081,Not applicable
SRR8489905,SRR8489905rbin,2,SRA,Public Data,"USA: Hopland, CA",North America,Grassland,258508698,39.00097,-123.08297,PRJNA517182,SAMN10822081,Not applicable
SRR8489906,SRR8489906rbin,3,SRA,Public Data,"USA: Hopland, CA",North America,Grassland,262194658,39.00097,-123.08297,PRJNA517182,SAMN10822081,Not applicable
SRR8489907,SRR8489907,0,SRA,Public Data,"USA: Hopland, CA",North America,Grassland,83350028,39.00097,-123.08297,PRJNA517182,SAMN10822082,Not applicable
SRR8489908,SRR8489908,0,SRA,Public Data,"USA: Hopland, CA",North America,Grassland,136825848,39.00097,-123.08297,PRJNA517182,SAMN10822082,Not applicable
SRR8489909,SRR8489909,0,SRA,Public Data,"USA: Hopland, CA",North America,Grassland,150394490,39.00097,-123.08297,PRJNA517182,SAMN10822082,Not applicable
SRR8489910,SRR8489910,0,SRA,Public Data,"USA: Hopland, CA",North America,Grassland,140102412,39.00097,-123.08297,PRJNA517182,SAMN10822082,Not applicable
SRR8489911,SRR8489911rbin,2,SRA,Public Data,"USA: Hopland, CA",North America,Grassland,198430010,39.00097,-123.08297,PRJNA517182,SAMN10822082,Not applicable
SRR8489912,SRR8489912rbin,1,SRA,Public Data,"USA: Hopland, CA",North America,Grassland,184894256,39.00097,-123.08297,PRJNA517182,SAMN10822082,Not applicable
SRR8489913,SRR8489913rbin,10,SRA,Public Data,"USA: Hopland, CA",North America,Grassland,137113222,39.00097,-123.08297,PRJNA517182,SAMN10822082,Not applicable
SRR8489914,SRR8489914,0,SRA,Public Data,"USA: Hopland, CA",North America,Grassland,110946394,39.00097,-123.08297,PRJNA517182,SAMN10822082,Not applicable
SRR8489915,SRR8489915,0,SRA,Public Data,"USA: Hopland, CA",North America,Grassland,142093550,39.00097,-123.08297,PRJNA517182,SAMN10822082,Not applicable
SRR8489916,SRR8489916rbin,5,SRA,Public Data,"USA: Hopland, CA",North America,Grassland,252359150,39.00097,-123.08297,PRJNA517182,SAMN10822082,Not applicable
SRR8489917,SRR8489917rbin,6,SRA,Public Data,"USA: Hopland, CA",North America,Grassland,250663494,39.00097,-123.08297,PRJNA517182,SAMN10822082,Not applicable
SRR8500449,SRR8500449rbin,5,SRA,Public Data,China,Asia,Forest,26436764,19.7429,109.7064,PRJNA475650,SAMN10754095,Not applicable
SRR8500450,SRR8500450rbin,4,SRA,Public Data,China,Asia,Forest,44278024,19.2315,109.7799,PRJNA475650,SAMN10754096,Not applicable
SRR8500453,SRR8500453rbin,1,SRA,Public Data,China,Asia,Wetland,16169788,22.01,108.65,PRJNA475650,SAMN10754091,Not applicable
SRR8500454,SRR8500454rbin,3,SRA,Public Data,China,Asia,Wetland,23520274,21.8667,111.9,PRJNA475650,SAMN10754092,Not applicable
SRR8500455,SRR8500455rbin,2,SRA,Public Data,China,Asia,Forest,30507352,24.31,109.15,PRJNA475650,SAMN10754089,Not applicable
SRR8500456,SRR8500456rbin,3,SRA,Public Data,China,Asia,Forest,36609372,22.99,108.35,PRJNA475650,SAMN10754090,Not applicable
SRR8500457,SRR8500457rbin,2,SRA,Public Data,China,Asia,Forest,29935128,24.87,108.26,PRJNA475650,SAMN10754087,Not applicable
SRR8500458,SRR8500458rbin,2,SRA,Public Data,China,Asia,Agricultural Land,26375312,24.52,108.56,PRJNA475650,SAMN10754088,Not applicable
SRR8500459,SRR8500459rbin,1,SRA,Public Data,China,Asia,Agricultural Land,22434376,41.8,123.9,PRJNA475650,SAMN10754067,Not applicable
SRR8500460,SRR8500460rbin,1,SRA,Public Data,China,Asia,Artificial Surfaces,27625888,41.6,120.43,PRJNA475650,SAMN10754068,Not applicable
SRR8500461,SRR8500461rbin,3,SRA,Public Data,China,Asia,Artificial Surfaces,21799704,41.1,122.98,PRJNA475650,SAMN10754069,Not applicable
SRR8500463,SRR8500463rbin,1,SRA,Public Data,China,Asia,Wetland,36914314,39.02,121.46,PRJNA475650,SAMN10754071,Not applicable
SRR8500464,SRR8500464rbin,1,SRA,Public Data,China,Asia,Agricultural Land,33453510,37.7789,120.7663,PRJNA475650,SAMN10754072,Not applicable
SRR8500465,SRR8500465rbin,3,SRA,Public Data,China,Asia,Artificial Surfaces,31239710,37.489,122.1203,PRJNA475650,SAMN10754073,Not applicable
SRR8500469,SRR8500469rbin,1,SRA,Public Data,China,Asia,Forest,24768044,45.7893,126.7833,PRJNA475650,SAMN10754061,Not applicable
SRR8500475,SRR8500475rbin,2,SRA,Public Data,China,Asia,Forest,23004290,45.3086,130.8958,PRJNA475650,SAMN10754059,Not applicable
SRR8500476,SRR8500476rbin,1,SRA,Public Data,China,Asia,Artificial Surfaces,16303104,47.2539,124.0023,PRJNA475650,SAMN10754060,Not applicable
SRR8500477,SRR8500477rbin,1,SRA,Public Data,China,Asia,Forest,33259094,52.5719,124.5823,PRJNA475650,SAMN10754099,Not applicable
SRR8500478,SRR8500478rbin,3,SRA,Public Data,China,Asia,Forest,33062288,42.1828,125.509,PRJNA475650,SAMN10754065,Not applicable
SRR8500479,SRR8500479rbin,1,SRA,Public Data,China,Asia,Forest,26073200,43.2116,125.9139,PRJNA475650,SAMN10754066,Not applicable
SRR8500480,SRR8500480rbin,1,SRA,Public Data,China,Asia,Forest,33927270,51.2123,125.9296,PRJNA475650,SAMN10754098,Not applicable
SRR8500481,SRR8500481rbin,1,SRA,Public Data,China,Asia,Forest,22752240,51.9504,124.6095,PRJNA475650,SAMN10754100,Not applicable
SRR8500482,SRR8500482rbin,5,SRA,Public Data,China,Asia,Forest,20086504,24.3852,114.9936,PRJNA475650,SAMN10754086,Not applicable
SRR8500484,SRR8500484rbin,1,SRA,Public Data,China,Asia,Forest,32984852,50.2129,127.266,PRJNA475650,SAMN10754097,Not applicable
SRR8500485,SRR8500485rbin,6,SRA,Public Data,China,Asia,Artificial Surfaces,32924304,28.3973,116.9176,PRJNA475650,SAMN10754082,Not applicable
SRR8500487,SRR8500487rbin,3,SRA,Public Data,China,Asia,Agricultural Land,32031494,26.3879,115.3204,PRJNA475650,SAMN10754084,Not applicable
SRR8500488,SRR8500488rbin,6,SRA,Public Data,China,Asia,Agricultural Land,32015986,28.3876,116.2927,PRJNA475650,SAMN10754083,Not applicable
SRR8500489,SRR8500489rbin,1,SRA,Public Data,China,Asia,Artificial Surfaces,15874340,31.6206,117.8717,PRJNA475650,SAMN10754078,Not applicable
SRR8500490,SRR8500490rbin,2,SRA,Public Data,China,Asia,Artificial Surfaces,27119698,32.7556,119.781,PRJNA475650,SAMN10754077,Not applicable
SRR8500491,SRR8500491rbin,2,SRA,Public Data,China,Asia,Artificial Surfaces,18641218,30.905,112.2898,PRJNA475650,SAMN10754080,Not applicable
SRR8500492,SRR8500492rbin,1,SRA,Public Data,China,Asia,Forest,16979432,30.9966,116.1897,PRJNA475650,SAMN10754079,Not applicable
SRR8500493,SRR8500493rbin,1,SRA,Public Data,China,Asia,Forest,29035356,52.0126,125.7328,PRJNA475650,SAMN10754101,Not applicable
SRR8536102,SRR8536102rbin,1,SRA,Public Data,United States,North America,Artificial Surfaces,59003640,32.5789,-110.8512,PRJNA518402,SAMN10863925,Not applicable
SRR8536151,SRR8536151rbin,1,SRA,Public Data,USA: Wisconsin,North America,Grassland,37722356,43.3,-123.48,PRJNA518406,SAMN10863924,Not applicable
SRR8536152,SRR8536152rbin,1,SRA,Public Data,USA: Wisconsin,North America,Grassland,22522246,43.3,-123.48,PRJNA518406,SAMN10863924,Not applicable
SRR8536153,SRR8536153rbin,2,SRA,Public Data,United States,North America,Artificial Surfaces,59720326,32.5789,-110.8512,PRJNA518404,SAMN10864391,Not applicable
SRR8536156,SRR8536156,0,SRA,Public Data,USA: Wisconsin,North America,Artificial Surfaces,23249406,43.3,-89.38,PRJNA518407,SAMN10863923,Not applicable
SRR8536188,SRR8536188rbin,20,SRA,Public Data,United States,North America,Agricultural Land,545363354,42.673,-77.032,PRJNA518409,SAMN10863922,Not applicable
SRR8536189,SRR8536189rbin,14,SRA,Public Data,United States,North America,Agricultural Land,499985078,42.673,-77.032,PRJNA518410,SAMN10863921,Not applicable
SRR8536191,SRR8536191rbin,13,SRA,Public Data,United States,North America,Agricultural Land,539590872,42.673,-77.032,PRJNA518411,SAMN10863935,Not applicable
SRR8536201,SRR8536201rbin,6,SRA,Public Data,United States,North America,Agricultural Land,490786786,42.673,-77.032,PRJNA518412,SAMN10864357,Not applicable
SRR8536941,SRR8536941rbin,3,SRA,Public Data,United States,North America,Forest,66773318,44.23,-122.22,PRJNA518426,SAMN10863928,Not applicable
SRR8543488,SRR8543488rbin,30,SRA,Public Data,China,Asia,Grassland,294064248,31.34,90.6,PRJNA521031,SAMN10874061,Not applicable
SRR8544467,SRR8544467rbin,44,SRA,Public Data,China,Asia,Grassland,357846846,30.58,90.87,PRJNA521032,SAMN10874080,Not applicable
SRR8549365,SRR8549365rbin,36,SRA,Public Data,United States,North America,Artificial Surfaces,421316504,36,-78,PRJNA518672,SAMN10864089,Not applicable
SRR8553626,SRR8553626rbin,5,SRA,Public Data,United States,North America,Grassland,141042476,38.9206,-106.9489,PRJNA518237,SAMN10864256,Not applicable
SRR8553627,SRR8553627rbin,11,SRA,Public Data,United States,North America,Grassland,163455410,38.9206,-106.9489,PRJNA518238,SAMN10864123,Not applicable
SRR8553628,SRR8553628rbin,15,SRA,Public Data,United States,North America,Wetland,295767750,38.9206,-106.9489,PRJNA518588,SAMN10864241,Not applicable
SRR8553635,SRR8553635rbin,8,SRA,Public Data,United States,North America,Grassland,137273098,38.9206,-106.9489,PRJNA518239,SAMN10864171,Not applicable
SRR8553636,SRR8553636rbin,14,SRA,Public Data,United States,North America,Grassland,187729602,38.9206,-106.9489,PRJNA518242,SAMN10864401,Not applicable
SRR8553638,SRR8553638rbin,11,SRA,Public Data,United States,North America,Grassland,143478312,38.9206,-106.9489,PRJNA518241,SAMN10864137,Not applicable
SRR8553639,SRR8553639rbin,10,SRA,Public Data,United States,North America,Grassland,167277576,38.9206,-106.9489,PRJNA518240,SAMN10864201,Not applicable
SRR8553640,SRR8553640rbin,3,SRA,Public Data,United States,North America,Grassland,136626624,38.9206,-106.9489,PRJNA518244,SAMN10864136,Not applicable
SRR8553641,SRR8553641rbin,4,SRA,Public Data,United States,North America,Grassland,115901994,38.9206,-106.9489,PRJNA518243,SAMN10864412,Not applicable
SRR8553642,SRR8553642rbin,12,SRA,Public Data,United States,North America,Grassland,131208122,38.9206,-106.9489,PRJNA518245,SAMN10864135,Not applicable
SRR8554483,SRR8554483rbin,137,SRA,Public Data,Finland,Europe,Grassland,308658754,63.0472,21.7116,PRJNA518246,SAMN10864110,Not applicable
SRR8554485,SRR8554485rbin,164,SRA,Public Data,Finland,Europe,Grassland,376846866,63.0472,21.7116,PRJNA518247,SAMN10864109,Not applicable
SRR8554501,SRR8554501rbin,134,SRA,Public Data,Finland,Europe,Grassland,372689508,63.0472,21.7116,PRJNA518248,SAMN10864167,Not applicable
SRR8554503,SRR8554503rbin,76,SRA,Public Data,Finland,Europe,Grassland,452215954,63.0472,21.7116,PRJNA518249,SAMN10864379,Not applicable
SRR8554504,SRR8554504rbin,74,SRA,Public Data,Finland,Europe,Grassland,285311182,63.0472,21.7116,PRJNA518250,SAMN10864122,Not applicable
SRR8554505,SRR8554505rbin,79,SRA,Public Data,Finland,Europe,Grassland,342809896,63.0472,21.7116,PRJNA518251,SAMN10864121,Not applicable
SRR8554511,SRR8554511rbin,145,SRA,Public Data,Finland,Europe,Grassland,495376830,63.0472,21.7116,PRJNA518253,SAMN10864202,Not applicable
SRR8554512,SRR8554512rbin,135,SRA,Public Data,Finland,Europe,Grassland,469493566,63.0472,21.7116,PRJNA518252,SAMN10864166,Not applicable
SRR8554643,SRR8554643rbin,140,SRA,Public Data,Finland,Europe,Grassland,453443342,63.0472,21.7116,PRJNA518254,SAMN10864163,Not applicable
SRR8554898,SRR8554898rbin,98,SRA,Public Data,China,Asia,Grassland,750887708,30.68,91.1,PRJNA520979,SAMN10861502,Not applicable
SRR8556377,SRR8556377rbin,127,SRA,Public Data,China,Asia,Grassland,362844340,31.77,89.06,PRJNA520979,SAMN10861535,Not applicable
SRR8558718,SRR8558718rbin,20,SRA,Public Data,United States,North America,Forest,285646582,39.0844,-86.4705,PRJNA518289,SAMN10864268,Not applicable
SRR8558719,SRR8558719rbin,13,SRA,Public Data,United States,North America,Forest,300410864,39.0844,-86.4705,PRJNA518288,SAMN10864414,Not applicable
SRR8558721,SRR8558721rbin,11,SRA,Public Data,United States,North America,Forest,513104062,39.0844,-86.4705,PRJNA518286,SAMN10864155,Not applicable
SRR8663215,SRR8663215rbin,10,SRA,Public Data,"Spain: San Fernando, Cadiz",Europe,Artificial Surfaces,7583230,36.497624,-6.19108,PRJNA525339,SAMN11047413,Not applicable
SRR8676458,SRR8676458rbin,7,SRA,Public Data,Sweden,Europe,NA,218413452,NA,NA,PRJNA525467,SAMN11053309,Not applicable
SRR8676461,SRR8676461rbin,2,SRA,Public Data,Sweden,Europe,NA,188857060,NA,NA,PRJNA525468,SAMN11053306,Not applicable
SRR8676462,SRR8676462rbin,16,SRA,Public Data,Sweden,Europe,NA,192835560,NA,NA,PRJNA525468,SAMN11053306,Not applicable
SRR8676561,SRR8676561rbin,1,SRA,Public Data,Sweden,Europe,NA,160957722,NA,NA,PRJNA525472,SAMN11053304,Not applicable
SRR8676592,SRR8676592rbin,12,SRA,Public Data,Sweden,Europe,NA,185672496,NA,NA,PRJNA525474,SAMN11053302,Not applicable
SRR8676594,SRR8676594rbin,3,SRA,Public Data,Sweden,Europe,NA,163745454,NA,NA,PRJNA525473,SAMN11053303,Not applicable
SRR8676595,SRR8676595rbin,18,SRA,Public Data,Sweden,Europe,NA,262148024,NA,NA,PRJNA525473,SAMN11053303,Not applicable
SRR8676596,SRR8676596rbin,10,SRA,Public Data,Sweden,Europe,NA,241843072,NA,NA,PRJNA525463,SAMN11053301,Not applicable
SRR8676597,SRR8676597rbin,14,SRA,Public Data,Sweden,Europe,NA,204197962,NA,NA,PRJNA525463,SAMN11053301,Not applicable
SRR8821132,SRR8821132rbin,4,SRA,Public Data,AUnited Statestralia,Australia,Agricultural Land,42839284,-30.20066902,149.597249,PRJNA317932,SAMN04874206,0
SRR8821142,SRR8821142rbin,1,SRA,Public Data,AUnited Statestralia,Australia,Forest,41409602,-41.77754,147.31891,PRJNA317932,SAMN07483737,0
SRR8821151,SRR8821151rbin,2,SRA,Public Data,AUnited Statestralia,Australia,Shrubland,46958314,-42.27154,146.8927,PRJNA317932,SAMN07483713,0
SRR8847051,SRR8847051rbin,13,SRA,Public Data,Puerto Rico: Rio Grande,South America,Grassland,275842548,18.32,-65.82,PRJNA404201,SAMN07630340,Not applicable
SRR8858270,SRR8858270rbin,3,SRA,Public Data,United States,North America,Bare Land,61337596,-42.27,146.89,PRJNA518444,SAMN10984413,Not applicable
SRR8861596,SRR8861596rbin,13,SRA,Public Data,United States,North America,Forest,268389646,39.0844,-86.4705,PRJNA518290,SAMN10864154,Not applicable
SRR8862977,SRR8862977rbin,4,SRA,Public Data,United States,North America,Wetland,209084724,44.5508,-123.25,PRJNA518298,SAMN10864269,Not applicable
SRR8863040,SRR8863040rbin,1,SRA,Public Data,United States,North America,Wetland,190899580,45.0822,-123.061,PRJNA518299,SAMN10864073,Not applicable
SRR8863074,SRR8863074rbin,6,SRA,Public Data,United States,North America,Wetland,207642212,45.654,-122.839,PRJNA518301,SAMN10864076,Not applicable
SRR8863101,SRR8863101rbin,4,SRA,Public Data,United States,North America,Wetland,183548262,45.6996,-121.669,PRJNA518303,SAMN10863957,Not applicable
SRR8863102,SRR8863102rbin,6,SRA,Public Data,United States,North America,Wetland,196792500,45.5468,-122.376,PRJNA518302,SAMN10864270,Not applicable
SRR8863176,SRR8863176rbin,2,SRA,Public Data,United States,North America,Wetland,183430836,46.6253,-120.532,PRJNA518305,SAMN10864204,Not applicable
SRR8863178,SRR8863178rbin,11,SRA,Public Data,United States,North America,Wetland,282968868,46.6992,-120.899,PRJNA518306,SAMN10864075,Not applicable
SRR8874670,SRR8874670rbin,14,SRA,Public Data,United States,North America,Agricultural Land,268482078,39.6475,-79.9369,PRJNA518697,SAMN10864145,Not applicable
SRR8874768,SRR8874768rbin,11,SRA,Public Data,United States,North America,Agricultural Land,299834134,39.6475,-79.9369,PRJNA518695,SAMN10864146,Not applicable
SRR8874838,SRR8874838rbin,15,SRA,Public Data,United States,North America,Agricultural Land,293345992,39.6475,-79.9369,PRJNA518696,SAMN10864355,Not applicable
SRR8879018,SRR8879018rbin,14,SRA,Public Data,Puerto Rico: Rio Grande,South America,Grassland,261202992,18.32,-65.82,PRJNA518694,SAMN10864215,Not applicable
SRR8879040,SRR8879040rbin,4,SRA,Public Data,Puerto Rico: Rio Grande,South America,Grassland,241419192,18.32,-65.82,PRJNA518705,SAMN10864364,Not applicable
SRR8879041,SRR8879041rbin,7,SRA,Public Data,Puerto Rico: Rio Grande,South America,Grassland,250068340,18.32,-65.82,PRJNA518168,SAMN10864294,Not applicable
SRR8879130,SRR8879130rbin,97,SRA,Public Data,United States,North America,Wetland,425078550,26.5008,-80.2398,PRJNA531771,SAMN11382438,Not applicable
SRR8879131,SRR8879131rbin,125,SRA,Public Data,United States,North America,Wetland,497790966,26.5008,-80.2398,PRJNA531770,SAMN11382426,Not applicable
SRR8879132,SRR8879132rbin,71,SRA,Public Data,United States,North America,Wetland,394406448,26.5059,-80.2517,PRJNA531773,SAMN11382442,Not applicable
SRR8879133,SRR8879133rbin,73,SRA,Public Data,United States,North America,Wetland,409258242,26.5059,-80.2517,PRJNA531774,SAMN11382435,Not applicable
SRR8879134,SRR8879134rbin,81,SRA,Public Data,United States,North America,Wetland,389456972,26.5008,-80.2398,PRJNA531772,SAMN11382427,Not applicable
SRR8879135,SRR8879135rbin,69,SRA,Public Data,United States,North America,Wetland,372093886,26.5059,-80.2517,PRJNA531775,SAMN11382434,Not applicable
SRR8879137,SRR8879137rbin,59,SRA,Public Data,United States,North America,Wetland,404060770,26.5059,-80.2517,PRJNA531776,SAMN11382433,Not applicable
SRR8881005,SRR8881005rbin,76,SRA,Public Data,United States,North America,Wetland,368182244,26.5065,-80.2537,PRJNA531778,SAMN11382441,Not applicable
SRR8881006,SRR8881006rbin,83,SRA,Public Data,United States,North America,Wetland,304634990,26.5052,-80.2345,PRJNA531767,SAMN11382437,Not applicable
SRR8881008,SRR8881008rbin,49,SRA,Public Data,United States,North America,Wetland,395031988,26.5065,-80.2537,PRJNA531764,SAMN11382430,Not applicable
SRR8881009,SRR8881009rbin,66,SRA,Public Data,United States,North America,Wetland,395613690,26.5052,-80.2345,PRJNA531768,SAMN11382436,Not applicable
SRR8881010,SRR8881010rbin,70,SRA,Public Data,United States,North America,Wetland,380431796,26.5065,-80.2537,PRJNA531780,SAMN11382440,Not applicable
SRR8881011,SRR8881011rbin,109,SRA,Public Data,United States,North America,Wetland,470983184,26.5065,-80.2537,PRJNA531765,SAMN11382431,Not applicable
SRR8931191,SRR8931191,0,SRA,Public Data,United States,North America,Agricultural Land,20708144,43,-92.5,PRJNA533779,SAMN11466677,Not applicable
SRR8931197,SRR8931197rbin,28,SRA,Public Data,United States,North America,Agricultural Land,55282150,43,-92.5,PRJNA533779,SAMN11466657,Not applicable
SRR8931198,SRR8931198rbin,40,SRA,Public Data,United States,North America,Agricultural Land,57416968,43,-92.5,PRJNA533779,SAMN11466656,Not applicable
SRR8931204,SRR8931204,0,SRA,Public Data,United States,North America,Agricultural Land,21321466,43,-92.5,PRJNA533779,SAMN11466679,Not applicable
SRR8931205,SRR8931205rbin,4,SRA,Public Data,United States,North America,Agricultural Land,20600512,43,-92.5,PRJNA533779,SAMN11466678,Not applicable
SRR8931206,SRR8931206rbin,31,SRA,Public Data,United States,North America,Agricultural Land,58810528,43,-92.5,PRJNA533779,SAMN11466659,Not applicable
SRR8931207,SRR8931207rbin,31,SRA,Public Data,United States,North America,Agricultural Land,65804580,43,-92.5,PRJNA533779,SAMN11466658,Not applicable
SRR8931209,SRR8931209rbin,4,SRA,Public Data,United States,North America,Agricultural Land,19604206,43,-92.5,PRJNA533779,SAMN11466676,Not applicable
SRR8931223,SRR8931223rbin,16,SRA,Public Data,United States,North America,Agricultural Land,26960914,43,-92.5,PRJNA533779,SAMN11466684,Not applicable
SRR8931224,SRR8931224rbin,5,SRA,Public Data,United States,North America,Agricultural Land,21339792,43,-92.5,PRJNA533779,SAMN11466685,Not applicable
SRR8931225,SRR8931225rbin,8,SRA,Public Data,United States,North America,Agricultural Land,16387956,43,-92.5,PRJNA533779,SAMN11466680,Not applicable
SRR8931226,SRR8931226rbin,4,SRA,Public Data,United States,North America,Agricultural Land,18303052,43,-92.5,PRJNA533779,SAMN11466681,Not applicable
SRR8931227,SRR8931227rbin,4,SRA,Public Data,United States,North America,Agricultural Land,15804298,43,-92.5,PRJNA533779,SAMN11466682,Not applicable
SRR8931228,SRR8931228rbin,4,SRA,Public Data,United States,North America,Agricultural Land,16391854,43,-92.5,PRJNA533779,SAMN11466683,Not applicable
SRR8931235,SRR8931235rbin,25,SRA,Public Data,United States,North America,Agricultural Land,45734286,43,-92.5,PRJNA533779,SAMN11466660,Not applicable
SRR8931236,SRR8931236rbin,29,SRA,Public Data,United States,North America,Agricultural Land,55420744,43,-92.5,PRJNA533779,SAMN11466661,Not applicable
SRR9009773,SRR9009773rbin,129,SRA,Public Data,United States,North America,Artificial Surfaces,973656620,36,-78,PRJNA539695,SAMN11532353,Not applicable
SRR9009774,SRR9009774rbin,121,SRA,Public Data,United States,North America,Artificial Surfaces,944516708,36,-78,PRJNA539696,SAMN11532791,Not applicable
SRR9032075,SRR9032075rbin,19,SRA,Public Data,United States,North America,Agricultural Land,379230026,39.6475,-79.9369,PRJNA539709,SAMN11532103,Not applicable
SRR9032258,SRR9032258rbin,8,SRA,Public Data,United States,North America,Artificial Surfaces,246253734,39.6475,-79.9369,PRJNA539713,SAMN11532952,Not applicable
SRR9032509,SRR9032509rbin,19,SRA,Public Data,United States,North America,Agricultural Land,392925866,39.6475,-79.9369,PRJNA539717,SAMN11533408,Not applicable
SRR9032617,SRR9032617rbin,20,SRA,Public Data,United States,North America,Artificial Surfaces,326240466,39.6475,-79.9369,PRJNA539719,SAMN11532357,Not applicable
SRR9032715,SRR9032715rbin,2,SRA,Public Data,United States,North America,Agricultural Land,333343934,39.6475,-79.9369,PRJNA539721,SAMN11532519,Not applicable
SRR9032716,SRR9032716rbin,15,SRA,Public Data,United States,North America,Artificial Surfaces,327364668,39.6475,-79.9369,PRJNA539722,SAMN11532950,Not applicable
SRR9044097,SRR9044097rbin,21,SRA,Public Data,Puerto Rico: Rio Grande,South America,Grassland,331951256,18.32,-65.82,PRJNA539703,SAMN11532176,Not applicable
SRR908208,SRR908208rebin,12,SRA,Public Data,Israel,Asia,Agricultural Land,53898482,31.99,34.82,PRJNA208116,SAMN02202255,5 cm
SRR908211,SRR908211rebin,7,SRA,Public Data,Israel,Asia,Agricultural Land,28580050,31.99,34.82,PRJNA208116,SAMN02202255,5 cm
SRR908272,SRR908272rebin,12,SRA,Public Data,Israel,Asia,Agricultural Land,37064982,31.99,34.82,PRJNA208116,SAMN02202255,5 cm
SRR908273,SRR908273rebin,1,SRA,Public Data,Israel,Asia,Agricultural Land,27926204,31.99,34.82,PRJNA208116,SAMN02202255,5 cm
SRR908275,SRR908275rebin,1,SRA,Public Data,Israel,Asia,Agricultural Land,27445244,31.99,34.82,PRJNA208116,SAMN02202255,5 cm
SRR908276,SRR908276rebin,5,SRA,Public Data,Israel,Asia,Agricultural Land,37771718,31.99,34.82,PRJNA208116,SAMN02202255,5 cm
SRR908279,SRR908279rebin,4,SRA,Public Data,Israel,Asia,Agricultural Land,41190230,31.99,34.82,PRJNA208116,SAMN02202255,5 cm
SRR908281,SRR908281rebin,2,SRA,Public Data,Israel,Asia,Agricultural Land,25821136,31.99,34.82,PRJNA208116,SAMN02202255,5 cm
SRR908290,SRR908290,0,SRA,Public Data,Israel,Asia,Agricultural Land,15151764,31.99,34.82,PRJNA208116,SAMN02202255,5 cm
SRR908291,SRR908291rebin,1,SRA,Public Data,Israel,Asia,Agricultural Land,17570994,31.99,34.82,PRJNA208116,SAMN02202255,5 cm
SRR9093167,SRR9093167rbin,2,SRA,Public Data,India,Asia,Glacier,48488730,34.49,75.49,PRJNA543600,SAMN11772500,Not applicable
SRR9179559,SRR9179559rbin,17,SRA,Public Data,Switzerland,Europe,Agricultural Land,158893376,47.426944,8.518333,PRJNA544697,SAMN11866222,3-10 cm
SRR9179560,SRR9179560rbin,56,SRA,Public Data,Switzerland,Europe,Agricultural Land,89133770,47.426944,8.518333,PRJNA544697,SAMN11866225,3-10 cm
SRR9179561,SRR9179561rbin,11,SRA,Public Data,Switzerland,Europe,Agricultural Land,63352688,47.426944,8.518333,PRJNA544697,SAMN11866227,3-10 cm
SRR9179562,SRR9179562rbin,41,SRA,Public Data,Switzerland,Europe,Agricultural Land,81568112,47.426944,8.518333,PRJNA544697,SAMN11866228,3-10 cm
SRR922014,SRR922014,0,SRA,Public Data,Germany,Europe,Grassland,45726568,51.748495,9.54406,PRJNA202430,SAMN02178505,Top
SRR9289415,SRR9289415rbin,3,SRA,Public Data,United States,North America,Wetland,27638228,41.6642,-87.5375,PRJNA548586,SAMN12044150,Not applicable
SRR9289417,SRR9289417rbin,28,SRA,Public Data,United States,North America,Wetland,67046780,41.6656,-87.5497,PRJNA548586,SAMN12044148,Not applicable
SRR9597092,SRR9597092rbin,12,SRA,Public Data,United Kingdom,Europe,Wetland,75254610,52.621337,1.22946,PRJNA272922,SAMN12142295,5-10 cm
SRR9597093,SRR9597093rbin,2,SRA,Public Data,United Kingdom: Norwich,Europe,Wetland,24328160,52.621337,1.22946,PRJNA272922,SAMN12142299,5-10 cm
SRR9648393,SRR9648393rbin,3,SRA,Public Data,United States,North America,Forest,263712392,39.0844,-86.4705,PRJNA539594,SAMN11528523,Not applicable
SRR9648401,SRR9648401rbin,11,SRA,Public Data,United States,North America,Forest,363788128,39.0844,-86.4705,PRJNA539597,SAMN11528603,Not applicable
SRR9650391,SRR9650391rbin,29,SRA,Public Data,USA: California,North America,Grassland,350170106,37.89,-123.48,PRJNA539625,SAMN11530819,Not applicable
SRR9650533,SRR9650533rbin,19,SRA,Public Data,United States,North America,Agricultural Land,270902738,36.36,-97.29,PRJNA539172,SAMN11532760,Not applicable
SRR9656163,SRR9656163rbin,15,SRA,Public Data,New Zealand: Waikato,Oceania,NA,228351162,NA,NA,PRJNA552615,SAMN12214531,0-10 cm
SRR9656164,SRR9656164rbin,8,SRA,Public Data,New Zealand: Waikato,Oceania,NA,226325414,NA,NA,PRJNA552615,SAMN12214530,0-10 cm
SRR9656165,SRR9656165rbin,22,SRA,Public Data,New Zealand: Waikato,Oceania,NA,249682554,NA,NA,PRJNA552615,SAMN12214529,0-10 cm
SRR9656166,SRR9656166rbin,13,SRA,Public Data,New Zealand: Waikato,Oceania,NA,206450406,NA,NA,PRJNA552615,SAMN12214528,0-10 cm
SRR9656168,SRR9656168rbin,11,SRA,Public Data,New Zealand: Waikato,Oceania,NA,213807730,NA,NA,PRJNA552615,SAMN12214532,0-10 cm
SRR9656176,SRR9656176rbin,1,SRA,Public Data,New Zealand: Waikato,Oceania,NA,27863966,NA,NA,PRJNA552615,SAMN12214515,0-10 cm
SRR9656206,SRR9656206rbin,1,SRA,Public Data,China,Asia,Wetland,28258950,37.816,119.111,PRJNA553262,SAMN12233258,Not applicable
SRR9656207,SRR9656207rbin,8,SRA,Public Data,China,Asia,Wetland,39105274,37.816,119.111,PRJNA553262,SAMN12233259,Not applicable
SRR9691018,SRR9691018rbin,2,SRA,Public Data,China,Asia,Wetland,72483380,20.93,110.16,PRJNA554750,SAMN12282990,Not applicable
SRR9691019,SRR9691019rbin,15,SRA,Public Data,China,Asia,Wetland,83374594,22.44,113.63,PRJNA554750,SAMN12282989,Not applicable
SRR9691020,SRR9691020rbin,1,SRA,Public Data,China,Asia,Wetland,97112984,37.03,99.75,PRJNA554750,SAMN12282993,Not applicable
SRR9691023,SRR9691023rbin,6,SRA,Public Data,China,Asia,Wetland,80328048,29.91,107.24,PRJNA554750,SAMN12282984,Not applicable
SRR9691024,SRR9691024rbin,2,SRA,Public Data,China,Asia,Wetland,71891000,30,106.96,PRJNA554750,SAMN12282983,Not applicable
SRR9691025,SRR9691025rbin,2,SRA,Public Data,China,Asia,Wetland,64786828,26.86,104.25,PRJNA554750,SAMN12282986,Not applicable
SRR9691026,SRR9691026rbin,9,SRA,Public Data,China,Asia,Wetland,104222230,29.44,116.02,PRJNA554750,SAMN12282985,Not applicable
SRR9691027,SRR9691027rbin,7,SRA,Public Data,China,Asia,Wetland,83944888,23.93,117.41,PRJNA554750,SAMN12282988,Not applicable
SRR9691028,SRR9691028rbin,3,SRA,Public Data,China,Asia,Wetland,66891446,24.88,102.66,PRJNA554750,SAMN12282987,Not applicable
SRR9691029,SRR9691029rbin,5,SRA,Public Data,China,Asia,Wetland,83810504,19.95,110.58,PRJNA554750,SAMN12282991,Not applicable
SRR9691030,SRR9691030rbin,13,SRA,Public Data,China,Asia,Wetland,66210158,37.3,96.86,PRJNA554750,SAMN12282992,Not applicable
SRR9691031,SRR9691031rbin,7,SRA,Public Data,China,Asia,Wetland,193690174,31.6,100,PRJNA554750,SAMN12282997,Not applicable
SRR9691032,SRR9691032rbin,14,SRA,Public Data,China,Asia,Wetland,82558040,27.7,100.86,PRJNA554750,SAMN12283003,Not applicable
SRR9691033,SRR9691033rbin,17,SRA,Public Data,China,Asia,Wetland,61947796,29.19,90.59,PRJNA554750,SAMN12283002,Not applicable
SRR9691034,SRR9691034rbin,11,SRA,Public Data,China,Asia,Wetland,72963100,29.4,100.1,PRJNA554750,SAMN12283001,Not applicable
SRR9691035,SRR9691035rbin,5,SRA,Public Data,China,Asia,Wetland,60653032,31.28,92.1,PRJNA554750,SAMN12282998,Not applicable
SRR9691036,SRR9691036rbin,9,SRA,Public Data,China,Asia,Wetland,85365612,36.43,94.86,PRJNA554750,SAMN12282995,Not applicable
SRR9691037,SRR9691037rbin,6,SRA,Public Data,China,Asia,Wetland,77951438,33.92,102.81,PRJNA554750,SAMN12282996,Not applicable
SRR9691038,SRR9691038rbin,10,SRA,Public Data,China,Asia,Wetland,77119086,36.88,101.02,PRJNA554750,SAMN12282994,Not applicable
SRR9691039,SRR9691039rbin,3,SRA,Public Data,China,Asia,Wetland,146604986,30.48,91.1,PRJNA554750,SAMN12282999,Not applicable
SRR9691040,SRR9691040rbin,8,SRA,Public Data,China,Asia,Wetland,87929262,29.67,91.1,PRJNA554750,SAMN12283000,Not applicable
SRR9691041,SRR9691041rbin,6,SRA,Public Data,China,Asia,Wetland,77550558,31.21,120.4,PRJNA554750,SAMN12282979,Not applicable
SRR9691043,SRR9691043rbin,8,SRA,Public Data,China,Asia,Wetland,69166944,37.76,119.15,PRJNA554750,SAMN12282975,Not applicable
SRR9691044,SRR9691044rbin,8,SRA,Public Data,China,Asia,Wetland,100477514,36.09,103.71,PRJNA554750,SAMN12282976,Not applicable
SRR9691045,SRR9691045rbin,2,SRA,Public Data,China,Asia,Wetland,85226262,33.23,118.33,PRJNA554750,SAMN12282977,Not applicable
SRR9691046,SRR9691046rbin,24,SRA,Public Data,China,Asia,Wetland,89492828,31.71,117.33,PRJNA554750,SAMN12282978,Not applicable
SRR9691047,SRR9691047rbin,18,SRA,Public Data,China,Asia,Wetland,63458412,40.9,121.83,PRJNA554750,SAMN12282971,Not applicable
SRR9691048,SRR9691048rbin,21,SRA,Public Data,China,Asia,Wetland,73143636,40.86,108.85,PRJNA554750,SAMN12282972,Not applicable
SRR9691049,SRR9691049rbin,13,SRA,Public Data,China,Asia,Wetland,96784312,38.96,115.95,PRJNA554750,SAMN12282973,Not applicable
SRR9691050,SRR9691050rbin,2,SRA,Public Data,China,Asia,Wetland,88100526,38.56,106.19,PRJNA554750,SAMN12282974,Not applicable
SRR9691051,SRR9691051rbin,27,SRA,Public Data,China,Asia,Wetland,160668488,45.07,122.31,PRJNA554750,SAMN12282969,Not applicable
SRR9691053,SRR9691053rbin,1,SRA,Public Data,China,Asia,Wetland,69673606,52.96,122.56,PRJNA554750,SAMN12282961,Not applicable
SRR9691054,SRR9691054rbin,9,SRA,Public Data,China,Asia,Wetland,80671408,49.32,117.67,PRJNA554750,SAMN12282962,Not applicable
SRR9691055,SRR9691055rbin,4,SRA,Public Data,China,Asia,Wetland,66480982,48.26,134.66,PRJNA554750,SAMN12282963,Not applicable
SRR9691056,SRR9691056rbin,7,SRA,Public Data,China,Asia,Wetland,74400642,47.19,124.22,PRJNA554750,SAMN12282964,Not applicable
SRR9691057,SRR9691057rbin,2,SRA,Public Data,China,Asia,Wetland,86801734,46.83,130.31,PRJNA554750,SAMN12282965,Not applicable
SRR9691058,SRR9691058rbin,43,SRA,Public Data,China,Asia,Wetland,148602730,46.53,125.19,PRJNA554750,SAMN12282966,Not applicable
SRR9691060,SRR9691060rbin,1,SRA,Public Data,China,Asia,Wetland,72532702,45.36,132.32,PRJNA554750,SAMN12282968,Not applicable
SRR9694538,SRR9694538rbin,31,SRA,Public Data,United Kingdom,Europe,Grassland,84787340,52.6322959,1.1841943,PRJNA533040,SAMN12282892,Not applicable
SRR9694539,SRR9694539rbin,17,SRA,Public Data,United Kingdom,Europe,Grassland,88562598,52.6322959,1.1841943,PRJNA533040,SAMN12282893,Not applicable
SRR9694540,SRR9694540rbin,9,SRA,Public Data,United Kingdom,Europe,Grassland,92067746,52.6322959,1.1841943,PRJNA533040,SAMN12282894,Not applicable
SRR9721663,SRR9721663rbin,12,SRA,Public Data,India,Asia,Artificial Surfaces,9148668,26.25,80.23,PRJNA555738,SAMN12327921,Not applicable
SRR9721664,SRR9721664rbin,1,SRA,Public Data,India,Asia,Artificial Surfaces,7727276,26.33,80.31,PRJNA555738,SAMN12327922,Not applicable
SRR9865947,SRR9865947rbin,12,SRA,Public Data,Chile,South America,Bare Land,13273026,-24.0883,-69.9946,PRJNA395196,SAMN12333845,Not applicable
SRR9865948,SRR9865948rbin,5,SRA,Public Data,Chile,South America,Bare Land,11541870,-24.0883,-69.9946,PRJNA395196,SAMN12333844,Not applicable
SRR9865949,SRR9865949rbin,8,SRA,Public Data,Chile,South America,Bare Land,8019324,-22.2631,-69.7243,PRJNA395196,SAMN12333847,Not applicable
SRR988079,SRR988079,0,SRA,Public Data,United States,North America,Shrubland,115686504,34.975667,-97.519,PRJNA219368,SAMN02354096,0-15 cm
Z1jian_BDME190025990,Z1jian_bin,16,hzbay,In-house Data,China,Asia,Wetland,77701118,30.59,121.09,PRJNA983538,SAMN35729493,0-20 cm
Z1W_BDME190025931,Z1W_BDME190025931,0,hzbay,In-house Data,China,Asia,Wetland,72164106,39.65,-79.94,PRJNA983538,SAMN35729494,0-20 cm
Z1xia_BDME190025991,Z1xia_Bbin,10,hzbay,In-house Data,China,Asia,Wetland,143021066,30.59,121.09,PRJNA983538,SAMN35729495,0-20 cm
Z2jian_BDME190025923,Z2jian_bin,10,hzbay,In-house Data,China,Asia,Wetland,72566292,30.59,121.09,PRJNA983538,SAMN35729496,0-20 cm
Z2tu_BDME190025922,Z2tu_BDbin,25,hzbay,In-house Data,China,Asia,Grassland,94760074,30.59,121.09,PRJNA983538,SAMN35729497,0-20 cm
Z2W_BDME190025932,Z2W_BDME190025932,0,hzbay,In-house Data,China,Asia,Wetland,86698700,30.59,121.09,PRJNA983538,SAMN35729498,0-20 cm
Z2xia_BDME190025880,Z2xia_Bbin,9,hzbay,In-house Data,China,Asia,Wetland,81157278,30.59,121.09,PRJNA983538,SAMN35729499,0-20 cm
Z3jian_BDME190025993,Z3jian_bin,21,hzbay,In-house Data,China,Asia,Wetland,73890604,30.59,121.09,PRJNA983538,SAMN35729500,0-20 cm
Z3tu_BDME190025992,Z3tu_BDbin,13,hzbay,In-house Data,China,Asia,Grassland,77026674,30.59,121.09,PRJNA983538,SAMN35729501,0-20 cm
Z3xia_BDME190025994,Z3xia_BDME190025994,0,hzbay,In-house Data,China,Asia,Wetland,119401812,30.59,121.09,PRJNA983538,SAMN35729502,0-20 cm
Z4jian_BDME190026001,Z4jian_bin,31,hzbay,In-house Data,China,Asia,Wetland,165189134,30.59,121.09,PRJNA983538,SAMN35729503,0-20 cm
Z4tu_BDME190025879,Z4tu_BDbin,13,hzbay,In-house Data,China,Asia,Grassland,83860530,30.59,121.09,PRJNA983538,SAMN35729504,0-20 cm
Z4xia_BDME190026002,Z4xia_Bbin,14,hzbay,In-house Data,China,Asia,Wetland,68312396,30.59,121.09,PRJNA983538,SAMN35729505,0-20 cm
Z5jian_BDME190601154,Z5jian_bin,7,hzbay,In-house Data,China,Asia,Wetland,78744756,30.59,121.09,PRJNA983538,SAMN35729506,0-20 cm
Z5tu_BDME190025995,Z5tu_BDME190025995,0,hzbay,In-house Data,China,Asia,Grassland,89931682,30.59,121.09,PRJNA983538,SAMN35729507,0-20 cm
Z5W_BDME190025934,Z5W_BDMbin,13,hzbay,In-house Data,China,Asia,Wetland,43199356,30.59,121.09,PRJNA983538,SAMN35729508,0-20 cm
Z5xia_BDME190025996,Z5xia_Bbin,14,hzbay,In-house Data,China,Asia,Wetland,76216642,30.59,121.09,PRJNA983538,SAMN35729509,0-20 cm
