run_accession	study_accession	sample_accession	experiment_accession	tax_id	scientific_name	fastq_ftp	submitted_ftp	sra_ftp	bam_ftp
SRR25158175	PRJNA983538	SAMN35729566	SRX20906449	410658	soil metagenome	ftp.sra.ebi.ac.uk/vol1/fastq/SRR251/075/SRR25158175/SRR25158175_1.fastq.gz;ftp.sra.ebi.ac.uk/vol1/fastq/SRR251/075/SRR25158175/SRR25158175_2.fastq.gz		ftp.sra.ebi.ac.uk/vol1/srr/SRR251/075/SRR25158175/SRR25158175.lite	
SRR25158178	PRJNA983538	SAMN35729644	SRX20906446	410658	soil metagenome	ftp.sra.ebi.ac.uk/vol1/fastq/SRR251/078/SRR25158178/SRR25158178_1.fastq.gz;ftp.sra.ebi.ac.uk/vol1/fastq/SRR251/078/SRR25158178/SRR25158178_2.fastq.gz		ftp.sra.ebi.ac.uk/vol1/srr/SRR251/078/SRR25158178/SRR25158178.lite	
SRR25158180	PRJNA983538	SAMN35729642	SRX20906444	410658	soil metagenome	ftp.sra.ebi.ac.uk/vol1/fastq/SRR251/080/SRR25158180/SRR25158180_1.fastq.gz;ftp.sra.ebi.ac.uk/vol1/fastq/SRR251/080/SRR25158180/SRR25158180_2.fastq.gz		ftp.sra.ebi.ac.uk/vol1/srr/SRR251/080/SRR25158180/SRR25158180.lite	
SRR25158183	PRJNA983538	SAMN35729639	SRX20906441	410658	soil metagenome	ftp.sra.ebi.ac.uk/vol1/fastq/SRR251/083/SRR25158183/SRR25158183_1.fastq.gz;ftp.sra.ebi.ac.uk/vol1/fastq/SRR251/083/SRR25158183/SRR25158183_2.fastq.gz		ftp.sra.ebi.ac.uk/vol1/srr/SRR251/083/SRR25158183/SRR25158183.lite	
SRR25158186	PRJNA983538	SAMN35729565	SRX20906438	410658	soil metagenome	ftp.sra.ebi.ac.uk/vol1/fastq/SRR251/086/SRR25158186/SRR25158186_1.fastq.gz;ftp.sra.ebi.ac.uk/vol1/fastq/SRR251/086/SRR25158186/SRR25158186_2.fastq.gz		ftp.sra.ebi.ac.uk/vol1/srr/SRR251/086/SRR25158186/SRR25158186.lite	
SRR25158194	PRJNA983538	SAMN35729629	SRX20906430	410658	soil metagenome	ftp.sra.ebi.ac.uk/vol1/fastq/SRR251/094/SRR25158194/SRR25158194_1.fastq.gz;ftp.sra.ebi.ac.uk/vol1/fastq/SRR251/094/SRR25158194/SRR25158194_2.fastq.gz		ftp.sra.ebi.ac.uk/vol1/srr/SRR251/094/SRR25158194/SRR25158194.lite	
SRR25158198	PRJNA983538	SAMN35729626	SRX20906426	410658	soil metagenome	ftp.sra.ebi.ac.uk/vol1/fastq/SRR251/098/SRR25158198/SRR25158198_1.fastq.gz;ftp.sra.ebi.ac.uk/vol1/fastq/SRR251/098/SRR25158198/SRR25158198_2.fastq.gz		ftp.sra.ebi.ac.uk/vol1/srr/SRR251/098/SRR25158198/SRR25158198.lite	
SRR25158199	PRJNA983538	SAMN35729625	SRX20906425	410658	soil metagenome	ftp.sra.ebi.ac.uk/vol1/fastq/SRR251/099/SRR25158199/SRR25158199_1.fastq.gz;ftp.sra.ebi.ac.uk/vol1/fastq/SRR251/099/SRR25158199/SRR25158199_2.fastq.gz		ftp.sra.ebi.ac.uk/vol1/srr/SRR251/099/SRR25158199/SRR25158199.lite	
SRR25158208	PRJNA983538	SAMN35729552	SRX20906779	410658	soil metagenome	ftp.sra.ebi.ac.uk/vol1/fastq/SRR251/008/SRR25158208/SRR25158208_1.fastq.gz;ftp.sra.ebi.ac.uk/vol1/fastq/SRR251/008/SRR25158208/SRR25158208_2.fastq.gz		ftp.sra.ebi.ac.uk/vol1/srr/SRR251/008/SRR25158208/SRR25158208.lite	
SRR25158210	PRJNA983538	SAMN35729550	SRX20906777	410658	soil metagenome	ftp.sra.ebi.ac.uk/vol1/fastq/SRR251/010/SRR25158210/SRR25158210_1.fastq.gz;ftp.sra.ebi.ac.uk/vol1/fastq/SRR251/010/SRR25158210/SRR25158210_2.fastq.gz		ftp.sra.ebi.ac.uk/vol1/srr/SRR251/010/SRR25158210/SRR25158210.lite	
SRR25158213	PRJNA983538	SAMN35729547	SRX20906774	410658	soil metagenome	ftp.sra.ebi.ac.uk/vol1/fastq/SRR251/013/SRR25158213/SRR25158213_1.fastq.gz;ftp.sra.ebi.ac.uk/vol1/fastq/SRR251/013/SRR25158213/SRR25158213_2.fastq.gz		ftp.sra.ebi.ac.uk/vol1/srr/SRR251/013/SRR25158213/SRR25158213.lite	
SRR25158214	PRJNA983538	SAMN35729546	SRX20906773	410658	soil metagenome	ftp.sra.ebi.ac.uk/vol1/fastq/SRR251/014/SRR25158214/SRR25158214_1.fastq.gz;ftp.sra.ebi.ac.uk/vol1/fastq/SRR251/014/SRR25158214/SRR25158214_2.fastq.gz		ftp.sra.ebi.ac.uk/vol1/srr/SRR251/014/SRR25158214/SRR25158214.lite	
SRR25158216	PRJNA983538	SAMN35729544	SRX20906771	410658	soil metagenome	ftp.sra.ebi.ac.uk/vol1/fastq/SRR251/016/SRR25158216/SRR25158216_1.fastq.gz;ftp.sra.ebi.ac.uk/vol1/fastq/SRR251/016/SRR25158216/SRR25158216_2.fastq.gz		ftp.sra.ebi.ac.uk/vol1/srr/SRR251/016/SRR25158216/SRR25158216.lite	
SRR25158218	PRJNA983538	SAMN35729543	SRX20906769	410658	soil metagenome	ftp.sra.ebi.ac.uk/vol1/fastq/SRR251/018/SRR25158218/SRR25158218_1.fastq.gz;ftp.sra.ebi.ac.uk/vol1/fastq/SRR251/018/SRR25158218/SRR25158218_2.fastq.gz		ftp.sra.ebi.ac.uk/vol1/srr/SRR251/018/SRR25158218/SRR25158218.lite	
SRR25158220	PRJNA983538	SAMN35729541	SRX20906767	410658	soil metagenome	ftp.sra.ebi.ac.uk/vol1/fastq/SRR251/020/SRR25158220/SRR25158220_1.fastq.gz;ftp.sra.ebi.ac.uk/vol1/fastq/SRR251/020/SRR25158220/SRR25158220_2.fastq.gz		ftp.sra.ebi.ac.uk/vol1/srr/SRR251/020/SRR25158220/SRR25158220.lite	
SRR25158221	PRJNA983538	SAMN35729540	SRX20906766	410658	soil metagenome	ftp.sra.ebi.ac.uk/vol1/fastq/SRR251/021/SRR25158221/SRR25158221_1.fastq.gz;ftp.sra.ebi.ac.uk/vol1/fastq/SRR251/021/SRR25158221/SRR25158221_2.fastq.gz		ftp.sra.ebi.ac.uk/vol1/srr/SRR251/021/SRR25158221/SRR25158221.lite	
SRR25158222	PRJNA983538	SAMN35729539	SRX20906765	410658	soil metagenome	ftp.sra.ebi.ac.uk/vol1/fastq/SRR251/022/SRR25158222/SRR25158222_1.fastq.gz;ftp.sra.ebi.ac.uk/vol1/fastq/SRR251/022/SRR25158222/SRR25158222_2.fastq.gz		ftp.sra.ebi.ac.uk/vol1/srr/SRR251/022/SRR25158222/SRR25158222.lite	
SRR25158224	PRJNA983538	SAMN35729537	SRX20906763	410658	soil metagenome	ftp.sra.ebi.ac.uk/vol1/fastq/SRR251/024/SRR25158224/SRR25158224_1.fastq.gz;ftp.sra.ebi.ac.uk/vol1/fastq/SRR251/024/SRR25158224/SRR25158224_2.fastq.gz		ftp.sra.ebi.ac.uk/vol1/srr/SRR251/024/SRR25158224/SRR25158224.lite	
SRR25158228	PRJNA983538	SAMN35729588	SRX20906759	410658	soil metagenome	ftp.sra.ebi.ac.uk/vol1/fastq/SRR251/028/SRR25158228/SRR25158228_1.fastq.gz;ftp.sra.ebi.ac.uk/vol1/fastq/SRR251/028/SRR25158228/SRR25158228_2.fastq.gz		ftp.sra.ebi.ac.uk/vol1/srr/SRR251/028/SRR25158228/SRR25158228.lite	
SRR25158230	PRJNA983538	SAMN35729532	SRX20906757	410658	soil metagenome	ftp.sra.ebi.ac.uk/vol1/fastq/SRR251/030/SRR25158230/SRR25158230_1.fastq.gz;ftp.sra.ebi.ac.uk/vol1/fastq/SRR251/030/SRR25158230/SRR25158230_2.fastq.gz		ftp.sra.ebi.ac.uk/vol1/srr/SRR251/030/SRR25158230/SRR25158230.lite	
SRR25158240	PRJNA983538	SAMN35729448	SRX20906747	410658	soil metagenome	ftp.sra.ebi.ac.uk/vol1/fastq/SRR251/040/SRR25158240/SRR25158240_1.fastq.gz;ftp.sra.ebi.ac.uk/vol1/fastq/SRR251/040/SRR25158240/SRR25158240_2.fastq.gz		ftp.sra.ebi.ac.uk/vol1/srr/SRR251/040/SRR25158240/SRR25158240.lite	
SRR25158241	PRJNA983538	SAMN35729584	SRX20906746	410658	soil metagenome	ftp.sra.ebi.ac.uk/vol1/fastq/SRR251/041/SRR25158241/SRR25158241_1.fastq.gz;ftp.sra.ebi.ac.uk/vol1/fastq/SRR251/041/SRR25158241/SRR25158241_2.fastq.gz		ftp.sra.ebi.ac.uk/vol1/srr/SRR251/041/SRR25158241/SRR25158241.lite	
SRR25158248	PRJNA983538	SAMN35729441	SRX20906739	410658	soil metagenome	ftp.sra.ebi.ac.uk/vol1/fastq/SRR251/048/SRR25158248/SRR25158248_1.fastq.gz;ftp.sra.ebi.ac.uk/vol1/fastq/SRR251/048/SRR25158248/SRR25158248_2.fastq.gz		ftp.sra.ebi.ac.uk/vol1/srr/SRR251/048/SRR25158248/SRR25158248.lite	
SRR25158253	PRJNA983538	SAMN35729437	SRX20906734	410658	soil metagenome	ftp.sra.ebi.ac.uk/vol1/fastq/SRR251/053/SRR25158253/SRR25158253_1.fastq.gz;ftp.sra.ebi.ac.uk/vol1/fastq/SRR251/053/SRR25158253/SRR25158253_2.fastq.gz		ftp.sra.ebi.ac.uk/vol1/srr/SRR251/053/SRR25158253/SRR25158253.lite	
SRR25158259	PRJNA983538	SAMN35729431	SRX20906728	410658	soil metagenome	ftp.sra.ebi.ac.uk/vol1/fastq/SRR251/059/SRR25158259/SRR25158259_1.fastq.gz;ftp.sra.ebi.ac.uk/vol1/fastq/SRR251/059/SRR25158259/SRR25158259_2.fastq.gz		ftp.sra.ebi.ac.uk/vol1/srr/SRR251/059/SRR25158259/SRR25158259.lite	
SRR25158261	PRJNA983538	SAMN35729482	SRX20906726	410658	soil metagenome	ftp.sra.ebi.ac.uk/vol1/fastq/SRR251/061/SRR25158261/SRR25158261_1.fastq.gz;ftp.sra.ebi.ac.uk/vol1/fastq/SRR251/061/SRR25158261/SRR25158261_2.fastq.gz		ftp.sra.ebi.ac.uk/vol1/srr/SRR251/061/SRR25158261/SRR25158261.lite	
SRR25158263	PRJNA983538	SAMN35729582	SRX20906724	410658	soil metagenome	ftp.sra.ebi.ac.uk/vol1/fastq/SRR251/063/SRR25158263/SRR25158263_1.fastq.gz;ftp.sra.ebi.ac.uk/vol1/fastq/SRR251/063/SRR25158263/SRR25158263_2.fastq.gz		ftp.sra.ebi.ac.uk/vol1/srr/SRR251/063/SRR25158263/SRR25158263.lite	
SRR25158264	PRJNA983538	SAMN35729480	SRX20906723	410658	soil metagenome	ftp.sra.ebi.ac.uk/vol1/fastq/SRR251/064/SRR25158264/SRR25158264_1.fastq.gz;ftp.sra.ebi.ac.uk/vol1/fastq/SRR251/064/SRR25158264/SRR25158264_2.fastq.gz		ftp.sra.ebi.ac.uk/vol1/srr/SRR251/064/SRR25158264/SRR25158264.lite	
SRR25158275	PRJNA983538	SAMN35729522	SRX20906712	410658	soil metagenome	ftp.sra.ebi.ac.uk/vol1/fastq/SRR251/075/SRR25158275/SRR25158275_1.fastq.gz;ftp.sra.ebi.ac.uk/vol1/fastq/SRR251/075/SRR25158275/SRR25158275_2.fastq.gz		ftp.sra.ebi.ac.uk/vol1/srr/SRR251/075/SRR25158275/SRR25158275.lite	
SRR25158277	PRJNA983538	SAMN35729520	SRX20906710	410658	soil metagenome	ftp.sra.ebi.ac.uk/vol1/fastq/SRR251/077/SRR25158277/SRR25158277_1.fastq.gz;ftp.sra.ebi.ac.uk/vol1/fastq/SRR251/077/SRR25158277/SRR25158277_2.fastq.gz		ftp.sra.ebi.ac.uk/vol1/srr/SRR251/077/SRR25158277/SRR25158277.lite	
SRR25158278	PRJNA983538	SAMN35729519	SRX20906709	410658	soil metagenome	ftp.sra.ebi.ac.uk/vol1/fastq/SRR251/078/SRR25158278/SRR25158278_1.fastq.gz;ftp.sra.ebi.ac.uk/vol1/fastq/SRR251/078/SRR25158278/SRR25158278_2.fastq.gz		ftp.sra.ebi.ac.uk/vol1/srr/SRR251/078/SRR25158278/SRR25158278.lite	
SRR25158279	PRJNA983538	SAMN35729518	SRX20906708	410658	soil metagenome	ftp.sra.ebi.ac.uk/vol1/fastq/SRR251/079/SRR25158279/SRR25158279_1.fastq.gz;ftp.sra.ebi.ac.uk/vol1/fastq/SRR251/079/SRR25158279/SRR25158279_2.fastq.gz		ftp.sra.ebi.ac.uk/vol1/srr/SRR251/079/SRR25158279/SRR25158279.lite	
SRR25158282	PRJNA983538	SAMN35729515	SRX20906705	410658	soil metagenome	ftp.sra.ebi.ac.uk/vol1/fastq/SRR251/082/SRR25158282/SRR25158282_1.fastq.gz;ftp.sra.ebi.ac.uk/vol1/fastq/SRR251/082/SRR25158282/SRR25158282_2.fastq.gz		ftp.sra.ebi.ac.uk/vol1/srr/SRR251/082/SRR25158282/SRR25158282.lite	
SRR25158293	PRJNA983538	SAMN35729459	SRX20906694	410658	soil metagenome	ftp.sra.ebi.ac.uk/vol1/fastq/SRR251/093/SRR25158293/SRR25158293_1.fastq.gz;ftp.sra.ebi.ac.uk/vol1/fastq/SRR251/093/SRR25158293/SRR25158293_2.fastq.gz		ftp.sra.ebi.ac.uk/vol1/srr/SRR251/093/SRR25158293/SRR25158293.lite	
SRR25158294	PRJNA983538	SAMN35729458	SRX20906693	410658	soil metagenome	ftp.sra.ebi.ac.uk/vol1/fastq/SRR251/094/SRR25158294/SRR25158294_1.fastq.gz;ftp.sra.ebi.ac.uk/vol1/fastq/SRR251/094/SRR25158294/SRR25158294_2.fastq.gz		ftp.sra.ebi.ac.uk/vol1/srr/SRR251/094/SRR25158294/SRR25158294.lite	
SRR25158298	PRJNA983538	SAMN35729455	SRX20906689	410658	soil metagenome	ftp.sra.ebi.ac.uk/vol1/fastq/SRR251/098/SRR25158298/SRR25158298_1.fastq.gz;ftp.sra.ebi.ac.uk/vol1/fastq/SRR251/098/SRR25158298/SRR25158298_2.fastq.gz		ftp.sra.ebi.ac.uk/vol1/srr/SRR251/098/SRR25158298/SRR25158298.lite	
SRR25158303	PRJNA983538	SAMN35729450	SRX20906684	410658	soil metagenome	ftp.sra.ebi.ac.uk/vol1/fastq/SRR251/003/SRR25158303/SRR25158303_1.fastq.gz;ftp.sra.ebi.ac.uk/vol1/fastq/SRR251/003/SRR25158303/SRR25158303_2.fastq.gz		ftp.sra.ebi.ac.uk/vol1/srr/SRR251/003/SRR25158303/SRR25158303.lite	
SRR25158308	PRJNA983538	SAMN35729469	SRX20906679	410658	soil metagenome	ftp.sra.ebi.ac.uk/vol1/fastq/SRR251/008/SRR25158308/SRR25158308_1.fastq.gz;ftp.sra.ebi.ac.uk/vol1/fastq/SRR251/008/SRR25158308/SRR25158308_2.fastq.gz		ftp.sra.ebi.ac.uk/vol1/srr/SRR251/008/SRR25158308/SRR25158308.lite	
SRR25158313	PRJNA983538	SAMN35729464	SRX20906674	410658	soil metagenome	ftp.sra.ebi.ac.uk/vol1/fastq/SRR251/013/SRR25158313/SRR25158313_1.fastq.gz;ftp.sra.ebi.ac.uk/vol1/fastq/SRR251/013/SRR25158313/SRR25158313_2.fastq.gz		ftp.sra.ebi.ac.uk/vol1/srr/SRR251/013/SRR25158313/SRR25158313.lite	
SRR25158314	PRJNA983538	SAMN35729429	SRX20906673	410658	soil metagenome	ftp.sra.ebi.ac.uk/vol1/fastq/SRR251/014/SRR25158314/SRR25158314_1.fastq.gz;ftp.sra.ebi.ac.uk/vol1/fastq/SRR251/014/SRR25158314/SRR25158314_2.fastq.gz		ftp.sra.ebi.ac.uk/vol1/srr/SRR251/014/SRR25158314/SRR25158314.lite	
SRR25158318	PRJNA983538	SAMN35729426	SRX20906669	410658	soil metagenome	ftp.sra.ebi.ac.uk/vol1/fastq/SRR251/018/SRR25158318/SRR25158318_1.fastq.gz;ftp.sra.ebi.ac.uk/vol1/fastq/SRR251/018/SRR25158318/SRR25158318_2.fastq.gz		ftp.sra.ebi.ac.uk/vol1/srr/SRR251/018/SRR25158318/SRR25158318.lite	
SRR25158320	PRJNA983538	SAMN35729424	SRX20906667	410658	soil metagenome	ftp.sra.ebi.ac.uk/vol1/fastq/SRR251/020/SRR25158320/SRR25158320_1.fastq.gz;ftp.sra.ebi.ac.uk/vol1/fastq/SRR251/020/SRR25158320/SRR25158320_2.fastq.gz		ftp.sra.ebi.ac.uk/vol1/srr/SRR251/020/SRR25158320/SRR25158320.lite	
SRR25158323	PRJNA983538	SAMN35729421	SRX20906664	410658	soil metagenome	ftp.sra.ebi.ac.uk/vol1/fastq/SRR251/023/SRR25158323/SRR25158323_1.fastq.gz;ftp.sra.ebi.ac.uk/vol1/fastq/SRR251/023/SRR25158323/SRR25158323_2.fastq.gz		ftp.sra.ebi.ac.uk/vol1/srr/SRR251/023/SRR25158323/SRR25158323.lite	
SRR25158324	PRJNA983538	SAMN35729420	SRX20906663	410658	soil metagenome	ftp.sra.ebi.ac.uk/vol1/fastq/SRR251/024/SRR25158324/SRR25158324_1.fastq.gz;ftp.sra.ebi.ac.uk/vol1/fastq/SRR251/024/SRR25158324/SRR25158324_2.fastq.gz		ftp.sra.ebi.ac.uk/vol1/srr/SRR251/024/SRR25158324/SRR25158324.lite	
SRR25158329	PRJNA983538	SAMN35729416	SRX20906658	410658	soil metagenome	ftp.sra.ebi.ac.uk/vol1/fastq/SRR251/029/SRR25158329/SRR25158329_1.fastq.gz;ftp.sra.ebi.ac.uk/vol1/fastq/SRR251/029/SRR25158329/SRR25158329_2.fastq.gz		ftp.sra.ebi.ac.uk/vol1/srr/SRR251/029/SRR25158329/SRR25158329.lite	
SRR25158330	PRJNA983538	SAMN35729415	SRX20906657	410658	soil metagenome	ftp.sra.ebi.ac.uk/vol1/fastq/SRR251/030/SRR25158330/SRR25158330_1.fastq.gz;ftp.sra.ebi.ac.uk/vol1/fastq/SRR251/030/SRR25158330/SRR25158330_2.fastq.gz		ftp.sra.ebi.ac.uk/vol1/srr/SRR251/030/SRR25158330/SRR25158330.lite	
SRR25158333	PRJNA983538	SAMN35729412	SRX20906654	410658	soil metagenome	ftp.sra.ebi.ac.uk/vol1/fastq/SRR251/033/SRR25158333/SRR25158333_1.fastq.gz;ftp.sra.ebi.ac.uk/vol1/fastq/SRR251/033/SRR25158333/SRR25158333_2.fastq.gz		ftp.sra.ebi.ac.uk/vol1/srr/SRR251/033/SRR25158333/SRR25158333.lite	
SRR25158334	PRJNA983538	SAMN35729411	SRX20906653	410658	soil metagenome	ftp.sra.ebi.ac.uk/vol1/fastq/SRR251/034/SRR25158334/SRR25158334_1.fastq.gz;ftp.sra.ebi.ac.uk/vol1/fastq/SRR251/034/SRR25158334/SRR25158334_2.fastq.gz		ftp.sra.ebi.ac.uk/vol1/srr/SRR251/034/SRR25158334/SRR25158334.lite	
SRR25158338	PRJNA983538	SAMN35729503	SRX20906649	410658	soil metagenome	ftp.sra.ebi.ac.uk/vol1/fastq/SRR251/038/SRR25158338/SRR25158338_1.fastq.gz;ftp.sra.ebi.ac.uk/vol1/fastq/SRR251/038/SRR25158338/SRR25158338_2.fastq.gz		ftp.sra.ebi.ac.uk/vol1/srr/SRR251/038/SRR25158338/SRR25158338.lite	
SRR25158339	PRJNA983538	SAMN35729502	SRX20906648	410658	soil metagenome	ftp.sra.ebi.ac.uk/vol1/fastq/SRR251/039/SRR25158339/SRR25158339_1.fastq.gz;ftp.sra.ebi.ac.uk/vol1/fastq/SRR251/039/SRR25158339/SRR25158339_2.fastq.gz		ftp.sra.ebi.ac.uk/vol1/srr/SRR251/039/SRR25158339/SRR25158339.lite	
SRR25158342	PRJNA983538	SAMN35729499	SRX20906645	410658	soil metagenome	ftp.sra.ebi.ac.uk/vol1/fastq/SRR251/042/SRR25158342/SRR25158342_1.fastq.gz;ftp.sra.ebi.ac.uk/vol1/fastq/SRR251/042/SRR25158342/SRR25158342_2.fastq.gz		ftp.sra.ebi.ac.uk/vol1/srr/SRR251/042/SRR25158342/SRR25158342.lite	
SRR25158345	PRJNA983538	SAMN35729592	SRX20906642	410658	soil metagenome	ftp.sra.ebi.ac.uk/vol1/fastq/SRR251/045/SRR25158345/SRR25158345_1.fastq.gz;ftp.sra.ebi.ac.uk/vol1/fastq/SRR251/045/SRR25158345/SRR25158345_2.fastq.gz		ftp.sra.ebi.ac.uk/vol1/srr/SRR251/045/SRR25158345/SRR25158345.lite	
SRR25158351	PRJNA983538	SAMN35729491	SRX20906636	410658	soil metagenome	ftp.sra.ebi.ac.uk/vol1/fastq/SRR251/051/SRR25158351/SRR25158351_1.fastq.gz;ftp.sra.ebi.ac.uk/vol1/fastq/SRR251/051/SRR25158351/SRR25158351_2.fastq.gz		ftp.sra.ebi.ac.uk/vol1/srr/SRR251/051/SRR25158351/SRR25158351.lite	
SRR25158352	PRJNA983538	SAMN35729490	SRX20906635	410658	soil metagenome	ftp.sra.ebi.ac.uk/vol1/fastq/SRR251/052/SRR25158352/SRR25158352_1.fastq.gz;ftp.sra.ebi.ac.uk/vol1/fastq/SRR251/052/SRR25158352/SRR25158352_2.fastq.gz		ftp.sra.ebi.ac.uk/vol1/srr/SRR251/052/SRR25158352/SRR25158352.lite	
SRR25158353	PRJNA983538	SAMN35729489	SRX20906634	410658	soil metagenome	ftp.sra.ebi.ac.uk/vol1/fastq/SRR251/053/SRR25158353/SRR25158353_1.fastq.gz;ftp.sra.ebi.ac.uk/vol1/fastq/SRR251/053/SRR25158353/SRR25158353_2.fastq.gz		ftp.sra.ebi.ac.uk/vol1/srr/SRR251/053/SRR25158353/SRR25158353.lite	
SRR25158354	PRJNA983538	SAMN35729488	SRX20906633	410658	soil metagenome	ftp.sra.ebi.ac.uk/vol1/fastq/SRR251/054/SRR25158354/SRR25158354_1.fastq.gz;ftp.sra.ebi.ac.uk/vol1/fastq/SRR251/054/SRR25158354/SRR25158354_2.fastq.gz		ftp.sra.ebi.ac.uk/vol1/srr/SRR251/054/SRR25158354/SRR25158354.lite	
SRR25158358	PRJNA983538	SAMN35729485	SRX20906629	410658	soil metagenome	ftp.sra.ebi.ac.uk/vol1/fastq/SRR251/058/SRR25158358/SRR25158358_1.fastq.gz;ftp.sra.ebi.ac.uk/vol1/fastq/SRR251/058/SRR25158358/SRR25158358_2.fastq.gz		ftp.sra.ebi.ac.uk/vol1/srr/SRR251/058/SRR25158358/SRR25158358.lite	
SRR25158360	PRJNA983538	SAMN35729483	SRX20906627	410658	soil metagenome	ftp.sra.ebi.ac.uk/vol1/fastq/SRR251/060/SRR25158360/SRR25158360_1.fastq.gz;ftp.sra.ebi.ac.uk/vol1/fastq/SRR251/060/SRR25158360/SRR25158360_2.fastq.gz		ftp.sra.ebi.ac.uk/vol1/srr/SRR251/060/SRR25158360/SRR25158360.lite	
SRR25158363	PRJNA983538	SAMN35729557	SRX20906624	410658	soil metagenome	ftp.sra.ebi.ac.uk/vol1/fastq/SRR251/063/SRR25158363/SRR25158363_1.fastq.gz;ftp.sra.ebi.ac.uk/vol1/fastq/SRR251/063/SRR25158363/SRR25158363_2.fastq.gz		ftp.sra.ebi.ac.uk/vol1/srr/SRR251/063/SRR25158363/SRR25158363.lite	
SRR25158364	PRJNA983538	SAMN35729556	SRX20906623	410658	soil metagenome	ftp.sra.ebi.ac.uk/vol1/fastq/SRR251/064/SRR25158364/SRR25158364_1.fastq.gz;ftp.sra.ebi.ac.uk/vol1/fastq/SRR251/064/SRR25158364/SRR25158364_2.fastq.gz		ftp.sra.ebi.ac.uk/vol1/srr/SRR251/064/SRR25158364/SRR25158364.lite	
SRR25158366	PRJNA983538	SAMN35729554	SRX20906621	410658	soil metagenome	ftp.sra.ebi.ac.uk/vol1/fastq/SRR251/066/SRR25158366/SRR25158366_1.fastq.gz;ftp.sra.ebi.ac.uk/vol1/fastq/SRR251/066/SRR25158366/SRR25158366_2.fastq.gz		ftp.sra.ebi.ac.uk/vol1/srr/SRR251/066/SRR25158366/SRR25158366.lite	
SRR25158371	PRJNA983538	SAMN35729709	SRX20906616	410658	soil metagenome	ftp.sra.ebi.ac.uk/vol1/fastq/SRR251/071/SRR25158371/SRR25158371_1.fastq.gz;ftp.sra.ebi.ac.uk/vol1/fastq/SRR251/071/SRR25158371/SRR25158371_2.fastq.gz		ftp.sra.ebi.ac.uk/vol1/srr/SRR251/071/SRR25158371/SRR25158371.lite	
SRR25158374	PRJNA983538	SAMN35729572	SRX20906613	410658	soil metagenome	ftp.sra.ebi.ac.uk/vol1/fastq/SRR251/074/SRR25158374/SRR25158374_1.fastq.gz;ftp.sra.ebi.ac.uk/vol1/fastq/SRR251/074/SRR25158374/SRR25158374_2.fastq.gz		ftp.sra.ebi.ac.uk/vol1/srr/SRR251/074/SRR25158374/SRR25158374.lite	
SRR25158381	PRJNA983538	SAMN35729700	SRX20906606	410658	soil metagenome	ftp.sra.ebi.ac.uk/vol1/fastq/SRR251/081/SRR25158381/SRR25158381_1.fastq.gz;ftp.sra.ebi.ac.uk/vol1/fastq/SRR251/081/SRR25158381/SRR25158381_2.fastq.gz		ftp.sra.ebi.ac.uk/vol1/srr/SRR251/081/SRR25158381/SRR25158381.lite	
SRR25158389	PRJNA983538	SAMN35729693	SRX20906598	410658	soil metagenome	ftp.sra.ebi.ac.uk/vol1/fastq/SRR251/089/SRR25158389/SRR25158389_1.fastq.gz;ftp.sra.ebi.ac.uk/vol1/fastq/SRR251/089/SRR25158389/SRR25158389_2.fastq.gz		ftp.sra.ebi.ac.uk/vol1/srr/SRR251/089/SRR25158389/SRR25158389.lite	
SRR25158392	PRJNA983538	SAMN35729690	SRX20906595	410658	soil metagenome	ftp.sra.ebi.ac.uk/vol1/fastq/SRR251/092/SRR25158392/SRR25158392_1.fastq.gz;ftp.sra.ebi.ac.uk/vol1/fastq/SRR251/092/SRR25158392/SRR25158392_2.fastq.gz		ftp.sra.ebi.ac.uk/vol1/srr/SRR251/092/SRR25158392/SRR25158392.lite	
SRR25158400	PRJNA983538	SAMN35729656	SRX20906587	410658	soil metagenome	ftp.sra.ebi.ac.uk/vol1/fastq/SRR251/000/SRR25158400/SRR25158400_1.fastq.gz;ftp.sra.ebi.ac.uk/vol1/fastq/SRR251/000/SRR25158400/SRR25158400_2.fastq.gz		ftp.sra.ebi.ac.uk/vol1/srr/SRR251/000/SRR25158400/SRR25158400.lite	
SRR25158402	PRJNA983538	SAMN35729654	SRX20906585	410658	soil metagenome	ftp.sra.ebi.ac.uk/vol1/fastq/SRR251/002/SRR25158402/SRR25158402_1.fastq.gz;ftp.sra.ebi.ac.uk/vol1/fastq/SRR251/002/SRR25158402/SRR25158402_2.fastq.gz		ftp.sra.ebi.ac.uk/vol1/srr/SRR251/002/SRR25158402/SRR25158402.lite	
SRR25158404	PRJNA983538	SAMN35729652	SRX20906583	410658	soil metagenome	ftp.sra.ebi.ac.uk/vol1/fastq/SRR251/004/SRR25158404/SRR25158404_1.fastq.gz;ftp.sra.ebi.ac.uk/vol1/fastq/SRR251/004/SRR25158404/SRR25158404_2.fastq.gz		ftp.sra.ebi.ac.uk/vol1/srr/SRR251/004/SRR25158404/SRR25158404.lite	
SRR25158405	PRJNA983538	SAMN35729651	SRX20906582	410658	soil metagenome	ftp.sra.ebi.ac.uk/vol1/fastq/SRR251/005/SRR25158405/SRR25158405_1.fastq.gz;ftp.sra.ebi.ac.uk/vol1/fastq/SRR251/005/SRR25158405/SRR25158405_2.fastq.gz		ftp.sra.ebi.ac.uk/vol1/srr/SRR251/005/SRR25158405/SRR25158405.lite	
SRR25158408	PRJNA983538	SAMN35729648	SRX20906579	410658	soil metagenome	ftp.sra.ebi.ac.uk/vol1/fastq/SRR251/008/SRR25158408/SRR25158408_1.fastq.gz;ftp.sra.ebi.ac.uk/vol1/fastq/SRR251/008/SRR25158408/SRR25158408_2.fastq.gz		ftp.sra.ebi.ac.uk/vol1/srr/SRR251/008/SRR25158408/SRR25158408.lite	
SRR25158416	PRJNA983538	SAMN35729612	SRX20906571	410658	soil metagenome	ftp.sra.ebi.ac.uk/vol1/fastq/SRR251/016/SRR25158416/SRR25158416_1.fastq.gz;ftp.sra.ebi.ac.uk/vol1/fastq/SRR251/016/SRR25158416/SRR25158416_2.fastq.gz		ftp.sra.ebi.ac.uk/vol1/srr/SRR251/016/SRR25158416/SRR25158416.lite	
SRR25158419	PRJNA983538	SAMN35729609	SRX20906568	410658	soil metagenome	ftp.sra.ebi.ac.uk/vol1/fastq/SRR251/019/SRR25158419/SRR25158419_1.fastq.gz;ftp.sra.ebi.ac.uk/vol1/fastq/SRR251/019/SRR25158419/SRR25158419_2.fastq.gz		ftp.sra.ebi.ac.uk/vol1/srr/SRR251/019/SRR25158419/SRR25158419.lite	
SRR25158420	PRJNA983538	SAMN35729608	SRX20906567	410658	soil metagenome	ftp.sra.ebi.ac.uk/vol1/fastq/SRR251/020/SRR25158420/SRR25158420_1.fastq.gz;ftp.sra.ebi.ac.uk/vol1/fastq/SRR251/020/SRR25158420/SRR25158420_2.fastq.gz		ftp.sra.ebi.ac.uk/vol1/srr/SRR251/020/SRR25158420/SRR25158420.lite	
SRR25158421	PRJNA983538	SAMN35729607	SRX20906566	410658	soil metagenome	ftp.sra.ebi.ac.uk/vol1/fastq/SRR251/021/SRR25158421/SRR25158421_1.fastq.gz;ftp.sra.ebi.ac.uk/vol1/fastq/SRR251/021/SRR25158421/SRR25158421_2.fastq.gz		ftp.sra.ebi.ac.uk/vol1/srr/SRR251/021/SRR25158421/SRR25158421.lite	
SRR25158422	PRJNA983538	SAMN35729562	SRX20906565	410658	soil metagenome	ftp.sra.ebi.ac.uk/vol1/fastq/SRR251/022/SRR25158422/SRR25158422_1.fastq.gz;ftp.sra.ebi.ac.uk/vol1/fastq/SRR251/022/SRR25158422/SRR25158422_2.fastq.gz		ftp.sra.ebi.ac.uk/vol1/srr/SRR251/022/SRR25158422/SRR25158422.lite	
SRR25158423	PRJNA983538	SAMN35729606	SRX20906564	410658	soil metagenome	ftp.sra.ebi.ac.uk/vol1/fastq/SRR251/023/SRR25158423/SRR25158423_1.fastq.gz;ftp.sra.ebi.ac.uk/vol1/fastq/SRR251/023/SRR25158423/SRR25158423_2.fastq.gz		ftp.sra.ebi.ac.uk/vol1/srr/SRR251/023/SRR25158423/SRR25158423.lite	
SRR25158424	PRJNA983538	SAMN35729605	SRX20906563	410658	soil metagenome	ftp.sra.ebi.ac.uk/vol1/fastq/SRR251/024/SRR25158424/SRR25158424_1.fastq.gz;ftp.sra.ebi.ac.uk/vol1/fastq/SRR251/024/SRR25158424/SRR25158424_2.fastq.gz		ftp.sra.ebi.ac.uk/vol1/srr/SRR251/024/SRR25158424/SRR25158424.lite	
SRR25158427	PRJNA983538	SAMN35729602	SRX20906560	410658	soil metagenome	ftp.sra.ebi.ac.uk/vol1/fastq/SRR251/027/SRR25158427/SRR25158427_1.fastq.gz;ftp.sra.ebi.ac.uk/vol1/fastq/SRR251/027/SRR25158427/SRR25158427_2.fastq.gz		ftp.sra.ebi.ac.uk/vol1/srr/SRR251/027/SRR25158427/SRR25158427.lite	
SRR25158428	PRJNA983538	SAMN35729601	SRX20906559	410658	soil metagenome	ftp.sra.ebi.ac.uk/vol1/fastq/SRR251/028/SRR25158428/SRR25158428_1.fastq.gz;ftp.sra.ebi.ac.uk/vol1/fastq/SRR251/028/SRR25158428/SRR25158428_2.fastq.gz		ftp.sra.ebi.ac.uk/vol1/srr/SRR251/028/SRR25158428/SRR25158428.lite	
SRR25158430	PRJNA983538	SAMN35729599	SRX20906557	410658	soil metagenome	ftp.sra.ebi.ac.uk/vol1/fastq/SRR251/030/SRR25158430/SRR25158430_1.fastq.gz;ftp.sra.ebi.ac.uk/vol1/fastq/SRR251/030/SRR25158430/SRR25158430_2.fastq.gz		ftp.sra.ebi.ac.uk/vol1/srr/SRR251/030/SRR25158430/SRR25158430.lite	
SRR25158433	PRJNA983538	SAMN35729561	SRX20906554	410658	soil metagenome	ftp.sra.ebi.ac.uk/vol1/fastq/SRR251/033/SRR25158433/SRR25158433_1.fastq.gz;ftp.sra.ebi.ac.uk/vol1/fastq/SRR251/033/SRR25158433/SRR25158433_2.fastq.gz		ftp.sra.ebi.ac.uk/vol1/srr/SRR251/033/SRR25158433/SRR25158433.lite	
SRR25158437	PRJNA983538	SAMN35729509	SRX20906550	410658	soil metagenome	ftp.sra.ebi.ac.uk/vol1/fastq/SRR251/037/SRR25158437/SRR25158437_1.fastq.gz;ftp.sra.ebi.ac.uk/vol1/fastq/SRR251/037/SRR25158437/SRR25158437_2.fastq.gz		ftp.sra.ebi.ac.uk/vol1/srr/SRR251/037/SRR25158437/SRR25158437.lite	
SRR25158439	PRJNA983538	SAMN35729507	SRX20906548	410658	soil metagenome	ftp.sra.ebi.ac.uk/vol1/fastq/SRR251/039/SRR25158439/SRR25158439_1.fastq.gz;ftp.sra.ebi.ac.uk/vol1/fastq/SRR251/039/SRR25158439/SRR25158439_2.fastq.gz		ftp.sra.ebi.ac.uk/vol1/srr/SRR251/039/SRR25158439/SRR25158439.lite	
SRR25158441	PRJNA983538	SAMN35729506	SRX20906546	410658	soil metagenome	ftp.sra.ebi.ac.uk/vol1/fastq/SRR251/041/SRR25158441/SRR25158441_1.fastq.gz;ftp.sra.ebi.ac.uk/vol1/fastq/SRR251/041/SRR25158441/SRR25158441_2.fastq.gz		ftp.sra.ebi.ac.uk/vol1/srr/SRR251/041/SRR25158441/SRR25158441.lite	
SRR25158443	PRJNA983538	SAMN35729768	SRX20906544	410658	soil metagenome	ftp.sra.ebi.ac.uk/vol1/fastq/SRR251/043/SRR25158443/SRR25158443_1.fastq.gz;ftp.sra.ebi.ac.uk/vol1/fastq/SRR251/043/SRR25158443/SRR25158443_2.fastq.gz		ftp.sra.ebi.ac.uk/vol1/srr/SRR251/043/SRR25158443/SRR25158443.lite	
SRR25158444	PRJNA983538	SAMN35729767	SRX20906543	410658	soil metagenome	ftp.sra.ebi.ac.uk/vol1/fastq/SRR251/044/SRR25158444/SRR25158444_1.fastq.gz;ftp.sra.ebi.ac.uk/vol1/fastq/SRR251/044/SRR25158444/SRR25158444_2.fastq.gz		ftp.sra.ebi.ac.uk/vol1/srr/SRR251/044/SRR25158444/SRR25158444.lite	
SRR25158447	PRJNA983538	SAMN35729765	SRX20906540	410658	soil metagenome	ftp.sra.ebi.ac.uk/vol1/fastq/SRR251/047/SRR25158447/SRR25158447_1.fastq.gz;ftp.sra.ebi.ac.uk/vol1/fastq/SRR251/047/SRR25158447/SRR25158447_2.fastq.gz		ftp.sra.ebi.ac.uk/vol1/srr/SRR251/047/SRR25158447/SRR25158447.lite	
SRR25158451	PRJNA983538	SAMN35729761	SRX20906536	410658	soil metagenome	ftp.sra.ebi.ac.uk/vol1/fastq/SRR251/051/SRR25158451/SRR25158451_1.fastq.gz;ftp.sra.ebi.ac.uk/vol1/fastq/SRR251/051/SRR25158451/SRR25158451_2.fastq.gz		ftp.sra.ebi.ac.uk/vol1/srr/SRR251/051/SRR25158451/SRR25158451.lite	
SRR25158452	PRJNA983538	SAMN35729760	SRX20906535	410658	soil metagenome	ftp.sra.ebi.ac.uk/vol1/fastq/SRR251/052/SRR25158452/SRR25158452_1.fastq.gz;ftp.sra.ebi.ac.uk/vol1/fastq/SRR251/052/SRR25158452/SRR25158452_2.fastq.gz		ftp.sra.ebi.ac.uk/vol1/srr/SRR251/052/SRR25158452/SRR25158452.lite	
SRR25158453	PRJNA983538	SAMN35729759	SRX20906534	410658	soil metagenome	ftp.sra.ebi.ac.uk/vol1/fastq/SRR251/053/SRR25158453/SRR25158453_1.fastq.gz;ftp.sra.ebi.ac.uk/vol1/fastq/SRR251/053/SRR25158453/SRR25158453_2.fastq.gz		ftp.sra.ebi.ac.uk/vol1/srr/SRR251/053/SRR25158453/SRR25158453.lite	
SRR25158454	PRJNA983538	SAMN35729758	SRX20906533	410658	soil metagenome	ftp.sra.ebi.ac.uk/vol1/fastq/SRR251/054/SRR25158454/SRR25158454_1.fastq.gz;ftp.sra.ebi.ac.uk/vol1/fastq/SRR251/054/SRR25158454/SRR25158454_2.fastq.gz		ftp.sra.ebi.ac.uk/vol1/srr/SRR251/054/SRR25158454/SRR25158454.lite	
SRR25158456	PRJNA983538	SAMN35729577	SRX20906531	410658	soil metagenome	ftp.sra.ebi.ac.uk/vol1/fastq/SRR251/056/SRR25158456/SRR25158456_1.fastq.gz;ftp.sra.ebi.ac.uk/vol1/fastq/SRR251/056/SRR25158456/SRR25158456_2.fastq.gz		ftp.sra.ebi.ac.uk/vol1/srr/SRR251/056/SRR25158456/SRR25158456.lite	
SRR25158461	PRJNA983538	SAMN35729753	SRX20906526	410658	soil metagenome	ftp.sra.ebi.ac.uk/vol1/fastq/SRR251/061/SRR25158461/SRR25158461_1.fastq.gz;ftp.sra.ebi.ac.uk/vol1/fastq/SRR251/061/SRR25158461/SRR25158461_2.fastq.gz		ftp.sra.ebi.ac.uk/vol1/srr/SRR251/061/SRR25158461/SRR25158461.lite	
SRR25158463	PRJNA983538	SAMN35729751	SRX20906524	410658	soil metagenome	ftp.sra.ebi.ac.uk/vol1/fastq/SRR251/063/SRR25158463/SRR25158463_1.fastq.gz;ftp.sra.ebi.ac.uk/vol1/fastq/SRR251/063/SRR25158463/SRR25158463_2.fastq.gz		ftp.sra.ebi.ac.uk/vol1/srr/SRR251/063/SRR25158463/SRR25158463.lite	
SRR25158464	PRJNA983538	SAMN35729750	SRX20906523	410658	soil metagenome	ftp.sra.ebi.ac.uk/vol1/fastq/SRR251/064/SRR25158464/SRR25158464_1.fastq.gz;ftp.sra.ebi.ac.uk/vol1/fastq/SRR251/064/SRR25158464/SRR25158464_2.fastq.gz		ftp.sra.ebi.ac.uk/vol1/srr/SRR251/064/SRR25158464/SRR25158464.lite	
SRR25158467	PRJNA983538	SAMN35729747	SRX20906520	410658	soil metagenome	ftp.sra.ebi.ac.uk/vol1/fastq/SRR251/067/SRR25158467/SRR25158467_1.fastq.gz;ftp.sra.ebi.ac.uk/vol1/fastq/SRR251/067/SRR25158467/SRR25158467_2.fastq.gz		ftp.sra.ebi.ac.uk/vol1/srr/SRR251/067/SRR25158467/SRR25158467.lite	
SRR25158468	PRJNA983538	SAMN35729576	SRX20906519	410658	soil metagenome	ftp.sra.ebi.ac.uk/vol1/fastq/SRR251/068/SRR25158468/SRR25158468_1.fastq.gz;ftp.sra.ebi.ac.uk/vol1/fastq/SRR251/068/SRR25158468/SRR25158468_2.fastq.gz		ftp.sra.ebi.ac.uk/vol1/srr/SRR251/068/SRR25158468/SRR25158468.lite	
SRR25158473	PRJNA983538	SAMN35729742	SRX20906514	410658	soil metagenome	ftp.sra.ebi.ac.uk/vol1/fastq/SRR251/073/SRR25158473/SRR25158473_1.fastq.gz;ftp.sra.ebi.ac.uk/vol1/fastq/SRR251/073/SRR25158473/SRR25158473_2.fastq.gz		ftp.sra.ebi.ac.uk/vol1/srr/SRR251/073/SRR25158473/SRR25158473.lite	
SRR25158478	PRJNA983538	SAMN35729737	SRX20906509	410658	soil metagenome	ftp.sra.ebi.ac.uk/vol1/fastq/SRR251/078/SRR25158478/SRR25158478_1.fastq.gz;ftp.sra.ebi.ac.uk/vol1/fastq/SRR251/078/SRR25158478/SRR25158478_2.fastq.gz		ftp.sra.ebi.ac.uk/vol1/srr/SRR251/078/SRR25158478/SRR25158478.lite	
SRR25158487	PRJNA983538	SAMN35729729	SRX20906500	410658	soil metagenome	ftp.sra.ebi.ac.uk/vol1/fastq/SRR251/087/SRR25158487/SRR25158487_1.fastq.gz;ftp.sra.ebi.ac.uk/vol1/fastq/SRR251/087/SRR25158487/SRR25158487_2.fastq.gz		ftp.sra.ebi.ac.uk/vol1/srr/SRR251/087/SRR25158487/SRR25158487.lite	
SRR25158490	PRJNA983538	SAMN35729574	SRX20906497	410658	soil metagenome	ftp.sra.ebi.ac.uk/vol1/fastq/SRR251/090/SRR25158490/SRR25158490_1.fastq.gz;ftp.sra.ebi.ac.uk/vol1/fastq/SRR251/090/SRR25158490/SRR25158490_2.fastq.gz		ftp.sra.ebi.ac.uk/vol1/srr/SRR251/090/SRR25158490/SRR25158490.lite	
SRR25158494	PRJNA983538	SAMN35729723	SRX20906493	410658	soil metagenome	ftp.sra.ebi.ac.uk/vol1/fastq/SRR251/094/SRR25158494/SRR25158494_1.fastq.gz;ftp.sra.ebi.ac.uk/vol1/fastq/SRR251/094/SRR25158494/SRR25158494_2.fastq.gz		ftp.sra.ebi.ac.uk/vol1/srr/SRR251/094/SRR25158494/SRR25158494.lite	
SRR25158495	PRJNA983538	SAMN35729722	SRX20906492	410658	soil metagenome	ftp.sra.ebi.ac.uk/vol1/fastq/SRR251/095/SRR25158495/SRR25158495_1.fastq.gz;ftp.sra.ebi.ac.uk/vol1/fastq/SRR251/095/SRR25158495/SRR25158495_2.fastq.gz		ftp.sra.ebi.ac.uk/vol1/srr/SRR251/095/SRR25158495/SRR25158495.lite	
SRR25158497	PRJNA983538	SAMN35729720	SRX20906490	410658	soil metagenome	ftp.sra.ebi.ac.uk/vol1/fastq/SRR251/097/SRR25158497/SRR25158497_1.fastq.gz;ftp.sra.ebi.ac.uk/vol1/fastq/SRR251/097/SRR25158497/SRR25158497_2.fastq.gz		ftp.sra.ebi.ac.uk/vol1/srr/SRR251/097/SRR25158497/SRR25158497.lite	
SRR25158504	PRJNA983538	SAMN35729714	SRX20906483	410658	soil metagenome	ftp.sra.ebi.ac.uk/vol1/fastq/SRR251/004/SRR25158504/SRR25158504_1.fastq.gz;ftp.sra.ebi.ac.uk/vol1/fastq/SRR251/004/SRR25158504/SRR25158504_2.fastq.gz		ftp.sra.ebi.ac.uk/vol1/srr/SRR251/004/SRR25158504/SRR25158504.lite	
SRR25158508	PRJNA983538	SAMN35729681	SRX20906479	410658	soil metagenome	ftp.sra.ebi.ac.uk/vol1/fastq/SRR251/008/SRR25158508/SRR25158508_1.fastq.gz;ftp.sra.ebi.ac.uk/vol1/fastq/SRR251/008/SRR25158508/SRR25158508_2.fastq.gz		ftp.sra.ebi.ac.uk/vol1/srr/SRR251/008/SRR25158508/SRR25158508.lite	
SRR25158512	PRJNA983538	SAMN35729677	SRX20906475	410658	soil metagenome	ftp.sra.ebi.ac.uk/vol1/fastq/SRR251/012/SRR25158512/SRR25158512_1.fastq.gz;ftp.sra.ebi.ac.uk/vol1/fastq/SRR251/012/SRR25158512/SRR25158512_2.fastq.gz		ftp.sra.ebi.ac.uk/vol1/srr/SRR251/012/SRR25158512/SRR25158512.lite	
SRR25158515	PRJNA983538	SAMN35729675	SRX20906472	410658	soil metagenome	ftp.sra.ebi.ac.uk/vol1/fastq/SRR251/015/SRR25158515/SRR25158515_1.fastq.gz;ftp.sra.ebi.ac.uk/vol1/fastq/SRR251/015/SRR25158515/SRR25158515_2.fastq.gz		ftp.sra.ebi.ac.uk/vol1/srr/SRR251/015/SRR25158515/SRR25158515.lite	
SRR25158518	PRJNA983538	SAMN35729672	SRX20906469	410658	soil metagenome	ftp.sra.ebi.ac.uk/vol1/fastq/SRR251/018/SRR25158518/SRR25158518_1.fastq.gz;ftp.sra.ebi.ac.uk/vol1/fastq/SRR251/018/SRR25158518/SRR25158518_2.fastq.gz		ftp.sra.ebi.ac.uk/vol1/srr/SRR251/018/SRR25158518/SRR25158518.lite	
SRR25158521	PRJNA983538	SAMN35729669	SRX20906466	410658	soil metagenome	ftp.sra.ebi.ac.uk/vol1/fastq/SRR251/021/SRR25158521/SRR25158521_1.fastq.gz;ftp.sra.ebi.ac.uk/vol1/fastq/SRR251/021/SRR25158521/SRR25158521_2.fastq.gz		ftp.sra.ebi.ac.uk/vol1/srr/SRR251/021/SRR25158521/SRR25158521.lite	
SRR25158528	PRJNA983538	SAMN35729663	SRX20906459	410658	soil metagenome	ftp.sra.ebi.ac.uk/vol1/fastq/SRR251/028/SRR25158528/SRR25158528_1.fastq.gz;ftp.sra.ebi.ac.uk/vol1/fastq/SRR251/028/SRR25158528/SRR25158528_2.fastq.gz		ftp.sra.ebi.ac.uk/vol1/srr/SRR251/028/SRR25158528/SRR25158528.lite	
SRR25158529	PRJNA983538	SAMN35729662	SRX20906458	410658	soil metagenome	ftp.sra.ebi.ac.uk/vol1/fastq/SRR251/029/SRR25158529/SRR25158529_1.fastq.gz;ftp.sra.ebi.ac.uk/vol1/fastq/SRR251/029/SRR25158529/SRR25158529_2.fastq.gz		ftp.sra.ebi.ac.uk/vol1/srr/SRR251/029/SRR25158529/SRR25158529.lite	
SRR25158530	PRJNA983538	SAMN35729661	SRX20906457	410658	soil metagenome	ftp.sra.ebi.ac.uk/vol1/fastq/SRR251/030/SRR25158530/SRR25158530_1.fastq.gz;ftp.sra.ebi.ac.uk/vol1/fastq/SRR251/030/SRR25158530/SRR25158530_2.fastq.gz		ftp.sra.ebi.ac.uk/vol1/srr/SRR251/030/SRR25158530/SRR25158530.lite	
SRR25158533	PRJNA983538	SAMN35729658	SRX20906454	410658	soil metagenome	ftp.sra.ebi.ac.uk/vol1/fastq/SRR251/033/SRR25158533/SRR25158533_1.fastq.gz;ftp.sra.ebi.ac.uk/vol1/fastq/SRR251/033/SRR25158533/SRR25158533_2.fastq.gz		ftp.sra.ebi.ac.uk/vol1/srr/SRR251/033/SRR25158533/SRR25158533.lite	
SRR25158535	PRJNA983538	SAMN35729567	SRX20906452	410658	soil metagenome	ftp.sra.ebi.ac.uk/vol1/fastq/SRR251/035/SRR25158535/SRR25158535_1.fastq.gz;ftp.sra.ebi.ac.uk/vol1/fastq/SRR251/035/SRR25158535/SRR25158535_2.fastq.gz		ftp.sra.ebi.ac.uk/vol1/srr/SRR251/035/SRR25158535/SRR25158535.lite	
SRR25158536	PRJNA983538	SAMN35729407	SRX20906451	410658	soil metagenome	ftp.sra.ebi.ac.uk/vol1/fastq/SRR251/036/SRR25158536/SRR25158536_1.fastq.gz;ftp.sra.ebi.ac.uk/vol1/fastq/SRR251/036/SRR25158536/SRR25158536_2.fastq.gz		ftp.sra.ebi.ac.uk/vol1/srr/SRR251/036/SRR25158536/SRR25158536.lite	
SRR25158176	PRJNA983538	SAMN35729646	SRX20906448	410658	soil metagenome	ftp.sra.ebi.ac.uk/vol1/fastq/SRR251/076/SRR25158176/SRR25158176_1.fastq.gz;ftp.sra.ebi.ac.uk/vol1/fastq/SRR251/076/SRR25158176/SRR25158176_2.fastq.gz		ftp.sra.ebi.ac.uk/vol1/srr/SRR251/076/SRR25158176/SRR25158176.lite	
SRR25158184	PRJNA983538	SAMN35729638	SRX20906440	410658	soil metagenome	ftp.sra.ebi.ac.uk/vol1/fastq/SRR251/084/SRR25158184/SRR25158184_1.fastq.gz;ftp.sra.ebi.ac.uk/vol1/fastq/SRR251/084/SRR25158184/SRR25158184_2.fastq.gz		ftp.sra.ebi.ac.uk/vol1/srr/SRR251/084/SRR25158184/SRR25158184.lite	
SRR25158185	PRJNA983538	SAMN35729637	SRX20906439	410658	soil metagenome	ftp.sra.ebi.ac.uk/vol1/fastq/SRR251/085/SRR25158185/SRR25158185_1.fastq.gz;ftp.sra.ebi.ac.uk/vol1/fastq/SRR251/085/SRR25158185/SRR25158185_2.fastq.gz		ftp.sra.ebi.ac.uk/vol1/srr/SRR251/085/SRR25158185/SRR25158185.lite	
SRR25158191	PRJNA983538	SAMN35729632	SRX20906433	410658	soil metagenome	ftp.sra.ebi.ac.uk/vol1/fastq/SRR251/091/SRR25158191/SRR25158191_1.fastq.gz;ftp.sra.ebi.ac.uk/vol1/fastq/SRR251/091/SRR25158191/SRR25158191_2.fastq.gz		ftp.sra.ebi.ac.uk/vol1/srr/SRR251/091/SRR25158191/SRR25158191.lite	
SRR25158192	PRJNA983538	SAMN35729631	SRX20906432	410658	soil metagenome	ftp.sra.ebi.ac.uk/vol1/fastq/SRR251/092/SRR25158192/SRR25158192_1.fastq.gz;ftp.sra.ebi.ac.uk/vol1/fastq/SRR251/092/SRR25158192/SRR25158192_2.fastq.gz		ftp.sra.ebi.ac.uk/vol1/srr/SRR251/092/SRR25158192/SRR25158192.lite	
SRR25158195	PRJNA983538	SAMN35729628	SRX20906429	410658	soil metagenome	ftp.sra.ebi.ac.uk/vol1/fastq/SRR251/095/SRR25158195/SRR25158195_1.fastq.gz;ftp.sra.ebi.ac.uk/vol1/fastq/SRR251/095/SRR25158195/SRR25158195_2.fastq.gz		ftp.sra.ebi.ac.uk/vol1/srr/SRR251/095/SRR25158195/SRR25158195.lite	
SRR25158202	PRJNA983538	SAMN35729622	SRX20906785	410658	soil metagenome	ftp.sra.ebi.ac.uk/vol1/fastq/SRR251/002/SRR25158202/SRR25158202_1.fastq.gz;ftp.sra.ebi.ac.uk/vol1/fastq/SRR251/002/SRR25158202/SRR25158202_2.fastq.gz		ftp.sra.ebi.ac.uk/vol1/srr/SRR251/002/SRR25158202/SRR25158202.lite	
SRR25158205	PRJNA983538	SAMN35729619	SRX20906782	410658	soil metagenome	ftp.sra.ebi.ac.uk/vol1/fastq/SRR251/005/SRR25158205/SRR25158205_1.fastq.gz;ftp.sra.ebi.ac.uk/vol1/fastq/SRR251/005/SRR25158205/SRR25158205_2.fastq.gz		ftp.sra.ebi.ac.uk/vol1/srr/SRR251/005/SRR25158205/SRR25158205.lite	
SRR25158206	PRJNA983538	SAMN35729618	SRX20906781	410658	soil metagenome	ftp.sra.ebi.ac.uk/vol1/fastq/SRR251/006/SRR25158206/SRR25158206_1.fastq.gz;ftp.sra.ebi.ac.uk/vol1/fastq/SRR251/006/SRR25158206/SRR25158206_2.fastq.gz		ftp.sra.ebi.ac.uk/vol1/srr/SRR251/006/SRR25158206/SRR25158206.lite	
SRR25158209	PRJNA983538	SAMN35729551	SRX20906778	410658	soil metagenome	ftp.sra.ebi.ac.uk/vol1/fastq/SRR251/009/SRR25158209/SRR25158209_1.fastq.gz;ftp.sra.ebi.ac.uk/vol1/fastq/SRR251/009/SRR25158209/SRR25158209_2.fastq.gz		ftp.sra.ebi.ac.uk/vol1/srr/SRR251/009/SRR25158209/SRR25158209.lite	
SRR25158211	PRJNA983538	SAMN35729549	SRX20906776	410658	soil metagenome	ftp.sra.ebi.ac.uk/vol1/fastq/SRR251/011/SRR25158211/SRR25158211_1.fastq.gz;ftp.sra.ebi.ac.uk/vol1/fastq/SRR251/011/SRR25158211/SRR25158211_2.fastq.gz		ftp.sra.ebi.ac.uk/vol1/srr/SRR251/011/SRR25158211/SRR25158211.lite	
SRR25158215	PRJNA983538	SAMN35729545	SRX20906772	410658	soil metagenome	ftp.sra.ebi.ac.uk/vol1/fastq/SRR251/015/SRR25158215/SRR25158215_1.fastq.gz;ftp.sra.ebi.ac.uk/vol1/fastq/SRR251/015/SRR25158215/SRR25158215_2.fastq.gz		ftp.sra.ebi.ac.uk/vol1/srr/SRR251/015/SRR25158215/SRR25158215.lite	
SRR25158217	PRJNA983538	SAMN35729589	SRX20906770	410658	soil metagenome	ftp.sra.ebi.ac.uk/vol1/fastq/SRR251/017/SRR25158217/SRR25158217_1.fastq.gz;ftp.sra.ebi.ac.uk/vol1/fastq/SRR251/017/SRR25158217/SRR25158217_2.fastq.gz		ftp.sra.ebi.ac.uk/vol1/srr/SRR251/017/SRR25158217/SRR25158217.lite	
SRR25158231	PRJNA983538	SAMN35729531	SRX20906756	410658	soil metagenome	ftp.sra.ebi.ac.uk/vol1/fastq/SRR251/031/SRR25158231/SRR25158231_1.fastq.gz;ftp.sra.ebi.ac.uk/vol1/fastq/SRR251/031/SRR25158231/SRR25158231_2.fastq.gz		ftp.sra.ebi.ac.uk/vol1/srr/SRR251/031/SRR25158231/SRR25158231.lite	
SRR25158232	PRJNA983538	SAMN35729530	SRX20906755	410658	soil metagenome	ftp.sra.ebi.ac.uk/vol1/fastq/SRR251/032/SRR25158232/SRR25158232_1.fastq.gz;ftp.sra.ebi.ac.uk/vol1/fastq/SRR251/032/SRR25158232/SRR25158232_2.fastq.gz		ftp.sra.ebi.ac.uk/vol1/srr/SRR251/032/SRR25158232/SRR25158232.lite	
SRR25158234	PRJNA983538	SAMN35729528	SRX20906753	410658	soil metagenome	ftp.sra.ebi.ac.uk/vol1/fastq/SRR251/034/SRR25158234/SRR25158234_1.fastq.gz;ftp.sra.ebi.ac.uk/vol1/fastq/SRR251/034/SRR25158234/SRR25158234_2.fastq.gz		ftp.sra.ebi.ac.uk/vol1/srr/SRR251/034/SRR25158234/SRR25158234.lite	
SRR25158235	PRJNA983538	SAMN35729527	SRX20906752	410658	soil metagenome	ftp.sra.ebi.ac.uk/vol1/fastq/SRR251/035/SRR25158235/SRR25158235_1.fastq.gz;ftp.sra.ebi.ac.uk/vol1/fastq/SRR251/035/SRR25158235/SRR25158235_2.fastq.gz		ftp.sra.ebi.ac.uk/vol1/srr/SRR251/035/SRR25158235/SRR25158235.lite	
SRR25158236	PRJNA983538	SAMN35729526	SRX20906751	410658	soil metagenome	ftp.sra.ebi.ac.uk/vol1/fastq/SRR251/036/SRR25158236/SRR25158236_1.fastq.gz;ftp.sra.ebi.ac.uk/vol1/fastq/SRR251/036/SRR25158236/SRR25158236_2.fastq.gz		ftp.sra.ebi.ac.uk/vol1/srr/SRR251/036/SRR25158236/SRR25158236.lite	
SRR25158237	PRJNA983538	SAMN35729525	SRX20906750	410658	soil metagenome	ftp.sra.ebi.ac.uk/vol1/fastq/SRR251/037/SRR25158237/SRR25158237_1.fastq.gz;ftp.sra.ebi.ac.uk/vol1/fastq/SRR251/037/SRR25158237/SRR25158237_2.fastq.gz		ftp.sra.ebi.ac.uk/vol1/srr/SRR251/037/SRR25158237/SRR25158237.lite	
SRR25158243	PRJNA983538	SAMN35729446	SRX20906744	410658	soil metagenome	ftp.sra.ebi.ac.uk/vol1/fastq/SRR251/043/SRR25158243/SRR25158243_1.fastq.gz;ftp.sra.ebi.ac.uk/vol1/fastq/SRR251/043/SRR25158243/SRR25158243_2.fastq.gz		ftp.sra.ebi.ac.uk/vol1/srr/SRR251/043/SRR25158243/SRR25158243.lite	
SRR25158247	PRJNA983538	SAMN35729442	SRX20906740	410658	soil metagenome	ftp.sra.ebi.ac.uk/vol1/fastq/SRR251/047/SRR25158247/SRR25158247_1.fastq.gz;ftp.sra.ebi.ac.uk/vol1/fastq/SRR251/047/SRR25158247/SRR25158247_2.fastq.gz		ftp.sra.ebi.ac.uk/vol1/srr/SRR251/047/SRR25158247/SRR25158247.lite	
SRR25158250	PRJNA983538	SAMN35729439	SRX20906737	410658	soil metagenome	ftp.sra.ebi.ac.uk/vol1/fastq/SRR251/050/SRR25158250/SRR25158250_1.fastq.gz;ftp.sra.ebi.ac.uk/vol1/fastq/SRR251/050/SRR25158250/SRR25158250_2.fastq.gz		ftp.sra.ebi.ac.uk/vol1/srr/SRR251/050/SRR25158250/SRR25158250.lite	
SRR25158251	PRJNA983538	SAMN35729438	SRX20906736	410658	soil metagenome	ftp.sra.ebi.ac.uk/vol1/fastq/SRR251/051/SRR25158251/SRR25158251_1.fastq.gz;ftp.sra.ebi.ac.uk/vol1/fastq/SRR251/051/SRR25158251/SRR25158251_2.fastq.gz		ftp.sra.ebi.ac.uk/vol1/srr/SRR251/051/SRR25158251/SRR25158251.lite	
SRR25158252	PRJNA983538	SAMN35729583	SRX20906735	410658	soil metagenome	ftp.sra.ebi.ac.uk/vol1/fastq/SRR251/052/SRR25158252/SRR25158252_1.fastq.gz;ftp.sra.ebi.ac.uk/vol1/fastq/SRR251/052/SRR25158252/SRR25158252_2.fastq.gz		ftp.sra.ebi.ac.uk/vol1/srr/SRR251/052/SRR25158252/SRR25158252.lite	
SRR25158254	PRJNA983538	SAMN35729436	SRX20906733	410658	soil metagenome	ftp.sra.ebi.ac.uk/vol1/fastq/SRR251/054/SRR25158254/SRR25158254_1.fastq.gz;ftp.sra.ebi.ac.uk/vol1/fastq/SRR251/054/SRR25158254/SRR25158254_2.fastq.gz		ftp.sra.ebi.ac.uk/vol1/srr/SRR251/054/SRR25158254/SRR25158254.lite	
SRR25158256	PRJNA983538	SAMN35729434	SRX20906731	410658	soil metagenome	ftp.sra.ebi.ac.uk/vol1/fastq/SRR251/056/SRR25158256/SRR25158256_1.fastq.gz;ftp.sra.ebi.ac.uk/vol1/fastq/SRR251/056/SRR25158256/SRR25158256_2.fastq.gz		ftp.sra.ebi.ac.uk/vol1/srr/SRR251/056/SRR25158256/SRR25158256.lite	
SRR25158257	PRJNA983538	SAMN35729433	SRX20906730	410658	soil metagenome	ftp.sra.ebi.ac.uk/vol1/fastq/SRR251/057/SRR25158257/SRR25158257_1.fastq.gz;ftp.sra.ebi.ac.uk/vol1/fastq/SRR251/057/SRR25158257/SRR25158257_2.fastq.gz		ftp.sra.ebi.ac.uk/vol1/srr/SRR251/057/SRR25158257/SRR25158257.lite	
SRR25158269	PRJNA983538	SAMN35729475	SRX20906718	410658	soil metagenome	ftp.sra.ebi.ac.uk/vol1/fastq/SRR251/069/SRR25158269/SRR25158269_1.fastq.gz;ftp.sra.ebi.ac.uk/vol1/fastq/SRR251/069/SRR25158269/SRR25158269_2.fastq.gz		ftp.sra.ebi.ac.uk/vol1/srr/SRR251/069/SRR25158269/SRR25158269.lite	
SRR25158270	PRJNA983538	SAMN35729474	SRX20906717	410658	soil metagenome	ftp.sra.ebi.ac.uk/vol1/fastq/SRR251/070/SRR25158270/SRR25158270_1.fastq.gz;ftp.sra.ebi.ac.uk/vol1/fastq/SRR251/070/SRR25158270/SRR25158270_2.fastq.gz		ftp.sra.ebi.ac.uk/vol1/srr/SRR251/070/SRR25158270/SRR25158270.lite	
SRR25158272	PRJNA983538	SAMN35729587	SRX20906715	410658	soil metagenome	ftp.sra.ebi.ac.uk/vol1/fastq/SRR251/072/SRR25158272/SRR25158272_1.fastq.gz;ftp.sra.ebi.ac.uk/vol1/fastq/SRR251/072/SRR25158272/SRR25158272_2.fastq.gz		ftp.sra.ebi.ac.uk/vol1/srr/SRR251/072/SRR25158272/SRR25158272.lite	
SRR25158280	PRJNA983538	SAMN35729517	SRX20906707	410658	soil metagenome	ftp.sra.ebi.ac.uk/vol1/fastq/SRR251/080/SRR25158280/SRR25158280_1.fastq.gz;ftp.sra.ebi.ac.uk/vol1/fastq/SRR251/080/SRR25158280/SRR25158280_2.fastq.gz		ftp.sra.ebi.ac.uk/vol1/srr/SRR251/080/SRR25158280/SRR25158280.lite	
SRR25158283	PRJNA983538	SAMN35729514	SRX20906704	410658	soil metagenome	ftp.sra.ebi.ac.uk/vol1/fastq/SRR251/083/SRR25158283/SRR25158283_1.fastq.gz;ftp.sra.ebi.ac.uk/vol1/fastq/SRR251/083/SRR25158283/SRR25158283_2.fastq.gz		ftp.sra.ebi.ac.uk/vol1/srr/SRR251/083/SRR25158283/SRR25158283.lite	
SRR25158285	PRJNA983538	SAMN35729513	SRX20906702	410658	soil metagenome	ftp.sra.ebi.ac.uk/vol1/fastq/SRR251/085/SRR25158285/SRR25158285_1.fastq.gz;ftp.sra.ebi.ac.uk/vol1/fastq/SRR251/085/SRR25158285/SRR25158285_2.fastq.gz		ftp.sra.ebi.ac.uk/vol1/srr/SRR251/085/SRR25158285/SRR25158285.lite	
SRR25158291	PRJNA983538	SAMN35729461	SRX20906696	410658	soil metagenome	ftp.sra.ebi.ac.uk/vol1/fastq/SRR251/091/SRR25158291/SRR25158291_1.fastq.gz;ftp.sra.ebi.ac.uk/vol1/fastq/SRR251/091/SRR25158291/SRR25158291_2.fastq.gz		ftp.sra.ebi.ac.uk/vol1/srr/SRR251/091/SRR25158291/SRR25158291.lite	
SRR25158292	PRJNA983538	SAMN35729460	SRX20906695	410658	soil metagenome	ftp.sra.ebi.ac.uk/vol1/fastq/SRR251/092/SRR25158292/SRR25158292_1.fastq.gz;ftp.sra.ebi.ac.uk/vol1/fastq/SRR251/092/SRR25158292/SRR25158292_2.fastq.gz		ftp.sra.ebi.ac.uk/vol1/srr/SRR251/092/SRR25158292/SRR25158292.lite	
SRR25158302	PRJNA983538	SAMN35729451	SRX20906685	410658	soil metagenome	ftp.sra.ebi.ac.uk/vol1/fastq/SRR251/002/SRR25158302/SRR25158302_1.fastq.gz;ftp.sra.ebi.ac.uk/vol1/fastq/SRR251/002/SRR25158302/SRR25158302_2.fastq.gz		ftp.sra.ebi.ac.uk/vol1/srr/SRR251/002/SRR25158302/SRR25158302.lite	
SRR25158304	PRJNA983538	SAMN35729472	SRX20906683	410658	soil metagenome	ftp.sra.ebi.ac.uk/vol1/fastq/SRR251/004/SRR25158304/SRR25158304_1.fastq.gz;ftp.sra.ebi.ac.uk/vol1/fastq/SRR251/004/SRR25158304/SRR25158304_2.fastq.gz		ftp.sra.ebi.ac.uk/vol1/srr/SRR251/004/SRR25158304/SRR25158304.lite	
SRR25158305	PRJNA983538	SAMN35729471	SRX20906682	410658	soil metagenome	ftp.sra.ebi.ac.uk/vol1/fastq/SRR251/005/SRR25158305/SRR25158305_1.fastq.gz;ftp.sra.ebi.ac.uk/vol1/fastq/SRR251/005/SRR25158305/SRR25158305_2.fastq.gz		ftp.sra.ebi.ac.uk/vol1/srr/SRR251/005/SRR25158305/SRR25158305.lite	
SRR25158306	PRJNA983538	SAMN35729581	SRX20906681	410658	soil metagenome	ftp.sra.ebi.ac.uk/vol1/fastq/SRR251/006/SRR25158306/SRR25158306_1.fastq.gz;ftp.sra.ebi.ac.uk/vol1/fastq/SRR251/006/SRR25158306/SRR25158306_2.fastq.gz		ftp.sra.ebi.ac.uk/vol1/srr/SRR251/006/SRR25158306/SRR25158306.lite	
SRR25158309	PRJNA983538	SAMN35729468	SRX20906678	410658	soil metagenome	ftp.sra.ebi.ac.uk/vol1/fastq/SRR251/009/SRR25158309/SRR25158309_1.fastq.gz;ftp.sra.ebi.ac.uk/vol1/fastq/SRR251/009/SRR25158309/SRR25158309_2.fastq.gz		ftp.sra.ebi.ac.uk/vol1/srr/SRR251/009/SRR25158309/SRR25158309.lite	
SRR25158311	PRJNA983538	SAMN35729466	SRX20906676	410658	soil metagenome	ftp.sra.ebi.ac.uk/vol1/fastq/SRR251/011/SRR25158311/SRR25158311_1.fastq.gz;ftp.sra.ebi.ac.uk/vol1/fastq/SRR251/011/SRR25158311/SRR25158311_2.fastq.gz		ftp.sra.ebi.ac.uk/vol1/srr/SRR251/011/SRR25158311/SRR25158311.lite	
SRR25158316	PRJNA983538	SAMN35729427	SRX20906671	410658	soil metagenome	ftp.sra.ebi.ac.uk/vol1/fastq/SRR251/016/SRR25158316/SRR25158316_1.fastq.gz;ftp.sra.ebi.ac.uk/vol1/fastq/SRR251/016/SRR25158316/SRR25158316_2.fastq.gz		ftp.sra.ebi.ac.uk/vol1/srr/SRR251/016/SRR25158316/SRR25158316.lite	
SRR25158317	PRJNA983538	SAMN35729580	SRX20906670	410658	soil metagenome	ftp.sra.ebi.ac.uk/vol1/fastq/SRR251/017/SRR25158317/SRR25158317_1.fastq.gz;ftp.sra.ebi.ac.uk/vol1/fastq/SRR251/017/SRR25158317/SRR25158317_2.fastq.gz		ftp.sra.ebi.ac.uk/vol1/srr/SRR251/017/SRR25158317/SRR25158317.lite	
SRR25158319	PRJNA983538	SAMN35729425	SRX20906668	410658	soil metagenome	ftp.sra.ebi.ac.uk/vol1/fastq/SRR251/019/SRR25158319/SRR25158319_1.fastq.gz;ftp.sra.ebi.ac.uk/vol1/fastq/SRR251/019/SRR25158319/SRR25158319_2.fastq.gz		ftp.sra.ebi.ac.uk/vol1/srr/SRR251/019/SRR25158319/SRR25158319.lite	
SRR25158321	PRJNA983538	SAMN35729423	SRX20906666	410658	soil metagenome	ftp.sra.ebi.ac.uk/vol1/fastq/SRR251/021/SRR25158321/SRR25158321_1.fastq.gz;ftp.sra.ebi.ac.uk/vol1/fastq/SRR251/021/SRR25158321/SRR25158321_2.fastq.gz		ftp.sra.ebi.ac.uk/vol1/srr/SRR251/021/SRR25158321/SRR25158321.lite	
SRR25158322	PRJNA983538	SAMN35729422	SRX20906665	410658	soil metagenome	ftp.sra.ebi.ac.uk/vol1/fastq/SRR251/022/SRR25158322/SRR25158322_1.fastq.gz;ftp.sra.ebi.ac.uk/vol1/fastq/SRR251/022/SRR25158322/SRR25158322_2.fastq.gz		ftp.sra.ebi.ac.uk/vol1/srr/SRR251/022/SRR25158322/SRR25158322.lite	
SRR25158325	PRJNA983538	SAMN35729419	SRX20906662	410658	soil metagenome	ftp.sra.ebi.ac.uk/vol1/fastq/SRR251/025/SRR25158325/SRR25158325_1.fastq.gz;ftp.sra.ebi.ac.uk/vol1/fastq/SRR251/025/SRR25158325/SRR25158325_2.fastq.gz		ftp.sra.ebi.ac.uk/vol1/srr/SRR251/025/SRR25158325/SRR25158325.lite	
SRR25158327	PRJNA983538	SAMN35729417	SRX20906660	410658	soil metagenome	ftp.sra.ebi.ac.uk/vol1/fastq/SRR251/027/SRR25158327/SRR25158327_1.fastq.gz;ftp.sra.ebi.ac.uk/vol1/fastq/SRR251/027/SRR25158327/SRR25158327_2.fastq.gz		ftp.sra.ebi.ac.uk/vol1/srr/SRR251/027/SRR25158327/SRR25158327.lite	
SRR25158328	PRJNA983538	SAMN35729579	SRX20906659	410658	soil metagenome	ftp.sra.ebi.ac.uk/vol1/fastq/SRR251/028/SRR25158328/SRR25158328_1.fastq.gz;ftp.sra.ebi.ac.uk/vol1/fastq/SRR251/028/SRR25158328/SRR25158328_2.fastq.gz		ftp.sra.ebi.ac.uk/vol1/srr/SRR251/028/SRR25158328/SRR25158328.lite	
SRR25158335	PRJNA983538	SAMN35729410	SRX20906652	410658	soil metagenome	ftp.sra.ebi.ac.uk/vol1/fastq/SRR251/035/SRR25158335/SRR25158335_1.fastq.gz;ftp.sra.ebi.ac.uk/vol1/fastq/SRR251/035/SRR25158335/SRR25158335_2.fastq.gz		ftp.sra.ebi.ac.uk/vol1/srr/SRR251/035/SRR25158335/SRR25158335.lite	
SRR25158337	PRJNA983538	SAMN35729504	SRX20906650	410658	soil metagenome	ftp.sra.ebi.ac.uk/vol1/fastq/SRR251/037/SRR25158337/SRR25158337_1.fastq.gz;ftp.sra.ebi.ac.uk/vol1/fastq/SRR251/037/SRR25158337/SRR25158337_2.fastq.gz		ftp.sra.ebi.ac.uk/vol1/srr/SRR251/037/SRR25158337/SRR25158337.lite	
SRR25158341	PRJNA983538	SAMN35729500	SRX20906646	410658	soil metagenome	ftp.sra.ebi.ac.uk/vol1/fastq/SRR251/041/SRR25158341/SRR25158341_1.fastq.gz;ftp.sra.ebi.ac.uk/vol1/fastq/SRR251/041/SRR25158341/SRR25158341_2.fastq.gz		ftp.sra.ebi.ac.uk/vol1/srr/SRR251/041/SRR25158341/SRR25158341.lite	
SRR25158343	PRJNA983538	SAMN35729498	SRX20906644	410658	soil metagenome	ftp.sra.ebi.ac.uk/vol1/fastq/SRR251/043/SRR25158343/SRR25158343_1.fastq.gz;ftp.sra.ebi.ac.uk/vol1/fastq/SRR251/043/SRR25158343/SRR25158343_2.fastq.gz		ftp.sra.ebi.ac.uk/vol1/srr/SRR251/043/SRR25158343/SRR25158343.lite	
SRR25158344	PRJNA983538	SAMN35729497	SRX20906643	410658	soil metagenome	ftp.sra.ebi.ac.uk/vol1/fastq/SRR251/044/SRR25158344/SRR25158344_1.fastq.gz;ftp.sra.ebi.ac.uk/vol1/fastq/SRR251/044/SRR25158344/SRR25158344_2.fastq.gz		ftp.sra.ebi.ac.uk/vol1/srr/SRR251/044/SRR25158344/SRR25158344.lite	
SRR25158346	PRJNA983538	SAMN35729496	SRX20906641	410658	soil metagenome	ftp.sra.ebi.ac.uk/vol1/fastq/SRR251/046/SRR25158346/SRR25158346_1.fastq.gz;ftp.sra.ebi.ac.uk/vol1/fastq/SRR251/046/SRR25158346/SRR25158346_2.fastq.gz		ftp.sra.ebi.ac.uk/vol1/srr/SRR251/046/SRR25158346/SRR25158346.lite	
SRR25158347	PRJNA983538	SAMN35729495	SRX20906640	410658	soil metagenome	ftp.sra.ebi.ac.uk/vol1/fastq/SRR251/047/SRR25158347/SRR25158347_1.fastq.gz;ftp.sra.ebi.ac.uk/vol1/fastq/SRR251/047/SRR25158347/SRR25158347_2.fastq.gz		ftp.sra.ebi.ac.uk/vol1/srr/SRR251/047/SRR25158347/SRR25158347.lite	
SRR25158348	PRJNA983538	SAMN35729494	SRX20906639	410658	soil metagenome	ftp.sra.ebi.ac.uk/vol1/fastq/SRR251/048/SRR25158348/SRR25158348_1.fastq.gz;ftp.sra.ebi.ac.uk/vol1/fastq/SRR251/048/SRR25158348/SRR25158348_2.fastq.gz		ftp.sra.ebi.ac.uk/vol1/srr/SRR251/048/SRR25158348/SRR25158348.lite	
SRR25158355	PRJNA983538	SAMN35729487	SRX20906632	410658	soil metagenome	ftp.sra.ebi.ac.uk/vol1/fastq/SRR251/055/SRR25158355/SRR25158355_1.fastq.gz;ftp.sra.ebi.ac.uk/vol1/fastq/SRR251/055/SRR25158355/SRR25158355_2.fastq.gz		ftp.sra.ebi.ac.uk/vol1/srr/SRR251/055/SRR25158355/SRR25158355.lite	
SRR25158357	PRJNA983538	SAMN35729486	SRX20906630	410658	soil metagenome	ftp.sra.ebi.ac.uk/vol1/fastq/SRR251/057/SRR25158357/SRR25158357_1.fastq.gz;ftp.sra.ebi.ac.uk/vol1/fastq/SRR251/057/SRR25158357/SRR25158357_2.fastq.gz		ftp.sra.ebi.ac.uk/vol1/srr/SRR251/057/SRR25158357/SRR25158357.lite	
SRR25158362	PRJNA983538	SAMN35729558	SRX20906625	410658	soil metagenome	ftp.sra.ebi.ac.uk/vol1/fastq/SRR251/062/SRR25158362/SRR25158362_1.fastq.gz;ftp.sra.ebi.ac.uk/vol1/fastq/SRR251/062/SRR25158362/SRR25158362_2.fastq.gz		ftp.sra.ebi.ac.uk/vol1/srr/SRR251/062/SRR25158362/SRR25158362.lite	
SRR25158365	PRJNA983538	SAMN35729555	SRX20906622	410658	soil metagenome	ftp.sra.ebi.ac.uk/vol1/fastq/SRR251/065/SRR25158365/SRR25158365_1.fastq.gz;ftp.sra.ebi.ac.uk/vol1/fastq/SRR251/065/SRR25158365/SRR25158365_2.fastq.gz		ftp.sra.ebi.ac.uk/vol1/srr/SRR251/065/SRR25158365/SRR25158365.lite	
SRR25158369	PRJNA983538	SAMN35729711	SRX20906618	410658	soil metagenome	ftp.sra.ebi.ac.uk/vol1/fastq/SRR251/069/SRR25158369/SRR25158369_1.fastq.gz;ftp.sra.ebi.ac.uk/vol1/fastq/SRR251/069/SRR25158369/SRR25158369_2.fastq.gz		ftp.sra.ebi.ac.uk/vol1/srr/SRR251/069/SRR25158369/SRR25158369.lite	
SRR25158370	PRJNA983538	SAMN35729710	SRX20906617	410658	soil metagenome	ftp.sra.ebi.ac.uk/vol1/fastq/SRR251/070/SRR25158370/SRR25158370_1.fastq.gz;ftp.sra.ebi.ac.uk/vol1/fastq/SRR251/070/SRR25158370/SRR25158370_2.fastq.gz		ftp.sra.ebi.ac.uk/vol1/srr/SRR251/070/SRR25158370/SRR25158370.lite	
SRR25158373	PRJNA983538	SAMN35729707	SRX20906614	410658	soil metagenome	ftp.sra.ebi.ac.uk/vol1/fastq/SRR251/073/SRR25158373/SRR25158373_1.fastq.gz;ftp.sra.ebi.ac.uk/vol1/fastq/SRR251/073/SRR25158373/SRR25158373_2.fastq.gz		ftp.sra.ebi.ac.uk/vol1/srr/SRR251/073/SRR25158373/SRR25158373.lite	
SRR25158375	PRJNA983538	SAMN35729706	SRX20906612	410658	soil metagenome	ftp.sra.ebi.ac.uk/vol1/fastq/SRR251/075/SRR25158375/SRR25158375_1.fastq.gz;ftp.sra.ebi.ac.uk/vol1/fastq/SRR251/075/SRR25158375/SRR25158375_2.fastq.gz		ftp.sra.ebi.ac.uk/vol1/srr/SRR251/075/SRR25158375/SRR25158375.lite	
SRR25158376	PRJNA983538	SAMN35729705	SRX20906611	410658	soil metagenome	ftp.sra.ebi.ac.uk/vol1/fastq/SRR251/076/SRR25158376/SRR25158376_1.fastq.gz;ftp.sra.ebi.ac.uk/vol1/fastq/SRR251/076/SRR25158376/SRR25158376_2.fastq.gz		ftp.sra.ebi.ac.uk/vol1/srr/SRR251/076/SRR25158376/SRR25158376.lite	
SRR25158377	PRJNA983538	SAMN35729704	SRX20906610	410658	soil metagenome	ftp.sra.ebi.ac.uk/vol1/fastq/SRR251/077/SRR25158377/SRR25158377_1.fastq.gz;ftp.sra.ebi.ac.uk/vol1/fastq/SRR251/077/SRR25158377/SRR25158377_2.fastq.gz		ftp.sra.ebi.ac.uk/vol1/srr/SRR251/077/SRR25158377/SRR25158377.lite	
SRR25158379	PRJNA983538	SAMN35729702	SRX20906608	410658	soil metagenome	ftp.sra.ebi.ac.uk/vol1/fastq/SRR251/079/SRR25158379/SRR25158379_1.fastq.gz;ftp.sra.ebi.ac.uk/vol1/fastq/SRR251/079/SRR25158379/SRR25158379_2.fastq.gz		ftp.sra.ebi.ac.uk/vol1/srr/SRR251/079/SRR25158379/SRR25158379.lite	
SRR25158380	PRJNA983538	SAMN35729701	SRX20906607	410658	soil metagenome	ftp.sra.ebi.ac.uk/vol1/fastq/SRR251/080/SRR25158380/SRR25158380_1.fastq.gz;ftp.sra.ebi.ac.uk/vol1/fastq/SRR251/080/SRR25158380/SRR25158380_2.fastq.gz		ftp.sra.ebi.ac.uk/vol1/srr/SRR251/080/SRR25158380/SRR25158380.lite	
SRR25158382	PRJNA983538	SAMN35729699	SRX20906605	410658	soil metagenome	ftp.sra.ebi.ac.uk/vol1/fastq/SRR251/082/SRR25158382/SRR25158382_1.fastq.gz;ftp.sra.ebi.ac.uk/vol1/fastq/SRR251/082/SRR25158382/SRR25158382_2.fastq.gz		ftp.sra.ebi.ac.uk/vol1/srr/SRR251/082/SRR25158382/SRR25158382.lite	
SRR25158383	PRJNA983538	SAMN35729698	SRX20906604	410658	soil metagenome	ftp.sra.ebi.ac.uk/vol1/fastq/SRR251/083/SRR25158383/SRR25158383_1.fastq.gz;ftp.sra.ebi.ac.uk/vol1/fastq/SRR251/083/SRR25158383/SRR25158383_2.fastq.gz		ftp.sra.ebi.ac.uk/vol1/srr/SRR251/083/SRR25158383/SRR25158383.lite	
SRR25158385	PRJNA983538	SAMN35729571	SRX20906602	410658	soil metagenome	ftp.sra.ebi.ac.uk/vol1/fastq/SRR251/085/SRR25158385/SRR25158385_1.fastq.gz;ftp.sra.ebi.ac.uk/vol1/fastq/SRR251/085/SRR25158385/SRR25158385_2.fastq.gz		ftp.sra.ebi.ac.uk/vol1/srr/SRR251/085/SRR25158385/SRR25158385.lite	
SRR25158387	PRJNA983538	SAMN35729695	SRX20906600	410658	soil metagenome	ftp.sra.ebi.ac.uk/vol1/fastq/SRR251/087/SRR25158387/SRR25158387_1.fastq.gz;ftp.sra.ebi.ac.uk/vol1/fastq/SRR251/087/SRR25158387/SRR25158387_2.fastq.gz		ftp.sra.ebi.ac.uk/vol1/srr/SRR251/087/SRR25158387/SRR25158387.lite	
SRR25158390	PRJNA983538	SAMN35729692	SRX20906597	410658	soil metagenome	ftp.sra.ebi.ac.uk/vol1/fastq/SRR251/090/SRR25158390/SRR25158390_1.fastq.gz;ftp.sra.ebi.ac.uk/vol1/fastq/SRR251/090/SRR25158390/SRR25158390_2.fastq.gz		ftp.sra.ebi.ac.uk/vol1/srr/SRR251/090/SRR25158390/SRR25158390.lite	
SRR25158391	PRJNA983538	SAMN35729691	SRX20906596	410658	soil metagenome	ftp.sra.ebi.ac.uk/vol1/fastq/SRR251/091/SRR25158391/SRR25158391_1.fastq.gz;ftp.sra.ebi.ac.uk/vol1/fastq/SRR251/091/SRR25158391/SRR25158391_2.fastq.gz		ftp.sra.ebi.ac.uk/vol1/srr/SRR251/091/SRR25158391/SRR25158391.lite	
SRR25158393	PRJNA983538	SAMN35729689	SRX20906594	410658	soil metagenome	ftp.sra.ebi.ac.uk/vol1/fastq/SRR251/093/SRR25158393/SRR25158393_1.fastq.gz;ftp.sra.ebi.ac.uk/vol1/fastq/SRR251/093/SRR25158393/SRR25158393_2.fastq.gz		ftp.sra.ebi.ac.uk/vol1/srr/SRR251/093/SRR25158393/SRR25158393.lite	
SRR25158394	PRJNA983538	SAMN35729688	SRX20906593	410658	soil metagenome	ftp.sra.ebi.ac.uk/vol1/fastq/SRR251/094/SRR25158394/SRR25158394_1.fastq.gz;ftp.sra.ebi.ac.uk/vol1/fastq/SRR251/094/SRR25158394/SRR25158394_2.fastq.gz		ftp.sra.ebi.ac.uk/vol1/srr/SRR251/094/SRR25158394/SRR25158394.lite	
SRR25158395	PRJNA983538	SAMN35729687	SRX20906592	410658	soil metagenome	ftp.sra.ebi.ac.uk/vol1/fastq/SRR251/095/SRR25158395/SRR25158395_1.fastq.gz;ftp.sra.ebi.ac.uk/vol1/fastq/SRR251/095/SRR25158395/SRR25158395_2.fastq.gz		ftp.sra.ebi.ac.uk/vol1/srr/SRR251/095/SRR25158395/SRR25158395.lite	
SRR25158396	PRJNA983538	SAMN35729570	SRX20906591	410658	soil metagenome	ftp.sra.ebi.ac.uk/vol1/fastq/SRR251/096/SRR25158396/SRR25158396_1.fastq.gz;ftp.sra.ebi.ac.uk/vol1/fastq/SRR251/096/SRR25158396/SRR25158396_2.fastq.gz		ftp.sra.ebi.ac.uk/vol1/srr/SRR251/096/SRR25158396/SRR25158396.lite	
SRR25158406	PRJNA983538	SAMN35729650	SRX20906581	410658	soil metagenome	ftp.sra.ebi.ac.uk/vol1/fastq/SRR251/006/SRR25158406/SRR25158406_1.fastq.gz;ftp.sra.ebi.ac.uk/vol1/fastq/SRR251/006/SRR25158406/SRR25158406_2.fastq.gz		ftp.sra.ebi.ac.uk/vol1/srr/SRR251/006/SRR25158406/SRR25158406.lite	
SRR25158409	PRJNA983538	SAMN35729647	SRX20906578	410658	soil metagenome	ftp.sra.ebi.ac.uk/vol1/fastq/SRR251/009/SRR25158409/SRR25158409_1.fastq.gz;ftp.sra.ebi.ac.uk/vol1/fastq/SRR251/009/SRR25158409/SRR25158409_2.fastq.gz		ftp.sra.ebi.ac.uk/vol1/srr/SRR251/009/SRR25158409/SRR25158409.lite	
SRR25158413	PRJNA983538	SAMN35729615	SRX20906574	410658	soil metagenome	ftp.sra.ebi.ac.uk/vol1/fastq/SRR251/013/SRR25158413/SRR25158413_1.fastq.gz;ftp.sra.ebi.ac.uk/vol1/fastq/SRR251/013/SRR25158413/SRR25158413_2.fastq.gz		ftp.sra.ebi.ac.uk/vol1/srr/SRR251/013/SRR25158413/SRR25158413.lite	
SRR25158417	PRJNA983538	SAMN35729611	SRX20906570	410658	soil metagenome	ftp.sra.ebi.ac.uk/vol1/fastq/SRR251/017/SRR25158417/SRR25158417_1.fastq.gz;ftp.sra.ebi.ac.uk/vol1/fastq/SRR251/017/SRR25158417/SRR25158417_2.fastq.gz		ftp.sra.ebi.ac.uk/vol1/srr/SRR251/017/SRR25158417/SRR25158417.lite	
SRR25158418	PRJNA983538	SAMN35729610	SRX20906569	410658	soil metagenome	ftp.sra.ebi.ac.uk/vol1/fastq/SRR251/018/SRR25158418/SRR25158418_1.fastq.gz;ftp.sra.ebi.ac.uk/vol1/fastq/SRR251/018/SRR25158418/SRR25158418_2.fastq.gz		ftp.sra.ebi.ac.uk/vol1/srr/SRR251/018/SRR25158418/SRR25158418.lite	
SRR25158426	PRJNA983538	SAMN35729603	SRX20906561	410658	soil metagenome	ftp.sra.ebi.ac.uk/vol1/fastq/SRR251/026/SRR25158426/SRR25158426_1.fastq.gz;ftp.sra.ebi.ac.uk/vol1/fastq/SRR251/026/SRR25158426/SRR25158426_2.fastq.gz		ftp.sra.ebi.ac.uk/vol1/srr/SRR251/026/SRR25158426/SRR25158426.lite	
SRR25158429	PRJNA983538	SAMN35729600	SRX20906558	410658	soil metagenome	ftp.sra.ebi.ac.uk/vol1/fastq/SRR251/029/SRR25158429/SRR25158429_1.fastq.gz;ftp.sra.ebi.ac.uk/vol1/fastq/SRR251/029/SRR25158429/SRR25158429_2.fastq.gz		ftp.sra.ebi.ac.uk/vol1/srr/SRR251/029/SRR25158429/SRR25158429.lite	
SRR25158431	PRJNA983538	SAMN35729598	SRX20906556	410658	soil metagenome	ftp.sra.ebi.ac.uk/vol1/fastq/SRR251/031/SRR25158431/SRR25158431_1.fastq.gz;ftp.sra.ebi.ac.uk/vol1/fastq/SRR251/031/SRR25158431/SRR25158431_2.fastq.gz		ftp.sra.ebi.ac.uk/vol1/srr/SRR251/031/SRR25158431/SRR25158431.lite	
SRR25158432	PRJNA983538	SAMN35729597	SRX20906555	410658	soil metagenome	ftp.sra.ebi.ac.uk/vol1/fastq/SRR251/032/SRR25158432/SRR25158432_1.fastq.gz;ftp.sra.ebi.ac.uk/vol1/fastq/SRR251/032/SRR25158432/SRR25158432_2.fastq.gz		ftp.sra.ebi.ac.uk/vol1/srr/SRR251/032/SRR25158432/SRR25158432.lite	
SRR25158434	PRJNA983538	SAMN35729596	SRX20906553	410658	soil metagenome	ftp.sra.ebi.ac.uk/vol1/fastq/SRR251/034/SRR25158434/SRR25158434_1.fastq.gz;ftp.sra.ebi.ac.uk/vol1/fastq/SRR251/034/SRR25158434/SRR25158434_2.fastq.gz		ftp.sra.ebi.ac.uk/vol1/srr/SRR251/034/SRR25158434/SRR25158434.lite	
SRR25158436	PRJNA983538	SAMN35729594	SRX20906551	410658	soil metagenome	ftp.sra.ebi.ac.uk/vol1/fastq/SRR251/036/SRR25158436/SRR25158436_1.fastq.gz;ftp.sra.ebi.ac.uk/vol1/fastq/SRR251/036/SRR25158436/SRR25158436_2.fastq.gz		ftp.sra.ebi.ac.uk/vol1/srr/SRR251/036/SRR25158436/SRR25158436.lite	
SRR25158438	PRJNA983538	SAMN35729508	SRX20906549	410658	soil metagenome	ftp.sra.ebi.ac.uk/vol1/fastq/SRR251/038/SRR25158438/SRR25158438_1.fastq.gz;ftp.sra.ebi.ac.uk/vol1/fastq/SRR251/038/SRR25158438/SRR25158438_2.fastq.gz		ftp.sra.ebi.ac.uk/vol1/srr/SRR251/038/SRR25158438/SRR25158438.lite	
SRR25158440	PRJNA983538	SAMN35729593	SRX20906547	410658	soil metagenome	ftp.sra.ebi.ac.uk/vol1/fastq/SRR251/040/SRR25158440/SRR25158440_1.fastq.gz;ftp.sra.ebi.ac.uk/vol1/fastq/SRR251/040/SRR25158440/SRR25158440_2.fastq.gz		ftp.sra.ebi.ac.uk/vol1/srr/SRR251/040/SRR25158440/SRR25158440.lite	
SRR25158445	PRJNA983538	SAMN35729578	SRX20906542	410658	soil metagenome	ftp.sra.ebi.ac.uk/vol1/fastq/SRR251/045/SRR25158445/SRR25158445_1.fastq.gz;ftp.sra.ebi.ac.uk/vol1/fastq/SRR251/045/SRR25158445/SRR25158445_2.fastq.gz		ftp.sra.ebi.ac.uk/vol1/srr/SRR251/045/SRR25158445/SRR25158445.lite	
SRR25158446	PRJNA983538	SAMN35729766	SRX20906541	410658	soil metagenome	ftp.sra.ebi.ac.uk/vol1/fastq/SRR251/046/SRR25158446/SRR25158446_1.fastq.gz;ftp.sra.ebi.ac.uk/vol1/fastq/SRR251/046/SRR25158446/SRR25158446_2.fastq.gz		ftp.sra.ebi.ac.uk/vol1/srr/SRR251/046/SRR25158446/SRR25158446.lite	
SRR25158448	PRJNA983538	SAMN35729764	SRX20906539	410658	soil metagenome	ftp.sra.ebi.ac.uk/vol1/fastq/SRR251/048/SRR25158448/SRR25158448_1.fastq.gz;ftp.sra.ebi.ac.uk/vol1/fastq/SRR251/048/SRR25158448/SRR25158448_2.fastq.gz		ftp.sra.ebi.ac.uk/vol1/srr/SRR251/048/SRR25158448/SRR25158448.lite	
SRR25158450	PRJNA983538	SAMN35729762	SRX20906537	410658	soil metagenome	ftp.sra.ebi.ac.uk/vol1/fastq/SRR251/050/SRR25158450/SRR25158450_1.fastq.gz;ftp.sra.ebi.ac.uk/vol1/fastq/SRR251/050/SRR25158450/SRR25158450_2.fastq.gz		ftp.sra.ebi.ac.uk/vol1/srr/SRR251/050/SRR25158450/SRR25158450.lite	
SRR25158458	PRJNA983538	SAMN35729756	SRX20906529	410658	soil metagenome	ftp.sra.ebi.ac.uk/vol1/fastq/SRR251/058/SRR25158458/SRR25158458_1.fastq.gz;ftp.sra.ebi.ac.uk/vol1/fastq/SRR251/058/SRR25158458/SRR25158458_2.fastq.gz		ftp.sra.ebi.ac.uk/vol1/srr/SRR251/058/SRR25158458/SRR25158458.lite	
SRR25158459	PRJNA983538	SAMN35729755	SRX20906528	410658	soil metagenome	ftp.sra.ebi.ac.uk/vol1/fastq/SRR251/059/SRR25158459/SRR25158459_1.fastq.gz;ftp.sra.ebi.ac.uk/vol1/fastq/SRR251/059/SRR25158459/SRR25158459_2.fastq.gz		ftp.sra.ebi.ac.uk/vol1/srr/SRR251/059/SRR25158459/SRR25158459.lite	
SRR25158469	PRJNA983538	SAMN35729746	SRX20906518	410658	soil metagenome	ftp.sra.ebi.ac.uk/vol1/fastq/SRR251/069/SRR25158469/SRR25158469_1.fastq.gz;ftp.sra.ebi.ac.uk/vol1/fastq/SRR251/069/SRR25158469/SRR25158469_2.fastq.gz		ftp.sra.ebi.ac.uk/vol1/srr/SRR251/069/SRR25158469/SRR25158469.lite	
SRR25158470	PRJNA983538	SAMN35729745	SRX20906517	410658	soil metagenome	ftp.sra.ebi.ac.uk/vol1/fastq/SRR251/070/SRR25158470/SRR25158470_1.fastq.gz;ftp.sra.ebi.ac.uk/vol1/fastq/SRR251/070/SRR25158470/SRR25158470_2.fastq.gz		ftp.sra.ebi.ac.uk/vol1/srr/SRR251/070/SRR25158470/SRR25158470.lite	
SRR25158474	PRJNA983538	SAMN35729741	SRX20906513	410658	soil metagenome	ftp.sra.ebi.ac.uk/vol1/fastq/SRR251/074/SRR25158474/SRR25158474_1.fastq.gz;ftp.sra.ebi.ac.uk/vol1/fastq/SRR251/074/SRR25158474/SRR25158474_2.fastq.gz		ftp.sra.ebi.ac.uk/vol1/srr/SRR251/074/SRR25158474/SRR25158474.lite	
SRR25158479	PRJNA983538	SAMN35729575	SRX20906508	410658	soil metagenome	ftp.sra.ebi.ac.uk/vol1/fastq/SRR251/079/SRR25158479/SRR25158479_1.fastq.gz;ftp.sra.ebi.ac.uk/vol1/fastq/SRR251/079/SRR25158479/SRR25158479_2.fastq.gz		ftp.sra.ebi.ac.uk/vol1/srr/SRR251/079/SRR25158479/SRR25158479.lite	
SRR25158481	PRJNA983538	SAMN35729735	SRX20906506	410658	soil metagenome	ftp.sra.ebi.ac.uk/vol1/fastq/SRR251/081/SRR25158481/SRR25158481_1.fastq.gz;ftp.sra.ebi.ac.uk/vol1/fastq/SRR251/081/SRR25158481/SRR25158481_2.fastq.gz		ftp.sra.ebi.ac.uk/vol1/srr/SRR251/081/SRR25158481/SRR25158481.lite	
SRR25158482	PRJNA983538	SAMN35729734	SRX20906505	410658	soil metagenome	ftp.sra.ebi.ac.uk/vol1/fastq/SRR251/082/SRR25158482/SRR25158482_1.fastq.gz;ftp.sra.ebi.ac.uk/vol1/fastq/SRR251/082/SRR25158482/SRR25158482_2.fastq.gz		ftp.sra.ebi.ac.uk/vol1/srr/SRR251/082/SRR25158482/SRR25158482.lite	
SRR25158489	PRJNA983538	SAMN35729727	SRX20906498	410658	soil metagenome	ftp.sra.ebi.ac.uk/vol1/fastq/SRR251/089/SRR25158489/SRR25158489_1.fastq.gz;ftp.sra.ebi.ac.uk/vol1/fastq/SRR251/089/SRR25158489/SRR25158489_2.fastq.gz		ftp.sra.ebi.ac.uk/vol1/srr/SRR251/089/SRR25158489/SRR25158489.lite	
SRR25158493	PRJNA983538	SAMN35729724	SRX20906494	410658	soil metagenome	ftp.sra.ebi.ac.uk/vol1/fastq/SRR251/093/SRR25158493/SRR25158493_1.fastq.gz;ftp.sra.ebi.ac.uk/vol1/fastq/SRR251/093/SRR25158493/SRR25158493_2.fastq.gz		ftp.sra.ebi.ac.uk/vol1/srr/SRR251/093/SRR25158493/SRR25158493.lite	
SRR25158496	PRJNA983538	SAMN35729721	SRX20906491	410658	soil metagenome	ftp.sra.ebi.ac.uk/vol1/fastq/SRR251/096/SRR25158496/SRR25158496_1.fastq.gz;ftp.sra.ebi.ac.uk/vol1/fastq/SRR251/096/SRR25158496/SRR25158496_2.fastq.gz		ftp.sra.ebi.ac.uk/vol1/srr/SRR251/096/SRR25158496/SRR25158496.lite	
SRR25158499	PRJNA983538	SAMN35729718	SRX20906488	410658	soil metagenome	ftp.sra.ebi.ac.uk/vol1/fastq/SRR251/099/SRR25158499/SRR25158499_1.fastq.gz;ftp.sra.ebi.ac.uk/vol1/fastq/SRR251/099/SRR25158499/SRR25158499_2.fastq.gz		ftp.sra.ebi.ac.uk/vol1/srr/SRR251/099/SRR25158499/SRR25158499.lite	
SRR25158503	PRJNA983538	SAMN35729715	SRX20906484	410658	soil metagenome	ftp.sra.ebi.ac.uk/vol1/fastq/SRR251/003/SRR25158503/SRR25158503_1.fastq.gz;ftp.sra.ebi.ac.uk/vol1/fastq/SRR251/003/SRR25158503/SRR25158503_2.fastq.gz		ftp.sra.ebi.ac.uk/vol1/srr/SRR251/003/SRR25158503/SRR25158503.lite	
SRR25158505	PRJNA983538	SAMN35729713	SRX20906482	410658	soil metagenome	ftp.sra.ebi.ac.uk/vol1/fastq/SRR251/005/SRR25158505/SRR25158505_1.fastq.gz;ftp.sra.ebi.ac.uk/vol1/fastq/SRR251/005/SRR25158505/SRR25158505_2.fastq.gz		ftp.sra.ebi.ac.uk/vol1/srr/SRR251/005/SRR25158505/SRR25158505.lite	
SRR25158506	PRJNA983538	SAMN35729683	SRX20906481	410658	soil metagenome	ftp.sra.ebi.ac.uk/vol1/fastq/SRR251/006/SRR25158506/SRR25158506_1.fastq.gz;ftp.sra.ebi.ac.uk/vol1/fastq/SRR251/006/SRR25158506/SRR25158506_2.fastq.gz		ftp.sra.ebi.ac.uk/vol1/srr/SRR251/006/SRR25158506/SRR25158506.lite	
SRR25158507	PRJNA983538	SAMN35729682	SRX20906480	410658	soil metagenome	ftp.sra.ebi.ac.uk/vol1/fastq/SRR251/007/SRR25158507/SRR25158507_1.fastq.gz;ftp.sra.ebi.ac.uk/vol1/fastq/SRR251/007/SRR25158507/SRR25158507_2.fastq.gz		ftp.sra.ebi.ac.uk/vol1/srr/SRR251/007/SRR25158507/SRR25158507.lite	
SRR25158513	PRJNA983538	SAMN35729569	SRX20906474	410658	soil metagenome	ftp.sra.ebi.ac.uk/vol1/fastq/SRR251/013/SRR25158513/SRR25158513_1.fastq.gz;ftp.sra.ebi.ac.uk/vol1/fastq/SRR251/013/SRR25158513/SRR25158513_2.fastq.gz		ftp.sra.ebi.ac.uk/vol1/srr/SRR251/013/SRR25158513/SRR25158513.lite	
SRR25158516	PRJNA983538	SAMN35729674	SRX20906471	410658	soil metagenome	ftp.sra.ebi.ac.uk/vol1/fastq/SRR251/016/SRR25158516/SRR25158516_1.fastq.gz;ftp.sra.ebi.ac.uk/vol1/fastq/SRR251/016/SRR25158516/SRR25158516_2.fastq.gz		ftp.sra.ebi.ac.uk/vol1/srr/SRR251/016/SRR25158516/SRR25158516.lite	
SRR25158517	PRJNA983538	SAMN35729673	SRX20906470	410658	soil metagenome	ftp.sra.ebi.ac.uk/vol1/fastq/SRR251/017/SRR25158517/SRR25158517_1.fastq.gz;ftp.sra.ebi.ac.uk/vol1/fastq/SRR251/017/SRR25158517/SRR25158517_2.fastq.gz		ftp.sra.ebi.ac.uk/vol1/srr/SRR251/017/SRR25158517/SRR25158517.lite	
SRR25158519	PRJNA983538	SAMN35729671	SRX20906468	410658	soil metagenome	ftp.sra.ebi.ac.uk/vol1/fastq/SRR251/019/SRR25158519/SRR25158519_1.fastq.gz;ftp.sra.ebi.ac.uk/vol1/fastq/SRR251/019/SRR25158519/SRR25158519_2.fastq.gz		ftp.sra.ebi.ac.uk/vol1/srr/SRR251/019/SRR25158519/SRR25158519.lite	
SRR25158524	PRJNA983538	SAMN35729568	SRX20906463	410658	soil metagenome	ftp.sra.ebi.ac.uk/vol1/fastq/SRR251/024/SRR25158524/SRR25158524_1.fastq.gz;ftp.sra.ebi.ac.uk/vol1/fastq/SRR251/024/SRR25158524/SRR25158524_2.fastq.gz		ftp.sra.ebi.ac.uk/vol1/srr/SRR251/024/SRR25158524/SRR25158524.lite	
SRR25158525	PRJNA983538	SAMN35729666	SRX20906462	410658	soil metagenome	ftp.sra.ebi.ac.uk/vol1/fastq/SRR251/025/SRR25158525/SRR25158525_1.fastq.gz;ftp.sra.ebi.ac.uk/vol1/fastq/SRR251/025/SRR25158525/SRR25158525_2.fastq.gz		ftp.sra.ebi.ac.uk/vol1/srr/SRR251/025/SRR25158525/SRR25158525.lite	
SRR25158527	PRJNA983538	SAMN35729664	SRX20906460	410658	soil metagenome	ftp.sra.ebi.ac.uk/vol1/fastq/SRR251/027/SRR25158527/SRR25158527_1.fastq.gz;ftp.sra.ebi.ac.uk/vol1/fastq/SRR251/027/SRR25158527/SRR25158527_2.fastq.gz		ftp.sra.ebi.ac.uk/vol1/srr/SRR251/027/SRR25158527/SRR25158527.lite	
SRR25158532	PRJNA983538	SAMN35729659	SRX20906455	410658	soil metagenome	ftp.sra.ebi.ac.uk/vol1/fastq/SRR251/032/SRR25158532/SRR25158532_1.fastq.gz;ftp.sra.ebi.ac.uk/vol1/fastq/SRR251/032/SRR25158532/SRR25158532_2.fastq.gz		ftp.sra.ebi.ac.uk/vol1/srr/SRR251/032/SRR25158532/SRR25158532.lite	
SRR25158177	PRJNA983538	SAMN35729645	SRX20906447	410658	soil metagenome	ftp.sra.ebi.ac.uk/vol1/fastq/SRR251/077/SRR25158177/SRR25158177_1.fastq.gz;ftp.sra.ebi.ac.uk/vol1/fastq/SRR251/077/SRR25158177/SRR25158177_2.fastq.gz		ftp.sra.ebi.ac.uk/vol1/srr/SRR251/077/SRR25158177/SRR25158177.lite	
SRR25158179	PRJNA983538	SAMN35729643	SRX20906445	410658	soil metagenome	ftp.sra.ebi.ac.uk/vol1/fastq/SRR251/079/SRR25158179/SRR25158179_1.fastq.gz;ftp.sra.ebi.ac.uk/vol1/fastq/SRR251/079/SRR25158179/SRR25158179_2.fastq.gz		ftp.sra.ebi.ac.uk/vol1/srr/SRR251/079/SRR25158179/SRR25158179.lite	
SRR25158181	PRJNA983538	SAMN35729641	SRX20906443	410658	soil metagenome	ftp.sra.ebi.ac.uk/vol1/fastq/SRR251/081/SRR25158181/SRR25158181_1.fastq.gz;ftp.sra.ebi.ac.uk/vol1/fastq/SRR251/081/SRR25158181/SRR25158181_2.fastq.gz		ftp.sra.ebi.ac.uk/vol1/srr/SRR251/081/SRR25158181/SRR25158181.lite	
SRR25158182	PRJNA983538	SAMN35729640	SRX20906442	410658	soil metagenome	ftp.sra.ebi.ac.uk/vol1/fastq/SRR251/082/SRR25158182/SRR25158182_1.fastq.gz;ftp.sra.ebi.ac.uk/vol1/fastq/SRR251/082/SRR25158182/SRR25158182_2.fastq.gz		ftp.sra.ebi.ac.uk/vol1/srr/SRR251/082/SRR25158182/SRR25158182.lite	
SRR25158187	PRJNA983538	SAMN35729636	SRX20906437	410658	soil metagenome	ftp.sra.ebi.ac.uk/vol1/fastq/SRR251/087/SRR25158187/SRR25158187_1.fastq.gz;ftp.sra.ebi.ac.uk/vol1/fastq/SRR251/087/SRR25158187/SRR25158187_2.fastq.gz		ftp.sra.ebi.ac.uk/vol1/srr/SRR251/087/SRR25158187/SRR25158187.lite	
SRR25158188	PRJNA983538	SAMN35729635	SRX20906436	410658	soil metagenome	ftp.sra.ebi.ac.uk/vol1/fastq/SRR251/088/SRR25158188/SRR25158188_1.fastq.gz;ftp.sra.ebi.ac.uk/vol1/fastq/SRR251/088/SRR25158188/SRR25158188_2.fastq.gz		ftp.sra.ebi.ac.uk/vol1/srr/SRR251/088/SRR25158188/SRR25158188.lite	
SRR25158189	PRJNA983538	SAMN35729634	SRX20906435	410658	soil metagenome	ftp.sra.ebi.ac.uk/vol1/fastq/SRR251/089/SRR25158189/SRR25158189_1.fastq.gz;ftp.sra.ebi.ac.uk/vol1/fastq/SRR251/089/SRR25158189/SRR25158189_2.fastq.gz		ftp.sra.ebi.ac.uk/vol1/srr/SRR251/089/SRR25158189/SRR25158189.lite	
SRR25158190	PRJNA983538	SAMN35729633	SRX20906434	410658	soil metagenome	ftp.sra.ebi.ac.uk/vol1/fastq/SRR251/090/SRR25158190/SRR25158190_1.fastq.gz;ftp.sra.ebi.ac.uk/vol1/fastq/SRR251/090/SRR25158190/SRR25158190_2.fastq.gz		ftp.sra.ebi.ac.uk/vol1/srr/SRR251/090/SRR25158190/SRR25158190.lite	
SRR25158193	PRJNA983538	SAMN35729630	SRX20906431	410658	soil metagenome	ftp.sra.ebi.ac.uk/vol1/fastq/SRR251/093/SRR25158193/SRR25158193_1.fastq.gz;ftp.sra.ebi.ac.uk/vol1/fastq/SRR251/093/SRR25158193/SRR25158193_2.fastq.gz		ftp.sra.ebi.ac.uk/vol1/srr/SRR251/093/SRR25158193/SRR25158193.lite	
SRR25158196	PRJNA983538	SAMN35729627	SRX20906428	410658	soil metagenome	ftp.sra.ebi.ac.uk/vol1/fastq/SRR251/096/SRR25158196/SRR25158196_1.fastq.gz;ftp.sra.ebi.ac.uk/vol1/fastq/SRR251/096/SRR25158196/SRR25158196_2.fastq.gz		ftp.sra.ebi.ac.uk/vol1/srr/SRR251/096/SRR25158196/SRR25158196.lite	
SRR25158197	PRJNA983538	SAMN35729564	SRX20906427	410658	soil metagenome	ftp.sra.ebi.ac.uk/vol1/fastq/SRR251/097/SRR25158197/SRR25158197_1.fastq.gz;ftp.sra.ebi.ac.uk/vol1/fastq/SRR251/097/SRR25158197/SRR25158197_2.fastq.gz		ftp.sra.ebi.ac.uk/vol1/srr/SRR251/097/SRR25158197/SRR25158197.lite	
SRR25158200	PRJNA983538	SAMN35729624	SRX20906424	410658	soil metagenome	ftp.sra.ebi.ac.uk/vol1/fastq/SRR251/000/SRR25158200/SRR25158200_1.fastq.gz;ftp.sra.ebi.ac.uk/vol1/fastq/SRR251/000/SRR25158200/SRR25158200_2.fastq.gz		ftp.sra.ebi.ac.uk/vol1/srr/SRR251/000/SRR25158200/SRR25158200.lite	
SRR25158201	PRJNA983538	SAMN35729623	SRX20906423	410658	soil metagenome	ftp.sra.ebi.ac.uk/vol1/fastq/SRR251/001/SRR25158201/SRR25158201_1.fastq.gz;ftp.sra.ebi.ac.uk/vol1/fastq/SRR251/001/SRR25158201/SRR25158201_2.fastq.gz		ftp.sra.ebi.ac.uk/vol1/srr/SRR251/001/SRR25158201/SRR25158201.lite	
SRR25158203	PRJNA983538	SAMN35729621	SRX20906784	410658	soil metagenome	ftp.sra.ebi.ac.uk/vol1/fastq/SRR251/003/SRR25158203/SRR25158203_1.fastq.gz;ftp.sra.ebi.ac.uk/vol1/fastq/SRR251/003/SRR25158203/SRR25158203_2.fastq.gz		ftp.sra.ebi.ac.uk/vol1/srr/SRR251/003/SRR25158203/SRR25158203.lite	
SRR25158204	PRJNA983538	SAMN35729620	SRX20906783	410658	soil metagenome	ftp.sra.ebi.ac.uk/vol1/fastq/SRR251/004/SRR25158204/SRR25158204_1.fastq.gz;ftp.sra.ebi.ac.uk/vol1/fastq/SRR251/004/SRR25158204/SRR25158204_2.fastq.gz		ftp.sra.ebi.ac.uk/vol1/srr/SRR251/004/SRR25158204/SRR25158204.lite	
SRR25158207	PRJNA983538	SAMN35729553	SRX20906780	410658	soil metagenome	ftp.sra.ebi.ac.uk/vol1/fastq/SRR251/007/SRR25158207/SRR25158207_1.fastq.gz;ftp.sra.ebi.ac.uk/vol1/fastq/SRR251/007/SRR25158207/SRR25158207_2.fastq.gz		ftp.sra.ebi.ac.uk/vol1/srr/SRR251/007/SRR25158207/SRR25158207.lite	
SRR25158212	PRJNA983538	SAMN35729548	SRX20906775	410658	soil metagenome	ftp.sra.ebi.ac.uk/vol1/fastq/SRR251/012/SRR25158212/SRR25158212_1.fastq.gz;ftp.sra.ebi.ac.uk/vol1/fastq/SRR251/012/SRR25158212/SRR25158212_2.fastq.gz		ftp.sra.ebi.ac.uk/vol1/srr/SRR251/012/SRR25158212/SRR25158212.lite	
SRR25158219	PRJNA983538	SAMN35729542	SRX20906768	410658	soil metagenome	ftp.sra.ebi.ac.uk/vol1/fastq/SRR251/019/SRR25158219/SRR25158219_1.fastq.gz;ftp.sra.ebi.ac.uk/vol1/fastq/SRR251/019/SRR25158219/SRR25158219_2.fastq.gz		ftp.sra.ebi.ac.uk/vol1/srr/SRR251/019/SRR25158219/SRR25158219.lite	
SRR25158223	PRJNA983538	SAMN35729538	SRX20906764	410658	soil metagenome	ftp.sra.ebi.ac.uk/vol1/fastq/SRR251/023/SRR25158223/SRR25158223_1.fastq.gz;ftp.sra.ebi.ac.uk/vol1/fastq/SRR251/023/SRR25158223/SRR25158223_2.fastq.gz		ftp.sra.ebi.ac.uk/vol1/srr/SRR251/023/SRR25158223/SRR25158223.lite	
SRR25158225	PRJNA983538	SAMN35729536	SRX20906762	410658	soil metagenome	ftp.sra.ebi.ac.uk/vol1/fastq/SRR251/025/SRR25158225/SRR25158225_1.fastq.gz;ftp.sra.ebi.ac.uk/vol1/fastq/SRR251/025/SRR25158225/SRR25158225_2.fastq.gz		ftp.sra.ebi.ac.uk/vol1/srr/SRR251/025/SRR25158225/SRR25158225.lite	
SRR25158226	PRJNA983538	SAMN35729535	SRX20906761	410658	soil metagenome	ftp.sra.ebi.ac.uk/vol1/fastq/SRR251/026/SRR25158226/SRR25158226_1.fastq.gz;ftp.sra.ebi.ac.uk/vol1/fastq/SRR251/026/SRR25158226/SRR25158226_2.fastq.gz		ftp.sra.ebi.ac.uk/vol1/srr/SRR251/026/SRR25158226/SRR25158226.lite	
SRR25158227	PRJNA983538	SAMN35729534	SRX20906760	410658	soil metagenome	ftp.sra.ebi.ac.uk/vol1/fastq/SRR251/027/SRR25158227/SRR25158227_1.fastq.gz;ftp.sra.ebi.ac.uk/vol1/fastq/SRR251/027/SRR25158227/SRR25158227_2.fastq.gz		ftp.sra.ebi.ac.uk/vol1/srr/SRR251/027/SRR25158227/SRR25158227.lite	
SRR25158229	PRJNA983538	SAMN35729533	SRX20906758	410658	soil metagenome	ftp.sra.ebi.ac.uk/vol1/fastq/SRR251/029/SRR25158229/SRR25158229_1.fastq.gz;ftp.sra.ebi.ac.uk/vol1/fastq/SRR251/029/SRR25158229/SRR25158229_2.fastq.gz		ftp.sra.ebi.ac.uk/vol1/srr/SRR251/029/SRR25158229/SRR25158229.lite	
SRR25158233	PRJNA983538	SAMN35729529	SRX20906754	410658	soil metagenome	ftp.sra.ebi.ac.uk/vol1/fastq/SRR251/033/SRR25158233/SRR25158233_1.fastq.gz;ftp.sra.ebi.ac.uk/vol1/fastq/SRR251/033/SRR25158233/SRR25158233_2.fastq.gz		ftp.sra.ebi.ac.uk/vol1/srr/SRR251/033/SRR25158233/SRR25158233.lite	
SRR25158238	PRJNA983538	SAMN35729524	SRX20906749	410658	soil metagenome	ftp.sra.ebi.ac.uk/vol1/fastq/SRR251/038/SRR25158238/SRR25158238_1.fastq.gz;ftp.sra.ebi.ac.uk/vol1/fastq/SRR251/038/SRR25158238/SRR25158238_2.fastq.gz		ftp.sra.ebi.ac.uk/vol1/srr/SRR251/038/SRR25158238/SRR25158238.lite	
SRR25158239	PRJNA983538	SAMN35729449	SRX20906748	410658	soil metagenome	ftp.sra.ebi.ac.uk/vol1/fastq/SRR251/039/SRR25158239/SRR25158239_1.fastq.gz;ftp.sra.ebi.ac.uk/vol1/fastq/SRR251/039/SRR25158239/SRR25158239_2.fastq.gz		ftp.sra.ebi.ac.uk/vol1/srr/SRR251/039/SRR25158239/SRR25158239.lite	
SRR25158242	PRJNA983538	SAMN35729447	SRX20906745	410658	soil metagenome	ftp.sra.ebi.ac.uk/vol1/fastq/SRR251/042/SRR25158242/SRR25158242_1.fastq.gz;ftp.sra.ebi.ac.uk/vol1/fastq/SRR251/042/SRR25158242/SRR25158242_2.fastq.gz		ftp.sra.ebi.ac.uk/vol1/srr/SRR251/042/SRR25158242/SRR25158242.lite	
SRR25158244	PRJNA983538	SAMN35729445	SRX20906743	410658	soil metagenome	ftp.sra.ebi.ac.uk/vol1/fastq/SRR251/044/SRR25158244/SRR25158244_1.fastq.gz;ftp.sra.ebi.ac.uk/vol1/fastq/SRR251/044/SRR25158244/SRR25158244_2.fastq.gz		ftp.sra.ebi.ac.uk/vol1/srr/SRR251/044/SRR25158244/SRR25158244.lite	
SRR25158245	PRJNA983538	SAMN35729444	SRX20906742	410658	soil metagenome	ftp.sra.ebi.ac.uk/vol1/fastq/SRR251/045/SRR25158245/SRR25158245_1.fastq.gz;ftp.sra.ebi.ac.uk/vol1/fastq/SRR251/045/SRR25158245/SRR25158245_2.fastq.gz		ftp.sra.ebi.ac.uk/vol1/srr/SRR251/045/SRR25158245/SRR25158245.lite	
SRR25158246	PRJNA983538	SAMN35729443	SRX20906741	410658	soil metagenome	ftp.sra.ebi.ac.uk/vol1/fastq/SRR251/046/SRR25158246/SRR25158246_1.fastq.gz;ftp.sra.ebi.ac.uk/vol1/fastq/SRR251/046/SRR25158246/SRR25158246_2.fastq.gz		ftp.sra.ebi.ac.uk/vol1/srr/SRR251/046/SRR25158246/SRR25158246.lite	
SRR25158249	PRJNA983538	SAMN35729440	SRX20906738	410658	soil metagenome	ftp.sra.ebi.ac.uk/vol1/fastq/SRR251/049/SRR25158249/SRR25158249_1.fastq.gz;ftp.sra.ebi.ac.uk/vol1/fastq/SRR251/049/SRR25158249/SRR25158249_2.fastq.gz		ftp.sra.ebi.ac.uk/vol1/srr/SRR251/049/SRR25158249/SRR25158249.lite	
SRR25158255	PRJNA983538	SAMN35729435	SRX20906732	410658	soil metagenome	ftp.sra.ebi.ac.uk/vol1/fastq/SRR251/055/SRR25158255/SRR25158255_1.fastq.gz;ftp.sra.ebi.ac.uk/vol1/fastq/SRR251/055/SRR25158255/SRR25158255_2.fastq.gz		ftp.sra.ebi.ac.uk/vol1/srr/SRR251/055/SRR25158255/SRR25158255.lite	
SRR25158258	PRJNA983538	SAMN35729432	SRX20906729	410658	soil metagenome	ftp.sra.ebi.ac.uk/vol1/fastq/SRR251/058/SRR25158258/SRR25158258_1.fastq.gz;ftp.sra.ebi.ac.uk/vol1/fastq/SRR251/058/SRR25158258/SRR25158258_2.fastq.gz		ftp.sra.ebi.ac.uk/vol1/srr/SRR251/058/SRR25158258/SRR25158258.lite	
SRR25158260	PRJNA983538	SAMN35729430	SRX20906727	410658	soil metagenome	ftp.sra.ebi.ac.uk/vol1/fastq/SRR251/060/SRR25158260/SRR25158260_1.fastq.gz;ftp.sra.ebi.ac.uk/vol1/fastq/SRR251/060/SRR25158260/SRR25158260_2.fastq.gz		ftp.sra.ebi.ac.uk/vol1/srr/SRR251/060/SRR25158260/SRR25158260.lite	
SRR25158262	PRJNA983538	SAMN35729481	SRX20906725	410658	soil metagenome	ftp.sra.ebi.ac.uk/vol1/fastq/SRR251/062/SRR25158262/SRR25158262_1.fastq.gz;ftp.sra.ebi.ac.uk/vol1/fastq/SRR251/062/SRR25158262/SRR25158262_2.fastq.gz		ftp.sra.ebi.ac.uk/vol1/srr/SRR251/062/SRR25158262/SRR25158262.lite	
SRR25158265	PRJNA983538	SAMN35729479	SRX20906722	410658	soil metagenome	ftp.sra.ebi.ac.uk/vol1/fastq/SRR251/065/SRR25158265/SRR25158265_1.fastq.gz;ftp.sra.ebi.ac.uk/vol1/fastq/SRR251/065/SRR25158265/SRR25158265_2.fastq.gz		ftp.sra.ebi.ac.uk/vol1/srr/SRR251/065/SRR25158265/SRR25158265.lite	
SRR25158266	PRJNA983538	SAMN35729478	SRX20906721	410658	soil metagenome	ftp.sra.ebi.ac.uk/vol1/fastq/SRR251/066/SRR25158266/SRR25158266_1.fastq.gz;ftp.sra.ebi.ac.uk/vol1/fastq/SRR251/066/SRR25158266/SRR25158266_2.fastq.gz		ftp.sra.ebi.ac.uk/vol1/srr/SRR251/066/SRR25158266/SRR25158266.lite	
SRR25158267	PRJNA983538	SAMN35729477	SRX20906720	410658	soil metagenome	ftp.sra.ebi.ac.uk/vol1/fastq/SRR251/067/SRR25158267/SRR25158267_1.fastq.gz;ftp.sra.ebi.ac.uk/vol1/fastq/SRR251/067/SRR25158267/SRR25158267_2.fastq.gz		ftp.sra.ebi.ac.uk/vol1/srr/SRR251/067/SRR25158267/SRR25158267.lite	
SRR25158268	PRJNA983538	SAMN35729476	SRX20906719	410658	soil metagenome	ftp.sra.ebi.ac.uk/vol1/fastq/SRR251/068/SRR25158268/SRR25158268_1.fastq.gz;ftp.sra.ebi.ac.uk/vol1/fastq/SRR251/068/SRR25158268/SRR25158268_2.fastq.gz		ftp.sra.ebi.ac.uk/vol1/srr/SRR251/068/SRR25158268/SRR25158268.lite	
SRR25158271	PRJNA983538	SAMN35729473	SRX20906716	410658	soil metagenome	ftp.sra.ebi.ac.uk/vol1/fastq/SRR251/071/SRR25158271/SRR25158271_1.fastq.gz;ftp.sra.ebi.ac.uk/vol1/fastq/SRR251/071/SRR25158271/SRR25158271_2.fastq.gz		ftp.sra.ebi.ac.uk/vol1/srr/SRR251/071/SRR25158271/SRR25158271.lite	
SRR25158273	PRJNA983538	SAMN35729560	SRX20906714	410658	soil metagenome	ftp.sra.ebi.ac.uk/vol1/fastq/SRR251/073/SRR25158273/SRR25158273_1.fastq.gz;ftp.sra.ebi.ac.uk/vol1/fastq/SRR251/073/SRR25158273/SRR25158273_2.fastq.gz		ftp.sra.ebi.ac.uk/vol1/srr/SRR251/073/SRR25158273/SRR25158273.lite	
SRR25158274	PRJNA983538	SAMN35729523	SRX20906713	410658	soil metagenome	ftp.sra.ebi.ac.uk/vol1/fastq/SRR251/074/SRR25158274/SRR25158274_1.fastq.gz;ftp.sra.ebi.ac.uk/vol1/fastq/SRR251/074/SRR25158274/SRR25158274_2.fastq.gz		ftp.sra.ebi.ac.uk/vol1/srr/SRR251/074/SRR25158274/SRR25158274.lite	
SRR25158276	PRJNA983538	SAMN35729521	SRX20906711	410658	soil metagenome	ftp.sra.ebi.ac.uk/vol1/fastq/SRR251/076/SRR25158276/SRR25158276_1.fastq.gz;ftp.sra.ebi.ac.uk/vol1/fastq/SRR251/076/SRR25158276/SRR25158276_2.fastq.gz		ftp.sra.ebi.ac.uk/vol1/srr/SRR251/076/SRR25158276/SRR25158276.lite	
SRR25158281	PRJNA983538	SAMN35729516	SRX20906706	410658	soil metagenome	ftp.sra.ebi.ac.uk/vol1/fastq/SRR251/081/SRR25158281/SRR25158281_1.fastq.gz;ftp.sra.ebi.ac.uk/vol1/fastq/SRR251/081/SRR25158281/SRR25158281_2.fastq.gz		ftp.sra.ebi.ac.uk/vol1/srr/SRR251/081/SRR25158281/SRR25158281.lite	
SRR25158284	PRJNA983538	SAMN35729586	SRX20906703	410658	soil metagenome	ftp.sra.ebi.ac.uk/vol1/fastq/SRR251/084/SRR25158284/SRR25158284_1.fastq.gz;ftp.sra.ebi.ac.uk/vol1/fastq/SRR251/084/SRR25158284/SRR25158284_2.fastq.gz		ftp.sra.ebi.ac.uk/vol1/srr/SRR251/084/SRR25158284/SRR25158284.lite	
SRR25158286	PRJNA983538	SAMN35729512	SRX20906701	410658	soil metagenome	ftp.sra.ebi.ac.uk/vol1/fastq/SRR251/086/SRR25158286/SRR25158286_1.fastq.gz;ftp.sra.ebi.ac.uk/vol1/fastq/SRR251/086/SRR25158286/SRR25158286_2.fastq.gz		ftp.sra.ebi.ac.uk/vol1/srr/SRR251/086/SRR25158286/SRR25158286.lite	
SRR25158287	PRJNA983538	SAMN35729511	SRX20906700	410658	soil metagenome	ftp.sra.ebi.ac.uk/vol1/fastq/SRR251/087/SRR25158287/SRR25158287_1.fastq.gz;ftp.sra.ebi.ac.uk/vol1/fastq/SRR251/087/SRR25158287/SRR25158287_2.fastq.gz		ftp.sra.ebi.ac.uk/vol1/srr/SRR251/087/SRR25158287/SRR25158287.lite	
SRR25158288	PRJNA983538	SAMN35729510	SRX20906699	410658	soil metagenome	ftp.sra.ebi.ac.uk/vol1/fastq/SRR251/088/SRR25158288/SRR25158288_1.fastq.gz;ftp.sra.ebi.ac.uk/vol1/fastq/SRR251/088/SRR25158288/SRR25158288_2.fastq.gz		ftp.sra.ebi.ac.uk/vol1/srr/SRR251/088/SRR25158288/SRR25158288.lite	
SRR25158289	PRJNA983538	SAMN35729463	SRX20906698	410658	soil metagenome	ftp.sra.ebi.ac.uk/vol1/fastq/SRR251/089/SRR25158289/SRR25158289_1.fastq.gz;ftp.sra.ebi.ac.uk/vol1/fastq/SRR251/089/SRR25158289/SRR25158289_2.fastq.gz		ftp.sra.ebi.ac.uk/vol1/srr/SRR251/089/SRR25158289/SRR25158289.lite	
SRR25158290	PRJNA983538	SAMN35729462	SRX20906697	410658	soil metagenome	ftp.sra.ebi.ac.uk/vol1/fastq/SRR251/090/SRR25158290/SRR25158290_1.fastq.gz;ftp.sra.ebi.ac.uk/vol1/fastq/SRR251/090/SRR25158290/SRR25158290_2.fastq.gz		ftp.sra.ebi.ac.uk/vol1/srr/SRR251/090/SRR25158290/SRR25158290.lite	
SRR25158295	PRJNA983538	SAMN35729585	SRX20906692	410658	soil metagenome	ftp.sra.ebi.ac.uk/vol1/fastq/SRR251/095/SRR25158295/SRR25158295_1.fastq.gz;ftp.sra.ebi.ac.uk/vol1/fastq/SRR251/095/SRR25158295/SRR25158295_2.fastq.gz		ftp.sra.ebi.ac.uk/vol1/srr/SRR251/095/SRR25158295/SRR25158295.lite	
SRR25158296	PRJNA983538	SAMN35729457	SRX20906691	410658	soil metagenome	ftp.sra.ebi.ac.uk/vol1/fastq/SRR251/096/SRR25158296/SRR25158296_1.fastq.gz;ftp.sra.ebi.ac.uk/vol1/fastq/SRR251/096/SRR25158296/SRR25158296_2.fastq.gz		ftp.sra.ebi.ac.uk/vol1/srr/SRR251/096/SRR25158296/SRR25158296.lite	
SRR25158297	PRJNA983538	SAMN35729456	SRX20906690	410658	soil metagenome	ftp.sra.ebi.ac.uk/vol1/fastq/SRR251/097/SRR25158297/SRR25158297_1.fastq.gz;ftp.sra.ebi.ac.uk/vol1/fastq/SRR251/097/SRR25158297/SRR25158297_2.fastq.gz		ftp.sra.ebi.ac.uk/vol1/srr/SRR251/097/SRR25158297/SRR25158297.lite	
SRR25158299	PRJNA983538	SAMN35729454	SRX20906688	410658	soil metagenome	ftp.sra.ebi.ac.uk/vol1/fastq/SRR251/099/SRR25158299/SRR25158299_1.fastq.gz;ftp.sra.ebi.ac.uk/vol1/fastq/SRR251/099/SRR25158299/SRR25158299_2.fastq.gz		ftp.sra.ebi.ac.uk/vol1/srr/SRR251/099/SRR25158299/SRR25158299.lite	
SRR25158300	PRJNA983538	SAMN35729453	SRX20906687	410658	soil metagenome	ftp.sra.ebi.ac.uk/vol1/fastq/SRR251/000/SRR25158300/SRR25158300_1.fastq.gz;ftp.sra.ebi.ac.uk/vol1/fastq/SRR251/000/SRR25158300/SRR25158300_2.fastq.gz		ftp.sra.ebi.ac.uk/vol1/srr/SRR251/000/SRR25158300/SRR25158300.lite	
SRR25158301	PRJNA983538	SAMN35729452	SRX20906686	410658	soil metagenome	ftp.sra.ebi.ac.uk/vol1/fastq/SRR251/001/SRR25158301/SRR25158301_1.fastq.gz;ftp.sra.ebi.ac.uk/vol1/fastq/SRR251/001/SRR25158301/SRR25158301_2.fastq.gz		ftp.sra.ebi.ac.uk/vol1/srr/SRR251/001/SRR25158301/SRR25158301.lite	
SRR25158307	PRJNA983538	SAMN35729470	SRX20906680	410658	soil metagenome	ftp.sra.ebi.ac.uk/vol1/fastq/SRR251/007/SRR25158307/SRR25158307_1.fastq.gz;ftp.sra.ebi.ac.uk/vol1/fastq/SRR251/007/SRR25158307/SRR25158307_2.fastq.gz		ftp.sra.ebi.ac.uk/vol1/srr/SRR251/007/SRR25158307/SRR25158307.lite	
SRR25158310	PRJNA983538	SAMN35729467	SRX20906677	410658	soil metagenome	ftp.sra.ebi.ac.uk/vol1/fastq/SRR251/010/SRR25158310/SRR25158310_1.fastq.gz;ftp.sra.ebi.ac.uk/vol1/fastq/SRR251/010/SRR25158310/SRR25158310_2.fastq.gz		ftp.sra.ebi.ac.uk/vol1/srr/SRR251/010/SRR25158310/SRR25158310.lite	
SRR25158312	PRJNA983538	SAMN35729465	SRX20906675	410658	soil metagenome	ftp.sra.ebi.ac.uk/vol1/fastq/SRR251/012/SRR25158312/SRR25158312_1.fastq.gz;ftp.sra.ebi.ac.uk/vol1/fastq/SRR251/012/SRR25158312/SRR25158312_2.fastq.gz		ftp.sra.ebi.ac.uk/vol1/srr/SRR251/012/SRR25158312/SRR25158312.lite	
SRR25158315	PRJNA983538	SAMN35729428	SRX20906672	410658	soil metagenome	ftp.sra.ebi.ac.uk/vol1/fastq/SRR251/015/SRR25158315/SRR25158315_1.fastq.gz;ftp.sra.ebi.ac.uk/vol1/fastq/SRR251/015/SRR25158315/SRR25158315_2.fastq.gz		ftp.sra.ebi.ac.uk/vol1/srr/SRR251/015/SRR25158315/SRR25158315.lite	
SRR25158326	PRJNA983538	SAMN35729418	SRX20906661	410658	soil metagenome	ftp.sra.ebi.ac.uk/vol1/fastq/SRR251/026/SRR25158326/SRR25158326_1.fastq.gz;ftp.sra.ebi.ac.uk/vol1/fastq/SRR251/026/SRR25158326/SRR25158326_2.fastq.gz		ftp.sra.ebi.ac.uk/vol1/srr/SRR251/026/SRR25158326/SRR25158326.lite	
SRR25158331	PRJNA983538	SAMN35729414	SRX20906656	410658	soil metagenome	ftp.sra.ebi.ac.uk/vol1/fastq/SRR251/031/SRR25158331/SRR25158331_1.fastq.gz;ftp.sra.ebi.ac.uk/vol1/fastq/SRR251/031/SRR25158331/SRR25158331_2.fastq.gz		ftp.sra.ebi.ac.uk/vol1/srr/SRR251/031/SRR25158331/SRR25158331.lite	
SRR25158332	PRJNA983538	SAMN35729413	SRX20906655	410658	soil metagenome	ftp.sra.ebi.ac.uk/vol1/fastq/SRR251/032/SRR25158332/SRR25158332_1.fastq.gz;ftp.sra.ebi.ac.uk/vol1/fastq/SRR251/032/SRR25158332/SRR25158332_2.fastq.gz		ftp.sra.ebi.ac.uk/vol1/srr/SRR251/032/SRR25158332/SRR25158332.lite	
SRR25158336	PRJNA983538	SAMN35729505	SRX20906651	410658	soil metagenome	ftp.sra.ebi.ac.uk/vol1/fastq/SRR251/036/SRR25158336/SRR25158336_1.fastq.gz;ftp.sra.ebi.ac.uk/vol1/fastq/SRR251/036/SRR25158336/SRR25158336_2.fastq.gz		ftp.sra.ebi.ac.uk/vol1/srr/SRR251/036/SRR25158336/SRR25158336.lite	
SRR25158340	PRJNA983538	SAMN35729501	SRX20906647	410658	soil metagenome	ftp.sra.ebi.ac.uk/vol1/fastq/SRR251/040/SRR25158340/SRR25158340_1.fastq.gz;ftp.sra.ebi.ac.uk/vol1/fastq/SRR251/040/SRR25158340/SRR25158340_2.fastq.gz		ftp.sra.ebi.ac.uk/vol1/srr/SRR251/040/SRR25158340/SRR25158340.lite	
SRR25158349	PRJNA983538	SAMN35729493	SRX20906638	410658	soil metagenome	ftp.sra.ebi.ac.uk/vol1/fastq/SRR251/049/SRR25158349/SRR25158349_1.fastq.gz;ftp.sra.ebi.ac.uk/vol1/fastq/SRR251/049/SRR25158349/SRR25158349_2.fastq.gz		ftp.sra.ebi.ac.uk/vol1/srr/SRR251/049/SRR25158349/SRR25158349.lite	
SRR25158350	PRJNA983538	SAMN35729492	SRX20906637	410658	soil metagenome	ftp.sra.ebi.ac.uk/vol1/fastq/SRR251/050/SRR25158350/SRR25158350_1.fastq.gz;ftp.sra.ebi.ac.uk/vol1/fastq/SRR251/050/SRR25158350/SRR25158350_2.fastq.gz		ftp.sra.ebi.ac.uk/vol1/srr/SRR251/050/SRR25158350/SRR25158350.lite	
SRR25158356	PRJNA983538	SAMN35729591	SRX20906631	410658	soil metagenome	ftp.sra.ebi.ac.uk/vol1/fastq/SRR251/056/SRR25158356/SRR25158356_1.fastq.gz;ftp.sra.ebi.ac.uk/vol1/fastq/SRR251/056/SRR25158356/SRR25158356_2.fastq.gz		ftp.sra.ebi.ac.uk/vol1/srr/SRR251/056/SRR25158356/SRR25158356.lite	
SRR25158359	PRJNA983538	SAMN35729484	SRX20906628	410658	soil metagenome	ftp.sra.ebi.ac.uk/vol1/fastq/SRR251/059/SRR25158359/SRR25158359_1.fastq.gz;ftp.sra.ebi.ac.uk/vol1/fastq/SRR251/059/SRR25158359/SRR25158359_2.fastq.gz		ftp.sra.ebi.ac.uk/vol1/srr/SRR251/059/SRR25158359/SRR25158359.lite	
SRR25158361	PRJNA983538	SAMN35729559	SRX20906626	410658	soil metagenome	ftp.sra.ebi.ac.uk/vol1/fastq/SRR251/061/SRR25158361/SRR25158361_1.fastq.gz;ftp.sra.ebi.ac.uk/vol1/fastq/SRR251/061/SRR25158361/SRR25158361_2.fastq.gz		ftp.sra.ebi.ac.uk/vol1/srr/SRR251/061/SRR25158361/SRR25158361.lite	
SRR25158367	PRJNA983538	SAMN35729590	SRX20906620	410658	soil metagenome	ftp.sra.ebi.ac.uk/vol1/fastq/SRR251/067/SRR25158367/SRR25158367_1.fastq.gz;ftp.sra.ebi.ac.uk/vol1/fastq/SRR251/067/SRR25158367/SRR25158367_2.fastq.gz		ftp.sra.ebi.ac.uk/vol1/srr/SRR251/067/SRR25158367/SRR25158367.lite	
SRR25158368	PRJNA983538	SAMN35729712	SRX20906619	410658	soil metagenome	ftp.sra.ebi.ac.uk/vol1/fastq/SRR251/068/SRR25158368/SRR25158368_1.fastq.gz;ftp.sra.ebi.ac.uk/vol1/fastq/SRR251/068/SRR25158368/SRR25158368_2.fastq.gz		ftp.sra.ebi.ac.uk/vol1/srr/SRR251/068/SRR25158368/SRR25158368.lite	
SRR25158372	PRJNA983538	SAMN35729708	SRX20906615	410658	soil metagenome	ftp.sra.ebi.ac.uk/vol1/fastq/SRR251/072/SRR25158372/SRR25158372_1.fastq.gz;ftp.sra.ebi.ac.uk/vol1/fastq/SRR251/072/SRR25158372/SRR25158372_2.fastq.gz		ftp.sra.ebi.ac.uk/vol1/srr/SRR251/072/SRR25158372/SRR25158372.lite	
SRR25158378	PRJNA983538	SAMN35729703	SRX20906609	410658	soil metagenome	ftp.sra.ebi.ac.uk/vol1/fastq/SRR251/078/SRR25158378/SRR25158378_1.fastq.gz;ftp.sra.ebi.ac.uk/vol1/fastq/SRR251/078/SRR25158378/SRR25158378_2.fastq.gz		ftp.sra.ebi.ac.uk/vol1/srr/SRR251/078/SRR25158378/SRR25158378.lite	
SRR25158384	PRJNA983538	SAMN35729697	SRX20906603	410658	soil metagenome	ftp.sra.ebi.ac.uk/vol1/fastq/SRR251/084/SRR25158384/SRR25158384_1.fastq.gz;ftp.sra.ebi.ac.uk/vol1/fastq/SRR251/084/SRR25158384/SRR25158384_2.fastq.gz		ftp.sra.ebi.ac.uk/vol1/srr/SRR251/084/SRR25158384/SRR25158384.lite	
SRR25158386	PRJNA983538	SAMN35729696	SRX20906601	410658	soil metagenome	ftp.sra.ebi.ac.uk/vol1/fastq/SRR251/086/SRR25158386/SRR25158386_1.fastq.gz;ftp.sra.ebi.ac.uk/vol1/fastq/SRR251/086/SRR25158386/SRR25158386_2.fastq.gz		ftp.sra.ebi.ac.uk/vol1/srr/SRR251/086/SRR25158386/SRR25158386.lite	
SRR25158388	PRJNA983538	SAMN35729694	SRX20906599	410658	soil metagenome	ftp.sra.ebi.ac.uk/vol1/fastq/SRR251/088/SRR25158388/SRR25158388_1.fastq.gz;ftp.sra.ebi.ac.uk/vol1/fastq/SRR251/088/SRR25158388/SRR25158388_2.fastq.gz		ftp.sra.ebi.ac.uk/vol1/srr/SRR251/088/SRR25158388/SRR25158388.lite	
SRR25158397	PRJNA983538	SAMN35729686	SRX20906590	410658	soil metagenome	ftp.sra.ebi.ac.uk/vol1/fastq/SRR251/097/SRR25158397/SRR25158397_1.fastq.gz;ftp.sra.ebi.ac.uk/vol1/fastq/SRR251/097/SRR25158397/SRR25158397_2.fastq.gz		ftp.sra.ebi.ac.uk/vol1/srr/SRR251/097/SRR25158397/SRR25158397.lite	
SRR25158398	PRJNA983538	SAMN35729685	SRX20906589	410658	soil metagenome	ftp.sra.ebi.ac.uk/vol1/fastq/SRR251/098/SRR25158398/SRR25158398_1.fastq.gz;ftp.sra.ebi.ac.uk/vol1/fastq/SRR251/098/SRR25158398/SRR25158398_2.fastq.gz		ftp.sra.ebi.ac.uk/vol1/srr/SRR251/098/SRR25158398/SRR25158398.lite	
SRR25158399	PRJNA983538	SAMN35729684	SRX20906588	410658	soil metagenome	ftp.sra.ebi.ac.uk/vol1/fastq/SRR251/099/SRR25158399/SRR25158399_1.fastq.gz;ftp.sra.ebi.ac.uk/vol1/fastq/SRR251/099/SRR25158399/SRR25158399_2.fastq.gz		ftp.sra.ebi.ac.uk/vol1/srr/SRR251/099/SRR25158399/SRR25158399.lite	
SRR25158401	PRJNA983538	SAMN35729655	SRX20906586	410658	soil metagenome	ftp.sra.ebi.ac.uk/vol1/fastq/SRR251/001/SRR25158401/SRR25158401_1.fastq.gz;ftp.sra.ebi.ac.uk/vol1/fastq/SRR251/001/SRR25158401/SRR25158401_2.fastq.gz		ftp.sra.ebi.ac.uk/vol1/srr/SRR251/001/SRR25158401/SRR25158401.lite	
SRR25158403	PRJNA983538	SAMN35729653	SRX20906584	410658	soil metagenome	ftp.sra.ebi.ac.uk/vol1/fastq/SRR251/003/SRR25158403/SRR25158403_1.fastq.gz;ftp.sra.ebi.ac.uk/vol1/fastq/SRR251/003/SRR25158403/SRR25158403_2.fastq.gz		ftp.sra.ebi.ac.uk/vol1/srr/SRR251/003/SRR25158403/SRR25158403.lite	
SRR25158407	PRJNA983538	SAMN35729649	SRX20906580	410658	soil metagenome	ftp.sra.ebi.ac.uk/vol1/fastq/SRR251/007/SRR25158407/SRR25158407_1.fastq.gz;ftp.sra.ebi.ac.uk/vol1/fastq/SRR251/007/SRR25158407/SRR25158407_2.fastq.gz		ftp.sra.ebi.ac.uk/vol1/srr/SRR251/007/SRR25158407/SRR25158407.lite	
SRR25158410	PRJNA983538	SAMN35729617	SRX20906577	410658	soil metagenome	ftp.sra.ebi.ac.uk/vol1/fastq/SRR251/010/SRR25158410/SRR25158410_1.fastq.gz;ftp.sra.ebi.ac.uk/vol1/fastq/SRR251/010/SRR25158410/SRR25158410_2.fastq.gz		ftp.sra.ebi.ac.uk/vol1/srr/SRR251/010/SRR25158410/SRR25158410.lite	
SRR25158411	PRJNA983538	SAMN35729563	SRX20906576	410658	soil metagenome	ftp.sra.ebi.ac.uk/vol1/fastq/SRR251/011/SRR25158411/SRR25158411_1.fastq.gz;ftp.sra.ebi.ac.uk/vol1/fastq/SRR251/011/SRR25158411/SRR25158411_2.fastq.gz		ftp.sra.ebi.ac.uk/vol1/srr/SRR251/011/SRR25158411/SRR25158411.lite	
SRR25158412	PRJNA983538	SAMN35729616	SRX20906575	410658	soil metagenome	ftp.sra.ebi.ac.uk/vol1/fastq/SRR251/012/SRR25158412/SRR25158412_1.fastq.gz;ftp.sra.ebi.ac.uk/vol1/fastq/SRR251/012/SRR25158412/SRR25158412_2.fastq.gz		ftp.sra.ebi.ac.uk/vol1/srr/SRR251/012/SRR25158412/SRR25158412.lite	
SRR25158414	PRJNA983538	SAMN35729614	SRX20906573	410658	soil metagenome	ftp.sra.ebi.ac.uk/vol1/fastq/SRR251/014/SRR25158414/SRR25158414_1.fastq.gz;ftp.sra.ebi.ac.uk/vol1/fastq/SRR251/014/SRR25158414/SRR25158414_2.fastq.gz		ftp.sra.ebi.ac.uk/vol1/srr/SRR251/014/SRR25158414/SRR25158414.lite	
SRR25158415	PRJNA983538	SAMN35729613	SRX20906572	410658	soil metagenome	ftp.sra.ebi.ac.uk/vol1/fastq/SRR251/015/SRR25158415/SRR25158415_1.fastq.gz;ftp.sra.ebi.ac.uk/vol1/fastq/SRR251/015/SRR25158415/SRR25158415_2.fastq.gz		ftp.sra.ebi.ac.uk/vol1/srr/SRR251/015/SRR25158415/SRR25158415.lite	
SRR25158425	PRJNA983538	SAMN35729604	SRX20906562	410658	soil metagenome	ftp.sra.ebi.ac.uk/vol1/fastq/SRR251/025/SRR25158425/SRR25158425_1.fastq.gz;ftp.sra.ebi.ac.uk/vol1/fastq/SRR251/025/SRR25158425/SRR25158425_2.fastq.gz		ftp.sra.ebi.ac.uk/vol1/srr/SRR251/025/SRR25158425/SRR25158425.lite	
SRR25158435	PRJNA983538	SAMN35729595	SRX20906552	410658	soil metagenome	ftp.sra.ebi.ac.uk/vol1/fastq/SRR251/035/SRR25158435/SRR25158435_1.fastq.gz;ftp.sra.ebi.ac.uk/vol1/fastq/SRR251/035/SRR25158435/SRR25158435_2.fastq.gz		ftp.sra.ebi.ac.uk/vol1/srr/SRR251/035/SRR25158435/SRR25158435.lite	
SRR25158442	PRJNA983538	SAMN35729409	SRX20906545	410658	soil metagenome	ftp.sra.ebi.ac.uk/vol1/fastq/SRR251/042/SRR25158442/SRR25158442_1.fastq.gz;ftp.sra.ebi.ac.uk/vol1/fastq/SRR251/042/SRR25158442/SRR25158442_2.fastq.gz		ftp.sra.ebi.ac.uk/vol1/srr/SRR251/042/SRR25158442/SRR25158442.lite	
SRR25158449	PRJNA983538	SAMN35729763	SRX20906538	410658	soil metagenome	ftp.sra.ebi.ac.uk/vol1/fastq/SRR251/049/SRR25158449/SRR25158449_1.fastq.gz;ftp.sra.ebi.ac.uk/vol1/fastq/SRR251/049/SRR25158449/SRR25158449_2.fastq.gz		ftp.sra.ebi.ac.uk/vol1/srr/SRR251/049/SRR25158449/SRR25158449.lite	
SRR25158455	PRJNA983538	SAMN35729757	SRX20906532	410658	soil metagenome	ftp.sra.ebi.ac.uk/vol1/fastq/SRR251/055/SRR25158455/SRR25158455_1.fastq.gz;ftp.sra.ebi.ac.uk/vol1/fastq/SRR251/055/SRR25158455/SRR25158455_2.fastq.gz		ftp.sra.ebi.ac.uk/vol1/srr/SRR251/055/SRR25158455/SRR25158455.lite	
SRR25158457	PRJNA983538	SAMN35729408	SRX20906530	410658	soil metagenome	ftp.sra.ebi.ac.uk/vol1/fastq/SRR251/057/SRR25158457/SRR25158457_1.fastq.gz;ftp.sra.ebi.ac.uk/vol1/fastq/SRR251/057/SRR25158457/SRR25158457_2.fastq.gz		ftp.sra.ebi.ac.uk/vol1/srr/SRR251/057/SRR25158457/SRR25158457.lite	
SRR25158460	PRJNA983538	SAMN35729754	SRX20906527	410658	soil metagenome	ftp.sra.ebi.ac.uk/vol1/fastq/SRR251/060/SRR25158460/SRR25158460_1.fastq.gz;ftp.sra.ebi.ac.uk/vol1/fastq/SRR251/060/SRR25158460/SRR25158460_2.fastq.gz		ftp.sra.ebi.ac.uk/vol1/srr/SRR251/060/SRR25158460/SRR25158460.lite	
SRR25158462	PRJNA983538	SAMN35729752	SRX20906525	410658	soil metagenome	ftp.sra.ebi.ac.uk/vol1/fastq/SRR251/062/SRR25158462/SRR25158462_1.fastq.gz;ftp.sra.ebi.ac.uk/vol1/fastq/SRR251/062/SRR25158462/SRR25158462_2.fastq.gz		ftp.sra.ebi.ac.uk/vol1/srr/SRR251/062/SRR25158462/SRR25158462.lite	
SRR25158465	PRJNA983538	SAMN35729749	SRX20906522	410658	soil metagenome	ftp.sra.ebi.ac.uk/vol1/fastq/SRR251/065/SRR25158465/SRR25158465_1.fastq.gz;ftp.sra.ebi.ac.uk/vol1/fastq/SRR251/065/SRR25158465/SRR25158465_2.fastq.gz		ftp.sra.ebi.ac.uk/vol1/srr/SRR251/065/SRR25158465/SRR25158465.lite	
SRR25158466	PRJNA983538	SAMN35729748	SRX20906521	410658	soil metagenome	ftp.sra.ebi.ac.uk/vol1/fastq/SRR251/066/SRR25158466/SRR25158466_1.fastq.gz;ftp.sra.ebi.ac.uk/vol1/fastq/SRR251/066/SRR25158466/SRR25158466_2.fastq.gz		ftp.sra.ebi.ac.uk/vol1/srr/SRR251/066/SRR25158466/SRR25158466.lite	
SRR25158471	PRJNA983538	SAMN35729744	SRX20906516	410658	soil metagenome	ftp.sra.ebi.ac.uk/vol1/fastq/SRR251/071/SRR25158471/SRR25158471_1.fastq.gz;ftp.sra.ebi.ac.uk/vol1/fastq/SRR251/071/SRR25158471/SRR25158471_2.fastq.gz		ftp.sra.ebi.ac.uk/vol1/srr/SRR251/071/SRR25158471/SRR25158471.lite	
SRR25158472	PRJNA983538	SAMN35729743	SRX20906515	410658	soil metagenome	ftp.sra.ebi.ac.uk/vol1/fastq/SRR251/072/SRR25158472/SRR25158472_1.fastq.gz;ftp.sra.ebi.ac.uk/vol1/fastq/SRR251/072/SRR25158472/SRR25158472_2.fastq.gz		ftp.sra.ebi.ac.uk/vol1/srr/SRR251/072/SRR25158472/SRR25158472.lite	
SRR25158475	PRJNA983538	SAMN35729740	SRX20906512	410658	soil metagenome	ftp.sra.ebi.ac.uk/vol1/fastq/SRR251/075/SRR25158475/SRR25158475_1.fastq.gz;ftp.sra.ebi.ac.uk/vol1/fastq/SRR251/075/SRR25158475/SRR25158475_2.fastq.gz		ftp.sra.ebi.ac.uk/vol1/srr/SRR251/075/SRR25158475/SRR25158475.lite	
SRR25158476	PRJNA983538	SAMN35729739	SRX20906511	410658	soil metagenome	ftp.sra.ebi.ac.uk/vol1/fastq/SRR251/076/SRR25158476/SRR25158476_1.fastq.gz;ftp.sra.ebi.ac.uk/vol1/fastq/SRR251/076/SRR25158476/SRR25158476_2.fastq.gz		ftp.sra.ebi.ac.uk/vol1/srr/SRR251/076/SRR25158476/SRR25158476.lite	
SRR25158477	PRJNA983538	SAMN35729738	SRX20906510	410658	soil metagenome	ftp.sra.ebi.ac.uk/vol1/fastq/SRR251/077/SRR25158477/SRR25158477_1.fastq.gz;ftp.sra.ebi.ac.uk/vol1/fastq/SRR251/077/SRR25158477/SRR25158477_2.fastq.gz		ftp.sra.ebi.ac.uk/vol1/srr/SRR251/077/SRR25158477/SRR25158477.lite	
SRR25158480	PRJNA983538	SAMN35729736	SRX20906507	410658	soil metagenome	ftp.sra.ebi.ac.uk/vol1/fastq/SRR251/080/SRR25158480/SRR25158480_1.fastq.gz;ftp.sra.ebi.ac.uk/vol1/fastq/SRR251/080/SRR25158480/SRR25158480_2.fastq.gz		ftp.sra.ebi.ac.uk/vol1/srr/SRR251/080/SRR25158480/SRR25158480.lite	
SRR25158483	PRJNA983538	SAMN35729733	SRX20906504	410658	soil metagenome	ftp.sra.ebi.ac.uk/vol1/fastq/SRR251/083/SRR25158483/SRR25158483_1.fastq.gz;ftp.sra.ebi.ac.uk/vol1/fastq/SRR251/083/SRR25158483/SRR25158483_2.fastq.gz		ftp.sra.ebi.ac.uk/vol1/srr/SRR251/083/SRR25158483/SRR25158483.lite	
SRR25158484	PRJNA983538	SAMN35729732	SRX20906503	410658	soil metagenome	ftp.sra.ebi.ac.uk/vol1/fastq/SRR251/084/SRR25158484/SRR25158484_1.fastq.gz;ftp.sra.ebi.ac.uk/vol1/fastq/SRR251/084/SRR25158484/SRR25158484_2.fastq.gz		ftp.sra.ebi.ac.uk/vol1/srr/SRR251/084/SRR25158484/SRR25158484.lite	
SRR25158485	PRJNA983538	SAMN35729731	SRX20906502	410658	soil metagenome	ftp.sra.ebi.ac.uk/vol1/fastq/SRR251/085/SRR25158485/SRR25158485_1.fastq.gz;ftp.sra.ebi.ac.uk/vol1/fastq/SRR251/085/SRR25158485/SRR25158485_2.fastq.gz		ftp.sra.ebi.ac.uk/vol1/srr/SRR251/085/SRR25158485/SRR25158485.lite	
SRR25158486	PRJNA983538	SAMN35729730	SRX20906501	410658	soil metagenome	ftp.sra.ebi.ac.uk/vol1/fastq/SRR251/086/SRR25158486/SRR25158486_1.fastq.gz;ftp.sra.ebi.ac.uk/vol1/fastq/SRR251/086/SRR25158486/SRR25158486_2.fastq.gz		ftp.sra.ebi.ac.uk/vol1/srr/SRR251/086/SRR25158486/SRR25158486.lite	
SRR25158488	PRJNA983538	SAMN35729728	SRX20906499	410658	soil metagenome	ftp.sra.ebi.ac.uk/vol1/fastq/SRR251/088/SRR25158488/SRR25158488_1.fastq.gz;ftp.sra.ebi.ac.uk/vol1/fastq/SRR251/088/SRR25158488/SRR25158488_2.fastq.gz		ftp.sra.ebi.ac.uk/vol1/srr/SRR251/088/SRR25158488/SRR25158488.lite	
SRR25158491	PRJNA983538	SAMN35729726	SRX20906496	410658	soil metagenome	ftp.sra.ebi.ac.uk/vol1/fastq/SRR251/091/SRR25158491/SRR25158491_1.fastq.gz;ftp.sra.ebi.ac.uk/vol1/fastq/SRR251/091/SRR25158491/SRR25158491_2.fastq.gz		ftp.sra.ebi.ac.uk/vol1/srr/SRR251/091/SRR25158491/SRR25158491.lite	
SRR25158492	PRJNA983538	SAMN35729725	SRX20906495	410658	soil metagenome	ftp.sra.ebi.ac.uk/vol1/fastq/SRR251/092/SRR25158492/SRR25158492_1.fastq.gz;ftp.sra.ebi.ac.uk/vol1/fastq/SRR251/092/SRR25158492/SRR25158492_2.fastq.gz		ftp.sra.ebi.ac.uk/vol1/srr/SRR251/092/SRR25158492/SRR25158492.lite	
SRR25158498	PRJNA983538	SAMN35729719	SRX20906489	410658	soil metagenome	ftp.sra.ebi.ac.uk/vol1/fastq/SRR251/098/SRR25158498/SRR25158498_1.fastq.gz;ftp.sra.ebi.ac.uk/vol1/fastq/SRR251/098/SRR25158498/SRR25158498_2.fastq.gz		ftp.sra.ebi.ac.uk/vol1/srr/SRR251/098/SRR25158498/SRR25158498.lite	
SRR25158500	PRJNA983538	SAMN35729717	SRX20906487	410658	soil metagenome	ftp.sra.ebi.ac.uk/vol1/fastq/SRR251/000/SRR25158500/SRR25158500_1.fastq.gz;ftp.sra.ebi.ac.uk/vol1/fastq/SRR251/000/SRR25158500/SRR25158500_2.fastq.gz		ftp.sra.ebi.ac.uk/vol1/srr/SRR251/000/SRR25158500/SRR25158500.lite	
SRR25158501	PRJNA983538	SAMN35729573	SRX20906486	410658	soil metagenome	ftp.sra.ebi.ac.uk/vol1/fastq/SRR251/001/SRR25158501/SRR25158501_1.fastq.gz;ftp.sra.ebi.ac.uk/vol1/fastq/SRR251/001/SRR25158501/SRR25158501_2.fastq.gz		ftp.sra.ebi.ac.uk/vol1/srr/SRR251/001/SRR25158501/SRR25158501.lite	
SRR25158502	PRJNA983538	SAMN35729716	SRX20906485	410658	soil metagenome	ftp.sra.ebi.ac.uk/vol1/fastq/SRR251/002/SRR25158502/SRR25158502_1.fastq.gz;ftp.sra.ebi.ac.uk/vol1/fastq/SRR251/002/SRR25158502/SRR25158502_2.fastq.gz		ftp.sra.ebi.ac.uk/vol1/srr/SRR251/002/SRR25158502/SRR25158502.lite	
SRR25158509	PRJNA983538	SAMN35729680	SRX20906478	410658	soil metagenome	ftp.sra.ebi.ac.uk/vol1/fastq/SRR251/009/SRR25158509/SRR25158509_1.fastq.gz;ftp.sra.ebi.ac.uk/vol1/fastq/SRR251/009/SRR25158509/SRR25158509_2.fastq.gz		ftp.sra.ebi.ac.uk/vol1/srr/SRR251/009/SRR25158509/SRR25158509.lite	
SRR25158510	PRJNA983538	SAMN35729679	SRX20906477	410658	soil metagenome	ftp.sra.ebi.ac.uk/vol1/fastq/SRR251/010/SRR25158510/SRR25158510_1.fastq.gz;ftp.sra.ebi.ac.uk/vol1/fastq/SRR251/010/SRR25158510/SRR25158510_2.fastq.gz		ftp.sra.ebi.ac.uk/vol1/srr/SRR251/010/SRR25158510/SRR25158510.lite	
SRR25158511	PRJNA983538	SAMN35729678	SRX20906476	410658	soil metagenome	ftp.sra.ebi.ac.uk/vol1/fastq/SRR251/011/SRR25158511/SRR25158511_1.fastq.gz;ftp.sra.ebi.ac.uk/vol1/fastq/SRR251/011/SRR25158511/SRR25158511_2.fastq.gz		ftp.sra.ebi.ac.uk/vol1/srr/SRR251/011/SRR25158511/SRR25158511.lite	
SRR25158514	PRJNA983538	SAMN35729676	SRX20906473	410658	soil metagenome	ftp.sra.ebi.ac.uk/vol1/fastq/SRR251/014/SRR25158514/SRR25158514_1.fastq.gz;ftp.sra.ebi.ac.uk/vol1/fastq/SRR251/014/SRR25158514/SRR25158514_2.fastq.gz		ftp.sra.ebi.ac.uk/vol1/srr/SRR251/014/SRR25158514/SRR25158514.lite	
SRR25158520	PRJNA983538	SAMN35729670	SRX20906467	410658	soil metagenome	ftp.sra.ebi.ac.uk/vol1/fastq/SRR251/020/SRR25158520/SRR25158520_1.fastq.gz;ftp.sra.ebi.ac.uk/vol1/fastq/SRR251/020/SRR25158520/SRR25158520_2.fastq.gz		ftp.sra.ebi.ac.uk/vol1/srr/SRR251/020/SRR25158520/SRR25158520.lite	
SRR25158522	PRJNA983538	SAMN35729668	SRX20906465	410658	soil metagenome	ftp.sra.ebi.ac.uk/vol1/fastq/SRR251/022/SRR25158522/SRR25158522_1.fastq.gz;ftp.sra.ebi.ac.uk/vol1/fastq/SRR251/022/SRR25158522/SRR25158522_2.fastq.gz		ftp.sra.ebi.ac.uk/vol1/srr/SRR251/022/SRR25158522/SRR25158522.lite	
SRR25158523	PRJNA983538	SAMN35729667	SRX20906464	410658	soil metagenome	ftp.sra.ebi.ac.uk/vol1/fastq/SRR251/023/SRR25158523/SRR25158523_1.fastq.gz;ftp.sra.ebi.ac.uk/vol1/fastq/SRR251/023/SRR25158523/SRR25158523_2.fastq.gz		ftp.sra.ebi.ac.uk/vol1/srr/SRR251/023/SRR25158523/SRR25158523.lite	
SRR25158526	PRJNA983538	SAMN35729665	SRX20906461	410658	soil metagenome	ftp.sra.ebi.ac.uk/vol1/fastq/SRR251/026/SRR25158526/SRR25158526_1.fastq.gz;ftp.sra.ebi.ac.uk/vol1/fastq/SRR251/026/SRR25158526/SRR25158526_2.fastq.gz		ftp.sra.ebi.ac.uk/vol1/srr/SRR251/026/SRR25158526/SRR25158526.lite	
SRR25158531	PRJNA983538	SAMN35729660	SRX20906456	410658	soil metagenome	ftp.sra.ebi.ac.uk/vol1/fastq/SRR251/031/SRR25158531/SRR25158531_1.fastq.gz;ftp.sra.ebi.ac.uk/vol1/fastq/SRR251/031/SRR25158531/SRR25158531_2.fastq.gz		ftp.sra.ebi.ac.uk/vol1/srr/SRR251/031/SRR25158531/SRR25158531.lite	
SRR25158534	PRJNA983538	SAMN35729657	SRX20906453	410658	soil metagenome	ftp.sra.ebi.ac.uk/vol1/fastq/SRR251/034/SRR25158534/SRR25158534_1.fastq.gz;ftp.sra.ebi.ac.uk/vol1/fastq/SRR251/034/SRR25158534/SRR25158534_2.fastq.gz		ftp.sra.ebi.ac.uk/vol1/srr/SRR251/034/SRR25158534/SRR25158534.lite	
SRR25158537	PRJNA983538	SAMN35729406	SRX20906450	410658	soil metagenome	ftp.sra.ebi.ac.uk/vol1/fastq/SRR251/037/SRR25158537/SRR25158537_1.fastq.gz;ftp.sra.ebi.ac.uk/vol1/fastq/SRR251/037/SRR25158537/SRR25158537_2.fastq.gz		ftp.sra.ebi.ac.uk/vol1/srr/SRR251/037/SRR25158537/SRR25158537.lite	
